date,equity_usd,cash_usd,positions_value_usd
2020-02-18,992.007992007992,-1.7053025658242404e-13,992.0079920079921
2020-02-19,988.0077029460265,-1.7053025658242404e-13,988.0077029460267
2020-02-20,985.6917153649895,-1.7053025658242404e-13,985.6917153649897
2020-02-21,971.1730865761544,-1.7053025658242404e-13,971.1730865761547
2020-02-24,936.6614111939753,-1.7053025658242404e-13,936.6614111939754
2020-02-25,905.8488059446945,-1.7053025658242404e-13,905.8488059446946
2020-02-26,901.0811311688465,-1.7053025658242404e-13,901.0811311688466
2020-02-27,868.3667639796486,-1.7053025658242404e-13,868.3667639796487
2020-02-28,865.8031045591827,-1.7053025658242404e-13,865.8031045591828
2020-03-02,903.8594527730768,-1.7053025658242404e-13,903.859452773077
2020-03-03,877.9579105370433,-1.7053025658242404e-13,877.9579105370435
2020-03-04,913.6175168752236,-1.7053025658242404e-13,913.6175168752237
2020-03-05,884.4195618257868,-1.7053025658242404e-13,884.419561825787
2020-03-06,878.6658362986605,-1.7053025658242404e-13,878.6658362986606
2020-03-09,830.9077834176817,-1.7053025658242404e-13,830.9077834176819
2020-03-10,873.4302351283704,-1.7053025658242404e-13,873.4302351283707
2020-03-11,829.6574573803659,-1.7053025658242404e-13,829.6574573803662
2020-03-12,742.9418753920672,-1.7053025658242404e-13,742.9418753920675
2020-03-13,807.1822884849873,-1.7053025658242404e-13,807.1822884849876
2020-03-16,699.3250937724181,-1.7053025658242404e-13,699.3250937724183
2020-03-17,751.1742098583766,-1.7053025658242404e-13,751.1742098583767
2020-03-18,705.574586306428,-1.7053025658242404e-13,705.5745863064283
2020-03-19,696.6173771533213,-1.7053025658242404e-13,696.6173771533214
2020-03-20,666.9523451760426,-1.7053025658242404e-13,666.9523451760427
2020-03-23,668.5016651147457,-1.7053025658242404e-13,668.501665114746
2020-03-24,726.415711239978,-1.7053025658242404e-13,726.4157112399782
2020-03-25,747.0179671063349,-1.7053025658242404e-13,747.017967106335
2020-03-26,787.8089886025277,-1.7053025658242404e-13,787.8089886025278
2020-03-27,748.5216556939874,-1.7053025658242404e-13,748.5216556939876
2020-03-30,775.7980433510986,-1.7053025658242404e-13,775.7980433510988
2020-03-31,757.4047658869879,-1.7053025658242404e-13,757.4047658869881
2020-04-01,720.7309068333193,-1.7053025658242404e-13,720.7309068333195
2020-04-02,728.6220410978401,-1.7053025658242404e-13,728.6220410978402
2020-04-03,721.4667960839661,-1.7053025658242404e-13,721.4667960839663
2020-04-06,794.0254790482286,-1.7053025658242404e-13,794.0254790482288
2020-04-07,804.6489818125456,-1.7053025658242404e-13,804.6489818125458
2020-04-08,815.5476232080364,-1.7053025658242404e-13,815.5476232080366
2020-04-09,820.2732875983306,-1.7053025658242404e-13,820.2732875983309
2020-04-13,821.0310575541985,-1.7053025658242404e-13,821.0310575541987
2020-04-14,850.4603939102471,-1.7053025658242404e-13,850.4603939102473
2020-04-15,837.719858143493,-1.7053025658242404e-13,837.7198581434932
2020-04-16,848.8780675816117,-1.7053025658242404e-13,848.8780675816118
2020-04-17,861.2761046207493,-1.7053025658242404e-13,861.2761046207494
2020-04-20,831.8201398477747,-1.7053025658242404e-13,831.8201398477748
2020-04-21,796.9100894264957,-1.7053025658242404e-13,796.9100894264959
2020-04-22,826.1871044656748,-1.7053025658242404e-13,826.187104465675
2020-04-23,834.2652220603827,-1.7053025658242404e-13,834.2652220603829
2020-04-24,844.901515607567,-1.7053025658242404e-13,844.9015156075673
2020-04-27,852.9916810254574,-1.7053025658242404e-13,852.9916810254576
2020-04-28,855.1766981419573,-1.7053025658242404e-13,855.1766981419574
2020-04-29,879.7311004044702,-1.7053025658242404e-13,879.7311004044705
2020-04-30,860.5414211661259,-1.7053025658242404e-13,860.5414211661262
2020-05-01,843.2478381767469,-1.7053025658242404e-13,843.2478381767471
2020-05-04,844.1078887040644,-1.7053025658242404e-13,844.1078887040646
2020-05-05,853.312409683427,-1.7053025658242404e-13,853.3124096834272
2020-05-06,848.0498537377146,-1.7053025658242404e-13,848.0498537377148
2020-05-07,850.8436508755519,-1.7053025658242404e-13,850.8436508755522
2020-05-08,873.9858602184095,-1.7053025658242404e-13,873.9858602184097
2020-05-11,870.1974373297455,-1.7053025658242404e-13,870.1974373297458
2020-05-12,858.8791988568639,-1.7053025658242404e-13,858.8791988568642
2020-05-13,839.2171431234513,-1.7053025658242404e-13,839.2171431234515
2020-05-14,857.393140671755,-1.7053025658242404e-13,857.3931406717551
2020-05-15,856.7766616994304,-1.7053025658242404e-13,856.7766616994306
2020-05-18,888.3825497484295,-1.7053025658242404e-13,888.3825497484297
2020-05-19,883.5242133749427,-1.7053025658242404e-13,883.524213374943
2020-05-20,894.0667033563016,-1.7053025658242404e-13,894.0667033563017
2020-05-21,885.1634753287688,-1.7053025658242404e-13,885.1634753287689
2020-05-22,887.6935926919341,-1.7053025658242404e-13,887.6935926919343
2020-05-26,907.1887748750476,-1.7053025658242404e-13,907.1887748750478
2020-05-27,919.0217460868134,-1.7053025658242404e-13,919.0217460868136
2020-05-28,907.8244123820773,-1.7053025658242404e-13,907.8244123820775
2020-05-29,913.4321259378241,-1.7053025658242404e-13,913.4321259378244
2020-06-01,917.3113702053251,-1.7053025658242404e-13,917.3113702053254
2020-06-02,918.3746279958425,-1.7053025658242404e-13,918.3746279958427
2020-06-03,935.4733220918117,-1.7053025658242404e-13,935.4733220918118
2020-06-04,932.9149838041178,-1.7053025658242404e-13,932.914983804118
2020-06-05,958.8731999596398,-1.7053025658242404e-13,958.87319995964
2020-06-08,959.0578351153013,-1.7053025658242404e-13,959.0578351153015
2020-06-09,958.0612502382828,-1.7053025658242404e-13,958.061250238283
2020-06-10,951.188144131195,-1.7053025658242404e-13,951.1881441311953
2020-06-11,906.205985340147,-1.7053025658242404e-13,906.2059853401472
2020-06-12,912.0225880016922,-1.7053025658242404e-13,912.0225880016924
2020-06-15,925.1769354968412,-1.7053025658242404e-13,925.1769354968415
2020-06-16,945.3635662168215,-1.7053025658242404e-13,945.3635662168216
2020-06-17,943.5193316764773,-1.7053025658242404e-13,943.5193316764775
2020-06-18,943.3732156011911,-1.7053025658242404e-13,943.3732156011912
2020-06-19,944.9418755284005,-1.7053025658242404e-13,944.9418755284007
2020-06-22,949.0096948227888,-1.7053025658242404e-13,949.0096948227889
2020-06-23,956.5737937189674,-1.7053025658242404e-13,956.5737937189676
2020-06-24,934.2821295268366,-1.7053025658242404e-13,934.2821295268368
2020-06-25,940.3138684063756,-1.7053025658242404e-13,940.3138684063757
2020-06-26,920.5528627464944,-1.7053025658242404e-13,920.5528627464946
2020-06-29,939.4920922504539,-1.7053025658242404e-13,939.4920922504541
2020-06-30,951.8257811653009,-1.7053025658242404e-13,951.825781165301
2020-07-01,954.8542676529999,-1.7053025658242404e-13,954.854267653
2020-07-02,959.7621507298338,-1.7053025658242404e-13,959.7621507298339
2020-07-06,974.2043761717084,-1.7053025658242404e-13,974.2043761717086
2020-07-07,971.3536642886356,-1.7053025658242404e-13,971.3536642886359
2020-07-08,975.7745611428127,-1.7053025658242404e-13,975.7745611428129
2020-07-09,979.1401784156287,-1.7053025658242404e-13,979.140178415629
2020-07-10,990.5893683254892,-1.7053025658242404e-13,990.5893683254893
2020-07-13,982.6528227347308,-1.7053025658242404e-13,982.652822734731
2020-07-14,1000.8016527227326,-1.7053025658242404e-13,1000.8016527227328
2020-07-15,1014.5842277136442,-1.7053025658242404e-13,1014.5842277136443
2020-07-16,1008.4680087349755,-1.7053025658242404e-13,1008.4680087349757
2020-07-17,1011.3720319212473,-1.7053025658242404e-13,1011.3720319212474
2020-07-20,1016.6730380991169,-1.7053025658242404e-13,1016.6730380991171
2020-07-21,1020.3536908022986,-1.7053025658242404e-13,1020.3536908022988
2020-07-22,1026.067753346724,-1.7053025658242404e-13,1026.0677533467242
2020-07-23,1007.7909433727332,-1.7053025658242404e-13,1007.7909433727333
2020-07-24,998.2156432099775,-1.7053025658242404e-13,998.2156432099777
2020-07-27,1012.8673073947714,-1.7053025658242404e-13,1012.8673073947716
2020-07-28,1005.3818683392299,-1.7053025658242404e-13,1005.3818683392301
2020-07-29,1016.3360709674773,-1.7053025658242404e-13,1016.3360709674776
2020-07-30,1028.7709459041023,-1.7053025658242404e-13,1028.7709459041025
2020-07-31,1043.238778825274,-1.7053025658242404e-13,1043.2387788252743
2020-08-03,1046.164600194187,-1.7053025658242404e-13,1046.1646001941872
2020-08-04,1059.9114119125095,-1.7053025658242404e-13,1059.9114119125097
2020-08-05,1058.4617795863799,-1.7053025658242404e-13,1058.46177958638
2020-08-06,1066.1711312568118,-1.7053025658242404e-13,1066.171131256812
2020-08-07,1057.9090562004405,-1.7053025658242404e-13,1057.9090562004408
2020-08-10,1068.4197776007798,-1.7053025658242404e-13,1068.41977760078
2020-08-11,1058.2747950082435,-1.7053025658242404e-13,1058.2747950082437
2020-08-12,1079.4748841779585,-1.7053025658242404e-13,1079.4748841779588
2020-08-13,1076.315360641893,-1.7053025658242404e-13,1076.3153606418932
2020-08-14,1074.8494490033133,-1.7053025658242404e-13,1074.8494490033136
2020-08-17,1081.291123603231,-1.7053025658242404e-13,1081.2911236032312
2020-08-18,1083.0512573521864,-1.7053025658242404e-13,1083.0512573521867
2020-08-19,1076.862335403605,-1.7053025658242404e-13,1076.8623354036051
2020-08-20,1072.8166905789185,-1.7053025658242404e-13,1072.8166905789187
2020-08-21,1085.7840091863693,-1.7053025658242404e-13,1085.7840091863695
2020-08-24,1096.9143161034942,-1.7053025658242404e-13,1096.9143161034945
2020-08-25,1096.2153189292437,-1.7053025658242404e-13,1096.215318929244
2020-08-26,1097.2215864468005,-1.7053025658242404e-13,1097.2215864468008
2020-08-27,1101.3183286099616,-1.7053025658242404e-13,1101.3183286099618
2020-08-28,1114.9928444144718,-1.7053025658242404e-13,1114.992844414472
2020-08-31,1111.96589718051,-1.7053025658242404e-13,1111.9658971805102
2020-09-01,1137.5943245020774,-1.7053025658242404e-13,1137.5943245020776
2020-09-02,1148.0841533383357,-1.7053025658242404e-13,1148.084153338336
2020-09-03,1108.8114777933624,-1.7053025658242404e-13,1108.8114777933627
2020-09-04,1099.6994940997222,-1.7053025658242404e-13,1099.6994940997224
2020-09-08,1060.2310385159192,-1.7053025658242404e-13,1060.2310385159194
2020-09-09,1072.5640304581736,-1.7053025658242404e-13,1072.5640304581739
2020-09-10,1047.8525162831531,-1.7053025658242404e-13,1047.8525162831534
2020-09-11,1043.9657825356662,-1.7053025658242404e-13,1043.9657825356664
2020-09-14,1058.044810985738,-1.7053025658242404e-13,1058.0448109857382
2020-09-15,1065.732980734886,-1.7053025658242404e-13,1065.7329807348863
2020-09-16,1052.5686947665413,-1.7053025658242404e-13,1052.5686947665415
2020-09-17,1046.7899736048014,-1.7053025658242404e-13,1046.7899736048016
2020-09-18,1024.1008977758213,-1.7053025658242404e-13,1024.1008977758215
2020-09-21,1016.4296705217976,-1.7053025658242404e-13,1016.4296705217977
2020-09-22,1027.0125380764073,-1.7053025658242404e-13,1027.0125380764075
2020-09-23,1009.0096035895854,-1.7053025658242404e-13,1009.0096035895855
2020-09-24,1017.812641904479,-1.7053025658242404e-13,1017.8126419044793
2020-09-25,1028.1903052221699,-1.7053025658242404e-13,1028.19030522217
2020-09-28,1050.7359551075451,-1.7053025658242404e-13,1050.7359551075454
2020-09-29,1041.987043892315,-1.7053025658242404e-13,1041.9870438923151
2020-09-30,1047.0187355148862,-1.7053025658242404e-13,1047.0187355148864
2020-10-01,1062.6663155897459,-1.7053025658242404e-13,1062.666315589746
2020-10-02,1048.0800208849396,-1.7053025658242404e-13,1048.0800208849398
2020-10-05,1065.2920623585962,-1.7053025658242404e-13,1065.2920623585965
2020-10-06,1052.283325797938,-1.7053025658242404e-13,1052.2833257979382
2020-10-07,1066.2232976355285,-1.7053025658242404e-13,1066.2232976355288
2020-10-08,1082.052041375962,-1.7053025658242404e-13,1082.0520413759623
2020-10-09,1091.2471078388455,-1.7053025658242404e-13,1091.2471078388457
2020-10-12,1115.5254521036056,-1.7053025658242404e-13,1115.5254521036059
2020-10-13,1109.8216989409543,-1.7053025658242404e-13,1109.8216989409545
2020-10-14,1103.8911481555067,-1.7053025658242404e-13,1103.891148155507
2020-10-15,1105.6472326319356,-1.7053025658242404e-13,1105.6472326319358
2020-10-16,1091.3341649468914,-1.7053025658242404e-13,1091.3341649468916
2020-10-19,1074.5260285297572,-1.7053025658242404e-13,1074.5260285297575
2020-10-20,1084.3619670860862,-1.7053025658242404e-13,1084.3619670860865
2020-10-21,1081.9403358718084,-1.7053025658242404e-13,1081.9403358718087
2020-10-22,1081.6184310042,-1.7053025658242404e-13,1081.6184310042001
2020-10-23,1089.553640401732,-1.7053025658242404e-13,1089.5536404017323
2020-10-26,1071.7229771653913,-1.7053025658242404e-13,1071.7229771653915
2020-10-27,1057.5407781170088,-1.7053025658242404e-13,1057.540778117009
2020-10-28,1026.3316434706992,-1.7053025658242404e-13,1026.3316434706994
2020-10-29,1042.5741525422181,-1.7053025658242404e-13,1042.5741525422184
2020-10-30,1025.5062364196558,-1.7053025658242404e-13,1025.506236419656
2020-11-02,1038.5159854827775,-1.7053025658242404e-13,1038.5159854827778
2020-11-03,1067.633764595075,-1.7053025658242404e-13,1067.6337645950753
2020-11-04,1079.752612242897,-1.7053025658242404e-13,1079.7526122428972
2020-11-05,1106.997580393698,-1.7053025658242404e-13,1106.9975803936982
2020-11-06,1111.599723335593,-1.7053025658242404e-13,1111.5997233355931
2020-11-09,1144.0690650169306,-1.7053025658242404e-13,1144.0690650169308
2020-11-10,1133.7436170053988,-1.7053025658242404e-13,1133.743617005399
2020-11-11,1149.048951118811,-1.7053025658242404e-13,1149.0489511188111
2020-11-12,1137.721817347413,-1.7053025658242404e-13,1137.7218173474132
2020-11-13,1162.5614231337572,-1.7053025658242404e-13,1162.5614231337574
2020-11-16,1182.4111355854716,-1.7053025658242404e-13,1182.4111355854718
2020-11-17,1171.1065799209832,-1.7053025658242404e-13,1171.1065799209834
2020-11-18,1161.6158618855702,-1.7053025658242404e-13,1161.6158618855704
2020-11-19,1167.0439524613773,-1.7053025658242404e-13,1167.0439524613776
2020-11-20,1158.0662198501811,-1.7053025658242404e-13,1158.0662198501814
2020-11-23,1158.5724205229537,-1.7053025658242404e-13,1158.572420522954
2020-11-24,1171.7977125214372,-1.7053025658242404e-13,1171.7977125214375
2020-11-25,1166.3482588234324,-1.7053025658242404e-13,1166.3482588234326
2020-11-27,1168.6847293169892,-1.7053025658242404e-13,1168.6847293169894
2020-11-30,1169.1245698966259,-1.7053025658242404e-13,1169.124569896626
2020-12-01,1195.8657690555597,-1.7053025658242404e-13,1195.86576905556
2020-12-02,1191.8363558931453,-1.7053025658242404e-13,1191.8363558931455
2020-12-03,1198.298604999143,-1.7053025658242404e-13,1198.2986049991432
2020-12-04,1211.7711916128512,-1.7053025658242404e-13,1211.7711916128515
2020-12-07,1213.7407311333056,-1.7053025658242404e-13,1213.7407311333059
2020-12-08,1212.4575008956313,-1.7053025658242404e-13,1212.4575008956315
2020-12-09,1193.8069807443894,-1.7053025658242404e-13,1193.8069807443896
2020-12-10,1190.0643067138556,-1.7053025658242404e-13,1190.0643067138558
2020-12-11,1188.882266095746,-1.7053025658242404e-13,1188.8822660957462
2020-12-14,1177.7326534038784,-1.7053025658242404e-13,1177.7326534038787
2020-12-15,1197.1039694449282,-1.7053025658242404e-13,1197.1039694449285
2020-12-16,1193.7559291225534,-1.7053025658242404e-13,1193.7559291225537
2020-12-17,1194.3477082892343,-1.7053025658242404e-13,1194.3477082892346
2020-12-18,1186.8503727344078,-1.7053025658242404e-13,1186.850372734408
2020-12-21,1186.1573959088814,-1.7053025658242404e-13,1186.1573959088817
2020-12-22,1186.187036590659,-1.7053025658242404e-13,1186.1870365906593
2020-12-23,1186.3932682351904,-1.7053025658242404e-13,1186.3932682351906
2020-12-24,1193.693165217157,-1.7053025658242404e-13,1193.6931652171572
2020-12-28,1202.688742613454,-1.7053025658242404e-13,1202.6887426134542
2020-12-29,1196.0966914762973,-1.7053025658242404e-13,1196.0966914762976
2020-12-30,1200.3804875424146,-1.7053025658242404e-13,1200.3804875424148
2020-12-31,1198.4557542531047,-1.7053025658242404e-13,1198.455754253105
2021-01-04,1188.2103847688097,-1.7053025658242404e-13,1188.21038476881
2021-01-05,1196.9673700490896,-1.7053025658242404e-13,1196.9673700490898
2021-01-06,1204.2988116302772,-1.7053025658242404e-13,1204.2988116302774
2021-01-07,1227.0729339450995,-1.7053025658242404e-13,1227.0729339450997
2021-01-08,1233.289749359367,-1.7053025658242404e-13,1233.2897493593673
2021-01-11,1228.1085962775426,-1.7053025658242404e-13,1228.1085962775428
2021-01-12,1243.1291658993816,-1.7053025658242404e-13,1243.1291658993819
2021-01-13,1234.3476331250222,-1.7053025658242404e-13,1234.3476331250224
2021-01-14,1248.8922524914087,-1.7053025658242404e-13,1248.892252491409
2021-01-15,1233.476339460695,-1.7053025658242404e-13,1233.4763394606953
2021-01-19,1247.889775388566,-1.7053025658242404e-13,1247.8897753885662
2021-01-20,1253.2420753021945,-1.7053025658242404e-13,1253.2420753021947
2021-01-21,1257.3764865976011,-1.7053025658242404e-13,1257.3764865976013
2021-01-22,1252.5946408068603,-1.7053025658242404e-13,1252.5946408068605
2021-01-25,1262.9812431733767,-1.7053025658242404e-13,1262.981243173377
2021-01-26,1254.8561560089634,-1.7053025658242404e-13,1254.8561560089636
2021-01-27,1204.2192909333144,-1.7053025658242404e-13,1204.2192909333146
2021-01-28,1209.8428042417218,-1.7053025658242404e-13,1209.842804241722
2021-01-29,1171.8556626585896,-1.7053025658242404e-13,1171.8556626585898
2021-02-01,1191.9783897024422,-1.7053025658242404e-13,1191.9783897024424
2021-02-02,1212.5411022774645,-1.7053025658242404e-13,1212.5411022774647
2021-02-03,1196.0491589632434,-1.7053025658242404e-13,1196.0491589632436
2021-02-04,1223.6534899072753,-1.7053025658242404e-13,1223.6534899072756
2021-02-05,1225.087926135921,-1.7053025658242404e-13,1225.0879261359212
2021-02-08,1241.9409736662708,-1.7053025658242404e-13,1241.940973666271
2021-02-09,1240.8853981563761,-1.7053025658242404e-13,1240.8853981563764
2021-02-10,1241.1827699305088,-1.7053025658242404e-13,1241.182769930509
2021-02-11,1250.2694876361866,-1.7053025658242404e-13,1250.2694876361868
2021-02-12,1250.925142293657,1250.925142293657,0.0
2021-02-16,1242.6824598338233,5.684341886080802e-14,1242.6824598338233
2021-02-17,1250.3356740645759,5.684341886080802e-14,1250.3356740645759
2021-02-18,1248.9009388961376,5.684341886080802e-14,1248.9009388961376
2021-02-19,1261.366718916119,5.684341886080802e-14,1261.366718916119
2021-02-22,1232.6743239390212,5.684341886080802e-14,1232.6743239390212
2021-02-23,1229.3466815551562,5.684341886080802e-14,1229.3466815551562
2021-02-24,1241.0289277401648,5.684341886080802e-14,1241.0289277401648
2021-02-25,1197.285788433578,5.684341886080802e-14,1197.285788433578
2021-02-26,1202.6434971386366,5.684341886080802e-14,1202.6434971386366
2021-03-01,1228.7234844966638,5.684341886080802e-14,1228.7234844966638
2021-03-02,1214.4012428016918,5.684341886080802e-14,1214.4012428016918
2021-03-03,1215.4227383972102,5.684341886080802e-14,1215.4227383972102
2021-03-04,1197.1587553976378,5.684341886080802e-14,1197.1587553976378
2021-03-05,1220.3410571289114,5.684341886080802e-14,1220.3410571289114
2021-03-08,1224.6706667810076,5.684341886080802e-14,1224.6706667810076
2021-03-09,1236.5245481378195,5.684341886080802e-14,1236.5245481378195
2021-03-10,1248.555880077682,5.684341886080802e-14,1248.555880077682
2021-03-11,1257.628899630484,5.684341886080802e-14,1257.628899630484
2021-03-12,1268.8707395582496,5.684341886080802e-14,1268.8707395582496
2021-03-15,1286.2004054685656,5.684341886080802e-14,1286.2004054685656
2021-03-16,1285.7065263086843,5.684341886080802e-14,1285.7065263086843
2021-03-17,1281.98223459692,5.684341886080802e-14,1281.98223459692
2021-03-18,1265.6799776543949,5.684341886080802e-14,1265.6799776543949
2021-03-19,1277.1039956242018,5.684341886080802e-14,1277.1039956242018
2021-03-22,1297.3736530836086,5.684341886080802e-14,1297.3736530836086
2021-03-23,1281.391434993228,5.684341886080802e-14,1281.391434993228
2021-03-24,1264.4951076370246,5.684341886080802e-14,1264.4951076370246
2021-03-25,1281.1281383254754,5.684341886080802e-14,1281.1281383254754
2021-03-26,1305.4232520826222,5.684341886080802e-14,1305.4232520826222
2021-03-29,1303.5298565093663,5.684341886080802e-14,1303.5298565093663
2021-03-30,1306.4148665896666,5.684341886080802e-14,1306.4148665896666
2021-03-31,1310.2376065366911,5.684341886080802e-14,1310.2376065366911
2021-04-01,1323.4795527997233,5.684341886080802e-14,1323.4795527997233
2021-04-05,1346.4308759014584,5.684341886080802e-14,1346.4308759014584
2021-04-06,1346.0873252138306,5.684341886080802e-14,1346.0873252138306
2021-04-07,1350.0604417676134,5.684341886080802e-14,1350.0604417676134
2021-04-08,1343.9262573134065,5.684341886080802e-14,1343.9262573134065
2021-04-09,1350.786064241995,5.684341886080802e-14,1350.786064241995
2021-04-12,1358.6209266049002,5.684341886080802e-14,1358.6209266049002
2021-04-13,1361.0673914138806,5.684341886080802e-14,1361.0673914138806
2021-04-14,1352.6496196560643,5.684341886080802e-14,1352.6496196560643
2021-04-15,1367.547067415231,5.684341886080802e-14,1367.547067415231
2021-04-16,1372.3736805304559,5.684341886080802e-14,1372.3736805304559
2021-04-19,1363.6739601788952,5.684341886080802e-14,1363.6739601788952
2021-04-20,1362.2844224747842,5.684341886080802e-14,1362.2844224747842
2021-04-21,1373.0686657182127,5.684341886080802e-14,1373.0686657182127
2021-04-22,1363.8744153004286,5.684341886080802e-14,1363.8744153004286
2021-04-23,1374.660710543114,5.684341886080802e-14,1374.660710543114
2021-04-26,1376.1785104767894,5.684341886080802e-14,1376.1785104767894
2021-04-27,1375.0090972596408,5.684341886080802e-14,1375.0090972596408
2021-04-28,1367.0791688692084,5.684341886080802e-14,1367.0791688692084
2021-04-29,1385.3836211061193,5.684341886080802e-14,1385.3836211061193
2021-04-30,1370.1369858292674,5.684341886080802e-14,1370.1369858292674
2021-05-03,1381.5478733677633,5.684341886080802e-14,1381.5478733677633
2021-05-04,1369.0822878147603,5.684341886080802e-14,1369.0822878147603
2021-05-05,1366.152214863231,5.684341886080802e-14,1366.152214863231
2021-05-06,1387.5722031361797,5.684341886080802e-14,1387.5722031361797
2021-05-07,1406.283345250606,5.684341886080802e-14,1406.283345250606
2021-05-10,1399.2374367548787,5.684341886080802e-14,1399.2374367548787
2021-05-11,1389.8600910319374,5.684341886080802e-14,1389.8600910319374
2021-05-12,1342.1659408497108,5.684341886080802e-14,1342.1659408497108
2021-05-13,1363.8923275017382,5.684341886080802e-14,1363.8923275017382
2021-05-14,1383.7558214421292,5.684341886080802e-14,1383.7558214421292
2021-05-17,1379.8783384890257,5.684341886080802e-14,1379.8783384890257
2021-05-18,1371.5430809794257,5.684341886080802e-14,1371.5430809794257
2021-05-19,1361.620277896418,5.684341886080802e-14,1361.620277896418
2021-05-20,1376.791827969809,5.684341886080802e-14,1376.791827969809
2021-05-21,1380.323859473701,5.684341886080802e-14,1380.323859473701
2021-05-24,1390.9535100452683,5.684341886080802e-14,1390.9535100452683
2021-05-25,1382.3455378336691,5.684341886080802e-14,1382.3455378336691
2021-05-26,1386.9240984153325,5.684341886080802e-14,1386.9240984153325
2021-05-27,1383.5557307113331,5.684341886080802e-14,1383.5557307113331
2021-05-28,1393.1400853640441,5.684341886080802e-14,1393.1400853640441
2021-06-01,1401.0443862326422,5.684341886080802e-14,1401.0443862326422
2021-06-02,1414.1595804200108,5.684341886080802e-14,1414.1595804200108
2021-06-03,1417.927558168084,5.684341886080802e-14,1417.927558168084
2021-06-04,1429.724535211893,5.684341886080802e-14,1429.724535211893
2021-06-07,1430.0646841658108,5.684341886080802e-14,1430.0646841658108
2021-06-08,1431.6975898872272,5.684341886080802e-14,1431.6975898872272
2021-06-09,1431.886630166269,5.684341886080802e-14,1431.886630166269
2021-06-10,1433.1354830605487,5.684341886080802e-14,1433.1354830605487
2021-06-11,1448.8139724757978,5.684341886080802e-14,1448.8139724757978
2021-06-14,1448.056379801129,5.684341886080802e-14,1448.056379801129
2021-06-15,1438.9787169573458,5.684341886080802e-14,1438.9787169573458
2021-06-16,1426.6995869131588,5.684341886080802e-14,1426.6995869131588
2021-06-17,1436.048539494151,5.684341886080802e-14,1436.048539494151
2021-06-18,1414.2177114359279,5.684341886080802e-14,1414.2177114359279
2021-06-21,1429.0296029719345,5.684341886080802e-14,1429.0296029719345
2021-06-22,1440.5262779400568,5.684341886080802e-14,1440.5262779400568
2021-06-23,1432.4981621013546,5.684341886080802e-14,1432.4981621013546
2021-06-24,1441.1689577856994,5.684341886080802e-14,1441.1689577856994
2021-06-25,1444.6188368144922,5.684341886080802e-14,1444.6188368144922
2021-06-28,1462.459896107974,5.684341886080802e-14,1462.459896107974
2021-06-29,1459.5121239847686,5.684341886080802e-14,1459.5121239847686
2021-06-30,1453.1222770939344,5.684341886080802e-14,1453.1222770939344
2021-07-01,1459.5001256640473,5.684341886080802e-14,1459.5001256640473
2021-07-02,1466.3742515914635,5.684341886080802e-14,1466.3742515914635
2021-07-06,1452.1759489414803,5.684341886080802e-14,1452.1759489414803
2021-07-07,1451.7408820753453,5.684341886080802e-14,1451.7408820753453
2021-07-08,1435.7559513532153,5.684341886080802e-14,1435.7559513532153
2021-07-09,1452.5780112576465,5.684341886080802e-14,1452.5780112576465
2021-07-12,1461.6364104335514,5.684341886080802e-14,1461.6364104335514
2021-07-13,1452.063225579939,5.684341886080802e-14,1452.063225579939
2021-07-14,1448.1326179342664,5.684341886080802e-14,1448.1326179342664
2021-07-15,1442.1923477978708,5.684341886080802e-14,1442.1923477978708
2021-07-16,1425.6124676520492,5.684341886080802e-14,1425.6124676520492
2021-07-19,1423.2334256151942,5.684341886080802e-14,1423.2334256151942
2021-07-20,1437.7711642294778,5.684341886080802e-14,1437.7711642294778
2021-07-21,1447.3983708649225,5.684341886080802e-14,1447.3983708649225
2021-07-22,1445.392794729518,5.684341886080802e-14,1445.392794729518
2021-07-23,1459.9511586844537,5.684341886080802e-14,1459.9511586844537
2021-07-26,1460.601072878658,5.684341886080802e-14,1460.601072878658
2021-07-27,1450.8653344477116,5.684341886080802e-14,1450.8653344477116
2021-07-28,1452.548183511087,5.684341886080802e-14,1452.548183511087
2021-07-29,1443.6429095131004,5.684341886080802e-14,1443.6429095131004
2021-07-30,1445.9035929321892,5.684341886080802e-14,1445.9035929321892
2021-08-02,1452.4522966502136,5.684341886080802e-14,1452.4522966502136
2021-08-03,1477.9195916948265,5.684341886080802e-14,1477.9195916948265
2021-08-04,1458.254552227505,5.684341886080802e-14,1458.254552227505
2021-08-05,1468.9507527751437,5.684341886080802e-14,1468.9507527751437
2021-08-06,1462.990739902581,5.684341886080802e-14,1462.990739902581
2021-08-09,1460.8023324368987,5.684341886080802e-14,1460.8023324368987
2021-08-10,1459.2985849703614,5.684341886080802e-14,1459.2985849703614
2021-08-11,1466.0543635415734,5.684341886080802e-14,1466.0543635415734
2021-08-12,1453.1108256227421,5.684341886080802e-14,1453.1108256227421
2021-08-13,1456.9393881847811,5.684341886080802e-14,1456.9393881847811
2021-08-16,1466.4416256238492,5.684341886080802e-14,1466.4416256238492
2021-08-17,1460.8350448100668,5.684341886080802e-14,1460.8350448100668
2021-08-18,1450.5944766653918,5.684341886080802e-14,1450.5944766653918
2021-08-19,1458.4071576434749,5.684341886080802e-14,1458.4071576434749
2021-08-20,1486.7201238481775,5.684341886080802e-14,1486.7201238481775
2021-08-23,1499.0257629257485,5.684341886080802e-14,1499.0257629257485
2021-08-24,1491.6760491393864,5.684341886080802e-14,1491.6760491393864
2021-08-25,1503.6464051318194,5.684341886080802e-14,1503.6464051318194
2021-08-26,1488.7860902081368,5.684341886080802e-14,1488.7860902081368
2021-08-27,1501.1328147152076,5.684341886080802e-14,1501.1328147152076
2021-08-30,1508.0266790913367,5.684341886080802e-14,1508.0266790913367
2021-08-31,1508.2222086209326,5.684341886080802e-14,1508.2222086209326
2021-09-01,1505.8647709102047,5.684341886080802e-14,1505.8647709102047
2021-09-02,1513.659663137499,5.684341886080802e-14,1513.659663137499
2021-09-03,1518.7653094040818,5.684341886080802e-14,1518.7653094040818
2021-09-07,1501.289047572218,5.684341886080802e-14,1501.289047572218
2021-09-08,1506.5391499206044,5.684341886080802e-14,1506.5391499206044
2021-09-09,1513.3215138781504,5.684341886080802e-14,1513.3215138781504
2021-09-10,1495.71213347398,5.684341886080802e-14,1495.71213347398
2021-09-13,1502.6947032330418,5.684341886080802e-14,1502.6947032330418
2021-09-14,1499.6873105531743,5.684341886080802e-14,1499.6873105531743
2021-09-15,1510.9080928119447,5.684341886080802e-14,1510.9080928119447
2021-09-16,1514.977813338203,5.684341886080802e-14,1514.977813338203
2021-09-17,1504.3591244174147,5.684341886080802e-14,1504.3591244174147
2021-09-20,1478.368146565985,5.684341886080802e-14,1478.368146565985
2021-09-21,1481.1168620897463,5.684341886080802e-14,1481.1168620897463
2021-09-22,1502.1017458507572,5.684341886080802e-14,1502.1017458507572
2021-09-23,1512.8637366580947,5.684341886080802e-14,1512.8637366580947
2021-09-24,1511.5584044514871,5.684341886080802e-14,1511.5584044514871
2021-09-27,1509.431855211314,5.684341886080802e-14,1509.431855211314
2021-09-28,1474.3987763282973,5.684341886080802e-14,1474.3987763282973
2021-09-29,1485.4127547493747,5.684341886080802e-14,1485.4127547493747
2021-09-30,1457.6436056517118,5.684341886080802e-14,1457.6436056517118
2021-10-01,1450.3473050295815,5.684341886080802e-14,1450.3473050295815
2021-10-04,1432.116179693768,5.684341886080802e-14,1432.116179693768
2021-10-05,1448.8023064478652,5.684341886080802e-14,1448.8023064478652
2021-10-06,1449.6388132918441,5.684341886080802e-14,1449.6388132918441
2021-10-07,1451.5202848176752,5.684341886080802e-14,1451.5202848176752
2021-10-08,1437.9197266961444,5.684341886080802e-14,1437.9197266961444
2021-10-11,1427.6489679411436,5.684341886080802e-14,1427.6489679411436
2021-10-12,1429.4322810380932,5.684341886080802e-14,1429.4322810380932
2021-10-13,1436.279154059571,5.684341886080802e-14,1436.279154059571
2021-10-14,1461.7666683650639,5.684341886080802e-14,1461.7666683650639
2021-10-15,1459.3433414289464,5.684341886080802e-14,1459.3433414289464
2021-10-18,1478.4626015769927,5.684341886080802e-14,1478.4626015769927
2021-10-19,1483.6377078500773,5.684341886080802e-14,1483.6377078500773
2021-10-20,1490.9600588955757,5.684341886080802e-14,1490.9600588955757
2021-10-21,1506.9439148200922,5.684341886080802e-14,1506.9439148200922
2021-10-22,1511.3386669751753,5.684341886080802e-14,1511.3386669751753
2021-10-25,1512.6595604774361,5.684341886080802e-14,1512.6595604774361
2021-10-26,1522.1285330936464,5.684341886080802e-14,1522.1285330936464
2021-10-27,1508.6008279600487,5.684341886080802e-14,1508.6008279600487
2021-10-28,1512.0200100525865,5.684341886080802e-14,1512.0200100525865
2021-10-29,1524.086879640031,5.684341886080802e-14,1524.086879640031
2021-11-01,1532.378646800899,5.684341886080802e-14,1532.378646800899
2021-11-02,1544.5062493018231,5.684341886080802e-14,1544.5062493018231
2021-11-03,1560.59379418417,5.684341886080802e-14,1560.59379418417
2021-11-04,1634.8217901318446,5.684341886080802e-14,1634.8217901318446
2021-11-05,1641.7954985128156,5.684341886080802e-14,1641.7954985128156
2021-11-08,1646.6317389200544,5.684341886080802e-14,1646.6317389200544
2021-11-09,1651.6844724187526,5.684341886080802e-14,1651.6844724187526
2021-11-10,1632.2929421532365,5.684341886080802e-14,1632.2929421532365
2021-11-11,1645.2747808608342,5.684341886080802e-14,1645.2747808608342
2021-11-12,1653.6266075701221,5.684341886080802e-14,1653.6266075701221
2021-11-15,1656.5709874156598,5.684341886080802e-14,1656.5709874156598
2021-11-16,1662.3424773776946,5.684341886080802e-14,1662.3424773776946
2021-11-17,1631.6044478979088,5.684341886080802e-14,1631.6044478979088
2021-11-18,1665.6961334443847,5.684341886080802e-14,1665.6961334443847
2021-11-19,1674.4365484255782,5.684341886080802e-14,1674.4365484255782
2021-11-22,1680.787477592957,5.684341886080802e-14,1680.787477592957
2021-11-23,1687.7557908361825,5.684341886080802e-14,1687.7557908361825
2021-11-24,1695.147468263449,5.684341886080802e-14,1695.147468263449
2021-11-26,1662.0010718843785,5.684341886080802e-14,1662.0010718843785
2021-11-29,1692.6218198198064,5.684341886080802e-14,1692.6218198198064
2021-11-30,1660.7302810088709,5.684341886080802e-14,1660.7302810088709
2021-12-01,1632.805712294179,5.684341886080802e-14,1632.805712294179
2021-12-02,1678.39022325409,5.684341886080802e-14,1678.39022325409
2021-12-03,1659.561102842546,5.684341886080802e-14,1659.561102842546
2021-12-06,1662.128063714175,5.684341886080802e-14,1662.128063714175
2021-12-07,1716.1924390767233,5.684341886080802e-14,1716.1924390767233
2021-12-08,1698.4823848637363,5.684341886080802e-14,1698.4823848637363
2021-12-09,1676.5148237327176,5.684341886080802e-14,1676.5148237327176
2021-12-10,1690.3194047591155,5.684341886080802e-14,1690.3194047591155
2021-12-13,1657.0801508620348,5.684341886080802e-14,1657.0801508620348
2021-12-14,1654.0337333663647,5.684341886080802e-14,1654.0337333663647
2021-12-15,1702.869293745187,5.684341886080802e-14,1702.869293745187
2021-12-16,1672.1023708165283,5.684341886080802e-14,1672.1023708165283
2021-12-17,1648.6448209628431,5.684341886080802e-14,1648.6448209628431
2021-12-20,1642.213684894908,5.684341886080802e-14,1642.213684894908
2021-12-21,1661.9070123848703,5.684341886080802e-14,1661.9070123848703
2021-12-22,1675.8007426599697,5.684341886080802e-14,1675.8007426599697
2021-12-23,1680.9719690530546,5.684341886080802e-14,1680.9719690530546
2021-12-27,1715.7777317350258,5.684341886080802e-14,1715.7777317350258
2021-12-28,1711.4007093983782,5.684341886080802e-14,1711.4007093983782
2021-12-29,1722.1871942482735,5.684341886080802e-14,1722.1871942482735
2021-12-30,1716.4870520264083,5.684341886080802e-14,1716.4870520264083
2021-12-31,1717.0537668383863,5.684341886080802e-14,1717.0537668383863
2022-01-03,1721.3622195015432,5.684341886080802e-14,1721.3622195015432
2022-01-04,1720.3239210628751,5.684341886080802e-14,1720.3239210628751
2022-01-05,1685.9283043041569,5.684341886080802e-14,1685.9283043041569
2022-01-06,1709.7644373473238,5.684341886080802e-14,1709.7644373473238
2022-01-07,1698.1165903673882,5.684341886080802e-14,1698.1165903673882
2022-01-10,1697.0639960542458,5.684341886080802e-14,1697.0639960542458
2022-01-11,1690.7926613862774,5.684341886080802e-14,1690.7926613862774
2022-01-12,1697.8262100741113,5.684341886080802e-14,1697.8262100741113
2022-01-13,1683.114582661213,5.684341886080802e-14,1683.114582661213
2022-01-14,1687.7465760378768,5.684341886080802e-14,1687.7465760378768
2022-01-18,1645.4416970089026,5.684341886080802e-14,1645.4416970089026
2022-01-19,1621.3047363668788,5.684341886080802e-14,1621.3047363668788
2022-01-20,1578.2672821436545,5.684341886080802e-14,1578.2672821436545
2022-01-21,1557.2763247664006,5.684341886080802e-14,1557.2763247664006
2022-01-24,1582.5624112489522,5.684341886080802e-14,1582.5624112489522
2022-01-25,1537.5564178974828,5.684341886080802e-14,1537.5564178974828
2022-01-26,1529.4260158650097,5.684341886080802e-14,1529.4260158650097
2022-01-27,1516.457078564084,5.684341886080802e-14,1516.457078564084
2022-01-28,1533.2784092396287,5.684341886080802e-14,1533.2784092396287
2022-01-31,1573.8729363738707,5.684341886080802e-14,1573.8729363738707
2022-02-01,1583.0474694238683,5.684341886080802e-14,1583.0474694238683
2022-02-02,1609.5191336011628,5.684341886080802e-14,1609.5191336011628
2022-02-03,1582.213470929002,5.684341886080802e-14,1582.213470929002
2022-02-04,1570.8294399642605,5.684341886080802e-14,1570.8294399642605
2022-02-07,1569.993386937483,5.684341886080802e-14,1569.993386937483
2022-02-08,1589.6516057990539,5.684341886080802e-14,1589.6516057990539
2022-02-09,1621.5141868597598,5.684341886080802e-14,1621.5141868597598
2022-02-10,1577.620089080741,5.684341886080802e-14,1577.620089080741
2022-02-11,1543.3925759693839,5.684341886080802e-14,1543.3925759693839
2022-02-14,1535.015412204007,5.684341886080802e-14,1535.015412204007
2022-02-15,1575.1356325638567,1575.1356325638567,0.0
2022-02-16,1563.1458302353797,0.0,1563.1458302353797
2022-02-17,1532.696651427093,0.0,1532.696651427093
2022-02-18,1521.050098636769,0.0,1521.050098636769
2022-02-22,1469.9541350127165,0.0,1469.9541350127165
2022-02-23,1441.6569959985188,0.0,1441.6569959985188
2022-02-24,1475.1760596214049,0.0,1475.1760596214049
2022-02-25,1498.8202700821546,0.0,1498.8202700821546
2022-02-28,1492.1986287079653,0.0,1492.1986287079653
2022-03-01,1461.6487913115627,0.0,1461.6487913115627
2022-03-02,1490.964052761694,0.0,1490.964052761694
2022-03-03,1467.6365130134843,0.0,1467.6365130134843
2022-03-04,1432.4650779539238,0.0,1432.4650779539238
2022-03-07,1365.7084297844358,0.0,1365.7084297844358
2022-03-08,1368.0963088228636,0.0,1368.0963088228636
2022-03-09,1427.3912985675158,0.0,1427.3912985675158
2022-03-10,1424.356798910706,0.0,1424.356798910706
2022-03-11,1414.4299007480627,0.0,1414.4299007480627
2022-03-14,1400.3240479487217,0.0,1400.3240479487217
2022-03-15,1438.531240702808,0.0,1438.531240702808
2022-03-16,1484.9828802159996,0.0,1484.9828802159996
2022-03-17,1491.455424256814,0.0,1491.455424256814
2022-03-18,1497.320465979815,0.0,1497.320465979815
2022-03-21,1472.9241977209463,0.0,1472.9241977209463
2022-03-22,1486.145482678545,0.0,1486.145482678545
2022-03-23,1459.847746145844,0.0,1459.847746145844
2022-03-24,1492.4475037130412,0.0,1492.4475037130412
2022-03-25,1488.4341109937895,0.0,1488.4341109937895
2022-03-28,1490.3226801437663,0.0,1490.3226801437663
2022-03-29,1531.984761274774,0.0,1531.984761274774
2022-03-30,1511.1021004057218,0.0,1511.1021004057218
2022-03-31,1492.211285203925,0.0,1492.211285203925
2022-04-01,1471.9117019611897,0.0,1471.9117019611897
2022-04-04,1491.951520259171,0.0,1491.951520259171
2022-04-05,1454.3397879835452,0.0,1454.3397879835452
2022-04-06,1442.0500515759247,0.0,1442.0500515759247
2022-04-07,1450.3857118436363,0.0,1450.3857118436363
2022-04-08,1448.5415616231242,0.0,1448.5415616231242
2022-04-11,1432.7079209445326,0.0,1432.7079209445326
2022-04-12,1429.6224385492442,0.0,1429.6224385492442
2022-04-13,1449.1585721905612,0.0,1449.1585721905612
2022-04-14,1425.1605552552735,0.0,1425.1605552552735
2022-04-18,1421.5874343360138,0.0,1421.5874343360138
2022-04-19,1452.2128799562258,0.0,1452.2128799562258
2022-04-20,1462.6372638967641,0.0,1462.6372638967641
2022-04-21,1432.7550961608367,0.0,1432.7550961608367
2022-04-22,1384.6028909636846,0.0,1384.6028909636846
2022-04-25,1407.718341304557,0.0,1407.718341304557
2022-04-26,1367.7847857466693,0.0,1367.7847857466693
2022-04-27,1374.258944822173,0.0,1374.258944822173
2022-04-28,1379.060500890518,0.0,1379.060500890518
2022-04-29,1333.5735472449019,0.0,1333.5735472449019
2022-05-02,1356.6450608333269,0.0,1356.6450608333269
2022-05-03,1350.7082667307782,0.0,1350.7082667307782
2022-05-04,1384.1205501127174,0.0,1384.1205501127174
2022-05-05,1334.877344635042,0.0,1334.877344635042
2022-05-06,1303.8852277208305,0.0,1303.8852277208305
2022-05-09,1255.9152362954537,0.0,1255.9152362954537
2022-05-10,1259.38423070982,0.0,1259.38423070982
2022-05-11,1238.4986875328057,0.0,1238.4986875328057
2022-05-12,1256.7841485462673,0.0,1256.7841485462673
2022-05-13,1302.9715115035674,0.0,1302.9715115035674
2022-05-16,1301.239212823699,0.0,1301.239212823699
2022-05-17,1344.0466037555427,0.0,1344.0466037555427
2022-05-18,1269.217835709692,0.0,1269.217835709692
2022-05-19,1263.367779888773,0.0,1263.367779888773
2022-05-20,1258.4421498633158,0.0,1258.4421498633158
2022-05-23,1260.64286506912,0.0,1260.64286506912
2022-05-24,1232.9043128152357,0.0,1232.9043128152357
2022-05-25,1275.362778335449,0.0,1275.362778335449
2022-05-26,1318.8327837129937,0.0,1318.8327837129937
2022-05-27,1345.3561358069978,0.0,1345.3561358069978
2022-05-31,1330.0021332684273,0.0,1330.0021332684273
2022-06-01,1316.7412846094717,0.0,1316.7412846094717
2022-06-02,1361.9484260437828,0.0,1361.9484260437828
2022-06-03,1347.2695788597935,0.0,1347.2695788597935
2022-06-06,1364.8396170885069,0.0,1364.8396170885069
2022-06-07,1367.8277290275855,0.0,1367.8277290275855
2022-06-08,1355.2063682338082,0.0,1355.2063682338082
2022-06-09,1336.5611989798795,0.0,1336.5611989798795
2022-06-10,1282.9248181865523,0.0,1282.9248181865523
2022-06-13,1211.9522835024366,0.0,1211.9522835024366
2022-06-14,1204.7782913609708,0.0,1204.7782913609708
2022-06-15,1217.9718598281625,0.0,1217.9718598281625
2022-06-16,1147.9095288759213,0.0,1147.9095288759213
2022-06-17,1154.0427139277858,0.0,1154.0427139277858
2022-06-21,1174.362148917426,0.0,1174.362148917426
2022-06-22,1167.7733107113834,0.0,1167.7733107113834
2022-06-23,1185.9962353496105,0.0,1185.9962353496105
2022-06-24,1237.4416488568913,0.0,1237.4416488568913
2022-06-27,1233.961449656503,0.0,1233.961449656503
2022-06-28,1204.352845615437,0.0,1204.352845615437
2022-06-29,1192.9264720709855,0.0,1192.9264720709855
2022-06-30,1176.9661214934968,0.0,1176.9661214934968
2022-07-01,1181.3702420659633,0.0,1181.3702420659633
2022-07-05,1185.9804728914733,0.0,1185.9804728914733
2022-07-06,1176.615376222073,0.0,1176.615376222073
2022-07-07,1203.1021733568011,0.0,1203.1021733568011
2022-07-08,1200.393162552388,0.0,1200.393162552388
2022-07-11,1178.4055481968414,0.0,1178.4055481968414
2022-07-12,1176.4094393393912,0.0,1176.4094393393912
2022-07-13,1180.8034985985594,0.0,1180.8034985985594
2022-07-14,1170.7231472752728,0.0,1170.7231472752728
2022-07-15,1191.4589472695388,0.0,1191.4589472695388
2022-07-18,1188.8820689582835,0.0,1188.8820689582835
2022-07-19,1226.2741787925495,0.0,1226.2741787925495
2022-07-20,1243.9127840460583,0.0,1243.9127840460583
2022-07-21,1239.898283335768,0.0,1239.898283335768
2022-07-22,1222.1102032338606,0.0,1222.1102032338606
2022-07-25,1221.2212590303775,0.0,1221.2212590303775
2022-07-26,1192.24084513107,0.0,1192.24084513107
2022-07-27,1228.2534223995533,0.0,1228.2534223995533
2022-07-28,1256.3831074450281,0.0,1256.3831074450281
2022-07-29,1270.0746475992817,0.0,1270.0746475992817
2022-08-01,1271.8845573441636,0.0,1271.8845573441636
2022-08-02,1274.9159463884976,0.0,1274.9159463884976
2022-08-03,1289.6660039304072,0.0,1289.6660039304072
2022-08-04,1291.3966477861427,0.0,1291.3966477861427
2022-08-05,1279.302791485889,0.0,1279.302791485889
2022-08-08,1296.1027296588109,0.0,1296.1027296588109
2022-08-09,1264.6621147403248,0.0,1264.6621147403248
2022-08-10,1301.8716229614836,0.0,1301.8716229614836
2022-08-11,1316.0758981481706,0.0,1316.0758981481706
2022-08-12,1353.815480189673,0.0,1353.815480189673
2022-08-15,1361.4647956211384,0.0,1361.4647956211384
2022-08-16,1370.6857956031338,0.0,1370.6857956031338
2022-08-17,1355.6840333929558,0.0,1355.6840333929558
2022-08-18,1358.5074120856248,0.0,1358.5074120856248
2022-08-19,1325.761247645448,0.0,1325.761247645448
2022-08-22,1285.8334872554142,0.0,1285.8334872554142
2022-08-23,1289.2751369572156,0.0,1289.2751369572156
2022-08-24,1287.7462556064504,0.0,1287.7462556064504
2022-08-25,1307.0190762578459,0.0,1307.0190762578459
2022-08-26,1253.672748723823,0.0,1253.672748723823
2022-08-29,1246.4183156517888,0.0,1246.4183156517888
2022-08-30,1238.0088153977624,0.0,1238.0088153977624
2022-08-31,1227.611034671054,0.0,1227.611034671054
2022-09-01,1224.5815555246904,0.0,1224.5815555246904
2022-09-02,1225.4802845455768,0.0,1225.4802845455768
2022-09-06,1218.0145217956174,0.0,1218.0145217956174
2022-09-07,1253.294285840323,0.0,1253.294285840323
2022-09-08,1271.3111341647473,0.0,1271.3111341647473
2022-09-09,1289.944706651112,0.0,1289.944706651112
2022-09-12,1306.098861164078,0.0,1306.098861164078
2022-09-13,1244.9882921350084,0.0,1244.9882921350084
2022-09-14,1249.1836781194497,0.0,1249.1836781194497
2022-09-15,1244.1974976092501,0.0,1244.1974976092501
2022-09-16,1231.6162975010325,0.0,1231.6162975010325
2022-09-19,1245.1718392087246,0.0,1245.1718392087246
2022-09-20,1227.0100088887023,0.0,1227.0100088887023
2022-09-21,1202.496691783636,0.0,1202.496691783636
2022-09-22,1169.3676228602553,0.0,1169.3676228602553
2022-09-23,1151.2737617267508,0.0,1151.2737617267508
2022-09-26,1140.5403425270888,0.0,1140.5403425270888
2022-09-27,1148.8031257295147,0.0,1148.8031257295147
2022-09-28,1181.058930621873,0.0,1181.058930621873
2022-09-29,1149.8291718290513,0.0,1149.8291718290513
2022-09-30,1127.290942776098,0.0,1127.290942776098
2022-10-03,1166.1530992129915,0.0,1166.1530992129915
2022-10-04,1209.9890340892878,0.0,1209.9890340892878
2022-10-05,1219.1677389966649,0.0,1219.1677389966649
2022-10-06,1213.0967809192323,0.0,1213.0967809192323
2022-10-07,1181.435933714307,0.0,1181.435933714307
2022-10-10,1168.9935374424117,0.0,1168.9935374424117
2022-10-11,1166.0325540219283,0.0,1166.0325540219283
2022-10-12,1161.8006164642238,0.0,1161.8006164642238
2022-10-13,1183.8609510832146,0.0,1183.8609510832146
2022-10-14,1155.3491328714856,0.0,1155.3491328714856
2022-10-17,1178.7737489893366,0.0,1178.7737489893366
2022-10-18,1196.196324867286,0.0,1196.196324867286
2022-10-19,1174.0579264586509,0.0,1174.0579264586509
2022-10-20,1168.2409107503224,0.0,1168.2409107503224
2022-10-21,1207.73458759997,0.0,1207.73458759997
2022-10-24,1236.549274234767,0.0,1236.549274234767
2022-10-25,1262.503662970162,0.0,1262.503662970162
2022-10-26,1259.836980435836,0.0,1259.836980435836
2022-10-27,1274.1460365868163,0.0,1274.1460365868163
2022-10-28,1312.2727422921394,0.0,1312.2727422921394
2022-10-31,1310.420374288047,0.0,1310.420374288047
2022-11-01,1316.0477495797527,0.0,1316.0477495797527
2022-11-02,1271.7980266051675,0.0,1271.7980266051675
2022-11-03,1281.0290515907752,0.0,1281.0290515907752
2022-11-04,1304.2849239755537,0.0,1304.2849239755537
2022-11-07,1322.5700258025788,0.0,1322.5700258025788
2022-11-08,1319.0742751978662,0.0,1319.0742751978662
2022-11-09,1290.6848156287072,0.0,1290.6848156287072
2022-11-10,1366.1061405983364,0.0,1366.1061405983364
2022-11-11,1383.9331355423578,0.0,1383.9331355423578
2022-11-14,1376.1138497036225,0.0,1376.1138497036225
2022-11-15,1389.3141275937242,0.0,1389.3141275937242
2022-11-16,1375.8001613816998,0.0,1375.8001613816998
2022-11-17,1352.7665165375117,0.0,1352.7665165375117
2022-11-18,1364.0645608897923,0.0,1364.0645608897923
2022-11-21,1347.9300021254232,0.0,1347.9300021254232
2022-11-22,1372.042793974459,0.0,1372.042793974459
2022-11-23,1378.8656718197815,0.0,1378.8656718197815
2022-11-25,1372.5673726481482,0.0,1372.5673726481482
2022-11-28,1351.9057405484537,0.0,1351.9057405484537
2022-11-29,1360.5577758693144,0.0,1360.5577758693144
2022-11-30,1399.7729017538113,0.0,1399.7729017538113
2022-12-01,1390.7052148132807,0.0,1390.7052148132807
2022-12-02,1385.4599088714583,0.0,1385.4599088714583
2022-12-05,1359.6064604790404,0.0,1359.6064604790404
2022-12-06,1308.3539836200473,0.0,1308.3539836200473
2022-12-07,1288.4658310979953,0.0,1288.4658310979953
2022-12-08,1297.0292124997225,0.0,1297.0292124997225
2022-12-09,1291.9022334262534,0.0,1291.9022334262534
2022-12-12,1322.1163489459043,0.0,1322.1163489459043
2022-12-13,1325.0899238955863,0.0,1325.0899238955863
2022-12-14,1305.2902402811415,0.0,1305.2902402811415
2022-12-15,1277.9329358969849,0.0,1277.9329358969849
2022-12-16,1266.410083460034,0.0,1266.410083460034
2022-12-19,1255.2465604658444,0.0,1255.2465604658444
2022-12-20,1259.6199200261624,0.0,1259.6199200261624
2022-12-21,1282.9306001083253,0.0,1282.9306001083253
2022-12-22,1250.1449692821398,0.0,1250.1449692821398
2022-12-23,1263.7932644274736,0.0,1263.7932644274736
2022-12-27,1272.9592243842424,0.0,1272.9592243842424
2022-12-28,1253.4338143087825,0.0,1253.4338143087825
2022-12-29,1283.5892798833504,0.0,1283.5892798833504
2022-12-30,1282.8539504467326,0.0,1282.8539504467326
2023-01-03,1276.930005836472,0.0,1276.930005836472
2023-01-04,1296.9904003758475,0.0,1296.9904003758475
2023-01-05,1289.018784206419,0.0,1289.018784206419
2023-01-06,1314.691659072157,0.0,1314.691659072157
2023-01-09,1311.4079138698962,0.0,1311.4079138698962
2023-01-10,1328.2958710382793,0.0,1328.2958710382793
2023-01-11,1328.5004887678901,0.0,1328.5004887678901
2023-01-12,1336.7573502582668,0.0,1336.7573502582668
2023-01-13,1344.7010020884693,0.0,1344.7010020884693
2023-01-17,1347.968670604459,0.0,1347.968670604459
2023-01-18,1330.9915336129202,0.0,1330.9915336129202
2023-01-19,1306.3024027805145,0.0,1306.3024027805145
2023-01-20,1335.9079777742436,0.0,1335.9079777742436
2023-01-23,1360.8833596279765,0.0,1360.8833596279765
2023-01-24,1361.7865059828937,0.0,1361.7865059828937
2023-01-25,1360.7368992576967,0.0,1360.7368992576967
2023-01-26,1386.0852938578957,0.0,1386.0852938578957
2023-01-27,1378.0633217404327,0.0,1378.0633217404327
2023-01-30,1376.6684697556886,0.0,1376.6684697556886
2023-01-31,1402.1038986330018,0.0,1402.1038986330018
2023-02-01,1430.5971874744478,0.0,1430.5971874744478
2023-02-02,1428.9127497056143,0.0,1428.9127497056143
2023-02-03,1416.0000181404193,0.0,1416.0000181404193
2023-02-06,1413.2859372793453,0.0,1413.2859372793453
2023-02-07,1424.4104064320773,0.0,1424.4104064320773
2023-02-08,1388.0187499075207,0.0,1388.0187499075207
2023-02-09,1389.9664098367027,0.0,1389.9664098367027
2023-02-10,1375.910091788618,0.0,1375.910091788618
2023-02-13,1402.6485322679794,0.0,1402.6485322679794
2023-02-14,1412.0866100479207,0.0,1412.0866100479207
2023-02-15,1411.3669703192124,1.7053025658242404e-13,1411.3669703192122
2023-02-16,1389.5290299401088,1.7053025658242404e-13,1389.5290299401086
2023-02-17,1380.8160560521142,1.7053025658242404e-13,1380.816056052114
2023-02-21,1345.545559550137,1.7053025658242404e-13,1345.5455595501369
2023-02-22,1346.1174023988256,1.7053025658242404e-13,1346.1174023988253
2023-02-23,1363.0134321443961,1.7053025658242404e-13,1363.013432144396
2023-02-24,1365.4552010672414,1.7053025658242404e-13,1365.4552010672412
2023-02-27,1368.9748008298152,1.7053025658242404e-13,1368.974800829815
2023-02-28,1362.8944711528654,1.7053025658242404e-13,1362.8944711528652
2023-03-01,1364.74989390436,1.7053025658242404e-13,1364.7498939043599
2023-03-02,1384.5581147766022,1.7053025658242404e-13,1384.558114776602
2023-03-03,1394.7176473429568,1.7053025658242404e-13,1394.7176473429565
2023-03-06,1393.625242672812,1.7053025658242404e-13,1393.6252426728117
2023-03-07,1369.122083108797,1.7053025658242404e-13,1369.1220831087967
2023-03-08,1363.5316017670107,1.7053025658242404e-13,1363.5316017670104
2023-03-09,1334.1495646134824,1.7053025658242404e-13,1334.1495646134822
2023-03-10,1290.808795275277,1.7053025658242404e-13,1290.8087952752767
2023-03-13,1270.9632898482328,1.7053025658242404e-13,1270.9632898482325
2023-03-14,1284.472758189569,1.7053025658242404e-13,1284.4727581895688
2023-03-15,1246.9426258546366,1.7053025658242404e-13,1246.9426258546364
2023-03-16,1264.502888752758,1.7053025658242404e-13,1264.5028887527578
2023-03-17,1247.094137377004,1.7053025658242404e-13,1247.0941373770038
2023-03-20,1275.463257747048,1.7053025658242404e-13,1275.4632577470477
2023-03-21,1290.8089420213787,1.7053025658242404e-13,1290.8089420213785
2023-03-22,1267.0845346152616,1.7053025658242404e-13,1267.0845346152614
2023-03-23,1257.3265900503588,1.7053025658242404e-13,1257.3265900503586
2023-03-24,1249.9225588648997,1.7053025658242404e-13,1249.9225588648994
2023-03-27,1265.4431660000323,1.7053025658242404e-13,1265.443166000032
2023-03-28,1277.6404241996336,1.7053025658242404e-13,1277.6404241996333
2023-03-29,1301.7338134430893,1.7053025658242404e-13,1301.733813443089
2023-03-30,1310.6598564729463,1.7053025658242404e-13,1310.659856472946
2023-03-31,1331.2800769975377,1.7053025658242404e-13,1331.2800769975374
2023-04-03,1335.4068635715748,1.7053025658242404e-13,1335.4068635715746
2023-04-04,1313.9625516953524,1.7053025658242404e-13,1313.9625516953522
2023-04-05,1313.845772497322,1.7053025658242404e-13,1313.8457724973218
2023-04-06,1300.4471188386121,1.7053025658242404e-13,1300.447118838612
2023-04-10,1320.69904094384,1.7053025658242404e-13,1320.6990409438397
2023-04-11,1340.1274963986482,1.7053025658242404e-13,1340.127496398648
2023-04-12,1328.6100033274129,1.7053025658242404e-13,1328.6100033274126
2023-04-13,1333.1571043239853,1.7053025658242404e-13,1333.157104323985
2023-04-14,1329.8268615102477,1.7053025658242404e-13,1329.8268615102475
2023-04-17,1331.143568120429,1.7053025658242404e-13,1331.1435681204289
2023-04-18,1324.8068572724549,1.7053025658242404e-13,1324.8068572724546
2023-04-19,1316.2397691228457,1.7053025658242404e-13,1316.2397691228455
2023-04-20,1325.0389862982172,1.7053025658242404e-13,1325.038986298217
2023-04-21,1320.8722939144586,1.7053025658242404e-13,1320.8722939144584
2023-04-24,1336.5778625726439,1.7053025658242404e-13,1336.5778625726437
2023-04-25,1307.5178211646066,1.7053025658242404e-13,1307.5178211646064
2023-04-26,1279.6493741613683,1.7053025658242404e-13,1279.649374161368
2023-04-27,1307.150387759054,1.7053025658242404e-13,1307.1503877590537
2023-04-28,1328.8027641012175,1.7053025658242404e-13,1328.8027641012172
2023-05-01,1333.2374817772363,1.7053025658242404e-13,1333.237481777236
2023-05-02,1320.0695900928079,1.7053025658242404e-13,1320.0695900928076
2023-05-03,1304.970603867556,1.7053025658242404e-13,1304.9706038675558
2023-05-04,1263.6898000359356,1.7053025658242404e-13,1263.6898000359354
2023-05-05,1286.8969304579898,1.7053025658242404e-13,1286.8969304579896
2023-05-08,1286.8372674955176,1.7053025658242404e-13,1286.8372674955174
2023-05-09,1284.5484246134997,1.7053025658242404e-13,1284.5484246134995
2023-05-10,1290.3012190719585,1.7053025658242404e-13,1290.3012190719583
2023-05-11,1280.0952607002275,1.7053025658242404e-13,1280.0952607002273
2023-05-12,1290.784069777876,1.7053025658242404e-13,1290.7840697778759
2023-05-15,1321.3248439132885,1.7053025658242404e-13,1321.3248439132883
2023-05-16,1310.9036410817087,1.7053025658242404e-13,1310.9036410817084
2023-05-17,1325.1176416325518,1.7053025658242404e-13,1325.1176416325516
2023-05-18,1344.376352509077,1.7053025658242404e-13,1344.3763525090767
2023-05-19,1335.4672337521672,1.7053025658242404e-13,1335.467233752167
2023-05-22,1319.5647450812455,1.7053025658242404e-13,1319.5647450812453
2023-05-23,1299.0858907890604,1.7053025658242404e-13,1299.0858907890602
2023-05-24,1289.7753946829828,1.7053025658242404e-13,1289.7753946829826
2023-05-25,1285.294957414634,1.7053025658242404e-13,1285.2949574146337
2023-05-26,1293.5454082288643,1.7053025658242404e-13,1293.545408228864
2023-05-30,1283.758941178798,1.7053025658242404e-13,1283.7589411787978
2023-05-31,1261.6807022293247,1.7053025658242404e-13,1261.6807022293244
2023-06-01,1251.678510219843,1.7053025658242404e-13,1251.6785102198428
2023-06-02,1276.604515323733,1.7053025658242404e-13,1276.6045153237328
2023-06-05,1271.7853130621177,1.7053025658242404e-13,1271.7853130621174
2023-06-06,1275.9437158767537,1.7053025658242404e-13,1275.9437158767535
2023-06-07,1290.2808206945544,1.7053025658242404e-13,1290.2808206945542
2023-06-08,1285.917576846761,1.7053025658242404e-13,1285.9175768467608
2023-06-09,1282.1322815715253,1.7053025658242404e-13,1282.132281571525
2023-06-12,1294.9562855828965,1.7053025658242404e-13,1294.9562855828963
2023-06-13,1317.0702044461364,1.7053025658242404e-13,1317.0702044461361
2023-06-14,1314.4390844497595,1.7053025658242404e-13,1314.4390844497593
2023-06-15,1327.5447677064085,1.7053025658242404e-13,1327.5447677064083
2023-06-16,1321.7048319191235,1.7053025658242404e-13,1321.7048319191233
2023-06-20,1300.538525911373,1.7053025658242404e-13,1300.5385259113727
2023-06-21,1298.6744088281346,1.7053025658242404e-13,1298.6744088281343
2023-06-22,1301.0992832901368,1.7053025658242404e-13,1301.0992832901366
2023-06-23,1282.6110290703105,1.7053025658242404e-13,1282.6110290703102
2023-06-26,1306.1952945270991,1.7053025658242404e-13,1306.195294527099
2023-06-27,1338.0971497595756,1.7053025658242404e-13,1338.0971497595754
2023-06-28,1335.8599819812107,1.7053025658242404e-13,1335.8599819812105
2023-06-29,1347.6576743753128,1.7053025658242404e-13,1347.6576743753126
2023-06-30,1362.972608370328,1.7053025658242404e-13,1362.9726083703279
2023-07-03,1368.5716517144513,1.7053025658242404e-13,1368.571651714451
2023-07-05,1358.9482635883135,1.7053025658242404e-13,1358.9482635883132
2023-07-06,1335.6836682761696,1.7053025658242404e-13,1335.6836682761693
2023-07-07,1350.4544580973377,1.7053025658242404e-13,1350.4544580973375
2023-07-10,1357.9880919369173,1.7053025658242404e-13,1357.988091936917
2023-07-11,1372.1919623491917,1.7053025658242404e-13,1372.1919623491915
2023-07-12,1370.0924826835178,1.7053025658242404e-13,1370.0924826835176
2023-07-13,1375.2460276805457,1.7053025658242404e-13,1375.2460276805455
2023-07-14,1354.0341709154977,1.7053025658242404e-13,1354.0341709154975
2023-07-17,1362.9544391033478,1.7053025658242404e-13,1362.9544391033476
2023-07-18,1376.4851532160208,1.7053025658242404e-13,1376.4851532160205
2023-07-19,1388.4199356331042,1.7053025658242404e-13,1388.419935633104
2023-07-20,1385.4965398236416,1.7053025658242404e-13,1385.4965398236413
2023-07-21,1385.4653117848468,1.7053025658242404e-13,1385.4653117848466
2023-07-24,1389.3065983351405,1.7053025658242404e-13,1389.3065983351403
2023-07-25,1401.9047172021103,1.7053025658242404e-13,1401.90471720211
2023-07-26,1406.0510456028758,1.7053025658242404e-13,1406.0510456028755
2023-07-27,1402.8210281469776,1.7053025658242404e-13,1402.8210281469774
2023-07-28,1426.4385291975607,1.7053025658242404e-13,1426.4385291975605
2023-07-31,1427.7105061320783,1.7053025658242404e-13,1427.710506132078
2023-08-01,1433.16348438427,1.7053025658242404e-13,1433.1634843842699
2023-08-02,1398.7396807866978,1.7053025658242404e-13,1398.7396807866976
2023-08-03,1402.5813971496634,1.7053025658242404e-13,1402.5813971496632
2023-08-04,1417.125475552762,1.7053025658242404e-13,1417.1254755527618
2023-08-07,1446.5290256401474,1.7053025658242404e-13,1446.5290256401472
2023-08-08,1433.8517588814213,1.7053025658242404e-13,1433.8517588814211
2023-08-09,1440.661887183664,1.7053025658242404e-13,1440.6618871836638
2023-08-10,1442.618137886579,1.7053025658242404e-13,1442.6181378865788
2023-08-11,1428.9855790435965,1.7053025658242404e-13,1428.9855790435963
2023-08-14,1431.810352025722,1.7053025658242404e-13,1431.8103520257218
2023-08-15,1411.4053971254236,1.7053025658242404e-13,1411.4053971254234
2023-08-16,1409.002503319336,1.7053025658242404e-13,1409.0025033193358
2023-08-17,1400.0125985853265,1.7053025658242404e-13,1400.0125985853263
2023-08-18,1395.743382249589,1.7053025658242404e-13,1395.7433822495889
2023-08-21,1405.572212288578,1.7053025658242404e-13,1405.5722122885777
2023-08-22,1392.833411447135,1.7053025658242404e-13,1392.8334114471347
2023-08-23,1399.6316424824013,1.7053025658242404e-13,1399.631642482401
2023-08-24,1382.6676464080626,1.7053025658242404e-13,1382.6676464080624
2023-08-25,1389.5028579902764,1.7053025658242404e-13,1389.5028579902762
2023-08-28,1398.195142817747,1.7053025658242404e-13,1398.1951428177467
2023-08-29,1411.1041215778357,1.7053025658242404e-13,1411.1041215778355
2023-08-30,1415.8961936370267,1.7053025658242404e-13,1415.8961936370265
2023-08-31,1420.1948310006333,1.7053025658242404e-13,1420.194831000633
2023-09-01,1433.425376719467,1.7053025658242404e-13,1433.4253767194668
2023-09-05,1423.8977590606976,1.7053025658242404e-13,1423.8977590606974
2023-09-06,1415.2178009947074,1.7053025658242404e-13,1415.2178009947072
2023-09-07,1396.5964848590784,1.7053025658242404e-13,1396.5964848590781
2023-09-08,1412.0917236913092,1.7053025658242404e-13,1412.091723691309
2023-09-11,1397.407267858823,1.7053025658242404e-13,1397.4072678588227
2023-09-12,1396.6625386488527,1.7053025658242404e-13,1396.6625386488524
2023-09-13,1392.323422237757,1.7053025658242404e-13,1392.3234222377569
2023-09-14,1414.6233046304626,1.7053025658242404e-13,1414.6233046304624
2023-09-15,1393.7528269417865,1.7053025658242404e-13,1393.7528269417862
2023-09-18,1399.470139290959,1.7053025658242404e-13,1399.4701392909587
2023-09-19,1396.5189914141777,1.7053025658242404e-13,1396.5189914141774
2023-09-20,1378.376200011462,1.7053025658242404e-13,1378.3762000114618
2023-09-21,1351.287553436924,1.7053025658242404e-13,1351.2875534369239
2023-09-22,1355.8968331333597,1.7053025658242404e-13,1355.8968331333595
2023-09-25,1361.1771365154639,1.7053025658242404e-13,1361.1771365154636
2023-09-26,1333.6704767888416,1.7053025658242404e-13,1333.6704767888414
2023-09-27,1350.2939368258512,1.7053025658242404e-13,1350.293936825851
2023-09-28,1364.2294303143176,1.7053025658242404e-13,1364.2294303143174
2023-09-29,1356.2403249098634,1.7053025658242404e-13,1356.2403249098631
2023-10-02,1341.0657845393391,1.7053025658242404e-13,1341.065784539339
2023-10-03,1320.784930820949,1.7053025658242404e-13,1320.7849308209488
2023-10-04,1324.594037229749,1.7053025658242404e-13,1324.5940372297487
2023-10-05,1332.006442563152,1.7053025658242404e-13,1332.0064425631517
2023-10-06,1338.4687696888382,1.7053025658242404e-13,1338.468769688838
2023-10-09,1363.4217382047814,1.7053025658242404e-13,1363.4217382047811
2023-10-10,1377.4565591627916,1.7053025658242404e-13,1377.4565591627913
2023-10-11,1385.5403221007064,1.7053025658242404e-13,1385.5403221007061
2023-10-12,1392.214654620159,1.7053025658242404e-13,1392.2146546201589
2023-10-13,1385.1949724578192,1.7053025658242404e-13,1385.194972457819
2023-10-16,1398.7033657256725,1.7053025658242404e-13,1398.7033657256723
2023-10-17,1410.401336222,1.7053025658242404e-13,1410.4013362219998
2023-10-18,1389.5404752831878,1.7053025658242404e-13,1389.5404752831876
2023-10-19,1355.3384547012806,1.7053025658242404e-13,1355.3384547012804
2023-10-20,1343.5596286727043,1.7053025658242404e-13,1343.559628672704
2023-10-23,1326.3145114547056,1.7053025658242404e-13,1326.3145114547053
2023-10-24,1341.0252264558242,1.7053025658242404e-13,1341.025226455824
2023-10-25,1324.6962065892267,1.7053025658242404e-13,1324.6962065892264
2023-10-26,1334.5877549456377,1.7053025658242404e-13,1334.5877549456375
2023-10-27,1324.3747764589925,1.7053025658242404e-13,1324.3747764589923
2023-10-30,1339.0135313927562,1.7053025658242404e-13,1339.013531392756
2023-10-31,1337.5144574703456,1.7053025658242404e-13,1337.5144574703454
2023-11-01,1329.563431242973,1.7053025658242404e-13,1329.5634312429727
2023-11-02,1363.418621805457,1.7053025658242404e-13,1363.4186218054567
2023-11-03,1371.2293786659332,1.7053025658242404e-13,1371.229378665933
2023-11-06,1388.993422618902,1.7053025658242404e-13,1388.9934226189018
2023-11-07,1392.4396235928357,1.7053025658242404e-13,1392.4396235928355
2023-11-08,1395.6164478571595,1.7053025658242404e-13,1395.6164478571593
2023-11-09,1390.0729041298735,1.7053025658242404e-13,1390.0729041298732
2023-11-10,1415.392278279159,1.7053025658242404e-13,1415.3922782791587
2023-11-13,1421.2490017799546,1.7053025658242404e-13,1421.2490017799544
2023-11-14,1453.0581087906116,1.7053025658242404e-13,1453.0581087906114
2023-11-15,1458.1378831421384,1.7053025658242404e-13,1458.1378831421382
2023-11-16,1450.9990212893706,1.7053025658242404e-13,1450.9990212893704
2023-11-17,1452.8288552453275,1.7053025658242404e-13,1452.8288552453273
2023-11-20,1461.0700998609943,1.7053025658242404e-13,1461.070099860994
2023-11-21,1439.3913566101933,1.7053025658242404e-13,1439.391356610193
2023-11-22,1447.4347202087204,1.7053025658242404e-13,1447.4347202087201
2023-11-24,1446.5141006821336,1.7053025658242404e-13,1446.5141006821334
2023-11-27,1444.6566164780456,1.7053025658242404e-13,1444.6566164780454
2023-11-28,1438.2807367088008,1.7053025658242404e-13,1438.2807367088005
2023-11-29,1447.498173423754,1.7053025658242404e-13,1447.4981734237538
2023-11-30,1452.8239864007598,1.7053025658242404e-13,1452.8239864007596
2023-12-01,1472.451155157428,1.7053025658242404e-13,1472.4511551574278
2023-12-04,1462.8674406483026,1.7053025658242404e-13,1462.8674406483024
2023-12-05,1450.6710870245704,1.7053025658242404e-13,1450.6710870245702
2023-12-06,1439.1106738624264,1.7053025658242404e-13,1439.1106738624262
2023-12-07,1443.2644815871035,1.7053025658242404e-13,1443.2644815871033
2023-12-08,1447.0186656432631,1.7053025658242404e-13,1447.018665643263
2023-12-11,1466.279114374389,1.7053025658242404e-13,1466.2791143743889
2023-12-12,1472.4252539970155,1.7053025658242404e-13,1472.4252539970153
2023-12-13,1492.735611207756,1.7053025658242404e-13,1492.7356112077557
2023-12-14,1515.8042667191874,1.7053025658242404e-13,1515.8042667191871
2023-12-15,1521.1045320184503,1.7053025658242404e-13,1521.10453201845
2023-12-18,1527.7645400776769,1.7053025658242404e-13,1527.7645400776767
2023-12-19,1545.528907891745,1.7053025658242404e-13,1545.5289078917447
2023-12-20,1506.7677628185795,1.7053025658242404e-13,1506.7677628185793
2023-12-21,1534.7006993267316,1.7053025658242404e-13,1534.7006993267314
2023-12-22,1534.7129407307473,1.7053025658242404e-13,1534.712940730747
2023-12-26,1550.9755109095395,1.7053025658242404e-13,1550.9755109095393
2023-12-27,1550.967795458841,1.7053025658242404e-13,1550.9677954588408
2023-12-28,1552.3038600451152,1.7053025658242404e-13,1552.303860045115
2023-12-29,1547.1084370759093,1.7053025658242404e-13,1547.108437075909
2024-01-02,1532.398232627091,1.7053025658242404e-13,1532.3982326270907
2024-01-03,1521.1113966637174,1.7053025658242404e-13,1521.1113966637172
2024-01-04,1505.8221053768987,1.7053025658242404e-13,1505.8221053768984
2024-01-05,1504.2229924295304,1.7053025658242404e-13,1504.2229924295302
2024-01-08,1522.3094585346582,1.7053025658242404e-13,1522.309458534658
2024-01-09,1510.5662506030906,1.7053025658242404e-13,1510.5662506030903
2024-01-10,1508.2786637968636,1.7053025658242404e-13,1508.2786637968634
2024-01-11,1505.3686003799837,1.7053025658242404e-13,1505.3686003799835
2024-01-12,1505.600613771087,1.7053025658242404e-13,1505.6006137710867
2024-01-16,1506.4222420364597,1.7053025658242404e-13,1506.4222420364595
2024-01-17,1493.6217902817093,1.7053025658242404e-13,1493.621790281709
2024-01-18,1515.575910511554,1.7053025658242404e-13,1515.5759105115537
2024-01-19,1541.9539432247327,1.7053025658242404e-13,1541.9539432247325
2024-01-22,1541.1365398555315,1.7053025658242404e-13,1541.1365398555313
2024-01-23,1538.236137525204,1.7053025658242404e-13,1538.2361375252037
2024-01-24,1541.9621887909414,1.7053025658242404e-13,1541.9621887909411
2024-01-25,1563.7457217634424,1.7053025658242404e-13,1563.7457217634421
2024-01-26,1559.5615963366542,1.7053025658242404e-13,1559.561596336654
2024-01-29,1563.4384717302967,1.7053025658242404e-13,1563.4384717302964
2024-01-30,1557.4458333206248,1.7053025658242404e-13,1557.4458333206246
2024-01-31,1527.7568031262424,1.7053025658242404e-13,1527.7568031262422
2024-02-01,1547.3967329692657,1.7053025658242404e-13,1547.3967329692655
2024-02-02,1554.5743519332536,1.7053025658242404e-13,1554.5743519332534
2024-02-05,1553.3908059470064,1.7053025658242404e-13,1553.3908059470061
2024-02-06,1552.5885201219435,1.7053025658242404e-13,1552.5885201219432
2024-02-07,1569.2369920683607,1.7053025658242404e-13,1569.2369920683605
2024-02-08,1574.0453396798048,1.7053025658242404e-13,1574.0453396798046
2024-02-09,1585.7743660043227,1.7053025658242404e-13,1585.7743660043225
2024-02-12,1601.777881748515,1.7053025658242404e-13,1601.7778817485148
2024-02-13,1579.8933625557017,1.7053025658242404e-13,1579.8933625557015
2024-02-14,1588.4822839141116,1.7053025658242404e-13,1588.4822839141113
2024-02-15,1579.9789047721772,1.9895196601282805e-13,1579.978904772177
2024-02-16,1574.8973418965554,1.9895196601282805e-13,1574.8973418965552
2024-02-20,1550.0655053480145,1.9895196601282805e-13,1550.0655053480143
2024-02-21,1562.6119589800319,1.9895196601282805e-13,1562.6119589800317
2024-02-22,1594.496312783814,1.9895196601282805e-13,1594.4963127838137
2024-02-23,1577.9293156018,1.9895196601282805e-13,1577.9293156017998
2024-02-26,1586.6272126063227,1.9895196601282805e-13,1586.6272126063225
2024-02-27,1591.044279110109,1.9895196601282805e-13,1591.0442791101088
2024-02-28,1581.379069937553,1.9895196601282805e-13,1581.3790699375527
2024-02-29,1590.1348022274308,1.9895196601282805e-13,1590.1348022274306
2024-03-01,1606.2559446238906,1.9895196601282805e-13,1606.2559446238904
2024-03-04,1607.901638039509,1.9895196601282805e-13,1607.9016380395087
2024-03-05,1597.254852276201,1.9895196601282805e-13,1597.2548522762008
2024-03-06,1606.4373520885956,1.9895196601282805e-13,1606.4373520885954
2024-03-07,1624.9161341456581,1.9895196601282805e-13,1624.916134145658
2024-03-08,1619.2942252057212,1.9895196601282805e-13,1619.294225205721
2024-03-11,1621.7240238122934,1.9895196601282805e-13,1621.7240238122931
2024-03-12,1623.9173815693048,1.9895196601282805e-13,1623.9173815693046
2024-03-13,1645.4555018362016,1.9895196601282805e-13,1645.4555018362014
2024-03-14,1648.831041521769,1.9895196601282805e-13,1648.8310415217688
2024-03-15,1654.0040559264478,1.9895196601282805e-13,1654.0040559264476
2024-03-18,1664.293355390819,1.9895196601282805e-13,1664.2933553908188
2024-03-19,1681.5175942501653,1.9895196601282805e-13,1681.517594250165
2024-03-20,1694.0422004414215,1.9895196601282805e-13,1694.0422004414213
2024-03-21,1723.6230594076483,1.9895196601282805e-13,1723.623059407648
2024-03-22,1717.6846411849779,1.9895196601282805e-13,1717.6846411849776
2024-03-25,1702.8674461975654,1.9895196601282805e-13,1702.8674461975652
2024-03-26,1696.3472503835094,1.9895196601282805e-13,1696.3472503835092
2024-03-27,1705.9405947344492,1.9895196601282805e-13,1705.940594734449
2024-03-28,1716.8152528645262,1.9895196601282805e-13,1716.815252864526
2024-04-01,1718.2141421254626,1.9895196601282805e-13,1718.2141421254623
2024-04-02,1733.204436346289,1.9895196601282805e-13,1733.2044363462887
2024-04-03,1740.912600397655,1.9895196601282805e-13,1740.9126003976548
2024-04-04,1722.500247488624,1.9895196601282805e-13,1722.5002474886237
2024-04-05,1742.5318199216724,1.9895196601282805e-13,1742.5318199216722
2024-04-08,1731.1593362729882,1.9895196601282805e-13,1731.159336272988
2024-04-09,1721.58729998573,1.9895196601282805e-13,1721.5872999857297
2024-04-10,1711.6346383342652,1.9895196601282805e-13,1711.634638334265
2024-04-11,1715.5498764916247,1.9895196601282805e-13,1715.5498764916244
2024-04-12,1684.2320252963914,1.9895196601282805e-13,1684.2320252963912
2024-04-15,1665.7153570440269,1.9895196601282805e-13,1665.7153570440266
2024-04-16,1663.663061132879,1.9895196601282805e-13,1663.6630611328787
2024-04-17,1653.5339437025702,1.9895196601282805e-13,1653.53394370257
2024-04-18,1632.4343255808953,1.9895196601282805e-13,1632.4343255808951
2024-04-19,1639.155388454766,1.9895196601282805e-13,1639.1553884547657
2024-04-22,1651.209296648545,1.9895196601282805e-13,1651.2092966485448
2024-04-23,1668.603194320534,1.9895196601282805e-13,1668.6031943205337
2024-04-24,1669.2578880830104,1.9895196601282805e-13,1669.2578880830101
2024-04-25,1671.414029604917,1.9895196601282805e-13,1671.4140296049168
2024-04-26,1678.742535023081,1.9895196601282805e-13,1678.7425350230808
2024-04-29,1690.0951406081672,1.9895196601282805e-13,1690.095140608167
2024-04-30,1629.1571658784665,1.9895196601282805e-13,1629.1571658784662
2024-05-01,1607.6078867635904,1.9895196601282805e-13,1607.6078867635902
2024-05-02,1621.7586309275855,1.9895196601282805e-13,1621.7586309275853
2024-05-03,1637.802904465674,1.9895196601282805e-13,1637.8029044656737
2024-05-06,1644.8557240171417,1.9895196601282805e-13,1644.8557240171415
2024-05-07,1643.6689498671385,1.9895196601282805e-13,1643.6689498671383
2024-05-08,1647.7857891713513,1.9895196601282805e-13,1647.785789171351
2024-05-09,1667.2295895198597,1.9895196601282805e-13,1667.2295895198595
2024-05-10,1664.3513518607936,1.9895196601282805e-13,1664.3513518607933
2024-05-13,1653.8835571331272,1.9895196601282805e-13,1653.883557133127
2024-05-14,1653.137885659073,1.9895196601282805e-13,1653.1378856590727
2024-05-15,1670.0446710050958,1.9895196601282805e-13,1670.0446710050956
2024-05-16,1667.5713392950522,1.9895196601282805e-13,1667.571339295052
2024-05-17,1688.7200721807353,1.9895196601282805e-13,1688.720072180735
2024-05-20,1685.9877952619013,1.9895196601282805e-13,1685.987795261901
2024-05-21,1695.7001911789084,1.9895196601282805e-13,1695.7001911789082
2024-05-22,1687.852931487332,1.9895196601282805e-13,1687.8529314873317
2024-05-23,1675.6241320803802,1.9895196601282805e-13,1675.62413208038
2024-05-24,1683.8040146266437,1.9895196601282805e-13,1683.8040146266435
2024-05-28,1679.266632609443,1.9895196601282805e-13,1679.2666326094427
2024-05-29,1645.1299324962072,1.9895196601282805e-13,1645.129932496207
2024-05-30,1639.7947752865477,1.9895196601282805e-13,1639.7947752865475
2024-05-31,1665.1106902377817,1.9895196601282805e-13,1665.1106902377815
2024-06-03,1638.3008361988968,1.9895196601282805e-13,1638.3008361988966
2024-06-04,1646.8408107288756,1.9895196601282805e-13,1646.8408107288753
2024-06-05,1656.6308991925023,1.9895196601282805e-13,1656.630899192502
2024-06-06,1657.1986971984013,1.9895196601282805e-13,1657.198697198401
2024-06-07,1652.748673386425,1.9895196601282805e-13,1652.7486733864248
2024-06-10,1661.48940601797,1.9895196601282805e-13,1661.4894060179697
2024-06-11,1670.9473520446832,1.9895196601282805e-13,1670.947352044683
2024-06-12,1672.1461807036944,1.9895196601282805e-13,1672.1461807036942
2024-06-13,1676.973659690331,1.9895196601282805e-13,1676.9736596903308
2024-06-14,1677.1180851102781,1.9895196601282805e-13,1677.118085110278
2024-06-17,1708.3924918583732,1.9895196601282805e-13,1708.392491858373
2024-06-18,1717.235056889245,1.9895196601282805e-13,1717.2350568892448
2024-06-20,1712.9109748182088,1.9895196601282805e-13,1712.9109748182086
2024-06-21,1707.184629742648,1.9895196601282805e-13,1707.1846297426478
2024-06-24,1703.0412187740715,1.9895196601282805e-13,1703.0412187740712
2024-06-25,1697.5764586820724,1.9895196601282805e-13,1697.5764586820721
2024-06-26,1697.818273830793,1.9895196601282805e-13,1697.8182738307928
2024-06-27,1699.7546550692468,1.9895196601282805e-13,1699.7546550692466
2024-06-28,1706.592946459353,1.9895196601282805e-13,1706.5929464593528
2024-07-01,1690.4091747070402,1.9895196601282805e-13,1690.40917470704
2024-07-02,1697.9009834066765,1.9895196601282805e-13,1697.9009834066762
2024-07-03,1694.6524541040965,1.9895196601282805e-13,1694.6524541040963
2024-07-05,1687.269895354382,1.9895196601282805e-13,1687.2698953543818
2024-07-08,1676.5506232266798,1.9895196601282805e-13,1676.5506232266796
2024-07-09,1666.4492061704248,1.9895196601282805e-13,1666.4492061704245
2024-07-10,1673.9108081460488,1.9895196601282805e-13,1673.9108081460486
2024-07-11,1666.9922105646258,1.9895196601282805e-13,1666.9922105646256
2024-07-12,1687.859143061833,1.9895196601282805e-13,1687.8591430618328
2024-07-15,1691.3346623295586,1.9895196601282805e-13,1691.3346623295583
2024-07-16,1709.366782870849,1.9895196601282805e-13,1709.3667828708487
2024-07-17,1674.1969514779043,1.9895196601282805e-13,1674.1969514779041
2024-07-18,1650.307765395885,1.9895196601282805e-13,1650.3077653958849
2024-07-19,1646.6024312622787,1.9895196601282805e-13,1646.6024312622785
2024-07-22,1666.9107067117345,1.9895196601282805e-13,1666.9107067117343
2024-07-23,1653.990581669527,1.9895196601282805e-13,1653.9905816695268
2024-07-24,1640.0463142092274,1.9895196601282805e-13,1640.0463142092271
2024-07-25,1644.0165779142615,1.9895196601282805e-13,1644.0165779142612
2024-07-26,1664.083475876087,1.9895196601282805e-13,1664.0834758760868
2024-07-29,1669.6113810433317,1.9895196601282805e-13,1669.6113810433314
2024-07-30,1681.0176200482372,1.9895196601282805e-13,1681.017620048237
2024-07-31,1690.43532280626,1.9895196601282805e-13,1690.4353228062598
2024-08-01,1650.8459620299627,1.9895196601282805e-13,1650.8459620299625
2024-08-02,1588.4951950207433,1.9895196601282805e-13,1588.495195020743
2024-08-05,1575.4659178210566,1.9895196601282805e-13,1575.4659178210563
2024-08-06,1590.645119500157,1.9895196601282805e-13,1590.6451195001569
2024-08-07,1568.0461203497566,1.9895196601282805e-13,1568.0461203497564
2024-08-08,1609.7306509428684,1.9895196601282805e-13,1609.7306509428681
2024-08-09,1619.2340397261312,1.9895196601282805e-13,1619.234039726131
2024-08-12,1623.8775946533717,1.9895196601282805e-13,1623.8775946533715
2024-08-13,1627.184984342517,1.9895196601282805e-13,1627.1849843425168
2024-08-14,1639.0124179857346,1.9895196601282805e-13,1639.0124179857344
2024-08-15,1659.3086365497663,1.9895196601282805e-13,1659.308636549766
2024-08-16,1655.7821067525954,1.9895196601282805e-13,1655.7821067525952
2024-08-19,1662.9391688069193,1.9895196601282805e-13,1662.939168806919
2024-08-20,1637.9769813721196,1.9895196601282805e-13,1637.9769813721193
2024-08-21,1654.5218567351594,1.9895196601282805e-13,1654.5218567351592
2024-08-22,1642.6770421526087,1.9895196601282805e-13,1642.6770421526085
2024-08-23,1659.4461746888735,1.9895196601282805e-13,1659.4461746888733
2024-08-26,1649.7470328455804,1.9895196601282805e-13,1649.7470328455802
2024-08-27,1647.6367419360547,1.9895196601282805e-13,1647.6367419360545
2024-08-28,1647.7707546919476,1.9895196601282805e-13,1647.7707546919473
2024-08-29,1648.2596314816913,1.9895196601282805e-13,1648.259631481691
2024-08-30,1665.255403063157,1.9895196601282805e-13,1665.2554030631568
2024-09-03,1636.659645023719,1.9895196601282805e-13,1636.6596450237187
2024-09-04,1636.749078289922,1.9895196601282805e-13,1636.7490782899217
2024-09-05,1619.9349084363437,1.9895196601282805e-13,1619.9349084363434
2024-09-06,1598.7383264673251,1.9895196601282805e-13,1598.738326467325
2024-09-09,1605.3123602114197,1.9895196601282805e-13,1605.3123602114194
2024-09-10,1606.498141291819,1.9895196601282805e-13,1606.4981412918187
2024-09-11,1602.5190012665762,1.9895196601282805e-13,1602.519001266576
2024-09-12,1611.8500229854612,1.9895196601282805e-13,1611.850022985461
2024-09-13,1632.5270949399335,1.9895196601282805e-13,1632.5270949399332
2024-09-16,1631.898366548449,1.9895196601282805e-13,1631.8983665484488
2024-09-17,1638.8235980053103,1.9895196601282805e-13,1638.82359800531
2024-09-18,1634.5872331127734,1.9895196601282805e-13,1634.5872331127732
2024-09-19,1640.9807403736231,1.9895196601282805e-13,1640.980740373623
2024-09-20,1632.1472594395689,1.9895196601282805e-13,1632.1472594395686
2024-09-23,1644.686719161153,1.9895196601282805e-13,1644.6867191611527
2024-09-24,1644.6090739531196,1.9895196601282805e-13,1644.6090739531194
2024-09-25,1652.5626623116138,1.9895196601282805e-13,1652.5626623116136
2024-09-26,1681.8069852117408,1.9895196601282805e-13,1681.8069852117405
2024-09-27,1676.8458706543531,1.9895196601282805e-13,1676.845870654353
2024-09-30,1676.4499390413241,1.9895196601282805e-13,1676.449939041324
2024-10-01,1680.0207219543197,1.9895196601282805e-13,1680.0207219543195
2024-10-02,1681.6995325737087,1.9895196601282805e-13,1681.6995325737084
2024-10-03,1695.6043813160563,1.9895196601282805e-13,1695.604381316056
2024-10-04,1699.760058125591,1.9895196601282805e-13,1699.7600581255908
2024-10-07,1695.272885370344,1.9895196601282805e-13,1695.2728853703438
2024-10-08,1683.5673568451832,1.9895196601282805e-13,1683.567356845183
2024-10-09,1699.1132627002014,1.9895196601282805e-13,1699.1132627002012
2024-10-10,1699.890742392875,1.9895196601282805e-13,1699.8907423928747
2024-10-11,1712.2324382858517,1.9895196601282805e-13,1712.2324382858515
2024-10-14,1722.5411049830866,1.9895196601282805e-13,1722.5411049830864
2024-10-15,1679.8231241135707,1.9895196601282805e-13,1679.8231241135704
2024-10-16,1687.673276633212,1.9895196601282805e-13,1687.6732766332118
2024-10-17,1685.902506104764,1.9895196601282805e-13,1685.9025061047637
2024-10-18,1686.8593816893226,1.9895196601282805e-13,1686.8593816893224
2024-10-21,1678.9243888512758,1.9895196601282805e-13,1678.9243888512756
2024-10-22,1676.5711135685483,1.9895196601282805e-13,1676.571113568548
2024-10-23,1664.280493561778,1.9895196601282805e-13,1664.2804935617778
2024-10-24,1653.9993645400555,1.9895196601282805e-13,1653.9993645400552
2024-10-25,1651.3824489099622,1.9895196601282805e-13,1651.382448909962
2024-10-28,1644.2342335529163,1.9895196601282805e-13,1644.234233552916
2024-10-29,1630.6335015486889,1.9895196601282805e-13,1630.6335015486886
2024-10-30,1625.1296347420798,1.9895196601282805e-13,1625.1296347420796
2024-10-31,1630.4547352948905,1.9895196601282805e-13,1630.4547352948903
2024-11-01,1624.5089694462215,1.9895196601282805e-13,1624.5089694462213
2024-11-04,1633.0065228102055,1.9895196601282805e-13,1633.0065228102053
2024-11-05,1667.4856683609835,1.9895196601282805e-13,1667.4856683609833
2024-11-06,1738.4908512979812,1.9895196601282805e-13,1738.490851297981
2024-11-07,1734.7744959035597,1.9895196601282805e-13,1734.7744959035595
2024-11-08,1738.9844944472757,1.9895196601282805e-13,1738.9844944472754
2024-11-11,1744.9550328432613,1.9895196601282805e-13,1744.955032843261
2024-11-12,1738.3181268355975,1.9895196601282805e-13,1738.3181268355972
2024-11-13,1740.755297916048,1.9895196601282805e-13,1740.7552979160478
2024-11-14,1731.2536580684693,1.9895196601282805e-13,1731.2536580684691
2024-11-15,1721.0828553565377,1.9895196601282805e-13,1721.0828553565375
2024-11-18,1738.3621183817847,1.9895196601282805e-13,1738.3621183817845
2024-11-19,1724.5032450528313,1.9895196601282805e-13,1724.503245052831
2024-11-20,1719.9933923963956,1.9895196601282805e-13,1719.9933923963954
2024-11-21,1750.936089234261,1.9895196601282805e-13,1750.9360892342609
2024-11-22,1757.5118012621692,1.9895196601282805e-13,1757.511801262169
2024-11-25,1759.8208440841465,1.9895196601282805e-13,1759.8208440841463
2024-11-26,1755.4144955360894,1.9895196601282805e-13,1755.4144955360891
2024-11-27,1753.6442188960182,1.9895196601282805e-13,1753.644218896018
2024-11-29,1759.444506587919,1.9895196601282805e-13,1759.4445065879188
2024-12-02,1777.585266323397,1.9895196601282805e-13,1777.5852663233968
2024-12-03,1764.7353721500317,1.9895196601282805e-13,1764.7353721500315
2024-12-04,1752.2695277682103,1.9895196601282805e-13,1752.26952776821
2024-12-05,1738.6545963029344,1.9895196601282805e-13,1738.6545963029341
2024-12-06,1742.1321258266807,1.9895196601282805e-13,1742.1321258266805
2024-12-09,1740.649916986717,1.9895196601282805e-13,1740.6499169867168
2024-12-10,1733.655583205689,1.9895196601282805e-13,1733.6555832056888
2024-12-11,1748.197192928992,1.9895196601282805e-13,1748.1971929289919
2024-12-12,1728.5762842964243,1.9895196601282805e-13,1728.576284296424
2024-12-13,1730.2607381544433,1.9895196601282805e-13,1730.260738154443
2024-12-16,1702.863598536436,1.9895196601282805e-13,1702.8635985364358
2024-12-17,1690.9373824682457,1.9895196601282805e-13,1690.9373824682455
2024-12-18,1642.8746410889853,1.9895196601282805e-13,1642.874641088985
2024-12-19,1625.46506454213,1.9895196601282805e-13,1625.4650645421298
2024-12-20,1641.9602782669897,1.9895196601282805e-13,1641.9602782669895
2024-12-23,1645.7772245508368,1.9895196601282805e-13,1645.7772245508365
2024-12-24,1661.402218772032,1.9895196601282805e-13,1661.4022187720318
2024-12-26,1661.9917494767965,1.9895196601282805e-13,1661.9917494767963
2024-12-27,1651.2797217175666,1.9895196601282805e-13,1651.2797217175664
2024-12-30,1630.862478986851,1.9895196601282805e-13,1630.8624789868509
2024-12-31,1644.299397765353,1.9895196601282805e-13,1644.2993977653528
2025-01-02,1641.0281362928006,1.9895196601282805e-13,1641.0281362928004
2025-01-03,1652.8926062856274,1.9895196601282805e-13,1652.8926062856272
2025-01-06,1653.422443792144,1.9895196601282805e-13,1653.4224437921437
2025-01-07,1647.7386232774907,1.9895196601282805e-13,1647.7386232774904
2025-01-08,1653.187929155043,1.9895196601282805e-13,1653.1879291550429
2025-01-10,1628.4270118683264,1.9895196601282805e-13,1628.4270118683262
2025-01-13,1642.0319650764811,1.9895196601282805e-13,1642.031965076481
2025-01-14,1644.9763176740714,1.9895196601282805e-13,1644.9763176740712
2025-01-15,1673.537540047474,1.9895196601282805e-13,1673.5375400474738
2025-01-16,1692.4549541083638,1.9895196601282805e-13,1692.4549541083636
2025-01-17,1709.8568730487234,1.9895196601282805e-13,1709.8568730487232
2025-01-21,1718.2418678935994,1.9895196601282805e-13,1718.2418678935992
2025-01-22,1698.194924532576,1.9895196601282805e-13,1698.1949245325757
2025-01-23,1726.9290224010667,1.9895196601282805e-13,1726.9290224010665
2025-01-24,1715.3193810901826,1.9895196601282805e-13,1715.3193810901823
2025-01-27,1708.2075052144125,1.9895196601282805e-13,1708.2075052144123
2025-01-28,1693.5695869154222,1.9895196601282805e-13,1693.569586915422
2025-01-29,1702.3116703831558,1.9895196601282805e-13,1702.3116703831556
2025-01-30,1706.235782054292,1.9895196601282805e-13,1706.2357820542918
2025-01-31,1691.1564167889674,1.9895196601282805e-13,1691.1564167889671
2025-02-03,1697.7164778382942,1.9895196601282805e-13,1697.716477838294
2025-02-04,1717.6941632956587,1.9895196601282805e-13,1717.6941632956584
2025-02-05,1724.3412778552367,1.9895196601282805e-13,1724.3412778552365
2025-02-06,1707.264105268341,1.9895196601282805e-13,1707.2641052683407
2025-02-07,1704.3498584747792,1.9895196601282805e-13,1704.349858474779
2025-02-10,1726.4395164397458,1.9895196601282805e-13,1726.4395164397456
2025-02-11,1735.904436362376,1.9895196601282805e-13,1735.9044363623757
2025-02-12,1724.2196015769075,1.9895196601282805e-13,1724.2196015769073
2025-02-13,1745.230557044993,1.9895196601282805e-13,1745.2305570449928
2025-02-14,1744.574632000049,1744.574632000049,0.0
2025-02-18,1735.8387932068422,1.1368683772161603e-13,1735.8387932068422
2025-02-19,1746.7885702323674,1.1368683772161603e-13,1746.7885702323672
2025-02-20,1739.5495190492666,1.1368683772161603e-13,1739.5495190492666
2025-02-21,1686.197799671511,1.1368683772161603e-13,1686.197799671511
2025-02-24,1664.898478214774,1.1368683772161603e-13,1664.898478214774
2025-02-25,1645.5332657341555,1.1368683772161603e-13,1645.5332657341555
2025-02-26,1678.8150626223082,1.1368683772161603e-13,1678.8150626223082
2025-02-27,1619.0361956609809,1.1368683772161603e-13,1619.0361956609809
2025-02-28,1628.195223492005,1.1368683772161603e-13,1628.1952234920047
2025-03-03,1573.6703539146092,1.1368683772161603e-13,1573.6703539146092
2025-03-04,1569.6093868324692,1.1368683772161603e-13,1569.6093868324692
2025-03-05,1555.9858235290335,1.1368683772161603e-13,1555.9858235290333
2025-03-06,1521.8743288519577,1.1368683772161603e-13,1521.8743288519574
2025-03-07,1527.2768451199759,1.1368683772161603e-13,1527.2768451199756
2025-03-10,1509.7854203597212,1.1368683772161603e-13,1509.7854203597212
2025-03-11,1500.809269203808,1.1368683772161603e-13,1500.8092692038078
2025-03-12,1512.1647795653867,1.1368683772161603e-13,1512.1647795653867
2025-03-13,1470.4802398990478,1.1368683772161603e-13,1470.4802398990478
2025-03-14,1522.4284794729278,1.1368683772161603e-13,1522.4284794729278
2025-03-17,1548.3886252393581,1.1368683772161603e-13,1548.388625239358
2025-03-18,1517.9900701966235,1.1368683772161603e-13,1517.9900701966235
2025-03-19,1548.9282199098925,1.1368683772161603e-13,1548.9282199098925
2025-03-20,1548.3642856628771,1.1368683772161603e-13,1548.364285662877
2025-03-21,1560.4689124498955,1.1368683772161603e-13,1560.4689124498952
2025-03-24,1583.8517161665823,1.1368683772161603e-13,1583.851716166582
2025-03-25,1579.6284508865133,1.1368683772161603e-13,1579.628450886513
2025-03-26,1555.634859963056,1.1368683772161603e-13,1555.634859963056
2025-03-27,1545.1701479711678,1.1368683772161603e-13,1545.1701479711676
2025-03-28,1519.3513705103542,1.1368683772161603e-13,1519.3513705103542
2025-03-31,1533.3219451184445,1.1368683772161603e-13,1533.3219451184445
2025-04-01,1550.0948497270542,1.1368683772161603e-13,1550.0948497270542
2025-04-02,1570.5731753829505,1.1368683772161603e-13,1570.5731753829502
2025-04-03,1480.7013210946507,1.1368683772161603e-13,1480.7013210946507
2025-04-04,1412.0435831402715,1.1368683772161603e-13,1412.0435831402713
2025-04-07,1400.9519963540802,1.1368683772161603e-13,1400.9519963540802
2025-04-08,1365.7212239692121,1.1368683772161603e-13,1365.7212239692121
2025-04-09,1494.3442348618337,1.1368683772161603e-13,1494.3442348618337
2025-04-10,1446.0983454608781,1.1368683772161603e-13,1446.0983454608781
2025-04-11,1460.895188422448,1.1368683772161603e-13,1460.895188422448
2025-04-14,1469.230064042531,1.1368683772161603e-13,1469.230064042531
2025-04-15,1461.777359928974,1.1368683772161603e-13,1461.7773599289737
2025-04-16,1434.180394350567,1.1368683772161603e-13,1434.180394350567
2025-04-17,1454.2584925398514,1.1368683772161603e-13,1454.2584925398512
2025-04-21,1415.1689492891442,1.1368683772161603e-13,1415.1689492891442
2025-04-22,1458.7385124189868,1.1368683772161603e-13,1458.7385124189868
2025-04-23,1488.5595561593896,1.1368683772161603e-13,1488.5595561593893
2025-04-24,1513.501384027285,1.1368683772161603e-13,1513.501384027285
2025-04-25,1525.4032748793643,1.1368683772161603e-13,1525.403274879364
2025-04-28,1534.6742792510245,1.1368683772161603e-13,1534.6742792510245
2025-04-29,1538.6639900265159,1.1368683772161603e-13,1538.6639900265159
2025-04-30,1533.3945304742824,1.1368683772161603e-13,1533.3945304742822
2025-05-01,1532.4472996651089,1.1368683772161603e-13,1532.4472996651086
2025-05-02,1558.7429486346582,1.1368683772161603e-13,1558.7429486346582
2025-05-05,1547.4386338319837,1.1368683772161603e-13,1547.4386338319837
2025-05-06,1544.169516143922,1.1368683772161603e-13,1544.1695161439218
2025-05-07,1543.8170998974956,1.1368683772161603e-13,1543.8170998974956
2025-05-08,1559.6705140466584,1.1368683772161603e-13,1559.6705140466581
2025-05-09,1552.6045252634167,1.1368683772161603e-13,1552.6045252634165
2025-05-12,1660.4365073366903,1.1368683772161603e-13,1660.43650733669
2025-05-13,1712.7921463301168,1.1368683772161603e-13,1712.7921463301166
2025-05-14,1722.108174688081,1.1368683772161603e-13,1722.108174688081
2025-05-15,1733.2422021197335,1.1368683772161603e-13,1733.2422021197335
2025-05-16,1764.4596382336017,1.1368683772161603e-13,1764.4596382336017
2025-05-19,1759.8932051404854,1.1368683772161603e-13,1759.8932051404854
2025-05-20,1730.9664961383874,1.1368683772161603e-13,1730.9664961383871
2025-05-21,1688.1202084730971,1.1368683772161603e-13,1688.1202084730971
2025-05-22,1691.7802104442712,1.1368683772161603e-13,1691.7802104442712
2025-05-23,1691.2552055929668,1.1368683772161603e-13,1691.2552055929668
2025-05-27,1712.3217785098013,1.1368683772161603e-13,1712.321778509801
2025-05-28,1694.3317220998938,1.1368683772161603e-13,1694.3317220998938
2025-05-29,1691.565818627419,1.1368683772161603e-13,1691.5658186274188
2025-05-30,1690.2185927011606,1.1368683772161603e-13,1690.2185927011606
2025-06-02,1693.914814561901,1.1368683772161603e-13,1693.9148145619008
2025-06-03,1723.3892238889161,1.1368683772161603e-13,1723.389223888916
2025-06-04,1719.10929127188,1.1368683772161603e-13,1719.10929127188
2025-06-05,1715.8291344611857,1.1368683772161603e-13,1715.8291344611857
2025-06-06,1720.2428246336622,1.1368683772161603e-13,1720.242824633662
2025-06-09,1716.5686450906305,1.1368683772161603e-13,1716.5686450906305
2025-06-10,1719.4995568097038,1.1368683772161603e-13,1719.4995568097038
2025-06-11,1713.2121023686868,1.1368683772161603e-13,1713.2121023686866
2025-06-12,1724.5750041586543,1.1368683772161603e-13,1724.575004158654
2025-06-13,1702.2420837638865,1.1368683772161603e-13,1702.2420837638865
2025-06-16,1716.518273497487,1.1368683772161603e-13,1716.518273497487
2025-06-17,1704.3358789522576,1.1368683772161603e-13,1704.3358789522574
2025-06-18,1707.9987558024031,1.1368683772161603e-13,1707.998755802403
2025-06-20,1733.0847215610024,1.1368683772161603e-13,1733.0847215610022
2025-06-23,1727.8175664701917,1.1368683772161603e-13,1727.8175664701917
2025-06-24,1738.1124445972546,1.1368683772161603e-13,1738.1124445972546
2025-06-25,1743.1190664843066,1.1368683772161603e-13,1743.1190664843066
2025-06-26,1778.3730656347407,1.1368683772161603e-13,1778.3730656347404
2025-06-27,1781.7167794542283,1.1368683772161603e-13,1781.7167794542283
2025-06-30,1792.8505641185402,1.1368683772161603e-13,1792.8505641185402
2025-07-01,1801.5553396383402,1.1368683772161603e-13,1801.55533963834
2025-07-02,1815.913161369294,1.1368683772161603e-13,1815.913161369294
2025-07-03,1827.088754974905,1.1368683772161603e-13,1827.0887549749048
2025-07-07,1835.7554365890524,1.1368683772161603e-13,1835.7554365890524
2025-07-08,1829.7560578486573,1.1368683772161603e-13,1829.756057848657
2025-07-09,1842.6138077693158,1.1368683772161603e-13,1842.6138077693156
2025-07-10,1857.603696130287,1.1368683772161603e-13,1857.6036961302868
2025-07-11,1839.2511713174458,1.1368683772161603e-13,1839.2511713174456
2025-07-14,1843.939938963084,1.1368683772161603e-13,1843.939938963084
2025-07-15,1824.1090167040347,1.1368683772161603e-13,1824.1090167040345
2025-07-16,1813.2256695074148,1.1368683772161603e-13,1813.2256695074148
2025-07-17,1826.3742059685014,1.1368683772161603e-13,1826.3742059685014
2025-07-18,1827.5564267476707,1.1368683772161603e-13,1827.5564267476705
2025-07-21,1834.0666639903743,1.1368683772161603e-13,1834.066663990374
2025-07-22,1860.9132266741385,1.1368683772161603e-13,1860.9132266741385
2025-07-23,1894.8430803302376,1.1368683772161603e-13,1894.8430803302374
2025-07-24,1882.3202180326348,1.1368683772161603e-13,1882.3202180326348
2025-07-25,1892.1516132808601,1.1368683772161603e-13,1892.1516132808601
2025-07-28,1920.9685614102968,1.1368683772161603e-13,1920.9685614102968
2025-07-29,1917.2091963884254,1.1368683772161603e-13,1917.2091963884252
2025-07-30,1921.02086326383,1.1368683772161603e-13,1921.0208632638298
2025-07-31,1903.3566550450541,1.1368683772161603e-13,1903.356655045054
2025-08-01,1891.3387072790365,1.1368683772161603e-13,1891.3387072790365
2025-08-04,1931.580582284102,1.1368683772161603e-13,1931.5805822841019
2025-08-05,1935.1902577275496,1.1368683772161603e-13,1935.1902577275494
2025-08-06,1835.19101031004,1.1368683772161603e-13,1835.19101031004
2025-08-07,1835.606771983797,1.1368683772161603e-13,1835.6067719837968
2025-08-08,1820.501568568634,1.1368683772161603e-13,1820.501568568634
2025-08-11,1812.6896077688957,1.1368683772161603e-13,1812.6896077688955
2025-08-12,1842.6530228881657,1.1368683772161603e-13,1842.6530228881654
2025-08-13,1856.385933063189,1.1368683772161603e-13,1856.385933063189
2025-08-14,1839.8824588262269,1.1368683772161603e-13,1839.8824588262269
2025-08-15,1827.8997246041977,1.1368683772161603e-13,1827.8997246041977
2025-08-18,1839.9591757738958,1.1368683772161603e-13,1839.9591757738958
2025-08-19,1841.5245047813669,1.1368683772161603e-13,1841.5245047813669
2025-08-20,1831.5125520652018,1.1368683772161603e-13,1831.5125520652018
2025-08-21,1824.5480559237303,1.1368683772161603e-13,1824.5480559237303
2025-08-22,1859.3389600021533,1.1368683772161603e-13,1859.3389600021533
2025-08-25,1856.4838552629772,1.1368683772161603e-13,1856.4838552629772
2025-08-26,1867.2241874637962,1.1368683772161603e-13,1867.224187463796
2025-08-27,1879.615611407607,1.1368683772161603e-13,1879.615611407607
2025-08-28,1879.5236638731621,1.1368683772161603e-13,1879.5236638731621
2025-08-29,1852.7810920327101,1.1368683772161603e-13,1852.7810920327101
2025-09-02,1839.9333007294963,1.1368683772161603e-13,1839.933300729496
2025-09-03,1837.0501459867437,1.1368683772161603e-13,1837.0501459867437
2025-09-04,1859.3549761695176,1.1368683772161603e-13,1859.3549761695176
2025-09-05,1864.4559728576246,1.1368683772161603e-13,1864.4559728576246
2025-09-08,1867.952110900449,1.1368683772161603e-13,1867.952110900449
2025-09-09,1878.61142800453,1.1368683772161603e-13,1878.6114280045297
2025-09-10,1887.603249749413,1.1368683772161603e-13,1887.6032497494127
2025-09-11,1907.6761581063279,1.1368683772161603e-13,1907.6761581063276
2025-09-12,1917.793882943649,1.1368683772161603e-13,1917.793882943649
2025-09-15,1914.5640880639771,1.1368683772161603e-13,1914.564088063977
2025-09-16,1898.4134165401665,1.1368683772161603e-13,1898.4134165401663
2025-09-17,1890.7356011788243,1.1368683772161603e-13,1890.735601178824
2025-09-18,1889.9472643174195,1.1368683772161603e-13,1889.9472643174192
2025-09-19,1882.2670415896396,1.1368683772161603e-13,1882.2670415896396
2025-09-22,1893.1975625049677,1.1368683772161603e-13,1893.1975625049674
2025-09-23,1895.6363945290855,1.1368683772161603e-13,1895.6363945290852
2025-09-24,1883.0732870640636,1.1368683772161603e-13,1883.0732870640634
2025-09-25,1880.339966237948,1.1368683772161603e-13,1880.3399662379477
2025-09-26,1900.030473533699,1.1368683772161603e-13,1900.030473533699
2025-09-29,1894.5729429395278,1.1368683772161603e-13,1894.5729429395278
2025-09-30,1889.8564080401793,1.1368683772161603e-13,1889.8564080401793
2025-10-01,1905.530241423312,1.1368683772161603e-13,1905.530241423312
2025-10-02,1922.3580838762236,1.1368683772161603e-13,1922.3580838762234
2025-10-03,1917.9440071615413,1.1368683772161603e-13,1917.944007161541
2025-10-06,1913.6941907743999,1.1368683772161603e-13,1913.6941907743999
2025-10-07,1892.3011586915327,1.1368683772161603e-13,1892.3011586915327
2025-10-08,1911.700842532663,1.1368683772161603e-13,1911.700842532663
2025-10-09,1906.6618619424326,1.1368683772161603e-13,1906.6618619424326
2025-10-10,1853.1226883594068,1.1368683772161603e-13,1853.1226883594065
2025-10-13,1890.1781218962365,1.1368683772161603e-13,1890.1781218962365
2025-10-14,1892.0254037469758,1.1368683772161603e-13,1892.0254037469758
2025-10-15,1895.6163788887175,1.1368683772161603e-13,1895.6163788887175
2025-10-16,1870.5735634405173,1.1368683772161603e-13,1870.5735634405173
2025-10-17,1872.1323008444629,1.1368683772161603e-13,1872.1323008444629
2025-10-20,1885.7252848336948,1.1368683772161603e-13,1885.7252848336948
2025-10-21,1882.9570817651038,1.1368683772161603e-13,1882.9570817651036
2025-10-22,1866.5497863155574,1.1368683772161603e-13,1866.5497863155574
2025-10-23,1859.488048488373,1.1368683772161603e-13,1859.488048488373
2025-10-24,1875.186853303454,1.1368683772161603e-13,1875.1868533034537
2025-10-27,1894.620425335227,1.1368683772161603e-13,1894.6204253352269
2025-10-28,1877.0324343510815,1.1368683772161603e-13,1877.0324343510813
2025-10-29,1877.2970444104785,1.1368683772161603e-13,1877.2970444104785
2025-10-30,1850.3915346489161,1.1368683772161603e-13,1850.3915346489161
2025-10-31,1858.807271768781,1.1368683772161603e-13,1858.8072717687808
2025-11-03,1838.143373532263,1.1368683772161603e-13,1838.143373532263
2025-11-04,1791.467028422468,1.1368683772161603e-13,1791.4670284224678
2025-11-05,1788.8704218318912,1.1368683772161603e-13,1788.8704218318912
2025-11-06,1776.5529761588127,1.1368683772161603e-13,1776.5529761588125
2025-11-07,1794.5528618121039,1.1368683772161603e-13,1794.5528618121036
2025-11-10,1792.6538321834673,1.1368683772161603e-13,1792.653832183467
2025-11-11,1793.321246010606,1.1368683772161603e-13,1793.321246010606
2025-11-12,1799.667612143638,1.1368683772161603e-13,1799.6676121436378
2025-11-13,1770.1010353015117,1.1368683772161603e-13,1770.1010353015117
2025-11-14,1778.2459557231923,1.1368683772161603e-13,1778.245955723192
2025-11-17,1733.496531908021,1.1368683772161603e-13,1733.496531908021
2025-11-18,1743.3447288464522,1.1368683772161603e-13,1743.3447288464522
2025-11-19,1724.5584567116985,1.1368683772161603e-13,1724.5584567116985
2025-11-20,1679.1243282536502,1.1368683772161603e-13,1679.1243282536502
2025-11-21,1708.963462002309,1.1368683772161603e-13,1708.963462002309
2025-11-24,1729.969424548387,1.1368683772161603e-13,1729.969424548387
2025-11-25,1747.6579885604792,1.1368683772161603e-13,1747.657988560479
2025-11-26,1768.6130887703516,1.1368683772161603e-13,1768.6130887703514
2025-11-28,1780.4853864299266,1.1368683772161603e-13,1780.4853864299266
2025-12-01,1768.157872824454,1.1368683772161603e-13,1768.1578728244538
2025-12-02,1761.1276759544994,1.1368683772161603e-13,1761.1276759544994
2025-12-03,1765.1727612848545,1.1368683772161603e-13,1765.1727612848542
2025-12-04,1771.6800402416889,1.1368683772161603e-13,1771.6800402416886
2025-12-05,1763.6701664849024,1.1368683772161603e-13,1763.6701664849022
2025-12-08,1757.1552400518904,1.1368683772161603e-13,1757.1552400518904
2025-12-09,1744.5642878825256,1.1368683772161603e-13,1744.5642878825254
2025-12-10,1760.042864658673,1.1368683772161603e-13,1760.042864658673
2025-12-11,1752.1358516946825,1.1368683772161603e-13,1752.1358516946825
2025-12-12,1721.997343303814,1.1368683772161603e-13,1721.997343303814
2025-12-15,1722.3172518225933,1.1368683772161603e-13,1722.3172518225933
2025-12-16,1699.2052453543793,1.1368683772161603e-13,1699.205245354379
2025-12-17,1663.3370653362254,1.1368683772161603e-13,1663.3370653362251
2025-12-18,1658.4449904444236,1.1368683772161603e-13,1658.4449904444234
2025-12-19,1662.9593089750242,1.1368683772161603e-13,1662.959308975024
2025-12-22,1662.8620814593028,1.1368683772161603e-13,1662.8620814593028
2025-12-23,1664.707782823,1.1368683772161603e-13,1664.7077828229997
2025-12-24,1674.1331123806185,1.1368683772161603e-13,1674.1331123806185
2025-12-26,1670.1393447247033,1.1368683772161603e-13,1670.1393447247033
2025-12-29,1662.9989922965592,1.1368683772161603e-13,1662.9989922965592
2025-12-30,1656.3138951810797,1.1368683772161603e-13,1656.3138951810795
2025-12-31,1643.9162298897563,1.1368683772161603e-13,1643.916229889756
2026-01-02,1673.0666589809107,1.1368683772161603e-13,1673.0666589809107
2026-01-05,1679.175022142088,1.1368683772161603e-13,1679.175022142088
2026-01-06,1675.2005586070973,1.1368683772161603e-13,1675.200558607097
2026-01-07,1646.1515895030084,1.1368683772161603e-13,1646.1515895030084
2026-01-08,1660.0022005334167,1.1368683772161603e-13,1660.0022005334167
2026-01-09,1703.8561330867656,1.1368683772161603e-13,1703.8561330867656
2026-01-12,1697.6317311907633,1.1368683772161603e-13,1697.6317311907633
2026-01-13,1694.5856982424998,1.1368683772161603e-13,1694.5856982424996
2026-01-14,1694.537234070266,1.1368683772161603e-13,1694.5372340702659
2026-01-15,1712.208738510948,1.1368683772161603e-13,1712.208738510948
2026-01-16,1706.0578271192971,1.1368683772161603e-13,1706.0578271192971
2026-01-20,1682.3978792803782,1.1368683772161603e-13,1682.3978792803782
2026-01-21,1727.4713484054319,1.1368683772161603e-13,1727.4713484054319
2026-01-22,1724.6618472172568,1.1368683772161603e-13,1724.6618472172565
2026-01-23,1715.9457419456976,1.1368683772161603e-13,1715.9457419456974
2026-01-26,1710.6607581967737,1.1368683772161603e-13,1710.6607581967737
2026-01-27,1725.6690974912021,1.1368683772161603e-13,1725.6690974912021
2026-01-28,1719.9901434505641,1.1368683772161603e-13,1719.9901434505641
2026-01-29,1690.9282122808618,1.1368683772161603e-13,1690.9282122808615
2026-01-30,1676.3519432405292,1.1368683772161603e-13,1676.3519432405292
2026-02-02,1684.1280640158966,1.1368683772161603e-13,1684.1280640158966
2026-02-03,1692.7166345092173,1.1368683772161603e-13,1692.716634509217
2026-02-04,1719.4659338872048,1.1368683772161603e-13,1719.4659338872045
2026-02-05,1678.6523060770164,1.1368683772161603e-13,1678.6523060770162
2026-02-06,1741.9263027593438,1.1368683772161603e-13,1741.9263027593438
2026-02-09,1722.446981160192,1.1368683772161603e-13,1722.4469811601919
2026-02-10,1735.2184531409703,1.1368683772161603e-13,1735.2184531409703
2026-02-11,1748.807905637048,1.1368683772161603e-13,1748.8079056370477
2026-02-12,1712.2559190597194,1.1368683772161603e-13,1712.2559190597192
2026-02-13,1731.6977712186924,1731.6977712186924,0.0
2026-02-17,1722.97479642227,-1.4210854715202004e-13,1722.9747964222702
2026-02-18,1727.1767930584956,-1.4210854715202004e-13,1727.1767930584958
2026-02-19,1723.2573811379398,-1.4210854715202004e-13,1723.25738113794
2026-02-20,1725.0125754920919,-1.4210854715202004e-13,1725.012575492092
2026-02-23,1705.7469174276396,-1.4210854715202004e-13,1705.7469174276398
2026-02-24,1723.6773877880853,-1.4210854715202004e-13,1723.6773877880855
2026-02-25,1696.3845254091125,-1.4210854715202004e-13,1696.3845254091127
2026-02-26,1672.2160008515093,-1.4210854715202004e-13,1672.2160008515095
2026-02-27,1692.2230023952359,-1.4210854715202004e-13,1692.223002395236
2026-03-02,1683.23032019995,-1.4210854715202004e-13,1683.2303201999503
2026-03-03,1670.8905180046313,-1.4210854715202004e-13,1670.8905180046315
2026-03-04,1665.8798962619856,-1.4210854715202004e-13,1665.8798962619858
2026-03-05,1680.2142173049606,-1.4210854715202004e-13,1680.2142173049608
2026-03-06,1669.4279283529074,-1.4210854715202004e-13,1669.4279283529077
2026-03-09,1663.3912345463514,-1.4210854715202004e-13,1663.3912345463516
2026-03-10,1643.399665496516,-1.4210854715202004e-13,1643.3996654965163
2026-03-11,1668.139231127517,-1.4210854715202004e-13,1668.1392311275172
2026-03-12,1674.2584695579235,-1.4210854715202004e-13,1674.2584695579237
2026-03-13,1671.1043770318563,-1.4210854715202004e-13,1671.1043770318565
2026-03-16,1663.1833732499551,-1.4210854715202004e-13,1663.1833732499554
2026-03-17,1689.7781690724019,-1.4210854715202004e-13,1689.778169072402
2026-03-18,1662.6135360516407,-1.4210854715202004e-13,1662.613536051641
2026-03-19,1636.4826011793298,-1.4210854715202004e-13,1636.48260117933
2026-03-20,1602.627558719086,-1.4210854715202004e-13,1602.6275587190862
2026-03-23,1629.0046481656761,-1.4210854715202004e-13,1629.0046481656764
2026-03-24,1637.976995887659,-1.4210854715202004e-13,1637.9769958876593
2026-03-25,1645.5766189183414,-1.4210854715202004e-13,1645.5766189183416
2026-03-26,1634.625538615571,-1.4210854715202004e-13,1634.6255386155713
2026-03-27,1621.2479236534793,-1.4210854715202004e-13,1621.2479236534796
2026-03-30,1625.051559683108,-1.4210854715202004e-13,1625.0515596831083
2026-03-31,1632.1772931776347,-1.4210854715202004e-13,1632.177293177635
2026-04-01,1624.2238612811661,-1.4210854715202004e-13,1624.2238612811664
2026-04-02,1611.9804467351491,1611.9804467351491,0.0
