2026-04-23 14:00:11,766  INFO  ============================================================
2026-04-23 14:00:11,766  INFO    STARTING MULTI-AGENT ML STOCK PICKER PIPELINE
2026-04-23 14:00:11,767  INFO    Run: quarterly_2024Q4_2025Q4
2026-04-23 14:00:11,767  INFO  ============================================================
2026-04-23 14:00:11,808  INFO  Dynamic universe: 524 active candidates in [2024-12-31, 2025-12-31]
2026-04-23 14:00:11,809  INFO  ============================================================
2026-04-23 14:00:11,809  INFO    STEP 1 — DATA DOWNLOAD
2026-04-23 14:00:11,810  INFO    Tickers : 524 | Period: 2000-01-01 → 2026-04-23
2026-04-23 14:00:11,810  INFO    Destination : data_finnhub
2026-04-23 14:00:11,811  INFO  ============================================================
2026-04-23 14:00:11,820  INFO  ==================================================
2026-04-23 14:00:11,820  INFO    Finnhub + Yahoo Finance Downloader
2026-04-23 14:00:11,820  INFO    Tickers  : 524
2026-04-23 14:00:11,822  INFO    Periodo  : 2000-01-01 -> 2026-04-23
2026-04-23 14:00:11,823  INFO    Destino  : C:\Users\PC\Desktop\Documents\TFM\data_finnhub
2026-04-23 14:00:11,823  INFO    Optional endpoints: enabled
2026-04-23 14:00:11,823  INFO  ==================================================
2026-04-23 14:00:11,824  INFO  Descargando macro...
2026-04-23 14:00:11,824  INFO    _macro/sp500.json  skip
2026-04-23 14:00:12,599  INFO    Skip terminal prices (404/delisted): 10
2026-04-23 14:00:12,600  INFO    Skip tickers completos en registry: 512
2026-04-23 14:00:12,600  INFO    Skip tickers incompletos/parciales: 2
2026-04-23 14:00:12,601  INFO  Descargando 0 tickers...
2026-04-23 14:00:12,604  INFO  ==================================================
2026-04-23 14:00:12,604  INFO    DESCARGA COMPLETADA
2026-04-23 14:00:12,605  INFO    Completos  : 0
2026-04-23 14:00:12,605  INFO    Parciales  : 0
2026-04-23 14:00:12,605  INFO    No data  : 0
2026-04-23 14:00:12,606  INFO  ==================================================
2026-04-23 14:00:12,607  INFO    Download completed. Proceeding to consolidation...
2026-04-23 14:00:12,607  INFO  ============================================================
2026-04-23 14:00:12,607  INFO    STEP 2 — DATA CONSOLIDATION
2026-04-23 14:00:12,608  INFO    Normalising and merging Finnhub files for 524 tickers...
2026-04-23 14:00:12,608  INFO  ============================================================
2026-04-23 14:01:37,271  INFO  FinnhubConsolidator: ok=524, fail=0
2026-04-23 14:01:37,272  INFO    Consolidation completed.
2026-04-23 14:01:37,291  INFO  Final dynamic universe: 524 selected tickers (candidates=524, top_n=False)
2026-04-23 14:01:37,627  INFO  [build_companies_df] 626 empresas — 36 sectores
2026-04-23 14:01:37,692  INFO    Tickers without complete data: 10 (missing prices or consolidated)
2026-04-23 14:01:37,693  INFO    Tickers ready for pipeline: 514 / 524
2026-04-23 14:01:37,799  INFO  Master dataset loaded from disk (32709 observations)
2026-04-23 14:01:37,799  INFO  Master dataset: 32709 observations - 514 tickers
2026-04-23 14:02:59,220  INFO  [Backtester] 5 folds generados | test=1Q | train=5Y | analysis_start=2024-12-31 (2024Q4) | analysis_end=2025-12-31 (2025Q4)
2026-04-23 14:02:59,221  INFO  [Backtester] Plan de folds:
  F00 | train 5Y [2019Q4 -> 2024Q4] (2019-12-31 -> 2024-12-31) | test [2025Q1] (2025-01-01 -> 2025-03-31)
  F01 | train 5Y [2020Q1 -> 2025Q1] (2020-03-31 -> 2025-03-31) | test [2025Q2] (2025-04-01 -> 2025-06-30)
  F02 | train 5Y [2020Q2 -> 2025Q2] (2020-06-30 -> 2025-06-30) | test [2025Q3] (2025-07-01 -> 2025-09-30)
  F03 | train 5Y [2020Q3 -> 2025Q3] (2020-09-30 -> 2025-09-30) | test [2025Q4] (2025-10-01 -> 2025-12-31)
  F04 | train 5Y [2020Q4 -> 2025Q4] (2020-12-31 -> 2025-12-31) | test [2026Q1] (2026-01-01 -> 2026-03-31)
2026-04-23 14:02:59,229  INFO  [WalkForward] Dynamic train window enabled: max=5Y -> min=4Y | minimum test=75%
2026-04-23 14:03:14,914  INFO  [WalkForward] Dynamic SP500 membership loaded: 1246 rows (C:\Users\PC\Desktop\Documents\TFM\data_finnhub\sp500_historic.csv)
2026-04-23 14:03:14,923  INFO  [2024Q4] SP500 dynamic @entry 2025-02-14: 503 active members
2026-04-23 14:03:16,328  INFO  [Fallback Extrapolation] Added 28 estimated snapshots (last 4 Q)
2026-04-23 14:03:16,346  INFO  [2024Q4] Cobertura test pre-filtro: 567 tickers con snapshot/relleno
2026-04-23 14:03:16,346  INFO  [2024Q4] Filtro SP500 @entry: 567 -> 491 tickers (excluidos por no ser miembro activo: 76)
2026-04-23 14:03:16,346  INFO  [2024Q4]   No miembro SP500 @entry (muestra): AAL, AAP, AET, AIV, ALK, AMG, AMTM, APP, ARES, BBWI, BHF, BIO
2026-04-23 14:03:16,346  INFO  [2024Q4]   Miembros SP500 sin snapshot usable en quarter (muestra): ANSS, DFS, FI, FOX, HES, IPG, JNPR, K, MMC, NWS, PARA, WBA
2026-04-23 14:03:16,596  INFO  [2024Q4] Universo base fold (SP500 @entry): 503 tickers
2026-04-23 14:03:16,596  INFO  [2024Q4]   Fuera del universo base @entry (muestra): AAL, AAP, AET, AIV, ALK, AMG, AMTM, APP, ARES, BBWI, BHF, BIO
2026-04-23 14:03:16,600  INFO  [2024Q4]   Excluidos por historial insuficiente (<5Y train): 31 | muestra: ABNB, AEP, APO, CARR, CEG, CMS, CPAY, D, DAY, DTE, EG, ESS
2026-04-23 14:03:16,601  INFO  [2024Q4] Intento train=5Y -> test elegible 460/503 (91.5%) | min requerido=378
2026-04-23 14:03:16,601  INFO  [2024Q4] Ventana seleccionada: 5Y (2019-12-31 -> 2024-12-31) | tickers elegibles=460
2026-04-23 14:03:16,629  INFO  [2024Q4] Eligibility audit (5Y) -> ticker_eligibility_audit.csv
2026-04-23 14:03:16,629  INFO  [2024Q4] Eligibility reason summary -> eligibility_reason_summary.csv
2026-04-23 14:03:16,630  INFO  
============================================================
2026-04-23 14:03:16,630  INFO    ANALYSIS 2024Q4
2026-04-23 14:03:16,630  INFO    Train : 2019-12-31 → 2024-12-31  (5 years)
2026-04-23 14:03:16,630  INFO    Mode  : quarterly (Q)
2026-04-23 14:03:16,631  INFO    Test  : snapshot simulado en 2025-02-14 (Q4 start + 45d)
2026-04-23 14:03:16,631  INFO  ============================================================
2026-04-23 14:03:16,632  INFO  [2024Q4] Snapshot lag starts at: 2024-12-31 (last day of Q4) + 45 days = entry date: 2025-02-14
2026-04-23 14:03:16,635  INFO  [2024Q4] Ventana real de precios: 2025-02-14 -> 2025-05-14 (62 dias)
2026-04-23 14:50:24,903  INFO  [TP/SL] Selected training strategy=conservative | utility=0.0109 | hit_rate=53.58%
2026-04-23 14:50:24,929  INFO  [Fold 2024Q4] 1/3 — Entrenando agentes base con datos de entrenamiento del fold...
2026-04-23 14:51:40,825  INFO  [fundamental] Top-5 features: fcf_margin__pct_universe=0.055 | capex_to_revenue__pct_universe=0.051 | fcf_yoy_growth__pct_universe=0.046 | roa=0.046 | roi=0.044
2026-04-23 14:51:40,832  INFO  [fundamental] Diagnostics → diagnostics_2024Q4.json
2026-04-23 14:52:38,637  INFO  [valuation] Top-5 features: ev_to_ebitda__pct_universe=0.076 | fcf_yield__pct_universe=0.048 | pb_ratio=0.046 | ps_ratio__pct_universe=0.046 | ev_ebitda_vs_5y_median__pct_sector=0.045
2026-04-23 14:52:38,648  INFO  [valuation] Diagnostics → diagnostics_2024Q4.json
2026-04-23 14:53:47,044  INFO  [momentum] Top-5 features: volatility_60d=0.107 | momentum_6m=0.097 | price_vs_52w_high=0.078 | momentum_3m=0.073 | rsi_14=0.069
2026-04-23 14:53:47,051  INFO  [momentum] Diagnostics → diagnostics_2024Q4.json
2026-04-23 14:54:56,281  INFO  [bear] Top-5 features: insider_net_ratio_90d=0.208 | insider_sell_ratio=0.208 | revenue_decline__pct_universe=0.186 | insider_net_ratio_90d__pct_universe=0.167 | insider_sell_ratio__pct_universe=0.166
2026-04-23 14:54:56,291  INFO  [bear] Diagnostics → diagnostics_2024Q4.json
2026-04-23 14:54:56,369  WARNING  [sentiment] Not enough clean samples to train.
2026-04-23 14:54:56,369  INFO  [Fold 2024Q4] 1/3 — Entrenando SectorRotationAgent (top-down, nivel sector)...
2026-04-23 14:54:56,369  INFO  [SectorRotationAgent] Building sector dataset — 9200 ticker obs
2026-04-23 14:55:03,991  INFO  [FeatureSelector/sector_rotation] Step 1 — correlation >85%: removed 0 / 18 features
2026-04-23 14:55:04,534  INFO  [FeatureSelector/sector_rotation] Step 2 — combined score (w_relevance=0.65, w_importance=0.35)
2026-04-23 14:55:04,534  INFO  [FeatureSelector/sector_rotation] Step 3 — importance cutoff: top=0.1556, cutoff=0.40 (value=0.0622), min_keep=6, max_keep=10
2026-04-23 14:55:04,534  INFO  [FeatureSelector/sector_rotation]   Feature                               Combined     Imp_RF     pb_y
2026-04-23 14:55:04,534  INFO  [FeatureSelector/sector_rotation]   ----------------------------------- ---------- ---------- --------
2026-04-23 14:55:04,534  INFO  [FeatureSelector/sector_rotation]    1. price_vs_52w_high                     1.0000     0.1556    0.196  weight= 24.40%
2026-04-23 14:55:04,541  INFO  [FeatureSelector/sector_rotation]    2. momentum_3m                           0.5542     0.0980    0.101  weight= 15.38%
2026-04-23 14:55:04,541  INFO  [FeatureSelector/sector_rotation]    3. momentum_6m                           0.7586     0.0892    0.168  weight= 13.99%
2026-04-23 14:55:04,541  INFO  [FeatureSelector/sector_rotation]    4. volatility_60d                        0.7139     0.0844    0.158  weight= 13.23%
2026-04-23 14:55:04,541  INFO  [FeatureSelector/sector_rotation]    5. roic                                  0.4637     0.0808    0.085  weight= 12.68%
2026-04-23 14:55:04,541  INFO  [FeatureSelector/sector_rotation]    6. fcf_yield                             0.3806     0.0652    0.071  weight= 10.22%
2026-04-23 14:55:04,541  INFO  [FeatureSelector/sector_rotation]    7. net_margin                            0.2110     0.0645    0.020  weight= 10.11%
2026-04-23 14:55:04,541  INFO  [FeatureSelector/sector_rotation]   Discarded by low combined score (11): revenue_yoy_growth, earnings_yield, ev_to_ebitda, pe_vs_5y_median, debt_to_ebitda, interest_coverage, sector_vs_market_momentum, risk_adjusted_sector_momentum, fcf_margin, analyst_consensus_change, analyst_dispersion
2026-04-23 14:55:04,541  INFO  [FeatureSelector/sector_rotation] Summary: 18 features → pair_drop=0 → corr_drop=0 → imp_drop=11 → 7 selected (cutoff rule + [6,10])
2026-04-23 14:55:04,553  INFO  [SectorRotationAgent] 600 sector obs | 284 outperform / 316 underperform sectors | 7 features
2026-04-23 14:55:06,440  INFO  [SectorRotationAgent] CV AUC=0.5779 ± 0.0215
2026-04-23 14:55:07,407  INFO  [sector_rotation] Top-5 features: price_vs_52w_high=0.174 | roic=0.169 | fcf_yield=0.144 | volatility_60d=0.141 | net_margin=0.139
2026-04-23 14:55:07,409  INFO  [sector_rotation] Diagnostics → diagnostics_2024Q4.json
2026-04-23 14:55:07,409  INFO  [Fold 2024Q4] 2/3 — Generando scores OOF (3 splits temporales) como input del MetaLearner...
2026-04-23 14:55:07,434  INFO    [OOF] fundamental: generating anti-leakage scores (3 quarter-level temporal splits)
2026-04-23 14:56:43,739  INFO    [OOF] valuation: generating anti-leakage scores (3 quarter-level temporal splits)
2026-04-23 14:57:59,609  INFO    [OOF] momentum: generating anti-leakage scores (3 quarter-level temporal splits)
2026-04-23 14:59:28,514  INFO    [OOF] bear: generating anti-leakage scores (3 quarter-level temporal splits)
2026-04-23 15:01:16,306  INFO    [OOF] sentiment: generating anti-leakage scores (3 quarter-level temporal splits)
2026-04-23 15:01:16,332  WARNING  [sentiment] Not enough clean samples to train.
2026-04-23 15:01:16,415  WARNING  [sentiment] Not enough clean samples to train.
2026-04-23 15:01:16,415  INFO    [OOF] sector_rotation: generating OOF sector scores (3 quarter-level splits)
2026-04-23 15:01:16,425  INFO  [SectorRotationAgent] Building sector dataset — 3220 ticker obs
2026-04-23 15:01:19,217  INFO  [FeatureSelector/sector_rotation] Step 1 — correlation >85%: removed 0 / 16 features
2026-04-23 15:01:19,640  INFO  [FeatureSelector/sector_rotation] Step 2 — combined score (w_relevance=0.65, w_importance=0.35)
2026-04-23 15:01:19,640  INFO  [FeatureSelector/sector_rotation] Step 3 — importance cutoff: top=0.1230, cutoff=0.40 (value=0.0492), min_keep=6, max_keep=10
2026-04-23 15:01:19,640  INFO  [FeatureSelector/sector_rotation]   Feature                               Combined     Imp_RF     pb_y
2026-04-23 15:01:19,640  INFO  [FeatureSelector/sector_rotation]   ----------------------------------- ---------- ---------- --------
2026-04-23 15:01:19,640  INFO  [FeatureSelector/sector_rotation]    1. price_vs_52w_high                     0.9600     0.1230    0.207  weight= 15.15%
2026-04-23 15:01:19,640  INFO  [FeatureSelector/sector_rotation]    2. roic                                  0.9579     0.1132    0.216  weight= 13.95%
2026-04-23 15:01:19,640  INFO  [FeatureSelector/sector_rotation]    3. volatility_60d                        0.7941     0.0919    0.183  weight= 11.32%
2026-04-23 15:01:19,645  INFO  [FeatureSelector/sector_rotation]    4. fcf_margin                            0.2792     0.0870    0.023  weight= 10.72%
2026-04-23 15:01:19,645  INFO  [FeatureSelector/sector_rotation]    5. momentum_6m                           0.8882     0.0837    0.220  weight= 10.31%
2026-04-23 15:01:19,645  INFO  [FeatureSelector/sector_rotation]    6. momentum_3m                           0.5320     0.0728    0.117  weight=  8.97%
2026-04-23 15:01:19,645  INFO  [FeatureSelector/sector_rotation]    7. interest_coverage                     0.2456     0.0699    0.028  weight=  8.61%
2026-04-23 15:01:19,647  INFO  [FeatureSelector/sector_rotation]    8. net_margin                            0.2956     0.0601    0.053  weight=  7.41%
2026-04-23 15:01:19,647  INFO  [FeatureSelector/sector_rotation]    9. earnings_yield                        0.2331     0.0584    0.034  weight=  7.20%
2026-04-23 15:01:19,647  INFO  [FeatureSelector/sector_rotation]   10. ev_to_ebitda                          0.4462     0.0515    0.109  weight=  6.35%
2026-04-23 15:01:19,647  INFO  [FeatureSelector/sector_rotation]   Discarded by low combined score (6): revenue_yoy_growth, pe_vs_5y_median, debt_to_ebitda, sector_vs_market_momentum, risk_adjusted_sector_momentum, fcf_yield
2026-04-23 15:01:19,647  INFO  [FeatureSelector/sector_rotation] Summary: 16 features → pair_drop=0 → corr_drop=0 → imp_drop=6 → 10 selected (cutoff rule + [6,10])
2026-04-23 15:01:19,657  INFO  [SectorRotationAgent] 210 sector obs | 103 outperform / 107 underperform sectors | 10 features
2026-04-23 15:01:21,041  INFO  [SectorRotationAgent] CV AUC=0.6238 ± 0.0876
2026-04-23 15:01:21,807  INFO  [SectorRotationAgent] Sector scores:
2026-04-23 15:01:21,807  INFO      Communications                  score=0.904
2026-04-23 15:01:21,808  INFO      Financials                      score=0.878
2026-04-23 15:01:21,808  INFO      Banking                         score=0.867
2026-04-23 15:01:21,808  INFO      Commercial Services & Supplies  score=0.780
2026-04-23 15:01:21,808  INFO      Metals & Mining                 score=0.779
2026-04-23 15:01:21,808  INFO      Auto Components                 score=0.762
2026-04-23 15:01:21,808  INFO      Airlines                        score=0.694
2026-04-23 15:01:21,808  INFO      Professional Services           score=0.664
2026-04-23 15:01:21,808  INFO      Construction                    score=0.658
2026-04-23 15:01:21,808  INFO      Materials                       score=0.634
2026-04-23 15:01:21,808  INFO      Electrical Equipment            score=0.625
2026-04-23 15:01:21,808  INFO      Real Estate                     score=0.605
2026-04-23 15:01:21,808  INFO      Consumer products               score=0.601
2026-04-23 15:01:21,808  INFO      Life Sciences Tools & Services  score=0.593
2026-04-23 15:01:21,808  INFO      Technology                      score=0.567
2026-04-23 15:01:21,808  INFO      Energy                          score=0.534
2026-04-23 15:01:21,808  INFO      Health Care                     score=0.527
2026-04-23 15:01:21,808  INFO      Consumer Discretionary          score=0.479
2026-04-23 15:01:21,808  INFO      Trading Companies & Distributors  score=0.476
2026-04-23 15:01:21,808  INFO      Industrials                     score=0.469
2026-04-23 15:01:21,808  INFO      Tobacco                         score=0.457
2026-04-23 15:01:21,808  INFO      Hotels, Restaurants & Leisure   score=0.444
2026-04-23 15:01:21,817  INFO      Industrial Conglomerates        score=0.441
2026-04-23 15:01:21,817  INFO      Telecommunication               score=0.424
2026-04-23 15:01:21,817  INFO      Road & Rail                     score=0.420
2026-04-23 15:01:21,817  INFO      Textiles, Apparel & Luxury Goods  score=0.386
2026-04-23 15:01:21,817  INFO      Distributors                    score=0.370
2026-04-23 15:01:21,817  INFO      Machinery                       score=0.361
2026-04-23 15:01:21,817  INFO      Healthcare                      score=0.352
2026-04-23 15:01:21,817  INFO      Communication Services          score=0.303
2026-04-23 15:01:21,817  INFO      Utilities                       score=0.269
2026-04-23 15:01:21,817  INFO      Building                        score=0.253
2026-04-23 15:01:21,817  INFO      Consumer Staples                score=0.199
2026-04-23 15:01:21,817  INFO      Packaging                       score=0.185
2026-04-23 15:01:21,817  INFO      Leisure Products                score=0.151
2026-04-23 15:01:21,850  INFO  [SectorRotationAgent] Building sector dataset — 6440 ticker obs
2026-04-23 15:01:27,259  INFO  [FeatureSelector/sector_rotation] Step 1 — correlation >85%: removed 0 / 18 features
2026-04-23 15:01:27,679  INFO  [FeatureSelector/sector_rotation] Step 2 — combined score (w_relevance=0.65, w_importance=0.35)
2026-04-23 15:01:27,679  INFO  [FeatureSelector/sector_rotation] Step 3 — importance cutoff: top=0.1451, cutoff=0.40 (value=0.0580), min_keep=6, max_keep=10
2026-04-23 15:01:27,679  INFO  [FeatureSelector/sector_rotation]   Feature                               Combined     Imp_RF     pb_y
2026-04-23 15:01:27,686  INFO  [FeatureSelector/sector_rotation]   ----------------------------------- ---------- ---------- --------
2026-04-23 15:01:27,686  INFO  [FeatureSelector/sector_rotation]    1. price_vs_52w_high                     1.0000     0.1451    0.226  weight= 22.58%
2026-04-23 15:01:27,686  INFO  [FeatureSelector/sector_rotation]    2. roic                                  0.6749     0.1022    0.151  weight= 15.90%
2026-04-23 15:01:27,686  INFO  [FeatureSelector/sector_rotation]    3. momentum_6m                           0.7542     0.1012    0.179  weight= 15.76%
2026-04-23 15:01:27,686  INFO  [FeatureSelector/sector_rotation]    4. volatility_60d                        0.7276     0.0887    0.180  weight= 13.80%
2026-04-23 15:01:27,686  INFO  [FeatureSelector/sector_rotation]    5. momentum_3m                           0.4764     0.0813    0.101  weight= 12.66%
2026-04-23 15:01:27,686  INFO  [FeatureSelector/sector_rotation]    6. fcf_yield                             0.3196     0.0633    0.063  weight=  9.85%
2026-04-23 15:01:27,686  INFO  [FeatureSelector/sector_rotation]    7. interest_coverage                     0.1980     0.0606    0.024  weight=  9.44%
2026-04-23 15:01:27,686  INFO  [FeatureSelector/sector_rotation]   Discarded by low combined score (11): revenue_yoy_growth, earnings_yield, ev_to_ebitda, pe_vs_5y_median, net_margin, debt_to_ebitda, sector_vs_market_momentum, risk_adjusted_sector_momentum, fcf_margin, analyst_consensus_change, analyst_dispersion
2026-04-23 15:01:27,686  INFO  [FeatureSelector/sector_rotation] Summary: 18 features → pair_drop=0 → corr_drop=0 → imp_drop=11 → 7 selected (cutoff rule + [6,10])
2026-04-23 15:01:27,697  INFO  [SectorRotationAgent] 420 sector obs | 199 outperform / 221 underperform sectors | 7 features
2026-04-23 15:01:29,336  INFO  [SectorRotationAgent] CV AUC=0.5778 ± 0.0691
2026-04-23 15:01:30,161  INFO  [SectorRotationAgent] Sector scores:
2026-04-23 15:01:30,161  INFO      Auto Components                 score=0.761
2026-04-23 15:01:30,161  INFO      Consumer products               score=0.698
2026-04-23 15:01:30,161  INFO      Communications                  score=0.632
2026-04-23 15:01:30,161  INFO      Industrials                     score=0.618
2026-04-23 15:01:30,161  INFO      Technology                      score=0.610
2026-04-23 15:01:30,161  INFO      Airlines                        score=0.581
2026-04-23 15:01:30,161  INFO      Leisure Products                score=0.578
2026-04-23 15:01:30,161  INFO      Communication Services          score=0.577
2026-04-23 15:01:30,161  INFO      Industrial Conglomerates        score=0.543
2026-04-23 15:01:30,161  INFO      Health Care                     score=0.540
2026-04-23 15:01:30,161  INFO      Utilities                       score=0.539
2026-04-23 15:01:30,161  INFO      Road & Rail                     score=0.535
2026-04-23 15:01:30,161  INFO      Consumer Discretionary          score=0.535
2026-04-23 15:01:30,170  INFO      Professional Services           score=0.524
2026-04-23 15:01:30,170  INFO      Construction                    score=0.509
2026-04-23 15:01:30,170  INFO      Healthcare                      score=0.505
2026-04-23 15:01:30,170  INFO      Consumer Staples                score=0.496
2026-04-23 15:01:30,170  INFO      Textiles, Apparel & Luxury Goods  score=0.483
2026-04-23 15:01:30,170  INFO      Building                        score=0.471
2026-04-23 15:01:30,170  INFO      Commercial Services & Supplies  score=0.470
2026-04-23 15:01:30,170  INFO      Energy                          score=0.470
2026-04-23 15:01:30,170  INFO      Machinery                       score=0.441
2026-04-23 15:01:30,170  INFO      Financials                      score=0.421
2026-04-23 15:01:30,170  INFO      Real Estate                     score=0.395
2026-04-23 15:01:30,170  INFO      Life Sciences Tools & Services  score=0.393
2026-04-23 15:01:30,170  INFO      Telecommunication               score=0.392
2026-04-23 15:01:30,170  INFO      Hotels, Restaurants & Leisure   score=0.377
2026-04-23 15:01:30,176  INFO      Electrical Equipment            score=0.357
2026-04-23 15:01:30,176  INFO      Packaging                       score=0.317
2026-04-23 15:01:30,176  INFO      Materials                       score=0.308
2026-04-23 15:01:30,177  INFO      Banking                         score=0.306
2026-04-23 15:01:30,177  INFO      Tobacco                         score=0.282
2026-04-23 15:01:30,178  INFO      Distributors                    score=0.234
2026-04-23 15:01:30,178  INFO      Metals & Mining                 score=0.221
2026-04-23 15:01:30,179  INFO      Trading Companies & Distributors  score=0.150
2026-04-23 15:01:30,227  INFO  [OOF/bear_risk] n=9200 | min=0.1717 q10=0.4112 q25=0.4971 mean=0.5132 q50=0.5000 q75=0.5566 q90=0.6227 max=0.8880
2026-04-23 15:01:30,231  INFO  [OOF/bear_risk] cobertura umbral: >=0.50=74.3% | >=0.55=26.6% | >=0.60=14.5%
2026-04-23 15:01:30,237  INFO  [OOF/bear_safety] n=9200 | min=0.1120 q10=0.3773 q25=0.4434 mean=0.4868 q50=0.5000 q75=0.5029 q90=0.5888 max=0.8283
2026-04-23 15:01:30,237  INFO  [OOF/bear_safety] cobertura umbral: >=0.50=60.7% | >=0.55=15.4% | >=0.60=8.7%
2026-04-23 15:01:30,248  INFO  [OOF/sector_score] n=9200 | min=0.1501 q10=0.3610 q25=0.4713 mean=0.5126 q50=0.5000 q75=0.5674 q90=0.6247 max=0.9043
2026-04-23 15:01:30,248  INFO  [OOF/sector_score] cobertura umbral: >=0.50=71.2% | >=0.55=25.5% | >=0.60=19.0%
2026-04-23 15:01:30,248  INFO  [Dispersion] SCORE_DISPERSION_MIN_STD=0.0300
2026-04-23 15:01:30,254  INFO  [Dispersion] SCORE_DISPERSION_MIN_SCALE=0.3500
2026-04-23 15:01:30,254  INFO  [Dispersion] fundamental_score: std=0.173135 -> scale=1.0000 (sin shrink)
2026-04-23 15:01:30,254  INFO  [Dispersion] valuation_score: std=0.235218 -> scale=1.0000 (sin shrink)
2026-04-23 15:01:30,254  INFO  [Dispersion] momentum_score: std=0.188266 -> scale=1.0000 (sin shrink)
2026-04-23 15:01:30,254  INFO  [Dispersion] bear_score: std=0.085614 -> scale=1.0000 (sin shrink)
2026-04-23 15:01:30,254  INFO  [Dispersion] sentiment_score: std=0.000000 -> scale=0.3500 (shrink activo)
2026-04-23 15:01:30,260  INFO  [Dispersion] sector_score: std=0.130218 -> scale=1.0000 (sin shrink)
2026-04-23 15:01:30,269  INFO  [Dispersion/sentiment_score/before] n=9200 | min=0.2500 q10=0.2500 q25=0.2500 mean=0.2500 q50=0.2500 q75=0.2500 q90=0.2500 max=0.2500
2026-04-23 15:01:30,270  INFO  [Dispersion/sentiment_score/before] cobertura umbral: >=0.50=0.0% | >=0.55=0.0% | >=0.60=0.0%
2026-04-23 15:01:30,279  INFO  [Dispersion/sentiment_score/after] n=9200 | min=0.4125 q10=0.4125 q25=0.4125 mean=0.4125 q50=0.4125 q75=0.4125 q90=0.4125 max=0.4125
2026-04-23 15:01:30,279  INFO  [Dispersion/sentiment_score/after] cobertura umbral: >=0.50=0.0% | >=0.55=0.0% | >=0.60=0.0%
2026-04-23 15:01:30,280  INFO  [Fold 2024Q4] 2/3 — Entrenando MetaLearner sobre scores OOF (anti-leakage)...
2026-04-23 15:01:41,304  INFO  [alpha_meta_learner] Diagnostics → diagnostics_2024Q4.json
2026-04-23 15:01:41,308  INFO  [Fold 2024Q4] 3/3 — Generando predicciones sobre el quarter de test (460 tickers)...
2026-04-23 15:01:41,891  INFO  [AgentScore/fundamental] n=460 | min=0.3134 q10=0.4606 q25=0.4762 mean=0.4934 q50=0.4904 q75=0.5105 q90=0.5352 max=0.6244
2026-04-23 15:01:41,891  INFO  [AgentScore/fundamental] cobertura umbral: >=0.50=37.4% | >=0.55=4.6% | >=0.60=0.4%
2026-04-23 15:01:42,281  INFO  [AgentScore/valuation] n=460 | min=0.2471 q10=0.4589 q25=0.5223 mean=0.5869 q50=0.5941 q75=0.6516 q90=0.6996 max=0.8698
2026-04-23 15:01:42,282  INFO  [AgentScore/valuation] cobertura umbral: >=0.50=81.1% | >=0.55=66.3% | >=0.60=48.5%
2026-04-23 15:01:42,734  INFO  [AgentScore/momentum] n=460 | min=0.3501 q10=0.4060 q25=0.4401 mean=0.4786 q50=0.4724 q75=0.5123 q90=0.5588 max=0.6659
2026-04-23 15:01:42,734  INFO  [AgentScore/momentum] cobertura umbral: >=0.50=30.7% | >=0.55=12.6% | >=0.60=3.7%
2026-04-23 15:01:43,098  INFO  [AgentScore/bear/risk] n=460 | min=0.3508 q10=0.4630 q25=0.5137 mean=0.5348 q50=0.5412 q75=0.5685 q90=0.5907 max=0.6442
2026-04-23 15:01:43,098  INFO  [AgentScore/bear/risk] cobertura umbral: >=0.50=80.2% | >=0.55=42.8% | >=0.60=4.8%
2026-04-23 15:01:43,108  INFO  [AgentScore/bear/safety] n=460 | min=0.3558 q10=0.4093 q25=0.4315 mean=0.4652 q50=0.4588 q75=0.4863 q90=0.5370 max=0.6492
2026-04-23 15:01:43,108  INFO  [AgentScore/bear/safety] cobertura umbral: >=0.50=19.8% | >=0.55=7.8% | >=0.60=1.1%
2026-04-23 15:01:43,115  INFO  [AgentScore/sentiment] n=460 | min=0.2500 q10=0.2500 q25=0.2500 mean=0.2500 q50=0.2500 q75=0.2500 q90=0.2500 max=0.2500
2026-04-23 15:01:43,115  INFO  [AgentScore/sentiment] cobertura umbral: >=0.50=0.0% | >=0.55=0.0% | >=0.60=0.0%
2026-04-23 15:01:43,124  INFO  [AgentScore/ensemble_mean_pre_meta] n=460 | min=0.3138 q10=0.4182 q25=0.4378 mean=0.4548 q50=0.4550 q75=0.4733 q90=0.4901 max=0.5357
2026-04-23 15:01:43,124  INFO  [AgentScore/ensemble_mean_pre_meta] cobertura umbral: >=0.50=4.6% | >=0.55=0.0% | >=0.60=0.0%
2026-04-23 15:01:43,448  INFO  [SectorRotationAgent] Sector scores:
2026-04-23 15:01:43,448  INFO      Auto Components                 score=0.883
2026-04-23 15:01:43,448  INFO      Utilities                       score=0.706
2026-04-23 15:01:43,448  INFO      Machinery                       score=0.705
2026-04-23 15:01:43,448  INFO      Life Sciences Tools & Services  score=0.698
2026-04-23 15:01:43,448  INFO      Financials                      score=0.673
2026-04-23 15:01:43,448  INFO      Professional Services           score=0.668
2026-04-23 15:01:43,448  INFO      Energy                          score=0.623
2026-04-23 15:01:43,448  INFO      Consumer products               score=0.619
2026-04-23 15:01:43,448  INFO      Hotels, Restaurants & Leisure   score=0.609
2026-04-23 15:01:43,448  INFO      Health Care                     score=0.595
2026-04-23 15:01:43,448  INFO      Communications                  score=0.589
2026-04-23 15:01:43,448  INFO      Technology                      score=0.578
2026-04-23 15:01:43,448  INFO      Construction                    score=0.575
2026-04-23 15:01:43,457  INFO      Industrials                     score=0.565
2026-04-23 15:01:43,457  INFO      Textiles, Apparel & Luxury Goods  score=0.550
2026-04-23 15:01:43,457  INFO      Commercial Services & Supplies  score=0.544
2026-04-23 15:01:43,457  INFO      Metals & Mining                 score=0.513
2026-04-23 15:01:43,459  INFO      Electrical Equipment            score=0.456
2026-04-23 15:01:43,459  INFO      Road & Rail                     score=0.436
2026-04-23 15:01:43,459  INFO      Real Estate                     score=0.401
2026-04-23 15:01:43,459  INFO      Communication Services          score=0.390
2026-04-23 15:01:43,459  INFO      Industrial Conglomerates        score=0.385
2026-04-23 15:01:43,461  INFO      Telecommunication               score=0.376
2026-04-23 15:01:43,461  INFO      Banking                         score=0.376
2026-04-23 15:01:43,461  INFO      Packaging                       score=0.322
2026-04-23 15:01:43,461  INFO      Consumer Staples                score=0.316
2026-04-23 15:01:43,461  INFO      Consumer Discretionary          score=0.314
2026-04-23 15:01:43,463  INFO      Materials                       score=0.299
2026-04-23 15:01:43,464  INFO      Building                        score=0.283
2026-04-23 15:01:43,464  INFO      Healthcare                      score=0.278
2026-04-23 15:01:43,465  INFO      Leisure Products                score=0.273
2026-04-23 15:01:43,465  INFO      Distributors                    score=0.249
2026-04-23 15:01:43,465  INFO      Airlines                        score=0.246
2026-04-23 15:01:43,465  INFO      Trading Companies & Distributors  score=0.118
2026-04-23 15:01:43,465  INFO      Tobacco                         score=0.089
2026-04-23 15:01:43,533  INFO  [Dispersion/sentiment_score/before] n=460 | min=0.2250 q10=0.2500 q25=0.2500 mean=0.2499 q50=0.2500 q75=0.2500 q90=0.2500 max=0.2500
2026-04-23 15:01:43,534  INFO  [Dispersion/sentiment_score/before] cobertura umbral: >=0.50=0.0% | >=0.55=0.0% | >=0.60=0.0%
2026-04-23 15:01:43,541  INFO  [Dispersion/sentiment_score/after] n=460 | min=0.4037 q10=0.4125 q25=0.4125 mean=0.4125 q50=0.4125 q75=0.4125 q90=0.4125 max=0.4125
2026-04-23 15:01:43,541  INFO  [Dispersion/sentiment_score/after] cobertura umbral: >=0.50=0.0% | >=0.55=0.0% | >=0.60=0.0%
2026-04-23 15:01:43,875  INFO  [Meta/final_score_pre_sector_adjust] n=460 | min=0.1513 q10=0.2301 q25=0.3208 mean=0.4889 q50=0.4930 q75=0.6516 q90=0.7472 max=0.8449
2026-04-23 15:01:43,875  INFO  [Meta/final_score_pre_sector_adjust] cobertura umbral: >=0.50=48.5% | >=0.55=41.1% | >=0.60=32.6%
2026-04-23 15:01:43,910  INFO  [SectorAdjust] params: SECTOR_CONFIDENCE_PEERS=10, SECTOR_SCORE_PRIOR_BASE=0.500, SECTOR_SCORE_PRIOR_WEIGHT=0.250
2026-04-23 15:01:43,924  INFO  [SectorAdjust/final_score_raw] n=460 | min=0.1513 q10=0.2301 q25=0.3208 mean=0.4889 q50=0.4930 q75=0.6516 q90=0.7472 max=0.8449
2026-04-23 15:01:43,924  INFO  [SectorAdjust/final_score_raw] cobertura umbral: >=0.50=48.5% | >=0.55=41.1% | >=0.60=32.6%
2026-04-23 15:01:43,932  INFO  [SectorAdjust/sector_score] n=460 | min=0.0892 q10=0.3141 q25=0.3903 mean=0.5238 q50=0.5782 q75=0.6231 q90=0.6985 max=0.8826
2026-04-23 15:01:43,932  INFO  [SectorAdjust/sector_score] cobertura umbral: >=0.50=63.5% | >=0.55=61.3% | >=0.60=34.6%
2026-04-23 15:01:43,942  INFO  [SectorAdjust/sector_confidence] n=460 | min=0.3162 q10=0.7746 q25=1.0000 mean=0.9497 q50=1.0000 q75=1.0000 q90=1.0000 max=1.0000
2026-04-23 15:01:43,942  INFO  [SectorAdjust/sector_confidence] cobertura umbral: >=0.50=98.0% | >=0.55=96.1% | >=0.60=96.1%
2026-04-23 15:01:43,948  INFO  [SectorAdjust/sector_tilt] n=460 | min=-0.0504 q10=-0.0460 q25=-0.0246 mean=0.0070 q50=0.0196 q75=0.0308 q90=0.0432 max=0.0515
2026-04-23 15:01:43,948  INFO  [SectorAdjust/sector_tilt] cobertura umbral: >=0.50=0.0% | >=0.55=0.0% | >=0.60=0.0%
2026-04-23 15:01:43,948  INFO  [SectorAdjust/final_score_adjusted] n=460 | min=0.1198 q10=0.2392 q25=0.3365 mean=0.4959 q50=0.4900 q75=0.6465 q90=0.7510 max=0.8877
2026-04-23 15:01:43,948  INFO  [SectorAdjust/final_score_adjusted] cobertura umbral: >=0.50=49.3% | >=0.55=42.8% | >=0.60=34.6%
2026-04-23 15:01:43,958  INFO  [RiskDiag] bear_risk>=hard_threshold(0.90): 0/460 (0.0%)
2026-04-23 15:01:43,958  INFO  [Fold 2024Q4] 3/3 — Predicciones listas. Scores en rango [0.120, 0.888]
2026-04-23 15:01:44,032  INFO  [FeatureUsage] Reporte fold 2024Q4 -> feature_usage_report.csv
2026-04-23 15:01:46,142  INFO  [Visualizer] Distribucion scores -> score_distribution_2024Q4.png
2026-04-23 15:04:05,995  INFO  [Backtester] 2024Q4: 307 tickers superaron umbral 0.00 → selecting target=8, final=8 (min=4, sector_cap=3)
2026-04-23 15:04:06,128  INFO  [Backtester] 2024Q4: optimizer=hrp pre-entry trailing window applied
2026-04-23 15:04:06,150  INFO  [Backtester] 2024Q4 — cartera final (hrp+cap(0.15), 8 stocks):
2026-04-23 15:04:06,152  INFO      OXY       peso=0.150  score=0.829  ret=-8.82%
2026-04-23 15:04:06,154  INFO      CZR       peso=0.093  score=0.827  ret=-22.81%
2026-04-23 15:04:06,156  INFO      ALGN      peso=0.116  score=0.819  ret=-9.25%
2026-04-23 15:04:06,158  INFO      BEN       peso=0.150  score=0.863  ret=+7.21%
2026-04-23 15:04:06,160  INFO      PAYC      peso=0.124  score=0.801  ret=+22.94%
2026-04-23 15:04:06,161  INFO      TPR       peso=0.130  score=0.788  ret=-5.06%
2026-04-23 15:04:06,164  INFO      APTV      peso=0.140  score=0.888  ret=+3.61%
2026-04-23 15:04:06,164  INFO      WBD       peso=0.097  score=0.774  ret=-10.93%
2026-04-23 15:04:06,180  INFO  [Backtester] 2024Q4 — 8 stocks | Cartera=-1.62%  Benchmark=-3.63%  Alpha=+2.02%  Sharpe=-0.01
2026-04-23 15:05:11,620  WARNING  [2024Q4] Source audit detected 2766 incidents (diagnostic-only).
2026-04-23 15:05:13,042  INFO  [Visualizer] Rendimiento 2024Q4 -> performance.png
2026-04-23 15:05:14,676  INFO  [FoldReport] Fold 2024Q4: scores for 460 tickers saved → scores.csv
2026-04-23 15:05:16,004  INFO  [FoldReport] Snapshot audit 2024Q4: 460 tickers → ticker_snapshot_audit.csv
2026-04-23 15:05:19,952  INFO  [FoldReport] Agent-feature audit 2024Q4: 89240 rows → ticker_agent_feature_audit.csv
2026-04-23 15:05:20,519  INFO  [Visualizer] Feature importances -> feat_imp_fundamental_2024Q4.png
2026-04-23 15:05:21,078  INFO  [Visualizer] Feature importances -> feat_imp_valuation_2024Q4.png
2026-04-23 15:05:21,595  INFO  [Visualizer] Feature importances -> feat_imp_momentum_2024Q4.png
2026-04-23 15:05:22,169  INFO  [Visualizer] Feature importances -> feat_imp_bear_2024Q4.png
2026-04-23 15:05:22,479  INFO  [Visualizer] Feature importances -> feat_imp_sector_rotation_2024Q4.png
2026-04-23 15:05:22,889  INFO  [Explainer] Fold 2024Q4: explicaciones de 60 tickers -> ticker_explanations.csv y ticker_explanations.json
2026-04-23 15:05:22,900  INFO  [2025Q1] SP500 dynamic @entry 2025-05-15: 503 active members
2026-04-23 15:05:22,901  INFO  [2025Q1] Cambios vs fold previo (2025-02-14 -> 2025-05-15): +4 entran, -4 salen
2026-04-23 15:05:22,901  INFO  [2025Q1]   Entran (muestra): DASH, EXE, TKO, WSM
2026-04-23 15:05:22,902  INFO  [2025Q1]   Salen  (muestra): BWA, CE, FMC, TFX
2026-04-23 15:05:24,596  INFO  [Fallback Extrapolation] Added 30 estimated snapshots (last 4 Q)
2026-04-23 15:05:24,610  INFO  [2025Q1] Cobertura test pre-filtro: 567 tickers con snapshot/relleno
2026-04-23 15:05:24,610  INFO  [2025Q1] Filtro SP500 @entry: 567 -> 491 tickers (excluidos por no ser miembro activo: 76)
2026-04-23 15:05:24,610  INFO  [2025Q1]   No miembro SP500 @entry (muestra): AAL, AAP, AET, AIV, ALK, AMG, AMTM, APP, ARES, BBWI, BHF, BIO
2026-04-23 15:05:24,616  INFO  [2025Q1]   Miembros SP500 sin snapshot usable en quarter (muestra): ANSS, DFS, FI, FOX, HES, IPG, JNPR, K, MMC, NWS, PARA, WBA
2026-04-23 15:05:24,895  INFO  [2025Q1] Universo base fold (SP500 @entry): 503 tickers
2026-04-23 15:05:24,896  INFO  [2025Q1]   Fuera del universo base @entry (muestra): AAL, AAP, AET, AIV, ALK, AMG, AMTM, APP, ARES, BBWI, BHF, BIO
2026-04-23 15:05:24,898  INFO  [2025Q1]   Excluidos por historial insuficiente (<5Y train): 38 | muestra: ABNB, AEP, APO, CARR, CEG, CMS, CPAY, D, DASH, DAY, DTE, DUK
2026-04-23 15:05:24,900  INFO  [2025Q1] Intento train=5Y -> test elegible 453/503 (90.1%) | min requerido=378
2026-04-23 15:05:24,900  INFO  [2025Q1] Ventana seleccionada: 5Y (2020-03-31 -> 2025-03-31) | tickers elegibles=453
2026-04-23 15:05:24,930  INFO  [2025Q1] Eligibility audit (5Y) -> ticker_eligibility_audit.csv
2026-04-23 15:05:24,930  INFO  [2025Q1] Eligibility reason summary -> eligibility_reason_summary.csv
2026-04-23 15:05:24,936  INFO  
============================================================
2026-04-23 15:05:24,937  INFO    ANALYSIS 2025Q1
2026-04-23 15:05:24,937  INFO    Train : 2020-03-31 → 2025-03-31  (5 years)
2026-04-23 15:05:24,937  INFO    Mode  : quarterly (Q)
2026-04-23 15:05:24,937  INFO    Test  : snapshot simulado en 2025-05-15 (Q1 start + 45d)
2026-04-23 15:05:24,937  INFO  ============================================================
2026-04-23 15:05:24,937  INFO  [2025Q1] Snapshot lag starts at: 2025-03-31 (last day of Q1) + 45 days = entry date: 2025-05-15
2026-04-23 15:05:24,937  INFO  [2025Q1] Ventana real de precios: 2025-05-15 -> 2025-08-15 (64 dias)
2026-04-23 15:49:19,325  INFO  [TP/SL] Selected training strategy=conservative | utility=0.0103 | hit_rate=44.85%
2026-04-23 15:49:19,349  INFO  [Fold 2025Q1] 1/3 — Entrenando agentes base con datos de entrenamiento del fold...
2026-04-23 15:50:53,186  INFO  [fundamental] Top-5 features: gross_margin__pct_universe=0.171 | capex_to_revenue__pct_universe=0.087 | fcf_yoy_growth__pct_universe=0.063 | fcf_margin__pct_universe=0.060 | capex_to_revenue=0.051
2026-04-23 15:50:53,195  INFO  [fundamental] Diagnostics → diagnostics_2025Q1.json
2026-04-23 15:52:03,957  INFO  [valuation] Top-5 features: ev_to_ebitda__pct_universe=0.104 | ev_ebitda_vs_5y_median__pct_universe=0.103 | ev_ebitda_vs_5y_median=0.085 | ps_ratio=0.063 | ps_ratio__pct_universe=0.061
2026-04-23 15:52:03,961  INFO  [valuation] Diagnostics → diagnostics_2025Q1.json
2026-04-23 15:53:08,554  INFO  [momentum] Top-5 features: momentum_6m=0.086 | volatility_60d=0.067 | price_vs_52w_high=0.059 | rsi_14=0.059 | momentum_3m=0.054
2026-04-23 15:53:08,564  INFO  [momentum] Diagnostics → diagnostics_2025Q1.json
2026-04-23 15:54:37,579  INFO  [bear] Top-5 features: consecutive_losses__pct_universe=0.371 | revenue_decline__pct_universe=0.132 | consecutive_losses__pct_sector=0.046 | interest_coverage__pct_universe=0.038 | current_ratio=0.029
2026-04-23 15:54:37,591  INFO  [bear] Diagnostics → diagnostics_2025Q1.json
2026-04-23 15:54:37,649  WARNING  [sentiment] Not enough clean samples to train.
2026-04-23 15:54:37,649  INFO  [Fold 2025Q1] 1/3 — Entrenando SectorRotationAgent (top-down, nivel sector)...
2026-04-23 15:54:37,649  INFO  [SectorRotationAgent] Building sector dataset — 9060 ticker obs
2026-04-23 15:54:45,215  INFO  [FeatureSelector/sector_rotation] Step 1 — correlation >85%: removed 0 / 18 features
2026-04-23 15:54:45,741  INFO  [FeatureSelector/sector_rotation] Step 2 — combined score (w_relevance=0.65, w_importance=0.35)
2026-04-23 15:54:45,741  INFO  [FeatureSelector/sector_rotation] Step 3 — importance cutoff: top=0.1476, cutoff=0.40 (value=0.0591), min_keep=6, max_keep=10
2026-04-23 15:54:45,741  INFO  [FeatureSelector/sector_rotation]   Feature                               Combined     Imp_RF     pb_y
2026-04-23 15:54:45,741  INFO  [FeatureSelector/sector_rotation]   ----------------------------------- ---------- ---------- --------
2026-04-23 15:54:45,742  INFO  [FeatureSelector/sector_rotation]    1. price_vs_52w_high                     1.0000     0.1476    0.185  weight= 20.68%
2026-04-23 15:54:45,742  INFO  [FeatureSelector/sector_rotation]    2. volatility_60d                        0.8049     0.0974    0.165  weight= 13.64%
2026-04-23 15:54:45,742  INFO  [FeatureSelector/sector_rotation]    3. momentum_6m                           0.7161     0.0928    0.146  weight= 13.00%
2026-04-23 15:54:45,742  INFO  [FeatureSelector/sector_rotation]    4. momentum_3m                           0.4561     0.0848    0.084  weight= 11.88%
2026-04-23 15:54:45,742  INFO  [FeatureSelector/sector_rotation]    5. pe_vs_5y_median                       0.2722     0.0830    0.038  weight= 11.62%
2026-04-23 15:54:45,742  INFO  [FeatureSelector/sector_rotation]    6. roic                                  0.3722     0.0805    0.065  weight= 11.28%
2026-04-23 15:54:45,742  INFO  [FeatureSelector/sector_rotation]    7. net_margin                            0.2623     0.0652    0.046  weight=  9.13%
2026-04-23 15:54:45,742  INFO  [FeatureSelector/sector_rotation]    8. fcf_yield                             0.3532     0.0627    0.071  weight=  8.78%
2026-04-23 15:54:45,742  INFO  [FeatureSelector/sector_rotation]   Discarded by low combined score (10): revenue_yoy_growth, earnings_yield, debt_to_ebitda, interest_coverage, sector_vs_market_momentum, risk_adjusted_sector_momentum, ev_to_ebitda, fcf_margin, analyst_consensus_change, analyst_dispersion
2026-04-23 15:54:45,742  INFO  [FeatureSelector/sector_rotation] Summary: 18 features → pair_drop=0 → corr_drop=0 → imp_drop=10 → 8 selected (cutoff rule + [6,10])
2026-04-23 15:54:45,752  INFO  [SectorRotationAgent] 600 sector obs | 276 outperform / 324 underperform sectors | 8 features
2026-04-23 15:54:47,677  INFO  [SectorRotationAgent] CV AUC=0.5930 ± 0.0510
2026-04-23 15:54:48,626  INFO  [sector_rotation] Top-5 features: price_vs_52w_high=0.160 | pe_vs_5y_median=0.157 | roic=0.143 | fcf_yield=0.141 | volatility_60d=0.122
2026-04-23 15:54:48,630  INFO  [sector_rotation] Diagnostics → diagnostics_2025Q1.json
2026-04-23 15:54:48,632  INFO  [Fold 2025Q1] 2/3 — Generando scores OOF (3 splits temporales) como input del MetaLearner...
2026-04-23 15:54:48,654  INFO    [OOF] fundamental: generating anti-leakage scores (3 quarter-level temporal splits)
2026-04-23 15:56:15,745  INFO    [OOF] valuation: generating anti-leakage scores (3 quarter-level temporal splits)
2026-04-23 15:57:25,095  INFO    [OOF] momentum: generating anti-leakage scores (3 quarter-level temporal splits)
2026-04-23 15:58:51,465  INFO    [OOF] bear: generating anti-leakage scores (3 quarter-level temporal splits)
2026-04-23 16:00:31,934  INFO    [OOF] sentiment: generating anti-leakage scores (3 quarter-level temporal splits)
2026-04-23 16:00:31,962  WARNING  [sentiment] Not enough clean samples to train.
2026-04-23 16:00:32,033  WARNING  [sentiment] Not enough clean samples to train.
2026-04-23 16:00:32,033  INFO    [OOF] sector_rotation: generating OOF sector scores (3 quarter-level splits)
2026-04-23 16:00:32,048  INFO  [SectorRotationAgent] Building sector dataset — 3171 ticker obs
2026-04-23 16:00:35,430  INFO  [FeatureSelector/sector_rotation] Step 1 — correlation >85%: removed 0 / 16 features
2026-04-23 16:00:35,925  INFO  [FeatureSelector/sector_rotation] Step 2 — combined score (w_relevance=0.65, w_importance=0.35)
2026-04-23 16:00:35,925  INFO  [FeatureSelector/sector_rotation] Step 3 — importance cutoff: top=0.1352, cutoff=0.40 (value=0.0541), min_keep=6, max_keep=10
2026-04-23 16:00:35,925  INFO  [FeatureSelector/sector_rotation]   Feature                               Combined     Imp_RF     pb_y
2026-04-23 16:00:35,925  INFO  [FeatureSelector/sector_rotation]   ----------------------------------- ---------- ---------- --------
2026-04-23 16:00:35,925  INFO  [FeatureSelector/sector_rotation]    1. price_vs_52w_high                     0.8903     0.1352    0.163  weight= 16.94%
2026-04-23 16:00:35,925  INFO  [FeatureSelector/sector_rotation]    2. momentum_6m                           0.8910     0.0931    0.195  weight= 11.66%
2026-04-23 16:00:35,925  INFO  [FeatureSelector/sector_rotation]    3. fcf_yield                             0.6202     0.0760    0.128  weight=  9.52%
2026-04-23 16:00:35,925  INFO  [FeatureSelector/sector_rotation]    4. roic                                  0.5865     0.0742    0.119  weight=  9.29%
2026-04-23 16:00:35,925  INFO  [FeatureSelector/sector_rotation]    5. momentum_3m                           0.5699     0.0734    0.115  weight=  9.20%
2026-04-23 16:00:35,925  INFO  [FeatureSelector/sector_rotation]    6. volatility_60d                        0.6323     0.0734    0.134  weight=  9.19%
2026-04-23 16:00:35,925  INFO  [FeatureSelector/sector_rotation]    7. pe_vs_5y_median                       0.4581     0.0717    0.083  weight=  8.98%
2026-04-23 16:00:35,925  INFO  [FeatureSelector/sector_rotation]    8. revenue_yoy_growth                    0.3222     0.0717    0.043  weight=  8.98%
2026-04-23 16:00:35,925  INFO  [FeatureSelector/sector_rotation]    9. interest_coverage                     0.2201     0.0666    0.016  weight=  8.35%
2026-04-23 16:00:35,925  INFO  [FeatureSelector/sector_rotation]   10. earnings_yield                        0.3360     0.0630    0.053  weight=  7.89%
2026-04-23 16:00:35,925  INFO  [FeatureSelector/sector_rotation]   Discarded by low combined score (6): net_margin, debt_to_ebitda, sector_vs_market_momentum, risk_adjusted_sector_momentum, ev_to_ebitda, fcf_margin
2026-04-23 16:00:35,925  INFO  [FeatureSelector/sector_rotation] Summary: 16 features → pair_drop=0 → corr_drop=0 → imp_drop=6 → 10 selected (cutoff rule + [6,10])
2026-04-23 16:00:35,942  INFO  [SectorRotationAgent] 210 sector obs | 112 outperform / 98 underperform sectors | 10 features
2026-04-23 16:00:37,738  INFO  [SectorRotationAgent] CV AUC=0.5823 ± 0.0802
2026-04-23 16:00:38,626  INFO  [SectorRotationAgent] Sector scores:
2026-04-23 16:00:38,635  INFO      Textiles, Apparel & Luxury Goods  score=0.890
2026-04-23 16:00:38,635  INFO      Construction                    score=0.816
2026-04-23 16:00:38,635  INFO      Distributors                    score=0.738
2026-04-23 16:00:38,635  INFO      Communications                  score=0.733
2026-04-23 16:00:38,635  INFO      Real Estate                     score=0.704
2026-04-23 16:00:38,635  INFO      Industrial Conglomerates        score=0.667
2026-04-23 16:00:38,635  INFO      Energy                          score=0.635
2026-04-23 16:00:38,635  INFO      Commercial Services & Supplies  score=0.623
2026-04-23 16:00:38,635  INFO      Healthcare                      score=0.603
2026-04-23 16:00:38,635  INFO      Electrical Equipment            score=0.595
2026-04-23 16:00:38,635  INFO      Materials                       score=0.574
2026-04-23 16:00:38,635  INFO      Road & Rail                     score=0.555
2026-04-23 16:00:38,635  INFO      Machinery                       score=0.540
2026-04-23 16:00:38,635  INFO      Banking                         score=0.538
2026-04-23 16:00:38,635  INFO      Financials                      score=0.527
2026-04-23 16:00:38,642  INFO      Metals & Mining                 score=0.525
2026-04-23 16:00:38,642  INFO      Airlines                        score=0.512
2026-04-23 16:00:38,643  INFO      Hotels, Restaurants & Leisure   score=0.508
2026-04-23 16:00:38,643  INFO      Building                        score=0.486
2026-04-23 16:00:38,643  INFO      Packaging                       score=0.468
2026-04-23 16:00:38,643  INFO      Life Sciences Tools & Services  score=0.375
2026-04-23 16:00:38,643  INFO      Professional Services           score=0.369
2026-04-23 16:00:38,643  INFO      Auto Components                 score=0.320
2026-04-23 16:00:38,643  INFO      Technology                      score=0.318
2026-04-23 16:00:38,646  INFO      Health Care                     score=0.298
2026-04-23 16:00:38,646  INFO      Industrials                     score=0.298
2026-04-23 16:00:38,646  INFO      Communication Services          score=0.286
2026-04-23 16:00:38,646  INFO      Leisure Products                score=0.282
2026-04-23 16:00:38,646  INFO      Tobacco                         score=0.273
2026-04-23 16:00:38,646  INFO      Consumer products               score=0.262
2026-04-23 16:00:38,646  INFO      Trading Companies & Distributors  score=0.220
2026-04-23 16:00:38,646  INFO      Telecommunication               score=0.214
2026-04-23 16:00:38,646  INFO      Consumer Discretionary          score=0.202
2026-04-23 16:00:38,646  INFO      Consumer Staples                score=0.113
2026-04-23 16:00:38,646  INFO      Utilities                       score=0.033
2026-04-23 16:00:38,679  INFO  [SectorRotationAgent] Building sector dataset — 6342 ticker obs
2026-04-23 16:00:45,845  INFO  [FeatureSelector/sector_rotation] Step 1 — correlation >85%: removed 0 / 18 features
2026-04-23 16:00:46,349  INFO  [FeatureSelector/sector_rotation] Step 2 — combined score (w_relevance=0.65, w_importance=0.35)
2026-04-23 16:00:46,349  INFO  [FeatureSelector/sector_rotation] Step 3 — importance cutoff: top=0.1370, cutoff=0.40 (value=0.0548), min_keep=6, max_keep=10
2026-04-23 16:00:46,349  INFO  [FeatureSelector/sector_rotation]   Feature                               Combined     Imp_RF     pb_y
2026-04-23 16:00:46,349  INFO  [FeatureSelector/sector_rotation]   ----------------------------------- ---------- ---------- --------
2026-04-23 16:00:46,349  INFO  [FeatureSelector/sector_rotation]    1. price_vs_52w_high                     1.0000     0.1370    0.227  weight= 16.67%
2026-04-23 16:00:46,349  INFO  [FeatureSelector/sector_rotation]    2. volatility_60d                        0.8025     0.0950    0.196  weight= 11.57%
2026-04-23 16:00:46,349  INFO  [FeatureSelector/sector_rotation]    3. momentum_6m                           0.7184     0.0943    0.167  weight= 11.47%
2026-04-23 16:00:46,349  INFO  [FeatureSelector/sector_rotation]    4. roic                                  0.5832     0.0844    0.129  weight= 10.27%
2026-04-23 16:00:46,349  INFO  [FeatureSelector/sector_rotation]    5. fcf_yield                             0.4908     0.0806    0.100  weight=  9.82%
2026-04-23 16:00:46,349  INFO  [FeatureSelector/sector_rotation]    6. momentum_3m                           0.4714     0.0805    0.094  weight=  9.80%
2026-04-23 16:00:46,355  INFO  [FeatureSelector/sector_rotation]    7. fcf_margin                            0.2346     0.0638    0.027  weight=  7.76%
2026-04-23 16:00:46,355  INFO  [FeatureSelector/sector_rotation]    8. pe_vs_5y_median                       0.3097     0.0637    0.053  weight=  7.76%
2026-04-23 16:00:46,355  INFO  [FeatureSelector/sector_rotation]    9. net_margin                            0.4484     0.0625    0.102  weight=  7.61%
2026-04-23 16:00:46,355  INFO  [FeatureSelector/sector_rotation]   10. interest_coverage                     0.2485     0.0598    0.035  weight=  7.27%
2026-04-23 16:00:46,355  INFO  [FeatureSelector/sector_rotation]   Discarded by low combined score (8): revenue_yoy_growth, earnings_yield, debt_to_ebitda, sector_vs_market_momentum, risk_adjusted_sector_momentum, ev_to_ebitda, analyst_consensus_change, analyst_dispersion
2026-04-23 16:00:46,355  INFO  [FeatureSelector/sector_rotation] Summary: 18 features → pair_drop=0 → corr_drop=0 → imp_drop=8 → 10 selected (cutoff rule + [6,10])
2026-04-23 16:00:46,362  INFO  [SectorRotationAgent] 420 sector obs | 198 outperform / 222 underperform sectors | 10 features
2026-04-23 16:00:48,613  INFO  [SectorRotationAgent] CV AUC=0.6000 ± 0.0892
2026-04-23 16:00:49,790  INFO  [SectorRotationAgent] Sector scores:
2026-04-23 16:00:49,790  INFO      Auto Components                 score=0.830
2026-04-23 16:00:49,790  INFO      Airlines                        score=0.779
2026-04-23 16:00:49,790  INFO      Commercial Services & Supplies  score=0.764
2026-04-23 16:00:49,790  INFO      Communications                  score=0.719
2026-04-23 16:00:49,792  INFO      Hotels, Restaurants & Leisure   score=0.624
2026-04-23 16:00:49,792  INFO      Industrials                     score=0.599
2026-04-23 16:00:49,792  INFO      Construction                    score=0.598
2026-04-23 16:00:49,792  INFO      Real Estate                     score=0.576
2026-04-23 16:00:49,792  INFO      Technology                      score=0.542
2026-04-23 16:00:49,792  INFO      Financials                      score=0.526
2026-04-23 16:00:49,792  INFO      Materials                       score=0.509
2026-04-23 16:00:49,792  INFO      Leisure Products                score=0.502
2026-04-23 16:00:49,796  INFO      Textiles, Apparel & Luxury Goods  score=0.498
2026-04-23 16:00:49,797  INFO      Life Sciences Tools & Services  score=0.467
2026-04-23 16:00:49,797  INFO      Industrial Conglomerates        score=0.454
2026-04-23 16:00:49,797  INFO      Consumer Staples                score=0.444
2026-04-23 16:00:49,797  INFO      Banking                         score=0.444
2026-04-23 16:00:49,797  INFO      Road & Rail                     score=0.433
2026-04-23 16:00:49,797  INFO      Distributors                    score=0.423
2026-04-23 16:00:49,797  INFO      Building                        score=0.416
2026-04-23 16:00:49,797  INFO      Packaging                       score=0.415
2026-04-23 16:00:49,797  INFO      Healthcare                      score=0.398
2026-04-23 16:00:49,797  INFO      Professional Services           score=0.378
2026-04-23 16:00:49,797  INFO      Communication Services          score=0.369
2026-04-23 16:00:49,797  INFO      Machinery                       score=0.354
2026-04-23 16:00:49,797  INFO      Tobacco                         score=0.350
2026-04-23 16:00:49,797  INFO      Electrical Equipment            score=0.338
2026-04-23 16:00:49,797  INFO      Trading Companies & Distributors  score=0.336
2026-04-23 16:00:49,797  INFO      Consumer products               score=0.308
2026-04-23 16:00:49,797  INFO      Energy                          score=0.287
2026-04-23 16:00:49,797  INFO      Telecommunication               score=0.270
2026-04-23 16:00:49,797  INFO      Health Care                     score=0.249
2026-04-23 16:00:49,797  INFO      Consumer Discretionary          score=0.224
2026-04-23 16:00:49,797  INFO      Metals & Mining                 score=0.168
2026-04-23 16:00:49,807  INFO      Utilities                       score=0.148
2026-04-23 16:00:49,863  INFO  [OOF/bear_risk] n=9060 | min=0.2827 q10=0.5000 q25=0.5000 mean=0.6056 q50=0.6006 q75=0.7008 q90=0.7530 max=0.9610
2026-04-23 16:00:49,863  INFO  [OOF/bear_risk] cobertura umbral: >=0.50=95.6% | >=0.55=56.6% | >=0.60=50.1%
2026-04-23 16:00:49,874  INFO  [OOF/bear_safety] n=9060 | min=0.0390 q10=0.2470 q25=0.2992 mean=0.3944 q50=0.3994 q75=0.5000 q90=0.5000 max=0.7173
2026-04-23 16:00:49,874  INFO  [OOF/bear_safety] cobertura umbral: >=0.50=39.4% | >=0.55=2.2% | >=0.60=0.9%
2026-04-23 16:00:49,889  INFO  [OOF/sector_score] n=9060 | min=0.0327 q10=0.2493 q25=0.3536 mean=0.4538 q50=0.5000 q75=0.5263 q90=0.5950 max=0.8899
2026-04-23 16:00:49,889  INFO  [OOF/sector_score] cobertura umbral: >=0.50=65.4% | >=0.55=13.5% | >=0.60=7.9%
2026-04-23 16:00:49,889  INFO  [Dispersion] SCORE_DISPERSION_MIN_STD=0.0300
2026-04-23 16:00:49,889  INFO  [Dispersion] SCORE_DISPERSION_MIN_SCALE=0.3500
2026-04-23 16:00:49,891  INFO  [Dispersion] fundamental_score: std=0.117129 -> scale=1.0000 (sin shrink)
2026-04-23 16:00:49,891  INFO  [Dispersion] valuation_score: std=0.122181 -> scale=1.0000 (sin shrink)
2026-04-23 16:00:49,893  INFO  [Dispersion] momentum_score: std=0.139191 -> scale=1.0000 (sin shrink)
2026-04-23 16:00:49,895  INFO  [Dispersion] bear_score: std=0.110691 -> scale=1.0000 (sin shrink)
2026-04-23 16:00:49,896  INFO  [Dispersion] sentiment_score: std=0.000000 -> scale=0.3500 (shrink activo)
2026-04-23 16:00:49,897  INFO  [Dispersion] sector_score: std=0.140405 -> scale=1.0000 (sin shrink)
2026-04-23 16:00:49,907  INFO  [Dispersion/sentiment_score/before] n=9060 | min=0.2500 q10=0.2500 q25=0.2500 mean=0.2500 q50=0.2500 q75=0.2500 q90=0.2500 max=0.2500
2026-04-23 16:00:49,907  INFO  [Dispersion/sentiment_score/before] cobertura umbral: >=0.50=0.0% | >=0.55=0.0% | >=0.60=0.0%
2026-04-23 16:00:49,914  INFO  [Dispersion/sentiment_score/after] n=9060 | min=0.4125 q10=0.4125 q25=0.4125 mean=0.4125 q50=0.4125 q75=0.4125 q90=0.4125 max=0.4125
2026-04-23 16:00:49,914  INFO  [Dispersion/sentiment_score/after] cobertura umbral: >=0.50=0.0% | >=0.55=0.0% | >=0.60=0.0%
2026-04-23 16:00:49,914  INFO  [Fold 2025Q1] 2/3 — Entrenando MetaLearner sobre scores OOF (anti-leakage)...
2026-04-23 16:01:01,913  INFO  [alpha_meta_learner] Diagnostics → diagnostics_2025Q1.json
2026-04-23 16:01:01,917  INFO  [Fold 2025Q1] 3/3 — Generando predicciones sobre el quarter de test (453 tickers)...
2026-04-23 16:01:02,434  INFO  [AgentScore/fundamental] n=453 | min=0.2261 q10=0.3400 q25=0.3689 mean=0.4088 q50=0.4039 q75=0.4490 q90=0.4859 max=0.6364
2026-04-23 16:01:02,434  INFO  [AgentScore/fundamental] cobertura umbral: >=0.50=6.2% | >=0.55=1.3% | >=0.60=0.4%
2026-04-23 16:01:02,834  INFO  [AgentScore/valuation] n=453 | min=0.2554 q10=0.4126 q25=0.4299 mean=0.4726 q50=0.4556 q75=0.4993 q90=0.5619 max=0.7605
2026-04-23 16:01:02,835  INFO  [AgentScore/valuation] cobertura umbral: >=0.50=24.9% | >=0.55=12.6% | >=0.60=5.1%
2026-04-23 16:01:03,183  INFO  [AgentScore/momentum] n=453 | min=0.1978 q10=0.3523 q25=0.4057 mean=0.4566 q50=0.4504 q75=0.5022 q90=0.5705 max=0.7418
2026-04-23 16:01:03,183  INFO  [AgentScore/momentum] cobertura umbral: >=0.50=25.4% | >=0.55=14.3% | >=0.60=5.7%
2026-04-23 16:01:03,685  INFO  [AgentScore/bear/risk] n=453 | min=0.3841 q10=0.5691 q25=0.6142 mean=0.6407 q50=0.6506 q75=0.6802 q90=0.7031 max=0.7819
2026-04-23 16:01:03,685  INFO  [AgentScore/bear/risk] cobertura umbral: >=0.50=96.9% | >=0.55=94.0% | >=0.60=80.1%
2026-04-23 16:01:03,694  INFO  [AgentScore/bear/safety] n=453 | min=0.2181 q10=0.2969 q25=0.3198 mean=0.3593 q50=0.3494 q75=0.3858 q90=0.4309 max=0.6159
2026-04-23 16:01:03,694  INFO  [AgentScore/bear/safety] cobertura umbral: >=0.50=3.1% | >=0.55=1.8% | >=0.60=0.2%
2026-04-23 16:01:03,701  INFO  [AgentScore/sentiment] n=453 | min=0.2500 q10=0.2500 q25=0.2500 mean=0.2500 q50=0.2500 q75=0.2500 q90=0.2500 max=0.2500
2026-04-23 16:01:03,701  INFO  [AgentScore/sentiment] cobertura umbral: >=0.50=0.0% | >=0.55=0.0% | >=0.60=0.0%
2026-04-23 16:01:03,711  INFO  [AgentScore/ensemble_mean_pre_meta] n=453 | min=0.3123 q10=0.3538 q25=0.3677 mean=0.3894 q50=0.3877 q75=0.4078 q90=0.4270 max=0.5047
2026-04-23 16:01:03,717  INFO  [AgentScore/ensemble_mean_pre_meta] cobertura umbral: >=0.50=0.2% | >=0.55=0.0% | >=0.60=0.0%
2026-04-23 16:01:03,858  INFO  [SectorRotationAgent] Sector scores:
2026-04-23 16:01:03,859  INFO      Metals & Mining                 score=0.792
2026-04-23 16:01:03,859  INFO      Road & Rail                     score=0.732
2026-04-23 16:01:03,860  INFO      Hotels, Restaurants & Leisure   score=0.624
2026-04-23 16:01:03,860  INFO      Commercial Services & Supplies  score=0.592
2026-04-23 16:01:03,861  INFO      Electrical Equipment            score=0.521
2026-04-23 16:01:03,861  INFO      Consumer products               score=0.503
2026-04-23 16:01:03,862  INFO      Energy                          score=0.500
2026-04-23 16:01:03,862  INFO      Industrials                     score=0.491
2026-04-23 16:01:03,862  INFO      Banking                         score=0.483
2026-04-23 16:01:03,863  INFO      Utilities                       score=0.474
2026-04-23 16:01:03,863  INFO      Auto Components                 score=0.415
2026-04-23 16:01:03,864  INFO      Technology                      score=0.412
2026-04-23 16:01:03,864  INFO      Real Estate                     score=0.407
2026-04-23 16:01:03,865  INFO      Healthcare                      score=0.404
2026-04-23 16:01:03,865  INFO      Financials                      score=0.400
2026-04-23 16:01:03,865  INFO      Materials                       score=0.394
2026-04-23 16:01:03,865  INFO      Life Sciences Tools & Services  score=0.392
2026-04-23 16:01:03,866  INFO      Leisure Products                score=0.380
2026-04-23 16:01:03,866  INFO      Trading Companies & Distributors  score=0.371
2026-04-23 16:01:03,867  INFO      Health Care                     score=0.332
2026-04-23 16:01:03,867  INFO      Construction                    score=0.306
2026-04-23 16:01:03,868  INFO      Tobacco                         score=0.300
2026-04-23 16:01:03,868  INFO      Airlines                        score=0.293
2026-04-23 16:01:03,868  INFO      Professional Services           score=0.289
2026-04-23 16:01:03,868  INFO      Communications                  score=0.282
2026-04-23 16:01:03,868  INFO      Consumer Discretionary          score=0.271
2026-04-23 16:01:03,868  INFO      Telecommunication               score=0.253
2026-04-23 16:01:03,868  INFO      Machinery                       score=0.237
2026-04-23 16:01:03,871  INFO      Textiles, Apparel & Luxury Goods  score=0.206
2026-04-23 16:01:03,871  INFO      Consumer Staples                score=0.202
2026-04-23 16:01:03,871  INFO      Building                        score=0.194
2026-04-23 16:01:03,871  INFO      Distributors                    score=0.191
2026-04-23 16:01:03,871  INFO      Industrial Conglomerates        score=0.168
2026-04-23 16:01:03,871  INFO      Packaging                       score=0.143
2026-04-23 16:01:03,871  INFO      Communication Services          score=0.064
2026-04-23 16:01:03,953  INFO  [Dispersion/sentiment_score/before] n=453 | min=0.2250 q10=0.2500 q25=0.2500 mean=0.2499 q50=0.2500 q75=0.2500 q90=0.2500 max=0.2500
2026-04-23 16:01:03,954  INFO  [Dispersion/sentiment_score/before] cobertura umbral: >=0.50=0.0% | >=0.55=0.0% | >=0.60=0.0%
2026-04-23 16:01:03,962  INFO  [Dispersion/sentiment_score/after] n=453 | min=0.4037 q10=0.4125 q25=0.4125 mean=0.4125 q50=0.4125 q75=0.4125 q90=0.4125 max=0.4125
2026-04-23 16:01:03,962  INFO  [Dispersion/sentiment_score/after] cobertura umbral: >=0.50=0.0% | >=0.55=0.0% | >=0.60=0.0%
2026-04-23 16:01:04,327  INFO  [Meta/final_score_pre_sector_adjust] n=453 | min=0.1180 q10=0.2039 q25=0.2960 mean=0.4619 q50=0.4607 q75=0.6279 q90=0.7272 max=0.8012
2026-04-23 16:01:04,327  INFO  [Meta/final_score_pre_sector_adjust] cobertura umbral: >=0.50=43.9% | >=0.55=36.0% | >=0.60=28.7%
2026-04-23 16:01:04,360  INFO  [SectorAdjust] params: SECTOR_CONFIDENCE_PEERS=10, SECTOR_SCORE_PRIOR_BASE=0.500, SECTOR_SCORE_PRIOR_WEIGHT=0.250
2026-04-23 16:01:04,373  INFO  [SectorAdjust/final_score_raw] n=453 | min=0.1180 q10=0.2039 q25=0.2960 mean=0.4619 q50=0.4607 q75=0.6279 q90=0.7272 max=0.8012
2026-04-23 16:01:04,373  INFO  [SectorAdjust/final_score_raw] cobertura umbral: >=0.50=43.9% | >=0.55=36.0% | >=0.60=28.7%
2026-04-23 16:01:04,385  INFO  [SectorAdjust/sector_score] n=453 | min=0.0643 q10=0.2022 q25=0.3003 mean=0.3872 q50=0.4000 q75=0.4745 q90=0.5177 max=0.7917
2026-04-23 16:01:04,385  INFO  [SectorAdjust/sector_score] cobertura umbral: >=0.50=12.8% | >=0.55=7.1% | >=0.60=6.0%
2026-04-23 16:01:04,395  INFO  [SectorAdjust/sector_confidence] n=453 | min=0.3162 q10=0.7746 q25=1.0000 mean=0.9503 q50=1.0000 q75=1.0000 q90=1.0000 max=1.0000
2026-04-23 16:01:04,395  INFO  [SectorAdjust/sector_confidence] cobertura umbral: >=0.50=98.2% | >=0.55=96.2% | >=0.60=96.2%
2026-04-23 16:01:04,402  INFO  [SectorAdjust/sector_tilt] n=453 | min=-0.1089 q10=-0.0657 q25=-0.0421 mean=-0.0264 q50=-0.0250 q75=-0.0064 q90=0.0044 max=0.0461
2026-04-23 16:01:04,403  INFO  [SectorAdjust/sector_tilt] cobertura umbral: >=0.50=0.0% | >=0.55=0.0% | >=0.60=0.0%
2026-04-23 16:01:04,405  INFO  [SectorAdjust/final_score_adjusted] n=453 | min=0.0596 q10=0.1689 q25=0.2726 mean=0.4355 q50=0.4306 q75=0.5908 q90=0.7033 max=0.8326
2026-04-23 16:01:04,414  INFO  [SectorAdjust/final_score_adjusted] cobertura umbral: >=0.50=38.6% | >=0.55=32.9% | >=0.60=23.8%
2026-04-23 16:01:04,414  INFO  [RiskDiag] bear_risk>=hard_threshold(0.90): 0/453 (0.0%)
2026-04-23 16:01:04,418  INFO  [Fold 2025Q1] 3/3 — Predicciones listas. Scores en rango [0.060, 0.833]
2026-04-23 16:01:04,507  INFO  [FeatureUsage] Reporte fold 2025Q1 -> feature_usage_report.csv
2026-04-23 16:01:07,053  INFO  [Visualizer] Distribucion scores -> score_distribution_2025Q1.png
2026-04-23 16:03:25,080  INFO  [Backtester] 2025Q1: 242 tickers superaron umbral 0.00 → selecting target=8, final=8 (min=4, sector_cap=3)
2026-04-23 16:03:25,212  INFO  [Backtester] 2025Q1: optimizer=hrp pre-entry trailing window applied
2026-04-23 16:03:25,226  INFO  [Backtester] 2025Q1 — cartera final (hrp+cap(0.15), 8 stocks):
2026-04-23 16:03:25,235  INFO      CZR       peso=0.150  score=0.796  ret=-16.43%
2026-04-23 16:03:25,237  INFO      AES       peso=0.150  score=0.777  ret=+7.34%
2026-04-23 16:03:25,239  INFO      FCX       peso=0.150  score=0.762  ret=+10.11%
2026-04-23 16:03:25,241  INFO      NUE       peso=0.150  score=0.833  ret=+25.94%
2026-04-23 16:03:25,243  INFO      ENPH      peso=0.113  score=0.739  ret=-29.94%
2026-04-23 16:03:25,245  INFO      UBER      peso=0.150  score=0.730  ret=+2.71%
2026-04-23 16:03:25,247  INFO      SMCI      peso=0.035  score=0.702  ret=+3.21%
2026-04-23 16:03:25,251  INFO      MRNA      peso=0.103  score=0.722  ret=+18.48%
2026-04-23 16:03:25,273  INFO  [Backtester] 2025Q1 — 8 stocks | Cartera=+4.12%  Benchmark=+9.01%  Alpha=-4.88%  Sharpe=0.57
2026-04-23 16:04:26,024  WARNING  [2025Q1] Source audit detected 2734 incidents (diagnostic-only).
2026-04-23 16:04:27,187  INFO  [Visualizer] Rendimiento 2025Q1 -> performance.png
2026-04-23 16:04:28,825  INFO  [FoldReport] Fold 2025Q1: scores for 453 tickers saved → scores.csv
2026-04-23 16:04:30,036  INFO  [FoldReport] Snapshot audit 2025Q1: 453 tickers → ticker_snapshot_audit.csv
2026-04-23 16:04:33,853  INFO  [FoldReport] Agent-feature audit 2025Q1: 89241 rows → ticker_agent_feature_audit.csv
2026-04-23 16:04:34,355  INFO  [Visualizer] Feature importances -> feat_imp_fundamental_2025Q1.png
2026-04-23 16:04:34,827  INFO  [Visualizer] Feature importances -> feat_imp_valuation_2025Q1.png
2026-04-23 16:04:35,296  INFO  [Visualizer] Feature importances -> feat_imp_momentum_2025Q1.png
2026-04-23 16:04:35,804  INFO  [Visualizer] Feature importances -> feat_imp_bear_2025Q1.png
2026-04-23 16:04:36,094  INFO  [Visualizer] Feature importances -> feat_imp_sector_rotation_2025Q1.png
2026-04-23 16:04:36,411  INFO  [Explainer] Fold 2025Q1: explicaciones de 60 tickers -> ticker_explanations.csv y ticker_explanations.json
2026-04-23 16:04:36,421  INFO  [2025Q2] SP500 dynamic @entry 2025-08-14: 503 active members
2026-04-23 16:04:36,421  INFO  [2025Q2] Cambios vs fold previo (2025-05-15 -> 2025-08-14): +5 entran, -5 salen
2026-04-23 16:04:36,421  INFO  [2025Q2]   Entran (muestra): COIN, DDOG, PSKY, TTD, XYZ
2026-04-23 16:04:36,421  INFO  [2025Q2]   Salen  (muestra): ANSS, DFS, HES, JNPR, PARA
2026-04-23 16:04:38,172  INFO  [Fallback Extrapolation] Added 31 estimated snapshots (last 4 Q)
2026-04-23 16:04:38,189  INFO  [2025Q2] Cobertura test pre-filtro: 569 tickers con snapshot/relleno
2026-04-23 16:04:38,189  INFO  [2025Q2] Filtro SP500 @entry: 569 -> 495 tickers (excluidos por no ser miembro activo: 74)
2026-04-23 16:04:38,189  INFO  [2025Q2]   No miembro SP500 @entry (muestra): AAL, AAP, AET, AIV, ALK, AMG, AMTM, APP, ARES, BBWI, BHF, BIO
2026-04-23 16:04:38,189  INFO  [2025Q2]   Miembros SP500 sin snapshot usable en quarter (muestra): FI, FOX, IPG, K, MMC, NWS, PSKY, WBA
2026-04-23 16:04:38,471  INFO  [2025Q2] Universo base fold (SP500 @entry): 503 tickers
2026-04-23 16:04:38,471  INFO  [2025Q2]   Fuera del universo base @entry (muestra): AAL, AAP, AET, AIV, ALK, AMG, AMTM, APP, ARES, BBWI, BHF, BIO
2026-04-23 16:04:38,471  INFO  [2025Q2]   Excluidos por historial insuficiente (<5Y train): 40 | muestra: ABNB, AEP, APO, BF-B, CCL, CEG, CMS, COIN, CPAY, D, DASH, DAY
2026-04-23 16:04:38,471  INFO  [2025Q2] Intento train=5Y -> test elegible 455/503 (90.5%) | min requerido=378
2026-04-23 16:04:38,478  INFO  [2025Q2] Ventana seleccionada: 5Y (2020-06-30 -> 2025-06-30) | tickers elegibles=455
2026-04-23 16:04:38,505  INFO  [2025Q2] Eligibility audit (5Y) -> ticker_eligibility_audit.csv
2026-04-23 16:04:38,505  INFO  [2025Q2] Eligibility reason summary -> eligibility_reason_summary.csv
2026-04-23 16:04:38,511  INFO  
============================================================
2026-04-23 16:04:38,511  INFO    ANALYSIS 2025Q2
2026-04-23 16:04:38,512  INFO    Train : 2020-06-30 → 2025-06-30  (5 years)
2026-04-23 16:04:38,512  INFO    Mode  : quarterly (Q)
2026-04-23 16:04:38,512  INFO    Test  : snapshot simulado en 2025-08-14 (Q2 start + 45d)
2026-04-23 16:04:38,512  INFO  ============================================================
2026-04-23 16:04:38,512  INFO  [2025Q2] Snapshot lag starts at: 2025-06-30 (last day of Q2) + 45 days = entry date: 2025-08-14
2026-04-23 16:04:38,512  INFO  [2025Q2] Ventana real de precios: 2025-08-14 -> 2025-11-14 (66 dias)
2026-04-23 16:48:47,321  INFO  [TP/SL] Selected training strategy=conservative | utility=0.0093 | hit_rate=50.26%
2026-04-23 16:48:47,344  INFO  [Fold 2025Q2] 1/3 — Entrenando agentes base con datos de entrenamiento del fold...
2026-04-23 16:49:54,763  INFO  [fundamental] Top-5 features: gross_margin__pct_universe=0.084 | interest_coverage__pct_universe=0.078 | capex_to_revenue__pct_universe=0.068 | capex_to_revenue=0.062 | fcf_margin__pct_universe=0.046
2026-04-23 16:49:54,770  INFO  [fundamental] Diagnostics → diagnostics_2025Q2.json
2026-04-23 16:50:49,895  INFO  [valuation] Top-5 features: ev_to_ebitda__pct_universe=0.074 | fcf_yield__pct_universe=0.053 | pb_ratio__pct_universe=0.053 | pb_ratio=0.049 | ps_ratio=0.046
2026-04-23 16:50:49,903  INFO  [valuation] Diagnostics → diagnostics_2025Q2.json
2026-04-23 16:51:57,523  INFO  [momentum] Top-5 features: momentum_6m=0.124 | volatility_60d=0.103 | price_vs_52w_high=0.078 | volatility_60d__pct_universe=0.071 | momentum_6m__pct_universe=0.062
2026-04-23 16:51:57,536  INFO  [momentum] Diagnostics → diagnostics_2025Q2.json
2026-04-23 16:53:25,731  INFO  [bear] Top-5 features: consecutive_losses__pct_universe=0.473 | revenue_decline__pct_universe=0.141 | fcf_margin__pct_universe=0.027 | interest_coverage__pct_universe=0.024 | revenue_decline__pct_sector=0.024
2026-04-23 16:53:25,744  INFO  [bear] Diagnostics → diagnostics_2025Q2.json
2026-04-23 16:53:25,805  WARNING  [sentiment] Not enough clean samples to train.
2026-04-23 16:53:25,814  INFO  [Fold 2025Q2] 1/3 — Entrenando SectorRotationAgent (top-down, nivel sector)...
2026-04-23 16:53:25,814  INFO  [SectorRotationAgent] Building sector dataset — 9100 ticker obs
2026-04-23 16:53:33,293  INFO  [FeatureSelector/sector_rotation] Step 1 — correlation >85%: removed 0 / 18 features
2026-04-23 16:53:33,780  INFO  [FeatureSelector/sector_rotation] Step 2 — combined score (w_relevance=0.65, w_importance=0.35)
2026-04-23 16:53:33,780  INFO  [FeatureSelector/sector_rotation] Step 3 — importance cutoff: top=0.1418, cutoff=0.40 (value=0.0567), min_keep=6, max_keep=10
2026-04-23 16:53:33,780  INFO  [FeatureSelector/sector_rotation]   Feature                               Combined     Imp_RF     pb_y
2026-04-23 16:53:33,780  INFO  [FeatureSelector/sector_rotation]   ----------------------------------- ---------- ---------- --------
2026-04-23 16:53:33,780  INFO  [FeatureSelector/sector_rotation]    1. price_vs_52w_high                     1.0000     0.1418    0.182  weight= 18.84%
2026-04-23 16:53:33,780  INFO  [FeatureSelector/sector_rotation]    2. momentum_6m                           0.7494     0.0992    0.144  weight= 13.18%
2026-04-23 16:53:33,780  INFO  [FeatureSelector/sector_rotation]    3. volatility_60d                        0.7275     0.0836    0.148  weight= 11.10%
2026-04-23 16:53:33,780  INFO  [FeatureSelector/sector_rotation]    4. momentum_3m                           0.5123     0.0835    0.092  weight= 11.10%
2026-04-23 16:53:33,780  INFO  [FeatureSelector/sector_rotation]    5. roic                                  0.4468     0.0810    0.076  weight= 10.77%
2026-04-23 16:53:33,791  INFO  [FeatureSelector/sector_rotation]    6. pe_vs_5y_median                       0.2974     0.0737    0.042  weight=  9.79%
2026-04-23 16:53:33,791  INFO  [FeatureSelector/sector_rotation]    7. earnings_yield                        0.4438     0.0672    0.084  weight=  8.93%
2026-04-23 16:53:33,791  INFO  [FeatureSelector/sector_rotation]    8. interest_coverage                     0.1522     0.0617    0.011  weight=  8.19%
2026-04-23 16:53:33,791  INFO  [FeatureSelector/sector_rotation]    9. fcf_yield                             0.3654     0.0611    0.068  weight=  8.11%
2026-04-23 16:53:33,791  INFO  [FeatureSelector/sector_rotation]   Discarded by low combined score (9): revenue_yoy_growth, ev_to_ebitda, net_margin, debt_to_ebitda, sector_vs_market_momentum, risk_adjusted_sector_momentum, fcf_margin, analyst_consensus_change, analyst_dispersion
2026-04-23 16:53:33,791  INFO  [FeatureSelector/sector_rotation] Summary: 18 features → pair_drop=0 → corr_drop=0 → imp_drop=9 → 9 selected (cutoff rule + [6,10])
2026-04-23 16:53:33,801  INFO  [SectorRotationAgent] 600 sector obs | 282 outperform / 318 underperform sectors | 9 features
2026-04-23 16:53:35,746  INFO  [SectorRotationAgent] CV AUC=0.5720 ± 0.0194
2026-04-23 16:53:36,750  INFO  [sector_rotation] Top-5 features: roic=0.141 | price_vs_52w_high=0.137 | volatility_60d=0.128 | momentum_6m=0.118 | pe_vs_5y_median=0.113
2026-04-23 16:53:36,752  INFO  [sector_rotation] Diagnostics → diagnostics_2025Q2.json
2026-04-23 16:53:36,752  INFO  [Fold 2025Q2] 2/3 — Generando scores OOF (3 splits temporales) como input del MetaLearner...
2026-04-23 16:53:36,783  INFO    [OOF] fundamental: generating anti-leakage scores (3 quarter-level temporal splits)
2026-04-23 16:55:13,560  INFO    [OOF] valuation: generating anti-leakage scores (3 quarter-level temporal splits)
2026-04-23 16:56:33,350  INFO    [OOF] momentum: generating anti-leakage scores (3 quarter-level temporal splits)
2026-04-23 16:57:58,573  INFO    [OOF] bear: generating anti-leakage scores (3 quarter-level temporal splits)
2026-04-23 16:59:22,304  INFO    [OOF] sentiment: generating anti-leakage scores (3 quarter-level temporal splits)
2026-04-23 16:59:22,344  WARNING  [sentiment] Not enough clean samples to train.
2026-04-23 16:59:22,437  WARNING  [sentiment] Not enough clean samples to train.
2026-04-23 16:59:22,440  INFO    [OOF] sector_rotation: generating OOF sector scores (3 quarter-level splits)
2026-04-23 16:59:22,447  INFO  [SectorRotationAgent] Building sector dataset — 2730 ticker obs
2026-04-23 16:59:24,787  INFO  [FeatureSelector/sector_rotation] Step 1 — correlation >85%: removed 0 / 16 features
2026-04-23 16:59:25,181  INFO  [FeatureSelector/sector_rotation] Step 2 — combined score (w_relevance=0.65, w_importance=0.35)
2026-04-23 16:59:25,181  INFO  [FeatureSelector/sector_rotation] Step 3 — importance cutoff: top=0.1050, cutoff=0.40 (value=0.0420), min_keep=6, max_keep=10
2026-04-23 16:59:25,186  INFO  [FeatureSelector/sector_rotation]   Feature                               Combined     Imp_RF     pb_y
2026-04-23 16:59:25,186  INFO  [FeatureSelector/sector_rotation]   ----------------------------------- ---------- ---------- --------
2026-04-23 16:59:25,186  INFO  [FeatureSelector/sector_rotation]    1. momentum_6m                           1.0000     0.1050    0.200  weight= 12.88%
2026-04-23 16:59:25,186  INFO  [FeatureSelector/sector_rotation]    2. price_vs_52w_high                     0.8892     0.1044    0.167  weight= 12.80%
2026-04-23 16:59:25,186  INFO  [FeatureSelector/sector_rotation]    3. fcf_yield                             0.8026     0.0991    0.147  weight= 12.15%
2026-04-23 16:59:25,186  INFO  [FeatureSelector/sector_rotation]    4. pe_vs_5y_median                       0.6508     0.0971    0.103  weight= 11.91%
2026-04-23 16:59:25,186  INFO  [FeatureSelector/sector_rotation]    5. roic                                  0.6051     0.0882    0.098  weight= 10.82%
2026-04-23 16:59:25,186  INFO  [FeatureSelector/sector_rotation]    6. revenue_yoy_growth                    0.3221     0.0670    0.034  weight=  8.21%
2026-04-23 16:59:25,186  INFO  [FeatureSelector/sector_rotation]    7. net_margin                            0.5506     0.0660    0.104  weight=  8.09%
2026-04-23 16:59:25,186  INFO  [FeatureSelector/sector_rotation]    8. interest_coverage                     0.3513     0.0657    0.044  weight=  8.06%
2026-04-23 16:59:25,186  INFO  [FeatureSelector/sector_rotation]    9. earnings_yield                        0.5003     0.0617    0.093  weight=  7.56%
2026-04-23 16:59:25,186  INFO  [FeatureSelector/sector_rotation]   10. momentum_3m                           0.6533     0.0612    0.140  weight=  7.51%
2026-04-23 16:59:25,186  INFO  [FeatureSelector/sector_rotation]   Discarded by low combined score (6): ev_to_ebitda, debt_to_ebitda, volatility_60d, sector_vs_market_momentum, risk_adjusted_sector_momentum, fcf_margin
2026-04-23 16:59:25,196  INFO  [FeatureSelector/sector_rotation] Summary: 16 features → pair_drop=0 → corr_drop=0 → imp_drop=6 → 10 selected (cutoff rule + [6,10])
2026-04-23 16:59:25,206  INFO  [SectorRotationAgent] 180 sector obs | 100 outperform / 80 underperform sectors | 10 features
2026-04-23 16:59:26,498  INFO  [SectorRotationAgent] CV AUC=0.5731 ± 0.0574
2026-04-23 16:59:27,159  INFO  [SectorRotationAgent] Sector scores:
2026-04-23 16:59:27,159  INFO      Textiles, Apparel & Luxury Goods  score=0.963
2026-04-23 16:59:27,159  INFO      Energy                          score=0.946
2026-04-23 16:59:27,159  INFO      Distributors                    score=0.930
2026-04-23 16:59:27,159  INFO      Metals & Mining                 score=0.916
2026-04-23 16:59:27,159  INFO      Construction                    score=0.894
2026-04-23 16:59:27,159  INFO      Health Care                     score=0.864
2026-04-23 16:59:27,159  INFO      Banking                         score=0.835
2026-04-23 16:59:27,159  INFO      Airlines                        score=0.793
2026-04-23 16:59:27,159  INFO      Electrical Equipment            score=0.787
2026-04-23 16:59:27,159  INFO      Machinery                       score=0.768
2026-04-23 16:59:27,159  INFO      Materials                       score=0.761
2026-04-23 16:59:27,159  INFO      Commercial Services & Supplies  score=0.749
2026-04-23 16:59:27,165  INFO      Packaging                       score=0.715
2026-04-23 16:59:27,165  INFO      Communications                  score=0.673
2026-04-23 16:59:27,165  INFO      Telecommunication               score=0.641
2026-04-23 16:59:27,165  INFO      Professional Services           score=0.610
2026-04-23 16:59:27,165  INFO      Technology                      score=0.581
2026-04-23 16:59:27,165  INFO      Industrial Conglomerates        score=0.503
2026-04-23 16:59:27,165  INFO      Auto Components                 score=0.464
2026-04-23 16:59:27,165  INFO      Building                        score=0.451
2026-04-23 16:59:27,165  INFO      Leisure Products                score=0.410
2026-04-23 16:59:27,165  INFO      Consumer products               score=0.409
2026-04-23 16:59:27,165  INFO      Consumer Staples                score=0.382
2026-04-23 16:59:27,165  INFO      Trading Companies & Distributors  score=0.380
2026-04-23 16:59:27,165  INFO      Life Sciences Tools & Services  score=0.379
2026-04-23 16:59:27,165  INFO      Consumer Discretionary          score=0.294
2026-04-23 16:59:27,165  INFO      Healthcare                      score=0.262
2026-04-23 16:59:27,172  INFO      Real Estate                     score=0.250
2026-04-23 16:59:27,172  INFO      Communication Services          score=0.238
2026-04-23 16:59:27,173  INFO      Hotels, Restaurants & Leisure   score=0.237
2026-04-23 16:59:27,173  INFO      Industrials                     score=0.198
2026-04-23 16:59:27,173  INFO      Financials                      score=0.109
2026-04-23 16:59:27,174  INFO      Road & Rail                     score=0.090
2026-04-23 16:59:27,174  INFO      Tobacco                         score=0.027
2026-04-23 16:59:27,175  INFO      Utilities                       score=0.016
2026-04-23 16:59:27,206  INFO  [SectorRotationAgent] Building sector dataset — 6370 ticker obs
2026-04-23 16:59:32,467  INFO  [FeatureSelector/sector_rotation] Step 1 — correlation >85%: removed 0 / 18 features
2026-04-23 16:59:32,884  INFO  [FeatureSelector/sector_rotation] Step 2 — combined score (w_relevance=0.65, w_importance=0.35)
2026-04-23 16:59:32,884  INFO  [FeatureSelector/sector_rotation] Step 3 — importance cutoff: top=0.1526, cutoff=0.40 (value=0.0610), min_keep=6, max_keep=10
2026-04-23 16:59:32,884  INFO  [FeatureSelector/sector_rotation]   Feature                               Combined     Imp_RF     pb_y
2026-04-23 16:59:32,884  INFO  [FeatureSelector/sector_rotation]   ----------------------------------- ---------- ---------- --------
2026-04-23 16:59:32,884  INFO  [FeatureSelector/sector_rotation]    1. price_vs_52w_high                     1.0000     0.1526    0.219  weight= 19.79%
2026-04-23 16:59:32,884  INFO  [FeatureSelector/sector_rotation]    2. momentum_3m                           0.4443     0.0920    0.085  weight= 11.94%
2026-04-23 16:59:32,884  INFO  [FeatureSelector/sector_rotation]    3. roic                                  0.4965     0.0915    0.102  weight= 11.88%
2026-04-23 16:59:32,884  INFO  [FeatureSelector/sector_rotation]    4. momentum_6m                           0.6783     0.0897    0.162  weight= 11.64%
2026-04-23 16:59:32,884  INFO  [FeatureSelector/sector_rotation]    5. volatility_60d                        0.6693     0.0759    0.169  weight=  9.85%
2026-04-23 16:59:32,884  INFO  [FeatureSelector/sector_rotation]    6. interest_coverage                     0.2421     0.0702    0.037  weight=  9.11%
2026-04-23 16:59:32,884  INFO  [FeatureSelector/sector_rotation]    7. net_margin                            0.4040     0.0671    0.091  weight=  8.70%
2026-04-23 16:59:32,884  INFO  [FeatureSelector/sector_rotation]    8. pe_vs_5y_median                       0.3119     0.0667    0.062  weight=  8.65%
2026-04-23 16:59:32,884  INFO  [FeatureSelector/sector_rotation]    9. fcf_yield                             0.3976     0.0650    0.090  weight=  8.44%
2026-04-23 16:59:32,884  INFO  [FeatureSelector/sector_rotation]   Discarded by low combined score (9): revenue_yoy_growth, earnings_yield, ev_to_ebitda, debt_to_ebitda, sector_vs_market_momentum, risk_adjusted_sector_momentum, fcf_margin, analyst_consensus_change, analyst_dispersion
2026-04-23 16:59:32,884  INFO  [FeatureSelector/sector_rotation] Summary: 18 features → pair_drop=0 → corr_drop=0 → imp_drop=9 → 9 selected (cutoff rule + [6,10])
2026-04-23 16:59:32,894  INFO  [SectorRotationAgent] 420 sector obs | 205 outperform / 215 underperform sectors | 9 features
2026-04-23 16:59:34,613  INFO  [SectorRotationAgent] CV AUC=0.6205 ± 0.1095
2026-04-23 16:59:35,535  INFO  [SectorRotationAgent] Sector scores:
2026-04-23 16:59:35,535  INFO      Airlines                        score=0.787
2026-04-23 16:59:35,535  INFO      Auto Components                 score=0.753
2026-04-23 16:59:35,535  INFO      Commercial Services & Supplies  score=0.714
2026-04-23 16:59:35,535  INFO      Financials                      score=0.647
2026-04-23 16:59:35,535  INFO      Technology                      score=0.646
2026-04-23 16:59:35,535  INFO      Communications                  score=0.641
2026-04-23 16:59:35,542  INFO      Leisure Products                score=0.619
2026-04-23 16:59:35,542  INFO      Materials                       score=0.613
2026-04-23 16:59:35,543  INFO      Real Estate                     score=0.613
2026-04-23 16:59:35,543  INFO      Machinery                       score=0.610
2026-04-23 16:59:35,543  INFO      Communication Services          score=0.609
2026-04-23 16:59:35,543  INFO      Telecommunication               score=0.586
2026-04-23 16:59:35,543  INFO      Industrial Conglomerates        score=0.571
2026-04-23 16:59:35,543  INFO      Healthcare                      score=0.546
2026-04-23 16:59:35,543  INFO      Energy                          score=0.517
2026-04-23 16:59:35,543  INFO      Banking                         score=0.502
2026-04-23 16:59:35,543  INFO      Packaging                       score=0.490
2026-04-23 16:59:35,543  INFO      Construction                    score=0.490
2026-04-23 16:59:35,543  INFO      Professional Services           score=0.479
2026-04-23 16:59:35,543  INFO      Hotels, Restaurants & Leisure   score=0.458
2026-04-23 16:59:35,543  INFO      Life Sciences Tools & Services  score=0.440
2026-04-23 16:59:35,543  INFO      Trading Companies & Distributors  score=0.416
2026-04-23 16:59:35,543  INFO      Consumer Discretionary          score=0.413
2026-04-23 16:59:35,543  INFO      Electrical Equipment            score=0.398
2026-04-23 16:59:35,543  INFO      Utilities                       score=0.367
2026-04-23 16:59:35,543  INFO      Building                        score=0.351
2026-04-23 16:59:35,543  INFO      Consumer products               score=0.343
2026-04-23 16:59:35,543  INFO      Tobacco                         score=0.337
2026-04-23 16:59:35,543  INFO      Distributors                    score=0.332
2026-04-23 16:59:35,552  INFO      Industrials                     score=0.308
2026-04-23 16:59:35,552  INFO      Consumer Staples                score=0.308
2026-04-23 16:59:35,553  INFO      Health Care                     score=0.294
2026-04-23 16:59:35,553  INFO      Road & Rail                     score=0.289
2026-04-23 16:59:35,553  INFO      Metals & Mining                 score=0.288
2026-04-23 16:59:35,553  INFO      Textiles, Apparel & Luxury Goods  score=0.223
2026-04-23 16:59:35,595  INFO  [OOF/bear_risk] n=9100 | min=0.1228 q10=0.4015 q25=0.4933 mean=0.5129 q50=0.5000 q75=0.5581 q90=0.6325 max=0.9427
2026-04-23 16:59:35,595  INFO  [OOF/bear_risk] cobertura umbral: >=0.50=73.4% | >=0.55=26.8% | >=0.60=15.8%
2026-04-23 16:59:35,606  INFO  [OOF/bear_safety] n=9100 | min=0.0573 q10=0.3675 q25=0.4419 mean=0.4871 q50=0.5000 q75=0.5067 q90=0.5985 max=0.8772
2026-04-23 16:59:35,606  INFO  [OOF/bear_safety] cobertura umbral: >=0.50=61.6% | >=0.55=16.8% | >=0.60=9.9%
2026-04-23 16:59:35,616  INFO  [OOF/sector_score] n=9100 | min=0.0156 q10=0.2380 q25=0.3982 mean=0.4934 q50=0.5000 q75=0.6085 q90=0.7614 max=0.9632
2026-04-23 16:59:35,616  INFO  [OOF/sector_score] cobertura umbral: >=0.50=68.4% | >=0.55=30.6% | >=0.60=25.3%
2026-04-23 16:59:35,616  INFO  [Dispersion] SCORE_DISPERSION_MIN_STD=0.0300
2026-04-23 16:59:35,616  INFO  [Dispersion] SCORE_DISPERSION_MIN_SCALE=0.3500
2026-04-23 16:59:35,616  INFO  [Dispersion] fundamental_score: std=0.157630 -> scale=1.0000 (sin shrink)
2026-04-23 16:59:35,616  INFO  [Dispersion] valuation_score: std=0.201740 -> scale=1.0000 (sin shrink)
2026-04-23 16:59:35,616  INFO  [Dispersion] momentum_score: std=0.152984 -> scale=1.0000 (sin shrink)
2026-04-23 16:59:35,616  INFO  [Dispersion] bear_score: std=0.092353 -> scale=1.0000 (sin shrink)
2026-04-23 16:59:35,616  INFO  [Dispersion] sentiment_score: std=0.000000 -> scale=0.3500 (shrink activo)
2026-04-23 16:59:35,616  INFO  [Dispersion] sector_score: std=0.188650 -> scale=1.0000 (sin shrink)
2026-04-23 16:59:35,626  INFO  [Dispersion/sentiment_score/before] n=9100 | min=0.2500 q10=0.2500 q25=0.2500 mean=0.2500 q50=0.2500 q75=0.2500 q90=0.2500 max=0.2500
2026-04-23 16:59:35,626  INFO  [Dispersion/sentiment_score/before] cobertura umbral: >=0.50=0.0% | >=0.55=0.0% | >=0.60=0.0%
2026-04-23 16:59:35,637  INFO  [Dispersion/sentiment_score/after] n=9100 | min=0.4125 q10=0.4125 q25=0.4125 mean=0.4125 q50=0.4125 q75=0.4125 q90=0.4125 max=0.4125
2026-04-23 16:59:35,637  INFO  [Dispersion/sentiment_score/after] cobertura umbral: >=0.50=0.0% | >=0.55=0.0% | >=0.60=0.0%
2026-04-23 16:59:35,637  INFO  [Fold 2025Q2] 2/3 — Entrenando MetaLearner sobre scores OOF (anti-leakage)...
2026-04-23 16:59:46,510  INFO  [alpha_meta_learner] Diagnostics → diagnostics_2025Q2.json
2026-04-23 16:59:46,514  INFO  [Fold 2025Q2] 3/3 — Generando predicciones sobre el quarter de test (455 tickers)...
2026-04-23 16:59:47,061  INFO  [AgentScore/fundamental] n=455 | min=0.3921 q10=0.4453 q25=0.4655 mean=0.4893 q50=0.4835 q75=0.5135 q90=0.5402 max=0.6190
2026-04-23 16:59:47,061  INFO  [AgentScore/fundamental] cobertura umbral: >=0.50=34.1% | >=0.55=6.2% | >=0.60=0.4%
2026-04-23 16:59:47,365  INFO  [AgentScore/valuation] n=455 | min=0.2578 q10=0.4312 q25=0.4985 mean=0.5594 q50=0.5667 q75=0.6151 q90=0.6819 max=0.8333
2026-04-23 16:59:47,365  INFO  [AgentScore/valuation] cobertura umbral: >=0.50=74.1% | >=0.55=59.1% | >=0.60=30.3%
2026-04-23 16:59:47,820  INFO  [AgentScore/momentum] n=455 | min=0.4259 q10=0.4904 q25=0.5251 mean=0.6062 q50=0.6039 q75=0.6790 q90=0.7357 max=0.7878
2026-04-23 16:59:47,820  INFO  [AgentScore/momentum] cobertura umbral: >=0.50=86.8% | >=0.55=67.0% | >=0.60=51.0%
2026-04-23 16:59:48,176  INFO  [AgentScore/bear/risk] n=455 | min=0.3745 q10=0.4892 q25=0.5197 mean=0.5483 q50=0.5530 q75=0.5778 q90=0.6018 max=0.7681
2026-04-23 16:59:48,176  INFO  [AgentScore/bear/risk] cobertura umbral: >=0.50=84.2% | >=0.55=54.7% | >=0.60=11.6%
2026-04-23 16:59:48,186  INFO  [AgentScore/bear/safety] n=455 | min=0.2319 q10=0.3982 q25=0.4222 mean=0.4517 q50=0.4470 q75=0.4803 q90=0.5108 max=0.6255
2026-04-23 16:59:48,186  INFO  [AgentScore/bear/safety] cobertura umbral: >=0.50=15.8% | >=0.55=3.1% | >=0.60=0.4%
2026-04-23 16:59:48,186  INFO  [AgentScore/sentiment] n=455 | min=0.2500 q10=0.2500 q25=0.2500 mean=0.2500 q50=0.2500 q75=0.2500 q90=0.2500 max=0.2500
2026-04-23 16:59:48,196  INFO  [AgentScore/sentiment] cobertura umbral: >=0.50=0.0% | >=0.55=0.0% | >=0.60=0.0%
2026-04-23 16:59:48,198  INFO  [AgentScore/ensemble_mean_pre_meta] n=455 | min=0.3917 q10=0.4333 q25=0.4485 mean=0.4713 q50=0.4707 q75=0.4942 q90=0.5128 max=0.5519
2026-04-23 16:59:48,198  INFO  [AgentScore/ensemble_mean_pre_meta] cobertura umbral: >=0.50=18.9% | >=0.55=0.2% | >=0.60=0.0%
2026-04-23 16:59:48,317  INFO  [SectorRotationAgent] Sector scores:
2026-04-23 16:59:48,317  INFO      Life Sciences Tools & Services  score=0.921
2026-04-23 16:59:48,317  INFO      Airlines                        score=0.852
2026-04-23 16:59:48,317  INFO      Trading Companies & Distributors  score=0.781
2026-04-23 16:59:48,317  INFO      Metals & Mining                 score=0.714
2026-04-23 16:59:48,317  INFO      Consumer products               score=0.674
2026-04-23 16:59:48,317  INFO      Technology                      score=0.663
2026-04-23 16:59:48,317  INFO      Building                        score=0.635
2026-04-23 16:59:48,317  INFO      Hotels, Restaurants & Leisure   score=0.621
2026-04-23 16:59:48,317  INFO      Leisure Products                score=0.615
2026-04-23 16:59:48,317  INFO      Telecommunication               score=0.593
2026-04-23 16:59:48,317  INFO      Industrials                     score=0.587
2026-04-23 16:59:48,317  INFO      Auto Components                 score=0.579
2026-04-23 16:59:48,317  INFO      Construction                    score=0.574
2026-04-23 16:59:48,317  INFO      Materials                       score=0.562
2026-04-23 16:59:48,317  INFO      Communication Services          score=0.552
2026-04-23 16:59:48,317  INFO      Electrical Equipment            score=0.549
2026-04-23 16:59:48,317  INFO      Packaging                       score=0.547
2026-04-23 16:59:48,317  INFO      Financials                      score=0.541
2026-04-23 16:59:48,327  INFO      Machinery                       score=0.539
2026-04-23 16:59:48,327  INFO      Consumer Discretionary          score=0.510
2026-04-23 16:59:48,327  INFO      Banking                         score=0.471
2026-04-23 16:59:48,327  INFO      Healthcare                      score=0.441
2026-04-23 16:59:48,327  INFO      Road & Rail                     score=0.437
2026-04-23 16:59:48,327  INFO      Tobacco                         score=0.421
2026-04-23 16:59:48,327  INFO      Industrial Conglomerates        score=0.421
2026-04-23 16:59:48,330  INFO      Communications                  score=0.379
2026-04-23 16:59:48,330  INFO      Health Care                     score=0.369
2026-04-23 16:59:48,331  INFO      Distributors                    score=0.366
2026-04-23 16:59:48,331  INFO      Real Estate                     score=0.320
2026-04-23 16:59:48,332  INFO      Energy                          score=0.315
2026-04-23 16:59:48,332  INFO      Utilities                       score=0.299
2026-04-23 16:59:48,332  INFO      Commercial Services & Supplies  score=0.289
2026-04-23 16:59:48,332  INFO      Textiles, Apparel & Luxury Goods  score=0.276
2026-04-23 16:59:48,332  INFO      Professional Services           score=0.266
2026-04-23 16:59:48,332  INFO      Consumer Staples                score=0.250
2026-04-23 16:59:48,393  INFO  [Dispersion/sentiment_score/before] n=455 | min=0.2250 q10=0.2500 q25=0.2500 mean=0.2499 q50=0.2500 q75=0.2500 q90=0.2500 max=0.2500
2026-04-23 16:59:48,394  INFO  [Dispersion/sentiment_score/before] cobertura umbral: >=0.50=0.0% | >=0.55=0.0% | >=0.60=0.0%
2026-04-23 16:59:48,402  INFO  [Dispersion/sentiment_score/after] n=455 | min=0.4037 q10=0.4125 q25=0.4125 mean=0.4125 q50=0.4125 q75=0.4125 q90=0.4125 max=0.4125
2026-04-23 16:59:48,402  INFO  [Dispersion/sentiment_score/after] cobertura umbral: >=0.50=0.0% | >=0.55=0.0% | >=0.60=0.0%
2026-04-23 16:59:48,716  INFO  [Meta/final_score_pre_sector_adjust] n=455 | min=0.1526 q10=0.2165 q25=0.3245 mean=0.4926 q50=0.4931 q75=0.6636 q90=0.7624 max=0.8337
2026-04-23 16:59:48,716  INFO  [Meta/final_score_pre_sector_adjust] cobertura umbral: >=0.50=48.8% | >=0.55=42.2% | >=0.60=34.9%
2026-04-23 16:59:48,751  INFO  [SectorAdjust] params: SECTOR_CONFIDENCE_PEERS=10, SECTOR_SCORE_PRIOR_BASE=0.500, SECTOR_SCORE_PRIOR_WEIGHT=0.250
2026-04-23 16:59:48,764  INFO  [SectorAdjust/final_score_raw] n=455 | min=0.1526 q10=0.2165 q25=0.3245 mean=0.4926 q50=0.4931 q75=0.6636 q90=0.7624 max=0.8337
2026-04-23 16:59:48,765  INFO  [SectorAdjust/final_score_raw] cobertura umbral: >=0.50=48.8% | >=0.55=42.2% | >=0.60=34.9%
2026-04-23 16:59:48,771  INFO  [SectorAdjust/sector_score] n=455 | min=0.2503 q10=0.2985 q25=0.3688 mean=0.5037 q50=0.5406 q75=0.6213 q90=0.6632 max=0.9213
2026-04-23 16:59:48,771  INFO  [SectorAdjust/sector_score] cobertura umbral: >=0.50=62.2% | >=0.55=37.4% | >=0.60=25.7%
2026-04-23 16:59:48,782  INFO  [SectorAdjust/sector_confidence] n=455 | min=0.3162 q10=0.7746 q25=1.0000 mean=0.9512 q50=1.0000 q75=1.0000 q90=1.0000 max=1.0000
2026-04-23 16:59:48,782  INFO  [SectorAdjust/sector_confidence] cobertura umbral: >=0.50=98.2% | >=0.55=96.3% | >=0.60=96.3%
2026-04-23 16:59:48,783  INFO  [SectorAdjust/sector_tilt] n=455 | min=-0.0624 q10=-0.0462 q25=-0.0328 mean=0.0008 q50=0.0101 q75=0.0302 q90=0.0408 max=0.0999
2026-04-23 16:59:48,783  INFO  [SectorAdjust/sector_tilt] cobertura umbral: >=0.50=0.0% | >=0.55=0.0% | >=0.60=0.0%
2026-04-23 16:59:48,800  INFO  [SectorAdjust/final_score_adjusted] n=455 | min=0.1035 q10=0.2014 q25=0.3104 mean=0.4933 q50=0.4939 q75=0.6712 q90=0.7712 max=0.8745
2026-04-23 16:59:48,800  INFO  [SectorAdjust/final_score_adjusted] cobertura umbral: >=0.50=49.2% | >=0.55=44.2% | >=0.60=35.8%
2026-04-23 16:59:48,800  INFO  [RiskDiag] bear_risk>=hard_threshold(0.90): 0/455 (0.0%)
2026-04-23 16:59:48,804  INFO  [Fold 2025Q2] 3/3 — Predicciones listas. Scores en rango [0.103, 0.875]
2026-04-23 16:59:48,882  INFO  [FeatureUsage] Reporte fold 2025Q2 -> feature_usage_report.csv
2026-04-23 16:59:50,783  INFO  [Visualizer] Distribucion scores -> score_distribution_2025Q2.png
2026-04-23 17:02:02,982  INFO  [Backtester] 2025Q2: 293 tickers superaron umbral 0.00 → selecting target=8, final=8 (min=4, sector_cap=3)
2026-04-23 17:02:03,085  INFO  [Backtester] 2025Q2: optimizer=hrp pre-entry trailing window applied
2026-04-23 17:02:03,101  INFO  [Backtester] 2025Q2 — cartera final (hrp+cap(0.15), 8 stocks):
2026-04-23 17:02:03,103  INFO      CZR       peso=0.114  score=0.863  ret=-22.52%
2026-04-23 17:02:03,104  INFO      ALGN      peso=0.095  score=0.780  ret=-4.02%
2026-04-23 17:02:03,106  INFO      KKR       peso=0.090  score=0.796  ret=-17.90%
2026-04-23 17:02:03,108  INFO      BX        peso=0.128  score=0.769  ret=-19.03%
2026-04-23 17:02:03,110  INFO      SNPS      peso=0.150  score=0.779  ret=-36.75%
2026-04-23 17:02:03,112  INFO      HPE       peso=0.122  score=0.839  ret=+7.08%
2026-04-23 17:02:03,114  INFO      MHK       peso=0.150  score=0.754  ret=-17.01%
2026-04-23 17:02:03,114  INFO      BEN       peso=0.150  score=0.820  ret=-13.50%
2026-04-23 17:02:03,134  INFO  [Backtester] 2025Q2 — 8 stocks | Cartera=-15.22%  Benchmark=+4.11%  Alpha=-19.32%  Sharpe=-2.46
2026-04-23 17:03:03,000  WARNING  [2025Q2] Source audit detected 2749 incidents (diagnostic-only).
2026-04-23 17:03:04,125  INFO  [Visualizer] Rendimiento 2025Q2 -> performance.png
2026-04-23 17:03:05,757  INFO  [FoldReport] Fold 2025Q2: scores for 455 tickers saved → scores.csv
2026-04-23 17:03:06,910  INFO  [FoldReport] Snapshot audit 2025Q2: 455 tickers → ticker_snapshot_audit.csv
2026-04-23 17:03:10,551  INFO  [FoldReport] Agent-feature audit 2025Q2: 89635 rows → ticker_agent_feature_audit.csv
2026-04-23 17:03:11,041  INFO  [Visualizer] Feature importances -> feat_imp_fundamental_2025Q2.png
2026-04-23 17:03:11,635  INFO  [Visualizer] Feature importances -> feat_imp_valuation_2025Q2.png
2026-04-23 17:03:12,121  INFO  [Visualizer] Feature importances -> feat_imp_momentum_2025Q2.png
2026-04-23 17:03:12,642  INFO  [Visualizer] Feature importances -> feat_imp_bear_2025Q2.png
2026-04-23 17:03:12,938  INFO  [Visualizer] Feature importances -> feat_imp_sector_rotation_2025Q2.png
2026-04-23 17:03:13,325  INFO  [Explainer] Fold 2025Q2: explicaciones de 60 tickers -> ticker_explanations.csv y ticker_explanations.json
2026-04-23 17:03:13,345  INFO  [2025Q3] SP500 dynamic @entry 2025-11-14: 503 active members
2026-04-23 17:03:13,345  INFO  [2025Q3] Cambios vs fold previo (2025-08-14 -> 2025-11-14): +7 entran, -7 salen
2026-04-23 17:03:13,345  INFO  [2025Q3]   Entran (muestra): APP, EME, FISV, HOOD, IBKR, Q, SOLS
2026-04-23 17:03:13,345  INFO  [2025Q3]   Salen  (muestra): CZR, EMN, ENPH, FI, KMX, MKTX, WBA
2026-04-23 17:03:14,894  INFO  [Fallback Extrapolation] Added 31 estimated snapshots (last 4 Q)
2026-04-23 17:03:14,918  INFO  [2025Q3] Cobertura test pre-filtro: 569 tickers con snapshot/relleno
2026-04-23 17:03:14,918  INFO  [2025Q3] Filtro SP500 @entry: 569 -> 495 tickers (excluidos por no ser miembro activo: 74)
2026-04-23 17:03:14,921  INFO  [2025Q3]   No miembro SP500 @entry (muestra): AAL, AAP, AET, AIV, ALK, AMG, AMTM, ARES, BBWI, BHF, BIO, BWA
2026-04-23 17:03:14,921  INFO  [2025Q3]   Miembros SP500 sin snapshot usable en quarter (muestra): FOX, IPG, K, MMC, NWS, PSKY, Q, SOLS
2026-04-23 17:03:15,172  INFO  [2025Q3] Universo base fold (SP500 @entry): 503 tickers
2026-04-23 17:03:15,172  INFO  [2025Q3]   Fuera del universo base @entry (muestra): AAL, AAP, AET, AIV, ALK, AMG, AMTM, ARES, BBWI, BHF, BIO, BWA
2026-04-23 17:03:15,172  INFO  [2025Q3]   Excluidos por historial insuficiente (<5Y train): 42 | muestra: ABNB, AEP, APO, APP, BF-B, CCL, CEG, CMS, COIN, CPAY, D, DASH
2026-04-23 17:03:15,172  INFO  [2025Q3] Intento train=5Y -> test elegible 453/503 (90.1%) | min requerido=378
2026-04-23 17:03:15,172  INFO  [2025Q3] Ventana seleccionada: 5Y (2020-09-30 -> 2025-09-30) | tickers elegibles=453
2026-04-23 17:03:15,210  INFO  [2025Q3] Eligibility audit (5Y) -> ticker_eligibility_audit.csv
2026-04-23 17:03:15,210  INFO  [2025Q3] Eligibility reason summary -> eligibility_reason_summary.csv
2026-04-23 17:03:15,213  INFO  
============================================================
2026-04-23 17:03:15,213  INFO    ANALYSIS 2025Q3
2026-04-23 17:03:15,214  INFO    Train : 2020-09-30 → 2025-09-30  (5 years)
2026-04-23 17:03:15,214  INFO    Mode  : quarterly (Q)
2026-04-23 17:03:15,215  INFO    Test  : snapshot simulado en 2025-11-14 (Q3 start + 45d)
2026-04-23 17:03:15,215  INFO  ============================================================
2026-04-23 17:03:15,216  INFO  [2025Q3] Snapshot lag starts at: 2025-09-30 (last day of Q3) + 45 days = entry date: 2025-11-14
2026-04-23 17:03:15,220  INFO  [2025Q3] Ventana real de precios: 2025-11-14 -> 2026-02-13 (62 dias)
2026-04-23 17:46:14,330  INFO  [TP/SL] Selected training strategy=conservative | utility=0.0066 | hit_rate=49.56%
2026-04-23 17:46:14,351  INFO  [Fold 2025Q3] 1/3 — Entrenando agentes base con datos de entrenamiento del fold...
2026-04-23 17:47:46,263  INFO  [fundamental] Top-5 features: gross_margin__pct_universe=0.215 | capex_to_revenue__pct_universe=0.110 | capex_to_revenue=0.086 | fcf_margin__pct_universe=0.079 | fcf_margin=0.059
2026-04-23 17:47:46,280  INFO  [fundamental] Diagnostics → diagnostics_2025Q3.json
2026-04-23 17:49:02,800  INFO  [valuation] Top-5 features: ev_to_ebitda__pct_universe=0.169 | fcf_yield__pct_universe=0.091 | ps_ratio=0.079 | pb_ratio=0.065 | ev_ebitda_vs_5y_median=0.065
2026-04-23 17:49:02,800  INFO  [valuation] Diagnostics → diagnostics_2025Q3.json
2026-04-23 17:50:09,006  INFO  [momentum] Top-5 features: momentum_6m=0.149 | price_vs_52w_high=0.092 | volatility_60d=0.072 | momentum_6m__pct_universe=0.063 | rsi_14=0.062
2026-04-23 17:50:09,012  INFO  [momentum] Diagnostics → diagnostics_2025Q3.json
2026-04-23 17:51:15,121  INFO  [bear] Top-5 features: consecutive_losses__pct_universe=0.208 | eps_surprise_pct__pct_universe=0.121 | revenue_decline__pct_universe=0.098 | consecutive_losses__pct_sector=0.061 | interest_coverage__pct_universe=0.055
2026-04-23 17:51:15,132  INFO  [bear] Diagnostics → diagnostics_2025Q3.json
2026-04-23 17:51:28,049  INFO  [sentiment] Top-5 features: insider_net_ratio_90d=0.126 | insider_net_ratio_90d__pct_universe=0.111 | analyst_consensus_change__pct_sector=0.094 | insider_net_ratio_90d__pct_sector=0.090 | eps_surprise_avg_4q__pct_universe=0.079
2026-04-23 17:51:28,056  INFO  [sentiment] Diagnostics → diagnostics_2025Q3.json
2026-04-23 17:51:28,056  INFO  [Fold 2025Q3] 1/3 — Entrenando SectorRotationAgent (top-down, nivel sector)...
2026-04-23 17:51:28,056  INFO  [SectorRotationAgent] Building sector dataset — 9060 ticker obs
2026-04-23 17:51:35,550  INFO  [FeatureSelector/sector_rotation] Step 1 — correlation >85%: removed 0 / 19 features
2026-04-23 17:51:36,066  INFO  [FeatureSelector/sector_rotation] Step 2 — combined score (w_relevance=0.65, w_importance=0.35)
2026-04-23 17:51:36,066  INFO  [FeatureSelector/sector_rotation] Step 3 — importance cutoff: top=0.1257, cutoff=0.40 (value=0.0503), min_keep=6, max_keep=10
2026-04-23 17:51:36,066  INFO  [FeatureSelector/sector_rotation]   Feature                               Combined     Imp_RF     pb_y
2026-04-23 17:51:36,066  INFO  [FeatureSelector/sector_rotation]   ----------------------------------- ---------- ---------- --------
2026-04-23 17:51:36,066  INFO  [FeatureSelector/sector_rotation]    1. price_vs_52w_high                     1.0000     0.1257    0.142  weight= 15.80%
2026-04-23 17:51:36,066  INFO  [FeatureSelector/sector_rotation]    2. momentum_6m                           0.7112     0.1125    0.092  weight= 14.14%
2026-04-23 17:51:36,066  INFO  [FeatureSelector/sector_rotation]    3. roic                                  0.4156     0.0827    0.050  weight= 10.40%
2026-04-23 17:51:36,066  INFO  [FeatureSelector/sector_rotation]    4. pe_vs_5y_median                       0.3200     0.0739    0.036  weight=  9.30%
2026-04-23 17:51:36,066  INFO  [FeatureSelector/sector_rotation]    5. momentum_3m                           0.3127     0.0730    0.036  weight=  9.18%
2026-04-23 17:51:36,066  INFO  [FeatureSelector/sector_rotation]    6. earnings_yield                        0.5572     0.0729    0.084  weight=  9.17%
2026-04-23 17:51:36,066  INFO  [FeatureSelector/sector_rotation]    7. net_margin                            0.3610     0.0676    0.048  weight=  8.49%
2026-04-23 17:51:36,072  INFO  [FeatureSelector/sector_rotation]    8. volatility_60d                        0.6564     0.0672    0.106  weight=  8.44%
2026-04-23 17:51:36,072  INFO  [FeatureSelector/sector_rotation]    9. ev_to_ebitda                          0.3075     0.0615    0.041  weight=  7.73%
2026-04-23 17:51:36,072  INFO  [FeatureSelector/sector_rotation]   10. fcf_yield                             0.4313     0.0584    0.067  weight=  7.34%
2026-04-23 17:51:36,072  INFO  [FeatureSelector/sector_rotation]   Discarded by low combined score (9): revenue_yoy_growth, debt_to_ebitda, sector_vs_market_momentum, risk_adjusted_sector_momentum, fcf_margin, interest_coverage, analyst_consensus_change, analyst_dispersion, eps_revision
2026-04-23 17:51:36,072  INFO  [FeatureSelector/sector_rotation] Summary: 19 features → pair_drop=0 → corr_drop=0 → imp_drop=9 → 10 selected (cutoff rule + [6,10])
2026-04-23 17:51:36,081  INFO  [SectorRotationAgent] 600 sector obs | 271 outperform / 329 underperform sectors | 10 features
2026-04-23 17:51:38,114  INFO  [SectorRotationAgent] CV AUC=0.5524 ± 0.0020
2026-04-23 17:51:39,185  INFO  [sector_rotation] Top-5 features: price_vs_52w_high=0.135 | roic=0.127 | momentum_6m=0.112 | earnings_yield=0.096 | volatility_60d=0.095
2026-04-23 17:51:39,191  INFO  [sector_rotation] Diagnostics → diagnostics_2025Q3.json
2026-04-23 17:51:39,191  INFO  [Fold 2025Q3] 2/3 — Generando scores OOF (3 splits temporales) como input del MetaLearner...
2026-04-23 17:51:39,215  INFO    [OOF] fundamental: generating anti-leakage scores (3 quarter-level temporal splits)
2026-04-23 17:53:07,124  INFO    [OOF] valuation: generating anti-leakage scores (3 quarter-level temporal splits)
2026-04-23 17:54:27,456  INFO    [OOF] momentum: generating anti-leakage scores (3 quarter-level temporal splits)
2026-04-23 17:55:49,387  INFO    [OOF] bear: generating anti-leakage scores (3 quarter-level temporal splits)
2026-04-23 17:57:15,561  INFO    [OOF] sentiment: generating anti-leakage scores (3 quarter-level temporal splits)
2026-04-23 17:57:15,605  WARNING  [sentiment] Not enough clean samples to train.
2026-04-23 17:57:15,693  WARNING  [sentiment] Not enough clean samples to train.
2026-04-23 17:57:15,703  INFO    [OOF] sector_rotation: generating OOF sector scores (3 quarter-level splits)
2026-04-23 17:57:15,713  INFO  [SectorRotationAgent] Building sector dataset — 3171 ticker obs
2026-04-23 17:57:18,334  INFO  [FeatureSelector/sector_rotation] Step 1 — correlation >85%: removed 0 / 16 features
2026-04-23 17:57:18,717  INFO  [FeatureSelector/sector_rotation] Step 2 — combined score (w_relevance=0.65, w_importance=0.35)
2026-04-23 17:57:18,717  INFO  [FeatureSelector/sector_rotation] Step 3 — importance cutoff: top=0.1068, cutoff=0.40 (value=0.0427), min_keep=6, max_keep=10
2026-04-23 17:57:18,727  INFO  [FeatureSelector/sector_rotation]   Feature                               Combined     Imp_RF     pb_y
2026-04-23 17:57:18,727  INFO  [FeatureSelector/sector_rotation]   ----------------------------------- ---------- ---------- --------
2026-04-23 17:57:18,727  INFO  [FeatureSelector/sector_rotation]    1. price_vs_52w_high                     0.5315     0.1068    0.063  weight= 13.91%
2026-04-23 17:57:18,727  INFO  [FeatureSelector/sector_rotation]    2. roic                                  0.9742     0.0990    0.175  weight= 12.89%
2026-04-23 17:57:18,727  INFO  [FeatureSelector/sector_rotation]    3. net_margin                            0.7623     0.0833    0.137  weight= 10.84%
2026-04-23 17:57:18,727  INFO  [FeatureSelector/sector_rotation]    4. fcf_yield                             0.2715     0.0759    0.026  weight=  9.88%
2026-04-23 17:57:18,727  INFO  [FeatureSelector/sector_rotation]    5. earnings_yield                        0.2394     0.0731    0.020  weight=  9.52%
2026-04-23 17:57:18,731  INFO  [FeatureSelector/sector_rotation]    6. momentum_3m                           0.5433     0.0702    0.095  weight=  9.14%
2026-04-23 17:57:18,731  INFO  [FeatureSelector/sector_rotation]    7. momentum_6m                           0.3178     0.0700    0.041  weight=  9.12%
2026-04-23 17:57:18,731  INFO  [FeatureSelector/sector_rotation]    8. revenue_yoy_growth                    0.4873     0.0644    0.086  weight=  8.39%
2026-04-23 17:57:18,731  INFO  [FeatureSelector/sector_rotation]    9. volatility_60d                        0.6705     0.0628    0.131  weight=  8.17%
2026-04-23 17:57:18,731  INFO  [FeatureSelector/sector_rotation]   10. ev_to_ebitda                          0.2551     0.0625    0.032  weight=  8.14%
2026-04-23 17:57:18,731  INFO  [FeatureSelector/sector_rotation]   Discarded by low combined score (6): debt_to_ebitda, sector_vs_market_momentum, risk_adjusted_sector_momentum, pe_vs_5y_median, fcf_margin, interest_coverage
2026-04-23 17:57:18,731  INFO  [FeatureSelector/sector_rotation] Summary: 16 features → pair_drop=0 → corr_drop=0 → imp_drop=6 → 10 selected (cutoff rule + [6,10])
2026-04-23 17:57:18,744  INFO  [SectorRotationAgent] 210 sector obs | 92 outperform / 118 underperform sectors | 10 features
2026-04-23 17:57:20,077  INFO  [SectorRotationAgent] CV AUC=0.5532 ± 0.0539
2026-04-23 17:57:20,741  INFO  [SectorRotationAgent] Sector scores:
2026-04-23 17:57:20,741  INFO      Energy                          score=0.829
2026-04-23 17:57:20,741  INFO      Communications                  score=0.748
2026-04-23 17:57:20,741  INFO      Metals & Mining                 score=0.638
2026-04-23 17:57:20,741  INFO      Consumer Staples                score=0.602
2026-04-23 17:57:20,741  INFO      Banking                         score=0.591
2026-04-23 17:57:20,741  INFO      Leisure Products                score=0.585
2026-04-23 17:57:20,741  INFO      Telecommunication               score=0.566
2026-04-23 17:57:20,741  INFO      Professional Services           score=0.559
2026-04-23 17:57:20,741  INFO      Health Care                     score=0.518
2026-04-23 17:57:20,741  INFO      Auto Components                 score=0.501
2026-04-23 17:57:20,741  INFO      Life Sciences Tools & Services  score=0.491
2026-04-23 17:57:20,741  INFO      Materials                       score=0.470
2026-04-23 17:57:20,741  INFO      Construction                    score=0.458
2026-04-23 17:57:20,741  INFO      Real Estate                     score=0.450
2026-04-23 17:57:20,741  INFO      Utilities                       score=0.397
2026-04-23 17:57:20,741  INFO      Commercial Services & Supplies  score=0.395
2026-04-23 17:57:20,741  INFO      Tobacco                         score=0.382
2026-04-23 17:57:20,752  INFO      Technology                      score=0.368
2026-04-23 17:57:20,752  INFO      Machinery                       score=0.338
2026-04-23 17:57:20,752  INFO      Hotels, Restaurants & Leisure   score=0.268
2026-04-23 17:57:20,752  INFO      Electrical Equipment            score=0.235
2026-04-23 17:57:20,752  INFO      Industrials                     score=0.229
2026-04-23 17:57:20,752  INFO      Airlines                        score=0.218
2026-04-23 17:57:20,752  INFO      Healthcare                      score=0.214
2026-04-23 17:57:20,752  INFO      Consumer products               score=0.209
2026-04-23 17:57:20,752  INFO      Communication Services          score=0.204
2026-04-23 17:57:20,752  INFO      Building                        score=0.169
2026-04-23 17:57:20,752  INFO      Packaging                       score=0.166
2026-04-23 17:57:20,752  INFO      Financials                      score=0.161
2026-04-23 17:57:20,752  INFO      Industrial Conglomerates        score=0.096
2026-04-23 17:57:20,752  INFO      Textiles, Apparel & Luxury Goods  score=0.077
2026-04-23 17:57:20,752  INFO      Consumer Discretionary          score=0.074
2026-04-23 17:57:20,752  INFO      Distributors                    score=0.062
2026-04-23 17:57:20,752  INFO      Trading Companies & Distributors  score=0.038
2026-04-23 17:57:20,752  INFO      Road & Rail                     score=0.029
2026-04-23 17:57:20,779  INFO  [SectorRotationAgent] Building sector dataset — 6342 ticker obs
2026-04-23 17:57:26,043  INFO  [FeatureSelector/sector_rotation] Step 1 — correlation >85%: removed 0 / 18 features
2026-04-23 17:57:26,456  INFO  [FeatureSelector/sector_rotation] Step 2 — combined score (w_relevance=0.65, w_importance=0.35)
2026-04-23 17:57:26,456  INFO  [FeatureSelector/sector_rotation] Step 3 — importance cutoff: top=0.1177, cutoff=0.40 (value=0.0471), min_keep=6, max_keep=10
2026-04-23 17:57:26,456  INFO  [FeatureSelector/sector_rotation]   Feature                               Combined     Imp_RF     pb_y
2026-04-23 17:57:26,456  INFO  [FeatureSelector/sector_rotation]   ----------------------------------- ---------- ---------- --------
2026-04-23 17:57:26,456  INFO  [FeatureSelector/sector_rotation]    1. price_vs_52w_high                     0.9888     0.1177    0.171  weight= 14.60%
2026-04-23 17:57:26,456  INFO  [FeatureSelector/sector_rotation]    2. volatility_60d                        0.9901     0.1144    0.173  weight= 14.19%
2026-04-23 17:57:26,456  INFO  [FeatureSelector/sector_rotation]    3. roic                                  0.5488     0.1052    0.074  weight= 13.04%
2026-04-23 17:57:26,456  INFO  [FeatureSelector/sector_rotation]    4. momentum_6m                           0.6539     0.0784    0.118  weight=  9.72%
2026-04-23 17:57:26,460  INFO  [FeatureSelector/sector_rotation]    5. fcf_yield                             0.5046     0.0774    0.083  weight=  9.60%
2026-04-23 17:57:26,460  INFO  [FeatureSelector/sector_rotation]    6. momentum_3m                           0.2054     0.0660    0.019  weight=  8.18%
2026-04-23 17:57:26,460  INFO  [FeatureSelector/sector_rotation]    7. net_margin                            0.4153     0.0657    0.070  weight=  8.15%
2026-04-23 17:57:26,460  INFO  [FeatureSelector/sector_rotation]    8. pe_vs_5y_median                       0.3291     0.0634    0.050  weight=  7.86%
2026-04-23 17:57:26,460  INFO  [FeatureSelector/sector_rotation]    9. interest_coverage                     0.2327     0.0610    0.029  weight=  7.57%
2026-04-23 17:57:26,460  INFO  [FeatureSelector/sector_rotation]   10. earnings_yield                        0.3807     0.0572    0.067  weight=  7.10%
2026-04-23 17:57:26,460  INFO  [FeatureSelector/sector_rotation]   Discarded by low combined score (8): revenue_yoy_growth, debt_to_ebitda, sector_vs_market_momentum, risk_adjusted_sector_momentum, ev_to_ebitda, fcf_margin, analyst_consensus_change, analyst_dispersion
2026-04-23 17:57:26,460  INFO  [FeatureSelector/sector_rotation] Summary: 18 features → pair_drop=0 → corr_drop=0 → imp_drop=8 → 10 selected (cutoff rule + [6,10])
2026-04-23 17:57:26,471  INFO  [SectorRotationAgent] 420 sector obs | 203 outperform / 217 underperform sectors | 10 features
2026-04-23 17:57:28,153  INFO  [SectorRotationAgent] CV AUC=0.6064 ± 0.0421
2026-04-23 17:57:29,108  INFO  [SectorRotationAgent] Sector scores:
2026-04-23 17:57:29,108  INFO      Auto Components                 score=0.834
2026-04-23 17:57:29,108  INFO      Building                        score=0.829
2026-04-23 17:57:29,108  INFO      Technology                      score=0.783
2026-04-23 17:57:29,118  INFO      Construction                    score=0.762
2026-04-23 17:57:29,118  INFO      Commercial Services & Supplies  score=0.710
2026-04-23 17:57:29,118  INFO      Electrical Equipment            score=0.702
2026-04-23 17:57:29,118  INFO      Health Care                     score=0.694
2026-04-23 17:57:29,118  INFO      Life Sciences Tools & Services  score=0.638
2026-04-23 17:57:29,118  INFO      Leisure Products                score=0.632
2026-04-23 17:57:29,118  INFO      Industrial Conglomerates        score=0.620
2026-04-23 17:57:29,118  INFO      Financials                      score=0.594
2026-04-23 17:57:29,118  INFO      Industrials                     score=0.591
2026-04-23 17:57:29,118  INFO      Distributors                    score=0.585
2026-04-23 17:57:29,118  INFO      Consumer Staples                score=0.561
2026-04-23 17:57:29,118  INFO      Telecommunication               score=0.502
2026-04-23 17:57:29,118  INFO      Hotels, Restaurants & Leisure   score=0.495
2026-04-23 17:57:29,118  INFO      Airlines                        score=0.495
2026-04-23 17:57:29,118  INFO      Materials                       score=0.453
2026-04-23 17:57:29,118  INFO      Machinery                       score=0.444
2026-04-23 17:57:29,118  INFO      Real Estate                     score=0.431
2026-04-23 17:57:29,118  INFO      Energy                          score=0.413
2026-04-23 17:57:29,118  INFO      Road & Rail                     score=0.391
2026-04-23 17:57:29,118  INFO      Communication Services          score=0.372
2026-04-23 17:57:29,118  INFO      Healthcare                      score=0.349
2026-04-23 17:57:29,118  INFO      Banking                         score=0.345
2026-04-23 17:57:29,118  INFO      Consumer products               score=0.344
2026-04-23 17:57:29,118  INFO      Consumer Discretionary          score=0.339
2026-04-23 17:57:29,128  INFO      Trading Companies & Distributors  score=0.328
2026-04-23 17:57:29,128  INFO      Tobacco                         score=0.293
2026-04-23 17:57:29,128  INFO      Metals & Mining                 score=0.287
2026-04-23 17:57:29,130  INFO      Communications                  score=0.283
2026-04-23 17:57:29,130  INFO      Utilities                       score=0.235
2026-04-23 17:57:29,130  INFO      Professional Services           score=0.229
2026-04-23 17:57:29,131  INFO      Packaging                       score=0.217
2026-04-23 17:57:29,131  INFO      Textiles, Apparel & Luxury Goods  score=0.128
2026-04-23 17:57:29,165  INFO  [OOF/bear_risk] n=9060 | min=0.2112 q10=0.4265 q25=0.5000 mean=0.5413 q50=0.5000 q75=0.6033 q90=0.7048 max=0.9306
2026-04-23 17:57:29,165  INFO  [OOF/bear_risk] cobertura umbral: >=0.50=77.8% | >=0.55=34.1% | >=0.60=25.5%
2026-04-23 17:57:29,182  INFO  [OOF/bear_safety] n=9060 | min=0.0694 q10=0.2952 q25=0.3967 mean=0.4587 q50=0.5000 q75=0.5000 q90=0.5735 max=0.7888
2026-04-23 17:57:29,183  INFO  [OOF/bear_safety] cobertura umbral: >=0.50=57.2% | >=0.55=13.3% | >=0.60=6.9%
2026-04-23 17:57:29,186  INFO  [OOF/sector_score] n=9060 | min=0.0285 q10=0.2094 q25=0.3676 mean=0.4583 q50=0.5000 q75=0.5000 q90=0.6940 max=0.8338
2026-04-23 17:57:29,186  INFO  [OOF/sector_score] cobertura umbral: >=0.50=59.0% | >=0.55=21.1% | >=0.60=12.9%
2026-04-23 17:57:29,186  INFO  [Dispersion] SCORE_DISPERSION_MIN_STD=0.0300
2026-04-23 17:57:29,186  INFO  [Dispersion] SCORE_DISPERSION_MIN_SCALE=0.3500
2026-04-23 17:57:29,186  INFO  [Dispersion] fundamental_score: std=0.123436 -> scale=1.0000 (sin shrink)
2026-04-23 17:57:29,186  INFO  [Dispersion] valuation_score: std=0.144081 -> scale=1.0000 (sin shrink)
2026-04-23 17:57:29,197  INFO  [Dispersion] momentum_score: std=0.160683 -> scale=1.0000 (sin shrink)
2026-04-23 17:57:29,198  INFO  [Dispersion] bear_score: std=0.107978 -> scale=1.0000 (sin shrink)
2026-04-23 17:57:29,199  INFO  [Dispersion] sentiment_score: std=0.000000 -> scale=0.3500 (shrink activo)
2026-04-23 17:57:29,199  INFO  [Dispersion] sector_score: std=0.167872 -> scale=1.0000 (sin shrink)
2026-04-23 17:57:29,209  INFO  [Dispersion/sentiment_score/before] n=9060 | min=0.2500 q10=0.2500 q25=0.2500 mean=0.2500 q50=0.2500 q75=0.2500 q90=0.2500 max=0.2500
2026-04-23 17:57:29,209  INFO  [Dispersion/sentiment_score/before] cobertura umbral: >=0.50=0.0% | >=0.55=0.0% | >=0.60=0.0%
2026-04-23 17:57:29,216  INFO  [Dispersion/sentiment_score/after] n=9060 | min=0.4125 q10=0.4125 q25=0.4125 mean=0.4125 q50=0.4125 q75=0.4125 q90=0.4125 max=0.4125
2026-04-23 17:57:29,216  INFO  [Dispersion/sentiment_score/after] cobertura umbral: >=0.50=0.0% | >=0.55=0.0% | >=0.60=0.0%
2026-04-23 17:57:29,216  INFO  [Fold 2025Q3] 2/3 — Entrenando MetaLearner sobre scores OOF (anti-leakage)...
2026-04-23 17:57:40,069  INFO  [alpha_meta_learner] Diagnostics → diagnostics_2025Q3.json
2026-04-23 17:57:40,073  INFO  [Fold 2025Q3] 3/3 — Generando predicciones sobre el quarter de test (453 tickers)...
2026-04-23 17:57:40,469  INFO  [AgentScore/fundamental] n=453 | min=0.3125 q10=0.4537 q25=0.4885 mean=0.5292 q50=0.5279 q75=0.5681 q90=0.6079 max=0.7420
2026-04-23 17:57:40,469  INFO  [AgentScore/fundamental] cobertura umbral: >=0.50=68.0% | >=0.55=33.8% | >=0.60=12.6%
2026-04-23 17:57:40,780  INFO  [AgentScore/valuation] n=453 | min=0.2976 q10=0.4370 q25=0.4712 mean=0.5076 q50=0.4948 q75=0.5461 q90=0.5989 max=0.7832
2026-04-23 17:57:40,780  INFO  [AgentScore/valuation] cobertura umbral: >=0.50=46.6% | >=0.55=23.0% | >=0.60=9.7%
2026-04-23 17:57:41,207  INFO  [AgentScore/momentum] n=453 | min=0.3383 q10=0.4322 q25=0.4558 mean=0.4925 q50=0.4816 q75=0.5183 q90=0.5833 max=0.7045
2026-04-23 17:57:41,207  INFO  [AgentScore/momentum] cobertura umbral: >=0.50=32.2% | >=0.55=13.7% | >=0.60=8.6%
2026-04-23 17:57:41,717  INFO  [AgentScore/bear/risk] n=453 | min=0.3085 q10=0.3646 q25=0.4245 mean=0.4570 q50=0.4556 q75=0.4925 q90=0.5401 max=0.6088
2026-04-23 17:57:41,717  INFO  [AgentScore/bear/risk] cobertura umbral: >=0.50=22.1% | >=0.55=8.4% | >=0.60=0.7%
2026-04-23 17:57:41,727  INFO  [AgentScore/bear/safety] n=453 | min=0.3912 q10=0.4599 q25=0.5075 mean=0.5430 q50=0.5444 q75=0.5755 q90=0.6354 max=0.6915
2026-04-23 17:57:41,727  INFO  [AgentScore/bear/safety] cobertura umbral: >=0.50=77.9% | >=0.55=45.0% | >=0.60=17.0%
2026-04-23 17:57:42,127  INFO  [AgentScore/sentiment] n=453 | min=0.1329 q10=0.2793 q25=0.3702 mean=0.5037 q50=0.5140 q75=0.6217 q90=0.7605 max=0.9103
2026-04-23 17:57:42,127  INFO  [AgentScore/sentiment] cobertura umbral: >=0.50=52.3% | >=0.55=40.8% | >=0.60=28.3%
2026-04-23 17:57:42,137  INFO  [AgentScore/ensemble_mean_pre_meta] n=453 | min=0.3893 q10=0.4513 q25=0.4823 mean=0.5152 q50=0.5124 q75=0.5493 q90=0.5861 max=0.6706
2026-04-23 17:57:42,137  INFO  [AgentScore/ensemble_mean_pre_meta] cobertura umbral: >=0.50=59.2% | >=0.55=24.1% | >=0.60=5.5%
2026-04-23 17:57:42,250  INFO  [SectorRotationAgent] Sector scores:
2026-04-23 17:57:42,250  INFO      Consumer Discretionary          score=0.737
2026-04-23 17:57:42,250  INFO      Airlines                        score=0.731
2026-04-23 17:57:42,250  INFO      Packaging                       score=0.726
2026-04-23 17:57:42,250  INFO      Hotels, Restaurants & Leisure   score=0.666
2026-04-23 17:57:42,250  INFO      Construction                    score=0.663
2026-04-23 17:57:42,250  INFO      Health Care                     score=0.655
2026-04-23 17:57:42,250  INFO      Utilities                       score=0.644
2026-04-23 17:57:42,250  INFO      Electrical Equipment            score=0.629
2026-04-23 17:57:42,250  INFO      Industrials                     score=0.614
2026-04-23 17:57:42,250  INFO      Telecommunication               score=0.586
2026-04-23 17:57:42,250  INFO      Healthcare                      score=0.572
2026-04-23 17:57:42,250  INFO      Consumer Staples                score=0.566
2026-04-23 17:57:42,250  INFO      Machinery                       score=0.559
2026-04-23 17:57:42,250  INFO      Consumer products               score=0.535
2026-04-23 17:57:42,260  INFO      Commercial Services & Supplies  score=0.509
2026-04-23 17:57:42,260  INFO      Technology                      score=0.507
2026-04-23 17:57:42,260  INFO      Energy                          score=0.500
2026-04-23 17:57:42,260  INFO      Life Sciences Tools & Services  score=0.499
2026-04-23 17:57:42,260  INFO      Road & Rail                     score=0.490
2026-04-23 17:57:42,260  INFO      Professional Services           score=0.486
2026-04-23 17:57:42,260  INFO      Trading Companies & Distributors  score=0.483
2026-04-23 17:57:42,260  INFO      Communication Services          score=0.453
2026-04-23 17:57:42,260  INFO      Communications                  score=0.450
2026-04-23 17:57:42,260  INFO      Textiles, Apparel & Luxury Goods  score=0.437
2026-04-23 17:57:42,260  INFO      Building                        score=0.415
2026-04-23 17:57:42,260  INFO      Real Estate                     score=0.405
2026-04-23 17:57:42,260  INFO      Metals & Mining                 score=0.375
2026-04-23 17:57:42,260  INFO      Materials                       score=0.374
2026-04-23 17:57:42,266  INFO      Financials                      score=0.352
2026-04-23 17:57:42,266  INFO      Industrial Conglomerates        score=0.313
2026-04-23 17:57:42,266  INFO      Distributors                    score=0.309
2026-04-23 17:57:42,266  INFO      Tobacco                         score=0.286
2026-04-23 17:57:42,268  INFO      Auto Components                 score=0.221
2026-04-23 17:57:42,268  INFO      Banking                         score=0.210
2026-04-23 17:57:42,269  INFO      Leisure Products                score=0.198
2026-04-23 17:57:42,330  INFO  [Dispersion/sentiment_score/before] n=453 | min=0.1329 q10=0.2793 q25=0.3702 mean=0.5037 q50=0.5140 q75=0.6217 q90=0.7605 max=0.9103
2026-04-23 17:57:42,330  INFO  [Dispersion/sentiment_score/before] cobertura umbral: >=0.50=52.3% | >=0.55=40.8% | >=0.60=28.3%
2026-04-23 17:57:42,338  INFO  [Dispersion/sentiment_score/after] n=453 | min=0.3715 q10=0.4227 q25=0.4546 mean=0.5013 q50=0.5049 q75=0.5426 q90=0.5912 max=0.6436
2026-04-23 17:57:42,338  INFO  [Dispersion/sentiment_score/after] cobertura umbral: >=0.50=52.3% | >=0.55=21.2% | >=0.60=7.5%
2026-04-23 17:57:42,651  INFO  [Meta/final_score_pre_sector_adjust] n=453 | min=0.1639 q10=0.2428 q25=0.3491 mean=0.5058 q50=0.5020 q75=0.6733 q90=0.7757 max=0.8459
2026-04-23 17:57:42,653  INFO  [Meta/final_score_pre_sector_adjust] cobertura umbral: >=0.50=50.1% | >=0.55=43.5% | >=0.60=35.8%
2026-04-23 17:57:42,686  INFO  [SectorAdjust] params: SECTOR_CONFIDENCE_PEERS=10, SECTOR_SCORE_PRIOR_BASE=0.500, SECTOR_SCORE_PRIOR_WEIGHT=0.250
2026-04-23 17:57:42,700  INFO  [SectorAdjust/final_score_raw] n=453 | min=0.1639 q10=0.2428 q25=0.3491 mean=0.5058 q50=0.5020 q75=0.6733 q90=0.7757 max=0.8459
2026-04-23 17:57:42,700  INFO  [SectorAdjust/final_score_raw] cobertura umbral: >=0.50=50.1% | >=0.55=43.5% | >=0.60=35.8%
2026-04-23 17:57:42,713  INFO  [SectorAdjust/sector_score] n=453 | min=0.1979 q10=0.3524 q25=0.4046 mean=0.5110 q50=0.5068 q75=0.6292 q90=0.6634 max=0.7373
2026-04-23 17:57:42,713  INFO  [SectorAdjust/sector_score] cobertura umbral: >=0.50=61.1% | >=0.55=39.1% | >=0.60=28.7%
2026-04-23 17:57:42,721  INFO  [SectorAdjust/sector_confidence] n=453 | min=0.3162 q10=0.7746 q25=1.0000 mean=0.9507 q50=1.0000 q75=1.0000 q90=1.0000 max=1.0000
2026-04-23 17:57:42,721  INFO  [SectorAdjust/sector_confidence] cobertura umbral: >=0.50=98.2% | >=0.55=96.9% | >=0.60=96.9%
2026-04-23 17:57:42,721  INFO  [SectorAdjust/sector_tilt] n=453 | min=-0.0725 q10=-0.0369 q25=-0.0221 mean=0.0030 q50=0.0017 q75=0.0284 q90=0.0388 max=0.0593
2026-04-23 17:57:42,721  INFO  [SectorAdjust/sector_tilt] cobertura umbral: >=0.50=0.0% | >=0.55=0.0% | >=0.60=0.0%
2026-04-23 17:57:42,735  INFO  [SectorAdjust/final_score_adjusted] n=453 | min=0.1656 q10=0.2571 q25=0.3510 mean=0.5088 q50=0.4922 q75=0.6593 q90=0.7768 max=0.8793
2026-04-23 17:57:42,735  INFO  [SectorAdjust/final_score_adjusted] cobertura umbral: >=0.50=49.0% | >=0.55=43.0% | >=0.60=36.6%
2026-04-23 17:57:42,737  INFO  [RiskDiag] bear_risk>=hard_threshold(0.90): 0/453 (0.0%)
2026-04-23 17:57:42,738  INFO  [Fold 2025Q3] 3/3 — Predicciones listas. Scores en rango [0.166, 0.879]
2026-04-23 17:57:42,802  INFO  [FeatureUsage] Reporte fold 2025Q3 -> feature_usage_report.csv
2026-04-23 17:57:44,738  INFO  [Visualizer] Distribucion scores -> score_distribution_2025Q3.png
2026-04-23 18:00:07,599  INFO  [Backtester] 2025Q3: 283 tickers superaron umbral 0.00 → selecting target=8, final=8 (min=4, sector_cap=3)
2026-04-23 18:00:07,599  INFO  [Backtester] 2025Q3: precios parciales 2025-11-14 -> 2026-02-13 (teorico hasta 2026-02-14)
2026-04-23 18:00:07,695  INFO  [Backtester] 2025Q3: optimizer=hrp pre-entry trailing window applied
2026-04-23 18:00:07,713  INFO  [Backtester] 2025Q3 — cartera final (hrp+cap(0.15), 8 stocks):
2026-04-23 18:00:07,713  INFO      ALGN      peso=0.119  score=0.869  ret=+36.20%
2026-04-23 18:00:07,713  INFO      ALB       peso=0.089  score=0.814  ret=+44.48%
2026-04-23 18:00:07,713  INFO      DECK      peso=0.126  score=0.809  ret=+39.74%
2026-04-23 18:00:07,722  INFO      HAL       peso=0.145  score=0.794  ret=+24.40%
2026-04-23 18:00:07,724  INFO      TPL       peso=0.138  score=0.790  ret=+26.82%
2026-04-23 18:00:07,724  INFO      WBD       peso=0.085  score=0.788  ret=+21.54%
2026-04-23 18:00:07,724  INFO      MTCH      peso=0.150  score=0.782  ret=-5.51%
2026-04-23 18:00:07,730  INFO      FICO      peso=0.148  score=0.767  ret=-22.78%
2026-04-23 18:00:07,750  INFO  [Backtester] 2025Q3 — 8 stocks | Cartera=+17.45%  Benchmark=+1.52%  Alpha=+15.93%  Sharpe=2.94
2026-04-23 18:01:07,133  WARNING  [2025Q3] Source audit detected 2727 incidents (diagnostic-only).
2026-04-23 18:01:08,240  INFO  [Visualizer] Rendimiento 2025Q3 -> performance.png
2026-04-23 18:01:09,773  INFO  [FoldReport] Fold 2025Q3: scores for 453 tickers saved → scores.csv
2026-04-23 18:01:10,912  INFO  [FoldReport] Snapshot audit 2025Q3: 453 tickers → ticker_snapshot_audit.csv
2026-04-23 18:01:14,787  INFO  [FoldReport] Agent-feature audit 2025Q3: 96942 rows → ticker_agent_feature_audit.csv
2026-04-23 18:01:15,246  INFO  [Visualizer] Feature importances -> feat_imp_fundamental_2025Q3.png
2026-04-23 18:01:15,705  INFO  [Visualizer] Feature importances -> feat_imp_valuation_2025Q3.png
2026-04-23 18:01:16,162  INFO  [Visualizer] Feature importances -> feat_imp_momentum_2025Q3.png
2026-04-23 18:01:16,650  INFO  [Visualizer] Feature importances -> feat_imp_bear_2025Q3.png
2026-04-23 18:01:16,949  INFO  [Visualizer] Feature importances -> feat_imp_sector_rotation_2025Q3.png
2026-04-23 18:01:17,321  INFO  [Explainer] Fold 2025Q3: explicaciones de 60 tickers -> ticker_explanations.csv y ticker_explanations.json
2026-04-23 18:01:17,331  INFO  [2025Q4] SP500 dynamic @entry 2026-02-14: 503 active members
2026-04-23 18:01:17,331  INFO  [2025Q4] Cambios vs fold previo (2025-11-14 -> 2026-02-14): +6 entran, -6 salen
2026-04-23 18:01:17,331  INFO  [2025Q4]   Entran (muestra): ARES, CRH, CVNA, FIX, MRSH, SNDK
2026-04-23 18:01:17,331  INFO  [2025Q4]   Salen  (muestra): IPG, K, LKQ, MHK, MMC, SOLS
2026-04-23 18:01:19,027  INFO  [Fallback Extrapolation] Added 31 estimated snapshots (last 4 Q)
2026-04-23 18:01:19,044  INFO  [2025Q4] Cobertura test pre-filtro: 570 tickers con snapshot/relleno
2026-04-23 18:01:19,044  INFO  [2025Q4] Filtro SP500 @entry: 570 -> 498 tickers (excluidos por no ser miembro activo: 72)
2026-04-23 18:01:19,046  INFO  [2025Q4]   No miembro SP500 @entry (muestra): AAL, AAP, AET, AIV, ALK, AMG, AMTM, BBWI, BHF, BIO, BWA, CE
2026-04-23 18:01:19,046  INFO  [2025Q4]   Miembros SP500 sin snapshot usable en quarter (muestra): FOX, MRSH, NWS, PSKY, Q
2026-04-23 18:01:19,314  INFO  [2025Q4] Universo base fold (SP500 @entry): 503 tickers
2026-04-23 18:01:19,314  INFO  [2025Q4]   Fuera del universo base @entry (muestra): AAL, AAP, AET, AIV, ALK, AMG, AMTM, BBWI, BHF, BIO, BWA, CE
2026-04-23 18:01:19,317  INFO  [2025Q4]   Excluidos por historial insuficiente (<5Y train): 43 | muestra: ABNB, AEP, APO, APP, BF-B, CCL, CEG, CMS, COIN, CPAY, CRH, D
2026-04-23 18:01:19,317  INFO  [2025Q4] Intento train=5Y -> test elegible 455/503 (90.5%) | min requerido=378
2026-04-23 18:01:19,317  INFO  [2025Q4] Ventana seleccionada: 5Y (2020-12-31 -> 2025-12-31) | tickers elegibles=455
2026-04-23 18:01:19,345  INFO  [2025Q4] Eligibility audit (5Y) -> ticker_eligibility_audit.csv
2026-04-23 18:01:19,345  INFO  [2025Q4] Eligibility reason summary -> eligibility_reason_summary.csv
2026-04-23 18:01:19,352  INFO  
============================================================
2026-04-23 18:01:19,353  INFO    ANALYSIS 2025Q4
2026-04-23 18:01:19,354  INFO    Train : 2020-12-31 → 2025-12-31  (5 years)
2026-04-23 18:01:19,354  INFO    Mode  : quarterly (Q)
2026-04-23 18:01:19,354  INFO    Test  : snapshot simulado en 2026-02-14 (Q4 start + 45d)
2026-04-23 18:01:19,354  INFO  ============================================================
2026-04-23 18:01:19,354  INFO  [2025Q4] Snapshot lag starts at: 2025-12-31 (last day of Q4) + 45 days = entry date: 2026-02-14
2026-04-23 18:01:19,354  INFO  [2025Q4] Ventana real de precios: 2026-02-14 -> 2026-04-02 (33 dias)
2026-04-23 18:44:43,842  INFO  [TP/SL] Selected training strategy=conservative | utility=0.0013 | hit_rate=49.18%
2026-04-23 18:44:43,870  INFO  [Fold 2025Q4] 1/3 — Entrenando agentes base con datos de entrenamiento del fold...
2026-04-23 18:46:15,286  INFO  [fundamental] Top-5 features: interest_coverage__pct_universe=0.219 | gross_margin__pct_universe=0.147 | capex_to_revenue__pct_universe=0.078 | capex_to_revenue=0.065 | fcf_margin__pct_universe=0.060
2026-04-23 18:46:15,293  INFO  [fundamental] Diagnostics → diagnostics_2025Q4.json
2026-04-23 18:47:26,151  INFO  [valuation] Top-5 features: ev_to_ebitda__pct_universe=0.124 | fcf_yield__pct_universe=0.111 | ev_ebitda_vs_5y_median__pct_universe=0.073 | ps_ratio=0.072 | ev_ebitda_vs_5y_median=0.068
2026-04-23 18:47:26,159  INFO  [valuation] Diagnostics → diagnostics_2025Q4.json
2026-04-23 18:48:50,070  INFO  [momentum] Top-5 features: momentum_6m=0.160 | price_vs_52w_high=0.130 | rsi_14=0.113 | volatility_60d=0.111 | price_vs_52w_high__pct_universe=0.074
2026-04-23 18:48:50,081  INFO  [momentum] Diagnostics → diagnostics_2025Q4.json
2026-04-23 18:49:53,202  INFO  [bear] Top-5 features: eps_surprise_pct__pct_universe=0.175 | revenue_decline__pct_universe=0.164 | eps_revision__pct_universe=0.096 | interest_coverage__pct_universe=0.044 | fcf_margin__pct_universe=0.038
2026-04-23 18:49:53,212  INFO  [bear] Diagnostics → diagnostics_2025Q4.json
2026-04-23 18:50:09,389  INFO  [sentiment] Top-5 features: insider_net_ratio_90d=0.103 | eps_surprise_avg_4q=0.090 | insider_net_ratio_90d__pct_universe=0.090 | eps_surprise_avg_4q__pct_universe=0.086 | insider_net_ratio_90d__pct_sector=0.081
2026-04-23 18:50:09,389  INFO  [sentiment] Diagnostics → diagnostics_2025Q4.json
2026-04-23 18:50:09,398  INFO  [Fold 2025Q4] 1/3 — Entrenando SectorRotationAgent (top-down, nivel sector)...
2026-04-23 18:50:09,398  INFO  [SectorRotationAgent] Building sector dataset — 9100 ticker obs
2026-04-23 18:50:16,615  INFO  [FeatureSelector/sector_rotation] Step 1 — correlation >85%: removed 0 / 19 features
2026-04-23 18:50:17,085  INFO  [FeatureSelector/sector_rotation] Step 2 — combined score (w_relevance=0.65, w_importance=0.35)
2026-04-23 18:50:17,085  INFO  [FeatureSelector/sector_rotation] Step 3 — importance cutoff: top=0.1188, cutoff=0.40 (value=0.0475), min_keep=6, max_keep=10
2026-04-23 18:50:17,096  INFO  [FeatureSelector/sector_rotation]   Feature                               Combined     Imp_RF     pb_y
2026-04-23 18:50:17,096  INFO  [FeatureSelector/sector_rotation]   ----------------------------------- ---------- ---------- --------
2026-04-23 18:50:17,096  INFO  [FeatureSelector/sector_rotation]    1. momentum_6m                           0.6422     0.1188    0.073  weight= 15.09%
2026-04-23 18:50:17,096  INFO  [FeatureSelector/sector_rotation]    2. price_vs_52w_high                     0.9970     0.1178    0.151  weight= 14.96%
2026-04-23 18:50:17,096  INFO  [FeatureSelector/sector_rotation]    3. fcf_yield                             0.5482     0.0815    0.077  weight= 10.34%
2026-04-23 18:50:17,096  INFO  [FeatureSelector/sector_rotation]    4. pe_vs_5y_median                       0.4042     0.0730    0.051  weight=  9.27%
2026-04-23 18:50:17,096  INFO  [FeatureSelector/sector_rotation]    5. revenue_yoy_growth                    0.3997     0.0714    0.051  weight=  9.07%
2026-04-23 18:50:17,096  INFO  [FeatureSelector/sector_rotation]    6. earnings_yield                        0.6046     0.0699    0.096  weight=  8.88%
2026-04-23 18:50:17,096  INFO  [FeatureSelector/sector_rotation]    7. momentum_3m                           0.5558     0.0693    0.086  weight=  8.80%
2026-04-23 18:50:17,096  INFO  [FeatureSelector/sector_rotation]    8. roic                                  0.2835     0.0673    0.028  weight=  8.55%
2026-04-23 18:50:17,096  INFO  [FeatureSelector/sector_rotation]    9. net_margin                            0.4282     0.0603    0.064  weight=  7.66%
2026-04-23 18:50:17,096  INFO  [FeatureSelector/sector_rotation]   10. volatility_60d                        0.5819     0.0582    0.099  weight=  7.39%
2026-04-23 18:50:17,107  INFO  [FeatureSelector/sector_rotation]   Discarded by low combined score (9): debt_to_ebitda, sector_vs_market_momentum, risk_adjusted_sector_momentum, ev_to_ebitda, eps_revision, fcf_margin, interest_coverage, analyst_consensus_change, analyst_dispersion
2026-04-23 18:50:17,107  INFO  [FeatureSelector/sector_rotation] Summary: 19 features → pair_drop=0 → corr_drop=0 → imp_drop=9 → 10 selected (cutoff rule + [6,10])
2026-04-23 18:50:17,128  INFO  [SectorRotationAgent] 580 sector obs | 253 outperform / 327 underperform sectors | 10 features
2026-04-23 18:50:19,198  INFO  [SectorRotationAgent] CV AUC=0.5495 ± 0.0358
2026-04-23 18:50:20,252  INFO  [sector_rotation] Top-5 features: price_vs_52w_high=0.142 | fcf_yield=0.135 | roic=0.119 | pe_vs_5y_median=0.114 | momentum_6m=0.113
2026-04-23 18:50:20,267  INFO  [sector_rotation] Diagnostics → diagnostics_2025Q4.json
2026-04-23 18:50:20,267  INFO  [Fold 2025Q4] 2/3 — Generando scores OOF (3 splits temporales) como input del MetaLearner...
2026-04-23 18:50:20,290  INFO    [OOF] fundamental: generating anti-leakage scores (3 quarter-level temporal splits)
2026-04-23 18:51:55,724  INFO    [OOF] valuation: generating anti-leakage scores (3 quarter-level temporal splits)
2026-04-23 18:53:28,313  INFO    [OOF] momentum: generating anti-leakage scores (3 quarter-level temporal splits)
2026-04-23 18:55:05,976  INFO    [OOF] bear: generating anti-leakage scores (3 quarter-level temporal splits)
2026-04-23 18:56:39,869  INFO    [OOF] sentiment: generating anti-leakage scores (3 quarter-level temporal splits)
2026-04-23 18:56:39,913  WARNING  [sentiment] Not enough clean samples to train.
2026-04-23 18:56:40,000  WARNING  [sentiment] Not enough clean samples to train.
2026-04-23 18:56:40,010  INFO    [OOF] sector_rotation: generating OOF sector scores (3 quarter-level splits)
2026-04-23 18:56:40,021  INFO  [SectorRotationAgent] Building sector dataset — 3185 ticker obs
2026-04-23 18:56:42,620  INFO  [FeatureSelector/sector_rotation] Step 1 — correlation >85%: removed 0 / 16 features
2026-04-23 18:56:43,033  INFO  [FeatureSelector/sector_rotation] Step 2 — combined score (w_relevance=0.65, w_importance=0.35)
2026-04-23 18:56:43,033  INFO  [FeatureSelector/sector_rotation] Step 3 — importance cutoff: top=0.1602, cutoff=0.40 (value=0.0641), min_keep=6, max_keep=10
2026-04-23 18:56:43,033  INFO  [FeatureSelector/sector_rotation]   Feature                               Combined     Imp_RF     pb_y
2026-04-23 18:56:43,033  INFO  [FeatureSelector/sector_rotation]   ----------------------------------- ---------- ---------- --------
2026-04-23 18:56:43,033  INFO  [FeatureSelector/sector_rotation]    1. price_vs_52w_high                     1.0000     0.1602    0.264  weight= 27.06%
2026-04-23 18:56:43,033  INFO  [FeatureSelector/sector_rotation]    2. roic                                  0.6291     0.0994    0.172  weight= 16.79%
2026-04-23 18:56:43,033  INFO  [FeatureSelector/sector_rotation]    3. momentum_6m                           0.6924     0.0967    0.198  weight= 16.33%
2026-04-23 18:56:43,033  INFO  [FeatureSelector/sector_rotation]    4. fcf_yield                             0.2104     0.0919    0.017  weight= 15.53%
2026-04-23 18:56:43,033  INFO  [FeatureSelector/sector_rotation]    5. volatility_60d                        0.6424     0.0804    0.193  weight= 13.58%
2026-04-23 18:56:43,033  INFO  [FeatureSelector/sector_rotation]    6. pe_vs_5y_median                       0.3509     0.0634    0.095  weight= 10.71%
2026-04-23 18:56:43,033  INFO  [FeatureSelector/sector_rotation]   Discarded by low combined score (10): momentum_3m, revenue_yoy_growth, net_margin, debt_to_ebitda, sector_vs_market_momentum, risk_adjusted_sector_momentum, earnings_yield, ev_to_ebitda, fcf_margin, interest_coverage
2026-04-23 18:56:43,039  INFO  [FeatureSelector/sector_rotation] Summary: 16 features → pair_drop=0 → corr_drop=0 → imp_drop=10 → 6 selected (cutoff rule + [6,10])
2026-04-23 18:56:43,039  INFO  [SectorRotationAgent] 203 sector obs | 102 outperform / 101 underperform sectors | 6 features
2026-04-23 18:56:44,249  INFO  [SectorRotationAgent] CV AUC=0.6651 ± 0.0559
2026-04-23 18:56:44,805  INFO  [SectorRotationAgent] Sector scores:
2026-04-23 18:56:44,805  INFO      Banking                         score=0.983
2026-04-23 18:56:44,805  INFO      Airlines                        score=0.975
2026-04-23 18:56:44,805  INFO      Leisure Products                score=0.972
2026-04-23 18:56:44,805  INFO      Auto Components                 score=0.948
2026-04-23 18:56:44,805  INFO      Utilities                       score=0.891
2026-04-23 18:56:44,805  INFO      Telecommunication               score=0.850
2026-04-23 18:56:44,805  INFO      Real Estate                     score=0.819
2026-04-23 18:56:44,815  INFO      Packaging                       score=0.804
2026-04-23 18:56:44,815  INFO      Communications                  score=0.797
2026-04-23 18:56:44,815  INFO      Consumer Staples                score=0.778
2026-04-23 18:56:44,815  INFO      Healthcare                      score=0.734
2026-04-23 18:56:44,815  INFO      Life Sciences Tools & Services  score=0.731
2026-04-23 18:56:44,815  INFO      Professional Services           score=0.625
2026-04-23 18:56:44,815  INFO      Materials                       score=0.603
2026-04-23 18:56:44,815  INFO      Health Care                     score=0.588
2026-04-23 18:56:44,815  INFO      Construction                    score=0.576
2026-04-23 18:56:44,815  INFO      Energy                          score=0.492
2026-04-23 18:56:44,815  INFO      Machinery                       score=0.473
2026-04-23 18:56:44,815  INFO      Commercial Services & Supplies  score=0.459
2026-04-23 18:56:44,815  INFO      Metals & Mining                 score=0.437
2026-04-23 18:56:44,815  INFO      Industrials                     score=0.386
2026-04-23 18:56:44,815  INFO      Electrical Equipment            score=0.305
2026-04-23 18:56:44,815  INFO      Financials                      score=0.277
2026-04-23 18:56:44,815  INFO      Textiles, Apparel & Luxury Goods  score=0.249
2026-04-23 18:56:44,815  INFO      Distributors                    score=0.247
2026-04-23 18:56:44,815  INFO      Communication Services          score=0.237
2026-04-23 18:56:44,815  INFO      Hotels, Restaurants & Leisure   score=0.234
2026-04-23 18:56:44,815  INFO      Technology                      score=0.192
2026-04-23 18:56:44,815  INFO      Industrial Conglomerates        score=0.175
2026-04-23 18:56:44,824  INFO      Trading Companies & Distributors  score=0.144
2026-04-23 18:56:44,824  INFO      Consumer products               score=0.132
2026-04-23 18:56:44,826  INFO      Consumer Discretionary          score=0.076
2026-04-23 18:56:44,826  INFO      Road & Rail                     score=0.070
2026-04-23 18:56:44,826  INFO      Tobacco                         score=0.049
2026-04-23 18:56:44,826  INFO      Building                        score=0.038
2026-04-23 18:56:44,843  INFO  [SectorRotationAgent] Building sector dataset — 6370 ticker obs
2026-04-23 18:56:49,878  INFO  [FeatureSelector/sector_rotation] Step 1 — correlation >85%: removed 0 / 18 features
2026-04-23 18:56:50,280  INFO  [FeatureSelector/sector_rotation] Step 2 — combined score (w_relevance=0.65, w_importance=0.35)
2026-04-23 18:56:50,280  INFO  [FeatureSelector/sector_rotation] Step 3 — importance cutoff: top=0.1273, cutoff=0.40 (value=0.0509), min_keep=6, max_keep=10
2026-04-23 18:56:50,280  INFO  [FeatureSelector/sector_rotation]   Feature                               Combined     Imp_RF     pb_y
2026-04-23 18:56:50,280  INFO  [FeatureSelector/sector_rotation]   ----------------------------------- ---------- ---------- --------
2026-04-23 18:56:50,280  INFO  [FeatureSelector/sector_rotation]    1. price_vs_52w_high                     1.0000     0.1273    0.201  weight= 15.67%
2026-04-23 18:56:50,280  INFO  [FeatureSelector/sector_rotation]    2. momentum_6m                           0.6427     0.0960    0.119  weight= 11.83%
2026-04-23 18:56:50,280  INFO  [FeatureSelector/sector_rotation]    3. volatility_60d                        0.7916     0.0925    0.167  weight= 11.39%
2026-04-23 18:56:50,280  INFO  [FeatureSelector/sector_rotation]    4. roic                                  0.3051     0.0878    0.025  weight= 10.81%
2026-04-23 18:56:50,280  INFO  [FeatureSelector/sector_rotation]    5. revenue_yoy_growth                    0.4412     0.0764    0.075  weight=  9.42%
2026-04-23 18:56:50,280  INFO  [FeatureSelector/sector_rotation]    6. fcf_yield                             0.4161     0.0735    0.070  weight=  9.05%
2026-04-23 18:56:50,280  INFO  [FeatureSelector/sector_rotation]    7. pe_vs_5y_median                       0.4139     0.0724    0.070  weight=  8.92%
2026-04-23 18:56:50,280  INFO  [FeatureSelector/sector_rotation]    8. earnings_yield                        0.5086     0.0675    0.103  weight=  8.31%
2026-04-23 18:56:50,280  INFO  [FeatureSelector/sector_rotation]    9. interest_coverage                     0.2590     0.0603    0.034  weight=  7.43%
2026-04-23 18:56:50,280  INFO  [FeatureSelector/sector_rotation]   10. net_margin                            0.4126     0.0583    0.081  weight=  7.18%
2026-04-23 18:56:50,280  INFO  [FeatureSelector/sector_rotation]   Discarded by low combined score (8): momentum_3m, debt_to_ebitda, sector_vs_market_momentum, risk_adjusted_sector_momentum, ev_to_ebitda, fcf_margin, analyst_consensus_change, analyst_dispersion
2026-04-23 18:56:50,280  INFO  [FeatureSelector/sector_rotation] Summary: 18 features → pair_drop=0 → corr_drop=0 → imp_drop=8 → 10 selected (cutoff rule + [6,10])
2026-04-23 18:56:50,295  INFO  [SectorRotationAgent] 406 sector obs | 190 outperform / 216 underperform sectors | 10 features
2026-04-23 18:56:51,934  INFO  [SectorRotationAgent] CV AUC=0.5869 ± 0.0214
2026-04-23 18:56:52,837  INFO  [SectorRotationAgent] Sector scores:
2026-04-23 18:56:52,837  INFO      Construction                    score=0.827
2026-04-23 18:56:52,837  INFO      Technology                      score=0.781
2026-04-23 18:56:52,837  INFO      Healthcare                      score=0.737
2026-04-23 18:56:52,837  INFO      Leisure Products                score=0.731
2026-04-23 18:56:52,837  INFO      Distributors                    score=0.729
2026-04-23 18:56:52,837  INFO      Auto Components                 score=0.712
2026-04-23 18:56:52,837  INFO      Electrical Equipment            score=0.680
2026-04-23 18:56:52,847  INFO      Airlines                        score=0.656
2026-04-23 18:56:52,847  INFO      Commercial Services & Supplies  score=0.645
2026-04-23 18:56:52,847  INFO      Health Care                     score=0.636
2026-04-23 18:56:52,847  INFO      Industrials                     score=0.634
2026-04-23 18:56:52,847  INFO      Machinery                       score=0.538
2026-04-23 18:56:52,847  INFO      Banking                         score=0.475
2026-04-23 18:56:52,847  INFO      Life Sciences Tools & Services  score=0.458
2026-04-23 18:56:52,847  INFO      Metals & Mining                 score=0.453
2026-04-23 18:56:52,847  INFO      Building                        score=0.441
2026-04-23 18:56:52,847  INFO      Trading Companies & Distributors  score=0.439
2026-04-23 18:56:52,847  INFO      Hotels, Restaurants & Leisure   score=0.415
2026-04-23 18:56:52,847  INFO      Energy                          score=0.413
2026-04-23 18:56:52,847  INFO      Communication Services          score=0.399
2026-04-23 18:56:52,847  INFO      Financials                      score=0.375
2026-04-23 18:56:52,847  INFO      Materials                       score=0.374
2026-04-23 18:56:52,847  INFO      Consumer products               score=0.348
2026-04-23 18:56:52,847  INFO      Packaging                       score=0.304
2026-04-23 18:56:52,847  INFO      Consumer Staples                score=0.301
2026-04-23 18:56:52,847  INFO      Textiles, Apparel & Luxury Goods  score=0.287
2026-04-23 18:56:52,847  INFO      Telecommunication               score=0.266
2026-04-23 18:56:52,847  INFO      Real Estate                     score=0.252
2026-04-23 18:56:52,847  INFO      Communications                  score=0.235
2026-04-23 18:56:52,847  INFO      Consumer Discretionary          score=0.222
2026-04-23 18:56:52,857  INFO      Utilities                       score=0.222
2026-04-23 18:56:52,857  INFO      Industrial Conglomerates        score=0.221
2026-04-23 18:56:52,857  INFO      Road & Rail                     score=0.149
2026-04-23 18:56:52,857  INFO      Professional Services           score=0.122
2026-04-23 18:56:52,857  INFO      Tobacco                         score=0.069
2026-04-23 18:56:52,896  INFO  [OOF/bear_risk] n=9100 | min=0.1188 q10=0.3872 q25=0.4981 mean=0.5358 q50=0.5000 q75=0.6218 q90=0.7303 max=0.8779
2026-04-23 18:56:52,896  INFO  [OOF/bear_risk] cobertura umbral: >=0.50=74.7% | >=0.55=33.3% | >=0.60=27.3%
2026-04-23 18:56:52,905  INFO  [OOF/bear_safety] n=9100 | min=0.1221 q10=0.2697 q25=0.3782 mean=0.4642 q50=0.5000 q75=0.5019 q90=0.6128 max=0.8812
2026-04-23 18:56:52,905  INFO  [OOF/bear_safety] cobertura umbral: >=0.50=60.3% | >=0.55=17.7% | >=0.60=11.3%
2026-04-23 18:56:52,914  INFO  [OOF/sector_score] n=9100 | min=0.0380 q10=0.1917 q25=0.3050 mean=0.4692 q50=0.5000 q75=0.5000 q90=0.7814 max=0.9833
2026-04-23 18:56:52,914  INFO  [OOF/sector_score] cobertura umbral: >=0.50=59.0% | >=0.55=22.9% | >=0.60=20.0%
2026-04-23 18:56:52,914  INFO  [Dispersion] SCORE_DISPERSION_MIN_STD=0.0300
2026-04-23 18:56:52,914  INFO  [Dispersion] SCORE_DISPERSION_MIN_SCALE=0.3500
2026-04-23 18:56:52,914  INFO  [Dispersion] fundamental_score: std=0.139281 -> scale=1.0000 (sin shrink)
2026-04-23 18:56:52,914  INFO  [Dispersion] valuation_score: std=0.143809 -> scale=1.0000 (sin shrink)
2026-04-23 18:56:52,923  INFO  [Dispersion] momentum_score: std=0.177423 -> scale=1.0000 (sin shrink)
2026-04-23 18:56:52,923  INFO  [Dispersion] bear_score: std=0.128258 -> scale=1.0000 (sin shrink)
2026-04-23 18:56:52,923  INFO  [Dispersion] sentiment_score: std=0.000000 -> scale=0.3500 (shrink activo)
2026-04-23 18:56:52,923  INFO  [Dispersion] sector_score: std=0.195284 -> scale=1.0000 (sin shrink)
2026-04-23 18:56:52,934  INFO  [Dispersion/sentiment_score/before] n=9100 | min=0.2500 q10=0.2500 q25=0.2500 mean=0.2500 q50=0.2500 q75=0.2500 q90=0.2500 max=0.2500
2026-04-23 18:56:52,934  INFO  [Dispersion/sentiment_score/before] cobertura umbral: >=0.50=0.0% | >=0.55=0.0% | >=0.60=0.0%
2026-04-23 18:56:52,946  INFO  [Dispersion/sentiment_score/after] n=9100 | min=0.4125 q10=0.4125 q25=0.4125 mean=0.4125 q50=0.4125 q75=0.4125 q90=0.4125 max=0.4125
2026-04-23 18:56:52,946  INFO  [Dispersion/sentiment_score/after] cobertura umbral: >=0.50=0.0% | >=0.55=0.0% | >=0.60=0.0%
2026-04-23 18:56:52,947  INFO  [Fold 2025Q4] 2/3 — Entrenando MetaLearner sobre scores OOF (anti-leakage)...
2026-04-23 18:57:03,850  INFO  [alpha_meta_learner] Diagnostics → diagnostics_2025Q4.json
2026-04-23 18:57:03,854  INFO  [Fold 2025Q4] 3/3 — Generando predicciones sobre el quarter de test (455 tickers)...
2026-04-23 18:57:04,299  INFO  [AgentScore/fundamental] n=455 | min=0.3399 q10=0.4999 q25=0.5418 mean=0.5839 q50=0.5831 q75=0.6311 q90=0.6644 max=0.7465
2026-04-23 18:57:04,299  INFO  [AgentScore/fundamental] cobertura umbral: >=0.50=89.9% | >=0.55=69.5% | >=0.60=40.9%
2026-04-23 18:57:04,644  INFO  [AgentScore/valuation] n=455 | min=0.2071 q10=0.3678 q25=0.4117 mean=0.4800 q50=0.4744 q75=0.5523 q90=0.6039 max=0.7711
2026-04-23 18:57:04,644  INFO  [AgentScore/valuation] cobertura umbral: >=0.50=41.8% | >=0.55=25.5% | >=0.60=11.2%
2026-04-23 18:57:04,922  INFO  [AgentScore/momentum] n=455 | min=0.3205 q10=0.3847 q25=0.4068 mean=0.4680 q50=0.4348 q75=0.5105 q90=0.6082 max=0.8039
2026-04-23 18:57:04,928  INFO  [AgentScore/momentum] cobertura umbral: >=0.50=27.7% | >=0.55=18.0% | >=0.60=11.2%
2026-04-23 18:57:05,535  INFO  [AgentScore/bear/risk] n=455 | min=0.3397 q10=0.4353 q25=0.4661 mean=0.5192 q50=0.5271 q75=0.5663 q90=0.6069 max=0.6841
2026-04-23 18:57:05,535  INFO  [AgentScore/bear/risk] cobertura umbral: >=0.50=60.7% | >=0.55=35.2% | >=0.60=11.4%
2026-04-23 18:57:05,547  INFO  [AgentScore/bear/safety] n=455 | min=0.3159 q10=0.3931 q25=0.4337 mean=0.4808 q50=0.4729 q75=0.5339 q90=0.5647 max=0.6603
2026-04-23 18:57:05,547  INFO  [AgentScore/bear/safety] cobertura umbral: >=0.50=39.3% | >=0.55=15.2% | >=0.60=5.1%
2026-04-23 18:57:05,984  INFO  [AgentScore/sentiment] n=455 | min=0.1786 q10=0.2929 q25=0.3653 mean=0.4289 q50=0.4214 q75=0.4984 q90=0.5633 max=0.7649
2026-04-23 18:57:05,984  INFO  [AgentScore/sentiment] cobertura umbral: >=0.50=24.8% | >=0.55=11.6% | >=0.60=5.7%
2026-04-23 18:57:05,994  INFO  [AgentScore/ensemble_mean_pre_meta] n=455 | min=0.3939 q10=0.4337 q25=0.4584 mean=0.4883 q50=0.4854 q75=0.5160 q90=0.5420 max=0.6704
2026-04-23 18:57:05,994  INFO  [AgentScore/ensemble_mean_pre_meta] cobertura umbral: >=0.50=36.7% | >=0.55=8.6% | >=0.60=0.9%
2026-04-23 18:57:06,114  INFO  [SectorRotationAgent] Sector scores:
2026-04-23 18:57:06,114  INFO      Leisure Products                score=0.863
2026-04-23 18:57:06,114  INFO      Professional Services           score=0.821
2026-04-23 18:57:06,114  INFO      Hotels, Restaurants & Leisure   score=0.740
2026-04-23 18:57:06,114  INFO      Commercial Services & Supplies  score=0.600
2026-04-23 18:57:06,114  INFO      Consumer Staples                score=0.577
2026-04-23 18:57:06,114  INFO      Energy                          score=0.560
2026-04-23 18:57:06,114  INFO      Auto Components                 score=0.559
2026-04-23 18:57:06,123  INFO      Airlines                        score=0.539
2026-04-23 18:57:06,123  INFO      Metals & Mining                 score=0.494
2026-04-23 18:57:06,124  INFO      Machinery                       score=0.491
2026-04-23 18:57:06,124  INFO      Construction                    score=0.454
2026-04-23 18:57:06,124  INFO      Health Care                     score=0.447
2026-04-23 18:57:06,124  INFO      Packaging                       score=0.431
2026-04-23 18:57:06,124  INFO      Industrials                     score=0.426
2026-04-23 18:57:06,124  INFO      Building                        score=0.425
2026-04-23 18:57:06,124  INFO      Communications                  score=0.424
2026-04-23 18:57:06,124  INFO      Healthcare                      score=0.417
2026-04-23 18:57:06,124  INFO      Materials                       score=0.408
2026-04-23 18:57:06,124  INFO      Electrical Equipment            score=0.354
2026-04-23 18:57:06,124  INFO      Life Sciences Tools & Services  score=0.328
2026-04-23 18:57:06,124  INFO      Consumer products               score=0.322
2026-04-23 18:57:06,124  INFO      Technology                      score=0.314
2026-04-23 18:57:06,124  INFO      Communication Services          score=0.307
2026-04-23 18:57:06,124  INFO      Utilities                       score=0.296
2026-04-23 18:57:06,124  INFO      Financials                      score=0.287
2026-04-23 18:57:06,124  INFO      Textiles, Apparel & Luxury Goods  score=0.260
2026-04-23 18:57:06,124  INFO      Distributors                    score=0.258
2026-04-23 18:57:06,124  INFO      Telecommunication               score=0.257
2026-04-23 18:57:06,124  INFO      Consumer Discretionary          score=0.243
2026-04-23 18:57:06,132  INFO      Banking                         score=0.239
2026-04-23 18:57:06,132  INFO      Real Estate                     score=0.218
2026-04-23 18:57:06,133  INFO      Road & Rail                     score=0.135
2026-04-23 18:57:06,133  INFO      Tobacco                         score=0.128
2026-04-23 18:57:06,134  INFO      Industrial Conglomerates        score=0.098
2026-04-23 18:57:06,134  INFO      Trading Companies & Distributors  score=0.089
2026-04-23 18:57:06,195  INFO  [Dispersion/sentiment_score/before] n=455 | min=0.1786 q10=0.2929 q25=0.3653 mean=0.4289 q50=0.4214 q75=0.4984 q90=0.5633 max=0.7649
2026-04-23 18:57:06,195  INFO  [Dispersion/sentiment_score/before] cobertura umbral: >=0.50=24.8% | >=0.55=11.6% | >=0.60=5.7%
2026-04-23 18:57:06,203  INFO  [Dispersion/sentiment_score/after] n=455 | min=0.3875 q10=0.4275 q25=0.4529 mean=0.4751 q50=0.4725 q75=0.4994 q90=0.5222 max=0.5927
2026-04-23 18:57:06,204  INFO  [Dispersion/sentiment_score/after] cobertura umbral: >=0.50=24.8% | >=0.55=2.2% | >=0.60=0.0%
2026-04-23 18:57:06,516  INFO  [Meta/final_score_pre_sector_adjust] n=455 | min=0.1473 q10=0.2263 q25=0.3276 mean=0.4901 q50=0.4890 q75=0.6532 q90=0.7614 max=0.8673
2026-04-23 18:57:06,518  INFO  [Meta/final_score_pre_sector_adjust] cobertura umbral: >=0.50=47.9% | >=0.55=39.8% | >=0.60=34.1%
2026-04-23 18:57:06,551  INFO  [SectorAdjust] params: SECTOR_CONFIDENCE_PEERS=10, SECTOR_SCORE_PRIOR_BASE=0.500, SECTOR_SCORE_PRIOR_WEIGHT=0.250
2026-04-23 18:57:06,565  INFO  [SectorAdjust/final_score_raw] n=455 | min=0.1473 q10=0.2263 q25=0.3276 mean=0.4901 q50=0.4890 q75=0.6532 q90=0.7614 max=0.8673
2026-04-23 18:57:06,566  INFO  [SectorAdjust/final_score_raw] cobertura umbral: >=0.50=47.9% | >=0.55=39.8% | >=0.60=34.1%
2026-04-23 18:57:06,578  INFO  [SectorAdjust/sector_score] n=455 | min=0.0888 q10=0.2390 q25=0.2875 mean=0.3773 q50=0.3141 q75=0.4465 q90=0.5768 max=0.8627
2026-04-23 18:57:06,578  INFO  [SectorAdjust/sector_score] cobertura umbral: >=0.50=16.0% | >=0.55=15.4% | >=0.60=6.4%
2026-04-23 18:57:06,583  INFO  [SectorAdjust/sector_confidence] n=455 | min=0.3162 q10=0.7746 q25=1.0000 mean=0.9515 q50=1.0000 q75=1.0000 q90=1.0000 max=1.0000
2026-04-23 18:57:06,583  INFO  [SectorAdjust/sector_confidence] cobertura umbral: >=0.50=97.8% | >=0.55=97.1% | >=0.60=97.1%
2026-04-23 18:57:06,593  INFO  [SectorAdjust/sector_tilt] n=455 | min=-0.0707 q10=-0.0641 q25=-0.0531 mean=-0.0293 q50=-0.0445 q75=-0.0134 q90=0.0177 max=0.0717
2026-04-23 18:57:06,593  INFO  [SectorAdjust/sector_tilt] cobertura umbral: >=0.50=0.0% | >=0.55=0.0% | >=0.60=0.0%
2026-04-23 18:57:06,600  INFO  [SectorAdjust/final_score_adjusted] n=455 | min=0.0853 q10=0.1922 q25=0.2930 mean=0.4609 q50=0.4558 q75=0.6228 q90=0.7386 max=0.8787
2026-04-23 18:57:06,600  INFO  [SectorAdjust/final_score_adjusted] cobertura umbral: >=0.50=44.0% | >=0.55=37.1% | >=0.60=29.5%
2026-04-23 18:57:06,600  INFO  [RiskDiag] bear_risk>=hard_threshold(0.90): 0/455 (0.0%)
2026-04-23 18:57:06,607  INFO  [Fold 2025Q4] 3/3 — Predicciones listas. Scores en rango [0.085, 0.879]
2026-04-23 18:57:06,673  INFO  [FeatureUsage] Reporte fold 2025Q4 -> feature_usage_report.csv
2026-04-23 18:57:08,590  INFO  [Visualizer] Distribucion scores -> score_distribution_2025Q4.png
2026-04-23 18:59:20,907  INFO  [Backtester] 2025Q4: 258 tickers superaron umbral 0.00 → selecting target=8, final=8 (min=4, sector_cap=3)
2026-04-23 18:59:20,907  INFO  [Backtester] 2025Q4: precios parciales 2026-02-14 -> 2026-04-02 (teorico hasta 2026-05-14)
2026-04-23 18:59:21,004  INFO  [Backtester] 2025Q4: optimizer=hrp pre-entry trailing window applied
2026-04-23 18:59:21,021  INFO  [Backtester] 2025Q4 — cartera final (hrp+cap(0.15), 8 stocks):
2026-04-23 18:59:21,024  INFO      PAYC      peso=0.150  score=0.879  ret=+1.01%
2026-04-23 18:59:21,025  INFO      DXCM      peso=0.150  score=0.795  ret=-11.66%
2026-04-23 18:59:21,027  INFO      ALGN      peso=0.097  score=0.820  ret=-8.88%
2026-04-23 18:59:21,029  INFO      LUV       peso=0.150  score=0.815  ret=-30.70%
2026-04-23 18:59:21,031  INFO      LULU      peso=0.142  score=0.804  ret=-12.38%
2026-04-23 18:59:21,033  INFO      SNPS      peso=0.082  score=0.771  ret=-6.16%
2026-04-23 18:59:21,034  INFO      TPR       peso=0.150  score=0.729  ret=-8.22%
2026-04-23 18:59:21,034  INFO      TTD       peso=0.079  score=0.710  ret=-12.71%
2026-04-23 18:59:21,056  INFO  [Backtester] 2025Q4 — 8 stocks | Cartera=-11.42%  Benchmark=-3.81%  Alpha=-7.61%  Sharpe=-3.68
2026-04-23 19:00:20,817  WARNING  [2025Q4] Source audit detected 1449 incidents (diagnostic-only).
2026-04-23 19:00:21,803  INFO  [Visualizer] Rendimiento 2025Q4 -> performance.png
2026-04-23 19:00:23,310  INFO  [FoldReport] Fold 2025Q4: scores for 455 tickers saved → scores.csv
2026-04-23 19:00:24,477  INFO  [FoldReport] Snapshot audit 2025Q4: 455 tickers → ticker_snapshot_audit.csv
2026-04-23 19:00:28,380  INFO  [FoldReport] Agent-feature audit 2025Q4: 97370 rows → ticker_agent_feature_audit.csv
2026-04-23 19:00:28,875  INFO  [Visualizer] Feature importances -> feat_imp_fundamental_2025Q4.png
2026-04-23 19:00:29,535  INFO  [Visualizer] Feature importances -> feat_imp_valuation_2025Q4.png
2026-04-23 19:00:30,143  INFO  [Visualizer] Feature importances -> feat_imp_momentum_2025Q4.png
2026-04-23 19:00:30,630  INFO  [Visualizer] Feature importances -> feat_imp_bear_2025Q4.png
2026-04-23 19:00:30,967  INFO  [Visualizer] Feature importances -> feat_imp_sector_rotation_2025Q4.png
2026-04-23 19:00:31,289  INFO  [Explainer] Fold 2025Q4: explicaciones de 60 tickers -> ticker_explanations.csv y ticker_explanations.json
2026-04-23 19:00:31,312  INFO  =================================================================
2026-04-23 19:00:31,312  INFO    RESUMEN WALK-FORWARD BACKTEST
2026-04-23 19:00:31,312  INFO    Folds completados : 5
2026-04-23 19:00:31,312  INFO    [5Y train]  n= 5 folds | ret=-1.34% | alpha=-2.77% | alpha>0=40% | Sharpe=-0.530
2026-04-23 19:00:31,321  INFO    Alpha medio       : -2.77%  (40% de folds positivos)
2026-04-23 19:00:31,321  INFO    Sharpe Estrategia : -0.263
2026-04-23 19:00:31,321  INFO    Sharpe Benchmark  : 0.193
2026-04-23 19:00:31,321  INFO    Max Drawdown      : -26.14%
2026-04-23 19:00:31,321  INFO  =================================================================
2026-04-23 19:00:31,336  INFO  [Backtester] Folds results CSV -> results\quarterly_2024Q4_2025Q4\strategy\folds_results.csv
2026-04-23 19:00:32,938  INFO  [Backtester] Folds results plot -> results\quarterly_2024Q4_2025Q4\strategy\folds_results.png
2026-04-23 19:00:36,066  INFO  [Visualizer] Reporte completo -> results\quarterly_2024Q4_2025Q4\strategy\full_report.png
2026-04-23 19:00:36,212  WARNING  [Benchmark USD] Salida truncada por falta de datos: requested=2026-05-14, used=2026-04-02
2026-04-23 19:06:08,902  INFO  [PortfolioSize] Running portfolio size alpha analysis (1..20 stocks)
2026-04-23 19:06:12,826  INFO  [PortfolioSize] CSV matrix saved to results\quarterly_2024Q4_2025Q4\strategy\portfolio_size_alpha_vs_benchmark.csv
2026-04-23 19:06:14,450  INFO  [PortfolioSize] Heatmap saved to results\quarterly_2024Q4_2025Q4\strategy\portfolio_size_alpha_heatmap.png
2026-04-23 19:06:14,462  INFO  [PortfolioSize] Summary saved to results\quarterly_2024Q4_2025Q4\strategy\portfolio_size_alpha_summary.csv
2026-04-23 19:06:14,505  INFO  
============================================================
2026-04-23 19:06:14,507  INFO    PIPELINE COMPLETED
2026-04-23 19:06:14,507  INFO  ============================================================
2026-04-23 19:06:14,507  INFO    Analyzed tickers:     514
2026-04-23 19:06:14,508  INFO    Mean alpha:            -2.77%
2026-04-23 19:06:14,508  INFO    Folds with alpha > 0:  40%
2026-04-23 19:06:14,508  INFO    Sharpe Strategy:       -0.263
2026-04-23 19:06:14,509  INFO    Sharpe Benchmark:      0.193
2026-04-23 19:06:14,509  INFO    Max DD Strategy:       -26.14%
2026-04-23 19:06:14,510  INFO    Results in:           results\quarterly_2024Q4_2025Q4\general/
2026-04-23 19:06:14,510  INFO  ============================================================
