2026-05-06 23:54:35,504  INFO  ============================================================
2026-05-06 23:54:35,504  INFO    STARTING MULTI-AGENT ML STOCK PICKER PIPELINE
2026-05-06 23:54:35,504  INFO    Run: anchor_20260215_h12_n8 (v1)
2026-05-06 23:54:35,504  INFO  ============================================================
2026-05-06 23:54:35,504  INFO  Scheduled tests: reference_entry=2026-02-15 | holding=12 months | num_tests=8 | earliest_entry=2019-02-15
2026-05-06 23:54:35,564  INFO  Dynamic universe: 914 active candidates in [2007-02-15, 2027-02-15]
2026-05-06 23:54:35,564  INFO  ============================================================
2026-05-06 23:54:35,564  INFO    STEP 1 — DATA DOWNLOAD
2026-05-06 23:54:35,564  INFO    Tickers : 914 | Period: 2000-01-01 → 2026-05-06
2026-05-06 23:54:35,564  INFO    Destination : data_finnhub
2026-05-06 23:54:35,564  INFO  ============================================================
2026-05-06 23:54:35,588  INFO  ==================================================
2026-05-06 23:54:35,588  INFO    Finnhub + Yahoo Finance Downloader
2026-05-06 23:54:35,589  INFO    Tickers  : 914
2026-05-06 23:54:35,589  INFO    Periodo  : 2000-01-01 -> 2026-05-06
2026-05-06 23:54:35,591  INFO    Destino  : C:\Users\PC\Desktop\Documents\TFM\data_finnhub
2026-05-06 23:54:35,591  INFO    Optional endpoints: enabled
2026-05-06 23:54:35,591  INFO  ==================================================
2026-05-06 23:54:35,592  INFO  Descargando macro...
2026-05-06 23:54:35,593  INFO    _macro/sp500.json  skip
2026-05-06 23:54:36,855  INFO    Skip terminal prices (404/delisted): 127
2026-05-06 23:54:36,855  INFO    Skip tickers completos en registry: 636
2026-05-06 23:54:36,863  INFO    Skip tickers incompletos/parciales: 151
2026-05-06 23:54:36,863  INFO  Descargando 0 tickers...
2026-05-06 23:54:36,864  INFO  ==================================================
2026-05-06 23:54:36,864  INFO    DESCARGA COMPLETADA
2026-05-06 23:54:36,864  INFO    Completos  : 0
2026-05-06 23:54:36,864  INFO    Parciales  : 0
2026-05-06 23:54:36,864  INFO    No data  : 0
2026-05-06 23:54:36,864  INFO  ==================================================
2026-05-06 23:54:36,864  INFO    Download completed. Proceeding to consolidation...
2026-05-06 23:54:36,864  INFO  ============================================================
2026-05-06 23:54:36,871  INFO    STEP 2 — DATA CONSOLIDATION
2026-05-06 23:54:36,871  INFO    Normalising and merging Finnhub files for 914 tickers...
2026-05-06 23:54:36,871  INFO  ============================================================
2026-05-06 23:54:37,055  WARNING  [AABA] No data SEC — skip
2026-05-06 23:54:38,063  WARNING  [ABI] No data SEC — skip
2026-05-06 23:54:38,063  WARNING  [ABKFQ] No data SEC — skip
2026-05-06 23:54:38,557  WARNING  [ACAS] No data SEC — skip
2026-05-06 23:54:38,945  WARNING  [ACS] No data SEC — skip
2026-05-06 23:54:42,117  WARNING  [AKS] No data SEC — skip
2026-05-06 23:54:44,794  WARNING  [ANDV] No data SEC — skip
2026-05-06 23:54:45,142  WARNING  [ANRZQ] No data SEC — skip
2026-05-06 23:54:45,948  WARNING  [APCC] No data SEC — skip
2026-05-06 23:54:47,407  WARNING  [ASN] No data SEC — skip
2026-05-06 23:54:47,407  WARNING  [AT] No data SEC — skip
2026-05-06 23:54:47,407  WARNING  [ATGE] No data SEC — skip
2026-05-06 23:54:47,936  WARNING  [AV] No data SEC — skip
2026-05-06 23:54:48,263  WARNING  [AVP] No data SEC — skip
2026-05-06 23:54:48,502  WARNING  [AW] No data SEC — skip
2026-05-06 23:54:49,108  WARNING  [AYE] No data SEC — skip
2026-05-06 23:54:51,080  WARNING  [BDK] No data SEC — skip
2026-05-06 23:54:52,079  WARNING  [BIG] No data SEC — skip
2026-05-06 23:54:52,454  WARNING  [BJS] No data SEC — skip
2026-05-06 23:54:53,945  WARNING  [BOL] No data SEC — skip
2026-05-06 23:54:54,369  WARNING  [BRL] No data SEC — skip
2026-05-06 23:54:54,572  WARNING  [BSC] No data SEC — skip
2026-05-06 23:54:54,747  WARNING  [BTUUQ] No data SEC — skip
2026-05-06 23:54:54,797  WARNING  [BUD] No data SEC — skip
2026-05-06 23:54:55,141  WARNING  [BXLT] No data SEC — skip
2026-05-06 23:54:56,567  WARNING  [CBH] No data SEC — skip
2026-05-06 23:54:56,924  WARNING  [CBS] No data SEC — skip
2026-05-06 23:54:56,957  WARNING  [CBSS] No data SEC — skip
2026-05-06 23:54:57,030  WARNING  [CCEP] No data SEC — skip
2026-05-06 23:54:57,369  WARNING  [CCTYQ] No data SEC — skip
2026-05-06 23:54:57,413  WARNING  [CCU] No data SEC — skip
2026-05-06 23:54:58,172  WARNING  [CEPH] No data SEC — skip
2026-05-06 23:54:58,458  WARNING  [CFC] No data SEC — skip
2026-05-06 23:54:59,833  WARNING  [CITGQ] No data SEC — skip
2026-05-06 23:55:00,681  WARNING  [CMCSK] No data SEC — skip
2026-05-06 23:55:01,403  WARNING  [CMX] No data SEC — skip
2026-05-06 23:55:03,511  WARNING  [CPGX] No data SEC — skip
2026-05-06 23:55:05,013  WARNING  [CSRA] No data SEC — skip
2026-05-06 23:55:05,978  WARNING  [CTX] No data SEC — skip
2026-05-06 23:55:07,888  WARNING  [DDR] No data SEC — skip
2026-05-06 23:55:08,526  WARNING  [DF] No data SEC — skip
2026-05-06 23:55:09,545  WARNING  [DISCK] No data SEC — skip
2026-05-06 23:55:09,725  WARNING  [DJ] No data SEC — skip
2026-05-06 23:55:10,215  WARNING  [DNR] No data SEC — skip
2026-05-06 23:55:12,205  WARNING  [DWDP] No data SEC — skip
2026-05-06 23:55:13,418  WARNING  [EDS] No data SEC — skip
2026-05-06 23:55:13,873  WARNING  [EKDKQ] No data SEC — skip
2026-05-06 23:55:16,717  WARNING  [ESV] No data SEC — skip
2026-05-06 23:55:17,323  WARNING  [EVHC] No data SEC — skip
2026-05-06 23:55:19,178  WARNING  [FB] No data SEC — skip
2026-05-06 23:55:19,617  WARNING  [FDC] No data SEC — skip
2026-05-06 23:55:20,868  WARNING  [FII] No data SEC — skip
2026-05-06 23:55:23,182  WARNING  [FRC] No data SEC — skip
2026-05-06 23:55:23,323  WARNING  [FRX] No data SEC — skip
2026-05-06 23:55:23,812  WARNING  [FTR] No data SEC — skip
2026-05-06 23:55:24,687  WARNING  [GENZ] No data SEC — skip
2026-05-06 23:55:24,771  WARNING  [GGP] No data SEC — skip
2026-05-06 23:55:28,999  WARNING  [HCR] No data SEC — skip
2026-05-06 23:55:29,983  WARNING  [HMA] No data SEC — skip
2026-05-06 23:55:30,924  WARNING  [HPC] No data SEC — skip
2026-05-06 23:55:31,553  WARNING  [HRS] No data SEC — skip
2026-05-06 23:55:33,807  WARNING  [IGT] No data SEC — skip
2026-05-06 23:55:36,744  WARNING  [JAVA] No data SEC — skip
2026-05-06 23:55:37,252  WARNING  [JCP] No data SEC — skip
2026-05-06 23:55:38,767  WARNING  [KATE] No data SEC — skip
2026-05-06 23:55:40,899  WARNING  [KORS] No data SEC — skip
2026-05-06 23:55:41,146  WARNING  [KSE] No data SEC — skip
2026-05-06 23:55:42,103  WARNING  [LEHMQ] No data SEC — skip
2026-05-06 23:55:43,568  WARNING  [LM] No data SEC — skip
2026-05-06 23:55:44,481  WARNING  [LSI] No data SEC — skip
2026-05-06 23:55:48,025  WARNING  [MDP] No data SEC — skip
2026-05-06 23:55:48,222  WARNING  [MEDI] No data SEC — skip
2026-05-06 23:55:48,302  WARNING  [MEL] No data SEC — skip
2026-05-06 23:55:48,759  WARNING  [MFE] No data SEC — skip
2026-05-06 23:55:49,161  WARNING  [MI] No data SEC — skip
2026-05-06 23:55:49,201  WARNING  [MIL] No data SEC — skip
2026-05-06 23:55:51,850  WARNING  [MRSH] No data SEC — skip
2026-05-06 23:55:54,628  WARNING  [NCC] No data SEC — skip
2026-05-06 23:55:54,772  WARNING  [NCR] No data SEC — skip
2026-05-06 23:55:56,915  WARNING  [NOVL] No data SEC — skip
2026-05-06 23:55:59,443  WARNING  [ODP] No data SEC — skip
2026-05-06 23:56:01,636  WARNING  [PBG] No data SEC — skip
2026-05-06 23:56:03,942  WARNING  [PGL] No data SEC — skip
2026-05-06 23:56:07,833  WARNING  [PTV] No data SEC — skip
2026-05-06 23:56:09,537  WARNING  [RDC] No data SEC — skip
2026-05-06 23:56:11,058  WARNING  [ROH] No data SEC — skip
2026-05-06 23:56:11,862  WARNING  [RRD] No data SEC — skip
2026-05-06 23:56:12,054  WARNING  [RSHCQ] No data SEC — skip
2026-05-06 23:56:12,428  WARNING  [RX] No data SEC — skip
2026-05-06 23:56:12,563  WARNING  [SAF] No data SEC — skip
2026-05-06 23:56:12,935  WARNING  [SBNY] No data SEC — skip
2026-05-06 23:56:13,876  WARNING  [SHLD] No data SEC — skip
2026-05-06 23:56:14,326  WARNING  [SII] No data SEC — skip
2026-05-06 23:56:15,256  WARNING  [SLR] No data SEC — skip
2026-05-06 23:56:15,923  WARNING  [SNV] No data SEC — skip
2026-05-06 23:56:17,905  WARNING  [STR] No data SEC — skip
2026-05-06 23:56:18,557  WARNING  [SUNEQ] No data SEC — skip
2026-05-06 23:56:19,560  WARNING  [SYMC] No data SEC — skip
2026-05-06 23:56:20,945  WARNING  [TEK] No data SEC — skip
2026-05-06 23:56:22,906  WARNING  [TMK] No data SEC — skip
2026-05-06 23:56:23,541  WARNING  [TRB] No data SEC — skip
2026-05-06 23:56:24,542  WARNING  [TSG] No data SEC — skip
2026-05-06 23:56:25,983  WARNING  [TXU] No data SEC — skip
2026-05-06 23:56:26,143  WARNING  [UA] No data SEC — skip
2026-05-06 23:56:28,517  WARNING  [UST] No data SEC — skip
2026-05-06 23:56:28,524  WARNING  [UTX] No data SEC — skip
2026-05-06 23:56:28,557  WARNING  [UVN] No data SEC — skip
2026-05-06 23:56:31,350  WARNING  [WAMUQ] No data SEC — skip
2026-05-06 23:56:31,560  WARNING  [WB] No data SEC — skip
2026-05-06 23:56:33,081  WARNING  [WFT] No data SEC — skip
2026-05-06 23:56:33,350  WARNING  [WLTW] No data SEC — skip
2026-05-06 23:56:33,855  WARNING  [WPX] No data SEC — skip
2026-05-06 23:56:34,805  WARNING  [WWY] No data SEC — skip
2026-05-06 23:56:35,007  WARNING  [WYE] No data SEC — skip
2026-05-06 23:56:35,007  WARNING  [WYND] No data SEC — skip
2026-05-06 23:56:35,191  WARNING  [X] No data SEC — skip
2026-05-06 23:56:36,080  WARNING  [XTO] No data SEC — skip
2026-05-06 23:56:37,135  INFO  FinnhubConsolidator: ok=797, fail=117
2026-05-06 23:56:37,135  INFO    Consolidation completed.
2026-05-06 23:56:37,155  INFO  Final dynamic universe: 914 selected tickers (candidates=914, top_n=False)
2026-05-06 23:56:37,555  INFO  [build_companies_df] 670 empresas — 37 sectores
2026-05-06 23:56:37,665  INFO    Tickers without complete data: 247 (missing prices or consolidated)
2026-05-06 23:56:37,665  INFO    Tickers ready for pipeline: 667 / 914
2026-05-06 23:56:37,828  INFO  Master dataset loaded from disk (32709 observations)
2026-05-06 23:56:37,828  INFO  Master dataset: 32709 observations - 667 tickers
2026-05-06 23:58:18,087  INFO  [WalkForward] Dynamic train window enabled: max=144M -> min=96M (step=12M) | minimum test=75%
2026-05-06 23:58:18,090  INFO  [WalkForward] Scheduled 8 tests from anchor 2026-02-15 (holding=12M)
2026-05-06 23:58:18,109  INFO  [WalkForward] Dynamic SP500 membership loaded: 1246 rows (C:\Users\PC\Desktop\Documents\TFM\data_finnhub\sp500_historic.csv)
2026-05-06 23:58:18,118  INFO  [T01_20190215] SP500 dynamic @entry 2019-02-15: 506 active members
2026-05-06 23:58:18,456  INFO  [T01_20190215] Cobertura test pre-filtro: 530 tickers con snapshot/relleno
2026-05-06 23:58:18,456  INFO  [T01_20190215] Filtro SP500 @entry: 530 -> 425 tickers (excluidos por no ser miembro activo: 105)
2026-05-06 23:58:18,456  INFO  [T01_20190215]   No miembro SP500 @entry (muestra): ACGL, AET, ARES, AXON, BALL, BBWI, BG, BIO, BKR, BLDR, BRO, BX
2026-05-06 23:58:18,456  INFO  [T01_20190215]   Miembros SP500 sin snapshot usable en quarter (muestra): ABC, ABMD, ADS, AGN, ALXN, ANSS, ANTM, APC, ARNC, ATVI, BBT, BHGE
2026-05-06 23:58:18,789  INFO  [T01_20190215] Universo base fold (SP500 @entry): 506 tickers
2026-05-06 23:58:18,789  INFO  [T01_20190215]   Fuera del universo base @entry (muestra): ABNB, ACGL, AET, AMCR, AMTM, APO, APP, ARES, AXON, BALL, BBWI, BG
2026-05-06 23:58:18,791  INFO  [T01_20190215]   Excluidos por historial insuficiente (<144M train): 425 | muestra: A, AAL, AAP, AAPL, ABBV, ABT, ACN, ADBE, ADI, ADM, ADP, ADSK
2026-05-06 23:58:18,793  INFO  [T01_20190215] Intento train=144M -> test elegible 0/506 (0.0%) | min requerido=380
2026-05-06 23:58:19,097  INFO  [T01_20190215] Cobertura test pre-filtro: 530 tickers con snapshot/relleno
2026-05-06 23:58:19,097  INFO  [T01_20190215] Filtro SP500 @entry: 530 -> 425 tickers (excluidos por no ser miembro activo: 105)
2026-05-06 23:58:19,097  INFO  [T01_20190215]   No miembro SP500 @entry (muestra): ACGL, AET, ARES, AXON, BALL, BBWI, BG, BIO, BKR, BLDR, BRO, BX
2026-05-06 23:58:19,097  INFO  [T01_20190215]   Miembros SP500 sin snapshot usable en quarter (muestra): ABC, ABMD, ADS, AGN, ALXN, ANSS, ANTM, APC, ARNC, ATVI, BBT, BHGE
2026-05-06 23:58:19,456  INFO  [T01_20190215] Universo base fold (SP500 @entry): 506 tickers
2026-05-06 23:58:19,456  INFO  [T01_20190215]   Fuera del universo base @entry (muestra): ABNB, ACGL, AET, AMCR, AMTM, APO, APP, ARES, AXON, BALL, BBWI, BG
2026-05-06 23:58:19,456  INFO  [T01_20190215]   Excluidos por historial insuficiente (<132M train): 425 | muestra: A, AAL, AAP, AAPL, ABBV, ABT, ACN, ADBE, ADI, ADM, ADP, ADSK
2026-05-06 23:58:19,456  INFO  [T01_20190215] Intento train=132M -> test elegible 0/506 (0.0%) | min requerido=380
2026-05-06 23:58:19,799  INFO  [T01_20190215] Cobertura test pre-filtro: 530 tickers con snapshot/relleno
2026-05-06 23:58:19,799  INFO  [T01_20190215] Filtro SP500 @entry: 530 -> 425 tickers (excluidos por no ser miembro activo: 105)
2026-05-06 23:58:19,799  INFO  [T01_20190215]   No miembro SP500 @entry (muestra): ACGL, AET, ARES, AXON, BALL, BBWI, BG, BIO, BKR, BLDR, BRO, BX
2026-05-06 23:58:19,799  INFO  [T01_20190215]   Miembros SP500 sin snapshot usable en quarter (muestra): ABC, ABMD, ADS, AGN, ALXN, ANSS, ANTM, APC, ARNC, ATVI, BBT, BHGE
2026-05-06 23:58:20,137  INFO  [T01_20190215] Universo base fold (SP500 @entry): 506 tickers
2026-05-06 23:58:20,137  INFO  [T01_20190215]   Fuera del universo base @entry (muestra): ABNB, ACGL, AET, AMCR, AMTM, APO, APP, ARES, AXON, BALL, BBWI, BG
2026-05-06 23:58:20,141  INFO  [T01_20190215]   Excluidos por historial insuficiente (<120M train): 425 | muestra: A, AAL, AAP, AAPL, ABBV, ABT, ACN, ADBE, ADI, ADM, ADP, ADSK
2026-05-06 23:58:20,141  INFO  [T01_20190215] Intento train=120M -> test elegible 0/506 (0.0%) | min requerido=380
2026-05-06 23:58:20,452  INFO  [T01_20190215] Cobertura test pre-filtro: 530 tickers con snapshot/relleno
2026-05-06 23:58:20,452  INFO  [T01_20190215] Filtro SP500 @entry: 530 -> 425 tickers (excluidos por no ser miembro activo: 105)
2026-05-06 23:58:20,452  INFO  [T01_20190215]   No miembro SP500 @entry (muestra): ACGL, AET, ARES, AXON, BALL, BBWI, BG, BIO, BKR, BLDR, BRO, BX
2026-05-06 23:58:20,452  INFO  [T01_20190215]   Miembros SP500 sin snapshot usable en quarter (muestra): ABC, ABMD, ADS, AGN, ALXN, ANSS, ANTM, APC, ARNC, ATVI, BBT, BHGE
2026-05-06 23:58:20,821  INFO  [T01_20190215] Universo base fold (SP500 @entry): 506 tickers
2026-05-06 23:58:20,821  INFO  [T01_20190215]   Fuera del universo base @entry (muestra): ABNB, ACGL, AET, AMCR, AMTM, APO, APP, ARES, AXON, BALL, BBWI, BG
2026-05-06 23:58:20,821  INFO  [T01_20190215]   Excluidos por historial insuficiente (<108M train): 418 | muestra: A, AAL, AAP, AAPL, ABBV, ABT, ACN, ADBE, ADI, ADM, ADP, ADSK
2026-05-06 23:58:20,821  INFO  [T01_20190215] Intento train=108M -> test elegible 7/506 (1.4%) | min requerido=380
2026-05-06 23:58:21,139  INFO  [T01_20190215] Cobertura test pre-filtro: 530 tickers con snapshot/relleno
2026-05-06 23:58:21,139  INFO  [T01_20190215] Filtro SP500 @entry: 530 -> 425 tickers (excluidos por no ser miembro activo: 105)
2026-05-06 23:58:21,139  INFO  [T01_20190215]   No miembro SP500 @entry (muestra): ACGL, AET, ARES, AXON, BALL, BBWI, BG, BIO, BKR, BLDR, BRO, BX
2026-05-06 23:58:21,139  INFO  [T01_20190215]   Miembros SP500 sin snapshot usable en quarter (muestra): ABC, ABMD, ADS, AGN, ALXN, ANSS, ANTM, APC, ARNC, ATVI, BBT, BHGE
2026-05-06 23:58:21,475  INFO  [T01_20190215] Universo base fold (SP500 @entry): 506 tickers
2026-05-06 23:58:21,475  INFO  [T01_20190215]   Fuera del universo base @entry (muestra): ABNB, ACGL, AET, AMCR, AMTM, APO, APP, ARES, AXON, BALL, BBWI, BG
2026-05-06 23:58:21,488  INFO  [T01_20190215]   Excluidos por historial insuficiente (<96M train): 57 | muestra: ABBV, ALLE, ANET, APA, APTV, AVGO, BHF, CBOE, CFG, CHTR, CI, COTY
2026-05-06 23:58:21,488  INFO  [T01_20190215] Intento train=96M -> test elegible 368/506 (72.7%) | min requerido=380
2026-05-06 23:58:21,508  INFO  [T01_20190215] Eligibility audit (8Y) -> ticker_eligibility_audit.csv
2026-05-06 23:58:21,508  INFO  [T01_20190215] Eligibility reason summary -> eligibility_reason_summary.csv
2026-05-06 23:58:21,508  WARNING  [T01_20190215] Minimum test coverage (75%) not reached even after reducing train to 8Y — fold skipped.
2026-05-06 23:58:21,524  INFO  [T02_20200215] SP500 dynamic @entry 2020-02-15: 505 active members
2026-05-06 23:58:21,524  INFO  [T02_20200215] Cambios vs fold previo (2019-02-15 -> 2020-02-15): +27 entran, -28 salen
2026-05-06 23:58:21,525  INFO  [T02_20200215]   Entran (muestra): AMCR, BKR, CDW, CTVA, DD, DOW, GL, IEX, J, LDOS, LHX, LVS
2026-05-06 23:58:21,525  INFO  [T02_20200215]   Salen  (muestra): AMG, APC, BBT, BHF, BHGE, CBS, CELG, DWDP, FL, FLR, GT, HCP
2026-05-06 23:58:21,791  INFO  [T02_20200215] Cobertura test pre-filtro: 539 tickers con snapshot/relleno
2026-05-06 23:58:21,791  INFO  [T02_20200215] Filtro SP500 @entry: 539 -> 440 tickers (excluidos por no ser miembro activo: 99)
2026-05-06 23:58:21,791  INFO  [T02_20200215]   No miembro SP500 @entry (muestra): ACGL, AET, AMG, ARES, AXON, BALL, BBWI, BG, BHF, BIO, BLDR, BRO
2026-05-06 23:58:21,791  INFO  [T02_20200215]   Miembros SP500 sin snapshot usable en quarter (muestra): ABC, ABMD, ADS, AGN, ALXN, ANSS, ANTM, ARNC, ATVI, BLL, CERN, CMA
2026-05-06 23:58:22,157  INFO  [T02_20200215] Universo base fold (SP500 @entry): 505 tickers
2026-05-06 23:58:22,157  INFO  [T02_20200215]   Fuera del universo base @entry (muestra): ABNB, ACGL, AET, AMG, AMTM, APO, APP, ARES, AXON, BALL, BBWI, BG
2026-05-06 23:58:22,165  INFO  [T02_20200215]   Excluidos por historial insuficiente (<144M train): 440 | muestra: A, AAL, AAP, AAPL, ABBV, ABT, ACN, ADBE, ADI, ADM, ADP, ADSK
2026-05-06 23:58:22,166  INFO  [T02_20200215] Intento train=144M -> test elegible 0/505 (0.0%) | min requerido=379
2026-05-06 23:58:22,427  INFO  [T02_20200215] Cobertura test pre-filtro: 539 tickers con snapshot/relleno
2026-05-06 23:58:22,427  INFO  [T02_20200215] Filtro SP500 @entry: 539 -> 440 tickers (excluidos por no ser miembro activo: 99)
2026-05-06 23:58:22,427  INFO  [T02_20200215]   No miembro SP500 @entry (muestra): ACGL, AET, AMG, ARES, AXON, BALL, BBWI, BG, BHF, BIO, BLDR, BRO
2026-05-06 23:58:22,437  INFO  [T02_20200215]   Miembros SP500 sin snapshot usable en quarter (muestra): ABC, ABMD, ADS, AGN, ALXN, ANSS, ANTM, ARNC, ATVI, BLL, CERN, CMA
2026-05-06 23:58:22,817  INFO  [T02_20200215] Universo base fold (SP500 @entry): 505 tickers
2026-05-06 23:58:22,817  INFO  [T02_20200215]   Fuera del universo base @entry (muestra): ABNB, ACGL, AET, AMG, AMTM, APO, APP, ARES, AXON, BALL, BBWI, BG
2026-05-06 23:58:22,825  INFO  [T02_20200215]   Excluidos por historial insuficiente (<132M train): 440 | muestra: A, AAL, AAP, AAPL, ABBV, ABT, ACN, ADBE, ADI, ADM, ADP, ADSK
2026-05-06 23:58:22,825  INFO  [T02_20200215] Intento train=132M -> test elegible 0/505 (0.0%) | min requerido=379
2026-05-06 23:58:23,094  INFO  [T02_20200215] Cobertura test pre-filtro: 539 tickers con snapshot/relleno
2026-05-06 23:58:23,094  INFO  [T02_20200215] Filtro SP500 @entry: 539 -> 440 tickers (excluidos por no ser miembro activo: 99)
2026-05-06 23:58:23,094  INFO  [T02_20200215]   No miembro SP500 @entry (muestra): ACGL, AET, AMG, ARES, AXON, BALL, BBWI, BG, BHF, BIO, BLDR, BRO
2026-05-06 23:58:23,097  INFO  [T02_20200215]   Miembros SP500 sin snapshot usable en quarter (muestra): ABC, ABMD, ADS, AGN, ALXN, ANSS, ANTM, ARNC, ATVI, BLL, CERN, CMA
2026-05-06 23:58:23,464  INFO  [T02_20200215] Universo base fold (SP500 @entry): 505 tickers
2026-05-06 23:58:23,464  INFO  [T02_20200215]   Fuera del universo base @entry (muestra): ABNB, ACGL, AET, AMG, AMTM, APO, APP, ARES, AXON, BALL, BBWI, BG
2026-05-06 23:58:23,468  INFO  [T02_20200215]   Excluidos por historial insuficiente (<120M train): 433 | muestra: A, AAL, AAP, AAPL, ABBV, ABT, ACN, ADBE, ADI, ADM, ADP, ADSK
2026-05-06 23:58:23,469  INFO  [T02_20200215] Intento train=120M -> test elegible 7/505 (1.4%) | min requerido=379
2026-05-06 23:58:23,742  INFO  [T02_20200215] Cobertura test pre-filtro: 539 tickers con snapshot/relleno
2026-05-06 23:58:23,743  INFO  [T02_20200215] Filtro SP500 @entry: 539 -> 440 tickers (excluidos por no ser miembro activo: 99)
2026-05-06 23:58:23,743  INFO  [T02_20200215]   No miembro SP500 @entry (muestra): ACGL, AET, AMG, ARES, AXON, BALL, BBWI, BG, BHF, BIO, BLDR, BRO
2026-05-06 23:58:23,744  INFO  [T02_20200215]   Miembros SP500 sin snapshot usable en quarter (muestra): ABC, ABMD, ADS, AGN, ALXN, ANSS, ANTM, ARNC, ATVI, BLL, CERN, CMA
2026-05-06 23:58:24,135  INFO  [T02_20200215] Universo base fold (SP500 @entry): 505 tickers
2026-05-06 23:58:24,135  INFO  [T02_20200215]   Fuera del universo base @entry (muestra): ABNB, ACGL, AET, AMG, AMTM, APO, APP, ARES, AXON, BALL, BBWI, BG
2026-05-06 23:58:24,135  INFO  [T02_20200215]   Excluidos por historial insuficiente (<108M train): 65 | muestra: ABBV, ALLE, AMCR, ANET, APA, APTV, AVGO, BKR, CBOE, CDW, CFG, CHTR
2026-05-06 23:58:24,141  INFO  [T02_20200215] Intento train=108M -> test elegible 375/505 (74.3%) | min requerido=379
2026-05-06 23:58:24,408  INFO  [T02_20200215] Cobertura test pre-filtro: 539 tickers con snapshot/relleno
2026-05-06 23:58:24,408  INFO  [T02_20200215] Filtro SP500 @entry: 539 -> 440 tickers (excluidos por no ser miembro activo: 99)
2026-05-06 23:58:24,408  INFO  [T02_20200215]   No miembro SP500 @entry (muestra): ACGL, AET, AMG, ARES, AXON, BALL, BBWI, BG, BHF, BIO, BLDR, BRO
2026-05-06 23:58:24,408  INFO  [T02_20200215]   Miembros SP500 sin snapshot usable en quarter (muestra): ABC, ABMD, ADS, AGN, ALXN, ANSS, ANTM, ARNC, ATVI, BLL, CERN, CMA
2026-05-06 23:58:24,739  INFO  [T02_20200215] Universo base fold (SP500 @entry): 505 tickers
2026-05-06 23:58:24,739  INFO  [T02_20200215]   Fuera del universo base @entry (muestra): ABNB, ACGL, AET, AMG, AMTM, APO, APP, ARES, AXON, BALL, BBWI, BG
2026-05-06 23:58:24,749  INFO  [T02_20200215]   Excluidos por historial insuficiente (<96M train): 36 | muestra: ABBV, ALLE, AMCR, ANET, APTV, CDW, CFG, COTY, CPRI, CTVA, DD, DOW
2026-05-06 23:58:24,750  INFO  [T02_20200215] Intento train=96M -> test elegible 404/505 (80.0%) | min requerido=379
2026-05-06 23:58:24,750  INFO  [T02_20200215] Ventana seleccionada: 96M (2012-02-15 -> 2020-02-15) | tickers elegibles=404
2026-05-06 23:58:24,777  INFO  [T02_20200215] Eligibility audit (8Y) -> ticker_eligibility_audit.csv
2026-05-06 23:58:24,777  INFO  [T02_20200215] Eligibility reason summary -> eligibility_reason_summary.csv
2026-05-06 23:58:24,778  INFO  
============================================================
2026-05-06 23:58:24,778  INFO    ANALYSIS T02_20200215
2026-05-06 23:58:24,779  INFO    Train : 2012-02-15 → 2020-02-15  (~8 years)
2026-05-06 23:58:24,779  INFO    Mode  : anchored-entry schedule
2026-05-06 23:58:24,779  INFO    Test  : snapshot simulado en 2020-02-15 (as-of exacto, sin lag)
2026-05-06 23:58:24,780  INFO  ============================================================
2026-05-06 23:58:24,781  INFO  [T02_20200215] Ventana real de precios: 2020-02-15 -> 2021-02-12 (251 dias)
2026-05-06 23:58:53,058  INFO  [TP/SL] Building adaptive labels for fold: train_rows=12928, test_rows=404, strategies=3
2026-05-06 23:58:53,058  INFO  [TP/SL] Strategy=conservative -> generating train adaptive targets...
2026-05-06 23:58:53,619  INFO  [TP/SL][conservative] Adaptive target pass start: rows=12928, lag_days=0, holding_months=12
2026-05-07 00:00:05,058  INFO  [TP/SL][conservative] progress: 646/12928 (5.0%) | TP=194 SL=192 NONE=260 | 71.4s elapsed (9.0 rows/s)
2026-05-07 00:01:16,688  INFO  [TP/SL][conservative] progress: 1292/12928 (10.0%) | TP=365 SL=388 NONE=539 | 143.1s elapsed (9.0 rows/s)
2026-05-07 00:02:26,714  INFO  [TP/SL][conservative] progress: 1938/12928 (15.0%) | TP=526 SL=598 NONE=814 | 213.1s elapsed (9.1 rows/s)
2026-05-07 00:03:37,743  INFO  [TP/SL][conservative] progress: 2584/12928 (20.0%) | TP=703 SL=813 NONE=1068 | 284.1s elapsed (9.1 rows/s)
2026-05-07 00:04:52,773  INFO  [TP/SL][conservative] progress: 3230/12928 (25.0%) | TP=888 SL=1027 NONE=1315 | 359.2s elapsed (9.0 rows/s)
2026-05-07 00:06:06,828  INFO  [TP/SL][conservative] progress: 3876/12928 (30.0%) | TP=1088 SL=1229 NONE=1559 | 433.2s elapsed (8.9 rows/s)
2026-05-07 00:07:22,861  INFO  [TP/SL][conservative] progress: 4522/12928 (35.0%) | TP=1293 SL=1453 NONE=1776 | 509.2s elapsed (8.9 rows/s)
2026-05-07 00:08:37,035  INFO  [TP/SL][conservative] progress: 5168/12928 (40.0%) | TP=1459 SL=1696 NONE=2013 | 583.4s elapsed (8.9 rows/s)
2026-05-07 00:09:53,737  INFO  [TP/SL][conservative] progress: 5814/12928 (45.0%) | TP=1604 SL=1935 NONE=2275 | 660.1s elapsed (8.8 rows/s)
2026-05-07 00:11:06,485  INFO  [TP/SL][conservative] progress: 6460/12928 (50.0%) | TP=1787 SL=2154 NONE=2519 | 732.9s elapsed (8.8 rows/s)
2026-05-07 00:12:21,930  INFO  [TP/SL][conservative] progress: 7106/12928 (55.0%) | TP=1966 SL=2374 NONE=2766 | 808.3s elapsed (8.8 rows/s)
2026-05-07 00:13:33,181  INFO  [TP/SL][conservative] progress: 7752/12928 (60.0%) | TP=2139 SL=2594 NONE=3019 | 879.6s elapsed (8.8 rows/s)
2026-05-07 00:14:44,167  INFO  [TP/SL][conservative] progress: 8398/12928 (65.0%) | TP=2312 SL=2805 NONE=3281 | 950.6s elapsed (8.8 rows/s)
2026-05-07 00:15:55,155  INFO  [TP/SL][conservative] progress: 9044/12928 (70.0%) | TP=2477 SL=3035 NONE=3532 | 1021.5s elapsed (8.9 rows/s)
2026-05-07 00:17:05,661  INFO  [TP/SL][conservative] progress: 9690/12928 (75.0%) | TP=2650 SL=3268 NONE=3772 | 1092.0s elapsed (8.9 rows/s)
2026-05-07 00:18:16,193  INFO  [TP/SL][conservative] progress: 10336/12928 (80.0%) | TP=2815 SL=3513 NONE=4008 | 1162.6s elapsed (8.9 rows/s)
2026-05-07 00:19:26,651  INFO  [TP/SL][conservative] progress: 10982/12928 (84.9%) | TP=2971 SL=3733 NONE=4278 | 1233.0s elapsed (8.9 rows/s)
2026-05-07 00:20:36,007  INFO  [TP/SL][conservative] progress: 11628/12928 (89.9%) | TP=3164 SL=3941 NONE=4523 | 1302.4s elapsed (8.9 rows/s)
2026-05-07 00:21:45,646  INFO  [TP/SL][conservative] progress: 12274/12928 (94.9%) | TP=3331 SL=4175 NONE=4768 | 1372.0s elapsed (8.9 rows/s)
2026-05-07 00:22:55,467  INFO  [TP/SL][conservative] progress: 12920/12928 (99.9%) | TP=3533 SL=4395 NONE=4992 | 1441.9s elapsed (9.0 rows/s)
2026-05-07 00:22:56,534  INFO  [TP/SL][conservative] progress: 12928/12928 (100.0%) | TP=3533 SL=4403 NONE=4992 | 1442.9s elapsed (9.0 rows/s)
2026-05-07 00:22:56,558  INFO  [TP/SL][conservative] pass complete: rows=12928 | TP=3533 SL=4403 NONE=4992 | 1442.9s total
2026-05-07 00:22:56,570  INFO  [TP/SL] Strategy=conservative -> generating test adaptive targets...
2026-05-07 00:22:57,087  INFO  [TP/SL][conservative] Adaptive target pass start: rows=404, lag_days=0, holding_months=12
2026-05-07 00:23:31,147  INFO  [TP/SL][conservative] progress: 250/404 (61.9%) | TP=50 SL=149 NONE=51 | 34.1s elapsed (7.3 rows/s)
2026-05-07 00:23:52,167  INFO  [TP/SL][conservative] progress: 404/404 (100.0%) | TP=79 SL=243 NONE=82 | 55.1s elapsed (7.3 rows/s)
2026-05-07 00:23:52,167  INFO  [TP/SL][conservative] pass complete: rows=404 | TP=79 SL=243 NONE=82 | 55.1s total
2026-05-07 00:23:52,180  INFO  [TP/SL] Strategy=conservative ready: utility=-0.0004, hit_rate=27.33%, train_labels=12928, test_labels=404 [1499.1s]
2026-05-07 00:23:52,180  INFO  [TP/SL] Strategy=balanced -> generating train adaptive targets...
2026-05-07 00:23:52,699  INFO  [TP/SL][balanced] Adaptive target pass start: rows=12928, lag_days=0, holding_months=12
2026-05-07 00:24:07,516  INFO  [TP/SL][balanced] progress: 646/12928 (5.0%) | TP=147 SL=176 NONE=323 | 14.8s elapsed (43.6 rows/s)
2026-05-07 00:24:22,135  INFO  [TP/SL][balanced] progress: 1292/12928 (10.0%) | TP=279 SL=363 NONE=650 | 29.4s elapsed (43.9 rows/s)
2026-05-07 00:24:36,778  INFO  [TP/SL][balanced] progress: 1938/12928 (15.0%) | TP=391 SL=561 NONE=986 | 44.1s elapsed (44.0 rows/s)
2026-05-07 00:24:51,012  INFO  [TP/SL][balanced] progress: 2584/12928 (20.0%) | TP=510 SL=775 NONE=1299 | 58.3s elapsed (44.3 rows/s)
2026-05-07 00:25:05,686  INFO  [TP/SL][balanced] progress: 3230/12928 (25.0%) | TP=658 SL=967 NONE=1605 | 73.0s elapsed (44.3 rows/s)
2026-05-07 00:25:20,163  INFO  [TP/SL][balanced] progress: 3876/12928 (30.0%) | TP=808 SL=1149 NONE=1919 | 87.5s elapsed (44.3 rows/s)
2026-05-07 00:25:34,859  INFO  [TP/SL][balanced] progress: 4522/12928 (35.0%) | TP=953 SL=1357 NONE=2212 | 102.2s elapsed (44.3 rows/s)
2026-05-07 00:25:49,348  INFO  [TP/SL][balanced] progress: 5168/12928 (40.0%) | TP=1068 SL=1569 NONE=2531 | 116.6s elapsed (44.3 rows/s)
2026-05-07 00:26:03,834  INFO  [TP/SL][balanced] progress: 5814/12928 (45.0%) | TP=1158 SL=1807 NONE=2849 | 131.1s elapsed (44.3 rows/s)
2026-05-07 00:26:18,473  INFO  [TP/SL][balanced] progress: 6460/12928 (50.0%) | TP=1296 SL=2004 NONE=3160 | 145.8s elapsed (44.3 rows/s)
2026-05-07 00:26:33,070  INFO  [TP/SL][balanced] progress: 7106/12928 (55.0%) | TP=1431 SL=2219 NONE=3456 | 160.4s elapsed (44.3 rows/s)
2026-05-07 00:26:47,426  INFO  [TP/SL][balanced] progress: 7752/12928 (60.0%) | TP=1548 SL=2428 NONE=3776 | 174.7s elapsed (44.4 rows/s)
2026-05-07 00:27:01,776  INFO  [TP/SL][balanced] progress: 8398/12928 (65.0%) | TP=1684 SL=2627 NONE=4087 | 189.1s elapsed (44.4 rows/s)
2026-05-07 00:27:16,686  INFO  [TP/SL][balanced] progress: 9044/12928 (70.0%) | TP=1815 SL=2841 NONE=4388 | 204.0s elapsed (44.3 rows/s)
2026-05-07 00:27:31,353  INFO  [TP/SL][balanced] progress: 9690/12928 (75.0%) | TP=1936 SL=3060 NONE=4694 | 218.7s elapsed (44.3 rows/s)
2026-05-07 00:27:46,364  INFO  [TP/SL][balanced] progress: 10336/12928 (80.0%) | TP=2052 SL=3290 NONE=4994 | 233.7s elapsed (44.2 rows/s)
2026-05-07 00:28:01,358  INFO  [TP/SL][balanced] progress: 10982/12928 (84.9%) | TP=2171 SL=3502 NONE=5309 | 248.7s elapsed (44.2 rows/s)
2026-05-07 00:28:15,847  INFO  [TP/SL][balanced] progress: 11628/12928 (89.9%) | TP=2310 SL=3689 NONE=5629 | 263.1s elapsed (44.2 rows/s)
2026-05-07 00:28:30,218  INFO  [TP/SL][balanced] progress: 12274/12928 (94.9%) | TP=2437 SL=3909 NONE=5928 | 277.5s elapsed (44.2 rows/s)
2026-05-07 00:28:44,785  INFO  [TP/SL][balanced] progress: 12920/12928 (99.9%) | TP=2583 SL=4104 NONE=6233 | 292.1s elapsed (44.2 rows/s)
2026-05-07 00:28:44,968  INFO  [TP/SL][balanced] progress: 12928/12928 (100.0%) | TP=2583 SL=4112 NONE=6233 | 292.3s elapsed (44.2 rows/s)
2026-05-07 00:28:44,992  INFO  [TP/SL][balanced] pass complete: rows=12928 | TP=2583 SL=4112 NONE=6233 | 292.3s total
2026-05-07 00:28:45,002  INFO  [TP/SL] Strategy=balanced -> generating test adaptive targets...
2026-05-07 00:28:45,516  INFO  [TP/SL][balanced] Adaptive target pass start: rows=404, lag_days=0, holding_months=12
2026-05-07 00:28:51,235  INFO  [TP/SL][balanced] progress: 250/404 (61.9%) | TP=39 SL=135 NONE=76 | 5.7s elapsed (43.7 rows/s)
2026-05-07 00:28:54,796  INFO  [TP/SL][balanced] progress: 404/404 (100.0%) | TP=61 SL=223 NONE=120 | 9.3s elapsed (43.5 rows/s)
2026-05-07 00:28:54,796  INFO  [TP/SL][balanced] pass complete: rows=404 | TP=61 SL=223 NONE=120 | 9.3s total
2026-05-07 00:28:54,812  INFO  [TP/SL] Strategy=balanced ready: utility=-0.0330, hit_rate=19.98%, train_labels=12928, test_labels=404 [302.6s]
2026-05-07 00:28:54,812  INFO  [TP/SL] Strategy=aggressive -> generating train adaptive targets...
2026-05-07 00:28:55,339  INFO  [TP/SL][aggressive] Adaptive target pass start: rows=12928, lag_days=0, holding_months=12
2026-05-07 00:29:10,290  INFO  [TP/SL][aggressive] progress: 646/12928 (5.0%) | TP=117 SL=141 NONE=388 | 15.0s elapsed (43.2 rows/s)
2026-05-07 00:29:25,129  INFO  [TP/SL][aggressive] progress: 1292/12928 (10.0%) | TP=226 SL=301 NONE=765 | 29.8s elapsed (43.4 rows/s)
2026-05-07 00:29:39,948  INFO  [TP/SL][aggressive] progress: 1938/12928 (15.0%) | TP=320 SL=475 NONE=1143 | 44.6s elapsed (43.4 rows/s)
2026-05-07 00:29:54,158  INFO  [TP/SL][aggressive] progress: 2584/12928 (20.0%) | TP=415 SL=662 NONE=1507 | 58.8s elapsed (43.9 rows/s)
2026-05-07 00:30:08,973  INFO  [TP/SL][aggressive] progress: 3230/12928 (25.0%) | TP=534 SL=818 NONE=1878 | 73.6s elapsed (43.9 rows/s)
2026-05-07 00:30:23,634  INFO  [TP/SL][aggressive] progress: 3876/12928 (30.0%) | TP=647 SL=973 NONE=2256 | 88.3s elapsed (43.9 rows/s)
2026-05-07 00:30:38,542  INFO  [TP/SL][aggressive] progress: 4522/12928 (35.0%) | TP=753 SL=1150 NONE=2619 | 103.2s elapsed (43.8 rows/s)
2026-05-07 00:30:53,027  INFO  [TP/SL][aggressive] progress: 5168/12928 (40.0%) | TP=834 SL=1327 NONE=3007 | 117.7s elapsed (43.9 rows/s)
2026-05-07 00:31:07,754  INFO  [TP/SL][aggressive] progress: 5814/12928 (45.0%) | TP=909 SL=1518 NONE=3387 | 132.4s elapsed (43.9 rows/s)
2026-05-07 00:31:22,429  INFO  [TP/SL][aggressive] progress: 6460/12928 (50.0%) | TP=1019 SL=1688 NONE=3753 | 147.1s elapsed (43.9 rows/s)
2026-05-07 00:31:37,130  INFO  [TP/SL][aggressive] progress: 7106/12928 (55.0%) | TP=1119 SL=1869 NONE=4118 | 161.8s elapsed (43.9 rows/s)
2026-05-07 00:31:51,525  INFO  [TP/SL][aggressive] progress: 7752/12928 (60.0%) | TP=1216 SL=2041 NONE=4495 | 176.2s elapsed (44.0 rows/s)
2026-05-07 00:32:05,990  INFO  [TP/SL][aggressive] progress: 8398/12928 (65.0%) | TP=1332 SL=2216 NONE=4850 | 190.7s elapsed (44.0 rows/s)
2026-05-07 00:32:20,975  INFO  [TP/SL][aggressive] progress: 9044/12928 (70.0%) | TP=1444 SL=2401 NONE=5199 | 205.6s elapsed (44.0 rows/s)
2026-05-07 00:32:35,741  INFO  [TP/SL][aggressive] progress: 9690/12928 (75.0%) | TP=1535 SL=2583 NONE=5572 | 220.4s elapsed (44.0 rows/s)
2026-05-07 00:32:50,908  INFO  [TP/SL][aggressive] progress: 10336/12928 (80.0%) | TP=1625 SL=2767 NONE=5944 | 235.6s elapsed (43.9 rows/s)
2026-05-07 00:33:05,843  INFO  [TP/SL][aggressive] progress: 10982/12928 (84.9%) | TP=1716 SL=2955 NONE=6311 | 250.5s elapsed (43.8 rows/s)
2026-05-07 00:33:20,192  INFO  [TP/SL][aggressive] progress: 11628/12928 (89.9%) | TP=1824 SL=3115 NONE=6689 | 264.9s elapsed (43.9 rows/s)
2026-05-07 00:33:34,781  INFO  [TP/SL][aggressive] progress: 12274/12928 (94.9%) | TP=1933 SL=3298 NONE=7043 | 279.4s elapsed (43.9 rows/s)
2026-05-07 00:33:49,587  INFO  [TP/SL][aggressive] progress: 12920/12928 (99.9%) | TP=2053 SL=3462 NONE=7405 | 294.2s elapsed (43.9 rows/s)
2026-05-07 00:33:49,765  INFO  [TP/SL][aggressive] progress: 12928/12928 (100.0%) | TP=2053 SL=3468 NONE=7407 | 294.4s elapsed (43.9 rows/s)
2026-05-07 00:33:49,790  INFO  [TP/SL][aggressive] pass complete: rows=12928 | TP=2053 SL=3468 NONE=7407 | 294.5s total
2026-05-07 00:33:49,800  INFO  [TP/SL] Strategy=aggressive -> generating test adaptive targets...
2026-05-07 00:33:50,319  INFO  [TP/SL][aggressive] Adaptive target pass start: rows=404, lag_days=0, holding_months=12
2026-05-07 00:33:55,990  INFO  [TP/SL][aggressive] progress: 250/404 (61.9%) | TP=31 SL=109 NONE=110 | 5.7s elapsed (44.1 rows/s)
2026-05-07 00:33:59,445  INFO  [TP/SL][aggressive] progress: 404/404 (100.0%) | TP=45 SL=183 NONE=176 | 9.1s elapsed (44.3 rows/s)
2026-05-07 00:33:59,445  INFO  [TP/SL][aggressive] pass complete: rows=404 | TP=45 SL=183 NONE=176 | 9.1s total
2026-05-07 00:33:59,461  INFO  [TP/SL] Strategy=aggressive ready: utility=-0.0712, hit_rate=15.88%, train_labels=12928, test_labels=404 [304.6s]
2026-05-07 00:33:59,461  INFO  [TP/SL] Strategy=conservative__relax1 -> generating train adaptive targets...
2026-05-07 00:33:59,997  INFO  [TP/SL][conservative__relax1] Adaptive target pass start: rows=12928, lag_days=0, holding_months=12
2026-05-07 00:34:15,070  INFO  [TP/SL][conservative__relax1] progress: 646/12928 (5.0%) | TP=322 SL=166 NONE=158 | 15.1s elapsed (42.8 rows/s)
2026-05-07 00:34:29,784  INFO  [TP/SL][conservative__relax1] progress: 1292/12928 (10.0%) | TP=654 SL=344 NONE=294 | 29.8s elapsed (43.4 rows/s)
2026-05-07 00:34:44,298  INFO  [TP/SL][conservative__relax1] progress: 1938/12928 (15.0%) | TP=973 SL=532 NONE=433 | 44.3s elapsed (43.7 rows/s)
2026-05-07 00:34:58,592  INFO  [TP/SL][conservative__relax1] progress: 2584/12928 (20.0%) | TP=1255 SL=719 NONE=610 | 58.6s elapsed (44.1 rows/s)
2026-05-07 00:35:13,344  INFO  [TP/SL][conservative__relax1] progress: 3230/12928 (25.0%) | TP=1582 SL=903 NONE=745 | 73.4s elapsed (44.0 rows/s)
2026-05-07 00:35:28,134  INFO  [TP/SL][conservative__relax1] progress: 3876/12928 (30.0%) | TP=1883 SL=1076 NONE=917 | 88.1s elapsed (44.0 rows/s)
2026-05-07 00:35:43,092  INFO  [TP/SL][conservative__relax1] progress: 4522/12928 (35.0%) | TP=2188 SL=1289 NONE=1045 | 103.1s elapsed (43.9 rows/s)
2026-05-07 00:35:57,624  INFO  [TP/SL][conservative__relax1] progress: 5168/12928 (40.0%) | TP=2475 SL=1526 NONE=1167 | 117.6s elapsed (43.9 rows/s)
2026-05-07 00:36:12,373  INFO  [TP/SL][conservative__relax1] progress: 5814/12928 (45.0%) | TP=2786 SL=1739 NONE=1289 | 132.4s elapsed (43.9 rows/s)
2026-05-07 00:36:27,263  INFO  [TP/SL][conservative__relax1] progress: 6460/12928 (50.0%) | TP=3105 SL=1933 NONE=1422 | 147.3s elapsed (43.9 rows/s)
2026-05-07 00:36:41,818  INFO  [TP/SL][conservative__relax1] progress: 7106/12928 (55.0%) | TP=3402 SL=2131 NONE=1573 | 161.8s elapsed (43.9 rows/s)
2026-05-07 00:36:56,028  INFO  [TP/SL][conservative__relax1] progress: 7752/12928 (60.0%) | TP=3737 SL=2306 NONE=1709 | 176.0s elapsed (44.0 rows/s)
2026-05-07 00:37:10,604  INFO  [TP/SL][conservative__relax1] progress: 8398/12928 (65.0%) | TP=4051 SL=2496 NONE=1851 | 190.6s elapsed (44.1 rows/s)
2026-05-07 00:37:25,425  INFO  [TP/SL][conservative__relax1] progress: 9044/12928 (70.0%) | TP=4380 SL=2698 NONE=1966 | 205.4s elapsed (44.0 rows/s)
2026-05-07 00:37:39,998  INFO  [TP/SL][conservative__relax1] progress: 9690/12928 (75.0%) | TP=4650 SL=2900 NONE=2140 | 220.0s elapsed (44.0 rows/s)
2026-05-07 00:37:55,015  INFO  [TP/SL][conservative__relax1] progress: 10336/12928 (80.0%) | TP=4967 SL=3102 NONE=2267 | 235.0s elapsed (44.0 rows/s)
2026-05-07 00:38:09,715  INFO  [TP/SL][conservative__relax1] progress: 10982/12928 (84.9%) | TP=5264 SL=3294 NONE=2424 | 249.7s elapsed (44.0 rows/s)
2026-05-07 00:38:24,048  INFO  [TP/SL][conservative__relax1] progress: 11628/12928 (89.9%) | TP=5589 SL=3485 NONE=2554 | 264.1s elapsed (44.0 rows/s)
2026-05-07 00:38:38,314  INFO  [TP/SL][conservative__relax1] progress: 12274/12928 (94.9%) | TP=5902 SL=3683 NONE=2689 | 278.3s elapsed (44.1 rows/s)
2026-05-07 00:38:52,932  INFO  [TP/SL][conservative__relax1] progress: 12920/12928 (99.9%) | TP=6201 SL=3875 NONE=2844 | 292.9s elapsed (44.1 rows/s)
2026-05-07 00:38:53,115  INFO  [TP/SL][conservative__relax1] progress: 12928/12928 (100.0%) | TP=6203 SL=3881 NONE=2844 | 293.1s elapsed (44.1 rows/s)
2026-05-07 00:38:53,132  INFO  [TP/SL][conservative__relax1] pass complete: rows=12928 | TP=6203 SL=3881 NONE=2844 | 293.1s total
2026-05-07 00:38:53,149  INFO  [TP/SL] Strategy=conservative__relax1 -> generating test adaptive targets...
2026-05-07 00:38:53,663  INFO  [TP/SL][conservative__relax1] Adaptive target pass start: rows=404, lag_days=0, holding_months=12
2026-05-07 00:38:59,308  INFO  [TP/SL][conservative__relax1] progress: 250/404 (61.9%) | TP=90 SL=144 NONE=16 | 5.6s elapsed (44.3 rows/s)
2026-05-07 00:39:02,766  INFO  [TP/SL][conservative__relax1] progress: 404/404 (100.0%) | TP=142 SL=239 NONE=23 | 9.1s elapsed (44.4 rows/s)
2026-05-07 00:39:02,766  INFO  [TP/SL][conservative__relax1] pass complete: rows=404 | TP=142 SL=239 NONE=23 | 9.1s total
2026-05-07 00:39:02,782  INFO  [TP/SL] Strategy=conservative__relax1 ready: utility=0.0176, hit_rate=47.98%, train_labels=12928, test_labels=404 [303.3s]
2026-05-07 00:39:02,782  INFO  [TP/SL] Strategy=conservative__relax2 -> generating train adaptive targets...
2026-05-07 00:39:03,298  INFO  [TP/SL][conservative__relax2] Adaptive target pass start: rows=12928, lag_days=0, holding_months=12
2026-05-07 00:39:18,299  INFO  [TP/SL][conservative__relax2] progress: 646/12928 (5.0%) | TP=322 SL=166 NONE=158 | 15.0s elapsed (43.1 rows/s)
2026-05-07 00:39:32,874  INFO  [TP/SL][conservative__relax2] progress: 1292/12928 (10.0%) | TP=654 SL=344 NONE=294 | 29.6s elapsed (43.7 rows/s)
2026-05-07 00:39:47,452  INFO  [TP/SL][conservative__relax2] progress: 1938/12928 (15.0%) | TP=973 SL=532 NONE=433 | 44.1s elapsed (43.9 rows/s)
2026-05-07 00:40:01,836  INFO  [TP/SL][conservative__relax2] progress: 2584/12928 (20.0%) | TP=1255 SL=719 NONE=610 | 58.5s elapsed (44.1 rows/s)
2026-05-07 00:40:16,340  INFO  [TP/SL][conservative__relax2] progress: 3230/12928 (25.0%) | TP=1582 SL=903 NONE=745 | 73.0s elapsed (44.2 rows/s)
2026-05-07 00:40:30,687  INFO  [TP/SL][conservative__relax2] progress: 3876/12928 (30.0%) | TP=1883 SL=1076 NONE=917 | 87.4s elapsed (44.4 rows/s)
2026-05-07 00:40:45,467  INFO  [TP/SL][conservative__relax2] progress: 4522/12928 (35.0%) | TP=2188 SL=1289 NONE=1045 | 102.2s elapsed (44.3 rows/s)
2026-05-07 00:40:59,811  INFO  [TP/SL][conservative__relax2] progress: 5168/12928 (40.0%) | TP=2475 SL=1526 NONE=1167 | 116.5s elapsed (44.4 rows/s)
2026-05-07 00:41:14,279  INFO  [TP/SL][conservative__relax2] progress: 5814/12928 (45.0%) | TP=2786 SL=1739 NONE=1289 | 131.0s elapsed (44.4 rows/s)
2026-05-07 00:41:28,879  INFO  [TP/SL][conservative__relax2] progress: 6460/12928 (50.0%) | TP=3105 SL=1933 NONE=1422 | 145.6s elapsed (44.4 rows/s)
2026-05-07 00:41:43,318  INFO  [TP/SL][conservative__relax2] progress: 7106/12928 (55.0%) | TP=3402 SL=2131 NONE=1573 | 160.0s elapsed (44.4 rows/s)
2026-05-07 00:41:57,582  INFO  [TP/SL][conservative__relax2] progress: 7752/12928 (60.0%) | TP=3737 SL=2306 NONE=1709 | 174.3s elapsed (44.5 rows/s)
2026-05-07 00:42:11,924  INFO  [TP/SL][conservative__relax2] progress: 8398/12928 (65.0%) | TP=4051 SL=2496 NONE=1851 | 188.6s elapsed (44.5 rows/s)
2026-05-07 00:42:26,892  INFO  [TP/SL][conservative__relax2] progress: 9044/12928 (70.0%) | TP=4380 SL=2698 NONE=1966 | 203.6s elapsed (44.4 rows/s)
2026-05-07 00:42:41,586  INFO  [TP/SL][conservative__relax2] progress: 9690/12928 (75.0%) | TP=4650 SL=2900 NONE=2140 | 218.3s elapsed (44.4 rows/s)
2026-05-07 00:42:56,400  INFO  [TP/SL][conservative__relax2] progress: 10336/12928 (80.0%) | TP=4967 SL=3102 NONE=2267 | 233.1s elapsed (44.3 rows/s)
2026-05-07 00:43:11,261  INFO  [TP/SL][conservative__relax2] progress: 10982/12928 (84.9%) | TP=5264 SL=3294 NONE=2424 | 248.0s elapsed (44.3 rows/s)
2026-05-07 00:43:25,456  INFO  [TP/SL][conservative__relax2] progress: 11628/12928 (89.9%) | TP=5589 SL=3485 NONE=2554 | 262.2s elapsed (44.4 rows/s)
2026-05-07 00:43:39,821  INFO  [TP/SL][conservative__relax2] progress: 12274/12928 (94.9%) | TP=5902 SL=3683 NONE=2689 | 276.5s elapsed (44.4 rows/s)
2026-05-07 00:43:54,259  INFO  [TP/SL][conservative__relax2] progress: 12920/12928 (99.9%) | TP=6201 SL=3875 NONE=2844 | 291.0s elapsed (44.4 rows/s)
2026-05-07 00:43:54,429  INFO  [TP/SL][conservative__relax2] progress: 12928/12928 (100.0%) | TP=6203 SL=3881 NONE=2844 | 291.1s elapsed (44.4 rows/s)
2026-05-07 00:43:54,457  INFO  [TP/SL][conservative__relax2] pass complete: rows=12928 | TP=6203 SL=3881 NONE=2844 | 291.2s total
2026-05-07 00:43:54,466  INFO  [TP/SL] Strategy=conservative__relax2 -> generating test adaptive targets...
2026-05-07 00:43:54,982  INFO  [TP/SL][conservative__relax2] Adaptive target pass start: rows=404, lag_days=0, holding_months=12
2026-05-07 00:44:00,625  INFO  [TP/SL][conservative__relax2] progress: 250/404 (61.9%) | TP=90 SL=144 NONE=16 | 5.6s elapsed (44.3 rows/s)
2026-05-07 00:44:04,084  INFO  [TP/SL][conservative__relax2] progress: 404/404 (100.0%) | TP=142 SL=239 NONE=23 | 9.1s elapsed (44.4 rows/s)
2026-05-07 00:44:04,086  INFO  [TP/SL][conservative__relax2] pass complete: rows=404 | TP=142 SL=239 NONE=23 | 9.1s total
2026-05-07 00:44:04,097  INFO  [TP/SL] Strategy=conservative__relax2 ready: utility=0.0176, hit_rate=47.98%, train_labels=12928, test_labels=404 [301.3s]
2026-05-07 00:44:04,097  INFO  [TP/SL] Strategy=balanced__relax1 -> generating train adaptive targets...
2026-05-07 00:44:04,617  INFO  [TP/SL][balanced__relax1] Adaptive target pass start: rows=12928, lag_days=0, holding_months=12
2026-05-07 00:44:19,902  INFO  [TP/SL][balanced__relax1] progress: 646/12928 (5.0%) | TP=322 SL=166 NONE=158 | 15.3s elapsed (42.3 rows/s)
2026-05-07 00:44:34,809  INFO  [TP/SL][balanced__relax1] progress: 1292/12928 (10.0%) | TP=654 SL=344 NONE=294 | 30.2s elapsed (42.8 rows/s)
2026-05-07 00:44:49,659  INFO  [TP/SL][balanced__relax1] progress: 1938/12928 (15.0%) | TP=973 SL=532 NONE=433 | 45.0s elapsed (43.0 rows/s)
2026-05-07 00:45:04,162  INFO  [TP/SL][balanced__relax1] progress: 2584/12928 (20.0%) | TP=1255 SL=719 NONE=610 | 59.5s elapsed (43.4 rows/s)
2026-05-07 00:45:19,195  INFO  [TP/SL][balanced__relax1] progress: 3230/12928 (25.0%) | TP=1582 SL=903 NONE=745 | 74.6s elapsed (43.3 rows/s)
2026-05-07 00:45:33,949  INFO  [TP/SL][balanced__relax1] progress: 3876/12928 (30.0%) | TP=1883 SL=1076 NONE=917 | 89.3s elapsed (43.4 rows/s)
2026-05-07 00:45:48,899  INFO  [TP/SL][balanced__relax1] progress: 4522/12928 (35.0%) | TP=2188 SL=1289 NONE=1045 | 104.3s elapsed (43.4 rows/s)
2026-05-07 00:46:03,586  INFO  [TP/SL][balanced__relax1] progress: 5168/12928 (40.0%) | TP=2475 SL=1526 NONE=1167 | 119.0s elapsed (43.4 rows/s)
2026-05-07 00:46:18,297  INFO  [TP/SL][balanced__relax1] progress: 5814/12928 (45.0%) | TP=2786 SL=1739 NONE=1289 | 133.7s elapsed (43.5 rows/s)
2026-05-07 00:46:33,250  INFO  [TP/SL][balanced__relax1] progress: 6460/12928 (50.0%) | TP=3105 SL=1933 NONE=1422 | 148.6s elapsed (43.5 rows/s)
2026-05-07 00:46:48,005  INFO  [TP/SL][balanced__relax1] progress: 7106/12928 (55.0%) | TP=3402 SL=2131 NONE=1573 | 163.4s elapsed (43.5 rows/s)
2026-05-07 00:47:02,626  INFO  [TP/SL][balanced__relax1] progress: 7752/12928 (60.0%) | TP=3737 SL=2306 NONE=1709 | 178.0s elapsed (43.5 rows/s)
2026-05-07 00:47:17,392  INFO  [TP/SL][balanced__relax1] progress: 8398/12928 (65.0%) | TP=4051 SL=2496 NONE=1851 | 192.8s elapsed (43.6 rows/s)
2026-05-07 00:47:32,486  INFO  [TP/SL][balanced__relax1] progress: 9044/12928 (70.0%) | TP=4380 SL=2698 NONE=1966 | 207.9s elapsed (43.5 rows/s)
2026-05-07 00:47:47,520  INFO  [TP/SL][balanced__relax1] progress: 9690/12928 (75.0%) | TP=4650 SL=2900 NONE=2140 | 222.9s elapsed (43.5 rows/s)
2026-05-07 00:48:02,727  INFO  [TP/SL][balanced__relax1] progress: 10336/12928 (80.0%) | TP=4967 SL=3102 NONE=2267 | 238.1s elapsed (43.4 rows/s)
2026-05-07 00:48:17,944  INFO  [TP/SL][balanced__relax1] progress: 10982/12928 (84.9%) | TP=5264 SL=3294 NONE=2424 | 253.3s elapsed (43.4 rows/s)
2026-05-07 00:48:32,358  INFO  [TP/SL][balanced__relax1] progress: 11628/12928 (89.9%) | TP=5589 SL=3485 NONE=2554 | 267.7s elapsed (43.4 rows/s)
2026-05-07 00:48:47,064  INFO  [TP/SL][balanced__relax1] progress: 12274/12928 (94.9%) | TP=5902 SL=3683 NONE=2689 | 282.4s elapsed (43.5 rows/s)
2026-05-07 00:49:01,885  INFO  [TP/SL][balanced__relax1] progress: 12920/12928 (99.9%) | TP=6201 SL=3875 NONE=2844 | 297.3s elapsed (43.5 rows/s)
2026-05-07 00:49:02,073  INFO  [TP/SL][balanced__relax1] progress: 12928/12928 (100.0%) | TP=6203 SL=3881 NONE=2844 | 297.5s elapsed (43.5 rows/s)
2026-05-07 00:49:02,097  INFO  [TP/SL][balanced__relax1] pass complete: rows=12928 | TP=6203 SL=3881 NONE=2844 | 297.5s total
2026-05-07 00:49:02,098  INFO  [TP/SL] Strategy=balanced__relax1 -> generating test adaptive targets...
2026-05-07 00:49:02,630  INFO  [TP/SL][balanced__relax1] Adaptive target pass start: rows=404, lag_days=0, holding_months=12
2026-05-07 00:49:08,330  INFO  [TP/SL][balanced__relax1] progress: 250/404 (61.9%) | TP=90 SL=144 NONE=16 | 5.7s elapsed (43.8 rows/s)
2026-05-07 00:49:11,809  INFO  [TP/SL][balanced__relax1] progress: 404/404 (100.0%) | TP=142 SL=239 NONE=23 | 9.2s elapsed (44.0 rows/s)
2026-05-07 00:49:11,809  INFO  [TP/SL][balanced__relax1] pass complete: rows=404 | TP=142 SL=239 NONE=23 | 9.2s total
2026-05-07 00:49:11,821  INFO  [TP/SL] Strategy=balanced__relax1 ready: utility=0.0176, hit_rate=47.98%, train_labels=12928, test_labels=404 [307.7s]
2026-05-07 00:49:11,821  INFO  [TP/SL] Strategy=balanced__relax2 -> generating train adaptive targets...
2026-05-07 00:49:12,347  INFO  [TP/SL][balanced__relax2] Adaptive target pass start: rows=12928, lag_days=0, holding_months=12
2026-05-07 00:49:27,408  INFO  [TP/SL][balanced__relax2] progress: 646/12928 (5.0%) | TP=180 SL=185 NONE=281 | 15.1s elapsed (42.9 rows/s)
2026-05-07 00:49:42,134  INFO  [TP/SL][balanced__relax2] progress: 1292/12928 (10.0%) | TP=332 SL=382 NONE=578 | 29.8s elapsed (43.4 rows/s)
2026-05-07 00:49:56,882  INFO  [TP/SL][balanced__relax2] progress: 1938/12928 (15.0%) | TP=479 SL=590 NONE=869 | 44.5s elapsed (43.5 rows/s)
2026-05-07 00:50:11,068  INFO  [TP/SL][balanced__relax2] progress: 2584/12928 (20.0%) | TP=634 SL=790 NONE=1160 | 58.7s elapsed (44.0 rows/s)
2026-05-07 00:50:25,777  INFO  [TP/SL][balanced__relax2] progress: 3230/12928 (25.0%) | TP=806 SL=1000 NONE=1424 | 73.4s elapsed (44.0 rows/s)
2026-05-07 00:50:40,217  INFO  [TP/SL][balanced__relax2] progress: 3876/12928 (30.0%) | TP=989 SL=1193 NONE=1694 | 87.9s elapsed (44.1 rows/s)
2026-05-07 00:50:55,008  INFO  [TP/SL][balanced__relax2] progress: 4522/12928 (35.0%) | TP=1168 SL=1427 NONE=1927 | 102.7s elapsed (44.0 rows/s)
2026-05-07 00:51:09,324  INFO  [TP/SL][balanced__relax2] progress: 5168/12928 (40.0%) | TP=1318 SL=1680 NONE=2170 | 117.0s elapsed (44.2 rows/s)
2026-05-07 00:51:23,891  INFO  [TP/SL][balanced__relax2] progress: 5814/12928 (45.0%) | TP=1443 SL=1917 NONE=2454 | 131.5s elapsed (44.2 rows/s)
2026-05-07 00:51:38,422  INFO  [TP/SL][balanced__relax2] progress: 6460/12928 (50.0%) | TP=1605 SL=2140 NONE=2715 | 146.1s elapsed (44.2 rows/s)
2026-05-07 00:51:53,037  INFO  [TP/SL][balanced__relax2] progress: 7106/12928 (55.0%) | TP=1762 SL=2352 NONE=2992 | 160.7s elapsed (44.2 rows/s)
2026-05-07 00:52:07,380  INFO  [TP/SL][balanced__relax2] progress: 7752/12928 (60.0%) | TP=1909 SL=2560 NONE=3283 | 175.0s elapsed (44.3 rows/s)
2026-05-07 00:52:21,954  INFO  [TP/SL][balanced__relax2] progress: 8398/12928 (65.0%) | TP=2067 SL=2772 NONE=3559 | 189.6s elapsed (44.3 rows/s)
2026-05-07 00:52:36,717  INFO  [TP/SL][balanced__relax2] progress: 9044/12928 (70.0%) | TP=2223 SL=3000 NONE=3821 | 204.4s elapsed (44.3 rows/s)
2026-05-07 00:52:51,410  INFO  [TP/SL][balanced__relax2] progress: 9690/12928 (75.0%) | TP=2374 SL=3214 NONE=4102 | 219.1s elapsed (44.2 rows/s)
2026-05-07 00:53:06,498  INFO  [TP/SL][balanced__relax2] progress: 10336/12928 (80.0%) | TP=2519 SL=3440 NONE=4377 | 234.2s elapsed (44.1 rows/s)
2026-05-07 00:53:21,393  INFO  [TP/SL][balanced__relax2] progress: 10982/12928 (84.9%) | TP=2662 SL=3642 NONE=4678 | 249.0s elapsed (44.1 rows/s)
2026-05-07 00:53:35,672  INFO  [TP/SL][balanced__relax2] progress: 11628/12928 (89.9%) | TP=2833 SL=3847 NONE=4948 | 263.3s elapsed (44.2 rows/s)
2026-05-07 00:53:50,299  INFO  [TP/SL][balanced__relax2] progress: 12274/12928 (94.9%) | TP=2985 SL=4070 NONE=5219 | 278.0s elapsed (44.2 rows/s)
2026-05-07 00:54:04,806  INFO  [TP/SL][balanced__relax2] progress: 12920/12928 (99.9%) | TP=3167 SL=4282 NONE=5471 | 292.5s elapsed (44.2 rows/s)
2026-05-07 00:54:04,977  INFO  [TP/SL][balanced__relax2] progress: 12928/12928 (100.0%) | TP=3167 SL=4290 NONE=5471 | 292.6s elapsed (44.2 rows/s)
2026-05-07 00:54:05,003  INFO  [TP/SL][balanced__relax2] pass complete: rows=12928 | TP=3167 SL=4290 NONE=5471 | 292.7s total
2026-05-07 00:54:05,013  INFO  [TP/SL] Strategy=balanced__relax2 -> generating test adaptive targets...
2026-05-07 00:54:05,544  INFO  [TP/SL][balanced__relax2] Adaptive target pass start: rows=404, lag_days=0, holding_months=12
2026-05-07 00:54:11,216  INFO  [TP/SL][balanced__relax2] progress: 250/404 (61.9%) | TP=47 SL=145 NONE=58 | 5.7s elapsed (44.0 rows/s)
2026-05-07 00:54:14,708  INFO  [TP/SL][balanced__relax2] progress: 404/404 (100.0%) | TP=76 SL=241 NONE=87 | 9.2s elapsed (44.0 rows/s)
2026-05-07 00:54:14,708  INFO  [TP/SL][balanced__relax2] pass complete: rows=404 | TP=76 SL=241 NONE=87 | 9.2s total
2026-05-07 00:54:14,718  INFO  [TP/SL] Strategy=balanced__relax2 ready: utility=-0.0096, hit_rate=24.50%, train_labels=12928, test_labels=404 [302.9s]
2026-05-07 00:54:14,718  INFO  [TP/SL] Strategy=aggressive__relax1 -> generating train adaptive targets...
2026-05-07 00:54:15,265  INFO  [TP/SL][aggressive__relax1] Adaptive target pass start: rows=12928, lag_days=0, holding_months=12
2026-05-07 00:54:30,135  INFO  [TP/SL][aggressive__relax1] progress: 646/12928 (5.0%) | TP=129 SL=188 NONE=329 | 14.9s elapsed (43.4 rows/s)
2026-05-07 00:54:44,969  INFO  [TP/SL][aggressive__relax1] progress: 1292/12928 (10.0%) | TP=248 SL=389 NONE=655 | 29.7s elapsed (43.5 rows/s)
2026-05-07 00:54:59,636  INFO  [TP/SL][aggressive__relax1] progress: 1938/12928 (15.0%) | TP=350 SL=603 NONE=985 | 44.4s elapsed (43.7 rows/s)
2026-05-07 00:55:13,952  INFO  [TP/SL][aggressive__relax1] progress: 2584/12928 (20.0%) | TP=455 SL=811 NONE=1318 | 58.7s elapsed (44.0 rows/s)
2026-05-07 00:55:28,617  INFO  [TP/SL][aggressive__relax1] progress: 3230/12928 (25.0%) | TP=587 SL=1024 NONE=1619 | 73.3s elapsed (44.0 rows/s)
2026-05-07 00:55:43,125  INFO  [TP/SL][aggressive__relax1] progress: 3876/12928 (30.0%) | TP=712 SL=1223 NONE=1941 | 87.9s elapsed (44.1 rows/s)
2026-05-07 00:55:57,893  INFO  [TP/SL][aggressive__relax1] progress: 4522/12928 (35.0%) | TP=841 SL=1465 NONE=2216 | 102.6s elapsed (44.1 rows/s)
2026-05-07 00:56:12,365  INFO  [TP/SL][aggressive__relax1] progress: 5168/12928 (40.0%) | TP=942 SL=1722 NONE=2504 | 117.1s elapsed (44.1 rows/s)
2026-05-07 00:56:26,883  INFO  [TP/SL][aggressive__relax1] progress: 5814/12928 (45.0%) | TP=1027 SL=1966 NONE=2821 | 131.6s elapsed (44.2 rows/s)
2026-05-07 00:56:41,560  INFO  [TP/SL][aggressive__relax1] progress: 6460/12928 (50.0%) | TP=1147 SL=2194 NONE=3119 | 146.3s elapsed (44.2 rows/s)
2026-05-07 00:56:56,101  INFO  [TP/SL][aggressive__relax1] progress: 7106/12928 (55.0%) | TP=1264 SL=2414 NONE=3428 | 160.8s elapsed (44.2 rows/s)
2026-05-07 00:57:10,563  INFO  [TP/SL][aggressive__relax1] progress: 7752/12928 (60.0%) | TP=1374 SL=2626 NONE=3752 | 175.3s elapsed (44.2 rows/s)
2026-05-07 00:57:25,037  INFO  [TP/SL][aggressive__relax1] progress: 8398/12928 (65.0%) | TP=1497 SL=2840 NONE=4061 | 189.8s elapsed (44.3 rows/s)
2026-05-07 00:57:39,910  INFO  [TP/SL][aggressive__relax1] progress: 9044/12928 (70.0%) | TP=1619 SL=3071 NONE=4354 | 204.6s elapsed (44.2 rows/s)
2026-05-07 00:57:54,895  INFO  [TP/SL][aggressive__relax1] progress: 9690/12928 (75.0%) | TP=1721 SL=3290 NONE=4679 | 219.6s elapsed (44.1 rows/s)
2026-05-07 00:58:09,925  INFO  [TP/SL][aggressive__relax1] progress: 10336/12928 (80.0%) | TP=1825 SL=3523 NONE=4988 | 234.7s elapsed (44.0 rows/s)
2026-05-07 00:58:24,611  INFO  [TP/SL][aggressive__relax1] progress: 10982/12928 (84.9%) | TP=1931 SL=3730 NONE=5321 | 249.3s elapsed (44.0 rows/s)
2026-05-07 00:58:38,988  INFO  [TP/SL][aggressive__relax1] progress: 11628/12928 (89.9%) | TP=2055 SL=3939 NONE=5634 | 263.7s elapsed (44.1 rows/s)
2026-05-07 00:58:53,508  INFO  [TP/SL][aggressive__relax1] progress: 12274/12928 (94.9%) | TP=2175 SL=4167 NONE=5932 | 278.2s elapsed (44.1 rows/s)
2026-05-07 00:59:08,042  INFO  [TP/SL][aggressive__relax1] progress: 12920/12928 (99.9%) | TP=2309 SL=4381 NONE=6230 | 292.8s elapsed (44.1 rows/s)
2026-05-07 00:59:08,219  INFO  [TP/SL][aggressive__relax1] progress: 12928/12928 (100.0%) | TP=2309 SL=4389 NONE=6230 | 293.0s elapsed (44.1 rows/s)
2026-05-07 00:59:08,243  INFO  [TP/SL][aggressive__relax1] pass complete: rows=12928 | TP=2309 SL=4389 NONE=6230 | 293.0s total
2026-05-07 00:59:08,251  INFO  [TP/SL] Strategy=aggressive__relax1 -> generating test adaptive targets...
2026-05-07 00:59:08,768  INFO  [TP/SL][aggressive__relax1] Adaptive target pass start: rows=404, lag_days=0, holding_months=12
2026-05-07 00:59:14,382  INFO  [TP/SL][aggressive__relax1] progress: 250/404 (61.9%) | TP=32 SL=145 NONE=73 | 5.6s elapsed (44.6 rows/s)
2026-05-07 00:59:17,887  INFO  [TP/SL][aggressive__relax1] progress: 404/404 (100.0%) | TP=53 SL=241 NONE=110 | 9.1s elapsed (44.3 rows/s)
2026-05-07 00:59:17,887  INFO  [TP/SL][aggressive__relax1] pass complete: rows=404 | TP=53 SL=241 NONE=110 | 9.1s total
2026-05-07 00:59:17,897  INFO  [TP/SL] Strategy=aggressive__relax1 ready: utility=-0.0257, hit_rate=17.86%, train_labels=12928, test_labels=404 [303.2s]
2026-05-07 00:59:17,897  INFO  [TP/SL] Strategy=aggressive__relax2 -> generating train adaptive targets...
2026-05-07 00:59:18,457  INFO  [TP/SL][aggressive__relax2] Adaptive target pass start: rows=12928, lag_days=0, holding_months=12
2026-05-07 00:59:33,342  INFO  [TP/SL][aggressive__relax2] progress: 646/12928 (5.0%) | TP=322 SL=166 NONE=158 | 14.9s elapsed (43.4 rows/s)
2026-05-07 00:59:47,984  INFO  [TP/SL][aggressive__relax2] progress: 1292/12928 (10.0%) | TP=654 SL=344 NONE=294 | 29.5s elapsed (43.8 rows/s)
2026-05-07 01:00:02,612  INFO  [TP/SL][aggressive__relax2] progress: 1938/12928 (15.0%) | TP=973 SL=532 NONE=433 | 44.2s elapsed (43.9 rows/s)
2026-05-07 01:00:16,844  INFO  [TP/SL][aggressive__relax2] progress: 2584/12928 (20.0%) | TP=1255 SL=719 NONE=610 | 58.4s elapsed (44.3 rows/s)
2026-05-07 01:00:31,212  INFO  [TP/SL][aggressive__relax2] progress: 3230/12928 (25.0%) | TP=1582 SL=903 NONE=745 | 72.8s elapsed (44.4 rows/s)
2026-05-07 01:00:45,740  INFO  [TP/SL][aggressive__relax2] progress: 3876/12928 (30.0%) | TP=1883 SL=1076 NONE=917 | 87.3s elapsed (44.4 rows/s)
2026-05-07 01:01:00,482  INFO  [TP/SL][aggressive__relax2] progress: 4522/12928 (35.0%) | TP=2188 SL=1289 NONE=1045 | 102.0s elapsed (44.3 rows/s)
2026-05-07 01:01:14,888  INFO  [TP/SL][aggressive__relax2] progress: 5168/12928 (40.0%) | TP=2475 SL=1526 NONE=1167 | 116.4s elapsed (44.4 rows/s)
2026-05-07 01:01:29,389  INFO  [TP/SL][aggressive__relax2] progress: 5814/12928 (45.0%) | TP=2786 SL=1739 NONE=1289 | 130.9s elapsed (44.4 rows/s)
2026-05-07 01:01:43,995  INFO  [TP/SL][aggressive__relax2] progress: 6460/12928 (50.0%) | TP=3105 SL=1933 NONE=1422 | 145.5s elapsed (44.4 rows/s)
2026-05-07 01:01:58,458  INFO  [TP/SL][aggressive__relax2] progress: 7106/12928 (55.0%) | TP=3402 SL=2131 NONE=1573 | 160.0s elapsed (44.4 rows/s)
2026-05-07 01:02:12,796  INFO  [TP/SL][aggressive__relax2] progress: 7752/12928 (60.0%) | TP=3737 SL=2306 NONE=1709 | 174.3s elapsed (44.5 rows/s)
2026-05-07 01:02:27,398  INFO  [TP/SL][aggressive__relax2] progress: 8398/12928 (65.0%) | TP=4051 SL=2496 NONE=1851 | 188.9s elapsed (44.4 rows/s)
2026-05-07 01:02:42,137  INFO  [TP/SL][aggressive__relax2] progress: 9044/12928 (70.0%) | TP=4380 SL=2698 NONE=1966 | 203.7s elapsed (44.4 rows/s)
2026-05-07 01:02:56,829  INFO  [TP/SL][aggressive__relax2] progress: 9690/12928 (75.0%) | TP=4650 SL=2900 NONE=2140 | 218.4s elapsed (44.4 rows/s)
2026-05-07 01:03:11,936  INFO  [TP/SL][aggressive__relax2] progress: 10336/12928 (80.0%) | TP=4967 SL=3102 NONE=2267 | 233.5s elapsed (44.3 rows/s)
2026-05-07 01:03:26,787  INFO  [TP/SL][aggressive__relax2] progress: 10982/12928 (84.9%) | TP=5264 SL=3294 NONE=2424 | 248.3s elapsed (44.2 rows/s)
2026-05-07 01:03:41,002  INFO  [TP/SL][aggressive__relax2] progress: 11628/12928 (89.9%) | TP=5589 SL=3485 NONE=2554 | 262.5s elapsed (44.3 rows/s)
2026-05-07 01:03:55,566  INFO  [TP/SL][aggressive__relax2] progress: 12274/12928 (94.9%) | TP=5902 SL=3683 NONE=2689 | 277.1s elapsed (44.3 rows/s)
2026-05-07 01:04:09,988  INFO  [TP/SL][aggressive__relax2] progress: 12920/12928 (99.9%) | TP=6201 SL=3875 NONE=2844 | 291.5s elapsed (44.3 rows/s)
2026-05-07 01:04:10,167  INFO  [TP/SL][aggressive__relax2] progress: 12928/12928 (100.0%) | TP=6203 SL=3881 NONE=2844 | 291.7s elapsed (44.3 rows/s)
2026-05-07 01:04:10,198  INFO  [TP/SL][aggressive__relax2] pass complete: rows=12928 | TP=6203 SL=3881 NONE=2844 | 291.7s total
2026-05-07 01:04:10,207  INFO  [TP/SL] Strategy=aggressive__relax2 -> generating test adaptive targets...
2026-05-07 01:04:10,756  INFO  [TP/SL][aggressive__relax2] Adaptive target pass start: rows=404, lag_days=0, holding_months=12
2026-05-07 01:04:16,432  INFO  [TP/SL][aggressive__relax2] progress: 250/404 (61.9%) | TP=90 SL=144 NONE=16 | 5.7s elapsed (44.0 rows/s)
2026-05-07 01:04:19,927  INFO  [TP/SL][aggressive__relax2] progress: 404/404 (100.0%) | TP=142 SL=239 NONE=23 | 9.2s elapsed (44.0 rows/s)
2026-05-07 01:04:19,937  INFO  [TP/SL][aggressive__relax2] pass complete: rows=404 | TP=142 SL=239 NONE=23 | 9.2s total
2026-05-07 01:04:19,946  INFO  [TP/SL] Strategy=aggressive__relax2 ready: utility=0.0176, hit_rate=47.98%, train_labels=12928, test_labels=404 [302.0s]
2026-05-07 01:04:19,947  INFO  [TP/SL] Fine-tuning activated: base_best=conservative utility=-0.0004 hit_rate=27.33% (min_utility=0.0000, min_hit=48.00%)
2026-05-07 01:04:19,947  INFO  [TP/SL] Selected training strategy=conservative (variant=conservative__relax1) | utility=0.0176 | hit_rate=47.98%
2026-05-07 01:04:20,470  INFO  [Fold T02_20200215] 1/3 — Entrenando agentes base con datos de entrenamiento del fold...
2026-05-07 01:04:20,571  INFO  [Fold T02_20200215] Recency weighting enabled (halflife=2.0Y, weight_range=[0.193, 2.834])
2026-05-07 01:07:11,106  INFO  [fundamental] Top-5 features: ebitda_margin__pct_universe=0.227 | ebitda_margin__pct_sector=0.204 | operating_margin__pct_sector=0.126 | operating_margin=0.115 | fcf_yoy_growth__pct_sector=0.104
2026-05-07 01:07:11,113  INFO  [fundamental] Diagnostics → diagnostics_T02_20200215.json
2026-05-07 01:09:17,743  INFO  [valuation] Top-5 features: ev_ebitda_vs_5y_median__pct_universe=0.076 | fcf_yield__pct_universe=0.051 | ps_ratio__pct_universe=0.044 | pb_ratio__pct_universe=0.044 | fcf_yield__pct_sector=0.044
2026-05-07 01:09:17,756  INFO  [valuation] Diagnostics → diagnostics_T02_20200215.json
2026-05-07 01:11:55,779  INFO  [momentum] Top-5 features: rsi_14=0.091 | rsi_28=0.083 | momentum_6m=0.068 | volatility_60d__pct_universe=0.064 | volatility_60d=0.060
2026-05-07 01:11:55,789  INFO  [momentum] Diagnostics → diagnostics_T02_20200215.json
2026-05-07 01:14:48,854  INFO  [bear] Top-5 features: consecutive_losses__pct_universe=0.089 | revenue_decline__pct_universe=0.049 | consecutive_losses__pct_sector=0.041 | interest_coverage__pct_universe=0.040 | current_ratio=0.039
2026-05-07 01:14:48,868  INFO  [bear] Diagnostics → diagnostics_T02_20200215.json
2026-05-07 01:14:48,968  INFO  [Fold T02_20200215] 1/3 — Entrenando SectorRotationAgent (top-down, nivel sector)...
2026-05-07 01:14:48,968  INFO  [SectorRotationAgent] Building sector dataset — 12928 ticker obs
2026-05-07 01:14:58,089  INFO  [FeatureSelector/sector_rotation] Step 1 — correlation >85%: removed 0 / 14 features
2026-05-07 01:14:58,498  INFO  [FeatureSelector/sector_rotation] Step 2 — combined score (w_relevance=0.65, w_importance=0.35)
2026-05-07 01:14:58,498  INFO  [FeatureSelector/sector_rotation] Step 3 — importance cutoff: top=0.1307, cutoff=0.40 (value=0.0523), min_keep=6, max_keep=10
2026-05-07 01:14:58,498  INFO  [FeatureSelector/sector_rotation]   Feature                               Combined     Imp_RF     pb_y
2026-05-07 01:14:58,498  INFO  [FeatureSelector/sector_rotation]   ----------------------------------- ---------- ---------- --------
2026-05-07 01:14:58,498  INFO  [FeatureSelector/sector_rotation]    1. fcf_yield                             0.7735     0.1307    0.074  weight= 14.78%
2026-05-07 01:14:58,498  INFO  [FeatureSelector/sector_rotation]    2. net_margin                            0.6309     0.1188    0.055  weight= 13.43%
2026-05-07 01:14:58,498  INFO  [FeatureSelector/sector_rotation]    3. earnings_yield                        0.9319     0.1053    0.111  weight= 11.91%
2026-05-07 01:14:58,498  INFO  [FeatureSelector/sector_rotation]    4. pe_vs_5y_median                       0.3682     0.0947    0.022  weight= 10.71%
2026-05-07 01:14:58,498  INFO  [FeatureSelector/sector_rotation]    5. momentum_6m                           0.2781     0.0886    0.010  weight= 10.03%
2026-05-07 01:14:58,498  INFO  [FeatureSelector/sector_rotation]    6. momentum_3m                           0.4131     0.0748    0.039  weight=  8.46%
2026-05-07 01:14:58,498  INFO  [FeatureSelector/sector_rotation]    7. revenue_yoy_growth                    0.2686     0.0742    0.015  weight=  8.39%
2026-05-07 01:14:58,498  INFO  [FeatureSelector/sector_rotation]    8. roic                                  0.5292     0.0678    0.061  weight=  7.67%
2026-05-07 01:14:58,498  INFO  [FeatureSelector/sector_rotation]    9. price_vs_52w_high                     0.2299     0.0657    0.012  weight=  7.44%
2026-05-07 01:14:58,498  INFO  [FeatureSelector/sector_rotation]   10. volatility_60d                        0.1903     0.0635    0.007  weight=  7.19%
2026-05-07 01:14:58,498  INFO  [FeatureSelector/sector_rotation]   Discarded by low combined score (4): ev_to_ebitda, fcf_margin, sector_vs_market_momentum, risk_adjusted_sector_momentum
2026-05-07 01:14:58,508  INFO  [FeatureSelector/sector_rotation] Summary: 14 features → pair_drop=0 → corr_drop=0 → imp_drop=4 → 10 selected (cutoff rule + [6,10])
2026-05-07 01:14:58,513  INFO  [SectorRotationAgent] 960 sector obs | 676 outperform / 284 underperform sectors | 10 features
2026-05-07 01:15:01,087  INFO  [SectorRotationAgent] CV AUC=0.5500 ± 0.0217
2026-05-07 01:15:02,542  INFO  [sector_rotation] Top-5 features: net_margin=0.143 | fcf_yield=0.118 | earnings_yield=0.118 | volatility_60d=0.099 | roic=0.098
2026-05-07 01:15:02,547  INFO  [sector_rotation] Diagnostics → diagnostics_T02_20200215.json
2026-05-07 01:15:02,547  INFO  [Fold T02_20200215] 2/3 — Generando scores OOF (3 splits temporales) como input del MetaLearner...
2026-05-07 01:15:02,573  INFO    [OOF] fundamental: generating anti-leakage scores (3 quarter-level temporal splits)
2026-05-07 01:18:49,400  INFO    [OOF/RuleIC] fundamental: rule_signal Spearman IC=0.0349 (n=8484) — predictive ✓
2026-05-07 01:18:49,400  INFO    [OOF] valuation: generating anti-leakage scores (3 quarter-level temporal splits)
2026-05-07 01:21:40,809  INFO    [OOF/RuleIC] valuation: rule_signal Spearman IC=0.0042 (n=8484) — weak/noise
2026-05-07 01:21:40,811  INFO    [OOF] momentum: generating anti-leakage scores (3 quarter-level temporal splits)
2026-05-07 01:25:25,106  INFO    [OOF/RuleIC] momentum: rule_signal Spearman IC=-0.0249 (n=8484) — inverted ⚠
2026-05-07 01:25:25,106  INFO    [OOF] bear: generating anti-leakage scores (3 quarter-level temporal splits)
2026-05-07 01:29:25,788  INFO    [OOF/RuleIC] bear: rule_signal Spearman IC=-0.0179 (n=8484) — weak/noise
2026-05-07 01:29:25,790  INFO    [OOF] sector_rotation: generating OOF sector scores (3 quarter-level splits)
2026-05-07 01:29:25,814  INFO  [SectorRotationAgent] Building sector dataset — 4444 ticker obs
2026-05-07 01:29:29,140  INFO  [FeatureSelector/sector_rotation] Step 1 — correlation >85%: removed 0 / 14 features
2026-05-07 01:29:29,492  INFO  [FeatureSelector/sector_rotation] Step 2 — combined score (w_relevance=0.65, w_importance=0.35)
2026-05-07 01:29:29,502  INFO  [FeatureSelector/sector_rotation] Step 3 — importance cutoff: top=0.1290, cutoff=0.40 (value=0.0516), min_keep=6, max_keep=10
2026-05-07 01:29:29,502  INFO  [FeatureSelector/sector_rotation]   Feature                               Combined     Imp_RF     pb_y
2026-05-07 01:29:29,502  INFO  [FeatureSelector/sector_rotation]   ----------------------------------- ---------- ---------- --------
2026-05-07 01:29:29,502  INFO  [FeatureSelector/sector_rotation]    1. net_margin                            0.4354     0.1290    0.029  weight= 14.78%
2026-05-07 01:29:29,502  INFO  [FeatureSelector/sector_rotation]    2. roic                                  0.9771     0.1206    0.128  weight= 13.81%
2026-05-07 01:29:29,502  INFO  [FeatureSelector/sector_rotation]    3. fcf_yield                             0.8358     0.1052    0.111  weight= 12.05%
2026-05-07 01:29:29,502  INFO  [FeatureSelector/sector_rotation]    4. earnings_yield                        0.8932     0.0897    0.128  weight= 10.28%
2026-05-07 01:29:29,502  INFO  [FeatureSelector/sector_rotation]    5. momentum_3m                           0.7219     0.0801    0.103  weight=  9.18%
2026-05-07 01:29:29,502  INFO  [FeatureSelector/sector_rotation]    6. momentum_6m                           0.3929     0.0797    0.045  weight=  9.13%
2026-05-07 01:29:29,502  INFO  [FeatureSelector/sector_rotation]    7. ev_to_ebitda                          0.2570     0.0690    0.026  weight=  7.90%
2026-05-07 01:29:29,502  INFO  [FeatureSelector/sector_rotation]    8. revenue_yoy_growth                    0.4325     0.0682    0.057  weight=  7.81%
2026-05-07 01:29:29,502  INFO  [FeatureSelector/sector_rotation]    9. volatility_60d                        0.1783     0.0657    0.014  weight=  7.53%
2026-05-07 01:29:29,502  INFO  [FeatureSelector/sector_rotation]   10. pe_vs_5y_median                       0.5660     0.0657    0.082  weight=  7.53%
2026-05-07 01:29:29,502  INFO  [FeatureSelector/sector_rotation]   Discarded by low combined score (4): price_vs_52w_high, fcf_margin, sector_vs_market_momentum, risk_adjusted_sector_momentum
2026-05-07 01:29:29,509  INFO  [FeatureSelector/sector_rotation] Summary: 14 features → pair_drop=0 → corr_drop=0 → imp_drop=4 → 10 selected (cutoff rule + [6,10])
2026-05-07 01:29:29,516  INFO  [SectorRotationAgent] 330 sector obs | 285 outperform / 45 underperform sectors | 10 features
2026-05-07 01:29:30,927  INFO  [SectorRotationAgent] CV AUC=0.4318 ± 0.1182
2026-05-07 01:29:31,686  INFO  [SectorRotationAgent] Sector scores:
2026-05-07 01:29:31,686  INFO      Electrical Equipment            score=0.997
2026-05-07 01:29:31,686  INFO      Industrial Conglomerates        score=0.994
2026-05-07 01:29:31,686  INFO      Consumer Discretionary          score=0.993
2026-05-07 01:29:31,686  INFO      Life Sciences Tools & Services  score=0.992
2026-05-07 01:29:31,686  INFO      Financials                      score=0.990
2026-05-07 01:29:31,686  INFO      Technology                      score=0.990
2026-05-07 01:29:31,686  INFO      Banking                         score=0.988
2026-05-07 01:29:31,686  INFO      Road & Rail                     score=0.987
2026-05-07 01:29:31,686  INFO      Industrials                     score=0.986
2026-05-07 01:29:31,686  INFO      Health Care                     score=0.984
2026-05-07 01:29:31,686  INFO      Communications                  score=0.980
2026-05-07 01:29:31,686  INFO      Leisure Products                score=0.980
2026-05-07 01:29:31,686  INFO      Tobacco                         score=0.978
2026-05-07 01:29:31,686  INFO      Communication Services          score=0.978
2026-05-07 01:29:31,686  INFO      Professional Services           score=0.978
2026-05-07 01:29:31,686  INFO      Consumer Staples                score=0.977
2026-05-07 01:29:31,686  INFO      Healthcare                      score=0.973
2026-05-07 01:29:31,686  INFO      Construction                    score=0.971
2026-05-07 01:29:31,686  INFO      Machinery                       score=0.965
2026-05-07 01:29:31,686  INFO      Distributors                    score=0.960
2026-05-07 01:29:31,686  INFO      Building                        score=0.954
2026-05-07 01:29:31,695  INFO      Hotels, Restaurants & Leisure   score=0.954
2026-05-07 01:29:31,695  INFO      Energy                          score=0.950
2026-05-07 01:29:31,696  INFO      Materials                       score=0.943
2026-05-07 01:29:31,696  INFO      Telecommunication               score=0.927
2026-05-07 01:29:31,696  INFO      Trading Companies & Distributors  score=0.921
2026-05-07 01:29:31,697  INFO      Utilities                       score=0.920
2026-05-07 01:29:31,697  INFO      Airlines                        score=0.919
2026-05-07 01:29:31,697  INFO      Commercial Services & Supplies  score=0.902
2026-05-07 01:29:31,697  INFO      Packaging                       score=0.898
2026-05-07 01:29:31,697  INFO      Consumer products               score=0.868
2026-05-07 01:29:31,698  INFO      Real Estate                     score=0.793
2026-05-07 01:29:31,698  INFO      Diversified Consumer Services   score=0.606
2026-05-07 01:29:31,698  INFO      Textiles, Apparel & Luxury Goods  score=0.501
2026-05-07 01:29:31,698  INFO      Auto Components                 score=0.416
2026-05-07 01:29:31,698  INFO      Metals & Mining                 score=0.299
2026-05-07 01:29:31,726  INFO  [SectorRotationAgent] Building sector dataset — 8888 ticker obs
2026-05-07 01:29:37,773  INFO  [FeatureSelector/sector_rotation] Step 1 — correlation >85%: removed 0 / 14 features
2026-05-07 01:29:38,163  INFO  [FeatureSelector/sector_rotation] Step 2 — combined score (w_relevance=0.65, w_importance=0.35)
2026-05-07 01:29:38,163  INFO  [FeatureSelector/sector_rotation] Step 3 — importance cutoff: top=0.1458, cutoff=0.40 (value=0.0583), min_keep=6, max_keep=10
2026-05-07 01:29:38,163  INFO  [FeatureSelector/sector_rotation]   Feature                               Combined     Imp_RF     pb_y
2026-05-07 01:29:38,163  INFO  [FeatureSelector/sector_rotation]   ----------------------------------- ---------- ---------- --------
2026-05-07 01:29:38,163  INFO  [FeatureSelector/sector_rotation]    1. earnings_yield                        1.0000     0.1458    0.162  weight= 16.58%
2026-05-07 01:29:38,163  INFO  [FeatureSelector/sector_rotation]    2. fcf_yield                             0.7050     0.1310    0.099  weight= 14.91%
2026-05-07 01:29:38,163  INFO  [FeatureSelector/sector_rotation]    3. net_margin                            0.3574     0.1014    0.031  weight= 11.53%
2026-05-07 01:29:38,163  INFO  [FeatureSelector/sector_rotation]    4. roic                                  0.3810     0.0911    0.043  weight= 10.37%
2026-05-07 01:29:38,163  INFO  [FeatureSelector/sector_rotation]    5. momentum_3m                           0.3676     0.0749    0.049  weight=  8.52%
2026-05-07 01:29:38,163  INFO  [FeatureSelector/sector_rotation]    6. volatility_60d                        0.3071     0.0710    0.037  weight=  8.08%
2026-05-07 01:29:38,163  INFO  [FeatureSelector/sector_rotation]    7. pe_vs_5y_median                       0.3411     0.0677    0.047  weight=  7.70%
2026-05-07 01:29:38,174  INFO  [FeatureSelector/sector_rotation]    8. momentum_6m                           0.2552     0.0658    0.027  weight=  7.49%
2026-05-07 01:29:38,174  INFO  [FeatureSelector/sector_rotation]    9. price_vs_52w_high                     0.3462     0.0655    0.049  weight=  7.45%
2026-05-07 01:29:38,174  INFO  [FeatureSelector/sector_rotation]   10. ev_to_ebitda                          0.4967     0.0648    0.087  weight=  7.37%
2026-05-07 01:29:38,174  INFO  [FeatureSelector/sector_rotation]   Discarded by low combined score (4): revenue_yoy_growth, fcf_margin, sector_vs_market_momentum, risk_adjusted_sector_momentum
2026-05-07 01:29:38,174  INFO  [FeatureSelector/sector_rotation] Summary: 14 features → pair_drop=0 → corr_drop=0 → imp_drop=4 → 10 selected (cutoff rule + [6,10])
2026-05-07 01:29:38,181  INFO  [SectorRotationAgent] 660 sector obs | 512 outperform / 148 underperform sectors | 10 features
2026-05-07 01:29:40,180  INFO  [SectorRotationAgent] CV AUC=0.5789 ± 0.0438
2026-05-07 01:29:41,333  INFO  [SectorRotationAgent] Sector scores:
2026-05-07 01:29:41,334  INFO      Road & Rail                     score=0.943
2026-05-07 01:29:41,334  INFO      Metals & Mining                 score=0.941
2026-05-07 01:29:41,335  INFO      Packaging                       score=0.934
2026-05-07 01:29:41,335  INFO      Electrical Equipment            score=0.933
2026-05-07 01:29:41,335  INFO      Consumer products               score=0.922
2026-05-07 01:29:41,335  INFO      Auto Components                 score=0.921
2026-05-07 01:29:41,335  INFO      Communications                  score=0.914
2026-05-07 01:29:41,335  INFO      Consumer Discretionary          score=0.910
2026-05-07 01:29:41,335  INFO      Banking                         score=0.909
2026-05-07 01:29:41,335  INFO      Industrial Conglomerates        score=0.909
2026-05-07 01:29:41,335  INFO      Consumer Staples                score=0.892
2026-05-07 01:29:41,335  INFO      Diversified Consumer Services   score=0.890
2026-05-07 01:29:41,339  INFO      Industrials                     score=0.886
2026-05-07 01:29:41,339  INFO      Building                        score=0.882
2026-05-07 01:29:41,340  INFO      Financials                      score=0.873
2026-05-07 01:29:41,340  INFO      Distributors                    score=0.872
2026-05-07 01:29:41,340  INFO      Trading Companies & Distributors  score=0.872
2026-05-07 01:29:41,340  INFO      Tobacco                         score=0.845
2026-05-07 01:29:41,342  INFO      Telecommunication               score=0.841
2026-05-07 01:29:41,342  INFO      Leisure Products                score=0.834
2026-05-07 01:29:41,342  INFO      Life Sciences Tools & Services  score=0.832
2026-05-07 01:29:41,342  INFO      Health Care                     score=0.823
2026-05-07 01:29:41,343  INFO      Energy                          score=0.808
2026-05-07 01:29:41,343  INFO      Technology                      score=0.807
2026-05-07 01:29:41,343  INFO      Textiles, Apparel & Luxury Goods  score=0.791
2026-05-07 01:29:41,344  INFO      Utilities                       score=0.780
2026-05-07 01:29:41,344  INFO      Materials                       score=0.774
2026-05-07 01:29:41,345  INFO      Machinery                       score=0.738
2026-05-07 01:29:41,345  INFO      Healthcare                      score=0.721
2026-05-07 01:29:41,345  INFO      Commercial Services & Supplies  score=0.687
2026-05-07 01:29:41,345  INFO      Airlines                        score=0.685
2026-05-07 01:29:41,345  INFO      Construction                    score=0.672
2026-05-07 01:29:41,345  INFO      Communication Services          score=0.658
2026-05-07 01:29:41,347  INFO      Hotels, Restaurants & Leisure   score=0.644
2026-05-07 01:29:41,347  INFO      Professional Services           score=0.546
2026-05-07 01:29:41,347  INFO      Real Estate                     score=0.276
2026-05-07 01:29:41,409  INFO  [OOF/bear_risk] n=12928 | min=0.0734 q10=0.3321 q25=0.3952 mean=0.4518 q50=0.4874 q75=0.5000 q90=0.5206 max=0.8224
2026-05-07 01:29:41,409  INFO  [OOF/bear_risk] cobertura umbral: >=0.50=47.5% | >=0.55=6.5% | >=0.60=3.1%
2026-05-07 01:29:41,417  INFO  [OOF/bear_safety] n=12928 | min=0.1776 q10=0.4794 q25=0.5000 mean=0.5482 q50=0.5126 q75=0.6048 q90=0.6679 max=0.9266
2026-05-07 01:29:41,417  INFO  [OOF/bear_safety] cobertura umbral: >=0.50=86.9% | >=0.55=40.9% | >=0.60=26.5%
2026-05-07 01:29:41,430  INFO  [OOF/sector_score] n=12928 | min=0.2761 q10=0.5000 q25=0.5000 mean=0.7406 q50=0.8069 q75=0.9429 q90=0.9904 max=0.9966
2026-05-07 01:29:41,430  INFO  [OOF/sector_score] cobertura umbral: >=0.50=97.4% | >=0.55=61.9% | >=0.60=61.9%
2026-05-07 01:29:41,450  INFO  [NeutralPenalty] bear_score: penalized 4444 neutral scores 0.500 -> 0.250
2026-05-07 01:29:42,257  INFO  [AgentTemporal] Fold T02_20200215 validation -> agent_temporal_validation.csv
2026-05-07 01:29:42,267  INFO  [AgentTemporal] bear mult=1.003 rel=0.503 up=50.27% tp=50.27% trend=+0.0002 q=32
2026-05-07 01:29:42,267  INFO  [AgentTemporal] fundamental mult=0.999 rel=0.499 up=49.90% tp=49.90% trend=-0.0004 q=32
2026-05-07 01:29:42,267  INFO  [AgentTemporal] momentum mult=0.967 rel=0.464 up=46.50% tp=46.50% trend=-0.0023 q=32
2026-05-07 01:29:42,267  INFO  [AgentTemporal] valuation mult=1.009 rel=0.510 up=50.96% tp=50.96% trend=+0.0006 q=32
2026-05-07 01:29:42,325  INFO  [Diversity] bear_score multiplier=0.757
2026-05-07 01:29:42,325  INFO  [Diversity] fundamental_score multiplier=0.771
2026-05-07 01:29:42,325  INFO  [Diversity] momentum_score multiplier=0.754
2026-05-07 01:29:42,325  INFO  [Diversity] sector_score multiplier=0.782
2026-05-07 01:29:42,325  INFO  [Diversity] valuation_score multiplier=0.777
2026-05-07 01:29:42,776  INFO  [RuleQuality] bear multiplier=0.000
2026-05-07 01:29:42,776  INFO  [RuleQuality] fundamental multiplier=0.000
2026-05-07 01:29:42,776  INFO  [RuleQuality] momentum multiplier=0.000
2026-05-07 01:29:42,776  INFO  [RuleQuality] valuation multiplier=0.000
2026-05-07 01:29:42,858  INFO  [Dispersion] SCORE_DISPERSION_MIN_STD=0.0500
2026-05-07 01:29:42,858  INFO  [Dispersion] SCORE_DISPERSION_MIN_SCALE=0.3500
2026-05-07 01:29:42,858  INFO  [Dispersion] fundamental_score: std=0.113211 -> scale=1.0000 (sin shrink)
2026-05-07 01:29:42,868  INFO  [Dispersion] valuation_score: std=0.112782 -> scale=1.0000 (sin shrink)
2026-05-07 01:29:42,869  INFO  [Dispersion] momentum_score: std=0.108087 -> scale=1.0000 (sin shrink)
2026-05-07 01:29:42,870  INFO  [Dispersion] bear_score: std=0.131244 -> scale=1.0000 (sin shrink)
2026-05-07 01:29:42,871  INFO  [Dispersion] sector_score: std=0.167949 -> scale=1.0000 (sin shrink)
2026-05-07 01:29:42,871  INFO  [Fold T02_20200215] 2/3 — Entrenando MetaLearner sobre scores OOF (anti-leakage)...
2026-05-07 01:29:48,445  INFO  [alpha_meta_learner] Diagnostics → diagnostics_T02_20200215.json
2026-05-07 01:29:48,445  INFO  [Fold T02_20200215] 3/3 — Generando predicciones sobre el quarter de test (404 tickers)...
2026-05-07 01:29:53,726  INFO  [AgentScore/fundamental] n=404 | min=0.3378 q10=0.4503 q25=0.4803 mean=0.5038 q50=0.5055 q75=0.5296 q90=0.5580 max=0.6402
2026-05-07 01:29:53,726  INFO  [AgentScore/fundamental] cobertura umbral: >=0.50=55.0% | >=0.55=12.4% | >=0.60=1.0%
2026-05-07 01:29:57,857  INFO  [AgentScore/valuation] n=404 | min=0.3631 q10=0.4352 q25=0.4580 mean=0.4951 q50=0.4856 q75=0.5187 q90=0.5763 max=0.7643
2026-05-07 01:29:57,857  INFO  [AgentScore/valuation] cobertura umbral: >=0.50=37.1% | >=0.55=13.9% | >=0.60=6.9%
2026-05-07 01:30:02,284  INFO  [AgentScore/momentum] n=404 | min=0.3907 q10=0.4460 q25=0.4711 mean=0.5007 q50=0.4989 q75=0.5302 q90=0.5565 max=0.6379
2026-05-07 01:30:02,284  INFO  [AgentScore/momentum] cobertura umbral: >=0.50=48.8% | >=0.55=12.1% | >=0.60=0.5%
2026-05-07 01:30:07,196  INFO  [AgentScore/bear/risk] n=404 | min=0.3341 q10=0.4201 q25=0.4496 mean=0.4879 q50=0.4873 q75=0.5253 q90=0.5549 max=0.6527
2026-05-07 01:30:07,196  INFO  [AgentScore/bear/risk] cobertura umbral: >=0.50=42.8% | >=0.55=11.4% | >=0.60=2.0%
2026-05-07 01:30:07,210  INFO  [AgentScore/bear/safety] n=404 | min=0.3473 q10=0.4451 q25=0.4747 mean=0.5121 q50=0.5127 q75=0.5504 q90=0.5799 max=0.6659
2026-05-07 01:30:07,210  INFO  [AgentScore/bear/safety] cobertura umbral: >=0.50=57.2% | >=0.55=25.2% | >=0.60=4.7%
2026-05-07 01:30:07,234  INFO  [AgentScore/ensemble_mean_pre_meta] n=404 | min=0.4133 q10=0.4666 q25=0.4840 mean=0.5029 q50=0.5022 q75=0.5199 q90=0.5382 max=0.6404
2026-05-07 01:30:07,234  INFO  [AgentScore/ensemble_mean_pre_meta] cobertura umbral: >=0.50=53.5% | >=0.55=5.7% | >=0.60=0.2%
2026-05-07 01:30:07,339  INFO  [SectorRotationAgent] Sector scores:
2026-05-07 01:30:07,340  INFO      Communications                  score=0.944
2026-05-07 01:30:07,340  INFO      Distributors                    score=0.916
2026-05-07 01:30:07,341  INFO      Industrials                     score=0.875
2026-05-07 01:30:07,341  INFO      Diversified Consumer Services   score=0.869
2026-05-07 01:30:07,342  INFO      Technology                      score=0.862
2026-05-07 01:30:07,342  INFO      Machinery                       score=0.860
2026-05-07 01:30:07,342  INFO      Packaging                       score=0.858
2026-05-07 01:30:07,343  INFO      Health Care                     score=0.815
2026-05-07 01:30:07,343  INFO      Communication Services          score=0.807
2026-05-07 01:30:07,343  INFO      Electrical Equipment            score=0.804
2026-05-07 01:30:07,344  INFO      Trading Companies & Distributors  score=0.773
2026-05-07 01:30:07,344  INFO      Financials                      score=0.764
2026-05-07 01:30:07,344  INFO      Commercial Services & Supplies  score=0.763
2026-05-07 01:30:07,345  INFO      Life Sciences Tools & Services  score=0.747
2026-05-07 01:30:07,345  INFO      Consumer Discretionary          score=0.742
2026-05-07 01:30:07,346  INFO      Consumer products               score=0.741
2026-05-07 01:30:07,346  INFO      Airlines                        score=0.735
2026-05-07 01:30:07,346  INFO      Professional Services           score=0.711
2026-05-07 01:30:07,346  INFO      Auto Components                 score=0.665
2026-05-07 01:30:07,347  INFO      Materials                       score=0.659
2026-05-07 01:30:07,347  INFO      Consumer Staples                score=0.637
2026-05-07 01:30:07,348  INFO      Industrial Conglomerates        score=0.607
2026-05-07 01:30:07,348  INFO      Telecommunication               score=0.596
2026-05-07 01:30:07,348  INFO      Hotels, Restaurants & Leisure   score=0.595
2026-05-07 01:30:07,349  INFO      Energy                          score=0.536
2026-05-07 01:30:07,349  INFO      Leisure Products                score=0.523
2026-05-07 01:30:07,349  INFO      Road & Rail                     score=0.495
2026-05-07 01:30:07,350  INFO      Textiles, Apparel & Luxury Goods  score=0.448
2026-05-07 01:30:07,350  INFO      Building                        score=0.438
2026-05-07 01:30:07,351  INFO      Utilities                       score=0.432
2026-05-07 01:30:07,351  INFO      Construction                    score=0.417
2026-05-07 01:30:07,351  INFO      Metals & Mining                 score=0.367
2026-05-07 01:30:07,352  INFO      Tobacco                         score=0.291
2026-05-07 01:30:07,352  INFO      Banking                         score=0.268
2026-05-07 01:30:07,353  INFO      Healthcare                      score=0.249
2026-05-07 01:30:07,353  INFO      Real Estate                     score=0.134
2026-05-07 01:30:07,746  INFO  [Meta/final_score_pre_sector_adjust] n=404 | min=0.1532 q10=0.2478 q25=0.3494 mean=0.4956 q50=0.4929 q75=0.6518 q90=0.7410 max=0.8654
2026-05-07 01:30:07,748  INFO  [Meta/final_score_pre_sector_adjust] cobertura umbral: >=0.50=48.8% | >=0.55=40.3% | >=0.60=31.9%
2026-05-07 01:30:07,783  INFO  [SectorAdjust] params: SECTOR_CONFIDENCE_PEERS=10, SECTOR_SCORE_PRIOR_BASE=0.500, SECTOR_SCORE_PRIOR_WEIGHT=0.150
2026-05-07 01:30:07,796  INFO  [SectorAdjust/final_score_raw] n=404 | min=0.1532 q10=0.2478 q25=0.3494 mean=0.4956 q50=0.4929 q75=0.6518 q90=0.7410 max=0.8654
2026-05-07 01:30:07,797  INFO  [SectorAdjust/final_score_raw] cobertura umbral: >=0.50=48.8% | >=0.55=40.3% | >=0.60=31.9%
2026-05-07 01:30:07,804  INFO  [SectorAdjust/sector_score] n=404 | min=0.2140 q10=0.3182 q25=0.5282 mean=0.6167 q50=0.6896 q75=0.7466 q90=0.7832 max=0.8473
2026-05-07 01:30:07,804  INFO  [SectorAdjust/sector_score] cobertura umbral: >=0.50=75.7% | >=0.55=71.3% | >=0.60=66.6%
2026-05-07 01:30:07,812  INFO  [SectorAdjust/sector_confidence] n=404 | min=0.3162 q10=0.7071 q25=1.0000 mean=0.9357 q50=1.0000 q75=1.0000 q90=1.0000 max=1.0000
2026-05-07 01:30:07,812  INFO  [SectorAdjust/sector_confidence] cobertura umbral: >=0.50=97.8% | >=0.55=94.1% | >=0.60=94.1%
2026-05-07 01:30:07,817  INFO  [SectorAdjust/sector_tilt] n=404 | min=-0.0429 q10=-0.0273 q25=0.0042 mean=0.0165 q50=0.0283 q75=0.0338 q90=0.0425 max=0.0440
2026-05-07 01:30:07,817  INFO  [SectorAdjust/sector_tilt] cobertura umbral: >=0.50=0.0% | >=0.55=0.0% | >=0.60=0.0%
2026-05-07 01:30:07,826  INFO  [SectorAdjust/final_score_adjusted] n=404 | min=0.1103 q10=0.2687 q25=0.3659 mean=0.5121 q50=0.5045 q75=0.6623 q90=0.7686 max=0.9079
2026-05-07 01:30:07,826  INFO  [SectorAdjust/final_score_adjusted] cobertura umbral: >=0.50=50.7% | >=0.55=43.1% | >=0.60=34.2%
2026-05-07 01:30:07,828  INFO  [RiskDiag] bear_risk>=hard_threshold(0.90): 0/404 (0.0%)
2026-05-07 01:30:07,831  INFO  [Fold T02_20200215] 3/3 — Predicciones listas. Scores en rango [0.110, 0.908]
2026-05-07 01:30:07,877  INFO  [FeatureUsage] Reporte fold T02_20200215 -> feature_usage_report.csv
2026-05-07 01:30:09,715  INFO  [Visualizer] Distribucion scores -> score_distribution_T02_20200215.png
2026-05-07 01:31:11,018  INFO  [Backtester] 2020Q1: 337 tickers superaron umbral 0.00 â†’ selecting target=7, final=7 (min=3, sector_cap=3)
2026-05-07 01:31:11,018  INFO  [Backtester] 2020Q1: precios parciales 2020-02-15 -> 2021-02-12 (teorico hasta 2021-02-15)
2026-05-07 01:31:11,074  INFO  [Trail] 2020Q1: 18 events → portfolio_trail_2020Q1.csv
2026-05-07 01:31:11,146  INFO  [Backtester] 2020Q1: optimizer=hrp pre-entry trailing window applied
2026-05-07 01:31:11,163  INFO  [Backtester] 2020Q1 â€” cartera final (hrp+cap(0.20), 7 stocks):
2026-05-07 01:31:11,165  INFO      NVDA      peso=0.076  score=0.908  ret=+70.31%
2026-05-07 01:31:11,167  INFO      LRCX      peso=0.094  score=0.907  ret=+80.17%
2026-05-07 01:31:11,168  INFO      AVGO      peso=0.121  score=0.855  ret=+56.50%
2026-05-07 01:31:11,170  INFO      EA        peso=0.191  score=0.848  ret=+34.97%
2026-05-07 01:31:11,172  INFO      TTWO      peso=0.117  score=0.830  ret=+76.20%
2026-05-07 01:31:11,173  INFO      AMZN      peso=0.200  score=0.833  ret=+39.57%
2026-05-07 01:31:11,175  INFO      CHTR      peso=0.200  score=0.805  ret=+14.11%
2026-05-07 01:31:11,194  INFO  [Backtester] 2020Q1 â€” 7 stocks | Cartera=+49.76%  Benchmark=+16.75%  Alpha=+33.01%  Sharpe=1.25
2026-05-07 01:32:07,921  WARNING  [T02_20200215] Source audit detected 2828 incidents (diagnostic-only).
2026-05-07 01:32:07,925  WARNING  [T02_20200215] Strict fold leakage detected: 404 rows after as-of.
2026-05-07 01:32:09,080  INFO  [Trail] Exported 20 trailing stop events to trailing_stop_evolution.csv
2026-05-07 01:32:16,198  INFO  [Visualizer] Rendimiento 2020Q1 -> performance.png
2026-05-07 01:32:17,811  INFO  [FoldReport] Fold 2020Q1: scores for 404 tickers saved â†’ scores.csv
2026-05-07 01:32:18,266  INFO  [Visualizer] Feature importances -> feat_imp_fundamental_T02_20200215.png
2026-05-07 01:32:18,734  INFO  [Visualizer] Feature importances -> feat_imp_valuation_T02_20200215.png
2026-05-07 01:32:19,174  INFO  [Visualizer] Feature importances -> feat_imp_momentum_T02_20200215.png
2026-05-07 01:32:19,621  INFO  [Visualizer] Feature importances -> feat_imp_bear_T02_20200215.png
2026-05-07 01:32:19,913  INFO  [Visualizer] Feature importances -> feat_imp_sector_rotation_T02_20200215.png
2026-05-07 01:32:20,240  INFO  [Explainer] Fold 2020Q1: explicaciones de 60 tickers -> ticker_explanations.csv y ticker_explanations.json
2026-05-07 01:32:20,252  INFO  [T03_20210215] SP500 dynamic @entry 2021-02-15: 505 active members
2026-05-07 01:32:20,253  INFO  [T03_20210215] Cambios vs fold previo (2020-02-15 -> 2021-02-15): +22 entran, -22 salen
2026-05-07 01:32:20,254  INFO  [T03_20210215]   Entran (muestra): BIO, CARR, CTLT, DPZ, DXCM, ENPH, ETSY, HWM, LUMN, MPWR, OTIS, POOL
2026-05-07 01:32:20,254  INFO  [T03_20210215]   Salen  (muestra): ADS, AGN, AIV, ARNC, COTY, CPRI, CTL, CXO, ETFC, FTI, HOG, HP
2026-05-07 01:32:20,501  INFO  [T03_20210215] Cobertura test pre-filtro: 544 tickers con snapshot/relleno
2026-05-07 01:32:20,503  INFO  [T03_20210215] Filtro SP500 @entry: 544 -> 452 tickers (excluidos por no ser miembro activo: 92)
2026-05-07 01:32:20,503  INFO  [T03_20210215]   No miembro SP500 @entry (muestra): ACGL, AET, AIV, AMG, ARES, AXON, BALL, BBWI, BG, BHF, BLDR, BRO
2026-05-07 01:32:20,503  INFO  [T03_20210215]   Miembros SP500 sin snapshot usable en quarter (muestra): ABC, ABMD, ALXN, ANSS, ANTM, ATVI, BLL, CERN, CMA, COG, CTLT, CTXS
2026-05-07 01:32:20,936  INFO  [T03_20210215] Universo base fold (SP500 @entry): 505 tickers
2026-05-07 01:32:20,936  INFO  [T03_20210215]   Fuera del universo base @entry (muestra): ABNB, ACGL, AET, AIV, AMG, AMTM, APO, APP, ARES, AXON, BALL, BBWI
2026-05-07 01:32:20,944  INFO  [T03_20210215]   Excluidos por historial insuficiente (<144M train): 452 | muestra: A, AAL, AAP, AAPL, ABBV, ABT, ACN, ADBE, ADI, ADM, ADP, ADSK
2026-05-07 01:32:20,944  INFO  [T03_20210215] Intento train=144M -> test elegible 0/505 (0.0%) | min requerido=379
2026-05-07 01:32:21,188  INFO  [T03_20210215] Cobertura test pre-filtro: 544 tickers con snapshot/relleno
2026-05-07 01:32:21,188  INFO  [T03_20210215] Filtro SP500 @entry: 544 -> 452 tickers (excluidos por no ser miembro activo: 92)
2026-05-07 01:32:21,188  INFO  [T03_20210215]   No miembro SP500 @entry (muestra): ACGL, AET, AIV, AMG, ARES, AXON, BALL, BBWI, BG, BHF, BLDR, BRO
2026-05-07 01:32:21,188  INFO  [T03_20210215]   Miembros SP500 sin snapshot usable en quarter (muestra): ABC, ABMD, ALXN, ANSS, ANTM, ATVI, BLL, CERN, CMA, COG, CTLT, CTXS
2026-05-07 01:32:21,596  INFO  [T03_20210215] Universo base fold (SP500 @entry): 505 tickers
2026-05-07 01:32:21,605  INFO  [T03_20210215]   Fuera del universo base @entry (muestra): ABNB, ACGL, AET, AIV, AMG, AMTM, APO, APP, ARES, AXON, BALL, BBWI
2026-05-07 01:32:21,606  INFO  [T03_20210215]   Excluidos por historial insuficiente (<132M train): 445 | muestra: A, AAL, AAP, AAPL, ABBV, ABT, ACN, ADBE, ADI, ADM, ADP, ADSK
2026-05-07 01:32:21,606  INFO  [T03_20210215] Intento train=132M -> test elegible 7/505 (1.4%) | min requerido=379
2026-05-07 01:32:21,843  INFO  [T03_20210215] Cobertura test pre-filtro: 544 tickers con snapshot/relleno
2026-05-07 01:32:21,843  INFO  [T03_20210215] Filtro SP500 @entry: 544 -> 452 tickers (excluidos por no ser miembro activo: 92)
2026-05-07 01:32:21,843  INFO  [T03_20210215]   No miembro SP500 @entry (muestra): ACGL, AET, AIV, AMG, ARES, AXON, BALL, BBWI, BG, BHF, BLDR, BRO
2026-05-07 01:32:21,843  INFO  [T03_20210215]   Miembros SP500 sin snapshot usable en quarter (muestra): ABC, ABMD, ALXN, ANSS, ANTM, ATVI, BLL, CERN, CMA, COG, CTLT, CTXS
2026-05-07 01:32:22,250  INFO  [T03_20210215] Universo base fold (SP500 @entry): 505 tickers
2026-05-07 01:32:22,250  INFO  [T03_20210215]   Fuera del universo base @entry (muestra): ABNB, ACGL, AET, AIV, AMG, AMTM, APO, APP, ARES, AXON, BALL, BBWI
2026-05-07 01:32:22,260  INFO  [T03_20210215]   Excluidos por historial insuficiente (<120M train): 74 | muestra: ABBV, ALLE, AMCR, ANET, APA, APTV, AVGO, BKR, CARR, CBOE, CDW, CFG
2026-05-07 01:32:22,260  INFO  [T03_20210215] Intento train=120M -> test elegible 378/505 (74.9%) | min requerido=379
2026-05-07 01:32:22,498  INFO  [T03_20210215] Cobertura test pre-filtro: 544 tickers con snapshot/relleno
2026-05-07 01:32:22,498  INFO  [T03_20210215] Filtro SP500 @entry: 544 -> 452 tickers (excluidos por no ser miembro activo: 92)
2026-05-07 01:32:22,498  INFO  [T03_20210215]   No miembro SP500 @entry (muestra): ACGL, AET, AIV, AMG, ARES, AXON, BALL, BBWI, BG, BHF, BLDR, BRO
2026-05-07 01:32:22,498  INFO  [T03_20210215]   Miembros SP500 sin snapshot usable en quarter (muestra): ABC, ABMD, ALXN, ANSS, ANTM, ATVI, BLL, CERN, CMA, COG, CTLT, CTXS
2026-05-07 01:32:22,886  INFO  [T03_20210215] Universo base fold (SP500 @entry): 505 tickers
2026-05-07 01:32:22,886  INFO  [T03_20210215]   Fuera del universo base @entry (muestra): ABNB, ACGL, AET, AIV, AMG, AMTM, APO, APP, ARES, AXON, BALL, BBWI
2026-05-07 01:32:22,890  INFO  [T03_20210215]   Excluidos por historial insuficiente (<108M train): 41 | muestra: ABBV, ALLE, AMCR, ANET, APTV, CARR, CDW, CFG, CTVA, DD, DOW, DXC
2026-05-07 01:32:22,890  INFO  [T03_20210215] Intento train=108M -> test elegible 411/505 (81.4%) | min requerido=379
2026-05-07 01:32:22,890  INFO  [T03_20210215] Ventana seleccionada: 108M (2012-02-15 -> 2021-02-15) | tickers elegibles=411
2026-05-07 01:32:22,918  INFO  [T03_20210215] Eligibility audit (9Y) -> ticker_eligibility_audit.csv
2026-05-07 01:32:22,919  INFO  [T03_20210215] Eligibility reason summary -> eligibility_reason_summary.csv
2026-05-07 01:32:22,922  INFO  
============================================================
2026-05-07 01:32:22,922  INFO    ANALYSIS T03_20210215
2026-05-07 01:32:22,922  INFO    Train : 2012-02-15 → 2021-02-15  (~9 years)
2026-05-07 01:32:22,922  INFO    Mode  : anchored-entry schedule
2026-05-07 01:32:22,922  INFO    Test  : snapshot simulado en 2021-02-15 (as-of exacto, sin lag)
2026-05-07 01:32:22,926  INFO  ============================================================
2026-05-07 01:32:22,927  INFO  [T03_20210215] Ventana real de precios: 2021-02-15 -> 2022-02-15 (254 dias)
2026-05-07 01:32:55,097  INFO  [TP/SL] Building adaptive labels for fold: train_rows=14796, test_rows=411, strategies=3
2026-05-07 01:32:55,097  INFO  [TP/SL] Strategy=conservative -> generating train adaptive targets...
2026-05-07 01:32:55,632  INFO  [TP/SL][conservative] Adaptive target pass start: rows=14796, lag_days=0, holding_months=12
2026-05-07 01:34:19,336  INFO  [TP/SL][conservative] progress: 739/14796 (5.0%) | TP=246 SL=209 NONE=284 | 83.7s elapsed (8.8 rows/s)
2026-05-07 01:35:42,979  INFO  [TP/SL][conservative] progress: 1478/14796 (10.0%) | TP=457 SL=418 NONE=603 | 167.3s elapsed (8.8 rows/s)
2026-05-07 01:37:06,495  INFO  [TP/SL][conservative] progress: 2217/14796 (15.0%) | TP=662 SL=666 NONE=889 | 250.9s elapsed (8.8 rows/s)
2026-05-07 01:38:29,071  INFO  [TP/SL][conservative] progress: 2956/14796 (20.0%) | TP=887 SL=897 NONE=1172 | 333.4s elapsed (8.9 rows/s)
2026-05-07 01:39:52,569  INFO  [TP/SL][conservative] progress: 3695/14796 (25.0%) | TP=1102 SL=1144 NONE=1449 | 416.9s elapsed (8.9 rows/s)
2026-05-07 01:41:15,450  INFO  [TP/SL][conservative] progress: 4434/14796 (30.0%) | TP=1358 SL=1364 NONE=1712 | 499.8s elapsed (8.9 rows/s)
2026-05-07 01:42:39,185  INFO  [TP/SL][conservative] progress: 5173/14796 (35.0%) | TP=1616 SL=1614 NONE=1943 | 583.6s elapsed (8.9 rows/s)
2026-05-07 01:44:02,283  INFO  [TP/SL][conservative] progress: 5912/14796 (40.0%) | TP=1826 SL=1876 NONE=2210 | 666.7s elapsed (8.9 rows/s)
2026-05-07 01:45:25,122  INFO  [TP/SL][conservative] progress: 6651/14796 (45.0%) | TP=2014 SL=2120 NONE=2517 | 749.5s elapsed (8.9 rows/s)
2026-05-07 01:46:49,246  INFO  [TP/SL][conservative] progress: 7390/14796 (49.9%) | TP=2243 SL=2358 NONE=2789 | 833.6s elapsed (8.9 rows/s)
2026-05-07 01:48:12,345  INFO  [TP/SL][conservative] progress: 8129/14796 (54.9%) | TP=2466 SL=2625 NONE=3038 | 916.7s elapsed (8.9 rows/s)
2026-05-07 01:49:35,415  INFO  [TP/SL][conservative] progress: 8868/14796 (59.9%) | TP=2679 SL=2859 NONE=3330 | 999.8s elapsed (8.9 rows/s)
2026-05-07 01:50:58,301  INFO  [TP/SL][conservative] progress: 9607/14796 (64.9%) | TP=2907 SL=3076 NONE=3624 | 1082.7s elapsed (8.9 rows/s)
2026-05-07 01:52:21,965  INFO  [TP/SL][conservative] progress: 10346/14796 (69.9%) | TP=3102 SL=3326 NONE=3918 | 1166.3s elapsed (8.9 rows/s)
2026-05-07 01:53:46,022  INFO  [TP/SL][conservative] progress: 11085/14796 (74.9%) | TP=3325 SL=3602 NONE=4158 | 1250.4s elapsed (8.9 rows/s)
2026-05-07 01:55:09,892  INFO  [TP/SL][conservative] progress: 11824/14796 (79.9%) | TP=3516 SL=3864 NONE=4444 | 1334.3s elapsed (8.9 rows/s)
2026-05-07 01:56:33,696  INFO  [TP/SL][conservative] progress: 12563/14796 (84.9%) | TP=3756 SL=4087 NONE=4720 | 1418.1s elapsed (8.9 rows/s)
2026-05-07 01:57:56,413  INFO  [TP/SL][conservative] progress: 13302/14796 (89.9%) | TP=3983 SL=4309 NONE=5010 | 1500.8s elapsed (8.9 rows/s)
2026-05-07 01:59:19,716  INFO  [TP/SL][conservative] progress: 14041/14796 (94.9%) | TP=4195 SL=4574 NONE=5272 | 1584.1s elapsed (8.9 rows/s)
2026-05-07 02:00:42,753  INFO  [TP/SL][conservative] progress: 14780/14796 (99.9%) | TP=4441 SL=4813 NONE=5526 | 1667.1s elapsed (8.9 rows/s)
2026-05-07 02:00:44,862  INFO  [TP/SL][conservative] progress: 14796/14796 (100.0%) | TP=4448 SL=4822 NONE=5526 | 1669.2s elapsed (8.9 rows/s)
2026-05-07 02:00:44,890  INFO  [TP/SL][conservative] pass complete: rows=14796 | TP=4448 SL=4822 NONE=5526 | 1669.3s total
2026-05-07 02:00:44,901  INFO  [TP/SL] Strategy=conservative -> generating test adaptive targets...
2026-05-07 02:00:45,433  INFO  [TP/SL][conservative] Adaptive target pass start: rows=411, lag_days=0, holding_months=12
2026-05-07 02:01:21,371  INFO  [TP/SL][conservative] progress: 250/411 (60.8%) | TP=125 SL=60 NONE=65 | 35.9s elapsed (7.0 rows/s)
2026-05-07 02:01:44,607  INFO  [TP/SL][conservative] progress: 411/411 (100.0%) | TP=208 SL=102 NONE=101 | 59.2s elapsed (6.9 rows/s)
2026-05-07 02:01:44,607  INFO  [TP/SL][conservative] pass complete: rows=411 | TP=208 SL=102 NONE=101 | 59.2s total
2026-05-07 02:01:44,622  INFO  [TP/SL] Strategy=conservative ready: utility=0.0100, hit_rate=30.06%, train_labels=14796, test_labels=411 [1729.5s]
2026-05-07 02:01:44,623  INFO  [TP/SL] Strategy=balanced -> generating train adaptive targets...
2026-05-07 02:01:45,154  INFO  [TP/SL][balanced] Adaptive target pass start: rows=14796, lag_days=0, holding_months=12
2026-05-07 02:02:02,300  INFO  [TP/SL][balanced] progress: 739/14796 (5.0%) | TP=190 SL=193 NONE=356 | 17.1s elapsed (43.1 rows/s)
2026-05-07 02:02:19,007  INFO  [TP/SL][balanced] progress: 1478/14796 (10.0%) | TP=351 SL=390 NONE=737 | 33.9s elapsed (43.7 rows/s)
2026-05-07 02:02:36,073  INFO  [TP/SL][balanced] progress: 2217/14796 (15.0%) | TP=502 SL=619 NONE=1096 | 50.9s elapsed (43.5 rows/s)
2026-05-07 02:02:52,412  INFO  [TP/SL][balanced] progress: 2956/14796 (20.0%) | TP=663 SL=850 NONE=1443 | 67.3s elapsed (43.9 rows/s)
2026-05-07 02:03:09,153  INFO  [TP/SL][balanced] progress: 3695/14796 (25.0%) | TP=835 SL=1068 NONE=1792 | 84.0s elapsed (44.0 rows/s)
2026-05-07 02:03:25,782  INFO  [TP/SL][balanced] progress: 4434/14796 (30.0%) | TP=1031 SL=1264 NONE=2139 | 100.6s elapsed (44.1 rows/s)
2026-05-07 02:03:42,718  INFO  [TP/SL][balanced] progress: 5173/14796 (35.0%) | TP=1218 SL=1494 NONE=2461 | 117.6s elapsed (44.0 rows/s)
2026-05-07 02:03:59,462  INFO  [TP/SL][balanced] progress: 5912/14796 (40.0%) | TP=1369 SL=1726 NONE=2817 | 134.3s elapsed (44.0 rows/s)
2026-05-07 02:04:16,035  INFO  [TP/SL][balanced] progress: 6651/14796 (45.0%) | TP=1503 SL=1962 NONE=3186 | 150.9s elapsed (44.1 rows/s)
2026-05-07 02:04:33,193  INFO  [TP/SL][balanced] progress: 7390/14796 (49.9%) | TP=1675 SL=2183 NONE=3532 | 168.0s elapsed (44.0 rows/s)
2026-05-07 02:04:49,689  INFO  [TP/SL][balanced] progress: 8129/14796 (54.9%) | TP=1848 SL=2431 NONE=3850 | 184.5s elapsed (44.0 rows/s)
2026-05-07 02:05:06,367  INFO  [TP/SL][balanced] progress: 8868/14796 (59.9%) | TP=1996 SL=2648 NONE=4224 | 201.2s elapsed (44.1 rows/s)
2026-05-07 02:05:22,896  INFO  [TP/SL][balanced] progress: 9607/14796 (64.9%) | TP=2174 SL=2848 NONE=4585 | 217.7s elapsed (44.1 rows/s)
2026-05-07 02:05:39,912  INFO  [TP/SL][balanced] progress: 10346/14796 (69.9%) | TP=2324 SL=3083 NONE=4939 | 234.8s elapsed (44.1 rows/s)
2026-05-07 02:05:56,923  INFO  [TP/SL][balanced] progress: 11085/14796 (74.9%) | TP=2498 SL=3332 NONE=5255 | 251.8s elapsed (44.0 rows/s)
2026-05-07 02:06:14,171  INFO  [TP/SL][balanced] progress: 11824/14796 (79.9%) | TP=2632 SL=3582 NONE=5610 | 269.0s elapsed (44.0 rows/s)
2026-05-07 02:06:31,084  INFO  [TP/SL][balanced] progress: 12563/14796 (84.9%) | TP=2812 SL=3798 NONE=5953 | 285.9s elapsed (43.9 rows/s)
2026-05-07 02:06:47,523  INFO  [TP/SL][balanced] progress: 13302/14796 (89.9%) | TP=2986 SL=3993 NONE=6323 | 302.4s elapsed (44.0 rows/s)
2026-05-07 02:07:03,974  INFO  [TP/SL][balanced] progress: 14041/14796 (94.9%) | TP=3153 SL=4239 NONE=6649 | 318.8s elapsed (44.0 rows/s)
2026-05-07 02:07:20,759  INFO  [TP/SL][balanced] progress: 14780/14796 (99.9%) | TP=3340 SL=4455 NONE=6985 | 335.6s elapsed (44.0 rows/s)
2026-05-07 02:07:21,116  INFO  [TP/SL][balanced] progress: 14796/14796 (100.0%) | TP=3343 SL=4464 NONE=6989 | 336.0s elapsed (44.0 rows/s)
2026-05-07 02:07:21,134  INFO  [TP/SL][balanced] pass complete: rows=14796 | TP=3343 SL=4464 NONE=6989 | 336.0s total
2026-05-07 02:07:21,151  INFO  [TP/SL] Strategy=balanced -> generating test adaptive targets...
2026-05-07 02:07:21,693  INFO  [TP/SL][balanced] Adaptive target pass start: rows=411, lag_days=0, holding_months=12
2026-05-07 02:07:27,433  INFO  [TP/SL][balanced] progress: 250/411 (60.8%) | TP=85 SL=42 NONE=123 | 5.7s elapsed (43.5 rows/s)
2026-05-07 02:07:31,116  INFO  [TP/SL][balanced] progress: 411/411 (100.0%) | TP=146 SL=68 NONE=197 | 9.4s elapsed (43.6 rows/s)
2026-05-07 02:07:31,116  INFO  [TP/SL][balanced] pass complete: rows=411 | TP=146 SL=68 NONE=197 | 9.4s total
2026-05-07 02:07:31,131  INFO  [TP/SL] Strategy=balanced ready: utility=-0.0204, hit_rate=22.59%, train_labels=14796, test_labels=411 [346.5s]
2026-05-07 02:07:31,131  INFO  [TP/SL] Strategy=aggressive -> generating train adaptive targets...
2026-05-07 02:07:31,671  INFO  [TP/SL][aggressive] Adaptive target pass start: rows=14796, lag_days=0, holding_months=12
2026-05-07 02:07:48,992  INFO  [TP/SL][aggressive] progress: 739/14796 (5.0%) | TP=151 SL=152 NONE=436 | 17.3s elapsed (42.7 rows/s)
2026-05-07 02:08:05,836  INFO  [TP/SL][aggressive] progress: 1478/14796 (10.0%) | TP=283 SL=326 NONE=869 | 34.2s elapsed (43.3 rows/s)
2026-05-07 02:08:23,225  INFO  [TP/SL][aggressive] progress: 2217/14796 (15.0%) | TP=409 SL=526 NONE=1282 | 51.6s elapsed (43.0 rows/s)
2026-05-07 02:08:39,781  INFO  [TP/SL][aggressive] progress: 2956/14796 (20.0%) | TP=541 SL=725 NONE=1690 | 68.1s elapsed (43.4 rows/s)
2026-05-07 02:08:56,746  INFO  [TP/SL][aggressive] progress: 3695/14796 (25.0%) | TP=678 SL=900 NONE=2117 | 85.1s elapsed (43.4 rows/s)
2026-05-07 02:09:13,550  INFO  [TP/SL][aggressive] progress: 4434/14796 (30.0%) | TP=831 SL=1064 NONE=2539 | 101.9s elapsed (43.5 rows/s)
2026-05-07 02:09:30,767  INFO  [TP/SL][aggressive] progress: 5173/14796 (35.0%) | TP=975 SL=1256 NONE=2942 | 119.1s elapsed (43.4 rows/s)
2026-05-07 02:09:47,848  INFO  [TP/SL][aggressive] progress: 5912/14796 (40.0%) | TP=1089 SL=1444 NONE=3379 | 136.2s elapsed (43.4 rows/s)
2026-05-07 02:10:04,618  INFO  [TP/SL][aggressive] progress: 6651/14796 (45.0%) | TP=1199 SL=1640 NONE=3812 | 153.0s elapsed (43.5 rows/s)
2026-05-07 02:10:21,847  INFO  [TP/SL][aggressive] progress: 7390/14796 (49.9%) | TP=1339 SL=1830 NONE=4221 | 170.2s elapsed (43.4 rows/s)
2026-05-07 02:10:38,655  INFO  [TP/SL][aggressive] progress: 8129/14796 (54.9%) | TP=1476 SL=2028 NONE=4625 | 187.0s elapsed (43.5 rows/s)
2026-05-07 02:10:55,432  INFO  [TP/SL][aggressive] progress: 8868/14796 (59.9%) | TP=1591 SL=2208 NONE=5069 | 203.8s elapsed (43.5 rows/s)
2026-05-07 02:11:12,110  INFO  [TP/SL][aggressive] progress: 9607/14796 (64.9%) | TP=1746 SL=2382 NONE=5479 | 220.4s elapsed (43.6 rows/s)
2026-05-07 02:11:29,443  INFO  [TP/SL][aggressive] progress: 10346/14796 (69.9%) | TP=1873 SL=2588 NONE=5885 | 237.8s elapsed (43.5 rows/s)
2026-05-07 02:11:46,597  INFO  [TP/SL][aggressive] progress: 11085/14796 (74.9%) | TP=2003 SL=2783 NONE=6299 | 254.9s elapsed (43.5 rows/s)
2026-05-07 02:12:03,997  INFO  [TP/SL][aggressive] progress: 11824/14796 (79.9%) | TP=2111 SL=2992 NONE=6721 | 272.3s elapsed (43.4 rows/s)
2026-05-07 02:12:21,035  INFO  [TP/SL][aggressive] progress: 12563/14796 (84.9%) | TP=2252 SL=3176 NONE=7135 | 289.4s elapsed (43.4 rows/s)
2026-05-07 02:12:37,626  INFO  [TP/SL][aggressive] progress: 13302/14796 (89.9%) | TP=2400 SL=3342 NONE=7560 | 306.0s elapsed (43.5 rows/s)
2026-05-07 02:12:54,497  INFO  [TP/SL][aggressive] progress: 14041/14796 (94.9%) | TP=2539 SL=3543 NONE=7959 | 322.8s elapsed (43.5 rows/s)
2026-05-07 02:13:11,359  INFO  [TP/SL][aggressive] progress: 14780/14796 (99.9%) | TP=2685 SL=3726 NONE=8369 | 339.7s elapsed (43.5 rows/s)
2026-05-07 02:13:11,720  INFO  [TP/SL][aggressive] progress: 14796/14796 (100.0%) | TP=2687 SL=3733 NONE=8376 | 340.0s elapsed (43.5 rows/s)
2026-05-07 02:13:11,737  INFO  [TP/SL][aggressive] pass complete: rows=14796 | TP=2687 SL=3733 NONE=8376 | 340.1s total
2026-05-07 02:13:11,750  INFO  [TP/SL] Strategy=aggressive -> generating test adaptive targets...
2026-05-07 02:13:12,292  INFO  [TP/SL][aggressive] Adaptive target pass start: rows=411, lag_days=0, holding_months=12
2026-05-07 02:13:18,058  INFO  [TP/SL][aggressive] progress: 250/411 (60.8%) | TP=59 SL=28 NONE=163 | 5.8s elapsed (43.3 rows/s)
2026-05-07 02:13:21,801  INFO  [TP/SL][aggressive] progress: 411/411 (100.0%) | TP=102 SL=43 NONE=266 | 9.5s elapsed (43.2 rows/s)
2026-05-07 02:13:21,801  INFO  [TP/SL][aggressive] pass complete: rows=411 | TP=102 SL=43 NONE=266 | 9.5s total
2026-05-07 02:13:21,814  INFO  [TP/SL] Strategy=aggressive ready: utility=-0.0590, hit_rate=18.16%, train_labels=14796, test_labels=411 [350.7s]
2026-05-07 02:13:21,814  INFO  [TP/SL] Strategy=conservative__relax1 -> generating train adaptive targets...
2026-05-07 02:13:22,354  INFO  [TP/SL][conservative__relax1] Adaptive target pass start: rows=14796, lag_days=0, holding_months=12
2026-05-07 02:13:39,317  INFO  [TP/SL][conservative__relax1] progress: 739/14796 (5.0%) | TP=392 SL=184 NONE=163 | 17.0s elapsed (43.6 rows/s)
2026-05-07 02:13:56,372  INFO  [TP/SL][conservative__relax1] progress: 1478/14796 (10.0%) | TP=787 SL=370 NONE=321 | 34.0s elapsed (43.4 rows/s)
2026-05-07 02:14:13,503  INFO  [TP/SL][conservative__relax1] progress: 2217/14796 (15.0%) | TP=1151 SL=596 NONE=470 | 51.2s elapsed (43.3 rows/s)
2026-05-07 02:14:29,779  INFO  [TP/SL][conservative__relax1] progress: 2956/14796 (20.0%) | TP=1499 SL=796 NONE=661 | 67.4s elapsed (43.8 rows/s)
2026-05-07 02:14:46,554  INFO  [TP/SL][conservative__relax1] progress: 3695/14796 (25.0%) | TP=1862 SL=1012 NONE=821 | 84.2s elapsed (43.9 rows/s)
2026-05-07 02:15:02,990  INFO  [TP/SL][conservative__relax1] progress: 4434/14796 (30.0%) | TP=2245 SL=1200 NONE=989 | 100.6s elapsed (44.1 rows/s)
2026-05-07 02:15:19,766  INFO  [TP/SL][conservative__relax1] progress: 5173/14796 (35.0%) | TP=2613 SL=1438 NONE=1122 | 117.4s elapsed (44.1 rows/s)
2026-05-07 02:15:36,265  INFO  [TP/SL][conservative__relax1] progress: 5912/14796 (40.0%) | TP=2959 SL=1692 NONE=1261 | 133.9s elapsed (44.1 rows/s)
2026-05-07 02:15:52,597  INFO  [TP/SL][conservative__relax1] progress: 6651/14796 (45.0%) | TP=3339 SL=1898 NONE=1414 | 150.2s elapsed (44.3 rows/s)
2026-05-07 02:16:09,427  INFO  [TP/SL][conservative__relax1] progress: 7390/14796 (49.9%) | TP=3718 SL=2111 NONE=1561 | 167.1s elapsed (44.2 rows/s)
2026-05-07 02:16:25,821  INFO  [TP/SL][conservative__relax1] progress: 8129/14796 (54.9%) | TP=4067 SL=2354 NONE=1708 | 183.5s elapsed (44.3 rows/s)
2026-05-07 02:16:42,205  INFO  [TP/SL][conservative__relax1] progress: 8868/14796 (59.9%) | TP=4456 SL=2540 NONE=1872 | 199.9s elapsed (44.4 rows/s)
2026-05-07 02:16:58,449  INFO  [TP/SL][conservative__relax1] progress: 9607/14796 (64.9%) | TP=4856 SL=2741 NONE=2010 | 216.1s elapsed (44.5 rows/s)
2026-05-07 02:17:15,572  INFO  [TP/SL][conservative__relax1] progress: 10346/14796 (69.9%) | TP=5203 SL=2957 NONE=2186 | 233.2s elapsed (44.4 rows/s)
2026-05-07 02:17:32,327  INFO  [TP/SL][conservative__relax1] progress: 11085/14796 (74.9%) | TP=5544 SL=3200 NONE=2341 | 250.0s elapsed (44.3 rows/s)
2026-05-07 02:17:49,450  INFO  [TP/SL][conservative__relax1] progress: 11824/14796 (79.9%) | TP=5924 SL=3422 NONE=2478 | 267.1s elapsed (44.3 rows/s)
2026-05-07 02:18:06,537  INFO  [TP/SL][conservative__relax1] progress: 12563/14796 (84.9%) | TP=6297 SL=3617 NONE=2649 | 284.2s elapsed (44.2 rows/s)
2026-05-07 02:18:23,681  INFO  [TP/SL][conservative__relax1] progress: 13302/14796 (89.9%) | TP=6699 SL=3815 NONE=2788 | 301.3s elapsed (44.1 rows/s)
2026-05-07 02:18:40,645  INFO  [TP/SL][conservative__relax1] progress: 14041/14796 (94.9%) | TP=7072 SL=4040 NONE=2929 | 318.3s elapsed (44.1 rows/s)
2026-05-07 02:18:57,148  INFO  [TP/SL][conservative__relax1] progress: 14780/14796 (99.9%) | TP=7432 SL=4253 NONE=3095 | 334.8s elapsed (44.1 rows/s)
2026-05-07 02:18:57,504  INFO  [TP/SL][conservative__relax1] progress: 14796/14796 (100.0%) | TP=7440 SL=4260 NONE=3096 | 335.2s elapsed (44.1 rows/s)
2026-05-07 02:18:57,521  INFO  [TP/SL][conservative__relax1] pass complete: rows=14796 | TP=7440 SL=4260 NONE=3096 | 335.2s total
2026-05-07 02:18:57,533  INFO  [TP/SL] Strategy=conservative__relax1 -> generating test adaptive targets...
2026-05-07 02:18:58,066  INFO  [TP/SL][conservative__relax1] Adaptive target pass start: rows=411, lag_days=0, holding_months=12
2026-05-07 02:19:03,768  INFO  [TP/SL][conservative__relax1] progress: 250/411 (60.8%) | TP=185 SL=45 NONE=20 | 5.7s elapsed (43.8 rows/s)
2026-05-07 02:19:07,630  INFO  [TP/SL][conservative__relax1] progress: 411/411 (100.0%) | TP=303 SL=76 NONE=32 | 9.6s elapsed (43.0 rows/s)
2026-05-07 02:19:07,630  INFO  [TP/SL][conservative__relax1] pass complete: rows=411 | TP=303 SL=76 NONE=32 | 9.6s total
2026-05-07 02:19:07,643  INFO  [TP/SL] Strategy=conservative__relax1 ready: utility=0.0231, hit_rate=50.28%, train_labels=14796, test_labels=411 [345.8s]
2026-05-07 02:19:07,644  INFO  [TP/SL] Strategy=conservative__relax2 -> generating train adaptive targets...
2026-05-07 02:19:08,195  INFO  [TP/SL][conservative__relax2] Adaptive target pass start: rows=14796, lag_days=0, holding_months=12
2026-05-07 02:19:25,289  INFO  [TP/SL][conservative__relax2] progress: 739/14796 (5.0%) | TP=392 SL=184 NONE=163 | 17.1s elapsed (43.2 rows/s)
2026-05-07 02:19:41,859  INFO  [TP/SL][conservative__relax2] progress: 1478/14796 (10.0%) | TP=787 SL=370 NONE=321 | 33.7s elapsed (43.9 rows/s)
2026-05-07 02:19:58,891  INFO  [TP/SL][conservative__relax2] progress: 2217/14796 (15.0%) | TP=1151 SL=596 NONE=470 | 50.7s elapsed (43.7 rows/s)
2026-05-07 02:20:15,123  INFO  [TP/SL][conservative__relax2] progress: 2956/14796 (20.0%) | TP=1499 SL=796 NONE=661 | 66.9s elapsed (44.2 rows/s)
2026-05-07 02:20:31,778  INFO  [TP/SL][conservative__relax2] progress: 3695/14796 (25.0%) | TP=1862 SL=1012 NONE=821 | 83.6s elapsed (44.2 rows/s)
2026-05-07 02:20:48,448  INFO  [TP/SL][conservative__relax2] progress: 4434/14796 (30.0%) | TP=2245 SL=1200 NONE=989 | 100.3s elapsed (44.2 rows/s)
2026-05-07 02:21:05,391  INFO  [TP/SL][conservative__relax2] progress: 5173/14796 (35.0%) | TP=2613 SL=1438 NONE=1122 | 117.2s elapsed (44.1 rows/s)
2026-05-07 02:21:21,849  INFO  [TP/SL][conservative__relax2] progress: 5912/14796 (40.0%) | TP=2959 SL=1692 NONE=1261 | 133.7s elapsed (44.2 rows/s)
2026-05-07 02:21:38,395  INFO  [TP/SL][conservative__relax2] progress: 6651/14796 (45.0%) | TP=3339 SL=1898 NONE=1414 | 150.2s elapsed (44.3 rows/s)
2026-05-07 02:21:55,507  INFO  [TP/SL][conservative__relax2] progress: 7390/14796 (49.9%) | TP=3718 SL=2111 NONE=1561 | 167.3s elapsed (44.2 rows/s)
2026-05-07 02:22:12,016  INFO  [TP/SL][conservative__relax2] progress: 8129/14796 (54.9%) | TP=4067 SL=2354 NONE=1708 | 183.8s elapsed (44.2 rows/s)
2026-05-07 02:22:28,460  INFO  [TP/SL][conservative__relax2] progress: 8868/14796 (59.9%) | TP=4456 SL=2540 NONE=1872 | 200.3s elapsed (44.3 rows/s)
2026-05-07 02:22:44,880  INFO  [TP/SL][conservative__relax2] progress: 9607/14796 (64.9%) | TP=4856 SL=2741 NONE=2010 | 216.7s elapsed (44.3 rows/s)
2026-05-07 02:23:01,979  INFO  [TP/SL][conservative__relax2] progress: 10346/14796 (69.9%) | TP=5203 SL=2957 NONE=2186 | 233.8s elapsed (44.3 rows/s)
2026-05-07 02:23:18,823  INFO  [TP/SL][conservative__relax2] progress: 11085/14796 (74.9%) | TP=5544 SL=3200 NONE=2341 | 250.6s elapsed (44.2 rows/s)
2026-05-07 02:23:35,923  INFO  [TP/SL][conservative__relax2] progress: 11824/14796 (79.9%) | TP=5924 SL=3422 NONE=2478 | 267.7s elapsed (44.2 rows/s)
2026-05-07 02:23:52,734  INFO  [TP/SL][conservative__relax2] progress: 12563/14796 (84.9%) | TP=6297 SL=3617 NONE=2649 | 284.5s elapsed (44.2 rows/s)
2026-05-07 02:24:09,239  INFO  [TP/SL][conservative__relax2] progress: 13302/14796 (89.9%) | TP=6699 SL=3815 NONE=2788 | 301.1s elapsed (44.2 rows/s)
2026-05-07 02:24:25,892  INFO  [TP/SL][conservative__relax2] progress: 14041/14796 (94.9%) | TP=7072 SL=4040 NONE=2929 | 317.7s elapsed (44.2 rows/s)
2026-05-07 02:24:42,618  INFO  [TP/SL][conservative__relax2] progress: 14780/14796 (99.9%) | TP=7432 SL=4253 NONE=3095 | 334.4s elapsed (44.2 rows/s)
2026-05-07 02:24:42,970  INFO  [TP/SL][conservative__relax2] progress: 14796/14796 (100.0%) | TP=7440 SL=4260 NONE=3096 | 334.8s elapsed (44.2 rows/s)
2026-05-07 02:24:42,994  INFO  [TP/SL][conservative__relax2] pass complete: rows=14796 | TP=7440 SL=4260 NONE=3096 | 334.8s total
2026-05-07 02:24:42,997  INFO  [TP/SL] Strategy=conservative__relax2 -> generating test adaptive targets...
2026-05-07 02:24:43,545  INFO  [TP/SL][conservative__relax2] Adaptive target pass start: rows=411, lag_days=0, holding_months=12
2026-05-07 02:24:49,243  INFO  [TP/SL][conservative__relax2] progress: 250/411 (60.8%) | TP=185 SL=45 NONE=20 | 5.7s elapsed (43.9 rows/s)
2026-05-07 02:24:52,866  INFO  [TP/SL][conservative__relax2] progress: 411/411 (100.0%) | TP=303 SL=76 NONE=32 | 9.3s elapsed (44.1 rows/s)
2026-05-07 02:24:52,866  INFO  [TP/SL][conservative__relax2] pass complete: rows=411 | TP=303 SL=76 NONE=32 | 9.3s total
2026-05-07 02:24:52,882  INFO  [TP/SL] Strategy=conservative__relax2 ready: utility=0.0231, hit_rate=50.28%, train_labels=14796, test_labels=411 [345.2s]
2026-05-07 02:24:52,882  INFO  [TP/SL] Strategy=balanced__relax1 -> generating train adaptive targets...
2026-05-07 02:24:53,419  INFO  [TP/SL][balanced__relax1] Adaptive target pass start: rows=14796, lag_days=0, holding_months=12
2026-05-07 02:25:10,374  INFO  [TP/SL][balanced__relax1] progress: 739/14796 (5.0%) | TP=392 SL=184 NONE=163 | 17.0s elapsed (43.6 rows/s)
2026-05-07 02:25:27,033  INFO  [TP/SL][balanced__relax1] progress: 1478/14796 (10.0%) | TP=787 SL=370 NONE=321 | 33.6s elapsed (44.0 rows/s)
2026-05-07 02:25:44,140  INFO  [TP/SL][balanced__relax1] progress: 2217/14796 (15.0%) | TP=1151 SL=596 NONE=470 | 50.7s elapsed (43.7 rows/s)
2026-05-07 02:26:00,453  INFO  [TP/SL][balanced__relax1] progress: 2956/14796 (20.0%) | TP=1499 SL=796 NONE=661 | 67.0s elapsed (44.1 rows/s)
2026-05-07 02:26:16,912  INFO  [TP/SL][balanced__relax1] progress: 3695/14796 (25.0%) | TP=1862 SL=1012 NONE=821 | 83.5s elapsed (44.3 rows/s)
2026-05-07 02:26:33,430  INFO  [TP/SL][balanced__relax1] progress: 4434/14796 (30.0%) | TP=2245 SL=1200 NONE=989 | 100.0s elapsed (44.3 rows/s)
2026-05-07 02:26:50,417  INFO  [TP/SL][balanced__relax1] progress: 5173/14796 (35.0%) | TP=2613 SL=1438 NONE=1122 | 117.0s elapsed (44.2 rows/s)
2026-05-07 02:27:06,808  INFO  [TP/SL][balanced__relax1] progress: 5912/14796 (40.0%) | TP=2959 SL=1692 NONE=1261 | 133.4s elapsed (44.3 rows/s)
2026-05-07 02:27:23,333  INFO  [TP/SL][balanced__relax1] progress: 6651/14796 (45.0%) | TP=3339 SL=1898 NONE=1414 | 149.9s elapsed (44.4 rows/s)
2026-05-07 02:27:40,492  INFO  [TP/SL][balanced__relax1] progress: 7390/14796 (49.9%) | TP=3718 SL=2111 NONE=1561 | 167.1s elapsed (44.2 rows/s)
2026-05-07 02:27:56,819  INFO  [TP/SL][balanced__relax1] progress: 8129/14796 (54.9%) | TP=4067 SL=2354 NONE=1708 | 183.4s elapsed (44.3 rows/s)
2026-05-07 02:28:13,337  INFO  [TP/SL][balanced__relax1] progress: 8868/14796 (59.9%) | TP=4456 SL=2540 NONE=1872 | 199.9s elapsed (44.4 rows/s)
2026-05-07 02:28:29,576  INFO  [TP/SL][balanced__relax1] progress: 9607/14796 (64.9%) | TP=4856 SL=2741 NONE=2010 | 216.2s elapsed (44.4 rows/s)
2026-05-07 02:28:46,827  INFO  [TP/SL][balanced__relax1] progress: 10346/14796 (69.9%) | TP=5203 SL=2957 NONE=2186 | 233.4s elapsed (44.3 rows/s)
2026-05-07 02:29:03,592  INFO  [TP/SL][balanced__relax1] progress: 11085/14796 (74.9%) | TP=5544 SL=3200 NONE=2341 | 250.2s elapsed (44.3 rows/s)
2026-05-07 02:29:20,819  INFO  [TP/SL][balanced__relax1] progress: 11824/14796 (79.9%) | TP=5924 SL=3422 NONE=2478 | 267.4s elapsed (44.2 rows/s)
2026-05-07 02:29:37,508  INFO  [TP/SL][balanced__relax1] progress: 12563/14796 (84.9%) | TP=6297 SL=3617 NONE=2649 | 284.1s elapsed (44.2 rows/s)
2026-05-07 02:29:53,759  INFO  [TP/SL][balanced__relax1] progress: 13302/14796 (89.9%) | TP=6699 SL=3815 NONE=2788 | 300.3s elapsed (44.3 rows/s)
2026-05-07 02:30:10,424  INFO  [TP/SL][balanced__relax1] progress: 14041/14796 (94.9%) | TP=7072 SL=4040 NONE=2929 | 317.0s elapsed (44.3 rows/s)
2026-05-07 02:30:26,969  INFO  [TP/SL][balanced__relax1] progress: 14780/14796 (99.9%) | TP=7432 SL=4253 NONE=3095 | 333.6s elapsed (44.3 rows/s)
2026-05-07 02:30:27,317  INFO  [TP/SL][balanced__relax1] progress: 14796/14796 (100.0%) | TP=7440 SL=4260 NONE=3096 | 333.9s elapsed (44.3 rows/s)
2026-05-07 02:30:27,334  INFO  [TP/SL][balanced__relax1] pass complete: rows=14796 | TP=7440 SL=4260 NONE=3096 | 333.9s total
2026-05-07 02:30:27,344  INFO  [TP/SL] Strategy=balanced__relax1 -> generating test adaptive targets...
2026-05-07 02:30:27,905  INFO  [TP/SL][balanced__relax1] Adaptive target pass start: rows=411, lag_days=0, holding_months=12
2026-05-07 02:30:33,650  INFO  [TP/SL][balanced__relax1] progress: 250/411 (60.8%) | TP=185 SL=45 NONE=20 | 5.7s elapsed (43.5 rows/s)
2026-05-07 02:30:37,324  INFO  [TP/SL][balanced__relax1] progress: 411/411 (100.0%) | TP=303 SL=76 NONE=32 | 9.4s elapsed (43.6 rows/s)
2026-05-07 02:30:37,334  INFO  [TP/SL][balanced__relax1] pass complete: rows=411 | TP=303 SL=76 NONE=32 | 9.4s total
2026-05-07 02:30:37,345  INFO  [TP/SL] Strategy=balanced__relax1 ready: utility=0.0231, hit_rate=50.28%, train_labels=14796, test_labels=411 [344.5s]
2026-05-07 02:30:37,346  INFO  [TP/SL] Strategy=balanced__relax2 -> generating train adaptive targets...
2026-05-07 02:30:37,880  INFO  [TP/SL][balanced__relax2] Adaptive target pass start: rows=14796, lag_days=0, holding_months=12
2026-05-07 02:30:55,017  INFO  [TP/SL][balanced__relax2] progress: 739/14796 (5.0%) | TP=231 SL=204 NONE=304 | 17.1s elapsed (43.1 rows/s)
2026-05-07 02:31:11,626  INFO  [TP/SL][balanced__relax2] progress: 1478/14796 (10.0%) | TP=421 SL=409 NONE=648 | 33.8s elapsed (43.8 rows/s)
2026-05-07 02:31:28,499  INFO  [TP/SL][balanced__relax2] progress: 2217/14796 (15.0%) | TP=608 SL=655 NONE=954 | 50.6s elapsed (43.8 rows/s)
2026-05-07 02:31:44,997  INFO  [TP/SL][balanced__relax2] progress: 2956/14796 (20.0%) | TP=808 SL=867 NONE=1281 | 67.1s elapsed (44.0 rows/s)
2026-05-07 02:32:01,611  INFO  [TP/SL][balanced__relax2] progress: 3695/14796 (25.0%) | TP=1006 SL=1109 NONE=1580 | 83.7s elapsed (44.1 rows/s)
2026-05-07 02:32:18,335  INFO  [TP/SL][balanced__relax2] progress: 4434/14796 (30.0%) | TP=1241 SL=1321 NONE=1872 | 100.5s elapsed (44.1 rows/s)
2026-05-07 02:32:35,049  INFO  [TP/SL][balanced__relax2] progress: 5173/14796 (35.0%) | TP=1468 SL=1581 NONE=2124 | 117.2s elapsed (44.1 rows/s)
2026-05-07 02:32:51,800  INFO  [TP/SL][balanced__relax2] progress: 5912/14796 (40.0%) | TP=1662 SL=1852 NONE=2398 | 133.9s elapsed (44.1 rows/s)
2026-05-07 02:33:08,237  INFO  [TP/SL][balanced__relax2] progress: 6651/14796 (45.0%) | TP=1828 SL=2082 NONE=2741 | 150.4s elapsed (44.2 rows/s)
2026-05-07 02:33:25,274  INFO  [TP/SL][balanced__relax2] progress: 7390/14796 (49.9%) | TP=2033 SL=2324 NONE=3033 | 167.4s elapsed (44.1 rows/s)
2026-05-07 02:33:41,670  INFO  [TP/SL][balanced__relax2] progress: 8129/14796 (54.9%) | TP=2231 SL=2585 NONE=3313 | 183.8s elapsed (44.2 rows/s)
2026-05-07 02:33:58,514  INFO  [TP/SL][balanced__relax2] progress: 8868/14796 (59.9%) | TP=2416 SL=2808 NONE=3644 | 200.6s elapsed (44.2 rows/s)
2026-05-07 02:34:15,271  INFO  [TP/SL][balanced__relax2] progress: 9607/14796 (64.9%) | TP=2629 SL=3030 NONE=3948 | 217.4s elapsed (44.2 rows/s)
2026-05-07 02:34:32,481  INFO  [TP/SL][balanced__relax2] progress: 10346/14796 (69.9%) | TP=2808 SL=3266 NONE=4272 | 234.6s elapsed (44.1 rows/s)
2026-05-07 02:34:49,619  INFO  [TP/SL][balanced__relax2] progress: 11085/14796 (74.9%) | TP=3013 SL=3525 NONE=4547 | 251.7s elapsed (44.0 rows/s)
2026-05-07 02:35:06,814  INFO  [TP/SL][balanced__relax2] progress: 11824/14796 (79.9%) | TP=3185 SL=3768 NONE=4871 | 268.9s elapsed (44.0 rows/s)
2026-05-07 02:35:23,677  INFO  [TP/SL][balanced__relax2] progress: 12563/14796 (84.9%) | TP=3405 SL=3975 NONE=5183 | 285.8s elapsed (44.0 rows/s)
2026-05-07 02:35:40,243  INFO  [TP/SL][balanced__relax2] progress: 13302/14796 (89.9%) | TP=3609 SL=4193 NONE=5500 | 302.4s elapsed (44.0 rows/s)
2026-05-07 02:35:56,602  INFO  [TP/SL][balanced__relax2] progress: 14041/14796 (94.9%) | TP=3804 SL=4446 NONE=5791 | 318.7s elapsed (44.1 rows/s)
2026-05-07 02:36:13,258  INFO  [TP/SL][balanced__relax2] progress: 14780/14796 (99.9%) | TP=4031 SL=4679 NONE=6070 | 335.4s elapsed (44.1 rows/s)
2026-05-07 02:36:13,601  INFO  [TP/SL][balanced__relax2] progress: 14796/14796 (100.0%) | TP=4035 SL=4688 NONE=6073 | 335.7s elapsed (44.1 rows/s)
2026-05-07 02:36:13,626  INFO  [TP/SL][balanced__relax2] pass complete: rows=14796 | TP=4035 SL=4688 NONE=6073 | 335.7s total
2026-05-07 02:36:13,638  INFO  [TP/SL] Strategy=balanced__relax2 -> generating test adaptive targets...
2026-05-07 02:36:14,381  INFO  [TP/SL][balanced__relax2] Adaptive target pass start: rows=411, lag_days=0, holding_months=12
2026-05-07 02:36:20,134  INFO  [TP/SL][balanced__relax2] progress: 250/411 (60.8%) | TP=109 SL=57 NONE=84 | 5.8s elapsed (43.4 rows/s)
2026-05-07 02:36:23,804  INFO  [TP/SL][balanced__relax2] progress: 411/411 (100.0%) | TP=184 SL=96 NONE=131 | 9.4s elapsed (43.6 rows/s)
2026-05-07 02:36:23,804  INFO  [TP/SL][balanced__relax2] pass complete: rows=411 | TP=184 SL=96 NONE=131 | 9.4s total
2026-05-07 02:36:23,817  INFO  [TP/SL] Strategy=balanced__relax2 ready: utility=0.0017, hit_rate=27.27%, train_labels=14796, test_labels=411 [346.5s]
2026-05-07 02:36:23,817  INFO  [TP/SL] Strategy=aggressive__relax1 -> generating train adaptive targets...
2026-05-07 02:36:24,369  INFO  [TP/SL][aggressive__relax1] Adaptive target pass start: rows=14796, lag_days=0, holding_months=12
2026-05-07 02:36:41,432  INFO  [TP/SL][aggressive__relax1] progress: 739/14796 (5.0%) | TP=167 SL=207 NONE=365 | 17.1s elapsed (43.3 rows/s)
2026-05-07 02:36:58,211  INFO  [TP/SL][aggressive__relax1] progress: 1478/14796 (10.0%) | TP=309 SL=418 NONE=751 | 33.8s elapsed (43.7 rows/s)
2026-05-07 02:37:15,394  INFO  [TP/SL][aggressive__relax1] progress: 2217/14796 (15.0%) | TP=447 SL=669 NONE=1101 | 51.0s elapsed (43.4 rows/s)
2026-05-07 02:37:31,878  INFO  [TP/SL][aggressive__relax1] progress: 2956/14796 (20.0%) | TP=594 SL=889 NONE=1473 | 67.5s elapsed (43.8 rows/s)
2026-05-07 02:37:48,721  INFO  [TP/SL][aggressive__relax1] progress: 3695/14796 (25.0%) | TP=746 SL=1134 NONE=1815 | 84.4s elapsed (43.8 rows/s)
2026-05-07 02:38:05,266  INFO  [TP/SL][aggressive__relax1] progress: 4434/14796 (30.0%) | TP=916 SL=1352 NONE=2166 | 100.9s elapsed (43.9 rows/s)
2026-05-07 02:38:22,297  INFO  [TP/SL][aggressive__relax1] progress: 5173/14796 (35.0%) | TP=1083 SL=1620 NONE=2470 | 117.9s elapsed (43.9 rows/s)
2026-05-07 02:38:39,107  INFO  [TP/SL][aggressive__relax1] progress: 5912/14796 (40.0%) | TP=1218 SL=1897 NONE=2797 | 134.7s elapsed (43.9 rows/s)
2026-05-07 02:38:55,810  INFO  [TP/SL][aggressive__relax1] progress: 6651/14796 (45.0%) | TP=1340 SL=2130 NONE=3181 | 151.4s elapsed (43.9 rows/s)
2026-05-07 02:39:12,727  INFO  [TP/SL][aggressive__relax1] progress: 7390/14796 (49.9%) | TP=1496 SL=2381 NONE=3513 | 168.4s elapsed (43.9 rows/s)
2026-05-07 02:39:29,445  INFO  [TP/SL][aggressive__relax1] progress: 8129/14796 (54.9%) | TP=1648 SL=2650 NONE=3831 | 185.1s elapsed (43.9 rows/s)
2026-05-07 02:39:46,206  INFO  [TP/SL][aggressive__relax1] progress: 8868/14796 (59.9%) | TP=1787 SL=2876 NONE=4205 | 201.8s elapsed (43.9 rows/s)
2026-05-07 02:40:02,567  INFO  [TP/SL][aggressive__relax1] progress: 9607/14796 (64.9%) | TP=1950 SL=3100 NONE=4557 | 218.2s elapsed (44.0 rows/s)
2026-05-07 02:40:19,901  INFO  [TP/SL][aggressive__relax1] progress: 10346/14796 (69.9%) | TP=2084 SL=3339 NONE=4923 | 235.5s elapsed (43.9 rows/s)
2026-05-07 02:40:36,828  INFO  [TP/SL][aggressive__relax1] progress: 11085/14796 (74.9%) | TP=2229 SL=3607 NONE=5249 | 252.5s elapsed (43.9 rows/s)
2026-05-07 02:40:54,196  INFO  [TP/SL][aggressive__relax1] progress: 11824/14796 (79.9%) | TP=2349 SL=3854 NONE=5621 | 269.8s elapsed (43.8 rows/s)
2026-05-07 02:41:11,186  INFO  [TP/SL][aggressive__relax1] progress: 12563/14796 (84.9%) | TP=2510 SL=4067 NONE=5986 | 286.8s elapsed (43.8 rows/s)
2026-05-07 02:41:27,629  INFO  [TP/SL][aggressive__relax1] progress: 13302/14796 (89.9%) | TP=2673 SL=4288 NONE=6341 | 303.3s elapsed (43.9 rows/s)
2026-05-07 02:41:44,161  INFO  [TP/SL][aggressive__relax1] progress: 14041/14796 (94.9%) | TP=2830 SL=4546 NONE=6665 | 319.8s elapsed (43.9 rows/s)
2026-05-07 02:42:01,051  INFO  [TP/SL][aggressive__relax1] progress: 14780/14796 (99.9%) | TP=3002 SL=4781 NONE=6997 | 336.7s elapsed (43.9 rows/s)
2026-05-07 02:42:01,399  INFO  [TP/SL][aggressive__relax1] progress: 14796/14796 (100.0%) | TP=3005 SL=4790 NONE=7001 | 337.0s elapsed (43.9 rows/s)
2026-05-07 02:42:01,416  INFO  [TP/SL][aggressive__relax1] pass complete: rows=14796 | TP=3005 SL=4790 NONE=7001 | 337.0s total
2026-05-07 02:42:01,424  INFO  [TP/SL] Strategy=aggressive__relax1 -> generating test adaptive targets...
2026-05-07 02:42:01,965  INFO  [TP/SL][aggressive__relax1] Adaptive target pass start: rows=411, lag_days=0, holding_months=12
2026-05-07 02:42:07,810  INFO  [TP/SL][aggressive__relax1] progress: 250/411 (60.8%) | TP=74 SL=59 NONE=117 | 5.8s elapsed (42.8 rows/s)
2026-05-07 02:42:11,535  INFO  [TP/SL][aggressive__relax1] progress: 411/411 (100.0%) | TP=125 SL=98 NONE=188 | 9.6s elapsed (43.0 rows/s)
2026-05-07 02:42:11,535  INFO  [TP/SL][aggressive__relax1] pass complete: rows=411 | TP=125 SL=98 NONE=188 | 9.6s total
2026-05-07 02:42:11,550  INFO  [TP/SL] Strategy=aggressive__relax1 ready: utility=-0.0132, hit_rate=20.31%, train_labels=14796, test_labels=411 [347.7s]
2026-05-07 02:42:11,551  INFO  [TP/SL] Strategy=aggressive__relax2 -> generating train adaptive targets...
2026-05-07 02:42:12,094  INFO  [TP/SL][aggressive__relax2] Adaptive target pass start: rows=14796, lag_days=0, holding_months=12
2026-05-07 02:42:28,980  INFO  [TP/SL][aggressive__relax2] progress: 739/14796 (5.0%) | TP=392 SL=184 NONE=163 | 16.9s elapsed (43.7 rows/s)
2026-05-07 02:42:45,758  INFO  [TP/SL][aggressive__relax2] progress: 1478/14796 (10.0%) | TP=787 SL=370 NONE=321 | 33.7s elapsed (43.9 rows/s)
2026-05-07 02:43:02,643  INFO  [TP/SL][aggressive__relax2] progress: 2217/14796 (15.0%) | TP=1151 SL=596 NONE=470 | 50.6s elapsed (43.9 rows/s)
2026-05-07 02:43:19,195  INFO  [TP/SL][aggressive__relax2] progress: 2956/14796 (20.0%) | TP=1499 SL=796 NONE=661 | 67.1s elapsed (44.0 rows/s)
2026-05-07 02:43:35,760  INFO  [TP/SL][aggressive__relax2] progress: 3695/14796 (25.0%) | TP=1862 SL=1012 NONE=821 | 83.7s elapsed (44.2 rows/s)
2026-05-07 02:43:52,458  INFO  [TP/SL][aggressive__relax2] progress: 4434/14796 (30.0%) | TP=2245 SL=1200 NONE=989 | 100.4s elapsed (44.2 rows/s)
2026-05-07 02:44:09,188  INFO  [TP/SL][aggressive__relax2] progress: 5173/14796 (35.0%) | TP=2613 SL=1438 NONE=1122 | 117.1s elapsed (44.2 rows/s)
2026-05-07 02:44:25,960  INFO  [TP/SL][aggressive__relax2] progress: 5912/14796 (40.0%) | TP=2959 SL=1692 NONE=1261 | 133.9s elapsed (44.2 rows/s)
2026-05-07 02:44:42,407  INFO  [TP/SL][aggressive__relax2] progress: 6651/14796 (45.0%) | TP=3339 SL=1898 NONE=1414 | 150.3s elapsed (44.2 rows/s)
2026-05-07 02:44:59,429  INFO  [TP/SL][aggressive__relax2] progress: 7390/14796 (49.9%) | TP=3718 SL=2111 NONE=1561 | 167.3s elapsed (44.2 rows/s)
2026-05-07 02:45:16,111  INFO  [TP/SL][aggressive__relax2] progress: 8129/14796 (54.9%) | TP=4067 SL=2354 NONE=1708 | 184.0s elapsed (44.2 rows/s)
2026-05-07 02:45:32,695  INFO  [TP/SL][aggressive__relax2] progress: 8868/14796 (59.9%) | TP=4456 SL=2540 NONE=1872 | 200.6s elapsed (44.2 rows/s)
2026-05-07 02:45:48,964  INFO  [TP/SL][aggressive__relax2] progress: 9607/14796 (64.9%) | TP=4856 SL=2741 NONE=2010 | 216.9s elapsed (44.3 rows/s)
2026-05-07 02:46:06,106  INFO  [TP/SL][aggressive__relax2] progress: 10346/14796 (69.9%) | TP=5203 SL=2957 NONE=2186 | 234.0s elapsed (44.2 rows/s)
2026-05-07 02:46:23,199  INFO  [TP/SL][aggressive__relax2] progress: 11085/14796 (74.9%) | TP=5544 SL=3200 NONE=2341 | 251.1s elapsed (44.1 rows/s)
2026-05-07 02:46:40,468  INFO  [TP/SL][aggressive__relax2] progress: 11824/14796 (79.9%) | TP=5924 SL=3422 NONE=2478 | 268.4s elapsed (44.1 rows/s)
2026-05-07 02:46:57,299  INFO  [TP/SL][aggressive__relax2] progress: 12563/14796 (84.9%) | TP=6297 SL=3617 NONE=2649 | 285.2s elapsed (44.0 rows/s)
2026-05-07 02:47:13,852  INFO  [TP/SL][aggressive__relax2] progress: 13302/14796 (89.9%) | TP=6699 SL=3815 NONE=2788 | 301.8s elapsed (44.1 rows/s)
2026-05-07 02:47:30,489  INFO  [TP/SL][aggressive__relax2] progress: 14041/14796 (94.9%) | TP=7072 SL=4040 NONE=2929 | 318.4s elapsed (44.1 rows/s)
2026-05-07 02:47:47,356  INFO  [TP/SL][aggressive__relax2] progress: 14780/14796 (99.9%) | TP=7432 SL=4253 NONE=3095 | 335.3s elapsed (44.1 rows/s)
2026-05-07 02:47:47,703  INFO  [TP/SL][aggressive__relax2] progress: 14796/14796 (100.0%) | TP=7440 SL=4260 NONE=3096 | 335.6s elapsed (44.1 rows/s)
2026-05-07 02:47:47,723  INFO  [TP/SL][aggressive__relax2] pass complete: rows=14796 | TP=7440 SL=4260 NONE=3096 | 335.6s total
2026-05-07 02:47:47,734  INFO  [TP/SL] Strategy=aggressive__relax2 -> generating test adaptive targets...
2026-05-07 02:47:48,277  INFO  [TP/SL][aggressive__relax2] Adaptive target pass start: rows=411, lag_days=0, holding_months=12
2026-05-07 02:47:53,995  INFO  [TP/SL][aggressive__relax2] progress: 250/411 (60.8%) | TP=185 SL=45 NONE=20 | 5.7s elapsed (43.7 rows/s)
2026-05-07 02:47:57,657  INFO  [TP/SL][aggressive__relax2] progress: 411/411 (100.0%) | TP=303 SL=76 NONE=32 | 9.4s elapsed (43.8 rows/s)
2026-05-07 02:47:57,657  INFO  [TP/SL][aggressive__relax2] pass complete: rows=411 | TP=303 SL=76 NONE=32 | 9.4s total
2026-05-07 02:47:57,667  INFO  [TP/SL] Strategy=aggressive__relax2 ready: utility=0.0231, hit_rate=50.28%, train_labels=14796, test_labels=411 [346.1s]
2026-05-07 02:47:57,667  INFO  [TP/SL] Fine-tuning activated: base_best=conservative utility=0.0100 hit_rate=30.06% (min_utility=0.0000, min_hit=48.00%)
2026-05-07 02:47:57,667  INFO  [TP/SL] Selected training strategy=conservative (variant=conservative__relax1) | utility=0.0231 | hit_rate=50.28%
2026-05-07 02:47:58,247  INFO  [Fold T03_20210215] 1/3 — Entrenando agentes base con datos de entrenamiento del fold...
2026-05-07 02:47:58,356  INFO  [Fold T03_20210215] Recency weighting enabled (halflife=2.0Y, weight_range=[0.151, 3.129])
2026-05-07 02:51:02,394  INFO  [fundamental] Top-5 features: gross_margin__pct_universe=0.100 | interest_coverage__pct_universe=0.072 | ebitda_margin=0.056 | ebitda_margin__pct_universe=0.053 | operating_margin__pct_universe=0.044
2026-05-07 02:51:02,399  INFO  [fundamental] Diagnostics → diagnostics_T03_20210215.json
2026-05-07 02:53:20,257  INFO  [valuation] Top-5 features: ev_ebitda_vs_5y_median__pct_universe=0.080 | fcf_yield__pct_universe=0.052 | ev_ebitda_vs_5y_median=0.048 | pb_ratio__pct_universe=0.046 | ev_to_ebitda__pct_universe=0.044
2026-05-07 02:53:20,270  INFO  [valuation] Diagnostics → diagnostics_T03_20210215.json
2026-05-07 02:56:10,224  INFO  [momentum] Top-5 features: volatility_60d=0.182 | momentum_6m=0.106 | price_vs_52w_high=0.084 | momentum_3m=0.079 | momentum_6m__pct_universe=0.059
2026-05-07 02:56:10,234  INFO  [momentum] Diagnostics → diagnostics_T03_20210215.json
2026-05-07 02:59:15,848  INFO  [bear] Top-5 features: revenue_decline=0.544 | revenue_decline__pct_universe=0.475 | current_ratio__pct_universe=0.091 | interest_coverage__pct_universe=0.082 | interest_coverage__pct_sector=0.081
2026-05-07 02:59:15,856  INFO  [bear] Diagnostics → diagnostics_T03_20210215.json
2026-05-07 02:59:15,917  INFO  [Fold T03_20210215] 1/3 — Entrenando SectorRotationAgent (top-down, nivel sector)...
2026-05-07 02:59:15,917  INFO  [SectorRotationAgent] Building sector dataset — 14796 ticker obs
2026-05-07 02:59:26,208  INFO  [FeatureSelector/sector_rotation] Step 1 — correlation >85%: removed 0 / 14 features
2026-05-07 02:59:26,613  INFO  [FeatureSelector/sector_rotation] Step 2 — combined score (w_relevance=0.65, w_importance=0.35)
2026-05-07 02:59:26,613  INFO  [FeatureSelector/sector_rotation] Step 3 — importance cutoff: top=0.1311, cutoff=0.40 (value=0.0525), min_keep=6, max_keep=10
2026-05-07 02:59:26,613  INFO  [FeatureSelector/sector_rotation]   Feature                               Combined     Imp_RF     pb_y
2026-05-07 02:59:26,613  INFO  [FeatureSelector/sector_rotation]   ----------------------------------- ---------- ---------- --------
2026-05-07 02:59:26,613  INFO  [FeatureSelector/sector_rotation]    1. momentum_3m                           0.5010     0.1311    0.024  weight= 14.52%
2026-05-07 02:59:26,623  INFO  [FeatureSelector/sector_rotation]    2. fcf_yield                             0.3270     0.1196    0.002  weight= 13.24%
2026-05-07 02:59:26,623  INFO  [FeatureSelector/sector_rotation]    3. momentum_6m                           0.2967     0.0915    0.009  weight= 10.13%
2026-05-07 02:59:26,623  INFO  [FeatureSelector/sector_rotation]    4. pe_vs_5y_median                       0.6212     0.0884    0.060  weight=  9.79%
2026-05-07 02:59:26,623  INFO  [FeatureSelector/sector_rotation]    5. volatility_60d                        0.8760     0.0847    0.100  weight=  9.37%
2026-05-07 02:59:26,623  INFO  [FeatureSelector/sector_rotation]    6. net_margin                            0.5974     0.0846    0.058  weight=  9.36%
2026-05-07 02:59:26,623  INFO  [FeatureSelector/sector_rotation]    7. earnings_yield                        0.6637     0.0840    0.068  weight=  9.30%
2026-05-07 02:59:26,623  INFO  [FeatureSelector/sector_rotation]    8. revenue_yoy_growth                    0.5921     0.0783    0.059  weight=  8.66%
2026-05-07 02:59:26,623  INFO  [FeatureSelector/sector_rotation]    9. price_vs_52w_high                     0.5392     0.0708    0.054  weight=  7.84%
2026-05-07 02:59:26,623  INFO  [FeatureSelector/sector_rotation]   10. roic                                  0.4042     0.0704    0.034  weight=  7.79%
2026-05-07 02:59:26,623  INFO  [FeatureSelector/sector_rotation]   Discarded by low combined score (4): ev_to_ebitda, fcf_margin, sector_vs_market_momentum, risk_adjusted_sector_momentum
2026-05-07 02:59:26,627  INFO  [FeatureSelector/sector_rotation] Summary: 14 features → pair_drop=0 → corr_drop=0 → imp_drop=4 → 10 selected (cutoff rule + [6,10])
2026-05-07 02:59:26,632  INFO  [SectorRotationAgent] 1116 sector obs | 820 outperform / 296 underperform sectors | 10 features
2026-05-07 02:59:29,489  INFO  [SectorRotationAgent] CV AUC=0.5461 ± 0.0235
2026-05-07 02:59:31,142  INFO  [sector_rotation] Top-5 features: net_margin=0.137 | revenue_yoy_growth=0.117 | fcf_yield=0.114 | roic=0.101 | pe_vs_5y_median=0.100
2026-05-07 02:59:31,150  INFO  [sector_rotation] Diagnostics → diagnostics_T03_20210215.json
2026-05-07 02:59:31,150  INFO  [Fold T03_20210215] 2/3 — Generando scores OOF (3 splits temporales) como input del MetaLearner...
2026-05-07 02:59:31,172  INFO    [OOF] fundamental: generating anti-leakage scores (3 quarter-level temporal splits)
2026-05-07 03:03:31,597  INFO    [OOF/RuleIC] fundamental: rule_signal Spearman IC=0.0438 (n=9864) — predictive ✓
2026-05-07 03:03:31,597  INFO    [OOF] valuation: generating anti-leakage scores (3 quarter-level temporal splits)
2026-05-07 03:06:26,661  INFO    [OOF/RuleIC] valuation: rule_signal Spearman IC=-0.0172 (n=9864) — weak/noise
2026-05-07 03:06:26,661  INFO    [OOF] momentum: generating anti-leakage scores (3 quarter-level temporal splits)
2026-05-07 03:10:15,268  INFO    [OOF/RuleIC] momentum: rule_signal Spearman IC=-0.0093 (n=9864) — weak/noise
2026-05-07 03:10:15,268  INFO    [OOF] bear: generating anti-leakage scores (3 quarter-level temporal splits)
2026-05-07 03:14:26,874  INFO    [OOF/RuleIC] bear: rule_signal Spearman IC=0.0088 (n=9864) — weak/noise
2026-05-07 03:14:26,876  INFO    [OOF] sector_rotation: generating OOF sector scores (3 quarter-level splits)
2026-05-07 03:14:26,898  INFO  [SectorRotationAgent] Building sector dataset — 4521 ticker obs
2026-05-07 03:14:30,132  INFO  [FeatureSelector/sector_rotation] Step 1 — correlation >85%: removed 0 / 14 features
2026-05-07 03:14:30,493  INFO  [FeatureSelector/sector_rotation] Step 2 — combined score (w_relevance=0.65, w_importance=0.35)
2026-05-07 03:14:30,493  INFO  [FeatureSelector/sector_rotation] Step 3 — importance cutoff: top=0.1238, cutoff=0.40 (value=0.0495), min_keep=6, max_keep=10
2026-05-07 03:14:30,493  INFO  [FeatureSelector/sector_rotation]   Feature                               Combined     Imp_RF     pb_y
2026-05-07 03:14:30,493  INFO  [FeatureSelector/sector_rotation]   ----------------------------------- ---------- ---------- --------
2026-05-07 03:14:30,493  INFO  [FeatureSelector/sector_rotation]    1. roic                                  1.0000     0.1238    0.143  weight= 14.03%
2026-05-07 03:14:30,493  INFO  [FeatureSelector/sector_rotation]    2. fcf_yield                             0.7066     0.1167    0.084  weight= 13.22%
2026-05-07 03:14:30,493  INFO  [FeatureSelector/sector_rotation]    3. net_margin                            0.5037     0.1139    0.042  weight= 12.91%
2026-05-07 03:14:30,493  INFO  [FeatureSelector/sector_rotation]    4. momentum_3m                           0.6204     0.0908    0.081  weight= 10.29%
2026-05-07 03:14:30,493  INFO  [FeatureSelector/sector_rotation]    5. earnings_yield                        0.7432     0.0904    0.108  weight= 10.24%
2026-05-07 03:14:30,493  INFO  [FeatureSelector/sector_rotation]    6. fcf_margin                            0.2505     0.0733    0.013  weight=  8.30%
2026-05-07 03:14:30,493  INFO  [FeatureSelector/sector_rotation]    7. volatility_60d                        0.2257     0.0722    0.008  weight=  8.18%
2026-05-07 03:14:30,493  INFO  [FeatureSelector/sector_rotation]    8. revenue_yoy_growth                    0.4800     0.0717    0.063  weight=  8.13%
2026-05-07 03:14:30,493  INFO  [FeatureSelector/sector_rotation]    9. momentum_6m                           0.2580     0.0668    0.018  weight=  7.56%
2026-05-07 03:14:30,493  INFO  [FeatureSelector/sector_rotation]   10. ev_to_ebitda                          0.1783     0.0631    0.003  weight=  7.15%
2026-05-07 03:14:30,504  INFO  [FeatureSelector/sector_rotation]   Discarded by low combined score (4): price_vs_52w_high, pe_vs_5y_median, sector_vs_market_momentum, risk_adjusted_sector_momentum
2026-05-07 03:14:30,504  INFO  [FeatureSelector/sector_rotation] Summary: 14 features → pair_drop=0 → corr_drop=0 → imp_drop=4 → 10 selected (cutoff rule + [6,10])
2026-05-07 03:14:30,509  INFO  [SectorRotationAgent] 341 sector obs | 295 outperform / 46 underperform sectors | 10 features
2026-05-07 03:14:31,914  INFO  [SectorRotationAgent] CV AUC=0.5165 ± 0.0614
2026-05-07 03:14:32,682  INFO  [SectorRotationAgent] Sector scores:
2026-05-07 03:14:32,682  INFO      Consumer Discretionary          score=0.992
2026-05-07 03:14:32,682  INFO      Health Care                     score=0.990
2026-05-07 03:14:32,682  INFO      Electrical Equipment            score=0.989
2026-05-07 03:14:32,682  INFO      Healthcare                      score=0.989
2026-05-07 03:14:32,682  INFO      Banking                         score=0.988
2026-05-07 03:14:32,682  INFO      Communication Services          score=0.988
2026-05-07 03:14:32,682  INFO      Leisure Products                score=0.983
2026-05-07 03:14:32,682  INFO      Building                        score=0.978
2026-05-07 03:14:32,682  INFO      Real Estate                     score=0.978
2026-05-07 03:14:32,682  INFO      Road & Rail                     score=0.978
2026-05-07 03:14:32,682  INFO      Financials                      score=0.977
2026-05-07 03:14:32,682  INFO      Construction                    score=0.977
2026-05-07 03:14:32,682  INFO      Technology                      score=0.976
2026-05-07 03:14:32,682  INFO      Tobacco                         score=0.976
2026-05-07 03:14:32,691  INFO      Hotels, Restaurants & Leisure   score=0.968
2026-05-07 03:14:32,691  INFO      Machinery                       score=0.966
2026-05-07 03:14:32,691  INFO      Professional Services           score=0.966
2026-05-07 03:14:32,691  INFO      Communications                  score=0.965
2026-05-07 03:14:32,692  INFO      Industrial Conglomerates        score=0.964
2026-05-07 03:14:32,692  INFO      Auto Components                 score=0.963
2026-05-07 03:14:32,693  INFO      Industrials                     score=0.961
2026-05-07 03:14:32,694  INFO      Life Sciences Tools & Services  score=0.950
2026-05-07 03:14:32,694  INFO      Airlines                        score=0.949
2026-05-07 03:14:32,694  INFO      Utilities                       score=0.925
2026-05-07 03:14:32,694  INFO      Packaging                       score=0.917
2026-05-07 03:14:32,695  INFO      Materials                       score=0.913
2026-05-07 03:14:32,695  INFO      Energy                          score=0.901
2026-05-07 03:14:32,695  INFO      Trading Companies & Distributors  score=0.891
2026-05-07 03:14:32,695  INFO      Distributors                    score=0.860
2026-05-07 03:14:32,695  INFO      Consumer Staples                score=0.854
2026-05-07 03:14:32,695  INFO      Telecommunication               score=0.848
2026-05-07 03:14:32,698  INFO      Consumer products               score=0.828
2026-05-07 03:14:32,698  INFO      Textiles, Apparel & Luxury Goods  score=0.826
2026-05-07 03:14:32,698  INFO      Commercial Services & Supplies  score=0.743
2026-05-07 03:14:32,699  INFO      Metals & Mining                 score=0.656
2026-05-07 03:14:32,727  INFO  [SectorRotationAgent] Building sector dataset — 9453 ticker obs
2026-05-07 03:14:39,394  INFO  [FeatureSelector/sector_rotation] Step 1 — correlation >85%: removed 0 / 14 features
2026-05-07 03:14:39,786  INFO  [FeatureSelector/sector_rotation] Step 2 — combined score (w_relevance=0.65, w_importance=0.35)
2026-05-07 03:14:39,786  INFO  [FeatureSelector/sector_rotation] Step 3 — importance cutoff: top=0.1447, cutoff=0.40 (value=0.0579), min_keep=6, max_keep=10
2026-05-07 03:14:39,786  INFO  [FeatureSelector/sector_rotation]   Feature                               Combined     Imp_RF     pb_y
2026-05-07 03:14:39,786  INFO  [FeatureSelector/sector_rotation]   ----------------------------------- ---------- ---------- --------
2026-05-07 03:14:39,786  INFO  [FeatureSelector/sector_rotation]    1. fcf_yield                             0.3916     0.1447    0.017  weight= 16.29%
2026-05-07 03:14:39,786  INFO  [FeatureSelector/sector_rotation]    2. earnings_yield                        0.9881     0.1398    0.155  weight= 15.74%
2026-05-07 03:14:39,786  INFO  [FeatureSelector/sector_rotation]    3. net_margin                            0.3451     0.1027    0.029  weight= 11.57%
2026-05-07 03:14:39,786  INFO  [FeatureSelector/sector_rotation]    4. roic                                  0.3571     0.0880    0.040  weight=  9.91%
2026-05-07 03:14:39,786  INFO  [FeatureSelector/sector_rotation]    5. ev_to_ebitda                          0.4319     0.0764    0.063  weight=  8.61%
2026-05-07 03:14:39,786  INFO  [FeatureSelector/sector_rotation]    6. pe_vs_5y_median                       0.2108     0.0714    0.016  weight=  8.04%
2026-05-07 03:14:39,797  INFO  [FeatureSelector/sector_rotation]    7. momentum_3m                           0.3466     0.0704    0.047  weight=  7.93%
2026-05-07 03:14:39,797  INFO  [FeatureSelector/sector_rotation]    8. revenue_yoy_growth                    0.2311     0.0695    0.022  weight=  7.83%
2026-05-07 03:14:39,797  INFO  [FeatureSelector/sector_rotation]    9. momentum_6m                           0.1516     0.0627    0.007  weight=  7.06%
2026-05-07 03:14:39,797  INFO  [FeatureSelector/sector_rotation]   10. price_vs_52w_high                     0.2702     0.0624    0.034  weight=  7.03%
2026-05-07 03:14:39,797  INFO  [FeatureSelector/sector_rotation]   Discarded by low combined score (4): fcf_margin, volatility_60d, sector_vs_market_momentum, risk_adjusted_sector_momentum
2026-05-07 03:14:39,799  INFO  [FeatureSelector/sector_rotation] Summary: 14 features → pair_drop=0 → corr_drop=0 → imp_drop=4 → 10 selected (cutoff rule + [6,10])
2026-05-07 03:14:39,804  INFO  [SectorRotationAgent] 713 sector obs | 548 outperform / 165 underperform sectors | 10 features
2026-05-07 03:14:41,904  INFO  [SectorRotationAgent] CV AUC=0.5190 ± 0.0384
2026-05-07 03:14:43,121  INFO  [SectorRotationAgent] Sector scores:
2026-05-07 03:14:43,121  INFO      Auto Components                 score=0.977
2026-05-07 03:14:43,121  INFO      Metals & Mining                 score=0.950
2026-05-07 03:14:43,121  INFO      Industrials                     score=0.937
2026-05-07 03:14:43,121  INFO      Building                        score=0.931
2026-05-07 03:14:43,121  INFO      Health Care                     score=0.913
2026-05-07 03:14:43,121  INFO      Industrial Conglomerates        score=0.906
2026-05-07 03:14:43,121  INFO      Financials                      score=0.886
2026-05-07 03:14:43,121  INFO      Machinery                       score=0.883
2026-05-07 03:14:43,121  INFO      Energy                          score=0.882
2026-05-07 03:14:43,121  INFO      Consumer Staples                score=0.880
2026-05-07 03:14:43,121  INFO      Airlines                        score=0.875
2026-05-07 03:14:43,121  INFO      Packaging                       score=0.873
2026-05-07 03:14:43,121  INFO      Banking                         score=0.872
2026-05-07 03:14:43,130  INFO      Electrical Equipment            score=0.860
2026-05-07 03:14:43,130  INFO      Road & Rail                     score=0.858
2026-05-07 03:14:43,130  INFO      Trading Companies & Distributors  score=0.855
2026-05-07 03:14:43,131  INFO      Consumer Discretionary          score=0.855
2026-05-07 03:14:43,131  INFO      Consumer products               score=0.838
2026-05-07 03:14:43,131  INFO      Tobacco                         score=0.827
2026-05-07 03:14:43,131  INFO      Communication Services          score=0.822
2026-05-07 03:14:43,133  INFO      Professional Services           score=0.791
2026-05-07 03:14:43,133  INFO      Distributors                    score=0.774
2026-05-07 03:14:43,133  INFO      Technology                      score=0.765
2026-05-07 03:14:43,134  INFO      Communications                  score=0.748
2026-05-07 03:14:43,134  INFO      Materials                       score=0.746
2026-05-07 03:14:43,134  INFO      Hotels, Restaurants & Leisure   score=0.724
2026-05-07 03:14:43,135  INFO      Construction                    score=0.685
2026-05-07 03:14:43,135  INFO      Life Sciences Tools & Services  score=0.676
2026-05-07 03:14:43,135  INFO      Commercial Services & Supplies  score=0.629
2026-05-07 03:14:43,136  INFO      Healthcare                      score=0.624
2026-05-07 03:14:43,136  INFO      Textiles, Apparel & Luxury Goods  score=0.616
2026-05-07 03:14:43,136  INFO      Leisure Products                score=0.587
2026-05-07 03:14:43,137  INFO      Telecommunication               score=0.572
2026-05-07 03:14:43,137  INFO      Utilities                       score=0.383
2026-05-07 03:14:43,137  INFO      Real Estate                     score=0.298
2026-05-07 03:14:43,207  INFO  [OOF/bear_risk] n=14796 | min=0.1218 q10=0.3588 q25=0.4275 mean=0.4742 q50=0.5000 q75=0.5000 q90=0.5629 max=0.8272
2026-05-07 03:14:43,208  INFO  [OOF/bear_risk] cobertura umbral: >=0.50=55.6% | >=0.55=12.0% | >=0.60=5.8%
2026-05-07 03:14:43,216  INFO  [OOF/bear_safety] n=14796 | min=0.1728 q10=0.4371 q25=0.5000 mean=0.5258 q50=0.5000 q75=0.5725 q90=0.6412 max=0.8782
2026-05-07 03:14:43,217  INFO  [OOF/bear_safety] cobertura umbral: >=0.50=77.7% | >=0.55=30.8% | >=0.60=18.2%
2026-05-07 03:14:43,224  INFO  [OOF/sector_score] n=14796 | min=0.2976 q10=0.5000 q25=0.5000 mean=0.7370 q50=0.8285 q75=0.9365 q90=0.9776 max=0.9924
2026-05-07 03:14:43,224  INFO  [OOF/sector_score] cobertura umbral: >=0.50=95.5% | >=0.55=62.2% | >=0.60=61.7%
2026-05-07 03:14:43,246  INFO  [NeutralPenalty] bear_score: penalized 4932 neutral scores 0.500 -> 0.250
2026-05-07 03:14:44,171  INFO  [AgentTemporal] Fold T03_20210215 validation -> agent_temporal_validation.csv
2026-05-07 03:14:44,171  INFO  [AgentTemporal] bear mult=1.079 rel=0.587 up=58.54% tp=58.54% trend=+0.0037 q=36
2026-05-07 03:14:44,171  INFO  [AgentTemporal] fundamental mult=1.069 rel=0.576 up=57.54% tp=57.54% trend=+0.0031 q=36
2026-05-07 03:14:44,171  INFO  [AgentTemporal] momentum mult=1.114 rel=0.626 up=62.42% tp=62.42% trend=+0.0050 q=36
2026-05-07 03:14:44,171  INFO  [AgentTemporal] valuation mult=1.082 rel=0.591 up=58.94% tp=58.94% trend=+0.0042 q=36
2026-05-07 03:14:44,238  INFO  [Diversity] bear_score multiplier=0.741
2026-05-07 03:14:44,238  INFO  [Diversity] fundamental_score multiplier=0.734
2026-05-07 03:14:44,239  INFO  [Diversity] momentum_score multiplier=0.755
2026-05-07 03:14:44,239  INFO  [Diversity] sector_score multiplier=0.776
2026-05-07 03:14:44,240  INFO  [Diversity] valuation_score multiplier=0.745
2026-05-07 03:14:44,726  INFO  [RuleQuality] bear multiplier=0.000
2026-05-07 03:14:44,726  INFO  [RuleQuality] fundamental multiplier=0.337
2026-05-07 03:14:44,726  INFO  [RuleQuality] momentum multiplier=0.000
2026-05-07 03:14:44,726  INFO  [RuleQuality] valuation multiplier=0.000
2026-05-07 03:14:44,813  INFO  [Dispersion] SCORE_DISPERSION_MIN_STD=0.0500
2026-05-07 03:14:44,813  INFO  [Dispersion] SCORE_DISPERSION_MIN_SCALE=0.3500
2026-05-07 03:14:44,813  INFO  [Dispersion] fundamental_score: std=0.109929 -> scale=1.0000 (sin shrink)
2026-05-07 03:14:44,813  INFO  [Dispersion] valuation_score: std=0.118683 -> scale=1.0000 (sin shrink)
2026-05-07 03:14:44,813  INFO  [Dispersion] momentum_score: std=0.125367 -> scale=1.0000 (sin shrink)
2026-05-07 03:14:44,813  INFO  [Dispersion] bear_score: std=0.128426 -> scale=1.0000 (sin shrink)
2026-05-07 03:14:44,823  INFO  [Dispersion] sector_score: std=0.167024 -> scale=1.0000 (sin shrink)
2026-05-07 03:14:44,823  INFO  [Fold T03_20210215] 2/3 — Entrenando MetaLearner sobre scores OOF (anti-leakage)...
2026-05-07 03:14:50,714  INFO  [alpha_meta_learner] Diagnostics → diagnostics_T03_20210215.json
2026-05-07 03:14:50,716  INFO  [Fold T03_20210215] 3/3 — Generando predicciones sobre el quarter de test (411 tickers)...
2026-05-07 03:14:55,995  INFO  [AgentScore/fundamental] n=411 | min=0.3505 q10=0.4503 q25=0.4660 mean=0.5010 q50=0.4913 q75=0.5282 q90=0.5694 max=0.6933
2026-05-07 03:14:56,005  INFO  [AgentScore/fundamental] cobertura umbral: >=0.50=44.5% | >=0.55=14.6% | >=0.60=4.4%
2026-05-07 03:15:00,181  INFO  [AgentScore/valuation] n=411 | min=0.3199 q10=0.3853 q25=0.4024 mean=0.4635 q50=0.4381 q75=0.5140 q90=0.5823 max=0.7618
2026-05-07 03:15:00,183  INFO  [AgentScore/valuation] cobertura umbral: >=0.50=29.7% | >=0.55=15.3% | >=0.60=7.5%
2026-05-07 03:15:03,859  INFO  [AgentScore/momentum] n=411 | min=0.3883 q10=0.4252 q25=0.4498 mean=0.4968 q50=0.4809 q75=0.5427 q90=0.5912 max=0.6960
2026-05-07 03:15:03,859  INFO  [AgentScore/momentum] cobertura umbral: >=0.50=37.0% | >=0.55=23.8% | >=0.60=6.8%
2026-05-07 03:15:08,785  INFO  [AgentScore/bear/risk] n=411 | min=0.3012 q10=0.3949 q25=0.4147 mean=0.4388 q50=0.4403 q75=0.4605 q90=0.4819 max=0.6012
2026-05-07 03:15:08,785  INFO  [AgentScore/bear/risk] cobertura umbral: >=0.50=5.8% | >=0.55=0.2% | >=0.60=0.2%
2026-05-07 03:15:08,796  INFO  [AgentScore/bear/safety] n=411 | min=0.3988 q10=0.5181 q25=0.5395 mean=0.5612 q50=0.5597 q75=0.5853 q90=0.6051 max=0.6988
2026-05-07 03:15:08,797  INFO  [AgentScore/bear/safety] cobertura umbral: >=0.50=94.2% | >=0.55=63.5% | >=0.60=11.9%
2026-05-07 03:15:08,799  INFO  [AgentScore/ensemble_mean_pre_meta] n=411 | min=0.4225 q10=0.4630 q25=0.4788 mean=0.5056 q50=0.5014 q75=0.5269 q90=0.5539 max=0.6322
2026-05-07 03:15:08,809  INFO  [AgentScore/ensemble_mean_pre_meta] cobertura umbral: >=0.50=51.3% | >=0.55=11.4% | >=0.60=1.5%
2026-05-07 03:15:08,896  INFO  [SectorRotationAgent] Sector scores:
2026-05-07 03:15:08,896  INFO      Airlines                        score=0.946
2026-05-07 03:15:08,896  INFO      Banking                         score=0.914
2026-05-07 03:15:08,896  INFO      Packaging                       score=0.909
2026-05-07 03:15:08,896  INFO      Energy                          score=0.909
2026-05-07 03:15:08,896  INFO      Distributors                    score=0.905
2026-05-07 03:15:08,896  INFO      Consumer Discretionary          score=0.894
2026-05-07 03:15:08,896  INFO      Textiles, Apparel & Luxury Goods  score=0.888
2026-05-07 03:15:08,905  INFO      Materials                       score=0.885
2026-05-07 03:15:08,905  INFO      Communications                  score=0.884
2026-05-07 03:15:08,905  INFO      Machinery                       score=0.877
2026-05-07 03:15:08,905  INFO      Hotels, Restaurants & Leisure   score=0.874
2026-05-07 03:15:08,905  INFO      Auto Components                 score=0.873
2026-05-07 03:15:08,906  INFO      Utilities                       score=0.857
2026-05-07 03:15:08,906  INFO      Health Care                     score=0.852
2026-05-07 03:15:08,906  INFO      Communication Services          score=0.845
2026-05-07 03:15:08,908  INFO      Metals & Mining                 score=0.844
2026-05-07 03:15:08,908  INFO      Life Sciences Tools & Services  score=0.834
2026-05-07 03:15:08,908  INFO      Technology                      score=0.824
2026-05-07 03:15:08,909  INFO      Financials                      score=0.793
2026-05-07 03:15:08,909  INFO      Commercial Services & Supplies  score=0.777
2026-05-07 03:15:08,910  INFO      Trading Companies & Distributors  score=0.773
2026-05-07 03:15:08,910  INFO      Consumer products               score=0.765
2026-05-07 03:15:08,910  INFO      Telecommunication               score=0.743
2026-05-07 03:15:08,910  INFO      Real Estate                     score=0.678
2026-05-07 03:15:08,910  INFO      Industrials                     score=0.666
2026-05-07 03:15:08,912  INFO      Professional Services           score=0.664
2026-05-07 03:15:08,912  INFO      Building                        score=0.631
2026-05-07 03:15:08,913  INFO      Industrial Conglomerates        score=0.629
2026-05-07 03:15:08,913  INFO      Electrical Equipment            score=0.623
2026-05-07 03:15:08,913  INFO      Tobacco                         score=0.606
2026-05-07 03:15:08,913  INFO      Consumer Staples                score=0.556
2026-05-07 03:15:08,913  INFO      Leisure Products                score=0.548
2026-05-07 03:15:08,913  INFO      Healthcare                      score=0.534
2026-05-07 03:15:08,913  INFO      Construction                    score=0.492
2026-05-07 03:15:08,913  INFO      Road & Rail                     score=0.386
2026-05-07 03:15:09,307  INFO  [Meta/final_score_pre_sector_adjust] n=411 | min=0.1813 q10=0.2733 q25=0.3593 mean=0.5135 q50=0.5081 q75=0.6654 q90=0.7573 max=0.8605
2026-05-07 03:15:09,307  INFO  [Meta/final_score_pre_sector_adjust] cobertura umbral: >=0.50=51.8% | >=0.55=43.8% | >=0.60=35.8%
2026-05-07 03:15:09,343  INFO  [SectorAdjust] params: SECTOR_CONFIDENCE_PEERS=10, SECTOR_SCORE_PRIOR_BASE=0.500, SECTOR_SCORE_PRIOR_WEIGHT=0.150
2026-05-07 03:15:09,355  INFO  [SectorAdjust/final_score_raw] n=411 | min=0.1813 q10=0.2733 q25=0.3593 mean=0.5135 q50=0.5081 q75=0.6654 q90=0.7573 max=0.8605
2026-05-07 03:15:09,356  INFO  [SectorAdjust/final_score_raw] cobertura umbral: >=0.50=51.8% | >=0.55=43.8% | >=0.60=35.8%
2026-05-07 03:15:09,367  INFO  [SectorAdjust/sector_score] n=411 | min=0.4116 q10=0.5951 q25=0.6881 mean=0.7248 q50=0.7511 q75=0.7903 q90=0.8053 max=0.8461
2026-05-07 03:15:09,367  INFO  [SectorAdjust/sector_score] cobertura umbral: >=0.50=98.1% | >=0.55=92.5% | >=0.60=89.1%
2026-05-07 03:15:09,370  INFO  [SectorAdjust/sector_confidence] n=411 | min=0.3162 q10=0.7071 q25=1.0000 mean=0.9399 q50=1.0000 q75=1.0000 q90=1.0000 max=1.0000
2026-05-07 03:15:09,370  INFO  [SectorAdjust/sector_confidence] cobertura umbral: >=0.50=98.5% | >=0.55=94.9% | >=0.60=94.9%
2026-05-07 03:15:09,379  INFO  [SectorAdjust/sector_tilt] n=411 | min=-0.0094 q10=0.0143 q25=0.0207 mean=0.0321 q50=0.0350 q75=0.0415 q90=0.0458 max=0.0482
2026-05-07 03:15:09,379  INFO  [SectorAdjust/sector_tilt] cobertura umbral: >=0.50=0.0% | >=0.55=0.0% | >=0.60=0.0%
2026-05-07 03:15:09,386  INFO  [SectorAdjust/final_score_adjusted] n=411 | min=0.2228 q10=0.3098 q25=0.3922 mean=0.5456 q50=0.5404 q75=0.6987 q90=0.7915 max=0.8982
2026-05-07 03:15:09,386  INFO  [SectorAdjust/final_score_adjusted] cobertura umbral: >=0.50=55.7% | >=0.55=47.7% | >=0.60=40.4%
2026-05-07 03:15:09,388  INFO  [RiskDiag] bear_risk>=hard_threshold(0.90): 0/411 (0.0%)
2026-05-07 03:15:09,391  INFO  [Fold T03_20210215] 3/3 — Predicciones listas. Scores en rango [0.223, 0.898]
2026-05-07 03:15:09,430  INFO  [FeatureUsage] Reporte fold T03_20210215 -> feature_usage_report.csv
2026-05-07 03:15:11,210  INFO  [Visualizer] Distribucion scores -> score_distribution_T03_20210215.png
2026-05-07 03:16:18,028  INFO  [Backtester] 2021Q1: 378 tickers superaron umbral 0.00 â†’ selecting target=7, final=7 (min=3, sector_cap=3)
2026-05-07 03:16:18,085  INFO  [Trail] 2021Q1: 9 events → portfolio_trail_2021Q1.csv
2026-05-07 03:16:18,157  INFO  [Backtester] 2021Q1: optimizer=hrp pre-entry trailing window applied
2026-05-07 03:16:18,173  INFO  [Backtester] 2021Q1 â€” cartera final (hrp+cap(0.20), 7 stocks):
2026-05-07 03:16:18,173  INFO      LRCX      peso=0.108  score=0.898  ret=+0.34%
2026-05-07 03:16:18,173  INFO      AVGO      peso=0.193  score=0.874  ret=+23.23%
2026-05-07 03:16:18,173  INFO      AMZN      peso=0.154  score=0.847  ret=-12.73%
2026-05-07 03:16:18,183  INFO      NVDA      peso=0.088  score=0.862  ret=+83.70%
2026-05-07 03:16:18,184  INFO      ALGN      peso=0.098  score=0.843  ret=-10.94%
2026-05-07 03:16:18,186  INFO      BIO       peso=0.180  score=0.853  ret=-11.50%
2026-05-07 03:16:18,187  INFO      MSCI      peso=0.179  score=0.758  ret=+23.92%
2026-05-07 03:16:18,197  INFO  [Backtester] 2021Q1 â€” 7 stocks | Cartera=+10.69%  Benchmark=+13.69%  Alpha=-3.01%  Sharpe=0.38
2026-05-07 03:17:13,234  WARNING  [T03_20210215] Source audit detected 2877 incidents (diagnostic-only).
2026-05-07 03:17:13,244  WARNING  [T03_20210215] Strict fold leakage detected: 411 rows after as-of.
2026-05-07 03:17:14,448  INFO  [Trail] Exported 9 trailing stop events to trailing_stop_evolution.csv
2026-05-07 03:17:21,223  INFO  [Visualizer] Rendimiento 2021Q1 -> performance.png
2026-05-07 03:17:22,801  INFO  [FoldReport] Fold 2021Q1: scores for 411 tickers saved â†’ scores.csv
2026-05-07 03:17:23,247  INFO  [Visualizer] Feature importances -> feat_imp_fundamental_T03_20210215.png
2026-05-07 03:17:23,717  INFO  [Visualizer] Feature importances -> feat_imp_valuation_T03_20210215.png
2026-05-07 03:17:24,167  INFO  [Visualizer] Feature importances -> feat_imp_momentum_T03_20210215.png
2026-05-07 03:17:24,620  INFO  [Visualizer] Feature importances -> feat_imp_bear_T03_20210215.png
2026-05-07 03:17:24,914  INFO  [Visualizer] Feature importances -> feat_imp_sector_rotation_T03_20210215.png
2026-05-07 03:17:25,246  INFO  [Explainer] Fold 2021Q1: explicaciones de 60 tickers -> ticker_explanations.csv y ticker_explanations.json
2026-05-07 03:17:25,254  INFO  [T04_20220215] SP500 dynamic @entry 2022-02-15: 506 active members
2026-05-07 03:17:25,254  INFO  [T04_20220215] Cambios vs fold previo (2021-02-15 -> 2022-02-15): +21 entran, -20 salen
2026-05-07 03:17:25,257  INFO  [T04_20220215]   Entran (muestra): BBWI, BRO, CDAY, CEG, CRL, CTRA, CZR, EPAM, FDS, GNRC, MRNA, MTCH
2026-05-07 03:17:25,257  INFO  [T04_20220215]   Salen  (muestra): ALXN, COG, FLIR, FLS, GPS, HBI, HFC, KSU, LB, LEG, MXIM, NOV
2026-05-07 03:17:25,470  INFO  [T04_20220215] Cobertura test pre-filtro: 551 tickers con snapshot/relleno
2026-05-07 03:17:25,470  INFO  [T04_20220215] Filtro SP500 @entry: 551 -> 462 tickers (excluidos por no ser miembro activo: 89)
2026-05-07 03:17:25,470  INFO  [T04_20220215]   No miembro SP500 @entry (muestra): ABNB, ACGL, AET, AIV, AMG, APP, ARES, AXON, BALL, BG, BHF, BLDR
2026-05-07 03:17:25,470  INFO  [T04_20220215]   Miembros SP500 sin snapshot usable en quarter (muestra): ABC, ABMD, ANSS, ANTM, ATVI, BLL, CDAY, CERN, CMA, CTLT, CTXS, DFS
2026-05-07 03:17:25,930  INFO  [T04_20220215] Universo base fold (SP500 @entry): 506 tickers
2026-05-07 03:17:25,930  INFO  [T04_20220215]   Fuera del universo base @entry (muestra): ABNB, ACGL, AET, AIV, AMG, AMTM, APO, APP, ARES, AXON, BALL, BG
2026-05-07 03:17:25,930  INFO  [T04_20220215]   Excluidos por historial insuficiente (<144M train): 456 | muestra: A, AAL, AAP, AAPL, ABBV, ABT, ACN, ADBE, ADI, ADM, ADP, ADSK
2026-05-07 03:17:25,941  INFO  [T04_20220215] Intento train=144M -> test elegible 6/506 (1.2%) | min requerido=380
2026-05-07 03:17:26,162  INFO  [T04_20220215] Cobertura test pre-filtro: 551 tickers con snapshot/relleno
2026-05-07 03:17:26,162  INFO  [T04_20220215] Filtro SP500 @entry: 551 -> 462 tickers (excluidos por no ser miembro activo: 89)
2026-05-07 03:17:26,162  INFO  [T04_20220215]   No miembro SP500 @entry (muestra): ABNB, ACGL, AET, AIV, AMG, APP, ARES, AXON, BALL, BG, BHF, BLDR
2026-05-07 03:17:26,162  INFO  [T04_20220215]   Miembros SP500 sin snapshot usable en quarter (muestra): ABC, ABMD, ANSS, ANTM, ATVI, BLL, CDAY, CERN, CMA, CTLT, CTXS, DFS
2026-05-07 03:17:26,611  INFO  [T04_20220215] Universo base fold (SP500 @entry): 506 tickers
2026-05-07 03:17:26,611  INFO  [T04_20220215]   Fuera del universo base @entry (muestra): ABNB, ACGL, AET, AIV, AMG, AMTM, APO, APP, ARES, AXON, BALL, BG
2026-05-07 03:17:26,618  INFO  [T04_20220215]   Excluidos por historial insuficiente (<132M train): 80 | muestra: ABBV, ALLE, AMCR, ANET, APA, APTV, AVGO, BKR, CARR, CBOE, CDW, CEG
2026-05-07 03:17:26,618  INFO  [T04_20220215] Intento train=132M -> test elegible 382/506 (75.5%) | min requerido=380
2026-05-07 03:17:26,618  INFO  [T04_20220215] Ventana seleccionada: 132M (2011-02-15 -> 2022-02-15) | tickers elegibles=382
2026-05-07 03:17:26,643  INFO  [T04_20220215] Eligibility audit (11Y) -> ticker_eligibility_audit.csv
2026-05-07 03:17:26,643  INFO  [T04_20220215] Eligibility reason summary -> eligibility_reason_summary.csv
2026-05-07 03:17:26,649  INFO  
============================================================
2026-05-07 03:17:26,649  INFO    ANALYSIS T04_20220215
2026-05-07 03:17:26,650  INFO    Train : 2011-02-15 → 2022-02-15  (~11 years)
2026-05-07 03:17:26,650  INFO    Mode  : anchored-entry schedule
2026-05-07 03:17:26,651  INFO    Test  : snapshot simulado en 2022-02-15 (as-of exacto, sin lag)
2026-05-07 03:17:26,651  INFO  ============================================================
2026-05-07 03:17:26,653  INFO  [T04_20220215] Ventana real de precios: 2022-02-15 -> 2023-02-15 (252 dias)
2026-05-07 03:18:03,785  INFO  [TP/SL] Building adaptive labels for fold: train_rows=16808, test_rows=382, strategies=3
2026-05-07 03:18:03,785  INFO  [TP/SL] Strategy=conservative -> generating train adaptive targets...
2026-05-07 03:18:04,521  INFO  [TP/SL][conservative] Adaptive target pass start: rows=16808, lag_days=0, holding_months=12
2026-05-07 03:19:46,236  INFO  [TP/SL][conservative] progress: 840/16808 (5.0%) | TP=277 SL=251 NONE=312 | 101.7s elapsed (8.3 rows/s)
2026-05-07 03:21:28,278  INFO  [TP/SL][conservative] progress: 1680/16808 (10.0%) | TP=527 SL=518 NONE=635 | 203.8s elapsed (8.2 rows/s)
2026-05-07 03:23:10,174  INFO  [TP/SL][conservative] progress: 2520/16808 (15.0%) | TP=786 SL=809 NONE=925 | 305.6s elapsed (8.2 rows/s)
2026-05-07 03:24:51,855  INFO  [TP/SL][conservative] progress: 3360/16808 (20.0%) | TP=1047 SL=1098 NONE=1215 | 407.3s elapsed (8.2 rows/s)
2026-05-07 03:26:33,778  INFO  [TP/SL][conservative] progress: 4200/16808 (25.0%) | TP=1305 SL=1375 NONE=1520 | 509.3s elapsed (8.2 rows/s)
2026-05-07 03:28:15,832  INFO  [TP/SL][conservative] progress: 5040/16808 (30.0%) | TP=1575 SL=1663 NONE=1802 | 611.3s elapsed (8.2 rows/s)
2026-05-07 03:29:57,754  INFO  [TP/SL][conservative] progress: 5880/16808 (35.0%) | TP=1849 SL=1952 NONE=2079 | 713.2s elapsed (8.2 rows/s)
2026-05-07 03:31:40,287  INFO  [TP/SL][conservative] progress: 6720/16808 (40.0%) | TP=2105 SL=2251 NONE=2364 | 815.8s elapsed (8.2 rows/s)
2026-05-07 03:33:22,836  INFO  [TP/SL][conservative] progress: 7560/16808 (45.0%) | TP=2347 SL=2552 NONE=2661 | 918.3s elapsed (8.2 rows/s)
2026-05-07 03:35:05,459  INFO  [TP/SL][conservative] progress: 8400/16808 (50.0%) | TP=2619 SL=2840 NONE=2941 | 1020.9s elapsed (8.2 rows/s)
2026-05-07 03:36:47,326  INFO  [TP/SL][conservative] progress: 9240/16808 (55.0%) | TP=2891 SL=3144 NONE=3205 | 1122.8s elapsed (8.2 rows/s)
2026-05-07 03:38:29,217  INFO  [TP/SL][conservative] progress: 10080/16808 (60.0%) | TP=3148 SL=3431 NONE=3501 | 1224.7s elapsed (8.2 rows/s)
2026-05-07 03:40:10,940  INFO  [TP/SL][conservative] progress: 10920/16808 (65.0%) | TP=3426 SL=3685 NONE=3809 | 1326.4s elapsed (8.2 rows/s)
2026-05-07 03:41:53,365  INFO  [TP/SL][conservative] progress: 11760/16808 (70.0%) | TP=3684 SL=3970 NONE=4106 | 1428.8s elapsed (8.2 rows/s)
2026-05-07 03:43:35,349  INFO  [TP/SL][conservative] progress: 12600/16808 (75.0%) | TP=3942 SL=4276 NONE=4382 | 1530.8s elapsed (8.2 rows/s)
2026-05-07 03:45:17,909  INFO  [TP/SL][conservative] progress: 13440/16808 (80.0%) | TP=4189 SL=4579 NONE=4672 | 1633.4s elapsed (8.2 rows/s)
2026-05-07 03:46:59,894  INFO  [TP/SL][conservative] progress: 14280/16808 (85.0%) | TP=4420 SL=4856 NONE=5004 | 1735.4s elapsed (8.2 rows/s)
2026-05-07 03:48:41,661  INFO  [TP/SL][conservative] progress: 15120/16808 (90.0%) | TP=4674 SL=5136 NONE=5310 | 1837.1s elapsed (8.2 rows/s)
2026-05-07 03:50:23,853  INFO  [TP/SL][conservative] progress: 15960/16808 (95.0%) | TP=4900 SL=5441 NONE=5619 | 1939.3s elapsed (8.2 rows/s)
2026-05-07 03:52:06,154  INFO  [TP/SL][conservative] progress: 16800/16808 (100.0%) | TP=5185 SL=5724 NONE=5891 | 2041.6s elapsed (8.2 rows/s)
2026-05-07 03:52:07,555  INFO  [TP/SL][conservative] progress: 16808/16808 (100.0%) | TP=5191 SL=5726 NONE=5891 | 2043.0s elapsed (8.2 rows/s)
2026-05-07 03:52:07,583  INFO  [TP/SL][conservative] pass complete: rows=16808 | TP=5191 SL=5726 NONE=5891 | 2043.1s total
2026-05-07 03:52:07,591  INFO  [TP/SL] Strategy=conservative -> generating test adaptive targets...
2026-05-07 03:52:08,101  INFO  [TP/SL][conservative] Adaptive target pass start: rows=382, lag_days=0, holding_months=12
2026-05-07 03:52:47,594  INFO  [TP/SL][conservative] progress: 250/382 (65.4%) | TP=39 SL=186 NONE=25 | 39.5s elapsed (6.3 rows/s)
2026-05-07 03:53:08,675  INFO  [TP/SL][conservative] progress: 382/382 (100.0%) | TP=53 SL=292 NONE=37 | 60.6s elapsed (6.3 rows/s)
2026-05-07 03:53:08,685  INFO  [TP/SL][conservative] pass complete: rows=382 | TP=53 SL=292 NONE=37 | 60.6s total
2026-05-07 03:53:08,696  INFO  [TP/SL] Strategy=conservative ready: utility=0.0038, hit_rate=30.88%, train_labels=16808, test_labels=382 [2104.9s]
2026-05-07 03:53:08,697  INFO  [TP/SL] Strategy=balanced -> generating train adaptive targets...
2026-05-07 03:53:09,365  INFO  [TP/SL][balanced] Adaptive target pass start: rows=16808, lag_days=0, holding_months=12
2026-05-07 03:53:28,851  INFO  [TP/SL][balanced] progress: 840/16808 (5.0%) | TP=200 SL=227 NONE=413 | 19.5s elapsed (43.1 rows/s)
2026-05-07 03:53:48,276  INFO  [TP/SL][balanced] progress: 1680/16808 (10.0%) | TP=388 SL=474 NONE=818 | 38.9s elapsed (43.2 rows/s)
2026-05-07 03:54:07,475  INFO  [TP/SL][balanced] progress: 2520/16808 (15.0%) | TP=571 SL=750 NONE=1199 | 58.1s elapsed (43.4 rows/s)
2026-05-07 03:54:26,628  INFO  [TP/SL][balanced] progress: 3360/16808 (20.0%) | TP=752 SL=1015 NONE=1593 | 77.3s elapsed (43.5 rows/s)
2026-05-07 03:54:45,730  INFO  [TP/SL][balanced] progress: 4200/16808 (25.0%) | TP=958 SL=1261 NONE=1981 | 96.4s elapsed (43.6 rows/s)
2026-05-07 03:55:05,055  INFO  [TP/SL][balanced] progress: 5040/16808 (30.0%) | TP=1166 SL=1509 NONE=2365 | 115.7s elapsed (43.6 rows/s)
2026-05-07 03:55:24,394  INFO  [TP/SL][balanced] progress: 5880/16808 (35.0%) | TP=1362 SL=1771 NONE=2747 | 135.0s elapsed (43.5 rows/s)
2026-05-07 03:55:43,810  INFO  [TP/SL][balanced] progress: 6720/16808 (40.0%) | TP=1543 SL=2030 NONE=3147 | 154.5s elapsed (43.5 rows/s)
2026-05-07 03:56:03,404  INFO  [TP/SL][balanced] progress: 7560/16808 (45.0%) | TP=1714 SL=2315 NONE=3531 | 174.0s elapsed (43.4 rows/s)
2026-05-07 03:56:23,028  INFO  [TP/SL][balanced] progress: 8400/16808 (50.0%) | TP=1898 SL=2580 NONE=3922 | 193.7s elapsed (43.4 rows/s)
2026-05-07 03:56:42,079  INFO  [TP/SL][balanced] progress: 9240/16808 (55.0%) | TP=2089 SL=2859 NONE=4292 | 212.7s elapsed (43.4 rows/s)
2026-05-07 03:57:01,495  INFO  [TP/SL][balanced] progress: 10080/16808 (60.0%) | TP=2261 SL=3123 NONE=4696 | 232.1s elapsed (43.4 rows/s)
2026-05-07 03:57:20,514  INFO  [TP/SL][balanced] progress: 10920/16808 (65.0%) | TP=2467 SL=3351 NONE=5102 | 251.2s elapsed (43.5 rows/s)
2026-05-07 03:57:39,949  INFO  [TP/SL][balanced] progress: 11760/16808 (70.0%) | TP=2670 SL=3609 NONE=5481 | 270.6s elapsed (43.5 rows/s)
2026-05-07 03:57:59,261  INFO  [TP/SL][balanced] progress: 12600/16808 (75.0%) | TP=2862 SL=3885 NONE=5853 | 289.9s elapsed (43.5 rows/s)
2026-05-07 03:58:19,024  INFO  [TP/SL][balanced] progress: 13440/16808 (80.0%) | TP=3032 SL=4164 NONE=6244 | 309.7s elapsed (43.4 rows/s)
2026-05-07 03:58:38,334  INFO  [TP/SL][balanced] progress: 14280/16808 (85.0%) | TP=3214 SL=4426 NONE=6640 | 329.0s elapsed (43.4 rows/s)
2026-05-07 03:58:57,388  INFO  [TP/SL][balanced] progress: 15120/16808 (90.0%) | TP=3389 SL=4677 NONE=7054 | 348.0s elapsed (43.4 rows/s)
2026-05-07 03:59:16,492  INFO  [TP/SL][balanced] progress: 15960/16808 (95.0%) | TP=3564 SL=4949 NONE=7447 | 367.1s elapsed (43.5 rows/s)
2026-05-07 03:59:35,950  INFO  [TP/SL][balanced] progress: 16800/16808 (100.0%) | TP=3782 SL=5211 NONE=7807 | 386.6s elapsed (43.5 rows/s)
2026-05-07 03:59:36,133  INFO  [TP/SL][balanced] progress: 16808/16808 (100.0%) | TP=3786 SL=5213 NONE=7809 | 386.8s elapsed (43.5 rows/s)
2026-05-07 03:59:36,161  INFO  [TP/SL][balanced] pass complete: rows=16808 | TP=3786 SL=5213 NONE=7809 | 386.8s total
2026-05-07 03:59:36,161  INFO  [TP/SL] Strategy=balanced -> generating test adaptive targets...
2026-05-07 03:59:36,673  INFO  [TP/SL][balanced] Adaptive target pass start: rows=382, lag_days=0, holding_months=12
2026-05-07 03:59:42,436  INFO  [TP/SL][balanced] progress: 250/382 (65.4%) | TP=25 SL=176 NONE=49 | 5.8s elapsed (43.3 rows/s)
2026-05-07 03:59:45,678  INFO  [TP/SL][balanced] progress: 382/382 (100.0%) | TP=32 SL=274 NONE=76 | 9.0s elapsed (42.4 rows/s)
2026-05-07 03:59:45,678  INFO  [TP/SL][balanced] pass complete: rows=382 | TP=32 SL=274 NONE=76 | 9.0s total
2026-05-07 03:59:45,691  INFO  [TP/SL] Strategy=balanced ready: utility=-0.0322, hit_rate=22.52%, train_labels=16808, test_labels=382 [397.0s]
2026-05-07 03:59:45,692  INFO  [TP/SL] Strategy=aggressive -> generating train adaptive targets...
2026-05-07 03:59:46,188  INFO  [TP/SL][aggressive] Adaptive target pass start: rows=16808, lag_days=0, holding_months=12
2026-05-07 04:00:05,626  INFO  [TP/SL][aggressive] progress: 840/16808 (5.0%) | TP=166 SL=165 NONE=509 | 19.4s elapsed (43.2 rows/s)
2026-05-07 04:00:25,061  INFO  [TP/SL][aggressive] progress: 1680/16808 (10.0%) | TP=314 SL=366 NONE=1000 | 38.9s elapsed (43.2 rows/s)
2026-05-07 04:00:44,305  INFO  [TP/SL][aggressive] progress: 2520/16808 (15.0%) | TP=463 SL=598 NONE=1459 | 58.1s elapsed (43.4 rows/s)
2026-05-07 04:01:03,299  INFO  [TP/SL][aggressive] progress: 3360/16808 (20.0%) | TP=604 SL=807 NONE=1949 | 77.1s elapsed (43.6 rows/s)
2026-05-07 04:01:22,560  INFO  [TP/SL][aggressive] progress: 4200/16808 (25.0%) | TP=770 SL=1012 NONE=2418 | 96.4s elapsed (43.6 rows/s)
2026-05-07 04:01:41,919  INFO  [TP/SL][aggressive] progress: 5040/16808 (30.0%) | TP=918 SL=1220 NONE=2902 | 115.7s elapsed (43.5 rows/s)
2026-05-07 04:02:01,287  INFO  [TP/SL][aggressive] progress: 5880/16808 (35.0%) | TP=1068 SL=1420 NONE=3392 | 135.1s elapsed (43.5 rows/s)
2026-05-07 04:02:20,752  INFO  [TP/SL][aggressive] progress: 6720/16808 (40.0%) | TP=1202 SL=1639 NONE=3879 | 154.6s elapsed (43.5 rows/s)
2026-05-07 04:02:40,346  INFO  [TP/SL][aggressive] progress: 7560/16808 (45.0%) | TP=1338 SL=1859 NONE=4363 | 174.2s elapsed (43.4 rows/s)
2026-05-07 04:02:59,786  INFO  [TP/SL][aggressive] progress: 8400/16808 (50.0%) | TP=1478 SL=2090 NONE=4832 | 193.6s elapsed (43.4 rows/s)
2026-05-07 04:03:19,128  INFO  [TP/SL][aggressive] progress: 9240/16808 (55.0%) | TP=1626 SL=2310 NONE=5304 | 212.9s elapsed (43.4 rows/s)
2026-05-07 04:03:38,462  INFO  [TP/SL][aggressive] progress: 10080/16808 (60.0%) | TP=1755 SL=2526 NONE=5799 | 232.3s elapsed (43.4 rows/s)
2026-05-07 04:03:57,781  INFO  [TP/SL][aggressive] progress: 10920/16808 (65.0%) | TP=1918 SL=2705 NONE=6297 | 251.6s elapsed (43.4 rows/s)
2026-05-07 04:04:17,291  INFO  [TP/SL][aggressive] progress: 11760/16808 (70.0%) | TP=2083 SL=2914 NONE=6763 | 271.1s elapsed (43.4 rows/s)
2026-05-07 04:04:36,570  INFO  [TP/SL][aggressive] progress: 12600/16808 (75.0%) | TP=2218 SL=3124 NONE=7258 | 290.4s elapsed (43.4 rows/s)
2026-05-07 04:04:56,436  INFO  [TP/SL][aggressive] progress: 13440/16808 (80.0%) | TP=2342 SL=3332 NONE=7766 | 310.2s elapsed (43.3 rows/s)
2026-05-07 04:05:15,740  INFO  [TP/SL][aggressive] progress: 14280/16808 (85.0%) | TP=2489 SL=3557 NONE=8234 | 329.6s elapsed (43.3 rows/s)
2026-05-07 04:05:34,762  INFO  [TP/SL][aggressive] progress: 15120/16808 (90.0%) | TP=2632 SL=3760 NONE=8728 | 348.6s elapsed (43.4 rows/s)
2026-05-07 04:05:53,820  INFO  [TP/SL][aggressive] progress: 15960/16808 (95.0%) | TP=2774 SL=3983 NONE=9203 | 367.6s elapsed (43.4 rows/s)
2026-05-07 04:06:13,187  INFO  [TP/SL][aggressive] progress: 16800/16808 (100.0%) | TP=2941 SL=4193 NONE=9666 | 387.0s elapsed (43.4 rows/s)
2026-05-07 04:06:13,363  INFO  [TP/SL][aggressive] progress: 16808/16808 (100.0%) | TP=2943 SL=4195 NONE=9670 | 387.2s elapsed (43.4 rows/s)
2026-05-07 04:06:13,390  INFO  [TP/SL][aggressive] pass complete: rows=16808 | TP=2943 SL=4195 NONE=9670 | 387.2s total
2026-05-07 04:06:13,393  INFO  [TP/SL] Strategy=aggressive -> generating test adaptive targets...
2026-05-07 04:06:14,092  INFO  [TP/SL][aggressive] Adaptive target pass start: rows=382, lag_days=0, holding_months=12
2026-05-07 04:06:19,718  INFO  [TP/SL][aggressive] progress: 250/382 (65.4%) | TP=10 SL=142 NONE=98 | 5.6s elapsed (44.5 rows/s)
2026-05-07 04:06:22,769  INFO  [TP/SL][aggressive] progress: 382/382 (100.0%) | TP=15 SL=217 NONE=150 | 8.7s elapsed (44.1 rows/s)
2026-05-07 04:06:22,769  INFO  [TP/SL][aggressive] pass complete: rows=382 | TP=15 SL=217 NONE=150 | 8.7s total
2026-05-07 04:06:22,785  INFO  [TP/SL] Strategy=aggressive ready: utility=-0.0811, hit_rate=17.51%, train_labels=16808, test_labels=382 [397.1s]
2026-05-07 04:06:22,785  INFO  [TP/SL] Strategy=conservative__relax1 -> generating train adaptive targets...
2026-05-07 04:06:23,279  INFO  [TP/SL][conservative__relax1] Adaptive target pass start: rows=16808, lag_days=0, holding_months=12
2026-05-07 04:06:42,780  INFO  [TP/SL][conservative__relax1] progress: 840/16808 (5.0%) | TP=441 SL=225 NONE=174 | 19.5s elapsed (43.1 rows/s)
2026-05-07 04:07:01,983  INFO  [TP/SL][conservative__relax1] progress: 1680/16808 (10.0%) | TP=862 SL=470 NONE=348 | 38.7s elapsed (43.4 rows/s)
2026-05-07 04:07:21,104  INFO  [TP/SL][conservative__relax1] progress: 2520/16808 (15.0%) | TP=1278 SL=731 NONE=511 | 57.8s elapsed (43.6 rows/s)
2026-05-07 04:07:40,175  INFO  [TP/SL][conservative__relax1] progress: 3360/16808 (20.0%) | TP=1642 SL=998 NONE=720 | 76.9s elapsed (43.7 rows/s)
2026-05-07 04:07:59,106  INFO  [TP/SL][conservative__relax1] progress: 4200/16808 (25.0%) | TP=2080 SL=1247 NONE=873 | 95.8s elapsed (43.8 rows/s)
2026-05-07 04:08:18,460  INFO  [TP/SL][conservative__relax1] progress: 5040/16808 (30.0%) | TP=2465 SL=1515 NONE=1060 | 115.2s elapsed (43.8 rows/s)
2026-05-07 04:08:37,593  INFO  [TP/SL][conservative__relax1] progress: 5880/16808 (35.0%) | TP=2864 SL=1778 NONE=1238 | 134.3s elapsed (43.8 rows/s)
2026-05-07 04:08:56,996  INFO  [TP/SL][conservative__relax1] progress: 6720/16808 (40.0%) | TP=3246 SL=2081 NONE=1393 | 153.7s elapsed (43.7 rows/s)
2026-05-07 04:09:16,612  INFO  [TP/SL][conservative__relax1] progress: 7560/16808 (45.0%) | TP=3650 SL=2361 NONE=1549 | 173.3s elapsed (43.6 rows/s)
2026-05-07 04:09:36,045  INFO  [TP/SL][conservative__relax1] progress: 8400/16808 (50.0%) | TP=4073 SL=2624 NONE=1703 | 192.8s elapsed (43.6 rows/s)
2026-05-07 04:09:55,398  INFO  [TP/SL][conservative__relax1] progress: 9240/16808 (55.0%) | TP=4471 SL=2899 NONE=1870 | 212.1s elapsed (43.6 rows/s)
2026-05-07 04:10:14,628  INFO  [TP/SL][conservative__relax1] progress: 10080/16808 (60.0%) | TP=4884 SL=3160 NONE=2036 | 231.3s elapsed (43.6 rows/s)
2026-05-07 04:10:33,789  INFO  [TP/SL][conservative__relax1] progress: 10920/16808 (65.0%) | TP=5336 SL=3396 NONE=2188 | 250.5s elapsed (43.6 rows/s)
2026-05-07 04:10:53,234  INFO  [TP/SL][conservative__relax1] progress: 11760/16808 (70.0%) | TP=5735 SL=3660 NONE=2365 | 270.0s elapsed (43.6 rows/s)
2026-05-07 04:11:12,647  INFO  [TP/SL][conservative__relax1] progress: 12600/16808 (75.0%) | TP=6130 SL=3945 NONE=2525 | 289.4s elapsed (43.5 rows/s)
2026-05-07 04:11:32,315  INFO  [TP/SL][conservative__relax1] progress: 13440/16808 (80.0%) | TP=6560 SL=4207 NONE=2673 | 309.0s elapsed (43.5 rows/s)
2026-05-07 04:11:51,736  INFO  [TP/SL][conservative__relax1] progress: 14280/16808 (85.0%) | TP=6946 SL=4461 NONE=2873 | 328.4s elapsed (43.5 rows/s)
2026-05-07 04:12:10,682  INFO  [TP/SL][conservative__relax1] progress: 15120/16808 (90.0%) | TP=7379 SL=4727 NONE=3014 | 347.4s elapsed (43.5 rows/s)
2026-05-07 04:12:29,841  INFO  [TP/SL][conservative__relax1] progress: 15960/16808 (95.0%) | TP=7790 SL=5011 NONE=3159 | 366.6s elapsed (43.5 rows/s)
2026-05-07 04:12:49,424  INFO  [TP/SL][conservative__relax1] progress: 16800/16808 (100.0%) | TP=8191 SL=5261 NONE=3348 | 386.1s elapsed (43.5 rows/s)
2026-05-07 04:12:49,597  INFO  [TP/SL][conservative__relax1] progress: 16808/16808 (100.0%) | TP=8197 SL=5263 NONE=3348 | 386.3s elapsed (43.5 rows/s)
2026-05-07 04:12:49,627  INFO  [TP/SL][conservative__relax1] pass complete: rows=16808 | TP=8197 SL=5263 NONE=3348 | 386.3s total
2026-05-07 04:12:49,628  INFO  [TP/SL] Strategy=conservative__relax1 -> generating test adaptive targets...
2026-05-07 04:12:50,132  INFO  [TP/SL][conservative__relax1] Adaptive target pass start: rows=382, lag_days=0, holding_months=12
2026-05-07 04:12:55,917  INFO  [TP/SL][conservative__relax1] progress: 250/382 (65.4%) | TP=62 SL=177 NONE=11 | 5.8s elapsed (43.3 rows/s)
2026-05-07 04:12:58,945  INFO  [TP/SL][conservative__relax1] progress: 382/382 (100.0%) | TP=92 SL=277 NONE=13 | 8.8s elapsed (43.4 rows/s)
2026-05-07 04:12:58,945  INFO  [TP/SL][conservative__relax1] pass complete: rows=382 | TP=92 SL=277 NONE=13 | 8.8s total
2026-05-07 04:12:58,963  INFO  [TP/SL] Strategy=conservative__relax1 ready: utility=0.0192, hit_rate=48.77%, train_labels=16808, test_labels=382 [396.2s]
2026-05-07 04:12:58,965  INFO  [TP/SL] Strategy=conservative__relax2 -> generating train adaptive targets...
2026-05-07 04:12:59,474  INFO  [TP/SL][conservative__relax2] Adaptive target pass start: rows=16808, lag_days=0, holding_months=12
2026-05-07 04:13:18,792  INFO  [TP/SL][conservative__relax2] progress: 840/16808 (5.0%) | TP=441 SL=225 NONE=174 | 19.3s elapsed (43.5 rows/s)
2026-05-07 04:13:38,148  INFO  [TP/SL][conservative__relax2] progress: 1680/16808 (10.0%) | TP=862 SL=470 NONE=348 | 38.7s elapsed (43.4 rows/s)
2026-05-07 04:13:57,345  INFO  [TP/SL][conservative__relax2] progress: 2520/16808 (15.0%) | TP=1278 SL=731 NONE=511 | 57.9s elapsed (43.5 rows/s)
2026-05-07 04:14:16,263  INFO  [TP/SL][conservative__relax2] progress: 3360/16808 (20.0%) | TP=1642 SL=998 NONE=720 | 76.8s elapsed (43.8 rows/s)
2026-05-07 04:14:35,432  INFO  [TP/SL][conservative__relax2] progress: 4200/16808 (25.0%) | TP=2080 SL=1247 NONE=873 | 96.0s elapsed (43.8 rows/s)
2026-05-07 04:14:54,391  INFO  [TP/SL][conservative__relax2] progress: 5040/16808 (30.0%) | TP=2465 SL=1515 NONE=1060 | 114.9s elapsed (43.9 rows/s)
2026-05-07 04:15:13,633  INFO  [TP/SL][conservative__relax2] progress: 5880/16808 (35.0%) | TP=2864 SL=1778 NONE=1238 | 134.2s elapsed (43.8 rows/s)
2026-05-07 04:15:32,866  INFO  [TP/SL][conservative__relax2] progress: 6720/16808 (40.0%) | TP=3246 SL=2081 NONE=1393 | 153.4s elapsed (43.8 rows/s)
2026-05-07 04:15:52,505  INFO  [TP/SL][conservative__relax2] progress: 7560/16808 (45.0%) | TP=3650 SL=2361 NONE=1549 | 173.0s elapsed (43.7 rows/s)
2026-05-07 04:16:12,039  INFO  [TP/SL][conservative__relax2] progress: 8400/16808 (50.0%) | TP=4073 SL=2624 NONE=1703 | 192.6s elapsed (43.6 rows/s)
2026-05-07 04:16:30,950  INFO  [TP/SL][conservative__relax2] progress: 9240/16808 (55.0%) | TP=4471 SL=2899 NONE=1870 | 211.5s elapsed (43.7 rows/s)
2026-05-07 04:16:50,089  INFO  [TP/SL][conservative__relax2] progress: 10080/16808 (60.0%) | TP=4884 SL=3160 NONE=2036 | 230.6s elapsed (43.7 rows/s)
2026-05-07 04:17:09,022  INFO  [TP/SL][conservative__relax2] progress: 10920/16808 (65.0%) | TP=5336 SL=3396 NONE=2188 | 249.5s elapsed (43.8 rows/s)
2026-05-07 04:17:28,535  INFO  [TP/SL][conservative__relax2] progress: 11760/16808 (70.0%) | TP=5735 SL=3660 NONE=2365 | 269.1s elapsed (43.7 rows/s)
2026-05-07 04:17:47,645  INFO  [TP/SL][conservative__relax2] progress: 12600/16808 (75.0%) | TP=6130 SL=3945 NONE=2525 | 288.2s elapsed (43.7 rows/s)
2026-05-07 04:18:07,029  INFO  [TP/SL][conservative__relax2] progress: 13440/16808 (80.0%) | TP=6560 SL=4207 NONE=2673 | 307.6s elapsed (43.7 rows/s)
2026-05-07 04:18:26,434  INFO  [TP/SL][conservative__relax2] progress: 14280/16808 (85.0%) | TP=6946 SL=4461 NONE=2873 | 327.0s elapsed (43.7 rows/s)
2026-05-07 04:18:45,374  INFO  [TP/SL][conservative__relax2] progress: 15120/16808 (90.0%) | TP=7379 SL=4727 NONE=3014 | 345.9s elapsed (43.7 rows/s)
2026-05-07 04:19:04,373  INFO  [TP/SL][conservative__relax2] progress: 15960/16808 (95.0%) | TP=7790 SL=5011 NONE=3159 | 364.9s elapsed (43.7 rows/s)
2026-05-07 04:19:23,647  INFO  [TP/SL][conservative__relax2] progress: 16800/16808 (100.0%) | TP=8191 SL=5261 NONE=3348 | 384.2s elapsed (43.7 rows/s)
2026-05-07 04:19:23,825  INFO  [TP/SL][conservative__relax2] progress: 16808/16808 (100.0%) | TP=8197 SL=5263 NONE=3348 | 384.3s elapsed (43.7 rows/s)
2026-05-07 04:19:23,846  INFO  [TP/SL][conservative__relax2] pass complete: rows=16808 | TP=8197 SL=5263 NONE=3348 | 384.4s total
2026-05-07 04:19:23,856  INFO  [TP/SL] Strategy=conservative__relax2 -> generating test adaptive targets...
2026-05-07 04:19:24,367  INFO  [TP/SL][conservative__relax2] Adaptive target pass start: rows=382, lag_days=0, holding_months=12
2026-05-07 04:19:30,148  INFO  [TP/SL][conservative__relax2] progress: 250/382 (65.4%) | TP=62 SL=177 NONE=11 | 5.8s elapsed (43.2 rows/s)
2026-05-07 04:19:32,961  INFO  [TP/SL][conservative__relax2] progress: 382/382 (100.0%) | TP=92 SL=277 NONE=13 | 8.6s elapsed (44.4 rows/s)
2026-05-07 04:19:32,961  INFO  [TP/SL][conservative__relax2] pass complete: rows=382 | TP=92 SL=277 NONE=13 | 8.6s total
2026-05-07 04:19:32,971  INFO  [TP/SL] Strategy=conservative__relax2 ready: utility=0.0192, hit_rate=48.77%, train_labels=16808, test_labels=382 [394.0s]
2026-05-07 04:19:32,971  INFO  [TP/SL] Strategy=balanced__relax1 -> generating train adaptive targets...
2026-05-07 04:19:33,490  INFO  [TP/SL][balanced__relax1] Adaptive target pass start: rows=16808, lag_days=0, holding_months=12
2026-05-07 04:19:53,069  INFO  [TP/SL][balanced__relax1] progress: 840/16808 (5.0%) | TP=441 SL=225 NONE=174 | 19.6s elapsed (42.9 rows/s)
2026-05-07 04:20:12,372  INFO  [TP/SL][balanced__relax1] progress: 1680/16808 (10.0%) | TP=862 SL=470 NONE=348 | 38.9s elapsed (43.2 rows/s)
2026-05-07 04:20:31,387  INFO  [TP/SL][balanced__relax1] progress: 2520/16808 (15.0%) | TP=1278 SL=731 NONE=511 | 57.9s elapsed (43.5 rows/s)
2026-05-07 04:20:50,391  INFO  [TP/SL][balanced__relax1] progress: 3360/16808 (20.0%) | TP=1642 SL=998 NONE=720 | 76.9s elapsed (43.7 rows/s)
2026-05-07 04:21:09,389  INFO  [TP/SL][balanced__relax1] progress: 4200/16808 (25.0%) | TP=2080 SL=1247 NONE=873 | 95.9s elapsed (43.8 rows/s)
2026-05-07 04:21:28,540  INFO  [TP/SL][balanced__relax1] progress: 5040/16808 (30.0%) | TP=2465 SL=1515 NONE=1060 | 115.0s elapsed (43.8 rows/s)
2026-05-07 04:21:47,677  INFO  [TP/SL][balanced__relax1] progress: 5880/16808 (35.0%) | TP=2864 SL=1778 NONE=1238 | 134.2s elapsed (43.8 rows/s)
2026-05-07 04:22:07,268  INFO  [TP/SL][balanced__relax1] progress: 6720/16808 (40.0%) | TP=3246 SL=2081 NONE=1393 | 153.8s elapsed (43.7 rows/s)
2026-05-07 04:22:26,703  INFO  [TP/SL][balanced__relax1] progress: 7560/16808 (45.0%) | TP=3650 SL=2361 NONE=1549 | 173.2s elapsed (43.6 rows/s)
2026-05-07 04:22:46,300  INFO  [TP/SL][balanced__relax1] progress: 8400/16808 (50.0%) | TP=4073 SL=2624 NONE=1703 | 192.8s elapsed (43.6 rows/s)
2026-05-07 04:23:05,355  INFO  [TP/SL][balanced__relax1] progress: 9240/16808 (55.0%) | TP=4471 SL=2899 NONE=1870 | 211.9s elapsed (43.6 rows/s)
2026-05-07 04:23:24,608  INFO  [TP/SL][balanced__relax1] progress: 10080/16808 (60.0%) | TP=4884 SL=3160 NONE=2036 | 231.1s elapsed (43.6 rows/s)
2026-05-07 04:23:43,864  INFO  [TP/SL][balanced__relax1] progress: 10920/16808 (65.0%) | TP=5336 SL=3396 NONE=2188 | 250.4s elapsed (43.6 rows/s)
2026-05-07 04:24:03,249  INFO  [TP/SL][balanced__relax1] progress: 11760/16808 (70.0%) | TP=5735 SL=3660 NONE=2365 | 269.8s elapsed (43.6 rows/s)
2026-05-07 04:24:22,642  INFO  [TP/SL][balanced__relax1] progress: 12600/16808 (75.0%) | TP=6130 SL=3945 NONE=2525 | 289.2s elapsed (43.6 rows/s)
2026-05-07 04:24:42,046  INFO  [TP/SL][balanced__relax1] progress: 13440/16808 (80.0%) | TP=6560 SL=4207 NONE=2673 | 308.6s elapsed (43.6 rows/s)
2026-05-07 04:25:01,473  INFO  [TP/SL][balanced__relax1] progress: 14280/16808 (85.0%) | TP=6946 SL=4461 NONE=2873 | 328.0s elapsed (43.5 rows/s)
2026-05-07 04:25:20,332  INFO  [TP/SL][balanced__relax1] progress: 15120/16808 (90.0%) | TP=7379 SL=4727 NONE=3014 | 346.8s elapsed (43.6 rows/s)
2026-05-07 04:25:39,522  INFO  [TP/SL][balanced__relax1] progress: 15960/16808 (95.0%) | TP=7790 SL=5011 NONE=3159 | 366.0s elapsed (43.6 rows/s)
2026-05-07 04:25:59,010  INFO  [TP/SL][balanced__relax1] progress: 16800/16808 (100.0%) | TP=8191 SL=5261 NONE=3348 | 385.5s elapsed (43.6 rows/s)
2026-05-07 04:25:59,192  INFO  [TP/SL][balanced__relax1] progress: 16808/16808 (100.0%) | TP=8197 SL=5263 NONE=3348 | 385.7s elapsed (43.6 rows/s)
2026-05-07 04:25:59,213  INFO  [TP/SL][balanced__relax1] pass complete: rows=16808 | TP=8197 SL=5263 NONE=3348 | 385.7s total
2026-05-07 04:25:59,222  INFO  [TP/SL] Strategy=balanced__relax1 -> generating test adaptive targets...
2026-05-07 04:25:59,730  INFO  [TP/SL][balanced__relax1] Adaptive target pass start: rows=382, lag_days=0, holding_months=12
2026-05-07 04:26:05,513  INFO  [TP/SL][balanced__relax1] progress: 250/382 (65.4%) | TP=62 SL=177 NONE=11 | 5.8s elapsed (43.3 rows/s)
2026-05-07 04:26:08,553  INFO  [TP/SL][balanced__relax1] progress: 382/382 (100.0%) | TP=92 SL=277 NONE=13 | 8.8s elapsed (43.3 rows/s)
2026-05-07 04:26:08,553  INFO  [TP/SL][balanced__relax1] pass complete: rows=382 | TP=92 SL=277 NONE=13 | 8.8s total
2026-05-07 04:26:08,563  INFO  [TP/SL] Strategy=balanced__relax1 ready: utility=0.0192, hit_rate=48.77%, train_labels=16808, test_labels=382 [395.6s]
2026-05-07 04:26:08,563  INFO  [TP/SL] Strategy=balanced__relax2 -> generating train adaptive targets...
2026-05-07 04:26:09,074  INFO  [TP/SL][balanced__relax2] Adaptive target pass start: rows=16808, lag_days=0, holding_months=12
2026-05-07 04:26:28,599  INFO  [TP/SL][balanced__relax2] progress: 840/16808 (5.0%) | TP=255 SL=253 NONE=332 | 19.5s elapsed (43.0 rows/s)
2026-05-07 04:26:47,975  INFO  [TP/SL][balanced__relax2] progress: 1680/16808 (10.0%) | TP=474 SL=525 NONE=681 | 38.9s elapsed (43.2 rows/s)
2026-05-07 04:27:07,422  INFO  [TP/SL][balanced__relax2] progress: 2520/16808 (15.0%) | TP=698 SL=812 NONE=1010 | 58.3s elapsed (43.2 rows/s)
2026-05-07 04:27:26,550  INFO  [TP/SL][balanced__relax2] progress: 3360/16808 (20.0%) | TP=928 SL=1098 NONE=1334 | 77.5s elapsed (43.4 rows/s)
2026-05-07 04:27:45,893  INFO  [TP/SL][balanced__relax2] progress: 4200/16808 (25.0%) | TP=1169 SL=1374 NONE=1657 | 96.8s elapsed (43.4 rows/s)
2026-05-07 04:28:05,098  INFO  [TP/SL][balanced__relax2] progress: 5040/16808 (30.0%) | TP=1405 SL=1671 NONE=1964 | 116.0s elapsed (43.4 rows/s)
2026-05-07 04:28:24,345  INFO  [TP/SL][balanced__relax2] progress: 5880/16808 (35.0%) | TP=1658 SL=1963 NONE=2259 | 135.3s elapsed (43.5 rows/s)
2026-05-07 04:28:44,092  INFO  [TP/SL][balanced__relax2] progress: 6720/16808 (40.0%) | TP=1888 SL=2278 NONE=2554 | 155.0s elapsed (43.4 rows/s)
2026-05-07 04:29:03,620  INFO  [TP/SL][balanced__relax2] progress: 7560/16808 (45.0%) | TP=2101 SL=2586 NONE=2873 | 174.5s elapsed (43.3 rows/s)
2026-05-07 04:29:23,400  INFO  [TP/SL][balanced__relax2] progress: 8400/16808 (50.0%) | TP=2336 SL=2882 NONE=3182 | 194.3s elapsed (43.2 rows/s)
2026-05-07 04:29:42,584  INFO  [TP/SL][balanced__relax2] progress: 9240/16808 (55.0%) | TP=2578 SL=3185 NONE=3477 | 213.5s elapsed (43.3 rows/s)
2026-05-07 04:30:02,040  INFO  [TP/SL][balanced__relax2] progress: 10080/16808 (60.0%) | TP=2794 SL=3485 NONE=3801 | 233.0s elapsed (43.3 rows/s)
2026-05-07 04:30:21,226  INFO  [TP/SL][balanced__relax2] progress: 10920/16808 (65.0%) | TP=3049 SL=3752 NONE=4119 | 252.1s elapsed (43.3 rows/s)
2026-05-07 04:30:40,804  INFO  [TP/SL][balanced__relax2] progress: 11760/16808 (70.0%) | TP=3285 SL=4041 NONE=4434 | 271.7s elapsed (43.3 rows/s)
2026-05-07 04:31:00,172  INFO  [TP/SL][balanced__relax2] progress: 12600/16808 (75.0%) | TP=3519 SL=4342 NONE=4739 | 291.1s elapsed (43.3 rows/s)
2026-05-07 04:31:20,121  INFO  [TP/SL][balanced__relax2] progress: 13440/16808 (80.0%) | TP=3733 SL=4635 NONE=5072 | 311.0s elapsed (43.2 rows/s)
2026-05-07 04:31:39,538  INFO  [TP/SL][balanced__relax2] progress: 14280/16808 (85.0%) | TP=3944 SL=4905 NONE=5431 | 330.5s elapsed (43.2 rows/s)
2026-05-07 04:31:58,645  INFO  [TP/SL][balanced__relax2] progress: 15120/16808 (90.0%) | TP=4165 SL=5192 NONE=5763 | 349.6s elapsed (43.3 rows/s)
2026-05-07 04:32:17,633  INFO  [TP/SL][balanced__relax2] progress: 15960/16808 (95.0%) | TP=4371 SL=5502 NONE=6087 | 368.6s elapsed (43.3 rows/s)
2026-05-07 04:32:37,147  INFO  [TP/SL][balanced__relax2] progress: 16800/16808 (100.0%) | TP=4634 SL=5776 NONE=6390 | 388.1s elapsed (43.3 rows/s)
2026-05-07 04:32:37,321  INFO  [TP/SL][balanced__relax2] progress: 16808/16808 (100.0%) | TP=4639 SL=5779 NONE=6390 | 388.2s elapsed (43.3 rows/s)
2026-05-07 04:32:37,351  INFO  [TP/SL][balanced__relax2] pass complete: rows=16808 | TP=4639 SL=5779 NONE=6390 | 388.3s total
2026-05-07 04:32:37,360  INFO  [TP/SL] Strategy=balanced__relax2 -> generating test adaptive targets...
2026-05-07 04:32:38,115  INFO  [TP/SL][balanced__relax2] Adaptive target pass start: rows=382, lag_days=0, holding_months=12
2026-05-07 04:32:43,741  INFO  [TP/SL][balanced__relax2] progress: 250/382 (65.4%) | TP=33 SL=186 NONE=31 | 5.6s elapsed (44.5 rows/s)
2026-05-07 04:32:46,815  INFO  [TP/SL][balanced__relax2] progress: 382/382 (100.0%) | TP=43 SL=289 NONE=50 | 8.7s elapsed (43.9 rows/s)
2026-05-07 04:32:46,815  INFO  [TP/SL][balanced__relax2] pass complete: rows=382 | TP=43 SL=289 NONE=50 | 8.7s total
2026-05-07 04:32:46,828  INFO  [TP/SL] Strategy=balanced__relax2 ready: utility=-0.0008, hit_rate=27.60%, train_labels=16808, test_labels=382 [398.3s]
2026-05-07 04:32:46,829  INFO  [TP/SL] Strategy=aggressive__relax1 -> generating train adaptive targets...
2026-05-07 04:32:47,336  INFO  [TP/SL][aggressive__relax1] Adaptive target pass start: rows=16808, lag_days=0, holding_months=12
2026-05-07 04:33:06,882  INFO  [TP/SL][aggressive__relax1] progress: 840/16808 (5.0%) | TP=177 SL=255 NONE=408 | 19.5s elapsed (43.0 rows/s)
2026-05-07 04:33:26,415  INFO  [TP/SL][aggressive__relax1] progress: 1680/16808 (10.0%) | TP=346 SL=531 NONE=803 | 39.1s elapsed (43.0 rows/s)
2026-05-07 04:33:45,813  INFO  [TP/SL][aggressive__relax1] progress: 2520/16808 (15.0%) | TP=511 SL=825 NONE=1184 | 58.5s elapsed (43.1 rows/s)
2026-05-07 04:34:05,197  INFO  [TP/SL][aggressive__relax1] progress: 3360/16808 (20.0%) | TP=667 SL=1115 NONE=1578 | 77.9s elapsed (43.2 rows/s)
2026-05-07 04:34:24,496  INFO  [TP/SL][aggressive__relax1] progress: 4200/16808 (25.0%) | TP=850 SL=1397 NONE=1953 | 97.2s elapsed (43.2 rows/s)
2026-05-07 04:34:43,853  INFO  [TP/SL][aggressive__relax1] progress: 5040/16808 (30.0%) | TP=1024 SL=1700 NONE=2316 | 116.5s elapsed (43.3 rows/s)
2026-05-07 04:35:03,328  INFO  [TP/SL][aggressive__relax1] progress: 5880/16808 (35.0%) | TP=1197 SL=1996 NONE=2687 | 136.0s elapsed (43.2 rows/s)
2026-05-07 04:35:23,240  INFO  [TP/SL][aggressive__relax1] progress: 6720/16808 (40.0%) | TP=1349 SL=2322 NONE=3049 | 155.9s elapsed (43.1 rows/s)
2026-05-07 04:35:42,793  INFO  [TP/SL][aggressive__relax1] progress: 7560/16808 (45.0%) | TP=1496 SL=2638 NONE=3426 | 175.5s elapsed (43.1 rows/s)
2026-05-07 04:36:02,435  INFO  [TP/SL][aggressive__relax1] progress: 8400/16808 (50.0%) | TP=1663 SL=2944 NONE=3793 | 195.1s elapsed (43.1 rows/s)
2026-05-07 04:36:21,662  INFO  [TP/SL][aggressive__relax1] progress: 9240/16808 (55.0%) | TP=1835 SL=3258 NONE=4147 | 214.3s elapsed (43.1 rows/s)
2026-05-07 04:36:41,354  INFO  [TP/SL][aggressive__relax1] progress: 10080/16808 (60.0%) | TP=1985 SL=3560 NONE=4535 | 234.0s elapsed (43.1 rows/s)
2026-05-07 04:37:00,618  INFO  [TP/SL][aggressive__relax1] progress: 10920/16808 (65.0%) | TP=2162 SL=3832 NONE=4926 | 253.3s elapsed (43.1 rows/s)
2026-05-07 04:37:20,309  INFO  [TP/SL][aggressive__relax1] progress: 11760/16808 (70.0%) | TP=2335 SL=4125 NONE=5300 | 273.0s elapsed (43.1 rows/s)
2026-05-07 04:37:39,925  INFO  [TP/SL][aggressive__relax1] progress: 12600/16808 (75.0%) | TP=2495 SL=4437 NONE=5668 | 292.6s elapsed (43.1 rows/s)
2026-05-07 04:37:59,621  INFO  [TP/SL][aggressive__relax1] progress: 13440/16808 (80.0%) | TP=2636 SL=4733 NONE=6071 | 312.3s elapsed (43.0 rows/s)
2026-05-07 04:38:19,263  INFO  [TP/SL][aggressive__relax1] progress: 14280/16808 (85.0%) | TP=2795 SL=5009 NONE=6476 | 331.9s elapsed (43.0 rows/s)
2026-05-07 04:38:38,386  INFO  [TP/SL][aggressive__relax1] progress: 15120/16808 (90.0%) | TP=2952 SL=5302 NONE=6866 | 351.1s elapsed (43.1 rows/s)
2026-05-07 04:38:57,806  INFO  [TP/SL][aggressive__relax1] progress: 15960/16808 (95.0%) | TP=3107 SL=5616 NONE=7237 | 370.5s elapsed (43.1 rows/s)
2026-05-07 04:39:17,310  INFO  [TP/SL][aggressive__relax1] progress: 16800/16808 (100.0%) | TP=3296 SL=5893 NONE=7611 | 390.0s elapsed (43.1 rows/s)
2026-05-07 04:39:17,500  INFO  [TP/SL][aggressive__relax1] progress: 16808/16808 (100.0%) | TP=3299 SL=5897 NONE=7612 | 390.2s elapsed (43.1 rows/s)
2026-05-07 04:39:17,531  INFO  [TP/SL][aggressive__relax1] pass complete: rows=16808 | TP=3299 SL=5897 NONE=7612 | 390.2s total
2026-05-07 04:39:17,532  INFO  [TP/SL] Strategy=aggressive__relax1 -> generating test adaptive targets...
2026-05-07 04:39:18,042  INFO  [TP/SL][aggressive__relax1] Adaptive target pass start: rows=382, lag_days=0, holding_months=12
2026-05-07 04:39:23,882  INFO  [TP/SL][aggressive__relax1] progress: 250/382 (65.4%) | TP=19 SL=186 NONE=45 | 5.8s elapsed (42.8 rows/s)
2026-05-07 04:39:26,952  INFO  [TP/SL][aggressive__relax1] progress: 382/382 (100.0%) | TP=25 SL=289 NONE=68 | 8.9s elapsed (42.9 rows/s)
2026-05-07 04:39:26,952  INFO  [TP/SL][aggressive__relax1] pass complete: rows=382 | TP=25 SL=289 NONE=68 | 8.9s total
2026-05-07 04:39:26,964  INFO  [TP/SL] Strategy=aggressive__relax1 ready: utility=-0.0178, hit_rate=19.63%, train_labels=16808, test_labels=382 [400.1s]
2026-05-07 04:39:26,964  INFO  [TP/SL] Strategy=aggressive__relax2 -> generating train adaptive targets...
2026-05-07 04:39:27,477  INFO  [TP/SL][aggressive__relax2] Adaptive target pass start: rows=16808, lag_days=0, holding_months=12
2026-05-07 04:39:47,018  INFO  [TP/SL][aggressive__relax2] progress: 840/16808 (5.0%) | TP=441 SL=225 NONE=174 | 19.5s elapsed (43.0 rows/s)
2026-05-07 04:40:06,417  INFO  [TP/SL][aggressive__relax2] progress: 1680/16808 (10.0%) | TP=862 SL=470 NONE=348 | 38.9s elapsed (43.1 rows/s)
2026-05-07 04:40:25,792  INFO  [TP/SL][aggressive__relax2] progress: 2520/16808 (15.0%) | TP=1278 SL=731 NONE=511 | 58.3s elapsed (43.2 rows/s)
2026-05-07 04:40:44,836  INFO  [TP/SL][aggressive__relax2] progress: 3360/16808 (20.0%) | TP=1642 SL=998 NONE=720 | 77.4s elapsed (43.4 rows/s)
2026-05-07 04:41:03,809  INFO  [TP/SL][aggressive__relax2] progress: 4200/16808 (25.0%) | TP=2080 SL=1247 NONE=873 | 96.3s elapsed (43.6 rows/s)
2026-05-07 04:41:23,215  INFO  [TP/SL][aggressive__relax2] progress: 5040/16808 (30.0%) | TP=2465 SL=1515 NONE=1060 | 115.7s elapsed (43.5 rows/s)
2026-05-07 04:41:42,349  INFO  [TP/SL][aggressive__relax2] progress: 5880/16808 (35.0%) | TP=2864 SL=1778 NONE=1238 | 134.9s elapsed (43.6 rows/s)
2026-05-07 04:42:01,727  INFO  [TP/SL][aggressive__relax2] progress: 6720/16808 (40.0%) | TP=3246 SL=2081 NONE=1393 | 154.3s elapsed (43.6 rows/s)
2026-05-07 04:42:21,436  INFO  [TP/SL][aggressive__relax2] progress: 7560/16808 (45.0%) | TP=3650 SL=2361 NONE=1549 | 174.0s elapsed (43.5 rows/s)
2026-05-07 04:42:41,034  INFO  [TP/SL][aggressive__relax2] progress: 8400/16808 (50.0%) | TP=4073 SL=2624 NONE=1703 | 193.6s elapsed (43.4 rows/s)
2026-05-07 04:43:00,050  INFO  [TP/SL][aggressive__relax2] progress: 9240/16808 (55.0%) | TP=4471 SL=2899 NONE=1870 | 212.6s elapsed (43.5 rows/s)
2026-05-07 04:43:19,455  INFO  [TP/SL][aggressive__relax2] progress: 10080/16808 (60.0%) | TP=4884 SL=3160 NONE=2036 | 232.0s elapsed (43.5 rows/s)
2026-05-07 04:43:38,511  INFO  [TP/SL][aggressive__relax2] progress: 10920/16808 (65.0%) | TP=5336 SL=3396 NONE=2188 | 251.0s elapsed (43.5 rows/s)
2026-05-07 04:43:58,024  INFO  [TP/SL][aggressive__relax2] progress: 11760/16808 (70.0%) | TP=5735 SL=3660 NONE=2365 | 270.6s elapsed (43.5 rows/s)
2026-05-07 04:44:17,344  INFO  [TP/SL][aggressive__relax2] progress: 12600/16808 (75.0%) | TP=6130 SL=3945 NONE=2525 | 289.9s elapsed (43.5 rows/s)
2026-05-07 04:44:36,886  INFO  [TP/SL][aggressive__relax2] progress: 13440/16808 (80.0%) | TP=6560 SL=4207 NONE=2673 | 309.4s elapsed (43.4 rows/s)
2026-05-07 04:44:56,238  INFO  [TP/SL][aggressive__relax2] progress: 14280/16808 (85.0%) | TP=6946 SL=4461 NONE=2873 | 328.8s elapsed (43.4 rows/s)
2026-05-07 04:45:15,259  INFO  [TP/SL][aggressive__relax2] progress: 15120/16808 (90.0%) | TP=7379 SL=4727 NONE=3014 | 347.8s elapsed (43.5 rows/s)
2026-05-07 04:45:34,351  INFO  [TP/SL][aggressive__relax2] progress: 15960/16808 (95.0%) | TP=7790 SL=5011 NONE=3159 | 366.9s elapsed (43.5 rows/s)
2026-05-07 04:45:53,883  INFO  [TP/SL][aggressive__relax2] progress: 16800/16808 (100.0%) | TP=8191 SL=5261 NONE=3348 | 386.4s elapsed (43.5 rows/s)
2026-05-07 04:45:54,058  INFO  [TP/SL][aggressive__relax2] progress: 16808/16808 (100.0%) | TP=8197 SL=5263 NONE=3348 | 386.6s elapsed (43.5 rows/s)
2026-05-07 04:45:54,082  INFO  [TP/SL][aggressive__relax2] pass complete: rows=16808 | TP=8197 SL=5263 NONE=3348 | 386.6s total
2026-05-07 04:45:54,083  INFO  [TP/SL] Strategy=aggressive__relax2 -> generating test adaptive targets...
2026-05-07 04:45:54,595  INFO  [TP/SL][aggressive__relax2] Adaptive target pass start: rows=382, lag_days=0, holding_months=12
2026-05-07 04:46:00,173  INFO  [TP/SL][aggressive__relax2] progress: 250/382 (65.4%) | TP=62 SL=177 NONE=11 | 5.6s elapsed (44.8 rows/s)
2026-05-07 04:46:03,291  INFO  [TP/SL][aggressive__relax2] progress: 382/382 (100.0%) | TP=92 SL=277 NONE=13 | 8.7s elapsed (43.9 rows/s)
2026-05-07 04:46:03,291  INFO  [TP/SL][aggressive__relax2] pass complete: rows=382 | TP=92 SL=277 NONE=13 | 8.7s total
2026-05-07 04:46:03,307  INFO  [TP/SL] Strategy=aggressive__relax2 ready: utility=0.0192, hit_rate=48.77%, train_labels=16808, test_labels=382 [396.3s]
2026-05-07 04:46:03,307  INFO  [TP/SL] Fine-tuning activated: base_best=conservative utility=0.0038 hit_rate=30.88% (min_utility=0.0000, min_hit=48.00%)
2026-05-07 04:46:03,308  INFO  [TP/SL] Selected training strategy=conservative (variant=conservative__relax1) | utility=0.0192 | hit_rate=48.77%
2026-05-07 04:46:03,966  INFO  [Fold T04_20220215] 1/3 — Entrenando agentes base con datos de entrenamiento del fold...
2026-05-07 04:46:04,087  INFO  [Fold T04_20220215] Recency weighting enabled (halflife=2.0Y, weight_range=[0.090, 3.737])
2026-05-07 04:49:16,993  INFO  [fundamental] Top-5 features: revenue_yoy_growth__pct_universe=0.067 | interest_coverage__pct_universe=0.059 | gross_margin__pct_universe=0.054 | operating_margin=0.042 | interest_coverage__pct_sector=0.037
2026-05-07 04:49:17,005  INFO  [fundamental] Diagnostics → diagnostics_T04_20220215.json
2026-05-07 04:52:00,887  INFO  [valuation] Top-5 features: ev_ebitda_vs_5y_median__pct_universe=0.308 | pe_vs_5y_median__pct_universe=0.097 | fcf_yield__pct_universe=0.094 | pb_ratio=0.061 | ps_ratio=0.055
2026-05-07 04:52:00,902  INFO  [valuation] Diagnostics → diagnostics_T04_20220215.json
2026-05-07 04:55:02,121  INFO  [momentum] Top-5 features: volatility_60d=0.210 | momentum_6m=0.099 | momentum_3m=0.082 | price_vs_52w_high=0.080 | volatility_60d__pct_universe=0.053
2026-05-07 04:55:02,128  INFO  [momentum] Diagnostics → diagnostics_T04_20220215.json
2026-05-07 04:58:13,902  INFO  [bear] Top-5 features: revenue_decline=1.030 | revenue_decline__pct_universe=0.904 | insider_net_ratio_90d__pct_sector=0.136 | current_ratio__pct_universe=0.102 | current_ratio__pct_sector=0.094
2026-05-07 04:58:13,912  INFO  [bear] Diagnostics → diagnostics_T04_20220215.json
2026-05-07 04:58:14,001  INFO  [Fold T04_20220215] 1/3 — Entrenando SectorRotationAgent (top-down, nivel sector)...
2026-05-07 04:58:14,001  INFO  [SectorRotationAgent] Building sector dataset — 16808 ticker obs
2026-05-07 04:58:26,285  INFO  [FeatureSelector/sector_rotation] Step 1 — correlation >85%: removed 0 / 14 features
2026-05-07 04:58:26,689  INFO  [FeatureSelector/sector_rotation] Step 2 — combined score (w_relevance=0.65, w_importance=0.35)
2026-05-07 04:58:26,691  INFO  [FeatureSelector/sector_rotation] Step 3 — importance cutoff: top=0.2075, cutoff=0.40 (value=0.0830), min_keep=6, max_keep=10
2026-05-07 04:58:26,691  INFO  [FeatureSelector/sector_rotation]   Feature                               Combined     Imp_RF     pb_y
2026-05-07 04:58:26,691  INFO  [FeatureSelector/sector_rotation]   ----------------------------------- ---------- ---------- --------
2026-05-07 04:58:26,691  INFO  [FeatureSelector/sector_rotation]    1. revenue_yoy_growth                    1.0000     0.2075    0.125  weight= 33.47%
2026-05-07 04:58:26,691  INFO  [FeatureSelector/sector_rotation]    2. momentum_6m                           0.5955     0.0934    0.086  weight= 15.07%
2026-05-07 04:58:26,691  INFO  [FeatureSelector/sector_rotation]    3. momentum_3m                           0.5597     0.0903    0.081  weight= 14.57%
2026-05-07 04:58:26,691  INFO  [FeatureSelector/sector_rotation]    4. net_margin                            0.4389     0.0776    0.063  weight= 12.52%
2026-05-07 04:58:26,691  INFO  [FeatureSelector/sector_rotation]    5. volatility_60d                        0.4702     0.0769    0.069  weight= 12.40%
2026-05-07 04:58:26,691  INFO  [FeatureSelector/sector_rotation]    6. roic                                  0.1253     0.0743    0.007  weight= 11.98%
2026-05-07 04:58:26,691  INFO  [FeatureSelector/sector_rotation]   Discarded by low combined score (8): price_vs_52w_high, fcf_yield, earnings_yield, ev_to_ebitda, fcf_margin, sector_vs_market_momentum, risk_adjusted_sector_momentum, pe_vs_5y_median
2026-05-07 04:58:26,691  INFO  [FeatureSelector/sector_rotation] Summary: 14 features → pair_drop=0 → corr_drop=0 → imp_drop=8 → 6 selected (cutoff rule + [6,10])
2026-05-07 04:58:26,701  INFO  [SectorRotationAgent] 1320 sector obs | 910 outperform / 410 underperform sectors | 6 features
2026-05-07 04:58:29,072  INFO  [SectorRotationAgent] CV AUC=0.5878 ± 0.0402
2026-05-07 04:58:30,355  INFO  [sector_rotation] Top-5 features: revenue_yoy_growth=0.225 | momentum_3m=0.168 | net_margin=0.167 | volatility_60d=0.152 | roic=0.146
2026-05-07 04:58:30,360  INFO  [sector_rotation] Diagnostics → diagnostics_T04_20220215.json
2026-05-07 04:58:30,360  INFO  [Fold T04_20220215] 2/3 — Generando scores OOF (3 splits temporales) como input del MetaLearner...
2026-05-07 04:58:30,382  INFO    [OOF] fundamental: generating anti-leakage scores (3 quarter-level temporal splits)
2026-05-07 05:03:09,364  INFO    [OOF/RuleIC] fundamental: rule_signal Spearman IC=0.0387 (n=11078) — predictive ✓
2026-05-07 05:03:09,364  INFO    [OOF] valuation: generating anti-leakage scores (3 quarter-level temporal splits)
2026-05-07 05:06:34,853  INFO    [OOF/RuleIC] valuation: rule_signal Spearman IC=0.0183 (n=11078) — weak/noise
2026-05-07 05:06:34,855  INFO    [OOF] momentum: generating anti-leakage scores (3 quarter-level temporal splits)
2026-05-07 05:10:53,963  INFO    [OOF/RuleIC] momentum: rule_signal Spearman IC=0.0175 (n=11078) — weak/noise
2026-05-07 05:10:53,963  INFO    [OOF] bear: generating anti-leakage scores (3 quarter-level temporal splits)
2026-05-07 05:15:40,533  INFO    [OOF/RuleIC] bear: rule_signal Spearman IC=0.0018 (n=11078) — weak/noise
2026-05-07 05:15:40,533  INFO    [OOF] sector_rotation: generating OOF sector scores (3 quarter-level splits)
2026-05-07 05:15:40,548  INFO  [SectorRotationAgent] Building sector dataset — 5730 ticker obs
2026-05-07 05:15:44,750  INFO  [FeatureSelector/sector_rotation] Step 1 — correlation >85%: removed 0 / 14 features
2026-05-07 05:15:45,107  INFO  [FeatureSelector/sector_rotation] Step 2 — combined score (w_relevance=0.65, w_importance=0.35)
2026-05-07 05:15:45,107  INFO  [FeatureSelector/sector_rotation] Step 3 — importance cutoff: top=0.1116, cutoff=0.40 (value=0.0446), min_keep=6, max_keep=10
2026-05-07 05:15:45,107  INFO  [FeatureSelector/sector_rotation]   Feature                               Combined     Imp_RF     pb_y
2026-05-07 05:15:45,107  INFO  [FeatureSelector/sector_rotation]   ----------------------------------- ---------- ---------- --------
2026-05-07 05:15:45,107  INFO  [FeatureSelector/sector_rotation]    1. momentum_3m                           0.8466     0.1116    0.138  weight= 12.61%
2026-05-07 05:15:45,107  INFO  [FeatureSelector/sector_rotation]    2. revenue_yoy_growth                    0.7223     0.1094    0.108  weight= 12.36%
2026-05-07 05:15:45,107  INFO  [FeatureSelector/sector_rotation]    3. roic                                  0.9742     0.1034    0.177  weight= 11.68%
2026-05-07 05:15:45,107  INFO  [FeatureSelector/sector_rotation]    4. pe_vs_5y_median                       0.4769     0.0997    0.053  weight= 11.26%
2026-05-07 05:15:45,107  INFO  [FeatureSelector/sector_rotation]    5. momentum_6m                           0.5598     0.0920    0.080  weight= 10.39%
2026-05-07 05:15:45,116  INFO  [FeatureSelector/sector_rotation]    6. fcf_yield                             0.3433     0.0826    0.032  weight=  9.33%
2026-05-07 05:15:45,116  INFO  [FeatureSelector/sector_rotation]    7. volatility_60d                        0.6523     0.0776    0.116  weight=  8.76%
2026-05-07 05:15:45,116  INFO  [FeatureSelector/sector_rotation]    8. earnings_yield                        0.3206     0.0767    0.031  weight=  8.67%
2026-05-07 05:15:45,116  INFO  [FeatureSelector/sector_rotation]    9. net_margin                            0.2444     0.0690    0.018  weight=  7.79%
2026-05-07 05:15:45,116  INFO  [FeatureSelector/sector_rotation]   10. fcf_margin                            0.3117     0.0633    0.040  weight=  7.15%
2026-05-07 05:15:45,116  INFO  [FeatureSelector/sector_rotation]   Discarded by low combined score (4): price_vs_52w_high, ev_to_ebitda, sector_vs_market_momentum, risk_adjusted_sector_momentum
2026-05-07 05:15:45,119  INFO  [FeatureSelector/sector_rotation] Summary: 14 features → pair_drop=0 → corr_drop=0 → imp_drop=4 → 10 selected (cutoff rule + [6,10])
2026-05-07 05:15:45,124  INFO  [SectorRotationAgent] 450 sector obs | 362 outperform / 88 underperform sectors | 10 features
2026-05-07 05:15:46,736  INFO  [SectorRotationAgent] CV AUC=0.5995 ± 0.0151
2026-05-07 05:15:47,617  INFO  [SectorRotationAgent] Sector scores:
2026-05-07 05:15:47,617  INFO      Electrical Equipment            score=0.983
2026-05-07 05:15:47,617  INFO      Financials                      score=0.980
2026-05-07 05:15:47,617  INFO      Healthcare                      score=0.978
2026-05-07 05:15:47,617  INFO      Industrial Conglomerates        score=0.978
2026-05-07 05:15:47,617  INFO      Leisure Products                score=0.964
2026-05-07 05:15:47,617  INFO      Health Care                     score=0.961
2026-05-07 05:15:47,617  INFO      Technology                      score=0.961
2026-05-07 05:15:47,617  INFO      Banking                         score=0.959
2026-05-07 05:15:47,617  INFO      Consumer Discretionary          score=0.958
2026-05-07 05:15:47,617  INFO      Life Sciences Tools & Services  score=0.955
2026-05-07 05:15:47,617  INFO      Hotels, Restaurants & Leisure   score=0.953
2026-05-07 05:15:47,617  INFO      Auto Components                 score=0.949
2026-05-07 05:15:47,628  INFO      Building                        score=0.949
2026-05-07 05:15:47,628  INFO      Materials                       score=0.949
2026-05-07 05:15:47,628  INFO      Machinery                       score=0.948
2026-05-07 05:15:47,629  INFO      Real Estate                     score=0.945
2026-05-07 05:15:47,629  INFO      Communication Services          score=0.944
2026-05-07 05:15:47,629  INFO      Communications                  score=0.940
2026-05-07 05:15:47,630  INFO      Consumer Staples                score=0.931
2026-05-07 05:15:47,630  INFO      Metals & Mining                 score=0.931
2026-05-07 05:15:47,630  INFO      Industrials                     score=0.930
2026-05-07 05:15:47,631  INFO      Consumer products               score=0.923
2026-05-07 05:15:47,631  INFO      Textiles, Apparel & Luxury Goods  score=0.922
2026-05-07 05:15:47,632  INFO      Trading Companies & Distributors  score=0.902
2026-05-07 05:15:47,632  INFO      Tobacco                         score=0.893
2026-05-07 05:15:47,632  INFO      Energy                          score=0.890
2026-05-07 05:15:47,633  INFO      Packaging                       score=0.886
2026-05-07 05:15:47,633  INFO      Utilities                       score=0.880
2026-05-07 05:15:47,633  INFO      Professional Services           score=0.879
2026-05-07 05:15:47,634  INFO      Construction                    score=0.878
2026-05-07 05:15:47,634  INFO      Telecommunication               score=0.876
2026-05-07 05:15:47,634  INFO      Road & Rail                     score=0.874
2026-05-07 05:15:47,635  INFO      Airlines                        score=0.827
2026-05-07 05:15:47,635  INFO      Commercial Services & Supplies  score=0.801
2026-05-07 05:15:47,636  INFO      Distributors                    score=0.721
2026-05-07 05:15:47,664  INFO  [SectorRotationAgent] Building sector dataset — 11460 ticker obs
2026-05-07 05:15:55,925  INFO  [FeatureSelector/sector_rotation] Step 1 — correlation >85%: removed 0 / 14 features
2026-05-07 05:15:56,317  INFO  [FeatureSelector/sector_rotation] Step 2 — combined score (w_relevance=0.65, w_importance=0.35)
2026-05-07 05:15:56,317  INFO  [FeatureSelector/sector_rotation] Step 3 — importance cutoff: top=0.1226, cutoff=0.40 (value=0.0490), min_keep=6, max_keep=10
2026-05-07 05:15:56,317  INFO  [FeatureSelector/sector_rotation]   Feature                               Combined     Imp_RF     pb_y
2026-05-07 05:15:56,317  INFO  [FeatureSelector/sector_rotation]   ----------------------------------- ---------- ---------- --------
2026-05-07 05:15:56,317  INFO  [FeatureSelector/sector_rotation]    1. earnings_yield                        0.7400     0.1226    0.066  weight= 13.82%
2026-05-07 05:15:56,317  INFO  [FeatureSelector/sector_rotation]    2. momentum_3m                           0.9826     0.1165    0.097  weight= 13.13%
2026-05-07 05:15:56,317  INFO  [FeatureSelector/sector_rotation]    3. revenue_yoy_growth                    0.8030     0.1121    0.077  weight= 12.63%
2026-05-07 05:15:56,317  INFO  [FeatureSelector/sector_rotation]    4. roic                                  0.6613     0.0977    0.065  weight= 11.01%
2026-05-07 05:15:56,317  INFO  [FeatureSelector/sector_rotation]    5. momentum_6m                           0.6417     0.0895    0.066  weight= 10.09%
2026-05-07 05:15:56,326  INFO  [FeatureSelector/sector_rotation]    6. price_vs_52w_high                     0.4887     0.0811    0.050  weight=  9.14%
2026-05-07 05:15:56,326  INFO  [FeatureSelector/sector_rotation]    7. volatility_60d                        0.2266     0.0699    0.023  weight=  7.88%
2026-05-07 05:15:56,326  INFO  [FeatureSelector/sector_rotation]    8. pe_vs_5y_median                       0.3360     0.0691    0.036  weight=  7.79%
2026-05-07 05:15:56,326  INFO  [FeatureSelector/sector_rotation]    9. fcf_yield                             0.2516     0.0645    0.028  weight=  7.27%
2026-05-07 05:15:56,326  INFO  [FeatureSelector/sector_rotation]   10. net_margin                            0.2745     0.0643    0.030  weight=  7.25%
2026-05-07 05:15:56,326  INFO  [FeatureSelector/sector_rotation]   Discarded by low combined score (4): ev_to_ebitda, fcf_margin, sector_vs_market_momentum, risk_adjusted_sector_momentum
2026-05-07 05:15:56,326  INFO  [FeatureSelector/sector_rotation] Summary: 14 features → pair_drop=0 → corr_drop=0 → imp_drop=4 → 10 selected (cutoff rule + [6,10])
2026-05-07 05:15:56,338  INFO  [SectorRotationAgent] 900 sector obs | 662 outperform / 238 underperform sectors | 10 features
2026-05-07 05:15:58,720  INFO  [SectorRotationAgent] CV AUC=0.5480 ± 0.0348
2026-05-07 05:16:00,148  INFO  [SectorRotationAgent] Sector scores:
2026-05-07 05:16:00,148  INFO      Auto Components                 score=0.955
2026-05-07 05:16:00,148  INFO      Consumer Staples                score=0.889
2026-05-07 05:16:00,148  INFO      Airlines                        score=0.863
2026-05-07 05:16:00,148  INFO      Healthcare                      score=0.862
2026-05-07 05:16:00,148  INFO      Energy                          score=0.862
2026-05-07 05:16:00,148  INFO      Industrial Conglomerates        score=0.859
2026-05-07 05:16:00,148  INFO      Tobacco                         score=0.837
2026-05-07 05:16:00,148  INFO      Building                        score=0.828
2026-05-07 05:16:00,148  INFO      Packaging                       score=0.821
2026-05-07 05:16:00,148  INFO      Banking                         score=0.819
2026-05-07 05:16:00,148  INFO      Financials                      score=0.816
2026-05-07 05:16:00,148  INFO      Hotels, Restaurants & Leisure   score=0.806
2026-05-07 05:16:00,148  INFO      Industrials                     score=0.797
2026-05-07 05:16:00,148  INFO      Consumer Discretionary          score=0.796
2026-05-07 05:16:00,148  INFO      Utilities                       score=0.792
2026-05-07 05:16:00,158  INFO      Health Care                     score=0.788
2026-05-07 05:16:00,158  INFO      Leisure Products                score=0.756
2026-05-07 05:16:00,158  INFO      Machinery                       score=0.745
2026-05-07 05:16:00,159  INFO      Textiles, Apparel & Luxury Goods  score=0.738
2026-05-07 05:16:00,159  INFO      Distributors                    score=0.728
2026-05-07 05:16:00,159  INFO      Consumer products               score=0.726
2026-05-07 05:16:00,160  INFO      Professional Services           score=0.725
2026-05-07 05:16:00,160  INFO      Materials                       score=0.712
2026-05-07 05:16:00,161  INFO      Telecommunication               score=0.683
2026-05-07 05:16:00,161  INFO      Electrical Equipment            score=0.683
2026-05-07 05:16:00,161  INFO      Road & Rail                     score=0.632
2026-05-07 05:16:00,162  INFO      Trading Companies & Distributors  score=0.614
2026-05-07 05:16:00,162  INFO      Technology                      score=0.612
2026-05-07 05:16:00,162  INFO      Commercial Services & Supplies  score=0.608
2026-05-07 05:16:00,162  INFO      Communications                  score=0.590
2026-05-07 05:16:00,162  INFO      Construction                    score=0.578
2026-05-07 05:16:00,162  INFO      Communication Services          score=0.572
2026-05-07 05:16:00,162  INFO      Real Estate                     score=0.523
2026-05-07 05:16:00,162  INFO      Life Sciences Tools & Services  score=0.518
2026-05-07 05:16:00,162  INFO      Metals & Mining                 score=0.386
2026-05-07 05:16:00,237  INFO  [OOF/bear_risk] n=16808 | min=0.2896 q10=0.4062 q25=0.4496 mean=0.4787 q50=0.5000 q75=0.5000 q90=0.5261 max=0.7279
2026-05-07 05:16:00,237  INFO  [OOF/bear_risk] cobertura umbral: >=0.50=53.8% | >=0.55=4.7% | >=0.60=0.7%
2026-05-07 05:16:00,246  INFO  [OOF/bear_safety] n=16808 | min=0.2721 q10=0.4739 q25=0.5000 mean=0.5213 q50=0.5000 q75=0.5504 q90=0.5938 max=0.7104
2026-05-07 05:16:00,247  INFO  [OOF/bear_safety] cobertura umbral: >=0.50=80.3% | >=0.55=25.1% | >=0.60=8.3%
2026-05-07 05:16:00,255  INFO  [OOF/sector_score] n=16808 | min=0.3859 q10=0.5000 q25=0.5000 mean=0.7233 q50=0.7883 q75=0.9297 q90=0.9608 max=0.9834
2026-05-07 05:16:00,255  INFO  [OOF/sector_score] cobertura umbral: >=0.50=99.8% | >=0.55=62.6% | >=0.60=61.7%
2026-05-07 05:16:00,276  INFO  [NeutralPenalty] bear_score: penalized 5730 neutral scores 0.500 -> 0.250
2026-05-07 05:16:01,380  INFO  [AgentTemporal] Fold T04_20220215 validation -> agent_temporal_validation.csv
2026-05-07 05:16:01,389  INFO  [AgentTemporal] bear mult=1.022 rel=0.523 up=52.23% tp=52.23% trend=+0.0031 q=44
2026-05-07 05:16:01,389  INFO  [AgentTemporal] fundamental mult=1.020 rel=0.522 up=52.12% tp=52.12% trend=+0.0026 q=44
2026-05-07 05:16:01,389  INFO  [AgentTemporal] momentum mult=1.032 rel=0.535 up=53.43% tp=53.43% trend=+0.0030 q=44
2026-05-07 05:16:01,389  INFO  [AgentTemporal] valuation mult=1.035 rel=0.538 up=53.67% tp=53.67% trend=+0.0034 q=44
2026-05-07 05:16:01,452  INFO  [Diversity] bear_score multiplier=0.723
2026-05-07 05:16:01,453  INFO  [Diversity] fundamental_score multiplier=0.741
2026-05-07 05:16:01,453  INFO  [Diversity] momentum_score multiplier=0.746
2026-05-07 05:16:01,454  INFO  [Diversity] sector_score multiplier=0.745
2026-05-07 05:16:01,454  INFO  [Diversity] valuation_score multiplier=0.754
2026-05-07 05:16:02,006  INFO  [RuleQuality] bear multiplier=0.000
2026-05-07 05:16:02,006  INFO  [RuleQuality] fundamental multiplier=0.302
2026-05-07 05:16:02,006  INFO  [RuleQuality] momentum multiplier=0.000
2026-05-07 05:16:02,006  INFO  [RuleQuality] valuation multiplier=0.000
2026-05-07 05:16:02,096  INFO  [Dispersion] SCORE_DISPERSION_MIN_STD=0.0500
2026-05-07 05:16:02,096  INFO  [Dispersion] SCORE_DISPERSION_MIN_SCALE=0.3500
2026-05-07 05:16:02,096  INFO  [Dispersion] fundamental_score: std=0.102843 -> scale=1.0000 (sin shrink)
2026-05-07 05:16:02,106  INFO  [Dispersion] valuation_score: std=0.107386 -> scale=1.0000 (sin shrink)
2026-05-07 05:16:02,106  INFO  [Dispersion] momentum_score: std=0.111109 -> scale=1.0000 (sin shrink)
2026-05-07 05:16:02,106  INFO  [Dispersion] bear_score: std=0.104890 -> scale=1.0000 (sin shrink)
2026-05-07 05:16:02,106  INFO  [Dispersion] sector_score: std=0.143610 -> scale=1.0000 (sin shrink)
2026-05-07 05:16:02,106  INFO  [Fold T04_20220215] 2/3 — Entrenando MetaLearner sobre scores OOF (anti-leakage)...
2026-05-07 05:16:08,468  INFO  [alpha_meta_learner] Diagnostics → diagnostics_T04_20220215.json
2026-05-07 05:16:08,468  INFO  [Fold T04_20220215] 3/3 — Generando predicciones sobre el quarter de test (382 tickers)...
2026-05-07 05:16:13,714  INFO  [AgentScore/fundamental] n=382 | min=0.2740 q10=0.3807 q25=0.4135 mean=0.4612 q50=0.4531 q75=0.5002 q90=0.5494 max=0.7320
2026-05-07 05:16:13,714  INFO  [AgentScore/fundamental] cobertura umbral: >=0.50=25.1% | >=0.55=9.9% | >=0.60=4.2%
2026-05-07 05:16:18,059  INFO  [AgentScore/valuation] n=382 | min=0.4239 q10=0.4453 q25=0.4587 mean=0.4890 q50=0.4836 q75=0.5089 q90=0.5385 max=0.6465
2026-05-07 05:16:18,059  INFO  [AgentScore/valuation] cobertura umbral: >=0.50=31.4% | >=0.55=8.1% | >=0.60=2.1%
2026-05-07 05:16:21,586  INFO  [AgentScore/momentum] n=382 | min=0.4493 q10=0.4763 q25=0.5010 mean=0.5304 q50=0.5302 q75=0.5561 q90=0.5805 max=0.6660
2026-05-07 05:16:21,586  INFO  [AgentScore/momentum] cobertura umbral: >=0.50=75.1% | >=0.55=29.3% | >=0.60=3.9%
2026-05-07 05:16:26,466  INFO  [AgentScore/bear/risk] n=382 | min=0.4230 q10=0.4619 q25=0.4796 mean=0.5031 q50=0.5022 q75=0.5204 q90=0.5502 max=0.6703
2026-05-07 05:16:26,466  INFO  [AgentScore/bear/risk] cobertura umbral: >=0.50=52.9% | >=0.55=10.2% | >=0.60=0.3%
2026-05-07 05:16:26,466  INFO  [AgentScore/bear/safety] n=382 | min=0.3297 q10=0.4498 q25=0.4796 mean=0.4969 q50=0.4978 q75=0.5204 q90=0.5381 max=0.5770
2026-05-07 05:16:26,477  INFO  [AgentScore/bear/safety] cobertura umbral: >=0.50=47.1% | >=0.55=4.2% | >=0.60=0.0%
2026-05-07 05:16:26,483  INFO  [AgentScore/ensemble_mean_pre_meta] n=382 | min=0.4209 q10=0.4594 q25=0.4754 mean=0.4944 q50=0.4937 q75=0.5127 q90=0.5322 max=0.5782
2026-05-07 05:16:26,483  INFO  [AgentScore/ensemble_mean_pre_meta] cobertura umbral: >=0.50=39.5% | >=0.55=3.1% | >=0.60=0.0%
2026-05-07 05:16:26,578  INFO  [SectorRotationAgent] Sector scores:
2026-05-07 05:16:26,578  INFO      Industrial Conglomerates        score=0.893
2026-05-07 05:16:26,578  INFO      Consumer Discretionary          score=0.863
2026-05-07 05:16:26,578  INFO      Technology                      score=0.863
2026-05-07 05:16:26,578  INFO      Professional Services           score=0.862
2026-05-07 05:16:26,578  INFO      Communications                  score=0.837
2026-05-07 05:16:26,578  INFO      Trading Companies & Distributors  score=0.799
2026-05-07 05:16:26,578  INFO      Materials                       score=0.792
2026-05-07 05:16:26,578  INFO      Construction                    score=0.790
2026-05-07 05:16:26,578  INFO      Telecommunication               score=0.789
2026-05-07 05:16:26,578  INFO      Real Estate                     score=0.778
2026-05-07 05:16:26,578  INFO      Consumer products               score=0.767
2026-05-07 05:16:26,578  INFO      Industrials                     score=0.760
2026-05-07 05:16:26,578  INFO      Tobacco                         score=0.759
2026-05-07 05:16:26,578  INFO      Auto Components                 score=0.747
2026-05-07 05:16:26,587  INFO      Electrical Equipment            score=0.745
2026-05-07 05:16:26,587  INFO      Machinery                       score=0.675
2026-05-07 05:16:26,588  INFO      Building                        score=0.666
2026-05-07 05:16:26,588  INFO      Utilities                       score=0.663
2026-05-07 05:16:26,588  INFO      Distributors                    score=0.661
2026-05-07 05:16:26,589  INFO      Financials                      score=0.660
2026-05-07 05:16:26,589  INFO      Health Care                     score=0.648
2026-05-07 05:16:26,590  INFO      Commercial Services & Supplies  score=0.647
2026-05-07 05:16:26,590  INFO      Communication Services          score=0.636
2026-05-07 05:16:26,590  INFO      Airlines                        score=0.610
2026-05-07 05:16:26,590  INFO      Textiles, Apparel & Luxury Goods  score=0.570
2026-05-07 05:16:26,591  INFO      Life Sciences Tools & Services  score=0.545
2026-05-07 05:16:26,591  INFO      Road & Rail                     score=0.530
2026-05-07 05:16:26,591  INFO      Consumer Staples                score=0.492
2026-05-07 05:16:26,591  INFO      Leisure Products                score=0.474
2026-05-07 05:16:26,591  INFO      Metals & Mining                 score=0.415
2026-05-07 05:16:26,591  INFO      Banking                         score=0.394
2026-05-07 05:16:26,591  INFO      Healthcare                      score=0.383
2026-05-07 05:16:26,591  INFO      Packaging                       score=0.355
2026-05-07 05:16:26,594  INFO      Energy                          score=0.167
2026-05-07 05:16:26,594  INFO      Hotels, Restaurants & Leisure   score=0.107
2026-05-07 05:16:26,984  INFO  [Meta/final_score_pre_sector_adjust] n=382 | min=0.1939 q10=0.2620 q25=0.3509 mean=0.5080 q50=0.5053 q75=0.6664 q90=0.7568 max=0.8615
2026-05-07 05:16:26,984  INFO  [Meta/final_score_pre_sector_adjust] cobertura umbral: >=0.50=51.0% | >=0.55=43.5% | >=0.60=34.6%
2026-05-07 05:16:27,020  INFO  [SectorAdjust] params: SECTOR_CONFIDENCE_PEERS=10, SECTOR_SCORE_PRIOR_BASE=0.500, SECTOR_SCORE_PRIOR_WEIGHT=0.150
2026-05-07 05:16:27,034  INFO  [SectorAdjust/final_score_raw] n=382 | min=0.1939 q10=0.2620 q25=0.3509 mean=0.5080 q50=0.5053 q75=0.6664 q90=0.7568 max=0.8615
2026-05-07 05:16:27,035  INFO  [SectorAdjust/final_score_raw] cobertura umbral: >=0.50=51.0% | >=0.55=43.5% | >=0.60=34.6%
2026-05-07 05:16:27,041  INFO  [SectorAdjust/sector_score] n=382 | min=0.2076 q10=0.4210 q25=0.6015 mean=0.6157 q50=0.6211 q75=0.7070 q90=0.7705 max=0.7925
2026-05-07 05:16:27,041  INFO  [SectorAdjust/sector_score] cobertura umbral: >=0.50=82.2% | >=0.55=78.3% | >=0.60=75.4%
2026-05-07 05:16:27,049  INFO  [SectorAdjust/sector_confidence] n=382 | min=0.3162 q10=0.7071 q25=1.0000 mean=0.9341 q50=1.0000 q75=1.0000 q90=1.0000 max=1.0000
2026-05-07 05:16:27,049  INFO  [SectorAdjust/sector_confidence] cobertura umbral: >=0.50=97.9% | >=0.55=94.8% | >=0.60=94.8%
2026-05-07 05:16:27,055  INFO  [SectorAdjust/sector_tilt] n=382 | min=-0.0439 q10=-0.0117 q25=0.0099 mean=0.0163 q50=0.0179 q75=0.0310 q90=0.0406 max=0.0406
2026-05-07 05:16:27,055  INFO  [SectorAdjust/sector_tilt] cobertura umbral: >=0.50=0.0% | >=0.55=0.0% | >=0.60=0.0%
2026-05-07 05:16:27,061  INFO  [SectorAdjust/final_score_adjusted] n=382 | min=0.1828 q10=0.2839 q25=0.3675 mean=0.5242 q50=0.5257 q75=0.6796 q90=0.7695 max=0.8781
2026-05-07 05:16:27,062  INFO  [SectorAdjust/final_score_adjusted] cobertura umbral: >=0.50=53.4% | >=0.55=46.9% | >=0.60=38.0%
2026-05-07 05:16:27,063  INFO  [RiskDiag] bear_risk>=hard_threshold(0.90): 0/382 (0.0%)
2026-05-07 05:16:27,067  INFO  [Fold T04_20220215] 3/3 — Predicciones listas. Scores en rango [0.183, 0.878]
2026-05-07 05:16:27,117  INFO  [FeatureUsage] Reporte fold T04_20220215 -> feature_usage_report.csv
2026-05-07 05:16:28,895  INFO  [Visualizer] Distribucion scores -> score_distribution_T04_20220215.png
2026-05-07 05:17:36,200  INFO  [Backtester] 2022Q1: 342 tickers superaron umbral 0.00 â†’ selecting target=7, final=7 (min=3, sector_cap=3)
2026-05-07 05:17:36,254  INFO  [Trail] 2022Q1: 7 events → portfolio_trail_2022Q1.csv
2026-05-07 05:17:36,322  INFO  [Backtester] 2022Q1: optimizer=hrp pre-entry trailing window applied
2026-05-07 05:17:36,347  INFO  [Backtester] 2022Q1 â€” cartera final (hrp+cap(0.20), 7 stocks):
2026-05-07 05:17:36,349  INFO      AMZN      peso=0.167  score=0.824  ret=-9.21%
2026-05-07 05:17:36,349  INFO      NVDA      peso=0.052  score=0.822  ret=-30.80%
2026-05-07 05:17:36,349  INFO      ORLY      peso=0.200  score=0.859  ret=+27.63%
2026-05-07 05:17:36,354  INFO      NFLX      peso=0.095  score=0.829  ret=-40.82%
2026-05-07 05:17:36,355  INFO      REGN      peso=0.200  score=0.794  ret=+19.40%
2026-05-07 05:17:36,357  INFO      CPRT      peso=0.200  score=0.813  ret=-17.12%
2026-05-07 05:17:36,359  INFO      LRCX      peso=0.086  score=0.826  ret=-16.21%
2026-05-07 05:17:36,373  INFO  [Backtester] 2022Q1 â€” 7 stocks | Cartera=-1.85%  Benchmark=-7.23%  Alpha=+5.38%  Sharpe=-0.12
2026-05-07 05:18:27,570  WARNING  [T04_20220215] Source audit detected 2674 incidents (diagnostic-only).
2026-05-07 05:18:27,580  WARNING  [T04_20220215] Strict fold leakage detected: 382 rows after as-of.
2026-05-07 05:18:28,510  INFO  [Trail] Exported 7 trailing stop events to trailing_stop_evolution.csv
2026-05-07 05:18:34,787  INFO  [Visualizer] Rendimiento 2022Q1 -> performance.png
2026-05-07 05:18:36,292  INFO  [FoldReport] Fold 2022Q1: scores for 382 tickers saved â†’ scores.csv
2026-05-07 05:18:36,749  INFO  [Visualizer] Feature importances -> feat_imp_fundamental_T04_20220215.png
2026-05-07 05:18:37,204  INFO  [Visualizer] Feature importances -> feat_imp_valuation_T04_20220215.png
2026-05-07 05:18:38,029  INFO  [Visualizer] Feature importances -> feat_imp_momentum_T04_20220215.png
2026-05-07 05:18:38,490  INFO  [Visualizer] Feature importances -> feat_imp_bear_T04_20220215.png
2026-05-07 05:18:38,727  INFO  [Visualizer] Feature importances -> feat_imp_sector_rotation_T04_20220215.png
2026-05-07 05:18:39,052  INFO  [Explainer] Fold 2022Q1: explicaciones de 60 tickers -> ticker_explanations.csv y ticker_explanations.json
2026-05-07 05:18:39,062  INFO  [T05_20230215] SP500 dynamic @entry 2023-02-15: 503 active members
2026-05-07 05:18:39,062  INFO  [T05_20230215] Cambios vs fold previo (2022-02-15 -> 2023-02-15): +20 entran, -23 salen
2026-05-07 05:18:39,062  INFO  [T05_20230215]   Entran (muestra): ACGL, BALL, CPT, CSGP, ELV, EQT, FSLR, GEHC, GEN, INVH, KDP, META
2026-05-07 05:18:39,062  INFO  [T05_20230215]   Salen  (muestra): ABMD, ANTM, BLL, CERN, CTXS, DISCA, DISCK, DRE, FB, FBHS, INFO, IPGP
2026-05-07 05:18:39,275  INFO  [T05_20230215] Cobertura test pre-filtro: 553 tickers con snapshot/relleno
2026-05-07 05:18:39,275  INFO  [T05_20230215] Filtro SP500 @entry: 553 -> 475 tickers (excluidos por no ser miembro activo: 78)
2026-05-07 05:18:39,275  INFO  [T05_20230215]   No miembro SP500 @entry (muestra): ABNB, AET, AIV, AMG, APO, APP, ARES, AXON, BG, BHF, BLDR, BX
2026-05-07 05:18:39,275  INFO  [T05_20230215]   Miembros SP500 sin snapshot usable en quarter (muestra): ABC, ANSS, ATVI, CDAY, CMA, CTLT, DFS, DISH, FLT, FOX, FRC, GEHC
2026-05-07 05:18:39,782  INFO  [T05_20230215] Universo base fold (SP500 @entry): 503 tickers
2026-05-07 05:18:39,783  INFO  [T05_20230215]   Fuera del universo base @entry (muestra): ABNB, AET, AIV, AMG, AMTM, APO, APP, ARES, AXON, BG, BHF, BLDR
2026-05-07 05:18:39,786  INFO  [T05_20230215]   Excluidos por historial insuficiente (<144M train): 90 | muestra: ABBV, AEP, ALLE, AMCR, ANET, APA, APTV, AVGO, BALL, BKR, CARR, CBOE
2026-05-07 05:18:39,787  INFO  [T05_20230215] Intento train=144M -> test elegible 385/503 (76.5%) | min requerido=378
2026-05-07 05:18:39,787  INFO  [T05_20230215] Ventana seleccionada: 144M (2011-02-15 -> 2023-02-15) | tickers elegibles=385
2026-05-07 05:18:39,812  INFO  [T05_20230215] Eligibility audit (12Y) -> ticker_eligibility_audit.csv
2026-05-07 05:18:39,812  INFO  [T05_20230215] Eligibility reason summary -> eligibility_reason_summary.csv
2026-05-07 05:18:39,815  INFO  
============================================================
2026-05-07 05:18:39,815  INFO    ANALYSIS T05_20230215
2026-05-07 05:18:39,815  INFO    Train : 2011-02-15 → 2023-02-15  (~12 years)
2026-05-07 05:18:39,815  INFO    Mode  : anchored-entry schedule
2026-05-07 05:18:39,819  INFO    Test  : snapshot simulado en 2023-02-15 (as-of exacto, sin lag)
2026-05-07 05:18:39,819  INFO  ============================================================
2026-05-07 05:18:39,822  INFO  [T05_20230215] Ventana real de precios: 2023-02-15 -> 2024-02-15 (252 dias)
2026-05-07 05:19:20,852  INFO  [TP/SL] Building adaptive labels for fold: train_rows=18480, test_rows=385, strategies=3
2026-05-07 05:19:20,862  INFO  [TP/SL] Strategy=conservative -> generating train adaptive targets...
2026-05-07 05:19:21,365  INFO  [TP/SL][conservative] Adaptive target pass start: rows=18480, lag_days=0, holding_months=12
2026-05-07 05:21:16,936  INFO  [TP/SL][conservative] progress: 924/18480 (5.0%) | TP=292 SL=303 NONE=329 | 115.6s elapsed (8.0 rows/s)
2026-05-07 05:23:12,793  INFO  [TP/SL][conservative] progress: 1848/18480 (10.0%) | TP=553 SL=613 NONE=682 | 231.4s elapsed (8.0 rows/s)
2026-05-07 05:25:08,913  INFO  [TP/SL][conservative] progress: 2772/18480 (15.0%) | TP=836 SL=954 NONE=982 | 347.5s elapsed (8.0 rows/s)
2026-05-07 05:27:05,078  INFO  [TP/SL][conservative] progress: 3696/18480 (20.0%) | TP=1109 SL=1304 NONE=1283 | 463.7s elapsed (8.0 rows/s)
2026-05-07 05:28:59,891  INFO  [TP/SL][conservative] progress: 4620/18480 (25.0%) | TP=1391 SL=1621 NONE=1608 | 578.5s elapsed (8.0 rows/s)
2026-05-07 05:30:55,244  INFO  [TP/SL][conservative] progress: 5544/18480 (30.0%) | TP=1672 SL=1969 NONE=1903 | 693.9s elapsed (8.0 rows/s)
2026-05-07 05:32:51,149  INFO  [TP/SL][conservative] progress: 6468/18480 (35.0%) | TP=1967 SL=2323 NONE=2178 | 809.8s elapsed (8.0 rows/s)
2026-05-07 05:34:46,932  INFO  [TP/SL][conservative] progress: 7392/18480 (40.0%) | TP=2235 SL=2685 NONE=2472 | 925.6s elapsed (8.0 rows/s)
2026-05-07 05:36:42,827  INFO  [TP/SL][conservative] progress: 8316/18480 (45.0%) | TP=2480 SL=3031 NONE=2805 | 1041.5s elapsed (8.0 rows/s)
2026-05-07 05:38:38,758  INFO  [TP/SL][conservative] progress: 9240/18480 (50.0%) | TP=2765 SL=3362 NONE=3113 | 1157.4s elapsed (8.0 rows/s)
2026-05-07 05:40:34,180  INFO  [TP/SL][conservative] progress: 10164/18480 (55.0%) | TP=3058 SL=3700 NONE=3406 | 1272.8s elapsed (8.0 rows/s)
2026-05-07 05:42:30,278  INFO  [TP/SL][conservative] progress: 11088/18480 (60.0%) | TP=3325 SL=4056 NONE=3707 | 1388.9s elapsed (8.0 rows/s)
2026-05-07 05:44:25,172  INFO  [TP/SL][conservative] progress: 12012/18480 (65.0%) | TP=3622 SL=4372 NONE=4018 | 1503.8s elapsed (8.0 rows/s)
2026-05-07 05:46:21,234  INFO  [TP/SL][conservative] progress: 12936/18480 (70.0%) | TP=3906 SL=4704 NONE=4326 | 1619.9s elapsed (8.0 rows/s)
2026-05-07 05:48:17,041  INFO  [TP/SL][conservative] progress: 13860/18480 (75.0%) | TP=4177 SL=5051 NONE=4632 | 1735.7s elapsed (8.0 rows/s)
2026-05-07 05:50:13,773  INFO  [TP/SL][conservative] progress: 14784/18480 (80.0%) | TP=4450 SL=5408 NONE=4926 | 1852.4s elapsed (8.0 rows/s)
2026-05-07 05:52:08,712  INFO  [TP/SL][conservative] progress: 15708/18480 (85.0%) | TP=4702 SL=5737 NONE=5269 | 1967.3s elapsed (8.0 rows/s)
2026-05-07 05:54:03,860  INFO  [TP/SL][conservative] progress: 16632/18480 (90.0%) | TP=4970 SL=6064 NONE=5598 | 2082.5s elapsed (8.0 rows/s)
2026-05-07 05:55:59,169  INFO  [TP/SL][conservative] progress: 17556/18480 (95.0%) | TP=5211 SL=6418 NONE=5927 | 2197.8s elapsed (8.0 rows/s)
2026-05-07 05:57:55,707  INFO  [TP/SL][conservative] progress: 18480/18480 (100.0%) | TP=5517 SL=6753 NONE=6210 | 2314.3s elapsed (8.0 rows/s)
2026-05-07 05:57:55,730  INFO  [TP/SL][conservative] pass complete: rows=18480 | TP=5517 SL=6753 NONE=6210 | 2314.4s total
2026-05-07 05:57:55,742  INFO  [TP/SL] Strategy=conservative -> generating test adaptive targets...
2026-05-07 05:57:56,244  INFO  [TP/SL][conservative] Adaptive target pass start: rows=385, lag_days=0, holding_months=12
2026-05-07 05:58:37,501  INFO  [TP/SL][conservative] progress: 250/385 (64.9%) | TP=29 SL=152 NONE=69 | 41.3s elapsed (6.1 rows/s)
2026-05-07 05:58:59,978  INFO  [TP/SL][conservative] progress: 385/385 (100.0%) | TP=39 SL=237 NONE=109 | 63.7s elapsed (6.0 rows/s)
2026-05-07 05:58:59,978  INFO  [TP/SL][conservative] pass complete: rows=385 | TP=39 SL=237 NONE=109 | 63.7s total
2026-05-07 05:58:59,993  INFO  [TP/SL] Strategy=conservative ready: utility=0.0004, hit_rate=29.85%, train_labels=18480, test_labels=385 [2379.1s]
2026-05-07 05:58:59,993  INFO  [TP/SL] Strategy=balanced -> generating train adaptive targets...
2026-05-07 05:59:00,503  INFO  [TP/SL][balanced] Adaptive target pass start: rows=18480, lag_days=0, holding_months=12
2026-05-07 05:59:22,172  INFO  [TP/SL][balanced] progress: 924/18480 (5.0%) | TP=209 SL=276 NONE=439 | 21.7s elapsed (42.6 rows/s)
2026-05-07 05:59:43,494  INFO  [TP/SL][balanced] progress: 1848/18480 (10.0%) | TP=405 SL=559 NONE=884 | 43.0s elapsed (43.0 rows/s)
2026-05-07 06:00:04,784  INFO  [TP/SL][balanced] progress: 2772/18480 (15.0%) | TP=598 SL=876 NONE=1298 | 64.3s elapsed (43.1 rows/s)
2026-05-07 06:00:25,906  INFO  [TP/SL][balanced] progress: 3696/18480 (20.0%) | TP=790 SL=1193 NONE=1713 | 85.4s elapsed (43.3 rows/s)
2026-05-07 06:00:46,941  INFO  [TP/SL][balanced] progress: 4620/18480 (25.0%) | TP=1006 SL=1477 NONE=2137 | 106.4s elapsed (43.4 rows/s)
2026-05-07 06:01:08,103  INFO  [TP/SL][balanced] progress: 5544/18480 (30.0%) | TP=1221 SL=1777 NONE=2546 | 127.6s elapsed (43.4 rows/s)
2026-05-07 06:01:29,432  INFO  [TP/SL][balanced] progress: 6468/18480 (35.0%) | TP=1426 SL=2096 NONE=2946 | 148.9s elapsed (43.4 rows/s)
2026-05-07 06:01:50,536  INFO  [TP/SL][balanced] progress: 7392/18480 (40.0%) | TP=1612 SL=2403 NONE=3377 | 170.0s elapsed (43.5 rows/s)
2026-05-07 06:02:12,241  INFO  [TP/SL][balanced] progress: 8316/18480 (45.0%) | TP=1783 SL=2729 NONE=3804 | 191.7s elapsed (43.4 rows/s)
2026-05-07 06:02:33,607  INFO  [TP/SL][balanced] progress: 9240/18480 (50.0%) | TP=1976 SL=3023 NONE=4241 | 213.1s elapsed (43.4 rows/s)
2026-05-07 06:02:54,704  INFO  [TP/SL][balanced] progress: 10164/18480 (55.0%) | TP=2176 SL=3329 NONE=4659 | 234.2s elapsed (43.4 rows/s)
2026-05-07 06:03:15,834  INFO  [TP/SL][balanced] progress: 11088/18480 (60.0%) | TP=2353 SL=3656 NONE=5079 | 255.3s elapsed (43.4 rows/s)
2026-05-07 06:03:37,124  INFO  [TP/SL][balanced] progress: 12012/18480 (65.0%) | TP=2567 SL=3943 NONE=5502 | 276.6s elapsed (43.4 rows/s)
2026-05-07 06:03:58,929  INFO  [TP/SL][balanced] progress: 12936/18480 (70.0%) | TP=2798 SL=4236 NONE=5902 | 298.4s elapsed (43.3 rows/s)
2026-05-07 06:04:20,096  INFO  [TP/SL][balanced] progress: 13860/18480 (75.0%) | TP=2997 SL=4553 NONE=6310 | 319.6s elapsed (43.4 rows/s)
2026-05-07 06:04:41,796  INFO  [TP/SL][balanced] progress: 14784/18480 (80.0%) | TP=3193 SL=4875 NONE=6716 | 341.3s elapsed (43.3 rows/s)
2026-05-07 06:05:03,091  INFO  [TP/SL][balanced] progress: 15708/18480 (85.0%) | TP=3392 SL=5180 NONE=7136 | 362.6s elapsed (43.3 rows/s)
2026-05-07 06:05:24,422  INFO  [TP/SL][balanced] progress: 16632/18480 (90.0%) | TP=3570 SL=5467 NONE=7595 | 383.9s elapsed (43.3 rows/s)
2026-05-07 06:05:45,314  INFO  [TP/SL][balanced] progress: 17556/18480 (95.0%) | TP=3748 SL=5783 NONE=8025 | 404.8s elapsed (43.4 rows/s)
2026-05-07 06:06:06,791  INFO  [TP/SL][balanced] progress: 18480/18480 (100.0%) | TP=3977 SL=6089 NONE=8414 | 426.3s elapsed (43.4 rows/s)
2026-05-07 06:06:06,825  INFO  [TP/SL][balanced] pass complete: rows=18480 | TP=3977 SL=6089 NONE=8414 | 426.3s total
2026-05-07 06:06:06,829  INFO  [TP/SL] Strategy=balanced -> generating test adaptive targets...
2026-05-07 06:06:07,331  INFO  [TP/SL][balanced] Adaptive target pass start: rows=385, lag_days=0, holding_months=12
2026-05-07 06:06:13,144  INFO  [TP/SL][balanced] progress: 250/385 (64.9%) | TP=18 SL=132 NONE=100 | 5.8s elapsed (43.0 rows/s)
2026-05-07 06:06:16,262  INFO  [TP/SL][balanced] progress: 385/385 (100.0%) | TP=24 SL=205 NONE=156 | 8.9s elapsed (43.1 rows/s)
2026-05-07 06:06:16,262  INFO  [TP/SL][balanced] pass complete: rows=385 | TP=24 SL=205 NONE=156 | 8.9s total
2026-05-07 06:06:16,272  INFO  [TP/SL] Strategy=balanced ready: utility=-0.0378, hit_rate=21.52%, train_labels=18480, test_labels=385 [436.3s]
2026-05-07 06:06:16,272  INFO  [TP/SL] Strategy=aggressive -> generating train adaptive targets...
2026-05-07 06:06:16,785  INFO  [TP/SL][aggressive] Adaptive target pass start: rows=18480, lag_days=0, holding_months=12
2026-05-07 06:06:38,417  INFO  [TP/SL][aggressive] progress: 924/18480 (5.0%) | TP=172 SL=200 NONE=552 | 21.6s elapsed (42.7 rows/s)
2026-05-07 06:07:00,017  INFO  [TP/SL][aggressive] progress: 1848/18480 (10.0%) | TP=327 SL=428 NONE=1093 | 43.2s elapsed (42.8 rows/s)
2026-05-07 06:07:21,293  INFO  [TP/SL][aggressive] progress: 2772/18480 (15.0%) | TP=480 SL=693 NONE=1599 | 64.5s elapsed (43.0 rows/s)
2026-05-07 06:07:42,461  INFO  [TP/SL][aggressive] progress: 3696/18480 (20.0%) | TP=631 SL=943 NONE=2122 | 85.7s elapsed (43.1 rows/s)
2026-05-07 06:08:03,839  INFO  [TP/SL][aggressive] progress: 4620/18480 (25.0%) | TP=802 SL=1167 NONE=2651 | 107.0s elapsed (43.2 rows/s)
2026-05-07 06:08:25,075  INFO  [TP/SL][aggressive] progress: 5544/18480 (30.0%) | TP=953 SL=1416 NONE=3175 | 128.3s elapsed (43.2 rows/s)
2026-05-07 06:08:46,516  INFO  [TP/SL][aggressive] progress: 6468/18480 (35.0%) | TP=1110 SL=1654 NONE=3704 | 149.7s elapsed (43.2 rows/s)
2026-05-07 06:09:07,772  INFO  [TP/SL][aggressive] progress: 7392/18480 (40.0%) | TP=1249 SL=1905 NONE=4238 | 171.0s elapsed (43.2 rows/s)
2026-05-07 06:09:29,711  INFO  [TP/SL][aggressive] progress: 8316/18480 (45.0%) | TP=1385 SL=2148 NONE=4783 | 192.9s elapsed (43.1 rows/s)
2026-05-07 06:09:51,314  INFO  [TP/SL][aggressive] progress: 9240/18480 (50.0%) | TP=1526 SL=2405 NONE=5309 | 214.5s elapsed (43.1 rows/s)
2026-05-07 06:10:12,645  INFO  [TP/SL][aggressive] progress: 10164/18480 (55.0%) | TP=1681 SL=2647 NONE=5836 | 235.9s elapsed (43.1 rows/s)
2026-05-07 06:10:33,993  INFO  [TP/SL][aggressive] progress: 11088/18480 (60.0%) | TP=1811 SL=2905 NONE=6372 | 257.2s elapsed (43.1 rows/s)
2026-05-07 06:10:54,953  INFO  [TP/SL][aggressive] progress: 12012/18480 (65.0%) | TP=1984 SL=3129 NONE=6899 | 278.2s elapsed (43.2 rows/s)
2026-05-07 06:11:16,715  INFO  [TP/SL][aggressive] progress: 12936/18480 (70.0%) | TP=2170 SL=3356 NONE=7410 | 299.9s elapsed (43.1 rows/s)
2026-05-07 06:11:38,108  INFO  [TP/SL][aggressive] progress: 13860/18480 (75.0%) | TP=2307 SL=3592 NONE=7961 | 321.3s elapsed (43.1 rows/s)
2026-05-07 06:11:59,838  INFO  [TP/SL][aggressive] progress: 14784/18480 (80.0%) | TP=2447 SL=3829 NONE=8508 | 343.0s elapsed (43.1 rows/s)
2026-05-07 06:12:21,377  INFO  [TP/SL][aggressive] progress: 15708/18480 (85.0%) | TP=2603 SL=4076 NONE=9029 | 364.6s elapsed (43.1 rows/s)
2026-05-07 06:12:42,739  INFO  [TP/SL][aggressive] progress: 16632/18480 (90.0%) | TP=2746 SL=4307 NONE=9579 | 386.0s elapsed (43.1 rows/s)
2026-05-07 06:13:03,672  INFO  [TP/SL][aggressive] progress: 17556/18480 (95.0%) | TP=2890 SL=4570 NONE=10096 | 406.9s elapsed (43.1 rows/s)
2026-05-07 06:13:25,353  INFO  [TP/SL][aggressive] progress: 18480/18480 (100.0%) | TP=3064 SL=4815 NONE=10601 | 428.6s elapsed (43.1 rows/s)
2026-05-07 06:13:25,379  INFO  [TP/SL][aggressive] pass complete: rows=18480 | TP=3064 SL=4815 NONE=10601 | 428.6s total
2026-05-07 06:13:25,391  INFO  [TP/SL] Strategy=aggressive -> generating test adaptive targets...
2026-05-07 06:13:25,904  INFO  [TP/SL][aggressive] Adaptive target pass start: rows=385, lag_days=0, holding_months=12
2026-05-07 06:13:31,848  INFO  [TP/SL][aggressive] progress: 250/385 (64.9%) | TP=8 SL=92 NONE=150 | 5.9s elapsed (42.1 rows/s)
2026-05-07 06:13:35,025  INFO  [TP/SL][aggressive] progress: 385/385 (100.0%) | TP=11 SL=140 NONE=234 | 9.1s elapsed (42.2 rows/s)
2026-05-07 06:13:35,030  INFO  [TP/SL][aggressive] pass complete: rows=385 | TP=11 SL=140 NONE=234 | 9.1s total
2026-05-07 06:13:35,042  INFO  [TP/SL] Strategy=aggressive ready: utility=-0.0891, hit_rate=16.58%, train_labels=18480, test_labels=385 [438.8s]
2026-05-07 06:13:35,043  INFO  [TP/SL] Strategy=conservative__relax1 -> generating train adaptive targets...
2026-05-07 06:13:35,563  INFO  [TP/SL][conservative__relax1] Adaptive target pass start: rows=18480, lag_days=0, holding_months=12
2026-05-07 06:13:57,181  INFO  [TP/SL][conservative__relax1] progress: 924/18480 (5.0%) | TP=465 SL=278 NONE=181 | 21.6s elapsed (42.7 rows/s)
2026-05-07 06:14:18,356  INFO  [TP/SL][conservative__relax1] progress: 1848/18480 (10.0%) | TP=919 SL=557 NONE=372 | 42.8s elapsed (43.2 rows/s)
2026-05-07 06:14:39,700  INFO  [TP/SL][conservative__relax1] progress: 2772/18480 (15.0%) | TP=1363 SL=864 NONE=545 | 64.1s elapsed (43.2 rows/s)
2026-05-07 06:15:00,935  INFO  [TP/SL][conservative__relax1] progress: 3696/18480 (20.0%) | TP=1751 SL=1187 NONE=758 | 85.4s elapsed (43.3 rows/s)
2026-05-07 06:15:22,145  INFO  [TP/SL][conservative__relax1] progress: 4620/18480 (25.0%) | TP=2219 SL=1472 NONE=929 | 106.6s elapsed (43.3 rows/s)
2026-05-07 06:15:43,343  INFO  [TP/SL][conservative__relax1] progress: 5544/18480 (30.0%) | TP=2625 SL=1797 NONE=1122 | 127.8s elapsed (43.4 rows/s)
2026-05-07 06:16:04,559  INFO  [TP/SL][conservative__relax1] progress: 6468/18480 (35.0%) | TP=3052 SL=2118 NONE=1298 | 149.0s elapsed (43.4 rows/s)
2026-05-07 06:16:25,823  INFO  [TP/SL][conservative__relax1] progress: 7392/18480 (40.0%) | TP=3461 SL=2474 NONE=1457 | 170.3s elapsed (43.4 rows/s)
2026-05-07 06:16:47,392  INFO  [TP/SL][conservative__relax1] progress: 8316/18480 (45.0%) | TP=3888 SL=2801 NONE=1627 | 191.8s elapsed (43.4 rows/s)
2026-05-07 06:17:08,893  INFO  [TP/SL][conservative__relax1] progress: 9240/18480 (50.0%) | TP=4334 SL=3109 NONE=1797 | 213.3s elapsed (43.3 rows/s)
2026-05-07 06:17:30,139  INFO  [TP/SL][conservative__relax1] progress: 10164/18480 (55.0%) | TP=4777 SL=3402 NONE=1985 | 234.6s elapsed (43.3 rows/s)
2026-05-07 06:17:51,311  INFO  [TP/SL][conservative__relax1] progress: 11088/18480 (60.0%) | TP=5209 SL=3726 NONE=2153 | 255.7s elapsed (43.4 rows/s)
2026-05-07 06:18:12,471  INFO  [TP/SL][conservative__relax1] progress: 12012/18480 (65.0%) | TP=5680 SL=4024 NONE=2308 | 276.9s elapsed (43.4 rows/s)
2026-05-07 06:18:34,082  INFO  [TP/SL][conservative__relax1] progress: 12936/18480 (70.0%) | TP=6121 SL=4342 NONE=2473 | 298.5s elapsed (43.3 rows/s)
2026-05-07 06:18:55,385  INFO  [TP/SL][conservative__relax1] progress: 13860/18480 (75.0%) | TP=6532 SL=4660 NONE=2668 | 319.8s elapsed (43.3 rows/s)
2026-05-07 06:19:17,243  INFO  [TP/SL][conservative__relax1] progress: 14784/18480 (80.0%) | TP=6988 SL=4977 NONE=2819 | 341.7s elapsed (43.3 rows/s)
2026-05-07 06:19:38,643  INFO  [TP/SL][conservative__relax1] progress: 15708/18480 (85.0%) | TP=7427 SL=5281 NONE=3000 | 363.1s elapsed (43.3 rows/s)
2026-05-07 06:19:59,784  INFO  [TP/SL][conservative__relax1] progress: 16632/18480 (90.0%) | TP=7875 SL=5591 NONE=3166 | 384.2s elapsed (43.3 rows/s)
2026-05-07 06:20:20,844  INFO  [TP/SL][conservative__relax1] progress: 17556/18480 (95.0%) | TP=8318 SL=5924 NONE=3314 | 405.3s elapsed (43.3 rows/s)
2026-05-07 06:20:42,421  INFO  [TP/SL][conservative__relax1] progress: 18480/18480 (100.0%) | TP=8748 SL=6223 NONE=3509 | 426.9s elapsed (43.3 rows/s)
2026-05-07 06:20:42,445  INFO  [TP/SL][conservative__relax1] pass complete: rows=18480 | TP=8748 SL=6223 NONE=3509 | 426.9s total
2026-05-07 06:20:42,461  INFO  [TP/SL] Strategy=conservative__relax1 -> generating test adaptive targets...
2026-05-07 06:20:43,192  INFO  [TP/SL][conservative__relax1] Adaptive target pass start: rows=385, lag_days=0, holding_months=12
2026-05-07 06:20:48,787  INFO  [TP/SL][conservative__relax1] progress: 250/385 (64.9%) | TP=56 SL=149 NONE=45 | 5.6s elapsed (44.6 rows/s)
2026-05-07 06:20:51,977  INFO  [TP/SL][conservative__relax1] progress: 385/385 (100.0%) | TP=88 SL=233 NONE=64 | 8.8s elapsed (43.8 rows/s)
2026-05-07 06:20:51,977  INFO  [TP/SL][conservative__relax1] pass complete: rows=385 | TP=88 SL=233 NONE=64 | 8.8s total
2026-05-07 06:20:51,991  INFO  [TP/SL] Strategy=conservative__relax1 ready: utility=0.0156, hit_rate=47.34%, train_labels=18480, test_labels=385 [436.9s]
2026-05-07 06:20:51,991  INFO  [TP/SL] Strategy=conservative__relax2 -> generating train adaptive targets...
2026-05-07 06:20:52,726  INFO  [TP/SL][conservative__relax2] Adaptive target pass start: rows=18480, lag_days=0, holding_months=12
2026-05-07 06:21:14,038  INFO  [TP/SL][conservative__relax2] progress: 924/18480 (5.0%) | TP=465 SL=278 NONE=181 | 21.3s elapsed (43.4 rows/s)
2026-05-07 06:21:35,379  INFO  [TP/SL][conservative__relax2] progress: 1848/18480 (10.0%) | TP=919 SL=557 NONE=372 | 42.7s elapsed (43.3 rows/s)
2026-05-07 06:21:56,436  INFO  [TP/SL][conservative__relax2] progress: 2772/18480 (15.0%) | TP=1363 SL=864 NONE=545 | 63.7s elapsed (43.5 rows/s)
2026-05-07 06:22:17,491  INFO  [TP/SL][conservative__relax2] progress: 3696/18480 (20.0%) | TP=1751 SL=1187 NONE=758 | 84.8s elapsed (43.6 rows/s)
2026-05-07 06:22:38,454  INFO  [TP/SL][conservative__relax2] progress: 4620/18480 (25.0%) | TP=2219 SL=1472 NONE=929 | 105.7s elapsed (43.7 rows/s)
2026-05-07 06:22:59,532  INFO  [TP/SL][conservative__relax2] progress: 5544/18480 (30.0%) | TP=2625 SL=1797 NONE=1122 | 126.8s elapsed (43.7 rows/s)
2026-05-07 06:23:20,876  INFO  [TP/SL][conservative__relax2] progress: 6468/18480 (35.0%) | TP=3052 SL=2118 NONE=1298 | 148.1s elapsed (43.7 rows/s)
2026-05-07 06:23:41,982  INFO  [TP/SL][conservative__relax2] progress: 7392/18480 (40.0%) | TP=3461 SL=2474 NONE=1457 | 169.3s elapsed (43.7 rows/s)
2026-05-07 06:24:03,537  INFO  [TP/SL][conservative__relax2] progress: 8316/18480 (45.0%) | TP=3888 SL=2801 NONE=1627 | 190.8s elapsed (43.6 rows/s)
2026-05-07 06:24:24,704  INFO  [TP/SL][conservative__relax2] progress: 9240/18480 (50.0%) | TP=4334 SL=3109 NONE=1797 | 212.0s elapsed (43.6 rows/s)
2026-05-07 06:24:45,790  INFO  [TP/SL][conservative__relax2] progress: 10164/18480 (55.0%) | TP=4777 SL=3402 NONE=1985 | 233.1s elapsed (43.6 rows/s)
2026-05-07 06:25:07,053  INFO  [TP/SL][conservative__relax2] progress: 11088/18480 (60.0%) | TP=5209 SL=3726 NONE=2153 | 254.3s elapsed (43.6 rows/s)
2026-05-07 06:25:27,905  INFO  [TP/SL][conservative__relax2] progress: 12012/18480 (65.0%) | TP=5680 SL=4024 NONE=2308 | 275.2s elapsed (43.7 rows/s)
2026-05-07 06:25:49,439  INFO  [TP/SL][conservative__relax2] progress: 12936/18480 (70.0%) | TP=6121 SL=4342 NONE=2473 | 296.7s elapsed (43.6 rows/s)
2026-05-07 06:26:10,718  INFO  [TP/SL][conservative__relax2] progress: 13860/18480 (75.0%) | TP=6532 SL=4660 NONE=2668 | 318.0s elapsed (43.6 rows/s)
2026-05-07 06:26:32,200  INFO  [TP/SL][conservative__relax2] progress: 14784/18480 (80.0%) | TP=6988 SL=4977 NONE=2819 | 339.5s elapsed (43.5 rows/s)
2026-05-07 06:26:53,614  INFO  [TP/SL][conservative__relax2] progress: 15708/18480 (85.0%) | TP=7427 SL=5281 NONE=3000 | 360.9s elapsed (43.5 rows/s)
2026-05-07 06:27:14,556  INFO  [TP/SL][conservative__relax2] progress: 16632/18480 (90.0%) | TP=7875 SL=5591 NONE=3166 | 381.8s elapsed (43.6 rows/s)
2026-05-07 06:27:35,629  INFO  [TP/SL][conservative__relax2] progress: 17556/18480 (95.0%) | TP=8318 SL=5924 NONE=3314 | 402.9s elapsed (43.6 rows/s)
2026-05-07 06:27:56,824  INFO  [TP/SL][conservative__relax2] progress: 18480/18480 (100.0%) | TP=8748 SL=6223 NONE=3509 | 424.1s elapsed (43.6 rows/s)
2026-05-07 06:27:56,853  INFO  [TP/SL][conservative__relax2] pass complete: rows=18480 | TP=8748 SL=6223 NONE=3509 | 424.1s total
2026-05-07 06:27:56,861  INFO  [TP/SL] Strategy=conservative__relax2 -> generating test adaptive targets...
2026-05-07 06:27:57,373  INFO  [TP/SL][conservative__relax2] Adaptive target pass start: rows=385, lag_days=0, holding_months=12
2026-05-07 06:28:03,226  INFO  [TP/SL][conservative__relax2] progress: 250/385 (64.9%) | TP=56 SL=149 NONE=45 | 5.9s elapsed (42.7 rows/s)
2026-05-07 06:28:06,390  INFO  [TP/SL][conservative__relax2] progress: 385/385 (100.0%) | TP=88 SL=233 NONE=64 | 9.0s elapsed (42.7 rows/s)
2026-05-07 06:28:06,390  INFO  [TP/SL][conservative__relax2] pass complete: rows=385 | TP=88 SL=233 NONE=64 | 9.0s total
2026-05-07 06:28:06,404  INFO  [TP/SL] Strategy=conservative__relax2 ready: utility=0.0156, hit_rate=47.34%, train_labels=18480, test_labels=385 [434.4s]
2026-05-07 06:28:06,404  INFO  [TP/SL] Strategy=balanced__relax1 -> generating train adaptive targets...
2026-05-07 06:28:06,916  INFO  [TP/SL][balanced__relax1] Adaptive target pass start: rows=18480, lag_days=0, holding_months=12
2026-05-07 06:28:28,370  INFO  [TP/SL][balanced__relax1] progress: 924/18480 (5.0%) | TP=465 SL=278 NONE=181 | 21.5s elapsed (43.1 rows/s)
2026-05-07 06:28:49,466  INFO  [TP/SL][balanced__relax1] progress: 1848/18480 (10.0%) | TP=919 SL=557 NONE=372 | 42.5s elapsed (43.4 rows/s)
2026-05-07 06:29:10,772  INFO  [TP/SL][balanced__relax1] progress: 2772/18480 (15.0%) | TP=1363 SL=864 NONE=545 | 63.9s elapsed (43.4 rows/s)
2026-05-07 06:29:31,759  INFO  [TP/SL][balanced__relax1] progress: 3696/18480 (20.0%) | TP=1751 SL=1187 NONE=758 | 84.8s elapsed (43.6 rows/s)
2026-05-07 06:29:52,993  INFO  [TP/SL][balanced__relax1] progress: 4620/18480 (25.0%) | TP=2219 SL=1472 NONE=929 | 106.1s elapsed (43.6 rows/s)
2026-05-07 06:30:14,048  INFO  [TP/SL][balanced__relax1] progress: 5544/18480 (30.0%) | TP=2625 SL=1797 NONE=1122 | 127.1s elapsed (43.6 rows/s)
2026-05-07 06:30:35,447  INFO  [TP/SL][balanced__relax1] progress: 6468/18480 (35.0%) | TP=3052 SL=2118 NONE=1298 | 148.5s elapsed (43.5 rows/s)
2026-05-07 06:30:56,400  INFO  [TP/SL][balanced__relax1] progress: 7392/18480 (40.0%) | TP=3461 SL=2474 NONE=1457 | 169.5s elapsed (43.6 rows/s)
2026-05-07 06:31:17,960  INFO  [TP/SL][balanced__relax1] progress: 8316/18480 (45.0%) | TP=3888 SL=2801 NONE=1627 | 191.0s elapsed (43.5 rows/s)
2026-05-07 06:31:39,426  INFO  [TP/SL][balanced__relax1] progress: 9240/18480 (50.0%) | TP=4334 SL=3109 NONE=1797 | 212.5s elapsed (43.5 rows/s)
2026-05-07 06:32:00,279  INFO  [TP/SL][balanced__relax1] progress: 10164/18480 (55.0%) | TP=4777 SL=3402 NONE=1985 | 233.4s elapsed (43.6 rows/s)
2026-05-07 06:32:21,505  INFO  [TP/SL][balanced__relax1] progress: 11088/18480 (60.0%) | TP=5209 SL=3726 NONE=2153 | 254.6s elapsed (43.6 rows/s)
2026-05-07 06:32:42,622  INFO  [TP/SL][balanced__relax1] progress: 12012/18480 (65.0%) | TP=5680 SL=4024 NONE=2308 | 275.7s elapsed (43.6 rows/s)
2026-05-07 06:33:04,217  INFO  [TP/SL][balanced__relax1] progress: 12936/18480 (70.0%) | TP=6121 SL=4342 NONE=2473 | 297.3s elapsed (43.5 rows/s)
2026-05-07 06:33:25,501  INFO  [TP/SL][balanced__relax1] progress: 13860/18480 (75.0%) | TP=6532 SL=4660 NONE=2668 | 318.6s elapsed (43.5 rows/s)
2026-05-07 06:33:47,095  INFO  [TP/SL][balanced__relax1] progress: 14784/18480 (80.0%) | TP=6988 SL=4977 NONE=2819 | 340.2s elapsed (43.5 rows/s)
2026-05-07 06:34:08,255  INFO  [TP/SL][balanced__relax1] progress: 15708/18480 (85.0%) | TP=7427 SL=5281 NONE=3000 | 361.3s elapsed (43.5 rows/s)
2026-05-07 06:34:29,430  INFO  [TP/SL][balanced__relax1] progress: 16632/18480 (90.0%) | TP=7875 SL=5591 NONE=3166 | 382.5s elapsed (43.5 rows/s)
2026-05-07 06:34:50,451  INFO  [TP/SL][balanced__relax1] progress: 17556/18480 (95.0%) | TP=8318 SL=5924 NONE=3314 | 403.5s elapsed (43.5 rows/s)
2026-05-07 06:35:11,948  INFO  [TP/SL][balanced__relax1] progress: 18480/18480 (100.0%) | TP=8748 SL=6223 NONE=3509 | 425.0s elapsed (43.5 rows/s)
2026-05-07 06:35:11,977  INFO  [TP/SL][balanced__relax1] pass complete: rows=18480 | TP=8748 SL=6223 NONE=3509 | 425.1s total
2026-05-07 06:35:11,985  INFO  [TP/SL] Strategy=balanced__relax1 -> generating test adaptive targets...
2026-05-07 06:35:12,498  INFO  [TP/SL][balanced__relax1] Adaptive target pass start: rows=385, lag_days=0, holding_months=12
2026-05-07 06:35:18,350  INFO  [TP/SL][balanced__relax1] progress: 250/385 (64.9%) | TP=56 SL=149 NONE=45 | 5.8s elapsed (42.8 rows/s)
2026-05-07 06:35:21,510  INFO  [TP/SL][balanced__relax1] progress: 385/385 (100.0%) | TP=88 SL=233 NONE=64 | 9.0s elapsed (42.8 rows/s)
2026-05-07 06:35:21,512  INFO  [TP/SL][balanced__relax1] pass complete: rows=385 | TP=88 SL=233 NONE=64 | 9.0s total
2026-05-07 06:35:21,522  INFO  [TP/SL] Strategy=balanced__relax1 ready: utility=0.0156, hit_rate=47.34%, train_labels=18480, test_labels=385 [435.1s]
2026-05-07 06:35:21,523  INFO  [TP/SL] Strategy=balanced__relax2 -> generating train adaptive targets...
2026-05-07 06:35:22,044  INFO  [TP/SL][balanced__relax2] Adaptive target pass start: rows=18480, lag_days=0, holding_months=12
2026-05-07 06:35:43,542  INFO  [TP/SL][balanced__relax2] progress: 924/18480 (5.0%) | TP=268 SL=307 NONE=349 | 21.5s elapsed (43.0 rows/s)
2026-05-07 06:36:05,189  INFO  [TP/SL][balanced__relax2] progress: 1848/18480 (10.0%) | TP=495 SL=618 NONE=735 | 43.1s elapsed (42.8 rows/s)
2026-05-07 06:36:26,536  INFO  [TP/SL][balanced__relax2] progress: 2772/18480 (15.0%) | TP=738 SL=954 NONE=1080 | 64.5s elapsed (43.0 rows/s)
2026-05-07 06:36:47,749  INFO  [TP/SL][balanced__relax2] progress: 3696/18480 (20.0%) | TP=979 SL=1299 NONE=1418 | 85.7s elapsed (43.1 rows/s)
2026-05-07 06:37:09,220  INFO  [TP/SL][balanced__relax2] progress: 4620/18480 (25.0%) | TP=1240 SL=1613 NONE=1767 | 107.2s elapsed (43.1 rows/s)
2026-05-07 06:37:30,619  INFO  [TP/SL][balanced__relax2] progress: 5544/18480 (30.0%) | TP=1485 SL=1969 NONE=2090 | 128.6s elapsed (43.1 rows/s)
2026-05-07 06:37:52,392  INFO  [TP/SL][balanced__relax2] progress: 6468/18480 (35.0%) | TP=1754 SL=2322 NONE=2392 | 150.3s elapsed (43.0 rows/s)
2026-05-07 06:38:13,742  INFO  [TP/SL][balanced__relax2] progress: 7392/18480 (40.0%) | TP=1990 SL=2701 NONE=2701 | 171.7s elapsed (43.1 rows/s)
2026-05-07 06:38:35,412  INFO  [TP/SL][balanced__relax2] progress: 8316/18480 (45.0%) | TP=2205 SL=3057 NONE=3054 | 193.4s elapsed (43.0 rows/s)
2026-05-07 06:38:56,955  INFO  [TP/SL][balanced__relax2] progress: 9240/18480 (50.0%) | TP=2453 SL=3397 NONE=3390 | 214.9s elapsed (43.0 rows/s)
2026-05-07 06:39:18,154  INFO  [TP/SL][balanced__relax2] progress: 10164/18480 (55.0%) | TP=2712 SL=3717 NONE=3735 | 236.1s elapsed (43.0 rows/s)
2026-05-07 06:39:39,532  INFO  [TP/SL][balanced__relax2] progress: 11088/18480 (60.0%) | TP=2936 SL=4085 NONE=4067 | 257.5s elapsed (43.1 rows/s)
2026-05-07 06:40:00,618  INFO  [TP/SL][balanced__relax2] progress: 12012/18480 (65.0%) | TP=3201 SL=4415 NONE=4396 | 278.6s elapsed (43.1 rows/s)
2026-05-07 06:40:22,450  INFO  [TP/SL][balanced__relax2] progress: 12936/18480 (70.0%) | TP=3468 SL=4764 NONE=4704 | 300.4s elapsed (43.1 rows/s)
2026-05-07 06:40:44,090  INFO  [TP/SL][balanced__relax2] progress: 13860/18480 (75.0%) | TP=3711 SL=5099 NONE=5050 | 322.1s elapsed (43.0 rows/s)
2026-05-07 06:41:06,034  INFO  [TP/SL][balanced__relax2] progress: 14784/18480 (80.0%) | TP=3955 SL=5450 NONE=5379 | 344.0s elapsed (43.0 rows/s)
2026-05-07 06:41:27,336  INFO  [TP/SL][balanced__relax2] progress: 15708/18480 (85.0%) | TP=4184 SL=5771 NONE=5753 | 365.3s elapsed (43.0 rows/s)
2026-05-07 06:41:48,400  INFO  [TP/SL][balanced__relax2] progress: 16632/18480 (90.0%) | TP=4416 SL=6103 NONE=6113 | 386.4s elapsed (43.0 rows/s)
2026-05-07 06:42:09,628  INFO  [TP/SL][balanced__relax2] progress: 17556/18480 (95.0%) | TP=4633 SL=6463 NONE=6460 | 407.6s elapsed (43.1 rows/s)
2026-05-07 06:42:31,013  INFO  [TP/SL][balanced__relax2] progress: 18480/18480 (100.0%) | TP=4913 SL=6789 NONE=6778 | 429.0s elapsed (43.1 rows/s)
2026-05-07 06:42:31,044  INFO  [TP/SL][balanced__relax2] pass complete: rows=18480 | TP=4913 SL=6789 NONE=6778 | 429.0s total
2026-05-07 06:42:31,052  INFO  [TP/SL] Strategy=balanced__relax2 -> generating test adaptive targets...
2026-05-07 06:42:31,566  INFO  [TP/SL][balanced__relax2] Adaptive target pass start: rows=385, lag_days=0, holding_months=12
2026-05-07 06:42:37,208  INFO  [TP/SL][balanced__relax2] progress: 250/385 (64.9%) | TP=22 SL=150 NONE=78 | 5.6s elapsed (44.3 rows/s)
2026-05-07 06:42:40,382  INFO  [TP/SL][balanced__relax2] progress: 385/385 (100.0%) | TP=31 SL=235 NONE=119 | 8.8s elapsed (43.7 rows/s)
2026-05-07 06:42:40,382  INFO  [TP/SL][balanced__relax2] pass complete: rows=385 | TP=31 SL=235 NONE=119 | 8.8s total
2026-05-07 06:42:40,401  INFO  [TP/SL] Strategy=balanced__relax2 ready: utility=-0.0042, hit_rate=26.59%, train_labels=18480, test_labels=385 [438.9s]
2026-05-07 06:42:40,401  INFO  [TP/SL] Strategy=aggressive__relax1 -> generating train adaptive targets...
2026-05-07 06:42:40,914  INFO  [TP/SL][aggressive__relax1] Adaptive target pass start: rows=18480, lag_days=0, holding_months=12
2026-05-07 06:43:02,671  INFO  [TP/SL][aggressive__relax1] progress: 924/18480 (5.0%) | TP=184 SL=309 NONE=431 | 21.8s elapsed (42.5 rows/s)
2026-05-07 06:43:24,055  INFO  [TP/SL][aggressive__relax1] progress: 1848/18480 (10.0%) | TP=359 SL=624 NONE=865 | 43.1s elapsed (42.8 rows/s)
2026-05-07 06:43:45,293  INFO  [TP/SL][aggressive__relax1] progress: 2772/18480 (15.0%) | TP=531 SL=967 NONE=1274 | 64.4s elapsed (43.1 rows/s)
2026-05-07 06:44:06,510  INFO  [TP/SL][aggressive__relax1] progress: 3696/18480 (20.0%) | TP=696 SL=1316 NONE=1684 | 85.6s elapsed (43.2 rows/s)
2026-05-07 06:44:28,038  INFO  [TP/SL][aggressive__relax1] progress: 4620/18480 (25.0%) | TP=888 SL=1639 NONE=2093 | 107.1s elapsed (43.1 rows/s)
2026-05-07 06:44:49,213  INFO  [TP/SL][aggressive__relax1] progress: 5544/18480 (30.0%) | TP=1068 SL=2002 NONE=2474 | 128.3s elapsed (43.2 rows/s)
2026-05-07 06:45:10,664  INFO  [TP/SL][aggressive__relax1] progress: 6468/18480 (35.0%) | TP=1248 SL=2360 NONE=2860 | 149.7s elapsed (43.2 rows/s)
2026-05-07 06:45:32,063  INFO  [TP/SL][aggressive__relax1] progress: 7392/18480 (40.0%) | TP=1401 SL=2751 NONE=3240 | 171.1s elapsed (43.2 rows/s)
2026-05-07 06:45:53,601  INFO  [TP/SL][aggressive__relax1] progress: 8316/18480 (45.0%) | TP=1552 SL=3115 NONE=3649 | 192.7s elapsed (43.2 rows/s)
2026-05-07 06:46:15,297  INFO  [TP/SL][aggressive__relax1] progress: 9240/18480 (50.0%) | TP=1724 SL=3463 NONE=4053 | 214.4s elapsed (43.1 rows/s)
2026-05-07 06:46:36,414  INFO  [TP/SL][aggressive__relax1] progress: 10164/18480 (55.0%) | TP=1906 SL=3793 NONE=4465 | 235.5s elapsed (43.2 rows/s)
2026-05-07 06:46:57,850  INFO  [TP/SL][aggressive__relax1] progress: 11088/18480 (60.0%) | TP=2056 SL=4168 NONE=4864 | 256.9s elapsed (43.2 rows/s)
2026-05-07 06:47:18,950  INFO  [TP/SL][aggressive__relax1] progress: 12012/18480 (65.0%) | TP=2245 SL=4503 NONE=5264 | 278.0s elapsed (43.2 rows/s)
2026-05-07 06:47:40,747  INFO  [TP/SL][aggressive__relax1] progress: 12936/18480 (70.0%) | TP=2438 SL=4856 NONE=5642 | 299.8s elapsed (43.1 rows/s)
2026-05-07 06:48:02,043  INFO  [TP/SL][aggressive__relax1] progress: 13860/18480 (75.0%) | TP=2601 SL=5199 NONE=6060 | 321.1s elapsed (43.2 rows/s)
2026-05-07 06:48:23,920  INFO  [TP/SL][aggressive__relax1] progress: 14784/18480 (80.0%) | TP=2764 SL=5557 NONE=6463 | 343.0s elapsed (43.1 rows/s)
2026-05-07 06:48:45,457  INFO  [TP/SL][aggressive__relax1] progress: 15708/18480 (85.0%) | TP=2935 SL=5885 NONE=6888 | 364.5s elapsed (43.1 rows/s)
2026-05-07 06:49:06,696  INFO  [TP/SL][aggressive__relax1] progress: 16632/18480 (90.0%) | TP=3093 SL=6224 NONE=7315 | 385.8s elapsed (43.1 rows/s)
2026-05-07 06:49:28,001  INFO  [TP/SL][aggressive__relax1] progress: 17556/18480 (95.0%) | TP=3251 SL=6588 NONE=7717 | 407.1s elapsed (43.1 rows/s)
2026-05-07 06:49:49,668  INFO  [TP/SL][aggressive__relax1] progress: 18480/18480 (100.0%) | TP=3450 SL=6919 NONE=8111 | 428.8s elapsed (43.1 rows/s)
2026-05-07 06:49:49,704  INFO  [TP/SL][aggressive__relax1] pass complete: rows=18480 | TP=3450 SL=6919 NONE=8111 | 428.8s total
2026-05-07 06:49:49,711  INFO  [TP/SL] Strategy=aggressive__relax1 -> generating test adaptive targets...
2026-05-07 06:49:50,216  INFO  [TP/SL][aggressive__relax1] Adaptive target pass start: rows=385, lag_days=0, holding_months=12
2026-05-07 06:49:56,119  INFO  [TP/SL][aggressive__relax1] progress: 250/385 (64.9%) | TP=14 SL=152 NONE=84 | 5.9s elapsed (42.3 rows/s)
2026-05-07 06:49:59,296  INFO  [TP/SL][aggressive__relax1] progress: 385/385 (100.0%) | TP=18 SL=237 NONE=130 | 9.1s elapsed (42.4 rows/s)
2026-05-07 06:49:59,296  INFO  [TP/SL][aggressive__relax1] pass complete: rows=385 | TP=18 SL=237 NONE=130 | 9.1s total
2026-05-07 06:49:59,308  INFO  [TP/SL] Strategy=aggressive__relax1 ready: utility=-0.0214, hit_rate=18.67%, train_labels=18480, test_labels=385 [438.9s]
2026-05-07 06:49:59,308  INFO  [TP/SL] Strategy=aggressive__relax2 -> generating train adaptive targets...
2026-05-07 06:49:59,820  INFO  [TP/SL][aggressive__relax2] Adaptive target pass start: rows=18480, lag_days=0, holding_months=12
2026-05-07 06:50:21,366  INFO  [TP/SL][aggressive__relax2] progress: 924/18480 (5.0%) | TP=465 SL=278 NONE=181 | 21.6s elapsed (42.9 rows/s)
2026-05-07 06:50:42,741  INFO  [TP/SL][aggressive__relax2] progress: 1848/18480 (10.0%) | TP=919 SL=557 NONE=372 | 42.9s elapsed (43.1 rows/s)
2026-05-07 06:51:04,149  INFO  [TP/SL][aggressive__relax2] progress: 2772/18480 (15.0%) | TP=1363 SL=864 NONE=545 | 64.3s elapsed (43.1 rows/s)
2026-05-07 06:51:25,225  INFO  [TP/SL][aggressive__relax2] progress: 3696/18480 (20.0%) | TP=1751 SL=1187 NONE=758 | 85.4s elapsed (43.3 rows/s)
2026-05-07 06:51:46,448  INFO  [TP/SL][aggressive__relax2] progress: 4620/18480 (25.0%) | TP=2219 SL=1472 NONE=929 | 106.6s elapsed (43.3 rows/s)
2026-05-07 06:52:07,505  INFO  [TP/SL][aggressive__relax2] progress: 5544/18480 (30.0%) | TP=2625 SL=1797 NONE=1122 | 127.7s elapsed (43.4 rows/s)
2026-05-07 06:52:29,068  INFO  [TP/SL][aggressive__relax2] progress: 6468/18480 (35.0%) | TP=3052 SL=2118 NONE=1298 | 149.2s elapsed (43.3 rows/s)
2026-05-07 06:52:50,386  INFO  [TP/SL][aggressive__relax2] progress: 7392/18480 (40.0%) | TP=3461 SL=2474 NONE=1457 | 170.6s elapsed (43.3 rows/s)
2026-05-07 06:53:11,839  INFO  [TP/SL][aggressive__relax2] progress: 8316/18480 (45.0%) | TP=3888 SL=2801 NONE=1627 | 192.0s elapsed (43.3 rows/s)
2026-05-07 06:53:33,664  INFO  [TP/SL][aggressive__relax2] progress: 9240/18480 (50.0%) | TP=4334 SL=3109 NONE=1797 | 213.8s elapsed (43.2 rows/s)
2026-05-07 06:53:54,827  INFO  [TP/SL][aggressive__relax2] progress: 10164/18480 (55.0%) | TP=4777 SL=3402 NONE=1985 | 235.0s elapsed (43.3 rows/s)
2026-05-07 06:54:16,014  INFO  [TP/SL][aggressive__relax2] progress: 11088/18480 (60.0%) | TP=5209 SL=3726 NONE=2153 | 256.2s elapsed (43.3 rows/s)
2026-05-07 06:54:37,326  INFO  [TP/SL][aggressive__relax2] progress: 12012/18480 (65.0%) | TP=5680 SL=4024 NONE=2308 | 277.5s elapsed (43.3 rows/s)
2026-05-07 06:54:58,857  INFO  [TP/SL][aggressive__relax2] progress: 12936/18480 (70.0%) | TP=6121 SL=4342 NONE=2473 | 299.0s elapsed (43.3 rows/s)
2026-05-07 06:55:20,129  INFO  [TP/SL][aggressive__relax2] progress: 13860/18480 (75.0%) | TP=6532 SL=4660 NONE=2668 | 320.3s elapsed (43.3 rows/s)
2026-05-07 06:55:41,979  INFO  [TP/SL][aggressive__relax2] progress: 14784/18480 (80.0%) | TP=6988 SL=4977 NONE=2819 | 342.2s elapsed (43.2 rows/s)
2026-05-07 06:56:03,315  INFO  [TP/SL][aggressive__relax2] progress: 15708/18480 (85.0%) | TP=7427 SL=5281 NONE=3000 | 363.5s elapsed (43.2 rows/s)
2026-05-07 06:56:24,408  INFO  [TP/SL][aggressive__relax2] progress: 16632/18480 (90.0%) | TP=7875 SL=5591 NONE=3166 | 384.6s elapsed (43.2 rows/s)
2026-05-07 06:56:45,383  INFO  [TP/SL][aggressive__relax2] progress: 17556/18480 (95.0%) | TP=8318 SL=5924 NONE=3314 | 405.6s elapsed (43.3 rows/s)
2026-05-07 06:57:06,867  INFO  [TP/SL][aggressive__relax2] progress: 18480/18480 (100.0%) | TP=8748 SL=6223 NONE=3509 | 427.0s elapsed (43.3 rows/s)
2026-05-07 06:57:06,892  INFO  [TP/SL][aggressive__relax2] pass complete: rows=18480 | TP=8748 SL=6223 NONE=3509 | 427.1s total
2026-05-07 06:57:06,903  INFO  [TP/SL] Strategy=aggressive__relax2 -> generating test adaptive targets...
2026-05-07 06:57:07,413  INFO  [TP/SL][aggressive__relax2] Adaptive target pass start: rows=385, lag_days=0, holding_months=12
2026-05-07 06:57:13,367  INFO  [TP/SL][aggressive__relax2] progress: 250/385 (64.9%) | TP=56 SL=149 NONE=45 | 5.9s elapsed (42.0 rows/s)
2026-05-07 06:57:16,271  INFO  [TP/SL][aggressive__relax2] progress: 385/385 (100.0%) | TP=88 SL=233 NONE=64 | 8.9s elapsed (43.5 rows/s)
2026-05-07 06:57:16,271  INFO  [TP/SL][aggressive__relax2] pass complete: rows=385 | TP=88 SL=233 NONE=64 | 8.9s total
2026-05-07 06:57:16,282  INFO  [TP/SL] Strategy=aggressive__relax2 ready: utility=0.0156, hit_rate=47.34%, train_labels=18480, test_labels=385 [437.0s]
2026-05-07 06:57:16,282  INFO  [TP/SL] Fine-tuning activated: base_best=conservative utility=0.0004 hit_rate=29.85% (min_utility=0.0000, min_hit=48.00%)
2026-05-07 06:57:16,292  INFO  [TP/SL] Selected training strategy=conservative (variant=conservative__relax1) | utility=0.0156 | hit_rate=47.34%
2026-05-07 06:57:16,998  INFO  [Fold T05_20230215] 1/3 — Entrenando agentes base con datos de entrenamiento del fold...
2026-05-07 06:57:17,140  INFO  [Fold T05_20230215] Recency weighting enabled (halflife=2.0Y, weight_range=[0.069, 4.049])
2026-05-07 07:00:49,316  INFO  [fundamental] Top-5 features: revenue_yoy_growth__pct_universe=0.062 | interest_coverage__pct_universe=0.062 | gross_margin__pct_universe=0.056 | fcf_yoy_growth__pct_universe=0.043 | ebitda_margin=0.042
2026-05-07 07:00:49,328  INFO  [fundamental] Diagnostics → diagnostics_T05_20230215.json
2026-05-07 07:03:29,806  INFO  [valuation] Top-5 features: rule_confidence=0.088 | pb_ratio__pct_universe=0.084 | pb_ratio__pct_sector=0.081 | fcf_yield__pct_sector=0.074 | pe_vs_5y_median__pct_sector=0.062
2026-05-07 07:03:29,813  INFO  [valuation] Diagnostics → diagnostics_T05_20230215.json
2026-05-07 07:06:48,479  INFO  [momentum] Top-5 features: volatility_60d=0.192 | momentum_3m=0.096 | momentum_6m=0.094 | price_vs_52w_high=0.064 | volatility_60d__pct_universe=0.062
2026-05-07 07:06:48,492  INFO  [momentum] Diagnostics → diagnostics_T05_20230215.json
2026-05-07 07:10:16,629  INFO  [bear] Top-5 features: revenue_decline=1.109 | revenue_decline__pct_universe=0.993 | insider_net_ratio_90d__pct_sector=0.104 | current_ratio__pct_sector=0.095 | interest_coverage__pct_universe=0.079
2026-05-07 07:10:16,642  INFO  [bear] Diagnostics → diagnostics_T05_20230215.json
2026-05-07 07:10:16,709  INFO  [Fold T05_20230215] 1/3 — Entrenando SectorRotationAgent (top-down, nivel sector)...
2026-05-07 07:10:16,709  INFO  [SectorRotationAgent] Building sector dataset — 18480 ticker obs
2026-05-07 07:10:29,960  INFO  [FeatureSelector/sector_rotation] Step 1 — correlation >85%: removed 0 / 14 features
2026-05-07 07:10:30,378  INFO  [FeatureSelector/sector_rotation] Step 2 — combined score (w_relevance=0.65, w_importance=0.35)
2026-05-07 07:10:30,378  INFO  [FeatureSelector/sector_rotation] Step 3 — importance cutoff: top=0.1950, cutoff=0.40 (value=0.0780), min_keep=6, max_keep=10
2026-05-07 07:10:30,378  INFO  [FeatureSelector/sector_rotation]   Feature                               Combined     Imp_RF     pb_y
2026-05-07 07:10:30,378  INFO  [FeatureSelector/sector_rotation]   ----------------------------------- ---------- ---------- --------
2026-05-07 07:10:30,378  INFO  [FeatureSelector/sector_rotation]    1. revenue_yoy_growth                    1.0000     0.1950    0.119  weight= 31.22%
2026-05-07 07:10:30,378  INFO  [FeatureSelector/sector_rotation]    2. volatility_60d                        0.4842     0.0940    0.058  weight= 15.05%
2026-05-07 07:10:30,378  INFO  [FeatureSelector/sector_rotation]    3. momentum_3m                           0.5149     0.0894    0.065  weight= 14.31%
2026-05-07 07:10:30,378  INFO  [FeatureSelector/sector_rotation]    4. net_margin                            0.5594     0.0837    0.075  weight= 13.41%
2026-05-07 07:10:30,378  INFO  [FeatureSelector/sector_rotation]    5. pe_vs_5y_median                       0.2704     0.0816    0.023  weight= 13.07%
2026-05-07 07:10:30,378  INFO  [FeatureSelector/sector_rotation]    6. fcf_yield                             0.2817     0.0808    0.025  weight= 12.94%
2026-05-07 07:10:30,378  INFO  [FeatureSelector/sector_rotation]   Discarded by low combined score (8): momentum_6m, price_vs_52w_high, earnings_yield, ev_to_ebitda, roic, fcf_margin, sector_vs_market_momentum, risk_adjusted_sector_momentum
2026-05-07 07:10:30,378  INFO  [FeatureSelector/sector_rotation] Summary: 14 features → pair_drop=0 → corr_drop=0 → imp_drop=8 → 6 selected (cutoff rule + [6,10])
2026-05-07 07:10:30,389  INFO  [SectorRotationAgent] 1440 sector obs | 985 outperform / 455 underperform sectors | 6 features
2026-05-07 07:10:32,821  INFO  [SectorRotationAgent] CV AUC=0.5880 ± 0.0180
2026-05-07 07:10:34,149  INFO  [sector_rotation] Top-5 features: revenue_yoy_growth=0.242 | fcf_yield=0.185 | net_margin=0.170 | volatility_60d=0.148 | momentum_3m=0.143
2026-05-07 07:10:34,157  INFO  [sector_rotation] Diagnostics → diagnostics_T05_20230215.json
2026-05-07 07:10:34,157  INFO  [Fold T05_20230215] 2/3 — Generando scores OOF (3 splits temporales) como input del MetaLearner...
2026-05-07 07:10:34,175  INFO    [OOF] fundamental: generating anti-leakage scores (3 quarter-level temporal splits)
2026-05-07 07:15:07,645  INFO    [OOF/RuleIC] fundamental: rule_signal Spearman IC=0.0357 (n=12320) — predictive ✓
2026-05-07 07:15:07,645  INFO    [OOF] valuation: generating anti-leakage scores (3 quarter-level temporal splits)
2026-05-07 07:18:38,639  INFO    [OOF/RuleIC] valuation: rule_signal Spearman IC=0.0337 (n=12320) — predictive ✓
2026-05-07 07:18:38,641  INFO    [OOF] momentum: generating anti-leakage scores (3 quarter-level temporal splits)
2026-05-07 07:23:09,263  INFO    [OOF/RuleIC] momentum: rule_signal Spearman IC=0.0230 (n=12320) — predictive ✓
2026-05-07 07:23:09,263  INFO    [OOF] bear: generating anti-leakage scores (3 quarter-level temporal splits)
2026-05-07 07:27:59,912  INFO    [OOF/RuleIC] bear: rule_signal Spearman IC=-0.0292 (n=12320) — inverted ⚠
2026-05-07 07:27:59,912  INFO    [OOF] sector_rotation: generating OOF sector scores (3 quarter-level splits)
2026-05-07 07:27:59,928  INFO  [SectorRotationAgent] Building sector dataset — 5775 ticker obs
2026-05-07 07:28:04,100  INFO  [FeatureSelector/sector_rotation] Step 1 — correlation >85%: removed 0 / 14 features
2026-05-07 07:28:04,465  INFO  [FeatureSelector/sector_rotation] Step 2 — combined score (w_relevance=0.65, w_importance=0.35)
2026-05-07 07:28:04,465  INFO  [FeatureSelector/sector_rotation] Step 3 — importance cutoff: top=0.1741, cutoff=0.40 (value=0.0696), min_keep=6, max_keep=10
2026-05-07 07:28:04,465  INFO  [FeatureSelector/sector_rotation]   Feature                               Combined     Imp_RF     pb_y
2026-05-07 07:28:04,465  INFO  [FeatureSelector/sector_rotation]   ----------------------------------- ---------- ---------- --------
2026-05-07 07:28:04,465  INFO  [FeatureSelector/sector_rotation]    1. momentum_3m                           1.0000     0.1741    0.180  weight= 23.05%
2026-05-07 07:28:04,465  INFO  [FeatureSelector/sector_rotation]    2. momentum_6m                           0.6067     0.1055    0.112  weight= 13.97%
2026-05-07 07:28:04,465  INFO  [FeatureSelector/sector_rotation]    3. pe_vs_5y_median                       0.3700     0.0920    0.057  weight= 12.18%
2026-05-07 07:28:04,470  INFO  [FeatureSelector/sector_rotation]    4. revenue_yoy_growth                    0.3852     0.0864    0.064  weight= 11.44%
2026-05-07 07:28:04,470  INFO  [FeatureSelector/sector_rotation]    5. fcf_yield                             0.2509     0.0809    0.032  weight= 10.72%
2026-05-07 07:28:04,470  INFO  [FeatureSelector/sector_rotation]    6. volatility_60d                        0.4732     0.0729    0.094  weight=  9.66%
2026-05-07 07:28:04,470  INFO  [FeatureSelector/sector_rotation]    7. roic                                  0.5416     0.0716    0.113  weight=  9.49%
2026-05-07 07:28:04,470  INFO  [FeatureSelector/sector_rotation]    8. ev_to_ebitda                          0.2137     0.0716    0.027  weight=  9.49%
2026-05-07 07:28:04,470  INFO  [FeatureSelector/sector_rotation]   Discarded by low combined score (6): price_vs_52w_high, earnings_yield, fcf_margin, net_margin, sector_vs_market_momentum, risk_adjusted_sector_momentum
2026-05-07 07:28:04,473  INFO  [FeatureSelector/sector_rotation] Summary: 14 features → pair_drop=0 → corr_drop=0 → imp_drop=6 → 8 selected (cutoff rule + [6,10])
2026-05-07 07:28:04,480  INFO  [SectorRotationAgent] 450 sector obs | 366 outperform / 84 underperform sectors | 8 features
2026-05-07 07:28:05,954  INFO  [SectorRotationAgent] CV AUC=0.6432 ± 0.0648
2026-05-07 07:28:06,737  INFO  [SectorRotationAgent] Sector scores:
2026-05-07 07:28:06,737  INFO      Health Care                     score=0.983
2026-05-07 07:28:06,737  INFO      Hotels, Restaurants & Leisure   score=0.981
2026-05-07 07:28:06,737  INFO      Healthcare                      score=0.981
2026-05-07 07:28:06,737  INFO      Financials                      score=0.978
2026-05-07 07:28:06,737  INFO      Industrial Conglomerates        score=0.978
2026-05-07 07:28:06,737  INFO      Construction                    score=0.976
2026-05-07 07:28:06,737  INFO      Auto Components                 score=0.976
2026-05-07 07:28:06,737  INFO      Tobacco                         score=0.975
2026-05-07 07:28:06,737  INFO      Electrical Equipment            score=0.974
2026-05-07 07:28:06,737  INFO      Technology                      score=0.974
2026-05-07 07:28:06,737  INFO      Consumer Staples                score=0.974
2026-05-07 07:28:06,737  INFO      Consumer Discretionary          score=0.974
2026-05-07 07:28:06,737  INFO      Building                        score=0.974
2026-05-07 07:28:06,737  INFO      Banking                         score=0.972
2026-05-07 07:28:06,737  INFO      Leisure Products                score=0.971
2026-05-07 07:28:06,737  INFO      Professional Services           score=0.970
2026-05-07 07:28:06,745  INFO      Communication Services          score=0.970
2026-05-07 07:28:06,745  INFO      Machinery                       score=0.969
2026-05-07 07:28:06,745  INFO      Packaging                       score=0.969
2026-05-07 07:28:06,745  INFO      Industrials                     score=0.968
2026-05-07 07:28:06,746  INFO      Trading Companies & Distributors  score=0.966
2026-05-07 07:28:06,746  INFO      Textiles, Apparel & Luxury Goods  score=0.964
2026-05-07 07:28:06,747  INFO      Consumer products               score=0.962
2026-05-07 07:28:06,747  INFO      Materials                       score=0.961
2026-05-07 07:28:06,748  INFO      Communications                  score=0.956
2026-05-07 07:28:06,748  INFO      Metals & Mining                 score=0.955
2026-05-07 07:28:06,749  INFO      Life Sciences Tools & Services  score=0.953
2026-05-07 07:28:06,749  INFO      Real Estate                     score=0.948
2026-05-07 07:28:06,749  INFO      Energy                          score=0.940
2026-05-07 07:28:06,749  INFO      Distributors                    score=0.929
2026-05-07 07:28:06,749  INFO      Utilities                       score=0.907
2026-05-07 07:28:06,749  INFO      Airlines                        score=0.892
2026-05-07 07:28:06,749  INFO      Road & Rail                     score=0.871
2026-05-07 07:28:06,749  INFO      Commercial Services & Supplies  score=0.858
2026-05-07 07:28:06,749  INFO      Telecommunication               score=0.761
2026-05-07 07:28:06,781  INFO  [SectorRotationAgent] Building sector dataset — 11935 ticker obs
2026-05-07 07:28:15,704  INFO  [FeatureSelector/sector_rotation] Step 1 — correlation >85%: removed 0 / 14 features
2026-05-07 07:28:16,115  INFO  [FeatureSelector/sector_rotation] Step 2 — combined score (w_relevance=0.65, w_importance=0.35)
2026-05-07 07:28:16,115  INFO  [FeatureSelector/sector_rotation] Step 3 — importance cutoff: top=0.1338, cutoff=0.40 (value=0.0535), min_keep=6, max_keep=10
2026-05-07 07:28:16,115  INFO  [FeatureSelector/sector_rotation]   Feature                               Combined     Imp_RF     pb_y
2026-05-07 07:28:16,115  INFO  [FeatureSelector/sector_rotation]   ----------------------------------- ---------- ---------- --------
2026-05-07 07:28:16,115  INFO  [FeatureSelector/sector_rotation]    1. momentum_3m                           1.0000     0.1338    0.108  weight= 15.06%
2026-05-07 07:28:16,115  INFO  [FeatureSelector/sector_rotation]    2. revenue_yoy_growth                    0.7861     0.1203    0.079  weight= 13.55%
2026-05-07 07:28:16,115  INFO  [FeatureSelector/sector_rotation]    3. earnings_yield                        0.6495     0.1075    0.062  weight= 12.10%
2026-05-07 07:28:16,125  INFO  [FeatureSelector/sector_rotation]    4. momentum_6m                           0.6819     0.0936    0.073  weight= 10.54%
2026-05-07 07:28:16,125  INFO  [FeatureSelector/sector_rotation]    5. pe_vs_5y_median                       0.3375     0.0852    0.021  weight=  9.59%
2026-05-07 07:28:16,125  INFO  [FeatureSelector/sector_rotation]    6. roic                                  0.3455     0.0747    0.027  weight=  8.41%
2026-05-07 07:28:16,125  INFO  [FeatureSelector/sector_rotation]    7. fcf_yield                             0.3462     0.0734    0.028  weight=  8.26%
2026-05-07 07:28:16,125  INFO  [FeatureSelector/sector_rotation]    8. net_margin                            0.3565     0.0720    0.030  weight=  8.11%
2026-05-07 07:28:16,125  INFO  [FeatureSelector/sector_rotation]    9. price_vs_52w_high                     0.5893     0.0641    0.071  weight=  7.21%
2026-05-07 07:28:16,125  INFO  [FeatureSelector/sector_rotation]   10. volatility_60d                        0.1664     0.0636    0.003  weight=  7.16%
2026-05-07 07:28:16,125  INFO  [FeatureSelector/sector_rotation]   Discarded by low combined score (4): ev_to_ebitda, fcf_margin, sector_vs_market_momentum, risk_adjusted_sector_momentum
2026-05-07 07:28:16,129  INFO  [FeatureSelector/sector_rotation] Summary: 14 features → pair_drop=0 → corr_drop=0 → imp_drop=4 → 10 selected (cutoff rule + [6,10])
2026-05-07 07:28:16,136  INFO  [SectorRotationAgent] 930 sector obs | 680 outperform / 250 underperform sectors | 10 features
2026-05-07 07:28:18,600  INFO  [SectorRotationAgent] CV AUC=0.5359 ± 0.0367
2026-05-07 07:28:20,061  INFO  [SectorRotationAgent] Sector scores:
2026-05-07 07:28:20,062  INFO      Auto Components                 score=0.893
2026-05-07 07:28:20,062  INFO      Industrial Conglomerates        score=0.892
2026-05-07 07:28:20,062  INFO      Leisure Products                score=0.887
2026-05-07 07:28:20,062  INFO      Industrials                     score=0.859
2026-05-07 07:28:20,062  INFO      Health Care                     score=0.852
2026-05-07 07:28:20,062  INFO      Electrical Equipment            score=0.849
2026-05-07 07:28:20,062  INFO      Building                        score=0.849
2026-05-07 07:28:20,062  INFO      Healthcare                      score=0.842
2026-05-07 07:28:20,062  INFO      Consumer Staples                score=0.842
2026-05-07 07:28:20,062  INFO      Consumer Discretionary          score=0.837
2026-05-07 07:28:20,062  INFO      Hotels, Restaurants & Leisure   score=0.833
2026-05-07 07:28:20,062  INFO      Professional Services           score=0.831
2026-05-07 07:28:20,062  INFO      Technology                      score=0.789
2026-05-07 07:28:20,062  INFO      Tobacco                         score=0.787
2026-05-07 07:28:20,062  INFO      Machinery                       score=0.756
2026-05-07 07:28:20,068  INFO      Financials                      score=0.753
2026-05-07 07:28:20,068  INFO      Utilities                       score=0.751
2026-05-07 07:28:20,069  INFO      Distributors                    score=0.748
2026-05-07 07:28:20,069  INFO      Real Estate                     score=0.744
2026-05-07 07:28:20,069  INFO      Communication Services          score=0.728
2026-05-07 07:28:20,069  INFO      Communications                  score=0.726
2026-05-07 07:28:20,070  INFO      Energy                          score=0.718
2026-05-07 07:28:20,070  INFO      Commercial Services & Supplies  score=0.700
2026-05-07 07:28:20,070  INFO      Trading Companies & Distributors  score=0.699
2026-05-07 07:28:20,070  INFO      Packaging                       score=0.692
2026-05-07 07:28:20,070  INFO      Consumer products               score=0.679
2026-05-07 07:28:20,070  INFO      Textiles, Apparel & Luxury Goods  score=0.677
2026-05-07 07:28:20,072  INFO      Telecommunication               score=0.672
2026-05-07 07:28:20,072  INFO      Materials                       score=0.662
2026-05-07 07:28:20,072  INFO      Life Sciences Tools & Services  score=0.608
2026-05-07 07:28:20,072  INFO      Road & Rail                     score=0.603
2026-05-07 07:28:20,072  INFO      Airlines                        score=0.600
2026-05-07 07:28:20,072  INFO      Banking                         score=0.560
2026-05-07 07:28:20,074  INFO      Metals & Mining                 score=0.508
2026-05-07 07:28:20,074  INFO      Construction                    score=0.382
2026-05-07 07:28:20,167  INFO  [OOF/bear_risk] n=18480 | min=0.2881 q10=0.4101 q25=0.4521 mean=0.4778 q50=0.5000 q75=0.5000 q90=0.5192 max=0.6851
2026-05-07 07:28:20,167  INFO  [OOF/bear_risk] cobertura umbral: >=0.50=51.4% | >=0.55=3.1% | >=0.60=0.4%
2026-05-07 07:28:20,176  INFO  [OOF/bear_safety] n=18480 | min=0.3149 q10=0.4808 q25=0.5000 mean=0.5222 q50=0.5000 q75=0.5479 q90=0.5899 max=0.7119
2026-05-07 07:28:20,177  INFO  [OOF/bear_safety] cobertura umbral: >=0.50=82.0% | >=0.55=24.1% | >=0.60=7.6%
2026-05-07 07:28:20,185  INFO  [OOF/sector_score] n=18480 | min=0.3816 q10=0.5000 q25=0.5000 mean=0.7378 q50=0.7526 q75=0.9527 q90=0.9743 max=0.9828
2026-05-07 07:28:20,186  INFO  [OOF/sector_score] cobertura umbral: >=0.50=99.7% | >=0.55=66.1% | >=0.60=64.9%
2026-05-07 07:28:20,213  INFO  [NeutralPenalty] bear_score: penalized 6160 neutral scores 0.500 -> 0.250
2026-05-07 07:28:21,432  INFO  [AgentTemporal] Fold T05_20230215 validation -> agent_temporal_validation.csv
2026-05-07 07:28:21,432  INFO  [AgentTemporal] bear mult=0.949 rel=0.443 up=44.27% tp=44.27% trend=+0.0004 q=48
2026-05-07 07:28:21,434  INFO  [AgentTemporal] fundamental mult=0.943 rel=0.436 up=43.64% tp=43.64% trend=-0.0001 q=48
2026-05-07 07:28:21,434  INFO  [AgentTemporal] momentum mult=0.973 rel=0.470 up=46.98% tp=46.98% trend=+0.0009 q=48
2026-05-07 07:28:21,434  INFO  [AgentTemporal] valuation mult=0.973 rel=0.470 up=47.00% tp=47.00% trend=+0.0010 q=48
2026-05-07 07:28:21,500  INFO  [Diversity] bear_score multiplier=0.741
2026-05-07 07:28:21,501  INFO  [Diversity] fundamental_score multiplier=0.777
2026-05-07 07:28:21,501  INFO  [Diversity] momentum_score multiplier=0.750
2026-05-07 07:28:21,501  INFO  [Diversity] sector_score multiplier=0.755
2026-05-07 07:28:21,502  INFO  [Diversity] valuation_score multiplier=0.751
2026-05-07 07:28:22,089  INFO  [RuleQuality] bear multiplier=0.000
2026-05-07 07:28:22,089  INFO  [RuleQuality] fundamental multiplier=0.278
2026-05-07 07:28:22,089  INFO  [RuleQuality] momentum multiplier=0.000
2026-05-07 07:28:22,089  INFO  [RuleQuality] valuation multiplier=0.279
2026-05-07 07:28:22,181  INFO  [Dispersion] SCORE_DISPERSION_MIN_STD=0.0500
2026-05-07 07:28:22,181  INFO  [Dispersion] SCORE_DISPERSION_MIN_SCALE=0.3500
2026-05-07 07:28:22,181  INFO  [Dispersion] fundamental_score: std=0.106200 -> scale=1.0000 (sin shrink)
2026-05-07 07:28:22,181  INFO  [Dispersion] valuation_score: std=0.102085 -> scale=1.0000 (sin shrink)
2026-05-07 07:28:22,191  INFO  [Dispersion] momentum_score: std=0.104106 -> scale=1.0000 (sin shrink)
2026-05-07 07:28:22,191  INFO  [Dispersion] bear_score: std=0.098719 -> scale=1.0000 (sin shrink)
2026-05-07 07:28:22,191  INFO  [Dispersion] sector_score: std=0.147412 -> scale=1.0000 (sin shrink)
2026-05-07 07:28:22,191  INFO  [Fold T05_20230215] 2/3 — Entrenando MetaLearner sobre scores OOF (anti-leakage)...
2026-05-07 07:28:28,912  INFO  [alpha_meta_learner] Diagnostics → diagnostics_T05_20230215.json
2026-05-07 07:28:28,912  INFO  [Fold T05_20230215] 3/3 — Generando predicciones sobre el quarter de test (385 tickers)...
2026-05-07 07:28:34,503  INFO  [AgentScore/fundamental] n=385 | min=0.2498 q10=0.3498 q25=0.3892 mean=0.4356 q50=0.4345 q75=0.4821 q90=0.5207 max=0.6493
2026-05-07 07:28:34,503  INFO  [AgentScore/fundamental] cobertura umbral: >=0.50=15.3% | >=0.55=4.9% | >=0.60=1.0%
2026-05-07 07:28:39,023  INFO  [AgentScore/valuation] n=385 | min=0.4029 q10=0.4532 q25=0.4712 mean=0.4926 q50=0.4926 q75=0.5086 q90=0.5266 max=0.7967
2026-05-07 07:28:39,023  INFO  [AgentScore/valuation] cobertura umbral: >=0.50=38.4% | >=0.55=3.1% | >=0.60=1.0%
2026-05-07 07:28:43,503  INFO  [AgentScore/momentum] n=385 | min=0.4083 q10=0.4516 q25=0.4638 mean=0.4849 q50=0.4770 q75=0.4962 q90=0.5337 max=0.6293
2026-05-07 07:28:43,503  INFO  [AgentScore/momentum] cobertura umbral: >=0.50=23.9% | >=0.55=4.9% | >=0.60=0.5%
2026-05-07 07:28:48,803  INFO  [AgentScore/bear/risk] n=385 | min=0.3380 q10=0.4004 q25=0.4196 mean=0.4454 q50=0.4435 q75=0.4630 q90=0.4945 max=0.9730
2026-05-07 07:28:48,808  INFO  [AgentScore/bear/risk] cobertura umbral: >=0.50=7.0% | >=0.55=0.8% | >=0.60=0.3%
2026-05-07 07:28:48,815  INFO  [AgentScore/bear/safety] n=385 | min=0.0270 q10=0.5055 q25=0.5370 mean=0.5546 q50=0.5565 q75=0.5804 q90=0.5996 max=0.6620
2026-05-07 07:28:48,816  INFO  [AgentScore/bear/safety] cobertura umbral: >=0.50=93.0% | >=0.55=59.2% | >=0.60=9.4%
2026-05-07 07:28:48,820  INFO  [AgentScore/ensemble_mean_pre_meta] n=385 | min=0.3934 q10=0.4554 q25=0.4744 mean=0.4919 q50=0.4916 q75=0.5094 q90=0.5275 max=0.5803
2026-05-07 07:28:48,820  INFO  [AgentScore/ensemble_mean_pre_meta] cobertura umbral: >=0.50=38.7% | >=0.55=2.9% | >=0.60=0.0%
2026-05-07 07:28:48,915  INFO  [SectorRotationAgent] Sector scores:
2026-05-07 07:28:48,915  INFO      Industrial Conglomerates        score=0.869
2026-05-07 07:28:48,915  INFO      Healthcare                      score=0.838
2026-05-07 07:28:48,915  INFO      Health Care                     score=0.830
2026-05-07 07:28:48,915  INFO      Energy                          score=0.801
2026-05-07 07:28:48,915  INFO      Telecommunication               score=0.789
2026-05-07 07:28:48,915  INFO      Building                        score=0.776
2026-05-07 07:28:48,915  INFO      Communication Services          score=0.771
2026-05-07 07:28:48,915  INFO      Consumer products               score=0.744
2026-05-07 07:28:48,915  INFO      Professional Services           score=0.721
2026-05-07 07:28:48,915  INFO      Financials                      score=0.711
2026-05-07 07:28:48,915  INFO      Trading Companies & Distributors  score=0.706
2026-05-07 07:28:48,915  INFO      Electrical Equipment            score=0.697
2026-05-07 07:28:48,925  INFO      Construction                    score=0.688
2026-05-07 07:28:48,925  INFO      Communications                  score=0.676
2026-05-07 07:28:48,925  INFO      Industrials                     score=0.675
2026-05-07 07:28:48,925  INFO      Airlines                        score=0.672
2026-05-07 07:28:48,927  INFO      Textiles, Apparel & Luxury Goods  score=0.661
2026-05-07 07:28:48,927  INFO      Consumer Discretionary          score=0.651
2026-05-07 07:28:48,928  INFO      Leisure Products                score=0.648
2026-05-07 07:28:48,928  INFO      Life Sciences Tools & Services  score=0.625
2026-05-07 07:28:48,928  INFO      Technology                      score=0.615
2026-05-07 07:28:48,929  INFO      Machinery                       score=0.614
2026-05-07 07:28:48,929  INFO      Tobacco                         score=0.603
2026-05-07 07:28:48,930  INFO      Packaging                       score=0.575
2026-05-07 07:28:48,930  INFO      Banking                         score=0.573
2026-05-07 07:28:48,930  INFO      Metals & Mining                 score=0.571
2026-05-07 07:28:48,931  INFO      Consumer Staples                score=0.566
2026-05-07 07:28:48,931  INFO      Hotels, Restaurants & Leisure   score=0.543
2026-05-07 07:28:48,932  INFO      Commercial Services & Supplies  score=0.524
2026-05-07 07:28:48,932  INFO      Auto Components                 score=0.455
2026-05-07 07:28:48,932  INFO      Road & Rail                     score=0.448
2026-05-07 07:28:48,932  INFO      Utilities                       score=0.385
2026-05-07 07:28:48,932  INFO      Materials                       score=0.342
2026-05-07 07:28:48,932  INFO      Distributors                    score=0.278
2026-05-07 07:28:48,932  INFO      Real Estate                     score=0.129
2026-05-07 07:28:49,331  INFO  [Meta/final_score_pre_sector_adjust] n=385 | min=0.1711 q10=0.2633 q25=0.3528 mean=0.5129 q50=0.5127 q75=0.6738 q90=0.7630 max=0.8555
2026-05-07 07:28:49,331  INFO  [Meta/final_score_pre_sector_adjust] cobertura umbral: >=0.50=51.7% | >=0.55=44.2% | >=0.60=35.6%
2026-05-07 07:28:49,367  INFO  [SectorAdjust] params: SECTOR_CONFIDENCE_PEERS=10, SECTOR_SCORE_PRIOR_BASE=0.500, SECTOR_SCORE_PRIOR_WEIGHT=0.150
2026-05-07 07:28:49,380  INFO  [SectorAdjust/final_score_raw] n=385 | min=0.1711 q10=0.2633 q25=0.3528 mean=0.5129 q50=0.5127 q75=0.6738 q90=0.7630 max=0.8555
2026-05-07 07:28:49,380  INFO  [SectorAdjust/final_score_raw] cobertura umbral: >=0.50=51.7% | >=0.55=44.2% | >=0.60=35.6%
2026-05-07 07:28:49,385  INFO  [SectorAdjust/sector_score] n=385 | min=0.2201 q10=0.3811 q25=0.5501 mean=0.5785 q50=0.5940 q75=0.6596 q90=0.7268 max=0.7787
2026-05-07 07:28:49,386  INFO  [SectorAdjust/sector_score] cobertura umbral: >=0.50=81.3% | >=0.55=76.6% | >=0.60=49.4%
2026-05-07 07:28:49,392  INFO  [SectorAdjust/sector_confidence] n=385 | min=0.3162 q10=0.7071 q25=1.0000 mean=0.9343 q50=1.0000 q75=1.0000 q90=1.0000 max=1.0000
2026-05-07 07:28:49,393  INFO  [SectorAdjust/sector_confidence] cobertura umbral: >=0.50=97.9% | >=0.55=95.6% | >=0.60=95.6%
2026-05-07 07:28:49,399  INFO  [SectorAdjust/sector_tilt] n=385 | min=-0.0420 q10=-0.0138 q25=0.0053 mean=0.0107 q50=0.0130 q75=0.0239 q90=0.0340 max=0.0374
2026-05-07 07:28:49,399  INFO  [SectorAdjust/sector_tilt] cobertura umbral: >=0.50=0.0% | >=0.55=0.0% | >=0.60=0.0%
2026-05-07 07:28:49,406  INFO  [SectorAdjust/final_score_adjusted] n=385 | min=0.1536 q10=0.2571 q25=0.3657 mean=0.5236 q50=0.5243 q75=0.6968 q90=0.7715 max=0.8680
2026-05-07 07:28:49,407  INFO  [SectorAdjust/final_score_adjusted] cobertura umbral: >=0.50=55.1% | >=0.55=47.3% | >=0.60=38.2%
2026-05-07 07:28:49,408  INFO  [RiskDiag] bear_risk>=hard_threshold(0.90): 1/385 (0.3%)
2026-05-07 07:28:49,411  INFO  [Fold T05_20230215] 3/3 — Predicciones listas. Scores en rango [0.154, 0.868]
2026-05-07 07:28:49,460  INFO  [FeatureUsage] Reporte fold T05_20230215 -> feature_usage_report.csv
2026-05-07 07:28:51,215  INFO  [Visualizer] Distribucion scores -> score_distribution_T05_20230215.png
2026-05-07 07:30:03,959  INFO  [Backtester] 2023Q1: 341 tickers superaron umbral 0.00 â†’ selecting target=7, final=7 (min=3, sector_cap=3)
2026-05-07 07:30:04,014  INFO  [Trail] 2023Q1: 18 events → portfolio_trail_2023Q1.csv
2026-05-07 07:30:04,091  INFO  [Backtester] 2023Q1: optimizer=hrp pre-entry trailing window applied
2026-05-07 07:30:04,107  INFO  [Backtester] 2023Q1 â€” cartera final (hrp+cap(0.20), 7 stocks):
2026-05-07 07:30:04,110  INFO      ORLY      peso=0.200  score=0.842  ret=+21.67%
2026-05-07 07:30:04,111  INFO      NVDA      peso=0.074  score=0.785  ret=+219.18%
2026-05-07 07:30:04,115  INFO      NFLX      peso=0.140  score=0.772  ret=+64.20%
2026-05-07 07:30:04,116  INFO      LRCX      peso=0.096  score=0.855  ret=+75.63%
2026-05-07 07:30:04,118  INFO      MU        peso=0.159  score=0.862  ret=+32.00%
2026-05-07 07:30:04,119  INFO      AMZN      peso=0.132  score=0.695  ret=+67.85%
2026-05-07 07:30:04,121  INFO      DHI       peso=0.200  score=0.823  ret=+40.28%
2026-05-07 07:30:04,129  INFO  [Backtester] 2023Q1 â€” 7 stocks | Cartera=+58.48%  Benchmark=+21.27%  Alpha=+37.21%  Sharpe=2.33
2026-05-07 07:30:55,993  WARNING  [T05_20230215] Source audit detected 2692 incidents (diagnostic-only).
2026-05-07 07:30:56,004  WARNING  [T05_20230215] Strict fold leakage detected: 384 rows after as-of.
2026-05-07 07:30:57,223  INFO  [Trail] Exported 13 trailing stop events to trailing_stop_evolution.csv
2026-05-07 07:31:04,345  INFO  [Visualizer] Rendimiento 2023Q1 -> performance.png
2026-05-07 07:31:05,878  INFO  [FoldReport] Fold 2023Q1: scores for 385 tickers saved â†’ scores.csv
2026-05-07 07:31:06,330  INFO  [Visualizer] Feature importances -> feat_imp_fundamental_T05_20230215.png
2026-05-07 07:31:06,771  INFO  [Visualizer] Feature importances -> feat_imp_valuation_T05_20230215.png
2026-05-07 07:31:07,252  INFO  [Visualizer] Feature importances -> feat_imp_momentum_T05_20230215.png
2026-05-07 07:31:07,707  INFO  [Visualizer] Feature importances -> feat_imp_bear_T05_20230215.png
2026-05-07 07:31:07,939  INFO  [Visualizer] Feature importances -> feat_imp_sector_rotation_T05_20230215.png
2026-05-07 07:31:08,269  INFO  [Explainer] Fold 2023Q1: explicaciones de 60 tickers -> ticker_explanations.csv y ticker_explanations.json
2026-05-07 07:31:08,280  INFO  [T06_20240215] SP500 dynamic @entry 2024-02-15: 503 active members
2026-05-07 07:31:08,280  INFO  [T06_20240215] Cambios vs fold previo (2023-02-15 -> 2024-02-15): +19 entran, -19 salen
2026-05-07 07:31:08,281  INFO  [T06_20240215]   Entran (muestra): ABNB, AXON, BG, BLDR, BX, COR, DAY, EG, FI, FICO, HUBB, JBL
2026-05-07 07:31:08,281  INFO  [T06_20240215]   Salen  (muestra): AAP, ABC, ALK, ATVI, CDAY, DISH, DXC, FISV, FRC, LNC, LUMN, NWL
2026-05-07 07:31:08,476  INFO  [T06_20240215] Cobertura test pre-filtro: 560 tickers con snapshot/relleno
2026-05-07 07:31:08,476  INFO  [T06_20240215] Filtro SP500 @entry: 560 -> 483 tickers (excluidos por no ser miembro activo: 77)
2026-05-07 07:31:08,476  INFO  [T06_20240215]   No miembro SP500 @entry (muestra): AAP, AET, AIV, ALK, AMG, APO, APP, ARES, BHF, COIN, COL, COTY
2026-05-07 07:31:08,476  INFO  [T06_20240215]   Miembros SP500 sin snapshot usable en quarter (muestra): ANSS, CMA, CTLT, DAY, DFS, FI, FLT, FOX, HES, IPG, JNPR, K
2026-05-07 07:31:09,002  INFO  [T06_20240215] Universo base fold (SP500 @entry): 503 tickers
2026-05-07 07:31:09,002  INFO  [T06_20240215]   Fuera del universo base @entry (muestra): AAP, AET, AIV, ALK, AMG, AMTM, APO, APP, ARES, BHF, COIN, COL
2026-05-07 07:31:09,002  INFO  [T06_20240215]   Excluidos por historial insuficiente (<144M train): 60 | muestra: ABBV, ABNB, AEP, ALLE, AMCR, ANET, APTV, CARR, CDW, CEG, CFG, CTVA
2026-05-07 07:31:09,002  INFO  [T06_20240215] Intento train=144M -> test elegible 423/503 (84.1%) | min requerido=378
2026-05-07 07:31:09,002  INFO  [T06_20240215] Ventana seleccionada: 144M (2012-02-15 -> 2024-02-15) | tickers elegibles=423
2026-05-07 07:31:09,034  INFO  [T06_20240215] Eligibility audit (12Y) -> ticker_eligibility_audit.csv
2026-05-07 07:31:09,035  INFO  [T06_20240215] Eligibility reason summary -> eligibility_reason_summary.csv
2026-05-07 07:31:09,036  INFO  
============================================================
2026-05-07 07:31:09,036  INFO    ANALYSIS T06_20240215
2026-05-07 07:31:09,036  INFO    Train : 2012-02-15 → 2024-02-15  (~12 years)
2026-05-07 07:31:09,036  INFO    Mode  : anchored-entry schedule
2026-05-07 07:31:09,043  INFO    Test  : snapshot simulado en 2024-02-15 (as-of exacto, sin lag)
2026-05-07 07:31:09,043  INFO  ============================================================
2026-05-07 07:31:09,044  INFO  [T06_20240215] Ventana real de precios: 2024-02-15 -> 2025-02-14 (251 dias)
2026-05-07 07:31:53,038  INFO  [TP/SL] Building adaptive labels for fold: train_rows=20304, test_rows=423, strategies=3
2026-05-07 07:31:53,038  INFO  [TP/SL] Strategy=conservative -> generating train adaptive targets...
2026-05-07 07:31:53,596  INFO  [TP/SL][conservative] Adaptive target pass start: rows=20304, lag_days=0, holding_months=12
2026-05-07 07:34:00,874  INFO  [TP/SL][conservative] progress: 1015/20304 (5.0%) | TP=314 SL=345 NONE=356 | 127.3s elapsed (8.0 rows/s)
2026-05-07 07:36:07,118  INFO  [TP/SL][conservative] progress: 2030/20304 (10.0%) | TP=617 SL=671 NONE=742 | 253.5s elapsed (8.0 rows/s)
2026-05-07 07:38:13,815  INFO  [TP/SL][conservative] progress: 3045/20304 (15.0%) | TP=918 SL=1067 NONE=1060 | 380.2s elapsed (8.0 rows/s)
2026-05-07 07:40:19,387  INFO  [TP/SL][conservative] progress: 4060/20304 (20.0%) | TP=1225 SL=1444 NONE=1391 | 505.8s elapsed (8.0 rows/s)
2026-05-07 07:42:26,059  INFO  [TP/SL][conservative] progress: 5075/20304 (25.0%) | TP=1516 SL=1811 NONE=1748 | 632.5s elapsed (8.0 rows/s)
2026-05-07 07:44:32,450  INFO  [TP/SL][conservative] progress: 6090/20304 (30.0%) | TP=1830 SL=2182 NONE=2078 | 758.9s elapsed (8.0 rows/s)
2026-05-07 07:46:39,333  INFO  [TP/SL][conservative] progress: 7105/20304 (35.0%) | TP=2148 SL=2575 NONE=2382 | 885.7s elapsed (8.0 rows/s)
2026-05-07 07:48:45,382  INFO  [TP/SL][conservative] progress: 8120/20304 (40.0%) | TP=2475 SL=2968 NONE=2677 | 1011.8s elapsed (8.0 rows/s)
2026-05-07 07:50:50,236  INFO  [TP/SL][conservative] progress: 9135/20304 (45.0%) | TP=2749 SL=3356 NONE=3030 | 1136.6s elapsed (8.0 rows/s)
2026-05-07 07:52:57,998  INFO  [TP/SL][conservative] progress: 10150/20304 (50.0%) | TP=3045 SL=3732 NONE=3373 | 1264.4s elapsed (8.0 rows/s)
2026-05-07 07:55:04,311  INFO  [TP/SL][conservative] progress: 11165/20304 (55.0%) | TP=3339 SL=4114 NONE=3712 | 1390.7s elapsed (8.0 rows/s)
2026-05-07 07:57:10,517  INFO  [TP/SL][conservative] progress: 12180/20304 (60.0%) | TP=3630 SL=4469 NONE=4081 | 1516.9s elapsed (8.0 rows/s)
2026-05-07 07:59:16,687  INFO  [TP/SL][conservative] progress: 13195/20304 (65.0%) | TP=3929 SL=4837 NONE=4429 | 1643.1s elapsed (8.0 rows/s)
2026-05-07 08:01:24,125  INFO  [TP/SL][conservative] progress: 14210/20304 (70.0%) | TP=4225 SL=5208 NONE=4777 | 1770.5s elapsed (8.0 rows/s)
2026-05-07 08:03:30,712  INFO  [TP/SL][conservative] progress: 15225/20304 (75.0%) | TP=4516 SL=5575 NONE=5134 | 1897.1s elapsed (8.0 rows/s)
2026-05-07 08:05:39,626  INFO  [TP/SL][conservative] progress: 16240/20304 (80.0%) | TP=4810 SL=5969 NONE=5461 | 2026.0s elapsed (8.0 rows/s)
2026-05-07 08:07:47,116  INFO  [TP/SL][conservative] progress: 17255/20304 (85.0%) | TP=5100 SL=6332 NONE=5823 | 2153.5s elapsed (8.0 rows/s)
2026-05-07 08:09:53,014  INFO  [TP/SL][conservative] progress: 18270/20304 (90.0%) | TP=5392 SL=6707 NONE=6171 | 2279.4s elapsed (8.0 rows/s)
2026-05-07 08:11:59,297  INFO  [TP/SL][conservative] progress: 19285/20304 (95.0%) | TP=5663 SL=7104 NONE=6518 | 2405.7s elapsed (8.0 rows/s)
2026-05-07 08:14:07,421  INFO  [TP/SL][conservative] progress: 20300/20304 (100.0%) | TP=5992 SL=7495 NONE=6813 | 2533.8s elapsed (8.0 rows/s)
2026-05-07 08:14:08,082  INFO  [TP/SL][conservative] progress: 20304/20304 (100.0%) | TP=5995 SL=7496 NONE=6813 | 2534.5s elapsed (8.0 rows/s)
2026-05-07 08:14:08,118  INFO  [TP/SL][conservative] pass complete: rows=20304 | TP=5995 SL=7496 NONE=6813 | 2534.5s total
2026-05-07 08:14:08,125  INFO  [TP/SL] Strategy=conservative -> generating test adaptive targets...
2026-05-07 08:14:08,941  INFO  [TP/SL][conservative] Adaptive target pass start: rows=423, lag_days=0, holding_months=12
2026-05-07 08:14:50,362  INFO  [TP/SL][conservative] progress: 250/423 (59.1%) | TP=112 SL=82 NONE=56 | 41.4s elapsed (6.0 rows/s)
2026-05-07 08:15:18,907  INFO  [TP/SL][conservative] progress: 423/423 (100.0%) | TP=185 SL=135 NONE=103 | 70.0s elapsed (6.0 rows/s)
2026-05-07 08:15:18,907  INFO  [TP/SL][conservative] pass complete: rows=423 | TP=185 SL=135 NONE=103 | 70.0s total
2026-05-07 08:15:18,927  INFO  [TP/SL] Strategy=conservative ready: utility=0.0086, hit_rate=29.53%, train_labels=20304, test_labels=423 [2605.9s]
2026-05-07 08:15:18,929  INFO  [TP/SL] Strategy=balanced -> generating train adaptive targets...
2026-05-07 08:15:19,512  INFO  [TP/SL][balanced] Adaptive target pass start: rows=20304, lag_days=0, holding_months=12
2026-05-07 08:15:43,451  INFO  [TP/SL][balanced] progress: 1015/20304 (5.0%) | TP=239 SL=320 NONE=456 | 23.9s elapsed (42.4 rows/s)
2026-05-07 08:16:06,765  INFO  [TP/SL][balanced] progress: 2030/20304 (10.0%) | TP=459 SL=618 NONE=953 | 47.3s elapsed (43.0 rows/s)
2026-05-07 08:16:30,661  INFO  [TP/SL][balanced] progress: 3045/20304 (15.0%) | TP=678 SL=984 NONE=1383 | 71.2s elapsed (42.8 rows/s)
2026-05-07 08:16:53,156  INFO  [TP/SL][balanced] progress: 4060/20304 (20.0%) | TP=893 SL=1338 NONE=1829 | 93.6s elapsed (43.4 rows/s)
2026-05-07 08:17:16,727  INFO  [TP/SL][balanced] progress: 5075/20304 (25.0%) | TP=1108 SL=1665 NONE=2302 | 117.2s elapsed (43.3 rows/s)
2026-05-07 08:17:39,893  INFO  [TP/SL][balanced] progress: 6090/20304 (30.0%) | TP=1345 SL=1991 NONE=2754 | 140.4s elapsed (43.4 rows/s)
2026-05-07 08:18:03,927  INFO  [TP/SL][balanced] progress: 7105/20304 (35.0%) | TP=1575 SL=2341 NONE=3189 | 164.4s elapsed (43.2 rows/s)
2026-05-07 08:18:27,089  INFO  [TP/SL][balanced] progress: 8120/20304 (40.0%) | TP=1807 SL=2683 NONE=3630 | 187.6s elapsed (43.3 rows/s)
2026-05-07 08:18:49,746  INFO  [TP/SL][balanced] progress: 9135/20304 (45.0%) | TP=1986 SL=3048 NONE=4101 | 210.2s elapsed (43.4 rows/s)
2026-05-07 08:19:13,572  INFO  [TP/SL][balanced] progress: 10150/20304 (50.0%) | TP=2212 SL=3383 NONE=4555 | 234.1s elapsed (43.4 rows/s)
2026-05-07 08:19:36,767  INFO  [TP/SL][balanced] progress: 11165/20304 (55.0%) | TP=2430 SL=3729 NONE=5006 | 257.3s elapsed (43.4 rows/s)
2026-05-07 08:19:59,672  INFO  [TP/SL][balanced] progress: 12180/20304 (60.0%) | TP=2624 SL=4048 NONE=5508 | 280.2s elapsed (43.5 rows/s)
2026-05-07 08:20:22,896  INFO  [TP/SL][balanced] progress: 13195/20304 (65.0%) | TP=2850 SL=4385 NONE=5960 | 303.4s elapsed (43.5 rows/s)
2026-05-07 08:20:46,784  INFO  [TP/SL][balanced] progress: 14210/20304 (70.0%) | TP=3084 SL=4715 NONE=6411 | 327.3s elapsed (43.4 rows/s)
2026-05-07 08:21:10,168  INFO  [TP/SL][balanced] progress: 15225/20304 (75.0%) | TP=3304 SL=5049 NONE=6872 | 350.7s elapsed (43.4 rows/s)
2026-05-07 08:21:34,362  INFO  [TP/SL][balanced] progress: 16240/20304 (80.0%) | TP=3512 SL=5412 NONE=7316 | 374.9s elapsed (43.3 rows/s)
2026-05-07 08:21:58,365  INFO  [TP/SL][balanced] progress: 17255/20304 (85.0%) | TP=3727 SL=5756 NONE=7772 | 398.9s elapsed (43.3 rows/s)
2026-05-07 08:22:21,272  INFO  [TP/SL][balanced] progress: 18270/20304 (90.0%) | TP=3943 SL=6078 NONE=8249 | 421.8s elapsed (43.3 rows/s)
2026-05-07 08:22:44,137  INFO  [TP/SL][balanced] progress: 19285/20304 (95.0%) | TP=4149 SL=6430 NONE=8706 | 444.6s elapsed (43.4 rows/s)
2026-05-07 08:23:07,685  INFO  [TP/SL][balanced] progress: 20300/20304 (100.0%) | TP=4392 SL=6783 NONE=9125 | 468.2s elapsed (43.4 rows/s)
2026-05-07 08:23:07,774  INFO  [TP/SL][balanced] progress: 20304/20304 (100.0%) | TP=4395 SL=6784 NONE=9125 | 468.3s elapsed (43.4 rows/s)
2026-05-07 08:23:07,804  INFO  [TP/SL][balanced] pass complete: rows=20304 | TP=4395 SL=6784 NONE=9125 | 468.3s total
2026-05-07 08:23:07,815  INFO  [TP/SL] Strategy=balanced -> generating test adaptive targets...
2026-05-07 08:23:08,384  INFO  [TP/SL][balanced] Adaptive target pass start: rows=423, lag_days=0, holding_months=12
2026-05-07 08:23:13,915  INFO  [TP/SL][balanced] progress: 250/423 (59.1%) | TP=73 SL=74 NONE=103 | 5.5s elapsed (45.2 rows/s)
2026-05-07 08:23:18,080  INFO  [TP/SL][balanced] progress: 423/423 (100.0%) | TP=128 SL=117 NONE=178 | 9.7s elapsed (43.6 rows/s)
2026-05-07 08:23:18,080  INFO  [TP/SL][balanced] pass complete: rows=423 | TP=128 SL=117 NONE=178 | 9.7s total
2026-05-07 08:23:18,094  INFO  [TP/SL] Strategy=balanced ready: utility=-0.0275, hit_rate=21.65%, train_labels=20304, test_labels=423 [479.2s]
2026-05-07 08:23:18,094  INFO  [TP/SL] Strategy=aggressive -> generating train adaptive targets...
2026-05-07 08:23:18,665  INFO  [TP/SL][aggressive] Adaptive target pass start: rows=20304, lag_days=0, holding_months=12
2026-05-07 08:23:42,352  INFO  [TP/SL][aggressive] progress: 1015/20304 (5.0%) | TP=188 SL=244 NONE=583 | 23.7s elapsed (42.8 rows/s)
2026-05-07 08:24:05,303  INFO  [TP/SL][aggressive] progress: 2030/20304 (10.0%) | TP=369 SL=495 NONE=1166 | 46.6s elapsed (43.5 rows/s)
2026-05-07 08:24:28,817  INFO  [TP/SL][aggressive] progress: 3045/20304 (15.0%) | TP=551 SL=792 NONE=1702 | 70.2s elapsed (43.4 rows/s)
2026-05-07 08:24:51,184  INFO  [TP/SL][aggressive] progress: 4060/20304 (20.0%) | TP=717 SL=1087 NONE=2256 | 92.5s elapsed (43.9 rows/s)
2026-05-07 08:25:14,696  INFO  [TP/SL][aggressive] progress: 5075/20304 (25.0%) | TP=888 SL=1332 NONE=2855 | 116.0s elapsed (43.7 rows/s)
2026-05-07 08:25:37,742  INFO  [TP/SL][aggressive] progress: 6090/20304 (30.0%) | TP=1066 SL=1600 NONE=3424 | 139.1s elapsed (43.8 rows/s)
2026-05-07 08:26:01,231  INFO  [TP/SL][aggressive] progress: 7105/20304 (35.0%) | TP=1248 SL=1873 NONE=3984 | 162.6s elapsed (43.7 rows/s)
2026-05-07 08:26:24,376  INFO  [TP/SL][aggressive] progress: 8120/20304 (40.0%) | TP=1429 SL=2147 NONE=4544 | 185.7s elapsed (43.7 rows/s)
2026-05-07 08:26:46,501  INFO  [TP/SL][aggressive] progress: 9135/20304 (45.0%) | TP=1573 SL=2425 NONE=5137 | 207.8s elapsed (44.0 rows/s)
2026-05-07 08:27:10,297  INFO  [TP/SL][aggressive] progress: 10150/20304 (50.0%) | TP=1751 SL=2705 NONE=5694 | 231.6s elapsed (43.8 rows/s)
2026-05-07 08:27:33,228  INFO  [TP/SL][aggressive] progress: 11165/20304 (55.0%) | TP=1914 SL=2972 NONE=6279 | 254.6s elapsed (43.9 rows/s)
2026-05-07 08:27:55,930  INFO  [TP/SL][aggressive] progress: 12180/20304 (60.0%) | TP=2067 SL=3228 NONE=6885 | 277.3s elapsed (43.9 rows/s)
2026-05-07 08:28:18,664  INFO  [TP/SL][aggressive] progress: 13195/20304 (65.0%) | TP=2259 SL=3501 NONE=7435 | 300.0s elapsed (44.0 rows/s)
2026-05-07 08:28:42,332  INFO  [TP/SL][aggressive] progress: 14210/20304 (70.0%) | TP=2452 SL=3763 NONE=7995 | 323.7s elapsed (43.9 rows/s)
2026-05-07 08:29:05,652  INFO  [TP/SL][aggressive] progress: 15225/20304 (75.0%) | TP=2614 SL=4024 NONE=8587 | 347.0s elapsed (43.9 rows/s)
2026-05-07 08:29:29,586  INFO  [TP/SL][aggressive] progress: 16240/20304 (80.0%) | TP=2774 SL=4304 NONE=9162 | 370.9s elapsed (43.8 rows/s)
2026-05-07 08:29:53,177  INFO  [TP/SL][aggressive] progress: 17255/20304 (85.0%) | TP=2935 SL=4583 NONE=9737 | 394.5s elapsed (43.7 rows/s)
2026-05-07 08:30:15,756  INFO  [TP/SL][aggressive] progress: 18270/20304 (90.0%) | TP=3114 SL=4845 NONE=10311 | 417.1s elapsed (43.8 rows/s)
2026-05-07 08:30:38,529  INFO  [TP/SL][aggressive] progress: 19285/20304 (95.0%) | TP=3287 SL=5135 NONE=10863 | 439.9s elapsed (43.8 rows/s)
2026-05-07 08:31:01,883  INFO  [TP/SL][aggressive] progress: 20300/20304 (100.0%) | TP=3472 SL=5421 NONE=11407 | 463.2s elapsed (43.8 rows/s)
2026-05-07 08:31:01,967  INFO  [TP/SL][aggressive] progress: 20304/20304 (100.0%) | TP=3473 SL=5422 NONE=11409 | 463.3s elapsed (43.8 rows/s)
2026-05-07 08:31:02,001  INFO  [TP/SL][aggressive] pass complete: rows=20304 | TP=3473 SL=5422 NONE=11409 | 463.3s total
2026-05-07 08:31:02,013  INFO  [TP/SL] Strategy=aggressive -> generating test adaptive targets...
2026-05-07 08:31:02,597  INFO  [TP/SL][aggressive] Adaptive target pass start: rows=423, lag_days=0, holding_months=12
2026-05-07 08:31:08,199  INFO  [TP/SL][aggressive] progress: 250/423 (59.1%) | TP=54 SL=48 NONE=148 | 5.6s elapsed (44.6 rows/s)
2026-05-07 08:31:12,174  INFO  [TP/SL][aggressive] progress: 423/423 (100.0%) | TP=95 SL=74 NONE=254 | 9.6s elapsed (44.2 rows/s)
2026-05-07 08:31:12,174  INFO  [TP/SL][aggressive] pass complete: rows=423 | TP=95 SL=74 NONE=254 | 9.6s total
2026-05-07 08:31:12,189  INFO  [TP/SL] Strategy=aggressive ready: utility=-0.0735, hit_rate=17.11%, train_labels=20304, test_labels=423 [474.1s]
2026-05-07 08:31:12,190  INFO  [TP/SL] Strategy=conservative__relax1 -> generating train adaptive targets...
2026-05-07 08:31:13,020  INFO  [TP/SL][conservative__relax1] Adaptive target pass start: rows=20304, lag_days=0, holding_months=12
2026-05-07 08:31:36,549  INFO  [TP/SL][conservative__relax1] progress: 1015/20304 (5.0%) | TP=509 SL=302 NONE=204 | 23.5s elapsed (43.1 rows/s)
2026-05-07 08:31:59,195  INFO  [TP/SL][conservative__relax1] progress: 2030/20304 (10.0%) | TP=1056 SL=585 NONE=389 | 46.2s elapsed (44.0 rows/s)
2026-05-07 08:32:22,369  INFO  [TP/SL][conservative__relax1] progress: 3045/20304 (15.0%) | TP=1528 SL=956 NONE=561 | 69.3s elapsed (43.9 rows/s)
2026-05-07 08:32:44,819  INFO  [TP/SL][conservative__relax1] progress: 4060/20304 (20.0%) | TP=2003 SL=1285 NONE=772 | 91.8s elapsed (44.2 rows/s)
2026-05-07 08:33:08,017  INFO  [TP/SL][conservative__relax1] progress: 5075/20304 (25.0%) | TP=2510 SL=1601 NONE=964 | 115.0s elapsed (44.1 rows/s)
2026-05-07 08:33:30,566  INFO  [TP/SL][conservative__relax1] progress: 6090/20304 (30.0%) | TP=2997 SL=1938 NONE=1155 | 137.5s elapsed (44.3 rows/s)
2026-05-07 08:33:53,949  INFO  [TP/SL][conservative__relax1] progress: 7105/20304 (35.0%) | TP=3481 SL=2289 NONE=1335 | 160.9s elapsed (44.1 rows/s)
2026-05-07 08:34:16,725  INFO  [TP/SL][conservative__relax1] progress: 8120/20304 (40.0%) | TP=3959 SL=2670 NONE=1491 | 183.7s elapsed (44.2 rows/s)
2026-05-07 08:34:39,008  INFO  [TP/SL][conservative__relax1] progress: 9135/20304 (45.0%) | TP=4450 SL=3013 NONE=1672 | 206.0s elapsed (44.3 rows/s)
2026-05-07 08:35:02,554  INFO  [TP/SL][conservative__relax1] progress: 10150/20304 (50.0%) | TP=4956 SL=3359 NONE=1835 | 229.5s elapsed (44.2 rows/s)
2026-05-07 08:35:25,302  INFO  [TP/SL][conservative__relax1] progress: 11165/20304 (55.0%) | TP=5416 SL=3689 NONE=2060 | 252.3s elapsed (44.3 rows/s)
2026-05-07 08:35:47,547  INFO  [TP/SL][conservative__relax1] progress: 12180/20304 (60.0%) | TP=5937 SL=3988 NONE=2255 | 274.5s elapsed (44.4 rows/s)
2026-05-07 08:36:10,100  INFO  [TP/SL][conservative__relax1] progress: 13195/20304 (65.0%) | TP=6465 SL=4312 NONE=2418 | 297.1s elapsed (44.4 rows/s)
2026-05-07 08:36:33,474  INFO  [TP/SL][conservative__relax1] progress: 14210/20304 (70.0%) | TP=6989 SL=4648 NONE=2573 | 320.5s elapsed (44.3 rows/s)
2026-05-07 08:36:56,532  INFO  [TP/SL][conservative__relax1] progress: 15225/20304 (75.0%) | TP=7446 SL=4968 NONE=2811 | 343.5s elapsed (44.3 rows/s)
2026-05-07 08:37:20,435  INFO  [TP/SL][conservative__relax1] progress: 16240/20304 (80.0%) | TP=7962 SL=5303 NONE=2975 | 367.4s elapsed (44.2 rows/s)
2026-05-07 08:37:43,776  INFO  [TP/SL][conservative__relax1] progress: 17255/20304 (85.0%) | TP=8458 SL=5623 NONE=3174 | 390.8s elapsed (44.2 rows/s)
2026-05-07 08:38:06,265  INFO  [TP/SL][conservative__relax1] progress: 18270/20304 (90.0%) | TP=8966 SL=5959 NONE=3345 | 413.2s elapsed (44.2 rows/s)
2026-05-07 08:38:28,735  INFO  [TP/SL][conservative__relax1] progress: 19285/20304 (95.0%) | TP=9469 SL=6305 NONE=3511 | 435.7s elapsed (44.3 rows/s)
2026-05-07 08:38:51,761  INFO  [TP/SL][conservative__relax1] progress: 20300/20304 (100.0%) | TP=9937 SL=6649 NONE=3714 | 458.7s elapsed (44.3 rows/s)
2026-05-07 08:38:51,855  INFO  [TP/SL][conservative__relax1] progress: 20304/20304 (100.0%) | TP=9940 SL=6650 NONE=3714 | 458.8s elapsed (44.3 rows/s)
2026-05-07 08:38:51,890  INFO  [TP/SL][conservative__relax1] pass complete: rows=20304 | TP=9940 SL=6650 NONE=3714 | 458.9s total
2026-05-07 08:38:51,898  INFO  [TP/SL] Strategy=conservative__relax1 -> generating test adaptive targets...
2026-05-07 08:38:52,467  INFO  [TP/SL][conservative__relax1] Adaptive target pass start: rows=423, lag_days=0, holding_months=12
2026-05-07 08:38:58,253  INFO  [TP/SL][conservative__relax1] progress: 250/423 (59.1%) | TP=150 SL=73 NONE=27 | 5.8s elapsed (43.2 rows/s)
2026-05-07 08:39:02,212  INFO  [TP/SL][conservative__relax1] progress: 423/423 (100.0%) | TP=252 SL=118 NONE=53 | 9.8s elapsed (43.4 rows/s)
2026-05-07 08:39:02,223  INFO  [TP/SL][conservative__relax1] pass complete: rows=423 | TP=252 SL=118 NONE=53 | 9.8s total
2026-05-07 08:39:02,233  INFO  [TP/SL] Strategy=conservative__relax1 ready: utility=0.0195, hit_rate=48.96%, train_labels=20304, test_labels=423 [470.0s]
2026-05-07 08:39:02,234  INFO  [TP/SL] Strategy=conservative__relax2 -> generating train adaptive targets...
2026-05-07 08:39:02,809  INFO  [TP/SL][conservative__relax2] Adaptive target pass start: rows=20304, lag_days=0, holding_months=12
2026-05-07 08:39:26,552  INFO  [TP/SL][conservative__relax2] progress: 1015/20304 (5.0%) | TP=509 SL=302 NONE=204 | 23.7s elapsed (42.7 rows/s)
2026-05-07 08:39:49,466  INFO  [TP/SL][conservative__relax2] progress: 2030/20304 (10.0%) | TP=1056 SL=585 NONE=389 | 46.7s elapsed (43.5 rows/s)
2026-05-07 08:40:12,681  INFO  [TP/SL][conservative__relax2] progress: 3045/20304 (15.0%) | TP=1528 SL=956 NONE=561 | 69.9s elapsed (43.6 rows/s)
2026-05-07 08:40:35,137  INFO  [TP/SL][conservative__relax2] progress: 4060/20304 (20.0%) | TP=2003 SL=1285 NONE=772 | 92.3s elapsed (44.0 rows/s)
2026-05-07 08:40:58,348  INFO  [TP/SL][conservative__relax2] progress: 5075/20304 (25.0%) | TP=2510 SL=1601 NONE=964 | 115.5s elapsed (43.9 rows/s)
2026-05-07 08:41:21,352  INFO  [TP/SL][conservative__relax2] progress: 6090/20304 (30.0%) | TP=2997 SL=1938 NONE=1155 | 138.5s elapsed (44.0 rows/s)
2026-05-07 08:41:44,859  INFO  [TP/SL][conservative__relax2] progress: 7105/20304 (35.0%) | TP=3481 SL=2289 NONE=1335 | 162.1s elapsed (43.8 rows/s)
2026-05-07 08:42:07,802  INFO  [TP/SL][conservative__relax2] progress: 8120/20304 (40.0%) | TP=3959 SL=2670 NONE=1491 | 185.0s elapsed (43.9 rows/s)
2026-05-07 08:42:29,862  INFO  [TP/SL][conservative__relax2] progress: 9135/20304 (45.0%) | TP=4450 SL=3013 NONE=1672 | 207.1s elapsed (44.1 rows/s)
2026-05-07 08:42:53,415  INFO  [TP/SL][conservative__relax2] progress: 10150/20304 (50.0%) | TP=4956 SL=3359 NONE=1835 | 230.6s elapsed (44.0 rows/s)
2026-05-07 08:43:16,323  INFO  [TP/SL][conservative__relax2] progress: 11165/20304 (55.0%) | TP=5416 SL=3689 NONE=2060 | 253.5s elapsed (44.0 rows/s)
2026-05-07 08:43:38,712  INFO  [TP/SL][conservative__relax2] progress: 12180/20304 (60.0%) | TP=5937 SL=3988 NONE=2255 | 275.9s elapsed (44.1 rows/s)
2026-05-07 08:44:01,457  INFO  [TP/SL][conservative__relax2] progress: 13195/20304 (65.0%) | TP=6465 SL=4312 NONE=2418 | 298.6s elapsed (44.2 rows/s)
2026-05-07 08:44:25,007  INFO  [TP/SL][conservative__relax2] progress: 14210/20304 (70.0%) | TP=6989 SL=4648 NONE=2573 | 322.2s elapsed (44.1 rows/s)
2026-05-07 08:44:47,950  INFO  [TP/SL][conservative__relax2] progress: 15225/20304 (75.0%) | TP=7446 SL=4968 NONE=2811 | 345.1s elapsed (44.1 rows/s)
2026-05-07 08:45:11,722  INFO  [TP/SL][conservative__relax2] progress: 16240/20304 (80.0%) | TP=7962 SL=5303 NONE=2975 | 368.9s elapsed (44.0 rows/s)
2026-05-07 08:45:35,414  INFO  [TP/SL][conservative__relax2] progress: 17255/20304 (85.0%) | TP=8458 SL=5623 NONE=3174 | 392.6s elapsed (43.9 rows/s)
2026-05-07 08:45:57,845  INFO  [TP/SL][conservative__relax2] progress: 18270/20304 (90.0%) | TP=8966 SL=5959 NONE=3345 | 415.0s elapsed (44.0 rows/s)
2026-05-07 08:46:20,533  INFO  [TP/SL][conservative__relax2] progress: 19285/20304 (95.0%) | TP=9469 SL=6305 NONE=3511 | 437.7s elapsed (44.1 rows/s)
2026-05-07 08:46:43,508  INFO  [TP/SL][conservative__relax2] progress: 20300/20304 (100.0%) | TP=9937 SL=6649 NONE=3714 | 460.7s elapsed (44.1 rows/s)
2026-05-07 08:46:43,595  INFO  [TP/SL][conservative__relax2] progress: 20304/20304 (100.0%) | TP=9940 SL=6650 NONE=3714 | 460.8s elapsed (44.1 rows/s)
2026-05-07 08:46:43,624  INFO  [TP/SL][conservative__relax2] pass complete: rows=20304 | TP=9940 SL=6650 NONE=3714 | 460.8s total
2026-05-07 08:46:43,624  INFO  [TP/SL] Strategy=conservative__relax2 -> generating test adaptive targets...
2026-05-07 08:46:44,205  INFO  [TP/SL][conservative__relax2] Adaptive target pass start: rows=423, lag_days=0, holding_months=12
2026-05-07 08:46:50,071  INFO  [TP/SL][conservative__relax2] progress: 250/423 (59.1%) | TP=150 SL=73 NONE=27 | 5.9s elapsed (42.6 rows/s)
2026-05-07 08:46:54,049  INFO  [TP/SL][conservative__relax2] progress: 423/423 (100.0%) | TP=252 SL=118 NONE=53 | 9.8s elapsed (42.9 rows/s)
2026-05-07 08:46:54,049  INFO  [TP/SL][conservative__relax2] pass complete: rows=423 | TP=252 SL=118 NONE=53 | 9.9s total
2026-05-07 08:46:54,059  INFO  [TP/SL] Strategy=conservative__relax2 ready: utility=0.0195, hit_rate=48.96%, train_labels=20304, test_labels=423 [471.8s]
2026-05-07 08:46:54,059  INFO  [TP/SL] Strategy=balanced__relax1 -> generating train adaptive targets...
2026-05-07 08:46:54,649  INFO  [TP/SL][balanced__relax1] Adaptive target pass start: rows=20304, lag_days=0, holding_months=12
2026-05-07 08:47:18,341  INFO  [TP/SL][balanced__relax1] progress: 1015/20304 (5.0%) | TP=509 SL=302 NONE=204 | 23.7s elapsed (42.8 rows/s)
2026-05-07 08:47:41,120  INFO  [TP/SL][balanced__relax1] progress: 2030/20304 (10.0%) | TP=1056 SL=585 NONE=389 | 46.5s elapsed (43.7 rows/s)
2026-05-07 08:48:04,520  INFO  [TP/SL][balanced__relax1] progress: 3045/20304 (15.0%) | TP=1528 SL=956 NONE=561 | 69.9s elapsed (43.6 rows/s)
2026-05-07 08:48:26,863  INFO  [TP/SL][balanced__relax1] progress: 4060/20304 (20.0%) | TP=2003 SL=1285 NONE=772 | 92.2s elapsed (44.0 rows/s)
2026-05-07 08:48:50,308  INFO  [TP/SL][balanced__relax1] progress: 5075/20304 (25.0%) | TP=2510 SL=1601 NONE=964 | 115.7s elapsed (43.9 rows/s)
2026-05-07 08:49:13,122  INFO  [TP/SL][balanced__relax1] progress: 6090/20304 (30.0%) | TP=2997 SL=1938 NONE=1155 | 138.5s elapsed (44.0 rows/s)
2026-05-07 08:49:36,752  INFO  [TP/SL][balanced__relax1] progress: 7105/20304 (35.0%) | TP=3481 SL=2289 NONE=1335 | 162.1s elapsed (43.8 rows/s)
2026-05-07 08:49:59,684  INFO  [TP/SL][balanced__relax1] progress: 8120/20304 (40.0%) | TP=3959 SL=2670 NONE=1491 | 185.0s elapsed (43.9 rows/s)
2026-05-07 08:50:21,844  INFO  [TP/SL][balanced__relax1] progress: 9135/20304 (45.0%) | TP=4450 SL=3013 NONE=1672 | 207.2s elapsed (44.1 rows/s)
2026-05-07 08:50:45,513  INFO  [TP/SL][balanced__relax1] progress: 10150/20304 (50.0%) | TP=4956 SL=3359 NONE=1835 | 230.9s elapsed (44.0 rows/s)
2026-05-07 08:51:08,153  INFO  [TP/SL][balanced__relax1] progress: 11165/20304 (55.0%) | TP=5416 SL=3689 NONE=2060 | 253.5s elapsed (44.0 rows/s)
2026-05-07 08:51:30,800  INFO  [TP/SL][balanced__relax1] progress: 12180/20304 (60.0%) | TP=5937 SL=3988 NONE=2255 | 276.2s elapsed (44.1 rows/s)
2026-05-07 08:51:53,510  INFO  [TP/SL][balanced__relax1] progress: 13195/20304 (65.0%) | TP=6465 SL=4312 NONE=2418 | 298.9s elapsed (44.2 rows/s)
2026-05-07 08:52:16,955  INFO  [TP/SL][balanced__relax1] progress: 14210/20304 (70.0%) | TP=6989 SL=4648 NONE=2573 | 322.3s elapsed (44.1 rows/s)
2026-05-07 08:52:40,197  INFO  [TP/SL][balanced__relax1] progress: 15225/20304 (75.0%) | TP=7446 SL=4968 NONE=2811 | 345.5s elapsed (44.1 rows/s)
2026-05-07 08:53:03,979  INFO  [TP/SL][balanced__relax1] progress: 16240/20304 (80.0%) | TP=7962 SL=5303 NONE=2975 | 369.3s elapsed (44.0 rows/s)
2026-05-07 08:53:27,575  INFO  [TP/SL][balanced__relax1] progress: 17255/20304 (85.0%) | TP=8458 SL=5623 NONE=3174 | 392.9s elapsed (43.9 rows/s)
2026-05-07 08:53:49,952  INFO  [TP/SL][balanced__relax1] progress: 18270/20304 (90.0%) | TP=8966 SL=5959 NONE=3345 | 415.3s elapsed (44.0 rows/s)
2026-05-07 08:54:12,717  INFO  [TP/SL][balanced__relax1] progress: 19285/20304 (95.0%) | TP=9469 SL=6305 NONE=3511 | 438.1s elapsed (44.0 rows/s)
2026-05-07 08:54:35,839  INFO  [TP/SL][balanced__relax1] progress: 20300/20304 (100.0%) | TP=9937 SL=6649 NONE=3714 | 461.2s elapsed (44.0 rows/s)
2026-05-07 08:54:35,931  INFO  [TP/SL][balanced__relax1] progress: 20304/20304 (100.0%) | TP=9940 SL=6650 NONE=3714 | 461.3s elapsed (44.0 rows/s)
2026-05-07 08:54:35,955  INFO  [TP/SL][balanced__relax1] pass complete: rows=20304 | TP=9940 SL=6650 NONE=3714 | 461.3s total
2026-05-07 08:54:35,970  INFO  [TP/SL] Strategy=balanced__relax1 -> generating test adaptive targets...
2026-05-07 08:54:36,538  INFO  [TP/SL][balanced__relax1] Adaptive target pass start: rows=423, lag_days=0, holding_months=12
2026-05-07 08:54:42,361  INFO  [TP/SL][balanced__relax1] progress: 250/423 (59.1%) | TP=150 SL=73 NONE=27 | 5.8s elapsed (42.9 rows/s)
2026-05-07 08:54:46,326  INFO  [TP/SL][balanced__relax1] progress: 423/423 (100.0%) | TP=252 SL=118 NONE=53 | 9.8s elapsed (43.2 rows/s)
2026-05-07 08:54:46,326  INFO  [TP/SL][balanced__relax1] pass complete: rows=423 | TP=252 SL=118 NONE=53 | 9.8s total
2026-05-07 08:54:46,340  INFO  [TP/SL] Strategy=balanced__relax1 ready: utility=0.0195, hit_rate=48.96%, train_labels=20304, test_labels=423 [472.3s]
2026-05-07 08:54:46,341  INFO  [TP/SL] Strategy=balanced__relax2 -> generating train adaptive targets...
2026-05-07 08:54:46,920  INFO  [TP/SL][balanced__relax2] Adaptive target pass start: rows=20304, lag_days=0, holding_months=12
2026-05-07 08:55:10,917  INFO  [TP/SL][balanced__relax2] progress: 1015/20304 (5.0%) | TP=286 SL=337 NONE=392 | 24.0s elapsed (42.3 rows/s)
2026-05-07 08:55:33,804  INFO  [TP/SL][balanced__relax2] progress: 2030/20304 (10.0%) | TP=556 SL=650 NONE=824 | 46.9s elapsed (43.3 rows/s)
2026-05-07 08:55:57,223  INFO  [TP/SL][balanced__relax2] progress: 3045/20304 (15.0%) | TP=831 SL=1051 NONE=1163 | 70.3s elapsed (43.3 rows/s)
2026-05-07 08:56:19,745  INFO  [TP/SL][balanced__relax2] progress: 4060/20304 (20.0%) | TP=1106 SL=1405 NONE=1549 | 92.8s elapsed (43.7 rows/s)
2026-05-07 08:56:43,145  INFO  [TP/SL][balanced__relax2] progress: 5075/20304 (25.0%) | TP=1369 SL=1750 NONE=1956 | 116.2s elapsed (43.7 rows/s)
2026-05-07 08:57:06,246  INFO  [TP/SL][balanced__relax2] progress: 6090/20304 (30.0%) | TP=1652 SL=2122 NONE=2316 | 139.3s elapsed (43.7 rows/s)
2026-05-07 08:57:29,870  INFO  [TP/SL][balanced__relax2] progress: 7105/20304 (35.0%) | TP=1939 SL=2511 NONE=2655 | 163.0s elapsed (43.6 rows/s)
2026-05-07 08:57:52,821  INFO  [TP/SL][balanced__relax2] progress: 8120/20304 (40.0%) | TP=2230 SL=2929 NONE=2961 | 185.9s elapsed (43.7 rows/s)
2026-05-07 08:58:15,351  INFO  [TP/SL][balanced__relax2] progress: 9135/20304 (45.0%) | TP=2463 SL=3308 NONE=3364 | 208.4s elapsed (43.8 rows/s)
2026-05-07 08:58:38,883  INFO  [TP/SL][balanced__relax2] progress: 10150/20304 (50.0%) | TP=2728 SL=3693 NONE=3729 | 232.0s elapsed (43.8 rows/s)
2026-05-07 08:59:01,938  INFO  [TP/SL][balanced__relax2] progress: 11165/20304 (55.0%) | TP=2993 SL=4051 NONE=4121 | 255.0s elapsed (43.8 rows/s)
2026-05-07 08:59:24,489  INFO  [TP/SL][balanced__relax2] progress: 12180/20304 (60.0%) | TP=3244 SL=4395 NONE=4541 | 277.6s elapsed (43.9 rows/s)
2026-05-07 08:59:47,357  INFO  [TP/SL][balanced__relax2] progress: 13195/20304 (65.0%) | TP=3517 SL=4764 NONE=4914 | 300.4s elapsed (43.9 rows/s)
2026-05-07 09:00:10,908  INFO  [TP/SL][balanced__relax2] progress: 14210/20304 (70.0%) | TP=3793 SL=5139 NONE=5278 | 324.0s elapsed (43.9 rows/s)
2026-05-07 09:00:34,342  INFO  [TP/SL][balanced__relax2] progress: 15225/20304 (75.0%) | TP=4059 SL=5480 NONE=5686 | 347.4s elapsed (43.8 rows/s)
2026-05-07 09:00:58,398  INFO  [TP/SL][balanced__relax2] progress: 16240/20304 (80.0%) | TP=4320 SL=5850 NONE=6070 | 371.5s elapsed (43.7 rows/s)
2026-05-07 09:01:21,916  INFO  [TP/SL][balanced__relax2] progress: 17255/20304 (85.0%) | TP=4587 SL=6188 NONE=6480 | 395.0s elapsed (43.7 rows/s)
2026-05-07 09:01:44,518  INFO  [TP/SL][balanced__relax2] progress: 18270/20304 (90.0%) | TP=4849 SL=6556 NONE=6865 | 417.6s elapsed (43.7 rows/s)
2026-05-07 09:02:07,646  INFO  [TP/SL][balanced__relax2] progress: 19285/20304 (95.0%) | TP=5095 SL=6934 NONE=7256 | 440.7s elapsed (43.8 rows/s)
2026-05-07 09:02:31,289  INFO  [TP/SL][balanced__relax2] progress: 20300/20304 (100.0%) | TP=5396 SL=7310 NONE=7594 | 464.4s elapsed (43.7 rows/s)
2026-05-07 09:02:31,383  INFO  [TP/SL][balanced__relax2] progress: 20304/20304 (100.0%) | TP=5397 SL=7311 NONE=7596 | 464.5s elapsed (43.7 rows/s)
2026-05-07 09:02:31,418  INFO  [TP/SL][balanced__relax2] pass complete: rows=20304 | TP=5397 SL=7311 NONE=7596 | 464.5s total
2026-05-07 09:02:31,418  INFO  [TP/SL] Strategy=balanced__relax2 -> generating test adaptive targets...
2026-05-07 09:02:32,006  INFO  [TP/SL][balanced__relax2] Adaptive target pass start: rows=423, lag_days=0, holding_months=12
2026-05-07 09:02:37,754  INFO  [TP/SL][balanced__relax2] progress: 250/423 (59.1%) | TP=104 SL=80 NONE=66 | 5.7s elapsed (43.5 rows/s)
2026-05-07 09:02:41,903  INFO  [TP/SL][balanced__relax2] progress: 423/423 (100.0%) | TP=173 SL=128 NONE=122 | 9.9s elapsed (42.8 rows/s)
2026-05-07 09:02:41,903  INFO  [TP/SL][balanced__relax2] pass complete: rows=423 | TP=173 SL=128 NONE=122 | 9.9s total
2026-05-07 09:02:41,918  INFO  [TP/SL] Strategy=balanced__relax2 ready: utility=0.0006, hit_rate=26.58%, train_labels=20304, test_labels=423 [475.6s]
2026-05-07 09:02:41,918  INFO  [TP/SL] Strategy=aggressive__relax1 -> generating train adaptive targets...
2026-05-07 09:02:42,915  INFO  [TP/SL][aggressive__relax1] Adaptive target pass start: rows=20304, lag_days=0, holding_months=12
2026-05-07 09:03:07,686  INFO  [TP/SL][aggressive__relax1] progress: 1015/20304 (5.0%) | TP=211 SL=342 NONE=462 | 24.8s elapsed (41.0 rows/s)
2026-05-07 09:03:31,209  INFO  [TP/SL][aggressive__relax1] progress: 2030/20304 (10.0%) | TP=406 SL=660 NONE=964 | 48.3s elapsed (42.0 rows/s)
2026-05-07 09:03:54,557  INFO  [TP/SL][aggressive__relax1] progress: 3045/20304 (15.0%) | TP=608 SL=1076 NONE=1361 | 71.6s elapsed (42.5 rows/s)
2026-05-07 09:04:17,309  INFO  [TP/SL][aggressive__relax1] progress: 4060/20304 (20.0%) | TP=799 SL=1439 NONE=1822 | 94.4s elapsed (43.0 rows/s)
2026-05-07 09:04:40,553  INFO  [TP/SL][aggressive__relax1] progress: 5075/20304 (25.0%) | TP=990 SL=1792 NONE=2293 | 117.6s elapsed (43.1 rows/s)
2026-05-07 09:05:03,695  INFO  [TP/SL][aggressive__relax1] progress: 6090/20304 (30.0%) | TP=1196 SL=2173 NONE=2721 | 140.8s elapsed (43.3 rows/s)
2026-05-07 09:05:27,518  INFO  [TP/SL][aggressive__relax1] progress: 7105/20304 (35.0%) | TP=1398 SL=2569 NONE=3138 | 164.6s elapsed (43.2 rows/s)
2026-05-07 09:05:50,651  INFO  [TP/SL][aggressive__relax1] progress: 8120/20304 (40.0%) | TP=1609 SL=2995 NONE=3516 | 187.7s elapsed (43.3 rows/s)
2026-05-07 09:06:12,936  INFO  [TP/SL][aggressive__relax1] progress: 9135/20304 (45.0%) | TP=1776 SL=3382 NONE=3977 | 210.0s elapsed (43.5 rows/s)
2026-05-07 09:06:36,796  INFO  [TP/SL][aggressive__relax1] progress: 10150/20304 (50.0%) | TP=1975 SL=3777 NONE=4398 | 233.9s elapsed (43.4 rows/s)
2026-05-07 09:06:59,746  INFO  [TP/SL][aggressive__relax1] progress: 11165/20304 (55.0%) | TP=2162 SL=4145 NONE=4858 | 256.8s elapsed (43.5 rows/s)
2026-05-07 09:07:22,584  INFO  [TP/SL][aggressive__relax1] progress: 12180/20304 (60.0%) | TP=2336 SL=4499 NONE=5345 | 279.7s elapsed (43.6 rows/s)
2026-05-07 09:07:45,308  INFO  [TP/SL][aggressive__relax1] progress: 13195/20304 (65.0%) | TP=2541 SL=4871 NONE=5783 | 302.4s elapsed (43.6 rows/s)
2026-05-07 09:08:09,010  INFO  [TP/SL][aggressive__relax1] progress: 14210/20304 (70.0%) | TP=2752 SL=5250 NONE=6208 | 326.1s elapsed (43.6 rows/s)
2026-05-07 09:08:32,405  INFO  [TP/SL][aggressive__relax1] progress: 15225/20304 (75.0%) | TP=2937 SL=5598 NONE=6690 | 349.5s elapsed (43.6 rows/s)
2026-05-07 09:08:56,309  INFO  [TP/SL][aggressive__relax1] progress: 16240/20304 (80.0%) | TP=3119 SL=5975 NONE=7146 | 373.4s elapsed (43.5 rows/s)
2026-05-07 09:09:19,859  INFO  [TP/SL][aggressive__relax1] progress: 17255/20304 (85.0%) | TP=3312 SL=6321 NONE=7622 | 396.9s elapsed (43.5 rows/s)
2026-05-07 09:09:42,560  INFO  [TP/SL][aggressive__relax1] progress: 18270/20304 (90.0%) | TP=3507 SL=6694 NONE=8069 | 419.6s elapsed (43.5 rows/s)
2026-05-07 09:10:04,973  INFO  [TP/SL][aggressive__relax1] progress: 19285/20304 (95.0%) | TP=3702 SL=7077 NONE=8506 | 442.1s elapsed (43.6 rows/s)
2026-05-07 09:10:28,352  INFO  [TP/SL][aggressive__relax1] progress: 20300/20304 (100.0%) | TP=3917 SL=7459 NONE=8924 | 465.4s elapsed (43.6 rows/s)
2026-05-07 09:10:28,433  INFO  [TP/SL][aggressive__relax1] progress: 20304/20304 (100.0%) | TP=3919 SL=7460 NONE=8925 | 465.5s elapsed (43.6 rows/s)
2026-05-07 09:10:28,477  INFO  [TP/SL][aggressive__relax1] pass complete: rows=20304 | TP=3919 SL=7460 NONE=8925 | 465.6s total
2026-05-07 09:10:28,485  INFO  [TP/SL] Strategy=aggressive__relax1 -> generating test adaptive targets...
2026-05-07 09:10:29,046  INFO  [TP/SL][aggressive__relax1] Adaptive target pass start: rows=423, lag_days=0, holding_months=12
2026-05-07 09:10:34,762  INFO  [TP/SL][aggressive__relax1] progress: 250/423 (59.1%) | TP=59 SL=81 NONE=110 | 5.7s elapsed (43.7 rows/s)
2026-05-07 09:10:38,672  INFO  [TP/SL][aggressive__relax1] progress: 423/423 (100.0%) | TP=107 SL=130 NONE=186 | 9.6s elapsed (43.9 rows/s)
2026-05-07 09:10:38,672  INFO  [TP/SL][aggressive__relax1] pass complete: rows=423 | TP=107 SL=130 NONE=186 | 9.6s total
2026-05-07 09:10:38,683  INFO  [TP/SL] Strategy=aggressive__relax1 ready: utility=-0.0152, hit_rate=19.30%, train_labels=20304, test_labels=423 [476.8s]
2026-05-07 09:10:38,693  INFO  [TP/SL] Strategy=aggressive__relax2 -> generating train adaptive targets...
2026-05-07 09:10:39,456  INFO  [TP/SL][aggressive__relax2] Adaptive target pass start: rows=20304, lag_days=0, holding_months=12
2026-05-07 09:11:03,134  INFO  [TP/SL][aggressive__relax2] progress: 1015/20304 (5.0%) | TP=509 SL=302 NONE=204 | 23.7s elapsed (42.9 rows/s)
2026-05-07 09:11:25,998  INFO  [TP/SL][aggressive__relax2] progress: 2030/20304 (10.0%) | TP=1056 SL=585 NONE=389 | 46.5s elapsed (43.6 rows/s)
2026-05-07 09:11:49,126  INFO  [TP/SL][aggressive__relax2] progress: 3045/20304 (15.0%) | TP=1528 SL=956 NONE=561 | 69.7s elapsed (43.7 rows/s)
2026-05-07 09:12:11,383  INFO  [TP/SL][aggressive__relax2] progress: 4060/20304 (20.0%) | TP=2003 SL=1285 NONE=772 | 91.9s elapsed (44.2 rows/s)
2026-05-07 09:12:34,471  INFO  [TP/SL][aggressive__relax2] progress: 5075/20304 (25.0%) | TP=2510 SL=1601 NONE=964 | 115.0s elapsed (44.1 rows/s)
2026-05-07 09:12:57,288  INFO  [TP/SL][aggressive__relax2] progress: 6090/20304 (30.0%) | TP=2997 SL=1938 NONE=1155 | 137.8s elapsed (44.2 rows/s)
2026-05-07 09:13:20,854  INFO  [TP/SL][aggressive__relax2] progress: 7105/20304 (35.0%) | TP=3481 SL=2289 NONE=1335 | 161.4s elapsed (44.0 rows/s)
2026-05-07 09:13:43,601  INFO  [TP/SL][aggressive__relax2] progress: 8120/20304 (40.0%) | TP=3959 SL=2670 NONE=1491 | 184.1s elapsed (44.1 rows/s)
2026-05-07 09:14:05,646  INFO  [TP/SL][aggressive__relax2] progress: 9135/20304 (45.0%) | TP=4450 SL=3013 NONE=1672 | 206.2s elapsed (44.3 rows/s)
2026-05-07 09:14:29,033  INFO  [TP/SL][aggressive__relax2] progress: 10150/20304 (50.0%) | TP=4956 SL=3359 NONE=1835 | 229.6s elapsed (44.2 rows/s)
2026-05-07 09:14:51,755  INFO  [TP/SL][aggressive__relax2] progress: 11165/20304 (55.0%) | TP=5416 SL=3689 NONE=2060 | 252.3s elapsed (44.3 rows/s)
2026-05-07 09:15:14,160  INFO  [TP/SL][aggressive__relax2] progress: 12180/20304 (60.0%) | TP=5937 SL=3988 NONE=2255 | 274.7s elapsed (44.3 rows/s)
2026-05-07 09:15:36,842  INFO  [TP/SL][aggressive__relax2] progress: 13195/20304 (65.0%) | TP=6465 SL=4312 NONE=2418 | 297.4s elapsed (44.4 rows/s)
2026-05-07 09:16:00,258  INFO  [TP/SL][aggressive__relax2] progress: 14210/20304 (70.0%) | TP=6989 SL=4648 NONE=2573 | 320.8s elapsed (44.3 rows/s)
2026-05-07 09:16:23,364  INFO  [TP/SL][aggressive__relax2] progress: 15225/20304 (75.0%) | TP=7446 SL=4968 NONE=2811 | 343.9s elapsed (44.3 rows/s)
2026-05-07 09:16:46,917  INFO  [TP/SL][aggressive__relax2] progress: 16240/20304 (80.0%) | TP=7962 SL=5303 NONE=2975 | 367.5s elapsed (44.2 rows/s)
2026-05-07 09:17:10,301  INFO  [TP/SL][aggressive__relax2] progress: 17255/20304 (85.0%) | TP=8458 SL=5623 NONE=3174 | 390.9s elapsed (44.1 rows/s)
2026-05-07 09:17:32,678  INFO  [TP/SL][aggressive__relax2] progress: 18270/20304 (90.0%) | TP=8966 SL=5959 NONE=3345 | 413.2s elapsed (44.2 rows/s)
2026-05-07 09:17:55,273  INFO  [TP/SL][aggressive__relax2] progress: 19285/20304 (95.0%) | TP=9469 SL=6305 NONE=3511 | 435.8s elapsed (44.2 rows/s)
2026-05-07 09:18:18,246  INFO  [TP/SL][aggressive__relax2] progress: 20300/20304 (100.0%) | TP=9937 SL=6649 NONE=3714 | 458.8s elapsed (44.2 rows/s)
2026-05-07 09:18:18,338  INFO  [TP/SL][aggressive__relax2] progress: 20304/20304 (100.0%) | TP=9940 SL=6650 NONE=3714 | 458.9s elapsed (44.2 rows/s)
2026-05-07 09:18:18,362  INFO  [TP/SL][aggressive__relax2] pass complete: rows=20304 | TP=9940 SL=6650 NONE=3714 | 458.9s total
2026-05-07 09:18:18,377  INFO  [TP/SL] Strategy=aggressive__relax2 -> generating test adaptive targets...
2026-05-07 09:18:18,938  INFO  [TP/SL][aggressive__relax2] Adaptive target pass start: rows=423, lag_days=0, holding_months=12
2026-05-07 09:18:24,685  INFO  [TP/SL][aggressive__relax2] progress: 250/423 (59.1%) | TP=150 SL=73 NONE=27 | 5.7s elapsed (43.5 rows/s)
2026-05-07 09:18:28,586  INFO  [TP/SL][aggressive__relax2] progress: 423/423 (100.0%) | TP=252 SL=118 NONE=53 | 9.6s elapsed (43.8 rows/s)
2026-05-07 09:18:28,587  INFO  [TP/SL][aggressive__relax2] pass complete: rows=423 | TP=252 SL=118 NONE=53 | 9.6s total
2026-05-07 09:18:28,598  INFO  [TP/SL] Strategy=aggressive__relax2 ready: utility=0.0195, hit_rate=48.96%, train_labels=20304, test_labels=423 [469.9s]
2026-05-07 09:18:28,599  INFO  [TP/SL] Fine-tuning activated: base_best=conservative utility=0.0086 hit_rate=29.53% (min_utility=0.0000, min_hit=48.00%)
2026-05-07 09:18:28,600  INFO  [TP/SL] Selected training strategy=conservative (variant=conservative__relax1) | utility=0.0195 | hit_rate=48.96%
2026-05-07 09:18:29,363  INFO  [Fold T06_20240215] 1/3 — Entrenando agentes base con datos de entrenamiento del fold...
2026-05-07 09:18:29,514  INFO  [Fold T06_20240215] Recency weighting enabled (halflife=2.0Y, weight_range=[0.069, 4.049])
2026-05-07 09:22:45,938  INFO  [fundamental] Top-5 features: interest_coverage__pct_universe=0.193 | interest_coverage=0.101 | revenue_yoy_growth=0.084 | revenue_yoy_growth__pct_universe=0.068 | ebitda_margin=0.063
2026-05-07 09:22:45,938  INFO  [fundamental] Diagnostics → diagnostics_T06_20240215.json
2026-05-07 09:25:36,170  INFO  [valuation] Top-5 features: ev_ebitda_vs_5y_median__pct_universe=0.073 | fcf_yield__pct_universe=0.067 | ev_ebitda_vs_5y_median=0.050 | ev_to_ebitda__pct_universe=0.045 | pb_ratio=0.044
2026-05-07 09:25:36,184  INFO  [valuation] Diagnostics → diagnostics_T06_20240215.json
2026-05-07 09:29:06,995  INFO  [momentum] Top-5 features: volatility_60d=0.180 | momentum_6m=0.107 | momentum_3m=0.104 | volatility_60d__pct_universe=0.088 | price_vs_52w_high=0.053
2026-05-07 09:29:07,008  INFO  [momentum] Diagnostics → diagnostics_T06_20240215.json
2026-05-07 09:32:48,752  INFO  [bear] Top-5 features: interest_coverage__pct_universe=0.074 | revenue_decline__pct_universe=0.063 | interest_coverage=0.062 | consecutive_losses__pct_universe=0.060 | revenue_decline=0.058
2026-05-07 09:32:48,766  INFO  [bear] Diagnostics → diagnostics_T06_20240215.json
2026-05-07 09:32:48,879  INFO  [Fold T06_20240215] 1/3 — Entrenando SectorRotationAgent (top-down, nivel sector)...
2026-05-07 09:32:48,879  INFO  [SectorRotationAgent] Building sector dataset — 20304 ticker obs
2026-05-07 09:33:02,665  INFO  [FeatureSelector/sector_rotation] Step 1 — correlation >85%: removed 0 / 14 features
2026-05-07 09:33:03,088  INFO  [FeatureSelector/sector_rotation] Step 2 — combined score (w_relevance=0.65, w_importance=0.35)
2026-05-07 09:33:03,088  INFO  [FeatureSelector/sector_rotation] Step 3 — importance cutoff: top=0.1859, cutoff=0.40 (value=0.0744), min_keep=6, max_keep=10
2026-05-07 09:33:03,089  INFO  [FeatureSelector/sector_rotation]   Feature                               Combined     Imp_RF     pb_y
2026-05-07 09:33:03,089  INFO  [FeatureSelector/sector_rotation]   ----------------------------------- ---------- ---------- --------
2026-05-07 09:33:03,090  INFO  [FeatureSelector/sector_rotation]    1. revenue_yoy_growth                    1.0000     0.1859    0.143  weight= 29.82%
2026-05-07 09:33:03,090  INFO  [FeatureSelector/sector_rotation]    2. net_margin                            0.5011     0.1048    0.076  weight= 16.81%
2026-05-07 09:33:03,091  INFO  [FeatureSelector/sector_rotation]    3. fcf_yield                             0.2471     0.0888    0.033  weight= 14.24%
2026-05-07 09:33:03,091  INFO  [FeatureSelector/sector_rotation]    4. volatility_60d                        0.3768     0.0886    0.058  weight= 14.21%
2026-05-07 09:33:03,092  INFO  [FeatureSelector/sector_rotation]    5. earnings_yield                        0.4503     0.0829    0.074  weight= 13.30%
2026-05-07 09:33:03,092  INFO  [FeatureSelector/sector_rotation]    6. momentum_6m                           0.2360     0.0725    0.037  weight= 11.63%
2026-05-07 09:33:03,092  INFO  [FeatureSelector/sector_rotation]   Discarded by low combined score (8): momentum_3m, price_vs_52w_high, pe_vs_5y_median, roic, fcf_margin, sector_vs_market_momentum, risk_adjusted_sector_momentum, ev_to_ebitda
2026-05-07 09:33:03,093  INFO  [FeatureSelector/sector_rotation] Summary: 14 features → pair_drop=0 → corr_drop=0 → imp_drop=8 → 6 selected (cutoff rule + [6,10])
2026-05-07 09:33:03,101  INFO  [SectorRotationAgent] 1488 sector obs | 1036 outperform / 452 underperform sectors | 6 features
2026-05-07 09:33:05,635  INFO  [SectorRotationAgent] CV AUC=0.5549 ± 0.0290
2026-05-07 09:33:07,063  INFO  [sector_rotation] Top-5 features: revenue_yoy_growth=0.223 | net_margin=0.204 | fcf_yield=0.150 | earnings_yield=0.147 | momentum_6m=0.146
2026-05-07 09:33:07,072  INFO  [sector_rotation] Diagnostics → diagnostics_T06_20240215.json
2026-05-07 09:33:07,072  INFO  [Fold T06_20240215] 2/3 — Generando scores OOF (3 splits temporales) como input del MetaLearner...
2026-05-07 09:33:07,090  INFO    [OOF] fundamental: generating anti-leakage scores (3 quarter-level temporal splits)
2026-05-07 09:38:04,654  INFO    [OOF/RuleIC] fundamental: rule_signal Spearman IC=0.0325 (n=13536) — predictive ✓
2026-05-07 09:38:04,654  INFO    [OOF] valuation: generating anti-leakage scores (3 quarter-level temporal splits)
2026-05-07 09:42:02,591  INFO    [OOF/RuleIC] valuation: rule_signal Spearman IC=0.0210 (n=13536) — predictive ✓
2026-05-07 09:42:02,593  INFO    [OOF] momentum: generating anti-leakage scores (3 quarter-level temporal splits)
2026-05-07 09:46:41,474  INFO    [OOF/RuleIC] momentum: rule_signal Spearman IC=0.0226 (n=13536) — predictive ✓
2026-05-07 09:46:41,474  INFO    [OOF] bear: generating anti-leakage scores (3 quarter-level temporal splits)
2026-05-07 09:51:59,169  INFO    [OOF/RuleIC] bear: rule_signal Spearman IC=-0.0392 (n=13536) — inverted ⚠
2026-05-07 09:51:59,169  INFO    [OOF] sector_rotation: generating OOF sector scores (3 quarter-level splits)
2026-05-07 09:51:59,182  INFO  [SectorRotationAgent] Building sector dataset — 6768 ticker obs
2026-05-07 09:52:03,767  INFO  [FeatureSelector/sector_rotation] Step 1 — correlation >85%: removed 0 / 14 features
2026-05-07 09:52:04,126  INFO  [FeatureSelector/sector_rotation] Step 2 — combined score (w_relevance=0.65, w_importance=0.35)
2026-05-07 09:52:04,126  INFO  [FeatureSelector/sector_rotation] Step 3 — importance cutoff: top=0.1293, cutoff=0.40 (value=0.0517), min_keep=6, max_keep=10
2026-05-07 09:52:04,126  INFO  [FeatureSelector/sector_rotation]   Feature                               Combined     Imp_RF     pb_y
2026-05-07 09:52:04,126  INFO  [FeatureSelector/sector_rotation]   ----------------------------------- ---------- ---------- --------
2026-05-07 09:52:04,126  INFO  [FeatureSelector/sector_rotation]    1. earnings_yield                        1.0000     0.1293    0.147  weight= 14.56%
2026-05-07 09:52:04,126  INFO  [FeatureSelector/sector_rotation]    2. net_margin                            0.6693     0.1150    0.081  weight= 12.96%
2026-05-07 09:52:04,126  INFO  [FeatureSelector/sector_rotation]    3. volatility_60d                        0.6842     0.1023    0.092  weight= 11.53%
2026-05-07 09:52:04,126  INFO  [FeatureSelector/sector_rotation]    4. fcf_yield                             0.4637     0.0985    0.045  weight= 11.09%
2026-05-07 09:52:04,126  INFO  [FeatureSelector/sector_rotation]    5. roic                                  0.6814     0.0899    0.099  weight= 10.13%
2026-05-07 09:52:04,126  INFO  [FeatureSelector/sector_rotation]    6. ev_to_ebitda                          0.5069     0.0808    0.065  weight=  9.10%
2026-05-07 09:52:04,126  INFO  [FeatureSelector/sector_rotation]    7. revenue_yoy_growth                    0.5297     0.0767    0.073  weight=  8.64%
2026-05-07 09:52:04,126  INFO  [FeatureSelector/sector_rotation]    8. price_vs_52w_high                     0.3531     0.0716    0.036  weight=  8.06%
2026-05-07 09:52:04,126  INFO  [FeatureSelector/sector_rotation]    9. momentum_6m                           0.2445     0.0661    0.015  weight=  7.44%
2026-05-07 09:52:04,136  INFO  [FeatureSelector/sector_rotation]   10. momentum_3m                           0.3027     0.0576    0.033  weight=  6.48%
2026-05-07 09:52:04,136  INFO  [FeatureSelector/sector_rotation]   Discarded by low combined score (4): pe_vs_5y_median, fcf_margin, sector_vs_market_momentum, risk_adjusted_sector_momentum
2026-05-07 09:52:04,136  INFO  [FeatureSelector/sector_rotation] Summary: 14 features → pair_drop=0 → corr_drop=0 → imp_drop=4 → 10 selected (cutoff rule + [6,10])
2026-05-07 09:52:04,143  INFO  [SectorRotationAgent] 496 sector obs | 383 outperform / 113 underperform sectors | 10 features
2026-05-07 09:52:05,860  INFO  [SectorRotationAgent] CV AUC=0.5745 ± 0.0850
2026-05-07 09:52:06,830  INFO  [SectorRotationAgent] Sector scores:
2026-05-07 09:52:06,830  INFO      Metals & Mining                 score=0.970
2026-05-07 09:52:06,830  INFO      Packaging                       score=0.963
2026-05-07 09:52:06,830  INFO      Airlines                        score=0.961
2026-05-07 09:52:06,830  INFO      Building                        score=0.935
2026-05-07 09:52:06,830  INFO      Auto Components                 score=0.919
2026-05-07 09:52:06,830  INFO      Energy                          score=0.918
2026-05-07 09:52:06,830  INFO      Health Care                     score=0.911
2026-05-07 09:52:06,830  INFO      Consumer Discretionary          score=0.881
2026-05-07 09:52:06,830  INFO      Communications                  score=0.875
2026-05-07 09:52:06,830  INFO      Distributors                    score=0.874
2026-05-07 09:52:06,830  INFO      Industrial Conglomerates        score=0.874
2026-05-07 09:52:06,830  INFO      Hotels, Restaurants & Leisure   score=0.873
2026-05-07 09:52:06,830  INFO      Real Estate                     score=0.870
2026-05-07 09:52:06,830  INFO      Consumer Staples                score=0.863
2026-05-07 09:52:06,830  INFO      Communication Services          score=0.859
2026-05-07 09:52:06,840  INFO      Telecommunication               score=0.844
2026-05-07 09:52:06,840  INFO      Technology                      score=0.835
2026-05-07 09:52:06,840  INFO      Leisure Products                score=0.833
2026-05-07 09:52:06,841  INFO      Tobacco                         score=0.830
2026-05-07 09:52:06,841  INFO      Life Sciences Tools & Services  score=0.823
2026-05-07 09:52:06,842  INFO      Industrials                     score=0.816
2026-05-07 09:52:06,842  INFO      Textiles, Apparel & Luxury Goods  score=0.810
2026-05-07 09:52:06,842  INFO      Trading Companies & Distributors  score=0.783
2026-05-07 09:52:06,843  INFO      Electrical Equipment            score=0.759
2026-05-07 09:52:06,843  INFO      Consumer products               score=0.741
2026-05-07 09:52:06,843  INFO      Construction                    score=0.740
2026-05-07 09:52:06,844  INFO      Utilities                       score=0.736
2026-05-07 09:52:06,844  INFO      Financials                      score=0.682
2026-05-07 09:52:06,844  INFO      Commercial Services & Supplies  score=0.670
2026-05-07 09:52:06,844  INFO      Road & Rail                     score=0.578
2026-05-07 09:52:06,844  INFO      Materials                       score=0.566
2026-05-07 09:52:06,844  INFO      Machinery                       score=0.549
2026-05-07 09:52:06,844  INFO      Banking                         score=0.547
2026-05-07 09:52:06,844  INFO      Professional Services           score=0.497
2026-05-07 09:52:06,844  INFO      Healthcare                      score=0.306
2026-05-07 09:52:06,883  INFO  [SectorRotationAgent] Building sector dataset — 13536 ticker obs
2026-05-07 09:52:15,977  INFO  [FeatureSelector/sector_rotation] Step 1 — correlation >85%: removed 0 / 14 features
2026-05-07 09:52:16,372  INFO  [FeatureSelector/sector_rotation] Step 2 — combined score (w_relevance=0.65, w_importance=0.35)
2026-05-07 09:52:16,383  INFO  [FeatureSelector/sector_rotation] Step 3 — importance cutoff: top=0.1167, cutoff=0.40 (value=0.0467), min_keep=6, max_keep=10
2026-05-07 09:52:16,383  INFO  [FeatureSelector/sector_rotation]   Feature                               Combined     Imp_RF     pb_y
2026-05-07 09:52:16,383  INFO  [FeatureSelector/sector_rotation]   ----------------------------------- ---------- ---------- --------
2026-05-07 09:52:16,383  INFO  [FeatureSelector/sector_rotation]    1. net_margin                            0.6570     0.1167    0.048  weight= 13.17%
2026-05-07 09:52:16,383  INFO  [FeatureSelector/sector_rotation]    2. fcf_yield                             0.5506     0.1031    0.037  weight= 11.64%
2026-05-07 09:52:16,383  INFO  [FeatureSelector/sector_rotation]    3. revenue_yoy_growth                    0.9530     0.1010    0.101  weight= 11.40%
2026-05-07 09:52:16,383  INFO  [FeatureSelector/sector_rotation]    4. earnings_yield                        0.9192     0.0973    0.097  weight= 10.98%
2026-05-07 09:52:16,383  INFO  [FeatureSelector/sector_rotation]    5. fcf_margin                            0.4490     0.0914    0.027  weight= 10.32%
2026-05-07 09:52:16,383  INFO  [FeatureSelector/sector_rotation]    6. momentum_6m                           0.2618     0.0873    0.000  weight=  9.85%
2026-05-07 09:52:16,383  INFO  [FeatureSelector/sector_rotation]    7. ev_to_ebitda                          0.4710     0.0776    0.037  weight=  8.75%
2026-05-07 09:52:16,383  INFO  [FeatureSelector/sector_rotation]    8. pe_vs_5y_median                       0.2984     0.0754    0.011  weight=  8.50%
2026-05-07 09:52:16,383  INFO  [FeatureSelector/sector_rotation]    9. momentum_3m                           0.4412     0.0687    0.036  weight=  7.75%
2026-05-07 09:52:16,383  INFO  [FeatureSelector/sector_rotation]   10. volatility_60d                        0.2106     0.0677    0.001  weight=  7.64%
2026-05-07 09:52:16,389  INFO  [FeatureSelector/sector_rotation]   Discarded by low combined score (4): price_vs_52w_high, roic, sector_vs_market_momentum, risk_adjusted_sector_momentum
2026-05-07 09:52:16,389  INFO  [FeatureSelector/sector_rotation] Summary: 14 features → pair_drop=0 → corr_drop=0 → imp_drop=4 → 10 selected (cutoff rule + [6,10])
2026-05-07 09:52:16,394  INFO  [SectorRotationAgent] 992 sector obs | 714 outperform / 278 underperform sectors | 10 features
2026-05-07 09:52:19,000  INFO  [SectorRotationAgent] CV AUC=0.5269 ± 0.0643
2026-05-07 09:52:20,559  INFO  [SectorRotationAgent] Sector scores:
2026-05-07 09:52:20,559  INFO      Industrial Conglomerates        score=0.914
2026-05-07 09:52:20,559  INFO      Telecommunication               score=0.835
2026-05-07 09:52:20,559  INFO      Communications                  score=0.829
2026-05-07 09:52:20,569  INFO      Technology                      score=0.829
2026-05-07 09:52:20,569  INFO      Professional Services           score=0.825
2026-05-07 09:52:20,570  INFO      Commercial Services & Supplies  score=0.820
2026-05-07 09:52:20,570  INFO      Financials                      score=0.816
2026-05-07 09:52:20,570  INFO      Health Care                     score=0.815
2026-05-07 09:52:20,571  INFO      Consumer Discretionary          score=0.751
2026-05-07 09:52:20,571  INFO      Utilities                       score=0.743
2026-05-07 09:52:20,571  INFO      Industrials                     score=0.735
2026-05-07 09:52:20,572  INFO      Life Sciences Tools & Services  score=0.715
2026-05-07 09:52:20,572  INFO      Trading Companies & Distributors  score=0.709
2026-05-07 09:52:20,573  INFO      Consumer Staples                score=0.684
2026-05-07 09:52:20,573  INFO      Metals & Mining                 score=0.679
2026-05-07 09:52:20,573  INFO      Hotels, Restaurants & Leisure   score=0.672
2026-05-07 09:52:20,574  INFO      Auto Components                 score=0.670
2026-05-07 09:52:20,574  INFO      Real Estate                     score=0.667
2026-05-07 09:52:20,574  INFO      Airlines                        score=0.667
2026-05-07 09:52:20,575  INFO      Communication Services          score=0.659
2026-05-07 09:52:20,575  INFO      Electrical Equipment            score=0.650
2026-05-07 09:52:20,576  INFO      Energy                          score=0.608
2026-05-07 09:52:20,576  INFO      Consumer products               score=0.604
2026-05-07 09:52:20,577  INFO      Tobacco                         score=0.596
2026-05-07 09:52:20,577  INFO      Materials                       score=0.580
2026-05-07 09:52:20,577  INFO      Packaging                       score=0.574
2026-05-07 09:52:20,578  INFO      Leisure Products                score=0.570
2026-05-07 09:52:20,578  INFO      Machinery                       score=0.568
2026-05-07 09:52:20,578  INFO      Textiles, Apparel & Luxury Goods  score=0.567
2026-05-07 09:52:20,579  INFO      Road & Rail                     score=0.499
2026-05-07 09:52:20,579  INFO      Construction                    score=0.449
2026-05-07 09:52:20,579  INFO      Healthcare                      score=0.403
2026-05-07 09:52:20,580  INFO      Building                        score=0.371
2026-05-07 09:52:20,580  INFO      Distributors                    score=0.356
2026-05-07 09:52:20,580  INFO      Banking                         score=0.290
2026-05-07 09:52:20,655  INFO  [OOF/bear_risk] n=20304 | min=0.3423 q10=0.4531 q25=0.4972 mean=0.5092 q50=0.5000 q75=0.5323 q90=0.5718 max=0.7163
2026-05-07 09:52:20,655  INFO  [OOF/bear_risk] cobertura umbral: >=0.50=73.9% | >=0.55=16.8% | >=0.60=4.6%
2026-05-07 09:52:20,665  INFO  [OOF/bear_safety] n=20304 | min=0.2837 q10=0.4282 q25=0.4677 mean=0.4908 q50=0.5000 q75=0.5028 q90=0.5469 max=0.6577
2026-05-07 09:52:20,665  INFO  [OOF/bear_safety] cobertura umbral: >=0.50=59.4% | >=0.55=9.3% | >=0.60=2.0%
2026-05-07 09:52:20,679  INFO  [OOF/sector_score] n=20304 | min=0.2901 q10=0.5000 q25=0.5000 mean=0.6615 q50=0.6669 q75=0.8156 q90=0.8703 max=0.9704
2026-05-07 09:52:20,679  INFO  [OOF/sector_score] cobertura umbral: >=0.50=96.3% | >=0.55=60.8% | >=0.60=56.5%
2026-05-07 09:52:20,707  INFO  [NeutralPenalty] bear_score: penalized 6768 neutral scores 0.500 -> 0.250
2026-05-07 09:52:21,964  INFO  [AgentTemporal] Fold T06_20240215 validation -> agent_temporal_validation.csv
2026-05-07 09:52:21,964  INFO  [AgentTemporal] bear mult=0.981 rel=0.479 up=47.89% tp=47.89% trend=-0.0001 q=48
2026-05-07 09:52:21,964  INFO  [AgentTemporal] fundamental mult=1.002 rel=0.503 up=50.24% tp=50.24% trend=+0.0008 q=48
2026-05-07 09:52:21,964  INFO  [AgentTemporal] momentum mult=1.027 rel=0.530 up=52.91% tp=52.91% trend=+0.0012 q=48
2026-05-07 09:52:21,964  INFO  [AgentTemporal] valuation mult=1.027 rel=0.530 up=52.93% tp=52.93% trend=+0.0012 q=48
2026-05-07 09:52:22,040  INFO  [Diversity] bear_score multiplier=0.754
2026-05-07 09:52:22,041  INFO  [Diversity] fundamental_score multiplier=0.759
2026-05-07 09:52:22,041  INFO  [Diversity] momentum_score multiplier=0.773
2026-05-07 09:52:22,041  INFO  [Diversity] sector_score multiplier=0.815
2026-05-07 09:52:22,042  INFO  [Diversity] valuation_score multiplier=0.769
2026-05-07 09:52:22,652  INFO  [RuleQuality] bear multiplier=0.000
2026-05-07 09:52:22,652  INFO  [RuleQuality] fundamental multiplier=0.225
2026-05-07 09:52:22,652  INFO  [RuleQuality] momentum multiplier=0.217
2026-05-07 09:52:22,652  INFO  [RuleQuality] valuation multiplier=0.136
2026-05-07 09:52:22,742  INFO  [Dispersion] SCORE_DISPERSION_MIN_STD=0.0500
2026-05-07 09:52:22,742  INFO  [Dispersion] SCORE_DISPERSION_MIN_SCALE=0.3500
2026-05-07 09:52:22,742  INFO  [Dispersion] fundamental_score: std=0.103601 -> scale=1.0000 (sin shrink)
2026-05-07 09:52:22,742  INFO  [Dispersion] valuation_score: std=0.097346 -> scale=1.0000 (sin shrink)
2026-05-07 09:52:22,752  INFO  [Dispersion] momentum_score: std=0.097359 -> scale=1.0000 (sin shrink)
2026-05-07 09:52:22,752  INFO  [Dispersion] bear_score: std=0.089559 -> scale=1.0000 (sin shrink)
2026-05-07 09:52:22,752  INFO  [Dispersion] sector_score: std=0.130583 -> scale=1.0000 (sin shrink)
2026-05-07 09:52:22,752  INFO  [Fold T06_20240215] 2/3 — Entrenando MetaLearner sobre scores OOF (anti-leakage)...
2026-05-07 09:52:29,673  INFO  [alpha_meta_learner] Diagnostics → diagnostics_T06_20240215.json
2026-05-07 09:52:29,673  INFO  [Fold T06_20240215] 3/3 — Generando predicciones sobre el quarter de test (423 tickers)...
2026-05-07 09:52:35,600  INFO  [AgentScore/fundamental] n=423 | min=0.3480 q10=0.4435 q25=0.4643 mean=0.4932 q50=0.4904 q75=0.5170 q90=0.5527 max=0.6199
2026-05-07 09:52:35,600  INFO  [AgentScore/fundamental] cobertura umbral: >=0.50=42.6% | >=0.55=10.6% | >=0.60=1.9%
2026-05-07 09:52:40,380  INFO  [AgentScore/valuation] n=423 | min=0.3048 q10=0.4116 q25=0.4317 mean=0.4763 q50=0.4602 q75=0.5187 q90=0.5620 max=0.6885
2026-05-07 09:52:40,380  INFO  [AgentScore/valuation] cobertura umbral: >=0.50=31.4% | >=0.55=13.2% | >=0.60=5.7%
2026-05-07 09:52:45,008  INFO  [AgentScore/momentum] n=423 | min=0.4128 q10=0.4478 q25=0.4667 mean=0.4927 q50=0.4873 q75=0.5159 q90=0.5440 max=0.6158
2026-05-07 09:52:45,008  INFO  [AgentScore/momentum] cobertura umbral: >=0.50=37.6% | >=0.55=7.8% | >=0.60=1.2%
2026-05-07 09:52:50,595  INFO  [AgentScore/bear/risk] n=423 | min=0.3080 q10=0.4180 q25=0.4556 mean=0.5084 q50=0.5177 q75=0.5572 q90=0.5870 max=0.6823
2026-05-07 09:52:50,596  INFO  [AgentScore/bear/risk] cobertura umbral: >=0.50=60.5% | >=0.55=29.8% | >=0.60=5.2%
2026-05-07 09:52:50,609  INFO  [AgentScore/bear/safety] n=423 | min=0.3177 q10=0.4130 q25=0.4428 mean=0.4916 q50=0.4823 q75=0.5444 q90=0.5820 max=0.6920
2026-05-07 09:52:50,610  INFO  [AgentScore/bear/safety] cobertura umbral: >=0.50=39.5% | >=0.55=22.0% | >=0.60=4.5%
2026-05-07 09:52:50,633  INFO  [AgentScore/ensemble_mean_pre_meta] n=423 | min=0.3757 q10=0.4465 q25=0.4669 mean=0.4885 q50=0.4880 q75=0.5077 q90=0.5268 max=0.5828
2026-05-07 09:52:50,634  INFO  [AgentScore/ensemble_mean_pre_meta] cobertura umbral: >=0.50=33.8% | >=0.55=4.3% | >=0.60=0.0%
2026-05-07 09:52:50,736  INFO  [SectorRotationAgent] Sector scores:
2026-05-07 09:52:50,736  INFO      Leisure Products                score=0.929
2026-05-07 09:52:50,736  INFO      Airlines                        score=0.914
2026-05-07 09:52:50,736  INFO      Utilities                       score=0.882
2026-05-07 09:52:50,736  INFO      Consumer Discretionary          score=0.855
2026-05-07 09:52:50,736  INFO      Auto Components                 score=0.842
2026-05-07 09:52:50,736  INFO      Distributors                    score=0.833
2026-05-07 09:52:50,736  INFO      Metals & Mining                 score=0.813
2026-05-07 09:52:50,736  INFO      Packaging                       score=0.796
2026-05-07 09:52:50,736  INFO      Industrial Conglomerates        score=0.791
2026-05-07 09:52:50,743  INFO      Tobacco                         score=0.781
2026-05-07 09:52:50,743  INFO      Financials                      score=0.778
2026-05-07 09:52:50,743  INFO      Building                        score=0.773
2026-05-07 09:52:50,743  INFO      Hotels, Restaurants & Leisure   score=0.766
2026-05-07 09:52:50,743  INFO      Road & Rail                     score=0.766
2026-05-07 09:52:50,745  INFO      Textiles, Apparel & Luxury Goods  score=0.752
2026-05-07 09:52:50,745  INFO      Consumer products               score=0.745
2026-05-07 09:52:50,746  INFO      Construction                    score=0.741
2026-05-07 09:52:50,746  INFO      Life Sciences Tools & Services  score=0.736
2026-05-07 09:52:50,746  INFO      Industrials                     score=0.735
2026-05-07 09:52:50,746  INFO      Communication Services          score=0.732
2026-05-07 09:52:50,747  INFO      Health Care                     score=0.731
2026-05-07 09:52:50,747  INFO      Telecommunication               score=0.714
2026-05-07 09:52:50,748  INFO      Electrical Equipment            score=0.710
2026-05-07 09:52:50,748  INFO      Materials                       score=0.704
2026-05-07 09:52:50,748  INFO      Consumer Staples                score=0.703
2026-05-07 09:52:50,749  INFO      Professional Services           score=0.698
2026-05-07 09:52:50,749  INFO      Banking                         score=0.685
2026-05-07 09:52:50,750  INFO      Machinery                       score=0.678
2026-05-07 09:52:50,750  INFO      Real Estate                     score=0.660
2026-05-07 09:52:50,750  INFO      Healthcare                      score=0.659
2026-05-07 09:52:50,750  INFO      Technology                      score=0.656
2026-05-07 09:52:50,750  INFO      Commercial Services & Supplies  score=0.638
2026-05-07 09:52:50,750  INFO      Communications                  score=0.592
2026-05-07 09:52:50,750  INFO      Energy                          score=0.556
2026-05-07 09:52:50,750  INFO      Trading Companies & Distributors  score=0.554
2026-05-07 09:52:51,143  INFO  [Meta/final_score_pre_sector_adjust] n=423 | min=0.1887 q10=0.2544 q25=0.3493 mean=0.5051 q50=0.5048 q75=0.6565 q90=0.7521 max=0.8561
2026-05-07 09:52:51,143  INFO  [Meta/final_score_pre_sector_adjust] cobertura umbral: >=0.50=50.4% | >=0.55=42.8% | >=0.60=34.3%
2026-05-07 09:52:51,179  INFO  [SectorAdjust] params: SECTOR_CONFIDENCE_PEERS=10, SECTOR_SCORE_PRIOR_BASE=0.500, SECTOR_SCORE_PRIOR_WEIGHT=0.150
2026-05-07 09:52:51,192  INFO  [SectorAdjust/final_score_raw] n=423 | min=0.1887 q10=0.2544 q25=0.3493 mean=0.5051 q50=0.5048 q75=0.6565 q90=0.7521 max=0.8561
2026-05-07 09:52:51,192  INFO  [SectorAdjust/final_score_raw] cobertura umbral: >=0.50=50.4% | >=0.55=42.8% | >=0.60=34.3%
2026-05-07 09:52:51,198  INFO  [SectorAdjust/sector_score] n=423 | min=0.5438 q10=0.6273 q25=0.6308 mean=0.6860 q50=0.6883 q75=0.7267 q90=0.7893 max=0.8501
2026-05-07 09:52:51,199  INFO  [SectorAdjust/sector_score] cobertura umbral: >=0.50=100.0% | >=0.55=95.0% | >=0.60=94.3%
2026-05-07 09:52:51,206  INFO  [SectorAdjust/sector_confidence] n=423 | min=0.3162 q10=0.7071 q25=1.0000 mean=0.9444 q50=1.0000 q75=1.0000 q90=1.0000 max=1.0000
2026-05-07 09:52:51,206  INFO  [SectorAdjust/sector_confidence] cobertura umbral: >=0.50=98.6% | >=0.55=95.7% | >=0.60=95.7%
2026-05-07 09:52:51,207  INFO  [SectorAdjust/sector_tilt] n=423 | min=0.0036 q10=0.0165 q25=0.0196 mean=0.0262 q50=0.0250 q75=0.0325 q90=0.0434 max=0.0467
2026-05-07 09:52:51,207  INFO  [SectorAdjust/sector_tilt] cobertura umbral: >=0.50=0.0% | >=0.55=0.0% | >=0.60=0.0%
2026-05-07 09:52:51,219  INFO  [SectorAdjust/final_score_adjusted] n=423 | min=0.1949 q10=0.2848 q25=0.3788 mean=0.5314 q50=0.5339 q75=0.6851 q90=0.7828 max=0.8995
2026-05-07 09:52:51,219  INFO  [SectorAdjust/final_score_adjusted] cobertura umbral: >=0.50=56.0% | >=0.55=46.8% | >=0.60=38.3%
2026-05-07 09:52:51,221  INFO  [RiskDiag] bear_risk>=hard_threshold(0.90): 0/423 (0.0%)
2026-05-07 09:52:51,224  INFO  [Fold T06_20240215] 3/3 — Predicciones listas. Scores en rango [0.195, 0.900]
2026-05-07 09:52:51,276  INFO  [FeatureUsage] Reporte fold T06_20240215 -> feature_usage_report.csv
2026-05-07 09:52:53,053  INFO  [Visualizer] Distribucion scores -> score_distribution_T06_20240215.png
2026-05-07 09:54:10,996  INFO  [Backtester] 2024Q1: 394 tickers superaron umbral 0.00 â†’ selecting target=7, final=7 (min=3, sector_cap=3)
2026-05-07 09:54:10,996  INFO  [Backtester] 2024Q1: precios parciales 2024-02-15 -> 2025-02-14 (teorico hasta 2025-02-15)
2026-05-07 09:54:11,048  INFO  [Trail] 2024Q1: 11 events → portfolio_trail_2024Q1.csv
2026-05-07 09:54:11,120  INFO  [Backtester] 2024Q1: optimizer=hrp pre-entry trailing window applied
2026-05-07 09:54:11,133  INFO  [Backtester] 2024Q1 â€” cartera final (hrp+cap(0.20), 7 stocks):
2026-05-07 09:54:11,144  INFO      AVGO      peso=0.103  score=0.849  ret=+59.78%
2026-05-07 09:54:11,145  INFO      ORLY      peso=0.200  score=0.900  ret=+25.85%
2026-05-07 09:54:11,147  INFO      LRCX      peso=0.095  score=0.843  ret=-16.20%
2026-05-07 09:54:11,147  INFO      NVDA      peso=0.103  score=0.786  ret=+48.64%
2026-05-07 09:54:11,151  INFO      DXCM      peso=0.157  score=0.758  ret=-36.57%
2026-05-07 09:54:11,153  INFO      MPC       peso=0.200  score=0.774  ret=-15.50%
2026-05-07 09:54:11,154  INFO      BX        peso=0.142  score=0.818  ret=+31.82%
2026-05-07 09:54:11,165  INFO  [Backtester] 2024Q1 â€” 7 stocks | Cartera=+11.41%  Benchmark=+21.57%  Alpha=-10.16%  Sharpe=0.48
2026-05-07 09:55:37,548  WARNING  [T06_20240215] Source audit detected 2949 incidents (diagnostic-only).
2026-05-07 09:55:37,558  WARNING  [T06_20240215] Strict fold leakage detected: 422 rows after as-of.
2026-05-07 09:55:38,514  INFO  [Trail] Exported 11 trailing stop events to trailing_stop_evolution.csv
2026-05-07 09:55:45,373  INFO  [Visualizer] Rendimiento 2024Q1 -> performance.png
2026-05-07 09:55:47,000  INFO  [FoldReport] Fold 2024Q1: scores for 423 tickers saved â†’ scores.csv
2026-05-07 09:55:47,477  INFO  [Visualizer] Feature importances -> feat_imp_fundamental_T06_20240215.png
2026-05-07 09:55:47,948  INFO  [Visualizer] Feature importances -> feat_imp_valuation_T06_20240215.png
2026-05-07 09:55:48,396  INFO  [Visualizer] Feature importances -> feat_imp_momentum_T06_20240215.png
2026-05-07 09:55:48,846  INFO  [Visualizer] Feature importances -> feat_imp_bear_T06_20240215.png
2026-05-07 09:55:49,084  INFO  [Visualizer] Feature importances -> feat_imp_sector_rotation_T06_20240215.png
2026-05-07 09:55:49,403  INFO  [Explainer] Fold 2024Q1: explicaciones de 60 tickers -> ticker_explanations.csv y ticker_explanations.json
2026-05-07 09:55:49,417  INFO  [T07_20250215] SP500 dynamic @entry 2025-02-15: 503 active members
2026-05-07 09:55:49,417  INFO  [T07_20250215] Cambios vs fold previo (2024-02-15 -> 2025-02-15): +18 entran, -18 salen
2026-05-07 09:55:49,417  INFO  [T07_20250215]   Entran (muestra): APO, CPAY, CRWD, DECK, DELL, DOC, ERIE, GDDY, GEV, KKR, LII, PLTR
2026-05-07 09:55:49,417  INFO  [T07_20250215]   Salen  (muestra): AAL, BBWI, BIO, CMA, CTLT, ETSY, FLT, ILMN, MRO, PEAK, PXD, QRVO
2026-05-07 09:55:49,571  INFO  [T07_20250215] Cobertura test pre-filtro: 568 tickers con snapshot/relleno
2026-05-07 09:55:49,571  INFO  [T07_20250215] Filtro SP500 @entry: 568 -> 491 tickers (excluidos por no ser miembro activo: 77)
2026-05-07 09:55:49,571  INFO  [T07_20250215]   No miembro SP500 @entry (muestra): AAL, AAP, AET, AIV, ALK, AMG, AMTM, APP, ARES, BBWI, BHF, BIO
2026-05-07 09:55:49,575  INFO  [T07_20250215]   Miembros SP500 sin snapshot usable en quarter (muestra): ANSS, DFS, FI, FOX, HES, IPG, JNPR, K, MMC, NWS, PARA, WBA
2026-05-07 09:55:50,092  INFO  [T07_20250215] Universo base fold (SP500 @entry): 503 tickers
2026-05-07 09:55:50,093  INFO  [T07_20250215]   Fuera del universo base @entry (muestra): AAL, AAP, AET, AIV, ALK, AMG, AMTM, APP, ARES, BBWI, BHF, BIO
2026-05-07 09:55:50,097  INFO  [T07_20250215]   Excluidos por historial insuficiente (<144M train): 75 | muestra: ABBV, ABNB, AEP, ALLE, AMCR, ANET, APO, CARR, CDW, CEG, CFG, CMS
2026-05-07 09:55:50,097  INFO  [T07_20250215] Intento train=144M -> test elegible 416/503 (82.7%) | min requerido=378
2026-05-07 09:55:50,098  INFO  [T07_20250215] Ventana seleccionada: 144M (2013-02-15 -> 2025-02-15) | tickers elegibles=416
2026-05-07 09:55:50,117  INFO  [T07_20250215] Eligibility audit (12Y) -> ticker_eligibility_audit.csv
2026-05-07 09:55:50,117  INFO  [T07_20250215] Eligibility reason summary -> eligibility_reason_summary.csv
2026-05-07 09:55:50,127  INFO  
============================================================
2026-05-07 09:55:50,127  INFO    ANALYSIS T07_20250215
2026-05-07 09:55:50,127  INFO    Train : 2013-02-15 → 2025-02-15  (~12 years)
2026-05-07 09:55:50,127  INFO    Mode  : anchored-entry schedule
2026-05-07 09:55:50,127  INFO    Test  : snapshot simulado en 2025-02-15 (as-of exacto, sin lag)
2026-05-07 09:55:50,127  INFO  ============================================================
2026-05-07 09:55:50,131  INFO  [T07_20250215] Ventana real de precios: 2025-02-15 -> 2026-02-13 (250 dias)
2026-05-07 09:56:34,117  INFO  [TP/SL] Building adaptive labels for fold: train_rows=19968, test_rows=416, strategies=3
2026-05-07 09:56:34,117  INFO  [TP/SL] Strategy=conservative -> generating train adaptive targets...
2026-05-07 09:56:34,875  INFO  [TP/SL][conservative] Adaptive target pass start: rows=19968, lag_days=0, holding_months=12
2026-05-07 09:58:39,877  INFO  [TP/SL][conservative] progress: 998/19968 (5.0%) | TP=317 SL=365 NONE=316 | 125.0s elapsed (8.0 rows/s)
2026-05-07 10:00:43,017  INFO  [TP/SL][conservative] progress: 1996/19968 (10.0%) | TP=602 SL=731 NONE=663 | 248.1s elapsed (8.0 rows/s)
2026-05-07 10:02:47,357  INFO  [TP/SL][conservative] progress: 2994/19968 (15.0%) | TP=891 SL=1133 NONE=970 | 372.5s elapsed (8.0 rows/s)
2026-05-07 10:04:50,772  INFO  [TP/SL][conservative] progress: 3992/19968 (20.0%) | TP=1223 SL=1526 NONE=1243 | 495.9s elapsed (8.0 rows/s)
2026-05-07 10:06:55,719  INFO  [TP/SL][conservative] progress: 4990/19968 (25.0%) | TP=1524 SL=1907 NONE=1559 | 620.8s elapsed (8.0 rows/s)
2026-05-07 10:08:59,035  INFO  [TP/SL][conservative] progress: 5988/19968 (30.0%) | TP=1849 SL=2309 NONE=1830 | 744.2s elapsed (8.0 rows/s)
2026-05-07 10:11:02,830  INFO  [TP/SL][conservative] progress: 6986/19968 (35.0%) | TP=2166 SL=2705 NONE=2115 | 868.0s elapsed (8.0 rows/s)
2026-05-07 10:13:05,663  INFO  [TP/SL][conservative] progress: 7984/19968 (40.0%) | TP=2477 SL=3113 NONE=2394 | 990.8s elapsed (8.1 rows/s)
2026-05-07 10:15:08,452  INFO  [TP/SL][conservative] progress: 8982/19968 (45.0%) | TP=2766 SL=3525 NONE=2691 | 1113.6s elapsed (8.1 rows/s)
2026-05-07 10:17:13,510  INFO  [TP/SL][conservative] progress: 9980/19968 (50.0%) | TP=3078 SL=3912 NONE=2990 | 1238.6s elapsed (8.1 rows/s)
2026-05-07 10:19:16,373  INFO  [TP/SL][conservative] progress: 10978/19968 (55.0%) | TP=3392 SL=4279 NONE=3307 | 1361.5s elapsed (8.1 rows/s)
2026-05-07 10:21:19,318  INFO  [TP/SL][conservative] progress: 11976/19968 (60.0%) | TP=3669 SL=4664 NONE=3643 | 1484.4s elapsed (8.1 rows/s)
2026-05-07 10:23:22,784  INFO  [TP/SL][conservative] progress: 12974/19968 (65.0%) | TP=3956 SL=5044 NONE=3974 | 1607.9s elapsed (8.1 rows/s)
2026-05-07 10:25:27,300  INFO  [TP/SL][conservative] progress: 13972/19968 (70.0%) | TP=4268 SL=5425 NONE=4279 | 1732.4s elapsed (8.1 rows/s)
2026-05-07 10:27:30,983  INFO  [TP/SL][conservative] progress: 14970/19968 (75.0%) | TP=4583 SL=5796 NONE=4591 | 1856.1s elapsed (8.1 rows/s)
2026-05-07 10:29:35,671  INFO  [TP/SL][conservative] progress: 15968/19968 (80.0%) | TP=4902 SL=6192 NONE=4874 | 1980.8s elapsed (8.1 rows/s)
2026-05-07 10:31:40,233  INFO  [TP/SL][conservative] progress: 16966/19968 (85.0%) | TP=5195 SL=6590 NONE=5181 | 2105.4s elapsed (8.1 rows/s)
2026-05-07 10:33:43,125  INFO  [TP/SL][conservative] progress: 17964/19968 (90.0%) | TP=5517 SL=6965 NONE=5482 | 2228.3s elapsed (8.1 rows/s)
2026-05-07 10:35:47,589  INFO  [TP/SL][conservative] progress: 18962/19968 (95.0%) | TP=5774 SL=7365 NONE=5823 | 2352.7s elapsed (8.1 rows/s)
2026-05-07 10:37:51,140  INFO  [TP/SL][conservative] progress: 19960/19968 (100.0%) | TP=6115 SL=7744 NONE=6101 | 2476.3s elapsed (8.1 rows/s)
2026-05-07 10:37:52,426  INFO  [TP/SL][conservative] progress: 19968/19968 (100.0%) | TP=6116 SL=7749 NONE=6103 | 2477.6s elapsed (8.1 rows/s)
2026-05-07 10:37:52,460  INFO  [TP/SL][conservative] pass complete: rows=19968 | TP=6116 SL=7749 NONE=6103 | 2477.6s total
2026-05-07 10:37:52,470  INFO  [TP/SL] Strategy=conservative -> generating test adaptive targets...
2026-05-07 10:37:53,020  INFO  [TP/SL][conservative] Adaptive target pass start: rows=416, lag_days=0, holding_months=12
2026-05-07 10:38:33,744  INFO  [TP/SL][conservative] progress: 250/416 (60.1%) | TP=66 SL=122 NONE=62 | 40.7s elapsed (6.1 rows/s)
2026-05-07 10:39:01,190  INFO  [TP/SL][conservative] progress: 416/416 (100.0%) | TP=105 SL=195 NONE=116 | 68.2s elapsed (6.1 rows/s)
2026-05-07 10:39:01,190  INFO  [TP/SL][conservative] pass complete: rows=416 | TP=105 SL=195 NONE=116 | 68.2s total
2026-05-07 10:39:01,207  INFO  [TP/SL] Strategy=conservative ready: utility=0.0075, hit_rate=30.63%, train_labels=19968, test_labels=416 [2547.1s]
2026-05-07 10:39:01,208  INFO  [TP/SL] Strategy=balanced -> generating train adaptive targets...
2026-05-07 10:39:01,752  INFO  [TP/SL][balanced] Adaptive target pass start: rows=19968, lag_days=0, holding_months=12
2026-05-07 10:39:25,390  INFO  [TP/SL][balanced] progress: 998/19968 (5.0%) | TP=236 SL=341 NONE=421 | 23.6s elapsed (42.2 rows/s)
2026-05-07 10:39:47,616  INFO  [TP/SL][balanced] progress: 1996/19968 (10.0%) | TP=459 SL=662 NONE=875 | 45.9s elapsed (43.5 rows/s)
2026-05-07 10:40:10,855  INFO  [TP/SL][balanced] progress: 2994/19968 (15.0%) | TP=669 SL=1030 NONE=1295 | 69.1s elapsed (43.3 rows/s)
2026-05-07 10:40:32,969  INFO  [TP/SL][balanced] progress: 3992/19968 (20.0%) | TP=925 SL=1384 NONE=1683 | 91.2s elapsed (43.8 rows/s)
2026-05-07 10:40:56,205  INFO  [TP/SL][balanced] progress: 4990/19968 (25.0%) | TP=1137 SL=1722 NONE=2131 | 114.4s elapsed (43.6 rows/s)
2026-05-07 10:41:18,868  INFO  [TP/SL][balanced] progress: 5988/19968 (30.0%) | TP=1377 SL=2077 NONE=2534 | 137.1s elapsed (43.7 rows/s)
2026-05-07 10:41:41,355  INFO  [TP/SL][balanced] progress: 6986/19968 (35.0%) | TP=1615 SL=2432 NONE=2939 | 159.6s elapsed (43.8 rows/s)
2026-05-07 10:42:03,803  INFO  [TP/SL][balanced] progress: 7984/19968 (40.0%) | TP=1836 SL=2785 NONE=3363 | 182.0s elapsed (43.9 rows/s)
2026-05-07 10:42:25,834  INFO  [TP/SL][balanced] progress: 8982/19968 (45.0%) | TP=2033 SL=3159 NONE=3790 | 204.1s elapsed (44.0 rows/s)
2026-05-07 10:42:49,291  INFO  [TP/SL][balanced] progress: 9980/19968 (50.0%) | TP=2282 SL=3499 NONE=4199 | 227.5s elapsed (43.9 rows/s)
2026-05-07 10:43:11,737  INFO  [TP/SL][balanced] progress: 10978/19968 (55.0%) | TP=2517 SL=3811 NONE=4650 | 250.0s elapsed (43.9 rows/s)
2026-05-07 10:43:33,608  INFO  [TP/SL][balanced] progress: 11976/19968 (60.0%) | TP=2688 SL=4147 NONE=5141 | 271.8s elapsed (44.1 rows/s)
2026-05-07 10:43:56,156  INFO  [TP/SL][balanced] progress: 12974/19968 (65.0%) | TP=2912 SL=4485 NONE=5577 | 294.4s elapsed (44.1 rows/s)
2026-05-07 10:44:19,221  INFO  [TP/SL][balanced] progress: 13972/19968 (70.0%) | TP=3147 SL=4817 NONE=6008 | 317.5s elapsed (44.0 rows/s)
2026-05-07 10:44:41,953  INFO  [TP/SL][balanced] progress: 14970/19968 (75.0%) | TP=3388 SL=5145 NONE=6437 | 340.2s elapsed (44.0 rows/s)
2026-05-07 10:45:05,093  INFO  [TP/SL][balanced] progress: 15968/19968 (80.0%) | TP=3601 SL=5493 NONE=6874 | 363.3s elapsed (43.9 rows/s)
2026-05-07 10:45:28,223  INFO  [TP/SL][balanced] progress: 16966/19968 (85.0%) | TP=3823 SL=5870 NONE=7273 | 386.5s elapsed (43.9 rows/s)
2026-05-07 10:45:50,639  INFO  [TP/SL][balanced] progress: 17964/19968 (90.0%) | TP=4066 SL=6197 NONE=7701 | 408.9s elapsed (43.9 rows/s)
2026-05-07 10:46:12,995  INFO  [TP/SL][balanced] progress: 18962/19968 (95.0%) | TP=4256 SL=6544 NONE=8162 | 431.2s elapsed (44.0 rows/s)
2026-05-07 10:46:35,396  INFO  [TP/SL][balanced] progress: 19960/19968 (100.0%) | TP=4515 SL=6883 NONE=8562 | 453.6s elapsed (44.0 rows/s)
2026-05-07 10:46:35,582  INFO  [TP/SL][balanced] progress: 19968/19968 (100.0%) | TP=4516 SL=6887 NONE=8565 | 453.8s elapsed (44.0 rows/s)
2026-05-07 10:46:35,611  INFO  [TP/SL][balanced] pass complete: rows=19968 | TP=4516 SL=6887 NONE=8565 | 453.9s total
2026-05-07 10:46:35,611  INFO  [TP/SL] Strategy=balanced -> generating test adaptive targets...
2026-05-07 10:46:36,405  INFO  [TP/SL][balanced] Adaptive target pass start: rows=416, lag_days=0, holding_months=12
2026-05-07 10:46:41,976  INFO  [TP/SL][balanced] progress: 250/416 (60.1%) | TP=50 SL=107 NONE=93 | 5.6s elapsed (44.9 rows/s)
2026-05-07 10:46:45,783  INFO  [TP/SL][balanced] progress: 416/416 (100.0%) | TP=72 SL=162 NONE=182 | 9.4s elapsed (44.4 rows/s)
2026-05-07 10:46:45,783  INFO  [TP/SL][balanced] pass complete: rows=416 | TP=72 SL=162 NONE=182 | 9.4s total
2026-05-07 10:46:45,793  INFO  [TP/SL] Strategy=balanced ready: utility=-0.0298, hit_rate=22.62%, train_labels=19968, test_labels=416 [464.6s]
2026-05-07 10:46:45,793  INFO  [TP/SL] Strategy=aggressive -> generating train adaptive targets...
2026-05-07 10:46:46,612  INFO  [TP/SL][aggressive] Adaptive target pass start: rows=19968, lag_days=0, holding_months=12
2026-05-07 10:47:10,018  INFO  [TP/SL][aggressive] progress: 998/19968 (5.0%) | TP=183 SL=267 NONE=548 | 23.4s elapsed (42.6 rows/s)
2026-05-07 10:47:32,413  INFO  [TP/SL][aggressive] progress: 1996/19968 (10.0%) | TP=363 SL=533 NONE=1100 | 45.8s elapsed (43.6 rows/s)
2026-05-07 10:47:55,419  INFO  [TP/SL][aggressive] progress: 2994/19968 (15.0%) | TP=519 SL=815 NONE=1660 | 68.8s elapsed (43.5 rows/s)
2026-05-07 10:48:17,536  INFO  [TP/SL][aggressive] progress: 3992/19968 (20.0%) | TP=713 SL=1112 NONE=2167 | 90.9s elapsed (43.9 rows/s)
2026-05-07 10:48:40,579  INFO  [TP/SL][aggressive] progress: 4990/19968 (25.0%) | TP=869 SL=1357 NONE=2764 | 114.0s elapsed (43.8 rows/s)
2026-05-07 10:49:03,084  INFO  [TP/SL][aggressive] progress: 5988/19968 (30.0%) | TP=1062 SL=1636 NONE=3290 | 136.5s elapsed (43.9 rows/s)
2026-05-07 10:49:25,533  INFO  [TP/SL][aggressive] progress: 6986/19968 (35.0%) | TP=1255 SL=1917 NONE=3814 | 158.9s elapsed (44.0 rows/s)
2026-05-07 10:49:47,890  INFO  [TP/SL][aggressive] progress: 7984/19968 (40.0%) | TP=1440 SL=2191 NONE=4353 | 181.3s elapsed (44.0 rows/s)
2026-05-07 10:50:10,032  INFO  [TP/SL][aggressive] progress: 8982/19968 (45.0%) | TP=1592 SL=2482 NONE=4908 | 203.4s elapsed (44.2 rows/s)
2026-05-07 10:50:33,033  INFO  [TP/SL][aggressive] progress: 9980/19968 (50.0%) | TP=1774 SL=2758 NONE=5448 | 226.4s elapsed (44.1 rows/s)
2026-05-07 10:50:55,394  INFO  [TP/SL][aggressive] progress: 10978/19968 (55.0%) | TP=1955 SL=3003 NONE=6020 | 248.8s elapsed (44.1 rows/s)
2026-05-07 10:51:17,259  INFO  [TP/SL][aggressive] progress: 11976/19968 (60.0%) | TP=2084 SL=3272 NONE=6620 | 270.7s elapsed (44.2 rows/s)
2026-05-07 10:51:39,778  INFO  [TP/SL][aggressive] progress: 12974/19968 (65.0%) | TP=2273 SL=3535 NONE=7166 | 293.2s elapsed (44.3 rows/s)
2026-05-07 10:52:02,539  INFO  [TP/SL][aggressive] progress: 13972/19968 (70.0%) | TP=2465 SL=3800 NONE=7707 | 315.9s elapsed (44.2 rows/s)
2026-05-07 10:52:25,290  INFO  [TP/SL][aggressive] progress: 14970/19968 (75.0%) | TP=2659 SL=4055 NONE=8256 | 338.7s elapsed (44.2 rows/s)
2026-05-07 10:52:48,148  INFO  [TP/SL][aggressive] progress: 15968/19968 (80.0%) | TP=2832 SL=4316 NONE=8820 | 361.5s elapsed (44.2 rows/s)
2026-05-07 10:53:11,386  INFO  [TP/SL][aggressive] progress: 16966/19968 (85.0%) | TP=2999 SL=4606 NONE=9361 | 384.8s elapsed (44.1 rows/s)
2026-05-07 10:53:33,497  INFO  [TP/SL][aggressive] progress: 17964/19968 (90.0%) | TP=3190 SL=4874 NONE=9900 | 406.9s elapsed (44.1 rows/s)
2026-05-07 10:53:56,189  INFO  [TP/SL][aggressive] progress: 18962/19968 (95.0%) | TP=3344 SL=5156 NONE=10462 | 429.6s elapsed (44.1 rows/s)
2026-05-07 10:54:18,487  INFO  [TP/SL][aggressive] progress: 19960/19968 (100.0%) | TP=3534 SL=5427 NONE=10999 | 451.9s elapsed (44.2 rows/s)
2026-05-07 10:54:18,659  INFO  [TP/SL][aggressive] progress: 19968/19968 (100.0%) | TP=3535 SL=5431 NONE=11002 | 452.1s elapsed (44.2 rows/s)
2026-05-07 10:54:18,697  INFO  [TP/SL][aggressive] pass complete: rows=19968 | TP=3535 SL=5431 NONE=11002 | 452.1s total
2026-05-07 10:54:18,702  INFO  [TP/SL] Strategy=aggressive -> generating test adaptive targets...
2026-05-07 10:54:19,270  INFO  [TP/SL][aggressive] Adaptive target pass start: rows=416, lag_days=0, holding_months=12
2026-05-07 10:54:24,835  INFO  [TP/SL][aggressive] progress: 250/416 (60.1%) | TP=40 SL=84 NONE=126 | 5.6s elapsed (44.8 rows/s)
2026-05-07 10:54:28,683  INFO  [TP/SL][aggressive] progress: 416/416 (100.0%) | TP=56 SL=118 NONE=242 | 9.4s elapsed (44.2 rows/s)
2026-05-07 10:54:28,683  INFO  [TP/SL][aggressive] pass complete: rows=416 | TP=56 SL=118 NONE=242 | 9.4s total
2026-05-07 10:54:28,693  INFO  [TP/SL] Strategy=aggressive ready: utility=-0.0787, hit_rate=17.70%, train_labels=19968, test_labels=416 [462.9s]
2026-05-07 10:54:28,693  INFO  [TP/SL] Strategy=conservative__relax1 -> generating train adaptive targets...
2026-05-07 10:54:29,546  INFO  [TP/SL][conservative__relax1] Adaptive target pass start: rows=19968, lag_days=0, holding_months=12
2026-05-07 10:54:52,646  INFO  [TP/SL][conservative__relax1] progress: 998/19968 (5.0%) | TP=495 SL=311 NONE=192 | 23.1s elapsed (43.2 rows/s)
2026-05-07 10:55:14,929  INFO  [TP/SL][conservative__relax1] progress: 1996/19968 (10.0%) | TP=1013 SL=620 NONE=363 | 45.4s elapsed (44.0 rows/s)
2026-05-07 10:55:37,645  INFO  [TP/SL][conservative__relax1] progress: 2994/19968 (15.0%) | TP=1474 SL=996 NONE=524 | 68.1s elapsed (44.0 rows/s)
2026-05-07 10:55:59,494  INFO  [TP/SL][conservative__relax1] progress: 3992/19968 (20.0%) | TP=1933 SL=1340 NONE=719 | 89.9s elapsed (44.4 rows/s)
2026-05-07 10:56:22,433  INFO  [TP/SL][conservative__relax1] progress: 4990/19968 (25.0%) | TP=2431 SL=1676 NONE=883 | 112.9s elapsed (44.2 rows/s)
2026-05-07 10:56:44,553  INFO  [TP/SL][conservative__relax1] progress: 5988/19968 (30.0%) | TP=2930 SL=2041 NONE=1017 | 135.0s elapsed (44.4 rows/s)
2026-05-07 10:57:09,211  INFO  [TP/SL][conservative__relax1] progress: 6986/19968 (35.0%) | TP=3403 SL=2399 NONE=1184 | 159.7s elapsed (43.8 rows/s)
2026-05-07 10:57:33,997  INFO  [TP/SL][conservative__relax1] progress: 7984/19968 (40.0%) | TP=3872 SL=2796 NONE=1316 | 184.5s elapsed (43.3 rows/s)
2026-05-07 10:57:57,895  INFO  [TP/SL][conservative__relax1] progress: 8982/19968 (45.0%) | TP=4334 SL=3163 NONE=1485 | 208.3s elapsed (43.1 rows/s)
2026-05-07 10:58:23,629  INFO  [TP/SL][conservative__relax1] progress: 9980/19968 (50.0%) | TP=4817 SL=3529 NONE=1634 | 234.1s elapsed (42.6 rows/s)
2026-05-07 10:58:47,677  INFO  [TP/SL][conservative__relax1] progress: 10978/19968 (55.0%) | TP=5290 SL=3845 NONE=1843 | 258.1s elapsed (42.5 rows/s)
2026-05-07 10:59:12,846  INFO  [TP/SL][conservative__relax1] progress: 11976/19968 (60.0%) | TP=5793 SL=4160 NONE=2023 | 283.3s elapsed (42.3 rows/s)
2026-05-07 10:59:40,552  INFO  [TP/SL][conservative__relax1] progress: 12974/19968 (65.0%) | TP=6290 SL=4496 NONE=2188 | 311.0s elapsed (41.7 rows/s)
2026-05-07 11:00:06,665  INFO  [TP/SL][conservative__relax1] progress: 13972/19968 (70.0%) | TP=6831 SL=4820 NONE=2321 | 337.1s elapsed (41.4 rows/s)
2026-05-07 11:00:30,945  INFO  [TP/SL][conservative__relax1] progress: 14970/19968 (75.0%) | TP=7279 SL=5169 NONE=2522 | 361.4s elapsed (41.4 rows/s)
2026-05-07 11:00:55,759  INFO  [TP/SL][conservative__relax1] progress: 15968/19968 (80.0%) | TP=7764 SL=5519 NONE=2685 | 386.2s elapsed (41.3 rows/s)
2026-05-07 11:01:21,028  INFO  [TP/SL][conservative__relax1] progress: 16966/19968 (85.0%) | TP=8239 SL=5877 NONE=2850 | 411.5s elapsed (41.2 rows/s)
2026-05-07 11:01:44,988  INFO  [TP/SL][conservative__relax1] progress: 17964/19968 (90.0%) | TP=8740 SL=6221 NONE=3003 | 435.4s elapsed (41.3 rows/s)
2026-05-07 11:02:09,051  INFO  [TP/SL][conservative__relax1] progress: 18962/19968 (95.0%) | TP=9229 SL=6561 NONE=3172 | 459.5s elapsed (41.3 rows/s)
2026-05-07 11:02:33,216  INFO  [TP/SL][conservative__relax1] progress: 19960/19968 (100.0%) | TP=9699 SL=6911 NONE=3350 | 483.7s elapsed (41.3 rows/s)
2026-05-07 11:02:33,405  INFO  [TP/SL][conservative__relax1] progress: 19968/19968 (100.0%) | TP=9703 SL=6915 NONE=3350 | 483.9s elapsed (41.3 rows/s)
2026-05-07 11:02:33,442  INFO  [TP/SL][conservative__relax1] pass complete: rows=19968 | TP=9703 SL=6915 NONE=3350 | 483.9s total
2026-05-07 11:02:33,449  INFO  [TP/SL] Strategy=conservative__relax1 -> generating test adaptive targets...
2026-05-07 11:02:34,051  INFO  [TP/SL][conservative__relax1] Adaptive target pass start: rows=416, lag_days=0, holding_months=12
2026-05-07 11:02:40,377  INFO  [TP/SL][conservative__relax1] progress: 250/416 (60.1%) | TP=103 SL=118 NONE=29 | 6.3s elapsed (39.5 rows/s)
2026-05-07 11:02:44,495  INFO  [TP/SL][conservative__relax1] progress: 416/416 (100.0%) | TP=165 SL=184 NONE=67 | 10.4s elapsed (39.8 rows/s)
2026-05-07 11:02:44,497  INFO  [TP/SL][conservative__relax1] pass complete: rows=416 | TP=165 SL=184 NONE=67 | 10.4s total
2026-05-07 11:02:44,511  INFO  [TP/SL] Strategy=conservative__relax1 ready: utility=0.0183, hit_rate=48.59%, train_labels=19968, test_labels=416 [495.8s]
2026-05-07 11:02:44,512  INFO  [TP/SL] Strategy=conservative__relax2 -> generating train adaptive targets...
2026-05-07 11:02:45,118  INFO  [TP/SL][conservative__relax2] Adaptive target pass start: rows=19968, lag_days=0, holding_months=12
2026-05-07 11:03:10,617  INFO  [TP/SL][conservative__relax2] progress: 998/19968 (5.0%) | TP=495 SL=311 NONE=192 | 25.5s elapsed (39.1 rows/s)
2026-05-07 11:03:34,728  INFO  [TP/SL][conservative__relax2] progress: 1996/19968 (10.0%) | TP=1013 SL=620 NONE=363 | 49.6s elapsed (40.2 rows/s)
2026-05-07 11:03:59,509  INFO  [TP/SL][conservative__relax2] progress: 2994/19968 (15.0%) | TP=1474 SL=996 NONE=524 | 74.4s elapsed (40.2 rows/s)
2026-05-07 11:04:23,665  INFO  [TP/SL][conservative__relax2] progress: 3992/19968 (20.0%) | TP=1933 SL=1340 NONE=719 | 98.5s elapsed (40.5 rows/s)
2026-05-07 11:04:48,469  INFO  [TP/SL][conservative__relax2] progress: 4990/19968 (25.0%) | TP=2431 SL=1676 NONE=883 | 123.4s elapsed (40.5 rows/s)
2026-05-07 11:05:12,852  INFO  [TP/SL][conservative__relax2] progress: 5988/19968 (30.0%) | TP=2930 SL=2041 NONE=1017 | 147.7s elapsed (40.5 rows/s)
2026-05-07 11:05:36,675  INFO  [TP/SL][conservative__relax2] progress: 6986/19968 (35.0%) | TP=3403 SL=2399 NONE=1184 | 171.6s elapsed (40.7 rows/s)
2026-05-07 11:06:00,690  INFO  [TP/SL][conservative__relax2] progress: 7984/19968 (40.0%) | TP=3872 SL=2796 NONE=1316 | 195.6s elapsed (40.8 rows/s)
2026-05-07 11:06:24,320  INFO  [TP/SL][conservative__relax2] progress: 8982/19968 (45.0%) | TP=4334 SL=3163 NONE=1485 | 219.2s elapsed (41.0 rows/s)
2026-05-07 11:06:49,422  INFO  [TP/SL][conservative__relax2] progress: 9980/19968 (50.0%) | TP=4817 SL=3529 NONE=1634 | 244.3s elapsed (40.9 rows/s)
2026-05-07 11:07:13,693  INFO  [TP/SL][conservative__relax2] progress: 10978/19968 (55.0%) | TP=5290 SL=3845 NONE=1843 | 268.6s elapsed (40.9 rows/s)
2026-05-07 11:07:36,216  INFO  [TP/SL][conservative__relax2] progress: 11976/19968 (60.0%) | TP=5793 SL=4160 NONE=2023 | 291.1s elapsed (41.1 rows/s)
2026-05-07 11:07:58,729  INFO  [TP/SL][conservative__relax2] progress: 12974/19968 (65.0%) | TP=6290 SL=4496 NONE=2188 | 313.6s elapsed (41.4 rows/s)
2026-05-07 11:08:24,212  INFO  [TP/SL][conservative__relax2] progress: 13972/19968 (70.0%) | TP=6831 SL=4820 NONE=2321 | 339.1s elapsed (41.2 rows/s)
2026-05-07 11:08:48,350  INFO  [TP/SL][conservative__relax2] progress: 14970/19968 (75.0%) | TP=7279 SL=5169 NONE=2522 | 363.2s elapsed (41.2 rows/s)
2026-05-07 11:09:13,110  INFO  [TP/SL][conservative__relax2] progress: 15968/19968 (80.0%) | TP=7764 SL=5519 NONE=2685 | 388.0s elapsed (41.2 rows/s)
2026-05-07 11:09:38,148  INFO  [TP/SL][conservative__relax2] progress: 16966/19968 (85.0%) | TP=8239 SL=5877 NONE=2850 | 413.0s elapsed (41.1 rows/s)
2026-05-07 11:10:01,965  INFO  [TP/SL][conservative__relax2] progress: 17964/19968 (90.0%) | TP=8740 SL=6221 NONE=3003 | 436.8s elapsed (41.1 rows/s)
2026-05-07 11:10:26,038  INFO  [TP/SL][conservative__relax2] progress: 18962/19968 (95.0%) | TP=9229 SL=6561 NONE=3172 | 460.9s elapsed (41.1 rows/s)
2026-05-07 11:10:50,110  INFO  [TP/SL][conservative__relax2] progress: 19960/19968 (100.0%) | TP=9699 SL=6911 NONE=3350 | 485.0s elapsed (41.2 rows/s)
2026-05-07 11:10:50,306  INFO  [TP/SL][conservative__relax2] progress: 19968/19968 (100.0%) | TP=9703 SL=6915 NONE=3350 | 485.2s elapsed (41.2 rows/s)
2026-05-07 11:10:50,344  INFO  [TP/SL][conservative__relax2] pass complete: rows=19968 | TP=9703 SL=6915 NONE=3350 | 485.2s total
2026-05-07 11:10:50,353  INFO  [TP/SL] Strategy=conservative__relax2 -> generating test adaptive targets...
2026-05-07 11:10:50,955  INFO  [TP/SL][conservative__relax2] Adaptive target pass start: rows=416, lag_days=0, holding_months=12
2026-05-07 11:10:57,329  INFO  [TP/SL][conservative__relax2] progress: 250/416 (60.1%) | TP=103 SL=118 NONE=29 | 6.4s elapsed (39.2 rows/s)
2026-05-07 11:11:01,533  INFO  [TP/SL][conservative__relax2] progress: 416/416 (100.0%) | TP=165 SL=184 NONE=67 | 10.6s elapsed (39.3 rows/s)
2026-05-07 11:11:01,535  INFO  [TP/SL][conservative__relax2] pass complete: rows=416 | TP=165 SL=184 NONE=67 | 10.6s total
2026-05-07 11:11:01,546  INFO  [TP/SL] Strategy=conservative__relax2 ready: utility=0.0183, hit_rate=48.59%, train_labels=19968, test_labels=416 [497.0s]
2026-05-07 11:11:01,547  INFO  [TP/SL] Strategy=balanced__relax1 -> generating train adaptive targets...
2026-05-07 11:11:02,177  INFO  [TP/SL][balanced__relax1] Adaptive target pass start: rows=19968, lag_days=0, holding_months=12
2026-05-07 11:11:27,376  INFO  [TP/SL][balanced__relax1] progress: 998/19968 (5.0%) | TP=495 SL=311 NONE=192 | 25.2s elapsed (39.6 rows/s)
2026-05-07 11:11:51,630  INFO  [TP/SL][balanced__relax1] progress: 1996/19968 (10.0%) | TP=1013 SL=620 NONE=363 | 49.5s elapsed (40.4 rows/s)
2026-05-07 11:12:16,479  INFO  [TP/SL][balanced__relax1] progress: 2994/19968 (15.0%) | TP=1474 SL=996 NONE=524 | 74.3s elapsed (40.3 rows/s)
2026-05-07 11:12:39,214  INFO  [TP/SL][balanced__relax1] progress: 3992/19968 (20.0%) | TP=1933 SL=1340 NONE=719 | 97.0s elapsed (41.1 rows/s)
2026-05-07 11:13:02,489  INFO  [TP/SL][balanced__relax1] progress: 4990/19968 (25.0%) | TP=2431 SL=1676 NONE=883 | 120.3s elapsed (41.5 rows/s)
2026-05-07 11:13:27,066  INFO  [TP/SL][balanced__relax1] progress: 5988/19968 (30.0%) | TP=2930 SL=2041 NONE=1017 | 144.9s elapsed (41.3 rows/s)
2026-05-07 11:13:51,403  INFO  [TP/SL][balanced__relax1] progress: 6986/19968 (35.0%) | TP=3403 SL=2399 NONE=1184 | 169.2s elapsed (41.3 rows/s)
2026-05-07 11:14:16,744  INFO  [TP/SL][balanced__relax1] progress: 7984/19968 (40.0%) | TP=3872 SL=2796 NONE=1316 | 194.6s elapsed (41.0 rows/s)
2026-05-07 11:14:41,191  INFO  [TP/SL][balanced__relax1] progress: 8982/19968 (45.0%) | TP=4334 SL=3163 NONE=1485 | 219.0s elapsed (41.0 rows/s)
2026-05-07 11:15:06,552  INFO  [TP/SL][balanced__relax1] progress: 9980/19968 (50.0%) | TP=4817 SL=3529 NONE=1634 | 244.4s elapsed (40.8 rows/s)
2026-05-07 11:15:30,788  INFO  [TP/SL][balanced__relax1] progress: 10978/19968 (55.0%) | TP=5290 SL=3845 NONE=1843 | 268.6s elapsed (40.9 rows/s)
2026-05-07 11:15:54,804  INFO  [TP/SL][balanced__relax1] progress: 11976/19968 (60.0%) | TP=5793 SL=4160 NONE=2023 | 292.6s elapsed (40.9 rows/s)
2026-05-07 11:16:19,130  INFO  [TP/SL][balanced__relax1] progress: 12974/19968 (65.0%) | TP=6290 SL=4496 NONE=2188 | 317.0s elapsed (40.9 rows/s)
2026-05-07 11:16:44,047  INFO  [TP/SL][balanced__relax1] progress: 13972/19968 (70.0%) | TP=6831 SL=4820 NONE=2321 | 341.9s elapsed (40.9 rows/s)
2026-05-07 11:17:08,544  INFO  [TP/SL][balanced__relax1] progress: 14970/19968 (75.0%) | TP=7279 SL=5169 NONE=2522 | 366.4s elapsed (40.9 rows/s)
2026-05-07 11:17:33,787  INFO  [TP/SL][balanced__relax1] progress: 15968/19968 (80.0%) | TP=7764 SL=5519 NONE=2685 | 391.6s elapsed (40.8 rows/s)
2026-05-07 11:17:58,635  INFO  [TP/SL][balanced__relax1] progress: 16966/19968 (85.0%) | TP=8239 SL=5877 NONE=2850 | 416.5s elapsed (40.7 rows/s)
2026-05-07 11:18:23,167  INFO  [TP/SL][balanced__relax1] progress: 17964/19968 (90.0%) | TP=8740 SL=6221 NONE=3003 | 441.0s elapsed (40.7 rows/s)
2026-05-07 11:18:47,711  INFO  [TP/SL][balanced__relax1] progress: 18962/19968 (95.0%) | TP=9229 SL=6561 NONE=3172 | 465.5s elapsed (40.7 rows/s)
2026-05-07 11:19:12,938  INFO  [TP/SL][balanced__relax1] progress: 19960/19968 (100.0%) | TP=9699 SL=6911 NONE=3350 | 490.8s elapsed (40.7 rows/s)
2026-05-07 11:19:13,143  INFO  [TP/SL][balanced__relax1] progress: 19968/19968 (100.0%) | TP=9703 SL=6915 NONE=3350 | 491.0s elapsed (40.7 rows/s)
2026-05-07 11:19:13,194  INFO  [TP/SL][balanced__relax1] pass complete: rows=19968 | TP=9703 SL=6915 NONE=3350 | 491.0s total
2026-05-07 11:19:13,202  INFO  [TP/SL] Strategy=balanced__relax1 -> generating test adaptive targets...
2026-05-07 11:19:13,947  INFO  [TP/SL][balanced__relax1] Adaptive target pass start: rows=416, lag_days=0, holding_months=12
2026-05-07 11:19:20,226  INFO  [TP/SL][balanced__relax1] progress: 250/416 (60.1%) | TP=103 SL=118 NONE=29 | 6.3s elapsed (39.8 rows/s)
2026-05-07 11:19:24,483  INFO  [TP/SL][balanced__relax1] progress: 416/416 (100.0%) | TP=165 SL=184 NONE=67 | 10.5s elapsed (39.5 rows/s)
2026-05-07 11:19:24,483  INFO  [TP/SL][balanced__relax1] pass complete: rows=416 | TP=165 SL=184 NONE=67 | 10.5s total
2026-05-07 11:19:24,495  INFO  [TP/SL] Strategy=balanced__relax1 ready: utility=0.0183, hit_rate=48.59%, train_labels=19968, test_labels=416 [502.9s]
2026-05-07 11:19:24,495  INFO  [TP/SL] Strategy=balanced__relax2 -> generating train adaptive targets...
2026-05-07 11:19:25,111  INFO  [TP/SL][balanced__relax2] Adaptive target pass start: rows=19968, lag_days=0, holding_months=12
2026-05-07 11:19:50,553  INFO  [TP/SL][balanced__relax2] progress: 998/19968 (5.0%) | TP=292 SL=344 NONE=362 | 25.4s elapsed (39.2 rows/s)
2026-05-07 11:20:13,259  INFO  [TP/SL][balanced__relax2] progress: 1996/19968 (10.0%) | TP=556 SL=689 NONE=751 | 48.2s elapsed (41.4 rows/s)
2026-05-07 11:20:37,263  INFO  [TP/SL][balanced__relax2] progress: 2994/19968 (15.0%) | TP=823 SL=1095 NONE=1076 | 72.1s elapsed (41.5 rows/s)
2026-05-07 11:21:03,635  INFO  [TP/SL][balanced__relax2] progress: 3992/19968 (20.0%) | TP=1137 SL=1467 NONE=1388 | 98.5s elapsed (40.5 rows/s)
2026-05-07 11:21:31,039  INFO  [TP/SL][balanced__relax2] progress: 4990/19968 (25.0%) | TP=1408 SL=1835 NONE=1747 | 125.9s elapsed (39.6 rows/s)
2026-05-07 11:21:55,582  INFO  [TP/SL][balanced__relax2] progress: 5988/19968 (30.0%) | TP=1691 SL=2249 NONE=2048 | 150.5s elapsed (39.8 rows/s)
2026-05-07 11:22:20,249  INFO  [TP/SL][balanced__relax2] progress: 6986/19968 (35.0%) | TP=1974 SL=2652 NONE=2360 | 175.1s elapsed (39.9 rows/s)
2026-05-07 11:22:44,676  INFO  [TP/SL][balanced__relax2] progress: 7984/19968 (40.0%) | TP=2243 SL=3089 NONE=2652 | 199.6s elapsed (40.0 rows/s)
2026-05-07 11:23:08,707  INFO  [TP/SL][balanced__relax2] progress: 8982/19968 (45.0%) | TP=2505 SL=3485 NONE=2992 | 223.6s elapsed (40.2 rows/s)
2026-05-07 11:23:34,704  INFO  [TP/SL][balanced__relax2] progress: 9980/19968 (50.0%) | TP=2796 SL=3885 NONE=3299 | 249.6s elapsed (40.0 rows/s)
2026-05-07 11:23:58,910  INFO  [TP/SL][balanced__relax2] progress: 10978/19968 (55.0%) | TP=3087 SL=4225 NONE=3666 | 273.8s elapsed (40.1 rows/s)
2026-05-07 11:24:22,957  INFO  [TP/SL][balanced__relax2] progress: 11976/19968 (60.0%) | TP=3323 SL=4596 NONE=4057 | 297.8s elapsed (40.2 rows/s)
2026-05-07 11:24:47,501  INFO  [TP/SL][balanced__relax2] progress: 12974/19968 (65.0%) | TP=3586 SL=4975 NONE=4413 | 322.4s elapsed (40.2 rows/s)
2026-05-07 11:25:12,253  INFO  [TP/SL][balanced__relax2] progress: 13972/19968 (70.0%) | TP=3867 SL=5350 NONE=4755 | 347.1s elapsed (40.2 rows/s)
2026-05-07 11:25:36,997  INFO  [TP/SL][balanced__relax2] progress: 14970/19968 (75.0%) | TP=4152 SL=5730 NONE=5088 | 371.9s elapsed (40.3 rows/s)
2026-05-07 11:26:02,076  INFO  [TP/SL][balanced__relax2] progress: 15968/19968 (80.0%) | TP=4439 SL=6114 NONE=5415 | 397.0s elapsed (40.2 rows/s)
2026-05-07 11:26:27,006  INFO  [TP/SL][balanced__relax2] progress: 16966/19968 (85.0%) | TP=4703 SL=6496 NONE=5767 | 421.9s elapsed (40.2 rows/s)
2026-05-07 11:26:51,633  INFO  [TP/SL][balanced__relax2] progress: 17964/19968 (90.0%) | TP=4992 SL=6872 NONE=6100 | 446.5s elapsed (40.2 rows/s)
2026-05-07 11:27:16,510  INFO  [TP/SL][balanced__relax2] progress: 18962/19968 (95.0%) | TP=5220 SL=7248 NONE=6494 | 471.4s elapsed (40.2 rows/s)
2026-05-07 11:27:40,995  INFO  [TP/SL][balanced__relax2] progress: 19960/19968 (100.0%) | TP=5533 SL=7629 NONE=6798 | 495.9s elapsed (40.3 rows/s)
2026-05-07 11:27:41,192  INFO  [TP/SL][balanced__relax2] progress: 19968/19968 (100.0%) | TP=5534 SL=7634 NONE=6800 | 496.1s elapsed (40.3 rows/s)
2026-05-07 11:27:41,230  INFO  [TP/SL][balanced__relax2] pass complete: rows=19968 | TP=5534 SL=7634 NONE=6800 | 496.1s total
2026-05-07 11:27:41,238  INFO  [TP/SL] Strategy=balanced__relax2 -> generating test adaptive targets...
2026-05-07 11:27:41,847  INFO  [TP/SL][balanced__relax2] Adaptive target pass start: rows=416, lag_days=0, holding_months=12
2026-05-07 11:27:48,128  INFO  [TP/SL][balanced__relax2] progress: 250/416 (60.1%) | TP=60 SL=129 NONE=61 | 6.3s elapsed (39.8 rows/s)
2026-05-07 11:27:52,342  INFO  [TP/SL][balanced__relax2] progress: 416/416 (100.0%) | TP=93 SL=202 NONE=121 | 10.5s elapsed (39.6 rows/s)
2026-05-07 11:27:52,342  INFO  [TP/SL][balanced__relax2] pass complete: rows=416 | TP=93 SL=202 NONE=121 | 10.5s total
2026-05-07 11:27:52,356  INFO  [TP/SL] Strategy=balanced__relax2 ready: utility=0.0030, hit_rate=27.71%, train_labels=19968, test_labels=416 [507.9s]
2026-05-07 11:27:52,357  INFO  [TP/SL] Strategy=aggressive__relax1 -> generating train adaptive targets...
2026-05-07 11:27:52,965  INFO  [TP/SL][aggressive__relax1] Adaptive target pass start: rows=19968, lag_days=0, holding_months=12
2026-05-07 11:28:19,407  INFO  [TP/SL][aggressive__relax1] progress: 998/19968 (5.0%) | TP=211 SL=351 NONE=436 | 26.4s elapsed (37.7 rows/s)
2026-05-07 11:28:43,806  INFO  [TP/SL][aggressive__relax1] progress: 1996/19968 (10.0%) | TP=406 SL=701 NONE=889 | 50.8s elapsed (39.3 rows/s)
2026-05-07 11:29:08,923  INFO  [TP/SL][aggressive__relax1] progress: 2994/19968 (15.0%) | TP=584 SL=1117 NONE=1293 | 76.0s elapsed (39.4 rows/s)
2026-05-07 11:29:32,976  INFO  [TP/SL][aggressive__relax1] progress: 3992/19968 (20.0%) | TP=808 SL=1495 NONE=1689 | 100.0s elapsed (39.9 rows/s)
2026-05-07 11:29:57,924  INFO  [TP/SL][aggressive__relax1] progress: 4990/19968 (25.0%) | TP=989 SL=1872 NONE=2129 | 125.0s elapsed (39.9 rows/s)
2026-05-07 11:30:22,642  INFO  [TP/SL][aggressive__relax1] progress: 5988/19968 (30.0%) | TP=1205 SL=2297 NONE=2486 | 149.7s elapsed (40.0 rows/s)
2026-05-07 11:30:47,033  INFO  [TP/SL][aggressive__relax1] progress: 6986/19968 (35.0%) | TP=1419 SL=2703 NONE=2864 | 174.1s elapsed (40.1 rows/s)
2026-05-07 11:31:11,139  INFO  [TP/SL][aggressive__relax1] progress: 7984/19968 (40.0%) | TP=1621 SL=3149 NONE=3214 | 198.2s elapsed (40.3 rows/s)
2026-05-07 11:31:35,307  INFO  [TP/SL][aggressive__relax1] progress: 8982/19968 (45.0%) | TP=1794 SL=3560 NONE=3628 | 222.3s elapsed (40.4 rows/s)
2026-05-07 11:32:00,752  INFO  [TP/SL][aggressive__relax1] progress: 9980/19968 (50.0%) | TP=2006 SL=3972 NONE=4002 | 247.8s elapsed (40.3 rows/s)
2026-05-07 11:32:25,180  INFO  [TP/SL][aggressive__relax1] progress: 10978/19968 (55.0%) | TP=2207 SL=4324 NONE=4447 | 272.2s elapsed (40.3 rows/s)
2026-05-07 11:32:48,829  INFO  [TP/SL][aggressive__relax1] progress: 11976/19968 (60.0%) | TP=2357 SL=4705 NONE=4914 | 295.9s elapsed (40.5 rows/s)
2026-05-07 11:33:11,862  INFO  [TP/SL][aggressive__relax1] progress: 12974/19968 (65.0%) | TP=2559 SL=5089 NONE=5326 | 318.9s elapsed (40.7 rows/s)
2026-05-07 11:33:35,809  INFO  [TP/SL][aggressive__relax1] progress: 13972/19968 (70.0%) | TP=2765 SL=5470 NONE=5737 | 342.8s elapsed (40.8 rows/s)
2026-05-07 11:33:58,712  INFO  [TP/SL][aggressive__relax1] progress: 14970/19968 (75.0%) | TP=2979 SL=5855 NONE=6136 | 365.7s elapsed (40.9 rows/s)
2026-05-07 11:34:22,450  INFO  [TP/SL][aggressive__relax1] progress: 15968/19968 (80.0%) | TP=3171 SL=6248 NONE=6549 | 389.5s elapsed (41.0 rows/s)
2026-05-07 11:34:45,682  INFO  [TP/SL][aggressive__relax1] progress: 16966/19968 (85.0%) | TP=3363 SL=6643 NONE=6960 | 412.7s elapsed (41.1 rows/s)
2026-05-07 11:35:08,175  INFO  [TP/SL][aggressive__relax1] progress: 17964/19968 (90.0%) | TP=3575 SL=7028 NONE=7361 | 435.2s elapsed (41.3 rows/s)
2026-05-07 11:35:31,106  INFO  [TP/SL][aggressive__relax1] progress: 18962/19968 (95.0%) | TP=3752 SL=7406 NONE=7804 | 458.1s elapsed (41.4 rows/s)
2026-05-07 11:35:53,566  INFO  [TP/SL][aggressive__relax1] progress: 19960/19968 (100.0%) | TP=3972 SL=7793 NONE=8195 | 480.6s elapsed (41.5 rows/s)
2026-05-07 11:35:53,974  INFO  [TP/SL][aggressive__relax1] progress: 19968/19968 (100.0%) | TP=3973 SL=7798 NONE=8197 | 481.0s elapsed (41.5 rows/s)
2026-05-07 11:35:54,012  INFO  [TP/SL][aggressive__relax1] pass complete: rows=19968 | TP=3973 SL=7798 NONE=8197 | 481.0s total
2026-05-07 11:35:54,019  INFO  [TP/SL] Strategy=aggressive__relax1 -> generating test adaptive targets...
2026-05-07 11:35:54,591  INFO  [TP/SL][aggressive__relax1] Adaptive target pass start: rows=416, lag_days=0, holding_months=12
2026-05-07 11:36:00,374  INFO  [TP/SL][aggressive__relax1] progress: 250/416 (60.1%) | TP=42 SL=129 NONE=79 | 5.8s elapsed (43.2 rows/s)
2026-05-07 11:36:04,187  INFO  [TP/SL][aggressive__relax1] progress: 416/416 (100.0%) | TP=61 SL=203 NONE=152 | 9.6s elapsed (43.3 rows/s)
2026-05-07 11:36:04,188  INFO  [TP/SL][aggressive__relax1] pass complete: rows=416 | TP=61 SL=203 NONE=152 | 9.6s total
2026-05-07 11:36:04,199  INFO  [TP/SL] Strategy=aggressive__relax1 ready: utility=-0.0130, hit_rate=19.90%, train_labels=19968, test_labels=416 [491.8s]
2026-05-07 11:36:04,199  INFO  [TP/SL] Strategy=aggressive__relax2 -> generating train adaptive targets...
2026-05-07 11:36:04,866  INFO  [TP/SL][aggressive__relax2] Adaptive target pass start: rows=19968, lag_days=0, holding_months=12
2026-05-07 11:36:28,756  INFO  [TP/SL][aggressive__relax2] progress: 998/19968 (5.0%) | TP=495 SL=311 NONE=192 | 23.9s elapsed (41.8 rows/s)
2026-05-07 11:36:53,091  INFO  [TP/SL][aggressive__relax2] progress: 1996/19968 (10.0%) | TP=1013 SL=620 NONE=363 | 48.2s elapsed (41.4 rows/s)
2026-05-07 11:37:20,999  INFO  [TP/SL][aggressive__relax2] progress: 2994/19968 (15.0%) | TP=1474 SL=996 NONE=524 | 76.1s elapsed (39.3 rows/s)
2026-05-07 11:37:44,135  INFO  [TP/SL][aggressive__relax2] progress: 3992/19968 (20.0%) | TP=1933 SL=1340 NONE=719 | 99.3s elapsed (40.2 rows/s)
2026-05-07 11:38:08,111  INFO  [TP/SL][aggressive__relax2] progress: 4990/19968 (25.0%) | TP=2431 SL=1676 NONE=883 | 123.2s elapsed (40.5 rows/s)
2026-05-07 11:38:31,561  INFO  [TP/SL][aggressive__relax2] progress: 5988/19968 (30.0%) | TP=2930 SL=2041 NONE=1017 | 146.7s elapsed (40.8 rows/s)
2026-05-07 11:38:54,922  INFO  [TP/SL][aggressive__relax2] progress: 6986/19968 (35.0%) | TP=3403 SL=2399 NONE=1184 | 170.1s elapsed (41.1 rows/s)
2026-05-07 11:39:17,908  INFO  [TP/SL][aggressive__relax2] progress: 7984/19968 (40.0%) | TP=3872 SL=2796 NONE=1316 | 193.0s elapsed (41.4 rows/s)
2026-05-07 11:39:41,228  INFO  [TP/SL][aggressive__relax2] progress: 8982/19968 (45.0%) | TP=4334 SL=3163 NONE=1485 | 216.4s elapsed (41.5 rows/s)
2026-05-07 11:40:06,070  INFO  [TP/SL][aggressive__relax2] progress: 9980/19968 (50.0%) | TP=4817 SL=3529 NONE=1634 | 241.2s elapsed (41.4 rows/s)
2026-05-07 11:40:28,847  INFO  [TP/SL][aggressive__relax2] progress: 10978/19968 (55.0%) | TP=5290 SL=3845 NONE=1843 | 264.0s elapsed (41.6 rows/s)
2026-05-07 11:40:51,204  INFO  [TP/SL][aggressive__relax2] progress: 11976/19968 (60.0%) | TP=5793 SL=4160 NONE=2023 | 286.3s elapsed (41.8 rows/s)
2026-05-07 11:41:14,207  INFO  [TP/SL][aggressive__relax2] progress: 12974/19968 (65.0%) | TP=6290 SL=4496 NONE=2188 | 309.3s elapsed (41.9 rows/s)
2026-05-07 11:41:37,851  INFO  [TP/SL][aggressive__relax2] progress: 13972/19968 (70.0%) | TP=6831 SL=4820 NONE=2321 | 333.0s elapsed (42.0 rows/s)
2026-05-07 11:42:01,017  INFO  [TP/SL][aggressive__relax2] progress: 14970/19968 (75.0%) | TP=7279 SL=5169 NONE=2522 | 356.2s elapsed (42.0 rows/s)
2026-05-07 11:42:24,548  INFO  [TP/SL][aggressive__relax2] progress: 15968/19968 (80.0%) | TP=7764 SL=5519 NONE=2685 | 379.7s elapsed (42.1 rows/s)
2026-05-07 11:42:48,114  INFO  [TP/SL][aggressive__relax2] progress: 16966/19968 (85.0%) | TP=8239 SL=5877 NONE=2850 | 403.2s elapsed (42.1 rows/s)
2026-05-07 11:43:10,739  INFO  [TP/SL][aggressive__relax2] progress: 17964/19968 (90.0%) | TP=8740 SL=6221 NONE=3003 | 425.9s elapsed (42.2 rows/s)
2026-05-07 11:43:33,611  INFO  [TP/SL][aggressive__relax2] progress: 18962/19968 (95.0%) | TP=9229 SL=6561 NONE=3172 | 448.7s elapsed (42.3 rows/s)
2026-05-07 11:43:56,276  INFO  [TP/SL][aggressive__relax2] progress: 19960/19968 (100.0%) | TP=9699 SL=6911 NONE=3350 | 471.4s elapsed (42.3 rows/s)
2026-05-07 11:43:56,464  INFO  [TP/SL][aggressive__relax2] progress: 19968/19968 (100.0%) | TP=9703 SL=6915 NONE=3350 | 471.6s elapsed (42.3 rows/s)
2026-05-07 11:43:56,496  INFO  [TP/SL][aggressive__relax2] pass complete: rows=19968 | TP=9703 SL=6915 NONE=3350 | 471.6s total
2026-05-07 11:43:56,503  INFO  [TP/SL] Strategy=aggressive__relax2 -> generating test adaptive targets...
2026-05-07 11:43:57,068  INFO  [TP/SL][aggressive__relax2] Adaptive target pass start: rows=416, lag_days=0, holding_months=12
2026-05-07 11:44:02,666  INFO  [TP/SL][aggressive__relax2] progress: 250/416 (60.1%) | TP=103 SL=118 NONE=29 | 5.6s elapsed (44.7 rows/s)
2026-05-07 11:44:06,546  INFO  [TP/SL][aggressive__relax2] progress: 416/416 (100.0%) | TP=165 SL=184 NONE=67 | 9.5s elapsed (43.9 rows/s)
2026-05-07 11:44:06,547  INFO  [TP/SL][aggressive__relax2] pass complete: rows=416 | TP=165 SL=184 NONE=67 | 9.5s total
2026-05-07 11:44:06,559  INFO  [TP/SL] Strategy=aggressive__relax2 ready: utility=0.0183, hit_rate=48.59%, train_labels=19968, test_labels=416 [482.4s]
2026-05-07 11:44:06,560  INFO  [TP/SL] Fine-tuning activated: base_best=conservative utility=0.0075 hit_rate=30.63% (min_utility=0.0000, min_hit=48.00%)
2026-05-07 11:44:06,560  INFO  [TP/SL] Selected training strategy=conservative (variant=conservative__relax1) | utility=0.0183 | hit_rate=48.59%
2026-05-07 11:44:07,392  INFO  [Fold T07_20250215] 1/3 — Entrenando agentes base con datos de entrenamiento del fold...
2026-05-07 11:44:07,546  INFO  [Fold T07_20250215] Recency weighting enabled (halflife=2.0Y, weight_range=[0.069, 4.051])
2026-05-07 11:48:07,988  INFO  [fundamental] Top-5 features: debt_equity__pct_universe=0.073 | operating_margin=0.060 | ebitda_margin=0.060 | ebitda_margin__pct_universe=0.051 | operating_margin__pct_universe=0.050
2026-05-07 11:48:07,997  INFO  [fundamental] Diagnostics → diagnostics_T07_20250215.json
2026-05-07 11:51:04,724  INFO  [valuation] Top-5 features: ev_to_ebitda=0.068 | fcf_yield__pct_universe=0.066 | ev_to_ebitda__pct_universe=0.062 | fcf_yield=0.055 | pb_ratio=0.055
2026-05-07 11:51:04,731  INFO  [valuation] Diagnostics → diagnostics_T07_20250215.json
2026-05-07 11:54:39,520  INFO  [momentum] Top-5 features: volatility_60d=0.181 | momentum_6m=0.121 | momentum_3m=0.088 | volatility_60d__pct_universe=0.087 | price_vs_52w_high=0.053
2026-05-07 11:54:39,529  INFO  [momentum] Diagnostics → diagnostics_T07_20250215.json
2026-05-07 11:58:25,258  INFO  [bear] Top-5 features: revenue_decline=0.090 | revenue_decline__pct_universe=0.063 | debt_equity__pct_universe=0.051 | interest_coverage__pct_universe=0.050 | interest_coverage=0.050
2026-05-07 11:58:25,270  INFO  [bear] Diagnostics → diagnostics_T07_20250215.json
2026-05-07 11:58:25,385  INFO  [Fold T07_20250215] 1/3 — Entrenando SectorRotationAgent (top-down, nivel sector)...
2026-05-07 11:58:25,386  INFO  [SectorRotationAgent] Building sector dataset — 19968 ticker obs
2026-05-07 11:58:39,482  INFO  [FeatureSelector/sector_rotation] Step 1 — correlation >85%: removed 0 / 14 features
2026-05-07 11:58:39,984  INFO  [FeatureSelector/sector_rotation] Step 2 — combined score (w_relevance=0.65, w_importance=0.35)
2026-05-07 11:58:39,985  INFO  [FeatureSelector/sector_rotation] Step 3 — importance cutoff: top=0.1658, cutoff=0.40 (value=0.0663), min_keep=6, max_keep=10
2026-05-07 11:58:39,985  INFO  [FeatureSelector/sector_rotation]   Feature                               Combined     Imp_RF     pb_y
2026-05-07 11:58:39,985  INFO  [FeatureSelector/sector_rotation]   ----------------------------------- ---------- ---------- --------
2026-05-07 11:58:39,986  INFO  [FeatureSelector/sector_rotation]    1. revenue_yoy_growth                    1.0000     0.1658    0.116  weight= 21.40%
2026-05-07 11:58:39,987  INFO  [FeatureSelector/sector_rotation]    2. net_margin                            0.7059     0.1138    0.084  weight= 14.69%
2026-05-07 11:58:39,987  INFO  [FeatureSelector/sector_rotation]    3. volatility_60d                        0.6283     0.1053    0.074  weight= 13.60%
2026-05-07 11:58:39,988  INFO  [FeatureSelector/sector_rotation]    4. momentum_6m                           0.5039     0.0960    0.056  weight= 12.39%
2026-05-07 11:58:39,988  INFO  [FeatureSelector/sector_rotation]    5. fcf_yield                             0.2727     0.0777    0.024  weight= 10.02%
2026-05-07 11:58:39,989  INFO  [FeatureSelector/sector_rotation]    6. fcf_margin                            0.4251     0.0723    0.051  weight=  9.34%
2026-05-07 11:58:39,989  INFO  [FeatureSelector/sector_rotation]    7. roic                                  0.6090     0.0722    0.083  weight=  9.32%
2026-05-07 11:58:39,990  INFO  [FeatureSelector/sector_rotation]    8. momentum_3m                           0.2485     0.0717    0.022  weight=  9.25%
2026-05-07 11:58:39,990  INFO  [FeatureSelector/sector_rotation]   Discarded by low combined score (6): price_vs_52w_high, earnings_yield, pe_vs_5y_median, sector_vs_market_momentum, risk_adjusted_sector_momentum, ev_to_ebitda
2026-05-07 11:58:39,991  INFO  [FeatureSelector/sector_rotation] Summary: 14 features → pair_drop=0 → corr_drop=0 → imp_drop=6 → 8 selected (cutoff rule + [6,10])
2026-05-07 11:58:40,000  INFO  [SectorRotationAgent] 1440 sector obs | 971 outperform / 469 underperform sectors | 8 features
2026-05-07 11:58:43,076  INFO  [SectorRotationAgent] CV AUC=0.5771 ± 0.0362
2026-05-07 11:58:44,815  INFO  [sector_rotation] Top-5 features: revenue_yoy_growth=0.161 | net_margin=0.150 | volatility_60d=0.130 | fcf_yield=0.129 | momentum_6m=0.129
2026-05-07 11:58:44,820  INFO  [sector_rotation] Diagnostics → diagnostics_T07_20250215.json
2026-05-07 11:58:44,821  INFO  [Fold T07_20250215] 2/3 — Generando scores OOF (3 splits temporales) como input del MetaLearner...
2026-05-07 11:58:44,846  INFO    [OOF] fundamental: generating anti-leakage scores (3 quarter-level temporal splits)
2026-05-07 12:03:47,961  INFO    [OOF/RuleIC] fundamental: rule_signal Spearman IC=-0.0200 (n=13312) — inverted ⚠
2026-05-07 12:03:47,962  INFO    [OOF] valuation: generating anti-leakage scores (3 quarter-level temporal splits)
2026-05-07 12:07:40,571  INFO    [OOF/RuleIC] valuation: rule_signal Spearman IC=-0.0353 (n=13312) — inverted ⚠
2026-05-07 12:07:40,572  INFO    [OOF] momentum: generating anti-leakage scores (3 quarter-level temporal splits)
2026-05-07 12:12:58,909  INFO    [OOF/RuleIC] momentum: rule_signal Spearman IC=-0.0115 (n=13312) — weak/noise
2026-05-07 12:12:58,910  INFO    [OOF] bear: generating anti-leakage scores (3 quarter-level temporal splits)
2026-05-07 12:18:25,625  INFO    [OOF/RuleIC] bear: rule_signal Spearman IC=0.0365 (n=13312) — predictive ✓
2026-05-07 12:18:25,626  INFO    [OOF] sector_rotation: generating OOF sector scores (3 quarter-level splits)
2026-05-07 12:18:25,651  INFO  [SectorRotationAgent] Building sector dataset — 6240 ticker obs
2026-05-07 12:18:29,988  INFO  [FeatureSelector/sector_rotation] Step 1 — correlation >85%: removed 0 / 14 features
2026-05-07 12:18:30,405  INFO  [FeatureSelector/sector_rotation] Step 2 — combined score (w_relevance=0.65, w_importance=0.35)
2026-05-07 12:18:30,405  INFO  [FeatureSelector/sector_rotation] Step 3 — importance cutoff: top=0.1230, cutoff=0.40 (value=0.0492), min_keep=6, max_keep=10
2026-05-07 12:18:30,406  INFO  [FeatureSelector/sector_rotation]   Feature                               Combined     Imp_RF     pb_y
2026-05-07 12:18:30,406  INFO  [FeatureSelector/sector_rotation]   ----------------------------------- ---------- ---------- --------
2026-05-07 12:18:30,407  INFO  [FeatureSelector/sector_rotation]    1. roic                                  1.0000     0.1230    0.162  weight= 13.95%
2026-05-07 12:18:30,407  INFO  [FeatureSelector/sector_rotation]    2. net_margin                            0.5422     0.1168    0.053  weight= 13.25%
2026-05-07 12:18:30,408  INFO  [FeatureSelector/sector_rotation]    3. earnings_yield                        0.6963     0.1003    0.103  weight= 11.38%
2026-05-07 12:18:30,408  INFO  [FeatureSelector/sector_rotation]    4. revenue_yoy_growth                    0.7670     0.0998    0.121  weight= 11.32%
2026-05-07 12:18:30,409  INFO  [FeatureSelector/sector_rotation]    5. momentum_6m                           0.2889     0.0851    0.012  weight=  9.65%
2026-05-07 12:18:30,409  INFO  [FeatureSelector/sector_rotation]    6. price_vs_52w_high                     0.4520     0.0762    0.059  weight=  8.64%
2026-05-07 12:18:30,410  INFO  [FeatureSelector/sector_rotation]    7. momentum_3m                           0.2758     0.0756    0.016  weight=  8.57%
2026-05-07 12:18:30,410  INFO  [FeatureSelector/sector_rotation]    8. ev_to_ebitda                          0.1957     0.0688    0.001  weight=  7.80%
2026-05-07 12:18:30,411  INFO  [FeatureSelector/sector_rotation]    9. fcf_margin                            0.2538     0.0682    0.016  weight=  7.73%
2026-05-07 12:18:30,411  INFO  [FeatureSelector/sector_rotation]   10. volatility_60d                        0.2156     0.0679    0.006  weight=  7.70%
2026-05-07 12:18:30,412  INFO  [FeatureSelector/sector_rotation]   Discarded by low combined score (4): pe_vs_5y_median, sector_vs_market_momentum, risk_adjusted_sector_momentum, fcf_yield
2026-05-07 12:18:30,412  INFO  [FeatureSelector/sector_rotation] Summary: 14 features → pair_drop=0 → corr_drop=0 → imp_drop=4 → 10 selected (cutoff rule + [6,10])
2026-05-07 12:18:30,425  INFO  [SectorRotationAgent] 450 sector obs | 344 outperform / 106 underperform sectors | 10 features
2026-05-07 12:18:32,212  INFO  [SectorRotationAgent] CV AUC=0.6101 ± 0.0811
2026-05-07 12:18:33,132  INFO  [SectorRotationAgent] Sector scores:
2026-05-07 12:18:33,133  INFO      Airlines                        score=0.966
2026-05-07 12:18:33,133  INFO      Packaging                       score=0.950
2026-05-07 12:18:33,133  INFO      Energy                          score=0.945
2026-05-07 12:18:33,134  INFO      Real Estate                     score=0.944
2026-05-07 12:18:33,134  INFO      Life Sciences Tools & Services  score=0.944
2026-05-07 12:18:33,135  INFO      Leisure Products                score=0.938
2026-05-07 12:18:33,135  INFO      Health Care                     score=0.910
2026-05-07 12:18:33,135  INFO      Metals & Mining                 score=0.875
2026-05-07 12:18:33,136  INFO      Auto Components                 score=0.849
2026-05-07 12:18:33,136  INFO      Telecommunication               score=0.845
2026-05-07 12:18:33,137  INFO      Building                        score=0.831
2026-05-07 12:18:33,137  INFO      Technology                      score=0.822
2026-05-07 12:18:33,137  INFO      Hotels, Restaurants & Leisure   score=0.820
2026-05-07 12:18:33,138  INFO      Professional Services           score=0.819
2026-05-07 12:18:33,138  INFO      Tobacco                         score=0.801
2026-05-07 12:18:33,139  INFO      Distributors                    score=0.798
2026-05-07 12:18:33,139  INFO      Industrials                     score=0.793
2026-05-07 12:18:33,139  INFO      Consumer Staples                score=0.782
2026-05-07 12:18:33,140  INFO      Road & Rail                     score=0.775
2026-05-07 12:18:33,140  INFO      Consumer Discretionary          score=0.772
2026-05-07 12:18:33,141  INFO      Industrial Conglomerates        score=0.751
2026-05-07 12:18:33,141  INFO      Commercial Services & Supplies  score=0.751
2026-05-07 12:18:33,141  INFO      Utilities                       score=0.711
2026-05-07 12:18:33,142  INFO      Electrical Equipment            score=0.657
2026-05-07 12:18:33,142  INFO      Consumer products               score=0.644
2026-05-07 12:18:33,143  INFO      Financials                      score=0.641
2026-05-07 12:18:33,143  INFO      Materials                       score=0.635
2026-05-07 12:18:33,143  INFO      Communication Services          score=0.605
2026-05-07 12:18:33,144  INFO      Communications                  score=0.599
2026-05-07 12:18:33,144  INFO      Construction                    score=0.591
2026-05-07 12:18:33,144  INFO      Healthcare                      score=0.494
2026-05-07 12:18:33,145  INFO      Machinery                       score=0.422
2026-05-07 12:18:33,145  INFO      Banking                         score=0.374
2026-05-07 12:18:33,146  INFO      Textiles, Apparel & Luxury Goods  score=0.304
2026-05-07 12:18:33,146  INFO      Trading Companies & Distributors  score=0.301
2026-05-07 12:18:33,188  INFO  [SectorRotationAgent] Building sector dataset — 12896 ticker obs
2026-05-07 12:18:42,462  INFO  [FeatureSelector/sector_rotation] Step 1 — correlation >85%: removed 0 / 14 features
2026-05-07 12:18:42,926  INFO  [FeatureSelector/sector_rotation] Step 2 — combined score (w_relevance=0.65, w_importance=0.35)
2026-05-07 12:18:42,926  INFO  [FeatureSelector/sector_rotation] Step 3 — importance cutoff: top=0.1373, cutoff=0.40 (value=0.0549), min_keep=6, max_keep=10
2026-05-07 12:18:42,926  INFO  [FeatureSelector/sector_rotation]   Feature                               Combined     Imp_RF     pb_y
2026-05-07 12:18:42,926  INFO  [FeatureSelector/sector_rotation]   ----------------------------------- ---------- ---------- --------
2026-05-07 12:18:42,926  INFO  [FeatureSelector/sector_rotation]    1. revenue_yoy_growth                    0.9549     0.1373    0.096  weight= 15.07%
2026-05-07 12:18:42,926  INFO  [FeatureSelector/sector_rotation]    2. fcf_margin                            0.3398     0.1115    0.020  weight= 12.24%
2026-05-07 12:18:42,926  INFO  [FeatureSelector/sector_rotation]    3. momentum_6m                           0.5258     0.1094    0.047  weight= 12.01%
2026-05-07 12:18:42,926  INFO  [FeatureSelector/sector_rotation]    4. net_margin                            0.5455     0.0970    0.054  weight= 10.65%
2026-05-07 12:18:42,926  INFO  [FeatureSelector/sector_rotation]    5. volatility_60d                        0.8962     0.0966    0.102  weight= 10.60%
2026-05-07 12:18:42,937  INFO  [FeatureSelector/sector_rotation]    6. momentum_3m                           0.2777     0.0941    0.018  weight= 10.33%
2026-05-07 12:18:42,937  INFO  [FeatureSelector/sector_rotation]    7. fcf_yield                             0.2981     0.0756    0.027  weight=  8.30%
2026-05-07 12:18:42,938  INFO  [FeatureSelector/sector_rotation]    8. pe_vs_5y_median                       0.3008     0.0665    0.031  weight=  7.30%
2026-05-07 12:18:42,938  INFO  [FeatureSelector/sector_rotation]    9. price_vs_52w_high                     0.5283     0.0635    0.063  weight=  6.97%
2026-05-07 12:18:42,939  INFO  [FeatureSelector/sector_rotation]   10. earnings_yield                        0.2987     0.0595    0.033  weight=  6.53%
2026-05-07 12:18:42,939  INFO  [FeatureSelector/sector_rotation]   Discarded by low combined score (4): roic, sector_vs_market_momentum, risk_adjusted_sector_momentum, ev_to_ebitda
2026-05-07 12:18:42,940  INFO  [FeatureSelector/sector_rotation] Summary: 14 features → pair_drop=0 → corr_drop=0 → imp_drop=4 → 10 selected (cutoff rule + [6,10])
2026-05-07 12:18:42,950  INFO  [SectorRotationAgent] 930 sector obs | 687 outperform / 243 underperform sectors | 10 features
2026-05-07 12:18:45,502  INFO  [SectorRotationAgent] CV AUC=0.5232 ± 0.0560
2026-05-07 12:18:47,016  INFO  [SectorRotationAgent] Sector scores:
2026-05-07 12:18:47,016  INFO      Commercial Services & Supplies  score=0.896
2026-05-07 12:18:47,017  INFO      Life Sciences Tools & Services  score=0.888
2026-05-07 12:18:47,017  INFO      Financials                      score=0.884
2026-05-07 12:18:47,018  INFO      Tobacco                         score=0.874
2026-05-07 12:18:47,018  INFO      Professional Services           score=0.870
2026-05-07 12:18:47,019  INFO      Utilities                       score=0.853
2026-05-07 12:18:47,019  INFO      Telecommunication               score=0.840
2026-05-07 12:18:47,019  INFO      Hotels, Restaurants & Leisure   score=0.810
2026-05-07 12:18:47,020  INFO      Technology                      score=0.806
2026-05-07 12:18:47,020  INFO      Leisure Products                score=0.799
2026-05-07 12:18:47,021  INFO      Communications                  score=0.795
2026-05-07 12:18:47,021  INFO      Trading Companies & Distributors  score=0.791
2026-05-07 12:18:47,022  INFO      Real Estate                     score=0.788
2026-05-07 12:18:47,022  INFO      Auto Components                 score=0.766
2026-05-07 12:18:47,022  INFO      Communication Services          score=0.742
2026-05-07 12:18:47,023  INFO      Healthcare                      score=0.739
2026-05-07 12:18:47,023  INFO      Electrical Equipment            score=0.738
2026-05-07 12:18:47,024  INFO      Consumer Discretionary          score=0.738
2026-05-07 12:18:47,024  INFO      Metals & Mining                 score=0.708
2026-05-07 12:18:47,024  INFO      Textiles, Apparel & Luxury Goods  score=0.670
2026-05-07 12:18:47,025  INFO      Road & Rail                     score=0.667
2026-05-07 12:18:47,025  INFO      Industrials                     score=0.651
2026-05-07 12:18:47,026  INFO      Industrial Conglomerates        score=0.651
2026-05-07 12:18:47,026  INFO      Energy                          score=0.636
2026-05-07 12:18:47,026  INFO      Health Care                     score=0.628
2026-05-07 12:18:47,027  INFO      Construction                    score=0.591
2026-05-07 12:18:47,027  INFO      Machinery                       score=0.555
2026-05-07 12:18:47,029  INFO      Consumer products               score=0.554
2026-05-07 12:18:47,029  INFO      Materials                       score=0.514
2026-05-07 12:18:47,029  INFO      Banking                         score=0.484
2026-05-07 12:18:47,030  INFO      Airlines                        score=0.465
2026-05-07 12:18:47,030  INFO      Building                        score=0.457
2026-05-07 12:18:47,030  INFO      Packaging                       score=0.436
2026-05-07 12:18:47,030  INFO      Distributors                    score=0.405
2026-05-07 12:18:47,031  INFO      Consumer Staples                score=0.353
2026-05-07 12:18:47,119  INFO  [OOF/bear_risk] n=19968 | min=0.1826 q10=0.4045 q25=0.4709 mean=0.5054 q50=0.5000 q75=0.5296 q90=0.6203 max=0.7935
2026-05-07 12:18:47,119  INFO  [OOF/bear_risk] cobertura umbral: >=0.50=66.4% | >=0.55=20.1% | >=0.60=12.3%
2026-05-07 12:18:47,128  INFO  [OOF/bear_safety] n=19968 | min=0.2065 q10=0.3797 q25=0.4704 mean=0.4946 q50=0.5000 q75=0.5291 q90=0.5955 max=0.8174
2026-05-07 12:18:47,128  INFO  [OOF/bear_safety] cobertura umbral: >=0.50=66.9% | >=0.55=19.4% | >=0.60=9.2%
2026-05-07 12:18:47,139  INFO  [OOF/sector_score] n=19968 | min=0.3014 q10=0.5000 q25=0.5000 mean=0.6538 q50=0.6387 q75=0.8059 q90=0.8843 max=0.9660
2026-05-07 12:18:47,139  INFO  [OOF/sector_score] cobertura umbral: >=0.50=93.3% | >=0.55=59.0% | >=0.60=56.2%
2026-05-07 12:18:47,171  INFO  [NeutralPenalty] bear_score: penalized 6656 neutral scores 0.500 -> 0.250
2026-05-07 12:18:48,476  INFO  [AgentTemporal] Fold T07_20250215 validation -> agent_temporal_validation.csv
2026-05-07 12:18:48,477  INFO  [AgentTemporal] bear mult=1.011 rel=0.511 up=51.10% tp=51.10% trend=+0.0014 q=48
2026-05-07 12:18:48,478  INFO  [AgentTemporal] fundamental mult=0.991 rel=0.490 up=48.94% tp=48.94% trend=+0.0004 q=48
2026-05-07 12:18:48,479  INFO  [AgentTemporal] momentum mult=1.027 rel=0.530 up=52.94% tp=52.94% trend=+0.0021 q=48
2026-05-07 12:18:48,479  INFO  [AgentTemporal] valuation mult=0.998 rel=0.498 up=49.77% tp=49.77% trend=+0.0012 q=48
2026-05-07 12:18:48,556  INFO  [Diversity] bear_score multiplier=0.749
2026-05-07 12:18:48,557  INFO  [Diversity] fundamental_score multiplier=0.748
2026-05-07 12:18:48,557  INFO  [Diversity] momentum_score multiplier=0.764
2026-05-07 12:18:48,558  INFO  [Diversity] sector_score multiplier=0.853
2026-05-07 12:18:48,558  INFO  [Diversity] valuation_score multiplier=0.755
2026-05-07 12:18:49,188  INFO  [RuleQuality] bear multiplier=0.338
2026-05-07 12:18:49,188  INFO  [RuleQuality] fundamental multiplier=0.000
2026-05-07 12:18:49,189  INFO  [RuleQuality] momentum multiplier=0.000
2026-05-07 12:18:49,189  INFO  [RuleQuality] valuation multiplier=0.000
2026-05-07 12:18:49,290  INFO  [Dispersion] SCORE_DISPERSION_MIN_STD=0.0500
2026-05-07 12:18:49,291  INFO  [Dispersion] SCORE_DISPERSION_MIN_SCALE=0.3500
2026-05-07 12:18:49,292  INFO  [Dispersion] fundamental_score: std=0.090228 -> scale=1.0000 (sin shrink)
2026-05-07 12:18:49,293  INFO  [Dispersion] valuation_score: std=0.089709 -> scale=1.0000 (sin shrink)
2026-05-07 12:18:49,294  INFO  [Dispersion] momentum_score: std=0.104980 -> scale=1.0000 (sin shrink)
2026-05-07 12:18:49,295  INFO  [Dispersion] bear_score: std=0.106731 -> scale=1.0000 (sin shrink)
2026-05-07 12:18:49,297  INFO  [Dispersion] sector_score: std=0.141517 -> scale=1.0000 (sin shrink)
2026-05-07 12:18:49,297  INFO  [Fold T07_20250215] 2/3 — Entrenando MetaLearner sobre scores OOF (anti-leakage)...
2026-05-07 12:18:55,673  INFO  [alpha_meta_learner] Diagnostics → diagnostics_T07_20250215.json
2026-05-07 12:18:55,674  INFO  [Fold T07_20250215] 3/3 — Generando predicciones sobre el quarter de test (416 tickers)...
2026-05-07 12:19:01,951  INFO  [AgentScore/fundamental] n=416 | min=0.4095 q10=0.4615 q25=0.4735 mean=0.4965 q50=0.4913 q75=0.5123 q90=0.5373 max=0.6553
2026-05-07 12:19:01,951  INFO  [AgentScore/fundamental] cobertura umbral: >=0.50=36.8% | >=0.55=6.5% | >=0.60=2.2%
2026-05-07 12:19:07,111  INFO  [AgentScore/valuation] n=416 | min=0.4493 q10=0.4605 q25=0.4651 mean=0.4899 q50=0.4771 q75=0.5029 q90=0.5399 max=0.7026
2026-05-07 12:19:07,112  INFO  [AgentScore/valuation] cobertura umbral: >=0.50=27.4% | >=0.55=7.7% | >=0.60=1.0%
2026-05-07 12:19:11,785  INFO  [AgentScore/momentum] n=416 | min=0.4136 q10=0.4591 q25=0.4746 mean=0.5011 q50=0.4890 q75=0.5240 q90=0.5556 max=0.7224
2026-05-07 12:19:11,785  INFO  [AgentScore/momentum] cobertura umbral: >=0.50=41.8% | >=0.55=12.0% | >=0.60=1.9%
2026-05-07 12:19:17,677  INFO  [AgentScore/bear/risk] n=416 | min=0.1713 q10=0.2943 q25=0.3181 mean=0.3535 q50=0.3537 q75=0.3841 q90=0.4202 max=0.5625
2026-05-07 12:19:17,677  INFO  [AgentScore/bear/risk] cobertura umbral: >=0.50=0.5% | >=0.55=0.2% | >=0.60=0.0%
2026-05-07 12:19:17,690  INFO  [AgentScore/bear/safety] n=416 | min=0.4375 q10=0.5798 q25=0.6159 mean=0.6465 q50=0.6463 q75=0.6819 q90=0.7057 max=0.8287
2026-05-07 12:19:17,691  INFO  [AgentScore/bear/safety] cobertura umbral: >=0.50=99.5% | >=0.55=96.9% | >=0.60=82.7%
2026-05-07 12:19:17,716  INFO  [AgentScore/ensemble_mean_pre_meta] n=416 | min=0.4721 q10=0.5051 q25=0.5170 mean=0.5335 q50=0.5318 q75=0.5484 q90=0.5632 max=0.6330
2026-05-07 12:19:17,716  INFO  [AgentScore/ensemble_mean_pre_meta] cobertura umbral: >=0.50=93.8% | >=0.55=22.8% | >=0.60=1.2%
2026-05-07 12:19:17,824  INFO  [SectorRotationAgent] Sector scores:
2026-05-07 12:19:17,825  INFO      Communications                  score=0.839
2026-05-07 12:19:17,825  INFO      Electrical Equipment            score=0.805
2026-05-07 12:19:17,825  INFO      Life Sciences Tools & Services  score=0.802
2026-05-07 12:19:17,826  INFO      Leisure Products                score=0.777
2026-05-07 12:19:17,826  INFO      Consumer Discretionary          score=0.770
2026-05-07 12:19:17,827  INFO      Metals & Mining                 score=0.765
2026-05-07 12:19:17,827  INFO      Consumer products               score=0.764
2026-05-07 12:19:17,827  INFO      Energy                          score=0.762
2026-05-07 12:19:17,828  INFO      Professional Services           score=0.746
2026-05-07 12:19:17,828  INFO      Auto Components                 score=0.743
2026-05-07 12:19:17,829  INFO      Commercial Services & Supplies  score=0.737
2026-05-07 12:19:17,829  INFO      Machinery                       score=0.733
2026-05-07 12:19:17,829  INFO      Industrials                     score=0.731
2026-05-07 12:19:17,830  INFO      Telecommunication               score=0.731
2026-05-07 12:19:17,830  INFO      Trading Companies & Distributors  score=0.725
2026-05-07 12:19:17,831  INFO      Healthcare                      score=0.720
2026-05-07 12:19:17,831  INFO      Communication Services          score=0.711
2026-05-07 12:19:17,831  INFO      Financials                      score=0.708
2026-05-07 12:19:17,832  INFO      Airlines                        score=0.701
2026-05-07 12:19:17,832  INFO      Banking                         score=0.692
2026-05-07 12:19:17,833  INFO      Distributors                    score=0.683
2026-05-07 12:19:17,833  INFO      Health Care                     score=0.674
2026-05-07 12:19:17,834  INFO      Real Estate                     score=0.671
2026-05-07 12:19:17,834  INFO      Consumer Staples                score=0.620
2026-05-07 12:19:17,834  INFO      Construction                    score=0.617
2026-05-07 12:19:17,835  INFO      Textiles, Apparel & Luxury Goods  score=0.605
2026-05-07 12:19:17,835  INFO      Technology                      score=0.599
2026-05-07 12:19:17,836  INFO      Building                        score=0.572
2026-05-07 12:19:17,836  INFO      Hotels, Restaurants & Leisure   score=0.561
2026-05-07 12:19:17,836  INFO      Materials                       score=0.558
2026-05-07 12:19:17,837  INFO      Industrial Conglomerates        score=0.557
2026-05-07 12:19:17,837  INFO      Road & Rail                     score=0.513
2026-05-07 12:19:17,837  INFO      Packaging                       score=0.473
2026-05-07 12:19:17,838  INFO      Utilities                       score=0.382
2026-05-07 12:19:17,838  INFO      Tobacco                         score=0.130
2026-05-07 12:19:18,247  INFO  [Meta/final_score_pre_sector_adjust] n=416 | min=0.1635 q10=0.2664 q25=0.3617 mean=0.5125 q50=0.5119 q75=0.6597 q90=0.7562 max=0.8497
2026-05-07 12:19:18,247  INFO  [Meta/final_score_pre_sector_adjust] cobertura umbral: >=0.50=51.9% | >=0.55=44.0% | >=0.60=35.6%
2026-05-07 12:19:18,283  INFO  [SectorAdjust] params: SECTOR_CONFIDENCE_PEERS=10, SECTOR_SCORE_PRIOR_BASE=0.500, SECTOR_SCORE_PRIOR_WEIGHT=0.150
2026-05-07 12:19:18,297  INFO  [SectorAdjust/final_score_raw] n=416 | min=0.1635 q10=0.2664 q25=0.3617 mean=0.5125 q50=0.5119 q75=0.6597 q90=0.7562 max=0.8497
2026-05-07 12:19:18,297  INFO  [SectorAdjust/final_score_raw] cobertura umbral: >=0.50=51.9% | >=0.55=44.0% | >=0.60=35.6%
2026-05-07 12:19:18,306  INFO  [SectorAdjust/sector_score] n=416 | min=0.1845 q10=0.5499 q25=0.5846 mean=0.6426 q50=0.6637 q75=0.6990 q90=0.7300 max=0.7889
2026-05-07 12:19:18,307  INFO  [SectorAdjust/sector_score] cobertura umbral: >=0.50=94.5% | >=0.55=89.7% | >=0.60=70.9%
2026-05-07 12:19:18,314  INFO  [SectorAdjust/sector_confidence] n=416 | min=0.3162 q10=0.7071 q25=1.0000 mean=0.9420 q50=1.0000 q75=1.0000 q90=1.0000 max=1.0000
2026-05-07 12:19:18,314  INFO  [SectorAdjust/sector_confidence] cobertura umbral: >=0.50=97.8% | >=0.55=95.0% | >=0.60=95.0%
2026-05-07 12:19:18,320  INFO  [SectorAdjust/sector_tilt] n=416 | min=-0.0212 q10=0.0075 q25=0.0127 mean=0.0203 q50=0.0223 q75=0.0270 q90=0.0338 max=0.0390
2026-05-07 12:19:18,320  INFO  [SectorAdjust/sector_tilt] cobertura umbral: >=0.50=0.0% | >=0.55=0.0% | >=0.60=0.0%
2026-05-07 12:19:18,329  INFO  [SectorAdjust/final_score_adjusted] n=416 | min=0.1484 q10=0.2845 q25=0.3856 mean=0.5328 q50=0.5306 q75=0.6836 q90=0.7691 max=0.8842
2026-05-07 12:19:18,329  INFO  [SectorAdjust/final_score_adjusted] cobertura umbral: >=0.50=56.0% | >=0.55=46.2% | >=0.60=40.4%
2026-05-07 12:19:18,330  INFO  [RiskDiag] bear_risk>=hard_threshold(0.90): 0/416 (0.0%)
2026-05-07 12:19:18,334  INFO  [Fold T07_20250215] 3/3 — Predicciones listas. Scores en rango [0.148, 0.884]
2026-05-07 12:19:18,391  INFO  [FeatureUsage] Reporte fold T07_20250215 -> feature_usage_report.csv
2026-05-07 12:19:20,231  INFO  [Visualizer] Distribucion scores -> score_distribution_T07_20250215.png
2026-05-07 12:20:39,136  INFO  [Backtester] 2025Q1: 364 tickers superaron umbral 0.00 â†’ selecting target=7, final=7 (min=3, sector_cap=3)
2026-05-07 12:20:39,138  INFO  [Backtester] 2025Q1: precios parciales 2025-02-15 -> 2026-02-13 (teorico hasta 2026-02-15)
2026-05-07 12:20:39,196  INFO  [Trail] 2025Q1: 13 events → portfolio_trail_2025Q1.csv
2026-05-07 12:20:39,271  INFO  [Backtester] 2025Q1: optimizer=hrp pre-entry trailing window applied
2026-05-07 12:20:39,293  INFO  [Backtester] 2025Q1 â€” cartera final (hrp+cap(0.20), 7 stocks):
2026-05-07 12:20:39,295  INFO      ORLY      peso=0.200  score=0.878  ret=+11.89%
2026-05-07 12:20:39,297  INFO      HCA       peso=0.200  score=0.848  ret=+70.59%
2026-05-07 12:20:39,298  INFO      SMCI      peso=0.031  score=0.835  ret=-23.64%
2026-05-07 12:20:39,300  INFO      MU        peso=0.082  score=0.769  ret=+88.57%
2026-05-07 12:20:39,303  INFO      NVDA      peso=0.087  score=0.715  ret=+31.14%
2026-05-07 12:20:39,305  INFO      ERIE      peso=0.200  score=0.840  ret=-17.70%
2026-05-07 12:20:39,307  INFO      MSCI      peso=0.200  score=0.719  ret=-8.14%
2026-05-07 12:20:39,330  INFO  [Backtester] 2025Q1 â€” 7 stocks | Cartera=+19.84%  Benchmark=+11.53%  Alpha=+8.31%  Sharpe=0.91
2026-05-07 12:22:02,350  WARNING  [T07_20250215] Source audit detected 2510 incidents (diagnostic-only).
2026-05-07 12:22:02,358  WARNING  [T07_20250215] Strict fold leakage detected: 414 rows after as-of.
2026-05-07 12:22:03,466  INFO  [Trail] Exported 12 trailing stop events to trailing_stop_evolution.csv
2026-05-07 12:22:10,613  INFO  [Visualizer] Rendimiento 2025Q1 -> performance.png
2026-05-07 12:22:12,303  INFO  [FoldReport] Fold 2025Q1: scores for 416 tickers saved â†’ scores.csv
2026-05-07 12:22:12,761  INFO  [Visualizer] Feature importances -> feat_imp_fundamental_T07_20250215.png
2026-05-07 12:22:13,209  INFO  [Visualizer] Feature importances -> feat_imp_valuation_T07_20250215.png
2026-05-07 12:22:13,693  INFO  [Visualizer] Feature importances -> feat_imp_momentum_T07_20250215.png
2026-05-07 12:22:14,154  INFO  [Visualizer] Feature importances -> feat_imp_bear_T07_20250215.png
2026-05-07 12:22:14,461  INFO  [Visualizer] Feature importances -> feat_imp_sector_rotation_T07_20250215.png
2026-05-07 12:22:14,806  INFO  [Explainer] Fold 2025Q1: explicaciones de 60 tickers -> ticker_explanations.csv y ticker_explanations.json
2026-05-07 12:22:14,817  INFO  [T08_20260215] SP500 dynamic @entry 2026-02-15: 503 active members
2026-05-07 12:22:14,817  INFO  [T08_20260215] Cambios vs fold previo (2025-02-15 -> 2026-02-15): +21 entran, -21 salen
2026-05-07 12:22:14,818  INFO  [T08_20260215]   Entran (muestra): APP, ARES, COIN, CRH, CVNA, DASH, DDOG, EME, EXE, FISV, FIX, HOOD
2026-05-07 12:22:14,818  INFO  [T08_20260215]   Salen  (muestra): ANSS, BWA, CE, CZR, DFS, EMN, ENPH, FI, FMC, HES, IPG, JNPR
2026-05-07 12:22:15,046  INFO  [T08_20260215] Cobertura test pre-filtro: 572 tickers con snapshot/relleno
2026-05-07 12:22:15,046  INFO  [T08_20260215] Filtro SP500 @entry: 572 -> 499 tickers (excluidos por no ser miembro activo: 73)
2026-05-07 12:22:15,047  INFO  [T08_20260215]   No miembro SP500 @entry (muestra): AAL, AAP, AET, AIV, ALK, AMG, AMTM, BBWI, BHF, BIO, BWA, CE
2026-05-07 12:22:15,047  INFO  [T08_20260215]   Miembros SP500 sin snapshot usable en quarter (muestra): FOX, MRSH, NWS, PSKY
2026-05-07 12:22:15,619  INFO  [T08_20260215] Universo base fold (SP500 @entry): 503 tickers
2026-05-07 12:22:15,619  INFO  [T08_20260215]   Fuera del universo base @entry (muestra): AAL, AAP, AET, AIV, ALK, AMG, AMTM, BBWI, BHF, BIO, BWA, CE
2026-05-07 12:22:15,624  INFO  [T08_20260215]   Excluidos por historial insuficiente (<144M train): 82 | muestra: ABNB, AEP, ALLE, AMCR, ANET, APO, APP, ARES, BF-B, CARR, CCL, CEG
2026-05-07 12:22:15,624  INFO  [T08_20260215] Intento train=144M -> test elegible 417/503 (82.9%) | min requerido=378
2026-05-07 12:22:15,624  INFO  [T08_20260215] Ventana seleccionada: 144M (2014-02-15 -> 2026-02-15) | tickers elegibles=417
2026-05-07 12:22:15,655  INFO  [T08_20260215] Eligibility audit (12Y) -> ticker_eligibility_audit.csv
2026-05-07 12:22:15,655  INFO  [T08_20260215] Eligibility reason summary -> eligibility_reason_summary.csv
2026-05-07 12:22:15,662  INFO  
============================================================
2026-05-07 12:22:15,662  INFO    ANALYSIS T08_20260215
2026-05-07 12:22:15,663  INFO    Train : 2014-02-15 → 2026-02-15  (~12 years)
2026-05-07 12:22:15,663  INFO    Mode  : anchored-entry schedule
2026-05-07 12:22:15,663  INFO    Test  : snapshot simulado en 2026-02-15 (as-of exacto, sin lag)
2026-05-07 12:22:15,664  INFO  ============================================================
2026-05-07 12:22:15,666  INFO  [T08_20260215] Ventana real de precios: 2026-02-15 -> 2026-04-02 (33 dias)
2026-05-07 12:23:01,294  INFO  [TP/SL] Building adaptive labels for fold: train_rows=20016, test_rows=417, strategies=3
2026-05-07 12:23:01,295  INFO  [TP/SL] Strategy=conservative -> generating train adaptive targets...
2026-05-07 12:23:01,869  INFO  [TP/SL][conservative] Adaptive target pass start: rows=20016, lag_days=0, holding_months=12
2026-05-07 12:25:12,100  INFO  [TP/SL][conservative] progress: 1000/20016 (5.0%) | TP=327 SL=355 NONE=318 | 130.2s elapsed (7.7 rows/s)
2026-05-07 12:27:20,007  INFO  [TP/SL][conservative] progress: 2000/20016 (10.0%) | TP=643 SL=722 NONE=635 | 258.1s elapsed (7.7 rows/s)
2026-05-07 12:29:30,444  INFO  [TP/SL][conservative] progress: 3000/20016 (15.0%) | TP=964 SL=1098 NONE=938 | 388.6s elapsed (7.7 rows/s)
2026-05-07 12:31:36,858  INFO  [TP/SL][conservative] progress: 4000/20016 (20.0%) | TP=1281 SL=1486 NONE=1233 | 515.0s elapsed (7.8 rows/s)
2026-05-07 12:33:47,459  INFO  [TP/SL][conservative] progress: 5000/20016 (25.0%) | TP=1596 SL=1855 NONE=1549 | 645.6s elapsed (7.7 rows/s)
2026-05-07 12:35:56,040  INFO  [TP/SL][conservative] progress: 6000/20016 (30.0%) | TP=1916 SL=2246 NONE=1838 | 774.2s elapsed (7.8 rows/s)
2026-05-07 12:38:05,762  INFO  [TP/SL][conservative] progress: 7000/20016 (35.0%) | TP=2226 SL=2625 NONE=2149 | 903.9s elapsed (7.7 rows/s)
2026-05-07 12:40:14,579  INFO  [TP/SL][conservative] progress: 8000/20016 (40.0%) | TP=2556 SL=2993 NONE=2451 | 1032.7s elapsed (7.7 rows/s)
2026-05-07 12:42:24,139  INFO  [TP/SL][conservative] progress: 9000/20016 (45.0%) | TP=2885 SL=3388 NONE=2727 | 1162.3s elapsed (7.7 rows/s)
2026-05-07 12:44:34,298  INFO  [TP/SL][conservative] progress: 10000/20016 (50.0%) | TP=3202 SL=3772 NONE=3026 | 1292.4s elapsed (7.7 rows/s)
2026-05-07 12:46:42,861  INFO  [TP/SL][conservative] progress: 11000/20016 (55.0%) | TP=3547 SL=4107 NONE=3346 | 1421.0s elapsed (7.7 rows/s)
2026-05-07 12:48:50,955  INFO  [TP/SL][conservative] progress: 12000/20016 (60.0%) | TP=3839 SL=4482 NONE=3679 | 1549.1s elapsed (7.7 rows/s)
2026-05-07 12:50:58,773  INFO  [TP/SL][conservative] progress: 13000/20016 (64.9%) | TP=4142 SL=4858 NONE=4000 | 1676.9s elapsed (7.8 rows/s)
2026-05-07 12:53:07,520  INFO  [TP/SL][conservative] progress: 14000/20016 (69.9%) | TP=4490 SL=5232 NONE=4278 | 1805.7s elapsed (7.8 rows/s)
2026-05-07 12:55:17,176  INFO  [TP/SL][conservative] progress: 15000/20016 (74.9%) | TP=4820 SL=5606 NONE=4574 | 1935.3s elapsed (7.8 rows/s)
2026-05-07 12:57:25,822  INFO  [TP/SL][conservative] progress: 16000/20016 (79.9%) | TP=5138 SL=5964 NONE=4898 | 2064.0s elapsed (7.8 rows/s)
2026-05-07 12:59:39,396  INFO  [TP/SL][conservative] progress: 17000/20016 (84.9%) | TP=5440 SL=6369 NONE=5191 | 2197.5s elapsed (7.7 rows/s)
2026-05-07 13:01:49,189  INFO  [TP/SL][conservative] progress: 18000/20016 (89.9%) | TP=5779 SL=6737 NONE=5484 | 2327.3s elapsed (7.7 rows/s)
2026-05-07 13:03:58,982  INFO  [TP/SL][conservative] progress: 19000/20016 (94.9%) | TP=6061 SL=7130 NONE=5809 | 2457.1s elapsed (7.7 rows/s)
2026-05-07 13:06:49,368  INFO  [TP/SL][conservative] progress: 20000/20016 (99.9%) | TP=6408 SL=7475 NONE=6117 | 2627.5s elapsed (7.6 rows/s)
2026-05-07 13:06:51,969  INFO  [TP/SL][conservative] progress: 20016/20016 (100.0%) | TP=6408 SL=7487 NONE=6121 | 2630.1s elapsed (7.6 rows/s)
2026-05-07 13:06:52,002  INFO  [TP/SL][conservative] pass complete: rows=20016 | TP=6408 SL=7487 NONE=6121 | 2630.1s total
2026-05-07 13:06:52,009  INFO  [TP/SL] Strategy=conservative -> generating test adaptive targets...
2026-05-07 13:06:52,628  INFO  [TP/SL][conservative] Adaptive target pass start: rows=417, lag_days=0, holding_months=12
2026-05-07 13:07:39,790  INFO  [TP/SL][conservative] progress: 250/417 (60.0%) | TP=0 SL=0 NONE=250 | 47.2s elapsed (5.3 rows/s)
2026-05-07 13:08:08,287  INFO  [TP/SL][conservative] progress: 417/417 (100.0%) | TP=0 SL=0 NONE=417 | 75.7s elapsed (5.5 rows/s)
2026-05-07 13:08:08,288  INFO  [TP/SL][conservative] pass complete: rows=417 | TP=0 SL=0 NONE=417 | 75.7s total
2026-05-07 13:08:08,300  INFO  [TP/SL] Strategy=conservative ready: utility=0.0008, hit_rate=32.01%, train_labels=20016, test_labels=417 [2707.0s]
2026-05-07 13:08:08,300  INFO  [TP/SL] Strategy=balanced -> generating train adaptive targets...
2026-05-07 13:08:08,881  INFO  [TP/SL][balanced] Adaptive target pass start: rows=20016, lag_days=0, holding_months=12
2026-05-07 13:08:32,886  INFO  [TP/SL][balanced] progress: 1000/20016 (5.0%) | TP=242 SL=329 NONE=429 | 24.0s elapsed (41.7 rows/s)
2026-05-07 13:08:56,364  INFO  [TP/SL][balanced] progress: 2000/20016 (10.0%) | TP=484 SL=645 NONE=871 | 47.5s elapsed (42.1 rows/s)
2026-05-07 13:09:19,993  INFO  [TP/SL][balanced] progress: 3000/20016 (15.0%) | TP=720 SL=974 NONE=1306 | 71.1s elapsed (42.2 rows/s)
2026-05-07 13:09:42,752  INFO  [TP/SL][balanced] progress: 4000/20016 (20.0%) | TP=966 SL=1329 NONE=1705 | 93.9s elapsed (42.6 rows/s)
2026-05-07 13:10:07,227  INFO  [TP/SL][balanced] progress: 5000/20016 (25.0%) | TP=1182 SL=1640 NONE=2178 | 118.3s elapsed (42.2 rows/s)
2026-05-07 13:10:30,665  INFO  [TP/SL][balanced] progress: 6000/20016 (30.0%) | TP=1425 SL=1982 NONE=2593 | 141.8s elapsed (42.3 rows/s)
2026-05-07 13:10:54,830  INFO  [TP/SL][balanced] progress: 7000/20016 (35.0%) | TP=1666 SL=2313 NONE=3021 | 165.9s elapsed (42.2 rows/s)
2026-05-07 13:11:18,352  INFO  [TP/SL][balanced] progress: 8000/20016 (40.0%) | TP=1915 SL=2630 NONE=3455 | 189.5s elapsed (42.2 rows/s)
2026-05-07 13:11:41,392  INFO  [TP/SL][balanced] progress: 9000/20016 (45.0%) | TP=2151 SL=2978 NONE=3871 | 212.5s elapsed (42.4 rows/s)
2026-05-07 13:12:05,351  INFO  [TP/SL][balanced] progress: 10000/20016 (50.0%) | TP=2399 SL=3297 NONE=4304 | 236.5s elapsed (42.3 rows/s)
2026-05-07 13:12:28,249  INFO  [TP/SL][balanced] progress: 11000/20016 (55.0%) | TP=2647 SL=3584 NONE=4769 | 259.4s elapsed (42.4 rows/s)
2026-05-07 13:12:51,648  INFO  [TP/SL][balanced] progress: 12000/20016 (60.0%) | TP=2848 SL=3900 NONE=5252 | 282.8s elapsed (42.4 rows/s)
2026-05-07 13:13:14,626  INFO  [TP/SL][balanced] progress: 13000/20016 (64.9%) | TP=3077 SL=4222 NONE=5701 | 305.7s elapsed (42.5 rows/s)
2026-05-07 13:13:38,071  INFO  [TP/SL][balanced] progress: 14000/20016 (69.9%) | TP=3331 SL=4547 NONE=6122 | 329.2s elapsed (42.5 rows/s)
2026-05-07 13:14:01,771  INFO  [TP/SL][balanced] progress: 15000/20016 (74.9%) | TP=3571 SL=4855 NONE=6574 | 352.9s elapsed (42.5 rows/s)
2026-05-07 13:14:26,472  INFO  [TP/SL][balanced] progress: 16000/20016 (79.9%) | TP=3800 SL=5163 NONE=7037 | 377.6s elapsed (42.4 rows/s)
2026-05-07 13:14:50,767  INFO  [TP/SL][balanced] progress: 17000/20016 (84.9%) | TP=4017 SL=5523 NONE=7460 | 401.9s elapsed (42.3 rows/s)
2026-05-07 13:15:14,097  INFO  [TP/SL][balanced] progress: 18000/20016 (89.9%) | TP=4273 SL=5826 NONE=7901 | 425.2s elapsed (42.3 rows/s)
2026-05-07 13:15:37,326  INFO  [TP/SL][balanced] progress: 19000/20016 (94.9%) | TP=4480 SL=6169 NONE=8351 | 448.4s elapsed (42.4 rows/s)
2026-05-07 13:16:00,120  INFO  [TP/SL][balanced] progress: 20000/20016 (99.9%) | TP=4739 SL=6468 NONE=8793 | 471.2s elapsed (42.4 rows/s)
2026-05-07 13:16:00,344  INFO  [TP/SL][balanced] progress: 20016/20016 (100.0%) | TP=4739 SL=6480 NONE=8797 | 471.5s elapsed (42.5 rows/s)
2026-05-07 13:16:00,376  INFO  [TP/SL][balanced] pass complete: rows=20016 | TP=4739 SL=6480 NONE=8797 | 471.5s total
2026-05-07 13:16:00,384  INFO  [TP/SL] Strategy=balanced -> generating test adaptive targets...
2026-05-07 13:16:01,228  INFO  [TP/SL][balanced] Adaptive target pass start: rows=417, lag_days=0, holding_months=12
2026-05-07 13:16:06,692  INFO  [TP/SL][balanced] progress: 250/417 (60.0%) | TP=0 SL=0 NONE=250 | 5.5s elapsed (45.8 rows/s)
2026-05-07 13:16:10,437  INFO  [TP/SL][balanced] progress: 417/417 (100.0%) | TP=0 SL=0 NONE=417 | 9.2s elapsed (45.3 rows/s)
2026-05-07 13:16:10,439  INFO  [TP/SL][balanced] pass complete: rows=417 | TP=0 SL=0 NONE=417 | 9.2s total
2026-05-07 13:16:10,453  INFO  [TP/SL] Strategy=balanced ready: utility=-0.0402, hit_rate=23.68%, train_labels=20016, test_labels=417 [482.2s]
2026-05-07 13:16:10,453  INFO  [TP/SL] Strategy=aggressive -> generating train adaptive targets...
2026-05-07 13:16:11,023  INFO  [TP/SL][aggressive] Adaptive target pass start: rows=20016, lag_days=0, holding_months=12
2026-05-07 13:16:34,809  INFO  [TP/SL][aggressive] progress: 1000/20016 (5.0%) | TP=193 SL=247 NONE=560 | 23.8s elapsed (42.0 rows/s)
2026-05-07 13:16:57,884  INFO  [TP/SL][aggressive] progress: 2000/20016 (10.0%) | TP=393 SL=491 NONE=1116 | 46.9s elapsed (42.7 rows/s)
2026-05-07 13:17:21,826  INFO  [TP/SL][aggressive] progress: 3000/20016 (15.0%) | TP=573 SL=747 NONE=1680 | 70.8s elapsed (42.4 rows/s)
2026-05-07 13:17:44,567  INFO  [TP/SL][aggressive] progress: 4000/20016 (20.0%) | TP=761 SL=1032 NONE=2207 | 93.5s elapsed (42.8 rows/s)
2026-05-07 13:18:09,080  INFO  [TP/SL][aggressive] progress: 5000/20016 (25.0%) | TP=929 SL=1265 NONE=2806 | 118.1s elapsed (42.4 rows/s)
2026-05-07 13:18:32,650  INFO  [TP/SL][aggressive] progress: 6000/20016 (30.0%) | TP=1115 SL=1536 NONE=3349 | 141.6s elapsed (42.4 rows/s)
2026-05-07 13:18:55,925  INFO  [TP/SL][aggressive] progress: 7000/20016 (35.0%) | TP=1306 SL=1786 NONE=3908 | 164.9s elapsed (42.4 rows/s)
2026-05-07 13:19:19,499  INFO  [TP/SL][aggressive] progress: 8000/20016 (40.0%) | TP=1511 SL=2036 NONE=4453 | 188.5s elapsed (42.4 rows/s)
2026-05-07 13:19:42,197  INFO  [TP/SL][aggressive] progress: 9000/20016 (45.0%) | TP=1690 SL=2312 NONE=4998 | 211.2s elapsed (42.6 rows/s)
2026-05-07 13:20:05,788  INFO  [TP/SL][aggressive] progress: 10000/20016 (50.0%) | TP=1887 SL=2571 NONE=5542 | 234.8s elapsed (42.6 rows/s)
2026-05-07 13:20:28,911  INFO  [TP/SL][aggressive] progress: 11000/20016 (55.0%) | TP=2087 SL=2795 NONE=6118 | 257.9s elapsed (42.7 rows/s)
2026-05-07 13:20:51,594  INFO  [TP/SL][aggressive] progress: 12000/20016 (60.0%) | TP=2235 SL=3034 NONE=6731 | 280.6s elapsed (42.8 rows/s)
2026-05-07 13:21:14,533  INFO  [TP/SL][aggressive] progress: 13000/20016 (64.9%) | TP=2427 SL=3288 NONE=7285 | 303.5s elapsed (42.8 rows/s)
2026-05-07 13:21:37,811  INFO  [TP/SL][aggressive] progress: 14000/20016 (69.9%) | TP=2637 SL=3527 NONE=7836 | 326.8s elapsed (42.8 rows/s)
2026-05-07 13:22:01,095  INFO  [TP/SL][aggressive] progress: 15000/20016 (74.9%) | TP=2824 SL=3759 NONE=8417 | 350.1s elapsed (42.8 rows/s)
2026-05-07 13:22:25,542  INFO  [TP/SL][aggressive] progress: 16000/20016 (79.9%) | TP=2999 SL=3989 NONE=9012 | 374.5s elapsed (42.7 rows/s)
2026-05-07 13:22:49,946  INFO  [TP/SL][aggressive] progress: 17000/20016 (84.9%) | TP=3165 SL=4261 NONE=9574 | 398.9s elapsed (42.6 rows/s)
2026-05-07 13:23:13,616  INFO  [TP/SL][aggressive] progress: 18000/20016 (89.9%) | TP=3376 SL=4511 NONE=10113 | 422.6s elapsed (42.6 rows/s)
2026-05-07 13:23:37,212  INFO  [TP/SL][aggressive] progress: 19000/20016 (94.9%) | TP=3539 SL=4795 NONE=10666 | 446.2s elapsed (42.6 rows/s)
2026-05-07 13:24:04,200  INFO  [TP/SL][aggressive] progress: 20000/20016 (99.9%) | TP=3734 SL=5033 NONE=11233 | 473.2s elapsed (42.3 rows/s)
2026-05-07 13:24:04,490  INFO  [TP/SL][aggressive] progress: 20016/20016 (100.0%) | TP=3734 SL=5043 NONE=11239 | 473.5s elapsed (42.3 rows/s)
2026-05-07 13:24:04,526  INFO  [TP/SL][aggressive] pass complete: rows=20016 | TP=3734 SL=5043 NONE=11239 | 473.5s total
2026-05-07 13:24:04,536  INFO  [TP/SL] Strategy=aggressive -> generating test adaptive targets...
2026-05-07 13:24:05,136  INFO  [TP/SL][aggressive] Adaptive target pass start: rows=417, lag_days=0, holding_months=12
2026-05-07 13:24:11,053  INFO  [TP/SL][aggressive] progress: 250/417 (60.0%) | TP=0 SL=0 NONE=250 | 5.9s elapsed (42.3 rows/s)
2026-05-07 13:24:14,947  INFO  [TP/SL][aggressive] progress: 417/417 (100.0%) | TP=0 SL=0 NONE=417 | 9.8s elapsed (42.5 rows/s)
2026-05-07 13:24:14,948  INFO  [TP/SL][aggressive] pass complete: rows=417 | TP=0 SL=0 NONE=417 | 9.8s total
2026-05-07 13:24:14,958  INFO  [TP/SL] Strategy=aggressive ready: utility=-0.0917, hit_rate=18.66%, train_labels=20016, test_labels=417 [484.5s]
2026-05-07 13:24:14,958  INFO  [TP/SL] Strategy=conservative__relax1 -> generating train adaptive targets...
2026-05-07 13:24:15,546  INFO  [TP/SL][conservative__relax1] Adaptive target pass start: rows=20016, lag_days=0, holding_months=12
2026-05-07 13:24:39,299  INFO  [TP/SL][conservative__relax1] progress: 1000/20016 (5.0%) | TP=490 SL=327 NONE=183 | 23.8s elapsed (42.1 rows/s)
2026-05-07 13:25:01,921  INFO  [TP/SL][conservative__relax1] progress: 2000/20016 (10.0%) | TP=978 SL=658 NONE=364 | 46.4s elapsed (43.1 rows/s)
2026-05-07 13:25:26,312  INFO  [TP/SL][conservative__relax1] progress: 3000/20016 (15.0%) | TP=1430 SL=1039 NONE=531 | 70.8s elapsed (42.4 rows/s)
2026-05-07 13:25:48,921  INFO  [TP/SL][conservative__relax1] progress: 4000/20016 (20.0%) | TP=1883 SL=1392 NONE=725 | 93.4s elapsed (42.8 rows/s)
2026-05-07 13:26:12,694  INFO  [TP/SL][conservative__relax1] progress: 5000/20016 (25.0%) | TP=2354 SL=1757 NONE=889 | 117.1s elapsed (42.7 rows/s)
2026-05-07 13:26:35,328  INFO  [TP/SL][conservative__relax1] progress: 6000/20016 (30.0%) | TP=2837 SL=2129 NONE=1034 | 139.8s elapsed (42.9 rows/s)
2026-05-07 13:26:58,735  INFO  [TP/SL][conservative__relax1] progress: 7000/20016 (35.0%) | TP=3295 SL=2487 NONE=1218 | 163.2s elapsed (42.9 rows/s)
2026-05-07 13:27:21,800  INFO  [TP/SL][conservative__relax1] progress: 8000/20016 (40.0%) | TP=3773 SL=2854 NONE=1373 | 186.3s elapsed (43.0 rows/s)
2026-05-07 13:27:44,572  INFO  [TP/SL][conservative__relax1] progress: 9000/20016 (45.0%) | TP=4219 SL=3242 NONE=1539 | 209.0s elapsed (43.1 rows/s)
2026-05-07 13:28:07,961  INFO  [TP/SL][conservative__relax1] progress: 10000/20016 (50.0%) | TP=4706 SL=3609 NONE=1685 | 232.4s elapsed (43.0 rows/s)
2026-05-07 13:28:30,748  INFO  [TP/SL][conservative__relax1] progress: 11000/20016 (55.0%) | TP=5184 SL=3908 NONE=1908 | 255.2s elapsed (43.1 rows/s)
2026-05-07 13:28:52,863  INFO  [TP/SL][conservative__relax1] progress: 12000/20016 (60.0%) | TP=5654 SL=4247 NONE=2099 | 277.3s elapsed (43.3 rows/s)
2026-05-07 13:29:15,491  INFO  [TP/SL][conservative__relax1] progress: 13000/20016 (64.9%) | TP=6151 SL=4599 NONE=2250 | 299.9s elapsed (43.3 rows/s)
2026-05-07 13:29:38,426  INFO  [TP/SL][conservative__relax1] progress: 14000/20016 (69.9%) | TP=6666 SL=4948 NONE=2386 | 322.9s elapsed (43.4 rows/s)
2026-05-07 13:30:01,456  INFO  [TP/SL][conservative__relax1] progress: 15000/20016 (74.9%) | TP=7091 SL=5309 NONE=2600 | 345.9s elapsed (43.4 rows/s)
2026-05-07 13:30:25,139  INFO  [TP/SL][conservative__relax1] progress: 16000/20016 (79.9%) | TP=7565 SL=5659 NONE=2776 | 369.6s elapsed (43.3 rows/s)
2026-05-07 13:30:48,247  INFO  [TP/SL][conservative__relax1] progress: 17000/20016 (84.9%) | TP=8013 SL=6038 NONE=2949 | 392.7s elapsed (43.3 rows/s)
2026-05-07 13:31:11,190  INFO  [TP/SL][conservative__relax1] progress: 18000/20016 (89.9%) | TP=8490 SL=6397 NONE=3113 | 415.6s elapsed (43.3 rows/s)
2026-05-07 13:31:33,946  INFO  [TP/SL][conservative__relax1] progress: 19000/20016 (94.9%) | TP=8956 SL=6761 NONE=3283 | 438.4s elapsed (43.3 rows/s)
2026-05-07 13:31:56,684  INFO  [TP/SL][conservative__relax1] progress: 20000/20016 (99.9%) | TP=9422 SL=7106 NONE=3472 | 461.1s elapsed (43.4 rows/s)
2026-05-07 13:31:57,172  INFO  [TP/SL][conservative__relax1] progress: 20016/20016 (100.0%) | TP=9423 SL=7118 NONE=3475 | 461.6s elapsed (43.4 rows/s)
2026-05-07 13:31:57,207  INFO  [TP/SL][conservative__relax1] pass complete: rows=20016 | TP=9423 SL=7118 NONE=3475 | 461.7s total
2026-05-07 13:31:57,214  INFO  [TP/SL] Strategy=conservative__relax1 -> generating test adaptive targets...
2026-05-07 13:31:57,798  INFO  [TP/SL][conservative__relax1] Adaptive target pass start: rows=417, lag_days=0, holding_months=12
2026-05-07 13:32:03,322  INFO  [TP/SL][conservative__relax1] progress: 250/417 (60.0%) | TP=0 SL=0 NONE=250 | 5.5s elapsed (45.3 rows/s)
2026-05-07 13:32:07,053  INFO  [TP/SL][conservative__relax1] progress: 417/417 (100.0%) | TP=0 SL=0 NONE=417 | 9.3s elapsed (45.1 rows/s)
2026-05-07 13:32:07,055  INFO  [TP/SL][conservative__relax1] pass complete: rows=417 | TP=0 SL=0 NONE=417 | 9.3s total
2026-05-07 13:32:07,067  INFO  [TP/SL] Strategy=conservative__relax1 ready: utility=0.0142, hit_rate=47.08%, train_labels=20016, test_labels=417 [472.1s]
2026-05-07 13:32:07,068  INFO  [TP/SL] Strategy=conservative__relax2 -> generating train adaptive targets...
2026-05-07 13:32:07,746  INFO  [TP/SL][conservative__relax2] Adaptive target pass start: rows=20016, lag_days=0, holding_months=12
2026-05-07 13:32:31,353  INFO  [TP/SL][conservative__relax2] progress: 1000/20016 (5.0%) | TP=490 SL=327 NONE=183 | 23.6s elapsed (42.4 rows/s)
2026-05-07 13:32:54,497  INFO  [TP/SL][conservative__relax2] progress: 2000/20016 (10.0%) | TP=978 SL=658 NONE=364 | 46.8s elapsed (42.8 rows/s)
2026-05-07 13:33:17,986  INFO  [TP/SL][conservative__relax2] progress: 3000/20016 (15.0%) | TP=1430 SL=1039 NONE=531 | 70.2s elapsed (42.7 rows/s)
2026-05-07 13:33:40,296  INFO  [TP/SL][conservative__relax2] progress: 4000/20016 (20.0%) | TP=1883 SL=1392 NONE=725 | 92.5s elapsed (43.2 rows/s)
2026-05-07 13:34:04,278  INFO  [TP/SL][conservative__relax2] progress: 5000/20016 (25.0%) | TP=2354 SL=1757 NONE=889 | 116.5s elapsed (42.9 rows/s)
2026-05-07 13:34:27,126  INFO  [TP/SL][conservative__relax2] progress: 6000/20016 (30.0%) | TP=2837 SL=2129 NONE=1034 | 139.4s elapsed (43.0 rows/s)
2026-05-07 13:34:50,153  INFO  [TP/SL][conservative__relax2] progress: 7000/20016 (35.0%) | TP=3295 SL=2487 NONE=1218 | 162.4s elapsed (43.1 rows/s)
2026-05-07 13:35:13,335  INFO  [TP/SL][conservative__relax2] progress: 8000/20016 (40.0%) | TP=3773 SL=2854 NONE=1373 | 185.6s elapsed (43.1 rows/s)
2026-05-07 13:35:35,461  INFO  [TP/SL][conservative__relax2] progress: 9000/20016 (45.0%) | TP=4219 SL=3242 NONE=1539 | 207.7s elapsed (43.3 rows/s)
2026-05-07 13:35:58,407  INFO  [TP/SL][conservative__relax2] progress: 10000/20016 (50.0%) | TP=4706 SL=3609 NONE=1685 | 230.7s elapsed (43.4 rows/s)
2026-05-07 13:36:21,435  INFO  [TP/SL][conservative__relax2] progress: 11000/20016 (55.0%) | TP=5184 SL=3908 NONE=1908 | 253.7s elapsed (43.4 rows/s)
2026-05-07 13:36:43,767  INFO  [TP/SL][conservative__relax2] progress: 12000/20016 (60.0%) | TP=5654 SL=4247 NONE=2099 | 276.0s elapsed (43.5 rows/s)
2026-05-07 13:37:06,379  INFO  [TP/SL][conservative__relax2] progress: 13000/20016 (64.9%) | TP=6151 SL=4599 NONE=2250 | 298.6s elapsed (43.5 rows/s)
2026-05-07 13:37:29,351  INFO  [TP/SL][conservative__relax2] progress: 14000/20016 (69.9%) | TP=6666 SL=4948 NONE=2386 | 321.6s elapsed (43.5 rows/s)
2026-05-07 13:37:52,763  INFO  [TP/SL][conservative__relax2] progress: 15000/20016 (74.9%) | TP=7091 SL=5309 NONE=2600 | 345.0s elapsed (43.5 rows/s)
2026-05-07 13:38:16,411  INFO  [TP/SL][conservative__relax2] progress: 16000/20016 (79.9%) | TP=7565 SL=5659 NONE=2776 | 368.7s elapsed (43.4 rows/s)
2026-05-07 13:38:39,771  INFO  [TP/SL][conservative__relax2] progress: 17000/20016 (84.9%) | TP=8013 SL=6038 NONE=2949 | 392.0s elapsed (43.4 rows/s)
2026-05-07 13:39:02,715  INFO  [TP/SL][conservative__relax2] progress: 18000/20016 (89.9%) | TP=8490 SL=6397 NONE=3113 | 415.0s elapsed (43.4 rows/s)
2026-05-07 13:39:26,023  INFO  [TP/SL][conservative__relax2] progress: 19000/20016 (94.9%) | TP=8956 SL=6761 NONE=3283 | 438.3s elapsed (43.4 rows/s)
2026-05-07 13:39:48,936  INFO  [TP/SL][conservative__relax2] progress: 20000/20016 (99.9%) | TP=9422 SL=7106 NONE=3472 | 461.2s elapsed (43.4 rows/s)
2026-05-07 13:39:49,159  INFO  [TP/SL][conservative__relax2] progress: 20016/20016 (100.0%) | TP=9423 SL=7118 NONE=3475 | 461.4s elapsed (43.4 rows/s)
2026-05-07 13:39:49,190  INFO  [TP/SL][conservative__relax2] pass complete: rows=20016 | TP=9423 SL=7118 NONE=3475 | 461.4s total
2026-05-07 13:39:49,197  INFO  [TP/SL] Strategy=conservative__relax2 -> generating test adaptive targets...
2026-05-07 13:39:49,799  INFO  [TP/SL][conservative__relax2] Adaptive target pass start: rows=417, lag_days=0, holding_months=12
2026-05-07 13:39:55,212  INFO  [TP/SL][conservative__relax2] progress: 250/417 (60.0%) | TP=0 SL=0 NONE=250 | 5.4s elapsed (46.2 rows/s)
2026-05-07 13:39:59,193  INFO  [TP/SL][conservative__relax2] progress: 417/417 (100.0%) | TP=0 SL=0 NONE=417 | 9.4s elapsed (44.4 rows/s)
2026-05-07 13:39:59,195  INFO  [TP/SL][conservative__relax2] pass complete: rows=417 | TP=0 SL=0 NONE=417 | 9.4s total
2026-05-07 13:39:59,206  INFO  [TP/SL] Strategy=conservative__relax2 ready: utility=0.0142, hit_rate=47.08%, train_labels=20016, test_labels=417 [472.1s]
2026-05-07 13:39:59,207  INFO  [TP/SL] Strategy=balanced__relax1 -> generating train adaptive targets...
2026-05-07 13:39:59,775  INFO  [TP/SL][balanced__relax1] Adaptive target pass start: rows=20016, lag_days=0, holding_months=12
2026-05-07 13:40:23,394  INFO  [TP/SL][balanced__relax1] progress: 1000/20016 (5.0%) | TP=490 SL=327 NONE=183 | 23.6s elapsed (42.3 rows/s)
2026-05-07 13:40:46,162  INFO  [TP/SL][balanced__relax1] progress: 2000/20016 (10.0%) | TP=978 SL=658 NONE=364 | 46.4s elapsed (43.1 rows/s)
2026-05-07 13:41:09,684  INFO  [TP/SL][balanced__relax1] progress: 3000/20016 (15.0%) | TP=1430 SL=1039 NONE=531 | 69.9s elapsed (42.9 rows/s)
2026-05-07 13:41:31,860  INFO  [TP/SL][balanced__relax1] progress: 4000/20016 (20.0%) | TP=1883 SL=1392 NONE=725 | 92.1s elapsed (43.4 rows/s)
2026-05-07 13:41:55,524  INFO  [TP/SL][balanced__relax1] progress: 5000/20016 (25.0%) | TP=2354 SL=1757 NONE=889 | 115.7s elapsed (43.2 rows/s)
2026-05-07 13:42:18,426  INFO  [TP/SL][balanced__relax1] progress: 6000/20016 (30.0%) | TP=2837 SL=2129 NONE=1034 | 138.7s elapsed (43.3 rows/s)
2026-05-07 13:42:41,783  INFO  [TP/SL][balanced__relax1] progress: 7000/20016 (35.0%) | TP=3295 SL=2487 NONE=1218 | 162.0s elapsed (43.2 rows/s)
2026-05-07 13:43:05,058  INFO  [TP/SL][balanced__relax1] progress: 8000/20016 (40.0%) | TP=3773 SL=2854 NONE=1373 | 185.3s elapsed (43.2 rows/s)
2026-05-07 13:43:27,546  INFO  [TP/SL][balanced__relax1] progress: 9000/20016 (45.0%) | TP=4219 SL=3242 NONE=1539 | 207.8s elapsed (43.3 rows/s)
2026-05-07 13:43:50,386  INFO  [TP/SL][balanced__relax1] progress: 10000/20016 (50.0%) | TP=4706 SL=3609 NONE=1685 | 230.6s elapsed (43.4 rows/s)
2026-05-07 13:44:13,486  INFO  [TP/SL][balanced__relax1] progress: 11000/20016 (55.0%) | TP=5184 SL=3908 NONE=1908 | 253.7s elapsed (43.4 rows/s)
2026-05-07 13:44:35,574  INFO  [TP/SL][balanced__relax1] progress: 12000/20016 (60.0%) | TP=5654 SL=4247 NONE=2099 | 275.8s elapsed (43.5 rows/s)
2026-05-07 13:44:58,082  INFO  [TP/SL][balanced__relax1] progress: 13000/20016 (64.9%) | TP=6151 SL=4599 NONE=2250 | 298.3s elapsed (43.6 rows/s)
2026-05-07 13:45:20,583  INFO  [TP/SL][balanced__relax1] progress: 14000/20016 (69.9%) | TP=6666 SL=4948 NONE=2386 | 320.8s elapsed (43.6 rows/s)
2026-05-07 13:45:43,537  INFO  [TP/SL][balanced__relax1] progress: 15000/20016 (74.9%) | TP=7091 SL=5309 NONE=2600 | 343.8s elapsed (43.6 rows/s)
2026-05-07 13:46:07,641  INFO  [TP/SL][balanced__relax1] progress: 16000/20016 (79.9%) | TP=7565 SL=5659 NONE=2776 | 367.9s elapsed (43.5 rows/s)
2026-05-07 13:46:30,926  INFO  [TP/SL][balanced__relax1] progress: 17000/20016 (84.9%) | TP=8013 SL=6038 NONE=2949 | 391.2s elapsed (43.5 rows/s)
2026-05-07 13:46:54,000  INFO  [TP/SL][balanced__relax1] progress: 18000/20016 (89.9%) | TP=8490 SL=6397 NONE=3113 | 414.2s elapsed (43.5 rows/s)
2026-05-07 13:47:16,862  INFO  [TP/SL][balanced__relax1] progress: 19000/20016 (94.9%) | TP=8956 SL=6761 NONE=3283 | 437.1s elapsed (43.5 rows/s)
2026-05-07 13:47:39,346  INFO  [TP/SL][balanced__relax1] progress: 20000/20016 (99.9%) | TP=9422 SL=7106 NONE=3472 | 459.6s elapsed (43.5 rows/s)
2026-05-07 13:47:39,568  INFO  [TP/SL][balanced__relax1] progress: 20016/20016 (100.0%) | TP=9423 SL=7118 NONE=3475 | 459.8s elapsed (43.5 rows/s)
2026-05-07 13:47:39,600  INFO  [TP/SL][balanced__relax1] pass complete: rows=20016 | TP=9423 SL=7118 NONE=3475 | 459.8s total
2026-05-07 13:47:39,607  INFO  [TP/SL] Strategy=balanced__relax1 -> generating test adaptive targets...
2026-05-07 13:47:40,178  INFO  [TP/SL][balanced__relax1] Adaptive target pass start: rows=417, lag_days=0, holding_months=12
2026-05-07 13:47:46,139  INFO  [TP/SL][balanced__relax1] progress: 250/417 (60.0%) | TP=0 SL=0 NONE=250 | 6.0s elapsed (41.9 rows/s)
2026-05-07 13:47:49,755  INFO  [TP/SL][balanced__relax1] progress: 417/417 (100.0%) | TP=0 SL=0 NONE=417 | 9.6s elapsed (43.5 rows/s)
2026-05-07 13:47:49,757  INFO  [TP/SL][balanced__relax1] pass complete: rows=417 | TP=0 SL=0 NONE=417 | 9.6s total
2026-05-07 13:47:49,767  INFO  [TP/SL] Strategy=balanced__relax1 ready: utility=0.0142, hit_rate=47.08%, train_labels=20016, test_labels=417 [470.6s]
2026-05-07 13:47:49,767  INFO  [TP/SL] Strategy=balanced__relax2 -> generating train adaptive targets...
2026-05-07 13:47:50,579  INFO  [TP/SL][balanced__relax2] Adaptive target pass start: rows=20016, lag_days=0, holding_months=12
2026-05-07 13:48:14,362  INFO  [TP/SL][balanced__relax2] progress: 1000/20016 (5.0%) | TP=302 SL=359 NONE=339 | 23.8s elapsed (42.0 rows/s)
2026-05-07 13:48:36,979  INFO  [TP/SL][balanced__relax2] progress: 2000/20016 (10.0%) | TP=586 SL=728 NONE=686 | 46.4s elapsed (43.1 rows/s)
2026-05-07 13:49:00,695  INFO  [TP/SL][balanced__relax2] progress: 3000/20016 (15.0%) | TP=864 SL=1136 NONE=1000 | 70.1s elapsed (42.8 rows/s)
2026-05-07 13:49:23,593  INFO  [TP/SL][balanced__relax2] progress: 4000/20016 (20.0%) | TP=1146 SL=1518 NONE=1336 | 93.0s elapsed (43.0 rows/s)
2026-05-07 13:49:47,163  INFO  [TP/SL][balanced__relax2] progress: 5000/20016 (25.0%) | TP=1417 SL=1916 NONE=1667 | 116.6s elapsed (42.9 rows/s)
2026-05-07 13:50:10,099  INFO  [TP/SL][balanced__relax2] progress: 6000/20016 (30.0%) | TP=1704 SL=2326 NONE=1970 | 139.5s elapsed (43.0 rows/s)
2026-05-07 13:50:33,104  INFO  [TP/SL][balanced__relax2] progress: 7000/20016 (35.0%) | TP=1987 SL=2720 NONE=2293 | 162.5s elapsed (43.1 rows/s)
2026-05-07 13:50:56,374  INFO  [TP/SL][balanced__relax2] progress: 8000/20016 (40.0%) | TP=2277 SL=3123 NONE=2600 | 185.8s elapsed (43.1 rows/s)
2026-05-07 13:51:18,855  INFO  [TP/SL][balanced__relax2] progress: 9000/20016 (45.0%) | TP=2570 SL=3533 NONE=2897 | 208.3s elapsed (43.2 rows/s)
2026-05-07 13:51:41,946  INFO  [TP/SL][balanced__relax2] progress: 10000/20016 (50.0%) | TP=2859 SL=3946 NONE=3195 | 231.4s elapsed (43.2 rows/s)
2026-05-07 13:52:05,306  INFO  [TP/SL][balanced__relax2] progress: 11000/20016 (55.0%) | TP=3171 SL=4265 NONE=3564 | 254.7s elapsed (43.2 rows/s)
2026-05-07 13:52:27,632  INFO  [TP/SL][balanced__relax2] progress: 12000/20016 (60.0%) | TP=3435 SL=4656 NONE=3909 | 277.1s elapsed (43.3 rows/s)
2026-05-07 13:52:50,832  INFO  [TP/SL][balanced__relax2] progress: 13000/20016 (64.9%) | TP=3705 SL=5050 NONE=4245 | 300.3s elapsed (43.3 rows/s)
2026-05-07 13:53:14,216  INFO  [TP/SL][balanced__relax2] progress: 14000/20016 (69.9%) | TP=4011 SL=5447 NONE=4542 | 323.6s elapsed (43.3 rows/s)
2026-05-07 13:53:37,347  INFO  [TP/SL][balanced__relax2] progress: 15000/20016 (74.9%) | TP=4301 SL=5836 NONE=4863 | 346.8s elapsed (43.3 rows/s)
2026-05-07 13:54:01,420  INFO  [TP/SL][balanced__relax2] progress: 16000/20016 (79.9%) | TP=4577 SL=6217 NONE=5206 | 370.8s elapsed (43.1 rows/s)
2026-05-07 13:54:25,065  INFO  [TP/SL][balanced__relax2] progress: 17000/20016 (84.9%) | TP=4838 SL=6621 NONE=5541 | 394.5s elapsed (43.1 rows/s)
2026-05-07 13:54:47,973  INFO  [TP/SL][balanced__relax2] progress: 18000/20016 (89.9%) | TP=5147 SL=7008 NONE=5845 | 417.4s elapsed (43.1 rows/s)
2026-05-07 13:55:10,742  INFO  [TP/SL][balanced__relax2] progress: 19000/20016 (94.9%) | TP=5401 SL=7410 NONE=6189 | 440.2s elapsed (43.2 rows/s)
2026-05-07 13:55:33,545  INFO  [TP/SL][balanced__relax2] progress: 20000/20016 (99.9%) | TP=5716 SL=7783 NONE=6501 | 463.0s elapsed (43.2 rows/s)
2026-05-07 13:55:33,784  INFO  [TP/SL][balanced__relax2] progress: 20016/20016 (100.0%) | TP=5716 SL=7795 NONE=6505 | 463.2s elapsed (43.2 rows/s)
2026-05-07 13:55:33,831  INFO  [TP/SL][balanced__relax2] pass complete: rows=20016 | TP=5716 SL=7795 NONE=6505 | 463.3s total
2026-05-07 13:55:33,839  INFO  [TP/SL] Strategy=balanced__relax2 -> generating test adaptive targets...
2026-05-07 13:55:34,652  INFO  [TP/SL][balanced__relax2] Adaptive target pass start: rows=417, lag_days=0, holding_months=12
2026-05-07 13:55:40,223  INFO  [TP/SL][balanced__relax2] progress: 250/417 (60.0%) | TP=0 SL=0 NONE=250 | 5.6s elapsed (44.9 rows/s)
2026-05-07 13:55:43,886  INFO  [TP/SL][balanced__relax2] progress: 417/417 (100.0%) | TP=0 SL=0 NONE=417 | 9.2s elapsed (45.2 rows/s)
2026-05-07 13:55:43,888  INFO  [TP/SL][balanced__relax2] pass complete: rows=417 | TP=0 SL=0 NONE=417 | 9.2s total
2026-05-07 13:55:43,899  INFO  [TP/SL] Strategy=balanced__relax2 ready: utility=0.0032, hit_rate=28.56%, train_labels=20016, test_labels=417 [474.1s]
2026-05-07 13:55:43,899  INFO  [TP/SL] Strategy=aggressive__relax1 -> generating train adaptive targets...
2026-05-07 13:55:44,478  INFO  [TP/SL][aggressive__relax1] Adaptive target pass start: rows=20016, lag_days=0, holding_months=12
2026-05-07 13:56:08,842  INFO  [TP/SL][aggressive__relax1] progress: 1000/20016 (5.0%) | TP=219 SL=367 NONE=414 | 24.4s elapsed (41.0 rows/s)
2026-05-07 13:56:31,944  INFO  [TP/SL][aggressive__relax1] progress: 2000/20016 (10.0%) | TP=432 SL=742 NONE=826 | 47.5s elapsed (42.1 rows/s)
2026-05-07 13:56:56,179  INFO  [TP/SL][aggressive__relax1] progress: 3000/20016 (15.0%) | TP=638 SL=1161 NONE=1201 | 71.7s elapsed (41.8 rows/s)
2026-05-07 13:57:18,393  INFO  [TP/SL][aggressive__relax1] progress: 4000/20016 (20.0%) | TP=864 SL=1549 NONE=1587 | 93.9s elapsed (42.6 rows/s)
2026-05-07 13:57:42,061  INFO  [TP/SL][aggressive__relax1] progress: 5000/20016 (25.0%) | TP=1055 SL=1956 NONE=1989 | 117.6s elapsed (42.5 rows/s)
2026-05-07 13:58:06,515  INFO  [TP/SL][aggressive__relax1] progress: 6000/20016 (30.0%) | TP=1271 SL=2381 NONE=2348 | 142.0s elapsed (42.2 rows/s)
2026-05-07 13:58:29,778  INFO  [TP/SL][aggressive__relax1] progress: 7000/20016 (35.0%) | TP=1485 SL=2785 NONE=2730 | 165.3s elapsed (42.3 rows/s)
2026-05-07 13:58:53,401  INFO  [TP/SL][aggressive__relax1] progress: 8000/20016 (40.0%) | TP=1708 SL=3195 NONE=3097 | 188.9s elapsed (42.3 rows/s)
2026-05-07 13:59:16,287  INFO  [TP/SL][aggressive__relax1] progress: 9000/20016 (45.0%) | TP=1906 SL=3624 NONE=3470 | 211.8s elapsed (42.5 rows/s)
2026-05-07 13:59:39,891  INFO  [TP/SL][aggressive__relax1] progress: 10000/20016 (50.0%) | TP=2117 SL=4046 NONE=3837 | 235.4s elapsed (42.5 rows/s)
2026-05-07 14:00:02,623  INFO  [TP/SL][aggressive__relax1] progress: 11000/20016 (55.0%) | TP=2347 SL=4375 NONE=4278 | 258.1s elapsed (42.6 rows/s)
2026-05-07 14:00:25,382  INFO  [TP/SL][aggressive__relax1] progress: 12000/20016 (60.0%) | TP=2513 SL=4776 NONE=4711 | 280.9s elapsed (42.7 rows/s)
2026-05-07 14:00:48,477  INFO  [TP/SL][aggressive__relax1] progress: 13000/20016 (64.9%) | TP=2718 SL=5180 NONE=5102 | 304.0s elapsed (42.8 rows/s)
2026-05-07 14:01:11,777  INFO  [TP/SL][aggressive__relax1] progress: 14000/20016 (69.9%) | TP=2947 SL=5585 NONE=5468 | 327.3s elapsed (42.8 rows/s)
2026-05-07 14:01:34,504  INFO  [TP/SL][aggressive__relax1] progress: 15000/20016 (74.9%) | TP=3154 SL=5979 NONE=5867 | 350.0s elapsed (42.9 rows/s)
2026-05-07 14:01:58,351  INFO  [TP/SL][aggressive__relax1] progress: 16000/20016 (79.9%) | TP=3348 SL=6369 NONE=6283 | 373.9s elapsed (42.8 rows/s)
2026-05-07 14:02:21,977  INFO  [TP/SL][aggressive__relax1] progress: 17000/20016 (84.9%) | TP=3541 SL=6782 NONE=6677 | 397.5s elapsed (42.8 rows/s)
2026-05-07 14:02:45,093  INFO  [TP/SL][aggressive__relax1] progress: 18000/20016 (89.9%) | TP=3772 SL=7180 NONE=7048 | 420.6s elapsed (42.8 rows/s)
2026-05-07 14:03:08,538  INFO  [TP/SL][aggressive__relax1] progress: 19000/20016 (94.9%) | TP=3957 SL=7588 NONE=7455 | 444.1s elapsed (42.8 rows/s)
2026-05-07 14:03:31,034  INFO  [TP/SL][aggressive__relax1] progress: 20000/20016 (99.9%) | TP=4176 SL=7970 NONE=7854 | 466.6s elapsed (42.9 rows/s)
2026-05-07 14:03:31,251  INFO  [TP/SL][aggressive__relax1] progress: 20016/20016 (100.0%) | TP=4176 SL=7982 NONE=7858 | 466.8s elapsed (42.9 rows/s)
2026-05-07 14:03:31,287  INFO  [TP/SL][aggressive__relax1] pass complete: rows=20016 | TP=4176 SL=7982 NONE=7858 | 466.8s total
2026-05-07 14:03:31,294  INFO  [TP/SL] Strategy=aggressive__relax1 -> generating test adaptive targets...
2026-05-07 14:03:31,879  INFO  [TP/SL][aggressive__relax1] Adaptive target pass start: rows=417, lag_days=0, holding_months=12
2026-05-07 14:03:37,544  INFO  [TP/SL][aggressive__relax1] progress: 250/417 (60.0%) | TP=0 SL=0 NONE=250 | 5.7s elapsed (44.1 rows/s)
2026-05-07 14:03:41,206  INFO  [TP/SL][aggressive__relax1] progress: 417/417 (100.0%) | TP=0 SL=0 NONE=417 | 9.3s elapsed (44.7 rows/s)
2026-05-07 14:03:41,207  INFO  [TP/SL][aggressive__relax1] pass complete: rows=417 | TP=0 SL=0 NONE=417 | 9.3s total
2026-05-07 14:03:41,221  INFO  [TP/SL] Strategy=aggressive__relax1 ready: utility=-0.0108, hit_rate=20.86%, train_labels=20016, test_labels=417 [477.3s]
2026-05-07 14:03:41,222  INFO  [TP/SL] Strategy=aggressive__relax2 -> generating train adaptive targets...
2026-05-07 14:03:41,813  INFO  [TP/SL][aggressive__relax2] Adaptive target pass start: rows=20016, lag_days=0, holding_months=12
2026-05-07 14:04:05,876  INFO  [TP/SL][aggressive__relax2] progress: 1000/20016 (5.0%) | TP=490 SL=327 NONE=183 | 24.1s elapsed (41.6 rows/s)
2026-05-07 14:04:28,400  INFO  [TP/SL][aggressive__relax2] progress: 2000/20016 (10.0%) | TP=978 SL=658 NONE=364 | 46.6s elapsed (42.9 rows/s)
2026-05-07 14:04:52,386  INFO  [TP/SL][aggressive__relax2] progress: 3000/20016 (15.0%) | TP=1430 SL=1039 NONE=531 | 70.6s elapsed (42.5 rows/s)
2026-05-07 14:05:15,073  INFO  [TP/SL][aggressive__relax2] progress: 4000/20016 (20.0%) | TP=1883 SL=1392 NONE=725 | 93.3s elapsed (42.9 rows/s)
2026-05-07 14:05:38,203  INFO  [TP/SL][aggressive__relax2] progress: 5000/20016 (25.0%) | TP=2354 SL=1757 NONE=889 | 116.4s elapsed (43.0 rows/s)
2026-05-07 14:06:01,685  INFO  [TP/SL][aggressive__relax2] progress: 6000/20016 (30.0%) | TP=2837 SL=2129 NONE=1034 | 139.9s elapsed (42.9 rows/s)
2026-05-07 14:06:24,758  INFO  [TP/SL][aggressive__relax2] progress: 7000/20016 (35.0%) | TP=3295 SL=2487 NONE=1218 | 162.9s elapsed (43.0 rows/s)
2026-05-07 14:06:48,020  INFO  [TP/SL][aggressive__relax2] progress: 8000/20016 (40.0%) | TP=3773 SL=2854 NONE=1373 | 186.2s elapsed (43.0 rows/s)
2026-05-07 14:07:10,741  INFO  [TP/SL][aggressive__relax2] progress: 9000/20016 (45.0%) | TP=4219 SL=3242 NONE=1539 | 208.9s elapsed (43.1 rows/s)
2026-05-07 14:07:33,848  INFO  [TP/SL][aggressive__relax2] progress: 10000/20016 (50.0%) | TP=4706 SL=3609 NONE=1685 | 232.0s elapsed (43.1 rows/s)
2026-05-07 14:07:57,543  INFO  [TP/SL][aggressive__relax2] progress: 11000/20016 (55.0%) | TP=5184 SL=3908 NONE=1908 | 255.7s elapsed (43.0 rows/s)
2026-05-07 14:08:20,538  INFO  [TP/SL][aggressive__relax2] progress: 12000/20016 (60.0%) | TP=5654 SL=4247 NONE=2099 | 278.7s elapsed (43.1 rows/s)
2026-05-07 14:08:43,261  INFO  [TP/SL][aggressive__relax2] progress: 13000/20016 (64.9%) | TP=6151 SL=4599 NONE=2250 | 301.4s elapsed (43.1 rows/s)
2026-05-07 14:09:06,755  INFO  [TP/SL][aggressive__relax2] progress: 14000/20016 (69.9%) | TP=6666 SL=4948 NONE=2386 | 324.9s elapsed (43.1 rows/s)
2026-05-07 14:09:29,710  INFO  [TP/SL][aggressive__relax2] progress: 15000/20016 (74.9%) | TP=7091 SL=5309 NONE=2600 | 347.9s elapsed (43.1 rows/s)
2026-05-07 14:09:53,384  INFO  [TP/SL][aggressive__relax2] progress: 16000/20016 (79.9%) | TP=7565 SL=5659 NONE=2776 | 371.6s elapsed (43.1 rows/s)
2026-05-07 14:10:16,694  INFO  [TP/SL][aggressive__relax2] progress: 17000/20016 (84.9%) | TP=8013 SL=6038 NONE=2949 | 394.9s elapsed (43.1 rows/s)
2026-05-07 14:10:39,695  INFO  [TP/SL][aggressive__relax2] progress: 18000/20016 (89.9%) | TP=8490 SL=6397 NONE=3113 | 417.9s elapsed (43.1 rows/s)
2026-05-07 14:11:02,423  INFO  [TP/SL][aggressive__relax2] progress: 19000/20016 (94.9%) | TP=8956 SL=6761 NONE=3283 | 440.6s elapsed (43.1 rows/s)
2026-05-07 14:11:25,282  INFO  [TP/SL][aggressive__relax2] progress: 20000/20016 (99.9%) | TP=9422 SL=7106 NONE=3472 | 463.5s elapsed (43.2 rows/s)
2026-05-07 14:11:25,506  INFO  [TP/SL][aggressive__relax2] progress: 20016/20016 (100.0%) | TP=9423 SL=7118 NONE=3475 | 463.7s elapsed (43.2 rows/s)
2026-05-07 14:11:25,537  INFO  [TP/SL][aggressive__relax2] pass complete: rows=20016 | TP=9423 SL=7118 NONE=3475 | 463.7s total
2026-05-07 14:11:25,545  INFO  [TP/SL] Strategy=aggressive__relax2 -> generating test adaptive targets...
2026-05-07 14:11:26,120  INFO  [TP/SL][aggressive__relax2] Adaptive target pass start: rows=417, lag_days=0, holding_months=12
2026-05-07 14:11:31,503  INFO  [TP/SL][aggressive__relax2] progress: 250/417 (60.0%) | TP=0 SL=0 NONE=250 | 5.4s elapsed (46.4 rows/s)
2026-05-07 14:11:35,278  INFO  [TP/SL][aggressive__relax2] progress: 417/417 (100.0%) | TP=0 SL=0 NONE=417 | 9.2s elapsed (45.5 rows/s)
2026-05-07 14:11:35,279  INFO  [TP/SL][aggressive__relax2] pass complete: rows=417 | TP=0 SL=0 NONE=417 | 9.2s total
2026-05-07 14:11:35,297  INFO  [TP/SL] Strategy=aggressive__relax2 ready: utility=0.0142, hit_rate=47.08%, train_labels=20016, test_labels=417 [474.1s]
2026-05-07 14:11:35,297  INFO  [TP/SL] Fine-tuning activated: base_best=conservative utility=0.0008 hit_rate=32.01% (min_utility=0.0000, min_hit=48.00%)
2026-05-07 14:11:35,299  INFO  [TP/SL] Selected training strategy=conservative (variant=conservative__relax1) | utility=0.0142 | hit_rate=47.08%
2026-05-07 14:11:36,296  INFO  [Fold T08_20260215] 1/3 — Entrenando agentes base con datos de entrenamiento del fold...
2026-05-07 14:11:36,457  INFO  [Fold T08_20260215] Recency weighting enabled (halflife=2.0Y, weight_range=[0.069, 4.050])
2026-05-07 14:15:36,492  INFO  [fundamental] Top-5 features: fcf_margin__pct_universe=0.050 | operating_margin=0.049 | debt_equity__pct_universe=0.047 | ebitda_margin__pct_universe=0.045 | fcf_yoy_growth__pct_universe=0.043
2026-05-07 14:15:36,506  INFO  [fundamental] Diagnostics → diagnostics_T08_20260215.json
2026-05-07 14:18:35,365  INFO  [valuation] Top-5 features: ev_to_ebitda__pct_universe=0.067 | fcf_yield__pct_universe=0.060 | fcf_yield=0.047 | pb_ratio__pct_universe=0.046 | ev_to_ebitda=0.046
2026-05-07 14:18:35,378  INFO  [valuation] Diagnostics → diagnostics_T08_20260215.json
2026-05-07 14:22:15,933  INFO  [momentum] Top-5 features: volatility_60d=0.193 | momentum_6m=0.103 | momentum_3m=0.102 | volatility_60d__pct_universe=0.081 | price_vs_52w_high=0.057
2026-05-07 14:22:15,943  INFO  [momentum] Diagnostics → diagnostics_T08_20260215.json
2026-05-07 14:26:35,865  INFO  [bear] Top-5 features: revenue_decline__pct_universe=0.283 | consecutive_losses__pct_universe=0.228 | interest_coverage__pct_universe=0.110 | debt_equity__pct_universe=0.051 | interest_coverage__pct_sector=0.040
2026-05-07 14:26:35,872  INFO  [bear] Diagnostics → diagnostics_T08_20260215.json
2026-05-07 14:26:35,948  INFO  [Fold T08_20260215] 1/3 — Entrenando SectorRotationAgent (top-down, nivel sector)...
2026-05-07 14:26:35,948  INFO  [SectorRotationAgent] Building sector dataset — 20016 ticker obs
2026-05-07 14:26:49,240  INFO  [FeatureSelector/sector_rotation] Step 1 — correlation >85%: removed 0 / 15 features
2026-05-07 14:26:49,714  INFO  [FeatureSelector/sector_rotation] Step 2 — combined score (w_relevance=0.65, w_importance=0.35)
2026-05-07 14:26:49,715  INFO  [FeatureSelector/sector_rotation] Step 3 — importance cutoff: top=0.1515, cutoff=0.40 (value=0.0606), min_keep=6, max_keep=10
2026-05-07 14:26:49,715  INFO  [FeatureSelector/sector_rotation]   Feature                               Combined     Imp_RF     pb_y
2026-05-07 14:26:49,716  INFO  [FeatureSelector/sector_rotation]   ----------------------------------- ---------- ---------- --------
2026-05-07 14:26:49,717  INFO  [FeatureSelector/sector_rotation]    1. revenue_yoy_growth                    0.9810     0.1515    0.092  weight= 18.74%
2026-05-07 14:26:49,717  INFO  [FeatureSelector/sector_rotation]    2. net_margin                            0.8816     0.1002    0.095  weight= 12.40%
2026-05-07 14:26:49,718  INFO  [FeatureSelector/sector_rotation]    3. momentum_6m                           0.7111     0.0927    0.074  weight= 11.46%
2026-05-07 14:26:49,718  INFO  [FeatureSelector/sector_rotation]    4. fcf_margin                            0.7653     0.0880    0.083  weight= 10.88%
2026-05-07 14:26:49,719  INFO  [FeatureSelector/sector_rotation]    5. volatility_60d                        0.6910     0.0837    0.074  weight= 10.35%
2026-05-07 14:26:49,719  INFO  [FeatureSelector/sector_rotation]    6. momentum_3m                           0.4103     0.0765    0.038  weight=  9.46%
2026-05-07 14:26:49,720  INFO  [FeatureSelector/sector_rotation]    7. roic                                  0.6894     0.0755    0.076  weight=  9.33%
2026-05-07 14:26:49,720  INFO  [FeatureSelector/sector_rotation]    8. fcf_yield                             0.3063     0.0726    0.025  weight=  8.98%
2026-05-07 14:26:49,721  INFO  [FeatureSelector/sector_rotation]    9. price_vs_52w_high                     0.5677     0.0679    0.062  weight=  8.40%
2026-05-07 14:26:49,721  INFO  [FeatureSelector/sector_rotation]   Discarded by low combined score (6): earnings_yield, pe_vs_5y_median, sector_vs_market_momentum, risk_adjusted_sector_momentum, ev_to_ebitda, eps_revision
2026-05-07 14:26:49,722  INFO  [FeatureSelector/sector_rotation] Summary: 15 features → pair_drop=0 → corr_drop=0 → imp_drop=6 → 9 selected (cutoff rule + [6,10])
2026-05-07 14:26:49,732  INFO  [SectorRotationAgent] 1392 sector obs | 924 outperform / 468 underperform sectors | 9 features
2026-05-07 14:26:52,962  INFO  [SectorRotationAgent] CV AUC=0.5660 ± 0.0357
2026-05-07 14:26:54,906  INFO  [sector_rotation] Top-5 features: revenue_yoy_growth=0.159 | net_margin=0.143 | fcf_yield=0.125 | fcf_margin=0.115 | roic=0.103
2026-05-07 14:26:54,911  INFO  [sector_rotation] Diagnostics → diagnostics_T08_20260215.json
2026-05-07 14:26:54,912  INFO  [Fold T08_20260215] 2/3 — Generando scores OOF (3 splits temporales) como input del MetaLearner...
2026-05-07 14:26:54,938  INFO    [OOF] fundamental: generating anti-leakage scores (3 quarter-level temporal splits)
2026-05-07 14:32:10,731  INFO    [OOF/RuleIC] fundamental: rule_signal Spearman IC=0.0727 (n=13344) — predictive ✓
2026-05-07 14:32:10,732  INFO    [OOF] valuation: generating anti-leakage scores (3 quarter-level temporal splits)
2026-05-07 14:36:16,290  INFO    [OOF/RuleIC] valuation: rule_signal Spearman IC=0.0060 (n=13344) — weak/noise
2026-05-07 14:36:16,291  INFO    [OOF] momentum: generating anti-leakage scores (3 quarter-level temporal splits)
2026-05-07 14:41:46,052  INFO    [OOF/RuleIC] momentum: rule_signal Spearman IC=0.0420 (n=13344) — predictive ✓
2026-05-07 14:41:46,053  INFO    [OOF] bear: generating anti-leakage scores (3 quarter-level temporal splits)
2026-05-07 14:47:18,761  INFO    [OOF/RuleIC] bear: rule_signal Spearman IC=-0.0143 (n=13344) — weak/noise
2026-05-07 14:47:18,763  INFO    [OOF] sector_rotation: generating OOF sector scores (3 quarter-level splits)
2026-05-07 14:47:18,792  INFO  [SectorRotationAgent] Building sector dataset — 6255 ticker obs
2026-05-07 14:47:23,004  INFO  [FeatureSelector/sector_rotation] Step 1 — correlation >85%: removed 0 / 14 features
2026-05-07 14:47:23,414  INFO  [FeatureSelector/sector_rotation] Step 2 — combined score (w_relevance=0.65, w_importance=0.35)
2026-05-07 14:47:23,414  INFO  [FeatureSelector/sector_rotation] Step 3 — importance cutoff: top=0.1142, cutoff=0.40 (value=0.0457), min_keep=6, max_keep=10
2026-05-07 14:47:23,414  INFO  [FeatureSelector/sector_rotation]   Feature                               Combined     Imp_RF     pb_y
2026-05-07 14:47:23,414  INFO  [FeatureSelector/sector_rotation]   ----------------------------------- ---------- ---------- --------
2026-05-07 14:47:23,414  INFO  [FeatureSelector/sector_rotation]    1. net_margin                            0.8066     0.1142    0.053  weight= 12.91%
2026-05-07 14:47:23,414  INFO  [FeatureSelector/sector_rotation]    2. price_vs_52w_high                     0.6153     0.0984    0.040  weight= 11.12%
2026-05-07 14:47:23,414  INFO  [FeatureSelector/sector_rotation]    3. fcf_margin                            0.3790     0.0941    0.019  weight= 10.64%
2026-05-07 14:47:23,414  INFO  [FeatureSelector/sector_rotation]    4. pe_vs_5y_median                       0.5635     0.0921    0.037  weight= 10.41%
2026-05-07 14:47:23,414  INFO  [FeatureSelector/sector_rotation]    5. momentum_6m                           0.8842     0.0872    0.068  weight=  9.86%
2026-05-07 14:47:23,414  INFO  [FeatureSelector/sector_rotation]    6. fcf_yield                             0.3697     0.0857    0.021  weight=  9.69%
2026-05-07 14:47:23,414  INFO  [FeatureSelector/sector_rotation]    7. ev_to_ebitda                          0.8979     0.0809    0.071  weight=  9.14%
2026-05-07 14:47:23,414  INFO  [FeatureSelector/sector_rotation]    8. revenue_yoy_growth                    0.2446     0.0798    0.011  weight=  9.02%
2026-05-07 14:47:23,414  INFO  [FeatureSelector/sector_rotation]    9. earnings_yield                        0.6238     0.0784    0.046  weight=  8.87%
2026-05-07 14:47:23,414  INFO  [FeatureSelector/sector_rotation]   10. volatility_60d                        0.2954     0.0737    0.017  weight=  8.33%
2026-05-07 14:47:23,414  INFO  [FeatureSelector/sector_rotation]   Discarded by low combined score (4): momentum_3m, roic, sector_vs_market_momentum, risk_adjusted_sector_momentum
2026-05-07 14:47:23,414  INFO  [FeatureSelector/sector_rotation] Summary: 14 features → pair_drop=0 → corr_drop=0 → imp_drop=4 → 10 selected (cutoff rule + [6,10])
2026-05-07 14:47:23,424  INFO  [SectorRotationAgent] 435 sector obs | 334 outperform / 101 underperform sectors | 10 features
2026-05-07 14:47:25,088  INFO  [SectorRotationAgent] CV AUC=0.4806 ± 0.0556
2026-05-07 14:47:25,998  INFO  [SectorRotationAgent] Sector scores:
2026-05-07 14:47:25,998  INFO      Industrials                     score=0.930
2026-05-07 14:47:25,998  INFO      Distributors                    score=0.930
2026-05-07 14:47:25,998  INFO      Airlines                        score=0.922
2026-05-07 14:47:25,998  INFO      Packaging                       score=0.906
2026-05-07 14:47:25,998  INFO      Leisure Products                score=0.903
2026-05-07 14:47:25,998  INFO      Technology                      score=0.902
2026-05-07 14:47:25,998  INFO      Financials                      score=0.897
2026-05-07 14:47:25,998  INFO      Industrial Conglomerates        score=0.879
2026-05-07 14:47:25,998  INFO      Commercial Services & Supplies  score=0.875
2026-05-07 14:47:25,998  INFO      Telecommunication               score=0.872
2026-05-07 14:47:25,998  INFO      Consumer Discretionary          score=0.867
2026-05-07 14:47:25,998  INFO      Utilities                       score=0.863
2026-05-07 14:47:25,998  INFO      Building                        score=0.862
2026-05-07 14:47:25,998  INFO      Consumer products               score=0.854
2026-05-07 14:47:25,998  INFO      Trading Companies & Distributors  score=0.838
2026-05-07 14:47:25,998  INFO      Health Care                     score=0.827
2026-05-07 14:47:25,998  INFO      Hotels, Restaurants & Leisure   score=0.825
2026-05-07 14:47:25,998  INFO      Energy                          score=0.824
2026-05-07 14:47:25,998  INFO      Construction                    score=0.811
2026-05-07 14:47:25,998  INFO      Consumer Staples                score=0.783
2026-05-07 14:47:26,008  INFO      Auto Components                 score=0.761
2026-05-07 14:47:26,008  INFO      Professional Services           score=0.738
2026-05-07 14:47:26,008  INFO      Machinery                       score=0.733
2026-05-07 14:47:26,008  INFO      Electrical Equipment            score=0.716
2026-05-07 14:47:26,008  INFO      Tobacco                         score=0.713
2026-05-07 14:47:26,008  INFO      Banking                         score=0.707
2026-05-07 14:47:26,011  INFO      Metals & Mining                 score=0.699
2026-05-07 14:47:26,011  INFO      Communication Services          score=0.683
2026-05-07 14:47:26,011  INFO      Life Sciences Tools & Services  score=0.676
2026-05-07 14:47:26,011  INFO      Real Estate                     score=0.665
2026-05-07 14:47:26,011  INFO      Communications                  score=0.635
2026-05-07 14:47:26,011  INFO      Road & Rail                     score=0.601
2026-05-07 14:47:26,011  INFO      Materials                       score=0.552
2026-05-07 14:47:26,011  INFO      Textiles, Apparel & Luxury Goods  score=0.552
2026-05-07 14:47:26,011  INFO      Healthcare                      score=0.551
2026-05-07 14:47:26,055  INFO  [SectorRotationAgent] Building sector dataset — 12927 ticker obs
2026-05-07 14:47:34,700  INFO  [FeatureSelector/sector_rotation] Step 1 — correlation >85%: removed 0 / 14 features
2026-05-07 14:47:35,168  INFO  [FeatureSelector/sector_rotation] Step 2 — combined score (w_relevance=0.65, w_importance=0.35)
2026-05-07 14:47:35,168  INFO  [FeatureSelector/sector_rotation] Step 3 — importance cutoff: top=0.1689, cutoff=0.40 (value=0.0676), min_keep=6, max_keep=10
2026-05-07 14:47:35,168  INFO  [FeatureSelector/sector_rotation]   Feature                               Combined     Imp_RF     pb_y
2026-05-07 14:47:35,168  INFO  [FeatureSelector/sector_rotation]   ----------------------------------- ---------- ---------- --------
2026-05-07 14:47:35,168  INFO  [FeatureSelector/sector_rotation]    1. revenue_yoy_growth                    0.9563     0.1689    0.117  weight= 23.17%
2026-05-07 14:47:35,168  INFO  [FeatureSelector/sector_rotation]    2. momentum_6m                           0.8924     0.1170    0.126  weight= 16.05%
2026-05-07 14:47:35,168  INFO  [FeatureSelector/sector_rotation]    3. volatility_60d                        0.7580     0.1018    0.106  weight= 13.97%
2026-05-07 14:47:35,168  INFO  [FeatureSelector/sector_rotation]    4. fcf_margin                            0.2437     0.0957    0.011  weight= 13.12%
2026-05-07 14:47:35,168  INFO  [FeatureSelector/sector_rotation]    5. fcf_yield                             0.2121     0.0890    0.008  weight= 12.21%
2026-05-07 14:47:35,168  INFO  [FeatureSelector/sector_rotation]    6. momentum_3m                           0.4913     0.0884    0.061  weight= 12.12%
2026-05-07 14:47:35,168  INFO  [FeatureSelector/sector_rotation]    7. net_margin                            0.4813     0.0682    0.067  weight=  9.35%
2026-05-07 14:47:35,168  INFO  [FeatureSelector/sector_rotation]   Discarded by low combined score (7): price_vs_52w_high, earnings_yield, pe_vs_5y_median, roic, sector_vs_market_momentum, risk_adjusted_sector_momentum, ev_to_ebitda
2026-05-07 14:47:35,168  INFO  [FeatureSelector/sector_rotation] Summary: 14 features → pair_drop=0 → corr_drop=0 → imp_drop=7 → 7 selected (cutoff rule + [6,10])
2026-05-07 14:47:35,178  INFO  [SectorRotationAgent] 899 sector obs | 636 outperform / 263 underperform sectors | 7 features
2026-05-07 14:47:37,246  INFO  [SectorRotationAgent] CV AUC=0.5508 ± 0.0260
2026-05-07 14:47:38,520  INFO  [SectorRotationAgent] Sector scores:
2026-05-07 14:47:38,520  INFO      Utilities                       score=0.918
2026-05-07 14:47:38,520  INFO      Auto Components                 score=0.907
2026-05-07 14:47:38,520  INFO      Financials                      score=0.849
2026-05-07 14:47:38,520  INFO      Machinery                       score=0.843
2026-05-07 14:47:38,524  INFO      Professional Services           score=0.823
2026-05-07 14:47:38,524  INFO      Hotels, Restaurants & Leisure   score=0.822
2026-05-07 14:47:38,524  INFO      Leisure Products                score=0.814
2026-05-07 14:47:38,524  INFO      Energy                          score=0.813
2026-05-07 14:47:38,524  INFO      Life Sciences Tools & Services  score=0.809
2026-05-07 14:47:38,524  INFO      Textiles, Apparel & Luxury Goods  score=0.803
2026-05-07 14:47:38,524  INFO      Metals & Mining                 score=0.802
2026-05-07 14:47:38,524  INFO      Distributors                    score=0.800
2026-05-07 14:47:38,524  INFO      Technology                      score=0.772
2026-05-07 14:47:38,524  INFO      Trading Companies & Distributors  score=0.771
2026-05-07 14:47:38,524  INFO      Real Estate                     score=0.761
2026-05-07 14:47:38,524  INFO      Industrials                     score=0.753
2026-05-07 14:47:38,524  INFO      Consumer products               score=0.744
2026-05-07 14:47:38,530  INFO      Telecommunication               score=0.736
2026-05-07 14:47:38,530  INFO      Communications                  score=0.733
2026-05-07 14:47:38,530  INFO      Consumer Discretionary          score=0.726
2026-05-07 14:47:38,530  INFO      Building                        score=0.725
2026-05-07 14:47:38,530  INFO      Commercial Services & Supplies  score=0.713
2026-05-07 14:47:38,530  INFO      Banking                         score=0.698
2026-05-07 14:47:38,530  INFO      Electrical Equipment            score=0.698
2026-05-07 14:47:38,530  INFO      Consumer Staples                score=0.695
2026-05-07 14:47:38,530  INFO      Materials                       score=0.691
2026-05-07 14:47:38,530  INFO      Health Care                     score=0.691
2026-05-07 14:47:38,530  INFO      Road & Rail                     score=0.690
2026-05-07 14:47:38,530  INFO      Healthcare                      score=0.660
2026-05-07 14:47:38,530  INFO      Communication Services          score=0.630
2026-05-07 14:47:38,530  INFO      Packaging                       score=0.606
2026-05-07 14:47:38,530  INFO      Industrial Conglomerates        score=0.590
2026-05-07 14:47:38,530  INFO      Construction                    score=0.527
2026-05-07 14:47:38,530  INFO      Tobacco                         score=0.409
2026-05-07 14:47:38,530  INFO      Airlines                        score=0.251
2026-05-07 14:47:38,627  INFO  [OOF/bear_risk] n=20016 | min=0.1559 q10=0.3691 q25=0.4549 mean=0.4931 q50=0.5000 q75=0.5322 q90=0.6076 max=0.8027
2026-05-07 14:47:38,627  INFO  [OOF/bear_risk] cobertura umbral: >=0.50=65.7% | >=0.55=20.9% | >=0.60=11.3%
2026-05-07 14:47:38,630  INFO  [OOF/bear_safety] n=20016 | min=0.1973 q10=0.3924 q25=0.4678 mean=0.5069 q50=0.5000 q75=0.5451 q90=0.6309 max=0.8441
2026-05-07 14:47:38,630  INFO  [OOF/bear_safety] cobertura umbral: >=0.50=67.6% | >=0.55=24.1% | >=0.60=14.7%
2026-05-07 14:47:38,648  INFO  [OOF/sector_score] n=20016 | min=0.2509 q10=0.5000 q25=0.5000 mean=0.6881 q50=0.7065 q75=0.8270 q90=0.8974 max=0.9302
2026-05-07 14:47:38,648  INFO  [OOF/sector_score] cobertura umbral: >=0.50=99.6% | >=0.55=65.9% | >=0.60=64.0%
2026-05-07 14:47:38,680  INFO  [NeutralPenalty] bear_score: penalized 6672 neutral scores 0.500 -> 0.250
2026-05-07 14:47:39,980  INFO  [AgentTemporal] Fold T08_20260215 validation -> agent_temporal_validation.csv
2026-05-07 14:47:39,980  INFO  [AgentTemporal] bear mult=0.924 rel=0.416 up=41.62% tp=41.62% trend=-0.0009 q=48
2026-05-07 14:47:39,980  INFO  [AgentTemporal] fundamental mult=0.930 rel=0.422 up=42.27% tp=42.27% trend=-0.0008 q=48
2026-05-07 14:47:39,980  INFO  [AgentTemporal] momentum mult=0.984 rel=0.482 up=48.19% tp=48.19% trend=+0.0013 q=48
2026-05-07 14:47:39,980  INFO  [AgentTemporal] valuation mult=0.921 rel=0.413 up=41.30% tp=41.30% trend=-0.0012 q=48
2026-05-07 14:47:40,056  INFO  [Diversity] bear_score multiplier=0.752
2026-05-07 14:47:40,056  INFO  [Diversity] fundamental_score multiplier=0.741
2026-05-07 14:47:40,056  INFO  [Diversity] momentum_score multiplier=0.756
2026-05-07 14:47:40,056  INFO  [Diversity] sector_score multiplier=0.771
2026-05-07 14:47:40,056  INFO  [Diversity] valuation_score multiplier=0.751
2026-05-07 14:47:40,673  INFO  [RuleQuality] bear multiplier=0.000
2026-05-07 14:47:40,673  INFO  [RuleQuality] fundamental multiplier=0.696
2026-05-07 14:47:40,673  INFO  [RuleQuality] momentum multiplier=0.368
2026-05-07 14:47:40,684  INFO  [RuleQuality] valuation multiplier=0.000
2026-05-07 14:47:40,795  INFO  [Dispersion] SCORE_DISPERSION_MIN_STD=0.0500
2026-05-07 14:47:40,795  INFO  [Dispersion] SCORE_DISPERSION_MIN_SCALE=0.3500
2026-05-07 14:47:40,795  INFO  [Dispersion] fundamental_score: std=0.089842 -> scale=1.0000 (sin shrink)
2026-05-07 14:47:40,805  INFO  [Dispersion] valuation_score: std=0.092762 -> scale=1.0000 (sin shrink)
2026-05-07 14:47:40,805  INFO  [Dispersion] momentum_score: std=0.100752 -> scale=1.0000 (sin shrink)
2026-05-07 14:47:40,805  INFO  [Dispersion] bear_score: std=0.105914 -> scale=1.0000 (sin shrink)
2026-05-07 14:47:40,805  INFO  [Dispersion] sector_score: std=0.120121 -> scale=1.0000 (sin shrink)
2026-05-07 14:47:40,805  INFO  [Fold T08_20260215] 2/3 — Entrenando MetaLearner sobre scores OOF (anti-leakage)...
2026-05-07 14:47:46,908  INFO  [alpha_meta_learner] Diagnostics → diagnostics_T08_20260215.json
2026-05-07 14:47:46,910  INFO  [Fold T08_20260215] 3/3 — Generando predicciones sobre el quarter de test (417 tickers)...
2026-05-07 14:47:53,239  INFO  [AgentScore/fundamental] n=417 | min=0.2748 q10=0.3703 q25=0.4034 mean=0.4434 q50=0.4353 q75=0.4780 q90=0.5281 max=0.6304
2026-05-07 14:47:53,239  INFO  [AgentScore/fundamental] cobertura umbral: >=0.50=18.2% | >=0.55=4.8% | >=0.60=1.0%
2026-05-07 14:47:58,205  INFO  [AgentScore/valuation] n=417 | min=0.3169 q10=0.3842 q25=0.3992 mean=0.4416 q50=0.4298 q75=0.4799 q90=0.5241 max=0.6491
2026-05-07 14:47:58,206  INFO  [AgentScore/valuation] cobertura umbral: >=0.50=17.5% | >=0.55=5.5% | >=0.60=1.2%
2026-05-07 14:48:03,049  INFO  [AgentScore/momentum] n=417 | min=0.4083 q10=0.4495 q25=0.4635 mean=0.5020 q50=0.4968 q75=0.5357 q90=0.5679 max=0.6370
2026-05-07 14:48:03,049  INFO  [AgentScore/momentum] cobertura umbral: >=0.50=47.7% | >=0.55=16.3% | >=0.60=1.9%
2026-05-07 14:48:09,294  INFO  [AgentScore/bear/risk] n=417 | min=0.4429 q10=0.5204 q25=0.5540 mean=0.6284 q50=0.6560 q75=0.6912 q90=0.7074 max=0.7296
2026-05-07 14:48:09,294  INFO  [AgentScore/bear/risk] cobertura umbral: >=0.50=94.7% | >=0.55=77.0% | >=0.60=64.7%
2026-05-07 14:48:09,304  INFO  [AgentScore/bear/safety] n=417 | min=0.2704 q10=0.2926 q25=0.3088 mean=0.3716 q50=0.3440 q75=0.4460 q90=0.4796 max=0.5571
2026-05-07 14:48:09,304  INFO  [AgentScore/bear/safety] cobertura umbral: >=0.50=5.3% | >=0.55=0.7% | >=0.60=0.0%
2026-05-07 14:48:09,324  INFO  [AgentScore/ensemble_mean_pre_meta] n=417 | min=0.3502 q10=0.3985 q25=0.4185 mean=0.4397 q50=0.4394 q75=0.4623 q90=0.4821 max=0.5415
2026-05-07 14:48:09,325  INFO  [AgentScore/ensemble_mean_pre_meta] cobertura umbral: >=0.50=2.4% | >=0.55=0.0% | >=0.60=0.0%
2026-05-07 14:48:09,440  INFO  [SectorRotationAgent] Sector scores:
2026-05-07 14:48:09,440  INFO      Distributors                    score=0.867
2026-05-07 14:48:09,440  INFO      Banking                         score=0.833
2026-05-07 14:48:09,440  INFO      Industrials                     score=0.828
2026-05-07 14:48:09,440  INFO      Trading Companies & Distributors  score=0.821
2026-05-07 14:48:09,440  INFO      Auto Components                 score=0.820
2026-05-07 14:48:09,440  INFO      Telecommunication               score=0.784
2026-05-07 14:48:09,440  INFO      Communication Services          score=0.776
2026-05-07 14:48:09,440  INFO      Professional Services           score=0.775
2026-05-07 14:48:09,440  INFO      Airlines                        score=0.760
2026-05-07 14:48:09,440  INFO      Materials                       score=0.755
2026-05-07 14:48:09,451  INFO      Consumer Staples                score=0.751
2026-05-07 14:48:09,451  INFO      Consumer products               score=0.748
2026-05-07 14:48:09,451  INFO      Building                        score=0.739
2026-05-07 14:48:09,451  INFO      Machinery                       score=0.733
2026-05-07 14:48:09,451  INFO      Healthcare                      score=0.733
2026-05-07 14:48:09,451  INFO      Hotels, Restaurants & Leisure   score=0.694
2026-05-07 14:48:09,451  INFO      Utilities                       score=0.693
2026-05-07 14:48:09,451  INFO      Consumer Discretionary          score=0.680
2026-05-07 14:48:09,451  INFO      Construction                    score=0.676
2026-05-07 14:48:09,451  INFO      Communications                  score=0.667
2026-05-07 14:48:09,451  INFO      Commercial Services & Supplies  score=0.666
2026-05-07 14:48:09,451  INFO      Packaging                       score=0.661
2026-05-07 14:48:09,451  INFO      Financials                      score=0.656
2026-05-07 14:48:09,451  INFO      Industrial Conglomerates        score=0.653
2026-05-07 14:48:09,451  INFO      Health Care                     score=0.651
2026-05-07 14:48:09,451  INFO      Technology                      score=0.651
2026-05-07 14:48:09,458  INFO      Textiles, Apparel & Luxury Goods  score=0.651
2026-05-07 14:48:09,458  INFO      Real Estate                     score=0.616
2026-05-07 14:48:09,459  INFO      Life Sciences Tools & Services  score=0.600
2026-05-07 14:48:09,459  INFO      Metals & Mining                 score=0.528
2026-05-07 14:48:09,459  INFO      Energy                          score=0.521
2026-05-07 14:48:09,460  INFO      Electrical Equipment            score=0.518
2026-05-07 14:48:09,460  INFO      Road & Rail                     score=0.448
2026-05-07 14:48:09,461  INFO      Leisure Products                score=0.324
2026-05-07 14:48:09,461  INFO      Tobacco                         score=0.101
2026-05-07 14:48:09,887  INFO  [Meta/final_score_pre_sector_adjust] n=417 | min=0.1277 q10=0.2086 q25=0.2985 mean=0.4467 q50=0.4493 q75=0.5927 q90=0.6814 max=0.7842
2026-05-07 14:48:09,887  INFO  [Meta/final_score_pre_sector_adjust] cobertura umbral: >=0.50=41.0% | >=0.55=32.9% | >=0.60=24.0%
2026-05-07 14:48:09,921  INFO  [SectorAdjust] params: SECTOR_CONFIDENCE_PEERS=10, SECTOR_SCORE_PRIOR_BASE=0.500, SECTOR_SCORE_PRIOR_WEIGHT=0.150
2026-05-07 14:48:09,936  INFO  [SectorAdjust/final_score_raw] n=417 | min=0.1277 q10=0.2086 q25=0.2985 mean=0.4467 q50=0.4493 q75=0.5927 q90=0.6814 max=0.7842
2026-05-07 14:48:09,936  INFO  [SectorAdjust/final_score_raw] cobertura umbral: >=0.50=41.0% | >=0.55=32.9% | >=0.60=24.0%
2026-05-07 14:48:09,942  INFO  [SectorAdjust/sector_score] n=417 | min=0.1923 q10=0.5195 q25=0.6166 mean=0.6319 q50=0.6206 q75=0.6799 q90=0.7127 max=0.7827
2026-05-07 14:48:09,942  INFO  [SectorAdjust/sector_score] cobertura umbral: >=0.50=98.1% | >=0.55=89.0% | >=0.60=80.1%
2026-05-07 14:48:09,951  INFO  [SectorAdjust/sector_confidence] n=417 | min=0.3162 q10=0.7071 q25=1.0000 mean=0.9446 q50=1.0000 q75=1.0000 q90=1.0000 max=1.0000
2026-05-07 14:48:09,951  INFO  [SectorAdjust/sector_confidence] cobertura umbral: >=0.50=97.6% | >=0.55=96.2% | >=0.60=96.2%
2026-05-07 14:48:09,959  INFO  [SectorAdjust/sector_tilt] n=417 | min=-0.0206 q10=0.0024 q25=0.0144 mean=0.0188 q50=0.0181 q75=0.0224 q90=0.0295 max=0.0385
2026-05-07 14:48:09,959  INFO  [SectorAdjust/sector_tilt] cobertura umbral: >=0.50=0.0% | >=0.55=0.0% | >=0.60=0.0%
2026-05-07 14:48:09,968  INFO  [SectorAdjust/final_score_adjusted] n=417 | min=0.1500 q10=0.2338 q25=0.3164 mean=0.4655 q50=0.4677 q75=0.6081 q90=0.6990 max=0.8017
2026-05-07 14:48:09,968  INFO  [SectorAdjust/final_score_adjusted] cobertura umbral: >=0.50=43.9% | >=0.55=36.2% | >=0.60=27.6%
2026-05-07 14:48:09,968  INFO  [RiskDiag] bear_risk>=hard_threshold(0.90): 0/417 (0.0%)
2026-05-07 14:48:09,968  INFO  [Fold T08_20260215] 3/3 — Predicciones listas. Scores en rango [0.150, 0.802]
2026-05-07 14:48:10,026  INFO  [FeatureUsage] Reporte fold T08_20260215 -> feature_usage_report.csv
2026-05-07 14:48:11,801  INFO  [Visualizer] Distribucion scores -> score_distribution_T08_20260215.png
2026-05-07 14:49:33,589  INFO  [Backtester] 2026Q1: 320 tickers superaron umbral 0.00 â†’ selecting target=7, final=7 (min=3, sector_cap=3)
2026-05-07 14:49:33,591  INFO  [Backtester] 2026Q1: precios parciales 2026-02-15 -> 2026-04-02 (teorico hasta 2027-02-15)
2026-05-07 14:49:33,628  INFO  [Trail] 2026Q1: 7 events → portfolio_trail_2026Q1.csv
2026-05-07 14:49:33,710  INFO  [Backtester] 2026Q1: optimizer=hrp pre-entry trailing window applied
2026-05-07 14:49:33,728  INFO  [Backtester] 2026Q1 â€” cartera final (hrp+cap(0.20), 7 stocks):
2026-05-07 14:49:33,728  INFO      AMZN      peso=0.200  score=0.750  ret=+4.29%
2026-05-07 14:49:33,728  INFO      AMAT      peso=0.104  score=0.697  ret=-2.97%
2026-05-07 14:49:33,733  INFO      AVGO      peso=0.112  score=0.642  ret=-5.41%
2026-05-07 14:49:33,733  INFO      MSCI      peso=0.200  score=0.656  ret=+4.50%
2026-05-07 14:49:33,738  INFO      MU        peso=0.060  score=0.681  ret=-8.39%
2026-05-07 14:49:33,740  INFO      GLW       peso=0.125  score=0.749  ret=+13.33%
2026-05-07 14:49:33,742  INFO      ERIE      peso=0.200  score=0.739  ret=-12.10%
2026-05-07 14:49:33,757  INFO  [Backtester] 2026Q1 â€” 7 stocks | Cartera=+0.14%  Benchmark=-3.81%  Alpha=+3.95%  Sharpe=0.00
2026-05-07 14:50:38,102  WARNING  [T08_20260215] Source audit detected 1327 incidents (diagnostic-only).
2026-05-07 14:50:38,112  WARNING  [T08_20260215] Strict fold leakage detected: 413 rows after as-of.
2026-05-07 14:50:38,592  INFO  [Trail] Exported 7 trailing stop events to trailing_stop_evolution.csv
2026-05-07 14:50:46,272  INFO  [Visualizer] Rendimiento 2026Q1 -> performance.png
2026-05-07 14:50:48,732  INFO  [FoldReport] Fold 2026Q1: scores for 417 tickers saved â†’ scores.csv
2026-05-07 14:50:49,272  INFO  [Visualizer] Feature importances -> feat_imp_fundamental_T08_20260215.png
2026-05-07 14:50:49,803  INFO  [Visualizer] Feature importances -> feat_imp_valuation_T08_20260215.png
2026-05-07 14:50:50,393  INFO  [Visualizer] Feature importances -> feat_imp_momentum_T08_20260215.png
2026-05-07 14:50:50,992  INFO  [Visualizer] Feature importances -> feat_imp_bear_T08_20260215.png
2026-05-07 14:50:51,371  INFO  [Visualizer] Feature importances -> feat_imp_sector_rotation_T08_20260215.png
2026-05-07 14:50:51,797  INFO  [Explainer] Fold 2026Q1: explicaciones de 60 tickers -> ticker_explanations.csv y ticker_explanations.json
2026-05-07 14:50:51,849  INFO  =================================================================
2026-05-07 14:50:51,849  INFO    RESUMEN WALK-FORWARD BACKTEST
2026-05-07 14:50:51,850  INFO    Folds completados : 7
2026-05-07 14:50:51,850  INFO    [8Y train]  n= 1 folds | ret=+49.76% | alpha=+33.01% | alpha>0=100% | Sharpe=1.252
2026-05-07 14:50:51,851  INFO    [9Y train]  n= 1 folds | ret=+10.69% | alpha=-3.01% | alpha>0=0% | Sharpe=0.384
2026-05-07 14:50:51,851  INFO    [11Y train]  n= 1 folds | ret=-1.85% | alpha=+5.38% | alpha>0=100% | Sharpe=-0.118
2026-05-07 14:50:51,851  INFO    [12Y train]  n= 4 folds | ret=+22.47% | alpha=+9.83% | alpha>0=75% | Sharpe=0.932
2026-05-07 14:50:51,852  INFO    Alpha medio       : +10.67%  (71% de folds positivos)
2026-05-07 14:50:51,852  INFO    Sharpe Estrategia : 0.820
2026-05-07 14:50:51,853  INFO    Sharpe Benchmark  : 0.437
2026-05-07 14:50:51,853  INFO    Max Drawdown      : -35.50%
2026-05-07 14:50:51,854  INFO  =================================================================
2026-05-07 14:50:51,872  INFO  [Backtester] Folds results CSV -> results\anchor_20260215_h12_n8\strategy\folds_results.csv
2026-05-07 14:50:53,914  INFO  [Backtester] Folds results plot -> results\anchor_20260215_h12_n8\strategy\folds_results.png
2026-05-07 14:50:57,142  INFO  [Visualizer] Reporte completo -> results\anchor_20260215_h12_n8\strategy\full_report.png
2026-05-07 14:50:57,365  WARNING  [Benchmark USD] Salida truncada por falta de datos: requested=2027-02-15, used=2026-04-02
2026-05-07 15:07:17,547  INFO  [PortfolioSize] Running portfolio size alpha analysis (1..20 stocks)
2026-05-07 15:07:22,507  INFO  [PortfolioSize] CSV matrix saved to results\anchor_20260215_h12_n8\strategy\portfolio_size_alpha_vs_benchmark.csv
2026-05-07 15:07:24,031  INFO  [PortfolioSize] Heatmap saved to results\anchor_20260215_h12_n8\strategy\portfolio_size_alpha_heatmap.png
2026-05-07 15:07:24,038  INFO  [PortfolioSize] Summary saved to results\anchor_20260215_h12_n8\strategy\portfolio_size_alpha_summary.csv
2026-05-07 15:07:24,098  INFO  
============================================================
2026-05-07 15:07:24,098  INFO    PIPELINE COMPLETED
2026-05-07 15:07:24,098  INFO  ============================================================
2026-05-07 15:07:24,098  INFO    Analyzed tickers:     667
2026-05-07 15:07:24,098  INFO    Mean alpha:            10.67%
2026-05-07 15:07:24,098  INFO    Folds with alpha > 0:  71%
2026-05-07 15:07:24,098  INFO    Sharpe Strategy:       0.820
2026-05-07 15:07:24,098  INFO    Sharpe Benchmark:      0.437
2026-05-07 15:07:24,098  INFO    Max DD Strategy:       -35.50%
2026-05-07 15:07:24,098  INFO    Results in:           results\anchor_20260215_h12_n8\general/
2026-05-07 15:07:24,098  INFO  ============================================================
2026-05-07 15:07:53,459  INFO  ============================================================
2026-05-07 15:07:53,459  INFO    STARTING MULTI-AGENT ML STOCK PICKER PIPELINE
2026-05-07 15:07:53,459  INFO    Run: anchor_20260215_h12_n8 (v1)
2026-05-07 15:07:53,459  INFO  ============================================================
2026-05-07 15:07:53,459  INFO  Scheduled tests: reference_entry=2026-02-15 | holding=12 months | num_tests=8 | earliest_entry=2019-02-15
2026-05-07 15:07:53,569  INFO  Dynamic universe: 914 active candidates in [2007-02-15, 2027-02-15]
2026-05-07 15:07:53,575  INFO  ============================================================
2026-05-07 15:07:53,575  INFO    STEP 1 — DATA DOWNLOAD
2026-05-07 15:07:53,576  INFO    Tickers : 914 | Period: 2000-01-01 → 2026-05-07
2026-05-07 15:07:53,576  INFO    Destination : data_finnhub
2026-05-07 15:07:53,576  INFO  ============================================================
2026-05-07 15:07:53,602  INFO  ==================================================
2026-05-07 15:07:53,604  INFO    Finnhub + Yahoo Finance Downloader
2026-05-07 15:07:53,605  INFO    Tickers  : 914
2026-05-07 15:07:53,605  INFO    Periodo  : 2000-01-01 -> 2026-05-07
2026-05-07 15:07:53,605  INFO    Destino  : C:\Users\PC\Desktop\Documents\TFM\data_finnhub
2026-05-07 15:07:53,606  INFO    Optional endpoints: enabled
2026-05-07 15:07:53,606  INFO  ==================================================
2026-05-07 15:07:53,606  INFO  Descargando macro...
2026-05-07 15:07:53,608  INFO    _macro/sp500.json  skip
2026-05-07 15:07:54,974  INFO    Skip terminal prices (404/delisted): 127
2026-05-07 15:07:54,975  INFO    Skip tickers completos en registry: 636
2026-05-07 15:07:54,976  INFO    Skip tickers incompletos/parciales: 151
2026-05-07 15:07:54,976  INFO  Descargando 0 tickers...
2026-05-07 15:07:54,976  INFO  ==================================================
2026-05-07 15:07:54,976  INFO    DESCARGA COMPLETADA
2026-05-07 15:07:54,976  INFO    Completos  : 0
2026-05-07 15:07:54,976  INFO    Parciales  : 0
2026-05-07 15:07:54,976  INFO    No data  : 0
2026-05-07 15:07:54,976  INFO  ==================================================
2026-05-07 15:07:54,982  INFO    Download completed. Proceeding to consolidation...
2026-05-07 15:07:54,983  INFO  ============================================================
2026-05-07 15:07:54,984  INFO    STEP 2 — DATA CONSOLIDATION
2026-05-07 15:07:54,984  INFO    Normalising and merging Finnhub files for 914 tickers...
2026-05-07 15:07:54,984  INFO  ============================================================
2026-05-07 15:07:55,260  WARNING  [AABA] No data SEC — skip
2026-05-07 15:07:56,389  WARNING  [ABI] No data SEC — skip
2026-05-07 15:07:56,392  WARNING  [ABKFQ] No data SEC — skip
2026-05-07 15:07:56,977  WARNING  [ACAS] No data SEC — skip
2026-05-07 15:07:57,470  WARNING  [ACS] No data SEC — skip
2026-05-07 15:08:01,579  WARNING  [AKS] No data SEC — skip
2026-05-07 15:08:05,298  WARNING  [ANDV] No data SEC — skip
2026-05-07 15:08:05,767  WARNING  [ANRZQ] No data SEC — skip
2026-05-07 15:08:06,877  WARNING  [APCC] No data SEC — skip
2026-05-07 15:08:08,853  WARNING  [ASN] No data SEC — skip
2026-05-07 15:08:08,853  WARNING  [AT] No data SEC — skip
2026-05-07 15:08:08,853  WARNING  [ATGE] No data SEC — skip
2026-05-07 15:08:09,523  WARNING  [AV] No data SEC — skip
2026-05-07 15:08:09,933  WARNING  [AVP] No data SEC — skip
2026-05-07 15:08:10,234  WARNING  [AW] No data SEC — skip
2026-05-07 15:08:11,037  WARNING  [AYE] No data SEC — skip
2026-05-07 15:08:13,516  WARNING  [BDK] No data SEC — skip
2026-05-07 15:08:14,808  WARNING  [BIG] No data SEC — skip
2026-05-07 15:08:15,315  WARNING  [BJS] No data SEC — skip
2026-05-07 15:08:17,412  WARNING  [BOL] No data SEC — skip
2026-05-07 15:08:18,025  WARNING  [BRL] No data SEC — skip
2026-05-07 15:08:18,274  WARNING  [BSC] No data SEC — skip
2026-05-07 15:08:18,524  WARNING  [BTUUQ] No data SEC — skip
2026-05-07 15:08:18,582  WARNING  [BUD] No data SEC — skip
2026-05-07 15:08:19,066  WARNING  [BXLT] No data SEC — skip
2026-05-07 15:08:21,054  WARNING  [CBH] No data SEC — skip
2026-05-07 15:08:21,551  WARNING  [CBS] No data SEC — skip
2026-05-07 15:08:21,589  WARNING  [CBSS] No data SEC — skip
2026-05-07 15:08:21,738  WARNING  [CCEP] No data SEC — skip
2026-05-07 15:08:22,205  WARNING  [CCTYQ] No data SEC — skip
2026-05-07 15:08:22,260  WARNING  [CCU] No data SEC — skip
2026-05-07 15:08:23,336  WARNING  [CEPH] No data SEC — skip
2026-05-07 15:08:23,725  WARNING  [CFC] No data SEC — skip
2026-05-07 15:08:25,557  WARNING  [CITGQ] No data SEC — skip
2026-05-07 15:08:26,674  WARNING  [CMCSK] No data SEC — skip
2026-05-07 15:08:27,623  WARNING  [CMX] No data SEC — skip
2026-05-07 15:08:30,452  WARNING  [CPGX] No data SEC — skip
2026-05-07 15:08:32,547  WARNING  [CSRA] No data SEC — skip
2026-05-07 15:08:33,840  WARNING  [CTX] No data SEC — skip
2026-05-07 15:08:36,421  WARNING  [DDR] No data SEC — skip
2026-05-07 15:08:37,211  WARNING  [DF] No data SEC — skip
2026-05-07 15:08:38,678  WARNING  [DISCK] No data SEC — skip
2026-05-07 15:08:38,912  WARNING  [DJ] No data SEC — skip
2026-05-07 15:08:39,562  WARNING  [DNR] No data SEC — skip
2026-05-07 15:08:42,240  WARNING  [DWDP] No data SEC — skip
2026-05-07 15:08:43,796  WARNING  [EDS] No data SEC — skip
2026-05-07 15:08:44,380  WARNING  [EKDKQ] No data SEC — skip
2026-05-07 15:08:48,184  WARNING  [ESV] No data SEC — skip
2026-05-07 15:08:49,015  WARNING  [EVHC] No data SEC — skip
2026-05-07 15:08:51,384  WARNING  [FB] No data SEC — skip
2026-05-07 15:08:51,937  WARNING  [FDC] No data SEC — skip
2026-05-07 15:08:53,551  WARNING  [FII] No data SEC — skip
2026-05-07 15:08:56,442  WARNING  [FRC] No data SEC — skip
2026-05-07 15:08:56,628  WARNING  [FRX] No data SEC — skip
2026-05-07 15:08:57,267  WARNING  [FTR] No data SEC — skip
2026-05-07 15:08:58,468  WARNING  [GENZ] No data SEC — skip
2026-05-07 15:08:58,642  WARNING  [GGP] No data SEC — skip
2026-05-07 15:09:04,075  WARNING  [HCR] No data SEC — skip
2026-05-07 15:09:05,333  WARNING  [HMA] No data SEC — skip
2026-05-07 15:09:06,653  WARNING  [HPC] No data SEC — skip
2026-05-07 15:09:07,548  WARNING  [HRS] No data SEC — skip
2026-05-07 15:09:10,554  WARNING  [IGT] No data SEC — skip
2026-05-07 15:09:14,236  WARNING  [JAVA] No data SEC — skip
2026-05-07 15:09:14,885  WARNING  [JCP] No data SEC — skip
2026-05-07 15:09:16,736  WARNING  [KATE] No data SEC — skip
2026-05-07 15:09:19,338  WARNING  [KORS] No data SEC — skip
2026-05-07 15:09:19,664  WARNING  [KSE] No data SEC — skip
2026-05-07 15:09:20,944  WARNING  [LEHMQ] No data SEC — skip
2026-05-07 15:09:22,951  WARNING  [LM] No data SEC — skip
2026-05-07 15:09:24,097  WARNING  [LSI] No data SEC — skip
2026-05-07 15:09:28,354  WARNING  [MDP] No data SEC — skip
2026-05-07 15:09:28,590  WARNING  [MEDI] No data SEC — skip
2026-05-07 15:09:28,702  WARNING  [MEL] No data SEC — skip
2026-05-07 15:09:29,241  WARNING  [MFE] No data SEC — skip
2026-05-07 15:09:29,798  WARNING  [MI] No data SEC — skip
2026-05-07 15:09:29,830  WARNING  [MIL] No data SEC — skip
2026-05-07 15:09:33,358  WARNING  [MRSH] No data SEC — skip
2026-05-07 15:09:36,805  WARNING  [NCC] No data SEC — skip
2026-05-07 15:09:36,989  WARNING  [NCR] No data SEC — skip
2026-05-07 15:09:39,748  WARNING  [NOVL] No data SEC — skip
2026-05-07 15:09:43,027  WARNING  [ODP] No data SEC — skip
2026-05-07 15:09:45,784  WARNING  [PBG] No data SEC — skip
2026-05-07 15:09:48,649  WARNING  [PGL] No data SEC — skip
2026-05-07 15:09:53,624  WARNING  [PTV] No data SEC — skip
2026-05-07 15:09:55,788  WARNING  [RDC] No data SEC — skip
2026-05-07 15:09:57,733  WARNING  [ROH] No data SEC — skip
2026-05-07 15:09:58,764  WARNING  [RRD] No data SEC — skip
2026-05-07 15:09:59,006  WARNING  [RSHCQ] No data SEC — skip
2026-05-07 15:09:59,498  WARNING  [RX] No data SEC — skip
2026-05-07 15:09:59,676  WARNING  [SAF] No data SEC — skip
2026-05-07 15:10:00,116  WARNING  [SBNY] No data SEC — skip
2026-05-07 15:10:01,346  WARNING  [SHLD] No data SEC — skip
2026-05-07 15:10:01,918  WARNING  [SII] No data SEC — skip
2026-05-07 15:10:03,095  WARNING  [SLR] No data SEC — skip
2026-05-07 15:10:03,939  WARNING  [SNV] No data SEC — skip
2026-05-07 15:10:06,472  WARNING  [STR] No data SEC — skip
2026-05-07 15:10:07,331  WARNING  [SUNEQ] No data SEC — skip
2026-05-07 15:10:08,665  WARNING  [SYMC] No data SEC — skip
2026-05-07 15:10:10,447  WARNING  [TEK] No data SEC — skip
2026-05-07 15:10:12,924  WARNING  [TMK] No data SEC — skip
2026-05-07 15:10:13,799  WARNING  [TRB] No data SEC — skip
2026-05-07 15:10:15,039  WARNING  [TSG] No data SEC — skip
2026-05-07 15:10:16,910  WARNING  [TXU] No data SEC — skip
2026-05-07 15:10:17,146  WARNING  [UA] No data SEC — skip
2026-05-07 15:10:20,133  WARNING  [UST] No data SEC — skip
2026-05-07 15:10:20,169  WARNING  [UTX] No data SEC — skip
2026-05-07 15:10:20,200  WARNING  [UVN] No data SEC — skip
2026-05-07 15:10:23,825  WARNING  [WAMUQ] No data SEC — skip
2026-05-07 15:10:24,105  WARNING  [WB] No data SEC — skip
2026-05-07 15:10:26,301  WARNING  [WFT] No data SEC — skip
2026-05-07 15:10:26,722  WARNING  [WLTW] No data SEC — skip
2026-05-07 15:10:27,373  WARNING  [WPX] No data SEC — skip
2026-05-07 15:10:28,611  WARNING  [WWY] No data SEC — skip
2026-05-07 15:10:28,869  WARNING  [WYE] No data SEC — skip
2026-05-07 15:10:28,924  WARNING  [WYND] No data SEC — skip
2026-05-07 15:10:29,142  WARNING  [X] No data SEC — skip
2026-05-07 15:10:30,406  WARNING  [XTO] No data SEC — skip
2026-05-07 15:10:31,788  INFO  FinnhubConsolidator: ok=797, fail=117
2026-05-07 15:10:31,788  INFO    Consolidation completed.
2026-05-07 15:10:31,803  INFO  Final dynamic universe: 914 selected tickers (candidates=914, top_n=False)
2026-05-07 15:10:42,756  INFO  [build_companies_df] 670 empresas — 37 sectores
2026-05-07 15:10:42,864  INFO    Tickers without complete data: 247 (missing prices or consolidated)
2026-05-07 15:10:42,864  INFO    Tickers ready for pipeline: 667 / 914
2026-05-07 15:10:43,902  INFO  Master dataset loaded from disk (32709 observations)
2026-05-07 15:10:43,902  INFO  Master dataset: 32709 observations - 667 tickers
2026-05-07 15:12:43,313  INFO  [WalkForward] Dynamic train window enabled: max=144M -> min=96M (step=12M) | minimum test=75%
2026-05-07 15:12:43,313  INFO  [WalkForward] Scheduled 8 tests from anchor 2026-02-15 (holding=12M)
2026-05-07 15:12:43,336  INFO  [WalkForward] Dynamic SP500 membership loaded: 1246 rows (C:\Users\PC\Desktop\Documents\TFM\data_finnhub\sp500_historic.csv)
2026-05-07 15:12:43,336  INFO  [T01_20190215] SP500 dynamic @entry 2019-02-15: 506 active members
2026-05-07 15:12:43,651  INFO  [T01_20190215] Cobertura test pre-filtro: 530 tickers con snapshot/relleno
2026-05-07 15:12:43,651  INFO  [T01_20190215] Filtro SP500 @entry: 530 -> 425 tickers (excluidos por no ser miembro activo: 105)
2026-05-07 15:12:43,651  INFO  [T01_20190215]   No miembro SP500 @entry (muestra): ACGL, AET, ARES, AXON, BALL, BBWI, BG, BIO, BKR, BLDR, BRO, BX
2026-05-07 15:12:43,651  INFO  [T01_20190215]   Miembros SP500 sin snapshot usable en quarter (muestra): ABC, ABMD, ADS, AGN, ALXN, ANSS, ANTM, APC, ARNC, ATVI, BBT, BHGE
2026-05-07 15:12:43,995  INFO  [T01_20190215] Universo base fold (SP500 @entry): 506 tickers
2026-05-07 15:12:43,995  INFO  [T01_20190215]   Fuera del universo base @entry (muestra): ABNB, ACGL, AET, AMCR, AMTM, APO, APP, ARES, AXON, BALL, BBWI, BG
2026-05-07 15:12:44,008  INFO  [T01_20190215]   Excluidos por historial insuficiente (<144M train): 425 | muestra: A, AAL, AAP, AAPL, ABBV, ABT, ACN, ADBE, ADI, ADM, ADP, ADSK
2026-05-07 15:12:44,008  INFO  [T01_20190215] Intento train=144M -> test elegible 0/506 (0.0%) | min requerido=380
2026-05-07 15:12:44,323  INFO  [T01_20190215] Cobertura test pre-filtro: 530 tickers con snapshot/relleno
2026-05-07 15:12:44,323  INFO  [T01_20190215] Filtro SP500 @entry: 530 -> 425 tickers (excluidos por no ser miembro activo: 105)
2026-05-07 15:12:44,323  INFO  [T01_20190215]   No miembro SP500 @entry (muestra): ACGL, AET, ARES, AXON, BALL, BBWI, BG, BIO, BKR, BLDR, BRO, BX
2026-05-07 15:12:44,323  INFO  [T01_20190215]   Miembros SP500 sin snapshot usable en quarter (muestra): ABC, ABMD, ADS, AGN, ALXN, ANSS, ANTM, APC, ARNC, ATVI, BBT, BHGE
2026-05-07 15:12:44,669  INFO  [T01_20190215] Universo base fold (SP500 @entry): 506 tickers
2026-05-07 15:12:44,669  INFO  [T01_20190215]   Fuera del universo base @entry (muestra): ABNB, ACGL, AET, AMCR, AMTM, APO, APP, ARES, AXON, BALL, BBWI, BG
2026-05-07 15:12:44,679  INFO  [T01_20190215]   Excluidos por historial insuficiente (<132M train): 425 | muestra: A, AAL, AAP, AAPL, ABBV, ABT, ACN, ADBE, ADI, ADM, ADP, ADSK
2026-05-07 15:12:44,679  INFO  [T01_20190215] Intento train=132M -> test elegible 0/506 (0.0%) | min requerido=380
2026-05-07 15:12:44,991  INFO  [T01_20190215] Cobertura test pre-filtro: 530 tickers con snapshot/relleno
2026-05-07 15:12:44,991  INFO  [T01_20190215] Filtro SP500 @entry: 530 -> 425 tickers (excluidos por no ser miembro activo: 105)
2026-05-07 15:12:44,991  INFO  [T01_20190215]   No miembro SP500 @entry (muestra): ACGL, AET, ARES, AXON, BALL, BBWI, BG, BIO, BKR, BLDR, BRO, BX
2026-05-07 15:12:44,991  INFO  [T01_20190215]   Miembros SP500 sin snapshot usable en quarter (muestra): ABC, ABMD, ADS, AGN, ALXN, ANSS, ANTM, APC, ARNC, ATVI, BBT, BHGE
2026-05-07 15:12:45,406  INFO  [T01_20190215] Universo base fold (SP500 @entry): 506 tickers
2026-05-07 15:12:45,407  INFO  [T01_20190215]   Fuera del universo base @entry (muestra): ABNB, ACGL, AET, AMCR, AMTM, APO, APP, ARES, AXON, BALL, BBWI, BG
2026-05-07 15:12:45,410  INFO  [T01_20190215]   Excluidos por historial insuficiente (<120M train): 425 | muestra: A, AAL, AAP, AAPL, ABBV, ABT, ACN, ADBE, ADI, ADM, ADP, ADSK
2026-05-07 15:12:45,410  INFO  [T01_20190215] Intento train=120M -> test elegible 0/506 (0.0%) | min requerido=380
2026-05-07 15:12:45,769  INFO  [T01_20190215] Cobertura test pre-filtro: 530 tickers con snapshot/relleno
2026-05-07 15:12:45,770  INFO  [T01_20190215] Filtro SP500 @entry: 530 -> 425 tickers (excluidos por no ser miembro activo: 105)
2026-05-07 15:12:45,770  INFO  [T01_20190215]   No miembro SP500 @entry (muestra): ACGL, AET, ARES, AXON, BALL, BBWI, BG, BIO, BKR, BLDR, BRO, BX
2026-05-07 15:12:45,771  INFO  [T01_20190215]   Miembros SP500 sin snapshot usable en quarter (muestra): ABC, ABMD, ADS, AGN, ALXN, ANSS, ANTM, APC, ARNC, ATVI, BBT, BHGE
2026-05-07 15:12:46,207  INFO  [T01_20190215] Universo base fold (SP500 @entry): 506 tickers
2026-05-07 15:12:46,207  INFO  [T01_20190215]   Fuera del universo base @entry (muestra): ABNB, ACGL, AET, AMCR, AMTM, APO, APP, ARES, AXON, BALL, BBWI, BG
2026-05-07 15:12:46,214  INFO  [T01_20190215]   Excluidos por historial insuficiente (<108M train): 418 | muestra: A, AAL, AAP, AAPL, ABBV, ABT, ACN, ADBE, ADI, ADM, ADP, ADSK
2026-05-07 15:12:46,214  INFO  [T01_20190215] Intento train=108M -> test elegible 7/506 (1.4%) | min requerido=380
2026-05-07 15:12:46,529  INFO  [T01_20190215] Cobertura test pre-filtro: 530 tickers con snapshot/relleno
2026-05-07 15:12:46,529  INFO  [T01_20190215] Filtro SP500 @entry: 530 -> 425 tickers (excluidos por no ser miembro activo: 105)
2026-05-07 15:12:46,529  INFO  [T01_20190215]   No miembro SP500 @entry (muestra): ACGL, AET, ARES, AXON, BALL, BBWI, BG, BIO, BKR, BLDR, BRO, BX
2026-05-07 15:12:46,529  INFO  [T01_20190215]   Miembros SP500 sin snapshot usable en quarter (muestra): ABC, ABMD, ADS, AGN, ALXN, ANSS, ANTM, APC, ARNC, ATVI, BBT, BHGE
2026-05-07 15:12:46,873  INFO  [T01_20190215] Universo base fold (SP500 @entry): 506 tickers
2026-05-07 15:12:46,873  INFO  [T01_20190215]   Fuera del universo base @entry (muestra): ABNB, ACGL, AET, AMCR, AMTM, APO, APP, ARES, AXON, BALL, BBWI, BG
2026-05-07 15:12:46,885  INFO  [T01_20190215]   Excluidos por historial insuficiente (<96M train): 57 | muestra: ABBV, ALLE, ANET, APA, APTV, AVGO, BHF, CBOE, CFG, CHTR, CI, COTY
2026-05-07 15:12:46,885  INFO  [T01_20190215] Intento train=96M -> test elegible 368/506 (72.7%) | min requerido=380
2026-05-07 15:12:46,914  INFO  [T01_20190215] Eligibility audit (8Y) -> ticker_eligibility_audit.csv
2026-05-07 15:12:46,914  INFO  [T01_20190215] Eligibility reason summary -> eligibility_reason_summary.csv
2026-05-07 15:12:46,915  WARNING  [T01_20190215] Minimum test coverage (75%) not reached even after reducing train to 8Y — fold skipped.
2026-05-07 15:12:46,921  INFO  [T02_20200215] SP500 dynamic @entry 2020-02-15: 505 active members
2026-05-07 15:12:46,921  INFO  [T02_20200215] Cambios vs fold previo (2019-02-15 -> 2020-02-15): +27 entran, -28 salen
2026-05-07 15:12:46,921  INFO  [T02_20200215]   Entran (muestra): AMCR, BKR, CDW, CTVA, DD, DOW, GL, IEX, J, LDOS, LHX, LVS
2026-05-07 15:12:46,921  INFO  [T02_20200215]   Salen  (muestra): AMG, APC, BBT, BHF, BHGE, CBS, CELG, DWDP, FL, FLR, GT, HCP
2026-05-07 15:12:47,195  INFO  [T02_20200215] Cobertura test pre-filtro: 539 tickers con snapshot/relleno
2026-05-07 15:12:47,195  INFO  [T02_20200215] Filtro SP500 @entry: 539 -> 440 tickers (excluidos por no ser miembro activo: 99)
2026-05-07 15:12:47,195  INFO  [T02_20200215]   No miembro SP500 @entry (muestra): ACGL, AET, AMG, ARES, AXON, BALL, BBWI, BG, BHF, BIO, BLDR, BRO
2026-05-07 15:12:47,205  INFO  [T02_20200215]   Miembros SP500 sin snapshot usable en quarter (muestra): ABC, ABMD, ADS, AGN, ALXN, ANSS, ANTM, ARNC, ATVI, BLL, CERN, CMA
2026-05-07 15:12:47,604  INFO  [T02_20200215] Universo base fold (SP500 @entry): 505 tickers
2026-05-07 15:12:47,604  INFO  [T02_20200215]   Fuera del universo base @entry (muestra): ABNB, ACGL, AET, AMG, AMTM, APO, APP, ARES, AXON, BALL, BBWI, BG
2026-05-07 15:12:47,608  INFO  [T02_20200215]   Excluidos por historial insuficiente (<144M train): 440 | muestra: A, AAL, AAP, AAPL, ABBV, ABT, ACN, ADBE, ADI, ADM, ADP, ADSK
2026-05-07 15:12:47,608  INFO  [T02_20200215] Intento train=144M -> test elegible 0/505 (0.0%) | min requerido=379
2026-05-07 15:12:47,872  INFO  [T02_20200215] Cobertura test pre-filtro: 539 tickers con snapshot/relleno
2026-05-07 15:12:47,872  INFO  [T02_20200215] Filtro SP500 @entry: 539 -> 440 tickers (excluidos por no ser miembro activo: 99)
2026-05-07 15:12:47,872  INFO  [T02_20200215]   No miembro SP500 @entry (muestra): ACGL, AET, AMG, ARES, AXON, BALL, BBWI, BG, BHF, BIO, BLDR, BRO
2026-05-07 15:12:47,872  INFO  [T02_20200215]   Miembros SP500 sin snapshot usable en quarter (muestra): ABC, ABMD, ADS, AGN, ALXN, ANSS, ANTM, ARNC, ATVI, BLL, CERN, CMA
2026-05-07 15:12:48,250  INFO  [T02_20200215] Universo base fold (SP500 @entry): 505 tickers
2026-05-07 15:12:48,250  INFO  [T02_20200215]   Fuera del universo base @entry (muestra): ABNB, ACGL, AET, AMG, AMTM, APO, APP, ARES, AXON, BALL, BBWI, BG
2026-05-07 15:12:48,262  INFO  [T02_20200215]   Excluidos por historial insuficiente (<132M train): 440 | muestra: A, AAL, AAP, AAPL, ABBV, ABT, ACN, ADBE, ADI, ADM, ADP, ADSK
2026-05-07 15:12:48,262  INFO  [T02_20200215] Intento train=132M -> test elegible 0/505 (0.0%) | min requerido=379
2026-05-07 15:12:48,533  INFO  [T02_20200215] Cobertura test pre-filtro: 539 tickers con snapshot/relleno
2026-05-07 15:12:48,533  INFO  [T02_20200215] Filtro SP500 @entry: 539 -> 440 tickers (excluidos por no ser miembro activo: 99)
2026-05-07 15:12:48,533  INFO  [T02_20200215]   No miembro SP500 @entry (muestra): ACGL, AET, AMG, ARES, AXON, BALL, BBWI, BG, BHF, BIO, BLDR, BRO
2026-05-07 15:12:48,533  INFO  [T02_20200215]   Miembros SP500 sin snapshot usable en quarter (muestra): ABC, ABMD, ADS, AGN, ALXN, ANSS, ANTM, ARNC, ATVI, BLL, CERN, CMA
2026-05-07 15:12:48,912  INFO  [T02_20200215] Universo base fold (SP500 @entry): 505 tickers
2026-05-07 15:12:48,912  INFO  [T02_20200215]   Fuera del universo base @entry (muestra): ABNB, ACGL, AET, AMG, AMTM, APO, APP, ARES, AXON, BALL, BBWI, BG
2026-05-07 15:12:48,922  INFO  [T02_20200215]   Excluidos por historial insuficiente (<120M train): 433 | muestra: A, AAL, AAP, AAPL, ABBV, ABT, ACN, ADBE, ADI, ADM, ADP, ADSK
2026-05-07 15:12:48,922  INFO  [T02_20200215] Intento train=120M -> test elegible 7/505 (1.4%) | min requerido=379
2026-05-07 15:12:49,181  INFO  [T02_20200215] Cobertura test pre-filtro: 539 tickers con snapshot/relleno
2026-05-07 15:12:49,181  INFO  [T02_20200215] Filtro SP500 @entry: 539 -> 440 tickers (excluidos por no ser miembro activo: 99)
2026-05-07 15:12:49,181  INFO  [T02_20200215]   No miembro SP500 @entry (muestra): ACGL, AET, AMG, ARES, AXON, BALL, BBWI, BG, BHF, BIO, BLDR, BRO
2026-05-07 15:12:49,181  INFO  [T02_20200215]   Miembros SP500 sin snapshot usable en quarter (muestra): ABC, ABMD, ADS, AGN, ALXN, ANSS, ANTM, ARNC, ATVI, BLL, CERN, CMA
2026-05-07 15:12:49,596  INFO  [T02_20200215] Universo base fold (SP500 @entry): 505 tickers
2026-05-07 15:12:49,596  INFO  [T02_20200215]   Fuera del universo base @entry (muestra): ABNB, ACGL, AET, AMG, AMTM, APO, APP, ARES, AXON, BALL, BBWI, BG
2026-05-07 15:12:49,603  INFO  [T02_20200215]   Excluidos por historial insuficiente (<108M train): 65 | muestra: ABBV, ALLE, AMCR, ANET, APA, APTV, AVGO, BKR, CBOE, CDW, CFG, CHTR
2026-05-07 15:12:49,603  INFO  [T02_20200215] Intento train=108M -> test elegible 375/505 (74.3%) | min requerido=379
2026-05-07 15:12:49,876  INFO  [T02_20200215] Cobertura test pre-filtro: 539 tickers con snapshot/relleno
2026-05-07 15:12:49,876  INFO  [T02_20200215] Filtro SP500 @entry: 539 -> 440 tickers (excluidos por no ser miembro activo: 99)
2026-05-07 15:12:49,876  INFO  [T02_20200215]   No miembro SP500 @entry (muestra): ACGL, AET, AMG, ARES, AXON, BALL, BBWI, BG, BHF, BIO, BLDR, BRO
2026-05-07 15:12:49,876  INFO  [T02_20200215]   Miembros SP500 sin snapshot usable en quarter (muestra): ABC, ABMD, ADS, AGN, ALXN, ANSS, ANTM, ARNC, ATVI, BLL, CERN, CMA
2026-05-07 15:12:50,319  INFO  [T02_20200215] Universo base fold (SP500 @entry): 505 tickers
2026-05-07 15:12:50,319  INFO  [T02_20200215]   Fuera del universo base @entry (muestra): ABNB, ACGL, AET, AMG, AMTM, APO, APP, ARES, AXON, BALL, BBWI, BG
2026-05-07 15:12:50,323  INFO  [T02_20200215]   Excluidos por historial insuficiente (<96M train): 36 | muestra: ABBV, ALLE, AMCR, ANET, APTV, CDW, CFG, COTY, CPRI, CTVA, DD, DOW
2026-05-07 15:12:50,323  INFO  [T02_20200215] Intento train=96M -> test elegible 404/505 (80.0%) | min requerido=379
2026-05-07 15:12:50,323  INFO  [T02_20200215] Ventana seleccionada: 96M (2012-02-15 -> 2020-02-15) | tickers elegibles=404
2026-05-07 15:12:50,351  INFO  [T02_20200215] Eligibility audit (8Y) -> ticker_eligibility_audit.csv
2026-05-07 15:12:50,351  INFO  [T02_20200215] Eligibility reason summary -> eligibility_reason_summary.csv
2026-05-07 15:12:50,351  INFO  
============================================================
2026-05-07 15:12:50,351  INFO    ANALYSIS T02_20200215
2026-05-07 15:12:50,354  INFO    Train : 2012-02-15 → 2020-02-15  (~8 years)
2026-05-07 15:12:50,354  INFO    Mode  : anchored-entry schedule
2026-05-07 15:12:50,355  INFO    Test  : snapshot simulado en 2020-02-15 (as-of exacto, sin lag)
2026-05-07 15:12:50,355  INFO  ============================================================
2026-05-07 15:12:50,356  INFO  [T02_20200215] Ventana real de precios: 2020-02-15 -> 2021-02-12 (251 dias)
2026-05-07 15:13:20,048  INFO  [TP/SL] Building adaptive labels for fold: train_rows=12928, test_rows=404, strategies=3
2026-05-07 15:13:20,048  INFO  [TP/SL] Strategy=conservative -> generating train adaptive targets...
2026-05-07 15:13:20,663  INFO  [TP/SL][conservative] Adaptive target pass start: rows=12928, lag_days=0, holding_months=12
2026-05-07 15:14:36,129  INFO  [TP/SL][conservative] progress: 646/12928 (5.0%) | TP=194 SL=192 NONE=260 | 75.5s elapsed (8.6 rows/s)
2026-05-07 15:16:08,423  INFO  [TP/SL][conservative] progress: 1292/12928 (10.0%) | TP=365 SL=388 NONE=539 | 167.8s elapsed (7.7 rows/s)
2026-05-07 15:17:45,409  INFO  [TP/SL][conservative] progress: 1938/12928 (15.0%) | TP=526 SL=598 NONE=814 | 264.7s elapsed (7.3 rows/s)
2026-05-07 15:19:23,034  INFO  [TP/SL][conservative] progress: 2584/12928 (20.0%) | TP=703 SL=813 NONE=1068 | 362.4s elapsed (7.1 rows/s)
2026-05-07 15:20:37,717  INFO  [TP/SL][conservative] progress: 3230/12928 (25.0%) | TP=888 SL=1027 NONE=1315 | 437.0s elapsed (7.4 rows/s)
2026-05-07 15:22:03,720  INFO  [TP/SL][conservative] progress: 3876/12928 (30.0%) | TP=1088 SL=1229 NONE=1559 | 523.0s elapsed (7.4 rows/s)
2026-05-07 15:23:28,592  INFO  [TP/SL][conservative] progress: 4522/12928 (35.0%) | TP=1293 SL=1453 NONE=1776 | 607.9s elapsed (7.4 rows/s)
2026-05-07 15:24:49,462  INFO  [TP/SL][conservative] progress: 5168/12928 (40.0%) | TP=1459 SL=1696 NONE=2013 | 688.8s elapsed (7.5 rows/s)
2026-05-07 15:26:03,217  INFO  [TP/SL][conservative] progress: 5814/12928 (45.0%) | TP=1604 SL=1935 NONE=2275 | 762.6s elapsed (7.6 rows/s)
2026-05-07 15:27:16,919  INFO  [TP/SL][conservative] progress: 6460/12928 (50.0%) | TP=1787 SL=2154 NONE=2519 | 836.2s elapsed (7.7 rows/s)
