2026-03-19 11:37:29,360  INFO  ============================================================
2026-03-19 11:37:29,360  INFO    INICIANDO PIPELINE ML MULTI-AGENTE STOCK PICKER
2026-03-19 11:37:29,360  INFO  ============================================================
2026-03-19 11:37:29,364  INFO  PASO 1 — DESCARGANDO DATOS
2026-03-19 11:37:29,364  INFO    Tickers: 199
2026-03-19 11:37:29,730  INFO  Descargando precios (2021-01-01 → 2026-01-01)
2026-03-19 11:37:29,730  INFO  Ya hay 195 tickers actualizados
2026-03-19 11:37:34,655  ERROR  
1 Failed download:
2026-03-19 11:37:34,656  ERROR  ['BYDDY']: YFRateLimitError('Too Many Requests. Rate limited. Try after a while.')
2026-03-19 11:37:34,670  WARNING    [WARN] BYDDY: no se han obtenido datos
2026-03-19 11:37:35,797  ERROR  
1 Failed download:
2026-03-19 11:37:35,798  ERROR  ['PROSY']: YFRateLimitError('Too Many Requests. Rate limited. Try after a while.')
2026-03-19 11:37:35,810  WARNING    [WARN] PROSY: no se han obtenido datos
2026-03-19 11:37:36,939  ERROR  
1 Failed download:
2026-03-19 11:37:36,940  ERROR  ['DELL']: YFRateLimitError('Too Many Requests. Rate limited. Try after a while.')
2026-03-19 11:37:36,946  WARNING    [WARN] DELL: no se han obtenido datos
2026-03-19 11:37:38,087  ERROR  
1 Failed download:
2026-03-19 11:37:38,087  ERROR  ['CNQ']: YFRateLimitError('Too Many Requests. Rate limited. Try after a while.')
2026-03-19 11:37:38,093  WARNING    [WARN] CNQ: no se han obtenido datos
2026-03-19 11:37:38,093  INFO  Descarga completada.
2026-03-19 11:37:38,094  INFO  Descargando datos macro (VIX, S&P500, yields)
2026-03-19 11:37:38,110  INFO    vix cargado desde archivo
2026-03-19 11:37:38,118  INFO    sp500 cargado desde archivo
2026-03-19 11:37:38,125  INFO    t10y cargado desde archivo
2026-03-19 11:37:38,134  INFO    t2y cargado desde archivo
2026-03-19 11:37:38,150  INFO    yield_curve calculado
2026-03-19 11:37:38,193  INFO    sp500_momentum_3m y sp500_momentum_12m calculados
2026-03-19 11:37:38,269  INFO  Macro consolidado guardado
2026-03-19 11:37:38,305  INFO    (FORCE_DOWNLOAD=False — solo actualiza datos obsoletos)
2026-03-19 11:37:38,346  INFO  [DataRouter] companies.csv cargado: 6792 empresas — 17 sectores
2026-03-19 11:37:38,408  INFO  Tickers con datos completos: 109 / 199
2026-03-19 11:37:38,408  INFO  Tickers con datos completos: 109 / 199
2026-03-19 11:37:38,408  INFO  Construyendo dataset maestro...
2026-03-19 11:38:07,218  INFO    Procesados 50/109 tickers — 1000 observaciones
2026-03-19 11:38:53,369  INFO  ============================================================
2026-03-19 11:38:53,369  INFO    INICIANDO PIPELINE ML MULTI-AGENTE STOCK PICKER
2026-03-19 11:38:53,369  INFO  ============================================================
2026-03-19 11:38:53,369  INFO  PASO 1 — DESCARGANDO DATOS
2026-03-19 11:38:53,369  INFO    Tickers: 199
2026-03-19 11:38:53,759  INFO  Descargando precios (2021-01-01 → 2026-01-01)
2026-03-19 11:38:53,759  INFO  Ya hay 195 tickers actualizados
2026-03-19 11:38:59,283  ERROR  
1 Failed download:
2026-03-19 11:38:59,283  ERROR  ['BYDDY']: YFRateLimitError('Too Many Requests. Rate limited. Try after a while.')
2026-03-19 11:38:59,293  WARNING    [WARN] BYDDY: no se han obtenido datos
2026-03-19 11:39:00,353  ERROR  
1 Failed download:
2026-03-19 11:39:00,354  ERROR  ['PROSY']: YFRateLimitError('Too Many Requests. Rate limited. Try after a while.')
2026-03-19 11:39:00,366  WARNING    [WARN] PROSY: no se han obtenido datos
2026-03-19 11:39:01,717  ERROR  
1 Failed download:
2026-03-19 11:39:01,718  ERROR  ['DELL']: YFRateLimitError('Too Many Requests. Rate limited. Try after a while.')
2026-03-19 11:39:01,721  WARNING    [WARN] DELL: no se han obtenido datos
2026-03-19 11:39:02,967  ERROR  
1 Failed download:
2026-03-19 11:39:02,967  ERROR  ['CNQ']: YFRateLimitError('Too Many Requests. Rate limited. Try after a while.')
2026-03-19 11:39:02,971  WARNING    [WARN] CNQ: no se han obtenido datos
2026-03-19 11:39:02,971  INFO  Descarga completada.
2026-03-19 11:39:02,975  INFO  Descargando datos macro (VIX, S&P500, yields)
2026-03-19 11:39:02,989  INFO    vix cargado desde archivo
2026-03-19 11:39:02,997  INFO    sp500 cargado desde archivo
2026-03-19 11:39:03,005  INFO    t10y cargado desde archivo
2026-03-19 11:39:03,012  INFO    t2y cargado desde archivo
2026-03-19 11:39:03,031  INFO    yield_curve calculado
2026-03-19 11:39:03,071  INFO    sp500_momentum_3m y sp500_momentum_12m calculados
2026-03-19 11:39:03,152  INFO  Macro consolidado guardado
2026-03-19 11:39:03,186  INFO    (FORCE_DOWNLOAD=False — solo actualiza datos obsoletos)
2026-03-19 11:39:03,224  INFO  [DataRouter] companies.csv cargado: 6792 empresas — 17 sectores
2026-03-19 11:39:03,290  INFO  Tickers con datos completos: 109 / 199
2026-03-19 11:39:03,291  INFO  Tickers con datos completos: 109 / 199
2026-03-19 11:39:03,291  INFO  Construyendo dataset maestro...
2026-03-19 11:40:34,535  INFO  ============================================================
2026-03-19 11:40:34,535  INFO    INICIANDO PIPELINE ML MULTI-AGENTE STOCK PICKER
2026-03-19 11:40:34,535  INFO  ============================================================
2026-03-19 11:40:34,536  INFO  PASO 1 — DESCARGANDO DATOS
2026-03-19 11:40:34,536  INFO    Tickers: 199
2026-03-19 11:40:34,909  INFO  Descargando precios (2021-01-01 → 2026-01-01)
2026-03-19 11:40:34,909  INFO  Ya hay 195 tickers actualizados
2026-03-19 11:40:40,740  ERROR  
1 Failed download:
2026-03-19 11:40:40,742  ERROR  ['BYDDY']: YFRateLimitError('Too Many Requests. Rate limited. Try after a while.')
2026-03-19 11:40:40,756  WARNING    [WARN] BYDDY: no se han obtenido datos
2026-03-19 11:40:42,622  ERROR  
1 Failed download:
2026-03-19 11:40:42,622  ERROR  ['PROSY']: YFRateLimitError('Too Many Requests. Rate limited. Try after a while.')
2026-03-19 11:40:42,627  WARNING    [WARN] PROSY: no se han obtenido datos
2026-03-19 11:40:44,147  ERROR  
1 Failed download:
2026-03-19 11:40:44,147  ERROR  ['DELL']: YFRateLimitError('Too Many Requests. Rate limited. Try after a while.')
2026-03-19 11:40:44,156  WARNING    [WARN] DELL: no se han obtenido datos
2026-03-19 11:40:45,338  ERROR  
1 Failed download:
2026-03-19 11:40:45,339  ERROR  ['CNQ']: YFRateLimitError('Too Many Requests. Rate limited. Try after a while.')
2026-03-19 11:40:45,348  WARNING    [WARN] CNQ: no se han obtenido datos
2026-03-19 11:40:45,349  INFO  Descarga completada.
2026-03-19 11:40:45,350  INFO  Descargando datos macro (VIX, S&P500, yields)
2026-03-19 11:40:45,373  INFO    vix cargado desde archivo
2026-03-19 11:40:45,385  INFO    sp500 cargado desde archivo
2026-03-19 11:40:45,393  INFO    t10y cargado desde archivo
2026-03-19 11:40:45,400  INFO    t2y cargado desde archivo
2026-03-19 11:40:45,420  INFO    yield_curve calculado
2026-03-19 11:40:45,464  INFO    sp500_momentum_3m y sp500_momentum_12m calculados
2026-03-19 11:40:45,535  INFO  Macro consolidado guardado
2026-03-19 11:40:45,567  INFO    (FORCE_DOWNLOAD=False — solo actualiza datos obsoletos)
2026-03-19 11:40:45,609  INFO  [DataRouter] companies.csv cargado: 6792 empresas — 17 sectores
2026-03-19 11:40:45,669  INFO  Ejemplos tickers eliminados por falta de datos: {'NVO', 'DTEGY', 'ISNPY', 'HDB', 'SAFRY', 'SO', 'BABA', 'QQQ', 'MUFG', 'UNCRY', 'LVMUY', 'UBS', 'PBR', 'TD', 'SNDK', 'VZ', 'UL', 'RY', 'BUD', 'TCEHY', 'SNY', 'SIEGY', 'RIO', 'ACGBY', 'ABBNY', 'PDD', 'PROSY', 'LRLCY', 'MSBHF', 'CIHKY', 'SAN', 'T', 'HSBC', 'VTI', 'TTE', 'IDCBY', 'EADSY', 'BACHY', 'DBSDY', 'BHP', 'CNQ', 'SPY', 'AEM', 'NABZY', 'ATEYY', 'HTHIY', 'NVS', 'NSRGY', 'TOELY', 'HESAY', 'RYCEY', 'ALIZY', 'MITSY', 'AZN', 'XIACY', 'MHVYF', 'IBDRY', 'SONY', 'TSM', 'ASML', 'ZURVY', 'GSK', 'AIQUY', 'ANET', 'ARM', 'CICHY', 'IWF', 'BP', 'PNGAY', 'CMWAY', 'IDEXY', 'DELL', 'SBGSY', 'RHHBY', 'BTI', 'SMFG', 'BNPQY', 'IVV', 'BBVA', 'SHOP', 'SAP', 'ENB', 'TM', 'SCCO', 'BYDDY', 'HCA', 'SHEL', 'AAGIY', 'ESLOY', 'SPOT'}
2026-03-19 11:40:45,670  INFO  Tickers con datos completos: 109 / 199
2026-03-19 11:40:45,670  INFO  Construyendo dataset maestro...
2026-03-19 11:48:54,541  INFO  ============================================================
2026-03-19 11:48:54,542  INFO    INICIANDO PIPELINE ML MULTI-AGENTE STOCK PICKER
2026-03-19 11:48:54,542  INFO  ============================================================
2026-03-19 11:48:54,543  INFO  PASO 1 — DESCARGANDO DATOS
2026-03-19 11:48:54,543  INFO    Tickers: 200
2026-03-19 11:48:54,914  INFO  Descargando precios (2021-01-01 → 2026-01-01)
2026-03-19 11:48:54,914  INFO  Ya hay 192 tickers actualizados
2026-03-19 11:49:00,395  ERROR  
1 Failed download:
2026-03-19 11:49:00,396  ERROR  ['BRK.B']: YFTzMissingError('possibly delisted; no timezone found')
2026-03-19 11:49:00,406  WARNING    [WARN] BRK.B: no se han obtenido datos
2026-03-19 11:49:00,886  INFO  [2/8] DELL descargado
2026-03-19 11:49:01,541  INFO  [3/8] MRSH descargado
2026-03-19 11:49:01,952  INFO  [4/8] DASH descargado
2026-03-19 11:49:02,396  INFO  [5/8] APO descargado
2026-03-19 11:49:05,274  INFO  [6/8] APD descargado
2026-03-19 11:49:08,246  INFO  [7/8] VST descargado
2026-03-19 11:49:11,570  INFO  [8/8] AFL descargado
2026-03-19 11:49:11,674  INFO  Descarga completada.
2026-03-19 11:49:11,674  INFO  Descargando datos macro (VIX, S&P500, yields)
2026-03-19 11:49:11,683  INFO    vix cargado desde archivo
2026-03-19 11:49:11,690  INFO    sp500 cargado desde archivo
2026-03-19 11:49:11,698  INFO    t10y cargado desde archivo
2026-03-19 11:49:11,705  INFO    t2y cargado desde archivo
2026-03-19 11:49:11,711  INFO    yield_curve calculado
2026-03-19 11:49:11,770  INFO    sp500_momentum_3m y sp500_momentum_12m calculados
2026-03-19 11:49:11,845  INFO  Macro consolidado guardado
2026-03-19 11:49:11,878  INFO    (FORCE_DOWNLOAD=False — solo actualiza datos obsoletos)
2026-03-19 11:49:11,912  INFO  [DataRouter] companies.csv cargado: 6792 empresas — 17 sectores
2026-03-19 11:49:11,981  INFO  Ejemplos tickers eliminados por falta de datos: {'ECL', 'APO', 'KKR', 'O', 'PNC', 'DELL', 'BRK.B', 'OKE', 'D', 'VLO', 'VZ', 'WMB', 'APD', 'SRE', 'HCA', 'USB', 'FANG', 'AFL', 'COR', 'SO', 'PCAR', 'RCL', 'OXY', 'T', 'ANET', 'MRSH', 'LHX', 'DASH', 'BK', 'VST', 'SNDK'}
2026-03-19 11:49:11,981  INFO  Tickers con datos completos: 169 / 200
2026-03-19 11:49:11,982  INFO  Construyendo dataset maestro...
2026-03-19 11:49:39,504  INFO    Procesados 50/169 tickers — 966 observaciones
2026-03-19 11:50:06,664  INFO    Procesados 100/169 tickers — 1954 observaciones
2026-03-19 11:50:35,558  INFO    Procesados 150/169 tickers — 3007 observaciones
2026-03-19 11:50:46,322  INFO  Dataset maestro: 3386 observaciones — 167 tickers
2026-03-19 11:50:47,016  INFO  Dataset maestro: 3386 observaciones — 169 tickers
2026-03-19 11:50:47,458  INFO  [Visualizer] Rendimiento sectorial → sector_performance.png
2026-03-19 11:50:49,590  INFO  [Backtester] 4 folds generados | test=1Q | 4Y→4folds
2026-03-19 11:50:49,591  INFO  
============================================================
2026-03-19 11:50:49,591  INFO    FOLD 1 | Train: 2021-01-01 -> 2025-01-01 | Test: 2025-01-01 -> 2025-04-01
2026-03-19 11:50:49,591  INFO  ============================================================
2026-03-19 11:50:52,265  INFO  [FundamentalAgent] Entrenando — 2474 muestras
2026-03-19 11:50:52,978  INFO  [FeatureSelector] 62 → corr_drop=5 → imp_drop=18 → 39 seleccionadas
2026-03-19 11:51:02,821  INFO  [FundamentalAgent] CV AUC=0.4931 ± 0.0053
2026-03-19 11:51:09,493  INFO  [fundamental] Top-5 features: capex_to_revenue=0.034 | ev_to_ebitda_zsector=0.033 | operating_margin=0.029 | gross_margin_zsector=0.028 | momentum_12m_zsector=0.028
2026-03-19 11:51:09,504  INFO  [fundamental] Diagnósticos → diagnostics_fold1.json
2026-03-19 11:51:09,505  INFO  [ValuationAgent] Entrenando — 2474 muestras
2026-03-19 11:51:10,304  INFO  [FeatureSelector] 17 → corr_drop=1 → imp_drop=5 → 11 seleccionadas
2026-03-19 11:51:26,844  INFO  [ValuationAgent] CV AUC=0.4944 ± 0.0183
2026-03-19 11:51:43,126  INFO  [valuation] Top-5 features: pe_vs_5y_median=0.117 | ps_ratio=0.109 | pb_vs_5y_median=0.104 | pe_sector_pct=0.101 | eps_surprise_pct=0.096
2026-03-19 11:51:43,152  INFO  [valuation] Diagnósticos → diagnostics_fold1.json
2026-03-19 11:51:43,153  INFO  [MomentumAgent] Entrenando — 2474 muestras
2026-03-19 11:51:43,691  INFO  [FeatureSelector] 32 → corr_drop=5 → imp_drop=9 → 18 seleccionadas
2026-03-19 11:51:49,162  INFO  [MomentumAgent] CV AUC=0.7274 ± 0.0191
2026-03-19 11:51:55,039  INFO  [momentum] Top-5 features: yield_curve=0.123 | vix=0.111 | sp500_momentum_3m=0.087 | sp500_momentum_12m=0.067 | rsi_14=0.057
2026-03-19 11:51:55,046  INFO  [momentum] Diagnósticos → diagnostics_fold1.json
2026-03-19 11:51:55,047  INFO  [BearAgent] Entrenando — 2474 muestras
2026-03-19 11:51:58,994  INFO  [BearAgent] CV AUC=0.5661 ± 0.0248
2026-03-19 11:52:02,848  INFO  [bear] Top-5 features: eps_surprise_pct=0.171 | debt_equity=0.117 | current_ratio=0.103 | total_debt_yoy_growth=0.102 | interest_coverage=0.101
2026-03-19 11:52:02,870  INFO  [bear] Diagnósticos → diagnostics_fold1.json
2026-03-19 11:52:02,870  INFO  [BearAgent] Flag report → flag_report_fold1.json
2026-03-19 11:52:03,139  INFO  [bear] Explainer SHAP listo (TreeExplainer, 100 background)
2026-03-19 11:52:03,594  INFO  [bear] Importancia SHAP global -> shap_global_fold1.csv
2026-03-19 11:52:03,603  INFO  [FundamentalAgent] Entrenando — 1649 muestras
2026-03-19 11:52:04,258  INFO  [FeatureSelector] 62 → corr_drop=6 → imp_drop=17 → 39 seleccionadas
2026-03-19 11:52:12,855  INFO  [FundamentalAgent] CV AUC=0.4849 ± 0.0293
2026-03-19 11:52:21,252  INFO  [fundamental] Top-5 features: sector_Consumer Discretionary=0.041 | fcf_margin=0.036 | debt_to_ebitda_zsector=0.034 | ebitda_margin=0.030 | ebitda_margin_zsector=0.029
2026-03-19 11:52:21,259  INFO  [fundamental] Diagnósticos → diagnostics_fold0.json
2026-03-19 11:52:21,802  INFO  [FundamentalAgent] Entrenando — 1649 muestras
2026-03-19 11:52:22,790  INFO  [FeatureSelector] 62 → corr_drop=5 → imp_drop=18 → 39 seleccionadas
2026-03-19 11:52:31,569  INFO  [FundamentalAgent] CV AUC=0.5146 ± 0.0259
2026-03-19 11:52:38,327  INFO  [fundamental] Top-5 features: momentum_12m_zsector=0.035 | ebitda_margin=0.033 | ev_to_ebitda_zsector=0.031 | debt_to_ebitda_zsector=0.030 | roi=0.029
2026-03-19 11:52:38,334  INFO  [fundamental] Diagnósticos → diagnostics_fold0.json
2026-03-19 11:52:38,807  INFO  [FundamentalAgent] Entrenando — 1650 muestras
2026-03-19 11:52:39,605  INFO  [FeatureSelector] 62 → corr_drop=5 → imp_drop=18 → 39 seleccionadas
2026-03-19 11:52:47,996  INFO  [FundamentalAgent] CV AUC=0.4990 ± 0.0184
2026-03-19 11:52:54,213  INFO  [fundamental] Top-5 features: fcf_margin=0.034 | gross_margin_zsector=0.029 | roic_zsector=0.029 | interest_coverage=0.029 | revenue_yoy_growth=0.029
2026-03-19 11:52:54,222  INFO  [fundamental] Diagnósticos → diagnostics_fold0.json
2026-03-19 11:52:54,676  INFO  [ValuationAgent] Entrenando — 1649 muestras
2026-03-19 11:52:55,389  INFO  [FeatureSelector] 17 → corr_drop=1 → imp_drop=5 → 11 seleccionadas
2026-03-19 11:53:06,577  INFO  [ValuationAgent] CV AUC=0.5143 ± 0.0296
2026-03-19 11:53:17,463  INFO  [valuation] Top-5 features: ps_ratio=0.127 | pb_vs_5y_median=0.118 | pb_sector_pct=0.117 | pb_ratio=0.109 | pe_vs_5y_median=0.103
2026-03-19 11:53:17,487  INFO  [valuation] Diagnósticos → diagnostics_fold0.json
2026-03-19 11:53:17,699  INFO  [ValuationAgent] Entrenando — 1649 muestras
2026-03-19 11:53:18,381  INFO  [FeatureSelector] 17 → corr_drop=1 → imp_drop=5 → 11 seleccionadas
2026-03-19 11:53:30,530  INFO  [ValuationAgent] CV AUC=0.4826 ± 0.0156
2026-03-19 11:53:42,227  INFO  [valuation] Top-5 features: ps_ratio=0.135 | pe_vs_5y_median=0.116 | pb_vs_5y_median=0.111 | eps_revision=0.103 | pb_ratio=0.103
2026-03-19 11:53:42,250  INFO  [valuation] Diagnósticos → diagnostics_fold0.json
2026-03-19 11:53:42,466  INFO  [ValuationAgent] Entrenando — 1650 muestras
2026-03-19 11:53:43,216  INFO  [FeatureSelector] 17 → corr_drop=1 → imp_drop=5 → 11 seleccionadas
2026-03-19 11:53:57,066  INFO  [ValuationAgent] CV AUC=0.4989 ± 0.0390
2026-03-19 11:54:11,768  INFO  [valuation] Top-5 features: pb_sector_pct=0.134 | pb_vs_5y_median=0.131 | ps_ratio=0.114 | eps_surprise_pct=0.108 | pe_vs_5y_median=0.107
2026-03-19 11:54:11,807  INFO  [valuation] Diagnósticos → diagnostics_fold0.json
2026-03-19 11:54:12,112  INFO  [MomentumAgent] Entrenando — 1649 muestras
2026-03-19 11:54:12,776  INFO  [FeatureSelector] 32 → corr_drop=6 → imp_drop=8 → 18 seleccionadas
2026-03-19 11:54:19,490  INFO  [MomentumAgent] CV AUC=0.7227 ± 0.0197
2026-03-19 11:54:25,934  INFO  [momentum] Top-5 features: yield_curve=0.124 | vix=0.120 | sp500_momentum_3m=0.073 | bb_pct=0.061 | rsi_14=0.061
2026-03-19 11:54:25,939  INFO  [momentum] Diagnósticos → diagnostics_fold0.json
2026-03-19 11:54:26,944  INFO  [MomentumAgent] Entrenando — 1649 muestras
2026-03-19 11:54:27,545  INFO  [FeatureSelector] 32 → corr_drop=5 → imp_drop=9 → 18 seleccionadas
2026-03-19 11:54:33,715  INFO  [MomentumAgent] CV AUC=0.7183 ± 0.0161
2026-03-19 11:54:39,940  INFO  [momentum] Top-5 features: yield_curve=0.102 | vix=0.091 | sp500_momentum_3m=0.089 | rsi_14=0.066 | sp500_momentum_12m=0.060
2026-03-19 11:54:39,945  INFO  [momentum] Diagnósticos → diagnostics_fold0.json
2026-03-19 11:54:41,014  INFO  [MomentumAgent] Entrenando — 1650 muestras
2026-03-19 11:54:41,694  INFO  [FeatureSelector] 32 → corr_drop=5 → imp_drop=9 → 18 seleccionadas
2026-03-19 11:54:47,913  INFO  [MomentumAgent] CV AUC=0.7000 ± 0.0238
2026-03-19 11:54:54,092  INFO  [momentum] Top-5 features: vix=0.097 | yield_curve=0.093 | sp500_momentum_3m=0.088 | momentum_3m=0.057 | bb_pct=0.056
2026-03-19 11:54:54,097  INFO  [momentum] Diagnósticos → diagnostics_fold0.json
2026-03-19 11:54:55,085  INFO  [BearAgent] Entrenando — 1649 muestras
2026-03-19 11:54:59,318  INFO  [BearAgent] CV AUC=0.5514 ± 0.0313
2026-03-19 11:55:03,401  INFO  [bear] Top-5 features: eps_surprise_pct=0.175 | current_ratio=0.132 | debt_equity=0.120 | interest_coverage=0.098 | total_debt_yoy_growth=0.097
2026-03-19 11:55:03,419  INFO  [bear] Diagnósticos → diagnostics_fold0.json
2026-03-19 11:55:03,419  INFO  [BearAgent] Flag report → flag_report_fold0.json
2026-03-19 11:55:03,660  INFO  [bear] Explainer SHAP listo (TreeExplainer, 100 background)
2026-03-19 11:55:04,152  INFO  [bear] Importancia SHAP global -> shap_global_fold0.csv
2026-03-19 11:55:04,885  INFO  [BearAgent] Entrenando — 1649 muestras
2026-03-19 11:55:09,336  INFO  [BearAgent] CV AUC=0.5467 ± 0.0244
2026-03-19 11:55:13,486  INFO  [bear] Top-5 features: eps_surprise_pct=0.139 | debt_equity=0.123 | current_ratio=0.121 | interest_coverage=0.111 | eps_revision=0.098
2026-03-19 11:55:13,511  INFO  [bear] Diagnósticos → diagnostics_fold0.json
2026-03-19 11:55:13,514  INFO  [BearAgent] Flag report → flag_report_fold0.json
2026-03-19 11:55:13,724  INFO  [bear] Explainer SHAP listo (TreeExplainer, 100 background)
2026-03-19 11:55:14,236  INFO  [bear] Importancia SHAP global -> shap_global_fold0.csv
2026-03-19 11:55:14,975  INFO  [BearAgent] Entrenando — 1650 muestras
2026-03-19 11:55:20,393  INFO  [BearAgent] CV AUC=0.5617 ± 0.0188
2026-03-19 11:56:00,193  INFO  ============================================================
2026-03-19 11:56:00,193  INFO    INICIANDO PIPELINE ML MULTI-AGENTE STOCK PICKER
2026-03-19 11:56:00,194  INFO  ============================================================
2026-03-19 11:56:00,194  INFO  PASO 1 — DESCARGANDO DATOS
2026-03-19 11:56:00,194  INFO    Tickers: 200
2026-03-19 12:09:19,613  INFO  ============================================================
2026-03-19 12:09:19,614  INFO    INICIANDO PIPELINE ML MULTI-AGENTE STOCK PICKER
2026-03-19 12:09:19,614  INFO  ============================================================
2026-03-19 12:09:19,614  INFO  PASO 1 — DESCARGANDO DATOS
2026-03-19 12:09:19,615  INFO    Tickers: 200
2026-03-19 12:09:19,978  INFO  Descargando precios (2021-01-01 → 2026-01-01)
2026-03-19 12:09:19,978  INFO  Ya hay 199 tickers actualizados
2026-03-19 12:09:25,118  ERROR  
1 Failed download:
2026-03-19 12:09:25,119  ERROR  ['BRK.B']: YFRateLimitError('Too Many Requests. Rate limited. Try after a while.')
2026-03-19 12:09:25,148  WARNING    [WARN] BRK.B: no se han obtenido datos
2026-03-19 12:09:25,149  INFO  Descarga completada.
2026-03-19 12:09:25,151  INFO  Descargando datos macro (VIX, S&P500, yields)
2026-03-19 12:09:25,176  INFO    vix cargado desde archivo
2026-03-19 12:09:25,184  INFO    sp500 cargado desde archivo
2026-03-19 12:09:25,192  INFO    t10y cargado desde archivo
2026-03-19 12:09:25,199  INFO    t2y cargado desde archivo
2026-03-19 12:09:25,219  INFO    yield_curve calculado
2026-03-19 12:09:25,266  INFO    sp500_momentum_3m y sp500_momentum_12m calculados
2026-03-19 12:09:25,347  INFO  Macro consolidado guardado
2026-03-19 12:09:25,388  INFO    (FORCE_DOWNLOAD=False — solo actualiza datos obsoletos)
2026-03-19 12:09:25,440  INFO  [DataRouter] companies.csv cargado: 6792 empresas — 17 sectores
2026-03-19 12:09:25,505  INFO  Tickers eliminados por falta de datos: {'VST', 'SO', 'AFL', 'KKR', 'ECL', 'OKE', 'OXY', 'MRSH', 'RCL', 'HCA', 'PNC', 'USB', 'FANG', 'BRK.B', 'BK', 'APD', 'APO', 'VZ', 'COR', 'PCAR', 'T', 'SRE', 'VLO', 'WMB', 'ANET', 'DELL', 'SNDK', 'LHX', 'D', 'DASH', 'O'}
2026-03-19 12:09:25,505  INFO    AFL: falta ['consolidated']
2026-03-19 12:09:25,505  INFO    ANET: falta ['consolidated']
2026-03-19 12:09:25,505  INFO    APD: falta ['consolidated']
2026-03-19 12:09:25,505  INFO    APO: falta ['consolidated']
2026-03-19 12:09:25,505  INFO    BK: falta ['consolidated']
2026-03-19 12:09:25,505  INFO    BRK.B: falta ['prices', 'consolidated']
2026-03-19 12:09:25,505  INFO    COR: falta ['consolidated']
2026-03-19 12:09:25,505  INFO    D: falta ['consolidated']
2026-03-19 12:09:25,505  INFO    DASH: falta ['consolidated']
2026-03-19 12:09:25,505  INFO    DELL: falta ['consolidated']
2026-03-19 12:09:25,505  INFO    ECL: falta ['consolidated']
2026-03-19 12:09:25,505  INFO    FANG: falta ['consolidated']
2026-03-19 12:09:25,514  INFO    HCA: falta ['consolidated']
2026-03-19 12:09:25,514  INFO    KKR: falta ['consolidated']
2026-03-19 12:09:25,514  INFO    LHX: falta ['consolidated']
2026-03-19 12:09:25,514  INFO    MRSH: falta ['consolidated']
2026-03-19 12:09:25,514  INFO    O: falta ['consolidated']
2026-03-19 12:09:25,514  INFO    OKE: falta ['consolidated']
2026-03-19 12:09:25,514  INFO    OXY: falta ['consolidated']
2026-03-19 12:09:25,517  INFO    PCAR: falta ['consolidated']
2026-03-19 12:09:25,517  INFO    PNC: falta ['consolidated']
2026-03-19 12:09:25,518  INFO    RCL: falta ['consolidated']
2026-03-19 12:09:25,518  INFO    SNDK: falta ['consolidated']
2026-03-19 12:09:25,518  INFO    SO: falta ['consolidated']
2026-03-19 12:09:25,519  INFO    SRE: falta ['consolidated']
2026-03-19 12:09:25,519  INFO    T: falta ['consolidated']
2026-03-19 12:09:25,520  INFO    USB: falta ['consolidated']
2026-03-19 12:09:25,520  INFO    VLO: falta ['consolidated']
2026-03-19 12:09:25,520  INFO    VST: falta ['consolidated']
2026-03-19 12:09:25,521  INFO    VZ: falta ['consolidated']
2026-03-19 12:09:25,521  INFO    WMB: falta ['consolidated']
2026-03-19 12:09:25,522  INFO  Tickers con datos completos: 169 / 200
2026-03-19 12:09:25,522  INFO  REINTENTANDO 31 tickers con datos incompletos...
2026-03-19 12:09:25,523  INFO    Re-descargando precios para: ['BRK.B']
2026-03-19 12:09:25,545  INFO  Descargando precios (2021-01-01 → 2026-01-01)
2026-03-19 12:09:25,546  INFO  Ya hay 0 tickers actualizados
2026-03-19 12:09:26,705  ERROR  
1 Failed download:
2026-03-19 12:09:26,705  ERROR  ['BRK.B']: YFRateLimitError('Too Many Requests. Rate limited. Try after a while.')
2026-03-19 12:09:26,706  WARNING    [WARN] BRK.B: no se han obtenido datos
2026-03-19 12:09:26,706  INFO  Descarga completada.
2026-03-19 12:09:26,706  INFO    Re-descargando fundamentales para: ['BRK.B', 'VZ', 'T', 'ANET', 'HCA', 'SO', 'SNDK', 'DELL', 'WMB', 'MRSH', 'PNC', 'USB', 'KKR', 'BK', 'ECL', 'RCL', 'VLO', 'DASH', 'LHX', 'APO', 'COR', 'APD', 'SRE', 'PCAR', 'O', 'OXY', 'VST', 'AFL', 'D', 'OKE', 'FANG']
2026-03-19 12:09:26,784  INFO  Descargando datos trimestrales
2026-03-19 12:09:26,784  INFO  Ya hay 23 tickers actualizados
2026-03-19 12:09:47,962  INFO  ============================================================
2026-03-19 12:09:47,962  INFO    INICIANDO PIPELINE ML MULTI-AGENTE STOCK PICKER
2026-03-19 12:09:47,962  INFO  ============================================================
2026-03-19 12:09:47,962  INFO  PASO 1 — DESCARGANDO DATOS
2026-03-19 12:09:47,962  INFO    Tickers: 200
2026-03-19 12:09:48,322  INFO  Descargando precios (2021-01-01 → 2026-01-01)
2026-03-19 12:09:48,322  INFO  Ya hay 199 tickers actualizados
2026-03-19 12:09:53,281  ERROR  
1 Failed download:
2026-03-19 12:09:53,281  ERROR  ['BRK.B']: YFTzMissingError('possibly delisted; no timezone found')
2026-03-19 12:09:53,293  WARNING    [WARN] BRK.B: no se han obtenido datos
2026-03-19 12:09:53,294  INFO  Descarga completada.
2026-03-19 12:09:53,294  INFO  Descargando datos macro (VIX, S&P500, yields)
2026-03-19 12:09:53,309  INFO    vix cargado desde archivo
2026-03-19 12:09:53,317  INFO    sp500 cargado desde archivo
2026-03-19 12:09:53,324  INFO    t10y cargado desde archivo
2026-03-19 12:09:53,331  INFO    t2y cargado desde archivo
2026-03-19 12:09:53,347  INFO    yield_curve calculado
2026-03-19 12:09:53,419  INFO    sp500_momentum_3m y sp500_momentum_12m calculados
2026-03-19 12:09:53,501  INFO  Macro consolidado guardado
2026-03-19 12:09:53,533  INFO    (FORCE_DOWNLOAD=False — solo actualiza datos obsoletos)
2026-03-19 12:09:53,575  INFO  [DataRouter] companies.csv cargado: 6792 empresas — 17 sectores
2026-03-19 12:09:53,636  INFO  Tickers eliminados por falta de datos: {'BK', 'APD', 'WMB', 'ANET', 'DASH', 'USB', 'T', 'SRE', 'SNDK', 'PCAR', 'MRSH', 'PNC', 'BRK.B', 'LHX', 'DELL', 'O', 'OXY', 'AFL', 'FANG', 'VZ', 'SO', 'RCL', 'VLO', 'VST', 'HCA', 'D', 'COR', 'APO', 'KKR', 'OKE', 'ECL'}
2026-03-19 12:09:53,637  INFO    AFL: falta ['consolidated']
2026-03-19 12:09:53,637  INFO    ANET: falta ['consolidated']
2026-03-19 12:09:53,638  INFO    APD: falta ['consolidated']
2026-03-19 12:09:53,638  INFO    APO: falta ['consolidated']
2026-03-19 12:09:53,638  INFO    BK: falta ['consolidated']
2026-03-19 12:09:53,638  INFO    BRK.B: falta ['prices', 'consolidated']
2026-03-19 12:09:53,639  INFO    COR: falta ['consolidated']
2026-03-19 12:09:53,639  INFO    D: falta ['consolidated']
2026-03-19 12:09:53,639  INFO    DASH: falta ['consolidated']
2026-03-19 12:09:53,640  INFO    DELL: falta ['consolidated']
2026-03-19 12:09:53,640  INFO    ECL: falta ['consolidated']
2026-03-19 12:09:53,641  INFO    FANG: falta ['consolidated']
2026-03-19 12:09:53,641  INFO    HCA: falta ['consolidated']
2026-03-19 12:09:53,641  INFO    KKR: falta ['consolidated']
2026-03-19 12:09:53,642  INFO    LHX: falta ['consolidated']
2026-03-19 12:09:53,642  INFO    MRSH: falta ['consolidated']
2026-03-19 12:09:53,643  INFO    O: falta ['consolidated']
2026-03-19 12:09:53,643  INFO    OKE: falta ['consolidated']
2026-03-19 12:09:53,643  INFO    OXY: falta ['consolidated']
2026-03-19 12:09:53,644  INFO    PCAR: falta ['consolidated']
2026-03-19 12:09:53,644  INFO    PNC: falta ['consolidated']
2026-03-19 12:09:53,645  INFO    RCL: falta ['consolidated']
2026-03-19 12:09:53,645  INFO    SNDK: falta ['consolidated']
2026-03-19 12:09:53,645  INFO    SO: falta ['consolidated']
2026-03-19 12:09:53,646  INFO    SRE: falta ['consolidated']
2026-03-19 12:09:53,646  INFO    T: falta ['consolidated']
2026-03-19 12:09:53,647  INFO    USB: falta ['consolidated']
2026-03-19 12:09:53,647  INFO    VLO: falta ['consolidated']
2026-03-19 12:09:53,647  INFO    VST: falta ['consolidated']
2026-03-19 12:09:53,648  INFO    VZ: falta ['consolidated']
2026-03-19 12:09:53,648  INFO    WMB: falta ['consolidated']
2026-03-19 12:09:53,649  INFO  Tickers con datos completos: 169 / 200
2026-03-19 12:09:53,649  INFO  REINTENTANDO 31 tickers con datos incompletos...
2026-03-19 12:09:53,649  INFO    Re-descargando precios para: ['BRK.B']
2026-03-19 12:09:53,668  INFO  Descargando precios (2021-01-01 → 2026-01-01)
2026-03-19 12:09:53,668  INFO  Ya hay 0 tickers actualizados
2026-03-19 12:09:53,682  ERROR  
1 Failed download:
2026-03-19 12:09:53,682  ERROR  ['BRK.B']: YFTzMissingError('possibly delisted; no timezone found')
2026-03-19 12:09:53,688  WARNING    [WARN] BRK.B: no se han obtenido datos
2026-03-19 12:09:53,689  INFO  Descarga completada.
2026-03-19 12:09:53,689  INFO    Re-descargando fundamentales para: ['BRK.B', 'VZ', 'T', 'ANET', 'HCA', 'SO', 'SNDK', 'DELL', 'WMB', 'MRSH', 'PNC', 'USB', 'KKR', 'BK', 'ECL', 'RCL', 'VLO', 'DASH', 'LHX', 'APO', 'COR', 'APD', 'SRE', 'PCAR', 'O', 'OXY', 'VST', 'AFL', 'D', 'OKE', 'FANG']
2026-03-19 12:09:53,750  INFO  Descargando datos trimestrales
2026-03-19 12:09:53,751  INFO  Ya hay 23 tickers actualizados
2026-03-19 12:09:57,202  WARNING    [WARN] BRK.B: sin datos disponibles
2026-03-19 12:09:59,366  INFO  [2/8] DELL descargado
2026-03-19 12:10:01,805  INFO  [3/8] MRSH descargado
2026-03-19 12:10:05,029  INFO  [4/8] DASH descargado
2026-03-19 12:10:07,264  INFO  [5/8] APO descargado
2026-03-19 12:10:09,709  INFO  [6/8] APD descargado
2026-03-19 12:10:13,478  INFO  [7/8] VST descargado
2026-03-19 12:10:18,926  INFO  [8/8] AFL descargado
2026-03-19 12:10:19,100  INFO  Descargando insider trades
2026-03-19 12:10:19,100  INFO  Ya hay 22 tickers actualizados
2026-03-19 12:10:19,495  WARNING    [WARN] BRK.B: sin datos insider
2026-03-19 12:10:19,707  INFO  [2/9] SNDK insider trades descargado
2026-03-19 12:10:20,067  INFO  [3/9] DELL insider trades descargado
2026-03-19 12:10:20,404  INFO  [4/9] MRSH insider trades descargado
2026-03-19 12:10:20,757  INFO  [5/9] DASH insider trades descargado
2026-03-19 12:10:21,111  INFO  [6/9] APO insider trades descargado
2026-03-19 12:10:21,684  INFO  [7/9] APD insider trades descargado
2026-03-19 12:10:22,021  INFO  [8/9] VST insider trades descargado
2026-03-19 12:10:22,351  INFO  [9/9] AFL insider trades descargado
2026-03-19 12:10:22,517  INFO  Descargando analyst estimates
2026-03-19 12:10:22,517  INFO  Ya hay 21 tickers actualizados
2026-03-19 12:10:22,623  ERROR  BRK.B: $BRK.B: possibly delisted; no earnings dates found
2026-03-19 12:10:22,623  WARNING    [WARN] BRK.B: sin datos analyst
2026-03-19 12:10:22,894  INFO  [2/10] ANET analyst estimates descargado
2026-03-19 12:10:23,481  INFO  [3/10] SNDK analyst estimates descargado
2026-03-19 12:10:23,739  INFO  [4/10] DELL analyst estimates descargado
2026-03-19 12:10:23,934  ERROR  MRSH: $MRSH: possibly delisted; no earnings dates found
2026-03-19 12:10:23,936  WARNING    [WARN] MRSH: sin datos analyst
2026-03-19 12:10:24,900  INFO  [6/10] DASH analyst estimates descargado
2026-03-19 12:10:25,201  INFO  [7/10] APO analyst estimates descargado
2026-03-19 12:10:25,471  INFO  [8/10] APD analyst estimates descargado
2026-03-19 12:10:25,859  INFO  [9/10] VST analyst estimates descargado
2026-03-19 12:10:26,167  INFO  [10/10] AFL analyst estimates descargado
2026-03-19 12:10:26,269  INFO    Re-consolidando: ['BRK.B', 'VZ', 'T', 'ANET', 'HCA', 'SO', 'SNDK', 'DELL', 'WMB', 'MRSH', 'PNC', 'USB', 'KKR', 'BK', 'ECL', 'RCL', 'VLO', 'DASH', 'LHX', 'APO', 'COR', 'APD', 'SRE', 'PCAR', 'O', 'OXY', 'VST', 'AFL', 'D', 'OKE', 'FANG']
2026-03-19 12:10:26,734  INFO  Balance cargado: 55082 filas
2026-03-19 12:10:27,121  INFO  Cashflow cargado: 55087 filas
2026-03-19 12:10:27,592  INFO  Income cargado: 55090 filas
2026-03-19 12:10:27,594  INFO  Procesando BRK.B...
2026-03-19 12:10:27,605  WARNING    [WARN] Sin datos para consolidar en ticker procesado.
2026-03-19 12:10:27,605  WARNING    [FAIL] Sin datos para BRK.B
2026-03-19 12:10:27,606  INFO  Procesando VZ...
2026-03-19 12:10:27,617  WARNING    [WARN] Sin datos para consolidar en ticker procesado.
2026-03-19 12:10:27,617  WARNING    [FAIL] Sin datos para VZ
2026-03-19 12:10:27,618  INFO  Procesando T...
2026-03-19 12:10:27,631  WARNING    [WARN] Sin datos para consolidar en ticker procesado.
2026-03-19 12:10:27,632  WARNING    [FAIL] Sin datos para T
2026-03-19 12:10:27,632  INFO  Procesando ANET...
2026-03-19 12:10:27,702  INFO    [OK] Guardado: 24 períodos | Columnas: 31
2026-03-19 12:10:27,703  INFO  Procesando HCA...
2026-03-19 12:10:27,714  WARNING    [WARN] Sin datos para consolidar en ticker procesado.
2026-03-19 12:10:27,715  WARNING    [FAIL] Sin datos para HCA
2026-03-19 12:10:27,716  INFO  Procesando SO...
2026-03-19 12:10:27,733  WARNING    [WARN] Sin datos para consolidar en ticker procesado.
2026-03-19 12:10:27,733  WARNING    [FAIL] Sin datos para SO
2026-03-19 12:10:27,734  INFO  Procesando SNDK...
2026-03-19 12:10:27,788  INFO    [OK] Guardado: 5 períodos | Columnas: 33
2026-03-19 12:10:27,788  INFO  Procesando DELL...
2026-03-19 12:10:27,874  INFO    [OK] Guardado: 24 períodos | Columnas: 34
2026-03-19 12:10:27,874  INFO  Procesando WMB...
2026-03-19 12:10:27,885  WARNING    [WARN] Sin datos para consolidar en ticker procesado.
2026-03-19 12:10:27,886  WARNING    [FAIL] Sin datos para WMB
2026-03-19 12:10:27,886  INFO  Procesando MRSH...
2026-03-19 12:10:27,966  INFO    [OK] Guardado: 5 períodos | Columnas: 33
2026-03-19 12:10:27,967  INFO  Procesando PNC...
2026-03-19 12:10:27,980  WARNING    [WARN] Sin datos para consolidar en ticker procesado.
2026-03-19 12:10:27,981  WARNING    [FAIL] Sin datos para PNC
2026-03-19 12:10:27,981  INFO  Procesando USB...
2026-03-19 12:10:27,993  WARNING    [WARN] Sin datos para consolidar en ticker procesado.
2026-03-19 12:10:27,994  WARNING    [FAIL] Sin datos para USB
2026-03-19 12:10:27,995  INFO  Procesando KKR...
2026-03-19 12:10:28,006  WARNING    [WARN] Sin datos para consolidar en ticker procesado.
2026-03-19 12:10:28,007  WARNING    [FAIL] Sin datos para KKR
2026-03-19 12:10:28,008  INFO  Procesando BK...
2026-03-19 12:10:28,021  WARNING    [WARN] Sin datos para consolidar en ticker procesado.
2026-03-19 12:10:28,021  WARNING    [FAIL] Sin datos para BK
2026-03-19 12:10:28,021  INFO  Procesando ECL...
2026-03-19 12:10:28,035  WARNING    [WARN] Sin datos para consolidar en ticker procesado.
2026-03-19 12:10:28,036  WARNING    [FAIL] Sin datos para ECL
2026-03-19 12:10:28,036  INFO  Procesando RCL...
2026-03-19 12:10:28,054  WARNING    [WARN] Sin datos para consolidar en ticker procesado.
2026-03-19 12:10:28,054  WARNING    [FAIL] Sin datos para RCL
2026-03-19 12:10:28,055  INFO  Procesando VLO...
2026-03-19 12:10:28,061  WARNING    [WARN] Sin datos para consolidar en ticker procesado.
2026-03-19 12:10:28,061  WARNING    [FAIL] Sin datos para VLO
2026-03-19 12:10:28,061  INFO  Procesando DASH...
2026-03-19 12:10:28,144  INFO    [OK] Guardado: 5 períodos | Columnas: 33
2026-03-19 12:10:28,144  INFO  Procesando LHX...
2026-03-19 12:10:28,157  WARNING    [WARN] Sin datos para consolidar en ticker procesado.
2026-03-19 12:10:28,157  WARNING    [FAIL] Sin datos para LHX
2026-03-19 12:10:28,158  INFO  Procesando APO...
2026-03-19 12:10:28,244  INFO    [OK] Guardado: 7 períodos | Columnas: 32
2026-03-19 12:10:28,244  INFO  Procesando COR...
2026-03-19 12:10:28,256  WARNING    [WARN] Sin datos para consolidar en ticker procesado.
2026-03-19 12:10:28,257  WARNING    [FAIL] Sin datos para COR
2026-03-19 12:10:28,257  INFO  Procesando APD...
2026-03-19 12:10:28,346  INFO    [OK] Guardado: 5 períodos | Columnas: 33
2026-03-19 12:10:28,347  INFO  Procesando SRE...
2026-03-19 12:10:28,361  WARNING    [WARN] Sin datos para consolidar en ticker procesado.
2026-03-19 12:10:28,362  WARNING    [FAIL] Sin datos para SRE
2026-03-19 12:10:28,362  INFO  Procesando PCAR...
2026-03-19 12:10:28,374  WARNING    [WARN] Sin datos para consolidar en ticker procesado.
2026-03-19 12:10:28,375  WARNING    [FAIL] Sin datos para PCAR
2026-03-19 12:10:28,375  INFO  Procesando O...
2026-03-19 12:10:28,388  WARNING    [WARN] Sin datos para consolidar en ticker procesado.
2026-03-19 12:10:28,389  WARNING    [FAIL] Sin datos para O
2026-03-19 12:10:28,389  INFO  Procesando OXY...
2026-03-19 12:10:28,404  WARNING    [WARN] Sin datos para consolidar en ticker procesado.
2026-03-19 12:10:28,405  WARNING    [FAIL] Sin datos para OXY
2026-03-19 12:10:28,405  INFO  Procesando VST...
2026-03-19 12:10:28,489  INFO    [OK] Guardado: 24 períodos | Columnas: 34
2026-03-19 12:10:28,490  INFO  Procesando AFL...
2026-03-19 12:10:28,578  INFO    [OK] Guardado: 24 períodos | Columnas: 25
2026-03-19 12:10:28,578  INFO  Procesando D...
2026-03-19 12:10:28,589  WARNING    [WARN] Sin datos para consolidar en ticker procesado.
2026-03-19 12:10:28,590  WARNING    [FAIL] Sin datos para D
2026-03-19 12:10:28,590  INFO  Procesando OKE...
2026-03-19 12:10:28,604  WARNING    [WARN] Sin datos para consolidar en ticker procesado.
2026-03-19 12:10:28,604  WARNING    [FAIL] Sin datos para OKE
2026-03-19 12:10:28,605  INFO  Procesando FANG...
2026-03-19 12:10:28,611  WARNING    [WARN] Sin datos para consolidar en ticker procesado.
2026-03-19 12:10:28,611  WARNING    [FAIL] Sin datos para FANG
2026-03-19 12:10:28,611  INFO  [OK] Proceso completado
2026-03-19 12:10:28,621  INFO    Recuperados tras reintento: ['ANET', 'SNDK', 'DELL', 'MRSH', 'DASH', 'APO', 'APD', 'VST', 'AFL']
2026-03-19 12:10:28,621  INFO    Siguen sin datos tras reintento: {'BK', 'SRE', 'LHX', 'FANG', 'VZ', 'SO', 'COR', 'OKE', 'WMB', 'USB', 'T', 'PCAR', 'PNC', 'BRK.B', 'O', 'OXY', 'RCL', 'VLO', 'HCA', 'D', 'KKR', 'ECL'}
2026-03-19 12:10:28,638  INFO  Construyendo dataset maestro...
2026-03-19 12:10:46,717  INFO  ============================================================
2026-03-19 12:10:46,717  INFO    INICIANDO PIPELINE ML MULTI-AGENTE STOCK PICKER
2026-03-19 12:10:46,717  INFO  ============================================================
2026-03-19 12:10:46,717  INFO  PASO 1 — DESCARGANDO DATOS
2026-03-19 12:10:46,717  INFO    Tickers: 200
2026-03-19 12:10:47,103  INFO  Descargando precios (2021-01-01 → 2026-01-01)
2026-03-19 12:10:47,104  INFO  Ya hay 199 tickers actualizados
2026-03-19 12:10:52,552  ERROR  
1 Failed download:
2026-03-19 12:10:52,553  ERROR  ['BRK.B']: YFRateLimitError('Too Many Requests. Rate limited. Try after a while.')
2026-03-19 12:10:52,579  WARNING    [WARN] BRK.B: no se han obtenido datos
2026-03-19 12:10:52,580  INFO  Descarga completada.
2026-03-19 12:10:52,582  INFO  Descargando datos macro (VIX, S&P500, yields)
2026-03-19 12:10:52,599  INFO    vix cargado desde archivo
2026-03-19 12:10:52,604  INFO    sp500 cargado desde archivo
2026-03-19 12:10:52,614  INFO    t10y cargado desde archivo
2026-03-19 12:10:52,622  INFO    t2y cargado desde archivo
2026-03-19 12:10:52,640  INFO    yield_curve calculado
2026-03-19 12:10:52,683  INFO    sp500_momentum_3m y sp500_momentum_12m calculados
2026-03-19 12:10:52,750  INFO  Macro consolidado guardado
2026-03-19 12:10:52,782  INFO    (FORCE_DOWNLOAD=False — solo actualiza datos obsoletos)
2026-03-19 12:10:52,822  INFO  [DataRouter] companies.csv cargado: 6792 empresas — 17 sectores
2026-03-19 12:10:52,884  INFO  Tickers eliminados por falta de datos: {'PCAR', 'PNC', 'KKR', 'USB', 'VZ', 'COR', 'O', 'FANG', 'BRK.B', 'SO', 'OXY', 'WMB', 'VLO', 'LHX', 'SRE', 'BK', 'OKE', 'D', 'ECL', 'RCL', 'HCA', 'T'}
2026-03-19 12:10:52,885  INFO    BK: falta ['consolidated']
2026-03-19 12:10:52,885  INFO    BRK.B: falta ['prices', 'consolidated']
2026-03-19 12:10:52,886  INFO    COR: falta ['consolidated']
2026-03-19 12:10:52,886  INFO    D: falta ['consolidated']
2026-03-19 12:10:52,887  INFO    ECL: falta ['consolidated']
2026-03-19 12:10:52,887  INFO    FANG: falta ['consolidated']
2026-03-19 12:10:52,887  INFO    HCA: falta ['consolidated']
2026-03-19 12:10:52,888  INFO    KKR: falta ['consolidated']
2026-03-19 12:10:52,888  INFO    LHX: falta ['consolidated']
2026-03-19 12:10:52,889  INFO    O: falta ['consolidated']
2026-03-19 12:10:52,889  INFO    OKE: falta ['consolidated']
2026-03-19 12:10:52,889  INFO    OXY: falta ['consolidated']
2026-03-19 12:10:52,890  INFO    PCAR: falta ['consolidated']
2026-03-19 12:10:52,890  INFO    PNC: falta ['consolidated']
2026-03-19 12:10:52,891  INFO    RCL: falta ['consolidated']
2026-03-19 12:10:52,891  INFO    SO: falta ['consolidated']
2026-03-19 12:10:52,891  INFO    SRE: falta ['consolidated']
2026-03-19 12:10:52,892  INFO    T: falta ['consolidated']
2026-03-19 12:10:52,892  INFO    USB: falta ['consolidated']
2026-03-19 12:10:52,893  INFO    VLO: falta ['consolidated']
2026-03-19 12:10:52,893  INFO    VZ: falta ['consolidated']
2026-03-19 12:10:52,893  INFO    WMB: falta ['consolidated']
2026-03-19 12:10:52,894  INFO  Tickers con datos completos: 178 / 200
2026-03-19 12:10:52,894  INFO  REINTENTANDO 22 tickers con datos incompletos...
2026-03-19 12:10:52,895  INFO    Re-descargando precios para: ['BRK.B']
2026-03-19 12:10:52,912  INFO  Descargando precios (2021-01-01 → 2026-01-01)
2026-03-19 12:10:52,913  INFO  Ya hay 0 tickers actualizados
2026-03-19 12:10:54,098  ERROR  
1 Failed download:
2026-03-19 12:10:54,098  ERROR  ['BRK.B']: YFRateLimitError('Too Many Requests. Rate limited. Try after a while.')
2026-03-19 12:10:54,105  WARNING    [WARN] BRK.B: no se han obtenido datos
2026-03-19 12:10:54,105  INFO  Descarga completada.
2026-03-19 12:10:54,105  INFO    Re-descargando fundamentales para: ['BRK.B', 'VZ', 'T', 'HCA', 'SO', 'WMB', 'PNC', 'USB', 'KKR', 'BK', 'ECL', 'RCL', 'VLO', 'LHX', 'COR', 'SRE', 'PCAR', 'O', 'OXY', 'D', 'OKE', 'FANG']
2026-03-19 12:10:54,166  INFO  Descargando datos trimestrales
2026-03-19 12:10:54,166  INFO  Ya hay 21 tickers actualizados
2026-03-19 12:10:57,612  WARNING    [WARN] BRK.B: sin datos disponibles
2026-03-19 12:10:57,656  INFO  Descargando insider trades
2026-03-19 12:10:57,657  INFO  Ya hay 21 tickers actualizados
2026-03-19 12:10:58,892  WARNING    [WARN] BRK.B: rate limit: Too Many Requests. Rate limited. Try after a while.
2026-03-19 12:10:58,939  INFO  Descargando analyst estimates
2026-03-19 12:10:58,940  INFO  Ya hay 21 tickers actualizados
2026-03-19 12:11:00,407  WARNING    [WARN] BRK.B: rate limit: Too Many Requests. Rate limited. Try after a while.
2026-03-19 12:11:00,408  INFO    Re-consolidando: ['BRK.B', 'VZ', 'T', 'HCA', 'SO', 'WMB', 'PNC', 'USB', 'KKR', 'BK', 'ECL', 'RCL', 'VLO', 'LHX', 'COR', 'SRE', 'PCAR', 'O', 'OXY', 'D', 'OKE', 'FANG']
2026-03-19 12:11:00,906  INFO  Balance cargado: 55082 filas
2026-03-19 12:11:01,288  INFO  Cashflow cargado: 55087 filas
2026-03-19 12:11:01,716  INFO  Income cargado: 55090 filas
2026-03-19 12:11:01,716  INFO  Procesando BRK.B...
2026-03-19 12:11:01,731  WARNING    [WARN] Sin datos para consolidar en ticker procesado.
2026-03-19 12:11:01,733  WARNING    [FAIL] Sin datos para BRK.B
2026-03-19 12:11:01,733  INFO  Procesando VZ...
2026-03-19 12:11:01,744  WARNING    [WARN] Sin datos para consolidar en ticker procesado.
2026-03-19 12:11:01,745  WARNING    [FAIL] Sin datos para VZ
2026-03-19 12:11:01,745  INFO  Procesando T...
2026-03-19 12:11:01,757  WARNING    [WARN] Sin datos para consolidar en ticker procesado.
2026-03-19 12:11:01,757  WARNING    [FAIL] Sin datos para T
2026-03-19 12:11:01,758  INFO  Procesando HCA...
2026-03-19 12:11:01,771  WARNING    [WARN] Sin datos para consolidar en ticker procesado.
2026-03-19 12:11:01,772  WARNING    [FAIL] Sin datos para HCA
2026-03-19 12:11:01,772  INFO  Procesando SO...
2026-03-19 12:11:01,784  WARNING    [WARN] Sin datos para consolidar en ticker procesado.
2026-03-19 12:11:01,785  WARNING    [FAIL] Sin datos para SO
2026-03-19 12:11:01,785  INFO  Procesando WMB...
2026-03-19 12:11:01,796  WARNING    [WARN] Sin datos para consolidar en ticker procesado.
2026-03-19 12:11:01,797  WARNING    [FAIL] Sin datos para WMB
2026-03-19 12:11:01,798  INFO  Procesando PNC...
2026-03-19 12:11:01,809  WARNING    [WARN] Sin datos para consolidar en ticker procesado.
2026-03-19 12:11:01,810  WARNING    [FAIL] Sin datos para PNC
2026-03-19 12:11:01,810  INFO  Procesando USB...
2026-03-19 12:11:01,822  WARNING    [WARN] Sin datos para consolidar en ticker procesado.
2026-03-19 12:11:01,822  WARNING    [FAIL] Sin datos para USB
2026-03-19 12:11:01,823  INFO  Procesando KKR...
2026-03-19 12:11:01,837  WARNING    [WARN] Sin datos para consolidar en ticker procesado.
2026-03-19 12:11:01,837  WARNING    [FAIL] Sin datos para KKR
2026-03-19 12:11:01,838  INFO  Procesando BK...
2026-03-19 12:11:01,849  WARNING    [WARN] Sin datos para consolidar en ticker procesado.
2026-03-19 12:11:01,849  WARNING    [FAIL] Sin datos para BK
2026-03-19 12:11:01,850  INFO  Procesando ECL...
2026-03-19 12:11:01,862  WARNING    [WARN] Sin datos para consolidar en ticker procesado.
2026-03-19 12:11:01,863  WARNING    [FAIL] Sin datos para ECL
2026-03-19 12:11:01,863  INFO  Procesando RCL...
2026-03-19 12:11:01,875  WARNING    [WARN] Sin datos para consolidar en ticker procesado.
2026-03-19 12:11:01,876  WARNING    [FAIL] Sin datos para RCL
2026-03-19 12:11:01,876  INFO  Procesando VLO...
2026-03-19 12:11:01,889  WARNING    [WARN] Sin datos para consolidar en ticker procesado.
2026-03-19 12:11:01,890  WARNING    [FAIL] Sin datos para VLO
2026-03-19 12:11:01,890  INFO  Procesando LHX...
2026-03-19 12:11:01,902  WARNING    [WARN] Sin datos para consolidar en ticker procesado.
2026-03-19 12:11:01,903  WARNING    [FAIL] Sin datos para LHX
2026-03-19 12:11:01,903  INFO  Procesando COR...
2026-03-19 12:11:01,916  WARNING    [WARN] Sin datos para consolidar en ticker procesado.
2026-03-19 12:11:01,917  WARNING    [FAIL] Sin datos para COR
2026-03-19 12:11:01,917  INFO  Procesando SRE...
2026-03-19 12:11:01,928  WARNING    [WARN] Sin datos para consolidar en ticker procesado.
2026-03-19 12:11:01,929  WARNING    [FAIL] Sin datos para SRE
2026-03-19 12:11:01,930  INFO  Procesando PCAR...
2026-03-19 12:11:01,941  WARNING    [WARN] Sin datos para consolidar en ticker procesado.
2026-03-19 12:11:01,942  WARNING    [FAIL] Sin datos para PCAR
2026-03-19 12:11:01,943  INFO  Procesando O...
2026-03-19 12:11:01,954  WARNING    [WARN] Sin datos para consolidar en ticker procesado.
2026-03-19 12:11:01,955  WARNING    [FAIL] Sin datos para O
2026-03-19 12:11:01,956  INFO  Procesando OXY...
2026-03-19 12:11:01,968  WARNING    [WARN] Sin datos para consolidar en ticker procesado.
2026-03-19 12:11:01,969  WARNING    [FAIL] Sin datos para OXY
2026-03-19 12:11:01,969  INFO  Procesando D...
2026-03-19 12:11:01,981  WARNING    [WARN] Sin datos para consolidar en ticker procesado.
2026-03-19 12:11:01,982  WARNING    [FAIL] Sin datos para D
2026-03-19 12:11:01,983  INFO  Procesando OKE...
2026-03-19 12:11:01,996  WARNING    [WARN] Sin datos para consolidar en ticker procesado.
2026-03-19 12:11:01,997  WARNING    [FAIL] Sin datos para OKE
2026-03-19 12:11:01,998  INFO  Procesando FANG...
2026-03-19 12:11:02,013  WARNING    [WARN] Sin datos para consolidar en ticker procesado.
2026-03-19 12:11:02,013  WARNING    [FAIL] Sin datos para FANG
2026-03-19 12:11:02,014  INFO  [OK] Proceso completado
2026-03-19 12:11:02,017  INFO    Recuperados tras reintento: []
2026-03-19 12:11:02,019  INFO    Siguen sin datos tras reintento: {'PCAR', 'PNC', 'KKR', 'USB', 'VZ', 'COR', 'O', 'FANG', 'BRK.B', 'SO', 'OXY', 'WMB', 'HCA', 'LHX', 'SRE', 'BK', 'OKE', 'D', 'ECL', 'RCL', 'VLO', 'T'}
2026-03-19 12:11:02,032  INFO  Construyendo dataset maestro...
2026-03-19 12:11:21,168  INFO  ============================================================
2026-03-19 12:11:21,168  INFO    INICIANDO PIPELINE ML MULTI-AGENTE STOCK PICKER
2026-03-19 12:11:21,168  INFO  ============================================================
2026-03-19 12:11:21,168  INFO  PASO 1 — DESCARGANDO DATOS
2026-03-19 12:11:21,169  INFO    Tickers: 200
2026-03-19 12:11:21,577  INFO  Descargando precios (2021-01-01 → 2026-01-01)
2026-03-19 12:11:21,578  INFO  Ya hay 199 tickers actualizados
2026-03-19 12:11:26,976  ERROR  
1 Failed download:
2026-03-19 12:11:26,976  ERROR  ['BRK.B']: YFTzMissingError('possibly delisted; no timezone found')
2026-03-19 12:11:27,004  WARNING    [WARN] BRK.B: no se han obtenido datos
2026-03-19 12:11:27,005  INFO  Descarga completada.
2026-03-19 12:11:27,006  INFO  Descargando datos macro (VIX, S&P500, yields)
2026-03-19 12:11:27,023  INFO    vix cargado desde archivo
2026-03-19 12:11:27,031  INFO    sp500 cargado desde archivo
2026-03-19 12:11:27,038  INFO    t10y cargado desde archivo
2026-03-19 12:11:27,044  INFO    t2y cargado desde archivo
2026-03-19 12:11:27,062  INFO    yield_curve calculado
2026-03-19 12:11:27,105  INFO    sp500_momentum_3m y sp500_momentum_12m calculados
2026-03-19 12:11:27,176  INFO  Macro consolidado guardado
2026-03-19 12:11:27,208  INFO    (FORCE_DOWNLOAD=False — solo actualiza datos obsoletos)
2026-03-19 12:11:27,253  INFO  [DataRouter] companies.csv cargado: 6792 empresas — 17 sectores
2026-03-19 12:11:27,312  INFO  Tickers eliminados por falta de datos: {'LHX', 'OKE', 'SRE', 'O', 'VLO', 'WMB', 'USB', 'BK', 'SO', 'KKR', 'T', 'OXY', 'VZ', 'COR', 'ECL', 'FANG', 'BRK.B', 'RCL', 'D', 'HCA', 'PCAR', 'PNC'}
2026-03-19 12:11:27,313  INFO    BK: falta ['consolidated']
2026-03-19 12:11:27,313  INFO    BRK.B: falta ['prices', 'consolidated']
2026-03-19 12:11:27,314  INFO    COR: falta ['consolidated']
2026-03-19 12:11:27,314  INFO    D: falta ['consolidated']
2026-03-19 12:11:27,315  INFO    ECL: falta ['consolidated']
2026-03-19 12:11:27,315  INFO    FANG: falta ['consolidated']
2026-03-19 12:11:27,316  INFO    HCA: falta ['consolidated']
2026-03-19 12:11:27,316  INFO    KKR: falta ['consolidated']
2026-03-19 12:11:27,317  INFO    LHX: falta ['consolidated']
2026-03-19 12:11:27,317  INFO    O: falta ['consolidated']
2026-03-19 12:11:27,317  INFO    OKE: falta ['consolidated']
2026-03-19 12:11:27,318  INFO    OXY: falta ['consolidated']
2026-03-19 12:11:27,318  INFO    PCAR: falta ['consolidated']
2026-03-19 12:11:27,318  INFO    PNC: falta ['consolidated']
2026-03-19 12:11:27,319  INFO    RCL: falta ['consolidated']
2026-03-19 12:11:27,319  INFO    SO: falta ['consolidated']
2026-03-19 12:11:27,319  INFO    SRE: falta ['consolidated']
2026-03-19 12:11:27,321  INFO    T: falta ['consolidated']
2026-03-19 12:11:27,321  INFO    USB: falta ['consolidated']
2026-03-19 12:11:27,321  INFO    VLO: falta ['consolidated']
2026-03-19 12:11:27,322  INFO    VZ: falta ['consolidated']
2026-03-19 12:11:27,322  INFO    WMB: falta ['consolidated']
2026-03-19 12:11:27,323  INFO  Tickers con datos completos: 178 / 200
2026-03-19 12:11:27,323  INFO  Construyendo dataset maestro...
2026-03-19 12:11:54,094  INFO    Procesados 50/178 tickers — 935 observaciones
2026-03-19 12:12:25,429  INFO    Procesados 100/178 tickers — 1903 observaciones
2026-03-19 12:12:58,053  INFO    Procesados 150/178 tickers — 2914 observaciones
2026-03-19 12:13:16,933  INFO  Dataset maestro: 3487 observaciones — 176 tickers
2026-03-19 12:13:17,718  INFO  Dataset maestro: 3487 observaciones — 178 tickers
2026-03-19 12:13:18,361  INFO  [Visualizer] Rendimiento sectorial → sector_performance.png
2026-03-19 12:13:21,936  INFO  [Backtester] 4 folds generados | test=1Q | 4Y→4folds
2026-03-19 12:13:21,937  INFO  
============================================================
2026-03-19 12:13:21,937  INFO    FOLD 1 | Train: 2021-01-01 -> 2025-01-01 | Test: 2025-01-01 -> 2025-04-01
2026-03-19 12:13:21,938  INFO  ============================================================
2026-03-19 12:13:25,970  INFO  [FundamentalAgent] Entrenando — 2543 muestras
2026-03-19 12:13:27,223  INFO  [FeatureSelector/fundamental] Paso 1 — correlación >95%: eliminadas 3 / 62 features
2026-03-19 12:13:27,223  INFO  [FeatureSelector/fundamental]   ELIMINADA por corr: current_ratio (|corr|=0.969 con quick_ratio; pb_y(current_ratio)=0.004 < pb_y(quick_ratio)=0.011)
2026-03-19 12:13:27,223  INFO  [FeatureSelector/fundamental]   ELIMINADA por corr: eps_yoy_growth (|corr|=1.000 con eps; pb_y(eps_yoy_growth)=0.020 < pb_y(eps)=0.020)
2026-03-19 12:13:27,227  INFO  [FeatureSelector/fundamental]   ELIMINADA por corr: quick_ratio_zsector (|corr|=0.969 con current_ratio_zsector; pb_y(quick_ratio_zsector)=0.005 < pb_y(current_ratio_zsector)=0.008)
2026-03-19 12:13:27,797  INFO  [FeatureSelector/fundamental] Paso 2 — top-10 features por importancia RF:
2026-03-19 12:13:27,797  INFO  [FeatureSelector/fundamental]   Feature                              Importancia Peso norm.     pb_y
2026-03-19 12:13:27,797  INFO  [FeatureSelector/fundamental]   ----------------------------------- ------------ ---------- --------
2026-03-19 12:13:27,797  INFO  [FeatureSelector/fundamental]    1. roic_zsector                            0.0374     0.1101    0.054
2026-03-19 12:13:27,797  INFO  [FeatureSelector/fundamental]    2. debt_equity_zsector                     0.0373     0.1097    0.007
2026-03-19 12:13:27,797  INFO  [FeatureSelector/fundamental]    3. roi_zsector                             0.0363     0.1068    0.059
2026-03-19 12:13:27,797  INFO  [FeatureSelector/fundamental]    4. roic                                    0.0358     0.1055    0.054
2026-03-19 12:13:27,797  INFO  [FeatureSelector/fundamental]    5. roi                                     0.0348     0.1025    0.052
2026-03-19 12:13:27,797  INFO  [FeatureSelector/fundamental]    6. pe_ratio_zsector                        0.0333     0.0981    0.032
2026-03-19 12:13:27,797  INFO  [FeatureSelector/fundamental]    7. pb_ratio_zsector                        0.0325     0.0958    0.004
2026-03-19 12:13:27,797  INFO  [FeatureSelector/fundamental]    8. revenue_yoy_growth_zsector              0.0314     0.0923    0.018
2026-03-19 12:13:27,797  INFO  [FeatureSelector/fundamental]    9. operating_margin                        0.0306     0.0902    0.028
2026-03-19 12:13:27,797  INFO  [FeatureSelector/fundamental]   10. operating_income_yoy_growth             0.0302     0.0890    0.013
2026-03-19 12:13:27,797  INFO  [FeatureSelector/fundamental]   Descartadas por importancia baja (49): roe, roa, net_margin, gross_margin, fcf_margin, ebitda_margin, quick_ratio, debt_equity, debt_to_ebitda, interest_coverage, revenue_yoy_growth, net_income_yoy_growth, total_debt_yoy_growth, accruals_ratio, capex_to_revenue, consecutive_losses, eps, roe_zsector, roa_zsector, net_margin_zsector, gross_margin_zsector, fcf_margin_zsector, ebitda_margin_zsector, operating_margin_zsector, current_ratio_zsector, debt_to_ebitda_zsector, ev_to_ebitda_zsector, fcf_yield_zsector, net_income_yoy_growth_zsector, eps_yoy_growth_zsector, momentum_12m_zsector, volatility_20d_zsector, interest_coverage_zsector, sector_Aerospace, sector_Auto-Tires-Trucks, sector_Basic Materials, sector_Business Services, sector_Computer And Technology, sector_Conglomerates, sector_Construction, sector_Consumer Discretionary, sector_Consumer Staples, sector_Finance, sector_Industrial Products, sector_Medical, sector_Oils-Energy, sector_Retail-Wholesale, sector_Transportation, sector_Utilities
2026-03-19 12:13:27,797  INFO  [FeatureSelector/fundamental] Resumen: 62 features → corr_drop=3 → imp_drop=49 → 10 seleccionadas (top-10)
2026-03-19 12:13:36,057  INFO  [FundamentalAgent] CV AUC=0.4950 ± 0.0175
2026-03-19 12:13:40,357  INFO  [fundamental] Top-5 features: operating_margin=0.107 | operating_income_yoy_growth=0.104 | roi_zsector=0.104 | roic_zsector=0.102 | revenue_yoy_growth_zsector=0.099
2026-03-19 12:13:40,363  INFO  [fundamental] Diagnósticos → diagnostics_fold1.json
2026-03-19 12:13:40,364  INFO  [ValuationAgent] Entrenando — 2543 muestras
2026-03-19 12:13:40,848  INFO  [FeatureSelector/valuation] Paso 1 — correlación >95%: eliminadas 1 / 17 features
2026-03-19 12:13:40,848  INFO  [FeatureSelector/valuation]   ELIMINADA por corr: eps_reported (|corr|=0.994 con eps_est; pb_y(eps_reported)=0.007 < pb_y(eps_est)=0.009)
2026-03-19 12:13:41,250  INFO  [FeatureSelector/valuation] Paso 2 — top-10 features por importancia RF:
2026-03-19 12:13:41,250  INFO  [FeatureSelector/valuation]   Feature                              Importancia Peso norm.     pb_y
2026-03-19 12:13:41,251  INFO  [FeatureSelector/valuation]   ----------------------------------- ------------ ---------- --------
2026-03-19 12:13:41,251  INFO  [FeatureSelector/valuation]    1. ps_ratio                                0.0978     0.1347    0.027
2026-03-19 12:13:41,252  INFO  [FeatureSelector/valuation]    2. pb_sector_pct                           0.0938     0.1292    0.017
2026-03-19 12:13:41,252  INFO  [FeatureSelector/valuation]    3. pb_ratio                                0.0726     0.0999    0.023
2026-03-19 12:13:41,252  INFO  [FeatureSelector/valuation]    4. ev_to_ebitda                            0.0715     0.0984    0.008
2026-03-19 12:13:41,253  INFO  [FeatureSelector/valuation]    5. pe_sector_pct                           0.0713     0.0981    0.008
2026-03-19 12:13:41,253  INFO  [FeatureSelector/valuation]    6. eps_revision                            0.0705     0.0971    0.009
2026-03-19 12:13:41,254  INFO  [FeatureSelector/valuation]    7. pb_vs_5y_median                         0.0691     0.0952    0.001
2026-03-19 12:13:41,254  INFO  [FeatureSelector/valuation]    8. pe_ratio                                0.0616     0.0848    0.005
2026-03-19 12:13:41,254  INFO  [FeatureSelector/valuation]    9. eps_surprise_pct                        0.0602     0.0829    0.017
2026-03-19 12:13:41,255  INFO  [FeatureSelector/valuation]   10. ev_ebitda_vs_5y_median                  0.0577     0.0795    0.009
2026-03-19 12:13:41,255  INFO  [FeatureSelector/valuation]   Descartadas por importancia baja (6): fcf_yield, earnings_yield, pe_vs_5y_median, eps_est, ev_sector_pct, fcf_sector_pct
2026-03-19 12:13:41,256  INFO  [FeatureSelector/valuation] Resumen: 17 features → corr_drop=1 → imp_drop=6 → 10 seleccionadas (top-10)
2026-03-19 12:13:56,240  INFO  [ValuationAgent] CV AUC=0.4953 ± 0.0256
2026-03-19 12:19:32,893  INFO  ============================================================
2026-03-19 12:19:32,903  INFO    INICIANDO PIPELINE ML MULTI-AGENTE STOCK PICKER
2026-03-19 12:19:32,903  INFO  ============================================================
2026-03-19 12:19:32,903  INFO  PASO 1 — DESCARGANDO DATOS
2026-03-19 12:19:32,903  INFO    Tickers: 200
2026-03-19 12:19:33,264  INFO  Descargando precios (2021-01-01 → 2026-01-01)
2026-03-19 12:19:33,264  INFO  Ya hay 199 tickers actualizados
2026-03-19 12:19:38,338  ERROR  
1 Failed download:
2026-03-19 12:19:38,338  ERROR  ['BRK.B']: YFRateLimitError('Too Many Requests. Rate limited. Try after a while.')
2026-03-19 12:19:38,364  WARNING    [WARN] BRK.B: no se han obtenido datos
2026-03-19 12:19:38,365  INFO  Descarga completada.
2026-03-19 12:19:38,367  INFO  Descargando datos macro (VIX, S&P500, yields)
2026-03-19 12:19:38,434  INFO    vix cargado desde archivo
2026-03-19 12:19:38,443  INFO    sp500 cargado desde archivo
2026-03-19 12:19:38,449  INFO    t10y cargado desde archivo
2026-03-19 12:19:38,460  INFO    t2y cargado desde archivo
2026-03-19 12:19:38,484  INFO    yield_curve calculado
2026-03-19 12:19:38,531  INFO    sp500_momentum_3m y sp500_momentum_12m calculados
2026-03-19 12:19:38,609  INFO  Macro consolidado guardado
2026-03-19 12:19:38,642  INFO    (FORCE_DOWNLOAD=False — solo actualiza datos obsoletos)
2026-03-19 12:19:38,678  INFO  [DataRouter] companies.csv cargado: 6792 empresas — 17 sectores
2026-03-19 12:19:38,745  INFO  Tickers eliminados por falta de datos: {'HCA', 'T', 'SRE', 'D', 'BRK.B', 'O', 'COR', 'LHX', 'RCL', 'BK', 'KKR', 'USB', 'OKE', 'VLO', 'PCAR', 'SO', 'ECL', 'OXY', 'FANG', 'PNC', 'VZ', 'WMB'}
2026-03-19 12:19:38,746  INFO    BK: falta ['consolidated']
2026-03-19 12:19:38,746  INFO    BRK.B: falta ['prices', 'consolidated']
2026-03-19 12:19:38,747  INFO    COR: falta ['consolidated']
2026-03-19 12:19:38,747  INFO    D: falta ['consolidated']
2026-03-19 12:19:38,747  INFO    ECL: falta ['consolidated']
2026-03-19 12:19:38,748  INFO    FANG: falta ['consolidated']
2026-03-19 12:19:38,748  INFO    HCA: falta ['consolidated']
2026-03-19 12:19:38,748  INFO    KKR: falta ['consolidated']
2026-03-19 12:19:38,749  INFO    LHX: falta ['consolidated']
2026-03-19 12:19:38,749  INFO    O: falta ['consolidated']
2026-03-19 12:19:38,750  INFO    OKE: falta ['consolidated']
2026-03-19 12:19:38,750  INFO    OXY: falta ['consolidated']
2026-03-19 12:19:38,751  INFO    PCAR: falta ['consolidated']
2026-03-19 12:19:38,751  INFO    PNC: falta ['consolidated']
2026-03-19 12:19:38,751  INFO    RCL: falta ['consolidated']
2026-03-19 12:19:38,752  INFO    SO: falta ['consolidated']
2026-03-19 12:19:38,752  INFO    SRE: falta ['consolidated']
2026-03-19 12:19:38,754  INFO    T: falta ['consolidated']
2026-03-19 12:19:38,754  INFO    USB: falta ['consolidated']
2026-03-19 12:19:38,754  INFO    VLO: falta ['consolidated']
2026-03-19 12:19:38,755  INFO    VZ: falta ['consolidated']
2026-03-19 12:19:38,755  INFO    WMB: falta ['consolidated']
2026-03-19 12:19:38,756  INFO  Tickers con datos completos: 178 / 200
2026-03-19 12:19:38,756  INFO  Construyendo dataset maestro...
2026-03-19 12:20:08,203  INFO    Procesados 50/178 tickers — 935 observaciones
2026-03-19 12:20:34,713  INFO    Procesados 100/178 tickers — 1903 observaciones
2026-03-19 12:21:03,507  INFO    Procesados 150/178 tickers — 2914 observaciones
2026-03-19 12:21:19,417  INFO  Dataset maestro: 3487 observaciones — 176 tickers
2026-03-19 12:21:20,092  INFO  Dataset maestro: 3487 observaciones — 178 tickers
2026-03-19 12:21:20,486  INFO  [Visualizer] Rendimiento sectorial → sector_performance.png
2026-03-19 12:21:22,643  INFO  [Backtester] 4 folds generados | test=1Q | 4Y→4folds
2026-03-19 12:21:22,643  INFO  
============================================================
2026-03-19 12:21:22,643  INFO    FOLD 1 | Train: 2021-01-01 -> 2025-01-01 | Test: 2025-01-01 -> 2025-04-01
2026-03-19 12:21:22,645  INFO  ============================================================
2026-03-19 12:21:25,233  INFO  [FundamentalAgent] Entrenando — 2543 muestras
2026-03-19 12:21:25,673  INFO  [FeatureSelector/fundamental] Paso 1 — correlación >80%: eliminadas 10 / 62 features
2026-03-19 12:21:25,674  INFO  [FeatureSelector/fundamental]   ELIMINADA por corr: roa (|corr|=0.838 con roi; pb_y(roa)=0.039 < pb_y(roi)=0.052)
2026-03-19 12:21:25,674  INFO  [FeatureSelector/fundamental]   ELIMINADA por corr: roi (|corr|=0.865 con roi_zsector; pb_y(roi)=0.052 < pb_y(roi_zsector)=0.059)
2026-03-19 12:21:25,674  INFO  [FeatureSelector/fundamental]   ELIMINADA por corr: ebitda_margin (|corr|=0.876 con ebitda_margin_zsector; pb_y(ebitda_margin)=0.010 < pb_y(ebitda_margin_zsector)=0.022)
2026-03-19 12:21:25,674  INFO  [FeatureSelector/fundamental]   ELIMINADA por corr: current_ratio (|corr|=0.969 con quick_ratio; pb_y(current_ratio)=0.004 < pb_y(quick_ratio)=0.011)
2026-03-19 12:21:25,674  INFO  [FeatureSelector/fundamental]   ELIMINADA por corr: current_ratio_zsector (|corr|=0.853 con quick_ratio; pb_y(current_ratio_zsector)=0.008 < pb_y(quick_ratio)=0.011)
2026-03-19 12:21:25,674  INFO  [FeatureSelector/fundamental]   ELIMINADA por corr: quick_ratio_zsector (|corr|=0.874 con quick_ratio; pb_y(quick_ratio_zsector)=0.005 < pb_y(quick_ratio)=0.011)
2026-03-19 12:21:25,674  INFO  [FeatureSelector/fundamental]   ELIMINADA por corr: gross_margin (|corr|=0.821 con gross_margin_zsector; pb_y(gross_margin)=0.016 < pb_y(gross_margin_zsector)=0.027)
2026-03-19 12:21:25,674  INFO  [FeatureSelector/fundamental]   ELIMINADA por corr: roe (|corr|=0.929 con debt_equity; pb_y(roe)=0.001 < pb_y(debt_equity)=0.009)
2026-03-19 12:21:25,674  INFO  [FeatureSelector/fundamental]   ELIMINADA por corr: net_income_yoy_growth_zsector (|corr|=0.926 con eps_yoy_growth_zsector; pb_y(net_income_yoy_growth_zsector)=0.001 < pb_y(eps_yoy_growth_zsector)=0.005)
2026-03-19 12:21:25,674  INFO  [FeatureSelector/fundamental]   ELIMINADA por corr: eps_yoy_growth (|corr|=1.000 con eps; pb_y(eps_yoy_growth)=0.020 < pb_y(eps)=0.020)
2026-03-19 12:21:26,081  INFO  [FeatureSelector/fundamental] Paso 2 — top-10 features por importancia RF:
2026-03-19 12:21:26,081  INFO  [FeatureSelector/fundamental]   Feature                              Importancia Peso norm.     pb_y
2026-03-19 12:21:26,081  INFO  [FeatureSelector/fundamental]   ----------------------------------- ------------ ---------- --------
2026-03-19 12:21:26,081  INFO  [FeatureSelector/fundamental]    1. roi_zsector                             0.0568     0.1418    0.059
2026-03-19 12:21:26,081  INFO  [FeatureSelector/fundamental]    2. roic_zsector                            0.0473     0.1181    0.054
2026-03-19 12:21:26,081  INFO  [FeatureSelector/fundamental]    3. roic                                    0.0421     0.1050    0.054
2026-03-19 12:21:26,081  INFO  [FeatureSelector/fundamental]    4. operating_income_yoy_growth             0.0391     0.0975    0.013
2026-03-19 12:21:26,081  INFO  [FeatureSelector/fundamental]    5. pe_ratio_zsector                        0.0386     0.0965    0.032
2026-03-19 12:21:26,081  INFO  [FeatureSelector/fundamental]    6. gross_margin_zsector                    0.0364     0.0910    0.027
2026-03-19 12:21:26,081  INFO  [FeatureSelector/fundamental]    7. momentum_12m_zsector                    0.0356     0.0889    0.028
2026-03-19 12:21:26,081  INFO  [FeatureSelector/fundamental]    8. net_income_yoy_growth                   0.0352     0.0878    0.008
2026-03-19 12:21:26,081  INFO  [FeatureSelector/fundamental]    9. ev_to_ebitda_zsector                    0.0348     0.0869    0.001
2026-03-19 12:21:26,081  INFO  [FeatureSelector/fundamental]   10. operating_margin_zsector                0.0346     0.0865    0.044
2026-03-19 12:21:26,081  INFO  [FeatureSelector/fundamental]   Descartadas por importancia baja (42): net_margin, fcf_margin, operating_margin, quick_ratio, debt_equity, debt_to_ebitda, interest_coverage, revenue_yoy_growth, total_debt_yoy_growth, accruals_ratio, capex_to_revenue, consecutive_losses, eps, roe_zsector, roa_zsector, net_margin_zsector, fcf_margin_zsector, ebitda_margin_zsector, debt_equity_zsector, debt_to_ebitda_zsector, pb_ratio_zsector, fcf_yield_zsector, revenue_yoy_growth_zsector, eps_yoy_growth_zsector, volatility_20d_zsector, interest_coverage_zsector, sector_Aerospace, sector_Auto-Tires-Trucks, sector_Basic Materials, sector_Business Services, sector_Computer And Technology, sector_Conglomerates, sector_Construction, sector_Consumer Discretionary, sector_Consumer Staples, sector_Finance, sector_Industrial Products, sector_Medical, sector_Oils-Energy, sector_Retail-Wholesale, sector_Transportation, sector_Utilities
2026-03-19 12:21:26,081  INFO  [FeatureSelector/fundamental] Resumen: 62 features → corr_drop=10 → imp_drop=42 → 10 seleccionadas (top-10)
2026-03-19 12:21:32,006  INFO  [FundamentalAgent] CV AUC=0.4916 ± 0.0369
2026-03-19 12:21:35,400  INFO  [fundamental] Top-5 features: roic_zsector=0.104 | roi_zsector=0.104 | ev_to_ebitda_zsector=0.102 | gross_margin_zsector=0.100 | net_income_yoy_growth=0.100
2026-03-19 12:21:35,406  INFO  [fundamental] Diagnósticos → diagnostics_fold1.json
2026-03-19 12:21:35,407  INFO  [ValuationAgent] Entrenando — 2543 muestras
2026-03-19 12:21:35,851  INFO  [FeatureSelector/valuation] Paso 1 — correlación >80%: eliminadas 2 / 17 features
2026-03-19 12:21:35,851  INFO  [FeatureSelector/valuation]   ELIMINADA por corr: pe_ratio (|corr|=0.802 con pe_vs_5y_median; pb_y(pe_ratio)=0.005 < pb_y(pe_vs_5y_median)=0.012)
2026-03-19 12:21:35,851  INFO  [FeatureSelector/valuation]   ELIMINADA por corr: eps_reported (|corr|=0.994 con eps_est; pb_y(eps_reported)=0.007 < pb_y(eps_est)=0.009)
2026-03-19 12:21:36,228  INFO  [FeatureSelector/valuation] Paso 2 — top-10 features por importancia RF:
2026-03-19 12:21:36,228  INFO  [FeatureSelector/valuation]   Feature                              Importancia Peso norm.     pb_y
2026-03-19 12:21:36,231  INFO  [FeatureSelector/valuation]   ----------------------------------- ------------ ---------- --------
2026-03-19 12:21:36,231  INFO  [FeatureSelector/valuation]    1. pb_sector_pct                           0.1072     0.1377    0.017
2026-03-19 12:21:36,231  INFO  [FeatureSelector/valuation]    2. ps_ratio                                0.0921     0.1183    0.027
2026-03-19 12:21:36,231  INFO  [FeatureSelector/valuation]    3. pb_vs_5y_median                         0.0845     0.1086    0.001
2026-03-19 12:21:36,231  INFO  [FeatureSelector/valuation]    4. earnings_yield                          0.0839     0.1077    0.021
2026-03-19 12:21:36,231  INFO  [FeatureSelector/valuation]    5. eps_revision                            0.0784     0.1007    0.009
2026-03-19 12:21:36,231  INFO  [FeatureSelector/valuation]    6. eps_est                                 0.0714     0.0917    0.009
2026-03-19 12:21:36,231  INFO  [FeatureSelector/valuation]    7. eps_surprise_pct                        0.0697     0.0895    0.017
2026-03-19 12:21:36,231  INFO  [FeatureSelector/valuation]    8. ev_to_ebitda                            0.0678     0.0871    0.008
2026-03-19 12:21:36,231  INFO  [FeatureSelector/valuation]    9. pe_sector_pct                           0.0620     0.0796    0.008
2026-03-19 12:21:36,231  INFO  [FeatureSelector/valuation]   10. pe_vs_5y_median                         0.0615     0.0790    0.012
2026-03-19 12:21:36,231  INFO  [FeatureSelector/valuation]   Descartadas por importancia baja (5): pb_ratio, fcf_yield, ev_ebitda_vs_5y_median, ev_sector_pct, fcf_sector_pct
2026-03-19 12:21:36,231  INFO  [FeatureSelector/valuation] Resumen: 17 features → corr_drop=2 → imp_drop=5 → 10 seleccionadas (top-10)
2026-03-19 12:21:51,153  INFO  [ValuationAgent] CV AUC=0.4914 ± 0.0193
2026-03-19 12:22:06,727  INFO  [valuation] Top-5 features: pb_sector_pct=0.132 | ps_ratio=0.124 | eps_revision=0.122 | pb_vs_5y_median=0.106 | eps_surprise_pct=0.094
2026-03-19 12:22:06,755  INFO  [valuation] Diagnósticos → diagnostics_fold1.json
2026-03-19 12:22:06,759  INFO  [MomentumAgent] Entrenando — 2543 muestras
2026-03-19 12:22:07,043  INFO  [FeatureSelector/momentum] Paso 1 — correlación >80%: eliminadas 12 / 32 features
2026-03-19 12:22:07,043  INFO  [FeatureSelector/momentum]   ELIMINADA por corr: sma_50 (|corr|=0.896 con rsi_28; pb_y(sma_50)=0.070 < pb_y(rsi_28)=0.104)
2026-03-19 12:22:07,044  INFO  [FeatureSelector/momentum]   ELIMINADA por corr: rsi_28 (|corr|=0.940 con rsi_14; pb_y(rsi_28)=0.104 < pb_y(rsi_14)=0.122)
2026-03-19 12:22:07,044  INFO  [FeatureSelector/momentum]   ELIMINADA por corr: momentum_1m (|corr|=0.831 con rsi_14; pb_y(momentum_1m)=0.051 < pb_y(rsi_14)=0.122)
2026-03-19 12:22:07,045  INFO  [FeatureSelector/momentum]   ELIMINADA por corr: sma_20 (|corr|=0.857 con rsi_14; pb_y(sma_20)=0.092 < pb_y(rsi_14)=0.122)
2026-03-19 12:22:07,045  INFO  [FeatureSelector/momentum]   ELIMINADA por corr: sma_200 (|corr|=0.817 con momentum_3m; pb_y(sma_200)=0.018 < pb_y(momentum_3m)=0.021)
2026-03-19 12:22:07,046  INFO  [FeatureSelector/momentum]   ELIMINADA por corr: rsi_14 (|corr|=0.883 con bb_pct; pb_y(rsi_14)=0.122 < pb_y(bb_pct)=0.134)
2026-03-19 12:22:07,046  INFO  [FeatureSelector/momentum]   ELIMINADA por corr: vix (|corr|=0.816 con high_vix_regime; pb_y(vix)=0.002 < pb_y(high_vix_regime)=0.004)
2026-03-19 12:22:07,047  INFO  [FeatureSelector/momentum]   ELIMINADA por corr: momentum_12m (|corr|=0.883 con price_vs_52w_low; pb_y(momentum_12m)=0.007 < pb_y(price_vs_52w_low)=0.019)
2026-03-19 12:22:07,047  INFO  [FeatureSelector/momentum]   ELIMINADA por corr: macd_signal (|corr|=0.934 con macd; pb_y(macd_signal)=0.072 < pb_y(macd)=0.089)
2026-03-19 12:22:07,047  INFO  [FeatureSelector/momentum]   ELIMINADA por corr: momentum_quality (|corr|=0.861 con price_vs_52w_low; pb_y(momentum_quality)=0.017 < pb_y(price_vs_52w_low)=0.019)
2026-03-19 12:22:07,047  INFO  [FeatureSelector/momentum]   ELIMINADA por corr: inverted_yield_curve (|corr|=0.930 con yield_curve; pb_y(inverted_yield_curve)=0.113 < pb_y(yield_curve)=0.118)
2026-03-19 12:22:07,047  INFO  [FeatureSelector/momentum]   ELIMINADA por corr: volatility_60d (|corr|=0.858 con volatility_20d; pb_y(volatility_60d)=0.027 < pb_y(volatility_20d)=0.036)
2026-03-19 12:22:07,458  INFO  [FeatureSelector/momentum] Paso 2 — top-10 features por importancia RF:
2026-03-19 12:22:07,458  INFO  [FeatureSelector/momentum]   Feature                              Importancia Peso norm.     pb_y
2026-03-19 12:22:07,458  INFO  [FeatureSelector/momentum]   ----------------------------------- ------------ ---------- --------
2026-03-19 12:22:07,458  INFO  [FeatureSelector/momentum]    1. yield_curve                             0.2086     0.2434    0.118
2026-03-19 12:22:07,458  INFO  [FeatureSelector/momentum]    2. sp500_momentum_3m                       0.1213     0.1415    0.023
2026-03-19 12:22:07,466  INFO  [FeatureSelector/momentum]    3. bb_pct                                  0.0984     0.1147    0.134
2026-03-19 12:22:07,466  INFO  [FeatureSelector/momentum]    4. sp500_momentum_12m                      0.0832     0.0971    0.006
2026-03-19 12:22:07,466  INFO  [FeatureSelector/momentum]    5. macd                                    0.0746     0.0870    0.089
2026-03-19 12:22:07,466  INFO  [FeatureSelector/momentum]    6. volatility_20d                          0.0606     0.0707    0.036
2026-03-19 12:22:07,466  INFO  [FeatureSelector/momentum]    7. macd_hist                               0.0588     0.0686    0.062
2026-03-19 12:22:07,466  INFO  [FeatureSelector/momentum]    8. vol_ratio_20_50                         0.0575     0.0671    0.082
2026-03-19 12:22:07,466  INFO  [FeatureSelector/momentum]    9. momentum_3m                             0.0501     0.0585    0.021
2026-03-19 12:22:07,466  INFO  [FeatureSelector/momentum]   10. price_vs_52w_high                       0.0441     0.0514    0.027
2026-03-19 12:22:07,466  INFO  [FeatureSelector/momentum]   Descartadas por importancia baja (10): price_vs_52w_low, momentum_6m, atr_14, rsi_overbought, rsi_oversold, above_sma200, macd_bullish, cross_sma_20_50, vol_expansion, high_vix_regime
2026-03-19 12:22:07,466  INFO  [FeatureSelector/momentum] Resumen: 32 features → corr_drop=12 → imp_drop=10 → 10 seleccionadas (top-10)
2026-03-19 12:22:12,994  INFO  [MomentumAgent] CV AUC=0.7278 ± 0.0188
2026-03-19 12:23:33,742  INFO  ============================================================
2026-03-19 12:23:33,742  INFO    INICIANDO PIPELINE ML MULTI-AGENTE STOCK PICKER
2026-03-19 12:23:33,742  INFO  ============================================================
2026-03-19 12:23:33,742  INFO  PASO 1 — DESCARGANDO DATOS
2026-03-19 12:23:33,742  INFO    Tickers: 200
2026-03-19 12:23:34,138  INFO  Descargando precios (2021-01-01 → 2026-01-01)
2026-03-19 12:23:34,138  INFO  Ya hay 199 tickers actualizados
2026-03-19 12:23:39,292  ERROR  
1 Failed download:
2026-03-19 12:23:39,292  ERROR  ['BRK.B']: YFTzMissingError('possibly delisted; no timezone found')
2026-03-19 12:23:39,297  WARNING    [WARN] BRK.B: no se han obtenido datos
2026-03-19 12:23:39,297  INFO  Descarga completada.
2026-03-19 12:23:39,297  INFO  Descargando datos macro (VIX, S&P500, yields)
2026-03-19 12:23:39,327  INFO    vix cargado desde archivo
2026-03-19 12:23:39,336  INFO    sp500 cargado desde archivo
2026-03-19 12:23:39,346  INFO    t10y cargado desde archivo
2026-03-19 12:23:39,355  INFO    t2y cargado desde archivo
2026-03-19 12:23:39,373  INFO    yield_curve calculado
2026-03-19 12:23:39,427  INFO    sp500_momentum_3m y sp500_momentum_12m calculados
2026-03-19 12:23:39,514  INFO  Macro consolidado guardado
2026-03-19 12:23:39,566  INFO    (FORCE_DOWNLOAD=False — solo actualiza datos obsoletos)
2026-03-19 12:23:39,627  INFO  [DataRouter] companies.csv cargado: 6792 empresas — 17 sectores
2026-03-19 12:23:39,698  INFO  Tickers eliminados por falta de datos: {'VLO', 'T', 'LHX', 'ECL', 'RCL', 'O', 'PNC', 'KKR', 'BK', 'BRK.B', 'COR', 'SRE', 'FANG', 'WMB', 'D', 'OXY', 'SO', 'OKE', 'VZ', 'PCAR', 'HCA', 'USB'}
2026-03-19 12:23:39,708  INFO    BK: falta ['consolidated']
2026-03-19 12:23:39,708  INFO    BRK.B: falta ['prices', 'consolidated']
2026-03-19 12:23:39,708  INFO    COR: falta ['consolidated']
2026-03-19 12:23:39,708  INFO    D: falta ['consolidated']
2026-03-19 12:23:39,708  INFO    ECL: falta ['consolidated']
2026-03-19 12:23:39,708  INFO    FANG: falta ['consolidated']
2026-03-19 12:23:39,711  INFO    HCA: falta ['consolidated']
2026-03-19 12:23:39,711  INFO    KKR: falta ['consolidated']
2026-03-19 12:23:39,712  INFO    LHX: falta ['consolidated']
2026-03-19 12:23:39,712  INFO    O: falta ['consolidated']
2026-03-19 12:23:39,713  INFO    OKE: falta ['consolidated']
2026-03-19 12:23:39,714  INFO    OXY: falta ['consolidated']
2026-03-19 12:23:39,714  INFO    PCAR: falta ['consolidated']
2026-03-19 12:23:39,714  INFO    PNC: falta ['consolidated']
2026-03-19 12:23:39,714  INFO    RCL: falta ['consolidated']
2026-03-19 12:23:39,714  INFO    SO: falta ['consolidated']
2026-03-19 12:23:39,714  INFO    SRE: falta ['consolidated']
2026-03-19 12:23:39,714  INFO    T: falta ['consolidated']
2026-03-19 12:23:39,714  INFO    USB: falta ['consolidated']
2026-03-19 12:23:39,714  INFO    VLO: falta ['consolidated']
2026-03-19 12:23:39,714  INFO    VZ: falta ['consolidated']
2026-03-19 12:23:39,714  INFO    WMB: falta ['consolidated']
2026-03-19 12:23:39,714  INFO  Tickers con datos completos: 178 / 200
2026-03-19 12:23:39,714  INFO  Construyendo dataset maestro...
2026-03-19 12:24:10,307  INFO    Procesados 50/178 tickers — 935 observaciones
2026-03-19 12:24:39,033  INFO    Procesados 100/178 tickers — 1903 observaciones
2026-03-19 12:25:07,913  INFO    Procesados 150/178 tickers — 2914 observaciones
2026-03-19 12:25:24,624  INFO  Dataset maestro: 3487 observaciones — 176 tickers
2026-03-19 12:25:25,322  INFO  Dataset maestro: 3487 observaciones — 178 tickers
2026-03-19 12:25:25,721  INFO  [Visualizer] Rendimiento sectorial → sector_performance.png
2026-03-19 12:25:28,412  INFO  [Backtester] 4 folds generados | test=1Q | 4Y→4folds
2026-03-19 12:25:28,413  INFO  
============================================================
2026-03-19 12:25:28,414  INFO    FOLD 1 | Train: 2021-01-01 -> 2025-01-01 | Test: 2025-01-01 -> 2025-04-01
2026-03-19 12:25:28,414  INFO  ============================================================
2026-03-19 12:25:31,370  INFO  [FundamentalAgent] Entrenando — 2543 muestras
2026-03-19 12:25:31,880  INFO  [FeatureSelector/fundamental] Paso 1 — correlación >80%: eliminadas 10 / 62 features
2026-03-19 12:25:31,880  INFO  [FeatureSelector/fundamental]   ELIMINADA por corr: roa (|corr|=0.838 con roi; pb_y(roa)=0.039 < pb_y(roi)=0.052)
2026-03-19 12:25:31,880  INFO  [FeatureSelector/fundamental]   ELIMINADA por corr: roi (|corr|=0.865 con roi_zsector; pb_y(roi)=0.052 < pb_y(roi_zsector)=0.059)
2026-03-19 12:25:31,880  INFO  [FeatureSelector/fundamental]   ELIMINADA por corr: ebitda_margin (|corr|=0.876 con ebitda_margin_zsector; pb_y(ebitda_margin)=0.010 < pb_y(ebitda_margin_zsector)=0.022)
2026-03-19 12:25:31,880  INFO  [FeatureSelector/fundamental]   ELIMINADA por corr: current_ratio (|corr|=0.969 con quick_ratio; pb_y(current_ratio)=0.004 < pb_y(quick_ratio)=0.011)
2026-03-19 12:25:31,880  INFO  [FeatureSelector/fundamental]   ELIMINADA por corr: current_ratio_zsector (|corr|=0.853 con quick_ratio; pb_y(current_ratio_zsector)=0.008 < pb_y(quick_ratio)=0.011)
2026-03-19 12:25:31,880  INFO  [FeatureSelector/fundamental]   ELIMINADA por corr: quick_ratio_zsector (|corr|=0.874 con quick_ratio; pb_y(quick_ratio_zsector)=0.005 < pb_y(quick_ratio)=0.011)
2026-03-19 12:25:31,880  INFO  [FeatureSelector/fundamental]   ELIMINADA por corr: gross_margin (|corr|=0.821 con gross_margin_zsector; pb_y(gross_margin)=0.016 < pb_y(gross_margin_zsector)=0.027)
2026-03-19 12:25:31,880  INFO  [FeatureSelector/fundamental]   ELIMINADA por corr: roe (|corr|=0.929 con debt_equity; pb_y(roe)=0.001 < pb_y(debt_equity)=0.009)
2026-03-19 12:25:31,880  INFO  [FeatureSelector/fundamental]   ELIMINADA por corr: net_income_yoy_growth_zsector (|corr|=0.926 con eps_yoy_growth_zsector; pb_y(net_income_yoy_growth_zsector)=0.001 < pb_y(eps_yoy_growth_zsector)=0.005)
2026-03-19 12:25:31,880  INFO  [FeatureSelector/fundamental]   ELIMINADA por corr: eps_yoy_growth (|corr|=1.000 con eps; pb_y(eps_yoy_growth)=0.020 < pb_y(eps)=0.020)
2026-03-19 12:25:31,886  INFO  [FeatureSelector/fundamental]   [diag] Correlaciones entre features con raíz común (supervivientes):
2026-03-19 12:25:31,887  INFO  [FeatureSelector/fundamental]   [diag]   roic ↔ roic_zsector: |corr|=0.773
2026-03-19 12:25:31,887  INFO  [FeatureSelector/fundamental]   [diag]   net_margin ↔ net_margin_zsector: |corr|=0.693
2026-03-19 12:25:31,887  INFO  [FeatureSelector/fundamental]   [diag]   fcf_margin ↔ fcf_margin_zsector: |corr|=0.695
2026-03-19 12:25:31,887  INFO  [FeatureSelector/fundamental]   [diag]   operating_margin ↔ operating_margin_zsector: |corr|=0.418
2026-03-19 12:25:31,892  INFO  [FeatureSelector/fundamental]   [diag]   debt_equity ↔ debt_equity_zsector: |corr|=0.718
2026-03-19 12:25:31,892  INFO  [FeatureSelector/fundamental]   [diag]   debt_to_ebitda ↔ debt_to_ebitda_zsector: |corr|=0.702
2026-03-19 12:25:31,893  INFO  [FeatureSelector/fundamental]   [diag]   interest_coverage ↔ interest_coverage_zsector: |corr|=0.738
2026-03-19 12:25:31,894  INFO  [FeatureSelector/fundamental]   [diag]   revenue_yoy_growth ↔ revenue_yoy_growth_zsector: |corr|=0.247
2026-03-19 12:25:31,894  INFO  [FeatureSelector/fundamental]   [diag]   eps ↔ eps_yoy_growth_zsector: |corr|=0.242
2026-03-19 12:25:32,400  INFO  [FeatureSelector/fundamental] Paso 2 — top-10 features por importancia RF:
2026-03-19 12:25:32,400  INFO  [FeatureSelector/fundamental]   Feature                              Importancia Peso norm.     pb_y
2026-03-19 12:25:32,401  INFO  [FeatureSelector/fundamental]   ----------------------------------- ------------ ---------- --------
2026-03-19 12:25:32,401  INFO  [FeatureSelector/fundamental]    1. roi_zsector                             0.0568     0.1418    0.059
2026-03-19 12:25:32,402  INFO  [FeatureSelector/fundamental]    2. roic_zsector                            0.0473     0.1181    0.054
2026-03-19 12:25:32,402  INFO  [FeatureSelector/fundamental]    3. roic                                    0.0421     0.1050    0.054
2026-03-19 12:25:32,403  INFO  [FeatureSelector/fundamental]    4. operating_income_yoy_growth             0.0391     0.0975    0.013
2026-03-19 12:25:32,404  INFO  [FeatureSelector/fundamental]    5. pe_ratio_zsector                        0.0386     0.0965    0.032
2026-03-19 12:25:32,405  INFO  [FeatureSelector/fundamental]    6. gross_margin_zsector                    0.0364     0.0910    0.027
2026-03-19 12:25:32,406  INFO  [FeatureSelector/fundamental]    7. momentum_12m_zsector                    0.0356     0.0889    0.028
2026-03-19 12:25:32,407  INFO  [FeatureSelector/fundamental]    8. net_income_yoy_growth                   0.0352     0.0878    0.008
2026-03-19 12:25:32,408  INFO  [FeatureSelector/fundamental]    9. ev_to_ebitda_zsector                    0.0348     0.0869    0.001
2026-03-19 12:25:32,409  INFO  [FeatureSelector/fundamental]   10. operating_margin_zsector                0.0346     0.0865    0.044
2026-03-19 12:25:32,409  INFO  [FeatureSelector/fundamental]   Descartadas por importancia baja (42): net_margin, fcf_margin, operating_margin, quick_ratio, debt_equity, debt_to_ebitda, interest_coverage, revenue_yoy_growth, total_debt_yoy_growth, accruals_ratio, capex_to_revenue, consecutive_losses, eps, roe_zsector, roa_zsector, net_margin_zsector, fcf_margin_zsector, ebitda_margin_zsector, debt_equity_zsector, debt_to_ebitda_zsector, pb_ratio_zsector, fcf_yield_zsector, revenue_yoy_growth_zsector, eps_yoy_growth_zsector, volatility_20d_zsector, interest_coverage_zsector, sector_Aerospace, sector_Auto-Tires-Trucks, sector_Basic Materials, sector_Business Services, sector_Computer And Technology, sector_Conglomerates, sector_Construction, sector_Consumer Discretionary, sector_Consumer Staples, sector_Finance, sector_Industrial Products, sector_Medical, sector_Oils-Energy, sector_Retail-Wholesale, sector_Transportation, sector_Utilities
2026-03-19 12:25:32,409  INFO  [FeatureSelector/fundamental] Resumen: 62 features → corr_drop=10 → imp_drop=42 → 10 seleccionadas (top-10)
2026-03-19 12:25:38,775  INFO  [FundamentalAgent] CV AUC=0.4916 ± 0.0369
2026-03-19 12:25:42,884  INFO  [fundamental] Top-5 features: roic_zsector=0.104 | roi_zsector=0.104 | ev_to_ebitda_zsector=0.102 | gross_margin_zsector=0.100 | net_income_yoy_growth=0.100
2026-03-19 12:25:42,896  INFO  [fundamental] Diagnósticos → diagnostics_fold1.json
2026-03-19 12:25:42,898  INFO  [ValuationAgent] Entrenando — 2543 muestras
2026-03-19 12:25:43,476  INFO  [FeatureSelector/valuation] Paso 1 — correlación >80%: eliminadas 2 / 17 features
2026-03-19 12:25:43,476  INFO  [FeatureSelector/valuation]   ELIMINADA por corr: pe_ratio (|corr|=0.802 con pe_vs_5y_median; pb_y(pe_ratio)=0.005 < pb_y(pe_vs_5y_median)=0.012)
2026-03-19 12:25:43,476  INFO  [FeatureSelector/valuation]   ELIMINADA por corr: eps_reported (|corr|=0.994 con eps_est; pb_y(eps_reported)=0.007 < pb_y(eps_est)=0.009)
2026-03-19 12:25:43,926  INFO  [FeatureSelector/valuation] Paso 2 — top-10 features por importancia RF:
2026-03-19 12:25:43,926  INFO  [FeatureSelector/valuation]   Feature                              Importancia Peso norm.     pb_y
2026-03-19 12:25:43,926  INFO  [FeatureSelector/valuation]   ----------------------------------- ------------ ---------- --------
2026-03-19 12:25:43,926  INFO  [FeatureSelector/valuation]    1. pb_sector_pct                           0.1072     0.1377    0.017
2026-03-19 12:25:43,926  INFO  [FeatureSelector/valuation]    2. ps_ratio                                0.0921     0.1183    0.027
2026-03-19 12:25:43,929  INFO  [FeatureSelector/valuation]    3. pb_vs_5y_median                         0.0845     0.1086    0.001
2026-03-19 12:25:43,929  INFO  [FeatureSelector/valuation]    4. earnings_yield                          0.0839     0.1077    0.021
2026-03-19 12:25:43,929  INFO  [FeatureSelector/valuation]    5. eps_revision                            0.0784     0.1007    0.009
2026-03-19 12:25:43,929  INFO  [FeatureSelector/valuation]    6. eps_est                                 0.0714     0.0917    0.009
2026-03-19 12:25:43,929  INFO  [FeatureSelector/valuation]    7. eps_surprise_pct                        0.0697     0.0895    0.017
2026-03-19 12:25:43,929  INFO  [FeatureSelector/valuation]    8. ev_to_ebitda                            0.0678     0.0871    0.008
2026-03-19 12:25:43,929  INFO  [FeatureSelector/valuation]    9. pe_sector_pct                           0.0620     0.0796    0.008
2026-03-19 12:25:43,929  INFO  [FeatureSelector/valuation]   10. pe_vs_5y_median                         0.0615     0.0790    0.012
2026-03-19 12:25:43,929  INFO  [FeatureSelector/valuation]   Descartadas por importancia baja (5): pb_ratio, fcf_yield, ev_ebitda_vs_5y_median, ev_sector_pct, fcf_sector_pct
2026-03-19 12:25:43,929  INFO  [FeatureSelector/valuation] Resumen: 17 features → corr_drop=2 → imp_drop=5 → 10 seleccionadas (top-10)
2026-03-19 12:25:59,350  INFO  [ValuationAgent] CV AUC=0.4914 ± 0.0193
2026-03-19 12:26:14,042  INFO  [valuation] Top-5 features: pb_sector_pct=0.132 | ps_ratio=0.124 | eps_revision=0.122 | pb_vs_5y_median=0.106 | eps_surprise_pct=0.094
2026-03-19 12:26:14,074  INFO  [valuation] Diagnósticos → diagnostics_fold1.json
2026-03-19 12:26:14,074  INFO  [MomentumAgent] Entrenando — 2543 muestras
2026-03-19 12:26:14,279  INFO  [FeatureSelector/momentum] Paso 1 — correlación >80%: eliminadas 12 / 32 features
2026-03-19 12:26:14,279  INFO  [FeatureSelector/momentum]   ELIMINADA por corr: sma_50 (|corr|=0.896 con rsi_28; pb_y(sma_50)=0.070 < pb_y(rsi_28)=0.104)
2026-03-19 12:26:14,279  INFO  [FeatureSelector/momentum]   ELIMINADA por corr: rsi_28 (|corr|=0.940 con rsi_14; pb_y(rsi_28)=0.104 < pb_y(rsi_14)=0.122)
2026-03-19 12:26:14,279  INFO  [FeatureSelector/momentum]   ELIMINADA por corr: momentum_1m (|corr|=0.831 con rsi_14; pb_y(momentum_1m)=0.051 < pb_y(rsi_14)=0.122)
2026-03-19 12:26:14,279  INFO  [FeatureSelector/momentum]   ELIMINADA por corr: sma_20 (|corr|=0.857 con rsi_14; pb_y(sma_20)=0.092 < pb_y(rsi_14)=0.122)
2026-03-19 12:26:14,279  INFO  [FeatureSelector/momentum]   ELIMINADA por corr: sma_200 (|corr|=0.817 con momentum_3m; pb_y(sma_200)=0.018 < pb_y(momentum_3m)=0.021)
2026-03-19 12:26:14,279  INFO  [FeatureSelector/momentum]   ELIMINADA por corr: rsi_14 (|corr|=0.883 con bb_pct; pb_y(rsi_14)=0.122 < pb_y(bb_pct)=0.134)
2026-03-19 12:26:14,279  INFO  [FeatureSelector/momentum]   ELIMINADA por corr: vix (|corr|=0.816 con high_vix_regime; pb_y(vix)=0.002 < pb_y(high_vix_regime)=0.004)
2026-03-19 12:26:14,279  INFO  [FeatureSelector/momentum]   ELIMINADA por corr: momentum_12m (|corr|=0.883 con price_vs_52w_low; pb_y(momentum_12m)=0.007 < pb_y(price_vs_52w_low)=0.019)
2026-03-19 12:26:14,279  INFO  [FeatureSelector/momentum]   ELIMINADA por corr: macd_signal (|corr|=0.934 con macd; pb_y(macd_signal)=0.072 < pb_y(macd)=0.089)
2026-03-19 12:26:14,279  INFO  [FeatureSelector/momentum]   ELIMINADA por corr: momentum_quality (|corr|=0.861 con price_vs_52w_low; pb_y(momentum_quality)=0.017 < pb_y(price_vs_52w_low)=0.019)
2026-03-19 12:26:14,285  INFO  [FeatureSelector/momentum]   ELIMINADA por corr: inverted_yield_curve (|corr|=0.930 con yield_curve; pb_y(inverted_yield_curve)=0.113 < pb_y(yield_curve)=0.118)
2026-03-19 12:26:14,285  INFO  [FeatureSelector/momentum]   ELIMINADA por corr: volatility_60d (|corr|=0.858 con volatility_20d; pb_y(volatility_60d)=0.027 < pb_y(volatility_20d)=0.036)
2026-03-19 12:26:14,667  INFO  [FeatureSelector/momentum] Paso 2 — top-10 features por importancia RF:
2026-03-19 12:26:14,667  INFO  [FeatureSelector/momentum]   Feature                              Importancia Peso norm.     pb_y
2026-03-19 12:26:14,667  INFO  [FeatureSelector/momentum]   ----------------------------------- ------------ ---------- --------
2026-03-19 12:26:14,667  INFO  [FeatureSelector/momentum]    1. yield_curve                             0.2086     0.2434    0.118
2026-03-19 12:26:14,667  INFO  [FeatureSelector/momentum]    2. sp500_momentum_3m                       0.1213     0.1415    0.023
2026-03-19 12:26:14,667  INFO  [FeatureSelector/momentum]    3. bb_pct                                  0.0984     0.1147    0.134
2026-03-19 12:26:14,667  INFO  [FeatureSelector/momentum]    4. sp500_momentum_12m                      0.0832     0.0971    0.006
2026-03-19 12:26:14,667  INFO  [FeatureSelector/momentum]    5. macd                                    0.0746     0.0870    0.089
2026-03-19 12:26:14,667  INFO  [FeatureSelector/momentum]    6. volatility_20d                          0.0606     0.0707    0.036
2026-03-19 12:26:14,667  INFO  [FeatureSelector/momentum]    7. macd_hist                               0.0588     0.0686    0.062
2026-03-19 12:26:14,667  INFO  [FeatureSelector/momentum]    8. vol_ratio_20_50                         0.0575     0.0671    0.082
2026-03-19 12:26:14,667  INFO  [FeatureSelector/momentum]    9. momentum_3m                             0.0501     0.0585    0.021
2026-03-19 12:26:14,667  INFO  [FeatureSelector/momentum]   10. price_vs_52w_high                       0.0441     0.0514    0.027
2026-03-19 12:26:14,667  INFO  [FeatureSelector/momentum]   Descartadas por importancia baja (10): price_vs_52w_low, momentum_6m, atr_14, rsi_overbought, rsi_oversold, above_sma200, macd_bullish, cross_sma_20_50, vol_expansion, high_vix_regime
2026-03-19 12:26:14,667  INFO  [FeatureSelector/momentum] Resumen: 32 features → corr_drop=12 → imp_drop=10 → 10 seleccionadas (top-10)
2026-03-19 12:26:20,141  INFO  [MomentumAgent] CV AUC=0.7278 ± 0.0188
2026-03-19 12:26:26,008  INFO  [momentum] Top-5 features: yield_curve=0.178 | sp500_momentum_3m=0.152 | bb_pct=0.110 | sp500_momentum_12m=0.098 | volatility_20d=0.094
2026-03-19 12:26:26,016  INFO  [momentum] Diagnósticos → diagnostics_fold1.json
2026-03-19 12:26:26,018  INFO  [BearAgent] Entrenando — 2543 muestras
2026-03-19 12:26:26,194  INFO  [FeatureSelector/bear] Paso 1 — correlación >80%: eliminadas 1 / 20 features
2026-03-19 12:26:26,195  INFO  [FeatureSelector/bear]   ELIMINADA por corr: insider_sell_ratio (|corr|=0.840 con insider_selling; pb_y(insider_sell_ratio)=0.011 < pb_y(insider_selling)=0.031)
2026-03-19 12:26:26,617  INFO  [FeatureSelector/bear] Paso 2 — top-10 features por importancia RF:
2026-03-19 12:26:26,618  INFO  [FeatureSelector/bear]   Feature                              Importancia Peso norm.     pb_y
2026-03-19 12:26:26,618  INFO  [FeatureSelector/bear]   ----------------------------------- ------------ ---------- --------
2026-03-19 12:26:26,619  INFO  [FeatureSelector/bear]    1. eps_surprise_pct                        0.1987     0.2101    0.000
2026-03-19 12:26:26,619  INFO  [FeatureSelector/bear]    2. eps_revision                            0.1224     0.1295    0.039
2026-03-19 12:26:26,620  INFO  [FeatureSelector/bear]    3. debt_equity                             0.0973     0.1029    0.009
2026-03-19 12:26:26,620  INFO  [FeatureSelector/bear]    4. total_debt_yoy_growth                   0.0955     0.1010    0.007
2026-03-19 12:26:26,620  INFO  [FeatureSelector/bear]    5. debt_to_ebitda                          0.0947     0.1001    0.027
2026-03-19 12:26:26,621  INFO  [FeatureSelector/bear]    6. current_ratio                           0.0869     0.0919    0.013
2026-03-19 12:26:26,621  INFO  [FeatureSelector/bear]    7. interest_coverage                       0.0849     0.0897    0.012
2026-03-19 12:26:26,622  INFO  [FeatureSelector/bear]    8. insider_net_shares_90d                  0.0728     0.0770    0.001
2026-03-19 12:26:26,622  INFO  [FeatureSelector/bear]    9. fcf                                     0.0666     0.0704    0.061
2026-03-19 12:26:26,622  INFO  [FeatureSelector/bear]   10. eps_miss                                0.0259     0.0274    0.069
2026-03-19 12:26:26,623  INFO  [FeatureSelector/bear]   Descartadas por importancia baja (9): consecutive_losses, revenue_decline, debt_growth_high, debt_equity_high, debt_ebitda_high, fcf_negative, low_coverage, liquidity_risk, insider_selling
2026-03-19 12:26:26,624  INFO  [FeatureSelector/bear] Resumen: 20 features → corr_drop=1 → imp_drop=9 → 10 seleccionadas (top-10)
2026-03-19 12:26:30,415  INFO  [BearAgent] CV AUC=0.5705 ± 0.0153
2026-03-19 12:26:34,134  INFO  [bear] Top-5 features: eps_surprise_pct=0.196 | debt_equity=0.129 | total_debt_yoy_growth=0.115 | current_ratio=0.115 | interest_coverage=0.113
2026-03-19 12:26:34,155  INFO  [bear] Diagnósticos → diagnostics_fold1.json
2026-03-19 12:26:34,158  INFO  [BearAgent] Flag report → flag_report_fold1.json
2026-03-19 12:26:34,390  INFO  [bear] Explainer SHAP listo (TreeExplainer, 100 background)
2026-03-19 12:26:34,847  INFO  [bear] Importancia SHAP global -> shap_global_fold1.csv
2026-03-19 12:26:34,855  INFO  [FundamentalAgent] Entrenando — 1695 muestras
2026-03-19 12:26:35,287  INFO  [FeatureSelector/fundamental] Paso 1 — correlación >80%: eliminadas 11 / 62 features
2026-03-19 12:26:35,287  INFO  [FeatureSelector/fundamental]   ELIMINADA por corr: roa (|corr|=0.841 con roi; pb_y(roa)=0.002 < pb_y(roi)=0.008)
2026-03-19 12:26:35,287  INFO  [FeatureSelector/fundamental]   ELIMINADA por corr: roi (|corr|=0.871 con roi_zsector; pb_y(roi)=0.008 < pb_y(roi_zsector)=0.011)
2026-03-19 12:26:35,287  INFO  [FeatureSelector/fundamental]   ELIMINADA por corr: ebitda_margin_zsector (|corr|=0.879 con ebitda_margin; pb_y(ebitda_margin_zsector)=0.009 < pb_y(ebitda_margin)=0.027)
2026-03-19 12:26:35,287  INFO  [FeatureSelector/fundamental]   ELIMINADA por corr: quick_ratio (|corr|=0.977 con current_ratio; pb_y(quick_ratio)=0.003 < pb_y(current_ratio)=0.006)
2026-03-19 12:26:35,287  INFO  [FeatureSelector/fundamental]   ELIMINADA por corr: current_ratio (|corr|=0.882 con current_ratio_zsector; pb_y(current_ratio)=0.006 < pb_y(current_ratio_zsector)=0.011)
2026-03-19 12:26:35,287  INFO  [FeatureSelector/fundamental]   ELIMINADA por corr: quick_ratio_zsector (|corr|=0.972 con current_ratio_zsector; pb_y(quick_ratio_zsector)=0.002 < pb_y(current_ratio_zsector)=0.011)
2026-03-19 12:26:35,287  INFO  [FeatureSelector/fundamental]   ELIMINADA por corr: gross_margin_zsector (|corr|=0.832 con gross_margin; pb_y(gross_margin_zsector)=0.002 < pb_y(gross_margin)=0.011)
2026-03-19 12:26:35,287  INFO  [FeatureSelector/fundamental]   ELIMINADA por corr: eps_yoy_growth (|corr|=0.990 con net_income_yoy_growth; pb_y(eps_yoy_growth)=0.001 < pb_y(net_income_yoy_growth)=0.003)
2026-03-19 12:26:35,287  INFO  [FeatureSelector/fundamental]   ELIMINADA por corr: net_income_yoy_growth_zsector (|corr|=0.837 con net_income_yoy_growth; pb_y(net_income_yoy_growth_zsector)=0.000 < pb_y(net_income_yoy_growth)=0.003)
2026-03-19 12:26:35,287  INFO  [FeatureSelector/fundamental]   ELIMINADA por corr: eps_yoy_growth_zsector (|corr|=0.826 con net_income_yoy_growth; pb_y(eps_yoy_growth_zsector)=0.002 < pb_y(net_income_yoy_growth)=0.003)
2026-03-19 12:26:35,287  INFO  [FeatureSelector/fundamental]   ELIMINADA por corr: debt_equity (|corr|=0.915 con roe; pb_y(debt_equity)=0.025 < pb_y(roe)=0.037)
2026-03-19 12:26:35,287  INFO  [FeatureSelector/fundamental]   [diag] Correlaciones entre features con raíz común (supervivientes):
2026-03-19 12:26:35,287  INFO  [FeatureSelector/fundamental]   [diag]   roe ↔ roe_zsector: |corr|=0.667
2026-03-19 12:26:35,294  INFO  [FeatureSelector/fundamental]   [diag]   roic ↔ roic_zsector: |corr|=0.782
2026-03-19 12:26:35,294  INFO  [FeatureSelector/fundamental]   [diag]   net_margin ↔ net_margin_zsector: |corr|=0.593
2026-03-19 12:26:35,295  INFO  [FeatureSelector/fundamental]   [diag]   fcf_margin ↔ fcf_margin_zsector: |corr|=0.678
2026-03-19 12:26:35,296  INFO  [FeatureSelector/fundamental]   [diag]   operating_margin ↔ operating_margin_zsector: |corr|=0.345
2026-03-19 12:26:35,296  INFO  [FeatureSelector/fundamental]   [diag]   debt_to_ebitda ↔ debt_to_ebitda_zsector: |corr|=0.725
2026-03-19 12:26:35,297  INFO  [FeatureSelector/fundamental]   [diag]   interest_coverage ↔ interest_coverage_zsector: |corr|=0.761
2026-03-19 12:26:35,297  INFO  [FeatureSelector/fundamental]   [diag]   revenue_yoy_growth ↔ revenue_yoy_growth_zsector: |corr|=0.216
2026-03-19 12:26:35,682  INFO  [FeatureSelector/fundamental] Paso 2 — top-10 features por importancia RF:
2026-03-19 12:26:35,682  INFO  [FeatureSelector/fundamental]   Feature                              Importancia Peso norm.     pb_y
2026-03-19 12:26:35,683  INFO  [FeatureSelector/fundamental]   ----------------------------------- ------------ ---------- --------
2026-03-19 12:26:35,683  INFO  [FeatureSelector/fundamental]    1. total_debt_yoy_growth                   0.0544     0.1334    0.032
2026-03-19 12:26:35,684  INFO  [FeatureSelector/fundamental]    2. roic_zsector                            0.0478     0.1172    0.022
2026-03-19 12:26:35,684  INFO  [FeatureSelector/fundamental]    3. revenue_yoy_growth                      0.0453     0.1113    0.021
2026-03-19 12:26:35,685  INFO  [FeatureSelector/fundamental]    4. interest_coverage                       0.0436     0.1069    0.034
2026-03-19 12:26:35,685  INFO  [FeatureSelector/fundamental]    5. roic                                    0.0376     0.0923    0.024
2026-03-19 12:26:35,685  INFO  [FeatureSelector/fundamental]    6. debt_equity_zsector                     0.0376     0.0922    0.004
2026-03-19 12:26:35,685  INFO  [FeatureSelector/fundamental]    7. roe_zsector                             0.0358     0.0878    0.002
2026-03-19 12:26:35,686  INFO  [FeatureSelector/fundamental]    8. ebitda_margin                           0.0355     0.0870    0.027
2026-03-19 12:26:35,686  INFO  [FeatureSelector/fundamental]    9. gross_margin                            0.0352     0.0864    0.011
2026-03-19 12:26:35,686  INFO  [FeatureSelector/fundamental]   10. volatility_20d_zsector                  0.0348     0.0855    0.032
2026-03-19 12:26:35,686  INFO  [FeatureSelector/fundamental]   Descartadas por importancia baja (41): roe, net_margin, fcf_margin, operating_margin, debt_to_ebitda, net_income_yoy_growth, operating_income_yoy_growth, accruals_ratio, capex_to_revenue, consecutive_losses, eps, roa_zsector, roi_zsector, net_margin_zsector, fcf_margin_zsector, operating_margin_zsector, current_ratio_zsector, debt_to_ebitda_zsector, pe_ratio_zsector, pb_ratio_zsector, ev_to_ebitda_zsector, fcf_yield_zsector, revenue_yoy_growth_zsector, momentum_12m_zsector, interest_coverage_zsector, sector_Aerospace, sector_Auto-Tires-Trucks, sector_Basic Materials, sector_Business Services, sector_Computer And Technology, sector_Conglomerates, sector_Construction, sector_Consumer Discretionary, sector_Consumer Staples, sector_Finance, sector_Industrial Products, sector_Medical, sector_Oils-Energy, sector_Retail-Wholesale, sector_Transportation, sector_Utilities
2026-03-19 12:26:35,689  INFO  [FeatureSelector/fundamental] Resumen: 62 features → corr_drop=11 → imp_drop=41 → 10 seleccionadas (top-10)
2026-03-19 12:26:40,568  INFO  [FundamentalAgent] CV AUC=0.4887 ± 0.0361
2026-03-19 12:26:43,855  INFO  [fundamental] Top-5 features: revenue_yoy_growth=0.105 | ebitda_margin=0.104 | roe_zsector=0.103 | roic=0.101 | total_debt_yoy_growth=0.101
2026-03-19 12:26:43,861  INFO  [fundamental] Diagnósticos → diagnostics_fold0.json
2026-03-19 12:26:44,415  INFO  [FundamentalAgent] Entrenando — 1695 muestras
2026-03-19 12:26:44,915  INFO  [FeatureSelector/fundamental] Paso 1 — correlación >80%: eliminadas 10 / 62 features
2026-03-19 12:26:44,920  INFO  [FeatureSelector/fundamental]   ELIMINADA por corr: roa (|corr|=0.876 con roa_zsector; pb_y(roa)=0.006 < pb_y(roa_zsector)=0.007)
2026-03-19 12:26:44,920  INFO  [FeatureSelector/fundamental]   ELIMINADA por corr: roi (|corr|=0.857 con roi_zsector; pb_y(roi)=0.024 < pb_y(roi_zsector)=0.025)
2026-03-19 12:26:44,920  INFO  [FeatureSelector/fundamental]   ELIMINADA por corr: ebitda_margin (|corr|=0.876 con ebitda_margin_zsector; pb_y(ebitda_margin)=0.012 < pb_y(ebitda_margin_zsector)=0.019)
2026-03-19 12:26:44,920  INFO  [FeatureSelector/fundamental]   ELIMINADA por corr: current_ratio (|corr|=0.971 con quick_ratio; pb_y(current_ratio)=0.007 < pb_y(quick_ratio)=0.011)
2026-03-19 12:26:44,920  INFO  [FeatureSelector/fundamental]   ELIMINADA por corr: current_ratio_zsector (|corr|=0.845 con quick_ratio; pb_y(current_ratio_zsector)=0.007 < pb_y(quick_ratio)=0.011)
2026-03-19 12:26:44,923  INFO  [FeatureSelector/fundamental]   ELIMINADA por corr: quick_ratio_zsector (|corr|=0.869 con quick_ratio; pb_y(quick_ratio_zsector)=0.001 < pb_y(quick_ratio)=0.011)
2026-03-19 12:26:44,923  INFO  [FeatureSelector/fundamental]   ELIMINADA por corr: gross_margin_zsector (|corr|=0.814 con gross_margin; pb_y(gross_margin_zsector)=0.015 < pb_y(gross_margin)=0.023)
2026-03-19 12:26:44,923  INFO  [FeatureSelector/fundamental]   ELIMINADA por corr: debt_equity (|corr|=0.936 con roe; pb_y(debt_equity)=0.006 < pb_y(roe)=0.008)
2026-03-19 12:26:44,923  INFO  [FeatureSelector/fundamental]   ELIMINADA por corr: eps_yoy_growth_zsector (|corr|=0.893 con net_income_yoy_growth_zsector; pb_y(eps_yoy_growth_zsector)=0.029 < pb_y(net_income_yoy_growth_zsector)=0.050)
2026-03-19 12:26:44,924  INFO  [FeatureSelector/fundamental]   ELIMINADA por corr: eps_yoy_growth (|corr|=1.000 con eps; pb_y(eps_yoy_growth)=0.024 < pb_y(eps)=0.025)
2026-03-19 12:26:44,924  INFO  [FeatureSelector/fundamental]   [diag] Correlaciones entre features con raíz común (supervivientes):
2026-03-19 12:26:44,924  INFO  [FeatureSelector/fundamental]   [diag]   roe ↔ roe_zsector: |corr|=0.658
2026-03-19 12:26:44,924  INFO  [FeatureSelector/fundamental]   [diag]   roic ↔ roic_zsector: |corr|=0.766
2026-03-19 12:26:44,927  INFO  [FeatureSelector/fundamental]   [diag]   net_margin ↔ net_margin_zsector: |corr|=0.567
2026-03-19 12:26:44,927  INFO  [FeatureSelector/fundamental]   [diag]   fcf_margin ↔ fcf_margin_zsector: |corr|=0.694
2026-03-19 12:26:44,928  INFO  [FeatureSelector/fundamental]   [diag]   operating_margin ↔ operating_margin_zsector: |corr|=0.310
2026-03-19 12:26:44,928  INFO  [FeatureSelector/fundamental]   [diag]   debt_to_ebitda ↔ debt_to_ebitda_zsector: |corr|=0.691
2026-03-19 12:26:44,929  INFO  [FeatureSelector/fundamental]   [diag]   interest_coverage ↔ interest_coverage_zsector: |corr|=0.705
2026-03-19 12:26:44,930  INFO  [FeatureSelector/fundamental]   [diag]   revenue_yoy_growth ↔ revenue_yoy_growth_zsector: |corr|=0.211
2026-03-19 12:26:44,931  INFO  [FeatureSelector/fundamental]   [diag]   net_income_yoy_growth ↔ net_income_yoy_growth_zsector: |corr|=0.745
2026-03-19 12:26:45,335  INFO  [FeatureSelector/fundamental] Paso 2 — top-10 features por importancia RF:
2026-03-19 12:26:45,335  INFO  [FeatureSelector/fundamental]   Feature                              Importancia Peso norm.     pb_y
2026-03-19 12:26:45,335  INFO  [FeatureSelector/fundamental]   ----------------------------------- ------------ ---------- --------
2026-03-19 12:26:45,335  INFO  [FeatureSelector/fundamental]    1. volatility_20d_zsector                  0.0520     0.1308    0.019
2026-03-19 12:26:45,342  INFO  [FeatureSelector/fundamental]    2. roic_zsector                            0.0512     0.1289    0.029
2026-03-19 12:26:45,342  INFO  [FeatureSelector/fundamental]    3. momentum_12m_zsector                    0.0459     0.1156    0.050
2026-03-19 12:26:45,343  INFO  [FeatureSelector/fundamental]    4. gross_margin                            0.0384     0.0967    0.023
2026-03-19 12:26:45,343  INFO  [FeatureSelector/fundamental]    5. accruals_ratio                          0.0365     0.0918    0.055
2026-03-19 12:26:45,344  INFO  [FeatureSelector/fundamental]    6. net_income_yoy_growth                   0.0353     0.0889    0.035
2026-03-19 12:26:45,344  INFO  [FeatureSelector/fundamental]    7. total_debt_yoy_growth                   0.0350     0.0882    0.015
2026-03-19 12:26:45,344  INFO  [FeatureSelector/fundamental]    8. roic                                    0.0349     0.0879    0.019
2026-03-19 12:26:45,344  INFO  [FeatureSelector/fundamental]    9. roi_zsector                             0.0342     0.0861    0.025
2026-03-19 12:26:45,344  INFO  [FeatureSelector/fundamental]   10. revenue_yoy_growth                      0.0338     0.0851    0.022
2026-03-19 12:26:45,344  INFO  [FeatureSelector/fundamental]   Descartadas por importancia baja (42): roe, net_margin, fcf_margin, operating_margin, quick_ratio, debt_to_ebitda, interest_coverage, operating_income_yoy_growth, capex_to_revenue, consecutive_losses, eps, roe_zsector, roa_zsector, net_margin_zsector, fcf_margin_zsector, ebitda_margin_zsector, operating_margin_zsector, debt_equity_zsector, debt_to_ebitda_zsector, pe_ratio_zsector, pb_ratio_zsector, ev_to_ebitda_zsector, fcf_yield_zsector, revenue_yoy_growth_zsector, net_income_yoy_growth_zsector, interest_coverage_zsector, sector_Aerospace, sector_Auto-Tires-Trucks, sector_Basic Materials, sector_Business Services, sector_Computer And Technology, sector_Conglomerates, sector_Construction, sector_Consumer Discretionary, sector_Consumer Staples, sector_Finance, sector_Industrial Products, sector_Medical, sector_Oils-Energy, sector_Retail-Wholesale, sector_Transportation, sector_Utilities
2026-03-19 12:26:45,344  INFO  [FeatureSelector/fundamental] Resumen: 62 features → corr_drop=10 → imp_drop=42 → 10 seleccionadas (top-10)
2026-03-19 12:26:50,400  INFO  [FundamentalAgent] CV AUC=0.4905 ± 0.0135
2026-03-19 12:26:54,021  INFO  [fundamental] Top-5 features: roic_zsector=0.108 | roi_zsector=0.105 | roic=0.104 | volatility_20d_zsector=0.101 | total_debt_yoy_growth=0.101
2026-03-19 12:26:54,029  INFO  [fundamental] Diagnósticos → diagnostics_fold0.json
2026-03-19 12:26:54,476  INFO  [FundamentalAgent] Entrenando — 1696 muestras
2026-03-19 12:26:54,953  INFO  [FeatureSelector/fundamental] Paso 1 — correlación >80%: eliminadas 13 / 62 features
2026-03-19 12:26:54,954  INFO  [FeatureSelector/fundamental]   ELIMINADA por corr: roa (|corr|=0.877 con roi; pb_y(roa)=0.022 < pb_y(roi)=0.048)
2026-03-19 12:26:54,954  INFO  [FeatureSelector/fundamental]   ELIMINADA por corr: roi (|corr|=0.865 con roi_zsector; pb_y(roi)=0.048 < pb_y(roi_zsector)=0.050)
2026-03-19 12:26:54,954  INFO  [FeatureSelector/fundamental]   ELIMINADA por corr: net_margin (|corr|=0.896 con net_margin_zsector; pb_y(net_margin)=0.030 < pb_y(net_margin_zsector)=0.033)
2026-03-19 12:26:54,955  INFO  [FeatureSelector/fundamental]   ELIMINADA por corr: operating_margin (|corr|=0.849 con operating_margin_zsector; pb_y(operating_margin)=0.027 < pb_y(operating_margin_zsector)=0.030)
2026-03-19 12:26:54,955  INFO  [FeatureSelector/fundamental]   ELIMINADA por corr: ebitda_margin (|corr|=0.875 con ebitda_margin_zsector; pb_y(ebitda_margin)=0.033 < pb_y(ebitda_margin_zsector)=0.049)
2026-03-19 12:26:54,956  INFO  [FeatureSelector/fundamental]   ELIMINADA por corr: current_ratio (|corr|=0.959 con quick_ratio; pb_y(current_ratio)=0.001 < pb_y(quick_ratio)=0.013)
2026-03-19 12:26:54,956  INFO  [FeatureSelector/fundamental]   ELIMINADA por corr: current_ratio_zsector (|corr|=0.844 con quick_ratio; pb_y(current_ratio_zsector)=0.003 < pb_y(quick_ratio)=0.013)
2026-03-19 12:26:54,957  INFO  [FeatureSelector/fundamental]   ELIMINADA por corr: gross_margin_zsector (|corr|=0.816 con gross_margin; pb_y(gross_margin_zsector)=0.017 < pb_y(gross_margin)=0.024)
2026-03-19 12:26:54,958  INFO  [FeatureSelector/fundamental]   ELIMINADA por corr: quick_ratio (|corr|=0.867 con quick_ratio_zsector; pb_y(quick_ratio)=0.013 < pb_y(quick_ratio_zsector)=0.014)
2026-03-19 12:26:54,958  INFO  [FeatureSelector/fundamental]   ELIMINADA por corr: net_income_yoy_growth_zsector (|corr|=0.895 con eps_yoy_growth_zsector; pb_y(net_income_yoy_growth_zsector)=0.006 < pb_y(eps_yoy_growth_zsector)=0.023)
2026-03-19 12:26:54,958  INFO  [FeatureSelector/fundamental]   ELIMINADA por corr: debt_equity (|corr|=0.941 con roe; pb_y(debt_equity)=0.003 < pb_y(roe)=0.007)
2026-03-19 12:26:54,958  INFO  [FeatureSelector/fundamental]   ELIMINADA por corr: revenue_yoy_growth_zsector (|corr|=0.931 con revenue_yoy_growth; pb_y(revenue_yoy_growth_zsector)=0.006 < pb_y(revenue_yoy_growth)=0.019)
2026-03-19 12:26:54,958  INFO  [FeatureSelector/fundamental]   ELIMINADA por corr: eps_yoy_growth (|corr|=1.000 con eps; pb_y(eps_yoy_growth)=0.025 < pb_y(eps)=0.025)
2026-03-19 12:26:54,961  INFO  [FeatureSelector/fundamental]   [diag] Correlaciones entre features con raíz común (supervivientes):
2026-03-19 12:26:54,961  INFO  [FeatureSelector/fundamental]   [diag]   roe ↔ roe_zsector: |corr|=0.713
2026-03-19 12:26:54,962  INFO  [FeatureSelector/fundamental]   [diag]   roic ↔ roic_zsector: |corr|=0.772
2026-03-19 12:26:54,963  INFO  [FeatureSelector/fundamental]   [diag]   fcf_margin ↔ fcf_margin_zsector: |corr|=0.711
2026-03-19 12:26:54,963  INFO  [FeatureSelector/fundamental]   [diag]   debt_to_ebitda ↔ debt_to_ebitda_zsector: |corr|=0.685
2026-03-19 12:26:54,964  INFO  [FeatureSelector/fundamental]   [diag]   interest_coverage ↔ interest_coverage_zsector: |corr|=0.743
2026-03-19 12:26:54,964  INFO  [FeatureSelector/fundamental]   [diag]   eps ↔ eps_yoy_growth_zsector: |corr|=0.300
2026-03-19 12:26:55,471  INFO  [FeatureSelector/fundamental] Paso 2 — top-10 features por importancia RF:
2026-03-19 12:26:55,473  INFO  [FeatureSelector/fundamental]   Feature                              Importancia Peso norm.     pb_y
2026-03-19 12:26:55,474  INFO  [FeatureSelector/fundamental]   ----------------------------------- ------------ ---------- --------
2026-03-19 12:26:55,474  INFO  [FeatureSelector/fundamental]    1. momentum_12m_zsector                    0.0509     0.1186    0.042
2026-03-19 12:26:55,474  INFO  [FeatureSelector/fundamental]    2. roi_zsector                             0.0490     0.1141    0.050
2026-03-19 12:26:55,474  INFO  [FeatureSelector/fundamental]    3. roic                                    0.0444     0.1033    0.055
2026-03-19 12:26:55,474  INFO  [FeatureSelector/fundamental]    4. roe                                     0.0443     0.1032    0.007
2026-03-19 12:26:55,474  INFO  [FeatureSelector/fundamental]    5. roic_zsector                            0.0425     0.0990    0.061
2026-03-19 12:26:55,474  INFO  [FeatureSelector/fundamental]    6. net_margin_zsector                      0.0410     0.0955    0.033
2026-03-19 12:26:55,474  INFO  [FeatureSelector/fundamental]    7. debt_equity_zsector                     0.0410     0.0954    0.018
2026-03-19 12:26:55,474  INFO  [FeatureSelector/fundamental]    8. operating_margin_zsector                0.0408     0.0950    0.030
2026-03-19 12:26:55,474  INFO  [FeatureSelector/fundamental]    9. operating_income_yoy_growth             0.0383     0.0892    0.014
2026-03-19 12:26:55,474  INFO  [FeatureSelector/fundamental]   10. interest_coverage_zsector               0.0372     0.0867    0.008
2026-03-19 12:26:55,474  INFO  [FeatureSelector/fundamental]   Descartadas por importancia baja (39): gross_margin, fcf_margin, debt_to_ebitda, interest_coverage, revenue_yoy_growth, net_income_yoy_growth, total_debt_yoy_growth, accruals_ratio, capex_to_revenue, consecutive_losses, eps, roe_zsector, roa_zsector, fcf_margin_zsector, ebitda_margin_zsector, quick_ratio_zsector, debt_to_ebitda_zsector, pe_ratio_zsector, pb_ratio_zsector, ev_to_ebitda_zsector, fcf_yield_zsector, eps_yoy_growth_zsector, volatility_20d_zsector, sector_Aerospace, sector_Auto-Tires-Trucks, sector_Basic Materials, sector_Business Services, sector_Computer And Technology, sector_Conglomerates, sector_Construction, sector_Consumer Discretionary, sector_Consumer Staples, sector_Finance, sector_Industrial Products, sector_Medical, sector_Oils-Energy, sector_Retail-Wholesale, sector_Transportation, sector_Utilities
2026-03-19 12:26:55,474  INFO  [FeatureSelector/fundamental] Resumen: 62 features → corr_drop=13 → imp_drop=39 → 10 seleccionadas (top-10)
2026-03-19 12:27:00,512  INFO  [FundamentalAgent] CV AUC=0.5150 ± 0.0249
2026-03-19 12:27:04,453  INFO  [fundamental] Top-5 features: operating_income_yoy_growth=0.107 | roi_zsector=0.104 | net_margin_zsector=0.101 | debt_equity_zsector=0.100 | operating_margin_zsector=0.100
2026-03-19 12:27:04,460  INFO  [fundamental] Diagnósticos → diagnostics_fold0.json
2026-03-19 12:27:04,879  INFO  [ValuationAgent] Entrenando — 1695 muestras
2026-03-19 12:27:05,257  INFO  [FeatureSelector/valuation] Paso 1 — correlación >80%: eliminadas 2 / 17 features
2026-03-19 12:27:05,257  INFO  [FeatureSelector/valuation]   ELIMINADA por corr: pb_vs_5y_median (|corr|=0.841 con pb_ratio; pb_y(pb_vs_5y_median)=0.012 < pb_y(pb_ratio)=0.019)
2026-03-19 12:27:05,257  INFO  [FeatureSelector/valuation]   ELIMINADA por corr: eps_est (|corr|=0.992 con eps_reported; pb_y(eps_est)=0.005 < pb_y(eps_reported)=0.009)
2026-03-19 12:27:05,637  INFO  [FeatureSelector/valuation] Paso 2 — top-10 features por importancia RF:
2026-03-19 12:27:05,637  INFO  [FeatureSelector/valuation]   Feature                              Importancia Peso norm.     pb_y
2026-03-19 12:27:05,637  INFO  [FeatureSelector/valuation]   ----------------------------------- ------------ ---------- --------
2026-03-19 12:27:05,637  INFO  [FeatureSelector/valuation]    1. eps_surprise_pct                        0.0946     0.1175    0.013
2026-03-19 12:27:05,637  INFO  [FeatureSelector/valuation]    2. pe_vs_5y_median                         0.0908     0.1128    0.013
2026-03-19 12:27:05,637  INFO  [FeatureSelector/valuation]    3. pe_sector_pct                           0.0885     0.1100    0.013
2026-03-19 12:27:05,637  INFO  [FeatureSelector/valuation]    4. ps_ratio                                0.0882     0.1096    0.005
2026-03-19 12:27:05,637  INFO  [FeatureSelector/valuation]    5. earnings_yield                          0.0817     0.1015    0.007
2026-03-19 12:27:05,646  INFO  [FeatureSelector/valuation]    6. pb_sector_pct                           0.0779     0.0968    0.032
2026-03-19 12:27:05,646  INFO  [FeatureSelector/valuation]    7. pb_ratio                                0.0750     0.0932    0.019
2026-03-19 12:27:05,647  INFO  [FeatureSelector/valuation]    8. ev_ebitda_vs_5y_median                  0.0732     0.0910    0.015
2026-03-19 12:27:05,647  INFO  [FeatureSelector/valuation]    9. eps_revision                            0.0707     0.0879    0.001
2026-03-19 12:27:05,647  INFO  [FeatureSelector/valuation]   10. pe_ratio                                0.0641     0.0796    0.018
2026-03-19 12:27:05,647  INFO  [FeatureSelector/valuation]   Descartadas por importancia baja (5): ev_to_ebitda, fcf_yield, eps_reported, ev_sector_pct, fcf_sector_pct
2026-03-19 12:27:05,647  INFO  [FeatureSelector/valuation] Resumen: 17 features → corr_drop=2 → imp_drop=5 → 10 seleccionadas (top-10)
2026-03-19 12:27:16,544  INFO  [ValuationAgent] CV AUC=0.4681 ± 0.0455
2026-03-19 12:27:27,297  INFO  [valuation] Top-5 features: ps_ratio=0.148 | pe_sector_pct=0.126 | eps_surprise_pct=0.119 | pb_sector_pct=0.114 | pe_vs_5y_median=0.114
2026-03-19 12:27:27,319  INFO  [valuation] Diagnósticos → diagnostics_fold0.json
2026-03-19 12:27:27,539  INFO  [ValuationAgent] Entrenando — 1695 muestras
2026-03-19 12:27:27,876  INFO  [FeatureSelector/valuation] Paso 1 — correlación >80%: eliminadas 1 / 17 features
2026-03-19 12:27:27,877  INFO  [FeatureSelector/valuation]   ELIMINADA por corr: eps_reported (|corr|=0.994 con eps_est; pb_y(eps_reported)=0.038 < pb_y(eps_est)=0.039)
2026-03-19 12:27:28,246  INFO  [FeatureSelector/valuation] Paso 2 — top-10 features por importancia RF:
2026-03-19 12:27:28,247  INFO  [FeatureSelector/valuation]   Feature                              Importancia Peso norm.     pb_y
2026-03-19 12:27:28,247  INFO  [FeatureSelector/valuation]   ----------------------------------- ------------ ---------- --------
2026-03-19 12:27:28,247  INFO  [FeatureSelector/valuation]    1. eps_revision                            0.1022     0.1392    0.034
2026-03-19 12:27:28,248  INFO  [FeatureSelector/valuation]    2. ps_ratio                                0.0995     0.1354    0.011
2026-03-19 12:27:28,248  INFO  [FeatureSelector/valuation]    3. eps_surprise_pct                        0.0745     0.1014    0.014
2026-03-19 12:27:28,249  INFO  [FeatureSelector/valuation]    4. pb_sector_pct                           0.0743     0.1012    0.007
2026-03-19 12:27:28,249  INFO  [FeatureSelector/valuation]    5. pb_ratio                                0.0716     0.0975    0.009
2026-03-19 12:27:28,250  INFO  [FeatureSelector/valuation]    6. pe_vs_5y_median                         0.0684     0.0931    0.030
2026-03-19 12:27:28,250  INFO  [FeatureSelector/valuation]    7. pb_vs_5y_median                         0.0682     0.0929    0.023
2026-03-19 12:27:28,251  INFO  [FeatureSelector/valuation]    8. ev_ebitda_vs_5y_median                  0.0636     0.0866    0.014
2026-03-19 12:27:28,251  INFO  [FeatureSelector/valuation]    9. pe_sector_pct                           0.0591     0.0804    0.002
2026-03-19 12:27:28,251  INFO  [FeatureSelector/valuation]   10. eps_est                                 0.0532     0.0724    0.039
2026-03-19 12:27:28,252  INFO  [FeatureSelector/valuation]   Descartadas por importancia baja (6): pe_ratio, ev_to_ebitda, fcf_yield, earnings_yield, ev_sector_pct, fcf_sector_pct
2026-03-19 12:27:28,252  INFO  [FeatureSelector/valuation] Resumen: 17 features → corr_drop=1 → imp_drop=6 → 10 seleccionadas (top-10)
2026-03-19 12:27:38,844  INFO  [ValuationAgent] CV AUC=0.4886 ± 0.0304
2026-03-19 12:28:00,886  INFO  ============================================================
2026-03-19 12:28:00,887  INFO    INICIANDO PIPELINE ML MULTI-AGENTE STOCK PICKER
2026-03-19 12:28:00,887  INFO  ============================================================
2026-03-19 12:28:00,887  INFO  PASO 1 — DESCARGANDO DATOS
2026-03-19 12:28:00,888  INFO    Tickers: 200
2026-03-19 12:28:01,298  INFO  Descargando precios (2021-01-01 → 2026-01-01)
2026-03-19 12:28:01,298  INFO  Ya hay 199 tickers actualizados
2026-03-19 12:28:06,590  ERROR  
1 Failed download:
2026-03-19 12:28:06,590  ERROR  ['BRK.B']: YFRateLimitError('Too Many Requests. Rate limited. Try after a while.')
2026-03-19 12:28:06,625  WARNING    [WARN] BRK.B: no se han obtenido datos
2026-03-19 12:28:06,626  INFO  Descarga completada.
2026-03-19 12:28:06,628  INFO  Descargando datos macro (VIX, S&P500, yields)
2026-03-19 12:28:06,646  INFO    vix cargado desde archivo
2026-03-19 12:28:06,656  INFO    sp500 cargado desde archivo
2026-03-19 12:28:06,663  INFO    t10y cargado desde archivo
2026-03-19 12:28:06,671  INFO    t2y cargado desde archivo
2026-03-19 12:28:06,690  INFO    yield_curve calculado
2026-03-19 12:28:06,779  INFO    sp500_momentum_3m y sp500_momentum_12m calculados
2026-03-19 12:28:06,861  INFO  Macro consolidado guardado
2026-03-19 12:28:06,896  INFO    (FORCE_DOWNLOAD=False — solo actualiza datos obsoletos)
2026-03-19 12:28:06,940  INFO  [DataRouter] companies.csv cargado: 6792 empresas — 17 sectores
2026-03-19 12:28:07,007  INFO  Tickers eliminados por falta de datos: {'RCL', 'LHX', 'KKR', 'USB', 'HCA', 'VLO', 'ECL', 'WMB', 'O', 'BRK.B', 'OKE', 'BK', 'PNC', 'T', 'COR', 'FANG', 'D', 'VZ', 'SRE', 'OXY', 'SO', 'PCAR'}
2026-03-19 12:28:07,008  INFO    BK: falta ['consolidated']
2026-03-19 12:28:07,008  INFO    BRK.B: falta ['prices', 'consolidated']
2026-03-19 12:28:07,009  INFO    COR: falta ['consolidated']
2026-03-19 12:28:07,009  INFO    D: falta ['consolidated']
2026-03-19 12:28:07,009  INFO    ECL: falta ['consolidated']
2026-03-19 12:28:07,010  INFO    FANG: falta ['consolidated']
2026-03-19 12:28:07,010  INFO    HCA: falta ['consolidated']
2026-03-19 12:28:07,011  INFO    KKR: falta ['consolidated']
2026-03-19 12:28:07,011  INFO    LHX: falta ['consolidated']
2026-03-19 12:28:07,012  INFO    O: falta ['consolidated']
2026-03-19 12:28:07,012  INFO    OKE: falta ['consolidated']
2026-03-19 12:28:07,012  INFO    OXY: falta ['consolidated']
2026-03-19 12:28:07,013  INFO    PCAR: falta ['consolidated']
2026-03-19 12:28:07,013  INFO    PNC: falta ['consolidated']
2026-03-19 12:28:07,014  INFO    RCL: falta ['consolidated']
2026-03-19 12:28:07,014  INFO    SO: falta ['consolidated']
2026-03-19 12:28:07,014  INFO    SRE: falta ['consolidated']
2026-03-19 12:28:07,015  INFO    T: falta ['consolidated']
2026-03-19 12:28:07,015  INFO    USB: falta ['consolidated']
2026-03-19 12:28:07,015  INFO    VLO: falta ['consolidated']
2026-03-19 12:28:07,016  INFO    VZ: falta ['consolidated']
2026-03-19 12:28:07,016  INFO    WMB: falta ['consolidated']
2026-03-19 12:28:07,016  INFO  Tickers con datos completos: 178 / 200
2026-03-19 12:28:07,017  INFO  Construyendo dataset maestro...
2026-03-19 12:28:34,526  INFO    Procesados 50/178 tickers — 935 observaciones
2026-03-19 12:29:02,307  INFO    Procesados 100/178 tickers — 1903 observaciones
2026-03-19 12:29:32,598  INFO    Procesados 150/178 tickers — 2914 observaciones
2026-03-19 12:29:48,973  INFO  Dataset maestro: 3487 observaciones — 176 tickers
2026-03-19 12:29:49,656  INFO  Dataset maestro: 3487 observaciones — 178 tickers
2026-03-19 12:29:50,091  INFO  [Visualizer] Rendimiento sectorial → sector_performance.png
2026-03-19 12:29:52,564  INFO  [Backtester] 4 folds generados | test=1Q | 4Y→4folds
2026-03-19 12:29:52,564  INFO  
============================================================
2026-03-19 12:29:52,564  INFO    FOLD 1 | Train: 2021-01-01 -> 2025-01-01 | Test: 2025-01-01 -> 2025-04-01
2026-03-19 12:29:52,569  INFO  ============================================================
2026-03-19 12:29:55,649  INFO  [FundamentalAgent] Entrenando — 2543 muestras
2026-03-19 12:29:56,090  INFO  [FeatureSelector/fundamental] Paso 1 — correlación >85%: eliminadas 9 / 62 features
2026-03-19 12:29:56,091  INFO  [FeatureSelector/fundamental]   ELIMINADA por corr: roa (|corr|=0.879 con roa_zsector; pb_y(roa)=0.039 < pb_y(roa_zsector)=0.046)
2026-03-19 12:29:56,091  INFO  [FeatureSelector/fundamental]   ELIMINADA por corr: roi (|corr|=0.865 con roi_zsector; pb_y(roi)=0.052 < pb_y(roi_zsector)=0.059)
2026-03-19 12:29:56,092  INFO  [FeatureSelector/fundamental]   ELIMINADA por corr: ebitda_margin (|corr|=0.876 con ebitda_margin_zsector; pb_y(ebitda_margin)=0.010 < pb_y(ebitda_margin_zsector)=0.022)
2026-03-19 12:29:56,092  INFO  [FeatureSelector/fundamental]   ELIMINADA por corr: current_ratio (|corr|=0.969 con quick_ratio; pb_y(current_ratio)=0.004 < pb_y(quick_ratio)=0.011)
2026-03-19 12:29:56,092  INFO  [FeatureSelector/fundamental]   ELIMINADA por corr: current_ratio_zsector (|corr|=0.853 con quick_ratio; pb_y(current_ratio_zsector)=0.008 < pb_y(quick_ratio)=0.011)
2026-03-19 12:29:56,093  INFO  [FeatureSelector/fundamental]   ELIMINADA por corr: quick_ratio_zsector (|corr|=0.874 con quick_ratio; pb_y(quick_ratio_zsector)=0.005 < pb_y(quick_ratio)=0.011)
2026-03-19 12:29:56,093  INFO  [FeatureSelector/fundamental]   ELIMINADA por corr: roe (|corr|=0.929 con debt_equity; pb_y(roe)=0.001 < pb_y(debt_equity)=0.009)
2026-03-19 12:29:56,094  INFO  [FeatureSelector/fundamental]   ELIMINADA por corr: net_income_yoy_growth_zsector (|corr|=0.926 con eps_yoy_growth_zsector; pb_y(net_income_yoy_growth_zsector)=0.001 < pb_y(eps_yoy_growth_zsector)=0.005)
2026-03-19 12:29:56,094  INFO  [FeatureSelector/fundamental]   ELIMINADA por corr: eps_yoy_growth (|corr|=1.000 con eps; pb_y(eps_yoy_growth)=0.020 < pb_y(eps)=0.020)
2026-03-19 12:29:56,095  INFO  [FeatureSelector/fundamental]   [diag] Correlaciones entre features con raíz común (supervivientes):
2026-03-19 12:29:56,095  INFO  [FeatureSelector/fundamental]   [diag]   roic ↔ roic_zsector: |corr|=0.773
2026-03-19 12:29:56,096  INFO  [FeatureSelector/fundamental]   [diag]   net_margin ↔ net_margin_zsector: |corr|=0.693
2026-03-19 12:29:56,096  INFO  [FeatureSelector/fundamental]   [diag]   gross_margin ↔ gross_margin_zsector: |corr|=0.821
2026-03-19 12:29:56,097  INFO  [FeatureSelector/fundamental]   [diag]   fcf_margin ↔ fcf_margin_zsector: |corr|=0.695
2026-03-19 12:29:56,097  INFO  [FeatureSelector/fundamental]   [diag]   operating_margin ↔ operating_margin_zsector: |corr|=0.418
2026-03-19 12:29:56,097  INFO  [FeatureSelector/fundamental]   [diag]   debt_equity ↔ debt_equity_zsector: |corr|=0.718
2026-03-19 12:29:56,098  INFO  [FeatureSelector/fundamental]   [diag]   debt_to_ebitda ↔ debt_to_ebitda_zsector: |corr|=0.702
2026-03-19 12:29:56,098  INFO  [FeatureSelector/fundamental]   [diag]   interest_coverage ↔ interest_coverage_zsector: |corr|=0.738
2026-03-19 12:29:56,099  INFO  [FeatureSelector/fundamental]   [diag]   revenue_yoy_growth ↔ revenue_yoy_growth_zsector: |corr|=0.247
2026-03-19 12:29:56,100  INFO  [FeatureSelector/fundamental]   [diag]   eps ↔ eps_yoy_growth_zsector: |corr|=0.242
2026-03-19 12:29:56,516  INFO  [FeatureSelector/fundamental] Paso 2 — top-10 features por importancia RF:
2026-03-19 12:29:56,516  INFO  [FeatureSelector/fundamental]   Feature                              Importancia Peso norm.     pb_y
2026-03-19 12:29:56,517  INFO  [FeatureSelector/fundamental]   ----------------------------------- ------------ ---------- --------
2026-03-19 12:29:56,517  INFO  [FeatureSelector/fundamental]    1. roi_zsector                             0.0443     0.1130    0.059
2026-03-19 12:29:56,518  INFO  [FeatureSelector/fundamental]    2. roic                                    0.0442     0.1128    0.054
2026-03-19 12:29:56,518  INFO  [FeatureSelector/fundamental]    3. roic_zsector                            0.0437     0.1115    0.054
2026-03-19 12:29:56,519  INFO  [FeatureSelector/fundamental]    4. eps_yoy_growth_zsector                  0.0388     0.0988    0.005
2026-03-19 12:29:56,519  INFO  [FeatureSelector/fundamental]    5. volatility_20d_zsector                  0.0382     0.0974    0.011
2026-03-19 12:29:56,520  INFO  [FeatureSelector/fundamental]    6. revenue_yoy_growth_zsector              0.0380     0.0970    0.018
2026-03-19 12:29:56,520  INFO  [FeatureSelector/fundamental]    7. ebitda_margin_zsector                   0.0374     0.0954    0.022
2026-03-19 12:29:56,520  INFO  [FeatureSelector/fundamental]    8. gross_margin_zsector                    0.0364     0.0927    0.027
2026-03-19 12:29:56,520  INFO  [FeatureSelector/fundamental]    9. operating_income_yoy_growth             0.0358     0.0914    0.013
2026-03-19 12:29:56,521  INFO  [FeatureSelector/fundamental]   10. pe_ratio_zsector                        0.0352     0.0899    0.032
2026-03-19 12:29:56,521  INFO  [FeatureSelector/fundamental]   Descartadas por importancia baja (43): net_margin, gross_margin, fcf_margin, operating_margin, quick_ratio, debt_equity, debt_to_ebitda, interest_coverage, revenue_yoy_growth, net_income_yoy_growth, total_debt_yoy_growth, accruals_ratio, capex_to_revenue, consecutive_losses, eps, roe_zsector, roa_zsector, net_margin_zsector, fcf_margin_zsector, operating_margin_zsector, debt_equity_zsector, debt_to_ebitda_zsector, pb_ratio_zsector, ev_to_ebitda_zsector, fcf_yield_zsector, momentum_12m_zsector, interest_coverage_zsector, sector_Aerospace, sector_Auto-Tires-Trucks, sector_Basic Materials, sector_Business Services, sector_Computer And Technology, sector_Conglomerates, sector_Construction, sector_Consumer Discretionary, sector_Consumer Staples, sector_Finance, sector_Industrial Products, sector_Medical, sector_Oils-Energy, sector_Retail-Wholesale, sector_Transportation, sector_Utilities
2026-03-19 12:29:56,523  INFO  [FeatureSelector/fundamental] Resumen: 62 features → corr_drop=9 → imp_drop=43 → 10 seleccionadas (top-10)
2026-03-19 12:30:02,881  INFO  [FundamentalAgent] CV AUC=0.5095 ± 0.0193
2026-03-19 12:30:06,612  INFO  [fundamental] Top-5 features: ebitda_margin_zsector=0.106 | roi_zsector=0.105 | roic=0.103 | roic_zsector=0.102 | operating_income_yoy_growth=0.102
2026-03-19 12:30:06,617  INFO  [fundamental] Diagnósticos → diagnostics_fold1.json
2026-03-19 12:30:06,618  INFO  [ValuationAgent] Entrenando — 2543 muestras
2026-03-19 12:30:07,135  INFO  [FeatureSelector/valuation] Paso 1 — correlación >85%: eliminadas 1 / 17 features
2026-03-19 12:30:07,136  INFO  [FeatureSelector/valuation]   ELIMINADA por corr: eps_reported (|corr|=0.994 con eps_est; pb_y(eps_reported)=0.007 < pb_y(eps_est)=0.009)
2026-03-19 12:30:07,546  INFO  [FeatureSelector/valuation] Paso 2 — top-10 features por importancia RF:
2026-03-19 12:30:07,546  INFO  [FeatureSelector/valuation]   Feature                              Importancia Peso norm.     pb_y
2026-03-19 12:30:07,547  INFO  [FeatureSelector/valuation]   ----------------------------------- ------------ ---------- --------
2026-03-19 12:30:07,547  INFO  [FeatureSelector/valuation]    1. ps_ratio                                0.0978     0.1347    0.027
2026-03-19 12:30:07,547  INFO  [FeatureSelector/valuation]    2. pb_sector_pct                           0.0938     0.1292    0.017
2026-03-19 12:30:07,548  INFO  [FeatureSelector/valuation]    3. pb_ratio                                0.0726     0.0999    0.023
2026-03-19 12:30:07,548  INFO  [FeatureSelector/valuation]    4. ev_to_ebitda                            0.0715     0.0984    0.008
2026-03-19 12:30:07,549  INFO  [FeatureSelector/valuation]    5. pe_sector_pct                           0.0713     0.0981    0.008
2026-03-19 12:30:07,549  INFO  [FeatureSelector/valuation]    6. eps_revision                            0.0705     0.0971    0.009
2026-03-19 12:30:07,549  INFO  [FeatureSelector/valuation]    7. pb_vs_5y_median                         0.0691     0.0952    0.001
2026-03-19 12:30:07,550  INFO  [FeatureSelector/valuation]    8. pe_ratio                                0.0616     0.0848    0.005
2026-03-19 12:30:07,550  INFO  [FeatureSelector/valuation]    9. eps_surprise_pct                        0.0602     0.0829    0.017
2026-03-19 12:30:07,551  INFO  [FeatureSelector/valuation]   10. ev_ebitda_vs_5y_median                  0.0577     0.0795    0.009
2026-03-19 12:30:07,551  INFO  [FeatureSelector/valuation]   Descartadas por importancia baja (6): fcf_yield, earnings_yield, pe_vs_5y_median, eps_est, ev_sector_pct, fcf_sector_pct
2026-03-19 12:30:07,552  INFO  [FeatureSelector/valuation] Resumen: 17 features → corr_drop=1 → imp_drop=6 → 10 seleccionadas (top-10)
2026-03-19 12:30:22,948  INFO  [ValuationAgent] CV AUC=0.4953 ± 0.0256
2026-03-19 12:30:38,228  INFO  [valuation] Top-5 features: pb_sector_pct=0.147 | ps_ratio=0.128 | eps_revision=0.108 | pb_vs_5y_median=0.103 | pb_ratio=0.102
2026-03-19 12:30:38,253  INFO  [valuation] Diagnósticos → diagnostics_fold1.json
2026-03-19 12:30:38,254  INFO  [MomentumAgent] Entrenando — 2543 muestras
2026-03-19 12:30:38,477  INFO  [FeatureSelector/momentum] Paso 1 — correlación >85%: eliminadas 10 / 32 features
2026-03-19 12:30:38,477  INFO  [FeatureSelector/momentum]   ELIMINADA por corr: sma_50 (|corr|=0.896 con rsi_28; pb_y(sma_50)=0.070 < pb_y(rsi_28)=0.104)
2026-03-19 12:30:38,478  INFO  [FeatureSelector/momentum]   ELIMINADA por corr: rsi_28 (|corr|=0.940 con rsi_14; pb_y(rsi_28)=0.104 < pb_y(rsi_14)=0.122)
2026-03-19 12:30:38,478  INFO  [FeatureSelector/momentum]   ELIMINADA por corr: sma_20 (|corr|=0.857 con rsi_14; pb_y(sma_20)=0.092 < pb_y(rsi_14)=0.122)
2026-03-19 12:30:38,479  INFO  [FeatureSelector/momentum]   ELIMINADA por corr: momentum_6m (|corr|=0.924 con sma_200; pb_y(momentum_6m)=0.000 < pb_y(sma_200)=0.018)
2026-03-19 12:30:38,479  INFO  [FeatureSelector/momentum]   ELIMINADA por corr: rsi_14 (|corr|=0.883 con bb_pct; pb_y(rsi_14)=0.122 < pb_y(bb_pct)=0.134)
2026-03-19 12:30:38,479  INFO  [FeatureSelector/momentum]   ELIMINADA por corr: momentum_12m (|corr|=0.883 con price_vs_52w_low; pb_y(momentum_12m)=0.007 < pb_y(price_vs_52w_low)=0.019)
2026-03-19 12:30:38,480  INFO  [FeatureSelector/momentum]   ELIMINADA por corr: macd_signal (|corr|=0.934 con macd; pb_y(macd_signal)=0.072 < pb_y(macd)=0.089)
2026-03-19 12:30:38,480  INFO  [FeatureSelector/momentum]   ELIMINADA por corr: momentum_quality (|corr|=0.861 con price_vs_52w_low; pb_y(momentum_quality)=0.017 < pb_y(price_vs_52w_low)=0.019)
2026-03-19 12:30:38,481  INFO  [FeatureSelector/momentum]   ELIMINADA por corr: inverted_yield_curve (|corr|=0.930 con yield_curve; pb_y(inverted_yield_curve)=0.113 < pb_y(yield_curve)=0.118)
2026-03-19 12:30:38,481  INFO  [FeatureSelector/momentum]   ELIMINADA por corr: volatility_60d (|corr|=0.858 con volatility_20d; pb_y(volatility_60d)=0.027 < pb_y(volatility_20d)=0.036)
2026-03-19 12:30:38,903  INFO  [FeatureSelector/momentum] Paso 2 — top-10 features por importancia RF:
2026-03-19 12:30:38,903  INFO  [FeatureSelector/momentum]   Feature                              Importancia Peso norm.     pb_y
2026-03-19 12:30:38,904  INFO  [FeatureSelector/momentum]   ----------------------------------- ------------ ---------- --------
2026-03-19 12:30:38,904  INFO  [FeatureSelector/momentum]    1. yield_curve                             0.1522     0.1893    0.118
2026-03-19 12:30:38,905  INFO  [FeatureSelector/momentum]    2. vix                                     0.1348     0.1677    0.002
2026-03-19 12:30:38,905  INFO  [FeatureSelector/momentum]    3. sp500_momentum_3m                       0.1130     0.1406    0.023
2026-03-19 12:30:38,906  INFO  [FeatureSelector/momentum]    4. bb_pct                                  0.0794     0.0988    0.134
2026-03-19 12:30:38,906  INFO  [FeatureSelector/momentum]    5. sp500_momentum_12m                      0.0707     0.0879    0.006
2026-03-19 12:30:38,907  INFO  [FeatureSelector/momentum]    6. macd                                    0.0565     0.0703    0.089
2026-03-19 12:30:38,907  INFO  [FeatureSelector/momentum]    7. macd_hist                               0.0522     0.0650    0.062
2026-03-19 12:30:38,908  INFO  [FeatureSelector/momentum]    8. volatility_20d                          0.0505     0.0628    0.036
2026-03-19 12:30:38,908  INFO  [FeatureSelector/momentum]    9. momentum_1m                             0.0487     0.0606    0.051
2026-03-19 12:30:38,909  INFO  [FeatureSelector/momentum]   10. price_vs_52w_high                       0.0458     0.0569    0.027
2026-03-19 12:30:38,909  INFO  [FeatureSelector/momentum]   Descartadas por importancia baja (12): sma_200, price_vs_52w_low, momentum_3m, atr_14, vol_ratio_20_50, rsi_overbought, rsi_oversold, above_sma200, macd_bullish, cross_sma_20_50, vol_expansion, high_vix_regime
2026-03-19 12:30:38,910  INFO  [FeatureSelector/momentum] Resumen: 32 features → corr_drop=10 → imp_drop=12 → 10 seleccionadas (top-10)
2026-03-19 12:30:44,524  INFO  [MomentumAgent] CV AUC=0.7356 ± 0.0160
2026-03-19 12:30:52,516  INFO  [momentum] Top-5 features: vix=0.161 | yield_curve=0.145 | sp500_momentum_3m=0.117 | bb_pct=0.101 | momentum_1m=0.091
2026-03-19 12:30:52,530  INFO  [momentum] Diagnósticos → diagnostics_fold1.json
2026-03-19 12:30:52,544  INFO  [BearAgent] Entrenando — 2543 muestras
2026-03-19 12:30:52,948  INFO  [FeatureSelector/bear] Paso 1 — correlación >85%: eliminadas 0 / 20 features
2026-03-19 12:30:53,485  INFO  [FeatureSelector/bear] Paso 2 — top-10 features por importancia RF:
2026-03-19 12:30:53,486  INFO  [FeatureSelector/bear]   Feature                              Importancia Peso norm.     pb_y
2026-03-19 12:30:53,486  INFO  [FeatureSelector/bear]   ----------------------------------- ------------ ---------- --------
2026-03-19 12:30:53,487  INFO  [FeatureSelector/bear]    1. eps_surprise_pct                        0.1856     0.2023    0.000
2026-03-19 12:30:53,488  INFO  [FeatureSelector/bear]    2. eps_revision                            0.1214     0.1323    0.039
2026-03-19 12:30:53,488  INFO  [FeatureSelector/bear]    3. debt_equity                             0.0958     0.1045    0.009
2026-03-19 12:30:53,489  INFO  [FeatureSelector/bear]    4. interest_coverage                       0.0905     0.0986    0.012
2026-03-19 12:30:53,489  INFO  [FeatureSelector/bear]    5. total_debt_yoy_growth                   0.0869     0.0947    0.007
2026-03-19 12:30:53,490  INFO  [FeatureSelector/bear]    6. current_ratio                           0.0859     0.0937    0.013
2026-03-19 12:30:53,490  INFO  [FeatureSelector/bear]    7. fcf                                     0.0689     0.0751    0.061
2026-03-19 12:30:53,491  INFO  [FeatureSelector/bear]    8. debt_to_ebitda                          0.0682     0.0744    0.027
2026-03-19 12:30:53,496  INFO  [FeatureSelector/bear]    9. insider_net_shares_90d                  0.0658     0.0718    0.001
2026-03-19 12:30:53,498  INFO  [FeatureSelector/bear]   10. insider_sell_ratio                      0.0482     0.0525    0.011
2026-03-19 12:30:53,499  INFO  [FeatureSelector/bear]   Descartadas por importancia baja (10): consecutive_losses, revenue_decline, debt_growth_high, debt_equity_high, debt_ebitda_high, fcf_negative, low_coverage, liquidity_risk, insider_selling, eps_miss
2026-03-19 12:30:53,499  INFO  [FeatureSelector/bear] Resumen: 20 features → corr_drop=0 → imp_drop=10 → 10 seleccionadas (top-10)
2026-03-19 12:30:58,612  INFO  [BearAgent] CV AUC=0.5785 ± 0.0154
2026-03-19 12:31:02,325  INFO  [bear] Top-5 features: eps_surprise_pct=0.206 | eps_revision=0.120 | total_debt_yoy_growth=0.116 | debt_equity=0.115 | interest_coverage=0.114
2026-03-19 12:31:02,348  INFO  [bear] Diagnósticos → diagnostics_fold1.json
2026-03-19 12:31:02,350  INFO  [BearAgent] Flag report → flag_report_fold1.json
2026-03-19 12:31:02,575  INFO  [bear] Explainer SHAP listo (TreeExplainer, 100 background)
2026-03-19 12:31:02,924  INFO  [bear] Importancia SHAP global -> shap_global_fold1.csv
2026-03-19 12:31:02,929  INFO  [FundamentalAgent] Entrenando — 1695 muestras
2026-03-19 12:31:03,347  INFO  [FeatureSelector/fundamental] Paso 1 — correlación >85%: eliminadas 9 / 62 features
2026-03-19 12:31:03,347  INFO  [FeatureSelector/fundamental]   ELIMINADA por corr: roi (|corr|=0.871 con roi_zsector; pb_y(roi)=0.008 < pb_y(roi_zsector)=0.011)
2026-03-19 12:31:03,347  INFO  [FeatureSelector/fundamental]   ELIMINADA por corr: roa (|corr|=0.886 con roa_zsector; pb_y(roa)=0.002 < pb_y(roa_zsector)=0.005)
2026-03-19 12:31:03,347  INFO  [FeatureSelector/fundamental]   ELIMINADA por corr: ebitda_margin_zsector (|corr|=0.879 con ebitda_margin; pb_y(ebitda_margin_zsector)=0.009 < pb_y(ebitda_margin)=0.027)
2026-03-19 12:31:03,347  INFO  [FeatureSelector/fundamental]   ELIMINADA por corr: quick_ratio (|corr|=0.977 con current_ratio; pb_y(quick_ratio)=0.003 < pb_y(current_ratio)=0.006)
2026-03-19 12:31:03,347  INFO  [FeatureSelector/fundamental]   ELIMINADA por corr: current_ratio (|corr|=0.882 con current_ratio_zsector; pb_y(current_ratio)=0.006 < pb_y(current_ratio_zsector)=0.011)
2026-03-19 12:31:03,347  INFO  [FeatureSelector/fundamental]   ELIMINADA por corr: quick_ratio_zsector (|corr|=0.972 con current_ratio_zsector; pb_y(quick_ratio_zsector)=0.002 < pb_y(current_ratio_zsector)=0.011)
2026-03-19 12:31:03,347  INFO  [FeatureSelector/fundamental]   ELIMINADA por corr: eps_yoy_growth (|corr|=0.990 con net_income_yoy_growth; pb_y(eps_yoy_growth)=0.001 < pb_y(net_income_yoy_growth)=0.003)
2026-03-19 12:31:03,347  INFO  [FeatureSelector/fundamental]   ELIMINADA por corr: net_income_yoy_growth_zsector (|corr|=0.985 con eps_yoy_growth_zsector; pb_y(net_income_yoy_growth_zsector)=0.000 < pb_y(eps_yoy_growth_zsector)=0.002)
2026-03-19 12:31:03,347  INFO  [FeatureSelector/fundamental]   ELIMINADA por corr: debt_equity (|corr|=0.915 con roe; pb_y(debt_equity)=0.025 < pb_y(roe)=0.037)
2026-03-19 12:31:03,347  INFO  [FeatureSelector/fundamental]   [diag] Correlaciones entre features con raíz común (supervivientes):
2026-03-19 12:31:03,347  INFO  [FeatureSelector/fundamental]   [diag]   roe ↔ roe_zsector: |corr|=0.667
2026-03-19 12:31:03,347  INFO  [FeatureSelector/fundamental]   [diag]   roic ↔ roic_zsector: |corr|=0.782
2026-03-19 12:31:03,347  INFO  [FeatureSelector/fundamental]   [diag]   net_margin ↔ net_margin_zsector: |corr|=0.593
2026-03-19 12:31:03,347  INFO  [FeatureSelector/fundamental]   [diag]   gross_margin ↔ gross_margin_zsector: |corr|=0.832
2026-03-19 12:31:03,357  INFO  [FeatureSelector/fundamental]   [diag]   fcf_margin ↔ fcf_margin_zsector: |corr|=0.678
2026-03-19 12:31:03,357  INFO  [FeatureSelector/fundamental]   [diag]   operating_margin ↔ operating_margin_zsector: |corr|=0.345
2026-03-19 12:31:03,358  INFO  [FeatureSelector/fundamental]   [diag]   debt_to_ebitda ↔ debt_to_ebitda_zsector: |corr|=0.725
2026-03-19 12:31:03,358  INFO  [FeatureSelector/fundamental]   [diag]   interest_coverage ↔ interest_coverage_zsector: |corr|=0.761
2026-03-19 12:31:03,359  INFO  [FeatureSelector/fundamental]   [diag]   revenue_yoy_growth ↔ revenue_yoy_growth_zsector: |corr|=0.216
2026-03-19 12:31:03,360  INFO  [FeatureSelector/fundamental]   [diag]   eps ↔ eps_yoy_growth_zsector: |corr|=0.006
2026-03-19 12:31:03,737  INFO  [FeatureSelector/fundamental] Paso 2 — top-10 features por importancia RF:
2026-03-19 12:31:03,738  INFO  [FeatureSelector/fundamental]   Feature                              Importancia Peso norm.     pb_y
2026-03-19 12:31:03,738  INFO  [FeatureSelector/fundamental]   ----------------------------------- ------------ ---------- --------
2026-03-19 12:31:03,739  INFO  [FeatureSelector/fundamental]    1. total_debt_yoy_growth                   0.0509     0.1315    0.032
2026-03-19 12:31:03,739  INFO  [FeatureSelector/fundamental]    2. eps_yoy_growth_zsector                  0.0468     0.1209    0.002
2026-03-19 12:31:03,740  INFO  [FeatureSelector/fundamental]    3. roic_zsector                            0.0445     0.1151    0.022
2026-03-19 12:31:03,740  INFO  [FeatureSelector/fundamental]    4. volatility_20d_zsector                  0.0395     0.1021    0.032
2026-03-19 12:31:03,741  INFO  [FeatureSelector/fundamental]    5. ebitda_margin                           0.0394     0.1019    0.027
2026-03-19 12:31:03,741  INFO  [FeatureSelector/fundamental]    6. revenue_yoy_growth_zsector              0.0359     0.0927    0.007
2026-03-19 12:31:03,742  INFO  [FeatureSelector/fundamental]    7. interest_coverage_zsector               0.0339     0.0877    0.004
2026-03-19 12:31:03,742  INFO  [FeatureSelector/fundamental]    8. pb_ratio_zsector                        0.0328     0.0848    0.026
2026-03-19 12:31:03,742  INFO  [FeatureSelector/fundamental]    9. roi_zsector                             0.0317     0.0821    0.011
2026-03-19 12:31:03,743  INFO  [FeatureSelector/fundamental]   10. revenue_yoy_growth                      0.0314     0.0812    0.021
2026-03-19 12:31:03,743  INFO  [FeatureSelector/fundamental]   Descartadas por importancia baja (43): roe, roic, net_margin, gross_margin, fcf_margin, operating_margin, debt_to_ebitda, interest_coverage, net_income_yoy_growth, operating_income_yoy_growth, accruals_ratio, capex_to_revenue, consecutive_losses, eps, roe_zsector, roa_zsector, net_margin_zsector, gross_margin_zsector, fcf_margin_zsector, operating_margin_zsector, current_ratio_zsector, debt_equity_zsector, debt_to_ebitda_zsector, pe_ratio_zsector, ev_to_ebitda_zsector, fcf_yield_zsector, momentum_12m_zsector, sector_Aerospace, sector_Auto-Tires-Trucks, sector_Basic Materials, sector_Business Services, sector_Computer And Technology, sector_Conglomerates, sector_Construction, sector_Consumer Discretionary, sector_Consumer Staples, sector_Finance, sector_Industrial Products, sector_Medical, sector_Oils-Energy, sector_Retail-Wholesale, sector_Transportation, sector_Utilities
2026-03-19 12:31:03,744  INFO  [FeatureSelector/fundamental] Resumen: 62 features → corr_drop=9 → imp_drop=43 → 10 seleccionadas (top-10)
2026-03-19 12:31:08,220  INFO  [FundamentalAgent] CV AUC=0.5235 ± 0.0247
2026-03-19 12:31:11,500  INFO  [fundamental] Top-5 features: eps_yoy_growth_zsector=0.107 | revenue_yoy_growth_zsector=0.107 | revenue_yoy_growth=0.104 | pb_ratio_zsector=0.101 | roic_zsector=0.100
2026-03-19 12:31:11,507  INFO  [fundamental] Diagnósticos → diagnostics_fold0.json
2026-03-19 12:31:11,887  INFO  [FundamentalAgent] Entrenando — 1695 muestras
2026-03-19 12:31:12,349  INFO  [FeatureSelector/fundamental] Paso 1 — correlación >85%: eliminadas 8 / 62 features
2026-03-19 12:31:12,349  INFO  [FeatureSelector/fundamental]   ELIMINADA por corr: roa (|corr|=0.876 con roa_zsector; pb_y(roa)=0.006 < pb_y(roa_zsector)=0.007)
2026-03-19 12:31:12,349  INFO  [FeatureSelector/fundamental]   ELIMINADA por corr: roi (|corr|=0.857 con roi_zsector; pb_y(roi)=0.024 < pb_y(roi_zsector)=0.025)
2026-03-19 12:31:12,349  INFO  [FeatureSelector/fundamental]   ELIMINADA por corr: ebitda_margin (|corr|=0.876 con ebitda_margin_zsector; pb_y(ebitda_margin)=0.012 < pb_y(ebitda_margin_zsector)=0.019)
2026-03-19 12:31:12,349  INFO  [FeatureSelector/fundamental]   ELIMINADA por corr: current_ratio (|corr|=0.971 con quick_ratio; pb_y(current_ratio)=0.007 < pb_y(quick_ratio)=0.011)
2026-03-19 12:31:12,349  INFO  [FeatureSelector/fundamental]   ELIMINADA por corr: quick_ratio_zsector (|corr|=0.968 con current_ratio_zsector; pb_y(quick_ratio_zsector)=0.001 < pb_y(current_ratio_zsector)=0.007)
2026-03-19 12:31:12,349  INFO  [FeatureSelector/fundamental]   ELIMINADA por corr: debt_equity (|corr|=0.936 con roe; pb_y(debt_equity)=0.006 < pb_y(roe)=0.008)
2026-03-19 12:31:12,349  INFO  [FeatureSelector/fundamental]   ELIMINADA por corr: eps_yoy_growth_zsector (|corr|=0.893 con net_income_yoy_growth_zsector; pb_y(eps_yoy_growth_zsector)=0.029 < pb_y(net_income_yoy_growth_zsector)=0.050)
2026-03-19 12:31:12,349  INFO  [FeatureSelector/fundamental]   ELIMINADA por corr: eps_yoy_growth (|corr|=1.000 con eps; pb_y(eps_yoy_growth)=0.024 < pb_y(eps)=0.025)
2026-03-19 12:31:12,349  INFO  [FeatureSelector/fundamental]   [diag] Correlaciones entre features con raíz común (supervivientes):
2026-03-19 12:31:12,349  INFO  [FeatureSelector/fundamental]   [diag]   roe ↔ roe_zsector: |corr|=0.658
2026-03-19 12:31:12,359  INFO  [FeatureSelector/fundamental]   [diag]   roic ↔ roic_zsector: |corr|=0.766
2026-03-19 12:31:12,359  INFO  [FeatureSelector/fundamental]   [diag]   net_margin ↔ net_margin_zsector: |corr|=0.567
2026-03-19 12:31:12,359  INFO  [FeatureSelector/fundamental]   [diag]   gross_margin ↔ gross_margin_zsector: |corr|=0.814
2026-03-19 12:31:12,359  INFO  [FeatureSelector/fundamental]   [diag]   fcf_margin ↔ fcf_margin_zsector: |corr|=0.694
2026-03-19 12:31:12,359  INFO  [FeatureSelector/fundamental]   [diag]   operating_margin ↔ operating_margin_zsector: |corr|=0.310
2026-03-19 12:31:12,362  INFO  [FeatureSelector/fundamental]   [diag]   debt_to_ebitda ↔ debt_to_ebitda_zsector: |corr|=0.691
2026-03-19 12:31:12,362  INFO  [FeatureSelector/fundamental]   [diag]   interest_coverage ↔ interest_coverage_zsector: |corr|=0.705
2026-03-19 12:31:12,363  INFO  [FeatureSelector/fundamental]   [diag]   revenue_yoy_growth ↔ revenue_yoy_growth_zsector: |corr|=0.211
2026-03-19 12:31:12,363  INFO  [FeatureSelector/fundamental]   [diag]   net_income_yoy_growth ↔ net_income_yoy_growth_zsector: |corr|=0.745
2026-03-19 12:31:12,750  INFO  [FeatureSelector/fundamental] Paso 2 — top-10 features por importancia RF:
2026-03-19 12:31:12,750  INFO  [FeatureSelector/fundamental]   Feature                              Importancia Peso norm.     pb_y
2026-03-19 12:31:12,750  INFO  [FeatureSelector/fundamental]   ----------------------------------- ------------ ---------- --------
2026-03-19 12:31:12,750  INFO  [FeatureSelector/fundamental]    1. momentum_12m_zsector                    0.0487     0.1244    0.050
2026-03-19 12:31:12,750  INFO  [FeatureSelector/fundamental]    2. volatility_20d_zsector                  0.0424     0.1082    0.019
2026-03-19 12:31:12,750  INFO  [FeatureSelector/fundamental]    3. accruals_ratio                          0.0421     0.1075    0.055
2026-03-19 12:31:12,750  INFO  [FeatureSelector/fundamental]    4. roi_zsector                             0.0405     0.1035    0.025
2026-03-19 12:31:12,750  INFO  [FeatureSelector/fundamental]    5. gross_margin_zsector                    0.0393     0.1004    0.015
2026-03-19 12:31:12,750  INFO  [FeatureSelector/fundamental]    6. roic_zsector                            0.0388     0.0992    0.029
2026-03-19 12:31:12,750  INFO  [FeatureSelector/fundamental]    7. pe_ratio_zsector                        0.0381     0.0973    0.012
2026-03-19 12:31:12,750  INFO  [FeatureSelector/fundamental]    8. debt_equity_zsector                     0.0351     0.0896    0.005
2026-03-19 12:31:12,760  INFO  [FeatureSelector/fundamental]    9. roa_zsector                             0.0344     0.0880    0.007
2026-03-19 12:31:12,760  INFO  [FeatureSelector/fundamental]   10. net_margin_zsector                      0.0321     0.0821    0.033
2026-03-19 12:31:12,760  INFO  [FeatureSelector/fundamental]   Descartadas por importancia baja (44): roe, roic, net_margin, gross_margin, fcf_margin, operating_margin, quick_ratio, debt_to_ebitda, interest_coverage, revenue_yoy_growth, net_income_yoy_growth, operating_income_yoy_growth, total_debt_yoy_growth, capex_to_revenue, consecutive_losses, eps, roe_zsector, fcf_margin_zsector, ebitda_margin_zsector, operating_margin_zsector, current_ratio_zsector, debt_to_ebitda_zsector, pb_ratio_zsector, ev_to_ebitda_zsector, fcf_yield_zsector, revenue_yoy_growth_zsector, net_income_yoy_growth_zsector, interest_coverage_zsector, sector_Aerospace, sector_Auto-Tires-Trucks, sector_Basic Materials, sector_Business Services, sector_Computer And Technology, sector_Conglomerates, sector_Construction, sector_Consumer Discretionary, sector_Consumer Staples, sector_Finance, sector_Industrial Products, sector_Medical, sector_Oils-Energy, sector_Retail-Wholesale, sector_Transportation, sector_Utilities
2026-03-19 12:31:12,760  INFO  [FeatureSelector/fundamental] Resumen: 62 features → corr_drop=8 → imp_drop=44 → 10 seleccionadas (top-10)
2026-03-19 12:31:17,449  INFO  [FundamentalAgent] CV AUC=0.5390 ± 0.0165
2026-03-19 12:31:20,734  INFO  [fundamental] Top-5 features: roa_zsector=0.108 | volatility_20d_zsector=0.107 | net_margin_zsector=0.102 | roic_zsector=0.101 | pe_ratio_zsector=0.101
2026-03-19 12:31:20,741  INFO  [fundamental] Diagnósticos → diagnostics_fold0.json
2026-03-19 12:31:21,134  INFO  [FundamentalAgent] Entrenando — 1696 muestras
2026-03-19 12:31:21,600  INFO  [FeatureSelector/fundamental] Paso 1 — correlación >85%: eliminadas 10 / 62 features
2026-03-19 12:31:21,601  INFO  [FeatureSelector/fundamental]   ELIMINADA por corr: roa (|corr|=0.877 con roi; pb_y(roa)=0.022 < pb_y(roi)=0.048)
2026-03-19 12:31:21,601  INFO  [FeatureSelector/fundamental]   ELIMINADA por corr: roi (|corr|=0.865 con roi_zsector; pb_y(roi)=0.048 < pb_y(roi_zsector)=0.050)
2026-03-19 12:31:21,602  INFO  [FeatureSelector/fundamental]   ELIMINADA por corr: net_margin (|corr|=0.896 con net_margin_zsector; pb_y(net_margin)=0.030 < pb_y(net_margin_zsector)=0.033)
2026-03-19 12:31:21,602  INFO  [FeatureSelector/fundamental]   ELIMINADA por corr: ebitda_margin (|corr|=0.875 con ebitda_margin_zsector; pb_y(ebitda_margin)=0.033 < pb_y(ebitda_margin_zsector)=0.049)
2026-03-19 12:31:21,602  INFO  [FeatureSelector/fundamental]   ELIMINADA por corr: current_ratio (|corr|=0.959 con quick_ratio; pb_y(current_ratio)=0.001 < pb_y(quick_ratio)=0.013)
2026-03-19 12:31:21,603  INFO  [FeatureSelector/fundamental]   ELIMINADA por corr: current_ratio_zsector (|corr|=0.967 con quick_ratio_zsector; pb_y(current_ratio_zsector)=0.003 < pb_y(quick_ratio_zsector)=0.014)
2026-03-19 12:31:21,603  INFO  [FeatureSelector/fundamental]   ELIMINADA por corr: net_income_yoy_growth_zsector (|corr|=0.895 con eps_yoy_growth_zsector; pb_y(net_income_yoy_growth_zsector)=0.006 < pb_y(eps_yoy_growth_zsector)=0.023)
2026-03-19 12:31:21,604  INFO  [FeatureSelector/fundamental]   ELIMINADA por corr: debt_equity (|corr|=0.941 con roe; pb_y(debt_equity)=0.003 < pb_y(roe)=0.007)
2026-03-19 12:31:21,604  INFO  [FeatureSelector/fundamental]   ELIMINADA por corr: revenue_yoy_growth_zsector (|corr|=0.931 con revenue_yoy_growth; pb_y(revenue_yoy_growth_zsector)=0.006 < pb_y(revenue_yoy_growth)=0.019)
2026-03-19 12:31:21,605  INFO  [FeatureSelector/fundamental]   ELIMINADA por corr: eps_yoy_growth (|corr|=1.000 con eps; pb_y(eps_yoy_growth)=0.025 < pb_y(eps)=0.025)
2026-03-19 12:31:21,605  INFO  [FeatureSelector/fundamental]   [diag] Correlaciones entre features con raíz común (supervivientes):
2026-03-19 12:31:21,606  INFO  [FeatureSelector/fundamental]   [diag]   roe ↔ roe_zsector: |corr|=0.713
2026-03-19 12:31:21,606  INFO  [FeatureSelector/fundamental]   [diag]   roic ↔ roic_zsector: |corr|=0.772
2026-03-19 12:31:21,606  INFO  [FeatureSelector/fundamental]   [diag]   gross_margin ↔ gross_margin_zsector: |corr|=0.816
2026-03-19 12:31:21,607  INFO  [FeatureSelector/fundamental]   [diag]   fcf_margin ↔ fcf_margin_zsector: |corr|=0.711
2026-03-19 12:31:21,607  INFO  [FeatureSelector/fundamental]   [diag]   operating_margin ↔ operating_margin_zsector: |corr|=0.849
2026-03-19 12:31:21,608  INFO  [FeatureSelector/fundamental]   [diag]   quick_ratio ↔ quick_ratio_zsector: |corr|=0.867
2026-03-19 12:31:21,608  INFO  [FeatureSelector/fundamental]   [diag]   debt_to_ebitda ↔ debt_to_ebitda_zsector: |corr|=0.685
2026-03-19 12:31:21,609  INFO  [FeatureSelector/fundamental]   [diag]   interest_coverage ↔ interest_coverage_zsector: |corr|=0.743
2026-03-19 12:31:21,609  INFO  [FeatureSelector/fundamental]   [diag]   eps ↔ eps_yoy_growth_zsector: |corr|=0.300
2026-03-19 12:31:21,979  INFO  [FeatureSelector/fundamental] Paso 2 — top-10 features por importancia RF:
2026-03-19 12:31:21,980  INFO  [FeatureSelector/fundamental]   Feature                              Importancia Peso norm.     pb_y
2026-03-19 12:31:21,980  INFO  [FeatureSelector/fundamental]   ----------------------------------- ------------ ---------- --------
2026-03-19 12:31:21,980  INFO  [FeatureSelector/fundamental]    1. operating_margin                        0.0497     0.1178    0.027
2026-03-19 12:31:21,981  INFO  [FeatureSelector/fundamental]    2. momentum_12m_zsector                    0.0490     0.1160    0.042
2026-03-19 12:31:21,981  INFO  [FeatureSelector/fundamental]    3. roi_zsector                             0.0485     0.1149    0.050
2026-03-19 12:31:21,982  INFO  [FeatureSelector/fundamental]    4. roic                                    0.0479     0.1134    0.055
2026-03-19 12:31:21,982  INFO  [FeatureSelector/fundamental]    5. operating_margin_zsector                0.0434     0.1027    0.030
2026-03-19 12:31:21,983  INFO  [FeatureSelector/fundamental]    6. operating_income_yoy_growth             0.0401     0.0950    0.014
2026-03-19 12:31:21,983  INFO  [FeatureSelector/fundamental]    7. interest_coverage                       0.0370     0.0876    0.003
2026-03-19 12:31:21,983  INFO  [FeatureSelector/fundamental]    8. roic_zsector                            0.0364     0.0861    0.061
2026-03-19 12:31:21,984  INFO  [FeatureSelector/fundamental]    9. net_income_yoy_growth                   0.0363     0.0860    0.006
2026-03-19 12:31:21,984  INFO  [FeatureSelector/fundamental]   10. quick_ratio                             0.0340     0.0805    0.013
2026-03-19 12:31:21,985  INFO  [FeatureSelector/fundamental]   Descartadas por importancia baja (42): roe, gross_margin, fcf_margin, debt_to_ebitda, revenue_yoy_growth, total_debt_yoy_growth, accruals_ratio, capex_to_revenue, consecutive_losses, eps, roe_zsector, roa_zsector, net_margin_zsector, gross_margin_zsector, fcf_margin_zsector, ebitda_margin_zsector, quick_ratio_zsector, debt_equity_zsector, debt_to_ebitda_zsector, pe_ratio_zsector, pb_ratio_zsector, ev_to_ebitda_zsector, fcf_yield_zsector, eps_yoy_growth_zsector, volatility_20d_zsector, interest_coverage_zsector, sector_Aerospace, sector_Auto-Tires-Trucks, sector_Basic Materials, sector_Business Services, sector_Computer And Technology, sector_Conglomerates, sector_Construction, sector_Consumer Discretionary, sector_Consumer Staples, sector_Finance, sector_Industrial Products, sector_Medical, sector_Oils-Energy, sector_Retail-Wholesale, sector_Transportation, sector_Utilities
2026-03-19 12:31:21,985  INFO  [FeatureSelector/fundamental] Resumen: 62 features → corr_drop=10 → imp_drop=42 → 10 seleccionadas (top-10)
2026-03-19 12:31:26,829  INFO  [FundamentalAgent] CV AUC=0.5228 ± 0.0305
2026-03-19 12:31:30,390  INFO  [fundamental] Top-5 features: operating_income_yoy_growth=0.104 | operating_margin=0.103 | roic_zsector=0.103 | net_income_yoy_growth=0.101 | momentum_12m_zsector=0.101
2026-03-19 12:31:30,396  INFO  [fundamental] Diagnósticos → diagnostics_fold0.json
2026-03-19 12:31:30,790  INFO  [ValuationAgent] Entrenando — 1695 muestras
2026-03-19 12:31:31,168  INFO  [FeatureSelector/valuation] Paso 1 — correlación >85%: eliminadas 1 / 17 features
2026-03-19 12:31:31,168  INFO  [FeatureSelector/valuation]   ELIMINADA por corr: eps_est (|corr|=0.992 con eps_reported; pb_y(eps_est)=0.005 < pb_y(eps_reported)=0.009)
2026-03-19 12:31:31,556  INFO  [FeatureSelector/valuation] Paso 2 — top-10 features por importancia RF:
2026-03-19 12:31:31,556  INFO  [FeatureSelector/valuation]   Feature                              Importancia Peso norm.     pb_y
2026-03-19 12:31:31,557  INFO  [FeatureSelector/valuation]   ----------------------------------- ------------ ---------- --------
2026-03-19 12:31:31,557  INFO  [FeatureSelector/valuation]    1. eps_surprise_pct                        0.0985     0.1316    0.013
2026-03-19 12:31:31,558  INFO  [FeatureSelector/valuation]    2. pb_ratio                                0.0832     0.1111    0.019
2026-03-19 12:31:31,558  INFO  [FeatureSelector/valuation]    3. pe_sector_pct                           0.0798     0.1065    0.013
2026-03-19 12:31:31,559  INFO  [FeatureSelector/valuation]    4. pe_vs_5y_median                         0.0756     0.1010    0.013
2026-03-19 12:31:31,559  INFO  [FeatureSelector/valuation]    5. ps_ratio                                0.0746     0.0996    0.005
2026-03-19 12:31:31,559  INFO  [FeatureSelector/valuation]    6. pe_ratio                                0.0710     0.0948    0.018
2026-03-19 12:31:31,560  INFO  [FeatureSelector/valuation]    7. earnings_yield                          0.0697     0.0931    0.007
2026-03-19 12:31:31,560  INFO  [FeatureSelector/valuation]    8. ev_ebitda_vs_5y_median                  0.0691     0.0923    0.015
2026-03-19 12:31:31,561  INFO  [FeatureSelector/valuation]    9. pb_sector_pct                           0.0651     0.0869    0.032
2026-03-19 12:31:31,561  INFO  [FeatureSelector/valuation]   10. pb_vs_5y_median                         0.0623     0.0832    0.012
2026-03-19 12:31:31,562  INFO  [FeatureSelector/valuation]   Descartadas por importancia baja (6): ev_to_ebitda, fcf_yield, eps_revision, eps_reported, ev_sector_pct, fcf_sector_pct
2026-03-19 12:31:31,562  INFO  [FeatureSelector/valuation] Resumen: 17 features → corr_drop=1 → imp_drop=6 → 10 seleccionadas (top-10)
2026-03-19 12:31:42,544  INFO  [ValuationAgent] CV AUC=0.4824 ± 0.0315
2026-03-19 12:31:53,476  INFO  [valuation] Top-5 features: ps_ratio=0.151 | pe_sector_pct=0.118 | pb_ratio=0.117 | eps_surprise_pct=0.109 | pb_vs_5y_median=0.107
2026-03-19 12:31:53,498  INFO  [valuation] Diagnósticos → diagnostics_fold0.json
2026-03-19 12:31:53,715  INFO  [ValuationAgent] Entrenando — 1695 muestras
2026-03-19 12:31:54,042  INFO  [FeatureSelector/valuation] Paso 1 — correlación >85%: eliminadas 1 / 17 features
2026-03-19 12:31:54,042  INFO  [FeatureSelector/valuation]   ELIMINADA por corr: eps_reported (|corr|=0.994 con eps_est; pb_y(eps_reported)=0.038 < pb_y(eps_est)=0.039)
2026-03-19 12:31:54,396  INFO  [FeatureSelector/valuation] Paso 2 — top-10 features por importancia RF:
2026-03-19 12:31:54,397  INFO  [FeatureSelector/valuation]   Feature                              Importancia Peso norm.     pb_y
2026-03-19 12:31:54,397  INFO  [FeatureSelector/valuation]   ----------------------------------- ------------ ---------- --------
2026-03-19 12:31:54,398  INFO  [FeatureSelector/valuation]    1. eps_revision                            0.1022     0.1392    0.034
2026-03-19 12:31:54,398  INFO  [FeatureSelector/valuation]    2. ps_ratio                                0.0995     0.1354    0.011
2026-03-19 12:31:54,399  INFO  [FeatureSelector/valuation]    3. eps_surprise_pct                        0.0745     0.1014    0.014
2026-03-19 12:31:54,399  INFO  [FeatureSelector/valuation]    4. pb_sector_pct                           0.0743     0.1012    0.007
2026-03-19 12:31:54,399  INFO  [FeatureSelector/valuation]    5. pb_ratio                                0.0716     0.0975    0.009
2026-03-19 12:31:54,399  INFO  [FeatureSelector/valuation]    6. pe_vs_5y_median                         0.0684     0.0931    0.030
2026-03-19 12:31:54,399  INFO  [FeatureSelector/valuation]    7. pb_vs_5y_median                         0.0682     0.0929    0.023
2026-03-19 12:31:54,399  INFO  [FeatureSelector/valuation]    8. ev_ebitda_vs_5y_median                  0.0636     0.0866    0.014
2026-03-19 12:31:54,399  INFO  [FeatureSelector/valuation]    9. pe_sector_pct                           0.0591     0.0804    0.002
2026-03-19 12:31:54,399  INFO  [FeatureSelector/valuation]   10. eps_est                                 0.0532     0.0724    0.039
2026-03-19 12:31:54,399  INFO  [FeatureSelector/valuation]   Descartadas por importancia baja (6): pe_ratio, ev_to_ebitda, fcf_yield, earnings_yield, ev_sector_pct, fcf_sector_pct
2026-03-19 12:31:54,399  INFO  [FeatureSelector/valuation] Resumen: 17 features → corr_drop=1 → imp_drop=6 → 10 seleccionadas (top-10)
2026-03-19 12:32:04,574  INFO  [ValuationAgent] CV AUC=0.4886 ± 0.0304
2026-03-19 12:32:14,792  INFO  [valuation] Top-5 features: pe_vs_5y_median=0.142 | ps_ratio=0.125 | pb_sector_pct=0.107 | eps_revision=0.104 | pe_sector_pct=0.103
2026-03-19 12:32:14,813  INFO  [valuation] Diagnósticos → diagnostics_fold0.json
2026-03-19 12:32:15,024  INFO  [ValuationAgent] Entrenando — 1696 muestras
2026-03-19 12:32:15,372  INFO  [FeatureSelector/valuation] Paso 1 — correlación >85%: eliminadas 1 / 17 features
2026-03-19 12:32:15,372  INFO  [FeatureSelector/valuation]   ELIMINADA por corr: eps_reported (|corr|=0.996 con eps_est; pb_y(eps_reported)=0.030 < pb_y(eps_est)=0.033)
2026-03-19 12:32:15,730  INFO  [FeatureSelector/valuation] Paso 2 — top-10 features por importancia RF:
2026-03-19 12:32:15,730  INFO  [FeatureSelector/valuation]   Feature                              Importancia Peso norm.     pb_y
2026-03-19 12:32:15,730  INFO  [FeatureSelector/valuation]   ----------------------------------- ------------ ---------- --------
2026-03-19 12:32:15,733  INFO  [FeatureSelector/valuation]    1. pb_sector_pct                           0.0924     0.1207    0.006
2026-03-19 12:32:15,733  INFO  [FeatureSelector/valuation]    2. ps_ratio                                0.0871     0.1137    0.051
2026-03-19 12:32:15,733  INFO  [FeatureSelector/valuation]    3. pb_vs_5y_median                         0.0858     0.1121    0.023
2026-03-19 12:32:15,733  INFO  [FeatureSelector/valuation]    4. pe_vs_5y_median                         0.0856     0.1118    0.013
2026-03-19 12:32:15,734  INFO  [FeatureSelector/valuation]    5. pb_ratio                                0.0770     0.1005    0.014
2026-03-19 12:32:15,734  INFO  [FeatureSelector/valuation]    6. earnings_yield                          0.0717     0.0936    0.025
2026-03-19 12:32:15,734  INFO  [FeatureSelector/valuation]    7. pe_ratio                                0.0699     0.0912    0.015
2026-03-19 12:32:15,734  INFO  [FeatureSelector/valuation]    8. pe_sector_pct                           0.0692     0.0904    0.005
2026-03-19 12:32:15,734  INFO  [FeatureSelector/valuation]    9. eps_surprise_pct                        0.0665     0.0868    0.009
2026-03-19 12:32:15,734  INFO  [FeatureSelector/valuation]   10. eps_est                                 0.0606     0.0792    0.033
2026-03-19 12:32:15,734  INFO  [FeatureSelector/valuation]   Descartadas por importancia baja (6): ev_to_ebitda, fcf_yield, ev_ebitda_vs_5y_median, eps_revision, ev_sector_pct, fcf_sector_pct
2026-03-19 12:32:15,734  INFO  [FeatureSelector/valuation] Resumen: 17 features → corr_drop=1 → imp_drop=6 → 10 seleccionadas (top-10)
2026-03-19 12:32:27,181  INFO  [ValuationAgent] CV AUC=0.5383 ± 0.0278
2026-03-19 12:32:39,009  INFO  [valuation] Top-5 features: pb_vs_5y_median=0.150 | pb_sector_pct=0.130 | pe_vs_5y_median=0.128 | ps_ratio=0.105 | pb_ratio=0.101
2026-03-19 12:32:39,030  INFO  [valuation] Diagnósticos → diagnostics_fold0.json
2026-03-19 12:32:39,255  INFO  [MomentumAgent] Entrenando — 1695 muestras
2026-03-19 12:32:39,462  INFO  [FeatureSelector/momentum] Paso 1 — correlación >85%: eliminadas 10 / 32 features
2026-03-19 12:32:39,462  INFO  [FeatureSelector/momentum]   ELIMINADA por corr: sma_50 (|corr|=0.901 con rsi_28; pb_y(sma_50)=0.042 < pb_y(rsi_28)=0.076)
2026-03-19 12:32:39,463  INFO  [FeatureSelector/momentum]   ELIMINADA por corr: rsi_28 (|corr|=0.942 con rsi_14; pb_y(rsi_28)=0.076 < pb_y(rsi_14)=0.097)
2026-03-19 12:32:39,463  INFO  [FeatureSelector/momentum]   ELIMINADA por corr: sma_20 (|corr|=0.860 con rsi_14; pb_y(sma_20)=0.069 < pb_y(rsi_14)=0.097)
2026-03-19 12:32:39,463  INFO  [FeatureSelector/momentum]   ELIMINADA por corr: sma_200 (|corr|=0.924 con momentum_6m; pb_y(sma_200)=0.004 < pb_y(momentum_6m)=0.009)
2026-03-19 12:32:39,464  INFO  [FeatureSelector/momentum]   ELIMINADA por corr: rsi_14 (|corr|=0.886 con bb_pct; pb_y(rsi_14)=0.097 < pb_y(bb_pct)=0.127)
2026-03-19 12:32:39,465  INFO  [FeatureSelector/momentum]   ELIMINADA por corr: momentum_12m (|corr|=0.885 con price_vs_52w_low; pb_y(momentum_12m)=0.014 < pb_y(price_vs_52w_low)=0.028)
2026-03-19 12:32:39,465  INFO  [FeatureSelector/momentum]   ELIMINADA por corr: macd_signal (|corr|=0.939 con macd; pb_y(macd_signal)=0.033 < pb_y(macd)=0.049)
2026-03-19 12:32:39,466  INFO  [FeatureSelector/momentum]   ELIMINADA por corr: momentum_quality (|corr|=0.863 con price_vs_52w_low; pb_y(momentum_quality)=0.019 < pb_y(price_vs_52w_low)=0.028)
2026-03-19 12:32:39,466  INFO  [FeatureSelector/momentum]   ELIMINADA por corr: inverted_yield_curve (|corr|=0.930 con yield_curve; pb_y(inverted_yield_curve)=0.119 < pb_y(yield_curve)=0.119)
2026-03-19 12:32:39,466  INFO  [FeatureSelector/momentum]   ELIMINADA por corr: volatility_60d (|corr|=0.851 con volatility_20d; pb_y(volatility_60d)=0.017 < pb_y(volatility_20d)=0.033)
2026-03-19 12:32:39,845  INFO  [FeatureSelector/momentum] Paso 2 — top-10 features por importancia RF:
2026-03-19 12:32:39,845  INFO  [FeatureSelector/momentum]   Feature                              Importancia Peso norm.     pb_y
2026-03-19 12:32:39,846  INFO  [FeatureSelector/momentum]   ----------------------------------- ------------ ---------- --------
2026-03-19 12:32:39,846  INFO  [FeatureSelector/momentum]    1. bb_pct                                  0.1244     0.1602    0.127
2026-03-19 12:32:39,847  INFO  [FeatureSelector/momentum]    2. vix                                     0.1221     0.1573    0.016
2026-03-19 12:32:39,847  INFO  [FeatureSelector/momentum]    3. sp500_momentum_3m                       0.1171     0.1508    0.033
2026-03-19 12:32:39,848  INFO  [FeatureSelector/momentum]    4. yield_curve                             0.0958     0.1234    0.119
2026-03-19 12:32:39,848  INFO  [FeatureSelector/momentum]    5. volatility_20d                          0.0604     0.0778    0.033
2026-03-19 12:32:39,848  INFO  [FeatureSelector/momentum]    6. momentum_3m                             0.0573     0.0738    0.011
2026-03-19 12:32:39,850  INFO  [FeatureSelector/momentum]    7. macd_hist                               0.0553     0.0712    0.047
2026-03-19 12:32:39,850  INFO  [FeatureSelector/momentum]    8. momentum_1m                             0.0500     0.0644    0.021
2026-03-19 12:32:39,851  INFO  [FeatureSelector/momentum]    9. vol_ratio_20_50                         0.0478     0.0616    0.071
2026-03-19 12:32:39,851  INFO  [FeatureSelector/momentum]   10. macd                                    0.0461     0.0594    0.049
2026-03-19 12:32:39,852  INFO  [FeatureSelector/momentum]   Descartadas por importancia baja (12): price_vs_52w_high, price_vs_52w_low, momentum_6m, atr_14, sp500_momentum_12m, rsi_overbought, rsi_oversold, above_sma200, macd_bullish, cross_sma_20_50, vol_expansion, high_vix_regime
2026-03-19 12:32:39,852  INFO  [FeatureSelector/momentum] Resumen: 32 features → corr_drop=10 → imp_drop=12 → 10 seleccionadas (top-10)
2026-03-19 12:32:46,991  INFO  [MomentumAgent] CV AUC=0.7050 ± 0.0186
2026-03-19 12:32:53,716  INFO  [momentum] Top-5 features: vix=0.155 | sp500_momentum_3m=0.130 | bb_pct=0.127 | yield_curve=0.121 | volatility_20d=0.097
2026-03-19 12:32:53,725  INFO  [momentum] Diagnósticos → diagnostics_fold0.json
2026-03-19 12:32:54,705  INFO  [MomentumAgent] Entrenando — 1695 muestras
2026-03-19 12:32:54,948  INFO  [FeatureSelector/momentum] Paso 1 — correlación >85%: eliminadas 10 / 32 features
2026-03-19 12:32:54,948  INFO  [FeatureSelector/momentum]   ELIMINADA por corr: sma_50 (|corr|=0.899 con rsi_28; pb_y(sma_50)=0.080 < pb_y(rsi_28)=0.119)
2026-03-19 12:32:54,948  INFO  [FeatureSelector/momentum]   ELIMINADA por corr: rsi_28 (|corr|=0.937 con rsi_14; pb_y(rsi_28)=0.119 < pb_y(rsi_14)=0.136)
2026-03-19 12:32:54,949  INFO  [FeatureSelector/momentum]   ELIMINADA por corr: sma_20 (|corr|=0.860 con rsi_14; pb_y(sma_20)=0.109 < pb_y(rsi_14)=0.136)
2026-03-19 12:32:54,949  INFO  [FeatureSelector/momentum]   ELIMINADA por corr: momentum_6m (|corr|=0.920 con sma_200; pb_y(momentum_6m)=0.007 < pb_y(sma_200)=0.035)
2026-03-19 12:32:54,951  INFO  [FeatureSelector/momentum]   ELIMINADA por corr: rsi_14 (|corr|=0.878 con bb_pct; pb_y(rsi_14)=0.136 < pb_y(bb_pct)=0.140)
2026-03-19 12:32:54,951  INFO  [FeatureSelector/momentum]   ELIMINADA por corr: price_vs_52w_low (|corr|=0.868 con momentum_12m; pb_y(price_vs_52w_low)=0.006 < pb_y(momentum_12m)=0.019)
2026-03-19 12:32:54,952  INFO  [FeatureSelector/momentum]   ELIMINADA por corr: macd_signal (|corr|=0.930 con macd; pb_y(macd_signal)=0.078 < pb_y(macd)=0.102)
2026-03-19 12:32:54,952  INFO  [FeatureSelector/momentum]   ELIMINADA por corr: momentum_quality (|corr|=0.981 con momentum_12m; pb_y(momentum_quality)=0.008 < pb_y(momentum_12m)=0.019)
2026-03-19 12:32:54,953  INFO  [FeatureSelector/momentum]   ELIMINADA por corr: inverted_yield_curve (|corr|=0.934 con yield_curve; pb_y(inverted_yield_curve)=0.104 < pb_y(yield_curve)=0.109)
2026-03-19 12:32:54,953  INFO  [FeatureSelector/momentum]   ELIMINADA por corr: volatility_60d (|corr|=0.864 con volatility_20d; pb_y(volatility_60d)=0.011 < pb_y(volatility_20d)=0.028)
2026-03-19 12:32:55,378  INFO  [FeatureSelector/momentum] Paso 2 — top-10 features por importancia RF:
2026-03-19 12:32:55,378  INFO  [FeatureSelector/momentum]   Feature                              Importancia Peso norm.     pb_y
2026-03-19 12:32:55,378  INFO  [FeatureSelector/momentum]   ----------------------------------- ------------ ---------- --------
2026-03-19 12:32:55,378  INFO  [FeatureSelector/momentum]    1. yield_curve                             0.1359     0.1747    0.109
2026-03-19 12:32:55,378  INFO  [FeatureSelector/momentum]    2. vix                                     0.1267     0.1628    0.004
2026-03-19 12:32:55,378  INFO  [FeatureSelector/momentum]    3. sp500_momentum_3m                       0.0940     0.1208    0.023
2026-03-19 12:32:55,382  INFO  [FeatureSelector/momentum]    4. bb_pct                                  0.0721     0.0927    0.140
2026-03-19 12:32:55,382  INFO  [FeatureSelector/momentum]    5. macd_hist                               0.0664     0.0854    0.089
2026-03-19 12:32:55,382  INFO  [FeatureSelector/momentum]    6. price_vs_52w_high                       0.0614     0.0789    0.062
2026-03-19 12:32:55,382  INFO  [FeatureSelector/momentum]    7. momentum_1m                             0.0574     0.0737    0.060
2026-03-19 12:32:55,382  INFO  [FeatureSelector/momentum]    8. macd                                    0.0551     0.0709    0.102
2026-03-19 12:32:55,382  INFO  [FeatureSelector/momentum]    9. momentum_3m                             0.0547     0.0703    0.023
2026-03-19 12:32:55,382  INFO  [FeatureSelector/momentum]   10. sp500_momentum_12m                      0.0543     0.0698    0.014
2026-03-19 12:32:55,382  INFO  [FeatureSelector/momentum]   Descartadas por importancia baja (12): sma_200, momentum_12m, volatility_20d, atr_14, vol_ratio_20_50, rsi_overbought, rsi_oversold, above_sma200, macd_bullish, cross_sma_20_50, vol_expansion, high_vix_regime
2026-03-19 12:32:55,382  INFO  [FeatureSelector/momentum] Resumen: 32 features → corr_drop=10 → imp_drop=12 → 10 seleccionadas (top-10)
2026-03-19 12:33:01,574  INFO  [MomentumAgent] CV AUC=0.7291 ± 0.0223
2026-03-19 12:33:08,748  INFO  [momentum] Top-5 features: yield_curve=0.143 | vix=0.142 | bb_pct=0.111 | sp500_momentum_3m=0.110 | momentum_1m=0.105
2026-03-19 12:33:08,752  INFO  [momentum] Diagnósticos → diagnostics_fold0.json
2026-03-19 12:33:09,977  INFO  [MomentumAgent] Entrenando — 1696 muestras
2026-03-19 12:33:10,276  INFO  [FeatureSelector/momentum] Paso 1 — correlación >85%: eliminadas 10 / 32 features
2026-03-19 12:33:10,277  INFO  [FeatureSelector/momentum]   ELIMINADA por corr: sma_50 (|corr|=0.889 con rsi_28; pb_y(sma_50)=0.088 < pb_y(rsi_28)=0.119)
2026-03-19 12:33:10,277  INFO  [FeatureSelector/momentum]   ELIMINADA por corr: rsi_28 (|corr|=0.940 con rsi_14; pb_y(rsi_28)=0.119 < pb_y(rsi_14)=0.136)
2026-03-19 12:33:10,278  INFO  [FeatureSelector/momentum]   ELIMINADA por corr: sma_20 (|corr|=0.851 con rsi_14; pb_y(sma_20)=0.100 < pb_y(rsi_14)=0.136)
2026-03-19 12:33:10,278  INFO  [FeatureSelector/momentum]   ELIMINADA por corr: momentum_6m (|corr|=0.927 con sma_200; pb_y(momentum_6m)=0.001 < pb_y(sma_200)=0.023)
2026-03-19 12:33:10,278  INFO  [FeatureSelector/momentum]   ELIMINADA por corr: bb_pct (|corr|=0.885 con rsi_14; pb_y(bb_pct)=0.135 < pb_y(rsi_14)=0.136)
2026-03-19 12:33:10,279  INFO  [FeatureSelector/momentum]   ELIMINADA por corr: price_vs_52w_low (|corr|=0.897 con momentum_12m; pb_y(price_vs_52w_low)=0.022 < pb_y(momentum_12m)=0.023)
2026-03-19 12:33:10,279  INFO  [FeatureSelector/momentum]   ELIMINADA por corr: macd_signal (|corr|=0.933 con macd; pb_y(macd_signal)=0.106 < pb_y(macd)=0.117)
2026-03-19 12:33:10,280  INFO  [FeatureSelector/momentum]   ELIMINADA por corr: momentum_12m (|corr|=0.982 con momentum_quality; pb_y(momentum_12m)=0.023 < pb_y(momentum_quality)=0.038)
2026-03-19 12:33:10,280  INFO  [FeatureSelector/momentum]   ELIMINADA por corr: inverted_yield_curve (|corr|=0.927 con yield_curve; pb_y(inverted_yield_curve)=0.116 < pb_y(yield_curve)=0.125)
2026-03-19 12:33:10,280  INFO  [FeatureSelector/momentum]   ELIMINADA por corr: volatility_20d (|corr|=0.859 con volatility_60d; pb_y(volatility_20d)=0.046 < pb_y(volatility_60d)=0.050)
2026-03-19 12:33:10,721  INFO  [FeatureSelector/momentum] Paso 2 — top-10 features por importancia RF:
2026-03-19 12:33:10,721  INFO  [FeatureSelector/momentum]   Feature                              Importancia Peso norm.     pb_y
2026-03-19 12:33:10,722  INFO  [FeatureSelector/momentum]   ----------------------------------- ------------ ---------- --------
2026-03-19 12:33:10,723  INFO  [FeatureSelector/momentum]    1. yield_curve                             0.1481     0.1872    0.125
2026-03-19 12:33:10,723  INFO  [FeatureSelector/momentum]    2. vix                                     0.1138     0.1439    0.019
2026-03-19 12:33:10,724  INFO  [FeatureSelector/momentum]    3. sp500_momentum_3m                       0.0841     0.1064    0.012
2026-03-19 12:33:10,724  INFO  [FeatureSelector/momentum]    4. sp500_momentum_12m                      0.0809     0.1022    0.018
2026-03-19 12:33:10,725  INFO  [FeatureSelector/momentum]    5. rsi_14                                  0.0808     0.1021    0.136
2026-03-19 12:33:10,725  INFO  [FeatureSelector/momentum]    6. macd                                    0.0675     0.0853    0.117
2026-03-19 12:33:10,726  INFO  [FeatureSelector/momentum]    7. macd_hist                               0.0636     0.0804    0.051
2026-03-19 12:33:10,727  INFO  [FeatureSelector/momentum]    8. momentum_1m                             0.0578     0.0731    0.071
2026-03-19 12:33:10,727  INFO  [FeatureSelector/momentum]    9. momentum_quality                        0.0478     0.0604    0.038
2026-03-19 12:33:10,728  INFO  [FeatureSelector/momentum]   10. price_vs_52w_high                       0.0466     0.0589    0.015
2026-03-19 12:33:10,728  INFO  [FeatureSelector/momentum]   Descartadas por importancia baja (12): sma_200, momentum_3m, volatility_60d, atr_14, vol_ratio_20_50, rsi_overbought, rsi_oversold, above_sma200, macd_bullish, cross_sma_20_50, vol_expansion, high_vix_regime
2026-03-19 12:33:10,729  INFO  [FeatureSelector/momentum] Resumen: 32 features → corr_drop=10 → imp_drop=12 → 10 seleccionadas (top-10)
2026-03-19 12:33:17,759  INFO  [MomentumAgent] CV AUC=0.7312 ± 0.0259
2026-03-19 12:33:24,874  INFO  [momentum] Top-5 features: yield_curve=0.159 | vix=0.146 | rsi_14=0.123 | sp500_momentum_3m=0.102 | momentum_1m=0.095
2026-03-19 12:33:24,879  INFO  [momentum] Diagnósticos → diagnostics_fold0.json
2026-03-19 12:33:25,954  INFO  [BearAgent] Entrenando — 1695 muestras
2026-03-19 12:33:26,130  INFO  [FeatureSelector/bear] Paso 1 — correlación >85%: eliminadas 0 / 20 features
2026-03-19 12:33:26,540  INFO  [FeatureSelector/bear] Paso 2 — top-10 features por importancia RF:
2026-03-19 12:33:26,540  INFO  [FeatureSelector/bear]   Feature                              Importancia Peso norm.     pb_y
2026-03-19 12:33:26,541  INFO  [FeatureSelector/bear]   ----------------------------------- ------------ ---------- --------
2026-03-19 12:33:26,541  INFO  [FeatureSelector/bear]    1. eps_surprise_pct                        0.1830     0.1977    0.013
2026-03-19 12:33:26,542  INFO  [FeatureSelector/bear]    2. eps_revision                            0.1579     0.1706    0.046
2026-03-19 12:33:26,542  INFO  [FeatureSelector/bear]    3. current_ratio                           0.0999     0.1080    0.001
2026-03-19 12:33:26,543  INFO  [FeatureSelector/bear]    4. debt_equity                             0.0959     0.1036    0.001
2026-03-19 12:33:26,543  INFO  [FeatureSelector/bear]    5. interest_coverage                       0.0938     0.1013    0.025
2026-03-19 12:33:26,544  INFO  [FeatureSelector/bear]    6. total_debt_yoy_growth                   0.0761     0.0822    0.006
2026-03-19 12:33:26,544  INFO  [FeatureSelector/bear]    7. debt_to_ebitda                          0.0725     0.0783    0.043
2026-03-19 12:33:26,545  INFO  [FeatureSelector/bear]    8. fcf                                     0.0508     0.0549    0.069
2026-03-19 12:33:26,545  INFO  [FeatureSelector/bear]    9. insider_net_shares_90d                  0.0495     0.0535    0.005
2026-03-19 12:33:26,546  INFO  [FeatureSelector/bear]   10. insider_sell_ratio                      0.0462     0.0499    0.004
2026-03-19 12:33:26,546  INFO  [FeatureSelector/bear]   Descartadas por importancia baja (10): consecutive_losses, revenue_decline, debt_growth_high, debt_equity_high, debt_ebitda_high, fcf_negative, low_coverage, liquidity_risk, insider_selling, eps_miss
2026-03-19 12:33:26,547  INFO  [FeatureSelector/bear] Resumen: 20 features → corr_drop=0 → imp_drop=10 → 10 seleccionadas (top-10)
2026-03-19 12:33:31,857  INFO  [BearAgent] CV AUC=0.5640 ± 0.0425
2026-03-19 12:33:36,674  INFO  [bear] Top-5 features: eps_surprise_pct=0.174 | eps_revision=0.155 | current_ratio=0.130 | debt_equity=0.112 | interest_coverage=0.107
2026-03-19 12:33:36,695  INFO  [bear] Diagnósticos → diagnostics_fold0.json
2026-03-19 12:33:36,697  INFO  [BearAgent] Flag report → flag_report_fold0.json
2026-03-19 12:33:36,954  INFO  [bear] Explainer SHAP listo (TreeExplainer, 100 background)
2026-03-19 12:33:37,441  INFO  [bear] Importancia SHAP global -> shap_global_fold0.csv
2026-03-19 12:33:38,369  INFO  [BearAgent] Entrenando — 1695 muestras
2026-03-19 12:33:38,530  INFO  [FeatureSelector/bear] Paso 1 — correlación >85%: eliminadas 0 / 20 features
2026-03-19 12:33:38,954  INFO  [FeatureSelector/bear] Paso 2 — top-10 features por importancia RF:
2026-03-19 12:33:38,954  INFO  [FeatureSelector/bear]   Feature                              Importancia Peso norm.     pb_y
2026-03-19 12:33:38,955  INFO  [FeatureSelector/bear]   ----------------------------------- ------------ ---------- --------
2026-03-19 12:33:38,955  INFO  [FeatureSelector/bear]    1. eps_surprise_pct                        0.1588     0.1762    0.009
2026-03-19 12:33:38,956  INFO  [FeatureSelector/bear]    2. debt_equity                             0.1217     0.1350    0.008
2026-03-19 12:33:38,956  INFO  [FeatureSelector/bear]    3. total_debt_yoy_growth                   0.1004     0.1114    0.004
2026-03-19 12:33:38,956  INFO  [FeatureSelector/bear]    4. current_ratio                           0.0983     0.1091    0.033
2026-03-19 12:33:38,957  INFO  [FeatureSelector/bear]    5. eps_revision                            0.0938     0.1041    0.044
2026-03-19 12:33:38,957  INFO  [FeatureSelector/bear]    6. interest_coverage                       0.0894     0.0992    0.010
2026-03-19 12:33:38,958  INFO  [FeatureSelector/bear]    7. debt_to_ebitda                          0.0734     0.0815    0.011
2026-03-19 12:33:38,958  INFO  [FeatureSelector/bear]    8. insider_net_shares_90d                  0.0702     0.0778    0.016
2026-03-19 12:33:38,959  INFO  [FeatureSelector/bear]    9. fcf                                     0.0490     0.0544    0.046
2026-03-19 12:33:38,959  INFO  [FeatureSelector/bear]   10. insider_sell_ratio                      0.0463     0.0513    0.021
2026-03-19 12:33:38,960  INFO  [FeatureSelector/bear]   Descartadas por importancia baja (10): consecutive_losses, revenue_decline, debt_growth_high, debt_equity_high, debt_ebitda_high, fcf_negative, low_coverage, liquidity_risk, insider_selling, eps_miss
2026-03-19 12:33:38,960  INFO  [FeatureSelector/bear] Resumen: 20 features → corr_drop=0 → imp_drop=10 → 10 seleccionadas (top-10)
2026-03-19 12:33:43,341  INFO  [BearAgent] CV AUC=0.5656 ± 0.0392
2026-03-19 12:33:47,878  INFO  [bear] Top-5 features: eps_surprise_pct=0.175 | debt_equity=0.143 | total_debt_yoy_growth=0.132 | current_ratio=0.129 | interest_coverage=0.100
2026-03-19 12:33:47,902  INFO  [bear] Diagnósticos → diagnostics_fold0.json
2026-03-19 12:33:47,905  INFO  [BearAgent] Flag report → flag_report_fold0.json
2026-03-19 12:33:48,170  INFO  [bear] Explainer SHAP listo (TreeExplainer, 100 background)
2026-03-19 12:33:48,529  INFO  [bear] Importancia SHAP global -> shap_global_fold0.csv
2026-03-19 12:33:49,228  INFO  [BearAgent] Entrenando — 1696 muestras
2026-03-19 12:33:49,394  INFO  [FeatureSelector/bear] Paso 1 — correlación >85%: eliminadas 0 / 20 features
2026-03-19 12:33:49,800  INFO  [FeatureSelector/bear] Paso 2 — top-10 features por importancia RF:
2026-03-19 12:33:49,801  INFO  [FeatureSelector/bear]   Feature                              Importancia Peso norm.     pb_y
2026-03-19 12:33:49,801  INFO  [FeatureSelector/bear]   ----------------------------------- ------------ ---------- --------
2026-03-19 12:33:49,802  INFO  [FeatureSelector/bear]    1. eps_surprise_pct                        0.1866     0.2037    0.003
2026-03-19 12:33:49,802  INFO  [FeatureSelector/bear]    2. total_debt_yoy_growth                   0.1202     0.1312    0.019
2026-03-19 12:33:49,803  INFO  [FeatureSelector/bear]    3. eps_revision                            0.1177     0.1285    0.026
2026-03-19 12:33:49,803  INFO  [FeatureSelector/bear]    4. debt_equity                             0.1005     0.1097    0.023
2026-03-19 12:33:49,804  INFO  [FeatureSelector/bear]    5. current_ratio                           0.0987     0.1077    0.004
2026-03-19 12:33:49,804  INFO  [FeatureSelector/bear]    6. interest_coverage                       0.0875     0.0955    0.015
2026-03-19 12:33:49,805  INFO  [FeatureSelector/bear]    7. debt_to_ebitda                          0.0751     0.0820    0.028
2026-03-19 12:33:49,805  INFO  [FeatureSelector/bear]    8. fcf                                     0.0492     0.0537    0.063
2026-03-19 12:33:49,806  INFO  [FeatureSelector/bear]    9. insider_net_shares_90d                  0.0441     0.0481    0.013
2026-03-19 12:33:49,806  INFO  [FeatureSelector/bear]   10. insider_sell_ratio                      0.0366     0.0399    0.015
2026-03-19 12:33:49,807  INFO  [FeatureSelector/bear]   Descartadas por importancia baja (10): consecutive_losses, revenue_decline, debt_growth_high, debt_equity_high, debt_ebitda_high, fcf_negative, low_coverage, liquidity_risk, insider_selling, eps_miss
2026-03-19 12:33:49,807  INFO  [FeatureSelector/bear] Resumen: 20 features → corr_drop=0 → imp_drop=10 → 10 seleccionadas (top-10)
2026-03-19 12:33:54,003  INFO  [BearAgent] CV AUC=0.5699 ± 0.0320
2026-03-19 12:33:58,390  INFO  [bear] Top-5 features: eps_surprise_pct=0.193 | debt_equity=0.129 | interest_coverage=0.123 | total_debt_yoy_growth=0.119 | current_ratio=0.117
2026-03-19 12:33:58,412  INFO  [bear] Diagnósticos → diagnostics_fold0.json
2026-03-19 12:33:58,414  INFO  [BearAgent] Flag report → flag_report_fold0.json
2026-03-19 12:33:58,643  INFO  [bear] Explainer SHAP listo (TreeExplainer, 100 background)
2026-03-19 12:33:59,018  INFO  [bear] Importancia SHAP global -> shap_global_fold0.csv
2026-03-19 12:33:59,880  INFO  [MetaLearner] Entrenando — 2543 muestras
2026-03-19 12:34:00,107  INFO  [MetaLearner] 1271 Outperform / 1272 Underperform
2026-03-19 12:34:10,105  INFO  [MetaLearner] LR AUC=0.7159, GBM AUC=0.7130 → pesos 0.50/0.50
2026-03-19 12:34:19,809  INFO  [meta_learner] Top-5 features: momentum_score=0.392 | mom_minus_bear=0.133 | bear_score=0.082 | valuation_score=0.065 | fund_x_val=0.061
2026-03-19 12:34:19,816  INFO  [meta_learner] Diagnósticos → diagnostics_fold1.json
2026-03-19 12:34:19,820  INFO  [MetaLearner] LR coeficientes → lr_coefficients_fold1.json
2026-03-19 12:34:19,866  INFO  [meta_learner] Explainer SHAP listo (TreeExplainer, 100 background)
2026-03-19 12:34:20,424  INFO  [meta_learner] Importancia SHAP global -> shap_global_fold1.csv
2026-03-19 12:34:22,786  INFO  [MetaLearner] fold=1 | AUC=0.7030 Acc=0.6917 F1=0.7040
2026-03-19 12:34:22,786  INFO  
              precision    recall  f1-score   support

Underperform       0.74      0.63      0.68        62
  Outperform       0.66      0.76      0.70        58

    accuracy                           0.69       120
   macro avg       0.70      0.69      0.69       120
weighted avg       0.70      0.69      0.69       120

2026-03-19 12:34:22,798  INFO  [meta_learner] Predicciones (120 obs) → predictions_fold1.csv
2026-03-19 12:34:24,528  INFO  [Visualizer] Distribución scores → score_dist_fold1.png
2026-03-19 12:34:24,576  INFO  [Backtester] Fold 001 [4Y train] test 2025-01-01→2025-04-01 | Strat=-3.75% Bench=-4.01% α=0.26% Sharpe=-1.26
2026-03-19 12:34:24,926  INFO  [Visualizer] Feature importances → feat_imp_fundamental_fold1.png
2026-03-19 12:34:25,427  INFO  [Visualizer] Feature importances → feat_imp_valuation_fold1.png
2026-03-19 12:34:25,811  INFO  [Visualizer] Feature importances → feat_imp_momentum_fold1.png
2026-03-19 12:34:26,183  INFO  [Visualizer] Feature importances → feat_imp_bear_fold1.png
2026-03-19 12:34:26,200  INFO    [Outperform ] TMO    score=0.783
2026-03-19 12:34:26,214  INFO    [Outperform ] ACN    score=0.771
2026-03-19 12:34:26,228  INFO    [Outperform ] AMZN   score=0.750
2026-03-19 12:34:26,242  INFO    [Outperform ] LLY    score=0.748
2026-03-19 12:34:26,256  INFO    [Outperform ] LMT    score=0.728
2026-03-19 12:34:26,269  INFO    [Outperform ] MSFT   score=0.724
2026-03-19 12:34:26,282  INFO    [Outperform ] ORCL   score=0.707
2026-03-19 12:34:26,294  INFO    [Outperform ] PLD    score=0.706
2026-03-19 12:34:26,307  INFO    [Outperform ] NEE    score=0.705
2026-03-19 12:34:26,322  INFO    [Outperform ] SYK    score=0.704
2026-03-19 12:34:26,341  INFO    [Underperform] CIEN   score=0.264
2026-03-19 12:34:26,353  INFO    [Underperform] AMAT   score=0.285
2026-03-19 12:34:26,364  INFO    [Underperform] AVGO   score=0.287
2026-03-19 12:34:26,378  INFO    [Underperform] ADI    score=0.352
2026-03-19 12:34:26,393  INFO    [Underperform] CVX    score=0.363
2026-03-19 12:34:26,409  INFO    [Underperform] ROST   score=0.372
2026-03-19 12:34:26,427  INFO    [Underperform] XOM    score=0.373
2026-03-19 12:34:26,441  INFO    [Underperform] CB     score=0.376
2026-03-19 12:34:26,452  INFO    [Underperform] CSCO   score=0.376
2026-03-19 12:34:26,468  INFO    [Underperform] WMT    score=0.381
2026-03-19 12:34:26,481  INFO  [Explainer] Fold 1: explicaciones de 20 tickers -> fold_1_ticker_explanations.json
2026-03-19 12:34:26,526  INFO  [Ablation] Fold 1 | sin fundamental  AUC=0.6835 (baseline=0.6846, Δ=+0.0011)
2026-03-19 12:34:26,548  INFO  [Ablation] Fold 1 | sin valuation    AUC=0.6888 (baseline=0.6846, Δ=-0.0042)
2026-03-19 12:34:26,565  INFO  [Ablation] Fold 1 | sin momentum     AUC=0.6087 (baseline=0.6846, Δ=+0.0759)
2026-03-19 12:34:26,579  INFO  [Ablation] Fold 1 | sin bear         AUC=0.6869 (baseline=0.6846, Δ=-0.0022)
2026-03-19 12:34:26,591  INFO  [Ablation] Fold 1 → ablation_fold1.json
2026-03-19 12:34:26,591  INFO  
============================================================
2026-03-19 12:34:26,592  INFO    FOLD 2 | Train: 2021-04-01 -> 2025-04-01 | Test: 2025-04-01 -> 2025-07-01
2026-03-19 12:34:26,592  INFO  ============================================================
2026-03-19 12:34:29,919  INFO  [FundamentalAgent] Entrenando — 2511 muestras
2026-03-19 12:34:30,541  INFO  [FeatureSelector/fundamental] Paso 1 — correlación >85%: eliminadas 9 / 62 features
2026-03-19 12:34:30,541  INFO  [FeatureSelector/fundamental]   ELIMINADA por corr: roa_zsector (|corr|=0.867 con roa; pb_y(roa_zsector)=0.040 < pb_y(roa)=0.041)
2026-03-19 12:34:30,541  INFO  [FeatureSelector/fundamental]   ELIMINADA por corr: roi (|corr|=0.855 con roi_zsector; pb_y(roi)=0.045 < pb_y(roi_zsector)=0.046)
2026-03-19 12:34:30,541  INFO  [FeatureSelector/fundamental]   ELIMINADA por corr: ebitda_margin (|corr|=0.893 con ebitda_margin_zsector; pb_y(ebitda_margin)=0.000 < pb_y(ebitda_margin_zsector)=0.024)
2026-03-19 12:34:30,541  INFO  [FeatureSelector/fundamental]   ELIMINADA por corr: current_ratio (|corr|=0.970 con quick_ratio; pb_y(current_ratio)=0.005 < pb_y(quick_ratio)=0.010)
2026-03-19 12:34:30,541  INFO  [FeatureSelector/fundamental]   ELIMINADA por corr: current_ratio_zsector (|corr|=0.850 con quick_ratio; pb_y(current_ratio_zsector)=0.004 < pb_y(quick_ratio)=0.010)
2026-03-19 12:34:30,541  INFO  [FeatureSelector/fundamental]   ELIMINADA por corr: quick_ratio_zsector (|corr|=0.871 con quick_ratio; pb_y(quick_ratio_zsector)=0.003 < pb_y(quick_ratio)=0.010)
2026-03-19 12:34:30,541  INFO  [FeatureSelector/fundamental]   ELIMINADA por corr: roe (|corr|=0.927 con debt_equity; pb_y(roe)=0.000 < pb_y(debt_equity)=0.004)
2026-03-19 12:34:30,541  INFO  [FeatureSelector/fundamental]   ELIMINADA por corr: eps_yoy_growth_zsector (|corr|=0.931 con net_income_yoy_growth_zsector; pb_y(eps_yoy_growth_zsector)=0.005 < pb_y(net_income_yoy_growth_zsector)=0.011)
2026-03-19 12:34:30,541  INFO  [FeatureSelector/fundamental]   ELIMINADA por corr: eps_yoy_growth (|corr|=1.000 con eps; pb_y(eps_yoy_growth)=0.020 < pb_y(eps)=0.020)
2026-03-19 12:34:30,541  INFO  [FeatureSelector/fundamental]   [diag] Correlaciones entre features con raíz común (supervivientes):
2026-03-19 12:34:30,541  INFO  [FeatureSelector/fundamental]   [diag]   roic ↔ roic_zsector: |corr|=0.767
2026-03-19 12:34:30,551  INFO  [FeatureSelector/fundamental]   [diag]   net_margin ↔ net_margin_zsector: |corr|=0.692
2026-03-19 12:34:30,551  INFO  [FeatureSelector/fundamental]   [diag]   gross_margin ↔ gross_margin_zsector: |corr|=0.821
2026-03-19 12:34:30,551  INFO  [FeatureSelector/fundamental]   [diag]   fcf_margin ↔ fcf_margin_zsector: |corr|=0.662
2026-03-19 12:34:30,551  INFO  [FeatureSelector/fundamental]   [diag]   operating_margin ↔ operating_margin_zsector: |corr|=0.412
2026-03-19 12:34:30,551  INFO  [FeatureSelector/fundamental]   [diag]   debt_equity ↔ debt_equity_zsector: |corr|=0.773
2026-03-19 12:34:30,551  INFO  [FeatureSelector/fundamental]   [diag]   debt_to_ebitda ↔ debt_to_ebitda_zsector: |corr|=0.695
2026-03-19 12:34:30,551  INFO  [FeatureSelector/fundamental]   [diag]   interest_coverage ↔ interest_coverage_zsector: |corr|=0.746
2026-03-19 12:34:30,551  INFO  [FeatureSelector/fundamental]   [diag]   revenue_yoy_growth ↔ revenue_yoy_growth_zsector: |corr|=0.240
2026-03-19 12:34:30,551  INFO  [FeatureSelector/fundamental]   [diag]   net_income_yoy_growth ↔ net_income_yoy_growth_zsector: |corr|=0.785
2026-03-19 12:34:31,037  INFO  [FeatureSelector/fundamental] Paso 2 — top-10 features por importancia RF:
2026-03-19 12:34:31,037  INFO  [FeatureSelector/fundamental]   Feature                              Importancia Peso norm.     pb_y
2026-03-19 12:34:31,038  INFO  [FeatureSelector/fundamental]   ----------------------------------- ------------ ---------- --------
2026-03-19 12:34:31,038  INFO  [FeatureSelector/fundamental]    1. roi_zsector                             0.0558     0.1461    0.046
2026-03-19 12:34:31,039  INFO  [FeatureSelector/fundamental]    2. roic_zsector                            0.0441     0.1154    0.032
2026-03-19 12:34:31,039  INFO  [FeatureSelector/fundamental]    3. ebitda_margin_zsector                   0.0383     0.1004    0.024
2026-03-19 12:34:31,040  INFO  [FeatureSelector/fundamental]    4. pe_ratio_zsector                        0.0375     0.0981    0.030
2026-03-19 12:34:31,040  INFO  [FeatureSelector/fundamental]    5. net_income_yoy_growth_zsector           0.0364     0.0953    0.011
2026-03-19 12:34:31,041  INFO  [FeatureSelector/fundamental]    6. roic                                    0.0358     0.0936    0.042
2026-03-19 12:34:31,041  INFO  [FeatureSelector/fundamental]    7. net_margin                              0.0341     0.0892    0.006
2026-03-19 12:34:31,041  INFO  [FeatureSelector/fundamental]    8. momentum_12m_zsector                    0.0337     0.0882    0.028
2026-03-19 12:34:31,042  INFO  [FeatureSelector/fundamental]    9. operating_margin                        0.0334     0.0875    0.022
2026-03-19 12:34:31,042  INFO  [FeatureSelector/fundamental]   10. net_income_yoy_growth                   0.0329     0.0862    0.001
2026-03-19 12:34:31,043  INFO  [FeatureSelector/fundamental]   Descartadas por importancia baja (43): roa, gross_margin, fcf_margin, quick_ratio, debt_equity, debt_to_ebitda, interest_coverage, revenue_yoy_growth, operating_income_yoy_growth, total_debt_yoy_growth, accruals_ratio, capex_to_revenue, consecutive_losses, eps, roe_zsector, net_margin_zsector, gross_margin_zsector, fcf_margin_zsector, operating_margin_zsector, debt_equity_zsector, debt_to_ebitda_zsector, pb_ratio_zsector, ev_to_ebitda_zsector, fcf_yield_zsector, revenue_yoy_growth_zsector, volatility_20d_zsector, interest_coverage_zsector, sector_Aerospace, sector_Auto-Tires-Trucks, sector_Basic Materials, sector_Business Services, sector_Computer And Technology, sector_Conglomerates, sector_Construction, sector_Consumer Discretionary, sector_Consumer Staples, sector_Finance, sector_Industrial Products, sector_Medical, sector_Oils-Energy, sector_Retail-Wholesale, sector_Transportation, sector_Utilities
2026-03-19 12:34:31,043  INFO  [FeatureSelector/fundamental] Resumen: 62 features → corr_drop=9 → imp_drop=43 → 10 seleccionadas (top-10)
2026-03-19 12:34:36,361  INFO  [FundamentalAgent] CV AUC=0.5250 ± 0.0302
2026-03-19 12:34:40,045  INFO  [fundamental] Top-5 features: operating_margin=0.108 | net_income_yoy_growth=0.105 | ebitda_margin_zsector=0.103 | net_margin=0.103 | roi_zsector=0.103
2026-03-19 12:34:40,051  INFO  [fundamental] Diagnósticos → diagnostics_fold2.json
2026-03-19 12:34:40,053  INFO  [ValuationAgent] Entrenando — 2511 muestras
2026-03-19 12:34:40,517  INFO  [FeatureSelector/valuation] Paso 1 — correlación >85%: eliminadas 1 / 17 features
2026-03-19 12:34:40,518  INFO  [FeatureSelector/valuation]   ELIMINADA por corr: eps_reported (|corr|=0.994 con eps_est; pb_y(eps_reported)=0.014 < pb_y(eps_est)=0.019)
2026-03-19 12:34:40,954  INFO  [FeatureSelector/valuation] Paso 2 — top-10 features por importancia RF:
2026-03-19 12:34:40,954  INFO  [FeatureSelector/valuation]   Feature                              Importancia Peso norm.     pb_y
2026-03-19 12:34:40,955  INFO  [FeatureSelector/valuation]   ----------------------------------- ------------ ---------- --------
2026-03-19 12:34:40,955  INFO  [FeatureSelector/valuation]    1. ps_ratio                                0.0834     0.1148    0.010
2026-03-19 12:34:40,956  INFO  [FeatureSelector/valuation]    2. pb_sector_pct                           0.0788     0.1084    0.009
2026-03-19 12:34:40,956  INFO  [FeatureSelector/valuation]    3. ev_to_ebitda                            0.0778     0.1070    0.040
2026-03-19 12:34:40,957  INFO  [FeatureSelector/valuation]    4. eps_surprise_pct                        0.0777     0.1069    0.045
2026-03-19 12:34:40,957  INFO  [FeatureSelector/valuation]    5. pe_ratio                                0.0736     0.1013    0.007
2026-03-19 12:34:40,958  INFO  [FeatureSelector/valuation]    6. ev_ebitda_vs_5y_median                  0.0723     0.0995    0.042
2026-03-19 12:34:40,958  INFO  [FeatureSelector/valuation]    7. pb_ratio                                0.0698     0.0960    0.004
2026-03-19 12:34:40,959  INFO  [FeatureSelector/valuation]    8. earnings_yield                          0.0670     0.0921    0.021
2026-03-19 12:34:40,959  INFO  [FeatureSelector/valuation]    9. eps_revision                            0.0639     0.0879    0.009
2026-03-19 12:34:40,960  INFO  [FeatureSelector/valuation]   10. pe_vs_5y_median                         0.0626     0.0862    0.008
2026-03-19 12:34:40,960  INFO  [FeatureSelector/valuation]   Descartadas por importancia baja (6): fcf_yield, pb_vs_5y_median, eps_est, pe_sector_pct, ev_sector_pct, fcf_sector_pct
2026-03-19 12:34:40,961  INFO  [FeatureSelector/valuation] Resumen: 17 features → corr_drop=1 → imp_drop=6 → 10 seleccionadas (top-10)
2026-03-19 12:34:57,056  INFO  [ValuationAgent] CV AUC=0.4848 ± 0.0233
2026-03-19 12:35:11,705  INFO  [valuation] Top-5 features: ps_ratio=0.124 | pb_sector_pct=0.117 | eps_revision=0.115 | pb_ratio=0.108 | pe_vs_5y_median=0.104
2026-03-19 12:35:11,728  INFO  [valuation] Diagnósticos → diagnostics_fold2.json
2026-03-19 12:35:11,729  INFO  [MomentumAgent] Entrenando — 2511 muestras
2026-03-19 12:35:11,938  INFO  [FeatureSelector/momentum] Paso 1 — correlación >85%: eliminadas 10 / 32 features
2026-03-19 12:35:11,938  INFO  [FeatureSelector/momentum]   ELIMINADA por corr: sma_50 (|corr|=0.894 con rsi_28; pb_y(sma_50)=0.092 < pb_y(rsi_28)=0.119)
2026-03-19 12:35:11,938  INFO  [FeatureSelector/momentum]   ELIMINADA por corr: rsi_28 (|corr|=0.942 con rsi_14; pb_y(rsi_28)=0.119 < pb_y(rsi_14)=0.132)
2026-03-19 12:35:11,938  INFO  [FeatureSelector/momentum]   ELIMINADA por corr: sma_20 (|corr|=0.862 con rsi_14; pb_y(sma_20)=0.097 < pb_y(rsi_14)=0.132)
2026-03-19 12:35:11,938  INFO  [FeatureSelector/momentum]   ELIMINADA por corr: momentum_6m (|corr|=0.920 con sma_200; pb_y(momentum_6m)=0.000 < pb_y(sma_200)=0.025)
2026-03-19 12:35:11,938  INFO  [FeatureSelector/momentum]   ELIMINADA por corr: rsi_14 (|corr|=0.886 con bb_pct; pb_y(rsi_14)=0.132 < pb_y(bb_pct)=0.135)
2026-03-19 12:35:11,943  INFO  [FeatureSelector/momentum]   ELIMINADA por corr: momentum_12m (|corr|=0.880 con price_vs_52w_low; pb_y(momentum_12m)=0.009 < pb_y(price_vs_52w_low)=0.024)
2026-03-19 12:35:11,943  INFO  [FeatureSelector/momentum]   ELIMINADA por corr: macd_signal (|corr|=0.934 con macd; pb_y(macd_signal)=0.083 < pb_y(macd)=0.097)
2026-03-19 12:35:11,943  INFO  [FeatureSelector/momentum]   ELIMINADA por corr: price_vs_52w_low (|corr|=0.853 con momentum_quality; pb_y(price_vs_52w_low)=0.024 < pb_y(momentum_quality)=0.024)
2026-03-19 12:35:11,944  INFO  [FeatureSelector/momentum]   ELIMINADA por corr: inverted_yield_curve (|corr|=0.904 con yield_curve; pb_y(inverted_yield_curve)=0.137 < pb_y(yield_curve)=0.153)
2026-03-19 12:35:11,944  INFO  [FeatureSelector/momentum]   ELIMINADA por corr: volatility_60d (|corr|=0.856 con volatility_20d; pb_y(volatility_60d)=0.013 < pb_y(volatility_20d)=0.023)
2026-03-19 12:35:12,334  INFO  [FeatureSelector/momentum] Paso 2 — top-10 features por importancia RF:
2026-03-19 12:35:12,334  INFO  [FeatureSelector/momentum]   Feature                              Importancia Peso norm.     pb_y
2026-03-19 12:35:12,335  INFO  [FeatureSelector/momentum]   ----------------------------------- ------------ ---------- --------
2026-03-19 12:35:12,335  INFO  [FeatureSelector/momentum]    1. yield_curve                             0.1749     0.2144    0.153
2026-03-19 12:35:12,336  INFO  [FeatureSelector/momentum]    2. vix                                     0.1344     0.1647    0.003
2026-03-19 12:35:12,336  INFO  [FeatureSelector/momentum]    3. bb_pct                                  0.0796     0.0976    0.135
2026-03-19 12:35:12,337  INFO  [FeatureSelector/momentum]    4. sp500_momentum_3m                       0.0796     0.0976    0.006
2026-03-19 12:35:12,337  INFO  [FeatureSelector/momentum]    5. sp500_momentum_12m                      0.0682     0.0836    0.044
2026-03-19 12:35:12,337  INFO  [FeatureSelector/momentum]    6. macd                                    0.0667     0.0818    0.097
2026-03-19 12:35:12,338  INFO  [FeatureSelector/momentum]    7. momentum_1m                             0.0626     0.0767    0.072
2026-03-19 12:35:12,338  INFO  [FeatureSelector/momentum]    8. volatility_20d                          0.0561     0.0688    0.023
2026-03-19 12:35:12,339  INFO  [FeatureSelector/momentum]    9. vol_ratio_20_50                         0.0471     0.0577    0.086
2026-03-19 12:35:12,340  INFO  [FeatureSelector/momentum]   10. price_vs_52w_high                       0.0466     0.0571    0.042
2026-03-19 12:35:12,340  INFO  [FeatureSelector/momentum]   Descartadas por importancia baja (12): macd_hist, sma_200, momentum_3m, atr_14, rsi_overbought, rsi_oversold, above_sma200, macd_bullish, cross_sma_20_50, momentum_quality, vol_expansion, high_vix_regime
2026-03-19 12:35:12,341  INFO  [FeatureSelector/momentum] Resumen: 32 features → corr_drop=10 → imp_drop=12 → 10 seleccionadas (top-10)
2026-03-19 12:35:17,752  INFO  [MomentumAgent] CV AUC=0.7429 ± 0.0313
2026-03-19 12:35:23,392  INFO  [momentum] Top-5 features: yield_curve=0.162 | vix=0.143 | bb_pct=0.113 | sp500_momentum_3m=0.097 | momentum_1m=0.096
2026-03-19 12:35:23,394  INFO  [momentum] Diagnósticos → diagnostics_fold2.json
2026-03-19 12:35:23,394  INFO  [BearAgent] Entrenando — 2511 muestras
2026-03-19 12:35:23,538  INFO  [FeatureSelector/bear] Paso 1 — correlación >85%: eliminadas 0 / 20 features
2026-03-19 12:35:23,929  INFO  [FeatureSelector/bear] Paso 2 — top-10 features por importancia RF:
2026-03-19 12:35:23,931  INFO  [FeatureSelector/bear]   Feature                              Importancia Peso norm.     pb_y
2026-03-19 12:35:23,931  INFO  [FeatureSelector/bear]   ----------------------------------- ------------ ---------- --------
2026-03-19 12:35:23,931  INFO  [FeatureSelector/bear]    1. eps_surprise_pct                        0.2243     0.2423    0.001
2026-03-19 12:35:23,932  INFO  [FeatureSelector/bear]    2. eps_revision                            0.1330     0.1437    0.033
2026-03-19 12:35:23,932  INFO  [FeatureSelector/bear]    3. current_ratio                           0.0882     0.0953    0.016
2026-03-19 12:35:23,932  INFO  [FeatureSelector/bear]    4. debt_equity                             0.0846     0.0915    0.008
2026-03-19 12:35:23,933  INFO  [FeatureSelector/bear]    5. total_debt_yoy_growth                   0.0828     0.0895    0.007
2026-03-19 12:35:23,933  INFO  [FeatureSelector/bear]    6. interest_coverage                       0.0815     0.0881    0.001
2026-03-19 12:35:23,933  INFO  [FeatureSelector/bear]    7. debt_to_ebitda                          0.0702     0.0758    0.019
2026-03-19 12:35:23,934  INFO  [FeatureSelector/bear]    8. insider_net_shares_90d                  0.0562     0.0607    0.002
2026-03-19 12:35:23,934  INFO  [FeatureSelector/bear]    9. fcf                                     0.0535     0.0578    0.069
2026-03-19 12:35:23,934  INFO  [FeatureSelector/bear]   10. insider_sell_ratio                      0.0512     0.0553    0.009
2026-03-19 12:35:23,935  INFO  [FeatureSelector/bear]   Descartadas por importancia baja (10): consecutive_losses, revenue_decline, debt_growth_high, debt_equity_high, debt_ebitda_high, fcf_negative, low_coverage, liquidity_risk, insider_selling, eps_miss
2026-03-19 12:35:23,935  INFO  [FeatureSelector/bear] Resumen: 20 features → corr_drop=0 → imp_drop=10 → 10 seleccionadas (top-10)
2026-03-19 12:35:27,635  INFO  [BearAgent] CV AUC=0.5928 ± 0.0139
2026-03-19 12:35:31,490  INFO  [bear] Top-5 features: eps_surprise_pct=0.217 | eps_revision=0.134 | interest_coverage=0.110 | current_ratio=0.106 | total_debt_yoy_growth=0.103
2026-03-19 12:35:31,513  INFO  [bear] Diagnósticos → diagnostics_fold2.json
2026-03-19 12:35:31,516  INFO  [BearAgent] Flag report → flag_report_fold2.json
2026-03-19 12:35:31,741  INFO  [bear] Explainer SHAP listo (TreeExplainer, 100 background)
2026-03-19 12:35:32,087  INFO  [bear] Importancia SHAP global -> shap_global_fold2.csv
2026-03-19 12:35:32,090  INFO  [FundamentalAgent] Entrenando — 1674 muestras
2026-03-19 12:35:32,514  INFO  [FeatureSelector/fundamental] Paso 1 — correlación >85%: eliminadas 9 / 62 features
2026-03-19 12:35:32,514  INFO  [FeatureSelector/fundamental]   ELIMINADA por corr: roa_zsector (|corr|=0.869 con roa; pb_y(roa_zsector)=0.007 < pb_y(roa)=0.013)
2026-03-19 12:35:32,514  INFO  [FeatureSelector/fundamental]   ELIMINADA por corr: roi (|corr|=0.851 con roi_zsector; pb_y(roi)=0.003 < pb_y(roi_zsector)=0.016)
2026-03-19 12:35:32,514  INFO  [FeatureSelector/fundamental]   ELIMINADA por corr: ebitda_margin_zsector (|corr|=0.888 con ebitda_margin; pb_y(ebitda_margin_zsector)=0.002 < pb_y(ebitda_margin)=0.018)
2026-03-19 12:35:32,514  INFO  [FeatureSelector/fundamental]   ELIMINADA por corr: current_ratio (|corr|=0.978 con quick_ratio; pb_y(current_ratio)=0.013 < pb_y(quick_ratio)=0.013)
2026-03-19 12:35:32,514  INFO  [FeatureSelector/fundamental]   ELIMINADA por corr: current_ratio_zsector (|corr|=0.863 con quick_ratio; pb_y(current_ratio_zsector)=0.009 < pb_y(quick_ratio)=0.013)
2026-03-19 12:35:32,514  INFO  [FeatureSelector/fundamental]   ELIMINADA por corr: quick_ratio_zsector (|corr|=0.879 con quick_ratio; pb_y(quick_ratio_zsector)=0.002 < pb_y(quick_ratio)=0.013)
2026-03-19 12:35:32,514  INFO  [FeatureSelector/fundamental]   ELIMINADA por corr: eps_yoy_growth_zsector (|corr|=0.953 con net_income_yoy_growth_zsector; pb_y(eps_yoy_growth_zsector)=0.000 < pb_y(net_income_yoy_growth_zsector)=0.008)
2026-03-19 12:35:32,514  INFO  [FeatureSelector/fundamental]   ELIMINADA por corr: roe (|corr|=0.875 con debt_equity; pb_y(roe)=0.028 < pb_y(debt_equity)=0.039)
2026-03-19 12:35:32,514  INFO  [FeatureSelector/fundamental]   ELIMINADA por corr: eps (|corr|=1.000 con eps_yoy_growth; pb_y(eps)=0.025 < pb_y(eps_yoy_growth)=0.025)
2026-03-19 12:35:32,514  INFO  [FeatureSelector/fundamental]   [diag] Correlaciones entre features con raíz común (supervivientes):
2026-03-19 12:35:32,514  INFO  [FeatureSelector/fundamental]   [diag]   roic ↔ roic_zsector: |corr|=0.802
2026-03-19 12:35:32,514  INFO  [FeatureSelector/fundamental]   [diag]   net_margin ↔ net_margin_zsector: |corr|=0.592
2026-03-19 12:35:32,514  INFO  [FeatureSelector/fundamental]   [diag]   gross_margin ↔ gross_margin_zsector: |corr|=0.822
2026-03-19 12:35:32,514  INFO  [FeatureSelector/fundamental]   [diag]   fcf_margin ↔ fcf_margin_zsector: |corr|=0.660
2026-03-19 12:35:32,521  INFO  [FeatureSelector/fundamental]   [diag]   operating_margin ↔ operating_margin_zsector: |corr|=0.327
2026-03-19 12:35:32,521  INFO  [FeatureSelector/fundamental]   [diag]   debt_equity ↔ debt_equity_zsector: |corr|=0.781
2026-03-19 12:35:32,522  INFO  [FeatureSelector/fundamental]   [diag]   debt_to_ebitda ↔ debt_to_ebitda_zsector: |corr|=0.689
2026-03-19 12:35:32,522  INFO  [FeatureSelector/fundamental]   [diag]   interest_coverage ↔ interest_coverage_zsector: |corr|=0.735
2026-03-19 12:35:32,523  INFO  [FeatureSelector/fundamental]   [diag]   revenue_yoy_growth ↔ revenue_yoy_growth_zsector: |corr|=0.210
2026-03-19 12:35:32,523  INFO  [FeatureSelector/fundamental]   [diag]   net_income_yoy_growth ↔ net_income_yoy_growth_zsector: |corr|=0.789
2026-03-19 12:35:32,897  INFO  [FeatureSelector/fundamental] Paso 2 — top-10 features por importancia RF:
2026-03-19 12:35:32,898  INFO  [FeatureSelector/fundamental]   Feature                              Importancia Peso norm.     pb_y
2026-03-19 12:35:32,898  INFO  [FeatureSelector/fundamental]   ----------------------------------- ------------ ---------- --------
2026-03-19 12:35:32,899  INFO  [FeatureSelector/fundamental]    1. accruals_ratio                          0.0597     0.1565    0.011
2026-03-19 12:35:32,899  INFO  [FeatureSelector/fundamental]    2. momentum_12m_zsector                    0.0454     0.1190    0.019
2026-03-19 12:35:32,899  INFO  [FeatureSelector/fundamental]    3. roi_zsector                             0.0395     0.1035    0.016
2026-03-19 12:35:32,900  INFO  [FeatureSelector/fundamental]    4. net_margin                              0.0353     0.0924    0.026
2026-03-19 12:35:32,900  INFO  [FeatureSelector/fundamental]    5. total_debt_yoy_growth                   0.0347     0.0908    0.023
2026-03-19 12:35:32,901  INFO  [FeatureSelector/fundamental]    6. debt_equity                             0.0339     0.0889    0.039
2026-03-19 12:35:32,901  INFO  [FeatureSelector/fundamental]    7. debt_equity_zsector                     0.0338     0.0886    0.042
2026-03-19 12:35:32,902  INFO  [FeatureSelector/fundamental]    8. revenue_yoy_growth                      0.0337     0.0883    0.021
2026-03-19 12:35:32,902  INFO  [FeatureSelector/fundamental]    9. revenue_yoy_growth_zsector              0.0330     0.0865    0.016
2026-03-19 12:35:32,902  INFO  [FeatureSelector/fundamental]   10. roe_zsector                             0.0326     0.0854    0.010
2026-03-19 12:35:32,903  INFO  [FeatureSelector/fundamental]   Descartadas por importancia baja (43): roa, roic, gross_margin, fcf_margin, ebitda_margin, operating_margin, quick_ratio, debt_to_ebitda, interest_coverage, net_income_yoy_growth, eps_yoy_growth, operating_income_yoy_growth, capex_to_revenue, consecutive_losses, roic_zsector, net_margin_zsector, gross_margin_zsector, fcf_margin_zsector, operating_margin_zsector, debt_to_ebitda_zsector, pe_ratio_zsector, pb_ratio_zsector, ev_to_ebitda_zsector, fcf_yield_zsector, net_income_yoy_growth_zsector, volatility_20d_zsector, interest_coverage_zsector, sector_Aerospace, sector_Auto-Tires-Trucks, sector_Basic Materials, sector_Business Services, sector_Computer And Technology, sector_Conglomerates, sector_Construction, sector_Consumer Discretionary, sector_Consumer Staples, sector_Finance, sector_Industrial Products, sector_Medical, sector_Oils-Energy, sector_Retail-Wholesale, sector_Transportation, sector_Utilities
2026-03-19 12:35:32,903  INFO  [FeatureSelector/fundamental] Resumen: 62 features → corr_drop=9 → imp_drop=43 → 10 seleccionadas (top-10)
2026-03-19 12:35:37,605  INFO  [FundamentalAgent] CV AUC=0.5092 ± 0.0232
2026-03-19 12:35:41,316  INFO  [fundamental] Top-5 features: accruals_ratio=0.106 | momentum_12m_zsector=0.103 | roe_zsector=0.101 | net_margin=0.101 | revenue_yoy_growth=0.100
2026-03-19 12:35:41,323  INFO  [fundamental] Diagnósticos → diagnostics_fold0.json
2026-03-19 12:35:41,891  INFO  [FundamentalAgent] Entrenando — 1674 muestras
2026-03-19 12:35:42,712  INFO  [FeatureSelector/fundamental] Paso 1 — correlación >85%: eliminadas 12 / 62 features
2026-03-19 12:35:42,712  INFO  [FeatureSelector/fundamental]   ELIMINADA por corr: roa_zsector (|corr|=0.868 con roa; pb_y(roa_zsector)=0.056 < pb_y(roa)=0.067)
2026-03-19 12:35:42,713  INFO  [FeatureSelector/fundamental]   ELIMINADA por corr: roi_zsector (|corr|=0.860 con roi; pb_y(roi_zsector)=0.058 < pb_y(roi)=0.066)
2026-03-19 12:35:42,713  INFO  [FeatureSelector/fundamental]   ELIMINADA por corr: net_margin (|corr|=0.912 con net_margin_zsector; pb_y(net_margin)=0.016 < pb_y(net_margin_zsector)=0.030)
2026-03-19 12:35:42,713  INFO  [FeatureSelector/fundamental]   ELIMINADA por corr: operating_margin (|corr|=0.880 con operating_margin_zsector; pb_y(operating_margin)=0.007 < pb_y(operating_margin_zsector)=0.024)
2026-03-19 12:35:42,714  INFO  [FeatureSelector/fundamental]   ELIMINADA por corr: ebitda_margin (|corr|=0.890 con ebitda_margin_zsector; pb_y(ebitda_margin)=0.021 < pb_y(ebitda_margin_zsector)=0.031)
2026-03-19 12:35:42,714  INFO  [FeatureSelector/fundamental]   ELIMINADA por corr: quick_ratio (|corr|=0.974 con current_ratio; pb_y(quick_ratio)=0.000 < pb_y(current_ratio)=0.009)
2026-03-19 12:35:42,714  INFO  [FeatureSelector/fundamental]   ELIMINADA por corr: current_ratio (|corr|=0.863 con current_ratio_zsector; pb_y(current_ratio)=0.009 < pb_y(current_ratio_zsector)=0.011)
2026-03-19 12:35:42,715  INFO  [FeatureSelector/fundamental]   ELIMINADA por corr: quick_ratio_zsector (|corr|=0.971 con current_ratio_zsector; pb_y(quick_ratio_zsector)=0.000 < pb_y(current_ratio_zsector)=0.011)
2026-03-19 12:35:42,715  INFO  [FeatureSelector/fundamental]   ELIMINADA por corr: eps_yoy_growth_zsector (|corr|=0.944 con net_income_yoy_growth_zsector; pb_y(eps_yoy_growth_zsector)=0.007 < pb_y(net_income_yoy_growth_zsector)=0.019)
2026-03-19 12:35:42,716  INFO  [FeatureSelector/fundamental]   ELIMINADA por corr: net_income_yoy_growth (|corr|=0.997 con eps_yoy_growth; pb_y(net_income_yoy_growth)=0.019 < pb_y(eps_yoy_growth)=0.020)
2026-03-19 12:35:42,716  INFO  [FeatureSelector/fundamental]   ELIMINADA por corr: debt_equity (|corr|=0.954 con roe; pb_y(debt_equity)=0.002 < pb_y(roe)=0.011)
2026-03-19 12:35:42,716  INFO  [FeatureSelector/fundamental]   ELIMINADA por corr: revenue_yoy_growth_zsector (|corr|=0.926 con revenue_yoy_growth; pb_y(revenue_yoy_growth_zsector)=0.016 < pb_y(revenue_yoy_growth)=0.018)
2026-03-19 12:35:42,717  INFO  [FeatureSelector/fundamental]   [diag] Correlaciones entre features con raíz común (supervivientes):
2026-03-19 12:35:42,718  INFO  [FeatureSelector/fundamental]   [diag]   roe ↔ roe_zsector: |corr|=0.737
2026-03-19 12:35:42,719  INFO  [FeatureSelector/fundamental]   [diag]   roic ↔ roic_zsector: |corr|=0.756
2026-03-19 12:35:42,719  INFO  [FeatureSelector/fundamental]   [diag]   gross_margin ↔ gross_margin_zsector: |corr|=0.812
2026-03-19 12:35:42,720  INFO  [FeatureSelector/fundamental]   [diag]   fcf_margin ↔ fcf_margin_zsector: |corr|=0.668
2026-03-19 12:35:42,720  INFO  [FeatureSelector/fundamental]   [diag]   debt_to_ebitda ↔ debt_to_ebitda_zsector: |corr|=0.721
2026-03-19 12:35:42,721  INFO  [FeatureSelector/fundamental]   [diag]   interest_coverage ↔ interest_coverage_zsector: |corr|=0.768
2026-03-19 12:35:42,721  INFO  [FeatureSelector/fundamental]   [diag]   eps_yoy_growth ↔ eps: |corr|=0.033
2026-03-19 12:35:43,143  INFO  [FeatureSelector/fundamental] Paso 2 — top-10 features por importancia RF:
2026-03-19 12:35:43,143  INFO  [FeatureSelector/fundamental]   Feature                              Importancia Peso norm.     pb_y
2026-03-19 12:35:43,143  INFO  [FeatureSelector/fundamental]   ----------------------------------- ------------ ---------- --------
2026-03-19 12:35:43,143  INFO  [FeatureSelector/fundamental]    1. gross_margin_zsector                    0.0473     0.1148    0.004
2026-03-19 12:35:43,143  INFO  [FeatureSelector/fundamental]    2. roe                                     0.0438     0.1064    0.011
2026-03-19 12:35:43,143  INFO  [FeatureSelector/fundamental]    3. roic                                    0.0435     0.1057    0.066
2026-03-19 12:35:43,143  INFO  [FeatureSelector/fundamental]    4. roa                                     0.0415     0.1008    0.067
2026-03-19 12:35:43,143  INFO  [FeatureSelector/fundamental]    5. operating_margin_zsector                0.0414     0.1004    0.024
2026-03-19 12:35:43,143  INFO  [FeatureSelector/fundamental]    6. debt_equity_zsector                     0.0399     0.0969    0.002
2026-03-19 12:35:43,143  INFO  [FeatureSelector/fundamental]    7. eps_yoy_growth                          0.0397     0.0964    0.020
2026-03-19 12:35:43,143  INFO  [FeatureSelector/fundamental]    8. roe_zsector                             0.0394     0.0957    0.007
2026-03-19 12:35:43,143  INFO  [FeatureSelector/fundamental]    9. pb_ratio_zsector                        0.0378     0.0919    0.000
2026-03-19 12:35:43,143  INFO  [FeatureSelector/fundamental]   10. roic_zsector                            0.0375     0.0911    0.063
2026-03-19 12:35:43,143  INFO  [FeatureSelector/fundamental]   Descartadas por importancia baja (40): roi, gross_margin, fcf_margin, debt_to_ebitda, interest_coverage, revenue_yoy_growth, operating_income_yoy_growth, total_debt_yoy_growth, accruals_ratio, capex_to_revenue, consecutive_losses, eps, net_margin_zsector, fcf_margin_zsector, ebitda_margin_zsector, current_ratio_zsector, debt_to_ebitda_zsector, pe_ratio_zsector, ev_to_ebitda_zsector, fcf_yield_zsector, net_income_yoy_growth_zsector, momentum_12m_zsector, volatility_20d_zsector, interest_coverage_zsector, sector_Aerospace, sector_Auto-Tires-Trucks, sector_Basic Materials, sector_Business Services, sector_Computer And Technology, sector_Conglomerates, sector_Construction, sector_Consumer Discretionary, sector_Consumer Staples, sector_Finance, sector_Industrial Products, sector_Medical, sector_Oils-Energy, sector_Retail-Wholesale, sector_Transportation, sector_Utilities
2026-03-19 12:35:43,151  INFO  [FeatureSelector/fundamental] Resumen: 62 features → corr_drop=12 → imp_drop=40 → 10 seleccionadas (top-10)
2026-03-19 12:35:47,990  INFO  [FundamentalAgent] CV AUC=0.5407 ± 0.0215
2026-03-19 12:35:52,468  INFO  [fundamental] Top-5 features: roa=0.105 | gross_margin_zsector=0.103 | debt_equity_zsector=0.102 | roic_zsector=0.101 | eps_yoy_growth=0.100
2026-03-19 12:35:52,475  INFO  [fundamental] Diagnósticos → diagnostics_fold0.json
2026-03-19 12:35:52,893  INFO  [FundamentalAgent] Entrenando — 1674 muestras
2026-03-19 12:35:53,442  INFO  [FeatureSelector/fundamental] Paso 1 — correlación >85%: eliminadas 8 / 62 features
2026-03-19 12:35:53,443  INFO  [FeatureSelector/fundamental]   ELIMINADA por corr: roi_zsector (|corr|=0.855 con roi; pb_y(roi_zsector)=0.071 < pb_y(roi)=0.073)
2026-03-19 12:35:53,443  INFO  [FeatureSelector/fundamental]   ELIMINADA por corr: roa (|corr|=0.865 con roa_zsector; pb_y(roa)=0.059 < pb_y(roa_zsector)=0.065)
2026-03-19 12:35:53,443  INFO  [FeatureSelector/fundamental]   ELIMINADA por corr: ebitda_margin (|corr|=0.901 con ebitda_margin_zsector; pb_y(ebitda_margin)=0.024 < pb_y(ebitda_margin_zsector)=0.028)
2026-03-19 12:35:53,444  INFO  [FeatureSelector/fundamental]   ELIMINADA por corr: current_ratio (|corr|=0.957 con quick_ratio; pb_y(current_ratio)=0.001 < pb_y(quick_ratio)=0.008)
2026-03-19 12:35:53,444  INFO  [FeatureSelector/fundamental]   ELIMINADA por corr: quick_ratio_zsector (|corr|=0.963 con current_ratio_zsector; pb_y(quick_ratio_zsector)=0.001 < pb_y(current_ratio_zsector)=0.006)
2026-03-19 12:35:53,445  INFO  [FeatureSelector/fundamental]   ELIMINADA por corr: debt_equity (|corr|=0.927 con roe; pb_y(debt_equity)=0.022 < pb_y(roe)=0.029)
2026-03-19 12:35:53,445  INFO  [FeatureSelector/fundamental]   ELIMINADA por corr: net_income_yoy_growth_zsector (|corr|=0.885 con eps_yoy_growth_zsector; pb_y(net_income_yoy_growth_zsector)=0.002 < pb_y(eps_yoy_growth_zsector)=0.019)
2026-03-19 12:35:53,446  INFO  [FeatureSelector/fundamental]   ELIMINADA por corr: eps_yoy_growth (|corr|=1.000 con eps; pb_y(eps_yoy_growth)=0.024 < pb_y(eps)=0.024)
2026-03-19 12:35:53,446  INFO  [FeatureSelector/fundamental]   [diag] Correlaciones entre features con raíz común (supervivientes):
2026-03-19 12:35:53,447  INFO  [FeatureSelector/fundamental]   [diag]   roe ↔ roe_zsector: |corr|=0.775
2026-03-19 12:35:53,447  INFO  [FeatureSelector/fundamental]   [diag]   roic ↔ roic_zsector: |corr|=0.741
2026-03-19 12:35:53,448  INFO  [FeatureSelector/fundamental]   [diag]   net_margin ↔ net_margin_zsector: |corr|=0.567
2026-03-19 12:35:53,449  INFO  [FeatureSelector/fundamental]   [diag]   gross_margin ↔ gross_margin_zsector: |corr|=0.828
2026-03-19 12:35:53,450  INFO  [FeatureSelector/fundamental]   [diag]   fcf_margin ↔ fcf_margin_zsector: |corr|=0.663
2026-03-19 12:35:53,450  INFO  [FeatureSelector/fundamental]   [diag]   operating_margin ↔ operating_margin_zsector: |corr|=0.327
2026-03-19 12:35:53,451  INFO  [FeatureSelector/fundamental]   [diag]   debt_to_ebitda ↔ debt_to_ebitda_zsector: |corr|=0.672
2026-03-19 12:35:53,451  INFO  [FeatureSelector/fundamental]   [diag]   interest_coverage ↔ interest_coverage_zsector: |corr|=0.740
2026-03-19 12:35:53,452  INFO  [FeatureSelector/fundamental]   [diag]   revenue_yoy_growth ↔ revenue_yoy_growth_zsector: |corr|=0.196
2026-03-19 12:35:53,452  INFO  [FeatureSelector/fundamental]   [diag]   eps ↔ eps_yoy_growth_zsector: |corr|=0.320
2026-03-19 12:35:53,848  INFO  [FeatureSelector/fundamental] Paso 2 — top-10 features por importancia RF:
2026-03-19 12:35:53,848  INFO  [FeatureSelector/fundamental]   Feature                              Importancia Peso norm.     pb_y
2026-03-19 12:35:53,849  INFO  [FeatureSelector/fundamental]   ----------------------------------- ------------ ---------- --------
2026-03-19 12:35:53,849  INFO  [FeatureSelector/fundamental]    1. momentum_12m_zsector                    0.0487     0.1296    0.079
2026-03-19 12:35:53,849  INFO  [FeatureSelector/fundamental]    2. revenue_yoy_growth                      0.0397     0.1058    0.018
2026-03-19 12:35:53,850  INFO  [FeatureSelector/fundamental]    3. roic                                    0.0393     0.1046    0.085
2026-03-19 12:35:53,850  INFO  [FeatureSelector/fundamental]    4. roic_zsector                            0.0380     0.1011    0.065
2026-03-19 12:35:53,850  INFO  [FeatureSelector/fundamental]    5. roe                                     0.0379     0.1010    0.029
2026-03-19 12:35:53,851  INFO  [FeatureSelector/fundamental]    6. operating_income_yoy_growth             0.0365     0.0971    0.009
2026-03-19 12:35:53,851  INFO  [FeatureSelector/fundamental]    7. roa_zsector                             0.0361     0.0961    0.065
2026-03-19 12:35:53,852  INFO  [FeatureSelector/fundamental]    8. roe_zsector                             0.0337     0.0897    0.018
2026-03-19 12:35:53,852  INFO  [FeatureSelector/fundamental]    9. eps                                     0.0332     0.0885    0.024
2026-03-19 12:35:53,852  INFO  [FeatureSelector/fundamental]   10. roi                                     0.0325     0.0866    0.073
2026-03-19 12:35:53,853  INFO  [FeatureSelector/fundamental]   Descartadas por importancia baja (44): net_margin, gross_margin, fcf_margin, operating_margin, quick_ratio, debt_to_ebitda, interest_coverage, net_income_yoy_growth, total_debt_yoy_growth, accruals_ratio, capex_to_revenue, consecutive_losses, net_margin_zsector, gross_margin_zsector, fcf_margin_zsector, ebitda_margin_zsector, operating_margin_zsector, current_ratio_zsector, debt_equity_zsector, debt_to_ebitda_zsector, pe_ratio_zsector, pb_ratio_zsector, ev_to_ebitda_zsector, fcf_yield_zsector, revenue_yoy_growth_zsector, eps_yoy_growth_zsector, volatility_20d_zsector, interest_coverage_zsector, sector_Aerospace, sector_Auto-Tires-Trucks, sector_Basic Materials, sector_Business Services, sector_Computer And Technology, sector_Conglomerates, sector_Construction, sector_Consumer Discretionary, sector_Consumer Staples, sector_Finance, sector_Industrial Products, sector_Medical, sector_Oils-Energy, sector_Retail-Wholesale, sector_Transportation, sector_Utilities
2026-03-19 12:35:53,853  INFO  [FeatureSelector/fundamental] Resumen: 62 features → corr_drop=8 → imp_drop=44 → 10 seleccionadas (top-10)
2026-03-19 12:36:03,193  INFO  [FundamentalAgent] CV AUC=0.5134 ± 0.0370
2026-03-19 12:36:10,985  INFO  [fundamental] Top-5 features: roe=0.108 | momentum_12m_zsector=0.104 | roa_zsector=0.103 | eps=0.100 | revenue_yoy_growth=0.100
2026-03-19 12:36:10,990  INFO  [fundamental] Diagnósticos → diagnostics_fold0.json
2026-03-19 12:36:11,606  INFO  [ValuationAgent] Entrenando — 1674 muestras
2026-03-19 12:36:12,128  INFO  [FeatureSelector/valuation] Paso 1 — correlación >85%: eliminadas 2 / 17 features
2026-03-19 12:36:12,129  INFO  [FeatureSelector/valuation]   ELIMINADA por corr: pb_vs_5y_median (|corr|=0.893 con pb_ratio; pb_y(pb_vs_5y_median)=0.024 < pb_y(pb_ratio)=0.032)
2026-03-19 12:36:12,130  INFO  [FeatureSelector/valuation]   ELIMINADA por corr: eps_est (|corr|=0.993 con eps_reported; pb_y(eps_est)=0.035 < pb_y(eps_reported)=0.038)
2026-03-19 12:36:12,622  INFO  [FeatureSelector/valuation] Paso 2 — top-10 features por importancia RF:
2026-03-19 12:36:12,623  INFO  [FeatureSelector/valuation]   Feature                              Importancia Peso norm.     pb_y
2026-03-19 12:36:12,623  INFO  [FeatureSelector/valuation]   ----------------------------------- ------------ ---------- --------
2026-03-19 12:36:12,624  INFO  [FeatureSelector/valuation]    1. pb_sector_pct                           0.1059     0.1300    0.043
2026-03-19 12:36:12,624  INFO  [FeatureSelector/valuation]    2. ps_ratio                                0.1054     0.1295    0.001
2026-03-19 12:36:12,625  INFO  [FeatureSelector/valuation]    3. eps_revision                            0.0979     0.1203    0.040
2026-03-19 12:36:12,625  INFO  [FeatureSelector/valuation]    4. eps_surprise_pct                        0.0776     0.0953    0.018
2026-03-19 12:36:12,626  INFO  [FeatureSelector/valuation]    5. pe_vs_5y_median                         0.0772     0.0948    0.032
2026-03-19 12:36:12,626  INFO  [FeatureSelector/valuation]    6. pb_ratio                                0.0756     0.0928    0.032
2026-03-19 12:36:12,627  INFO  [FeatureSelector/valuation]    7. pe_sector_pct                           0.0736     0.0904    0.017
2026-03-19 12:36:12,627  INFO  [FeatureSelector/valuation]    8. pe_ratio                                0.0725     0.0891    0.020
2026-03-19 12:36:12,628  INFO  [FeatureSelector/valuation]    9. earnings_yield                          0.0654     0.0803    0.024
2026-03-19 12:36:12,628  INFO  [FeatureSelector/valuation]   10. eps_reported                            0.0631     0.0775    0.038
2026-03-19 12:36:12,628  INFO  [FeatureSelector/valuation]   Descartadas por importancia baja (5): ev_to_ebitda, fcf_yield, ev_ebitda_vs_5y_median, ev_sector_pct, fcf_sector_pct
2026-03-19 12:36:12,629  INFO  [FeatureSelector/valuation] Resumen: 17 features → corr_drop=2 → imp_drop=5 → 10 seleccionadas (top-10)
2026-03-19 12:36:24,551  INFO  [ValuationAgent] CV AUC=0.5217 ± 0.0253
2026-03-19 14:23:47,404  INFO  ============================================================
2026-03-19 14:23:47,405  INFO    INICIANDO PIPELINE ML MULTI-AGENTE STOCK PICKER
2026-03-19 14:23:47,405  INFO  ============================================================
2026-03-19 14:23:47,671  INFO  PASO 1 — DESCARGANDO DATOS (Finnhub + Yahoo Finance)
2026-03-19 14:23:47,671  INFO    Tickers: 200 | 2015-01-01 → 2026-01-01
2026-03-19 14:23:47,671  INFO    Destino: data_finnhub
2026-03-19 14:23:47,671  INFO  ==================================================
2026-03-19 14:23:47,671  INFO    Finnhub + Yahoo Finance Downloader
2026-03-19 14:23:47,671  INFO    Tickers  : 200
2026-03-19 14:23:47,671  INFO    Período  : 2015-01-01 → 2026-01-01
2026-03-19 14:23:47,671  INFO    Destino  : C:\Users\PC\Desktop\Documents\TFM\data_finnhub
2026-03-19 14:23:47,677  INFO  ==================================================
2026-03-19 14:23:47,677  INFO  Descargando macro...
2026-03-19 14:23:47,677  INFO    _macro/vix.json  skip
2026-03-19 14:23:47,677  INFO    _macro/sp500.json  skip
2026-03-19 14:23:47,677  INFO    _macro/us10y.json  skip
2026-03-19 14:23:47,677  INFO    _macro/us2y.json  skip
2026-03-19 14:23:47,677  INFO  Descargando 200 tickers...
2026-03-19 14:30:35,687  INFO  ============================================================
2026-03-19 14:30:35,687  INFO    INICIANDO PIPELINE ML MULTI-AGENTE STOCK PICKER
2026-03-19 14:30:35,687  INFO  ============================================================
2026-03-19 14:30:35,890  INFO  PASO 1 — DESCARGANDO DATOS (Finnhub + Yahoo Finance)
2026-03-19 14:30:35,891  INFO    Tickers: 200 | 2015-01-01 → 2026-01-01
2026-03-19 14:30:35,891  INFO    Destino: data_finnhub
2026-03-19 14:30:35,892  INFO  ==================================================
2026-03-19 14:30:35,893  INFO    Finnhub + Yahoo Finance Downloader
2026-03-19 14:30:35,893  INFO    Tickers  : 200
2026-03-19 14:30:35,893  INFO    Período  : 2015-01-01 → 2026-01-01
2026-03-19 14:30:35,894  INFO    Destino  : C:\Users\PC\Desktop\Documents\TFM\data_finnhub
2026-03-19 14:30:35,894  INFO  ==================================================
2026-03-19 14:30:35,895  INFO  Descargando macro...
2026-03-19 14:30:35,895  INFO    _macro/vix.json  skip
2026-03-19 14:30:35,896  INFO    _macro/sp500.json  skip
2026-03-19 14:30:35,896  INFO    _macro/us10y.json  skip
2026-03-19 14:30:35,896  INFO    _macro/us2y.json  skip
2026-03-19 14:30:35,897  INFO  Descargando 200 tickers...
2026-03-19 14:30:35,899  DEBUG  [NVDA] ok=0 skip=13 nodata=0
2026-03-19 14:30:35,900  DEBUG  [AAPL] ok=0 skip=13 nodata=0
2026-03-19 14:30:35,901  DEBUG  [MSFT] ok=0 skip=13 nodata=0
2026-03-19 14:30:35,902  DEBUG  [AMZN] ok=0 skip=13 nodata=0
2026-03-19 14:30:35,902  DEBUG  [GOOGL] ok=0 skip=13 nodata=0
2026-03-19 14:30:35,903  DEBUG  [GOOG] ok=0 skip=13 nodata=0
2026-03-19 14:30:35,904  DEBUG  [META] ok=0 skip=13 nodata=0
2026-03-19 14:30:35,909  DEBUG  Starting new HTTPS connection (1): finnhub.io:443
2026-03-19 14:30:36,898  DEBUG  https://finnhub.io:443 "GET /api/v1/company-news?symbol=AVGO&from=2025-03-19&to=2026-01-01 HTTP/1.1" 200 None
2026-03-19 14:30:57,980  WARNING    Error en /stock/peers: HTTPSConnectionPool(host='finnhub.io', port=443): Read timed out. (read timeout=20)
2026-03-19 14:30:57,980  DEBUG  Starting new HTTPS connection (2): finnhub.io:443
2026-03-19 14:30:59,296  DEBUG  https://finnhub.io:443 "GET /api/v1/quote?symbol=AVGO HTTP/1.1" 200 None
2026-03-19 14:30:59,306  DEBUG  [AVGO] ok=2 skip=10 nodata=1
2026-03-19 14:30:59,309  DEBUG  [TSLA] ok=0 skip=13 nodata=0
2026-03-19 14:30:59,316  DEBUG  Starting new HTTPS connection (1): query1.finance.yahoo.com:443
2026-03-19 14:31:00,252  DEBUG  https://query1.finance.yahoo.com:443 "GET /v8/finance/chart/BRK.B?period1=1420066800&period2=1767222000&interval=1d&events=div%2Csplits&includeAdjustedClose=true HTTP/1.1" 404 108
2026-03-19 14:31:00,253  WARNING  [BRK.B] Yahoo status 404
2026-03-19 14:31:00,470  DEBUG  https://finnhub.io:443 "GET /api/v1/stock/profile2?symbol=BRK.B HTTP/1.1" 200 None
2026-03-19 14:31:01,728  DEBUG  https://finnhub.io:443 "GET /api/v1/stock/metric?symbol=BRK.B&metric=all HTTP/1.1" 200 None
2026-03-19 14:31:02,925  DEBUG  https://finnhub.io:443 "GET /api/v1/stock/financials-reported?symbol=BRK.B&freq=annual HTTP/1.1" 200 37
2026-03-19 14:31:04,112  DEBUG  https://finnhub.io:443 "GET /api/v1/stock/financials-reported?symbol=BRK.B&freq=quarterly HTTP/1.1" 200 37
2026-03-19 14:31:16,217  DEBUG  https://finnhub.io:443 "GET /api/v1/stock/earnings?symbol=BRK.B&limit=20 HTTP/1.1" 200 None
2026-03-19 14:31:24,348  DEBUG  https://finnhub.io:443 "GET /api/v1/calendar/earnings?from=2015-01-01&to=2026-01-01&symbol=BRK.B HTTP/1.1" 200 23
2026-03-19 14:31:42,347  DEBUG  https://finnhub.io:443 "GET /api/v1/stock/recommendation?symbol=BRK.B HTTP/1.1" 200 None
2026-03-19 14:31:43,526  DEBUG  https://finnhub.io:443 "GET /api/v1/stock/insider-transactions?symbol=BRK.B&from=2015-01-01&to=2026-01-01 HTTP/1.1" 200 None
2026-03-19 14:31:44,727  DEBUG  https://finnhub.io:443 "GET /api/v1/stock/insider-sentiment?symbol=BRK.B&from=2015-01-01&to=2026-01-01 HTTP/1.1" 200 28
2026-03-19 14:31:46,109  DEBUG  https://finnhub.io:443 "GET /api/v1/company-news?symbol=BRK.B&from=2025-03-19&to=2026-01-01 HTTP/1.1" 200 None
2026-03-19 14:31:52,116  DEBUG  https://finnhub.io:443 "GET /api/v1/stock/peers?symbol=BRK.B HTTP/1.1" 200 None
2026-03-19 14:31:53,348  DEBUG  https://finnhub.io:443 "GET /api/v1/quote?symbol=BRK.B HTTP/1.1" 200 None
2026-03-19 14:31:53,358  DEBUG  [BRK.B] ok=12 skip=0 nodata=1
2026-03-19 14:31:53,583  DEBUG  https://query1.finance.yahoo.com:443 "GET /v8/finance/chart/WMT?period1=1420066800&period2=1767222000&interval=1d&events=div%2Csplits&includeAdjustedClose=true HTTP/1.1" 200 None
2026-03-19 14:31:54,547  DEBUG  https://finnhub.io:443 "GET /api/v1/stock/profile2?symbol=WMT HTTP/1.1" 200 None
2026-03-19 14:31:55,739  DEBUG  https://finnhub.io:443 "GET /api/v1/stock/metric?symbol=WMT&metric=all HTTP/1.1" 200 None
2026-03-19 14:31:56,989  DEBUG  https://finnhub.io:443 "GET /api/v1/stock/financials-reported?symbol=WMT&freq=annual HTTP/1.1" 200 None
2026-03-19 14:31:58,315  DEBUG  https://finnhub.io:443 "GET /api/v1/stock/financials-reported?symbol=WMT&freq=quarterly HTTP/1.1" 200 None
2026-03-19 14:32:05,439  DEBUG  https://finnhub.io:443 "GET /api/v1/stock/earnings?symbol=WMT&limit=20 HTTP/1.1" 200 None
2026-03-19 14:32:25,501  INFO  ============================================================
2026-03-19 14:32:25,502  INFO    INICIANDO PIPELINE ML MULTI-AGENTE STOCK PICKER
2026-03-19 14:32:25,502  INFO  ============================================================
2026-03-19 14:32:25,709  INFO  PASO 1 — DESCARGANDO DATOS (Finnhub + Yahoo Finance)
2026-03-19 14:32:25,709  INFO    Tickers: 200 | 2015-01-01 → 2026-01-01
2026-03-19 14:32:25,709  INFO    Destino: data_finnhub
2026-03-19 14:32:25,719  INFO  ==================================================
2026-03-19 14:32:25,719  INFO    Finnhub + Yahoo Finance Downloader
2026-03-19 14:32:25,719  INFO    Tickers  : 200
2026-03-19 14:32:25,719  INFO    Período  : 2015-01-01 → 2026-01-01
2026-03-19 14:32:25,721  INFO    Destino  : C:\Users\PC\Desktop\Documents\TFM\data_finnhub
2026-03-19 14:32:25,721  INFO  ==================================================
2026-03-19 14:32:25,721  INFO  Descargando macro...
2026-03-19 14:32:25,722  INFO    _macro/vix.json  skip
2026-03-19 14:32:25,722  INFO    _macro/sp500.json  skip
2026-03-19 14:32:25,722  INFO    _macro/us10y.json  skip
2026-03-19 14:32:25,723  INFO    _macro/us2y.json  skip
2026-03-19 14:32:25,723  INFO  Descargando 200 tickers...
2026-03-19 14:32:25,725  DEBUG  [NVDA] ok=0 skip=13 nodata=0
2026-03-19 14:32:25,728  DEBUG  [AAPL] ok=0 skip=13 nodata=0
2026-03-19 14:32:25,729  DEBUG  [MSFT] ok=0 skip=13 nodata=0
2026-03-19 14:32:25,729  DEBUG  [AMZN] ok=0 skip=13 nodata=0
2026-03-19 14:32:25,730  DEBUG  [GOOGL] ok=0 skip=13 nodata=0
2026-03-19 14:32:25,731  DEBUG  [GOOG] ok=0 skip=13 nodata=0
2026-03-19 14:32:25,732  DEBUG  [META] ok=0 skip=13 nodata=0
2026-03-19 14:32:25,734  DEBUG  Starting new HTTPS connection (1): finnhub.io:443
2026-03-19 14:32:26,806  DEBUG  https://finnhub.io:443 "GET /api/v1/stock/peers?symbol=AVGO HTTP/1.1" 200 None
2026-03-19 14:32:26,812  DEBUG  [AVGO] ok=1 skip=12 nodata=0
2026-03-19 14:32:26,813  DEBUG  [TSLA] ok=0 skip=13 nodata=0
2026-03-19 14:32:26,817  DEBUG  Starting new HTTPS connection (1): query1.finance.yahoo.com:443
2026-03-19 14:32:27,798  DEBUG  https://query1.finance.yahoo.com:443 "GET /v8/finance/chart/BRK.B?period1=1420066800&period2=1767222000&interval=1d&events=div%2Csplits&includeAdjustedClose=true HTTP/1.1" 404 108
2026-03-19 14:32:27,799  WARNING  [BRK.B] Yahoo status 404
2026-03-19 14:32:27,799  DEBUG  [BRK.B] ok=0 skip=12 nodata=1
2026-03-19 14:32:27,980  DEBUG  https://finnhub.io:443 "GET /api/v1/calendar/earnings?from=2015-01-01&to=2026-01-01&symbol=WMT HTTP/1.1" 200 23
2026-03-19 14:32:29,166  DEBUG  https://finnhub.io:443 "GET /api/v1/stock/recommendation?symbol=WMT HTTP/1.1" 200 None
2026-03-19 14:32:30,668  DEBUG  https://finnhub.io:443 "GET /api/v1/stock/insider-transactions?symbol=WMT&from=2015-01-01&to=2026-01-01 HTTP/1.1" 200 None
2026-03-19 14:32:31,909  DEBUG  https://finnhub.io:443 "GET /api/v1/stock/insider-sentiment?symbol=WMT&from=2015-01-01&to=2026-01-01 HTTP/1.1" 200 None
2026-03-19 14:32:33,208  DEBUG  https://finnhub.io:443 "GET /api/v1/company-news?symbol=WMT&from=2025-03-19&to=2026-01-01 HTTP/1.1" 200 None
2026-03-19 14:32:53,066  DEBUG  https://finnhub.io:443 "GET /api/v1/stock/peers?symbol=WMT HTTP/1.1" 200 None
2026-03-19 14:32:54,426  DEBUG  https://finnhub.io:443 "GET /api/v1/quote?symbol=WMT HTTP/1.1" 200 None
2026-03-19 14:32:54,431  DEBUG  [WMT] ok=7 skip=6 nodata=0
2026-03-19 14:32:54,603  DEBUG  https://query1.finance.yahoo.com:443 "GET /v8/finance/chart/LLY?period1=1420066800&period2=1767222000&interval=1d&events=div%2Csplits&includeAdjustedClose=true HTTP/1.1" 200 None
2026-03-19 14:32:55,600  DEBUG  https://finnhub.io:443 "GET /api/v1/stock/profile2?symbol=LLY HTTP/1.1" 200 None
2026-03-19 14:32:56,816  DEBUG  https://finnhub.io:443 "GET /api/v1/stock/metric?symbol=LLY&metric=all HTTP/1.1" 200 None
2026-03-19 14:32:58,084  DEBUG  https://finnhub.io:443 "GET /api/v1/stock/financials-reported?symbol=LLY&freq=annual HTTP/1.1" 200 None
2026-03-19 14:32:59,329  DEBUG  https://finnhub.io:443 "GET /api/v1/stock/financials-reported?symbol=LLY&freq=quarterly HTTP/1.1" 200 None
2026-03-19 14:33:14,712  DEBUG  https://finnhub.io:443 "GET /api/v1/stock/earnings?symbol=LLY&limit=20 HTTP/1.1" 200 None
2026-03-19 16:46:39,572  INFO  ============================================================
2026-03-19 16:46:39,572  INFO    INICIANDO PIPELINE ML MULTI-AGENTE STOCK PICKER
2026-03-19 16:46:39,572  INFO  ============================================================
2026-03-19 16:46:39,572  INFO  PASO 1 — DESCARGANDO DATOS (Finnhub + Yahoo Finance)
2026-03-19 16:46:39,572  INFO    Tickers: 200 | 2015-01-01 → 2026-01-01
2026-03-19 16:46:39,572  INFO    Destino: data_finnhub
2026-03-19 16:46:39,572  INFO  ==================================================
2026-03-19 16:46:39,572  INFO    Finnhub + Yahoo Finance Downloader
2026-03-19 16:46:39,572  INFO    Tickers  : 200
2026-03-19 16:46:39,572  INFO    Período  : 2015-01-01 → 2026-01-01
2026-03-19 16:46:39,572  INFO    Destino  : C:\Users\PC\Desktop\Documents\TFM\data_finnhub
2026-03-19 16:46:39,572  INFO  ==================================================
2026-03-19 16:46:39,572  INFO  Descargando macro...
2026-03-19 16:46:39,572  INFO    _macro/vix.json  skip
2026-03-19 16:46:39,572  INFO    _macro/sp500.json  skip
2026-03-19 16:46:39,572  INFO    _macro/us10y.json  skip
2026-03-19 16:46:39,572  INFO    _macro/us2y.json  skip
2026-03-19 16:46:39,572  INFO  Descargando 200 tickers...
2026-03-19 16:46:39,586  DEBUG  [NVDA] ok=0 skip=13 nodata=0
2026-03-19 16:46:39,587  DEBUG  [AAPL] ok=0 skip=13 nodata=0
2026-03-19 16:46:39,588  DEBUG  [MSFT] ok=0 skip=13 nodata=0
2026-03-19 16:46:39,589  DEBUG  [AMZN] ok=0 skip=13 nodata=0
2026-03-19 16:46:39,590  DEBUG  [GOOGL] ok=0 skip=13 nodata=0
2026-03-19 16:46:39,591  DEBUG  [GOOG] ok=0 skip=13 nodata=0
2026-03-19 16:46:39,592  DEBUG  [META] ok=0 skip=13 nodata=0
2026-03-19 16:46:39,593  DEBUG  [AVGO] ok=0 skip=13 nodata=0
2026-03-19 16:46:39,593  DEBUG  [TSLA] ok=0 skip=13 nodata=0
2026-03-19 16:46:39,600  DEBUG  Starting new HTTPS connection (1): query1.finance.yahoo.com:443
2026-03-19 16:46:40,587  DEBUG  https://query1.finance.yahoo.com:443 "GET /v8/finance/chart/BRK.B?period1=1420066800&period2=1767222000&interval=1d&events=div%2Csplits&includeAdjustedClose=true HTTP/1.1" 404 108
2026-03-19 16:46:40,587  WARNING  [BRK.B] Yahoo status 404
2026-03-19 16:46:40,587  DEBUG  [BRK.B] ok=0 skip=12 nodata=1
2026-03-19 16:46:40,587  DEBUG  [WMT] ok=0 skip=13 nodata=0
2026-03-19 16:46:40,587  DEBUG  Starting new HTTPS connection (1): finnhub.io:443
2026-03-19 16:46:43,136  DEBUG  https://finnhub.io:443 "GET /api/v1/calendar/earnings?from=2015-01-01&to=2026-01-01&symbol=LLY HTTP/1.1" 200 23
2026-03-19 16:46:44,328  DEBUG  https://finnhub.io:443 "GET /api/v1/stock/recommendation?symbol=LLY HTTP/1.1" 200 None
2026-03-19 16:46:45,808  DEBUG  https://finnhub.io:443 "GET /api/v1/stock/insider-transactions?symbol=LLY&from=2015-01-01&to=2026-01-01 HTTP/1.1" 200 None
2026-03-19 16:46:47,003  DEBUG  https://finnhub.io:443 "GET /api/v1/stock/insider-sentiment?symbol=LLY&from=2015-01-01&to=2026-01-01 HTTP/1.1" 200 None
2026-03-19 16:46:48,208  DEBUG  https://finnhub.io:443 "GET /api/v1/company-news?symbol=LLY&from=2025-03-19&to=2026-01-01 HTTP/1.1" 200 None
2026-03-19 16:46:51,214  DEBUG  https://finnhub.io:443 "GET /api/v1/stock/peers?symbol=LLY HTTP/1.1" 200 None
2026-03-19 16:46:52,434  DEBUG  https://finnhub.io:443 "GET /api/v1/quote?symbol=LLY HTTP/1.1" 200 None
2026-03-19 16:46:52,440  DEBUG  [LLY] ok=7 skip=6 nodata=0
2026-03-19 16:46:52,441  DEBUG  [JPM] ok=0 skip=13 nodata=0
2026-03-19 16:46:52,587  DEBUG  https://query1.finance.yahoo.com:443 "GET /v8/finance/chart/XOM?period1=1420066800&period2=1767222000&interval=1d&events=div%2Csplits&includeAdjustedClose=true HTTP/1.1" 200 None
2026-03-19 16:46:53,625  DEBUG  https://finnhub.io:443 "GET /api/v1/stock/profile2?symbol=XOM HTTP/1.1" 200 None
2026-03-19 16:46:54,839  DEBUG  https://finnhub.io:443 "GET /api/v1/stock/metric?symbol=XOM&metric=all HTTP/1.1" 200 None
2026-03-19 16:46:56,094  DEBUG  https://finnhub.io:443 "GET /api/v1/stock/financials-reported?symbol=XOM&freq=annual HTTP/1.1" 200 None
2026-03-19 16:46:57,518  DEBUG  https://finnhub.io:443 "GET /api/v1/stock/financials-reported?symbol=XOM&freq=quarterly HTTP/1.1" 200 None
2026-03-19 16:46:59,591  DEBUG  https://finnhub.io:443 "GET /api/v1/stock/earnings?symbol=XOM&limit=20 HTTP/1.1" 200 None
2026-03-19 16:47:00,796  DEBUG  https://finnhub.io:443 "GET /api/v1/calendar/earnings?from=2015-01-01&to=2026-01-01&symbol=XOM HTTP/1.1" 200 23
2026-03-19 16:47:02,022  DEBUG  https://finnhub.io:443 "GET /api/v1/stock/recommendation?symbol=XOM HTTP/1.1" 200 None
2026-03-19 16:47:03,331  DEBUG  https://finnhub.io:443 "GET /api/v1/stock/insider-transactions?symbol=XOM&from=2015-01-01&to=2026-01-01 HTTP/1.1" 200 None
2026-03-19 16:47:04,543  DEBUG  https://finnhub.io:443 "GET /api/v1/stock/insider-sentiment?symbol=XOM&from=2015-01-01&to=2026-01-01 HTTP/1.1" 200 None
2026-03-19 16:47:05,772  DEBUG  https://finnhub.io:443 "GET /api/v1/company-news?symbol=XOM&from=2025-03-19&to=2026-01-01 HTTP/1.1" 200 None
2026-03-19 16:47:08,090  DEBUG  https://finnhub.io:443 "GET /api/v1/stock/peers?symbol=XOM HTTP/1.1" 200 26
2026-03-19 16:47:09,374  DEBUG  https://finnhub.io:443 "GET /api/v1/quote?symbol=XOM HTTP/1.1" 200 None
2026-03-19 16:47:09,381  DEBUG  [XOM] ok=13 skip=0 nodata=0
2026-03-19 16:47:09,384  DEBUG  [V] ok=0 skip=13 nodata=0
2026-03-19 16:47:09,540  DEBUG  https://query1.finance.yahoo.com:443 "GET /v8/finance/chart/JNJ?period1=1420066800&period2=1767222000&interval=1d&events=div%2Csplits&includeAdjustedClose=true HTTP/1.1" 200 None
2026-03-19 16:47:10,565  DEBUG  https://finnhub.io:443 "GET /api/v1/stock/profile2?symbol=JNJ HTTP/1.1" 200 None
2026-03-19 16:47:11,767  DEBUG  https://finnhub.io:443 "GET /api/v1/stock/metric?symbol=JNJ&metric=all HTTP/1.1" 200 None
2026-03-19 16:47:13,224  DEBUG  https://finnhub.io:443 "GET /api/v1/stock/financials-reported?symbol=JNJ&freq=annual HTTP/1.1" 200 None
2026-03-19 16:47:14,658  DEBUG  https://finnhub.io:443 "GET /api/v1/stock/financials-reported?symbol=JNJ&freq=quarterly HTTP/1.1" 200 None
2026-03-19 16:47:17,273  DEBUG  https://finnhub.io:443 "GET /api/v1/stock/earnings?symbol=JNJ&limit=20 HTTP/1.1" 200 None
2026-03-19 16:47:18,523  DEBUG  https://finnhub.io:443 "GET /api/v1/calendar/earnings?from=2015-01-01&to=2026-01-01&symbol=JNJ HTTP/1.1" 200 23
2026-03-19 16:47:19,707  DEBUG  https://finnhub.io:443 "GET /api/v1/stock/recommendation?symbol=JNJ HTTP/1.1" 200 None
2026-03-19 16:47:21,018  DEBUG  https://finnhub.io:443 "GET /api/v1/stock/insider-transactions?symbol=JNJ&from=2015-01-01&to=2026-01-01 HTTP/1.1" 200 None
2026-03-19 16:47:22,546  DEBUG  https://finnhub.io:443 "GET /api/v1/stock/insider-sentiment?symbol=JNJ&from=2015-01-01&to=2026-01-01 HTTP/1.1" 200 None
2026-03-19 16:47:23,768  DEBUG  https://finnhub.io:443 "GET /api/v1/company-news?symbol=JNJ&from=2025-03-19&to=2026-01-01 HTTP/1.1" 200 None
2026-03-19 16:47:32,152  DEBUG  https://finnhub.io:443 "GET /api/v1/stock/peers?symbol=JNJ HTTP/1.1" 200 None
2026-03-19 16:47:33,379  DEBUG  https://finnhub.io:443 "GET /api/v1/quote?symbol=JNJ HTTP/1.1" 200 None
2026-03-19 16:47:33,383  DEBUG  [JNJ] ok=13 skip=0 nodata=0
2026-03-19 16:47:33,493  DEBUG  https://query1.finance.yahoo.com:443 "GET /v8/finance/chart/MU?period1=1420066800&period2=1767222000&interval=1d&events=div%2Csplits&includeAdjustedClose=true HTTP/1.1" 200 None
2026-03-19 16:47:37,479  DEBUG  https://finnhub.io:443 "GET /api/v1/stock/profile2?symbol=MU HTTP/1.1" 200 None
2026-03-19 16:47:38,652  DEBUG  https://finnhub.io:443 "GET /api/v1/stock/metric?symbol=MU&metric=all HTTP/1.1" 200 None
2026-03-19 16:47:39,975  DEBUG  https://finnhub.io:443 "GET /api/v1/stock/financials-reported?symbol=MU&freq=annual HTTP/1.1" 200 None
2026-03-19 16:47:41,215  DEBUG  https://finnhub.io:443 "GET /api/v1/stock/financials-reported?symbol=MU&freq=quarterly HTTP/1.1" 200 None
2026-03-19 16:47:43,295  DEBUG  https://finnhub.io:443 "GET /api/v1/stock/earnings?symbol=MU&limit=20 HTTP/1.1" 200 None
2026-03-19 16:47:44,724  DEBUG  https://finnhub.io:443 "GET /api/v1/calendar/earnings?from=2015-01-01&to=2026-01-01&symbol=MU HTTP/1.1" 200 23
2026-03-19 16:47:45,912  DEBUG  https://finnhub.io:443 "GET /api/v1/stock/recommendation?symbol=MU HTTP/1.1" 200 None
2026-03-19 16:47:47,312  DEBUG  https://finnhub.io:443 "GET /api/v1/stock/insider-transactions?symbol=MU&from=2015-01-01&to=2026-01-01 HTTP/1.1" 200 None
2026-03-19 16:47:48,869  DEBUG  https://finnhub.io:443 "GET /api/v1/stock/insider-sentiment?symbol=MU&from=2015-01-01&to=2026-01-01 HTTP/1.1" 200 None
2026-03-19 16:47:50,094  DEBUG  https://finnhub.io:443 "GET /api/v1/company-news?symbol=MU&from=2025-03-19&to=2026-01-01 HTTP/1.1" 200 None
2026-03-19 16:47:52,441  DEBUG  https://finnhub.io:443 "GET /api/v1/stock/peers?symbol=MU HTTP/1.1" 200 None
2026-03-19 16:47:53,717  DEBUG  https://finnhub.io:443 "GET /api/v1/quote?symbol=MU HTTP/1.1" 200 None
2026-03-19 16:47:53,722  DEBUG  [MU] ok=13 skip=0 nodata=0
2026-03-19 16:47:53,830  DEBUG  https://query1.finance.yahoo.com:443 "GET /v8/finance/chart/COST?period1=1420066800&period2=1767222000&interval=1d&events=div%2Csplits&includeAdjustedClose=true HTTP/1.1" 200 None
2026-03-19 16:47:56,299  DEBUG  https://finnhub.io:443 "GET /api/v1/stock/profile2?symbol=COST HTTP/1.1" 200 None
2026-03-19 16:47:57,496  DEBUG  https://finnhub.io:443 "GET /api/v1/stock/metric?symbol=COST&metric=all HTTP/1.1" 200 None
2026-03-19 16:47:58,894  DEBUG  https://finnhub.io:443 "GET /api/v1/stock/financials-reported?symbol=COST&freq=annual HTTP/1.1" 200 None
2026-03-19 16:48:00,256  DEBUG  https://finnhub.io:443 "GET /api/v1/stock/financials-reported?symbol=COST&freq=quarterly HTTP/1.1" 200 None
2026-03-19 16:48:05,922  DEBUG  https://finnhub.io:443 "GET /api/v1/stock/earnings?symbol=COST&limit=20 HTTP/1.1" 200 None
2026-03-19 16:48:07,133  DEBUG  https://finnhub.io:443 "GET /api/v1/calendar/earnings?from=2015-01-01&to=2026-01-01&symbol=COST HTTP/1.1" 200 23
2026-03-19 16:48:09,294  DEBUG  https://finnhub.io:443 "GET /api/v1/stock/recommendation?symbol=COST HTTP/1.1" 200 None
2026-03-19 16:48:10,609  DEBUG  https://finnhub.io:443 "GET /api/v1/stock/insider-transactions?symbol=COST&from=2015-01-01&to=2026-01-01 HTTP/1.1" 200 None
2026-03-19 16:48:11,816  DEBUG  https://finnhub.io:443 "GET /api/v1/stock/insider-sentiment?symbol=COST&from=2015-01-01&to=2026-01-01 HTTP/1.1" 200 None
2026-03-19 16:48:13,028  DEBUG  https://finnhub.io:443 "GET /api/v1/company-news?symbol=COST&from=2025-03-19&to=2026-01-01 HTTP/1.1" 200 None
2026-03-19 16:48:14,972  DEBUG  https://finnhub.io:443 "GET /api/v1/stock/peers?symbol=COST HTTP/1.1" 200 None
2026-03-19 16:48:16,249  DEBUG  https://finnhub.io:443 "GET /api/v1/quote?symbol=COST HTTP/1.1" 200 None
2026-03-19 16:48:16,252  DEBUG  [COST] ok=13 skip=0 nodata=0
2026-03-19 16:48:16,368  DEBUG  https://query1.finance.yahoo.com:443 "GET /v8/finance/chart/MA?period1=1420066800&period2=1767222000&interval=1d&events=div%2Csplits&includeAdjustedClose=true HTTP/1.1" 200 None
2026-03-19 16:48:17,429  DEBUG  https://finnhub.io:443 "GET /api/v1/stock/profile2?symbol=MA HTTP/1.1" 200 None
2026-03-19 16:48:18,619  DEBUG  https://finnhub.io:443 "GET /api/v1/stock/metric?symbol=MA&metric=all HTTP/1.1" 200 None
2026-03-19 16:48:19,844  DEBUG  https://finnhub.io:443 "GET /api/v1/stock/financials-reported?symbol=MA&freq=annual HTTP/1.1" 200 None
2026-03-19 16:48:21,275  DEBUG  https://finnhub.io:443 "GET /api/v1/stock/financials-reported?symbol=MA&freq=quarterly HTTP/1.1" 200 None
2026-03-19 16:48:22,630  DEBUG  https://finnhub.io:443 "GET /api/v1/stock/earnings?symbol=MA&limit=20 HTTP/1.1" 200 None
2026-03-19 16:48:23,799  DEBUG  https://finnhub.io:443 "GET /api/v1/calendar/earnings?from=2015-01-01&to=2026-01-01&symbol=MA HTTP/1.1" 200 23
2026-03-19 16:48:24,971  DEBUG  https://finnhub.io:443 "GET /api/v1/stock/recommendation?symbol=MA HTTP/1.1" 200 None
2026-03-19 16:48:26,342  DEBUG  https://finnhub.io:443 "GET /api/v1/stock/insider-transactions?symbol=MA&from=2015-01-01&to=2026-01-01 HTTP/1.1" 200 None
2026-03-19 16:48:27,903  DEBUG  https://finnhub.io:443 "GET /api/v1/stock/insider-sentiment?symbol=MA&from=2015-01-01&to=2026-01-01 HTTP/1.1" 200 None
2026-03-19 16:48:29,132  DEBUG  https://finnhub.io:443 "GET /api/v1/company-news?symbol=MA&from=2025-03-19&to=2026-01-01 HTTP/1.1" 200 None
2026-03-19 16:48:31,504  DEBUG  https://finnhub.io:443 "GET /api/v1/stock/peers?symbol=MA HTTP/1.1" 200 None
2026-03-19 16:48:32,766  DEBUG  https://finnhub.io:443 "GET /api/v1/quote?symbol=MA HTTP/1.1" 200 None
2026-03-19 16:48:32,768  DEBUG  [MA] ok=13 skip=0 nodata=0
2026-03-19 16:48:32,876  DEBUG  https://query1.finance.yahoo.com:443 "GET /v8/finance/chart/ORCL?period1=1420066800&period2=1767222000&interval=1d&events=div%2Csplits&includeAdjustedClose=true HTTP/1.1" 200 None
2026-03-19 16:48:33,958  DEBUG  https://finnhub.io:443 "GET /api/v1/stock/profile2?symbol=ORCL HTTP/1.1" 200 None
2026-03-19 16:48:35,156  DEBUG  https://finnhub.io:443 "GET /api/v1/stock/metric?symbol=ORCL&metric=all HTTP/1.1" 200 None
2026-03-19 16:48:36,406  DEBUG  https://finnhub.io:443 "GET /api/v1/stock/financials-reported?symbol=ORCL&freq=annual HTTP/1.1" 200 None
2026-03-19 16:48:37,661  DEBUG  https://finnhub.io:443 "GET /api/v1/stock/financials-reported?symbol=ORCL&freq=quarterly HTTP/1.1" 200 None
2026-03-19 16:48:40,291  DEBUG  https://finnhub.io:443 "GET /api/v1/stock/earnings?symbol=ORCL&limit=20 HTTP/1.1" 200 None
2026-03-19 16:48:41,481  DEBUG  https://finnhub.io:443 "GET /api/v1/calendar/earnings?from=2015-01-01&to=2026-01-01&symbol=ORCL HTTP/1.1" 200 23
2026-03-19 16:48:42,660  DEBUG  https://finnhub.io:443 "GET /api/v1/stock/recommendation?symbol=ORCL HTTP/1.1" 200 None
2026-03-19 16:48:43,960  DEBUG  https://finnhub.io:443 "GET /api/v1/stock/insider-transactions?symbol=ORCL&from=2015-01-01&to=2026-01-01 HTTP/1.1" 200 None
2026-03-19 16:48:45,199  DEBUG  https://finnhub.io:443 "GET /api/v1/stock/insider-sentiment?symbol=ORCL&from=2015-01-01&to=2026-01-01 HTTP/1.1" 200 None
2026-03-19 16:48:46,437  DEBUG  https://finnhub.io:443 "GET /api/v1/company-news?symbol=ORCL&from=2025-03-19&to=2026-01-01 HTTP/1.1" 200 None
2026-03-19 16:48:59,487  DEBUG  https://finnhub.io:443 "GET /api/v1/stock/peers?symbol=ORCL HTTP/1.1" 200 None
2026-03-19 16:49:00,743  DEBUG  https://finnhub.io:443 "GET /api/v1/quote?symbol=ORCL HTTP/1.1" 200 None
2026-03-19 16:49:00,750  DEBUG  [ORCL] ok=13 skip=0 nodata=0
2026-03-19 16:49:00,831  DEBUG  https://query1.finance.yahoo.com:443 "GET /v8/finance/chart/NFLX?period1=1420066800&period2=1767222000&interval=1d&events=div%2Csplits&includeAdjustedClose=true HTTP/1.1" 200 None
2026-03-19 16:49:01,907  DEBUG  https://finnhub.io:443 "GET /api/v1/stock/profile2?symbol=NFLX HTTP/1.1" 200 None
2026-03-19 16:49:03,089  DEBUG  https://finnhub.io:443 "GET /api/v1/stock/metric?symbol=NFLX&metric=all HTTP/1.1" 200 None
2026-03-19 16:49:04,391  DEBUG  https://finnhub.io:443 "GET /api/v1/stock/financials-reported?symbol=NFLX&freq=annual HTTP/1.1" 200 None
2026-03-19 16:49:05,591  DEBUG  https://finnhub.io:443 "GET /api/v1/stock/financials-reported?symbol=NFLX&freq=quarterly HTTP/1.1" 200 None
2026-03-19 16:49:08,028  DEBUG  https://finnhub.io:443 "GET /api/v1/stock/earnings?symbol=NFLX&limit=20 HTTP/1.1" 200 None
2026-03-19 16:49:09,348  DEBUG  https://finnhub.io:443 "GET /api/v1/calendar/earnings?from=2015-01-01&to=2026-01-01&symbol=NFLX HTTP/1.1" 200 23
2026-03-19 16:49:13,148  DEBUG  https://finnhub.io:443 "GET /api/v1/stock/recommendation?symbol=NFLX HTTP/1.1" 200 None
2026-03-19 16:49:14,379  DEBUG  https://finnhub.io:443 "GET /api/v1/stock/insider-transactions?symbol=NFLX&from=2015-01-01&to=2026-01-01 HTTP/1.1" 200 None
2026-03-19 16:49:15,645  DEBUG  https://finnhub.io:443 "GET /api/v1/stock/insider-sentiment?symbol=NFLX&from=2015-01-01&to=2026-01-01 HTTP/1.1" 200 None
2026-03-19 16:49:16,866  DEBUG  https://finnhub.io:443 "GET /api/v1/company-news?symbol=NFLX&from=2025-03-19&to=2026-01-01 HTTP/1.1" 200 None
2026-03-19 16:49:37,917  WARNING    Error en /stock/peers: HTTPSConnectionPool(host='finnhub.io', port=443): Read timed out. (read timeout=20)
2026-03-19 16:49:37,917  DEBUG  Starting new HTTPS connection (2): finnhub.io:443
2026-03-19 16:49:38,978  DEBUG  https://finnhub.io:443 "GET /api/v1/quote?symbol=NFLX HTTP/1.1" 200 None
2026-03-19 16:49:38,983  DEBUG  [NFLX] ok=12 skip=0 nodata=1
2026-03-19 16:49:39,123  DEBUG  https://query1.finance.yahoo.com:443 "GET /v8/finance/chart/CVX?period1=1420066800&period2=1767222000&interval=1d&events=div%2Csplits&includeAdjustedClose=true HTTP/1.1" 200 None
2026-03-19 16:49:40,138  DEBUG  https://finnhub.io:443 "GET /api/v1/stock/profile2?symbol=CVX HTTP/1.1" 200 None
2026-03-19 16:49:41,345  DEBUG  https://finnhub.io:443 "GET /api/v1/stock/metric?symbol=CVX&metric=all HTTP/1.1" 200 None
2026-03-19 16:49:59,673  INFO  ============================================================
2026-03-19 16:49:59,673  INFO    INICIANDO PIPELINE ML MULTI-AGENTE STOCK PICKER
2026-03-19 16:49:59,673  INFO  ============================================================
2026-03-19 16:49:59,673  INFO  PASO 1 — DESCARGANDO DATOS (Finnhub + Yahoo Finance)
2026-03-19 16:49:59,673  INFO    Tickers: 503 | 2015-01-01 → 2026-01-01
2026-03-19 16:49:59,673  INFO    Destino: data_finnhub
2026-03-19 16:49:59,673  INFO  ==================================================
2026-03-19 16:49:59,673  INFO    Finnhub + Yahoo Finance Downloader
2026-03-19 16:49:59,673  INFO    Tickers  : 503
2026-03-19 16:49:59,673  INFO    Período  : 2015-01-01 → 2026-01-01
2026-03-19 16:49:59,673  INFO    Destino  : C:\Users\PC\Desktop\Documents\TFM\data_finnhub
2026-03-19 16:49:59,673  INFO  ==================================================
2026-03-19 16:49:59,683  INFO  Descargando macro...
2026-03-19 16:49:59,683  INFO    _macro/vix.json  skip
2026-03-19 16:49:59,684  INFO    _macro/sp500.json  skip
2026-03-19 16:49:59,684  INFO    _macro/us10y.json  skip
2026-03-19 16:49:59,684  INFO    _macro/us2y.json  skip
2026-03-19 16:49:59,685  INFO  Descargando 503 tickers...
2026-03-19 16:49:59,689  DEBUG  [NVDA] ok=0 skip=13 nodata=0
2026-03-19 16:49:59,689  DEBUG  [AAPL] ok=0 skip=13 nodata=0
2026-03-19 16:49:59,690  DEBUG  [MSFT] ok=0 skip=13 nodata=0
2026-03-19 16:49:59,690  DEBUG  [AMZN] ok=0 skip=13 nodata=0
2026-03-19 16:49:59,691  DEBUG  [GOOGL] ok=0 skip=13 nodata=0
2026-03-19 16:49:59,693  DEBUG  [GOOG] ok=0 skip=13 nodata=0
2026-03-19 16:49:59,693  DEBUG  [META] ok=0 skip=13 nodata=0
2026-03-19 16:49:59,693  DEBUG  [AVGO] ok=0 skip=13 nodata=0
2026-03-19 16:49:59,695  DEBUG  [TSLA] ok=0 skip=13 nodata=0
2026-03-19 16:49:59,700  DEBUG  Starting new HTTPS connection (1): query1.finance.yahoo.com:443
2026-03-19 16:50:00,565  DEBUG  https://query1.finance.yahoo.com:443 "GET /v8/finance/chart/BRK.B?period1=1420066800&period2=1767222000&interval=1d&events=div%2Csplits&includeAdjustedClose=true HTTP/1.1" 404 108
2026-03-19 16:50:00,573  WARNING  [BRK.B] Yahoo status 404
2026-03-19 16:50:00,573  DEBUG  [BRK.B] ok=0 skip=12 nodata=1
2026-03-19 16:50:00,573  DEBUG  [WMT] ok=0 skip=13 nodata=0
2026-03-19 16:50:00,573  DEBUG  [LLY] ok=0 skip=13 nodata=0
2026-03-19 16:50:00,573  DEBUG  [JPM] ok=0 skip=13 nodata=0
2026-03-19 16:50:00,579  DEBUG  [XOM] ok=0 skip=13 nodata=0
2026-03-19 16:50:00,579  DEBUG  [V] ok=0 skip=13 nodata=0
2026-03-19 16:50:00,579  DEBUG  [JNJ] ok=0 skip=13 nodata=0
2026-03-19 16:50:00,583  DEBUG  [MU] ok=0 skip=13 nodata=0
2026-03-19 16:50:00,583  DEBUG  [COST] ok=0 skip=13 nodata=0
2026-03-19 16:50:00,583  DEBUG  [MA] ok=0 skip=13 nodata=0
2026-03-19 16:50:00,583  DEBUG  [ORCL] ok=0 skip=13 nodata=0
2026-03-19 16:50:00,589  DEBUG  Starting new HTTPS connection (1): finnhub.io:443
2026-03-19 16:50:05,110  DEBUG  https://finnhub.io:443 "GET /api/v1/stock/peers?symbol=NFLX HTTP/1.1" 200 None
2026-03-19 16:50:05,112  DEBUG  [NFLX] ok=1 skip=12 nodata=0
2026-03-19 16:50:06,315  DEBUG  https://finnhub.io:443 "GET /api/v1/stock/financials-reported?symbol=CVX&freq=annual HTTP/1.1" 200 None
2026-03-19 16:50:07,565  DEBUG  https://finnhub.io:443 "GET /api/v1/stock/financials-reported?symbol=CVX&freq=quarterly HTTP/1.1" 200 None
2026-03-19 16:50:09,021  DEBUG  https://finnhub.io:443 "GET /api/v1/stock/earnings?symbol=CVX&limit=20 HTTP/1.1" 200 None
2026-03-19 16:50:10,205  DEBUG  https://finnhub.io:443 "GET /api/v1/calendar/earnings?from=2015-01-01&to=2026-01-01&symbol=CVX HTTP/1.1" 200 23
2026-03-19 16:50:14,441  DEBUG  https://finnhub.io:443 "GET /api/v1/stock/recommendation?symbol=CVX HTTP/1.1" 200 None
2026-03-19 16:50:15,795  DEBUG  https://finnhub.io:443 "GET /api/v1/stock/insider-transactions?symbol=CVX&from=2015-01-01&to=2026-01-01 HTTP/1.1" 200 None
2026-03-19 16:50:17,037  DEBUG  https://finnhub.io:443 "GET /api/v1/stock/insider-sentiment?symbol=CVX&from=2015-01-01&to=2026-01-01 HTTP/1.1" 200 None
2026-03-19 16:50:18,268  DEBUG  https://finnhub.io:443 "GET /api/v1/company-news?symbol=CVX&from=2025-03-19&to=2026-01-01 HTTP/1.1" 200 None
2026-03-19 16:50:28,234  DEBUG  https://finnhub.io:443 "GET /api/v1/stock/peers?symbol=CVX HTTP/1.1" 200 26
2026-03-19 16:50:29,435  DEBUG  https://finnhub.io:443 "GET /api/v1/quote?symbol=CVX HTTP/1.1" 200 None
2026-03-19 16:50:29,440  DEBUG  [CVX] ok=10 skip=3 nodata=0
2026-03-19 16:50:29,545  DEBUG  https://query1.finance.yahoo.com:443 "GET /v8/finance/chart/ABBV?period1=1420066800&period2=1767222000&interval=1d&events=div%2Csplits&includeAdjustedClose=true HTTP/1.1" 200 None
2026-03-19 16:50:30,594  DEBUG  https://finnhub.io:443 "GET /api/v1/stock/profile2?symbol=ABBV HTTP/1.1" 200 None
2026-03-19 16:50:31,759  DEBUG  https://finnhub.io:443 "GET /api/v1/stock/metric?symbol=ABBV&metric=all HTTP/1.1" 200 None
2026-03-19 16:50:33,042  DEBUG  https://finnhub.io:443 "GET /api/v1/stock/financials-reported?symbol=ABBV&freq=annual HTTP/1.1" 200 None
2026-03-19 16:50:34,289  DEBUG  https://finnhub.io:443 "GET /api/v1/stock/financials-reported?symbol=ABBV&freq=quarterly HTTP/1.1" 200 None
2026-03-19 16:50:36,458  DEBUG  https://finnhub.io:443 "GET /api/v1/stock/earnings?symbol=ABBV&limit=20 HTTP/1.1" 200 None
2026-03-19 16:50:38,701  DEBUG  https://finnhub.io:443 "GET /api/v1/calendar/earnings?from=2015-01-01&to=2026-01-01&symbol=ABBV HTTP/1.1" 200 23
2026-03-19 16:50:39,978  DEBUG  https://finnhub.io:443 "GET /api/v1/stock/recommendation?symbol=ABBV HTTP/1.1" 200 None
2026-03-19 16:50:41,288  DEBUG  https://finnhub.io:443 "GET /api/v1/stock/insider-transactions?symbol=ABBV&from=2015-01-01&to=2026-01-01 HTTP/1.1" 200 None
2026-03-19 16:50:42,520  DEBUG  https://finnhub.io:443 "GET /api/v1/stock/insider-sentiment?symbol=ABBV&from=2015-01-01&to=2026-01-01 HTTP/1.1" 200 None
2026-03-19 16:50:43,738  DEBUG  https://finnhub.io:443 "GET /api/v1/company-news?symbol=ABBV&from=2025-03-19&to=2026-01-01 HTTP/1.1" 200 None
2026-03-19 16:51:04,831  WARNING    Error en /stock/peers: HTTPSConnectionPool(host='finnhub.io', port=443): Read timed out. (read timeout=20)
2026-03-19 16:51:04,834  DEBUG  Starting new HTTPS connection (2): finnhub.io:443
2026-03-19 16:51:06,050  DEBUG  https://finnhub.io:443 "GET /api/v1/quote?symbol=ABBV HTTP/1.1" 200 None
2026-03-19 16:51:06,054  DEBUG  [ABBV] ok=12 skip=0 nodata=1
2026-03-19 16:51:06,120  DEBUG  https://query1.finance.yahoo.com:443 "GET /v8/finance/chart/PLTR?period1=1420066800&period2=1767222000&interval=1d&events=div%2Csplits&includeAdjustedClose=true HTTP/1.1" 200 None
2026-03-19 16:51:07,214  DEBUG  https://finnhub.io:443 "GET /api/v1/stock/profile2?symbol=PLTR HTTP/1.1" 200 None
2026-03-19 16:51:08,399  DEBUG  https://finnhub.io:443 "GET /api/v1/stock/metric?symbol=PLTR&metric=all HTTP/1.1" 200 None
2026-03-19 16:51:09,597  DEBUG  https://finnhub.io:443 "GET /api/v1/stock/financials-reported?symbol=PLTR&freq=annual HTTP/1.1" 200 None
2026-03-19 16:51:10,839  DEBUG  https://finnhub.io:443 "GET /api/v1/stock/financials-reported?symbol=PLTR&freq=quarterly HTTP/1.1" 200 None
2026-03-19 16:51:12,625  DEBUG  https://finnhub.io:443 "GET /api/v1/stock/earnings?symbol=PLTR&limit=20 HTTP/1.1" 200 None
2026-03-19 16:51:14,870  DEBUG  https://finnhub.io:443 "GET /api/v1/calendar/earnings?from=2015-01-01&to=2026-01-01&symbol=PLTR HTTP/1.1" 200 23
2026-03-19 16:51:16,148  DEBUG  https://finnhub.io:443 "GET /api/v1/stock/recommendation?symbol=PLTR HTTP/1.1" 200 None
2026-03-19 16:51:17,919  DEBUG  https://finnhub.io:443 "GET /api/v1/stock/insider-transactions?symbol=PLTR&from=2015-01-01&to=2026-01-01 HTTP/1.1" 200 None
2026-03-19 16:51:19,412  DEBUG  https://finnhub.io:443 "GET /api/v1/stock/insider-sentiment?symbol=PLTR&from=2015-01-01&to=2026-01-01 HTTP/1.1" 200 None
2026-03-19 16:51:20,642  DEBUG  https://finnhub.io:443 "GET /api/v1/company-news?symbol=PLTR&from=2025-03-19&to=2026-01-01 HTTP/1.1" 200 None
2026-03-19 16:51:22,053  DEBUG  https://finnhub.io:443 "GET /api/v1/stock/peers?symbol=PLTR HTTP/1.1" 200 None
2026-03-19 16:51:23,217  DEBUG  https://finnhub.io:443 "GET /api/v1/quote?symbol=PLTR HTTP/1.1" 200 None
2026-03-19 16:51:23,223  DEBUG  [PLTR] ok=13 skip=0 nodata=0
2026-03-19 16:51:23,458  DEBUG  https://query1.finance.yahoo.com:443 "GET /v8/finance/chart/PG?period1=1420066800&period2=1767222000&interval=1d&events=div%2Csplits&includeAdjustedClose=true HTTP/1.1" 200 None
2026-03-19 16:51:24,397  DEBUG  https://finnhub.io:443 "GET /api/v1/stock/profile2?symbol=PG HTTP/1.1" 200 None
2026-03-19 16:51:25,574  DEBUG  https://finnhub.io:443 "GET /api/v1/stock/metric?symbol=PG&metric=all HTTP/1.1" 200 None
2026-03-19 16:51:26,803  DEBUG  https://finnhub.io:443 "GET /api/v1/stock/financials-reported?symbol=PG&freq=annual HTTP/1.1" 200 None
2026-03-19 16:51:28,295  DEBUG  https://finnhub.io:443 "GET /api/v1/stock/financials-reported?symbol=PG&freq=quarterly HTTP/1.1" 200 None
2026-03-19 16:51:29,975  DEBUG  https://finnhub.io:443 "GET /api/v1/stock/earnings?symbol=PG&limit=20 HTTP/1.1" 200 None
2026-03-19 16:51:32,141  DEBUG  https://finnhub.io:443 "GET /api/v1/calendar/earnings?from=2015-01-01&to=2026-01-01&symbol=PG HTTP/1.1" 200 23
2026-03-19 16:51:34,141  DEBUG  https://finnhub.io:443 "GET /api/v1/stock/recommendation?symbol=PG HTTP/1.1" 200 None
2026-03-19 16:51:35,535  DEBUG  https://finnhub.io:443 "GET /api/v1/stock/insider-transactions?symbol=PG&from=2015-01-01&to=2026-01-01 HTTP/1.1" 200 None
2026-03-19 16:51:36,809  DEBUG  https://finnhub.io:443 "GET /api/v1/stock/insider-sentiment?symbol=PG&from=2015-01-01&to=2026-01-01 HTTP/1.1" 200 None
2026-03-19 16:51:38,009  DEBUG  https://finnhub.io:443 "GET /api/v1/company-news?symbol=PG&from=2025-03-19&to=2026-01-01 HTTP/1.1" 200 None
2026-03-19 16:51:39,291  DEBUG  https://finnhub.io:443 "GET /api/v1/stock/peers?symbol=PG HTTP/1.1" 200 None
2026-03-19 16:51:40,491  DEBUG  https://finnhub.io:443 "GET /api/v1/quote?symbol=PG HTTP/1.1" 200 None
2026-03-19 16:51:40,502  DEBUG  [PG] ok=13 skip=0 nodata=0
2026-03-19 16:51:40,642  DEBUG  https://query1.finance.yahoo.com:443 "GET /v8/finance/chart/BAC?period1=1420066800&period2=1767222000&interval=1d&events=div%2Csplits&includeAdjustedClose=true HTTP/1.1" 200 None
2026-03-19 16:51:41,665  DEBUG  https://finnhub.io:443 "GET /api/v1/stock/profile2?symbol=BAC HTTP/1.1" 200 None
2026-03-19 16:51:42,868  DEBUG  https://finnhub.io:443 "GET /api/v1/stock/metric?symbol=BAC&metric=all HTTP/1.1" 200 None
2026-03-19 16:51:44,121  DEBUG  https://finnhub.io:443 "GET /api/v1/stock/financials-reported?symbol=BAC&freq=annual HTTP/1.1" 200 None
2026-03-19 16:51:45,448  DEBUG  https://finnhub.io:443 "GET /api/v1/stock/financials-reported?symbol=BAC&freq=quarterly HTTP/1.1" 200 None
2026-03-19 16:51:47,045  DEBUG  https://finnhub.io:443 "GET /api/v1/stock/earnings?symbol=BAC&limit=20 HTTP/1.1" 200 None
2026-03-19 16:51:49,114  DEBUG  https://finnhub.io:443 "GET /api/v1/calendar/earnings?from=2015-01-01&to=2026-01-01&symbol=BAC HTTP/1.1" 200 23
2026-03-19 16:51:50,294  DEBUG  https://finnhub.io:443 "GET /api/v1/stock/recommendation?symbol=BAC HTTP/1.1" 200 None
2026-03-19 16:51:51,554  DEBUG  https://finnhub.io:443 "GET /api/v1/stock/insider-transactions?symbol=BAC&from=2015-01-01&to=2026-01-01 HTTP/1.1" 200 None
2026-03-19 16:51:52,960  DEBUG  https://finnhub.io:443 "GET /api/v1/stock/insider-sentiment?symbol=BAC&from=2015-01-01&to=2026-01-01 HTTP/1.1" 200 None
2026-03-19 16:51:54,226  DEBUG  https://finnhub.io:443 "GET /api/v1/company-news?symbol=BAC&from=2025-03-19&to=2026-01-01 HTTP/1.1" 200 None
2026-03-19 16:51:55,433  DEBUG  https://finnhub.io:443 "GET /api/v1/stock/peers?symbol=BAC HTTP/1.1" 200 None
2026-03-19 16:51:56,674  DEBUG  https://finnhub.io:443 "GET /api/v1/quote?symbol=BAC HTTP/1.1" 200 None
2026-03-19 16:51:56,682  DEBUG  [BAC] ok=13 skip=0 nodata=0
2026-03-19 16:51:56,821  DEBUG  https://query1.finance.yahoo.com:443 "GET /v8/finance/chart/HD?period1=1420066800&period2=1767222000&interval=1d&events=div%2Csplits&includeAdjustedClose=true HTTP/1.1" 200 None
2026-03-19 16:51:57,867  DEBUG  https://finnhub.io:443 "GET /api/v1/stock/profile2?symbol=HD HTTP/1.1" 200 None
2026-03-19 16:51:59,061  DEBUG  https://finnhub.io:443 "GET /api/v1/stock/metric?symbol=HD&metric=all HTTP/1.1" 200 None
2026-03-19 16:52:00,483  DEBUG  https://finnhub.io:443 "GET /api/v1/stock/financials-reported?symbol=HD&freq=annual HTTP/1.1" 200 None
2026-03-19 16:52:01,771  DEBUG  https://finnhub.io:443 "GET /api/v1/stock/financials-reported?symbol=HD&freq=quarterly HTTP/1.1" 200 None
2026-03-19 16:52:04,544  DEBUG  https://finnhub.io:443 "GET /api/v1/stock/earnings?symbol=HD&limit=20 HTTP/1.1" 200 None
2026-03-19 16:52:07,785  DEBUG  https://finnhub.io:443 "GET /api/v1/calendar/earnings?from=2015-01-01&to=2026-01-01&symbol=HD HTTP/1.1" 200 23
2026-03-19 16:52:08,970  DEBUG  https://finnhub.io:443 "GET /api/v1/stock/recommendation?symbol=HD HTTP/1.1" 200 None
2026-03-19 16:52:10,384  DEBUG  https://finnhub.io:443 "GET /api/v1/stock/insider-transactions?symbol=HD&from=2015-01-01&to=2026-01-01 HTTP/1.1" 200 None
2026-03-19 16:52:11,699  DEBUG  https://finnhub.io:443 "GET /api/v1/stock/insider-sentiment?symbol=HD&from=2015-01-01&to=2026-01-01 HTTP/1.1" 200 None
2026-03-19 16:52:12,986  DEBUG  https://finnhub.io:443 "GET /api/v1/company-news?symbol=HD&from=2025-03-19&to=2026-01-01 HTTP/1.1" 200 None
2026-03-19 16:52:14,323  DEBUG  https://finnhub.io:443 "GET /api/v1/stock/peers?symbol=HD HTTP/1.1" 200 40
2026-03-19 16:52:15,564  DEBUG  https://finnhub.io:443 "GET /api/v1/quote?symbol=HD HTTP/1.1" 200 None
2026-03-19 16:52:15,570  DEBUG  [HD] ok=13 skip=0 nodata=0
2026-03-19 16:52:15,780  DEBUG  https://query1.finance.yahoo.com:443 "GET /v8/finance/chart/KO?period1=1420066800&period2=1767222000&interval=1d&events=div%2Csplits&includeAdjustedClose=true HTTP/1.1" 200 None
2026-03-19 16:52:16,764  DEBUG  https://finnhub.io:443 "GET /api/v1/stock/profile2?symbol=KO HTTP/1.1" 200 None
2026-03-19 16:52:17,976  DEBUG  https://finnhub.io:443 "GET /api/v1/stock/metric?symbol=KO&metric=all HTTP/1.1" 200 None
2026-03-19 16:52:19,175  DEBUG  https://finnhub.io:443 "GET /api/v1/stock/financials-reported?symbol=KO&freq=annual HTTP/1.1" 200 None
2026-03-19 16:52:20,451  DEBUG  https://finnhub.io:443 "GET /api/v1/stock/financials-reported?symbol=KO&freq=quarterly HTTP/1.1" 200 None
2026-03-19 16:52:23,068  DEBUG  https://finnhub.io:443 "GET /api/v1/stock/earnings?symbol=KO&limit=20 HTTP/1.1" 200 None
2026-03-19 16:52:25,435  DEBUG  https://finnhub.io:443 "GET /api/v1/calendar/earnings?from=2015-01-01&to=2026-01-01&symbol=KO HTTP/1.1" 200 23
2026-03-19 16:52:26,661  DEBUG  https://finnhub.io:443 "GET /api/v1/stock/recommendation?symbol=KO HTTP/1.1" 200 None
2026-03-19 16:52:28,030  DEBUG  https://finnhub.io:443 "GET /api/v1/stock/insider-transactions?symbol=KO&from=2015-01-01&to=2026-01-01 HTTP/1.1" 200 None
2026-03-19 16:52:29,377  DEBUG  https://finnhub.io:443 "GET /api/v1/stock/insider-sentiment?symbol=KO&from=2015-01-01&to=2026-01-01 HTTP/1.1" 200 None
2026-03-19 16:52:30,565  DEBUG  https://finnhub.io:443 "GET /api/v1/company-news?symbol=KO&from=2025-03-19&to=2026-01-01 HTTP/1.1" 200 None
2026-03-19 16:52:35,076  DEBUG  https://finnhub.io:443 "GET /api/v1/stock/peers?symbol=KO HTTP/1.1" 200 None
2026-03-19 16:52:54,104  INFO  ============================================================
2026-03-19 16:52:54,104  INFO    INICIANDO PIPELINE ML MULTI-AGENTE STOCK PICKER
2026-03-19 16:52:54,104  INFO  ============================================================
2026-03-19 16:52:54,104  INFO  PASO 1 — DESCARGANDO DATOS (Finnhub + Yahoo Finance)
2026-03-19 16:52:54,104  INFO    Tickers: 503 | 2015-01-01 → 2026-01-01
2026-03-19 16:52:54,104  INFO    Destino: data_finnhub
2026-03-19 16:52:54,104  INFO  ==================================================
2026-03-19 16:52:54,104  INFO    Finnhub + Yahoo Finance Downloader
2026-03-19 16:52:54,104  INFO    Tickers  : 503
2026-03-19 16:52:54,104  INFO    Período  : 2015-01-01 → 2026-01-01
2026-03-19 16:52:54,114  INFO    Destino  : C:\Users\PC\Desktop\Documents\TFM\data_finnhub
2026-03-19 16:52:54,115  INFO  ==================================================
2026-03-19 16:52:54,116  INFO  Descargando macro...
2026-03-19 16:52:54,116  INFO    _macro/vix.json  skip
2026-03-19 16:52:54,117  INFO    _macro/sp500.json  skip
2026-03-19 16:52:54,117  INFO    _macro/us10y.json  skip
2026-03-19 16:52:54,119  INFO    _macro/us2y.json  skip
2026-03-19 16:52:54,119  INFO  Descargando 503 tickers...
2026-03-19 16:52:55,096  WARNING  [BRK.B] Yahoo status 404
2026-03-19 17:00:52,716  WARNING    Error en /stock/insider-transactions: HTTPSConnectionPool(host='finnhub.io', port=443): Read timed out. (read timeout=20)
