Date,Close,High,Low,Open,Volume
2019-01-02,37.50373077392578,37.72459429722969,36.627408207295694,36.784149594963864,148158800
2019-01-03,33.7680778503418,34.60640172363963,33.72295500680148,34.19317547745964,365248800
2019-01-04,35.20961380004883,35.278486653439785,34.15043005188284,34.32379352547417,234428400
2019-01-07,35.13124084472656,35.34498004544206,34.64914539714357,35.3141057597988,219111200
2019-01-08,35.80095672607422,36.055068075400506,35.27136481535477,35.51834826233486,164101200
2019-01-09,36.40890884399414,36.69864150293026,35.53496376531212,35.929187021597,180396400
2019-01-10,36.52528762817383,36.56565974711911,35.82707935334201,36.2165556097032,143122800
2019-01-11,36.16667556762695,36.501531088310195,35.98143711442818,36.306794806835,108092800
2019-01-14,35.622840881347656,35.924448615457706,35.43760239866407,35.824705095839064,129756800
2019-01-15,36.3519172668457,36.427910763494,35.634709844065036,35.68695695839793,114843600
2019-01-16,36.796024322509766,37.01926139590715,36.33530161762464,36.35430090299284,122278800
2019-01-17,37.01449203491211,37.44196668114076,36.39702825438836,36.62026521540451,119284800
2019-01-18,37.24248123168945,37.4942153047529,37.04299063952881,37.40396964695978,135004000
2019-01-22,36.40654373168945,37.22111761208294,36.24505163700586,37.14512410332922,121576000
2019-01-23,36.55378723144531,36.84351998595546,36.02656885020508,36.60840791094517,92522400
2019-01-24,36.2640495300293,36.68677359804413,36.036065388764655,36.59890508773824,101766000
2019-01-25,37.46572494506836,37.5535970765076,36.6487775687618,36.92425809596469,134142000
2019-01-28,37.118995666503906,37.12611994377185,36.492033900729126,36.99787570546437,104768400
2019-01-29,36.73426818847656,37.55359634769264,36.598903290698956,37.107122292669665,166348800
2019-01-30,39.24449157714844,39.45822714683114,38.052312966631995,38.76952042341593,244439200
2019-01-31,39.52710723876953,40.13506984718842,39.08063311282435,39.44873654918918,162958400
2019-02-01,39.546104431152344,40.13031699712782,39.405985168485806,39.65059867839811,130672400
2019-02-04,40.66940689086914,40.76677685151774,39.72658881786463,39.757463103861134,125982000
2019-02-05,41.365234375,41.57897355982607,40.930638975712235,41.05175531049415,144406400
2019-02-06,41.37949752807617,41.69535385122478,41.049392646908444,41.476863882454516,112958400
2019-02-07,40.59579849243164,41.30825545825531,40.453305649769504,40.942525519836124,126966800
2019-02-08,40.64349365234375,40.70311969069085,40.16886907695841,40.30481819124638,95280000
2019-02-11,40.40974426269531,40.83428487045361,40.36681527543273,40.796123344475696,83973600
2019-02-12,40.75797653198242,40.78421213565277,40.474155993899046,40.56955984328428,89134000
2019-02-13,40.5886344909668,41.137194763699675,40.526624722123245,40.87722611368674,89960800
2019-02-14,40.73649978637695,40.84620963108841,40.39782441124615,40.476531198600185,87342800
2019-02-15,40.64586639404297,40.951151336695425,40.48606909119235,40.84382522454604,98507200
2019-02-19,40.767513275146484,40.8891527227653,40.424070350564264,40.47654155555973,75891200
2019-02-20,41.02986526489258,41.33753763113266,40.78182257054154,40.82952266876856,104457600
2019-02-21,40.79851150512695,41.11095129951937,40.61724969597512,40.97500585247645,68998800
2019-02-22,41.254058837890625,41.26121367050578,40.87483815215059,40.92253824934637,75652800
2019-02-25,41.55458450317383,41.94573123389448,41.48780362031556,41.537891102101845,87493600
2019-02-26,41.578426361083984,41.80977566356522,41.30176069059117,41.43055496170665,68280800
2019-02-27,41.707218170166016,41.738224873214264,41.19681945157351,41.31130406008195,111341600
2019-02-28,41.29698944091797,41.71675904686079,41.242134508972,41.5760424809069,112861600
2019-03-01,41.7310676574707,41.773996653747055,41.234978633444705,41.56649922650965,103544800
2019-03-04,41.94094467163086,42.39410097599845,41.4925558286642,41.902783144722314,109744800
2019-03-05,41.86463165283203,41.97672889044358,41.62851124268091,41.9624192242437,78949600
2019-03-06,41.623741149902344,41.855090443606244,41.485408319904245,41.65951531314144,83241600
2019-03-07,41.14195251464844,41.60465099767823,41.027471578824404,41.468701929469475,99185600
2019-03-08,41.23976516723633,41.27792671550732,40.42646491122793,40.622040116652585,95997600
2019-03-11,42.66838073730469,42.72085192885243,41.82169411946825,41.85508454688193,128044000
2019-03-12,43.14778518676758,43.5675511663907,42.780486770223504,42.930745544199205,129870400
2019-03-13,43.338584899902344,43.71780557424151,43.15016460861008,43.46737552238741,124130000
2019-03-14,43.82035827636719,43.90860727009879,43.54130890969814,43.86090353758059,94318000
2019-03-15,44.39038848876953,44.67898009371108,43.82275112158004,44.08749085728255,156171600
2019-03-18,44.84354019165039,44.93178554071585,44.31167344863982,44.31406081869042,104879200
2019-03-19,44.48817825317383,45.07490005613711,44.34269057791804,44.92225754761337,126585600
2019-03-20,44.87693405151367,45.19414495340022,44.05886306469387,44.41661922842223,124140800
2019-03-21,46.52976608276367,46.82551249017216,45.27046466941773,45.320552133949356,204136800
2019-03-22,45.566219329833984,47.14988676613712,45.50182218928217,46.589400548765894,169630800
2019-03-25,45.01527786254883,45.788029035736734,44.50487908991449,45.6759317859226,175381200
2019-03-26,44.550193786621094,46.002686995822316,44.023101591485734,45.711711607654806,199202000
2019-03-27,44.95087432861328,45.25854305952079,44.49294682904075,45.01765519484567,119393600
2019-03-28,45.010501861572266,45.210844466944145,44.72668135098658,45.065356795101245,83121600
2019-03-29,45.30385971069336,45.33486641281112,44.96756800695002,45.2752403790673,94256000
2019-04-01,45.61152648925781,45.716465238779,44.929404601308974,45.706926675834836,111448000
2019-04-02,46.27457809448242,46.37952050705975,45.56622044887009,45.575759013975,91062800
2019-04-03,46.59178924560547,46.866067574679796,46.067077180669855,46.09092905245227,93087200
2019-04-04,46.67285919189453,46.83504020273979,46.064673122658675,46.45820335842613,76457200
2019-04-05,46.985313415527344,47.009165284142306,46.7301122506272,46.85413541671345,74106400
2019-04-08,47.72468185424805,47.75568491902388,46.82790392141536,46.846984690122916,103526800
2019-04-09,47.581565856933594,48.3805560125003,47.51716873376691,47.77714095718664,143072800
2019-04-10,47.84870147705078,47.8773244498053,47.26675076793066,47.38600284310168,86781200
2019-04-11,47.450401306152344,47.939335555847514,47.32876549622773,47.90356138801222,83603200
2019-04-12,47.43130874633789,47.7342099694247,46.796890612294,47.51001553529511,111042800
2019-04-15,47.517181396484375,47.66505644609924,47.2262060386002,47.36215515270482,70146400
2019-04-16,47.521949768066406,48.027577378944855,47.35738132962048,47.57203723861774,102785600
2019-04-17,48.44733428955078,48.50696030875644,47.369294843313156,47.59110188790217,115627200
2019-04-18,48.6214485168457,48.69061310818153,48.30185387954341,48.44495416346428,96783200
2019-04-22,48.78125,48.87903756789539,48.25892536678017,48.375793702017404,77758000
2019-04-23,49.48484420776367,49.54924135270918,48.63099884184276,48.757405760889796,93292000
2019-04-24,49.40851974487305,49.72334332507646,49.38228414324906,49.45621984620272,70162400
2019-04-25,48.96012878417969,49.55161802291001,48.921967248962424,49.329810923117755,74172800
2019-04-26,48.72639846801758,48.893350644801465,48.20645752970833,48.869498774138975,74596400
2019-04-29,48.80033493041992,49.12470072433398,48.621456815525065,48.75024745696415,88818800
2019-04-30,47.86062240600586,48.51173764933064,47.48855655267741,48.43064712012503,186139600
2019-05-01,50.20988845825195,51.352321593970665,49.9022161048594,50.05724596672888,259309200
2019-05-02,49.88314437866211,50.71790895155389,49.639872751990076,50.047712833889186,127985200
2019-05-03,50.50325012207031,50.5247146205948,50.14072282120273,50.29813642228416,83569600
2019-05-06,49.72333908081055,49.809200711588794,48.53558955444818,48.72400621236716,129772400
2019-05-07,48.3829460144043,49.47052422124375,47.898782941090104,49.10322947707866,155054800
2019-05-08,48.392478942871094,48.97442951122127,48.11820069203762,48.15397485022159,105358000
2019-05-09,47.8725471496582,48.10150906634315,46.90422100692585,47.79622408457386,139634400
2019-05-10,47.2093505859375,47.60918957732427,46.15349960538394,47.266813330080936,164834800
2019-05-13,44.465572357177734,45.36580015551606,43.778430559260165,44.942024719152,229722400
2019-05-14,45.16946029663086,45.418458147446515,44.39133698954681,44.63075954557267,146118800
2019-05-15,45.710567474365234,45.909288693023,44.53739806425962,44.59725372096499,106178800
2019-05-16,45.50946044921875,46.081680470520816,45.21257503042482,45.46875903470102,132125600
2019-05-17,45.2508659362793,45.7057673600336,44.71455806184704,44.75525946053676,131516400
2019-05-20,43.83588790893555,44.13756275712424,43.1631109114661,43.938841538280705,154449200
2019-05-21,44.676265716552734,45.011455948466185,44.221360512327884,44.3458613070241,113459200
2019-05-22,43.76166915893555,44.4631793828225,43.70660297552515,44.2117848841149,118994400
2019-05-23,43.0146598815918,43.22534925933381,42.57172666496303,43.0481788953211,146118800
2019-05-24,42.849464416503906,43.608433644945144,42.76566504244201,43.143953201217286,94858800
2019-05-28,42.67229080200195,43.23732830832482,42.595677466437365,42.83749298760257,111792800
2019-05-29,42.46878433227539,42.94044717291875,42.13837995674067,42.238937015968816,113924800
2019-05-30,42.68903732299805,42.91169851967238,42.298777434674584,42.60523797717348,84873600
2019-05-31,41.915714263916016,42.614827782966735,41.89656001846683,42.193441689682246,108174400
2019-06-03,41.491947174072266,42.598078679964765,40.76649681588305,42.0426200156373,161584400
2019-06-04,43.0098876953125,43.05537858650869,41.78404481099398,42.00431322593872,123872000
2019-06-05,43.70419692993164,44.29078518409569,43.36900677323679,44.120793541794136,119093600
2019-06-06,44.345863342285156,44.40571900453818,43.610834056234154,43.833499019531246,90105200
2019-06-07,45.526214599609375,45.94999370524611,44.477545896123075,44.65471631575565,122737600
2019-06-10,46.108009338378906,46.77599685145349,45.87816201203644,45.9236528950948,104883600
2019-06-11,46.64192199707031,46.92683551148941,46.352222660423585,46.65389385923823,107731600
2019-06-12,46.49347686767578,46.919648817978434,46.30193805046919,46.436014126524086,73012800
2019-06-13,46.48389434814453,47.11596983908178,46.35221484639415,46.615577503193705,86698400
2019-06-14,46.14632034301758,46.34982739236637,45.56212852455843,45.86140682062975,75046000
2019-06-17,46.421661376953125,46.67784538764014,46.0098540919628,46.184631618277294,58676400
2019-06-18,47.51342010498047,47.95395686657399,46.73769312332653,46.93880725536278,106204000
2019-06-19,47.37455368041992,47.855795495195196,47.240477594832555,47.80790804751456,84496800
2019-06-20,47.75523376464844,48.03056829541135,47.41285754434342,47.97310555578911,86056000
2019-06-21,47.59242248535156,48.08802900374868,47.44158508352656,47.597211960109185,191202400
2019-06-24,47.54454040527344,47.92282855213777,47.446376262360126,47.53496145541416,72881600
2019-06-25,46.823883056640625,47.707349446417524,46.75684136270738,47.50862823550264,84281200
2019-06-26,47.83663558959961,48.12154906442843,47.25005095787499,47.350608010173595,104270000
2019-06-27,47.82227325439453,48.26041706742118,47.78157184924549,47.953952766753574,83598800
2019-06-28,47.38652420043945,47.76481237594813,47.178227691464755,47.56848407525534,124442400
2019-07-01,48.25563049316406,48.95953359072476,48.04014794005199,48.64349397414677,109012000
2019-07-02,48.53814697265625,48.63391821311523,48.21013915067002,48.222111012389796,67740800
2019-07-03,48.94038009643555,48.94756248298667,48.52857288544068,48.66983135867862,45448000
2019-07-05,48.897274017333984,49.100784678008225,48.578841537594826,48.68658462459811,69062000
2019-07-08,47.88931655883789,48.21971731146836,47.503845969686104,48.07845883336478,101354400
2019-07-09,48.181396484375,48.2460379441199,47.59959777358294,47.692972424290524,82312000
2019-07-10,48.65785217285156,48.77756346841761,48.25801688405682,48.32745148133247,71588400
2019-07-11,48.30350112915039,48.93557653682741,48.29392583427121,48.676999735509774,80767200
2019-07-12,48.674617767333984,48.84221286513295,48.41125143272195,48.47110708574294,70380800
2019-07-15,49.13191223144531,49.28992836732956,48.84220928460961,48.86375644132579,67789600
2019-07-16,48.961910247802734,49.347380689773104,48.7224877038037,48.9834573999711,67467200
2019-07-17,48.68658447265625,49.10317743545347,48.667430227322086,48.85417955270678,56430000
2019-07-18,49.23965072631836,49.2923239883717,48.77038084256098,48.84220835020634,74162400
2019-07-19,48.50461959838867,49.44076276284486,48.44955342792026,49.27077112361806,83717200
2019-07-22,49.613155364990234,49.61554827599075,48.74883956490333,48.758414862204624,89111600
2019-07-23,50.00101852416992,50.017779860965895,49.62991273666517,49.91004041383206,73420800
2019-07-24,49.96031188964844,50.07523371101221,49.60117800125017,49.720889297382925,59966400
2019-07-25,49.565269470214844,50.09678795373076,49.49583486785246,50.0129885793759,55638400
2019-07-26,49.737648010253906,50.21409660563263,49.59399300114856,49.67539580143556,70475600
2019-07-29,50.202125549316406,50.4319728369032,49.90524388391939,49.910033358512514,86693600
2019-07-30,49.986656188964844,50.31706058603145,49.634704632080684,49.981866713461145,135742800
2019-07-31,51.006591796875,53.00098259885539,50.58999878893159,51.81584139677293,277125600
2019-08-01,49.90284729003906,52.201305551333476,49.49822619298105,51.21248911312201,216071600
2019-08-02,48.84700393676758,49.42400967424095,48.274784021316925,49.20853077764251,163448400
2019-08-05,46.28996658325195,47.56130005899529,46.108006714672,47.40328391275704,209572000
2019-08-06,47.16625213623047,47.422436071467594,46.45755963373709,47.00104995792599,143299200
2019-08-07,47.6546745300293,47.77917530974308,46.4048918709798,46.7855729428345,133457600
2019-08-08,48.70573043823242,48.72967415595045,47.73846488717742,47.93239657947891,108038000
2019-08-09,48.304378509521484,48.72976393634565,47.895810765479915,48.37888091759197,98478800
2019-08-12,48.18181228637695,48.55913570914154,47.86216992838576,47.97512638824654,89927600
2019-08-13,50.22224426269531,50.98409726275787,48.18182158394449,48.311603087933506,188874000
2019-08-14,48.72737503051758,49.6142018262065,48.688920981443054,48.82591215607856,146189600
2019-08-15,48.48462677001953,49.30175490823095,47.9871372796202,48.897998510671115,108909600
2019-08-16,49.62861633300781,49.787236519570556,48.98933158147647,49.0950783725183,110481600
2019-08-19,50.553897857666016,51.125886205011135,50.476989765853084,50.61878493455606,97654400
2019-08-20,50.556297302246094,51.274892121646914,50.54668562484565,50.68127111152873,107537200
2019-08-21,51.1042594909668,51.346993790769034,50.854315515628436,51.18837726179461,86141600
2019-08-22,51.060997009277344,51.536853889289645,50.65002720346251,51.23643854407338,89014800
2019-08-23,48.700927734375,50.96245512141073,48.30678298506462,50.33278212314745,187272000
2019-08-26,49.62621307373047,49.79444493377358,49.28253601154714,49.474802566101914,104174400
2019-08-27,49.06623840332031,50.12129694945658,48.91482789577303,49.95546709208185,103493200
2019-08-28,49.39549255371094,49.441156273048314,48.864360275642376,49.05181915815829,63755200
2019-08-29,50.23185348510742,50.30635957969884,49.66707477161969,50.109285330383344,83962000
2019-08-30,50.16695785522461,50.577923970977196,49.79684411690572,50.508229228326634,84573600
2019-09-03,49.43635177612305,49.743976816789676,49.08066101044846,49.61179332263298,80092000
2019-09-04,50.27510452270508,50.34479926242044,49.825684383710225,50.08283798713356,76752400
2019-09-05,51.2580680847168,51.42389794369397,50.83267892479877,50.950443061493466,95654800
2019-09-06,51.25325393676758,51.53204022483421,51.07300475059711,51.44311846648742,77449200
2019-09-09,51.47196578979492,52.017521111519436,50.72693789572652,51.63298798303403,109237600
2019-09-10,52.08000183105469,52.09922885258903,50.88074615868259,51.397459068892765,127111600
2019-09-11,53.73589324951172,53.76473561660298,52.32754595134343,52.4092617130592,177158400
2019-09-12,53.61572265625,54.41602951693154,53.56044726361797,54.02669243174888,128906800
2019-09-13,52.57268524169922,53.062961469937115,52.156911432083696,52.8731005859375,159053200
2019-09-16,52.849063873291016,52.904342934889065,52.286687250476454,52.32754329567108,84632400
2019-09-17,53.04133224487305,53.07017461149301,52.66160681112901,52.86348870875079,73274800
2019-09-18,53.5388298034668,53.5580568283564,52.73852276993989,53.12785993920919,101360000
2019-09-19,53.103824615478516,53.77675209631372,52.96202577677849,53.35617058720185,88242400
2019-09-20,52.327545166015625,53.48835049337496,52.2650600947515,53.20476016935374,221652400
2019-09-23,52.56547927856445,52.83465027251121,52.30832196549194,52.620754678997145,76662000
2019-09-24,52.3155403137207,53.47154191204904,52.19777981793663,53.12065509347318,124763200
2019-09-25,53.12063980102539,53.2335962580172,52.1857474445808,52.52461681555622,87613600
2019-09-26,52.846656799316406,53.09900638805851,52.59190520832725,52.87309349274994,75334000
2019-09-27,52.58950424194336,53.103815105725225,52.21939052658369,53.00287233449689,101408000
2019-09-30,53.82721710205078,53.97381992879909,53.062958600700476,53.08939529625113,103909600
2019-10-01,53.97622299194336,54.84863029507966,53.882493554454456,54.09158512052922,139223200
2019-10-02,52.62316131591797,53.73349535353158,52.375615676431906,53.60852153239703,138449200
2019-10-03,53.07017135620117,53.103817725877704,51.70268021152755,52.49577373492866,114426000
2019-10-04,54.55781936645508,54.67318147966466,53.80798396648721,54.22856537788591,138478800
2019-10-07,54.56984329223633,55.25959571661038,54.276637636700606,54.37998241718254,122306000
2019-10-08,53.93056106567383,54.81017807266463,53.91373971335013,54.27183612343445,111820000
2019-10-09,54.56264114379883,54.745292369499005,54.22857939735441,54.56264114379883,74770400
2019-10-10,55.298065185546875,55.382182968308385,54.627539595302416,54.77894647022064,113013600
2019-10-11,56.76888656616211,57.11255994872208,55.83158852183792,55.98540102647654,166795600
2019-10-14,56.687171936035156,57.230325218831695,56.3987739424967,56.45404933835654,96427600
2019-10-15,56.55498123168945,57.11495209163855,56.449234465409006,56.812134806799875,87360000
2019-10-16,56.3266716003418,56.53576316392705,56.04548329122299,56.08633933608511,73903200
2019-10-17,56.545379638671875,56.75446755281839,56.122396137875576,56.49971591783996,67585200
2019-10-18,56.816959381103516,57.09814772935947,56.30745241628178,56.37955283902993,97433600
2019-10-21,57.802310943603516,57.917673069593235,57.035654109180335,57.08371982808641,87247200
2019-10-22,57.67013931274414,58.20848130833189,57.58842354511688,57.95853733426326,82293600
2019-10-23,58.44399642944336,58.45841944527722,57.97294725988833,58.18444081930115,75828800
2019-10-24,58.540138244628906,58.8333439248231,58.11474907464559,58.763645508761726,69275200
2019-10-25,59.261131286621094,59.29717966007289,58.371902625409106,58.4391953673054,73477200
2019-10-28,59.85475540161133,59.90282112444377,59.294780746023385,59.46301260952673,96572800
2019-10-29,58.4704475402832,60.02299591504851,58.29741164658606,59.835537001961505,142839600
2019-10-30,58.463226318359375,58.953506199746954,57.970548101650635,58.82372472112932,124522000
2019-10-31,59.78504943847656,59.88358654150939,57.02122855198113,59.419747057326134,139162000
2019-11-01,61.48180389404297,61.50823692360431,59.88119007430968,59.972513844449246,151125200
2019-11-04,61.885555267333984,61.969673022918535,61.37605206348472,61.84469555712721,103272000
2019-11-05,61.79663848876953,62.0513901112309,61.60196993451809,61.777407799701365,79897600
2019-11-06,61.82307815551758,61.883161230177926,61.37365793055572,61.710121681781736,75864400
2019-11-07,62.536590576171875,62.758363326737026,62.218397769161385,62.3702628523427,94940400
2019-11-08,62.70774459838867,62.780057802220625,61.914675466597124,62.35821361498367,69986400
2019-11-11,63.204307556152344,63.26938943205793,62.25937344945544,62.26419187702616,81821200
2019-11-12,63.14646530151367,63.34654411916957,62.895774590870325,63.04763233897205,87388800
2019-11-13,63.75149917602539,63.82622526597904,62.93191772221306,62.946380361792585,102734400
2019-11-14,63.31037521362305,63.850333385659255,63.180204098443475,63.57794140753723,89182800
2019-11-15,64.0624771118164,64.06729554078912,63.399578987253335,63.56108095621039,100206400
2019-11-18,64.3854751586914,64.4650196804653,63.69365188987565,64.07210078681992,86703200
2019-11-19,64.19022369384766,64.60242366565966,63.97327672744023,64.5783168124191,76167200
2019-11-20,63.44294738769531,64.13958901338246,62.77040525583335,64.00942526376622,106234400
2019-11-21,63.158512115478516,63.640619743137286,62.95843333042811,63.56348075718102,121395200
2019-11-22,63.10307693481445,63.44055085554972,62.876485725953685,63.29832996596771,65325200
2019-11-25,64.20952606201172,64.22640160051589,63.281467077238176,63.327267906674514,84020400
2019-11-26,63.708106994628906,64.39993018161393,63.27661865903487,64.3468980545779,105207600
2019-11-27,64.56385803222656,64.59760910005717,63.95399212630652,64.01907401320656,65235600
2019-11-29,64.42164611816406,64.60243651886985,64.09622192561758,64.26496257549509,46617600
2019-12-02,63.6767692565918,64.66267836265502,63.50562312760783,64.42644300309937,94487200
2019-12-03,62.541419982910156,62.560701052764436,61.77968898703024,62.26661508192712,114430400
2019-12-04,63.09342575073242,63.4718820212091,62.837909284948175,62.93192380768448,67181600
2019-12-05,64.01908111572266,64.09381458044176,63.33208349753309,63.58760000147574,74424400
2019-12-06,65.25569915771484,65.32560684844641,64.4337044765978,64.47709976941329,106075600
2019-12-09,64.34207916259766,65.27736166371423,63.85755870346598,65.08452157936348,128042400
2019-12-10,64.7181167602539,65.10139135960284,64.086549723577,64.7470420347139,90420400
2019-12-11,65.2701416015625,65.34969348345126,64.7229520666511,64.79767816395331,78756800
2019-12-12,65.43646240234375,65.70162305327142,64.43850349697,64.5493861850386,137310400
2019-12-13,66.32596588134766,66.36212248785799,65.3087183320386,65.43647657929492,133587600
2019-12-16,67.46131134033203,67.68549695987365,66.76708259212,66.77190101970982,128186000
2019-12-17,67.59392547607422,67.92175525140861,67.20582486891783,67.39144108135922,114158400
2019-12-18,67.43240356445312,67.95308077804,67.28295135021965,67.44686620735443,116028400
2019-12-19,67.49987030029297,67.77949354081964,67.2419483714801,67.37452499510937,98369200
2019-12-20,67.36009216308594,68.1338730046536,67.14796358631695,68.03263450161938,275978000
2019-12-23,68.45928955078125,68.51955300989285,67.58426294746009,67.62283244405702,98572000
2019-12-24,68.52436828613281,68.6738278372129,68.19895150700309,68.62561412958978,48478800
2019-12-26,69.8839111328125,69.90078666508992,68.628022839031,68.6569481192903,93121200
2019-12-27,69.8573989868164,70.86259672343512,69.45243030638008,70.17559181703608,146266000
2019-12-30,70.27200317382812,70.55403936484663,68.75336713216096,69.77543291987965,144114400
2019-12-31,70.78546905517578,70.79270037718412,69.78991537253853,69.88874834423947,100805600
2020-01-02,72.40050506591797,72.46076851156026,71.15666666509587,71.40977019424241,135480400
2020-01-03,71.69664764404297,72.45596582996416,71.47246932030643,71.62915285765841,146322800
2020-01-06,72.26792907714844,72.30649856939735,70.5685026643333,70.81920068576198,118387200
2020-01-07,71.92803955078125,72.5330795245145,71.70867973246871,72.27756311117845,108872000
2020-01-08,73.0851058959961,73.38642316119072,71.63155170295238,71.63155170295238,132079200
2020-01-09,74.63748931884766,74.83032941641996,73.81067654984861,74.06136720541696,170108400
2020-01-10,74.80622863769531,75.37030104945943,74.30483992947904,74.87131787710281,140644800
2020-01-13,76.40441131591797,76.43093105955663,75.00388930942306,75.12201067519445,121532000
2020-01-14,75.3727035522461,76.55146021431688,75.24977111147209,76.34174457661803,161954400
2020-01-15,75.0496826171875,76.05246721987251,74.61819429330173,75.17262239843001,121923600
2020-01-16,75.98982238769531,76.10071246852102,75.23050414086309,75.59208495900991,108829200
2020-01-17,76.83110809326172,76.83351362979406,75.93197444596949,76.23811023432756,137816400
2020-01-21,76.3104248046875,76.90100236781842,76.1730223343127,76.45987702591754,110843200
2020-01-22,76.58282470703125,77.13483282510693,76.48881015774946,76.79494595339592,101832400
2020-01-23,76.95162200927734,77.03116654175618,76.0886451198764,76.6358420591075,104472000
2020-01-24,76.72982025146484,77.9399074546243,76.53938572501609,77.19746512519868,146537600
2020-01-27,74.47357177734375,75.15333787807808,73.4924810810553,74.74113795467083,161940000
2020-01-28,76.58038330078125,76.75152944120848,75.25458738363722,75.35342032568062,162234000
2020-01-29,78.18338775634766,79.02948893915872,77.46987057591716,78.209907499375,216229200
2020-01-30,78.07010650634766,78.1231386457578,76.83591201430718,77.26740045058162,126743200
2020-01-31,74.60857391357422,77.78324876217432,74.31448794421121,77.361404556077,199588400
2020-02-03,74.40367126464844,75.56795795185045,72.85128411079334,73.35267280813538,173788400
2020-02-04,76.8600082397461,77.05044280806926,75.60170706629567,76.00667569866678,136616400
2020-02-05,77.48677062988281,78.28465836318001,76.88413594573808,77.98574655750554,118826800
2020-02-06,78.39313507080078,78.3955479637908,77.19992270532863,77.75675661382517,105425600
2020-02-07,77.32755279541016,78.14183107037995,76.8370524098855,77.89295663582978,117684000
2020-02-10,77.69482421875,77.69482421875,75.83430875751218,75.91404207954616,109348800
2020-02-11,77.22604370117188,78.26262078747321,77.00858188468877,78.19013597325772,94323200
2020-02-12,79.05999755859375,79.06482742202022,77.67547849475221,77.67547849475221,113730400
2020-02-13,78.49700927734375,78.82320573508036,78.12974054369347,78.3327054260137,94747600
2020-02-14,78.5163345336914,78.76520890109116,78.00891869878639,78.46558778851511,80113600
2020-02-18,77.07868194580078,77.25990141746018,76.01794043224491,76.19915990390432,152531200
2020-02-19,78.19496154785156,78.42450907000605,77.32027709305024,77.32027709305024,93984000
2020-02-20,77.39276123046875,78.44383521283203,76.88776405995536,77.95575362250639,100566000
2020-02-21,75.64099884033203,77.42903672549149,75.02485563249914,76.98685711850104,129554000
2020-02-24,72.04801940917969,73.49777501677713,69.8854717188165,71.82572767869755,222195200
2020-02-25,69.60758972167969,73.09908711151304,69.13642361597664,72.71732141374063,230673600
2020-02-26,70.71179962158203,71.97550540185524,69.22580220093633,69.23305068108249,198054800
2020-02-27,66.0895004272461,69.10499371673924,65.95419053994536,67.9210285159399,320605600
2020-02-28,66.05085754394531,67.27107285671417,61.94563554811998,62.1606861550344,426510000
2020-03-02,72.20023345947266,72.83571074634416,67.10434419306169,68.20615768991611,341397200
2020-03-03,69.90721893310547,73.45428597286327,69.05669090258408,73.37455265692115,319475600
2020-03-04,73.14984130859375,73.30931532822694,70.82781935536424,71.62760069893737,219178400
2020-03-05,70.7770767211914,72.37905058025478,70.41221917601806,71.40529829391956,187572800
2020-03-06,69.8371353149414,70.26964775134793,67.95245619771107,68.13850549074616,226176800
2020-03-09,64.31355285644531,67.19372873000741,63.547595701787884,63.72881508116561,286744800
2020-03-10,68.94554901123047,69.21133903609883,65.08678222072572,66.96422060751131,285290000
2020-03-11,66.551025390625,67.9500415324096,65.68841908631278,67.02461750309321,255598800
2020-03-12,59.97880554199219,65.23900324323806,59.92323260860385,61.84174314573799,418474000
2020-03-13,67.16475677490234,67.6359302649127,61.119275269390535,64.00429300943405,370732000
2020-03-16,58.52421569824219,62.60044010140755,57.99022079286357,58.4613905994218,322423600
2020-03-17,61.097530364990234,62.245249799692694,57.60361793460999,59.80483021639644,324056000
2020-03-18,59.60185623168945,60.406470866055514,57.29432830722245,57.934639110553675,300233600
2020-03-19,59.145198822021484,61.09270335868853,58.62087096114338,59.77584268914572,271857200
2020-03-20,55.390323638916016,60.84865193316744,55.090706190239764,59.725089265820536,401693200
2020-03-23,54.21361541748047,55.21153181121293,51.37209545768239,55.110049350532954,336752800
2020-03-24,59.652610778808594,59.848327192203485,56.61295613694801,57.110704962845915,287531200
2020-03-25,59.323997497558594,62.399894457247456,59.029213577289134,60.58770003932158,303602000
2020-03-26,62.44579315185547,62.50378100355287,59.52695207272685,59.56561309847068,252087200
2020-03-27,59.860408782958984,61.8248250722316,59.69368630258447,61.07095335601888,204216800
2020-03-30,61.56869888305664,61.74025490515105,60.2615017965214,60.5852833250574,167976400
2020-03-31,61.44304656982422,63.4243781505614,60.88972489834924,61.75957958595021,197002000
2020-04-01,58.2100944519043,60.09719207609643,57.78000065964953,59.56078230159109,176218400
2020-04-02,59.18143081665039,59.234588810411715,57.24117510511811,58.072368803656616,165934000
2020-04-03,58.330909729003906,59.36748322353769,57.7413419398106,58.66676958439928,129880000
2020-04-06,63.4195556640625,63.574192418824516,60.25667324880632,60.62394199347429,201820400
2020-04-07,62.68500518798828,65.64975968703479,62.58110782117214,65.43229047893388,202887200
2020-04-08,64.28941345214844,64.60352421399418,63.1199448269442,63.484794969799864,168895200
2020-04-09,64.75331115722656,65.2558970699064,63.95836739563788,64.92487082512187,161834800
2020-04-13,66.02427673339844,66.13301133720609,64.23140932290158,64.83064420547504,131022800
2020-04-14,69.35871124267578,69.64866527052683,67.1840781553046,67.65525160710325,194994800
2020-04-15,68.72563934326172,69.18472698748576,67.80746405481365,68.23513915845088,131154400
2020-04-16,69.27172088623047,69.63657830758835,68.22306550095219,69.43844332553729,157125200
2020-04-17,68.331787109375,69.33454028123167,66.89652897721241,68.78846350317025,215250000
2020-04-20,66.91346740722656,68.06119058127958,66.89414057720502,67.15993057649021,130015200
2020-04-21,64.84514617919922,66.99078550242736,64.13476539316186,66.75640806793423,180991600
2020-04-22,66.71292114257812,67.14784486961675,65.77058148476895,66.11126755910753,116862400
2020-04-23,66.45436096191406,68.07808706003861,66.41569993888298,66.6573258024501,124814400
2020-04-24,68.37288665771484,68.3825537591584,66.93037962499518,66.9787077583751,126161200
2020-04-27,68.4212417602539,68.75226822025503,67.64320569872628,68.090207926412,117087600
2020-04-28,67.3121566772461,69.06394488685403,67.2203450064915,68.88272541689459,112004800
2020-04-29,69.52302551269531,69.99178036647727,68.59518290617446,68.79814778505363,137280800
2020-04-30,70.98968505859375,71.16607461666706,69.67282835408629,70.06184250590752,183064000
2020-05-01,69.84680938720703,72.24615310349837,69.06877359729275,69.16542249456992,240616800
2020-05-04,70.8350601196289,70.9631215704607,69.18233960605242,69.87097499683554,133568000
2020-05-05,71.89820861816406,72.7294023781066,71.14916678667844,71.29414381435919,147751200
2020-05-06,72.64000701904297,73.27064717863384,72.21474300795924,72.59892736503848,142333600
2020-05-07,73.3914566040039,73.73698728324429,72.96378136839786,73.26581377672255,115215200
2020-05-08,75.13829040527344,75.19159229593362,73.72337622769179,74.05045567520663,133838400
2020-05-11,76.32062530517578,76.81487118254181,74.43810496971201,74.64646961486733,145946400
2020-05-12,75.44840240478516,77.45448015586908,75.3272624261115,77.00383559042835,162301200
2020-05-13,74.53744506835938,76.54837362731435,73.46172121123148,75.62770513487014,200622400
2020-05-14,74.9953384399414,75.0559084279637,73.05467365769209,73.77667057668484,158929200
2020-05-15,74.55197143554688,74.59800522378177,72.73487156458532,72.7687943111998,166348400
2020-05-18,76.3084716796875,76.68158477857266,75.1842968408195,75.8747960024188,135178400
2020-05-19,75.86756134033203,77.17102150533867,75.83606375790906,76.32546668705436,101729600
2020-05-20,77.34306335449219,77.41331924575681,76.68647909264409,76.72524478806615,111504800
2020-05-21,76.76642608642578,77.74523944094076,76.52898900422082,77.204952332668,102688800
2020-05-22,77.26065826416016,77.34303256146072,76.40298515469343,76.50473859508931,81803200
2020-05-26,76.73735809326172,78.55687612704607,76.68163102348302,78.37759126728832,125522000
2020-05-27,77.0716781616211,77.21704762323688,75.85543536682479,76.59439371595593,112945200
2020-05-28,77.1056137084961,78.36304756047794,76.47084126097369,76.74703662948228,133560800
2020-05-29,77.03050231933594,77.80821903420895,76.67435043039059,77.34788852176631,153532400
2020-06-01,77.97781372070312,78.09895371175787,76.85363105469186,76.9844643152945,80791200
2020-06-02,78.33881378173828,78.36304326033381,77.27035810172477,77.71130947324757,87642800
2020-06-03,78.77008056640625,79.03174713400516,78.08684912120862,78.65863382513984,104491200
2020-06-04,78.09168243408203,78.89120338502829,77.71856920653472,78.59320375117642,87560400
2020-06-05,80.31582641601562,80.37639642085425,78.31217331772173,78.34124573703636,137250400
2020-06-08,80.7906723022461,80.82459504521165,79.30307721267422,80.01295571139336,95654400
2020-06-09,83.3418960571289,83.7343884798814,80.43938634656227,80.47088393003234,147712400
2020-06-10,85.48609161376953,85.95369033389235,83.85070128279254,84.28922758003938,166651600
2020-06-11,81.38184356689453,85.05480894028344,81.28009011611704,84.63081897651477,201662400
2020-06-12,82.08445739746094,84.26497730063338,80.97481830000675,83.51875818704126,200146000
2020-06-15,83.09961700439453,83.75135081292053,80.5774812512651,80.73981210877636,138808800
2020-06-16,85.30194091796875,85.57330073439438,83.51876362996565,85.15172849785749,165428800
2020-06-17,85.18321990966797,86.10630607045023,85.06207991592963,86.04573607358105,114406400
2020-06-18,85.21714782714844,85.6338697266432,84.60902265567091,85.13961645194037,96820400
2020-06-19,84.73015594482422,86.38735014117718,83.62293464807695,85.92217671437545,264476000
2020-06-22,86.947021484375,87.08996579558588,85.07661960868549,85.12265339969562,135445200
2020-06-23,88.8028793334961,90.22021867227018,87.77076426941889,88.18991128978877,212155600
2020-06-24,87.23534393310547,89.35045118216385,86.86223062980297,88.43220783059057,192623200
2020-06-25,88.39344024658203,88.43220593644023,86.63206719010891,87.39040482402382,137522400
2020-06-26,85.6774673461914,88.50972079929527,85.52967271907464,88.28924513838203,205256800
2020-06-29,87.65204620361328,87.74653893980732,85.10810654900735,85.58539837995676,130646000
2020-06-30,88.38372802734375,88.66962400453063,87.22078715611465,87.24016629998945,140223200
2020-07-01,88.21656036376953,89.00397030229519,88.16810880383152,88.46126551068063,110737200
2020-07-02,88.21656036376953,89.75746488824406,88.10269587070599,89.12269252080957,114041600
2020-07-06,90.57637786865234,91.04397648582848,89.61210082402599,89.6435984064739,118655600
2020-07-07,90.29533386230469,91.7320524889195,90.18388713248098,90.95433575857336,112424400
2020-07-08,92.3983154296875,92.42981301031341,91.18449035546323,91.27171499364255,117092000
2020-07-09,92.79569244384766,93.34324037701934,91.7490407616666,93.28993846559898,125642800
2020-07-10,92.95797729492188,93.01612951561695,91.78050018746696,92.39104305128085,90257200
2020-07-13,92.52916717529297,96.86840340129038,92.31595956581418,94.26146791160848,191649200
2020-07-14,94.06037139892578,94.25176728421596,90.97856936107081,91.91134148904221,170989200
2020-07-15,94.7072525024414,96.18273684605151,93.51038868590005,95.93318873658312,153198000
2020-07-16,93.54188537597656,94.39713348994569,92.94345347342261,93.58065106367306,110577600
2020-07-17,93.35289001464844,94.14756798104436,92.88044113908421,93.99251265271707,92186800
2020-07-20,95.3202133178711,95.45831468469305,93.09608481622666,93.44012565034129,90318000
2020-07-21,94.00463104248047,96.18515083470295,93.75508296201137,96.11004463336359,103433200
2020-07-22,94.26870727539062,94.94951336084341,93.61939876725305,93.70661600246667,89001600
2020-07-23,89.97795867919922,94.07975781052636,89.16874426666178,94.00222642645338,197004400
2020-07-24,89.75504302978516,90.09908386887433,86.39219558540321,88.17780532258647,185438800
2020-07-27,91.88226318359375,91.97433076494785,90.59333922603253,90.81623268150157,121214000
2020-07-28,90.37284088134766,91.63027433495853,90.36799055061977,91.45340732071803,103625600
2020-07-29,92.10517120361328,92.28930638065711,90.81866491806582,90.85500544148256,90329200
2020-07-30,93.21965026855469,93.32382888856975,90.87195660039106,91.27898520449537,158130000
2020-07-31,102.97869873046875,103.12891115542561,97.71152622340603,99.70791855704327,374336800
2020-08-03,105.57349395751953,108.19011460238991,104.56076548592098,104.85876510860703,308151200
2020-08-04,106.27855682373047,107.36881693797415,105.04050204922461,105.76249918664718,173071600
2020-08-05,106.66375732421875,106.98356866072452,105.53473177113482,105.99991256912482,121776800
2020-08-06,110.38518524169922,110.87943850296628,106.40695185464003,106.99569046941184,202428800
2020-08-07,107.87549591064453,110.36334336865978,107.07938502036484,109.90703455219526,198045600
2020-08-10,109.44345092773438,110.46043507725163,106.7954093213871,109.31966296937568,212403600
2020-08-11,106.1886215209961,109.20559017872704,105.9289127146506,108.70802360073796,187902400
2020-08-12,109.71771240234375,109.97499163666492,107.08423344754698,107.27840393895296,165598000
2020-08-13,111.65943908691406,112.66186065911528,110.60847119171306,111.09633433148385,210082000
2020-08-14,111.5599365234375,111.64974056440289,109.75169319709691,111.48469489954057,165565200
2020-08-17,111.2686767578125,112.70556367842538,110.64247058340116,112.68129051352851,119561600
2020-08-18,112.19583892822266,112.62059332113643,110.686140161124,111.02109052467661,105633600
2020-08-19,112.33660125732422,113.74921465979092,112.24194556716574,112.6035911901642,145538000
2020-08-20,114.82933807373047,114.94341528440668,112.36090456064325,112.37789651709356,126907200
2020-08-21,120.74678039550781,121.22978455348972,115.7759366742478,115.78806955381434,338054800
2020-08-24,122.19092559814453,125.03314486284968,120.32686221834298,124.9481850882098,345937600
2020-08-25,121.1884994506836,121.53316057768988,119.46763816827539,121.06471891526844,211495600
2020-08-26,122.83655548095703,123.29286429117482,121.43850421682247,122.50403462016395,163022400
2020-08-27,121.36813354492188,123.77102883487844,120.22493186903937,123.43850794155522,155552400
2020-08-28,121.1715316772461,122.75889449051752,120.94822892350749,122.3414212260646,187630000
2020-08-31,125.28070068359375,127.18360697027765,122.32927082637391,123.86324282555849,225702700
2020-09-01,130.27101135253906,130.87295935623808,126.72735043228148,128.89238109702669,151948100
2020-09-02,127.57192993164062,133.96023717313614,123.30012065359645,133.58159959991974,200119000
2020-09-03,117.35844421386719,125.08654753719104,116.98951728236517,123.21278063679146,257599600
2020-09-04,117.43611145019531,120.09628586271513,107.65947772486805,116.57204011831335,332607200
2020-09-08,109.53327178955078,115.52352252708134,109.39735093120817,110.63034940535363,231366600
2020-09-09,113.90213775634766,115.66911573534202,111.90215372713668,113.8438880955757,176940500
2020-09-10,110.18374633789062,116.98952932974198,109.22258962320309,116.85360847744802,182274400
2020-09-11,108.73715209960938,111.87305715590524,106.79541724068777,111.2322810970384,180860300
2020-09-14,111.99925231933594,112.55264638404466,109.51383440164483,111.37789783991316,140150100
2020-09-15,112.17401123046875,115.36816560750079,110.30023700342959,114.88273194668369,184642000
2020-09-16,108.86332702636719,112.62058543101998,108.77595254136814,111.87302101100224,154679000
2020-09-17,107.12549591064453,108.9313097079175,105.54298485481058,106.52356291630672,178011000
2020-09-18,103.72746276855469,107.64976770036112,102.99931226553164,107.18375552641913,287104900
2020-09-21,106.8730697631836,106.97986575435861,100.0964130289504,101.49446425369291,195713800
2020-09-22,108.55265808105469,109.57207159281869,105.97986595474057,109.39731520243424,183055400
2020-09-23,103.99931335449219,108.84393936425928,103.65950385577868,108.36821643604246,150718700
2020-09-24,105.0672607421875,107.03812018263172,101.94106684060164,102.10611250444195,167743300
2020-09-25,109.00898742675781,109.16432976181966,104.53328824582925,105.27114952311253,149981400
2020-09-28,111.61092376708984,111.96043664981464,109.49443238042568,111.65947010357479,137672400
2020-09-29,110.7662353515625,111.95069452133387,110.26138766643038,111.21284078207377,99382200
2020-09-30,112.4361343383789,113.84389630124348,110.30994008853341,110.47498574403602,142675200
2020-10-01,113.3875961303711,114.29050304173128,112.45556438431055,114.2128318777771,116120400
2020-10-02,109.72742462158203,112.00896881944756,108.9507351859753,109.60121453266758,144712000
2020-10-05,113.10604095458984,113.25167253166546,110.24198536966455,110.59149819179417,106243800
2020-10-06,109.86334991455078,112.73711630408881,108.97985709448719,112.32934639868184,161498200
2020-10-07,111.72740936279297,112.18371817362878,110.80508099423795,111.28081129884058,96849000
2020-10-08,111.62061309814453,113.00895361392693,111.25167878876417,112.86332203954677,83477200
2020-10-09,113.5623550415039,113.59147987684435,111.57207401243367,111.92158685077898,100506900
2020-10-12,120.77591705322266,121.5331925091267,115.80507284543683,116.56234830134088,240226800
2020-10-13,117.57202911376953,121.73705073964729,116.16427448485399,121.62054399652054,262330500
2020-10-14,117.65941619873047,119.44580856247916,116.13515475963598,117.4749490324475,150712000
2020-10-15,117.19339752197266,117.66912045188067,114.70797946369227,115.26137355970408,112559200
2020-10-16,115.55262756347656,118.0089281560019,115.34874631090426,117.74678982617324,115393800
2020-10-19,112.60120391845703,116.91185012257559,112.29052664782569,116.46525200898868,120639300
2020-10-20,114.08661651611328,115.513792607474,112.2613812832418,112.81477533834804,124423700
2020-10-21,113.46527862548828,115.25167113205254,113.05750867757199,113.27110069621133,89946000
2020-10-22,112.37787628173828,114.601163016686,111.25166679554484,114.02834752777623,101988000
2020-10-23,111.68856811523438,113.15457972080071,110.95070693925585,112.99923740706663,82572600
2020-10-26,111.69828796386719,113.15458894171616,109.59150025316038,110.688585063703,111850700
2020-10-27,113.20311737060547,113.86330738232272,111.203133250019,112.12545415431511,92276800
2020-10-28,107.96044158935547,112.06721355762778,107.863356340069,111.6982866474873,143937800
2020-10-29,111.96043395996094,113.52353114594587,108.93132485149748,109.09637794730227,146129200
2020-10-30,105.68860626220703,108.72741799712837,104.58181822292556,107.82451118538518,190272600
2020-11-02,105.60122680664062,107.45558679697702,104.19347226654686,105.93132552110745,122866900
2020-11-03,107.22258758544922,108.24199381190596,105.56240538196562,106.46531227233,107624400
2020-11-04,111.60120391845703,112.22255845771816,109.07695017681739,110.81480370001444,138235500
2020-11-05,115.56231689453125,116.13513237076141,113.46524768018678,114.51377858379472,126387100
2020-11-06,115.4310302734375,115.92702142810049,112.94131732140758,115.07118700641044,114457900
2020-11-09,113.1261215209961,118.64043465344767,112.86353836131654,117.19134868504119,154515300
2020-11-10,112.78573608398438,114.36124992222891,110.99625432436308,112.37727008295128,138023400
2020-11-11,116.20907592773438,116.34523125447596,113.24282640096855,113.97223311704505,112295000
2020-11-12,115.93677520751953,117.22053084100786,115.31434868339849,116.33552114136147,103162300
2020-11-13,115.98538970947266,116.38412816982795,114.63355658842221,116.16044760960408,81581900
2020-11-16,116.99684143066406,117.66789057082231,114.90587400574458,115.65472831052979,91183000
2020-11-17,116.11183166503906,117.35668469756249,115.69363815380922,116.26744200405916,74271000
2020-11-18,114.78915405273438,116.53000547162844,114.7599789740788,115.35323030643576,76322100
2020-11-19,115.38241577148438,115.7908817492475,113.60266161420516,114.36124340716778,74113000
2020-11-20,114.11810302734375,115.50883872913519,114.06948036722605,115.38241090893905,73604300
2020-11-23,110.72393798828125,114.39042656864258,110.62668524347754,113.96250558761568,127959300
2020-11-24,112.0076904296875,112.66901946402936,109.49852961528087,110.78229252304031,113874200
2020-11-25,112.84408569335938,113.54431736019659,112.00769869351593,112.37726952874067,76499200
2020-11-27,113.3886947631836,114.26398425207363,113.02885888768483,113.36924718338975,46691300
2020-11-30,115.78116607666016,117.64844554887398,113.6026659391683,113.75827627180732,169410200
2020-12-01,119.35038757324219,120.07979426970195,116.7147989337566,117.68734119570294,127728200
2020-12-02,119.70050048828125,119.98253862781858,117.57063061172147,118.66960066999447,89004200
2020-12-03,119.56434631347656,120.38127824003541,118.85438720785504,120.1284151780445,78967600
2020-12-04,118.89330291748047,119.48655434771668,118.18334373345853,119.23369125780223,78260400
2020-12-07,120.35209655761719,121.14958086023294,118.8932832660097,118.9516334233034,86712000
2020-12-08,120.96480560302734,121.54833690448348,119.7102251767506,120.9550855226028,82225500
2020-12-09,118.43618774414062,122.49168693103906,117.67760601650876,121.11067878997038,115089200
2020-12-10,119.85611724853516,120.4688236783502,116.85096494578069,117.19135328461722,81312200
2020-12-11,119.04890441894531,119.38929273400028,117.23997517904313,119.0683519998447,86939800
2020-12-14,118.43618774414062,119.96307869896347,118.20277969407886,119.23367205010081,79184500
2020-12-15,124.36872863769531,124.3881836422834,120.72169436800314,120.92592739671667,157243700
2020-12-16,124.30062103271484,124.84524231148528,123.08494323552482,123.91161007354079,98208600
2020-12-17,125.16619873046875,126.02204075578122,124.5243172114844,125.36070423445284,94359800
2020-12-18,123.18221282958984,125.55521844582084,122.65703909059238,125.41906311570027,192541500
2020-12-21,124.70911407470703,124.78691925140207,120.06036235587443,121.58725370394174,121251600
2020-12-22,128.25888061523438,130.71941139606707,126.09010064650239,127.99629004452623,168904800
2020-12-23,127.3641586303711,128.79378229896713,127.18909328249408,128.53120653688052,88223700
2020-12-24,128.34642028808594,129.79551379030826,127.5003131582361,127.71427367104259,54930100
2020-12-28,132.9368133544922,133.56895993255333,129.84412103088945,130.3109520335808,124486200
2020-12-29,131.166748046875,134.97911129137205,130.65130192196946,134.25943963612303,121047300
2020-12-30,130.04837036132812,132.25604575507535,129.7371496715403,131.85729981121693,96452100
2020-12-31,129.04661560058594,131.040329904096,128.10324856194674,130.39844854670574,99116600
2021-01-04,125.85669708251953,129.94137159533847,123.27945861661561,129.85384635373498,143301900
2021-01-05,127.41275024414062,128.12271674575476,124.90358954867594,125.35096549709283,97664900
2021-01-06,123.12385559082031,127.45167334436817,122.90989509434218,124.21310565475042,155088000
2021-01-07,127.32524871826172,128.01576034902203,124.34927136052875,124.83554255858496,109578200
2021-01-08,128.42422485351562,128.98830121735807,126.65419059044255,128.79378086858412,105158200
2021-01-11,125.43849182128906,126.595819441527,124.97167570919714,125.64273221772613,100384500
2021-01-12,125.2634506225586,126.12901267192076,123.37671619500519,124.97168496595856,91951100
2021-01-13,127.29606628417969,127.84068762018809,124.96197060419559,125.22454635131636,88636800
2021-01-14,125.37042236328125,127.40303206132965,125.22453212496984,127.20852658339784,90221800
2021-01-15,123.6490249633789,126.64445696844105,123.51286963768597,125.2439937099894,111598500
2021-01-19,124.320068359375,125.17591022451418,123.45450641479232,124.27143828252557,90757300
2021-01-20,128.4047393798828,128.85211530015263,125.02029683978466,125.127277070296,104319500
2021-01-21,133.1118621826172,135.83498363825382,129.9219245699571,130.12616498605254,120150900
2021-01-22,135.25146484375,136.01004665089906,131.31266555904966,132.53806351525557,114459400
2021-01-25,138.99575805664062,141.106173284309,132.79093279458516,139.1416483205631,157611700
2021-01-26,139.22915649414062,140.3378541007655,137.48829750104505,139.65707747210416,98390600
2021-01-27,138.15933227539062,140.3378319835939,136.55464370074296,139.49171024148978,140843800
2021-01-28,133.32582092285156,138.09128711738055,132.94653001780165,135.68910643879175,142621100
2021-01-29,128.33665466308594,132.98540444648626,126.63470608598875,132.10038762484038,177523800
2021-02-01,130.45684814453125,131.66280616641993,127.33498024294086,130.0775571695549,106239800
2021-02-02,131.28347778320312,132.56722577893618,130.9139069960329,132.00314951845078,83305400
2021-02-03,130.2623291015625,132.04208344252265,129.94138833452192,132.03234852121233,89880900
2021-02-04,133.61758422851562,133.6273043090521,130.8944628567243,132.55751669715318,84183100
2021-02-05,133.20359802246094,133.84643851699295,132.32700815681875,133.77826657108233,75693800
2021-02-08,133.34976196289062,133.39846472288602,131.411505066242,132.49264094535826,71297200
2021-02-09,132.4730987548828,134.29448011812482,132.31727079805114,133.06723649739686,76774200
2021-02-10,131.8692626953125,133.42766158836056,130.90500170826476,132.93091432442992,73046600
2021-02-11,131.6160125732422,132.84324151471785,130.29137814000228,132.36597838425936,64280000
2021-02-12,131.84976196289062,132.00560480490336,130.2134567077312,130.85629728454018,60145100
2021-02-16,129.72647094726562,132.47313069680968,129.33686380627134,131.96666370650627,80576300
2021-02-17,127.43758392333984,128.78170264078364,126.10321467381557,127.83692569620267,97918500
2021-02-18,126.33698272705078,126.61943492722637,124.09678975209331,125.84023543219843,96856700
2021-02-19,126.49279022216797,127.31095773335569,125.45062277040475,126.85317866159306,87668800
2021-02-22,122.72344970703125,126.34671464924598,122.33384996779367,124.68117557823038,103916400
2021-02-23,122.5870590209961,123.41495360711981,115.31131234938887,120.54167021086835,158273000
2021-02-24,122.0903549194336,122.29489311702532,119.05149320550255,121.69102056156322,111039900
2021-02-25,117.84373474121094,123.17149227710611,117.40543965947438,121.43778116304092,148199500
2021-02-26,118.10670471191406,121.6033452358005,118.04825992472897,119.40211317040608,164560400
2021-03-01,124.4668960571289,124.60325484384613,119.5969181572381,120.53195302229754,116307900
2021-03-02,121.86634063720703,125.37272355528646,121.75920051926317,125.07078727617044,102260900
2021-03-03,118.88590240478516,122.44098788620711,118.67162218049718,121.56439034639122,112966300
2021-03-04,117.006103515625,120.38586986301316,115.53537532437929,118.58397926186606,178155000
2021-03-05,118.2625503540039,118.76903225470893,114.51266857773292,117.83399731994245,153766600
2021-03-08,113.3341064453125,117.85344455096923,113.18800564768664,117.78526516954318,154376600
2021-03-09,117.94110870361328,118.88588550494669,115.70092356585985,115.93468039958287,129525800
2021-03-10,116.8599853515625,118.99303047984385,116.34376148572666,118.52551679323263,111943300
2021-03-11,118.78848266601562,120.00597696289303,118.10668883216246,119.35340180320566,103026500
2021-03-12,117.88268280029297,118.01904158578925,116.06131583787986,117.2690682655597,88105100
2021-03-15,120.76571655273438,120.77545858975141,117.28855243734995,118.25281346511821,92403800
2021-03-16,122.30461120605469,123.91170522216095,121.47671654048351,122.43122794234345,115227900
2021-03-17,121.51567840576172,122.58707194968112,119.15860369194408,120.82414250531377,111932600
2021-03-18,117.39568328857422,119.97677300065472,117.19114511333716,119.68457136117527,121229700
2021-03-19,116.86972045898438,118.27227638684158,116.56778422545804,116.78206442899135,185549500
2021-03-22,120.18131256103516,120.64883370339138,117.13270910784668,117.20088850037816,111912300
2021-03-23,119.3534164428711,121.0092059173222,118.96381673388366,120.12287382459728,95467100
2021-03-24,116.96712493896484,119.70405755554833,116.94764829711929,119.62613612617307,88530500
2021-03-25,117.45413970947266,118.49632225832028,115.90549008944214,116.43144866728201,98844700
2021-03-26,118.05799865722656,118.32098161470867,115.82754797615723,117.22036189731419,94071200
2021-03-29,118.23333740234375,119.39239466300633,117.59050410460476,118.48657836496697,80819200
2021-03-30,116.78205108642578,117.26904879118068,115.76909496881613,116.9865892307034,85671900
2021-03-31,118.97355651855469,120.30792565051348,117.9995609800172,118.48655874928595,118323800
2021-04-01,119.80146026611328,120.9507753854183,119.30472042335516,120.44430093685868,75089100
2021-04-05,122.62603759765625,122.87927851383142,119.86962848939254,120.64882787870255,88651200
2021-04-06,122.9280014038086,123.8240757008056,122.38256616754916,123.21046106001373,80171300
2021-04-07,124.57402038574219,124.59349702523619,121.88579084483872,122.55785008781349,83466700
2021-04-08,126.97007751464844,126.9992961961062,125.17792902926334,125.59674003815452,88844600
2021-04-09,129.5413818359375,129.58033511074808,126.1031794318075,126.42459968145573,106686700
2021-04-12,127.82715606689453,129.395289186928,127.23301830434795,129.07386893551856,91420000
2021-04-13,130.93423461914062,131.15826433043802,128.49924537282473,128.99599269074992,91266500
2021-04-14,128.59664916992188,131.48941754486856,128.2362755221187,131.43098018165665,87222800
2021-04-15,131.00242614746094,131.48942401418012,130.16478922222413,130.34011618248067,89347100
2021-04-16,130.6712646484375,131.16799709740084,129.81414368991753,130.8076234498389,84922400
2021-04-19,131.3335418701172,131.94716375459052,129.87254870669761,130.03812614844625,94264200
2021-04-20,129.64859008789062,132.00565829599216,128.38239249193592,131.5089257555319,94812300
2021-04-21,130.0283966064453,130.27189547649485,127.88560952240783,128.91804235349915,68847100
2021-04-22,128.5089874267578,130.66150947358742,127.99277092528317,129.58037371612286,84566500
2021-04-23,130.8271026611328,131.60628729046172,128.72326849315886,128.72326849315886,78657500
2021-04-26,131.21670532226562,131.54786030204147,130.08686671385888,131.32384544654548,66905100
2021-04-27,130.895263671875,131.88874331170373,130.62254610203854,131.49913616765673,66015800
2021-04-28,130.1063232421875,131.5088791677975,129.61932548257246,130.81733580986761,107760100
2021-04-29,130.00894165039062,133.50559750247544,129.00572727008065,132.92119413868548,151101000
2021-04-30,128.04148864746094,130.0868708182536,127.66163089702832,128.35315956120257,109839500
2021-05-03,129.09336853027344,130.58359545105438,128.401839986388,128.60637073689202,75135100
2021-05-04,124.52532958984375,128.07068022860358,123.40523322106765,127.77847859118502,137564700
2021-05-05,124.76882934570312,127.05770985077288,124.64220517501703,125.84021547722773,84000900
2021-05-06,126.36620330810547,126.37593791446682,123.82406658932013,124.56430537762937,78128300
2021-05-07,127.03941345214844,128.0638342068742,126.32717811895671,127.6638289569363,78973300
2021-05-10,123.76119232177734,126.38568557584613,123.72216543128324,126.25886120807223,88071200
2021-05-11,122.8440933227539,123.19532046962064,119.78054551827158,120.4927732833166,126142800
2021-05-12,119.78056335449219,121.60503177987839,119.27322856136661,120.39522770117908,112172300
2021-05-13,121.92698669433594,123.07825403932372,121.23427605914434,121.54648377421124,105861300
2021-05-14,124.34656524658203,124.77585354473081,122.78552704006465,123.17578845259833,81918000
2021-05-17,123.19530487060547,123.83923735283338,122.12209151050999,123.73191527246206,74244600
2021-05-18,121.80990600585938,123.89779649597985,121.74161080080381,123.47826668103308,63342900
2021-05-19,121.65377807617188,121.87817336567916,119.86833712441047,120.16103504698746,92612000
2021-05-20,124.20999145507812,124.61001150333645,122.05380598133526,122.1806452374261,76857100
2021-05-21,122.37577056884766,124.88319058200729,122.16112639405591,124.70757329750661,79295400
2021-05-24,124.0051040649414,124.82465387319235,122.87335402183648,122.94164921888921,63092900
2021-05-25,123.80998229980469,125.19541091008112,123.24410353248182,124.7075784829674,72009500
2021-05-26,123.76119232177734,124.28804417802037,123.34166255348855,123.86851440973157,56575900
2021-05-27,122.22943878173828,124.53197352741631,122.03431174645816,123.36119642849698,94625600
2021-05-28,121.57574462890625,122.73677048730885,121.51720801205188,122.51236771666937,71311100
2021-06-01,121.2537841796875,122.2977294109628,120.92206674340329,122.03430717883234,67637100
2021-06-02,122.0147933959961,122.19041070349643,121.02939220066231,121.25378754470101,59278900
2021-06-03,120.53179168701172,121.80989069682863,120.13177164794705,121.64403199734149,76229200
2021-06-04,122.8245849609375,123.08801464449839,120.83425795335646,121.04890215666704,75169300
2021-06-07,122.8343276977539,123.24409888195902,121.79038257021139,123.09774990370911,71057600
2021-06-08,123.65386199951172,125.331988404536,123.13676876123085,123.51727161368726,74403800
2021-06-09,124.03438568115234,124.63929137968418,123.43923856713752,124.11243947005046,56877900
2021-06-10,123.03922271728516,125.06857651400928,122.87336400291547,123.9270603510902,71186400
2021-06-11,124.24903869628906,124.3368510759359,123.02947607177971,123.4490059123557,53522400
2021-06-14,127.30280303955078,127.36133965538929,123.97584053546844,124.70757800792384,96906500
2021-06-15,126.48326110839844,127.4198916269695,126.23934861668313,126.77595907590421,62746300
2021-06-16,126.9808578491211,127.70284430122783,125.3320216426943,127.19550206765987,91815000
2021-06-17,128.5809326171875,129.3224362930399,126.49304179588825,126.63939825744673,96721700
2021-06-18,127.28330993652344,128.30773056203458,127.06866573814787,127.52722244492858,108953300
2021-06-21,129.0784912109375,129.18581330080102,126.063736441913,127.1271913132279,79663300
2021-06-22,130.7175750732422,130.8151460223462,128.4150406144124,128.91263161271146,74783600
2021-06-23,130.4444122314453,131.0493254021088,129.98585550457855,130.51271488266488,60214200
2021-06-24,130.16146850585938,131.36151382298493,129.69314579268672,131.17613794325877,68711000
2021-06-25,129.86880493164062,130.6298109330751,129.57610688018707,130.21028847287667,70783700
2021-06-28,131.49810791015625,131.9566646084623,130.1029355337376,130.1614721527149,62111300
2021-06-29,133.0103759765625,133.16648356087228,131.07859300425446,131.51763255879192,64556100
2021-06-30,133.6250457763672,134.0640853489463,132.56157584088896,132.8542738516881,63261400
2021-07-01,133.927490234375,133.98602685703514,132.45424909031448,133.27380646927242,52485800
2021-07-02,136.55197143554688,136.5909908825578,134.39577852908815,134.54212006442484,78852600
2021-07-06,138.5618438720703,139.66431846121773,136.65932898286508,136.65932898286508,108181800
2021-07-07,141.04971313476562,141.36191336128311,139.1862182535438,140.04478004189397,104911600
2021-07-08,139.75210571289062,140.55213093920304,137.24467816832617,138.13252320539087,105575500
2021-07-09,141.57655334472656,142.1033977245654,139.17644811221814,139.27401905419063,99890800
2021-07-12,140.98143005371094,142.75712026323748,140.49360503622404,142.64979816390084,76299700
2021-07-13,142.09364318847656,143.8693330567253,140.13259235448814,140.52284633857775,100827100
2021-07-14,145.5181884765625,145.9279745686904,144.0839818158266,144.4937679079545,127050800
2021-07-15,144.864501953125,146.34749406137325,143.50834910364574,145.6060054508676,106820300
2021-07-16,142.82540893554688,146.11334481046933,142.32783277394142,144.84501166670194,93251400
2021-07-19,138.98130798339844,140.56187074804143,138.22030234707313,140.24965567301865,121434600
2021-07-20,142.59121704101562,143.51809629152285,139.4789065811411,139.96673149730913,96350000
2021-07-21,141.85948181152344,142.57171691870616,141.108242148076,141.98632105555998,74993500
2021-07-22,143.2254180908203,144.59132208932277,142.25951926436974,142.38635852395822,77338200
2021-07-23,144.94256591796875,145.0986734955369,143.34250046599004,143.95716474814094,71447400
2021-07-26,145.3621063232422,146.18164879238583,144.1035094217646,144.65963709619385,72434100
2021-07-27,143.1961212158203,145.5767090416399,142.00582730291055,145.48888924785527,104818600
2021-07-28,141.44973754882812,143.391286472983,139.06914908747908,141.28387882976534,118931200
2021-07-29,142.09364318847656,142.98148812260095,141.0594567321274,141.16677881083731,56699500
2021-07-30,142.30828857421875,142.7668451974614,140.60090132642787,140.8643309559415,70440600
2021-08-02,141.97654724121094,143.37171915384715,141.71311765614436,142.7960894089371,62880000
2021-08-03,143.77178955078125,144.43522442777342,141.64486473611035,142.25952902121162,64786600
2021-08-04,143.37176513671875,144.19130756729243,142.71808142038705,143.68398028393023,56368300
2021-08-05,143.47906494140625,144.24007063545545,142.6107371680816,143.40101116673,46397700
2021-08-06,142.7951202392578,143.74291989384258,142.29679858037488,143.000320280882,54126800
2021-08-09,142.74623107910156,143.3422697557146,142.18928521610837,142.8537139522462,48908700
2021-08-10,142.26747131347656,144.32917762337323,141.97433481779836,143.08824157374232,69023100
2021-08-11,142.52151489257812,143.36183156118472,142.19906623850963,142.70716850336376,48493500
2021-08-12,145.48216247558594,145.6385039280885,142.50196876649986,142.84396383015653,72282600
2021-08-13,145.68736267089844,146.01957707570978,144.8763581583002,145.56033337689462,59375000
2021-08-16,147.66114807128906,147.72955306203514,143.11758362273994,145.14019753721752,103296000
2021-08-17,146.75245666503906,148.20834403268694,145.67762747925198,146.79153458563758,92229700
2021-08-18,143.0100860595703,147.27029417589944,142.80488601790597,146.37135309386304,86326000
2021-08-19,143.34228515625,144.61253336364982,141.1926423719419,141.71051038649435,86960300
2021-08-20,144.79820251464844,145.10110479232438,143.4204712746936,144.06536865206095,60549600
2021-08-23,146.28341674804688,146.7524262457425,144.50506608373868,144.91545125791524,60131800
2021-08-24,146.1954803466797,147.40710449199298,145.73623655262395,146.02937310982574,48606400
2021-08-25,144.9643096923828,146.8794554129226,144.41712946066949,146.3811188443998,58991300
2021-08-26,144.16305541992188,145.70689371393732,144.13374326132688,144.95452843061085,48597200
2021-08-27,145.1988067626953,145.34536755607812,143.4693148530707,144.10443150378484,55802400
2021-08-30,149.61534118652344,149.97688265994054,145.2085727146907,145.58964568755835,90956700
2021-08-31,148.35487365722656,149.3026732146875,147.8272249811444,149.16587817080352,86453100
2021-09-01,149.01931762695312,151.43278500420377,148.85321040744938,149.33200056452,80313700
2021-09-02,150.13319396972656,151.1787105563669,148.91180444862712,150.34815971820325,71115500
2021-09-03,150.7683563232422,151.0908050119508,149.58604446464392,150.24070759279422,57808700
2021-09-07,153.1036376953125,153.66058362239795,150.8562777588282,151.4230043452141,82278300
2021-09-08,151.55982971191406,153.44564855103232,150.45568847705636,153.38702422166725,74420200
2021-09-09,150.5436553955078,152.53695734707105,150.426391815148,151.93115266847218,57305700
2021-09-10,145.56036376953125,151.92135699493102,145.2965393767227,151.45234744847278,140893200
2021-09-13,146.1270751953125,147.9542695218118,145.34538275990522,147.18235774668085,102404300
2021-09-14,144.7297821044922,147.61227358439965,143.5474852815467,146.9087519585389,109296300
2021-09-15,145.6189727783203,146.01959220126037,143.01985176888803,145.15972903193406,83281300
2021-09-16,145.38441467285156,145.56030249720038,143.85035735869758,145.04243459087402,68034100
2021-09-17,142.7169189453125,145.4137565229727,142.423782481279,145.4137565229727,129868800
2021-09-20,139.66836547851562,141.52487196661303,138.0365905336095,140.50868223734292,123478900
2021-09-21,140.14712524414062,141.29035906389458,139.51200859720305,140.6356810985669,75834000
2021-09-22,142.5117645263672,143.07847626004042,140.41096517330857,141.14379903633161,76404300
2021-09-23,143.46932983398438,143.71360778815728,142.30656438659437,143.29344195401745,64838200
2021-09-24,143.5572509765625,144.09466540021555,142.2283784515029,142.32609558654582,53477900
2021-09-27,142.04273986816406,142.6192471706429,140.52822848156046,142.14045701354505,74150700
2021-09-28,138.66192626953125,141.43691994614318,138.44696050068399,139.97125238193445,108972300
2021-09-29,139.5608673095703,141.14378350850296,138.77917495976774,139.2091064976362,74602000
2021-09-30,138.26132202148438,141.07540882378817,138.04635622911155,140.37188712321222,89056700
2021-10-01,139.38497924804688,139.64880358400276,135.9260103602956,138.65214546670163,94639600
2021-10-04,135.95530700683594,138.95504676613083,135.10522468851968,138.5153346198599,98322000
2021-10-05,137.88023376464844,138.9843747661612,136.17028827499877,136.29731756814027,80861100
2021-10-06,138.7498779296875,138.8964387383312,135.20295726507902,136.27778622694314,83221100
2021-10-07,140.0103302001953,140.9190518423827,139.45338427911526,139.7855986818326,61732700
2021-10-08,139.62925720214844,140.87995899645605,139.2970427994977,140.73339820397527,58773200
2021-10-11,139.5413360595703,141.49555969160025,138.56422424355534,139.0137022391212,64452200
2021-10-12,138.2711181640625,139.9712984657428,137.8118743166468,139.95175205044632,73035900
2021-10-13,137.68482971191406,138.163604960137,136.01396194464323,138.00727840066958,78762700
2021-10-14,140.46958923339844,140.58685278975153,138.27108764845218,138.85736070158842,69907100
2021-10-15,141.52487182617188,141.58349614959462,140.22531132197605,140.4793699361988,67940300
2021-10-18,143.19570922851562,143.4790650348245,139.883301471598,140.16665727790686,85589200
2021-10-19,145.3551483154297,145.75576773810008,143.19573955238386,143.64520263819782,76378900
2021-10-20,145.8436737060547,146.3224637629304,144.7297670657769,145.29649358936246,58418800
2021-10-21,146.05868530273438,146.2150267878781,144.48553451864436,145.40402210693284,61421000
2021-10-22,145.28675842285156,146.74264548774926,145.23789985010384,146.26387023963363,58883400
2021-10-25,145.23793029785156,145.95121789896433,144.24127186112185,145.2770082185162,50720600
2021-10-26,145.90234375,147.38754297777294,145.5994265625498,145.91210950073977,60893400
2021-10-27,145.44308471679688,146.30293288736218,145.09132390307514,145.94140632392705,56094900
2021-10-28,149.0779266357422,149.6641846605071,146.2931525621037,146.39086968766787,100077900
2021-10-29,146.37135314941406,146.5081482073945,143.0589446865979,143.85040287273776,124953200
2021-11-01,145.55055236816406,146.27360541935798,144.41709931929685,145.57986452377787,74588300
2021-11-02,146.58628845214844,148.10081443519022,145.2476354029817,145.25741606122364,69122000
2021-11-03,148.02267456054688,148.49168405814817,146.3908996149076,146.9478455977698,54511500
2021-11-04,147.50479125976562,148.94113176601576,147.192108353955,148.11059575284676,60394600
2021-11-05,148.03317260742188,148.9334254421716,146.83935549516048,148.6300811635526,65463900
2021-11-08,147.2112274169922,148.31697989696048,146.93723803048172,148.16041026715402,55020900
2021-11-09,147.57327270507812,148.17996131979666,146.8393694074151,146.97636409239348,56787900
2021-11-10,144.7453155517578,146.9078907486886,144.67682566721112,146.8002509889988,65187100
2021-11-11,144.69638061523438,146.22289720379737,144.51045604306032,145.76299817171153,41000000
2021-11-12,146.77090454101562,147.17209373098063,144.3147648635999,145.24437287945577,63804000
2021-11-15,146.78070068359375,148.62035691017905,146.22292685396968,147.14275496726236,59222800
2021-11-16,147.75918579101562,148.23867461686362,146.1348097014568,146.72193826652372,59256200
2021-11-17,150.19578552246094,151.67337235529826,147.7494408070529,147.7592208106454,88807000
2021-11-18,154.48175048828125,155.26458367795593,149.76520627698585,150.41104477831504,137827700
2021-11-19,157.10426330566406,157.56417731455713,153.17053675502055,154.26649442831288,117305600
2021-11-22,157.5641632080078,162.14371301680876,157.54458827093626,158.20998681834752,117467900
2021-11-23,157.94580078125,158.32742995233392,155.64623082003743,157.6620164381372,96041900
2021-11-24,158.4644317626953,158.66013635871653,156.2137915801923,157.2999692591092,69463600
2021-11-26,153.44447326660156,157.00634940799142,153.0041343483588,156.14524650358064,76959800
2021-11-29,156.8009033203125,157.73051124922804,155.38201155737082,155.9495652762871,88748200
2021-11-30,161.75230407714844,161.9675835913138,156.48776584559891,156.55627065978888,174048100
2021-12-01,161.23367309570312,166.6449857878265,160.99881865483053,163.88550209995378,152052500
2021-12-02,160.2453155517578,160.67587449430678,154.41323968804676,155.3330674414379,136739200
2021-12-03,158.36656188964844,161.41961013164072,156.29206642790317,160.49978216462458,118023100
2021-12-06,161.7718505859375,164.27690456731682,160.75416307393996,160.76394307511896,107497000
2021-12-07,167.506103515625,167.89752761795768,164.72705957992557,165.4511829707639,120405400
2021-12-08,171.32240295410156,172.18352101189242,167.03640253357247,168.43571937748263,116998900
2021-12-09,170.81356811523438,172.95656843850207,170.18730447599066,171.15606234208923,108923700
2021-12-10,175.59860229492188,175.77474686026093,170.9407678198788,171.4496116481563,115402700
2021-12-13,171.96823120117188,178.22108688608395,171.76273170193855,177.23275419312068,153237000
2021-12-14,170.58848571777344,173.92530298904865,168.51399049049428,171.48873864529648,139380400
2021-12-15,175.4518585205078,175.6475631254731,168.6118728318842,171.3517820953112,131063300
2021-12-16,168.56289672851562,177.25231617436867,167.08531019517628,175.43223547777242,150185800
2021-12-17,167.46693420410156,169.74692873915046,166.04805758616632,166.28289706807027,195432700
2021-12-20,166.10679626464844,166.91898445345717,163.8659512088188,164.66834446331637,107499100
2021-12-21,169.2772674560547,169.48275204230814,165.49031583648394,167.8779505711604,91185900
2021-12-22,171.870361328125,172.08564081700152,168.4552593739479,169.32615733120278,92135300
2021-12-23,172.4966278076172,173.0544014741378,171.50831008728667,172.07586375572322,68356600
2021-12-27,176.4597625732422,176.5478274113467,173.26973400991258,173.28929401973235,74919600
2021-12-28,175.44203186035156,177.43825729141835,174.69834852343934,176.29336988152778,79144300
2021-12-29,175.5301055908203,176.7532777728696,174.316713410959,175.48117571727812,62348900
2021-12-30,174.3754425048828,176.69458737092964,174.26780274374727,175.61818975957434,59773000
2021-12-31,173.75897216796875,175.38333364161016,173.45561289396153,174.26780109643352,64062300
2022-01-03,178.1036376953125,178.95497562988,173.89593761791699,174.0133573614573,104487900
2022-01-04,175.84327697753906,179.01374549739828,175.27572314138067,178.7104011040544,99310400
2022-01-05,171.1658172607422,176.3031403228598,170.8918278919333,175.75516158524204,94537600
2022-01-06,168.3085174560547,171.53769548653034,167.95624321761545,168.99349099432447,96904000
2022-01-07,168.47486877441406,170.40258963561612,167.35933616352636,169.1794172582698,86709100
2022-01-10,168.49444580078125,168.79779016511287,164.56071920573362,165.45119229098708,106765600
2022-01-11,171.32240295410156,171.4202477771128,167.15383722500894,168.62164395189677,76138300
2022-01-12,171.7627716064453,173.3773533119361,171.06801799743715,172.34010543507006,74805200
2022-01-13,168.49444580078125,172.8293615927784,168.1030216763988,172.00739332853072,84505800
2022-01-14,169.35556030273438,170.05031384521072,167.41804452412237,167.66267899736397,80440800
2022-01-18,166.1557159423828,168.83689986985863,165.77408681023036,167.82900716362772,90956700
2022-01-19,162.66232299804688,167.40823697043027,162.3785536255594,166.35141442818917,94815000
2022-01-20,160.97926330566406,166.0383024176851,160.65634400941124,163.39625309442948,91420500
2022-01-21,158.92433166503906,162.76019814543096,158.81669190708894,160.89118731707072,122848900
2022-01-24,158.1512451171875,158.81665846201457,151.37976658921312,156.58559388643394,162294600
2022-01-25,156.35073852539062,159.26677642977702,153.64998009025078,155.56790544915762,115798400
2022-01-26,156.26271057128906,160.8618354481178,154.43284958250229,159.99093736491258,108275300
2022-01-27,155.8027801513672,160.3236197319786,154.88295228679408,158.9634528706825,121954600
2022-01-28,166.67433166503906,166.69390660020625,159.30594382680772,162.15349217595866,179935700
2022-01-31,171.02883911132812,171.24411862639118,165.87194061535732,166.5079991576081,115541600
2022-02-01,170.86248779296875,171.08754730875657,168.61184784118433,170.2753591337895,86213900
2022-02-02,172.06610107421875,172.10525095182186,169.6099763158955,170.99949834473722,84914300
2022-02-03,169.1891632080078,172.45749049022623,168.42590499267487,170.7352545735362,89418100
2022-02-04,168.9050750732422,170.5805134014752,167.22963674500915,168.20942139418403,82465400
2022-02-07,168.18983459472656,170.43353483823722,167.49418092340588,169.36557317059368,77251200
2022-02-08,171.29574584960938,171.80523803495097,167.96446919200875,168.25840756625686,74829200
2022-02-09,172.71644592285156,173.0789614781724,171.36433825115836,172.49109962767872,71285000
2022-02-10,168.6405029296875,171.93257943938036,168.08203354026793,170.6196718007765,90865900
2022-02-11,165.23085021972656,169.58109560057568,164.64297356543503,168.84625725787345,98670700
2022-02-14,165.46600341796875,166.1518495458794,163.19289630795137,163.98651932384257,86185500
2022-02-15,169.29696655273438,169.45373566949445,166.80832036305304,167.5137664381475,62527400
2022-02-16,169.06179809570312,169.83582117930217,166.61233714082573,168.3759520184021,61177400
2022-02-17,165.46600341796875,168.43474911832254,165.06428820364812,167.57253401447812,69589300
2022-02-18,163.91796875,167.0924613280084,162.83040723152354,166.3870301609273,82772700
2022-02-22,160.99822998046875,163.32031494834902,158.87208401329053,161.6448765238355,91162800
2022-02-23,156.83413696289062,162.79121451131508,156.52059869701176,162.19354527351996,90009200
2022-02-24,159.45016479492188,159.5579417081335,148.92727191069304,149.4955488212337,141147500
2022-02-25,161.5174560546875,161.78198706491756,157.61790357800902,160.5278642931215,91974200
2022-02-28,161.78199768066406,162.07593599497437,159.14637521454355,159.76364417956287,95056600
2022-03-01,159.9008331298828,163.23210951924372,158.69570233786408,161.37050993245586,83474400
2022-03-02,163.19288635253906,163.97671685818776,159.6558640904533,161.06675601055625,79724800
2022-03-03,162.86959838867188,165.4954290281514,162.20335200198932,165.06432138955572,76678400
2022-03-04,159.87144470214844,162.20333673673338,158.82308299816066,161.16476749621853,83737200
2022-03-07,156.0796661376953,161.68403439715155,155.82491261205914,160.05758861933697,96418800
2022-03-08,154.25729370117188,159.58732445146612,152.65044751471495,155.6094012673305,131148300
2022-03-09,159.65589904785156,160.10660654613918,156.1874681101056,158.2156144765831,91454900
2022-03-10,155.31544494628906,157.14763719865718,152.82678391494153,156.9614757494235,105342000
2022-03-11,151.60202026367188,156.0600418102309,151.37667406119195,155.71711132575638,96970100
2022-03-14,147.57513427734375,151.0043799732345,147.06565710961667,148.38835719355112,108732100
2022-03-15,151.95481872558594,152.42512618664787,147.34004076017698,147.8495180841667,92964300
2022-03-16,156.36378479003906,156.76549997179433,151.3375011134131,153.875139056129,102300200
2022-03-17,157.3730010986328,157.74532403885397,154.4434546489776,155.40363939181822,75615400
2022-03-18,160.6650390625,161.15493125437885,156.53034776701656,157.26518605483486,123511700
2022-03-21,162.03677368164062,162.9871658912754,159.71467413165345,160.2045664067095,95811400
2022-03-22,165.4072265625,165.9950882926474,161.5762655771906,162.164127307338,81532000
2022-03-23,166.76913452148438,169.15000379737148,164.2608735199057,164.5940116285297,98062700
2022-03-24,170.5511016845703,170.61967882805246,166.76913277034842,167.60194065734933,90131400
2022-03-25,171.18792724609375,171.73660410420254,169.2577508307534,170.36491195893058,80546200
2022-03-28,172.0501708984375,172.1775327221898,168.52294058057433,168.6895021580393,90371900
2022-03-29,175.34225463867188,175.39123190730578,172.77520887835874,173.11813946075333,100589400
2022-03-30,174.17630004882812,175.979099995584,173.12792342578476,174.94053078604693,92633200
2022-03-31,171.08016967773438,174.4310308254092,170.8744083575564,174.2448693810398,103049300
2022-04-01,170.78627014160156,171.3447546015878,168.4641851666293,170.51193161925582,78751300
2022-04-04,174.83274841308594,174.8817406281064,170.9136104166494,171.0409871856376,76468400
2022-04-05,171.52105712890625,174.695564012496,170.89399570193683,173.9117334912033,73401800
2022-04-06,168.35638427734375,170.11999949152553,166.69075350018778,168.87566890286308,89058800
2022-04-07,168.6600799560547,169.85541807711806,166.41638033883945,167.69989546465595,77594700
2022-04-08,166.6515655517578,168.30740398265033,165.7795578216243,168.30740398265033,76575500
2022-04-11,162.39927673339844,165.61296861541499,162.1543306146452,165.29944535757966,72246700
2022-04-12,164.2707061767578,166.43602198876223,163.27132159796375,164.62342926631288,79265200
2022-04-13,166.95529174804688,167.58235330112555,163.39868377604554,164.00614545081112,70618900
2022-04-14,161.9486083984375,167.807731737905,161.7036622205432,167.17086270518294,75329400
2022-04-18,161.73306274414062,163.23213209405864,160.26338573831293,160.6063014028095,69023900
2022-04-19,164.0159149169922,164.4274375522312,160.59647667199232,161.6840380358106,67723800
2022-04-20,163.84938049316406,165.46603411276996,162.7422340206999,165.34844979022682,67929800
2022-04-21,163.0557403564453,168.06243992326603,162.55605562621574,165.49540922825548,87227800
2022-04-22,158.51931762695312,164.47640880332085,158.23518671810965,163.09492410815207,84882400
2022-04-25,159.5873260498047,159.87145701566283,155.25667975939896,157.8628955248933,96046400
2022-04-26,153.63021850585938,159.0582182667308,153.55183394880203,158.9700412464134,95623200
2022-04-27,153.40489196777344,156.55978483050606,152.2389458259476,152.75823050166923,88063200
2022-04-28,160.33193969726562,161.19415486672693,155.717147988404,156.030686213781,130216800
2022-04-29,154.4630126953125,162.84017274008735,154.0711048951049,158.5683119363977,131747600
2022-05-02,154.76678466796875,155.0313157503038,150.17159242252777,153.5420538968097,123055300
2022-05-03,156.25599670410156,157.46114216293424,153.15988966395724,154.95288178500678,88966500
2022-05-04,162.66383361816406,163.1145261346623,156.04048055543203,156.44219580516028,108256500
2022-05-05,153.600830078125,160.76305283929582,151.8176149978829,160.53770657596968,130525300
2022-05-06,154.32696533203125,156.4464135318445,151.28516384309762,153.08080620913702,116124600
2022-05-09,149.2049560546875,152.90417564451926,148.64566602154656,152.0210648420898,131577900
2022-05-10,151.6089324951172,153.79707304983472,150.05859659800515,152.59997843272657,115366700
2022-05-11,143.74932861328125,152.53128118939546,143.07228159830737,150.61789721596364,142689800
2022-05-12,139.88330078125,143.45495579096956,136.19390367446763,140.08936442340104,182602000
2022-05-13,144.34788513183594,145.31930242919321,140.422988536555,141.8751960845671,113990900
2022-05-16,142.80734252929688,144.7501769403197,141.4728772141811,142.8171643521235,86643800
2022-05-17,146.43789672851562,146.95794432736452,143.92595034164182,146.06502676243824,78336300
2022-05-18,138.1759796142578,144.59317839270622,137.27324030149254,144.09275951105042,109742900
2022-05-19,134.77114868164062,139.00022255113117,134.03523053806913,137.25364468817165,136095600
2022-05-20,135.00662231445312,138.0582299092985,130.1201304167111,136.47845848613497,137426100
2022-05-23,140.4229736328125,140.57015125059797,135.0654837610607,135.20285452842407,117726300
2022-05-24,137.724609375,139.3043807072169,134.75150167714628,138.1661572066265,104132700
2022-05-25,137.88160705566406,139.12775081330722,135.7425308510417,135.83083742178036,92482700
2022-05-26,141.0803680419922,141.6298510183434,134.56504208814962,134.81034805775556,90601500
2022-05-27,146.8303985595703,146.86964094239937,142.5326314835253,142.66019542923442,90978500
2022-05-31,146.04537963867188,147.8312145429356,144.08293159739236,146.2710719434681,103718400
2022-06-01,145.9178466796875,148.8909545900905,144.90717205322113,147.08549081541827,74286600
2022-06-02,148.37091064453125,148.42978169809749,144.10257959347064,145.05436821890447,72348100
2022-06-03,142.65036010742188,145.19172685572278,141.7476357595722,144.14180991397814,88570300
2022-06-06,143.3960723876953,145.78045445382116,142.17934925780943,144.2693611343495,71598400
2022-06-07,145.9178466796875,146.20239508903217,141.39440285018887,141.63970888221743,67808200
2022-06-08,145.181884765625,147.05601090574325,144.69127284964156,145.79023875031248,53950200
2022-06-09,139.9617919921875,145.17208908244996,139.85385675234653,144.3184289860741,69473000
2022-06-10,134.55523681640625,138.11706935567418,134.48654395741318,137.64608608075142,91437900
2022-06-13,129.4038543701172,132.6615109809625,128.97211331960065,130.37525676148604,122207100
2022-06-14,130.26730346679688,131.3760914682962,129.01133784221852,130.63036655754385,84784300
2022-06-15,132.88717651367188,134.7613181921413,129.67858439406757,131.76858160626196,91533000
2022-06-16,127.61800384521484,129.90425779121338,126.61715107258264,129.60008071626916,108123900
2022-06-17,129.08984375,130.58130861525225,127.37270152778396,127.62782938306579,134520300
2022-06-21,133.31893920898438,134.48659850718005,130.8168292526159,130.91494269803155,81000500
2022-06-22,132.8087158203125,135.17345501908306,131.39575042395327,132.25921763216581,73409200
2022-06-23,135.67384338378906,135.98782727058793,133.08341268546732,134.2510716127321,72433800
2022-06-24,139.00018310546875,139.24548908371264,137.14567050883647,137.273219436367,89116800
2022-06-27,139.00018310546875,140.7958246628887,138.3231362099494,140.0206493871563,70207900
2022-06-28,134.85943603515625,140.72715167094702,134.74169394010806,139.46137923230657,67083400
2022-06-29,136.61581420898438,138.02877917366496,134.10388314834785,134.87905849783044,66242400
2022-06-30,134.15293884277344,135.77195236171494,131.25833120197146,134.67298633539292,98964500
2022-07-01,136.3214111328125,136.42934634636708,133.1128201860554,133.4856750373731,71051600
2022-07-05,138.90203857421875,138.95110275862027,134.35896759426166,135.18320696426093,73353800
2022-07-06,140.23655700683594,141.41402301996357,138.4311081218874,138.69604284083624,74064300
2022-07-07,143.60215759277344,143.79839942455877,140.58979232323185,140.5995991745189,66253700
2022-07-08,144.27920532226562,144.77963926575595,142.27751446518533,142.53262737695925,64547800
2022-07-11,142.14990234375,143.886672848055,141.08037188051733,142.93488446230452,63141600
2022-07-12,143.121337890625,145.66270453987497,142.32654882035914,143.0232094985196,77588800
2022-07-13,142.75828552246094,143.700252180436,139.4515504526769,140.30522551606126,71185600
2022-07-14,145.6823272705078,146.15331059436355,140.56033683517074,141.37475454509644,78140700
2022-07-15,147.35043334960938,148.0274804295402,145.41742051675783,146.96775651820843,76259900
2022-07-18,144.3086395263672,148.7241480973096,143.9455764182645,147.9097302753274,81420900
2022-07-19,148.16481018066406,148.39048748737392,144.15160798832517,145.1426387458673,82982400
2022-07-20,150.16651916503906,150.8337592919261,147.54665279809592,148.2825708215841,64823400
2022-07-21,152.4331512451172,152.64902171844827,149.0871738807754,151.59910487340264,65086600
2022-07-22,151.19683837890625,153.34572184345396,150.5296130875675,152.47243287549966,66675400
2022-07-25,150.0782012939453,152.1289557716175,149.4207830391442,151.11829629325123,53623900
2022-07-26,148.75355529785156,150.21556938623502,147.96857315136768,149.4011517193333,55138700
2022-07-27,153.84609985351562,154.37596918243503,149.30304304810883,149.7151553193297,78620700
2022-07-28,154.3956298828125,154.68017830567564,151.51082841353704,154.03256675700305,81378700
2022-07-29,159.45872497558594,160.55770616166393,156.50524578988953,158.21258113398608,101786900
2022-08-01,158.47750854492188,160.5184565925083,157.86915435741844,157.98689646537588,67829400
2022-08-02,157.0056610107422,159.36060780651525,156.63280603827062,157.0939825576486,59907000
2022-08-03,163.01077270507812,163.46212742924678,157.73178199101062,157.82008857109244,82507500
2022-08-04,162.69677734375,164.05087149041262,161.3426831970874,162.8930191834261,55474100
2022-08-05,162.4707794189453,162.96207295817032,160.1616937873522,160.36804367078585,56697000
2022-08-08,161.9991455078125,164.88795425048374,161.34081388850365,163.47302629545368,60276900
2022-08-09,162.04823303222656,162.93257025599664,160.40731467514888,161.16391080154307,63135500
2022-08-10,166.29302978515625,166.3912794896035,163.99376480339055,164.76018146628317,70170500
2022-08-11,165.5560760498047,168.01254335724568,165.26129697429445,167.0987297224726,57149200
2022-08-12,169.10324096679688,169.1720142653812,166.45024387983412,166.86294364369544,68039400
2022-08-15,170.17425537109375,170.37076978453467,168.36629877849532,168.53333677957454,54091700
2022-08-16,170.01707458496094,170.685241726762,168.67093481923743,169.77142776680165,56377100
2022-08-17,171.51058959960938,173.08272003979997,169.56507124556938,169.76158567645695,79542000
2022-08-18,171.1175537109375,171.85449410589086,170.10549010131544,170.7245248308653,62290100
2022-08-19,168.53334045410156,170.71468497495962,168.32699056998192,170.01704154998163,70346300
2022-08-22,164.65213012695312,166.9022480242965,164.22960987091767,166.73521001384654,69026800
2022-08-23,164.3180389404297,165.77227866474297,163.74813661491604,164.17065687050786,54147100
2022-08-24,164.61277770996094,165.18267989573337,163.35506771138927,164.40644286266408,53841500
2022-08-25,167.0692596435547,167.1773448089003,165.4185207470986,165.84102594330326,51218200
2022-08-26,160.7708740234375,168.07150295198872,160.71192120457525,167.59986540800332,78961000
2022-08-29,158.56988525390625,160.06340660842702,157.03705202563728,158.34387946257124,73314000
2022-08-30,156.1428985595703,159.72933499269527,154.9736176696823,159.30682979347176,77906200
2022-08-31,154.48233032226562,157.78382326299328,154.403721562595,157.51852057324083,87991100
2022-09-01,155.2094268798828,155.66140843899763,151.97670771690994,153.91240502902684,74229900
2022-09-02,153.0968780517578,157.56765189981036,152.2715085702032,156.9682732301626,76957800
2022-09-06,151.83917236328125,154.35459275815265,151.0138028574181,153.7453935980758,73714800
2022-09-07,153.24429321289062,153.9419216691413,150.93520749298594,152.1241445003408,87449600
2022-09-08,151.7703857421875,153.63729493578492,150.0213671908206,151.9472441951636,84923800
2022-09-09,154.62973022460938,155.07190642293236,152.05535676886382,152.76282069447305,68028800
2022-09-12,160.58421325683594,161.39976240335073,156.5261384587271,156.81108213975503,104956000
2022-09-13,151.16116333007812,157.74449248447965,150.6993462930314,157.11563747555653,122656600
2022-09-14,152.6055908203125,154.3644300184662,150.9351958505273,152.0946413613245,87965400
2022-09-15,149.716796875,152.53683214610933,148.7440452074938,151.95709434204855,90481100
2022-09-16,148.07586669921875,148.71455728301882,145.78643705402317,148.57699569456918,162278800
2022-09-19,151.79005432128906,151.86866309017464,146.50374580326707,146.71008070263835,81474200
2022-09-20,154.1679229736328,155.32738364566532,150.41444773199837,150.72886783406594,107689800
2022-09-21,151.04330444335938,155.97589634819317,150.9253987780384,154.60026528272206,101696800
2022-09-22,150.08035278320312,151.7802241971407,148.28221666613402,149.72662084225365,86652500
2022-09-23,147.810546875,148.8324456934816,145.9731140864417,148.55732254844892,96029900
2022-09-26,148.14466857910156,151.0924300246352,147.03434030349507,147.0539962445305,93339400
2022-09-27,149.11741638183594,152.02588086273627,147.33893608818533,150.08036255735442,84442700
2022-09-28,147.23081970214844,148.01689223253555,142.317885128587,145.06913148839868,146691400
2022-09-29,139.9989776611328,144.16515152497595,138.2303182381293,143.55595244325275,128138200
2022-09-30,135.79356384277344,140.60825067888092,135.59704937852453,138.8199345701029,124925300
2022-10-03,139.96951293945312,140.57872706512543,135.2924042908768,135.80335372086685,114311700
2022-10-04,143.5559539794922,143.67385961125873,141.74798266491518,142.50457878595228,87830100
2022-10-05,143.85073852539062,144.81368463210958,140.51976901629106,141.56132388640066,79471000
2022-10-06,142.8976287841797,144.97088807825529,142.69129389793306,143.27101666436323,68402200
2022-10-07,137.65060424804688,140.60820060654387,137.02174919053795,140.05793931227225,85925600
2022-10-10,137.97486877441406,139.4192729060871,136.15709176712548,137.97486877441406,74899000
2022-10-11,136.55992126464844,138.88866238055874,135.81316062854552,137.4638994009055,77033700
2022-10-12,135.9310760498047,137.9159059012539,135.7542175942047,136.70732814205923,70433700
2022-10-13,140.50013732910156,141.08968060374895,132.03022618093473,132.6394403890868,113224000
2022-10-14,135.9704132080078,142.00349764686453,135.78371925254498,141.79714775053986,88598000
2022-10-17,139.9302215576172,140.41167960335844,137.82748592791265,138.61355854500806,85250900
2022-10-18,141.24688720703125,144.1455159806622,138.1615644966325,142.95659405664904,99136600
2022-10-19,141.35496520996094,142.42598143245377,139.03605931008337,139.22275323737964,61758300
2022-10-20,140.89317321777344,143.3496411342512,140.16605331698352,140.52962076392365,64522000
2022-10-21,144.70559692382812,145.27549920361895,140.1660346242772,140.38220497154572,86548600
2022-10-24,146.84765625,147.6140730780798,143.45773335763306,144.6270145421138,75981900
2022-10-25,149.68731689453125,149.83471395703802,146.75921150175503,147.476495894735,74732300
2022-10-26,146.74937438964844,149.34340346890698,145.4621728259598,148.33134005875115,88194300
2022-10-27,142.2786102294922,146.45460526216635,141.6202786941001,145.49167413504986,109180200
2022-10-28,153.028076171875,154.7574235710954,145.24599038575582,145.61936318066134,164762400
2022-10-31,150.66990661621094,151.55424402730603,149.27463469355658,150.49304812984573,97943200
2022-11-01,148.02674865722656,152.7431699919974,146.5332269791364,152.37961754304112,80379300
2022-11-02,142.50460815429688,149.5202795588878,142.47513174028055,146.35634784769096,93604600
2022-11-03,136.46168518066406,140.3134243600425,136.33394407491397,139.58630459413143,97918500
2022-11-04,136.19598388671875,140.41826915811382,132.25911500159168,139.84742136761483,140814800
2022-11-07,136.72744750976562,136.95381325392813,133.52874170596672,134.94601683421618,83374600
2022-11-08,137.29827880859375,139.19781051108808,135.32000793975288,138.19391993058036,89908500
2022-11-09,132.74136352539062,136.36329048249235,132.4657839221066,136.31407662091405,74917800
2022-11-10,144.5519561767578,144.5519561767578,137.2982811810409,139.0108242882595,118854000
2022-11-11,147.3372802734375,147.64238513720315,142.0914019190675,143.5185285677149,93979700
2022-11-14,145.93971252441406,147.90814675324938,145.10312196997452,146.61882473623606,73374100
2022-11-15,147.67189025878906,151.16586309626985,146.2152535189844,149.8174908111913,89868300
2022-11-16,146.44163513183594,147.50459125268796,144.96530968920132,146.77628031248196,64218300
2022-11-17,148.3411865234375,149.0891860323431,143.8433076526517,144.11888720950952,80389400
2022-11-18,148.90220642089844,150.28995621048665,147.6030475887024,149.90611212166033,74829600
2022-11-21,145.6739501953125,147.99670287508093,145.3885338782466,147.790025718782,58724100
2022-11-22,147.8096923828125,148.04590985414606,144.6109873377189,145.79205967642807,51804100
2022-11-23,148.6856689453125,149.43366845656658,146.98296272757275,147.09122719796105,58301400
2022-11-25,145.77239990234375,146.5302512983949,144.7980195359923,145.9692403249909,35195900
2022-11-28,141.9437713623047,144.32557460653223,141.11703271911014,142.84924916455952,69246000
2022-11-29,138.94192504882812,142.52447466230237,138.13487484288268,142.01267756953146,83763800
2022-11-30,145.69363403320312,146.3727461321645,138.33169544585772,139.16827084330671,111380900
2022-12-01,145.96920776367188,146.77627283984336,144.29604201746156,145.870795083282,71250400
2022-12-02,145.47711181640625,145.66411544857186,143.35119950014382,143.65631938407483,65447400
2022-12-05,144.31578063964844,148.53806604789014,143.46935320119442,145.437787707556,68826400
2022-12-06,140.6544647216797,144.97517704731527,139.68008441838234,144.74881132681773,64727200
2022-12-07,138.7155303955078,141.10717022124382,137.79036411926236,139.94580150371553,69721100
2022-12-08,140.39854431152344,141.25482328488022,138.8730200272998,140.1131279990439,62128300
2022-12-09,139.9163055419922,143.2724894333561,138.6761823933455,140.09345741010685,76097000
2022-12-12,142.20950317382812,142.21933993621704,138.83363144766497,140.44774653895632,70462700
2022-12-13,143.17404174804688,147.6030180487257,141.9634590975565,147.14043487810696,93886200
2022-12-14,140.94973754882812,144.34528354143862,138.93208948952125,143.05596154285573,82291200
2022-12-15,134.34561157226562,139.5619643292127,133.88302841156911,138.88285224146853,98931900
2022-12-16,132.38705444335938,135.47749595050237,131.61936620399007,134.53265581803083,160156900
2022-12-19,130.28082275390625,133.06615916355452,129.24740673369394,132.97758322204413,79592600
2022-12-20,130.2119140625,131.14691722297425,127.83994745250583,129.31627297471567,77432800
2022-12-21,133.31219482421875,134.6507305969255,130.65481182459862,130.88117753836192,85928000
2022-12-22,130.14305114746094,132.436279289867,128.24351894119835,132.2296020641105,77852100
2022-12-23,129.77883911132812,130.32999816428637,127.59387642427377,128.85367283616628,63814900
2022-12-27,127.97772216796875,129.33594629425505,126.68840043322825,129.30642098872343,69007800
2022-12-28,124.05070495605469,128.96194542125178,123.88338987714543,127.62340977201893,85438400
2022-12-29,127.56436920166016,128.42063320760047,125.71404389802797,125.9699349180437,75703700
2022-12-30,127.87930297851562,127.89899152283257,125.41876807644428,126.38330400552722,77034200
2023-01-03,123.09602355957031,128.8340031338152,122.21022673136561,128.22379338136977,112117500
2023-01-04,124.36565399169922,126.62935597280962,123.10585750129947,124.88728777203856,89113600
2023-01-05,123.04680633544922,125.75340309203497,122.79091532129203,125.12350481122068,80962700
2023-01-06,127.57418060302734,128.23360407647718,122.91883920565213,124.0211647576564,87754700
2023-01-09,128.0958709716797,131.30442886555136,127.83997988936822,128.41082770495254,70790800
2023-01-10,128.6666717529297,129.1883055110105,126.09786503081405,128.20408860626057,63896200
2023-01-11,131.3831329345703,131.4028064616691,128.40095662151043,129.1784814447806,69458900
2023-01-12,131.3043670654297,132.14094233575875,129.36545876543678,131.7669501634761,71379600
2023-01-13,132.63307189941406,132.7905502170586,129.58200833933589,129.94616380817476,57809700
2023-01-17,133.79444885253906,135.12313266732727,132.01301865225,132.7019674841355,63646600
2023-01-18,133.0759735107422,136.42230495988363,132.8988066595986,134.66056331872014,69672800
2023-01-19,133.13507080078125,134.0995994948706,131.65874493478267,131.96384987754826,58280400
2023-01-20,135.69400024414062,135.84164181281548,132.10161400912494,133.14488168206822,80223600
2023-01-23,138.88287353515625,141.0579999020067,135.72353008280908,135.94005904305521,81760300
2023-01-24,140.28045654296875,140.90051809732327,138.0856567013407,138.0954934654877,66435100
2023-01-25,139.62103271484375,140.18202862963406,136.61916767862735,138.6663409653264,65799300
2023-01-26,141.68788146972656,141.9732977828438,139.6603818984353,140.9103416541343,54105100
2023-01-27,143.6267852783203,144.9062704324847,140.82177572822627,140.90051489349364,70555800
2023-01-30,140.74305725097656,143.25281407268088,140.59543068062553,142.6721295386836,64015300
2023-01-31,142.0126495361328,142.0618633846007,140.03437897857034,140.4477482733763,65874500
2023-02-01,143.1346893310547,144.29607334830789,139.08957136310852,141.69774073810188,77663600
2023-02-02,148.43963623046875,148.79393998354684,145.83145179927072,146.54992610628193,118339000
2023-02-03,152.06153869628906,154.8960886893848,145.496812581912,145.6936529941079,154357300
2023-02-06,149.33522033691406,150.68360765070338,148.400217321163,150.16197391503306,69858300
2023-02-07,152.2091827392578,152.780030512787,148.26247720570987,148.26247720570987,83322600
2023-02-08,149.52224731445312,152.14026818212696,148.78408455222657,151.45131927430748,64120100
2023-02-09,148.4888153076172,151.89421276586904,148.04592065726195,151.35289040745275,56007100
2023-02-10,148.85353088378906,149.17882019931434,147.08909918660703,147.32567733632254,57450700
2023-02-13,151.65298461914062,152.0571182724141,148.7648180243575,148.79438841262413,62199000
2023-02-14,151.0122833251953,151.57415087909246,148.70570240485208,149.94770404483108,61707600
2023-02-15,153.11181640625,153.27938692145068,150.69680656582565,150.92351784628698,65573800
2023-02-16,151.5149688720703,154.09754945424802,151.16010920849044,151.31781291605773,68167900
2023-02-17,150.3715362548828,150.8151070910907,148.69581585093724,150.17439533222245,59144100
2023-02-21,146.35963439941406,149.13937074675135,146.29064185225675,148.05507322667935,58867200
2023-02-22,146.78353881835938,147.8086807909047,145.0585291708209,146.74410160351695,51011300
2023-02-23,147.26654052734375,148.19311959888688,145.13739706863274,147.946689634791,48394200
2023-02-24,144.61492919921875,145.08807039598366,143.6390613800591,145.00921102304162,55469600
2023-02-27,145.80767822265625,147.03982803359767,145.344388690471,145.6006854773172,44998500
2023-02-28,145.30494689941406,146.95109701970668,144.7332276594082,144.95008720013072,50547000
2023-03-01,143.23492431640625,145.12750429739225,142.9392054041828,144.73322244168676,55479000
2023-03-02,143.8263702392578,144.61494903595985,141.84506394442167,142.31822024697658,52238100
2023-03-03,148.8732452392578,148.95210462024477,145.2260853537234,145.9259379185379,70732300
2023-03-06,151.6332550048828,154.06798373466975,151.26854354881283,151.59381779613093,87558000
2023-03-07,149.4351043701172,151.83039589059405,148.9718149331636,151.50510660246357,56182000
2023-03-08,150.68699645996094,151.2784344169459,149.6618543808646,150.62785567244086,47204800
2023-03-09,148.4395294189453,152.33311931510104,148.08466971716794,151.36711819838627,53833600
2023-03-10,146.37939453125,148.78455331931613,145.50210448552664,148.0649820559655,68572400
2023-03-13,148.32127380371094,150.95314411845015,145.59082548311505,145.69925527320058,84457100
2023-03-14,150.4109649658203,151.2093955139033,147.95653254628945,149.11967456920323,73695900
2023-03-15,150.8052978515625,151.06157961922946,147.7791304398882,149.03099896531148,77167900
2023-03-16,153.62440490722656,154.22569446185167,149.4745187940127,149.98709719489494,76161100
2023-03-17,152.78659057617188,154.50174868510317,152.07687101667568,153.8511699154162,98944600
2023-03-20,155.15228271484375,155.5662982460434,151.94869352566715,152.85556893212473,73641400
2023-03-21,157.0054473876953,157.1237289497417,154.3045697408097,155.07344501678244,73938300
2023-03-22,155.57615661621094,159.82460651427928,155.5564380089166,157.0251659140942,75701800
2023-03-23,156.66043090820312,159.24302685232914,155.4282812343858,156.56186795883147,67622100
2023-03-24,157.96157836914062,158.0502895303303,155.59585715875076,156.59142861861952,59196500
2023-03-27,156.0197296142578,158.47417734472043,155.61558088418133,157.6560281012329,52390300
2023-03-28,155.39871215820312,156.22672817707905,153.7525619849842,155.714149696992,45992200
2023-03-29,158.47415161132812,158.7501519087846,157.0744315196879,157.09413508315754,51305700
2023-03-30,160.0414581298828,160.1498879032855,158.96702721945866,159.22330893800608,49501700
2023-03-31,162.54518127441406,162.64375926608275,159.59788883873148,160.120319104618,68749800
2023-04-03,163.79705810546875,163.91533966892132,161.87490749491164,161.92419649331373,56976200
2023-04-04,163.26475524902344,164.45746763773894,162.75217680448466,164.22090454094308,46278300
2023-04-05,161.42144775390625,162.69303455117807,159.489445623491,162.38746386000238,51511700
2023-04-06,162.30862426757812,162.60434321282244,159.686606015777,160.1104583059446,45390100
2023-04-10,159.7161865234375,159.7161865234375,157.79403581892626,159.11489681167845,47716900
2023-04-11,158.5037078857422,160.04142798920654,158.21784079111364,160.0315762083488,47644200
2023-04-12,157.81373596191406,159.7457382241708,157.49829842634344,158.9177372546322,50133100
2023-04-13,163.1957550048828,163.4323331532267,159.11487595150933,159.32188371142138,68445600
2023-04-14,162.85076904296875,163.94491858408577,161.48061917083933,162.23961256067847,49386500
2023-04-17,162.87045288085938,163.02817163401676,161.68759231395518,162.73245273206868,41516200
2023-04-18,164.09275817871094,165.019337094876,163.28446081239204,163.72804670609275,49923000
2023-04-19,165.2362060546875,165.7586363174907,163.17604035173306,163.43233711220313,47720200
2023-04-20,164.2701873779297,165.47276665465435,163.1957564794937,163.71818673436218,52456400
2023-04-21,162.66348266601562,164.07305473489896,162.14105238473394,162.69305305620966,58337300
2023-04-24,162.96900939941406,163.2351578802054,161.54957088970835,162.64372015419931,41949600
2023-04-25,161.43130493164062,163.93502612600452,161.39186772429704,162.8310249745858,48714100
2023-04-26,161.42144775390625,162.91974586384254,160.47516529354857,160.73144699304368,45498800
2023-04-27,166.0050811767578,166.15293313578908,162.8310621018307,162.8310621018307,64902300
2023-04-28,167.2569122314453,167.42449781718415,165.48262879614657,166.08391841749662,55275900
2023-05-01,167.16819763183594,168.0159171618742,166.23176694003394,166.86262693627947,52472900
2023-05-02,166.13319396972656,167.91735928630777,165.14747425578494,167.6610625345139,48425700
2023-05-03,165.05874633789062,168.47919460136384,164.7728942678528,167.07947455454496,65136000
2023-05-04,163.4224853515625,164.6546351492701,161.9636242025262,162.53534351356944,81235400
2023-05-05,171.0913848876953,171.8109560965244,168.32149974515366,168.5383592942621,113453200
2023-05-08,171.02235412597656,171.36736200944458,169.65220445536363,170.0169159017989,55962800
2023-05-09,169.31707763671875,171.06179068201072,169.14950709207488,170.57879765359286,45326900
2023-05-10,171.08151245117188,171.54480192353225,169.44521410372417,170.5492304195713,53724500
2023-05-11,171.26881408691406,172.09681510347738,169.71137500858376,171.36739208260082,49514700
2023-05-12,170.3409423828125,171.8116866019269,168.79121464447562,171.3773676163626,45533100
2023-05-15,169.847412109375,170.97268634600138,169.2551561693846,170.92332917405315,37266700
2023-05-16,169.847412109375,170.903583292935,169.58089543020992,169.76844364659667,42110300
2023-05-17,170.45941162109375,170.69630196545663,168.21872838992437,169.4920742376562,57951600
2023-05-18,172.78890991210938,172.97645812210007,170.35081330561755,170.76538642479474,65496700
2023-05-19,172.89752197265625,174.11163026725697,172.68036243226308,174.11163026725697,55809500
2023-05-22,171.94989013671875,172.45331220735133,171.2095777379714,171.73273062815065,43570900
2023-05-23,169.34397888183594,171.1404774028389,169.0675968111729,170.89370662105455,50747300
2023-05-24,169.620361328125,170.19287135053577,168.3174194294986,168.88004898113246,45143500
2023-05-25,170.75552368164062,171.65375792303627,169.47231254318322,170.18301363335365,56058300
2023-05-26,173.16400146484375,173.49962120538788,170.87397623432938,171.08127033696854,54835000
2023-05-30,175.00987243652344,176.6780456265802,174.28930584342234,174.6742677286896,55964400
2023-05-31,174.96051025390625,177.03339115324283,174.47683402760893,175.03947872320146,99625300
2023-06-01,177.76380920410156,177.79342049505456,174.64462268903534,175.40468096744894,68901800
2023-06-02,178.61268615722656,179.4319669478336,176.94451328757913,178.69165461361322,61996900
2023-06-05,177.26040649414062,182.56103856696868,175.74028990045602,180.27101332814428,121946500
2023-06-06,176.89517211914062,177.79340630920336,175.13815031318512,177.64534986625156,64848400
2023-06-07,175.5231475830078,178.86935913776645,175.02960596689772,176.135134367242,61944600
2023-06-08,178.2376251220703,178.50412674833163,175.1677956906412,175.60209965770608,50214900
2023-06-09,178.62258911132812,179.87617397731293,178.2968498358667,179.1556074319137,48900000
2023-06-12,181.416015625,181.51472997018058,178.63244881890137,178.92857679274874,54274900
2023-06-13,180.9422149658203,181.7713612206094,180.08345742062403,180.4388079672042,54929100
2023-06-14,181.57391357421875,182.00823250106723,179.66885062708653,181.00140363079947,57462900
2023-06-15,183.6073455810547,184.11076766616947,181.4061542027307,181.5838370156226,65433200
2023-06-16,182.53140258789062,184.57467180700263,181.88980460620309,184.31802056497352,101256200
2023-06-20,182.62026977539062,183.69620198313194,182.02802885230534,182.02802885230534,49799100
2023-06-21,181.58383178710938,183.015099412311,180.23151756348105,182.51167734169172,49515700
2023-06-22,184.58453369140625,184.63389085713814,181.29754526800113,181.36664831236425,51245300
2023-06-23,184.26869201660156,185.13733008755815,182.62026481317798,183.15329819733586,53117000
2023-06-26,182.8769073486328,185.6209974197008,182.83741558637178,184.4167547195407,48088700
2023-06-27,185.63092041015625,185.95665977222674,183.2717914500385,183.48895102475217,50730800
2023-06-28,186.80548095703125,187.4470789620611,185.17679982937508,185.5025240055518,51216800
2023-06-29,187.14109802246094,187.61490879718235,186.49949997485513,186.63769101872532,46347300
2023-06-30,191.46453857421875,191.96794560784363,188.78953634841974,189.1547673916645,85213200
2023-07-03,189.97402954101562,191.37568580561538,189.28305928715224,191.27697146600818,31458200
2023-07-05,188.85862731933594,190.48730854754436,188.15779163185775,189.09553270560195,46920300
2023-07-06,189.3324432373047,189.53973735512338,186.7561552507634,187.38788795320247,45094300
2023-07-07,188.21701049804688,190.1813114167851,187.7827065576724,188.9375920522482,46815000
2023-07-10,186.17373657226562,187.53591601497686,184.62400893826026,186.8153345366687,59922200
2023-07-11,185.65061950683594,186.85486227702734,184.18974051380027,186.71667122446578,46638100
2023-07-12,187.3188018798828,189.2238654174545,186.0355905787657,187.22995293607858,60750200
2023-07-13,188.07882690429688,188.72044002337208,187.32864909209994,188.03935020331573,41342300
2023-07-14,188.22686767578125,188.7105287268448,187.1805620612046,187.77280284934832,41616200
2023-07-17,191.48428344726562,191.81002272437502,189.33243414864154,189.42126802557274,50520200
2023-07-18,191.22763061523438,191.8198865800326,189.93455398917624,190.85254922844402,48288200
2023-07-19,192.57994079589844,195.66950100927124,190.16157487576123,190.6057743707706,80507300
2023-07-20,190.63540649414062,193.93226116956544,190.01353918252775,192.57008136763105,59581200
2023-07-21,189.46072387695312,192.4515843269373,188.75988828116408,191.59282688932564,71951700
2023-07-24,190.26028442382812,192.3923877240068,189.76674282999198,190.9117629424984,45377800
2023-07-25,191.1190643310547,191.9284798692301,190.42810903120733,190.83281680029503,37283200
2023-07-26,191.98768615722656,193.11296042478057,190.8229351880455,191.1684052777898,47471900
2023-07-27,190.72421264648438,194.65279947329122,190.06286872536143,193.48804855415668,47460200
2023-07-28,193.30050659179688,194.09017617119656,191.63233355900982,192.15548645475204,48291400
2023-07-31,193.91249084472656,193.95198260711592,192.7378594315981,193.52752900074864,38824100
2023-08-01,193.0833282470703,194.1888565133771,192.75758901252786,193.7051954277144,35175100
2023-08-02,190.0924835205078,192.65889079076135,189.37191700535638,192.52069974591456,50389300
2023-08-03,188.70069885253906,189.885195713569,188.22690312046603,189.09554118067888,61235200
2023-08-04,179.6392822265625,184.95966022717982,179.57017917093492,183.12368481919472,115956800
2023-08-07,176.53982543945312,180.76454006954836,175.05920073091434,179.7774569305225,97576100
2023-08-08,177.4775390625,177.9414693105031,175.2862134413724,177.36895932229305,67823000
2023-08-09,175.88836669921875,178.59296516430098,174.72360063232372,178.53374257918168,60378500
2023-08-10,175.6711883544922,178.41527829006225,175.30597241092943,177.1616784798233,54686900
2023-08-11,175.73049926757812,176.5508864753638,174.5048729038775,175.2659575562626,52036700
2023-08-14,177.3811798095703,177.60851131506328,175.25607590732963,175.90843422608452,43675600
2023-08-15,175.39443969726562,177.40092323969566,174.99907927707545,176.8078826094104,43622600
2023-08-16,174.52467346191406,176.47183969890867,174.45547708148473,175.07818417720551,46964900
2023-08-17,171.98439025878906,175.4537251155125,171.47040969711574,175.08801600845376,66062900
2023-08-18,172.46873474121094,173.07166917955516,169.96804315644715,170.30410101859755,61172200
2023-08-21,173.8031005859375,174.08974972921308,171.7274356199635,173.04203097276417,46311900
2023-08-22,175.17697143554688,175.62175563939851,174.2083279343983,175.00894251773767,42038900
2023-08-23,179.02195739746094,179.44698425379124,176.26428252624584,176.4520840384358,52722800
2023-08-24,174.3368377685547,179.0021629998802,173.97111355320405,178.57713623123834,54945800
2023-08-25,176.54098510742188,177.0747231196245,173.78331106065053,175.3252376314931,51449600
2023-08-28,178.10272216796875,178.49808262553688,176.48172016068384,178.00387451255935,43820700
2023-08-29,181.98715209960938,182.75811538578077,177.42067493043544,177.61835511729424,53003900
2023-08-30,185.4762725830078,185.67396786591692,182.5999932338842,182.79767343476072,60813900
2023-08-31,185.6937255859375,186.9292456956689,185.30824391498263,185.66407430986655,60794500
2023-09-01,187.26531982421875,187.7199827815663,186.09898099052413,187.29497110047913,45766500
2023-09-05,187.50254821777344,187.7793035443977,185.43676200045883,186.09899903788357,45280000
2023-09-06,180.7912139892578,186.66240873519862,179.36789222272253,186.21760937163043,81755800
2023-09-07,175.50314331054688,176.14562276256126,171.5297067502884,173.15070839406067,112488800
2023-09-08,176.11598205566406,178.15213198996554,175.7305003611282,176.2840260730559,65551300
2023-09-11,177.2823028564453,178.21141635408188,175.2856982178241,177.98408488615974,58953100
2023-09-12,174.25778198242188,178.04341790139725,172.79493020499618,177.4108321261293,90370200
2023-09-13,172.1919708251953,175.24617287306006,171.96462426919445,174.46531572894506,84267900
2023-09-14,173.7042236328125,174.0600539763531,171.569241571569,171.9843744586946,60895800
2023-09-15,172.98269653320312,174.45544195430384,171.806494041059,174.43566940930017,109259500
2023-09-18,175.90843200683594,177.3021024660386,174.12927983360214,174.4356864419302,67257600
2023-09-19,176.9956817626953,177.54919237650395,175.07815207769175,175.46363376102514,51826900
2023-09-20,173.4571533203125,177.61837681135137,173.36818440563272,177.18347129792434,58436200
2023-09-21,171.9152069091797,174.25776334751873,171.846025624082,172.5280351536478,63149100
2023-09-22,172.76524353027344,175.0287248458324,172.03382526857388,172.6466384244914,56725400
2023-09-25,174.04031372070312,174.92000347180993,172.13266274999066,172.1820865728236,46172700
2023-09-26,169.96803283691406,173.17049122867175,169.67150500159482,172.79490338049743,64588900
2023-09-27,168.45574951171875,171.0355161486817,167.09174554279588,170.6203831944849,66921800
2023-09-28,168.7127685546875,170.03724268196555,165.6783234920371,167.37840061261642,56294400
2023-09-29,169.2267303466797,171.06518493104676,168.36679806748614,170.02734498983367,51861100
2023-10-02,171.73731994628906,172.2809518891447,168.9499789385755,169.2366280911879,52164500
2023-10-03,170.40293884277344,171.61870157072957,168.84125459232132,170.26456118455488,49594600
2023-10-04,171.64833068847656,172.19196251916273,168.9894891655102,169.10809426237566,53020300
2023-10-05,172.88388061523438,173.41761872545223,170.67970163713667,171.77684421895017,48527900
2023-10-06,175.43397521972656,175.9281832590251,171.17388925206592,171.78671747657816,57266700
2023-10-09,176.91661071777344,176.9759132731787,173.76356081110382,174.76185568517045,42390800
2023-10-10,176.32357788085938,177.63817333039142,175.88867230873925,176.03694379852678,43698000
2023-10-11,177.7172088623047,177.76663268122664,175.5426965680271,176.13573714899445,47551100
2023-10-12,178.61668395996094,180.227791982292,176.96601576479657,177.98409824545533,56743100
2023-10-13,176.77822875976562,179.82253713140665,176.07644667980117,179.31845034069394,51427100
2023-10-16,176.64971923828125,177.00554962273654,174.46531311220224,174.7025383958498,52517000
2023-10-17,175.097900390625,176.35319301979084,172.7751316803463,174.60369235668924,57549400
2023-10-18,173.8031005859375,175.5229501994882,173.08156098457755,173.5461178040648,54764400
2023-10-19,173.427490234375,175.7799102245973,173.16061367257353,174.00075828264139,59302900
2023-10-20,170.87741088867188,173.38798159754705,170.6401855525277,173.2792552037354,64244000
2023-10-23,170.99600219726562,171.99429712738208,167.96155723103598,168.93021596381925,55980100
2023-10-24,171.43087768554688,171.65820914819068,169.46392436745393,171.04539603931104,43816600
2023-10-25,169.11801147460938,171.0552987076063,168.67321213575732,169.88897487497013,57157000
2023-10-26,164.956787109375,169.39478149468584,163.7509180796386,168.39647143119544,70625300
2023-10-27,166.27134704589844,167.00278034322866,164.8974493569631,164.9765244498122,58499100
2023-10-30,168.31736755371094,169.18717852998205,166.91381853056686,167.06208999172168,51131000
2023-10-31,168.79180908203125,168.92029290970513,165.9550448299652,167.38826013413149,44846000
2023-11-01,171.95474243164062,172.2117251766134,168.14933458405196,169.01914553939386,56934900
2023-11-02,175.5130615234375,175.7206204672586,173.42750286114074,173.4868054165182,77334800
2023-11-03,174.60372924804688,174.77177328727882,171.34196760053152,172.2216574835222,79829200
2023-11-06,177.15382385253906,177.35150406781844,174.16881791314302,174.33684685023218,63841300
2023-11-07,179.7138214111328,180.32663456302825,176.89682951103612,177.1043884447924,70530000
2023-11-08,180.77142333984375,181.32493395317235,179.4864793691692,180.23768527185777,49340300
2023-11-09,180.29701232910156,181.9871956757889,179.70395654448856,180.84064428465763,53763500
2023-11-10,184.4834747314453,184.65174012268164,181.64298820237886,182.07846664625706,66133400
2023-11-13,182.89993286132812,184.1172820619318,182.31600272709323,183.9094496896321,43627500
2023-11-14,185.51280212402344,186.17591157835597,184.38452385663774,185.77012344749633,60108400
2023-11-15,186.07693481445312,187.55162053928348,185.84930383072194,185.91859136162876,53790500
2023-11-16,187.7594757080078,188.9966236513369,186.7103615664657,187.6209157424311,54412900
2023-11-17,187.7396697998047,188.42257785422723,186.63119011836693,188.29390964052354,50922700
2023-11-20,189.48158264160156,189.93685974559065,187.92773262314063,187.93762437034974,46505100
2023-11-21,188.6798858642578,189.55084275358138,187.78914548337832,189.44197314241592,38134500
2023-11-22,189.343017578125,190.94635649331246,188.8679569924961,189.52117473642568,39617700
2023-11-24,188.0167694091797,188.93720009481962,187.30417109040621,188.90750975669584,24048300
2023-11-27,187.838623046875,188.7095799535061,186.95777439426936,187.9672912540552,40552600
2023-11-28,188.4423828125,189.11539919710927,187.45266438364885,187.8287622192218,38415400
2023-11-29,187.42294311523438,190.11497800569174,187.02706184977393,188.93721085337887,43014200
2023-11-30,187.99700927734375,188.36321535895866,186.2551103094808,187.88813964798328,48794400
2023-12-01,189.27374267578125,189.5904446947665,187.28439912721964,188.37309535289532,45704800
2023-12-04,187.48233032226562,188.09596593756666,185.52269231677565,188.02667840765253,43389500
2023-12-05,191.4313201904297,192.40123993854135,188.22462732075607,188.25433276481266,66628400
2023-12-06,190.3426513671875,192.75755159573393,190.1348038567878,192.4507413057332,41089700
2023-12-07,192.2725830078125,192.99507315570867,191.59956669458757,191.63916388460834,47477700
2023-12-08,193.69781494140625,193.97493491420028,191.67878073744305,192.20333033608216,53406400
2023-12-11,191.19375610351562,191.50058143348204,189.45185749474888,191.12448368196934,60943700
2023-12-12,192.7080535888672,192.71794533501543,189.748790485074,191.09480795445688,52696900
2023-12-13,195.92465209960938,195.96423418895137,192.8466274130704,193.08415015292962,70404200
2023-12-14,196.07310485839844,197.567574144968,194.14315707722483,195.98403383047588,66831600
2023-12-15,195.53863525390625,196.36008808380646,194.97448862167192,195.49903806818725,128538400
2023-12-18,193.8759307861328,194.6083278162061,192.39135323196817,194.07387143964067,55751900
2023-12-19,194.91513061523438,194.92502236186388,193.87592334681435,194.1431515248431,40714100
2023-12-20,192.82681274414062,195.64750075817219,192.82681274414062,194.87552171417178,52242800
2023-12-21,192.6783447265625,195.0536776254948,191.51048442189503,194.08375795359612,46482500
2023-12-22,191.60946655273438,193.40085423729087,190.98593919883143,193.17320815773428,37149600
2023-12-26,191.0651397705078,191.8964996004414,190.84740051477698,191.6193796571302,28919300
2023-12-27,191.16407775878906,191.51048519395766,189.12526053943682,190.51087517820892,48087700
2023-12-28,191.58969116210938,192.65858885458314,191.18390299052217,192.14393105407996,34049900
2023-12-29,190.5504608154297,192.40122918172025,189.758683164504,191.9063700376295,42672100
2024-01-02,183.73130798339844,186.5025222946912,181.99930092657837,185.22577720716953,82488700
2024-01-03,182.35562133789062,183.9688672168001,181.5440449736598,182.32593099304364,58414500
2024-01-04,180.0396728515625,181.2075332827541,179.02026413555495,180.277195595857,71983600
2024-01-05,179.31716918945312,180.88092604513352,178.31755906038765,180.11885376441708,62379700
2024-01-08,183.65213012695312,183.6917273170526,179.63387614033877,180.21780632812883,59144500
2024-01-09,183.23643493652344,183.24632668227045,180.8512103460259,182.0289774717032,42841800
2024-01-10,184.27565002441406,184.48348240733844,182.02898528742006,182.45457200324566,46792900
2024-01-11,183.6818084716797,185.12680377786887,181.73206228896322,184.6220377994394,49128400
2024-01-12,184.00843811035156,184.82001442518902,183.28594792653803,184.14699807850627,40477800
2024-01-16,181.7419891357422,182.3655014396163,179.06973745492456,180.28710192352952,65603000
2024-01-17,180.80174255371094,181.04917214343425,178.44622312883942,179.40625114511818,47317400
2024-01-18,186.69058227539062,187.1953332109462,183.9193677995691,184.17668914088887,78005800
2024-01-19,189.59043884277344,189.97642838325277,186.8786203129096,187.38337121910467,68903000
2024-01-22,191.89649963378906,193.32169654358245,190.28325381202234,190.32285100501898,60133900
2024-01-23,193.1732177734375,193.73736447446063,191.83710707958323,193.01487431695855,42355600
2024-01-24,192.50022888183594,194.36090430723632,192.34187031331157,193.4107679979945,53631300
2024-01-25,192.17361450195312,194.2520291241628,191.1245154438125,193.21282181305796,54822100
2024-01-26,190.4416046142578,192.75754194727924,189.9665440310004,192.2725896171282,44594000
2024-01-29,189.75869750976562,190.22386634852867,187.63080907007364,190.03581744325376,47145600
2024-01-30,186.10659790039062,189.82794788197626,185.54246639690817,188.97678965234772,55859400
2024-01-31,182.50405883789062,185.17631048108575,182.45458500160478,185.11691469411622,55467800
2024-02-01,184.93873596191406,185.02780697184838,181.92999940067185,182.0982496756258,64885400
2024-02-02,183.93914794921875,185.40392677166545,177.4070012757119,178.01073002917815,102551700
2024-02-05,185.7503204345703,187.30418539055444,183.9292424150712,186.21548923655902,69668800
2024-02-06,187.35365295410156,187.3635446991359,184.84966718743948,184.93873819845098,43490800
2024-02-07,187.4625244140625,189.08566162792087,186.67074684834847,188.67987354898102,53439000
2024-02-08,186.3837432861328,187.5911856262693,185.42371540021887,187.44273393335544,40962000
2024-02-09,187.1468048095703,188.2765227675386,186.30446474496694,186.9485964735415,45155200
2024-02-12,185.46214294433594,186.9684387436886,185.10538907399385,186.72069342042812,41781900
2024-02-13,183.3711700439453,184.53063145226378,181.85496988989732,184.09459726813964,56529500
2024-02-14,182.4891815185547,183.85674041023526,180.79461213824646,183.64864282656313,54630500
2024-02-15,182.2018280029297,182.826151079826,179.71447030737514,181.89462620990932,65434500
2024-02-16,180.66580200195312,183.18290302222294,180.03157456209792,181.76579187183052,49752500
2024-02-20,179.92254638671875,180.78469520216953,178.3766181157698,180.15046783149373,53665600
2024-02-21,180.6757049560547,181.24055639365764,179.03067248659073,180.2991272502037,41371400
2024-02-22,182.70718383789062,183.29187418944446,180.81442139510878,181.825211247954,52292200
2024-02-23,180.87391662597656,183.37117869088894,180.58652357235425,183.3414504606763,45119700
2024-02-26,179.5261688232422,181.11172976770854,179.02075870271764,180.59643039937333,40867400
2024-02-27,180.98291015625,182.26126931281985,177.94059046680667,179.46671005654383,54318900
2024-02-28,179.7838134765625,181.46847854843006,178.50545433930714,180.8639793914523,48953900
2024-02-29,179.11984252929688,180.9234354771045,177.9108443188521,179.63515696026653,136682600
2024-03-01,178.03968811035156,178.90183692569335,175.78025215753124,177.93067957222544,73563100
2024-03-04,173.5208282470703,175.30458245485661,172.2226300679557,174.56134649455421,81510100
2024-03-05,168.58572387695312,170.48840604509627,168.0902332564625,169.21995126633416,95132400
2024-03-06,167.59474182128906,169.69563232435493,167.15870765798908,169.5172478388351,68587700
2024-03-07,167.47581481933594,169.1902079797121,166.97041987504164,167.62445594378354,71765100
2024-03-08,169.19020080566406,172.13341591430694,167.41635127072408,167.47580771798204,76267000
2024-03-11,171.19200134277344,172.8073055285168,170.49831753088682,171.3802901891083,60139500
2024-03-12,171.66766357421875,172.46045153320196,169.4676841705973,171.58838326620315,59825400
2024-03-13,169.58663940429688,171.62805851944387,169.2199660307435,171.21184817645832,52488700
2024-03-14,171.4397735595703,172.73795670875472,170.49834430125284,171.35058886714742,72913500
2024-03-15,171.06317138671875,171.06317138671875,168.75418335618096,169.62625165850892,121752700
2024-03-18,172.15325927734375,176.107279800922,171.95506605696912,173.98658058844927,75604200
2024-03-19,174.49197387695312,175.01719271038215,171.46947815172825,172.76766112194616,55215200
2024-03-20,177.05862426757812,177.05862426757812,173.51090945491785,174.1352325028599,53423100
2024-03-21,169.82444763183594,175.8892630091755,169.29922879245808,175.45322885093574,106181300
2024-03-22,170.7262725830078,171.48933248689517,168.5262926884995,170.21095802650942,71160100
2024-03-25,169.30914306640625,170.3893089389317,167.92176032191367,169.03166954174233,54288300
2024-03-26,168.17945861816406,169.87402832990531,168.0506261984825,168.4668365684045,57388400
2024-03-27,171.74696350097656,172.0343565405087,168.57582642397568,168.87312383270142,60273300
2024-03-28,169.93345642089844,170.67669234048742,168.97220342186947,170.20102558587905,65672700
2024-04-01,168.4965362548828,169.70553455748254,167.9514935576168,169.6460781034487,46240500
2024-04-02,167.31727600097656,167.81276664190898,166.71277681419204,167.5551169522469,49329500
2024-04-03,168.11996459960938,169.14067408704202,167.05962251511946,167.2677201117247,47691700
2024-04-04,167.2974395751953,170.36947196785653,167.2974395751953,168.75416790697062,53704400
2024-04-05,168.0506134033203,168.85330584999502,167.4262903353845,168.06051777285862,42104800
2024-04-08,166.9307861328125,167.67402205960258,166.72268854116854,167.50555706407098,37425500
2024-04-09,168.13978576660156,168.5460917055098,166.83169838821917,167.17853275073267,42373800
2024-04-10,166.26683044433594,167.5650134431552,165.60287483124418,167.27763553824258,49709300
2024-04-11,173.4613494873047,173.87757491447604,166.64340884278624,166.8217782077108,91070300
2024-04-12,174.95773315429688,176.75140669942581,172.63884078505302,172.68837774790788,101670900
2024-04-15,171.132568359375,175.03703722038412,170.94427948721847,173.77848669689703,73531800
2024-04-16,167.8524169921875,172.1929047923956,166.75242714722782,170.20103782824683,73711200
2024-04-17,166.48484802246094,169.11094225529814,166.48484802246094,168.08032842085646,50901200
2024-04-18,165.5334930419922,167.11906901091456,165.0479219314042,166.51456987389489,43122900
2024-04-19,163.51190185546875,164.89926951971245,162.6002009445124,164.7109957890585,68149400
2024-04-22,164.34432983398438,165.75152141981465,163.28398774037723,164.0272236912775,48116400
2024-04-23,165.394775390625,165.54343166054898,163.4326366212621,163.8587664496344,49537800
2024-04-24,167.4956817626953,167.77315534715606,164.71102642645795,165.0380369843625,48251800
2024-04-25,168.35780334472656,169.07131105182287,166.63349053238153,168.0010494911784,50558300
2024-04-26,167.7731475830078,169.79474290783526,167.65421953718817,168.34791858741355,44838400
2024-04-29,171.9352264404297,174.4424074952563,171.5388400360099,171.80639405446584,68169400
2024-04-30,168.79383850097656,173.41181476528868,168.46681287321124,171.76678225756265,65934800
2024-05-01,167.7731475830078,171.15239765594947,167.58485870487095,168.05062115462775,50383100
2024-05-02,171.46946716308594,171.85594920671264,169.34876810707777,170.95415273119292,94214900
2024-05-03,181.72613525390625,185.31348231884328,181.01262758822543,184.9666328542693,163224100
2024-05-06,180.07119750976562,182.53873097916653,178.79282331517493,180.7054248623681,78569700
2024-05-07,180.7549591064453,183.2324120279765,179.68471275097576,181.79549235772294,77305800
2024-05-08,181.0919189453125,181.4189445721307,179.81354466582562,181.20092748758523,45057100
2024-05-09,182.90541076660156,182.99459544718977,180.4675903156434,180.91352883975787,48983000
2024-05-10,181.64515686035156,183.66949389545601,180.7322193628195,183.48094965782863,50759500
2024-05-13,184.85035705566406,185.6640710757596,183.2030934113359,184.01680743143146,72044800
2024-05-14,185.99154663085938,186.8548800445926,184.8602962551219,186.0709344816443,52393600
2024-05-15,188.2639923095703,189.18684774302332,185.9320213621053,186.46788560358823,70400000
2024-05-16,188.38304138183594,189.6333810173086,188.2044300863017,189.00821119957226,52845200
2024-05-17,188.41282653808594,189.34561487480414,187.72811956148706,188.05558877384672,41282900
2024-05-20,189.57382202148438,190.44707314635468,187.5594028379898,187.87695420764547,44361300
2024-05-21,190.873779296875,191.25085261805762,189.4547462309282,189.62343971650407,42309400
2024-05-22,189.43490600585938,191.3401840301744,188.8097513226368,190.79440205142186,34648500
2024-05-23,185.44578552246094,189.53416154393335,185.19770415918353,189.51431079519944,51005900
2024-05-24,188.52195739746094,189.11735863774422,186.59684388111853,187.37087155015982,36327000
2024-05-28,188.5319061279297,191.51880009814326,187.64873713728954,190.04022981736387,52280100
2024-05-29,188.82958984375,190.7745542503335,188.05557725890648,188.15481585355153,53068000
2024-05-30,189.8218994140625,190.70506832278696,189.16697622567534,189.29596821795033,49889100
2024-05-31,190.7745361328125,191.09208749217237,188.45249859880175,189.9707550742459,75158300
2024-06-03,192.54087829589844,193.49351725389894,191.04247253185534,191.41954585254337,50080500
2024-06-04,192.85842895507812,193.82098571162214,191.54855228534223,193.14619663099631,47471400
2024-06-05,194.3667755126953,195.38886948576234,193.37445009094603,193.9003813531384,54156800
2024-06-06,192.98745727539062,194.99195900714616,192.67983879580981,194.1881777820001,41181800
2024-06-07,195.37893676757812,195.42855606321456,192.65004206608782,193.1561225415401,53103900
2024-06-10,191.63784790039062,195.7857753291456,190.67529119421684,195.38883614317194,97010200
2024-06-11,205.56019592285156,205.57012886730556,192.14396771907968,192.1638033246204,172373300
2024-06-12,211.4347686767578,218.51003809526938,205.3121079690946,205.77850209290926,198134300
2024-06-13,212.59576416015625,215.08649505325084,209.97602614095345,213.09192677850285,97862700
2024-06-14,210.8592071533203,213.51863167298376,209.67833763090172,212.20877015870124,70122700
2024-06-17,215.00711059570312,217.26961095957958,211.08742887751163,211.73243423482455,93728300
2024-06-18,212.6453857421875,216.95208913019513,211.36529274424583,215.9200623200828,79943300
2024-06-20,208.07078552246094,212.59580212894483,207.2471687535905,212.28816853161533,86172500
2024-06-21,205.8975830078125,210.26380829361358,205.52049454653314,208.77532033595196,241805100
2024-06-24,206.54261779785156,211.06761941054305,205.0045103276704,206.12584292738626,80727000
2024-06-25,207.46546936035156,209.75773850908567,207.0089930344414,207.54484206411715,55549700
2024-06-26,211.61337280273438,213.21101716086312,209.02340313251779,209.87680350658064,66213200
2024-06-27,212.45684814453125,214.0842609953053,210.72027890747495,213.0423164247351,49772700
2024-06-28,209.00357055664062,214.41175609103416,208.686034302842,214.1140554431902,82542700
2024-07-01,215.08653259277344,215.84069445328046,210.29359904602236,210.46229254870087,60402900
2024-07-02,218.57952880859375,218.68868521261126,213.44920810314017,214.4911377013164,58046200
2024-07-03,219.84967041015625,219.84967041015625,217.34900644671097,218.3115631866412,37369800
2024-07-05,224.60292053222656,224.71207692855523,219.94891212590596,219.94891212590596,60412400
2024-07-08,226.0715789794922,226.10134753003678,221.53664465186893,225.34717053841655,59085900
2024-07-09,226.92495727539062,227.63943274976205,224.63268810415036,226.180713251394,48076100
2024-07-10,231.19195556640625,231.29119415797783,227.49058625437067,227.54020555015646,62627700
2024-07-11,225.82347106933594,230.6064710416972,224.0372825383305,229.61414576243664,64710600
2024-07-12,228.77069091796875,230.8545803134063,226.92496506939614,227.1631286162611,53046500
2024-07-15,232.60105895996094,235.409341553401,231.30111515749465,234.66509753137677,62631300
2024-07-16,233.01785278320312,234.4567215545301,230.54695713829173,233.19646408342908,43234300
2024-07-17,227.12342834472656,229.6836295353235,224.9006141352506,227.68904591405493,57345900
2024-07-18,222.4595184326172,228.67148561676484,220.56418827695506,228.51270990625002,66034600
2024-07-19,222.58851623535156,225.05941202320642,221.56642224710646,223.09461189863717,49151500
2024-07-22,222.2412109375,226.03188622300922,221.3778775132773,225.26779139889447,48201800
2024-07-23,223.2831268310547,225.19832267550643,220.97100689389265,222.64803919770813,39960300
2024-07-24,216.86279296875,223.0747598557794,215.46362561910502,222.28089648286087,61777600
2024-07-25,215.82086181640625,219.15507584516317,212.97287755450526,217.24979770728694,51391200
2024-07-26,216.28721618652344,217.8054725938896,214.35216985326556,217.0215271741731,41601300
2024-07-29,216.56509399414062,217.61695646267233,214.0941983741811,215.29491873308154,36311800
2024-07-30,217.1208038330078,218.63906050664175,214.4613638470993,217.50781013919521,41643800
2024-07-31,220.3756103515625,222.10226187087767,218.93674165630796,219.7405227481965,50036300
2024-08-01,216.68414306640625,222.7571687754724,215.35443086006643,222.64801239186647,62501000
2024-08-02,218.1726531982422,223.86860618805187,216.0391597412521,217.46809553371503,105568600
2024-08-05,207.6639404296875,211.8614726265992,194.4957781490091,197.562059997048,119548600
2024-08-06,205.6395721435547,208.3783997216886,199.52685967053256,203.72439154098564,69660500
2024-08-07,208.20973205566406,212.0004073803907,204.8060479069825,205.31212843272615,63516400
2024-08-08,211.67291259765625,212.5560815310077,207.22729938249148,211.47445056104476,47161100
2024-08-09,214.5804443359375,215.11629337558463,210.3432107490655,210.47221789303094,42201600
2024-08-12,216.1103973388672,218.07747160820446,214.1929998012183,214.65993379251097,38028100
2024-08-13,219.82598876953125,220.44193777769505,217.58072790378117,217.58072790378117,44155300
2024-08-14,220.27305603027344,221.57450454206742,218.2662343099079,219.13056699635618,41960600
2024-08-15,223.2534637451172,223.87935717471936,221.30624816369337,223.13425172393934,46414000
2024-08-16,224.5747833251953,225.34969177239586,222.19043681447837,222.45867901826594,44340200
2024-08-19,224.41583251953125,224.51518597934856,221.58442566604344,224.2469437652095,40687800
2024-08-20,225.0317840576172,225.68748051768907,223.97870407222223,224.29662301984854,30299000
2024-08-21,224.9224853515625,226.4921759358446,223.58130467937312,225.04171252806572,34765500
2024-08-22,223.064697265625,226.84983046212884,222.43880384726458,226.30341677619586,43695300
2024-08-23,225.35963439941406,226.73063334528243,222.866020162344,224.187342377279,38677300
2024-08-26,225.69740295410156,225.79675641202357,222.4288803537143,225.28014571740593,30602200
2024-08-27,226.54185485839844,227.356510742363,223.42234738221904,224.52510403050715,35934600
2024-08-28,225.0119171142578,228.35991942602843,224.20719049274723,226.43257756563742,38052200
2024-08-29,228.29037475585938,231.39995310375193,227.3863249726349,228.59836441740794,51906300
2024-08-30,227.50555419921875,228.8964117856607,225.99546942021698,228.68779072729976,52990800
2024-09-03,221.31619262695312,227.50553099413642,219.7266282681139,227.05847075546578,50190600
2024-09-04,219.4087371826172,220.33266071869627,216.06071952153204,220.21344869061124,43840200
2024-09-05,220.92874145507812,224.00850159902006,220.07435325324454,220.1836359939166,36615400
2024-09-06,219.37890625,223.77005891628232,218.3357556594125,222.48846914066658,48423000
2024-09-09,219.46835327148438,219.82600453136772,215.29576534565257,219.37894424631622,67180000
2024-09-10,218.67355346679688,220.03460793809228,215.31560663834654,217.49131703149231,51591000
2024-09-11,221.2069091796875,221.63409569372266,216.46803428284608,220.01474349397893,44587100
2024-09-12,221.31619262695312,222.09110108310472,218.38544755210194,221.04795042006705,37455600
2024-09-13,221.0479736328125,222.57791698251046,220.4618275881316,222.12092741382088,36766600
2024-09-16,214.90830993652344,215.80243050187988,212.52396316355507,215.12686027714844,59357400
2024-09-17,215.37522888183594,215.4845116318028,213.10018001697546,214.34202255786693,45519300
2024-09-18,219.24977111816406,221.25659276615585,216.12031904206836,216.13026348358338,59894900
2024-09-19,227.3763885498047,228.32020097310811,223.16406850984052,223.52171975466862,66781300
2024-09-20,226.71075439453125,231.56884144729943,226.1345376792504,228.46920754640476,318679900
2024-09-23,224.99203491210938,227.95258288382507,224.336338501163,225.8563523524968,54146000
2024-09-24,225.88616943359375,227.85325878901892,224.25687274556688,227.15781488965328,43556100
2024-09-25,224.8927001953125,225.80669443859438,222.55804543582803,223.462095237407,42308700
2024-09-26,226.0352020263672,227.00880227293717,223.9389713421174,225.81663654010723,36636700
2024-09-27,226.3034210205078,228.02214184296878,225.8166284941723,226.9690618971705,34026000
2024-09-30,231.47943115234375,231.47943115234375,228.1512873446241,228.5387415800987,54541900
2024-10-01,224.7337646484375,228.15130254219565,222.27988260723768,228.02216122790813,63285000
2024-10-02,225.30003356933594,225.8861795938886,221.56457676904253,224.41584231153624,32880600
2024-10-03,224.19728088378906,225.32984066329956,221.86262602596847,223.67074086449446,34044200
2024-10-04,225.31988525390625,226.51205091107013,222.66731173997377,226.41269745663615,37245100
2024-10-07,220.24325561523438,224.2171516536621,219.8856043654075,223.0349151567562,39505400
2024-10-08,224.29661560058594,224.5052366387564,221.79305702807565,222.83620769655573,31855700
2024-10-09,228.04200744628906,228.25064364916537,223.36275355639287,223.7601370790405,33591100
2024-10-10,227.54525756835938,228.00226223679437,225.68746620848788,226.2934858996686,28183500
2024-10-11,226.0650177001953,227.91287999534921,225.8563814846346,227.80359724609562,31759200
2024-10-14,229.79052734375,230.21771386522883,227.1081507143634,227.20748901369805,39882100
2024-10-15,232.32388305664062,235.9401275315396,230.853530735341,232.08544385770335,64751400
2024-10-16,230.2674102783203,230.60518781150915,228.3400682278028,230.08859222870646,34082200
2024-10-17,230.63497924804688,232.3238971476739,229.0156269629083,231.9066247344228,32993800
2024-10-18,233.4663848876953,234.63867690560429,232.4828401919167,234.63867690560429,46431500
2024-10-21,234.9367218017578,235.30431748145634,232.9199708414818,232.9199708414818,36254500
2024-10-22,234.32077026367188,234.67842149785605,231.0820505913223,232.36362533760988,38846600
2024-10-23,229.25404357910156,233.60546433739609,226.27362172475395,232.55238437433343,52287000
2024-10-24,229.06529235839844,229.31366084202813,226.91938502162782,228.4791312160334,31109500
2024-10-25,229.89981079101562,231.69799621804017,228.07182235817814,228.2407111108546,38802300
2024-10-28,231.87681579589844,233.19813797949908,231.032372026897,231.7973512193415,36087100
2024-10-29,232.1450653076172,232.80076177889833,230.80388451731673,231.5787930163908,35417200
2024-10-30,228.59835815429688,231.94636045913163,228.05194445904854,231.09197226998216,47070900
2024-10-31,224.43569946289062,228.330115454563,223.89921505082026,227.84330777090054,64370100
2024-11-01,221.4552764892578,223.87935529424118,218.83250593091054,219.5279346472888,65276700
2024-11-04,220.5611572265625,221.33606573362852,218.27617915451208,219.5478246614517,44944500
2024-11-05,221.99176025390625,222.48849724939907,219.69683776020295,220.3525342324639,28111300
2024-11-06,221.2665252685547,224.5946691536601,219.74651129717958,221.15724252476647,54561100
2024-11-07,225.99545288085938,226.39285156162418,223.10445516924474,223.16406118155706,42137700
2024-11-08,225.72694396972656,227.41770491673495,225.17992905795916,225.93579455138124,38328800
2024-11-11,223.01174926757812,224.47376393957063,220.29658566640109,223.77757009002366,42005600
2024-11-12,223.01174926757812,224.36436096493557,222.14648085284745,223.33001798502116,40398300
2024-11-13,223.89691162109375,225.4185978724207,221.54973296285615,222.79294167641658,48566200
2024-11-14,226.98008728027344,227.62654977508777,223.77758025105393,223.79747584076947,44923900
2024-11-15,223.777587890625,225.68715481951833,223.05155818805096,225.16997570047775,47923700
2024-11-18,226.7811737060547,228.49183017609323,223.94665165924164,224.0262188410909,44633700
2024-11-19,227.03973388671875,228.90952454109907,225.42854034251505,225.7467938634959,36211800
2024-11-20,227.755859375,228.6807994670743,224.66275517557906,226.82096389964158,35169600
2024-11-21,227.2784423828125,228.9095315645878,224.48371169719937,227.63648708983084,42108300
2024-11-22,228.62110900878906,229.46649702017746,226.82094518602503,226.82094518602503,38168300
2024-11-25,231.6048126220703,231.98275293866183,228.49182822914253,230.20248468460477,90152800
2024-11-26,233.78292846679688,234.2901673751303,232.0623317186483,232.0623317186483,45986200
2024-11-27,233.6536102294922,234.40949083683986,232.53970008294309,233.19611792325418,33498400
2024-11-29,236.04058837890625,236.51797629056327,232.698842645531,233.5342752849028,28481400
2024-12-02,238.28831481933594,239.48179223890946,235.8715241828912,235.98092716494563,48137100
2024-12-03,241.3316650390625,241.44106801091166,237.60203896586935,238.5070985351772,38861000
2024-12-04,241.68971252441406,242.78374225546824,239.9392801306149,241.55047375645148,44383900
2024-12-05,241.7195587158203,243.21140922639395,240.81451427308068,242.6644095132275,40033900
2024-12-06,241.52064514160156,243.3009285590703,240.76477968960373,241.5902721155965,36870600
2024-12-09,245.40939331054688,245.89673657618508,240.43655859300793,240.51612576959502,44649200
2024-12-10,246.4238739013672,246.861485816723,244.0070681600661,245.54865007065558,36914800
2024-12-11,245.1508026123047,249.43738355757404,244.92204129682997,246.61281718111218,45205800
2024-12-12,246.61282348632812,247.38858448031883,244.3451969163318,245.54862958315107,32777500
2024-12-13,246.7819061279297,247.9355922748061,244.90217516923994,246.47359279661413,33155300
2024-12-16,249.67608642578125,250.01425073054844,246.3045049916291,246.6426692963963,51694800
2024-12-17,252.10284423828125,252.45094876599273,248.42294929569397,248.7213224371769,51356400
2024-12-18,246.70236206054688,252.89851058988313,246.39404870034858,250.79003328074214,56774100
2024-12-19,248.43287658691406,250.6308762664829,245.7475488049507,246.15532490458142,60882300
2024-12-20,253.10736083984375,253.6145845456153,244.35516822034685,246.69239156062656,147495300
2024-12-23,253.8831024169922,254.26102752773247,252.07298333460633,253.38581895601413,40858800
2024-12-24,256.7972106933594,256.80713572411884,253.90300191480816,254.10192745486222,23234700
2024-12-26,257.61273193359375,258.6868812844183,256.23029959445824,256.78725468311694,27237100
2024-12-27,254.20135498046875,257.29447387899233,251.68510189149424,256.4291751646687,42355300
2024-12-30,250.82977294921875,252.1227129740064,249.3876539575231,250.85960874260036,35557500
2024-12-31,249.05946350097656,251.90392569582917,248.07483671879714,251.0684930674946,39480700
2025-01-02,242.52517700195312,247.74665392379396,240.5062071395791,247.57756417344766,55740700
2025-01-03,242.03782653808594,242.85336358935695,240.5758118291158,242.03782653808594,40244100
2025-01-06,243.6688995361328,245.98624232017474,241.8786760145675,242.9826459215422,45045600
2025-01-07,240.89405822753906,244.21590806857427,240.0387300769128,241.65986382248775,40856000
2025-01-08,241.3813934326172,242.3859157551251,238.74579711055483,240.605632433071,37628900
2025-01-10,235.56317138671875,238.85518532841934,231.73408283180441,238.70599119102164,61710900
2025-01-13,233.12649536132812,233.39503269669683,228.47192915300568,232.2612269401141,49630700
2025-01-14,232.01258850097656,234.8371551382162,231.20699165927476,233.47460320476435,39435300
2025-01-15,236.57765197753906,237.66174156203553,233.15633900368562,233.36520475508792,39832000
2025-01-16,227.0198516845703,236.7168796666606,226.79110553013876,236.06047699847062,71759100
2025-01-17,228.7305145263672,231.0279618693864,227.2386640256131,230.85888730040747,68488300
2025-01-21,221.43040466308594,223.20073277609362,218.18812158355374,222.78301644137267,98070400
2025-01-22,222.61392211914062,222.90233985709415,218.59586314481808,218.59586314481808,64126500
2025-01-23,222.4448699951172,225.79655609657794,221.09225820038625,223.51900422998196,60234800
2025-01-24,221.5696258544922,224.4041477572621,220.2070739772995,223.55875977197638,54697900
2025-01-27,228.6111602783203,230.88871192185238,222.76310174211312,222.80289291870474,94863400
2025-01-28,236.96551513671875,238.88503723433337,229.55599442275542,229.5957855991,75707600
2025-01-29,238.05953979492188,238.5568232574634,232.73860067537262,232.84800364416722,45486100
2025-01-30,236.2991485595703,239.48175963713217,235.92122345328548,237.3732826437262,55658300
2025-01-31,234.71778869628906,245.84699474947953,232.1716998572169,245.84699474947953,100959800
2025-02-03,226.77120971679688,230.5704628324937,224.47376244068877,228.7404632470789,73063300
2025-02-04,231.53518676757812,231.8633956790269,225.4185909783935,226.01533721300711,45067300
2025-02-05,231.20697021484375,231.4058805611787,227.02979223826367,227.2883741709104,39620300
2025-02-06,231.95289611816406,232.52974674745317,229.1780459389265,230.03337408912944,29925300
2025-02-07,226.39329528808594,232.72868233994458,226.02529517161955,231.33629458433444,39707200
2025-02-10,226.66207885742188,229.58932279803912,226.21403472606798,228.57376015165607,33115600
2025-02-11,231.61053466796875,234.2092091135714,227.1400288616486,227.20971719471092,53718400
2025-02-12,235.84210205078125,235.93172304376256,229.67896101319025,230.19670873650108,45243300
2025-02-13,240.48187255859375,241.28835511000761,234.54774465400956,235.8819260401158,53614100
2025-02-14,243.53855895996094,244.484433375407,239.94422402720738,240.2030902821229,40896200
2025-02-18,243.4091339111328,244.1160443880909,240.79054182412452,243.09051524526637,48822500
2025-02-19,243.80735778808594,244.94241003871878,242.1047870084227,243.59827761149603,32204200
2025-02-20,244.76321411132812,245.70908851524857,243.2298884862767,243.87707690453925,32316900
2025-02-21,244.48443603515625,247.61080936192474,244.15586625078134,244.88269415360097,53197400
2025-02-24,246.0277099609375,247.7800669312537,243.3593319822528,243.86711335623195,51326400
2025-02-25,245.9679718017578,248.91513366913293,243.84722519384715,246.92381259977986,48013300
2025-02-26,239.31695556640625,243.91690216055417,238.0922974197643,243.26972892021308,44433600
2025-02-27,236.27024841308594,241.40786042901627,236.0312844149354,238.37109275336516,41153600
2025-02-28,240.79054260253906,241.03945773883657,229.20105446423008,235.9217631442628,56833400
2025-03-03,236.9970703125,242.97103338088397,235.08540395372597,240.7407483660274,47184000
2025-03-04,234.9061737060547,239.02822274747484,233.6615980851158,236.6784633674393,53798100
2025-03-05,234.7169952392578,235.5234777567522,228.23523611666363,234.3983766092207,47227600
2025-03-06,234.30877685546875,236.82779659290307,232.14819548977783,233.42263965762712,45170400
2025-03-07,238.03256225585938,240.32256924437755,233.74125275300776,234.08974000390756,46273600
2025-03-10,226.4928436279297,235.13518456664028,223.24699590534985,234.5178647329352,72071200
2025-03-11,219.8816680908203,224.85997074742775,216.5063794973434,222.83878108425105,76137400
2025-03-12,216.0384063720703,220.78771110845915,213.9773970817033,219.18469713036333,62547500
2025-03-13,208.77008056640625,215.899013195213,207.51555384047248,215.01287598245443,61368300
2025-03-14,212.5635528564453,213.02154815111564,208.67051688888432,210.3332680009786,60107600
2025-03-17,213.07135009765625,214.28605714072168,209.0588394397278,212.3843419118567,48073400
2025-03-18,211.76702880859375,214.21634506867483,210.57223927739028,213.23065092190424,42432400
2025-03-19,214.30596923828125,217.8106832228152,212.8224296395377,213.29039128502816,54385400
2025-03-20,213.17091369628906,216.5462020975973,211.29906714235267,213.0613904363763,48862900
2025-03-21,217.3228302001953,217.8903488075446,210.36315756009637,210.6419412957371,94127800
2025-03-24,219.7721405029297,220.5188858867363,217.63147647971348,220.04097309502072,44299500
2025-03-25,222.77902221679688,223.12750944589686,219.12495024533285,219.81195837594151,34493600
2025-03-26,220.5686798095703,224.0435405886843,219.51328206033222,222.54008343913912,34466100
2025-03-27,222.8786163330078,224.0136687326393,219.60288467242046,220.42928473771144,37094800
2025-03-28,216.9544219970703,222.8387793372666,216.73537546649092,220.7080664246457,39818600
2025-03-31,221.1660614013672,224.6409066608951,215.29165561007284,216.0682695484103,65299300
2025-04-01,222.22145080566406,222.70931468653842,217.95005911072687,218.85611373602535,36412700
2025-04-02,222.91842651367188,224.21278818927524,220.06088576879955,220.3595869543347,35905900
2025-04-03,202.30825805664062,206.58960121618028,200.37667426890133,204.64805110026137,103419000
2025-04-04,187.56253051757812,199.01262630823254,186.52703508606032,193.0486144227304,125910900
2025-04-07,180.6725616455078,193.30748067285785,173.86223225537526,176.43103817745248,160466300
2025-04-08,171.6717987060547,189.51403482217904,168.47573669018362,185.88983084847527,120859500
2025-04-09,197.98709106445312,199.7394480269994,171.14407803694525,171.20381523449285,184395900
2025-04-10,189.5936737060547,193.93475416517637,182.20587449762067,188.24954112448538,121880000
2025-04-11,197.29013061523438,198.67409816298056,185.25259829067514,185.29243322025624,87435900
2025-04-14,201.6411590576172,212.01593914767514,200.28706023476008,210.52244846919626,101352900
2025-04-15,201.2628173828125,202.62686743682656,198.93297540670014,200.98403365195668,51343900
2025-04-16,193.4269561767578,199.8290454554037,191.53519224238798,197.49920369317184,59732400
2025-04-17,196.12521362304688,197.96719174329118,193.5763250102755,196.34426016251078,52164700
2025-04-21,192.32177734375,192.958999427942,188.98630873883343,192.43130060162235,46742500
2025-04-22,198.87322998046875,200.7151927551101,195.11958571249494,195.26892870764283,52976400
2025-04-23,203.71212768554688,207.0973670311424,201.9199358938783,205.1060461943045,52929200
2025-04-24,207.46575927734375,207.92376976062596,202.05933042602183,204.00086522918792,47311000
2025-04-25,208.371826171875,208.8397878176709,205.30519003897632,205.47445049920006,38222300
2025-04-28,209.22808837890625,210.5821872117057,206.55972563953335,209.088696522261,38743100
2025-04-29,210.29347229003906,211.31900144522857,207.46578477039023,207.7844034400983,36827600
2025-04-30,211.57785034179688,212.65316547487808,205.7731479657814,208.39173986928208,52286500
2025-05-01,212.39430236816406,213.62891164873253,207.99346964638974,208.1726964341785,57365700
2025-05-02,204.45889282226562,206.0917754590827,201.2827333487594,205.19567188008233,101010600
2025-05-05,198.02691650390625,203.21431440062256,197.34987465543003,202.21865389928206,69018500
2025-05-06,197.6485595703125,199.77927242381972,196.16503515467957,197.3498735756035,51216500
2025-05-07,195.3983612060547,198.5745204381265,192.4113798882551,198.30568786560423,68536700
2025-05-08,196.63299560546875,199.18188402861682,193.83517686729027,196.86199326420865,50478900
2025-05-09,197.66848754882812,199.66975978270045,196.68277813613466,198.13644922219603,36453900
2025-05-12,210.15048217773438,210.62903686932515,206.12274573806786,210.32994399020487,63775800
2025-05-13,212.28399658203125,212.75257189298435,208.36592688565332,209.79158118866218,51909300
2025-05-14,211.68582153320312,213.29093762104833,209.94113079478424,211.78550901932945,49325800
2025-05-15,210.80850219726562,212.31393091132972,208.90429308394448,210.31001909194578,45029500
2025-05-16,210.61907958984375,211.9251181254035,209.13360964796243,211.71574852428404,54737900
2025-05-19,208.14659118652344,208.84446444770495,203.64029993754312,207.27923550566183,46140500
2025-05-20,206.232421875,207.83753801206538,204.40797196423648,207.03996203611737,42496600
2025-05-21,201.47689819335938,206.4118779017609,200.10109516487896,204.54755595275296,59211800
2025-05-22,200.74911499023438,202.13489740214874,199.0941474443519,200.1010930441042,46742400
2025-05-23,194.6775665283203,197.10018674879547,192.87306039619787,193.08241474951325,78432900
2025-05-27,199.60260009765625,200.1309909415137,196.83102019804124,197.6983910952664,56288500
2025-05-28,199.8119659423828,202.11495545301858,199.29353925378823,199.98144837254895,45339700
2025-05-29,199.34336853027344,203.19165828241367,197.90773491315443,202.96236033905296,51396800
2025-05-30,200.24066162109375,201.3472946799051,196.18300200128658,198.7651407343476,70819900
2025-06-02,201.08807373046875,201.51677709467234,199.51286535414474,199.67238359256916,35423300
2025-06-03,202.6533203125,203.1518034040851,200.35033086337637,200.73914706631285,46381600
2025-06-04,202.20468139648438,205.6143037964219,201.48686455307688,202.29440469878628,43604000
2025-06-05,200.0213165283203,204.12881205428334,199.54276184010462,202.8826044104843,55126100
2025-06-06,203.30133056640625,205.07592905349443,201.4370087789868,202.3841235560851,46607700
2025-06-09,200.8388214111328,205.3750202901374,199.41316716451473,203.76990423179717,72862600
2025-06-10,202.0551300048828,203.73004106569937,199.96151019448254,199.99141796230995,54672600
2025-06-11,198.1769256591797,203.8795731269679,197.80805305990708,202.88260699920767,60989900
2025-06-12,198.5956573486328,199.07419684911244,196.7612432530472,198.47602627663701,43904600
2025-06-13,195.85400390625,199.76210952406473,195.1062792678608,199.12405177447246,51447300
2025-06-16,197.81802368164062,198.08720880439395,195.96366601516638,196.701426450214,43020700
2025-06-17,195.0464630126953,197.7881200100286,194.61777485692886,196.60172782081946,38856200
2025-06-18,195.9835968017578,196.97059871241268,194.4781834746436,195.34553910938874,45394700
2025-06-20,200.3902130126953,201.0880863339216,196.26277341287403,197.63859168364695,96813500
2025-06-23,200.888671875,201.686247808318,198.3563846401482,201.01828233775666,55814300
2025-06-24,199.6923065185547,202.82277936444737,199.59260382672892,201.9753521214132,54064000
2025-06-25,200.948486328125,203.052085424857,200.01133575244882,200.83881944772682,39525700
2025-06-26,200.3902130126953,202.02523702778157,198.85489170599743,200.81890119127095,50799100
2025-06-27,200.469970703125,202.6034778198992,199.39324535272064,201.27751091280393,73188600
2025-06-30,204.5475311279297,206.76079706763053,198.65545787730727,201.39711462840114,91912800
2025-07-01,207.18951416015625,209.55231908550664,205.51460310500556,206.04299395149746,78788900
2025-07-02,211.7954864501953,212.69274987948137,207.5085290616707,208.2761972389462,67941800
2025-07-03,212.90211486816406,213.99876845669687,211.16738836812712,211.50635319299207,34955800
2025-07-07,209.31304931640625,215.57399579559095,208.16654427869605,212.03476276559877,50229000
2025-07-08,209.3728485107422,210.78853856973336,207.81758380403343,209.46258702266434,42848900
2025-07-09,210.4994354248047,210.6888614301138,206.59132988433592,208.8943192909964,48749400
2025-07-10,211.7655792236328,212.83232507172787,209.39279496736208,209.87133445003573,44443600
2025-07-11,210.51937866210938,211.48643705736623,209.2233196075129,209.931172276849,39765800
2025-07-14,207.987060546875,210.27012140888866,206.9103353456299,209.29308368901172,38840100
2025-07-15,208.4755859375,211.24715053377864,208.28615994072268,208.5852528191871,42296300
2025-07-16,209.52239990234375,211.75559423754484,208.00700716596054,209.6619745482938,47490500
2025-07-17,209.38282775878906,211.15742622671814,208.95412441878605,209.93116216460888,48068100
2025-07-18,210.539306640625,211.1474566075158,209.06380098140497,210.23024956462245,48974600
2025-07-21,211.83535766601562,215.12534891613055,210.98794558852114,211.45652088357517,51377400
2025-07-22,213.74952697753906,214.29786137817433,211.58611235366487,212.49335516085276,46404100
2025-07-23,213.5002899169922,214.4972560435483,211.76557859278188,214.3477172095632,46989300
2025-07-24,213.11148071289062,215.03563331063384,212.8821827557749,213.25105536667797,46022600
2025-07-25,213.23110961914062,214.58698409364732,212.75255494872997,214.0486138925591,40268800
2025-07-28,213.40061950683594,214.1981955143971,212.41361748607306,213.38067592321022,37858000
2025-07-29,210.62904357910156,214.1582970701604,210.18041185237743,213.53020352524888,51411700
2025-07-30,208.41578674316406,211.74565019362484,207.08981987426867,211.2571312800854,45512500
2025-07-31,206.9402618408203,209.2033639475293,206.5315020865265,207.85746883247032,80698400
2025-08-01,201.76600646972656,212.93202387361222,200.88867142379772,210.23023901853355,104434500
2025-08-04,202.7330780029297,207.24933356384108,201.06813110178,203.8895472057539,75109300
2025-08-05,202.3043670654297,204.71702329589334,201.54667827641916,202.78290655256814,44155100
2025-08-06,212.60302734375,214.72657006985978,204.96626313259566,205.00615029681612,108483100
2025-08-07,219.36245727539062,220.1799768073744,215.92292715514498,218.2159523061407,90224800
2025-08-08,228.6541748046875,230.29916273925562,218.58481138779996,220.16001960779298,113854000
2025-08-11,226.747802734375,229.12327986736793,224.3324083989562,227.48640043221798,61806100
2025-08-12,229.21310424804688,230.36092560837628,226.63802588155738,227.57622481823222,55626200
2025-08-13,232.88612365722656,234.55294488479396,229.99163136972763,230.6304284784954,69878500
2025-08-14,232.337158203125,234.67270293292236,230.41083714463488,233.6147219132583,51916300
2025-08-15,231.1494140625,233.834298979768,228.9036945156081,233.5548328767578,56038700
2025-08-18,230.4507598876953,232.67651332576617,229.672244959047,231.25921652669462,37476200
2025-08-19,230.1213836669922,232.42698672077375,228.9136940815642,230.84001516813981,39402600
2025-08-20,225.5800323486328,230.0315543310328,225.3404986724704,229.54248102593337,42263900
2025-08-21,224.47215270996094,226.08908123987146,223.35428822884654,225.83955683035407,30621200
2025-08-22,227.3267059326172,228.65417758009713,224.98118568943215,225.73973438952316,42477800
2025-08-25,226.72784423828125,228.86377239669042,225.79960559269966,226.04912998143794,30983100
2025-08-26,228.87376403808594,229.0534295301293,224.26255788237486,226.43840339540802,54575100
2025-08-27,230.05152893066406,230.46073738560713,227.82576024347395,228.17510050695543,31259500
2025-08-28,232.11758422851562,232.9659733126178,228.90370861616245,230.3809040856524,38074700
2025-08-29,231.69837951660156,232.9360260407387,230.92984008944924,232.0676707602769,39418400
2025-09-02,229.28298950195312,230.4108447009183,226.53822101083426,228.81388239599917,44075600
2025-09-03,238.01634216308594,238.395624134605,233.9141603097862,236.75874463665696,66427800
2025-09-04,239.32383728027344,239.44360411673358,236.28962732845326,237.99636566705198,47549400
2025-09-05,239.2340087890625,240.86091270031892,238.03629475202086,239.54341659874092,54870400
2025-09-08,237.42745971679688,239.69313028194867,235.89038089866295,238.84475646782593,48999500
2025-09-09,233.9041748046875,238.3257397896772,232.9160527142261,236.54912730927947,66313900
2025-09-10,226.35855102539062,231.97784546194652,225.52015268533836,231.7482872752143,83440800
2025-09-11,229.59239196777344,230.01159113632517,226.21881717306923,226.44839058875493,50208600
2025-09-12,233.6247100830078,234.06386022938602,228.58431421011397,228.78393068206054,55824200
2025-09-15,236.24969482421875,237.7368657054393,234.58287368836292,236.54912714503797,42699500
2025-09-16,237.6969451904297,240.76111223381088,235.87043992435724,236.72878926810645,63421100
2025-09-17,238.5353546142578,239.6432435766681,237.27774187166392,238.5153883976145,46508000
2025-09-18,237.42745971679688,240.74113579799257,236.199788714976,239.5134800259323,44249600
2025-09-19,245.032958984375,245.83144010441063,239.7530294205925,240.77107799962133,163741300
2025-09-22,255.5928192138672,256.15178189089505,247.64797087114997,247.82763635806887,105517400
2025-09-23,253.9459686279297,256.8504363399061,253.0975947938589,255.39322235208516,60275200
2025-09-24,251.8300018310547,255.2534845023776,250.56241362070242,254.73446948849343,42303700
2025-09-25,256.3813171386719,256.6807646844572,251.2311452680336,252.72829161839874,55202100
2025-09-26,254.97401428222656,257.10994249251326,253.2972024297037,253.61660096533106,46076300
2025-09-29,253.9459686279297,254.5148915782133,252.52867184357527,254.0757261912774,40127700
2025-09-30,254.14559936523438,255.4331385813304,252.6284867333586,254.37515755125318,37704300
2025-10-01,254.9640350341797,258.29769267334166,254.44502000530687,254.55481135314994,48713900
2025-10-02,256.6408386230469,257.68882891050583,253.66649683440303,256.09186667190835,42630200
2025-10-03,257.5291442871094,258.7468246365968,253.46689477740222,254.18552630266564,49155600
2025-10-06,256.20166015625,258.57713717661323,254.56478079871025,257.49917477533796,44664100
2025-10-07,255.99209594726562,256.9103287268919,254.94407514023973,256.32145476920215,31955800
2025-10-08,257.569091796875,258.0282082133661,255.62278908467795,256.03201279963565,36496900
2025-10-09,253.55670166015625,257.50917476461467,252.65841993311406,257.3195337882977,38322000
2025-10-10,244.80340576171875,255.8922708493858,243.53581752909898,254.45500785015722,61999100
2025-10-13,247.18885803222656,249.2149949644775,245.09284695690994,248.90558714178317,38142900
2025-10-14,247.29864501953125,248.37659224814226,244.23447809703134,246.13087266264282,35478000
2025-10-15,248.86566162109375,251.3409547309234,246.99922390992754,249.01538540478128,33893600
2025-10-16,246.97926330566406,248.56623493239263,244.66368465033412,247.77774448085987,39777000
2025-10-17,251.81002807617188,252.89796599708643,246.79958926324147,247.5481624372989,49147000
2025-10-20,261.7411193847656,263.87706298772724,255.14370850365398,255.4032084113237,90483000
2025-10-21,262.27008056640625,264.7853058703715,261.3318664386604,261.3817895915523,46695900
2025-10-22,257.9583435058594,262.349966966352,254.94406918261987,262.15033525743416,45015300
2025-10-23,259.0861511230469,260.12418111371363,257.51916110368444,259.4454820834593,32754900
2025-10-24,262.3200378417969,263.62754335723145,258.68694768993146,260.69313376057823,38253700
2025-10-27,268.2986145019531,268.60802232244004,264.1465248140549,264.37609822840903,44888200
2025-10-28,268.4882507324219,269.3765722048576,267.63986169210665,268.4782600095115,41534800
2025-10-29,269.1869201660156,270.8936584399069,266.6018207191691,268.76770579477784,51086700
2025-10-30,270.8836669921875,273.6184749716116,267.969239224885,271.4725408872279,69886500
2025-10-31,269.85565185546875,276.79244258078194,268.647962249571,276.4630533049319,86167100
2025-11-03,268.53814697265625,270.33474092754267,265.74348587775046,269.90556627002525,50194600
2025-11-04,269.5262756347656,270.9734988318123,267.11086611942017,267.8195068636227,49274800
2025-11-05,269.6260986328125,271.18312844251227,266.4221834255846,268.0989800730272,43683100
2025-11-06,269.25677490234375,272.8798740142925,267.38037702601645,267.38037702601645,51204000
2025-11-07,267.9592590332031,271.7719991063764,266.26248096015127,269.28671541495146,48227400
2025-11-10,269.1781311035156,273.4741297822401,267.20997142836535,268.7085692371889,41312400
2025-11-11,274.99267578125,275.65206242273547,269.5477586519058,269.55775905965567,46208300
2025-11-12,273.21435546875,275.4722525277038,271.4460210796085,274.74292397164845,48398000
2025-11-13,272.6948547363281,276.4413491841305,271.83564282199285,273.85374352181776,49602800
2025-11-14,272.15533447265625,275.70200347225597,269.3479639093673,270.7965900477885,47431300
2025-11-17,267.2099609375,270.2371271729127,265.48159771217263,268.5687054184609,45018300
2025-11-18,267.19000244140625,270.4569347049811,265.0719890725528,269.7376065335732,45677300
2025-11-19,268.3089294433594,271.9555110777923,265.2517925781922,265.2817633125939,40424500
2025-11-20,266.0010986328125,275.17250947675234,265.67142054546326,270.5768036466949,45823600
2025-11-21,271.2361755371094,273.0744516711978,265.4216397990326,265.70137680880595,59030800
2025-11-24,275.6620788574219,276.7410558404627,270.64675212306133,270.64675212306133,65585800
2025-11-25,276.7110900878906,280.1179060838009,274.9926967216935,275.012667049666,46914200
2025-11-26,277.29052734375,279.26868736786383,276.3714044558947,276.70108254872224,33431400
2025-11-28,278.5893249511719,278.73917862681736,275.73198274965245,277.0008150112318,20135600
2025-12-01,282.8353576660156,283.1550658399818,275.88187257202503,277.75011957449965,46587700
2025-12-02,285.9224548339844,287.1313151163589,282.36578537497866,282.7354345985028,53669500
2025-12-03,283.8843688964844,288.35019153510143,283.0351573834178,285.9324708384744,43538700
2025-12-04,280.4375915527344,284.46382276925783,278.32954829392816,283.83440686502166,43989100
2025-12-05,278.5193786621094,280.8771882481053,277.79005013345267,280.27774306596746,47265800
2025-12-08,277.6302185058594,279.4085531850005,275.8918244790692,277.86998437615557,38211800
2025-12-09,276.9208679199219,279.7682096639769,276.6611317163261,277.8999627322321,32193300
2025-12-10,278.5193786621094,279.48847306800184,276.1815698919154,277.490342786908,33038300
2025-12-11,277.77008056640625,279.3286197507982,273.5540244422053,278.83908758708685,33248000
2025-12-12,278.0198669433594,278.9589906850317,276.5612402656973,277.64021728323,39532900
2025-12-15,273.8537292480469,279.8880911943856,272.5849275039148,279.8880911943856,50409100
2025-12-16,274.353271484375,275.2424541197232,271.53593087885605,272.5649667835892,37648600
2025-12-17,271.58587646484375,275.90184538512057,271.38608172110213,274.75292651919426,50138700
2025-12-18,271.935546875,273.374203136776,266.7004552212896,273.35420232069225,51630700
2025-12-19,273.4141845703125,274.34330788170604,269.64768928264715,271.8955859651445,144632000
2025-12-22,270.7166748046875,273.62395794129594,270.25711338978425,272.6048920133635,36571800
2025-12-23,272.1053771972656,272.2452609569047,269.30800689497966,270.5868091030317,29642000
2025-12-24,273.55401611328125,275.17249671786806,271.9455359163183,272.085389177814,17910600
2025-12-26,273.1444091796875,275.1125687682936,272.6049054553,273.9037084592662,21521800
2025-12-29,273.50408935546875,274.10350406329195,272.0954038139857,272.4350823114352,23715200
2025-12-30,272.82470703125,273.82377221524894,272.02546707967076,272.5549704076282,22139600
2025-12-31,271.6058349609375,273.42414083736213,271.49595243002375,272.80472532736104,27293600
