Date,Close,High,Low,Open,Volume
2019-01-02,74.23640441894531,74.25472001210761,71.72674188665935,72.03816287455628,864300
2019-01-03,72.98155975341797,74.13563757523701,71.92823514553639,73.86085481213192,1050800
2019-01-04,72.81669616699219,74.29134931507572,72.58771284571233,74.02572782382913,1036400
2019-01-07,73.5769271850586,74.19976213836733,72.62435566893835,73.02736857637838,610900
2019-01-08,74.59362030029297,74.94167248579,73.84255517199706,74.31883747783601,853500
2019-01-09,75.4271011352539,75.91254463577988,73.96160934460488,74.68519744486636,589900
2019-01-10,75.28971862792969,76.03162939380478,74.79512076803549,75.2439261532075,792700
2019-01-11,75.170654296875,75.28972312388319,74.52950370834272,74.68521071012665,435800
2019-01-14,74.8958740234375,75.72021551384215,74.37379224418416,74.80428207739645,555100
2019-01-15,74.87755584716797,75.47291395792934,73.99826061706605,75.10653919838255,611300
2019-01-16,74.19976806640625,75.36300043124652,74.18144548477686,74.69437295013896,710800
2019-01-17,74.88672637939453,75.44544638434935,74.08986170314301,74.08986170314301,663400
2019-01-18,76.4896011352539,76.9842060159241,75.42711502388444,75.54619083968602,813500
2019-01-22,75.27140045166016,76.06826495505315,74.7767956207283,76.06826495505315,518600
2019-01-23,75.5003890991211,76.1415396725145,74.87755411867442,75.5003890991211,526200
2019-01-24,76.0224838256836,76.2239903225816,75.44544821112706,75.73854666442824,422300
2019-01-25,77.1124267578125,77.72610039164594,76.66361440947178,76.9383971946593,569900
2019-01-28,77.19485473632812,77.4787918133436,76.04993815092217,76.397997265216,402500
2019-01-29,77.88182830810547,78.2573644162616,76.86514151287597,77.39638464674728,413300
2019-01-30,78.68783569335938,78.99924967114833,77.43300451623018,78.30313838406802,353300
2019-01-31,78.64205169677734,79.14581792228688,78.22988441264636,78.4863446772628,723100
2019-02-01,79.45722198486328,79.55797521731486,78.0558450091496,78.77027193888463,650300
2019-02-04,79.9426498413086,79.96097241888697,78.77025644486294,79.28317680880394,420600
2019-02-05,81.60966491699219,81.82948697735635,80.19912663595561,80.19912663595561,688300
2019-02-06,82.10426330566406,82.25997029495012,81.07841545833513,81.46311276859394,735700
2019-02-07,83.11181640625,83.12097769928094,81.18835716287872,81.99437624912427,541000
2019-02-08,83.70716094970703,83.70716094970703,82.36989889514332,82.84618123440546,696200
2019-02-11,83.81709289550781,84.28421404027657,83.53314870325414,83.78961600322958,445100
2019-02-12,85.21843719482422,85.33750601110634,84.33914204346779,84.48568774135218,540400
2019-02-13,85.88705444335938,85.96033077763842,84.90700618342866,85.40161095778845,594000
2019-02-14,83.9727783203125,85.65809250091415,83.96361702923905,85.65809250091415,1042400
2019-02-15,83.86285400390625,84.67803411386517,83.16674969995228,84.58644217787298,2165800
2019-02-19,80.62045288085938,83.04767773088616,79.85107219735829,80.71205180910036,2002100
2019-02-20,80.55633544921875,80.75784190458143,78.733630036831,80.34567469171552,1271200
2019-02-21,80.81280517578125,81.23413369193398,80.11669385047726,80.11669385047726,770000
2019-02-22,82.1592025756836,82.30575523717009,80.80362539701112,81.03260868957211,799800
2019-02-25,81.2432861328125,82.34241035621595,80.85859579922892,82.15006518942415,734000
2019-02-26,81.1883316040039,82.06762678164814,81.13337783915642,81.22496977657453,634000
2019-02-27,82.82787322998047,82.90114959289545,80.55635489574615,80.96852919612898,640300
2019-02-28,82.3973617553711,82.80037465784739,82.03098702475782,82.69962143222831,720700
2019-03-01,83.53312683105469,84.0277317266144,82.87366062499265,83.24918970116613,732400
2019-03-04,82.60802459716797,83.81705624487344,82.30576493823752,83.6430266858499,618100
2019-03-05,82.37905883789062,83.19423907021606,82.36989754651117,82.61719650961372,674700
2019-03-06,81.92108917236328,83.01104521494419,81.88445099617317,82.58056236775002,731000
2019-03-07,80.57466888427734,81.80201638607858,79.9884720195338,81.80201638607858,620000
2019-03-08,80.58381652832031,80.66624717283139,79.92434342016506,80.06173481570018,450000
2019-03-11,81.13337707519531,81.44479105708795,80.71204857662578,80.73036416873019,518400
2019-03-12,81.34403228759766,81.64629194685018,80.96850327690333,81.27991723757587,597500
2019-03-13,82.10426330566406,82.36072352049212,81.6737735216241,81.82948051091016,656300
2019-03-14,81.55305480957031,82.19614947945635,81.48874604349469,81.79191894462112,625800
2019-03-15,81.2223129272461,81.93889818129774,81.05694656022429,81.54385669391948,1411700
2019-03-18,81.67247772216797,81.78271729885023,81.10288087583761,81.2958071441603,745800
2019-03-19,81.4979248046875,82.27881886897507,81.31418749866535,81.95727507887183,743800
2019-03-20,80.60679626464844,81.52549695107658,80.01882838606483,81.49793705194453,974200
2019-03-21,81.67247772216797,82.03077036464276,80.2576780786729,80.42304445282501,480800
2019-03-22,80.12906646728516,81.60817497581162,80.07394667488492,81.40605972483843,704600
2019-03-25,80.34034729003906,80.6802689618061,80.02799251797839,80.18416990400873,359000
2019-03-26,81.23150634765625,81.32337500693627,80.47817212695294,80.80890490766458,458000
2019-03-27,81.0293960571289,81.66330176052595,80.20257106381257,81.23151132540796,397000
2019-03-28,82.51769256591797,82.56363040232776,81.06614384857734,81.32337891056079,609600
2019-03-29,83.33531951904297,83.51906382012167,82.65548312787273,82.9035291729185,827400
2019-04-01,85.1084213256836,85.29215863836701,83.74874838991627,83.74874838991627,666900
2019-04-02,84.90629577636719,85.42995476403254,84.61231190625905,85.22783953912165,519300
2019-04-03,85.8893051147461,86.945812058757,85.16353090119301,85.43914384628398,748100
2019-04-04,86.46809387207031,86.50484273328847,85.75150159200905,85.88930806929501,581000
2019-04-05,87.20304107666016,87.52458481775069,86.47726691298271,86.844748478141,746000
2019-04-08,86.72532653808594,87.20304770270138,86.52321131143496,87.14792791693418,442300
2019-04-09,85.8893051147461,86.72532590816124,85.74231668405837,86.29353556511195,724700
2019-04-10,85.74232482910156,86.04549769567569,84.7409375753313,85.88931327375238,786300
2019-04-11,86.14654541015625,86.21085416673887,85.5126468121644,85.97199707607703,461000
2019-04-12,86.88150787353516,87.276549377398,86.55996409344417,86.57833501982277,438200
2019-04-15,86.42215728759766,87.26736008039907,86.26597988201823,86.88150754574565,462100
2019-04-16,86.26600646972656,86.73454584000024,86.02714229931418,86.66104809385321,1047000
2019-04-17,86.26600646972656,86.48649269903676,85.75152925582829,86.44055485541216,1088400
2019-04-18,86.12818145751953,86.96420236991594,85.9168772349935,86.44053629789005,1373500
2019-04-22,86.32110595703125,86.55997007122124,85.65045845640252,85.97200225869912,948700
2019-04-23,88.18608093261719,88.7189290371358,86.43136618659736,86.43136618659736,526900
2019-04-24,87.73590087890625,88.25037093433254,87.4970367778317,88.18606217740425,933200
2019-04-25,88.70973205566406,89.5733129050548,85.52183969542854,87.76347151258936,1548400
2019-04-26,90.31742095947266,90.31742095947266,87.6807556803777,88.8475019348528,553100
2019-04-29,90.4093246459961,90.84110801757335,90.0877738456377,90.4093246459961,592200
2019-04-30,91.16265106201172,91.46581689130451,90.32663026681305,90.48280766510454,589400
2019-05-01,90.98809814453125,92.23753138228771,90.96972020946299,91.27289305593226,619500
2019-05-02,90.87784576416016,91.66792870260838,90.34499782722938,90.99728130709904,738700
2019-05-03,93.88201141357422,94.0657487198564,91.51176231323781,91.51176231323781,675200
2019-05-06,93.00005340576172,93.56964322199873,92.18240352373364,92.48557636670859,629900
2019-05-07,91.2821044921875,92.54990896794862,90.28071705833662,91.83332352473015,1031100
2019-05-08,91.52095031738281,92.2467245850727,90.5287520519995,90.95135345930079,972400
2019-05-09,91.96192932128906,92.1456736480916,90.51956964925374,91.01566881792651,861200
2019-05-10,92.12730407714844,92.4212880176005,90.2531538283428,91.35559886188554,758400
2019-05-13,91.0156478881836,91.71386215121476,89.91321021739986,90.1612562401315,1131300
2019-05-14,91.31881713867188,92.14564886407044,90.96052455918708,91.23613046156827,829300
2019-05-15,92.26509857177734,92.50396268265338,90.95135647565274,91.07078502652621,1189500
2019-05-16,93.58800506591797,94.20353260433765,92.77036233359874,92.82548211043417,1094900
2019-05-17,92.30186462402344,93.54210922327688,92.30186462402344,92.65096838252184,2120000
2019-05-20,91.85169219970703,92.24673375152398,91.18103765485331,92.14567612135245,817800
2019-05-21,93.22974395751953,93.32161261962098,92.08136815842731,92.26510548263022,600700
2019-05-22,91.80573272705078,93.70744230523304,91.46581105030457,92.81630178145811,1192500
2019-05-23,91.043212890625,91.18101935949268,90.12451244367797,90.84109767083615,839300
2019-05-24,91.20857238769531,91.73223132268294,90.9237775134945,91.69548246647516,934800
2019-05-28,90.78597259521484,92.54987566834814,90.78597259521484,91.62199331758825,1182900
2019-05-29,89.83971405029297,90.39093289517481,89.32524406295364,90.3174351800898,614800
2019-05-30,91.39232635498047,91.4750060333651,90.02345760038898,90.05101749318385,527900
2019-05-31,89.15988159179688,89.59166491618925,87.01930785832965,89.29768105217306,1586400
2019-06-03,91.5025634765625,91.69548973009023,89.33442985244875,89.33442985244875,677900
2019-06-04,92.25589752197266,92.6325680709161,90.99728239110783,92.0170404515057,1563900
2019-06-05,94.91094970703125,95.1406248400047,92.28346562508456,92.85306247814512,591100
2019-06-06,95.26921844482422,95.50808248572699,94.30458733389834,94.75474851899709,506500
2019-06-07,95.6734848022461,96.00421759584253,95.04876808202279,95.92153790200827,445700
2019-06-10,96.95965576171875,97.04233544587638,95.95826852910479,96.07770408505984,406300
2019-06-11,96.46356201171875,97.37307363384448,95.78372553723997,97.29958291353569,534400
2019-06-12,96.04094696044922,96.87696073457197,95.82964277056467,96.56460594245286,497000
2019-06-13,96.9988784790039,97.22914835063939,96.30806886409744,96.74097734713676,571700
2019-06-14,97.65284729003906,97.87391143373665,96.0870149222158,96.88835663174174,621300
2019-06-17,96.3909683227539,97.97522614179363,96.16991121671634,97.68048099131731,1305100
2019-06-18,97.77256774902344,98.50942696247199,96.63043140044795,97.17386480684335,621000
2019-06-19,98.702880859375,98.81340589997514,96.89755888708011,97.88311365367765,386800
2019-06-20,99.716064453125,100.79372573635479,98.61076488314076,99.39368804710908,517400
2019-06-21,99.32920837402344,99.97396823044062,98.8502501334176,99.83580490211702,723600
2019-06-24,99.37525939941406,100.31476435573758,99.10814552074476,99.66079177472886,389100
2019-06-25,99.08051300048828,99.85422336803663,98.87787440357613,99.61474075102426,582800
2019-06-26,99.09893035888672,99.90027197548838,98.48180884067072,99.30156895347184,532100
2019-06-27,100.185791015625,100.25947904517615,98.89628563486636,99.31998126386952,369500
2019-06-28,101.8253173828125,101.88057989097491,99.78972598665203,100.51737946232514,935300
2019-07-01,102.71876525878906,103.15167367444539,101.70557938675294,102.68192826906647,680900
2019-07-02,101.55821228027344,102.81088077303052,100.85818999849086,102.81088077303052,825100
2019-07-03,101.78848266601562,102.05559652532851,101.49373755009759,101.73321312552746,541000
2019-07-05,102.23059844970703,102.31349924811684,100.21343938544152,101.07004349019361,436500
2019-07-08,101.3003158569336,102.1845512407409,100.41607344584813,101.09767726386309,481100
2019-07-09,101.47532653808594,101.66875238925898,100.39766521271655,101.18979414263222,625400
2019-07-10,100.69241333007812,102.60826042744867,100.63715080734137,102.01877009399297,538700
2019-07-11,100.64635467529297,101.30953304494408,100.121339637199,100.84899329127292,398300
2019-07-12,101.72400665283203,101.72400665283203,100.36080610956147,100.85818980667595,427800
2019-07-15,102.01876831054688,102.19376863858035,100.8397876642459,101.77928567074231,340600
2019-07-16,102.03716278076172,102.44243991772169,101.49372937190842,102.12926930444972,627900
2019-07-17,100.23186492919922,102.37798172271147,100.12133286597303,102.16613035834754,785500
2019-07-18,100.80292510986328,100.83976912669695,99.90947702666021,100.13974686141243,772800
2019-07-19,99.09893035888672,101.51216094315235,99.0620933664878,101.31873511030605,538100
2019-07-22,99.4949951171875,99.93711632750517,98.97919289454877,99.1542002317776,623700
2019-07-23,100.24107360839844,100.33318014369613,99.36604395487487,99.96474697522716,415100
2019-07-24,99.6792221069336,100.4713510191899,99.40289545297303,100.13976184534872,765800
2019-07-25,96.538330078125,96.82386947189526,90.48683867533643,93.9593119634625,1800600
2019-07-26,96.95281982421875,97.26598344781189,95.50672544413914,96.53832987694305,858000
2019-07-29,95.51590728759766,97.01727083481894,95.04616196970301,97.01727083481894,683100
2019-07-30,96.04093933105469,96.21594665372984,94.93564693809438,95.21197354997328,776700
2019-07-31,95.36856079101562,96.86071193118286,94.76064502111406,95.9580510378594,752800
2019-08-01,94.39224243164062,96.4094020183695,94.18039102730226,95.32252778703658,1082100
2019-08-02,93.79351043701172,95.06459739040538,92.98295612417144,94.06983002134375,645000
2019-08-05,91.8132095336914,92.98297746647587,91.30661297188755,92.0895362087261,967600
2019-08-06,91.95136260986328,92.38427107304342,90.82764456346682,92.22768222678273,614300
2019-08-07,90.56974029541016,91.10396804107563,89.83287395467998,90.87369818800722,637000
2019-08-08,91.32502746582031,91.71187914231287,90.47763607142376,90.96580704803746,874600
2019-08-09,90.93815612792969,91.28816370804267,89.9526016257893,91.06710665888063,811300
2019-08-12,89.32627868652344,90.69868495394275,88.90257600042084,90.54210315058357,536200
2019-08-13,89.76840209960938,90.45921168515382,88.69995359481878,88.98548597478135,962600
2019-08-14,86.6551513671875,89.40917679692544,86.36961197553252,89.30785750106045,770900
2019-08-15,87.24466705322266,87.48414973392596,86.1117359724895,86.8578152802036,747900
2019-08-16,87.89861297607422,88.37757120232996,87.38281072821749,87.76966241411003,2424600
2019-08-19,88.93023681640625,89.37235108229632,88.16573907367521,88.91181128941443,679800
2019-08-20,87.50254821777344,88.80127362230989,87.39201615336229,88.4881029534509,683900
2019-08-21,87.92623901367188,88.58020454687484,87.30911749988181,88.43283549650143,594700
2019-08-22,88.13810729980469,88.79207295863444,87.23544621898309,88.35916443146894,528900
2019-08-23,86.04722595214844,88.24860490245267,85.68800558969895,87.69595873155171,586000
2019-08-26,86.59988403320312,87.04200524709559,85.97354974610116,86.69199759708619,391600
2019-08-27,86.3696060180664,87.3367421292395,85.77091007305962,87.0972595348702,447600
2019-08-28,86.84857940673828,86.9038419232421,85.59591083261083,85.96434400628566,398600
2019-08-29,88.23941802978516,88.46047513993967,86.78411074777038,87.55781414695059,445300
2019-08-30,88.67229461669922,89.17889100546168,88.10122999003264,88.96703968999459,620900
2019-09-03,87.80648803710938,88.71835454200988,87.2446291231613,88.17492114864079,650300
2019-09-04,89.12364959716797,89.20654337461849,88.05519406150447,88.55257780804315,595300
2019-09-05,90.83686065673828,90.9381799615079,89.64866728675905,89.89735565383437,641100
2019-09-06,91.14082336425781,92.09874698895813,90.8276596741933,90.98424151922556,629000
2019-09-09,90.21051788330078,91.69345626630864,89.74076542583617,91.4263423994083,670800
2019-09-10,90.50525665283203,90.6802569464407,88.58940996582537,90.02629146744158,702500
2019-09-11,92.04346466064453,92.06188315662966,90.38551893085811,90.88290264979403,497800
2019-09-12,92.41190338134766,92.67901726649781,91.03948993413356,92.25532156058746,440200
2019-09-13,94.4252700805664,94.63769310043804,92.96604294505453,93.03069220393012,1069600
2019-09-16,94.32367706298828,94.42526976176988,93.17845860409835,93.8618946307958,667000
2019-09-17,93.7972640991211,94.86860293790009,93.4278437166035,94.08357405568701,627600
2019-09-18,94.48992156982422,94.72081279215004,92.41190056889178,92.97527571506606,536900
2019-09-19,94.32367706298828,95.06253177299253,93.11380934544103,94.45297558030292,489700
2019-09-20,93.8064956665039,94.85012156760072,93.59407261865219,94.47146358609334,605900
2019-09-23,93.42782592773438,93.93578238010107,93.24310872540401,93.26158396875745,376300
2019-09-24,93.82494354248047,94.53609237598201,93.45552326383256,93.8618869795933,591500
2019-09-25,94.06507873535156,94.09278455350376,93.27081239919914,93.76953826466047,490900
2019-09-26,94.81315612792969,95.21028218723609,93.63098738506218,94.03735811061787,568200
2019-09-27,94.66539764404297,95.44118874010107,94.12049776175081,95.22877276933116,340300
2019-09-30,95.72749328613281,96.69723210200398,94.82239667841279,94.99787624586388,712400
2019-10-01,93.37240600585938,96.79883079344648,92.9383293939396,96.28163672626071,603700
2019-10-02,92.57813262939453,92.94755995485303,91.34979681313727,92.64278188288176,466400
2019-10-03,93.37240600585938,93.41858706738984,90.87878370051006,92.19948173313716,624100
2019-10-04,95.42272186279297,95.50584636494325,93.36316910717649,93.36316910717649,519500
2019-10-07,94.7392807006836,95.32112399924898,94.55456350938003,94.94246608799733,428600
2019-10-08,94.50839233398438,95.25647760406513,92.94756549024497,93.7325941996957,888600
2019-10-09,93.31698608398438,95.43195027272417,92.77207920051478,95.16411564135642,1063600
2019-10-10,93.00299835205078,94.11128064736965,92.93834907995868,93.21542141534894,1146500
2019-10-11,93.70487976074219,95.0255776501908,93.64023050935268,94.23131139241109,877900
2019-10-14,92.77208709716797,93.88036915367093,92.66126382388615,93.40934910350116,494500
2019-10-15,94.00965118408203,94.31442922464129,92.88290112837042,93.24309079585339,1113400
2019-10-16,95.50584411621094,95.54278050936276,93.80648113536293,93.9911912860844,551200
2019-10-17,96.1707992553711,96.61411345588164,95.09023013981685,95.84755298741557,511100
2019-10-18,96.00457763671875,96.80808171252917,95.74598056760505,95.74598056760505,608000
2019-10-21,97.00199890136719,97.43607543592078,96.37397462618655,96.57715998672138,566200
2019-10-22,97.20519256591797,97.98098359470015,96.53098717984199,97.31602287556115,549200
2019-10-23,96.39248657226562,97.75012127364222,96.21700695839209,97.03897928720686,808300
2019-10-24,104.97237396240234,105.3879752857425,99.8835301638618,100.48384866687307,2049900
2019-10-25,104.6676254272461,107.11507413995157,104.20584291715986,105.33259336916899,1025500
2019-10-28,106.5055160522461,107.64150410828913,105.03705107707819,105.03705107707819,807400
2019-10-29,106.6070785522461,106.8102639230776,105.50803425342465,106.0898845510312,737700
2019-10-30,107.60453796386719,108.19561887844613,106.34848925882686,106.41313851366392,670700
2019-10-31,107.17045593261719,108.07554545436611,106.5331939914185,107.49370219038465,595200
2019-11-01,109.15612030029297,109.47936655426459,108.05707599054959,108.14943105650721,554800
2019-11-04,109.10071563720703,110.27364696887004,108.46346066787908,109.47938061638288,485200
2019-11-05,108.14945220947266,109.46091272280331,107.69690736539908,109.03607369931203,593300
2019-11-06,107.66915893554688,107.92775588696537,107.17967084232778,107.75227636440063,790900
2019-11-07,106.45931243896484,108.50039686765905,105.96059364276876,108.2787362401938,528600
2019-11-08,106.81026458740234,107.0411557745579,106.02523596032147,106.58861102068019,991800
2019-11-11,106.81951141357422,107.45676635359925,106.25613630466367,106.25613630466367,388100
2019-11-12,105.93289947509766,106.77334698185481,105.46188641264848,106.5332181161754,530700
2019-11-13,107.79847717285156,107.97395672758519,105.2494365271367,105.35102921185198,580100
2019-11-14,108.23255920410156,108.57427366431114,107.60453486964057,108.03861144516745,404700
2019-11-15,110.0150375366211,110.15356661462236,108.93446140453135,109.04529171317233,677500
2019-11-18,109.35931396484375,110.42140787324495,109.07300407855507,109.88574563158049,419500
2019-11-19,110.09815216064453,110.2643940962238,108.71280504623056,109.3870104089242,668200
2019-11-20,108.51883697509766,110.28284868599371,108.35259507064796,109.93188963980077,887300
2019-11-21,109.46089935302734,109.92268176297239,107.5029464444542,108.33415619160336,717000
2019-11-22,109.95038604736328,110.37522498581517,108.68509980619322,109.31312411656555,583200
2019-11-25,110.6523208618164,110.86474391305855,108.61124304875833,109.89499784047248,562300
2019-11-26,112.82267761230469,112.94273849780882,110.70771340733421,110.75388741887882,672400
2019-11-27,112.26852416992188,113.01661637831131,111.84368524782197,112.68413251819146,463900
2019-11-29,110.8554916381836,112.26854477997892,110.63383803949277,111.97300429964422,316000
2019-12-02,111.1602554321289,111.48350168991273,110.51376291656123,111.03095692901536,602100
2019-12-03,110.9940185546875,111.09561124694399,110.11663480837086,110.13510300412646,529700
2019-12-04,112.48095703125,113.4414652619136,111.7513399989313,111.7513399989313,714800
2019-12-05,112.95199584960938,113.05358855749039,112.37014542333787,112.49021337605618,602300
2019-12-06,113.5892333984375,114.34655625671745,113.24751893016793,113.93095491294733,512400
2019-12-09,114.60515594482422,114.6790428220462,112.77650153414301,113.12745363158676,726600
2019-12-10,114.60515594482422,115.04847016191567,114.25420384738047,114.6790428220462,1142100
2019-12-11,116.08285522460938,116.13826685459414,114.30960555645859,114.4943227334742,566600
2019-12-12,114.95611572265625,116.02744726332317,114.29114791647103,114.45738986801733,978100
2019-12-13,113.60771179199219,114.82681708660904,112.99815562156354,114.82681708660904,557100
2019-12-16,112.60806274414062,114.33892351307772,112.40443040385622,114.17231587663957,726400
2019-12-17,114.33893585205078,114.40372732533874,112.30262635293721,112.62658371937697,717200
2019-12-18,114.41297149658203,114.86651175500798,113.0893683629495,114.33892208981123,484700
2019-12-19,114.47776794433594,114.84800793256328,113.06160652147625,114.33892706603314,516000
2019-12-20,114.95909881591797,115.81990396574491,114.86654056510966,115.30157211182483,1065200
2019-12-23,114.23710632324219,115.16270272591646,113.8853822324524,115.16270272591646,458000
2019-12-24,114.65363311767578,115.00535722127688,113.95943579038438,114.20934372104351,179500
2019-12-26,115.36636352539062,115.39413029444253,114.3389507000191,114.69993282117754,229100
2019-12-27,115.32006072998047,115.72732543626313,114.98685249780632,115.57923367326802,219500
2019-12-30,114.88504791259766,115.49593797191694,114.30191755854135,115.23677206422141,304100
2019-12-31,115.27377319335938,115.4311228820235,114.64436737696296,114.82948382695135,278900
2020-01-02,116.06053924560547,116.06053924560547,114.26487985822702,115.50518278343147,572400
2020-01-03,114.6258773803711,115.60701455974717,113.69102991655538,114.61662649900053,480500
2020-01-06,114.41297149658203,114.43148031740468,111.88609021901443,113.07085954212685,627400
2020-01-07,113.04310607910156,114.36670945113562,112.9783146019422,114.12605942839589,588400
2020-01-08,113.52440643310547,114.34818671177385,112.7839264456159,113.15416643936068,938700
2020-01-09,113.72803497314453,114.51479051991001,113.12639588618023,113.98720084156231,458500
2020-01-10,114.24636840820312,114.66288397981727,113.4225881448842,114.04273606235073,525300
2020-01-13,115.37560272216797,115.38486066426162,113.26524387622307,114.77396359741402,945600
2020-01-14,115.44038391113281,116.16234797183634,114.67213720582417,115.19972687031829,703100
2020-01-15,115.9957504272461,116.37524837314547,114.62586453161562,115.54221012997428,884100
2020-01-16,118.94839477539062,119.0039424261475,116.66217747440061,116.74547776531443,784700
2020-01-17,118.52262878417969,120.281256397755,118.18941349573076,119.3464090634727,975700
2020-01-21,117.68034362792969,118.60594016869474,117.22680330024235,118.19867543100094,669000
2020-01-22,119.81846618652344,120.23498179407925,118.05058051284715,118.11537198650562,786300
2020-01-23,120.14239501953125,120.28122880642076,119.0039155966039,119.32786580717202,729200
2020-01-24,118.47634887695312,120.86438947882198,118.30048328683188,120.32754182815552,682100
2020-01-27,118.1708984375,119.01319460633505,117.00465198152304,117.1434858012294,675300
2020-01-28,119.80921936035156,120.0221026116876,118.05984245062983,118.67999044259653,380800
2020-01-29,121.08655548095703,121.91033590015238,119.60559525334399,120.32755948034739,555200
2020-01-30,120.93846130371094,121.49381081789886,119.75369872526258,120.32756412696862,524200
2020-01-31,119.69815063476562,121.51231193344704,119.12427117934078,120.7625810001718,607400
2020-02-03,122.34532928466797,123.12284101937354,120.27200232140159,120.37381849359633,722300
2020-02-04,125.1868896484375,125.37200606906315,123.67816327955718,123.84477794455456,641000
2020-02-05,123.36349487304688,126.85299747656389,122.99326193899718,126.40871513100801,765000
2020-02-06,122.55825805664062,123.78003831276446,121.83629378632102,123.69673800237781,649900
2020-02-07,124.06694030761719,124.85370292913467,122.19724567217888,122.5211959513184,782600
2020-02-10,126.23284149169922,126.2513432507847,123.77075167923061,123.77075167923061,631300
2020-02-11,127.6304931640625,127.75082522135847,125.73301762818745,126.6493631926733,460600
2020-02-12,128.25990295410156,128.39873676798584,126.62159333286431,127.53792475146166,604300
2020-02-13,126.64938354492188,127.39911452567165,126.08476905811919,126.36245086078141,808800
2020-02-14,128.56532287597656,128.88003635783085,126.45496440155078,126.57529644236209,748100
2020-02-18,124.3631362915039,124.62230216075793,120.89214969597981,123.04879106214979,1034900
2020-02-19,121.4012451171875,124.66859976115961,120.68853182950622,124.00216912499987,766700
2020-02-20,120.18870544433594,122.14171453116452,117.26381725414583,119.18905957717675,1245900
2020-02-21,119.01319122314453,119.62408825944888,117.87470450173205,119.61482325607773,638700
2020-02-24,117.50445556640625,118.37451840818456,115.6995454815894,115.9494533926641,677100
2020-02-25,114.7739486694336,118.1801435575767,114.58883222208205,117.93948652662783,782900
2020-02-26,114.4592514038086,116.42151120412397,113.16341506327167,115.35707395790651,809900
2020-02-27,109.38700103759766,115.03313860482531,109.32220956128529,112.645097800613,1206900
2020-02-28,106.43433380126953,108.01710288325742,103.62977768783095,106.3232667467907,1246500
2020-03-02,111.86759185791016,111.86759185791016,106.19368794120989,106.7768111851372,912700
2020-03-03,110.46067810058594,115.23675922182474,109.43327252721677,111.7750304401593,848900
2020-03-04,115.09791564941406,115.21824770586423,111.68246959528253,112.6173169131807,772600
2020-03-05,113.52440643310547,115.44039080936368,112.42294439369337,113.16342438118295,961500
2020-03-06,110.88645935058594,111.33074169928688,106.93415848978792,110.49770346829685,970100
2020-03-09,106.44358825683594,111.08082829644276,94.5219089142968,103.9167069240949,1126900
2020-03-10,109.58138275146484,109.83129779224201,102.4080089808581,108.80388498402867,1277700
2020-03-11,106.23994445800781,107.95229623730994,105.06444023901345,107.30438163813817,1220100
2020-03-12,95.69742584228516,103.73160410342497,95.429001997893,100.32540854889238,1598800
2020-03-13,103.49095153808594,104.26845633880424,96.50270158343316,101.08440183806152,1081300
2020-03-16,90.69962310791016,96.94677052074692,87.84988594824412,92.37975920379492,1040000
2020-03-17,95.23876190185547,98.793972797531,90.09623913405004,92.41687176851049,1290300
2020-03-18,89.7435073852539,94.16199399590977,76.6644179034077,88.47179812565929,1547200
2020-03-19,87.40431213378906,92.34261816388106,86.28111969124897,88.85238465116669,1280900
2020-03-20,76.89649200439453,89.53930318983313,75.75474452963172,89.38150184486753,1202700
2020-03-23,72.96067810058594,77.60194270090321,71.81893097483223,76.36736461753695,1262400
2020-03-24,78.82725524902344,80.86941641399869,74.30666697251047,74.99357231576123,948200
2020-03-25,83.0322265625,85.55707581138682,76.71082600949148,78.67872488453757,830700
2020-03-26,89.83634185791016,90.4397078428611,82.96726689187362,82.96726689187362,745400
2020-03-27,85.04654693603516,89.483595379071,84.06259388789961,88.84309850873856,764300
2020-03-30,88.1933364868164,88.8709573413079,84.4710392574538,85.62207121602121,849700
2020-03-31,85.41785430908203,88.76884884765813,84.6381250390581,87.0422973703083,1142700
2020-04-01,78.52093505859375,82.19682397540032,76.95219196096707,82.19682397540032,1061000
2020-04-02,78.36312103271484,80.75801560908,76.69226978655983,78.12178033798689,1059200
2020-04-03,78.01038360595703,79.7090883094907,76.30239438938531,77.99181457988092,830700
2020-04-06,87.71061706542969,88.3046983719876,80.83226656087315,81.12002270192245,843300
2020-04-07,86.0954818725586,91.74854030180722,85.02798930625431,91.02450395934284,1064500
2020-04-08,87.85916137695312,89.47431986236194,84.35964306288966,85.13009487104797,856100
2020-04-09,88.51823425292969,90.79245197939144,87.40433313833833,87.9241527142129,816700
2020-04-13,88.89879608154297,89.62283944688826,85.67776378029211,88.07265139086356,816500
2020-04-14,90.89454650878906,91.99917002062116,89.92916238549194,90.73674517338719,615100
2020-04-15,87.68277740478516,89.91987053095045,86.37394435930095,89.4650214625548,623600
2020-04-16,87.23723602294922,88.62033126313217,85.53853102235647,87.59925419264805,754900
2020-04-17,90.62535858154297,91.20087812278285,88.10979322565652,89.45576463290867,767500
2020-04-20,87.20938110351562,89.40005911648102,86.62458416522766,88.77813120214165,571500
2020-04-21,84.24824523925781,86.2903990301196,83.78411873387937,85.6127782981918,603300
2020-04-22,86.29969024658203,86.47606059856824,84.56385443211127,85.70560884011257,699900
2020-04-23,88.30471801757812,91.23800131804681,85.51068118550982,87.7941830434903,1311100
2020-04-24,89.64140319824219,89.84562001704178,86.67099605754612,87.96126732322435,691500
2020-04-27,91.96202850341797,92.4261550239928,90.42113213775401,90.56964894169346,717700
2020-04-28,94.32909393310547,95.63792727910474,93.4194026694526,93.78142085549558,564400
2020-04-29,95.0159912109375,97.09527624481156,94.37549428325819,96.84465101511627,810200
2020-04-30,93.32656860351562,94.29195268852504,91.53503981650945,93.6143248016017,1215200
2020-05-01,90.4861068725586,92.75103940974522,89.83632551389996,91.82278639624015,705900
2020-05-04,87.96125030517578,89.46501553083749,87.62707868124922,89.46501553083749,666600
2020-05-05,89.79918670654297,90.88524801988734,88.08192019782996,88.71313247520644,751900
2020-05-06,90.95952606201172,92.46329874555762,89.8549096064902,90.55109948335243,838900
2020-05-07,92.95526123046875,93.94849172532722,92.02700816678761,92.02700816678761,908800
2020-05-08,94.93244934082031,96.34339813645627,94.23625945773946,94.62613117459213,409900
2020-05-11,94.38475799560547,95.32229543578096,92.84385473587133,94.30121154944734,530400
2020-05-12,92.56539916992188,96.12988763238378,92.5189836826674,94.85818543291593,538700
2020-05-13,86.94020080566406,92.68608347596373,86.10477148337192,91.61859084647988,908700
2020-05-14,86.85665130615234,86.9030667987775,83.38498633448778,85.73346578831998,1442700
2020-05-15,86.27184295654297,87.70135354022375,85.43641377361148,86.12331906535118,766100
2020-05-18,89.0008773803711,90.69958173203133,88.88020706390604,89.3164870202129,726800
2020-05-19,87.48786163330078,90.4675534714479,87.35790675552562,88.71315553947352,712900
2020-05-20,90.35615539550781,90.82028195599104,88.53678012825473,88.88952084670791,814700
2020-05-21,87.25580596923828,88.66674780074143,86.81024129075763,87.22795950471017,972800
2020-05-22,87.52497863769531,87.81273480940182,86.25326944304167,87.59924057942878,497600
2020-05-26,90.63465118408203,91.4793650821473,89.44648809925184,90.00343866001467,746100
2020-05-27,91.92491149902344,93.20590542293006,90.67177111947066,92.45401552959059,853600
2020-05-28,92.74176788330078,94.30122624654813,91.33081924701663,93.41938866037722,645400
2020-05-29,92.54682922363281,92.99239381802258,90.82956244239763,91.72996906292872,917200
2020-06-01,93.42868041992188,94.69110526313227,92.29621045039406,93.17804810495583,480400
2020-06-02,92.83458709716797,94.67252412240533,92.2312212139706,94.09701177887034,664100
2020-06-03,97.50370025634766,97.82858740422884,93.3822544889159,93.65144872059136,714800
2020-06-04,98.47836303710938,98.61760241152292,95.80499679280612,96.36194720845154,774900
2020-06-05,107.07400512695312,109.06046640697039,101.44879300522288,101.95932801565151,1535500
2020-06-08,107.25038146972656,108.32715155823465,106.11791137039184,106.69343093553202,707900
2020-06-09,104.23353576660156,105.48667596688541,103.76012472844677,105.42169853670799,612100
2020-06-10,101.19815826416016,104.35422048310137,100.95681753713062,103.86224743229768,663200
2020-06-11,94.27339172363281,97.92142704413467,94.10630586612854,97.70793277632966,734400
2020-06-12,95.06242370605469,97.38305695248302,92.24053282855658,97.37377243653432,732000
2020-06-15,95.5838623046875,96.12393843066809,91.69160153835185,92.31547890584235,540700
2020-06-16,97.33443450927734,99.45748429839355,95.03446153633227,99.34574932267638,472600
2020-06-17,97.07372283935547,98.73119150272099,96.50571295752232,98.28423733275262,481300
2020-06-18,95.90044403076172,98.01418732813207,95.13689090453725,96.35671886663563,563400
2020-06-19,95.66767120361328,97.7627876595582,94.8948114212857,97.7627876595582,969000
2020-06-22,95.63043212890625,95.77942161093553,93.49807522498598,95.18347789123746,709800
2020-06-23,95.59315490722656,97.68827073489767,95.36967077057943,97.0550798894777,466700
2020-06-24,91.09566497802734,94.95067867883395,90.983922876479,94.60614586054992,560200
2020-06-25,91.25394439697266,91.48673507145473,88.53495102403187,90.39727641988846,716200
2020-06-26,90.3693618774414,91.73816536670704,89.70822996973133,90.97461207633319,837500
2020-06-29,92.92073059082031,92.93935071975154,90.32278569612777,91.37499703383585,515200
2020-06-30,95.1834487915039,95.66765025164868,92.54825674347741,92.54825674347741,805900
2020-07-01,94.87618255615234,96.24499308720203,94.07538193396286,95.23933550060936,804500
2020-07-02,95.34174346923828,97.3996120797966,95.25794224049048,96.28221973791578,453000
2020-07-06,96.81299591064453,97.80933980660652,96.2822334072668,97.21339619243533,397800
2020-07-07,95.02516174316406,96.6267557100786,94.98791438055564,96.03081211675969,514800
2020-07-08,95.43486022949219,96.34740277357251,94.72718171405816,95.81664033489328,700000
2020-07-09,93.60980224609375,96.0773852740611,93.17215456023202,95.49075522308985,473700
2020-07-10,94.5223159790039,94.73647939516749,92.65999080927037,93.36766925874026,436600
2020-07-13,94.74581909179688,96.41260143004459,94.51302838149762,94.99722993306824,499900
2020-07-14,97.06439971923828,97.19476193140031,94.18711033110942,94.55957683908996,548900
2020-07-15,99.44817352294922,100.36070893848495,98.2749065987675,98.65667958977937,722900
2020-07-16,100.01619720458984,100.49108510543584,98.83361650042464,99.3736926156464,586100
2020-07-17,99.4947280883789,100.12791897681738,97.69758388326727,100.12791897681738,750300
2020-07-20,100.12792205810547,101.05908474009914,99.30850145546574,99.63440697332203,635500
2020-07-21,102.26029205322266,102.5955112087152,100.96597641004068,101.57123361324709,774300
2020-07-22,103.91775512695312,104.66268812310062,101.82263906752178,101.82263906752178,1117100
2020-07-23,95.50005340576172,102.42790683211702,95.30451007249631,101.21739236423596,1622500
2020-07-24,94.06605529785156,96.17048504428146,93.488738955387,95.67696993699745,873700
2020-07-27,94.41059112548828,95.0530956995424,93.66565808008616,94.68062917684135,732500
2020-07-28,91.72882843017578,94.21503083233766,91.69158107419274,93.86119160680896,658000
2020-07-29,91.45879364013672,92.78104285505087,91.07701355605485,91.87781397730302,570900
2020-07-30,90.86283874511719,91.14218323348543,88.86083794288396,90.2855154357597,721800
2020-07-31,92.61343383789062,92.65999481082741,89.89444067766851,91.04908034358898,896500
2020-08-03,93.53528594970703,93.96362702315199,92.1944165559826,93.22800767243709,703500
2020-08-04,92.56690979003906,93.17216000795932,91.51469113802952,92.74382591493774,700800
2020-08-05,93.52598571777344,94.07536831165865,92.81830006254823,93.06040435853197,748200
2020-08-06,92.37134552001953,93.75878318604684,91.45880996818998,92.92073525789135,810500
2020-08-07,93.21870422363281,93.21870422363281,91.84058021665213,92.74380922811952,693000
2020-08-10,95.27655029296875,95.34173138624772,93.28386303649025,93.55390102413348,449700
2020-08-11,96.98990631103516,98.89878550614404,95.57453508604365,96.13323126255827,759400
2020-08-12,96.99922180175781,97.78140220464985,96.40327821108195,97.57654526331604,407000
2020-08-13,95.62110900878906,97.474120968423,95.31382358362427,96.7757488771621,453800
2020-08-14,94.56889343261719,95.77940793654707,94.13124577190086,95.37900764102028,490900
2020-08-17,95.22069549560547,95.79801179747514,94.04742855612331,94.47576252674534,638500
2020-08-18,93.66566467285156,95.7514745051064,93.50736869842937,95.35107420825653,959000
2020-08-19,93.77738952636719,94.31746556778587,92.65068357360511,93.83325701195974,565900
2020-08-20,92.501708984375,93.2745758120682,92.03612758516826,92.79968789990734,376300
2020-08-21,93.3676986694336,93.64705037457172,92.41791565954014,92.51103052651652,584800
2020-08-24,95.816650390625,95.9004516298498,93.507363596697,93.53529734310527,522300
2020-08-25,95.0531005859375,96.50571228451722,93.82396597078349,96.20774047188013,534700
2020-08-26,95.40691375732422,95.95630335449614,94.42919734504504,95.03444731751034,471300
2020-08-27,96.13324737548828,96.74781824560795,95.4721226269771,95.79802819255183,591500
2020-08-28,96.84093475341797,97.65104897665879,95.13690506188141,96.21705735953583,622800
2020-08-31,96.27291107177734,97.20407377261992,96.15186247818255,96.62675034058279,866900
2020-09-01,95.07172393798828,95.91908552701464,93.68429330439827,95.8818381611467,593700
2020-09-02,97.58585357666016,98.16316990263606,94.97859518098919,95.30450070439616,635100
2020-09-03,93.50736236572266,98.08868142577948,92.97659987832836,97.71622200629497,591200
2020-09-04,92.80897521972656,95.02514676833401,92.09198313907567,94.43850977995821,583200
2020-09-08,91.25394439697266,92.38065040896097,90.67662096674238,92.1385461183215,775600
2020-09-09,91.8964614868164,93.1535298799192,91.74747202477323,92.12925219310242,584700
2020-09-10,90.33209991455078,92.5110173286251,89.96894701220506,92.18511178859791,537900
2020-09-11,91.22602844238281,92.07338296854931,90.59283740014685,90.6952658852298,649200
2020-09-14,92.31546783447266,92.60412599288811,91.13289435278342,92.3340950664909,590500
2020-09-15,94.2772445678711,94.5107890741097,92.60506504793712,93.17491421333634,684400
2020-09-16,96.99571228027344,98.2381708439083,94.51079515300371,94.8097318551281,885300
2020-09-17,97.13581085205078,98.4903658121715,95.17403176882628,95.734544151011,1244000
2020-09-18,96.45387268066406,98.71458159373807,96.0428321047553,97.20121788645962,1464900
2020-09-21,91.33458709716797,94.80039402130896,89.41952632309241,94.744338490402,984900
2020-09-22,91.75496673583984,92.38086430192227,89.96134663876214,91.23182932266202,845800
2020-09-23,89.09255981445312,92.67045619353911,88.81230355919986,92.47427966574688,781700
2020-09-24,89.33543395996094,90.26027525343275,87.82207025648357,88.7469044227433,716100
2020-09-25,90.83946990966797,91.61483938738732,88.40126467399526,89.00848182072984,637300
2020-09-28,92.67980194091797,94.09041276853267,91.97916841509257,92.42757700759445,614500
2020-09-29,92.64242553710938,93.875540145304,92.09126396799164,92.50229741924842,482400
2020-09-30,92.3995361328125,95.0245736551583,91.45601449267939,93.36173819428966,1442800
2020-10-01,92.01654052734375,94.98722709544703,91.7082600515941,93.36175923809635,872400
2020-10-02,92.31547546386719,93.12821294062915,89.98003031741516,90.17620685445158,1666000
2020-10-05,94.1651611328125,94.5575142484559,92.98809465866857,93.31505558837141,970900
2020-10-06,94.2212142944336,95.99615430877277,93.82886115899841,94.36134245057876,669600
2020-10-07,94.87511444091797,95.65982765914175,94.09040834990662,95.0245863404701,684100
2020-10-08,96.86491394042969,96.93964275976715,95.33286267222357,95.94007263810569,517500
2020-10-09,97.14517211914062,98.44367902102357,97.0704432928261,97.78041346969732,484700
2020-10-12,100.66703033447266,100.97530367940752,97.78976018218515,97.78976018218515,570200
2020-10-13,98.12606811523438,100.13455244822589,97.89252359110078,99.69548760250062,700300
2020-10-14,97.6029281616211,99.05089989782917,97.07978359445805,98.08869762340133,473100
2020-10-15,97.92056274414062,97.9392431729496,96.16431022030842,96.17364687110573,357200
2020-10-16,98.079345703125,99.27509239641604,98.02329730413089,98.30355355352644,386500
2020-10-19,97.08912658691406,98.87340298503047,96.9209742501145,98.22882496664299,569500
2020-10-20,98.36894989013672,100.52689886926406,97.79910071887761,98.1634295821793,576800
2020-10-21,97.06109619140625,100.05980673362623,96.36980646299484,98.23816247388923,1155400
2020-10-22,95.25814056396484,98.55578806698962,93.25900003022382,98.08869902401811,1536900
2020-10-23,96.10822296142578,97.16384858471704,95.0432606904185,96.3604549939976,764500
2020-10-26,94.20249938964844,95.407589779085,93.32437697869459,94.92182038965598,715400
2020-10-27,92.72652435302734,94.32396812028001,92.4836360405334,94.20252040042624,683600
2020-10-28,90.01740264892578,92.45560806992823,89.75583392022584,90.59659563905657,994100
2020-10-29,91.65220642089844,92.36218371410793,89.37280976371743,89.47556991644036,776500
2020-10-30,92.01654052734375,92.08193270760461,89.49426257189572,90.71803357129737,912200
2020-11-02,94.82842254638672,95.08999127850046,93.04413892384694,93.31505143274,901900
2020-11-03,97.22924041748047,97.7710653260324,95.46364470445091,96.04283045816119,726100
2020-11-04,94.86579132080078,98.00463038688052,94.57619125592365,97.40674983062458,814000
2020-11-05,97.27593231201172,97.82710092335599,96.0895296351082,96.0895296351082,741000
2020-11-06,96.06150817871094,97.85512790568784,95.72520358900137,97.15449453166144,749700
2020-11-09,104.5064926147461,107.18757884121332,98.50906459938538,99.25640983016805,1144200
2020-11-10,107.57061767578125,108.89714896633966,104.00205735230452,105.16978006453138,971000
2020-11-11,104.9642562866211,110.55063756758098,104.05810235127804,110.55063756758098,980600
2020-11-12,102.89971160888672,104.27295445572885,101.21818830107742,104.27295445572885,906000
2020-11-13,106.49629211425781,107.36507794027843,103.69375811125103,103.69375811125103,611600
2020-11-16,110.47589874267578,110.5879955478217,107.9629574948648,108.78503161719101,548700
2020-11-17,107.86019897460938,109.42027463906432,106.83260452431266,109.18673012185083,813300
2020-11-18,107.0194320678711,108.75700376137526,106.972727443034,108.25254677353088,691900
2020-11-19,106.61773681640625,107.11285716296507,104.50649958399546,106.40287985909634,584100
2020-11-20,105.56211853027344,107.1221941466942,104.58122873729285,106.44958481747469,490100
2020-11-23,106.6457748413086,107.21561692273028,105.28186854944538,106.32815058257464,780100
2020-11-24,109.10265350341797,109.96209558461821,107.29034583579819,108.29925982357906,668500
2020-11-25,107.62667083740234,109.01859437621582,106.27211528229573,109.01859437621582,547300
2020-11-27,106.75785827636719,109.28947974363683,106.59904973050297,108.00031669869584,326500
2020-11-30,106.53364562988281,106.63640576622255,105.18842721031639,106.30944493569226,956800
2020-12-01,107.43045806884766,108.87843665892117,107.19691359478495,108.26187582633398,734500
2020-12-02,106.06658172607422,108.33663478125315,105.13240363138681,106.85128790454928,553900
2020-12-03,106.28141784667969,107.75742065725967,106.02919294656856,106.47760148002506,575600
2020-12-04,107.0007553100586,108.39267861684549,106.37485772353443,106.767210796232,840300
2020-12-07,104.8241195678711,107.16890850103707,104.47847111885045,107.16890850103707,654200
2020-12-08,105.67422485351562,106.09460213018943,102.82497891584168,104.21690223147294,693300
2020-12-09,104.03007507324219,107.75744374273765,103.82455474834535,106.37486412887175,1154200
2020-12-10,103.36680603027344,105.11371447934988,101.79738656998278,103.24535831839496,674700
2020-12-11,102.3672103881836,103.21730852449274,101.69460119665337,102.53536268606615,518700
2020-12-14,102.4699935913086,103.63771616527387,101.6572561140321,102.90905841947361,822500
2020-12-15,104.65299987792969,105.48685044696232,102.70422961043094,103.0508822515389,562500
2020-12-16,104.18453216552734,105.09333725682589,103.76292494596645,104.68110115158538,674700
2020-12-17,105.70233154296875,105.76791504740262,104.0721078984223,104.98091299419603,1232900
2020-12-18,106.57367706298828,107.15456473325114,105.48685635373529,106.45188114822044,1351200
2020-12-21,105.67422485351562,106.45186293678323,103.83787958989275,104.6998362578669,595000
2020-12-22,105.2994384765625,106.77038862489565,105.01836228595027,105.49618895076527,479900
2020-12-23,105.64612579345703,106.28322579717464,104.65299490209156,105.66486087530183,564900
2020-12-24,105.89906311035156,106.07707851113813,105.08395500793856,105.90843422304154,138800
2020-12-28,107.29508209228516,108.16640991288135,106.3300645685416,106.3300645685416,428500
2020-12-29,106.37691497802734,107.9228201270208,105.58054176432353,107.9228201270208,324000
2020-12-30,107.68858337402344,107.97902357956794,106.27384535863752,106.31132266710547,390300
2020-12-31,109.03775024414062,109.2907203345363,106.84538091706858,107.9415655806046,375900
2021-01-04,107.25758361816406,109.431217038543,106.53615808341523,109.07518625326696,770800
2021-01-05,107.46372985839844,108.57865666133307,106.62051535500446,106.94843290055394,686400
2021-01-06,109.9090576171875,112.71042743104104,108.50369072726463,108.50369072726463,942800
2021-01-07,112.80411529541016,113.37563172654224,110.37751145455881,110.98650519324806,839500
2021-01-08,112.4106216430664,113.67545047659864,110.6398526984421,112.75727425153663,530100
2021-01-11,112.73854064941406,113.35689840251327,110.93967263376862,111.03336233598776,509100
2021-01-12,112.31692504882812,113.64734453894445,111.7454085790057,112.68231988716497,684500
2021-01-13,109.62798309326172,112.45745181288733,109.59050578695383,111.89530651439952,435600
2021-01-14,108.94404602050781,110.26509439913299,108.40063574498542,109.95591195119101,556600
2021-01-15,107.19203186035156,108.26011023623266,105.92719580906454,108.02588239681897,504300
2021-01-19,107.47309875488281,109.08458740039329,107.37940905066932,107.67922039299224,377800
2021-01-20,106.98590850830078,107.81038791655756,106.03025493584748,107.79165283485308,718300
2021-01-21,107.78225708007812,108.68169090566762,106.57364086654907,106.96714182498235,928100
2021-01-22,106.4424819946289,107.2388550849469,105.1870172697437,107.04210459073177,582000
2021-01-25,105.01839447021484,105.79603264090356,104.10959642459308,105.68360784865618,615800
2021-01-26,104.24075317382812,106.37690979279265,103.54743366565717,105.65548408932993,551700
2021-01-27,105.07460021972656,106.50807331722083,101.34569022495971,103.01339113964103,855400
2021-01-28,103.50996398925781,107.59489069761635,103.16330423354711,106.02088656937136,1184700
2021-01-29,100.25889587402344,102.47000745922506,99.88412986587507,102.30136311296164,772500
2021-02-01,103.36005401611328,103.79103235503624,101.27073867831072,101.27073867831072,565800
2021-02-02,103.89407348632812,105.04647730864808,102.92905617677724,103.79101269132127,648400
2021-02-03,104.4000244140625,104.82163163163473,103.07897607568877,103.50059044132682,425400
2021-02-04,104.81226348876953,106.15204685424088,104.0158832125434,104.52181614230868,428300
2021-02-05,106.61113739013672,107.24823735829867,105.26198283448414,105.26198283448414,1395700
2021-02-08,109.64672088623047,109.79663011517242,106.55491809399021,107.6136252181472,682100
2021-02-09,109.35627746582031,109.92779387519552,108.70980644418421,109.2063682412985,447500
2021-02-10,110.47119903564453,111.08955668833119,108.6535890858698,110.255706322274,448100
2021-02-11,111.59550476074219,111.95152847903263,110.36815325341708,110.67732854779771,522300
2021-02-12,110.79913330078125,113.00087344527094,109.95591169385204,110.96777762216709,668800
2021-02-16,102.88221740722656,110.3400297610886,102.66673183242013,109.5623988914005,1336300
2021-02-17,102.4043960571289,103.29445882954063,101.42063644714534,102.02025903766662,838700
2021-02-18,101.47686004638672,103.24762182160839,101.25200333710652,102.0015352321284,713700
2021-02-19,102.1795425415039,102.43251259158563,100.79291784144307,101.52370750067323,914000
2021-02-22,102.11396789550781,102.36693796753396,99.79979567515413,101.57992870220053,620500
2021-02-23,101.92658996582031,102.70422812735025,100.1089795998507,102.14207558046762,496200
2021-02-24,102.43250274658203,103.80976334802091,101.19578025411828,101.76729665536931,569800
2021-02-25,100.80228424072266,103.05087281051901,100.30572239095609,101.99216560531987,574300
2021-02-26,101.91719818115234,102.62925268754604,100.17454279459663,100.81164269019834,1288600
2021-03-01,104.65299987792969,105.91783597861365,101.1864305784502,102.82602551837878,928200
2021-03-02,105.67422485351562,106.85473507586813,103.997152793049,105.29945890933291,763400
2021-03-03,105.07460021972656,106.40501250581326,104.43750027105514,105.06522910558067,894800
2021-03-04,103.43500518798828,104.57803807611012,100.95218890366777,104.53118965358748,1101500
2021-03-05,106.16139221191406,106.68606727751883,103.69731864424867,104.57801734703244,1082800
2021-03-08,109.14077758789062,111.98898833450396,106.33004414495092,107.07957592229408,1233900
2021-03-09,107.22013092041016,109.74978855846777,106.98590309658756,108.93467315826143,721900
2021-03-10,108.63484954833984,109.12204736972922,106.7422920909591,107.15453530166316,636700
2021-03-11,107.74478912353516,109.20636832339528,107.43560670877544,108.99088274806475,527700
2021-03-12,109.89031219482422,109.89968330800012,108.30693002714992,108.9534010230529,437700
2021-03-15,110.67733001708984,110.70544336064849,109.07521254141517,109.16890224241266,1375100
2021-03-16,114.02293395996094,115.34801334754651,111.3821606051292,111.73927979249825,859800
2021-03-17,115.1788558959961,116.1186311749645,113.74100086636103,113.89136835255584,1109500
2021-03-18,114.6337661743164,115.9870373993495,114.2108630909378,114.55858244794935,678400
2021-03-19,112.69783782958984,114.40822836985853,112.50988566161485,114.40822836985853,1024600
2021-03-22,113.1959228515625,113.65641787361614,111.10962787721964,112.19036364877925,719400
2021-03-23,112.10577392578125,113.77857247728204,111.85203063049084,112.19035024426799,612300
2021-03-24,114.32363891601562,115.88366180681467,112.63204091884576,113.1771121812577,1272800
2021-03-25,116.04344940185547,116.23140158126044,113.26170839123287,114.69017076640837,718400
2021-03-26,119.11650848388672,119.1822924621305,116.29718283929769,117.05839846896365,471000
2021-03-29,118.6748046875,120.67653034393575,118.1297333802132,119.10710039571924,812800
2021-03-30,117.74442291259766,118.69359776934562,116.94561551311928,118.25190232600998,578300
2021-03-31,118.05458068847656,119.02254814064129,116.61671839680693,117.23697356222327,592900
2021-04-01,120.05628204345703,120.29122584393346,117.11478824266177,118.27070772585299,735800
2021-04-05,122.19896697998047,122.22715908853351,120.7141204569172,121.18400805257653,631400
2021-04-06,123.5804443359375,126.3433858420799,123.11994930496971,125.58217019035335,1515400
2021-04-07,123.44886779785156,123.98453219191452,121.87944497337773,122.87560436641121,534700
2021-04-08,122.96958923339844,123.60862947888675,121.73847169018173,123.32669405418193,544400
2021-04-09,123.7590103149414,124.78336194014754,122.80982809393119,123.83419405897024,558500
2021-04-12,123.6838150024414,124.45442321195235,123.00717570930267,124.200694231899,478000
2021-04-13,121.55052185058594,122.94139948183945,121.17461750366057,122.80042459686871,490900
2021-04-14,122.39632415771484,123.31729981559242,121.5223257868004,121.57871000302109,310900
2021-04-15,122.6688461303711,122.97897364293497,121.68207937945523,122.2647497090436,559400
2021-04-16,124.99948120117188,125.11226396453824,123.62741758204639,124.05031351013767,636100
2021-04-19,124.36986541748047,125.33783287332241,123.95636197229871,125.19687230784396,488300
2021-04-20,124.47322845458984,125.27204314955763,123.62743646919166,124.70817226607069,675600
2021-04-21,125.0746841430664,126.70989823468132,124.58601133945646,124.69877978031533,700600
2021-04-22,127.33012390136719,131.31476084870863,126.55010890615127,126.55010890615127,1119300
2021-04-23,130.01791381835938,130.46900193099495,126.21182112217582,126.6629092348114,938100
2021-04-26,128.04437255859375,131.765888705419,127.48050169579753,130.87309078268638,932800
2021-04-27,129.36004638671875,130.28103637779884,126.86964792268732,128.08195158220065,817100
2021-04-28,128.27928161621094,129.52918402966105,127.79059462347358,129.52918402966105,519000
2021-04-29,128.95596313476562,129.90513099099064,128.504875022284,129.00295476602741,840300
2021-04-30,126.2869873046875,128.3074981101995,125.86407702182309,128.07255432631064,893200
2021-05-03,127.87522888183594,128.87138838152927,127.03881511869156,127.63087813221345,985500
2021-05-04,129.134521484375,129.47284115043183,127.45231574431965,127.47111526460958,917600
2021-05-05,128.0349578857422,129.42582094362757,126.66288000416675,129.42582094362757,917200
2021-05-06,131.7188720703125,131.8504400013428,128.1007324572355,128.42025252690496,799100
2021-05-07,132.7432403564453,133.63602388379684,131.4745381640089,131.6718972556573,674800
2021-05-10,133.96490478515625,136.04179912761413,133.4104410774255,133.4104410774255,872700
2021-05-11,131.32420349121094,133.47628258438317,130.69455577102664,133.1191633873286,605100
2021-05-12,127.23615264892578,131.2395894891567,126.79445719629152,131.14562058125748,796200
2021-05-13,130.8261260986328,131.5591496869932,127.42412975436648,127.62148887730955,660200
2021-05-14,131.803466796875,132.9123946076621,131.09863542362967,131.18321174685968,500500
2021-05-17,130.56298828125,131.83169079593495,130.27166020420657,131.12685925218432,360900
2021-05-18,128.92779541015625,131.0046911103382,128.85261165388317,130.60998714478103,506500
2021-05-19,129.3694610595703,129.67958860494656,127.2361672812844,127.36773523933809,549200
2021-05-20,129.34127807617188,130.3280306612829,128.92777465316047,129.91454157810443,427500
2021-05-21,129.2284698486328,131.08923488585305,128.71160501145732,129.91451600167215,471900
2021-05-24,130.37503051757812,130.5347906065765,129.05935076121855,129.6889985260359,660100
2021-05-25,130.8543243408203,131.69072382517618,129.92394158592992,130.44082089420235,640100
2021-05-26,130.69451904296875,131.50271179472742,130.2904083272606,130.60053580494485,410600
2021-05-27,131.7376708984375,132.05720534104972,130.63813571663175,131.4933345268686,813300
2021-05-28,132.0196075439453,132.72443889836816,131.68128792022912,131.70948002721957,450700
2021-06-01,130.96705627441406,134.2468764797771,130.80729623092026,133.12854183549058,630000
2021-06-02,130.0084991455078,131.11744135032453,129.51982636085256,131.11744135032453,692000
2021-06-03,129.63259887695312,130.14947812682777,128.73040833718719,129.18151077698624,718400
2021-06-04,130.468994140625,131.01406548326975,129.8487390603915,130.57236998733057,432400
2021-06-07,129.68896484375,130.80729951612327,129.39763685477817,130.80729951612327,388600
2021-06-08,130.6287841796875,131.23963247049304,129.0217618921222,129.84876885553217,574700
2021-06-09,129.77357482910156,130.95770094932124,129.74538271574718,130.50659845598332,570100
2021-06-10,130.30926513671875,131.2208484550025,129.16273795990486,130.46902523973904,791900
2021-06-11,130.34686279296875,131.2114545574664,129.58564691008695,130.82615748947694,601600
2021-06-14,129.98031616210938,130.3656274669268,128.80559706681183,130.3656274669268,609800
2021-06-15,130.49855041503906,130.74352446744314,129.04752592775225,130.08396788231275,724900
2021-06-16,131.0921630859375,131.308871462028,129.8389983420128,130.71526332615426,878300
2021-06-17,128.6706085205078,131.16752047635086,127.06882435439816,130.80005225955364,662500
2021-06-18,126.87095642089844,127.83203271845852,126.07007148731002,126.89922210224543,885700
2021-06-21,129.81072998046875,130.102818302493,128.1147170395556,128.18066551037293,1017300
2021-06-22,130.6775360107422,131.0261555896516,129.11343488943095,130.17815657929054,589600
2021-06-23,130.16876220703125,131.20521851713502,129.7447625809906,131.0073443571134,910500
2021-06-24,130.705810546875,131.2146071121343,129.3018862822446,131.2146071121343,621500
2021-06-25,130.8282928466797,132.11913990833776,130.2158363513178,131.2051780920943,785200
2021-06-28,131.2805633544922,131.69514576765548,130.1121960426003,131.26171477827992,401300
2021-06-29,131.148681640625,132.8258458703259,131.06388459443048,131.97784665387195,395200
2021-06-30,131.25230407714844,131.51612664797673,130.62101332714846,130.62101332714846,509800
2021-07-01,132.1097412109375,132.778714771318,131.7045758572929,132.08146115520424,430100
2021-07-02,131.94955444335938,132.5996938254883,131.2899979604942,132.04378295973427,362400
2021-07-06,130.55506896972656,132.41125870537218,128.78367627729224,131.38423395380286,379700
2021-07-07,131.9307098388672,132.02492397056008,129.82011488287046,129.82011488287046,516500
2021-07-08,129.57516479492188,130.64930385971672,128.88732818267044,130.23472134747055,441000
2021-07-09,130.28182983398438,131.9684111133803,130.11222136956107,131.43134879342333,853400
2021-07-12,130.14053344726562,130.60223036680546,129.34906533713365,129.98978788623504,506900
2021-07-13,126.29619598388672,129.980309782321,126.27736178130033,129.66937291259916,780200
2021-07-14,128.02049255371094,128.67063206638187,126.27737966879857,126.76732779601663,758500
2021-07-15,129.38670349121094,129.57514613948624,127.22899419328921,127.29495702767443,1088400
2021-07-16,130.49855041503906,130.88486726392088,129.94263946309027,130.2064620971424,1083200
2021-07-19,128.0581817626953,129.019243752168,126.92751129568009,128.14297881283906,1012800
2021-07-20,133.1839141845703,134.03191351035903,128.58583761245603,128.76486320678518,1070500
2021-07-21,132.354736328125,133.1744698893228,129.98031831624448,132.38300201111426,1212500
2021-07-22,128.1147003173828,131.90245966148225,126.9463328045315,131.33711729588404,1260700
2021-07-23,131.13922119140625,131.57265218274054,129.16996909723252,129.9049054230701,710200
2021-07-26,130.0745391845703,132.0343745608583,129.9803106619852,130.9885012200809,1442400
2021-07-27,128.80252075195312,130.61159616907202,127.42687639285651,129.01922909233755,676900
2021-07-28,127.75666046142578,129.56573606273517,127.7095461972618,128.90617949620386,702900
2021-07-29,127.67184448242188,129.86723659620912,127.49281893149568,128.73656631019173,576900
2021-07-30,128.70831298828125,129.15116116921976,127.47398259161498,127.47398259161498,571800
2021-08-02,128.02049255371094,130.56451923411998,127.86031554551397,129.1323288857185,747500
2021-08-03,129.848388671875,129.93318570887152,127.46455389462066,128.59522418633276,424600
2021-08-04,127.64360046386719,129.82014436867811,127.61533478021421,128.8308023090581,564000
2021-08-05,129.3678741455078,129.42440551066932,127.25727879019922,128.4350634885792,612400
2021-08-06,129.59396362304688,131.02615344424586,129.21707837511323,130.2535343728067,487400
2021-08-09,128.48216247558594,129.48092148070015,127.46455489190744,129.01922475801874,439600
2021-08-10,128.59524536132812,130.0462842160488,128.28430846388798,128.3408542084495,447400
2021-08-11,129.245361328125,129.84838643178517,128.34083086126105,128.7553989385097,364300
2021-08-12,129.179443359375,130.03685977200192,128.89677213029478,129.40556884083443,346000
2021-08-13,130.03684997558594,130.25357271533218,128.91561100088836,128.98155946892712,370300
2021-08-16,131.8835906982422,132.15683036045576,128.95326245654877,130.1121983119223,427000
2021-08-17,131.99667358398438,132.05320494499915,130.14048388531373,131.32769997563815,903800
2021-08-18,131.8742218017578,134.04133444681062,131.610384765499,131.610384765499,822000
2021-08-19,132.11920166015625,132.61858131350075,130.3572400295731,130.5079855718463,431800
2021-08-20,130.5739288330078,132.43011872905518,130.47970030312774,132.2039788836961,657500
2021-08-23,131.054443359375,131.65746849395737,130.64929236177036,131.29000027721582,1083600
2021-08-24,132.2887420654297,132.38297057118518,131.03559207784028,131.48785727551356,546000
2021-08-25,132.9860382080078,133.64559482772572,131.9213161365129,132.68453277210364,395200
2021-08-26,131.94955444335938,133.04254197339486,131.42190925706723,133.00485919319672,589900
2021-08-27,133.31581115722656,133.9471020321931,132.778734432062,132.778734432062,355200
2021-08-30,134.81393432617188,135.5394536446647,133.01427605827217,133.73979537676502,658500
2021-08-31,135.67137145996094,136.37804223371685,134.64433234205623,134.73856086279181,1046700
2021-09-01,136.1990203857422,136.89625970009075,135.5111981728226,136.48169157840564,529800
2021-09-02,139.1764678955078,139.31779630773258,136.5193787276459,136.74551856446007,575100
2021-09-03,139.57217407226562,140.10923630917637,138.3190096831383,138.77127488957657,1141500
2021-09-07,134.8798828125,139.4779583611036,134.40876898587268,139.24240144778992,1496500
2021-09-08,136.48171997070312,136.65131409522942,133.10854229163948,134.43707273220002,844700
2021-09-09,135.00241088867188,137.20722070007133,134.60667690026094,136.66072679876387,1017300
2021-09-10,136.20843505859375,139.76063754052848,136.05767517489406,138.96916971698585,1018300
2021-09-13,134.05075073242188,137.29201660677128,133.47599120961857,137.29201660677128,857100
2021-09-14,131.49729919433594,134.27686811172944,130.9885025480783,134.27686811172944,1120800
2021-09-15,133.39610290527344,134.58637518700021,130.8643941224016,130.9588663541235,998100
2021-09-16,133.38662719726562,134.42576393391965,133.05600326428416,133.76450165352009,602100
2021-09-17,130.77932739257812,134.11399120297827,130.4770278990503,133.39605152749954,1796700
2021-09-20,129.66465759277344,130.25980090241117,128.0587306583118,128.54996028554356,559600
2021-09-21,127.82254791259766,130.29756422654336,127.27464078690817,130.29756422654336,569100
2021-09-22,128.82388305664062,129.84412236562636,128.21929840106782,128.81444160158495,501400
2021-09-23,130.94940185546875,131.82794742640075,129.48518326131176,129.48518326131176,523100
2021-09-24,129.74021911621094,131.78069789796677,129.5512890988861,130.65654483539473,409100
2021-09-27,129.31509399414062,130.52426313136888,129.1072666973264,129.41900764254774,539000
2021-09-28,127.14237976074219,129.95749008709745,126.47167610025764,128.48380149614627,509200
2021-09-29,127.73753356933594,128.60662317093687,127.20852376092112,127.53914768396228,484900
2021-09-30,124.86575317382812,129.0506246216044,124.76185391129279,128.54995356376557,916300
2021-10-01,125.13970184326172,126.04657165041456,122.16401456779015,125.03578817635507,1031100
2021-10-04,123.0519790649414,125.67814493333202,122.04119565647137,124.3083844416719,1058100
2021-10-05,122.51353454589844,124.88463712076492,122.26791256422285,122.90085042897489,952100
2021-10-06,122.16402435302734,122.40019048632865,120.10464817513284,120.66200399747748,727200
2021-10-07,124.26114654541016,125.46087434735921,122.6174397449169,123.26926047522333,694800
2021-10-08,124.17613983154297,124.79962183183312,123.13701757882838,124.07222616482794,655100
2021-10-11,121.95618438720703,124.67680815959491,121.92784560729723,123.72270226894929,510500
2021-10-12,121.25713348388672,123.37318711272513,120.9076050309546,122.23957820279695,534000
2021-10-13,121.78614807128906,122.85362359047996,120.78480598736402,121.57832072393444,590700
2021-10-14,125.03582000732422,125.25308885182721,121.59724108308646,122.89142710676174,472200
2021-10-15,126.67950439453125,127.04792294148267,125.6781480019428,126.15993608102666,519900
2021-10-18,127.36911010742188,127.66195378195533,125.30029264612337,125.50811997923144,421800
2021-10-19,127.26519775390625,128.3326732109352,126.29219450905953,128.3326732109352,707400
2021-10-20,129.27734375,130.02362236933985,127.59584207807693,127.76587477067217,625400
2021-10-21,124.24227905273438,126.81176764540724,122.05065049421609,123.1275674474366,1246300
2021-10-22,126.1316146850586,127.52971418227372,124.79963421080106,124.79963421080106,865500
2021-10-25,123.85494995117188,126.15047752221545,123.48653141207471,126.15047752221545,794400
2021-10-26,122.3246078491211,124.63903292605177,122.30571052361114,123.9399760265425,750400
2021-10-27,120.3407974243164,123.87384747200531,120.06684388325706,122.43795354695062,788200
2021-10-28,120.86982727050781,121.90896404971556,120.31247864094966,121.02097705919934,813700
2021-10-29,121.20045471191406,122.00341086492573,120.24634157661075,120.40693280721308,1244500
2021-11-01,122.68357849121094,123.6376988963602,121.35161245244767,121.70113371761657,678000
2021-11-02,123.93997955322266,124.52568134521002,122.93863748924073,123.14646483245619,732500
2021-11-03,122.23014068603516,125.01689811480028,121.84282477647632,123.28816032733097,1190800
2021-11-04,123.82662200927734,124.6579313659158,123.10868219227618,123.10868219227618,455800
2021-11-05,124.13835144042969,125.31918193260081,123.78881581293143,124.6673611946128,519100
2021-11-08,124.714599609375,126.08436012280168,123.93052641830462,125.10190106301724,892500
2021-11-09,125.6120376586914,125.80096767270655,123.87385846665433,124.32729338317789,414200
2021-11-10,125.29083251953125,126.59445947042354,124.87517791525732,124.87517791525732,483100
2021-11-11,125.0830307006836,126.11271155277332,124.36507645087418,125.29085804516143,336200
2021-11-12,127.6997299194336,128.20041532544195,125.66870717357517,125.87653450001332,544500
2021-11-15,126.6228256225586,128.18153072557826,126.22606825481813,128.0776170520436,388000
2021-11-16,128.1531982421875,128.99394912776998,126.38666570526995,126.46224060014039,461000
2021-11-17,128.91835021972656,129.1828550952861,127.21795143796201,127.77529996757426,510400
2021-11-18,127.46356201171875,129.43792158497328,127.0951434681379,129.37178815729814,438400
2021-11-19,126.39608001708984,129.10726181235754,126.33940246818193,127.72806007415626,466400
2021-11-22,125.24359130859375,126.90619524338943,125.16801643686219,126.57557139580086,393400
2021-11-23,124.73348236083984,125.57423310920822,123.31648574576269,124.9224267743981,473500
2021-11-24,124.714599609375,125.37586181436357,123.0992171237847,123.99664543158597,311700
2021-11-26,122.21123504638672,124.32728859947139,121.0870820467616,122.67412581518398,351500
2021-11-29,121.55941009521484,124.52567019841608,121.50273253658159,123.91162967954061,550300
2021-11-30,116.7983169555664,120.66199846704085,116.41100826245781,120.66199846704085,1415300
2021-12-01,115.99535369873047,121.32325364343883,115.97645637287094,118.55539360412061,756400
2021-12-02,121.32324981689453,121.62554936336758,116.68495106077104,116.68495106077104,900400
2021-12-03,122.06954956054688,122.78748940145046,120.53919045441776,121.84282488816001,699400
2021-12-06,124.31785583496094,125.76319138853744,121.98453333172327,123.41097155897346,854800
2021-12-07,124.45011901855469,126.33944820983079,123.67548713120134,124.98857034256072,528200
2021-12-08,125.14917755126953,125.28143003494424,120.48253875470525,120.48253875470525,765800
2021-12-09,123.64713287353516,125.09246837084,123.6187940923673,124.73349125679911,397000
2021-12-10,123.8077392578125,124.79963996339445,122.90086932057704,124.01556662143682,392800
2021-12-13,123.24093627929688,124.12890879588856,122.35294934826894,124.12890879588856,411700
2021-12-14,122.45687866210938,124.04390829647032,121.6255691882414,122.62691137388886,440300
2021-12-15,123.14646911621094,123.30706035711167,120.9548404804053,122.68357830577693,665800
2021-12-16,124.33673858642578,125.05469284153352,123.04255281625643,123.88330365623536,597300
2021-12-17,121.14447784423828,125.06611414674828,120.97397160382549,125.06611414674828,1063100
2021-12-20,117.69647216796875,119.83727119031401,116.50292845482242,119.42047654163144,568900
2021-12-21,119.6951904296875,120.19723462491557,118.23641627682605,118.76687697714475,428900
2021-12-22,119.59098052978516,120.75610771798806,119.34469213048503,119.5815059533163,327200
2021-12-23,120.5666732788086,121.2297564341749,119.95095578703473,119.95095578703473,364100
2021-12-27,122.745361328125,122.80219434174076,120.57614550896936,121.22975407349247,532600
2021-12-28,124.14729309082031,124.32727393334007,122.62221128574585,122.62221128574585,284300
2021-12-29,125.38817596435547,125.58710593159437,124.12832471575823,124.12832471575823,319700
2021-12-30,124.62089538574219,126.03231087778853,124.44091457992788,125.89021392131886,360100
2021-12-31,125.45450592041016,126.02285048092345,124.11887235415317,124.11887235415317,280400
2022-01-03,122.53694152832031,125.32187431709526,121.04027647673485,125.20819385671766,608900
2022-01-04,125.41661834716797,125.83341306627358,123.43685788538771,123.48422354964451,457000
2022-01-05,122.48957824707031,126.47752934547827,122.40432874061193,125.73867138156864,624600
2022-01-06,121.31500244140625,122.88743537405767,121.09712329896733,122.51800635710157,476800
2022-01-07,119.95095825195312,122.01597547746938,119.75203546935117,120.99294505651443,838200
2022-01-10,118.4921646118164,119.40153607954538,115.8682705530316,118.95632492244472,898100
2022-01-11,120.87925720214844,121.06870538356512,117.70595318801743,118.99422105720848,548500
2022-01-12,120.850830078125,122.54641066566788,120.41509351756817,121.63705369318774,531000
2022-01-13,119.46784973144531,123.07688314745694,119.22156131196716,121.37183504655485,449800
2022-01-14,117.89540100097656,118.98474610818012,115.35675635220879,117.99012509138886,658300
2022-01-18,117.35546875,117.95223703921073,115.67882990298796,116.74922588340927,635500
2022-01-19,116.44609832763672,118.605839329685,116.26611750180447,117.79119916547596,577700
2022-01-20,114.3810806274414,118.08485242147307,114.22004895647949,116.7586935195261,591900
2022-01-21,114.88312530517578,116.15245120583972,113.33910171846485,114.52317088136776,629500
2022-01-24,117.03340148925781,117.49755458762232,112.06031089725509,112.94125866263211,1124100
2022-01-25,114.31478881835938,115.49885813938688,112.48658549761348,114.79789112489456,688200
2022-01-26,114.04008483886719,117.7249080190955,113.35805974783514,115.08206440483917,955700
2022-01-27,114.15376281738281,116.86291413714275,113.04546838512759,115.28099195285938,700300
2022-01-28,114.81684112548828,114.86420679245332,111.47303028416292,113.46226543793017,765100
2022-01-31,116.25664520263672,116.37978578892006,113.4527631777118,114.01164755819482,649100
2022-02-01,113.6706314086914,117.0523324040206,112.6949596454176,116.16191014535094,720600
2022-02-02,113.84114837646484,115.56515282626914,112.7991689357233,113.96428897038487,729900
2022-02-03,109.98582458496094,113.82221182876118,109.77742724156644,113.01703896073968,1116200
2022-02-04,112.960205078125,113.67064661949686,109.49324688727751,110.01424024174423,1293900
2022-02-07,114.10636901855469,115.85878982360379,112.9601910084741,113.89797170272473,1114600
2022-02-08,115.2999267578125,116.08615046278875,113.66117175990928,114.35267137166811,497200
2022-02-09,118.57742309570312,118.77634584876687,116.04825308634109,117.12812358982117,970400
2022-02-10,114.3242416381836,117.15653289148102,113.69904968671511,116.19033568928383,854800
2022-02-11,112.6002426147461,115.74512999154764,111.75718595717173,114.49475325684304,570200
2022-02-14,112.08873748779297,113.67065233159786,110.51628999491952,112.90337774099493,727500
2022-02-15,110.91413879394531,113.79379627130582,107.60821924864388,107.60821924864388,1449000
2022-02-16,109.16171264648438,111.16989673987287,107.24825987674423,109.91004529599728,1991400
2022-02-17,108.54598999023438,110.67731458472927,107.82608110841196,108.33759987832893,956200
2022-02-18,108.11026763916016,109.59745848543668,107.33351841805369,108.38497260146423,539700
2022-02-22,107.5229721069336,109.14277811875948,106.57571662210074,107.74083682133309,592000
2022-02-23,103.78129577636719,108.38495744171611,103.25083508307098,107.90186240760062,997100
2022-02-24,105.80841064453125,106.02628253624962,101.19528211029322,101.74469190072723,1108000
2022-02-25,109.02909088134766,109.26590472219637,105.44846676403279,105.88420336395623,754700
2022-02-28,108.47968292236328,109.0480419318708,106.91671732717265,108.31865124226249,995100
2022-03-01,108.5838851928711,109.75848710628291,106.21574666468071,107.96817495712979,926500
2022-03-02,111.17936706542969,112.155038955015,109.15224112103289,109.74900941147249,772800
2022-03-03,111.5014419555664,112.96969084394247,111.34041025805016,112.27819116198184,1074800
2022-03-04,111.10356903076172,111.73822831316303,110.02369862497963,110.3457619407114,1040600
2022-03-07,108.67860412597656,112.33500294783823,108.66912954938805,111.27408163342696,853700
2022-03-08,105.55266571044922,110.57312204047193,105.45794161925697,109.1711809190781,1080100
2022-03-09,108.49862670898438,110.04265030005885,107.39033970385145,107.39033970385145,652700
2022-03-10,106.94512176513672,108.26180601642385,105.91260975955386,107.11562800335297,526400
2022-03-11,105.43899536132812,107.97764010073743,105.41057885588832,107.7692427581987,432800
2022-03-14,106.04524230957031,107.63663171822643,104.20757169298061,106.23469773142543,629900
2022-03-15,108.83090209960938,109.26824039605643,106.42553784237558,106.81533637143811,611500
2022-03-16,110.703857421875,111.91129064372701,108.52666805797,109.59148922910242,633400
2022-03-17,111.98736572265625,112.82401207198538,109.13515335694872,109.81968548528671,575300
2022-03-18,112.32009887695312,112.54827378746707,110.42813376794446,112.02537264864137,936300
2022-03-21,111.47394561767578,113.07118453159342,110.37108689574583,111.83522317129949,599300
2022-03-22,111.68312072753906,112.36765279887771,111.14120071332104,111.65459976682504,490200
2022-03-23,107.61396789550781,111.14120275510133,107.37628354712375,111.14120275510133,501900
2022-03-24,107.04351043701172,108.02277596099366,106.17834325525591,108.02277596099366,607600
2022-03-25,106.7677993774414,107.22414920956297,105.71248041702934,107.0815371669438,521400
2022-03-28,107.8896713256836,108.15587660746274,106.01671769574462,106.48257693885814,432900
2022-03-29,109.38231658935547,110.0193087656781,107.7090171042916,109.34428623133708,704400
2022-03-30,107.76606750488281,110.16192947395571,107.29069887252466,108.93547753204572,742800
2022-03-31,104.37193298339844,107.57592009153512,104.35292143017173,107.38576829152063,814100
2022-04-01,106.0262222290039,106.18785308533087,103.67790715278943,105.3321880507031,602700
2022-04-04,105.81706237792969,106.21637029547965,104.31489573166097,105.7980435703036,389900
2022-04-05,104.7046890258789,106.26389751019984,104.27686017176686,105.25611836274958,468000
2022-04-06,101.70036315917969,103.76346121768266,101.22499454181683,103.1264690112683,1026600
2022-04-07,103.10745239257812,103.68740269835162,100.77814901949087,100.88273069781393,1006900
2022-04-08,101.44365692138672,103.04089571670501,100.78765318203135,102.98385380551305,673000
2022-04-11,101.27252960205078,102.47996998255049,100.97780337299872,101.07287564815587,570300
2022-04-12,100.5880126953125,103.1264796326239,99.8844618465987,101.85248783503285,643600
2022-04-13,102.86026763916016,103.22154519075173,100.58800614244923,100.58800614244923,826700
2022-04-14,102.1376953125,104.43847754217887,101.90001101802369,103.46872881227712,739800
2022-04-18,101.34860229492188,102.86027848661386,100.92077337940461,101.62431700292986,343600
2022-04-19,103.90607452392578,104.02016560476551,101.82395763328526,101.82395763328526,398100
2022-04-20,107.04351043701172,107.59493981862096,104.96140065691144,104.96140065691144,626900
2022-04-21,106.5681381225586,109.04006085082517,105.95016469404176,108.23192836082659,513900
2022-04-22,108.86892700195312,110.58024973870396,107.49035360600273,108.68828459921313,1760200
2022-04-25,109.06857299804688,109.09709395354528,105.89310697082139,108.42207141040241,1058200
2022-04-26,108.60272979736328,111.16971772003197,106.77730858753526,108.68829267646211,1169000
2022-04-27,110.30453491210938,110.84645486605541,107.461832504817,108.5076420514699,1863400
2022-04-28,113.32786560058594,114.4687545349502,109.56294734963645,111.13166510091928,1222500
2022-04-29,108.61223602294922,113.0331662810021,108.3935704880152,112.38666457387231,891400
2022-05-02,109.12561798095703,111.34083746531606,106.73926550524088,108.7548310419415,1064100
2022-05-03,109.71509552001953,110.62780253786501,108.57420630754973,109.05908440418817,739600
2022-05-04,112.62433624267578,112.72891792276089,107.13858538103322,110.11439042773277,1096100
2022-05-05,108.15586853027344,112.03487088780325,107.3097129820029,111.49295096078112,630800
2022-05-06,107.02450561523438,107.43332297510467,104.68569255186613,107.43332297510467,795400
2022-05-09,108.24143981933594,109.89572068522276,105.24661588289345,105.98819706758059,923600
2022-05-10,105.25611114501953,109.93373627722343,105.05645720988815,109.26822316011884,763800
2022-05-11,103.25006103515625,107.12907064840529,103.03139553570975,104.7046878267373,707500
2022-05-12,105.70296478271484,105.77902550143507,102.21376091385503,102.68912952553237,800900
2022-05-13,107.22415924072266,107.42381321764782,105.57938765548417,106.48258525398619,627300
2022-05-16,106.24488830566406,107.19562556119573,104.29587403040429,106.54912393729221,458600
2022-05-17,108.06079864501953,108.07030079490477,105.75050685173785,107.57592061953954,716900
2022-05-18,103.782470703125,106.57763298975706,103.42118594410643,106.57763298975706,511200
2022-05-19,103.44971466064453,104.59060367758562,102.08065799528433,103.11695808411773,560100
2022-05-20,103.7064208984375,104.37193407155297,101.51972232354457,104.37193407155297,696000
2022-05-23,103.16450500488281,105.31316605014544,102.15671854862482,105.05647017431313,497600
2022-05-24,102.68914031982422,103.38317450383973,99.88446086398106,102.76519379298952,622800
2022-05-25,102.77471160888672,103.36417140885092,101.39614527870279,101.90954434572632,538700
2022-05-26,105.32266998291016,106.06424386740373,103.79198245064028,103.93459448693893,583800
2022-05-27,107.94671630859375,108.40306616073569,105.93115057657486,106.37799827806184,453200
2022-05-31,106.14982604980469,107.21464723423188,104.98992532801053,106.45406171014821,1230500
2022-06-01,106.33045959472656,107.13859212874489,105.03746349810767,106.92942875540133,513900
2022-06-02,108.4886245727539,108.73581828053365,106.49207786480821,107.07202814832067,574700
2022-06-03,105.95016479492188,108.1273540363544,105.52232866683,107.21463986451167,1287000
2022-06-06,106.55863189697266,107.3002057856711,105.63641561103502,106.48257117670883,1274700
2022-06-07,107.77557373046875,107.8896648101483,104.79025938757363,105.65542650110783,638100
2022-06-08,105.01844787597656,107.07204405451427,104.79978234524641,107.0625346499237,624300
2022-06-09,103.18351745605469,105.64593082171851,103.16450590171846,104.69519352680814,383000
2022-06-10,101.84297943115234,103.05992198165085,100.35032220068938,101.51972498605444,876100
2022-06-13,98.04003143310547,99.77037300153336,97.35549942738896,99.72283323586699,845000
2022-06-14,96.2811508178711,98.7720848353373,94.80751254420196,97.98297123679984,819800
2022-06-15,96.11888122558594,97.59851000987398,94.93516945851285,96.72982594528503,726200
2022-06-16,91.99500274658203,94.65834335643801,91.3649618938473,94.40059672285173,725800
2022-06-17,91.32678985595703,92.57732367850763,89.99989339324196,92.19548134553825,1507600
2022-06-21,90.76356506347656,92.75867986094606,89.09301146858586,92.18592008501923,1136700
2022-06-22,91.11677551269531,91.55589892622982,88.82573609845223,89.42713285223553,816500
2022-06-23,92.41502380371094,92.6727704403791,90.59173764236688,90.96403186596686,655600
2022-06-24,95.07837677001953,95.34566421822217,92.60596059110846,93.21690541072496,967300
2022-06-27,94.73471069335938,95.89932642468487,94.54379318591154,95.66067589885706,833900
2022-06-28,93.93285369873047,95.79432499153357,93.65601819925577,94.80153787435975,529400
2022-06-29,93.92329406738281,94.38150625079857,92.31956234998107,93.96147902292043,538200
2022-06-30,93.45556640625,94.31470993083175,92.50096410850084,93.10236093418929,845600
2022-07-01,95.0879135131836,95.49839269779017,92.81596319084714,93.62737350003617,591000
2022-07-05,95.85159301757812,95.95659254014524,93.1405194739841,94.07603266488846,578600
2022-07-06,96.12841796875,96.84436946489174,94.68697420030334,96.42434953961921,538900
2022-07-07,96.42436981201172,96.73938300143611,94.93518543448477,96.36708872781357,378700
2022-07-08,94.06647491455078,96.10932245903258,93.46507832144867,95.6033846021798,617800
2022-07-11,93.44598388671875,94.21920913220421,92.48183388226258,92.68229941690566,455300
2022-07-12,92.51048278808594,94.77288485403638,91.60360652343849,93.10233136356686,774300
2022-07-13,91.12630462646484,91.98544786968812,89.15982686767005,90.61081868053088,731300
2022-07-14,91.25997161865234,91.355430384927,89.36986328408807,89.57032887817599,516800
2022-07-15,92.60595703125,93.20735376658767,91.7086286756038,92.9114294293156,388300
2022-07-18,91.30767822265625,92.98777969847943,90.82082918758123,92.77776610362217,654300
2022-07-19,95.92797088623047,96.19525833094694,92.5486783000937,92.75869194466712,536000
2022-07-20,96.99712371826172,97.30259611076467,95.46976175574694,96.20480219666344,458900
2022-07-21,98.76313018798828,98.84904816224963,96.30980313705939,96.96848090193154,692300
2022-07-22,98.69630432128906,100.0613855296491,98.04717464284438,99.26906408861423,448800
2022-07-25,98.33354949951172,98.92539805092505,97.62713880848266,98.52446697744475,398600
2022-07-26,98.02809143066406,98.19992009902334,96.53890721053823,97.92308461760916,532300
2022-07-27,99.45999908447266,99.98502589052806,97.74171232293274,98.69631446089129,743100
2022-07-28,99.57454681396484,100.13776586329767,95.41248090421831,98.84905443192561,1093100
2022-07-29,100.90144348144531,101.5983062495395,97.80853458106732,99.91820444061477,999900
2022-08-01,100.58644104003906,102.66747422261572,99.13544155112181,99.92776316131761,1046800
2022-08-02,98.07581329345703,100.63414709744787,98.06627251667308,100.14730529218082,529900
2022-08-03,98.82994079589844,99.48861848581687,97.89443494373101,98.2571810704644,504700
2022-08-04,98.55311584472656,99.39317032897972,98.30492454986616,98.44810903419491,592300
2022-08-05,97.57943725585938,98.01855339032447,96.41482141604307,97.43624547041631,557900
2022-08-08,98.1999282836914,99.34544797953828,97.7799009964638,98.1617433227583,506200
2022-08-09,94.63924407958984,97.78943367209965,94.41014163307281,97.78943367209965,808400
2022-08-10,97.24531555175781,97.7798903807105,96.147521713985,96.50071981895624,791100
2022-08-11,98.16172790527344,99.1354187655097,97.61760504275175,98.05672109995912,632300
2022-08-12,101.57923126220703,101.65559390886077,98.24766408904735,99.22136248501538,619800
2022-08-15,102.33333587646484,102.56244561007811,100.6150565725789,101.1019056527126,612100
2022-08-16,103.53614044189453,104.33800997409736,101.53147753594128,101.62693628707508,673800
2022-08-17,103.64115142822266,104.23300736195243,101.58875542250406,102.36198808881991,972800
2022-08-18,104.15662384033203,104.21389762923158,103.50749419500798,103.66977478558019,466100
2022-08-19,101.61739349365234,103.38341325481787,101.25464730732924,103.38341325481787,565700
2022-08-22,98.4576644897461,100.22367699846671,98.33356883299453,100.22367699846671,316900
2022-08-23,97.29303741455078,98.67721473164049,97.23576362316622,98.12354380480461,369600
2022-08-24,97.24531555175781,97.56987675989743,96.3766241716739,96.97802085424566,460300
2022-08-25,98.6294937133789,98.78223355302995,97.18804242957685,97.18804242957685,528100
2022-08-26,93.22644805908203,99.07815652845014,93.22644805908203,98.5913074000412,742000
2022-08-29,92.32910919189453,93.02596459291725,91.88044507403953,92.52002668402899,532000
2022-08-30,92.30046844482422,93.26461120781721,91.09766790206874,92.98778304068449,503200
2022-08-31,90.78265380859375,93.36008372222213,90.54400329527829,93.01642640040501,979100
2022-09-01,91.38404083251953,91.58450635259987,89.46528902170145,90.59171952717745,664400
2022-09-02,90.58219909667969,93.16917009679017,90.11444607382782,93.16917009679017,402300
2022-09-06,90.34353637695312,91.10722092127129,89.40803045735072,90.61082378255381,569900
2022-09-07,93.55101013183594,93.57009897018398,90.23853952616776,90.68720369922872,706500
2022-09-08,93.69419860839844,94.35286911222258,91.86136430404551,92.53913092858113,535600
2022-09-09,95.10700225830078,95.40293385447549,94.10467444781311,94.10467444781311,553100
2022-09-12,96.61526489257812,97.53168191344525,95.40292359040959,95.8229435064101,889600
2022-09-13,91.53678131103516,93.82782747037264,91.3172269388564,93.54144396931734,756900
2022-09-14,90.83039093017578,91.56543133987691,89.56076839401965,91.26950702056082,908400
2022-09-15,89.3060073852539,92.51776244236285,89.13343510055125,90.78245752892002,759400
2022-09-16,85.98878479003906,88.30891742553176,85.86414479020048,88.2609778387394,2627200
2022-09-19,88.40479278564453,88.41438216629356,85.33684928783701,85.43272115066456,546100
2022-09-20,87.34061431884766,87.62823727468667,85.34644702190472,87.44607558168492,1139200
2022-09-21,87.3693618774414,90.25515112157888,87.3693618774414,87.91583955886436,1252700
2022-09-22,86.8899917602539,87.76244252819765,86.16135975718582,87.02421383000615,1316200
2022-09-23,88.24181365966797,88.48149698426032,85.8066302040631,86.27640747218882,1166500
2022-09-26,86.46815490722656,89.01838157075086,86.06548137967702,88.37603204317922,895500
2022-09-27,85.31767272949219,87.65698427856925,84.88624567835133,87.47482261430538,952300
2022-09-28,88.01172637939453,88.41439263970196,85.69158606262407,86.33394298022512,763500
2022-09-29,85.58612823486328,86.85165604263183,84.75203485003847,86.85165604263183,919500
2022-09-30,85.97920227050781,87.72409657649638,84.64656357434616,85.71075811797951,837400
2022-10-03,88.63488006591797,89.6799030415897,86.37226916317114,86.54484142912823,908500
2022-10-04,91.8849868774414,91.95210522377863,89.66072613390972,89.66072613390972,958700
2022-10-05,92.00003051757812,92.94917427068464,90.28389733264508,90.57152019821835,808200
2022-10-06,90.51400756835938,92.41229526368882,90.11133405352987,91.89457844281151,532600
2022-10-07,88.6061019897461,89.81410761625615,87.70489794480889,89.25804072148381,615600
2022-10-10,88.00212860107422,89.63197225036582,87.26389987972533,89.28682768458923,389800
2022-10-11,87.80079650878906,88.99921312204108,86.84206321818745,87.52276297676805,609600
2022-10-12,86.7653579711914,87.65698017441676,86.21888031854066,87.4556470723406,730000
2022-10-13,88.39519500732422,88.80745056141669,83.72616916874242,85.32725180097573,831600
2022-10-14,86.22847747802734,90.02506056229971,85.94085455508278,89.01838764654855,684500
2022-10-17,89.6703109741211,90.02504487533263,88.01170670921152,88.01170670921152,713400
2022-10-18,91.25222778320312,92.64238802045573,90.59069952356573,91.87540583645752,897000
2022-10-19,88.3089370727539,90.64824898924188,88.16512559493519,90.2743435356466,767700
2022-10-20,86.09425354003906,88.05965242256626,85.89291310958973,88.05965242256626,795400
2022-10-21,88.96085357666016,89.36351976096188,85.15468164208231,86.30515854424546,681300
2022-10-24,90.466064453125,90.91667022305028,88.33767559959512,89.75660394013296,486900
2022-10-25,93.51483154296875,93.94625853102222,90.50441006242872,90.50441006242872,994000
2022-10-26,93.31352233886719,94.6940934426441,92.59447229841173,94.04215444671561,898100
2022-10-27,99.19054412841797,100.73410529216268,96.35269450144531,100.73410529216268,1575800
2022-10-28,101.8078842163086,102.32560103918036,97.64697818710411,99.19053927532708,860300
2022-10-31,100.44648742675781,101.83665513929984,99.43982182238751,100.93544347148327,864300
2022-11-01,102.16261291503906,103.46649072193526,101.36686987554333,102.81455181848716,790100
2022-11-02,97.8003921508789,102.04758123039788,97.64699130221531,101.85583016956838,1118400
2022-11-03,98.11674499511719,98.92208462773635,96.05547461764002,96.56360200611776,1076400
2022-11-04,98.86457824707031,100.44648230391029,96.717010438165,99.80413276323125,804200
2022-11-07,102.65157318115234,102.92001733232026,98.51943503734358,99.22889562465231,775800
2022-11-08,102.37353515625,104.73201807100568,101.36686963354866,103.11176385411852,610100
2022-11-09,100.06299591064453,102.31601767473278,99.68909051345584,101.54902811844318,530100
2022-11-10,109.27642822265625,109.51611155526778,103.34186656653704,104.30059989698319,1323100
2022-11-11,108.88333892822266,112.15262294236057,108.49984415115907,109.60238889225897,993700
2022-11-14,106.37145233154297,109.2764202552171,106.21805881342415,108.21222575084884,567600
2022-11-15,107.99171447753906,109.06549836850436,106.93710934804072,108.17387613870349,506700
2022-11-16,106.46733093261719,108.16428557618565,105.62364098659305,107.75202998380229,467400
2022-11-17,106.19886016845703,106.21803892622748,103.27472866001516,104.9045719719629,591900
2022-11-18,108.29850006103516,108.45190088213255,106.59195615637233,107.77120119625882,681600
2022-11-21,108.01089477539062,108.75870556304378,107.38771668082819,108.03006622257595,550800
2022-11-22,109.23807525634766,109.64074148948531,108.24099174008681,108.6148971443653,440800
2022-11-23,109.28600311279297,110.23515431408444,108.87374751519128,109.57362601886086,300100
2022-11-25,109.6023941040039,109.65033369637437,107.93420015619,108.73953264321919,192400
2022-11-28,107.61781311035156,109.11343472027002,107.00422438245913,108.72994725125321,502500
2022-11-29,106.19886016845703,108.20261611139928,106.17009934635429,107.20553282937077,349500
2022-11-30,108.96003723144531,108.97920867837682,104.27183214209903,105.79621452527898,896700
2022-12-01,109.35311126708984,111.38562837383823,109.2955896132139,110.36937347774112,521200
2022-12-02,109.79412078857422,110.27348737959316,107.79996132899625,107.98211565968693,286300
2022-12-05,106.43856048583984,107.84789951101662,105.17303290876247,107.63697702907804,752400
2022-12-06,104.66490173339844,106.78370122856074,103.05422966412546,106.78370122856074,423400
2022-12-07,104.6457290649414,105.29766792618486,103.60070608513696,104.73201154098432,575800
2022-12-08,106.2851791381836,107.6753395616479,105.24015598928948,105.46066787689078,463100
2022-12-09,104.62654876708984,106.86998820042746,104.54985567214139,105.6428109066085,383700
2022-12-12,105.70035552978516,106.23724388388194,103.73494916780834,104.57863922659499,692100
2022-12-13,107.21514129638672,110.06258022435158,106.68783508211388,110.00505125535095,559900
2022-12-14,105.24014282226562,107.61780443714257,104.50192145789346,107.4548215444902,690600
2022-12-15,101.72765350341797,103.82552804322431,101.30422699421646,103.58494613426477,760100
2022-12-16,99.94734191894531,101.4293272564686,99.29295887824641,100.56323097584112,1163600
2022-12-19,100.63059997558594,102.33391665021878,99.43731577013759,99.43731577013759,835400
2022-12-20,100.54399871826172,101.65066967097145,100.05320954823951,100.21680349092108,530000
2022-12-21,102.72846221923828,102.84394416414186,100.96740110483418,101.2945962777395,504800
2022-12-22,101.21760559082031,101.3908248325264,99.40843255453804,101.198362271509,426100
2022-12-23,101.0732650756836,101.60254818421306,100.35151938694895,100.9385398011446,390500
2022-12-27,101.98748779296875,102.09333708007328,100.31303239220698,100.97704082154276,443000
2022-12-28,100.3900146484375,102.77659032001594,100.20717005553286,102.34353849608026,269200
2022-12-29,102.7188491821289,102.80546248666688,100.48624937395408,101.13100712405289,302700
2022-12-30,101.29460906982422,102.0163547971713,100.55361267824065,101.7084102471823,292300
2023-01-03,103.6426773071289,104.48953027539653,102.51675580192955,103.69079662286293,656400
2023-01-04,105.12466430664062,105.17278362312855,103.36361038962634,104.7686077957467,532000
2023-01-05,103.69080352783203,105.3652515708109,102.78621319402657,104.67237449317075,712400
2023-01-06,107.2225341796875,108.05976179380366,104.58575874055288,104.8552092806427,528300
2023-01-09,108.04051971435547,109.64761243523841,106.82799218762382,108.1463763409399,632700
2023-01-10,107.81918334960938,108.30034714141843,107.01082436154223,107.29952557341838,557900
2023-01-11,109.81120300292969,110.09990421966675,107.98277909487446,108.39658025647655,556000
2023-01-12,109.23381042480469,110.02291878113549,108.60829600213314,110.02291878113549,488100
2023-01-13,109.47439575195312,110.0614162070564,107.4535091510622,108.70453069352928,559300
2023-01-17,108.54093170166016,109.74384121071041,108.2233618291964,109.55137128407618,485600
2023-01-18,106.77986907958984,109.75346516650883,106.3468245985518,108.86811819904531,760000
2023-01-19,104.18157958984375,106.2313345686389,103.99873501122715,106.2313345686389,573800
2023-01-20,107.10707092285156,107.28990818473062,104.5087818495397,104.63388914353716,674300
2023-01-23,107.86729431152344,108.47356538237958,106.98195470497605,107.52086313929003,482200
2023-01-24,109.11832427978516,109.45513746615212,106.64514267992372,107.42462567436966,382800
2023-01-25,109.079833984375,109.16644728778533,107.67483654374445,107.88654979432853,296100
2023-01-26,108.98361206054688,110.51370957989666,108.70453614641853,109.70535783578228,396600
2023-01-27,109.97480773925781,110.532959564074,108.47357888545474,108.47357888545474,531700
2023-01-30,110.13838195800781,110.92749023238235,108.82961594070714,109.09907381413191,554400
2023-01-31,113.12161254882812,113.15048120217104,109.84007190194804,110.77353085057908,691200
2023-02-01,115.52742004394531,116.08556441758066,111.43752814302563,112.14002311097103,634800
2023-02-02,117.15376281738281,118.80896750435308,115.92198463414272,116.66298101567057,988300
2023-02-03,118.29893493652344,118.66461678998925,115.80650257623242,115.87387255811052,673500
2023-02-06,116.31653594970703,118.55875360637599,116.13369136209914,117.37509480758996,475900
2023-02-07,115.72953033447266,116.09521221444331,112.75593394736737,115.20024716690415,507200
2023-02-08,115.62366485595703,116.60523579656754,114.77681185263016,115.13287571466324,470000
2023-02-09,114.1128158569336,116.80732890380995,113.67014601370342,116.71109760606032,687500
2023-02-10,113.63163757324219,114.91153496225466,113.29482440296955,114.14166999422311,462800
2023-02-13,115.4023208618164,115.61403410272061,113.58352233510554,114.03581746940512,671900
2023-02-14,115.34459686279297,115.88349801673277,113.79524870323844,114.54586312250534,375000
2023-02-15,116.99978637695312,117.19224895194876,114.09355303747341,114.36300357925793,437300
2023-02-16,114.2763900756836,115.54666207589847,113.72786369699935,114.74792849266362,656600
2023-02-17,114.1320571899414,114.41113308793415,112.07267661769723,114.02620056166909,839000
2023-02-21,110.67729949951172,113.60277628898322,109.33003938907424,112.93876789454414,1217800
2023-02-22,108.87773895263672,113.63163942234124,107.83842343147454,113.63163942234124,1645000
2023-02-23,109.49363708496094,111.65887426270987,108.06939629732665,110.62918398741502,1453400
2023-02-24,108.75264739990234,109.52250509785134,107.17443067583318,108.02127634617021,1048900
2023-02-27,108.7430191040039,110.52332370058556,107.809560154678,109.84969731549315,1025300
2023-02-28,108.46393585205078,109.16643818477536,107.97314675225624,108.59866111991964,1292800
2023-03-01,108.17525482177734,108.74302461197392,107.59785235733544,107.87692825728841,841600
2023-03-02,108.271484375,108.386958992447,107.20330011175201,107.48237600721093,924700
2023-03-03,110.43672180175781,110.54257842930474,108.02127737442463,108.97397968036972,659100
2023-03-06,110.11915588378906,111.41829677357454,109.97480526448457,110.50408842127521,691400
2023-03-07,109.10869598388672,110.77352589123689,108.82000212140555,110.28273678044931,675000
2023-03-08,110.04216766357422,110.3020002461409,108.52168818196738,109.40703521881308,650600
2023-03-09,107.29952239990234,111.03335067079634,107.0300718591749,110.40784363352616,898700
2023-03-10,103.44058990478516,107.44387617668582,103.17113935609507,107.44387617668582,883100
2023-03-13,101.98748779296875,103.45022259358949,101.20799740227713,102.2280697059771,874000
2023-03-14,104.00732421875,105.17670503896314,102.59633560824611,103.88168344889665,938200
2023-03-15,100.35420989990234,101.96815556950074,98.498663809292,101.83285579455736,1065900
2023-03-16,102.61566925048828,102.83795167970061,98.65330264530182,99.73570091406386,1128300
2023-03-17,99.8516616821289,102.4996808508376,99.6487120344493,102.44169734386749,1994100
2023-03-20,102.25807189941406,102.50934604887176,100.14159281319137,100.50883397525713,938600
2023-03-21,103.33082580566406,103.9106830716089,102.43204446279977,103.72706615091889,873100
2023-03-22,100.37354278564453,103.33081983230831,100.17059312296023,103.01189577382522,730300
2023-03-23,98.83689880371094,101.80384178918659,97.84147601639424,100.5668112428791,957300
2023-03-24,97.22296142578125,98.1604007169721,96.22753863147632,97.831817701614,877500
2023-03-27,98.96255493164062,99.1461718431666,97.64820792867728,98.55665560306556,851100
2023-03-28,100.7214584350586,100.96306622928074,98.95288761176406,99.30080342530674,987900
2023-03-29,101.8618392944336,102.06478894039996,100.86641644233391,101.8618392944336,625500
2023-03-30,101.51393127441406,102.7123038641511,101.21433997030098,102.7123038641511,460000
2023-03-31,103.14720153808594,103.26316855904379,101.80385543461873,102.23875388306463,726500
2023-04-03,102.49967956542969,103.15685300489169,101.2239908150957,102.62532032666826,859900
2023-04-04,96.6141128540039,102.42236550532353,95.74432343789621,102.42236550532353,1311700
2023-04-05,95.86031341552734,96.50782055215502,94.71992430069304,95.91829692827461,1318900
2023-04-06,96.29519653320312,96.40150454662606,94.75857458637323,95.68634757992258,836800
2023-04-10,97.01036071777344,97.05868522684638,95.40608876788298,95.40608876788298,526000
2023-04-11,97.92845916748047,98.85623208217302,96.99101987785717,97.66751865733599,643600
2023-04-12,98.14108276367188,99.25247264826959,97.96712486788788,98.56630744081167,548000
2023-04-13,98.7112808227539,99.23315454838236,96.63345229662714,98.21839885300179,661400
2023-04-14,99.29113006591797,100.47017719852582,98.23772369637163,98.7306056264404,1008900
2023-04-17,100.92440795898438,101.20467388469184,99.32012866837299,99.67771085771383,1016900
2023-04-18,100.80842590332031,102.71229635423416,100.0159526945083,101.71687349876976,765300
2023-04-19,100.68279266357422,101.04037482627288,99.92897758252467,100.31555149860459,527000
2023-04-20,100.69245910644531,101.156341907424,99.7163616266799,100.12226092085729,765400
2023-04-21,99.53274536132812,100.94373400213584,99.30080394218727,100.93407499908169,672300
2023-04-24,99.67770385742188,100.22856929387457,98.81758076143932,99.89998625643594,861300
2023-04-25,98.52765655517578,100.62481783444598,98.49866479929435,99.80334542695284,1365800
2023-04-26,103.88167572021484,106.82929349177648,103.46611005690097,105.2443470952501,2946600
2023-04-27,107.69908905029297,108.30793801665024,105.01241164961164,106.82929954600796,1409300
2023-04-28,106.77130889892578,108.14363926211864,105.41830391307643,107.56378208912149,1233000
2023-05-01,106.964599609375,107.78606460939534,105.89186044669843,106.9066161000253,973400
2023-05-02,105.93051147460938,107.31250821662758,105.20568816320021,107.24485833582742,597500
2023-05-03,105.30233001708984,107.50579170865933,105.09938037426465,106.70365951271712,644800
2023-05-04,103.43712615966797,105.77588780371445,103.37914264935951,105.07039718401276,527700
2023-05-05,104.46154022216797,105.02207206282279,103.54343357232112,104.45188121936275,813800
2023-05-08,104.00732421875,105.28301305655384,103.70772554495592,104.741806592469,381800
2023-05-09,104.22960662841797,104.63550597522537,103.05055934868538,103.58209947423208,668200
2023-05-10,104.67414855957031,105.56327076233829,103.46610970213538,105.04139709113231,605700
2023-05-11,105.21536254882812,105.36998769959304,103.09887595892941,103.78504119450871,658600
2023-05-12,105.07038879394531,106.15278689078973,103.74637555244495,105.81453748552585,601400
2023-05-15,105.70823669433594,105.74689482518922,104.08463206492067,104.68382203321977,327400
2023-05-16,102.9249038696289,105.26366517388594,102.87657936920297,104.80944141370306,512500
2023-05-17,105.38932037353516,105.52462014533576,103.36947542602394,103.36947542602394,497900
2023-05-18,106.78097534179688,107.15788289917336,104.79979591489466,105.08972083495414,575900
2023-05-19,105.63092041015625,107.96001548803969,105.39897164127646,107.96001548803969,572200
2023-05-22,106.07546997070312,106.58767722747811,104.85776483073012,105.60191346592927,403600
2023-05-23,104.23926544189453,105.99816985705677,103.95899952087667,105.02207232155106,452800
2023-05-24,102.71228790283203,104.21991793864653,102.28705589343468,104.21991793864653,490800
2023-05-25,101.71688079833984,103.1955193109797,100.92440753265709,102.99256964976293,598200
2023-05-26,103.50477600097656,103.67873390511069,101.75553795677781,101.76520433291988,727100
2023-05-30,103.4854507446289,104.15228323352954,102.78961912726767,103.79470842198005,478400
2023-05-31,101.2239990234375,103.67873508832916,100.40253400081772,103.11820323824612,1533000
2023-06-01,101.24332427978516,101.83284784169172,100.07394353150869,100.91473387109558,668100
2023-06-02,105.60192108154297,105.91117873283886,101.69754599891381,102.4127029350448,765300
2023-06-05,104.82878112792969,105.87252847089354,103.96865805084393,105.59226257102635,573000
2023-06-06,106.47171783447266,107.00325791533075,105.20569538970005,105.20569538970005,663800
2023-06-07,109.28404998779297,109.94122354756679,106.36542341783537,106.45240606640826,708100
2023-06-08,109.30335998535156,109.87355818958683,108.3465952254202,108.79115266309825,636600
2023-06-09,108.86846160888672,109.90254255979315,108.41423782584937,109.4676441539284,407400
2023-06-12,110.74334716796875,111.3618699165935,108.67518499918515,109.24538323871448,808600
2023-06-13,113.81658935546875,114.07752988598475,110.74333810981062,110.74333810981062,928200
2023-06-14,113.28302764892578,115.14569850781328,112.84646844540474,114.33077861925625,1023900
2023-06-15,115.38822174072266,115.75687153421714,112.58452337551044,113.11809486070779,857300
2023-06-16,114.89344787597656,116.37775788650158,114.03002561623893,116.3001450672617,2882000
2023-06-20,114.6897201538086,115.45613009279967,113.70017520916055,113.74868507173645,800400
2023-06-21,115.85387420654297,116.39715650095751,113.86509581575393,114.05912044846714,729100
2023-06-22,112.91436004638672,116.39715927875827,112.71063195670631,115.87328387605201,898700
2023-06-23,112.05094146728516,113.07928540142761,111.25542858583114,112.15765724176022,1110500
2023-06-26,113.67108154296875,114.05913827059567,112.12856548764897,112.37110001721999,613400
2023-06-27,115.43672180175781,115.7568691271586,113.75838715932176,114.09793398858058,481200
2023-06-28,114.63151550292969,115.51433727932411,113.59346068426889,115.06807466465926,514700
2023-06-29,116.00910949707031,116.05761195850604,114.47628960563598,114.47628960563598,544900
2023-06-30,116.43597412109375,117.23148708490262,115.95090506019648,116.41657461534712,738200
2023-07-03,115.2038803100586,116.3680428767763,113.93300197787583,115.56283401221968,483200
2023-07-05,113.08899688720703,114.27256654159223,112.57482488361228,114.00092906056604,666200
2023-07-06,111.97332763671875,112.22556559243043,110.9255768067462,111.67258722131697,743400
2023-07-07,113.30242156982422,114.34046896730857,111.80840811335376,111.8957169834239,493600
2023-07-10,115.01957702636719,115.37853080746378,113.33153871295,113.33153871295,512000
2023-07-11,117.7747573852539,118.03669139458091,115.29119901514927,115.66955965327942,832500
2023-07-12,118.69639587402344,119.51131573246315,117.96879229400093,119.30758761824481,689500
2023-07-13,119.11354064941406,119.24935937522916,117.77475289428014,118.47325342793799,482300
2023-07-14,119.07473754882812,119.36578191312377,118.16281285039537,118.98742868047883,386900
2023-07-17,120.48143768310547,120.85979090185629,118.23071787344394,118.8419021341417,632200
2023-07-18,121.84933471679688,122.2859012699075,120.06428429978186,120.21950253529519,789900
2023-07-19,122.04337310791016,122.58664806279913,121.27696313851114,121.28665919015833,935300
2023-07-20,120.89859771728516,122.5866357298391,120.35531541548754,122.5866357298391,871100
2023-07-21,121.45159149169922,121.92695708976441,120.86950270860478,121.20905696593198,752900
2023-07-24,122.57694244384766,122.7224646332121,121.2769609957416,121.71352016226892,793200
2023-07-25,123.27544403076172,124.52692302693426,121.63590832699393,121.82023692845405,1216500
2023-07-26,113.79718780517578,119.74413094706654,112.09944634330057,116.84342046464377,2476200
2023-07-27,112.0606460571289,116.62999529592476,111.5076676754037,114.6606162768256,1389300
2023-07-28,111.55616760253906,113.55465693450319,110.97408627734748,113.47704411739348,986100
2023-07-31,113.37033081054688,115.24269750504827,112.80764897660919,114.86434426536466,1076000
2023-08-01,112.66212463378906,113.63226264548588,111.96363148268247,112.74944090365591,761000
2023-08-02,111.06139373779297,112.34197551226721,110.63453067911321,111.94421540730379,615700
2023-08-03,108.25770568847656,109.98455770245306,108.01517116647364,109.78082959215854,1171000
2023-08-04,108.56815338134766,110.00395355910784,108.20919963612462,109.47037466777171,626600
2023-08-07,109.83902740478516,109.87783381363035,108.50993565770841,108.69426424933168,602000
2023-08-08,108.47113800048828,108.7330794309358,107.24876933028743,108.45173849528334,710800
2023-08-09,107.59801483154297,108.6360622504592,107.14204876314282,108.02487054108626,762400
2023-08-10,107.95696258544922,108.43232816440498,106.64727767926804,107.78233743785398,772000
2023-08-11,108.08309173583984,109.70322062336979,107.69503500668681,107.70473105877993,700900
2023-08-14,108.96591186523438,109.07262764911309,107.38458941563414,108.2383082850975,698300
2023-08-15,105.98757934570312,108.63605941350208,105.49280687998044,108.08308103471757,906000
2023-08-16,104.5517807006836,107.35548664380572,104.46447182366684,106.28832880315845,739100
2023-08-17,102.7085189819336,105.38609469593388,102.34956523550126,104.43536354288865,870700
2023-08-18,104.41596221923828,104.64880069499911,101.97121743628072,102.38837712006088,907000
2023-08-21,104.23163604736328,104.86221986821079,102.92194373867129,104.3868542889121,784700
2023-08-22,104.57117462158203,105.20176579413658,104.25102730914529,104.53236821387164,671400
2023-08-23,107.1323471069336,107.87935016233699,105.13386505607049,105.13386505607049,943500
2023-08-24,105.14356231689453,107.56890751392024,105.1144593587808,106.39504132674773,712600
2023-08-25,106.55995178222656,106.89950599524181,105.09504876689063,106.0651867433562,769400
2023-08-28,107.50098419189453,108.27709751483734,106.91890290047003,107.17114084066121,575100
2023-08-29,109.39276885986328,109.79052161252862,107.41368634480106,107.41368634480106,716600
2023-08-30,110.17858123779297,111.33304791927544,109.39277176300432,109.39277176300432,776100
2023-08-31,110.41139221191406,111.67257444461221,109.98453656827677,110.62482373451512,1014100
2023-09-01,111.3233413696289,112.22557005326239,110.9740910790891,111.15841967730898,528000
2023-09-05,107.82113647460938,111.51735987742619,107.76293056324707,111.09050419149342,681400
2023-09-06,105.23088073730469,108.15099848647131,104.60028949291394,105.99729072337144,1301100
2023-09-07,104.80400848388672,105.3763937610467,104.05700546968357,104.94953066632166,893600
2023-09-08,104.8719253540039,105.64803878148933,104.19283165612879,105.07565346336644,614500
2023-09-11,105.03684997558594,105.69654418684159,104.56148437384132,105.69654418684159,628500
2023-09-12,103.57192993164062,104.99803390675868,103.44580726075264,103.99878559788361,586700
2023-09-13,102.40776062011719,104.14430845553528,101.97120149903736,103.30998921837205,465600
2023-09-14,103.1353759765625,103.79507016101422,102.31076009638937,103.26149866281565,343000
2023-09-15,102.96002197265625,103.77839859222874,102.07343986842257,102.40469285708059,1423500
2023-09-18,102.4728775024414,103.45688420412284,101.9370304289938,103.0184618441123,545500
2023-09-19,103.11588287353516,103.19382561471183,101.58629188483042,102.22930834999454,685300
2023-09-20,101.56682586669922,104.59678165026665,101.48888311328196,103.93428311228017,648200
2023-09-21,101.17711639404297,102.04420905807923,100.19310960350761,100.9920116517067,736200
2023-09-22,101.14788055419922,102.15136922502884,100.69972092611168,101.40119075547624,513200
2023-09-25,101.3134994506836,101.81037513305954,100.44640689825965,100.44640689825965,414700
2023-09-26,99.46239471435547,101.06019108337956,99.30651667410218,100.44640132361825,545400
2023-09-27,100.63151550292969,101.35246724888775,99.93979042554676,100.43665865738114,571200
2023-09-28,101.5765609741211,102.54107829920267,100.20284794876699,100.26130872482271,548700
2023-09-29,101.51809692382812,102.58979106494188,101.23556748629356,102.45339498025997,653200
2023-10-02,100.47563934326172,101.8980609990337,99.88133891703126,101.3232499756796,674800
2023-10-03,100.13463592529297,101.39143465611417,99.32599677217858,100.01772925556061,606900
2023-10-04,101.44015502929688,101.6155224743669,99.8423660555605,100.47563036489741,615500
2023-10-05,100.10541534423828,101.4011855214288,99.45266162178426,101.27452671081349,611100
2023-10-06,101.02122497558594,101.7129500749802,98.80964616466439,99.36497518434874,680700
2023-10-09,101.76165771484375,102.25853339064335,99.54034165789794,100.10541537288347,371400
2023-10-10,102.75541687011719,103.82710361001095,101.83960818890266,102.29751252950993,471700
2023-10-11,103.2425537109375,103.63226002918128,102.492367747538,102.82362071960564,330400
2023-10-12,101.2647933959961,103.23279934092608,100.4756361313755,103.22305463979941,467700
2023-10-13,100.81663513183594,102.35596344428052,99.62803430135693,101.2550500590648,546300
2023-10-16,102.55081176757812,102.93077332168816,101.08941888776152,102.11238944381601,470500
2023-10-17,102.87230682373047,104.00245415571162,101.23555402518367,101.95650572449998,443300
2023-10-18,97.49440002441406,101.40119280507427,97.30928786208202,101.40119280507427,691500
2023-10-19,96.02326202392578,98.27381233781918,95.50690434416296,96.59808047917276,566100
2023-10-20,94.50341796875,96.15966046509362,93.90911752914953,96.0232643740079,1194900
2023-10-23,94.37674713134766,95.3704909377697,94.05523894017102,94.05523894017102,694000
2023-10-24,94.61056518554688,96.2473253275052,94.28905700356647,95.24383685013706,588500
2023-10-25,94.0357666015625,95.44845098589872,93.47070028085732,94.07473797420239,1030300
2023-10-26,94.7469711303711,95.72123304430806,94.23061350526906,95.01976327698888,812400
2023-10-27,94.92234802246094,95.9063547347508,94.40599034595147,94.62032917764127,748000
2023-10-30,95.19513702392578,96.21811507452642,93.98705425187636,95.70175741522422,1148800
2023-10-31,95.82840728759766,102.28776142722468,93.4999217903717,99.50137161804544,2026900
2023-11-01,96.3740005493164,97.66977086441227,94.60084390924875,96.05249228773089,1169700
2023-11-02,96.5785903930664,98.59531245681394,95.68227112762955,97.79641790578906,776300
2023-11-03,99.26754760742188,99.69622523585765,97.70873000360359,98.24456960611965,686900
2023-11-06,99.11167907714844,99.71571677553015,98.82914219792532,99.27730183747701,813900
2023-11-07,98.7999038696289,99.27729012432285,97.64052981805798,98.55633839210752,461400
2023-11-08,99.44292449951172,100.09567827171163,98.90707741306143,99.26755703785793,813800
2023-11-09,98.52710723876953,100.21258366417571,98.5076252705175,99.80339543362463,669900
2023-11-10,100.82636260986328,101.00173005033255,98.82913016160443,99.42343051913758,599700
2023-11-13,100.57305908203125,100.74842652113355,99.52085444741743,100.10541010008231,666500
2023-11-14,103.20357513427734,103.57379202260888,101.59604132933885,102.58004804180884,1016200
2023-11-15,103.92453002929688,104.6162551857761,102.93078601896842,103.64199314571587,661700
2023-11-16,103.22305297851562,104.58702122616359,103.03794825826246,103.8660694480037,428100
2023-11-17,103.61275482177734,104.20705519402297,102.7943783680134,104.20705519402297,411900
2023-11-20,103.0184555053711,103.72966999245595,101.92728688916907,103.53481314454221,441800
2023-11-21,101.47913360595703,102.90155523564897,101.17710733114569,102.80412308911224,712100
2023-11-22,101.97599792480469,102.64824105811765,101.55706498322296,101.97599792480469,439000
2023-11-24,102.33647918701172,102.49235723850845,101.70320741392665,102.20982780560631,196400
2023-11-27,101.46939086914062,101.94677717769022,100.88483514374917,101.78115441821802,636700
2023-11-28,101.44015502929688,102.34621892332056,100.5340911352732,101.2355609155533,604500
2023-11-29,101.89806365966797,103.50559751959265,101.81038364352293,102.41442878696364,476600
2023-11-30,103.35944366455078,103.61275384534092,100.90430689336728,102.12213429501216,1287900
2023-12-01,105.89253997802734,105.98996469217543,102.60927433672902,103.60301831388635,689300
2023-12-04,104.29474639892578,105.6684519053552,103.21331502238209,103.85632405455382,661000
2023-12-05,102.80412292480469,104.06092179622217,102.53133075420787,103.35945196724226,509600
2023-12-06,102.42415618896484,103.79786910714157,102.18059070131893,103.43738950953525,969600
2023-12-07,102.38520050048828,103.04769902567581,101.56682390450777,102.61902875622266,729900
2023-12-08,107.50006103515625,109.46807435569194,103.91478416017812,104.24602965852893,2081100
2023-12-11,106.95448303222656,107.80209366286948,106.20430454970277,107.2175379393013,756100
2023-12-12,106.92525482177734,107.47083916484988,105.4054084757729,106.29198303326577,699100
2023-12-13,108.38664245605469,108.93222677209572,105.14234836310608,106.51606128703217,870200
2023-12-14,115.52799224853516,115.87872717078132,109.37065657236735,109.47782598933308,1939900
2023-12-15,114.9314193725586,116.01697033661777,114.2957426942028,115.26393417572925,1580900
2023-12-18,115.3519515991211,115.69424823461696,114.35442208283045,115.69424823461696,744200
2023-12-19,116.88735961914062,116.93626126620413,115.71379470305432,116.23211933201483,873000
2023-12-20,117.88490295410156,119.8995255726188,116.54507684159925,116.65265450194184,1634200
2023-12-21,120.30050659179688,120.48631645878241,118.53036971457266,118.71618704290289,1212600
2023-12-22,123.34199523925781,123.35176960008664,120.7308008585429,121.35670317341805,1683600
2023-12-26,124.67204284667969,124.80895851537393,122.69653255035816,123.50825220143427,778400
2023-12-27,124.77960205078125,125.60109599054539,123.82119245438976,124.71114422246757,1011100
2023-12-28,124.06568908691406,124.73071120606153,123.65494210603165,124.39819641581586,714100
2023-12-29,123.89944458007812,124.36886760396989,122.70631591389119,123.36155625963502,672700
2024-01-02,121.51318359375,123.69406735492305,120.76014742911822,123.14639722839208,1003700
2024-01-03,118.83353424072266,120.32983215144114,118.00225845269506,120.32983215144114,825800
2024-01-04,119.57678985595703,120.22225580324583,118.4227810852373,118.88242972139557,751000
2024-01-05,120.0755615234375,120.58411182178513,119.24428570417625,119.58657486959626,660100
2024-01-08,121.00465393066406,121.35671749565493,119.95822267498379,120.32984988662945,697500
2024-01-09,121.31759643554688,121.34693444208267,119.94843226023556,119.94843226023556,519000
2024-01-10,119.4105453491211,121.63054904696591,119.19539001685301,120.7210335268701,868400
2024-01-11,118.01203918457031,119.48878099258897,117.19054517407687,119.16604800503326,863000
2024-01-12,117.14164733886719,119.3029675593618,116.54508299504914,119.3029675593618,550900
2024-01-16,116.77980041503906,116.81891278275782,114.5891347555647,116.20279226303693,900400
2024-01-17,116.10499572753906,116.99494758404232,115.34217771872356,115.90939658339123,922200
2024-01-18,118.50102996826172,118.58905145035871,116.63310473485183,116.63310473485183,599700
2024-01-19,119.49857330322266,119.81152449583186,117.5230628375342,118.58905773386697,673700
2024-01-22,122.6280746459961,122.64763829085229,120.28093717332233,120.44719830922271,795000
2024-01-23,121.59141540527344,123.3615445920208,120.04621588664142,122.70630430825003,521400
2024-01-24,120.22225189208984,122.66718501650286,119.80172309623705,122.66718501650286,487400
2024-01-25,122.98992156982422,123.03881575693347,120.84815770268858,122.04128629604553,577400
2024-01-26,122.11952209472656,123.46912249011896,121.97282461534084,122.95079786278733,510900
2024-01-29,124.06568908691406,124.09502709107082,121.36648078433387,121.91415088685432,638200
2024-01-30,123.41045379638672,124.52534276763818,122.86278367164721,123.24419266384669,479700
2024-01-31,121.16111755371094,123.61583274772276,120.98508205251997,122.98993040156473,619400
2024-02-01,124.42755889892578,124.46667126892149,121.27848335878262,122.19777328057998,774300
2024-02-02,124.8187255859375,125.59132536349651,122.3248982278018,123.51802680931458,585300
2024-02-05,122.98992156982422,123.95811302617781,121.161108853295,123.42022473856805,598100
2024-02-06,123.25397491455078,123.66472191352517,122.29556525027719,122.29556525027719,338800
2024-02-07,124.14393615722656,124.77961284885882,123.29309667911842,124.13415433480849,548700
2024-02-08,127.64508819580078,127.71353857177633,125.01433744771283,125.92384551724783,755700
2024-02-09,129.00445556640625,130.0215411849765,127.32234037506161,127.32234037506161,780400
2024-02-12,130.62791442871094,130.97997052754272,128.6915163489971,128.76975601185634,766100
2024-02-13,126.7355728149414,127.79178590675303,125.3957539953026,126.15857207449595,840700
2024-02-14,128.29052734375,128.41766864504967,126.1976651273917,128.18296460903545,694500
2024-02-15,130.37364196777344,130.7159386541583,128.5057090433014,129.12183710971777,680700
2024-02-16,129.5032196044922,131.9188147935208,129.0435709702924,129.6596989103236,1005600
2024-02-20,129.15115356445312,133.89433011029368,125.22948594428529,125.3664016114493,1527700
2024-02-21,128.22207641601562,129.6107966729106,125.91405889489872,128.7012886919386,1072700
2024-02-22,126.80402374267578,130.3834096609258,124.46666065283924,129.55212637319352,1321600
2024-02-23,126.24657440185547,126.99961804916134,124.70138220111915,124.93609371265534,931600
2024-02-26,125.6597900390625,126.76488967973968,125.39573307948133,125.93362135911417,877500
2024-02-27,126.4421615600586,128.79908079765477,125.85538653288711,128.79908079765477,950000
2024-02-28,125.33706665039062,126.96050597383383,125.14146750587336,126.04120864796386,819900
2024-02-29,125.05345916748047,126.7453564030241,124.97521950611947,125.76738302004611,1731600
2024-03-01,124.00701141357422,125.18057633215062,123.6940602711976,124.74049135302042,1435600
2024-03-04,125.95317840576172,127.02895503613792,123.00948405927952,123.64516821504427,1176300
2024-03-05,124.72093963623047,126.57908302477337,123.78208611932142,125.39574363268007,764800
2024-03-06,125.5815658569336,126.53020123350106,124.36887348825725,125.45442454171643,588800
2024-03-07,128.9946746826172,129.04357633305776,126.19767039606718,126.51062902073588,1376200
2024-03-08,127.96782684326172,131.5374238255864,127.7722202228412,129.60104064948115,803000
2024-03-11,128.15359497070312,128.49589154217253,126.5008328827664,127.6059323945009,720500
2024-03-12,130.14869689941406,130.6572472263733,127.49838252050208,128.39811622346733,806400
2024-03-13,129.8357391357422,131.4396148644822,129.3760904583573,130.09979612380548,959200
2024-03-14,127.6567611694336,130.23816906964814,126.2826362283528,129.9437094460341,920400
2024-03-15,127.98064422607422,129.16829235463837,126.61632933847724,126.61632933847724,1538700
2024-03-18,128.91311645507812,129.44314680667915,128.0984512678688,129.02108449137913,505400
2024-03-19,130.55223083496094,130.82705578630242,128.87383666618518,128.87383666618518,540900
2024-03-20,132.78028869628906,132.84900242192847,130.23815043068703,130.77799050058076,610400
2024-03-21,132.7901153564453,133.5557163560552,132.29935431739491,133.31033583653002,670400
2024-03-22,131.6417236328125,132.96678430125596,131.25893065832568,132.96678430125596,352600
2024-03-25,130.4541015625,131.76933753827325,130.0811183843286,131.27857650461115,355400
2024-03-26,130.87615966796875,131.4650789477209,130.60133466457492,130.72893733645043,431300
2024-03-27,131.75953674316406,132.50548817381377,130.99395067630692,131.67118836865038,511900
2024-03-28,132.22085571289062,132.55456965019772,131.36692125622437,132.3386335785662,341200
2024-04-01,129.875,131.9263774135339,129.7375725403622,131.9263774135339,300300
2024-04-02,129.148681640625,129.7277760938171,127.6960331044831,129.7277760938171,423200
2024-04-03,129.05052185058594,130.2087257195585,128.7168079301581,128.9131093553016,482500
2024-04-04,128.5990447998047,131.44545323250188,128.05920458619923,129.9240908039194,372800
2024-04-05,129.86517333984375,130.31668004936054,128.0395418219492,129.0799527449834,351900
2024-04-08,130.40501403808594,131.04299734989024,130.06147534598378,130.59150561512212,471400
2024-04-09,131.40618896484375,131.857680762451,129.03090718201622,130.9644920201402,336700
2024-04-10,126.74394989013672,129.31553292497492,126.65560152130134,128.60883583532137,547500
2024-04-11,127.35249328613281,127.43101685185358,125.64463942959323,126.7635740316464,471500
2024-04-12,125.06554412841797,127.50953954797849,124.42755326602162,126.22374799385213,600000
2024-04-15,124.59441375732422,126.94025090169532,123.48528902745882,126.46912450238432,471000
2024-04-16,124.04475402832031,124.7220066393609,122.72951807528268,124.00549224769574,520000
2024-04-17,123.45584869384766,125.2912977189681,123.2791744160905,125.2520359363088,576900
2024-04-18,122.533203125,124.48643730047817,122.30745725807328,123.67177224166579,421300
2024-04-19,122.8963851928711,123.72086767735199,122.3074734116245,122.72952822772815,328300
2024-04-22,123.10249328613281,124.46680833181979,122.6019224340334,123.50492091967593,704900
2024-04-23,124.62386322021484,125.23240213443655,123.37732594984698,123.37732594984698,612300
2024-04-24,124.20179748535156,125.28147021119726,122.77858606128424,124.260686410341,871200
2024-04-25,122.56266021728516,125.40906815152975,120.88425842220049,124.2018002320357,932000
2024-04-26,121.5615005493164,123.65214724226863,121.14926309857776,122.76877592752957,975500
2024-04-29,122.5037612915039,123.00433961997958,121.65965175266992,121.65965175266992,705700
2024-04-30,119.3138198852539,122.43506035306415,118.99973312383233,122.07190198141927,665200
2024-05-01,118.82305145263672,121.38482448311372,118.06728280417666,119.6180893683004,691400
2024-05-02,120.00088500976562,120.33459890420423,117.80227027960305,119.75550450323648,503100
2024-05-03,120.60942840576172,123.0141619531662,120.34442074365576,121.8755927656436,603800
2024-05-06,122.57247161865234,122.6804396438517,120.7566573133109,121.56150509943939,374200
2024-05-07,122.0718994140625,123.61288872494323,121.85596336604804,122.99452504409842,612400
2024-05-08,121.8363265991211,122.35653956405916,121.24741488020153,121.70873143135448,591600
2024-05-09,123.34786987304688,123.57362323148386,121.64002366307804,122.19949091229638,670400
2024-05-10,123.66195678710938,124.51588363746795,123.01415615006597,123.7110358833118,590000
2024-05-13,123.38713836669922,124.63367558755417,123.14175784950626,124.25087509138757,591600
2024-05-14,124.98700714111328,125.25202227304919,123.87788998355008,124.40791275900338,490600
2024-05-15,125.57593536376953,126.59671172132806,125.50722911877196,125.94891854097273,420400
2024-05-16,123.07305145263672,125.7035383816611,122.9945278900111,125.19314271301371,533000
2024-05-17,122.13078308105469,123.9171528262207,121.72835546555436,123.67177232557471,507600
2024-05-20,120.96277618408203,122.31728141506323,120.78610191432008,122.31728141506323,731700
2024-05-21,121.26705932617188,121.85597109274119,119.44142760791341,120.72721917190535,628300
2024-05-22,120.79591369628906,121.35538094349499,119.98124862925032,120.9431434957472,519900
2024-05-23,119.3138198852539,121.16889598996556,118.17525818325787,121.12964169715455,503500
2024-05-24,120.33460235595703,121.31612441022816,119.51012742481039,120.00088845194597,407800
2024-05-28,118.19487762451172,120.5996110212603,117.58633877616394,120.15792162753003,536900
2024-05-29,117.18390655517578,117.57651683803157,116.3201699236277,117.08575585656641,397900
2024-05-30,118.22432708740234,118.9801032540488,117.64523267645667,117.69431177397566,632200
2024-05-31,119.56900787353516,119.74568213031334,117.55688480958464,118.30284361469458,1117000
2024-06-03,118.27339935302734,120.2462606423122,116.56555319356653,120.2462606423122,545500
2024-06-04,115.46624755859375,116.89926878094742,113.82710761471165,115.26994615382914,719900
2024-06-05,116.07479858398438,116.33980623996415,115.09327654367296,115.60366470973058,517800
2024-06-06,115.34846496582031,116.82074800182343,114.21972062895293,115.97664595052692,507800
2024-06-07,114.76937866210938,115.36810773805942,113.36580176923917,114.33750654478953,372600
2024-06-10,115.31902313232422,115.87849039922355,114.22953306176989,114.46510374456251,533700
2024-06-11,115.14234924316406,115.69200668306917,113.5817327787292,114.98530960920472,566900
2024-06-12,117.7728271484375,120.11866421830321,116.82074957419383,117.42929593309671,437100
2024-06-13,116.95816802978516,117.73356383930462,115.61348016043627,117.43911172501615,461000
2024-06-14,114.67182922363281,115.62775749575151,113.33155974171261,115.2926863659185,480100
2024-06-17,114.54371643066406,115.51935121771938,113.79474054952478,114.34661355736118,785700
2024-06-18,114.91820526123047,115.07588004754614,114.07068166850362,114.5240070173821,884100
2024-06-20,114.0706787109375,115.47993232103036,113.34141686588494,113.98198805569186,720700
2024-06-21,114.54371643066406,114.91820061188079,111.93216162937107,113.8834312034817,1495400
2024-06-24,116.67237091064453,118.31814037421226,114.8590696494286,115.38137908839394,825400
2024-06-25,114.4451675415039,116.59354010730992,113.4596756767985,115.89384178561384,780800
2024-06-26,112.98664093017578,113.45967280277661,111.97158553823436,113.21329984284108,749500
2024-06-27,114.63240814208984,114.70139226870576,112.91765448141847,113.85386870244966,545500
2024-06-28,116.43585968017578,116.84976443881885,114.95762195470263,114.99704252962663,2983300
2024-07-01,114.06082153320312,117.07643162547758,113.69619437052292,116.82020164616013,635800
2024-07-02,114.42545318603516,114.79993736227522,113.65677078713384,114.149516685784,632800
2024-07-03,114.01154327392578,115.27297151436765,113.70603571787427,114.62254334861804,247400
2024-07-05,113.28228759765625,113.86373171144643,111.62666095313564,113.86373171144643,682100
2024-07-08,113.37097930908203,114.51414590484814,112.82895580330553,113.82430464177428,442700
2024-07-09,113.00634765625,113.69619645649883,112.38549050286151,113.00634765625,277100
2024-07-10,115.30254364013672,115.50949602134865,112.6417187174621,113.0063458811044,1027300
2024-07-11,118.09148406982422,120.02304709347503,116.53440522303134,116.76107164501491,732900
2024-07-12,121.1465072631836,121.98417378936249,118.64335718917786,118.64335718917786,612600
2024-07-15,120.9395523071289,122.94009941526213,120.48622699108884,121.34360002674275,381100
2024-07-16,126.16265869140625,126.42873063833277,121.01839052707562,121.87576354199379,622400
2024-07-17,125.07862091064453,127.05945406995767,124.20153378588455,125.7093350785909,578800
2024-07-18,125.56151580810547,128.24205474896533,124.30993699208203,124.4676192915236,838900
2024-07-19,122.29953002929688,126.11338597561883,122.26010945532519,126.11338597561883,594200
2024-07-22,124.83224487304688,124.95050659613293,121.26476935840073,122.85141176261949,602000
2024-07-23,125.33484649658203,125.79802884214486,123.5313947114481,124.14240232965736,796500
2024-07-24,126.00497436523438,129.87794968201445,122.80212621309806,128.44898966777419,1551500
2024-07-25,130.95216369628906,132.01649671386602,125.50238737282241,127.15801400504006,1312100
2024-07-26,134.7857208251953,135.52483969235215,131.49416670835723,132.20372202382072,1089900
2024-07-29,135.66281127929688,136.6680021363912,134.4407959754377,134.65760538479034,757700
2024-07-30,137.31842041015625,139.05289555924418,136.0077145440518,136.95379326513714,991100
2024-07-31,134.82513427734375,139.92998975427653,134.5984753678924,139.7033158074133,925300
2024-08-01,130.37069702148438,137.1804486245532,130.02578393135028,134.6181790964013,1156100
2024-08-02,127.66060638427734,128.6658122719239,125.97542375820588,128.19278039902463,1312900
2024-08-05,125.8965835571289,128.38987672908337,124.06356811871453,125.1081870714022,875800
2024-08-06,125.7388916015625,127.81827984232723,125.03919334556996,125.1081774688733,587800
2024-08-07,124.68441772460938,129.10927374802696,124.62529062330803,126.5272900751263,813100
2024-08-08,127.58177185058594,127.98581205003848,125.41368543363824,125.41368543363824,943700
2024-08-09,127.02003479003906,128.66580425643082,126.4878758458558,127.51278067952441,537200
2024-08-12,126.89191436767578,128.00552487514818,125.96555722042135,126.8229377635144,536100
2024-08-13,128.20263671875,128.82350142315406,126.86236714311472,127.52264490676707,412300
2024-08-14,129.1881103515625,129.5330384802364,127.78871386614435,128.5968243219354,389600
2024-08-15,131.02113342285156,132.02633928175814,129.38521340564145,130.9225932640798,443100
2024-08-16,129.36550903320312,131.18865978772035,129.22754078671312,130.65650084766204,332500
2024-08-19,130.922607421875,131.1098382550117,129.77943318713733,130.09478278168476,413600
2024-08-20,130.2918701171875,131.38576655474628,129.57245031698557,131.08025148261925,342100
2024-08-21,132.55850219726562,132.75561259551105,130.321446543819,130.9521607209328,509800
2024-08-22,133.05123901367188,133.55384944242826,132.1150248357176,132.2825566328327,511700
2024-08-23,135.0123748779297,135.97815261913607,133.23848665307315,134.18456538546707,502900
2024-08-26,135.71209716796875,136.59903386955534,134.9532641888876,135.81063733624885,596500
2024-08-27,135.21934509277344,135.49528161132673,133.98748026444176,135.01238518515225,479500
2024-08-28,134.6477508544922,136.53002878374954,134.4703545091825,135.21933790896082,599500
2024-08-29,135.31787109375,136.90451342807415,134.28310173877148,135.85989456896837,375900
2024-08-30,136.82568359375,137.4366987606026,134.20427168774387,135.98802455135777,682100
2024-09-03,135.0123748779297,137.75204084399257,133.898764346162,136.68770790907865,539300
2024-09-04,135.35731506347656,135.8500610010394,134.7561644181534,135.11094209469513,603400
2024-09-05,133.7213897705078,135.50512758951845,132.38112027067137,135.50512758951845,461000
2024-09-06,132.54864501953125,135.4361287302521,132.03618508109955,134.27325564246195,478600
2024-09-09,132.6077880859375,134.01704932693994,132.02635147204032,133.3469070133226,691000
2024-09-10,134.1845703125,134.23384791116314,132.4303960694569,133.54399160470263,691600
2024-09-11,135.10107421875,135.15035181877303,131.54344803582453,133.81993180521278,695600
2024-09-12,137.10162353515625,137.22974228966078,134.1648619860397,134.75616312038568,559600
2024-09-13,139.1218719482422,139.88070482479085,137.28885664687976,137.76188848798296,520700
2024-09-16,140.64938354492188,141.06328827479084,138.3630354705096,139.72301889537243,467400
2024-09-17,141.2899627685547,142.3937238741666,140.42274015957463,141.29982731107157,418300
2024-09-18,141.33924865722656,144.2858748968042,140.18622492106485,141.76301800016867,485200
2024-09-19,141.66445922851562,144.25630771193815,140.97461791279846,144.25630771193815,867800
2024-09-20,138.82659912109375,141.17993244115118,138.46075036010006,141.14038734041856,1847700
2024-09-23,141.05137634277344,141.27880969421884,139.6670715799292,139.6670715799292,817500
2024-09-24,142.22805786132812,142.4060485425391,141.11073143112736,141.1799391326375,442700
2024-09-25,141.78309631347656,143.20696133691337,141.33814226560034,142.51480891935134,500400
2024-09-26,142.08961486816406,143.42449205251987,141.5358929536371,142.93997783341348,776600
2024-09-27,142.15884399414062,144.81870089090347,141.85232042690765,143.35527566545582,589500
2024-09-30,144.10678100585938,144.52207249669098,141.3974811796235,141.84243527067218,813600
2024-10-01,143.34539794921875,145.11533171321526,143.1476422625732,144.19576098080717,912300
2024-10-02,144.2056427001953,144.5022837724463,141.40735524039275,142.73235001807504,794500
2024-10-03,144.2550811767578,144.36384906381068,142.28737670654348,143.75080193012607,657200
2024-10-04,143.97821044921875,145.06588924602895,142.61367070190965,144.9966664645091,691500
2024-10-07,144.37374877929688,144.7198325760319,142.57415226453668,142.96966367126836,488000
2024-10-08,143.73101806640625,145.47128912582173,143.18717864540426,144.93734729561396,1168300
2024-10-09,144.92747497558594,145.49107944219494,142.92021022834476,144.166099732687,900000
2024-10-10,143.0190887451172,143.63213587634473,142.05007535657884,143.2069619208911,763000
2024-10-11,145.6492919921875,145.74816229387383,143.009215041268,143.009215041268,768100
2024-10-14,147.7850799560547,147.98283563422433,144.46273326431506,145.48118934029023,688400
2024-10-15,147.85430908203125,149.5451528141819,146.68753985027993,148.12128758453784,1149400
2024-10-16,149.2386016845703,150.27683791867312,147.9235195542044,148.17071793909594,551800
2024-10-17,150.771240234375,151.226091917935,148.54645468851552,149.2386071741133,780800
2024-10-18,151.641357421875,154.35065678724516,151.2062859089757,153.6980495178962,820300
2024-10-21,150.30648803710938,152.36318023916408,149.77254620870815,151.6512477427686,722300
2024-10-22,148.91232299804688,149.97032431009924,148.33882089641943,149.30783440506227,982200
2024-10-23,149.16937255859375,150.90964350668543,148.23990435084607,148.23990435084607,987000
2024-10-24,143.6420440673828,144.75937052567377,140.2999170208776,140.74487110340354,1861100
2024-10-25,141.001953125,144.49239282419896,141.001953125,144.31440215613415,1156000
2024-10-28,140.7349853515625,142.67301222692942,140.57677476522466,141.52602319545983,1372700
2024-10-29,138.21356201171875,139.1232502724474,137.25443105564557,138.98481977815808,1278600
2024-10-30,137.49172973632812,139.03424507619235,136.80945985420578,137.78837078348442,1089400
2024-10-31,138.06524658203125,138.68817625146667,136.9775676547757,137.16544084110095,1206700
2024-11-01,138.26300048828125,139.88462126667264,137.1753215750588,138.81672244854292,646900
2024-11-04,137.9366912841797,139.37043882118817,137.18521366649438,137.92680878092546,597800
2024-11-05,139.3209991455078,139.3209991455078,137.17531904517017,137.5411829025748,645800
2024-11-06,139.3506622314453,141.17993626149655,135.58336136943748,140.4779013180093,1587800
2024-11-07,141.11073303222656,141.17994073452192,139.08370325335585,139.60776262364737,834400
2024-11-08,142.16873168945312,143.54315408445376,140.7152040019887,141.66445242376227,650900
2024-11-11,141.82264709472656,144.30452848197046,141.49635851092796,143.58271343815704,574900
2024-11-12,140.28013610839844,142.22806060889394,140.18126580607517,141.40736015187062,855400
2024-11-13,139.25180053710938,142.69279794263807,138.89583424772417,141.14039988045295,777600
2024-11-14,139.73629760742188,140.8041812562523,139.2913284846534,139.77584270679716,790600
2024-11-15,138.1937713623047,139.73630186517417,137.67960961580602,138.8562611835093,921600
2024-11-18,137.08633422851562,138.09490785246743,136.79959074379374,137.6796163809089,619700
2024-11-19,136.57215881347656,137.26432636118702,135.30650429025658,136.20631003204653,522400
2024-11-20,137.8674774169922,137.9169201120444,135.59326432251243,136.6512655752272,638900
2024-11-21,139.82530212402344,140.1911509162261,137.60051659519488,138.23334387543886,783900
2024-11-22,139.79563903808594,141.0711760982187,139.3902300553939,140.6954297154512,639100
2024-11-25,141.0711669921875,142.3269389631731,140.41855966038793,140.70531822487175,1658800
2024-11-26,138.81671142578125,140.8832861090154,137.9366858614314,140.16147111726096,916400
2024-11-27,139.82530212402344,140.2504761162814,138.2135637794896,139.66709153201433,861700
2024-11-29,139.26165771484375,140.91294086902764,138.89580898787906,140.04281294372325,363700
2024-12-02,138.82659912109375,139.81539260511235,137.85758573133705,139.2221255673759,825100
2024-12-03,138.9156036376953,139.94394223455956,138.3618666063777,138.9254861410471,797900
2024-12-04,139.48910522460938,139.64730071668285,138.13444788023003,138.22343567348224,536000
2024-12-05,138.7475128173828,142.80155716307226,138.42120914795507,142.10940472237326,1293800
2024-12-06,138.9156036376953,140.280128402016,138.15422842145105,139.9340597312078,760500
2024-12-09,139.8450469970703,140.181248228631,138.54973002305647,139.08368692225918,955000
2024-12-10,139.0045928955078,140.24058477811002,137.293984354568,139.27157136673154,690500
2024-12-11,138.8661651611328,140.2999127558165,138.59918668461637,139.9637265781539,638900
2024-12-12,137.6894989013672,138.99471360167465,137.4521830228226,138.6684099265978,692900
2024-12-13,137.27420043945312,138.1047833403763,136.15685898058365,136.819348800686,484100
2024-12-16,135.9788818359375,137.77847810061684,135.81078875704594,137.13576838204372,602600
2024-12-17,135.58197021484375,136.24678046214842,134.54009753389505,135.21484003932977,856400
2024-12-18,131.45419311523438,137.33828455051085,131.33512712930172,135.96896514972912,900700
2024-12-19,129.61851501464844,132.54566964556133,129.48951678127986,131.63279517555065,1192800
2024-12-20,131.15650939941406,131.69233660263941,129.14222910942559,129.14222910942559,2061300
2024-12-23,131.10690307617188,131.5236491383318,129.8764991255297,130.46192703613735,588900
2024-12-24,132.00985717773438,132.09917180958698,130.38255639507847,130.7199352629496,248800
2024-12-26,131.9602508544922,132.9624248749345,131.00767756664146,131.5435047725071,386700
2024-12-27,130.94813537597656,132.2976052735929,130.41230820775252,130.97790186969593,429000
2024-12-30,129.95587158203125,130.55123170580123,128.60640175670463,130.3230017453285,298200
2024-12-31,129.66812133789062,131.196205406274,129.4597558726082,129.92611781575812,385900
2025-01-02,127.59431457519531,130.8588483429138,127.36609972142504,130.45201936919875,523400
2025-01-03,129.1719970703125,129.42999355651,127.10811602456585,128.07060643698213,597300
2025-01-06,128.12020874023438,130.27340444101543,127.6439296577351,129.40022864653994,778200
2025-01-07,126.43336486816406,128.50717803218006,125.90746995366504,128.05074836405984,902900
2025-01-08,127.40577697753906,127.77292231774095,125.35181311484584,125.6395685176751,1077100
2025-01-10,125.23273468017578,127.00887532955073,125.05412814643084,126.13569203697487,741500
2025-01-13,127.26686096191406,127.30655971555458,124.29009791600345,124.74653516872037,828000
2025-01-14,128.74533081054688,129.11246101294066,127.47524320917753,127.87213990686601,469500
2025-01-15,129.9161834716797,131.90069719258682,128.9140094932513,131.4839511280729,641100
2025-01-16,131.5930938720703,131.82132384062626,129.6085802434008,129.6879626054241,552500
2025-01-17,132.55560302734375,133.04181438608043,131.5633460720245,132.5456859084208,592900
2025-01-21,134.02413940429688,135.22476170872997,133.4287792406746,133.6272275816694,610100
2025-01-22,131.15650939941406,134.24242895521456,130.70999682381876,133.43870329101523,898800
2025-01-23,132.21823120117188,132.38691305637178,130.35278339437986,131.36488966621795,704300
2025-01-24,131.50379943847656,132.71435400966624,131.17635286030512,132.3769903136004,603800
2025-01-27,134.4508056640625,134.53018803040865,131.56333454335416,131.80148164239262,962400
2025-01-28,131.08705139160156,134.41111785307217,131.04736777998707,133.7859912005201,640100
2025-01-29,129.9856414794922,131.60302491695086,129.86657550787368,130.88859880596527,624600
2025-01-30,132.4861297607422,133.33947119881503,130.58099855634077,130.7099816423567,565800
2025-01-31,131.70225524902344,133.8951496790758,131.3549744153706,132.48614668563428,862600
2025-02-03,127.73321533203125,128.97353634861062,126.01661528446388,128.41787495568505,1033400
2025-02-04,127.4950942993164,128.93386377356703,127.36609605754707,127.83245801094839,877400
2025-02-05,128.0706024169922,128.51711498363687,126.820349061621,128.51711498363687,990600
2025-02-06,128.29881286621094,128.87432365219877,127.38593838725579,128.45757759489126,967700
2025-02-07,127.69354248046875,128.70564875465314,126.91958331216267,128.3583527844938,939100
2025-02-10,129.54905700683594,129.54905700683594,128.01105580074045,128.50718424524618,1190000
2025-02-11,130.70999145507812,130.84890680934956,128.52702939911097,129.4299867721942,1000200
2025-02-12,130.48178100585938,130.52146461956954,127.85230630420206,128.09043826774018,993500
2025-02-13,132.11898803710938,132.14875453012277,130.20393966360746,130.99774813878483,1257300
2025-02-14,132.35714721679688,133.2104887559803,131.73202052511638,132.51591195446792,1354600
2025-02-18,124.91521453857422,132.12892609464467,124.6473085193761,129.92611467114386,1917900
2025-02-19,125.59986877441406,126.29444551299758,123.22837560512635,124.91520915329697,1503700
2025-02-20,126.12577056884766,126.47305895712927,124.62746058475373,125.282353748644,1207100
2025-02-21,126.17538452148438,126.92949427590878,125.02436294317505,126.92949427590878,871100
2025-02-24,126.93941497802734,128.75523920078805,125.55025391932746,126.56236011265514,883700
2025-02-25,128.88424682617188,130.0055019567866,127.29662974604335,127.72330808184131,968100
2025-02-26,128.4178924560547,129.27123403737738,128.0706116084686,128.69572319037934,690400
2025-02-27,126.40360260009766,128.94377777557537,126.33414492171566,127.6637730697242,1026000
2025-02-28,127.71339416503906,128.01105912696616,125.95709518647448,127.10811684138906,1212000
2025-03-03,125.54033660888672,129.01324324488243,125.07398223627827,127.89198813010259,922400
2025-03-04,122.83148193359375,124.86560402603799,122.3155041088439,123.96265418820472,1165000
2025-03-05,125.50065612792969,126.52267952437072,123.62528362096587,123.89319722352614,754400
2025-03-06,126.3639144897461,127.03864948343119,124.49847424617874,125.47088176717473,815900
2025-03-07,130.2833251953125,131.0969679252052,126.24484018799241,126.36390616294311,942700
2025-03-10,131.2755889892578,134.33174201369513,129.7276706702682,130.06503437760932,1117600
2025-03-11,124.98467254638672,131.4839504043946,124.96483074022724,130.7596071396289,1178500
2025-03-12,122.98031616210938,125.53041595862524,122.05751699066796,123.49628639212267,1048300
2025-03-13,124.02218627929688,125.5899539788073,122.75209867423705,122.75209867423705,1069400
2025-03-14,126.19417572021484,126.44325627459583,124.53031183993517,125.28751885362719,1084900
2025-03-17,126.90156555175781,127.87796468467052,125.96502022032475,126.11447007553954,982200
2025-03-18,127.50932312011719,128.09715719210809,126.58274313649476,126.67240848910238,1027800
2025-03-19,128.17684936523438,128.77464878689952,126.16428179647932,127.03108487682546,1255000
2025-03-20,127.25027465820312,128.67500812996326,126.50303299611815,127.04104790497956,996700
2025-03-21,126.59269714355469,127.00119289691897,125.16795608400267,125.78567858860161,2502900
2025-03-24,130.10971069335938,130.35879123999771,127.7882781743697,127.97758182224204,1057200
2025-03-25,129.11338806152344,131.23555917641758,128.09715038066628,130.04993334608085,1063300
2025-03-26,129.90049743652344,130.13960504242698,128.69494084696694,128.69494084696694,978100
2025-03-27,129.71119689941406,131.15586112961591,128.84440140182718,129.97023521292928,825300
2025-03-28,127.81816864013672,130.56802764811295,127.53919963971454,129.94033979582787,1190400
2025-03-31,129.98020935058594,131.0363085188108,126.35358931360784,127.23035017012135,1384800
2025-04-01,130.51820373535156,131.20566846226265,128.72482079616393,129.6115469157248,1074700
2025-04-02,131.66397094726562,132.64037763656884,129.00379253196704,129.15324998163757,909900
2025-04-03,126.74214935302734,130.3289078434094,125.18788911417337,129.0436588621019,1646400
2025-04-04,123.1852798461914,127.41964932152922,122.368295922062,122.98601844082731,2382800
2025-04-07,120.3357925415039,124.60005028607048,118.41289041635102,121.02325728302885,1604000
2025-04-08,118.0841064453125,123.24505586100683,116.14128115231385,122.5775217963699,1543200
2025-04-09,124.19156646728516,125.9151996542465,116.22098869290775,116.9981188096959,1348900
2025-04-10,121.63101959228516,122.78674942572148,117.72543827726733,122.78674942572148,1494200
2025-04-11,124.68972778320312,125.30744269687844,119.91734342078747,121.46164590764643,1115100
2025-04-14,125.82553100585938,126.52295350230838,124.3808592613077,125.72590030655739,758000
2025-04-15,126.43328857421875,127.51927612249521,125.45688947460472,125.9251621243515,753400
2025-04-16,124.66979217529297,126.75210949301241,123.90262743802897,126.00486785484546,708100
2025-04-17,125.88530731201172,126.80192190340713,125.05835806916505,125.05835806916505,798400
2025-04-21,122.81663513183594,124.8192448965983,121.69079377422756,124.19156464256915,992400
2025-04-22,126.35358428955078,126.58274174592299,123.71332887263452,123.71332887263452,890800
2025-04-23,125.99490356445312,130.35879203157495,125.69601146747318,127.57905980338661,1466600
2025-04-24,138.9969024658203,141.47775017781504,133.69647635046243,139.09654076532343,2617900
2025-04-25,135.98802185058594,137.98066624032327,135.64926075030124,137.62198964206374,1052900
2025-04-28,136.75518798828125,138.17993672602913,136.11754234973796,136.55592657673733,918600
2025-04-29,137.6917266845703,138.23970694181068,136.15739716696774,136.49614307047253,968100
2025-04-30,138.68804931640625,139.026795220936,135.68912492159185,138.0304730057281,842700
2025-05-01,138.179931640625,139.75412257842845,138.0802933371844,138.857423455475,631500
2025-05-02,140.41168212890625,141.02941223855385,139.71425962059814,139.9434246754262,819700
2025-05-05,140.37184143066406,141.34823298055963,139.84379185348894,139.98327636061688,664600
2025-05-06,139.38546752929688,140.850062356713,138.7378641904454,139.14635993472774,908600
2025-05-07,139.71426391601562,140.61096305655485,138.5983878684158,139.29581039816568,898900
2025-05-08,140.3917694091797,142.0058065607332,140.2921311048763,140.97959587762563,882800
2025-05-09,141.32830810546875,141.6770117488194,140.64084336499192,141.61723485011188,593200
2025-05-12,143.27113342285156,145.40326229331333,142.12535378706548,144.46671700581393,1109400
2025-05-13,142.3246307373047,144.2873866652634,142.25488088681382,143.53017207214018,916400
2025-05-14,140.56114196777344,142.49400952550766,140.01316170099247,141.6969487013418,925000
2025-05-15,142.38441467285156,142.50396847654986,140.38179724487992,140.9995273702198,677400
2025-05-16,145.1043701171875,145.21396617146146,141.8264766437273,142.56374537005144,764300
2025-05-19,143.95860290527344,144.53647161665003,142.9024885828241,143.6198417967626,695600
2025-05-20,143.1515655517578,144.1678184464928,142.6932658559647,143.76929564991877,706800
2025-05-21,141.4379119873047,143.2113643596418,141.3183429805974,141.95598860657626,1054600
2025-05-22,141.10911560058594,141.7766496386742,139.86371287221155,140.88992350417843,861500
2025-05-23,140.790283203125,141.16889049202229,139.64451879037873,140.013153127882,617200
2025-05-27,143.99844360351562,144.17778950148377,140.5013582211717,141.96595304345325,1178600
2025-05-28,142.57371520996094,144.26745993685603,141.96595805001186,143.66966052610692,1152900
2025-05-29,142.8227996826172,143.48036080927804,141.57739687827862,142.96228418859627,875300
2025-05-30,142.1751708984375,142.5537781886374,141.10911407982653,142.27480919670165,1088300
2025-06-02,138.89727783203125,142.53384768360354,138.26958999798146,141.24859876918762,1146500
2025-06-03,138.5884246826172,139.35558183391376,136.85481857438128,138.75779763300747,1492800
2025-06-04,137.60206604003906,139.38547617168172,137.3529854784723,138.7677612438509,949700
2025-06-05,137.72161865234375,138.35926427632705,137.13379218077665,137.9308530114235,766200
2025-06-06,138.6382293701172,139.42533242911344,138.2297488182539,138.6681178201884,737700
2025-06-09,139.0865936279297,139.94343137994986,137.72162179341413,139.13639757881094,659400
2025-06-10,139.1563262939453,139.53493361233294,138.4489460126822,138.6581651708757,643500
2025-06-11,137.4326934814453,139.39544952850258,136.97437855765682,139.39544952850258,643800
2025-06-12,138.16000366210938,138.40908422294882,136.12751297483462,136.85482395573797,649300
2025-06-13,135.3000030517578,138.2899932861328,134.6699981689453,136.67999267578125,556600
2025-06-16,136.10000610351562,136.52999877929688,135.1699981689453,136.41000366210938,608800
2025-06-17,136.24000549316406,136.5399932861328,134.67999267578125,135.10000610351562,1199400
2025-06-18,136.8000030517578,138.0,135.9600067138672,136.44000244140625,942800
2025-06-20,137.6300048828125,138.86000061035156,136.5399932861328,137.80999755859375,2000400
2025-06-23,142.4499969482422,142.61000061035156,137.32000732421875,137.72000122070312,1397600
2025-06-24,143.61000061035156,144.1199951171875,142.07000732421875,144.1199951171875,902500
2025-06-25,142.82000732421875,144.30999755859375,141.92999267578125,143.5399932861328,793500
2025-06-26,143.38999938964844,143.63999938964844,142.49000549316406,142.57000732421875,628600
2025-06-27,143.88999938964844,144.72000122070312,143.08999633789062,143.63999938964844,699900
2025-06-30,144.1199951171875,144.25,142.63999938964844,144.0500030517578,597300
2025-07-01,147.64999389648438,148.74000549316406,143.30999755859375,143.6199951171875,832500
2025-07-02,147.9499969482422,148.69000244140625,146.5500030517578,147.52000427246094,765100
2025-07-03,148.11000061035156,148.50999450683594,147.19000244140625,148.33999633789062,411800
2025-07-07,148.14999389648438,149.64999389648438,147.02000427246094,148.3699951171875,697300
2025-07-08,148.5399932861328,150.0500030517578,147.67999267578125,148.39999389648438,960800
2025-07-09,150.05999755859375,150.35000610351562,148.19000244140625,149.72999572753906,711000
2025-07-10,151.52999877929688,153.16000366210938,149.7899932861328,150.3000030517578,867400
2025-07-11,148.80999755859375,149.99000549316406,147.83999633789062,149.77000427246094,876100
2025-07-14,148.30999755859375,149.33999633789062,147.44000244140625,148.32000732421875,725300
2025-07-15,145.5500030517578,149.6699981689453,145.3300018310547,148.94000244140625,950400
2025-07-16,146.07000732421875,146.16000366210938,143.60000610351562,145.4600067138672,1075700
2025-07-17,153.52999877929688,153.77000427246094,147.89999389648438,148.0500030517578,1394800
2025-07-18,152.82000732421875,154.38999938964844,152.25999450683594,154.16000366210938,934500
2025-07-21,149.61000061035156,153.57000732421875,149.57000732421875,153.22000122070312,1106200
2025-07-22,152.7100067138672,153.16000366210938,149.67999267578125,149.67999267578125,1114400
2025-07-23,154.36000061035156,154.57000732421875,152.67999267578125,152.67999267578125,1665600
2025-07-24,163.6699981689453,164.05999755859375,156.0,157.8699951171875,1895600
2025-07-25,165.38999938964844,166.22000122070312,161.72000122070312,164.0399932861328,1446800
2025-07-28,163.6699981689453,165.63999938964844,163.0,165.02000427246094,1066100
2025-07-29,164.11000061035156,165.64999389648438,163.3000030517578,165.32000732421875,1109400
2025-07-30,164.82000732421875,165.69000244140625,163.22000122070312,163.47000122070312,1191000
2025-07-31,165.9199981689453,166.3699951171875,163.91000366210938,164.02000427246094,1322700
2025-08-01,165.1300048828125,165.77999877929688,163.41000366210938,165.11000061035156,1366400
2025-08-04,166.72999572753906,167.24000549316406,164.0,165.07000732421875,878300
2025-08-05,165.39999389648438,167.2100067138672,164.39999389648438,166.9600067138672,1162000
2025-08-06,164.49000549316406,165.91000366210938,163.72000122070312,165.91000366210938,863900
2025-08-07,163.74000549316406,165.60000610351562,163.07000732421875,165.35000610351562,953900
2025-08-08,163.72000122070312,164.94000244140625,163.3699951171875,164.32000732421875,576600
2025-08-11,164.4499969482422,164.55999755859375,163.05999755859375,163.36000061035156,793500
2025-08-12,166.42999267578125,166.74000549316406,163.4600067138672,164.86000061035156,749800
2025-08-13,169.6199951171875,170.11000061035156,166.22999572753906,167.02999877929688,988300
2025-08-14,168.5500030517578,169.42999267578125,167.3000030517578,168.5800018310547,958700
2025-08-15,167.1699981689453,169.47999572753906,166.9199981689453,169.27000427246094,549900
2025-08-18,167.1999969482422,168.14999389648438,166.86000061035156,167.50999450683594,563300
2025-08-19,169.86000061035156,170.2899932861328,167.32000732421875,167.32000732421875,844000
2025-08-20,168.52000427246094,170.50999450683594,168.00999450683594,169.22000122070312,671300
2025-08-21,167.2100067138672,168.07000732421875,166.6999969482422,167.6199951171875,483300
2025-08-22,172.24000549316406,172.6699981689453,167.1300048828125,167.82000732421875,754400
2025-08-25,169.82000732421875,171.91000366210938,169.8000030517578,171.6699981689453,626900
2025-08-26,171.52999877929688,172.1199951171875,169.35000610351562,169.97000122070312,1278900
2025-08-27,172.0,172.4499969482422,171.0500030517578,171.42999267578125,552800
2025-08-28,170.97000122070312,172.9499969482422,170.55999755859375,172.47000122070312,848300
2025-08-29,169.8000030517578,171.88999938964844,169.00999450683594,170.83999633789062,952300
2025-09-02,167.99000549316406,168.47000122070312,166.91000366210938,167.25,810000
2025-09-03,167.69000244140625,168.47000122070312,166.83999633789062,167.99000549316406,635900
2025-09-04,170.75,170.82000732421875,167.82000732421875,168.17999267578125,660400
2025-09-05,171.86000061035156,173.25,170.82000732421875,171.36000061035156,596800
2025-09-08,173.10000610351562,173.25,170.6999969482422,171.52999877929688,578200
2025-09-09,169.97000122070312,173.08999633789062,168.50999450683594,172.14999389648438,556600
2025-09-10,170.42999267578125,171.64999389648438,169.61000061035156,170.0800018310547,545500
2025-09-11,177.17999267578125,177.75,170.49000549316406,171.77000427246094,1364700
2025-09-12,175.02000427246094,177.6999969482422,174.4600067138672,176.2899932861328,1100200
2025-09-15,176.1999969482422,177.6300048828125,174.39999389648438,175.07000732421875,865300
2025-09-16,177.0399932861328,177.67999267578125,175.42999267578125,176.08999633789062,905300
2025-09-17,176.61000061035156,179.60000610351562,175.6199951171875,177.8800048828125,967400
2025-09-18,178.77999877929688,179.9199981689453,175.6999969482422,176.4499969482422,1241500
2025-09-19,179.3300018310547,180.33999633789062,177.4199981689453,178.80999755859375,3246000
2025-09-22,177.80999755859375,179.27000427246094,177.35000610351562,177.92999267578125,783300
2025-09-23,177.44000244140625,179.7100067138672,176.08999633789062,178.11000061035156,592000
2025-09-24,175.33999633789062,177.77999877929688,174.9499969482422,176.27000427246094,601800
2025-09-25,172.97000122070312,174.83999633789062,172.6699981689453,174.1999969482422,928100
2025-09-26,175.00999450683594,175.39999389648438,173.5,173.55999755859375,617400
2025-09-29,175.0399932861328,178.00999450683594,174.4499969482422,176.41000366210938,553300
2025-09-30,177.35000610351562,177.91000366210938,175.4600067138672,175.6699981689453,929300
2025-10-01,176.72999572753906,177.91000366210938,175.25999450683594,176.8300018310547,843300
2025-10-02,177.74000549316406,177.75,175.89999389648438,176.32000732421875,885500
2025-10-03,177.2899932861328,179.55999755859375,177.2100067138672,177.8000030517578,689400
2025-10-06,177.36000061035156,178.22999572753906,176.72000122070312,177.52999877929688,451000
2025-10-07,177.02999877929688,178.02000427246094,176.5,177.8000030517578,808200
2025-10-08,178.27000427246094,178.61000061035156,176.49000549316406,177.4199981689453,505700
2025-10-09,175.4499969482422,178.22000122070312,174.6199951171875,178.00999450683594,714400
2025-10-10,173.2899932861328,176.77000427246094,172.97000122070312,175.97000122070312,985000
2025-10-13,173.69000244140625,175.69000244140625,173.69000244140625,173.99000549316406,812800
2025-10-14,175.60000610351562,176.6999969482422,172.0500030517578,172.0800018310547,1068800
2025-10-15,177.27999877929688,177.7100067138672,175.2100067138672,175.85000610351562,581200
2025-10-16,177.5,178.14999389648438,175.91000366210938,177.27999877929688,919500
2025-10-17,177.49000549316406,178.5,176.5800018310547,176.75,568800
2025-10-20,177.97000122070312,178.4499969482422,173.97000122070312,178.17999267578125,591800
2025-10-21,179.47000122070312,180.67999267578125,177.39999389648438,177.75,797900
2025-10-22,175.5,179.75,175.4499969482422,179.10000610351562,966700
2025-10-23,171.22000122070312,173.3800048828125,166.16000366210938,171.6999969482422,1454700
2025-10-24,167.3000030517578,173.72999572753906,166.6300048828125,173.72999572753906,1078200
2025-10-27,170.94000244140625,171.7899932861328,167.42999267578125,168.1999969482422,1057800
2025-10-28,169.0800018310547,171.47000122070312,168.8300018310547,170.9600067138672,778400
2025-10-29,165.58999633789062,169.1699981689453,164.1999969482422,168.9199981689453,1146600
2025-10-30,165.2899932861328,167.66000366210938,164.27000427246094,165.3800048828125,636400
2025-10-31,165.77000427246094,166.27000427246094,164.8300018310547,165.0,830600
2025-11-03,164.67999267578125,165.39999389648438,163.52000427246094,165.39999389648438,679800
2025-11-04,165.5500030517578,165.6199951171875,163.35000610351562,164.38999938964844,797400
2025-11-05,165.80999755859375,166.91000366210938,163.9499969482422,165.17999267578125,578600
2025-11-06,165.07000732421875,166.72999572753906,164.94000244140625,165.72999572753906,655500
2025-11-07,167.35000610351562,167.6300048828125,164.69000244140625,165.17999267578125,613500
2025-11-10,166.8800048828125,167.85000610351562,165.02999877929688,166.89999389648438,547900
2025-11-11,167.5500030517578,168.0500030517578,166.22999572753906,166.80999755859375,387800
2025-11-12,168.3800048828125,169.4199981689453,167.07000732421875,168.1699981689453,743100
2025-11-13,164.52000427246094,169.4499969482422,163.9499969482422,168.3699951171875,757300
2025-11-14,161.25,164.13999938964844,160.47000122070312,163.3300018310547,888600
2025-11-17,159.97000122070312,161.5800018310547,159.3800048828125,161.5800018310547,752600
2025-11-18,161.07000732421875,161.44000244140625,158.72999572753906,159.9499969482422,1043500
2025-11-19,160.67999267578125,161.83999633789062,160.30999755859375,161.24000549316406,586300
2025-11-20,159.4499969482422,163.5800018310547,158.74000549316406,162.02999877929688,923300
2025-11-21,162.8699951171875,164.52000427246094,159.0800018310547,159.8300018310547,1145900
2025-11-24,162.2899932861328,163.4600067138672,161.02999877929688,162.5,1524300
2025-11-25,166.08999633789062,166.44000244140625,162.66000366210938,163.6300048828125,699800
2025-11-26,165.6699981689453,167.25999450683594,165.2100067138672,165.72999572753906,677700
2025-11-28,166.02999877929688,166.72000122070312,165.4600067138672,166.52000427246094,267900
2025-12-01,165.1699981689453,167.00999450683594,163.30999755859375,164.1300048828125,652800
2025-12-02,164.16000366210938,166.25,163.27000427246094,166.1199951171875,754300
2025-12-03,164.02999877929688,165.97999572753906,163.9600067138672,164.72999572753906,553400
2025-12-04,160.85000610351562,164.9199981689453,160.7100067138672,164.11000061035156,1073100
2025-12-05,159.0800018310547,163.10000610351562,158.82000732421875,161.80999755859375,1160500
2025-12-08,158.86000061035156,159.50999450683594,157.16000366210938,158.80999755859375,1029600
2025-12-09,157.49000549316406,159.88999938964844,157.08999633789062,158.82000732421875,1013400
2025-12-10,160.3000030517578,160.80999755859375,157.1699981689453,157.64999389648438,891000
2025-12-11,164.7100067138672,164.75999450683594,159.8800048828125,160.74000549316406,1009000
2025-12-12,160.8300018310547,165.00999450683594,159.85000610351562,164.9199981689453,741900
2025-12-15,163.05999755859375,163.2100067138672,160.3800048828125,161.00999450683594,1068800
2025-12-16,159.6699981689453,162.63999938964844,158.08999633789062,161.58999633789062,777100
2025-12-17,160.7100067138672,161.82000732421875,158.1999969482422,158.55999755859375,993900
2025-12-18,159.9199981689453,164.55999755859375,159.30999755859375,162.0500030517578,976200
2025-12-19,160.0,160.57000732421875,158.72999572753906,159.1999969482422,2751900
2025-12-22,160.77000427246094,162.67999267578125,159.8300018310547,159.8300018310547,857000
2025-12-23,160.6199951171875,161.8000030517578,160.0800018310547,160.94000244140625,424900
2025-12-24,160.85000610351562,161.85000610351562,160.67999267578125,160.97999572753906,252100
2025-12-26,160.7899932861328,161.4499969482422,159.89999389648438,160.35000610351562,255000
2025-12-29,161.35000610351562,161.63999938964844,160.2899932861328,160.75,493200
2025-12-30,161.1300048828125,161.49000549316406,159.5800018310547,160.8699951171875,354200
2025-12-31,159.22000122070312,161.1300048828125,159.13999938964844,160.64999389648438,358800
