Date,Close,High,Low,Open,Volume
2019-01-02,130.5042724609375,130.81233640052156,128.1646101827296,130.81233640052156,2030600
2019-01-03,131.28692626953125,133.2519011586686,130.24615594063891,130.39603347445168,2467400
2019-01-04,131.8114776611328,133.276890405007,131.29525964711303,131.64495695061507,2530000
2019-01-07,132.62744140625,133.73482258117136,131.570027879998,131.9530242534498,1708000
2019-01-08,134.12620544433594,134.15951722307895,132.03634234581128,133.03547972784278,2502700
2019-01-09,132.95213317871094,134.80887623509543,131.84476494228582,134.78389876839194,1797300
2019-01-10,134.7672882080078,134.87553240326528,132.06960655444155,132.77733556160263,1986600
2019-01-11,134.38429260253906,135.10034327187162,133.1353679028697,134.09288446211428,1878800
2019-01-14,134.38429260253906,135.3501307527493,133.92636370976885,134.08455016642966,1435400
2019-01-15,135.7581024169922,135.98291239545102,133.74317231506313,134.24273451698343,1597100
2019-01-16,136.36590576171875,136.80719141399683,135.57492276450623,136.09114083968797,1495200
2019-01-17,136.86544799804688,137.32337672077557,135.76638857218362,136.36587322179733,1322800
2019-01-18,137.10690307617188,137.58982197893903,136.03283380783276,137.58982197893903,1763000
2019-01-22,137.11526489257812,137.72308402189967,135.85801868174806,136.98205592198875,1503900
2019-01-23,138.0394744873047,138.04780878275417,136.8321831859648,136.97372645670077,1700200
2019-01-24,137.92286682128906,138.08106593017746,136.6406434784877,137.22347227067013,1275900
2019-01-25,139.3883056640625,139.98779045012358,138.03945854306647,138.6306217393579,1482100
2019-01-28,139.9211883544922,139.9211883544922,137.93955725990628,138.9969836436671,1180500
2019-01-29,141.07852172851562,141.14513256360857,139.5048772755087,139.6131087659067,1849700
2019-01-30,141.9361114501953,142.79370528186644,140.72048597841982,140.82040858050706,2159500
2019-01-31,143.9093780517578,144.83358252327656,140.92028900327193,141.36989615211485,4046100
2019-02-01,141.90280151367188,144.16751905122786,141.16177345426905,144.16751905122786,3446200
2019-02-04,142.3274688720703,142.33579046350746,140.61228088675486,141.71132807828758,2846800
2019-02-05,143.56802368164062,143.65961198357624,141.1867532407474,142.23584521360561,1671100
2019-02-06,141.76956176757812,143.50972654988746,141.62801854030423,142.643811305178,1422900
2019-02-07,143.2183380126953,143.5430578905812,141.40324041444015,141.8195486017153,1113600
2019-02-08,143.56802368164062,144.0342994854053,142.41902181747687,143.13507234950546,1294600
2019-02-11,144.0343017578125,144.59215316759736,143.33489439348935,143.92605757071266,1211000
2019-02-12,143.7012481689453,144.66708615296912,143.2682968282865,144.10923474100284,1471600
2019-02-13,144.6254425048828,144.74200827364533,143.2849298117559,143.56801629236259,1195900
2019-02-14,146.36563110351562,146.5987753834382,144.10092618791643,144.55053345303443,1832500
2019-02-15,148.0558319091797,148.33058409939056,146.52380830976415,147.60621200667512,2744400
2019-02-19,147.87265014648438,148.47213485906946,147.13994378561023,148.1807140915266,1961700
2019-02-20,147.11497497558594,147.6478488953978,146.14913702570306,147.6478488953978,1612000
2019-02-21,146.96510314941406,147.16493564138048,145.35815973827016,146.8069167194138,1407600
2019-02-22,147.06504821777344,147.74778710305296,145.86607849221846,147.4979996261092,1312600
2019-02-25,145.06675720214844,147.8143939651334,144.93354822878703,147.57294079024226,1946500
2019-02-26,144.89186096191406,145.9742644603673,144.3922862073314,145.57459957481566,1853700
2019-02-27,144.20916748046875,147.18161432340148,142.96857709340622,145.12505066295418,1632200
2019-02-28,146.66537475585938,148.78022754060015,143.53474164468747,143.64298584291885,2888500
2019-03-01,148.13909912109375,148.363909092389,145.10005453258577,146.70699798606455,2048000
2019-03-04,149.61279296875,149.67106949082864,147.2398319395798,149.03828581191635,1678000
2019-03-05,150.75347900390625,151.46120781759998,149.3963106056364,149.3963106056364,1991500
2019-03-06,151.24473571777344,151.7776096060163,150.60363035696207,150.76182947615717,1226000
2019-03-07,151.3280029296875,152.34379576765605,150.54534162455937,151.54447858026342,1375900
2019-03-08,151.21144104003906,152.14396719530893,150.23728153039835,150.7035446080333,1276000
2019-03-11,154.16725158691406,154.28381737163576,151.57781414335864,151.79428982792246,1586700
2019-03-12,154.6585235595703,155.5161175863494,154.10899358957974,154.47534690290678,1618300
2019-03-13,155.8907470703125,156.15719038590723,154.61684514132702,154.61684514132702,1512600
2019-03-14,156.5068817138672,156.56515824647332,154.6751284558293,155.43279960800544,1183800
2019-03-15,157.33950805664062,157.36448553002995,156.21547093525365,156.53186920447422,2541700
2019-03-18,157.2728729248047,157.76411343184583,156.11553691929822,157.45604950450053,1556200
2019-03-19,158.1221466064453,158.38025559734825,156.95647629613148,157.71416009212822,1848200
2019-03-20,159.47927856445312,159.99550917387737,157.29782849774426,158.43018687609126,1537900
2019-03-21,162.11874389648438,162.15204296221586,158.86321074217997,159.1629531526352,1761300
2019-03-22,161.2361602783203,163.85057525802756,160.86981973541901,161.72741360838324,2050300
2019-03-25,162.9346923828125,163.45091044422338,161.13623805279676,161.6108354612941,2157600
2019-03-26,162.40182495117188,163.75065940042552,161.4942761601239,163.73400351576186,1948100
2019-03-27,161.6024932861328,163.22609251680976,160.3785463188418,162.40181051762104,2250600
2019-03-28,162.30189514160156,162.35186279337395,160.86147244772974,161.52756805280842,2455300
2019-03-29,164.0753936767578,164.3002036729381,162.0771193021202,162.74321499523893,3017700
2019-04-01,160.28695678710938,165.0162239022595,159.99554870957925,164.47501569304708,4105700
2019-04-02,162.46009826660156,163.02628399147312,159.95392762494689,160.69495566880607,2762400
2019-04-03,161.7689971923828,163.12616567466762,160.270298184255,162.41011522879353,2230300
2019-04-04,160.73660278320312,162.4101572174659,160.4035485916236,162.3102473123512,1684000
2019-04-05,162.99295043945312,163.17612702848513,160.1204269546741,160.91140984110373,1656500
2019-04-08,163.37599182128906,163.5841459223044,161.68578153742203,162.41848803850579,2166500
2019-04-09,163.79226684570312,164.13364255135184,163.15114878711915,163.30934790460103,1708200
2019-04-10,164.46141052246094,165.00510610370165,163.94281997204962,164.32758934897544,1304500
2019-04-11,164.48654174804688,164.9382282002486,163.47445267523838,164.87967105295556,1027100
2019-04-12,165.58226013183594,165.6658967730806,162.93909721684753,164.47814925730643,1412300
2019-04-15,164.01809692382812,165.4735122685967,162.70488811375927,164.52832763982974,1765500
2019-04-16,160.76434326171875,164.08502301785023,159.8024389096959,164.08502301785023,2108300
2019-04-17,159.90281677246094,162.34522895354047,158.439041430974,162.34522895354047,2105100
2019-04-18,161.3582000732422,161.93534770622068,158.96597291065805,159.70203397084165,1325400
2019-04-22,160.8647003173828,161.34982595477075,159.71040506230875,161.06543843958323,942500
2019-04-23,161.76808166503906,162.59616488386646,161.0236478569204,161.9270078875208,1457700
2019-04-24,161.62591552734375,162.68820196215572,160.9985831290321,162.2616205260235,1324500
2019-04-25,160.83961486816406,161.69279028068996,159.60168283251363,160.95671637473765,993100
2019-04-26,161.60919189453125,161.7262934288235,160.29596997993735,160.98185951158487,870000
2019-04-29,160.96510314941406,162.20303529409148,160.56361405767427,161.34985980642483,901400
2019-04-30,163.35733032226562,163.53297621553762,159.86099173420973,161.27458253171255,1476200
2019-05-01,161.3582000732422,163.14818733733622,160.7141354778642,163.06453794356045,1384700
2019-05-02,161.2662353515625,162.0441213233148,160.71417983173944,161.66772447365696,1412700
2019-05-03,161.39169311523438,162.71327474090026,160.82291793520815,161.71790541274558,1059100
2019-05-06,160.7476043701172,161.88516732353415,159.31729403411404,160.95671511329599,1548700
2019-05-07,158.79869079589844,160.85633319714495,157.6945800337811,160.57194567227444,1510000
2019-05-08,160.2959442138672,161.8600886197301,159.06637191988568,159.06637191988568,1339000
2019-05-09,161.03199768066406,161.3665697499634,158.999434708507,160.35448094431382,1240400
2019-05-10,163.65843200683594,164.1351978554437,160.87307542884338,161.0236290347911,1283100
2019-05-13,164.67889404296875,165.11383519271604,162.3368512024331,162.70488814691672,1790600
2019-05-14,165.6742706298828,167.60645191187965,164.52833504447258,164.94655654319422,1788000
2019-05-15,167.68173217773438,168.29233200479445,164.7960063296447,165.7830029606978,1285400
2019-05-16,168.97821044921875,170.11577338599164,167.45587813485955,168.80255181175167,1507400
2019-05-17,169.32118225097656,169.58049035082067,167.73194535692778,168.03306540416025,1421400
2019-05-20,165.82481384277344,168.09157983944274,165.10547239956426,167.1129303622796,2764800
2019-05-21,165.75790405273438,167.3053286731963,165.60735044240982,166.85364231600863,1338100
2019-05-22,167.8490447998047,168.32582351995228,165.79976164199715,166.08414924886964,998000
2019-05-23,169.73104858398438,170.5089473783389,167.43082983857838,167.43082983857838,1436800
2019-05-24,169.79795837402344,171.73013999618206,169.73940122760192,170.75150304845664,1412600
2019-05-28,169.42152404785156,171.26169600665705,169.36296691437857,170.7598251255707,1936300
2019-05-29,168.2337646484375,170.15757310895054,167.48095838018364,169.4967888333744,1448500
2019-05-30,171.21151733398438,171.48754505172323,167.73191143917003,168.40942821766222,1568600
2019-05-31,174.624267578125,175.86220006196487,170.81844809193817,171.21157745557508,2706200
2019-06-03,175.05914306640625,175.47736455018992,172.7254728026603,174.69947871664354,1730800
2019-06-04,173.98854064941406,175.2682976891485,172.65023922410805,175.01737494654176,2351500
2019-06-05,177.96998596191406,178.12891217872468,174.57402932329376,175.32682294037724,2193300
2019-06-06,177.91143798828125,178.7562536552428,176.90770885943095,178.04527194229016,1237800
2019-06-07,177.710693359375,179.43376397449242,177.35101621644128,178.62241320708543,1132200
2019-06-10,175.527587890625,178.6140521778484,174.84169842916955,178.16237852411848,1976600
2019-06-11,174.79150390625,176.04616847211017,173.5368393403898,175.51920527025436,1715600
2019-06-12,176.90768432617188,177.62702577532738,175.25153085508606,175.25989068988667,2974400
2019-06-13,174.82498168945312,177.8696343059293,174.42349254307987,177.40960077470007,2586500
2019-06-14,176.68185424804688,177.28409423908855,174.13070050309364,174.81658990076622,1568100
2019-06-17,179.0740509033203,179.5759217303611,176.74038091272277,177.0916853864092,1780900
2019-06-18,180.09898376464844,181.41787328561415,179.20852952872684,180.0233820619441,1696600
2019-06-19,181.59426879882812,182.32511086064255,179.0909142642032,179.35972457847132,1421300
2019-06-20,182.7283172607422,183.79517525471874,181.367422795255,181.585844761101,1839900
2019-06-21,180.7625732421875,183.0727186708334,179.97293429931156,182.6779056084903,2420400
2019-06-24,180.2333526611328,181.451426805215,179.74612043986193,181.29181470294816,1064000
2019-06-25,177.09153747558594,180.9557856739772,176.99073523642085,180.64495740623627,1542400
2019-06-26,172.8828887939453,177.13355440253616,172.4040524898474,177.13355440253616,2434100
2019-06-27,172.92491149902344,174.89902831611744,172.67289304074578,173.83215743971704,2044600
2019-06-28,171.74884033203125,173.79017587123275,171.0515947752451,173.10132623024208,2965500
2019-07-01,169.94271850585938,172.6308854479805,167.57376297617728,172.21085896270557,3039800
2019-07-02,172.74008178710938,173.24410583578188,170.2619154795904,170.4635327899734,3224300
2019-07-03,176.55393981933594,177.998832024003,173.3869363781328,173.39534511188717,1408700
2019-07-05,175.60470581054688,176.6379804198808,173.22736666286394,175.57110932436572,1735500
2019-07-08,175.529052734375,176.7471268885265,174.9914193854576,175.4786516107562,1227600
2019-07-09,177.5115966796875,177.78881570677822,175.41146418796208,175.96590224214356,1483200
2019-07-10,177.69639587402344,178.4524383863706,176.44471238943171,177.99041952781985,1858600
2019-07-11,175.7895050048828,177.78883546097316,174.80664442773224,177.78883546097316,1398200
2019-07-12,175.5542449951172,176.00788072261653,174.2437645702338,176.00788072261653,1263300
2019-07-15,176.99916076660156,177.54520289588677,175.55426861191984,176.68834526504267,1640300
2019-07-16,175.83148193359375,177.74680164524932,175.5878722166845,177.40237685738552,1430600
2019-07-17,175.35264587402344,177.70478372489706,174.579798748995,176.46991776228336,1395000
2019-07-18,175.2854461669922,175.91548585988,172.21924530402396,175.27703743411186,1279400
2019-07-19,172.68128967285156,175.93229062537438,172.45447177764098,175.69707681485647,1847200
2019-07-22,173.63894653320312,174.02537653984749,171.94203594277622,173.0089068049853,1259200
2019-07-23,173.72296142578125,174.51261328970162,172.6140853228655,173.4877476133188,1165300
2019-07-24,172.03443908691406,174.13457147529874,171.85803514447664,173.73975837901799,1932400
2019-07-25,172.56365966796875,173.91614530649667,171.2279786759973,173.91614530649667,1058800
2019-07-26,171.86642456054688,173.11810803124183,171.07677276146347,172.63087579737783,1336800
2019-07-29,172.6896514892578,173.8909207795944,171.49676529375967,171.93359631669472,1875400
2019-07-30,175.27703857421875,175.57106222675503,172.70647866142647,173.5045263806373,2080100
2019-07-31,177.77197265625,179.50247940470481,175.86506199478345,176.0918670257985,2845100
2019-08-01,177.59555053710938,179.65367715978675,175.1509940190398,176.50347942563135,1691400
2019-08-02,181.00619506835938,182.0394565216052,177.1839519009473,177.87280141523763,1802200
2019-08-05,179.6873016357422,181.61942577747703,177.5199765368401,180.30054945266932,2268700
2019-08-06,182.24948120117188,182.3166869739765,179.04888157822236,179.80492409044066,1988200
2019-08-07,182.6527099609375,183.97999518333876,177.70479851161062,181.47664093764067,1827800
2019-08-08,185.66847229003906,185.96248307729692,181.4514036711809,182.74507933512993,1389700
2019-08-09,186.68496704101562,188.76830762574772,184.37482138456602,186.17253421903916,1251300
2019-08-12,186.67657470703125,187.30661444360393,185.17287269089067,186.50015794078675,883800
2019-08-13,185.7357177734375,187.82744147612235,184.28241689857842,187.06299019302648,2468800
2019-08-14,183.8708038330078,186.1725408379885,183.51798311293467,185.71052194482533,2092700
2019-08-15,188.33985900878906,188.65068730045627,183.84558365147615,184.18159968668436,1773200
2019-08-16,187.2729949951172,189.3731273365231,186.43294205855483,189.09592114746522,1681900
2019-08-19,189.17153930664062,189.5915658114937,187.1890136910064,188.20547065456353,1415900
2019-08-20,189.48236083984375,191.01965943464182,187.77705420140379,189.44035562438526,1620700
2019-08-21,191.01124572753906,191.09524333244022,188.8354988240876,189.47394727592902,1279500
2019-08-22,191.9604949951172,192.1873128807167,189.00351784013495,191.3472599306941,1073000
2019-08-23,190.33079528808594,194.58985690579004,189.4907423722747,192.32171659673773,1497100
2019-08-26,193.27102661132812,193.33821958061904,189.94441063092216,191.17089382067098,968500
2019-08-27,193.03573608398438,194.69904993300955,192.39730054138795,193.86739300849698,1584000
2019-08-28,193.3297882080078,194.49746131273835,192.0193076378862,192.83416003667557,1143700
2019-08-29,193.5565948486328,194.47224944785316,192.4813281449595,194.05222299116232,986200
2019-08-30,193.371826171875,194.6151011774159,192.43097079667572,194.46389777134164,1426200
2019-09-03,199.7982177734375,199.84861890639397,193.37181695763934,193.71624179043178,1843100
2019-09-04,202.51153564453125,203.29277859964236,199.90736682445052,200.12577593897663,1796100
2019-09-05,198.0425262451172,203.29285833008848,197.06806153378005,203.29285833008848,2059100
2019-09-06,195.38792419433594,198.72293562980323,194.60668105706506,198.21050278707372,2307600
2019-09-09,188.17185974121094,195.88353962608795,187.95345058998853,195.54752357525493,2994000
2019-09-10,181.6278533935547,187.32341135135218,179.35130426614444,187.1889998034052,4266100
2019-09-11,178.67926025390625,183.0223324757925,178.5112522272129,181.40943234679304,3019700
2019-09-12,183.84559631347656,184.26562279551038,180.33416825821456,181.46824488698226,2334500
2019-09-13,180.92222595214844,184.18163597220106,179.70415156180889,183.37517938335566,1908800
2019-09-16,182.09829711914062,182.71153223594226,180.63660024670403,181.0482308419226,1422100
2019-09-17,185.9036865234375,185.98768411221707,182.72828797651098,183.46752572143805,1853300
2019-09-18,186.1641387939453,186.995795847005,183.5263729865474,186.44975372676504,1318300
2019-09-19,190.75083923339844,192.67455494696242,184.8116584213971,185.26528139751815,2281100
2019-09-20,189.48236083984375,191.9353141679535,188.78511528144733,191.7421055586749,2787400
2019-09-23,189.3311309814453,190.28038206352286,188.96990156082512,189.71754814598938,1267000
2019-09-24,189.14634704589844,190.91885948692473,187.41583982083992,189.93599896060098,1728600
2019-09-25,186.52537536621094,189.53276685216133,185.53411891046136,189.3983681047019,1709400
2019-09-26,188.1367645263672,189.03948971021487,186.9134563002892,186.9893828466119,1350400
2019-09-27,184.74522399902344,188.2126776395846,182.9566634891906,188.2126776395846,1832400
2019-09-30,186.55908203125,187.10745747545218,184.65239665185024,185.03205505366276,1703000
2019-10-01,186.35662841796875,188.02707673652424,184.10405085437753,186.19633046663782,1545400
2019-10-02,185.5973358154297,187.29309296874268,184.3402739354517,186.23851474256733,1270100
2019-10-03,188.89602661132812,190.26276860075657,185.83354052240313,185.9600847467632,1604700
2019-10-04,190.60867309570312,191.84885806985739,188.6935683824536,188.95510171234335,1621900
2019-10-07,190.06031799316406,191.18239084610912,188.1114593597801,189.98439144535513,1005800
2019-10-08,190.7521209716797,192.45631017245748,188.6767052900901,190.00969375659565,1962200
2019-10-09,191.14862060546875,191.80667633180852,190.1024744612338,191.14862060546875,1038800
2019-10-10,190.9039764404297,192.08509895798758,189.07323010157998,190.79429618048863,1888900
2019-10-11,189.36007690429688,191.56203690882475,189.2757183642898,190.81117767442936,1352200
2019-10-14,190.36399841308594,191.1739200451082,189.41065570656062,189.81562295920554,766100
2019-10-15,189.15757751464844,191.05581816699856,187.15808860701716,190.44838012838505,993200
2019-10-16,187.26779174804688,188.60078022501358,186.06979237911298,188.60078022501358,1508400
2019-10-17,190.59181213378906,191.6379454699259,188.52484143519996,189.0647849589939,1197100
2019-10-18,193.274658203125,193.70493435968856,190.54119967093015,190.6255582053354,1544400
2019-10-21,193.5362091064453,193.69650707161145,191.2583224984903,193.40123286449483,1272400
2019-10-22,191.2920379638672,195.06321033086732,191.03049177794782,193.3336996485774,1341000
2019-10-23,190.68460083007812,191.81510548442023,188.87071874086217,190.87863959952057,1151500
2019-10-24,188.53326416015625,191.28359933785623,188.4320287773171,190.6677293034708,1097900
2019-10-25,182.79637145996094,188.30548713163185,181.55618642531337,188.29705514012596,2409800
2019-10-28,177.80189514160156,184.7621116773938,177.19445703225267,184.57650487324443,3431400
2019-10-29,182.36610412597656,182.92292451147168,177.63315659580635,178.02123416877384,2044000
2019-10-30,183.2772674560547,183.4206885529475,181.04999871187468,182.3829742884713,1520700
2019-10-31,183.98594665527344,185.18394603700744,180.58598730914807,184.34028341269308,2021200
2019-11-01,181.82618713378906,185.40330871191543,179.15177794274365,184.88867395444163,2112200
2019-11-04,178.07183837890625,181.79237997628553,178.01277582861,181.1849419862507,1640000
2019-11-05,173.80294799804688,177.78503696745054,171.1876013549375,177.71754240673357,3449700
2019-11-06,175.46493530273438,176.22423932930434,173.68480678946582,174.0560203749086,2206100
2019-11-07,173.53294372558594,174.80686948119163,171.71062961456994,174.3934830902215,2117400
2019-11-08,173.68479919433594,175.95425343705824,172.32650201969184,172.85801352772125,1819400
2019-11-11,174.9334259033203,175.97955917267547,173.44013966203354,173.54137504338578,1347200
2019-11-12,174.42718505859375,176.13138655340242,174.08972527912874,175.00931412044648,1475400
2019-11-13,177.43910217285156,178.08871302541436,175.11058544716576,175.29619222597458,1664900
2019-11-14,178.68775939941406,178.78056280976853,177.1691639905551,177.50662391551444,1362800
2019-11-15,180.0122528076172,180.0628704948861,177.3378443863466,179.03361414946042,1546600
2019-11-18,180.82220458984375,181.95270937167402,179.68325494321488,179.68325494321488,1353700
2019-11-19,181.86834716796875,182.7373185889049,180.42567850289134,181.10904312777618,1526400
2019-11-20,183.83404541015625,185.0404894255038,181.9273728794826,181.99486742126763,1297800
2019-11-21,180.15567016601562,184.67770131900082,179.96163141106166,183.5134559160099,1361400
2019-11-22,177.26193237304688,180.61970559398173,176.9919541878117,180.11351580656842,1779800
2019-11-25,176.9244842529297,178.59493254677682,176.17362507617224,177.582540031514,1441100
2019-11-26,181.2102508544922,181.40430248554878,176.8232087161823,176.8232087161823,1877600
2019-11-27,181.31155395507812,181.8177438511391,179.4808074407849,181.21875054314293,1117000
2019-11-29,180.5691375732422,182.0624242470827,180.27385046107267,181.31156491359624,654300
2019-12-02,176.8063507080078,181.08371275352405,176.71354732101443,180.67031350723218,1189400
2019-12-03,178.18997192382812,179.27829094343468,176.53638767018217,176.54481966126156,1520000
2019-12-04,180.0038604736328,180.29914754544532,177.18603035988966,177.26195690752022,1276400
2019-12-05,180.14724731445312,180.65344994892197,178.8227039223791,179.8857140068424,868200
2019-12-06,179.02520751953125,180.54380282825468,178.7636741639425,180.34131916266819,1206000
2019-12-09,179.40484619140625,180.53536385562987,178.71304955562456,178.90708834851495,938500
2019-12-10,177.16915893554688,180.61130413965856,176.4942262316145,179.99543400120788,1414800
2019-12-11,178.48524475097656,179.10955966442268,177.16913324941817,177.7343856059455,1441000
2019-12-12,176.90762329101562,178.73836969830435,175.99646608343622,178.56119487741236,1836000
2019-12-13,179.29518127441406,179.56514661520163,175.6927383293637,176.41828868805558,1988600
2019-12-16,181.89364624023438,182.90603869948194,179.2951641084289,179.70011851747424,1827300
2019-12-17,178.79739379882812,183.1506955430932,178.03810267115637,182.49263979957274,2439900
2019-12-18,183.87628173828125,184.68620358944605,179.21926005894358,179.53142400981213,2143300
2019-12-19,189.1491241455078,189.78187100117293,183.44597045415586,183.5134649968856,2958000
2019-12-20,192.1356964111328,192.59126848273172,189.40222536173627,191.34265162606462,3333100
2019-12-23,191.48605346679688,194.0254726233853,191.0051597258849,191.60416568632968,1096400
2019-12-24,191.5789031982422,192.38881207863923,190.88709369268636,191.6295208941083,491900
2019-12-26,193.10426330566406,193.10426330566406,191.15518068008697,192.10430007555283,1035300
2019-12-27,194.12962341308594,194.307576799538,192.83305416010316,193.6550638081745,749400
2019-12-30,193.93478393554688,194.0618935406617,192.56193554638736,193.68902145794638,1259800
2019-12-31,194.75677490234375,194.79066648348004,192.78225733350305,194.03645272806727,1199100
2020-01-02,193.6381378173828,195.88382658474677,193.22289164138027,194.63810098752037,1426000
2020-01-03,193.7313995361328,194.7652674478234,192.36703371370731,192.84159349006677,1598900
2020-01-06,193.68051147460938,194.90928481445735,193.12120346697174,193.621185050717,1526800
2020-01-07,189.5535430908203,192.85006528069408,187.8078356123876,192.4771932113622,1463800
2020-01-08,191.1975555419922,191.934829989217,188.57052476217845,189.3840520360214,1433900
2020-01-09,191.91786193847656,192.4856396370397,190.97721221559573,191.09585213871665,1376700
2020-01-10,195.5872802734375,195.77371632129368,192.73990864256115,193.29073419163709,1578900
2020-01-13,199.493896484375,199.50236614616136,195.88382922306258,195.96857756405146,1840600
2020-01-14,198.2566375732422,199.94303125981392,197.31598789774236,199.25661367270507,1217100
2020-01-15,199.46844482421875,200.62095226359057,198.7227009132195,198.7227009132195,1152100
2020-01-16,196.80758666992188,199.2736036409376,196.55335451691838,199.1464940298281,1782900
2020-01-17,197.80747985839844,198.64644178618929,197.10411008817013,197.35834215090492,2352900
2020-01-21,200.61251831054688,201.6209641808411,197.45160144452194,198.23123711741584,1827100
2020-01-22,199.2820281982422,201.83279278765644,198.51933196135326,201.61246521563822,1294000
2020-01-23,201.544677734375,202.10398574580844,199.15491419322183,199.2820367035192,1485400
2020-01-24,201.281982421875,203.37513977007575,200.60403447094515,201.68874602012025,1284800
2020-01-27,201.23959350585938,201.8243234090592,199.7226836220829,200.26505228771347,1197200
2020-01-28,200.99383544921875,201.4090816188097,200.27352629476215,200.9345219568663,1051800
2020-01-29,197.824462890625,201.57010954331736,197.33295094107052,201.20570717951756,1434400
2020-01-30,199.31593322753906,199.3667770606073,196.01942443220537,196.9600741363125,1271400
2020-01-31,196.38381958007812,199.0955983340444,195.6296059120878,198.6040864144535,1700900
2020-02-03,198.3583526611328,199.1803495487699,196.69738076895467,197.43464224145725,1560200
2020-02-04,201.22267150878906,201.87519759330843,197.46855496871018,198.65495427621573,1105700
2020-02-05,200.31594848632812,201.67183171253305,199.31597216112232,201.26506803774996,1338700
2020-02-06,201.52772521972656,202.1717815705259,200.29048221143108,200.99383912488634,1257100
2020-02-07,202.32435607910156,202.97688223032173,201.5277680637286,202.06165427207088,1237500
2020-02-10,206.51063537597656,206.67164946972144,202.35821224057557,203.1124259448687,1576800
2020-02-11,215.4764404296875,219.16276019754747,208.93426732551174,208.93426732551174,3231900
2020-02-12,217.09506225585938,217.50183881117096,213.6205997953547,215.4849470827941,1625400
2020-02-13,217.70521545410156,218.15435325549728,215.61205795818609,216.62050382837808,1146600
2020-02-14,217.1544189453125,218.90860914122766,216.31545673020727,217.78999285442072,1600700
2020-02-18,214.34088134765625,216.60353523562063,214.12902343484,216.349303154085,1998500
2020-02-19,210.247802734375,213.88327891319588,210.03594481663814,212.90873766391874,2618500
2020-02-20,209.77322387695312,210.61218586123687,207.38347336019996,210.14609586996812,2150300
2020-02-21,209.3240966796875,210.7054144695179,209.14614326637545,210.11221487384213,2570200
2020-02-24,207.71395874023438,210.81556148091173,206.44281134790234,207.46820926726002,2329800
2020-02-25,208.5868377685547,215.23918177463432,206.90892662600677,210.09526515754507,2268600
2020-02-26,205.64627075195312,210.46815970185978,203.38362942627973,208.58686009520406,2024600
2020-02-27,197.39230346679688,207.52759453691104,197.36688154461942,203.37518345798833,3168700
2020-02-28,192.19752502441406,193.8161227832563,184.765544896813,192.11277667642287,5188100
2020-03-02,204.01919555664062,204.1293658229328,193.28223674404526,194.08729432727117,2718500
2020-03-03,205.62930297851562,209.1800439765649,202.40059017394123,204.0191878727053,3502600
2020-03-04,213.2646942138672,213.52739600826638,207.8919795963602,208.11230721374392,2350400
2020-03-05,209.26480102539062,212.6121538935066,206.37505561844105,210.62916667714816,1969400
2020-03-06,208.7393798828125,209.80713915608376,201.6039936809243,206.0699623034622,2693600
2020-03-09,196.48553466796875,203.0531310177842,190.6721520914169,196.12113227552027,3209200
2020-03-10,206.66322326660156,206.9513599538725,194.7822367666614,200.621042321586,2658300
2020-03-11,197.36685180664062,202.6972048203031,193.7906887436199,201.1548728097418,3360600
2020-03-12,184.5960693359375,196.36689644356565,172.99472600104198,183.29101713125166,4734500
2020-03-13,202.52767944335938,204.70557189591304,186.4519012184972,191.12124460343242,4220300
2020-03-16,171.81680297851562,194.74830615545284,170.64734291903557,175.12178193254607,4093100
2020-03-17,192.81613159179688,199.06169901574322,172.56251935204247,178.1047169208634,4527100
2020-03-18,184.01132202148438,199.8582925009722,174.71499507632038,177.96066009546968,4210000
2020-03-19,177.1132354736328,186.24854868991548,170.7744496141429,184.37573176657594,3847800
2020-03-20,165.57968139648438,177.96065920405488,163.02043401016908,175.41836407256838,3940900
2020-03-23,151.76657104492188,166.3254573482918,147.72433032053718,166.09664712194302,3890100
2020-03-24,161.2408447265625,164.2746519815164,151.90214310317106,159.139204649895,4221400
2020-03-25,168.85923767089844,176.72340289551997,157.64771978206878,160.07984464891382,3201500
2020-03-26,188.29928588867188,191.7652777891645,167.79144517558905,167.918554734471,3413500
2020-03-27,185.14688110351562,188.1637359991544,179.4267169150869,183.20626812765204,3367100
2020-03-30,195.40081787109375,196.57874750688512,187.570543709588,188.70609917098463,2581600
2020-03-31,184.52822875976562,194.90926573936207,182.97742739805884,193.60422678004167,4629900
2020-04-01,175.3929443359375,180.84192409538187,171.2066295651267,174.40992043615563,3772000
2020-04-02,187.07054138183594,187.3586650466017,174.22347414549884,175.41835590505113,3993100
2020-04-03,188.8077850341797,189.61284256169313,183.74014709717204,185.72313416850787,2858000
2020-04-06,199.29896545410156,200.18030159459587,192.3669808955647,193.23136478276243,3050300
2020-04-07,193.01950073242188,206.6716244373914,192.3923966882084,204.32423526556033,2226100
2020-04-08,211.22230529785156,211.56127273183552,193.21438558840583,194.60417275698603,3329400
2020-04-09,219.99330139160156,220.69665840951552,210.33257107188405,210.58680319912614,4331000
2020-04-13,212.5387420654297,218.9976288067015,209.98582630542057,218.44450225261994,1830900
2020-04-14,217.08297729492188,219.2614636868891,214.88746782604153,217.06595421800876,2011800
2020-04-15,210.60702514648438,215.27885223316207,206.96486671369388,215.23630104424444,1909700
2020-04-16,214.2576904296875,215.05760604280383,210.65808315546388,212.3940600086611,1640700
2020-04-17,216.1979217529297,219.35502027303036,211.10911335802615,218.3253515316286,2328100
2020-04-20,211.6197052001953,215.295910376885,211.47504152214992,214.4704665196598,1281800
2020-04-21,205.93521118164062,209.22846846151637,203.46739772916965,208.6668368449246,1925500
2020-04-22,215.27890014648438,217.09147472242978,208.96468925282994,209.53483895378122,2041400
2020-04-23,211.55165100097656,216.83618001453058,211.16019815543794,214.60663746003556,1419200
2020-04-24,208.15625,214.0109411933875,207.44143667563566,212.9812594166615,1775600
2020-04-27,212.93016052246094,214.69166536069085,208.6923246800306,210.19003034317092,1557500
2020-04-28,207.23716735839844,217.67859527958325,206.54788225819888,217.21055817920097,2091900
2020-04-29,201.51864624023438,213.61096221323135,200.54853882887053,213.61096221323135,3505800
2020-04-30,202.53134155273438,203.45889794181232,198.0297052626275,199.22106090136958,3410300
2020-05-01,199.29763793945312,200.7442877289654,197.92757251287222,198.48071209858128,1896800
2020-05-04,201.365478515625,202.10581989019192,194.11519452003066,202.01221246474552,1642700
2020-05-05,204.45452880859375,207.25423397053285,202.25901948222278,202.25901948222278,1421200
2020-05-06,201.901611328125,206.13946122212573,201.50165345076184,204.96511571116142,1441400
2020-05-07,200.191162109375,203.95245677446522,200.00394723142372,203.5354758217915,2548900
2020-05-08,202.83770751953125,204.44604424728738,201.40806765885714,202.23351162342652,1879700
2020-05-11,202.72705078125,206.7266164828241,199.5359058622065,200.89746622158583,2040700
2020-05-12,197.1616668701172,204.4459837127625,196.3532462224273,203.6886192976931,1852500
2020-05-13,196.7021942138672,201.7484654802986,195.20448800387257,196.79580166354208,2200600
2020-05-14,195.4001922607422,196.57453781059166,191.26446769910126,195.1959672849789,2112500
2020-05-15,195.36619567871094,195.69807431127887,190.4731056177602,194.31950352750516,2246800
2020-05-18,200.85487365722656,202.65042468125176,197.48503258826503,200.8889198008399,1792800
2020-05-19,195.69802856445312,201.5527199804351,195.43422932648917,200.04649593019982,1542800
2020-05-20,195.84271240234375,197.9871656625033,194.80452543427938,197.40849790064286,1346600
2020-05-21,194.15771484375,196.13196252366563,193.2726969648099,195.20440644566736,1263200
2020-05-22,206.30111694335938,206.4457935968124,193.51952801619422,194.48111745897495,2812700
2020-05-26,207.5775604248047,211.61967677631196,204.3523827755457,211.54309242495123,2833600
2020-05-27,214.4534454345703,215.24485613334193,205.7905568531384,209.00722992019288,2311000
2020-05-28,219.6528778076172,220.8016951456945,215.73841458877916,217.5254479110308,2190900
2020-05-29,219.6954345703125,220.37620172639592,216.223454553321,218.83594461083527,2138600
2020-06-01,224.92037963867188,227.0222812594964,217.44034238998594,219.57627717332068,2035000
2020-06-02,224.30772399902344,226.0096681328326,221.03147634751954,225.09062972720253,1809800
2020-06-03,227.54139709472656,229.12419242097204,224.31620620475886,225.44798744635995,1802200
2020-06-04,221.01441955566406,227.1329095014609,218.2828070695704,224.73316254714257,1997600
2020-06-05,225.41395568847656,226.28193766445145,221.7462429622429,224.42682518287322,2336800
2020-06-08,227.10736083984375,229.01352938424,224.91183902676002,225.5075296816832,2095800
2020-06-09,226.15431213378906,227.2775753629018,224.9544385764706,226.95422783866806,2691000
2020-06-10,225.79690551757812,228.93699424947374,224.00136707766822,226.79255417606387,1603500
2020-06-11,214.02792358398438,224.30766500682907,213.65350688025148,223.65242603669665,2548900
2020-06-12,219.6188201904297,220.40172577811967,216.11283304385785,218.46151085252492,1436500
2020-06-15,223.3716278076172,223.87369816190952,214.44494000422264,214.53854744187052,1532400
2020-06-16,225.3203582763672,228.74125626338852,222.10368525286842,228.55404139029162,1837500
2020-06-17,224.63104248046875,228.40084158013832,224.46935574981924,227.3371267572338,1380100
2020-06-18,220.12770080566406,223.9132756472803,219.22189793336486,222.6143949062022,1776100
2020-06-19,226.9639129638672,227.1946274276927,219.1193082545476,223.46887700180568,6193100
2020-06-22,226.1094207763672,228.0235662138435,223.13563676176585,225.73342419710923,2034300
2020-06-23,226.02394104003906,228.00646353025334,223.89616256773417,227.41683377171313,1941400
2020-06-24,217.2052001953125,224.89599749677956,213.8639859440877,224.1012880344148,3475300
2020-06-25,217.35902404785156,218.7091878124678,214.12889020763092,217.29065984012092,2648700
2020-06-26,210.62527465820312,220.54640257821623,208.52313093512623,217.11118955969786,3268800
2020-06-29,216.8804473876953,217.44444221746136,211.49688763994212,213.66739541627925,1638200
2020-06-30,220.93096923828125,221.42658690410016,216.29938890139968,217.26501536443268,1980300
2020-07-01,226.7845001220703,227.91246373691567,220.5976641581017,221.59747913115692,1207200
2020-07-02,225.776123046875,229.55316981953146,224.34051407918943,229.05752614941645,1175700
2020-07-06,227.2801513671875,229.82666918852073,226.0838103390801,229.0148523775129,1504600
2020-07-07,227.2801513671875,230.4932039097719,224.39182554900626,225.61380152492032,1289800
2020-07-08,226.19488525390625,230.1855395787512,223.486004292545,228.0150185554534,1389000
2020-07-09,226.9639129638672,228.13461870706314,222.52888572243523,224.7250412391755,1143400
2020-07-10,225.89576721191406,228.67299901251118,224.82760113476135,227.7330076489621,911400
2020-07-13,218.7006072998047,226.18632413847712,217.487172099553,224.51997448769575,1791700
2020-07-14,221.2727508544922,222.02474397780026,216.8377230244011,218.95697400115338,1877500
2020-07-15,219.84564208984375,224.178129605649,219.08512146538743,224.1524946650105,1301000
2020-07-16,220.025146484375,220.25586098549206,216.32500432256924,219.78587830897666,1475200
2020-07-17,221.41796875,223.04160184065964,217.6922184705853,220.89671628909244,1291900
2020-07-20,222.6314697265625,224.01580894116032,219.70895554597445,222.33237797665248,1422200
2020-07-21,221.50343322753906,224.74211974556007,220.45237460475386,224.74211974556007,1161900
2020-07-22,221.3582000732422,222.8621601784873,219.6320270003566,220.5378297486284,1355700
2020-07-23,220.38400268554688,222.511807079004,217.051329999632,221.44364108491132,1324900
2020-07-24,219.0424346923828,222.5460252444562,218.63227553821707,221.96494905720286,1391300
2020-07-27,222.4434051513672,222.98176492513366,217.50420718626353,217.53839579619415,1417500
2020-07-28,227.9893798828125,229.61301334512157,222.66565631182598,222.66565631182598,1553800
2020-07-29,231.8262481689453,232.60387627231088,228.9891925545672,229.13447462854185,1452700
2020-07-30,224.3063507080078,229.01483571267133,220.0678744833027,229.01483571267133,1959900
2020-07-31,223.3663787841797,225.9983287776642,219.69187147744748,223.84491514663142,1781200
2020-08-03,219.2560272216797,223.6825272050377,218.86294941251882,221.3240081935265,1504600
2020-08-04,222.3238525390625,224.22944435714908,218.70916871607747,218.99970679421003,1782900
2020-08-05,218.15370178222656,222.49473054814047,217.2393583449988,222.40074444521366,1069200
2020-08-06,218.34170532226562,218.36734026716047,215.34229941732815,217.6495357318291,1127600
2020-08-07,220.13621520996094,221.0762066470371,217.20517352377038,217.4273604302453,1023300
2020-08-10,216.54721069335938,220.2216921626247,215.29104614003123,219.79442566255767,1282400
2020-08-11,210.38601684570312,217.22228067847422,209.53148386660672,217.00864743370013,2111800
2020-08-12,214.744140625,216.15411482728464,211.06964620072247,211.0781868364383,1381000
2020-08-13,214.25701904296875,216.19681227441282,213.78702336497966,214.40228806359508,960900
2020-08-14,213.73577880859375,216.40193049825697,212.5308972502299,214.34250294464945,737000
2020-08-17,214.41082763671875,215.29953601008697,213.13756907265295,213.71010448304696,1435000
2020-08-18,215.81227111816406,217.71787569836033,214.778280645654,215.48754446678902,1896100
2020-08-19,209.55709838867188,216.69245328434516,209.24092538974588,216.3933615551566,1496500
2020-08-20,211.65069580078125,212.74450987461438,207.98475551153368,209.3605539591162,1017400
2020-08-21,213.06924438476562,213.61614495572059,209.73657106787408,213.368336135393,1139600
2020-08-24,209.73654174804688,212.24887037686756,206.95075635240715,212.13777693545526,1201400
2020-08-25,210.5654754638672,211.22345647257694,208.0958756646396,210.47147631417457,1060800
2020-08-26,211.04400634765625,211.1550998050717,208.29240917106537,209.91601658074353,1479400
2020-08-27,211.89854431152344,212.86417075244023,210.2492888780763,211.41145425363632,1398200
2020-08-28,213.2828369140625,213.4024709836509,209.71089609411192,212.5821268033692,1062900
2020-08-31,212.90687561035156,213.73577360070806,211.48836084752486,212.7787008857141,1307500
2020-09-01,211.94981384277344,213.4196116105094,210.7534728872388,212.30017549372945,1085000
2020-09-02,219.1876983642578,219.86278668647816,211.09527040685964,211.6763595844343,2034000
2020-09-03,215.6157684326172,219.40989696169723,212.98380528146131,218.38444695124645,2094600
2020-09-04,213.6161346435547,218.9484247323068,210.92436117440403,214.7441243512116,1885100
2020-09-08,210.90728759765625,213.31707691591635,207.73697747026668,212.53944875669296,1451200
2020-09-09,215.701171875,218.15367688468046,213.17176204126326,214.1630101981947,2202100
2020-09-10,212.24888610839844,215.2739268405113,211.53106856186315,215.2739268405113,1256800
2020-09-11,213.45376586914062,215.82082563663542,212.1206966406745,213.44522523428947,1219400
2020-09-14,216.9658966064453,218.4955177888724,214.42793286771908,214.58175556901557,1333900
2020-09-15,225.38304138183594,226.6392057266969,218.3929688595659,218.4271444366786,2426700
2020-09-16,224.99002075195312,229.57885919489678,224.57128181172473,226.4512650091504,2326100
2020-09-17,214.25701904296875,222.52035018457107,212.727410970026,221.85381560092713,2341500
2020-09-18,209.78781127929688,214.70991572153673,208.3436486999108,212.49667880525377,3270500
2020-09-21,205.9168243408203,208.86496067301417,203.62666905053803,207.97625206309843,2848900
2020-09-22,206.74571228027344,209.23240639364857,205.25882019369956,206.78844153731046,1702200
2020-09-23,201.42196655273438,206.99351197562436,200.87506598855077,206.99351197562436,2550300
2020-09-24,201.82357788085938,205.19899333101773,200.90069380584313,201.9261306974126,2246600
2020-09-25,205.91946411132812,206.65792733897456,201.7634678545177,201.7892271331954,2861500
2020-09-28,206.0826416015625,209.87799534543885,204.7173472455237,208.71878834785895,2593500
2020-09-29,206.18565368652344,207.79997170909115,205.3269761174776,207.1216221945921,3098400
2020-09-30,207.56813049316406,209.15668927815037,205.8164339718169,207.739863390962,3345600
2020-10-01,207.9287567138672,210.3759928925485,206.03966878592013,207.96311115207993,2500800
2020-10-02,208.916259765625,209.440053618362,205.215361457996,206.14273482525394,2138100
2020-10-05,208.94203186035156,209.20821983255772,204.27082339908722,208.87333607681757,2130300
2020-10-06,206.9499053955078,209.86941740357824,206.2200372202765,209.44007855848392,1913500
2020-10-07,207.6024932861328,209.0965839697012,207.10445869081641,207.10445869081641,2048000
2020-10-08,209.13951110839844,211.69836665039978,208.53843941764381,209.31124400541688,2501100
2020-10-09,210.10125732421875,211.56960198406355,208.78748146653862,209.74920941836447,1538700
2020-10-12,211.5609893798828,212.76313276812937,209.80069769522296,210.59067950783933,1430400
2020-10-13,208.1520233154297,211.70694776764472,207.30192784336853,210.50479136350353,1622100
2020-10-14,204.79461669921875,208.89909476139417,204.43397366348069,208.5556289470858,2049300
2020-10-15,205.73915100097656,207.9287683224452,203.93592286312955,204.83753693205307,1790900
2020-10-16,208.41824340820312,209.58604555395962,205.36135302435324,205.825033197318,1480000
2020-10-19,205.73915100097656,210.97707631624374,205.36133077381777,209.22537983859286,1323600
2020-10-20,209.34564208984375,211.00288389001858,206.62363514236804,207.52523631527237,1407300
2020-10-21,207.57672119140625,211.20034159726438,207.20748302181866,208.96777466675408,1100500
2020-10-22,202.450439453125,207.46511393921568,201.90946832417848,207.22468523799088,1836600
2020-10-23,204.1248321533203,205.5416448970708,202.35595846273924,203.1974588092295,1057200
2020-10-26,203.60960388183594,204.27078922314638,200.41532254502593,202.27006908298893,1657600
2020-10-27,202.78530883789062,206.9241281317064,202.67367655510455,205.1638363993091,1433200
2020-10-28,197.60748291015625,203.78137703268786,196.85184241933987,200.77600539269793,2449000
2020-10-29,198.9126434326172,202.96560239895666,198.07114312675242,200.47544281731672,1693300
2020-10-30,197.19532775878906,199.64256443474838,194.49049825578714,197.49587019351452,1621300
2020-11-02,200.49261474609375,200.58706979545002,196.8689946378864,199.71121507436274,1551200
2020-11-03,201.1280517578125,203.70408457290637,200.50122077480617,202.25291732402263,1268800
2020-11-04,203.5666961669922,208.8647351588705,201.53162143288958,201.53162143288958,2434000
2020-11-05,206.013916015625,208.47831638887428,204.21070102387412,206.32304045740793,1877400
2020-11-06,207.9287567138672,209.16525444194284,204.93198054757354,206.00532745008655,1181400
2020-11-09,204.34811401367188,217.31415243809934,203.4636770367645,213.94813744884735,2423600
2020-11-10,199.5395050048828,205.16383280647705,197.6847582431578,205.16383280647705,2717400
2020-11-11,204.751708984375,207.35350154558972,200.34670099094274,201.63471762926218,1573700
2020-11-12,204.37387084960938,206.34025008328027,203.04293092133014,205.73917832496358,1882600
2020-11-13,208.73594665527344,209.27691776717606,204.099092589306,205.8765485103871,1476400
2020-11-16,205.30123901367188,210.8826438153306,205.09516476036544,210.1699397837561,1433300
2020-11-17,205.37850952148438,206.82967681445348,204.63146417517422,205.22395383702607,1354200
2020-11-18,204.10768127441406,208.06618589087552,203.68693759805984,204.63147518166406,1617400
2020-11-19,204.7344970703125,205.12091247824034,200.38959044296382,203.58387221294754,1636400
2020-11-20,199.77993774414062,204.73449816617966,199.64254618069225,204.52842392338772,1965500
2020-11-23,196.5598907470703,200.59567280935931,196.31086690803485,200.5527363092794,2848400
2020-11-24,195.82998657226562,199.0843816016707,195.25467422537193,198.38884182770977,2635100
2020-11-25,200.07186889648438,200.38957539682033,196.33661631776556,196.886169424974,2478800
2020-11-27,201.00782775878906,201.00782775878906,197.9938742268065,200.896208585117,937400
2020-11-30,198.52627563476562,201.0507900930429,196.42251795366172,200.93057574276216,3547200
2020-12-01,202.501953125,202.98281051583234,198.9727874358212,199.21321613123737,2471000
2020-12-02,196.55130004882812,202.50194271028872,196.2851120856204,201.6089106569164,2755100
2020-12-03,194.25006103515625,198.148451841326,193.88082282860884,197.0836999298655,3702600
2020-12-04,196.3538055419922,196.55129772164983,192.72160295669713,194.70514611957188,3298400
2020-12-07,192.5756378173828,196.45685131295997,191.78565596158265,195.48655449025617,2554500
2020-12-08,192.0088653564453,193.0049343442499,190.78094978818763,191.7169181676544,2607300
2020-12-09,188.42823791503906,191.51946979543982,185.6632946533228,191.24469974273802,3413500
2020-12-10,188.4024658203125,190.56632405873185,187.60388879473925,189.08941055892643,3028100
2020-12-11,188.75453186035156,189.0550611836644,184.96776018803445,187.19173221055158,2893400
2020-12-14,186.09263610839844,190.99567854124615,185.81785294947247,189.74201641019746,2501500
2020-12-15,186.5476837158203,187.50081624877419,185.0879346110169,186.40171011557783,2181200
2020-12-16,188.5828094482422,188.73737826155144,185.1996169058835,187.43218437007056,2347600
2020-12-17,191.236083984375,192.00030648401113,189.02069432082337,189.85361259712542,2484400
2020-12-18,190.2142791748047,191.6826106381009,188.7716938907723,190.7809964733783,4538000
2020-12-21,188.72019958496094,189.33844862867377,186.45329079214153,187.50087872163368,1963400
2020-12-22,189.32980346679688,189.63892788562637,187.42353840107805,188.2993800024461,1845600
2020-12-23,186.676513671875,192.00032552111892,186.65934955279144,189.99960504788157,1553400
2020-12-24,188.80068969726562,189.43967232424563,186.6765273541008,186.8923982607639,705700
2020-12-28,190.89036560058594,191.21848047755287,187.74727199217676,188.99069074369757,1842500
2020-12-29,190.38087463378906,192.91951871518717,190.32906772204055,191.87471085968517,1283000
2020-12-30,190.25994873046875,191.28749619009514,189.40510850914546,190.40673934245646,1361300
2020-12-31,193.8175048828125,193.99882903256108,189.62097470437385,189.75912204561158,1669300
2021-01-04,189.6209716796875,195.32859783497716,189.33602055891583,195.20771067850237,2786400
2021-01-05,190.57945251464844,192.21143583201194,189.18060025997056,190.0699872269314,2481600
2021-01-06,185.55398559570312,189.69006613804137,185.26903443380635,189.5346454183052,3230900
2021-01-07,187.8076629638672,189.5432600714491,185.37263314730393,185.8820984304947,2933800
2021-01-08,191.86605834960938,193.26491077802095,188.33441349455475,188.44667058174656,2310400
2021-01-11,185.57989501953125,191.66745707694446,184.9495556763543,191.0543779193732,2284700
2021-01-12,185.57125854492188,186.32248504007495,181.90145334564454,185.32084092939502,2468900
2021-01-13,186.90963745117188,187.5227033356126,184.69910870347633,185.03586672927517,2314800
2021-01-14,185.6403350830078,187.58317309065671,185.13951303772825,187.37593229325066,3735000
2021-01-15,189.87139892578125,190.3635908778835,184.9754487359931,185.64033476444735,2404700
2021-01-19,187.2722930908203,191.27885573410774,186.47788990537757,190.70895350029716,2536400
2021-01-20,192.3668670654297,193.07492991126415,186.5815298298454,188.02354579862757,2399000
2021-01-21,191.86605834960938,192.69500842480565,188.55028440025316,190.7867038211173,1736700
2021-01-22,193.35125732421875,194.2838212472915,191.57248311335792,191.7797239326124,2113900
2021-01-25,196.4511260986328,197.50457702138618,191.80559383386628,193.42030376064002,2401800
2021-01-26,200.57861328125,201.1830623829094,193.6880173740537,196.73611363519444,2838700
2021-01-27,197.78952026367188,202.17601784427129,196.54610196671933,202.17601784427129,2763100
2021-01-28,197.1419677734375,201.15717501288324,195.67404807141352,196.6238854422199,2685600
2021-01-29,196.32162475585938,197.547769842635,194.3528832727871,195.89851306383343,2701200
2021-02-01,203.41078186035156,203.505752381466,195.10406296048376,197.88448043949265,2172100
2021-02-02,203.91163635253906,205.4918128401238,202.55597402183156,203.85119935502757,2045200
2021-02-03,200.5958709716797,203.3762891895134,199.266112038492,202.70277304240722,2503000
2021-02-04,200.50088500976562,203.12588247619516,199.70648169578962,200.4404480104256,1934100
2021-02-05,201.1830291748047,202.89272284761404,200.00869106579023,200.8808046738614,1609300
2021-02-08,201.01031494140625,201.5111369444534,197.56502426416031,201.20892562973154,1775200
2021-02-09,200.0346221923828,202.69415337121117,199.51652674071852,199.6805907396027,1263200
2021-02-10,200.0346221923828,202.20196137455864,199.00707455786792,200.69086501220488,1539000
2021-02-11,196.7188262939453,199.9827930192101,196.08847382359454,199.28336028461348,1412200
2021-02-12,196.1748504638672,197.34054547353261,193.0317705383453,196.71884937380656,1632200
2021-02-16,194.26654052734375,196.52023329548345,192.7381840112655,196.52023329548345,1444400
2021-02-17,195.41500854492188,195.77767014475708,192.60005621722013,192.99725137030393,1234800
2021-02-18,197.0987548828125,197.32326904339845,194.49104398874834,194.77599514784416,1131600
2021-02-19,195.46676635742188,198.44579513574087,195.34587918784612,197.40097424634715,2034300
2021-02-22,194.34425354003906,196.2266413994181,191.85741664072896,195.74309270804417,1774400
2021-02-23,192.70364379882812,196.94335166510587,191.39114496701262,195.4322552838053,1731600
2021-02-24,194.09385681152344,195.53587294836413,192.0387614763335,192.70364758637407,1696400
2021-02-25,194.06793212890625,196.77927000848402,191.18390017067466,193.0749312948614,2912200
2021-02-26,186.62469482421875,194.68099753597818,186.52971111129804,193.990208094347,3211200
2021-03-01,184.5868682861328,189.47417479791605,184.3709974148729,188.72294838215947,2733600
2021-03-02,180.30398559570312,185.53669344154312,180.26080878602306,185.2431122168586,2978700
2021-03-03,175.2094268798828,180.49394128349837,175.2094268798828,180.30397387382615,3269600
2021-03-04,173.72425842285156,178.24027372329383,173.13708275447166,175.85706385633804,3212000
2021-03-05,172.69671630859375,176.2111008098163,170.98702250633855,175.14037642544602,3455700
2021-03-08,171.53965759277344,176.77236617553527,170.53801344026928,172.94712692142767,3155400
2021-03-09,175.02813720703125,176.72057099689977,172.50676647267974,172.67946057147077,2988300
2021-03-10,176.5133056640625,177.60129019352308,173.86241801762205,175.02811290439124,3080500
2021-03-11,184.69912719726562,186.17568987405366,177.58403113447855,178.23164380091458,3737300
2021-03-12,185.8216552734375,187.80767005165512,183.30028491635835,184.69912403568728,2251900
2021-03-15,188.6625518798828,188.92158644041822,185.2690542040021,186.25342506118213,1849100
2021-03-16,192.41868591308594,193.25626607503665,188.67117018014602,189.73325133909967,1929700
2021-03-17,192.70364379882812,192.97132162111558,190.3722405885359,191.06303014084486,2265500
2021-03-18,192.1337127685547,193.230340525167,189.18060071928477,190.65716333177616,2485200
2021-03-19,191.5724334716797,194.32694770948538,191.14069175856184,192.42728680690917,4789700
2021-03-22,195.00050354003906,196.60658356777014,191.11482732866196,191.5724725839448,1917700
2021-03-23,198.47169494628906,199.7928236951656,194.78461657831394,195.65673020169967,1771200
2021-03-24,196.01077270507812,197.96224085306994,193.34261160443583,196.19211005423392,2440800
2021-03-25,196.20077514648438,197.28012981427565,195.18185748871701,196.14032496074432,1859600
2021-03-26,206.2171630859375,206.43303398950673,197.7895545781384,199.35245781186518,2705200
2021-03-29,208.81625366210938,209.67110722296678,204.1966108421667,205.12054467644123,2211800
2021-03-30,204.77511596679688,207.81458171273084,203.46263047426604,207.41738666326154,1657000
2021-03-31,206.4243927001953,208.00456931055908,203.52308720137756,204.12752310202407,2143200
2021-04-01,207.28785705566406,207.6677919223888,204.65422961651606,207.28785705566406,1726900
2021-04-05,211.3376007080078,211.50166469205465,207.52100496476496,207.90956993051543,1716700
2021-04-06,210.3273468017578,210.8022654393286,208.2549781584621,210.76771871529724,1771800
2021-04-07,211.3031005859375,212.30473165757533,208.0563934635804,210.36189334580058,2143200
2021-04-08,208.19451904296875,212.53784024072695,207.8922945305094,211.7866137692655,1791700
2021-04-09,207.57281494140625,208.48810541782777,206.71796146353577,208.01318681901085,1888200
2021-04-12,209.61253356933594,209.62989649369516,207.26904205401289,208.91816227930633,1463200
2021-04-13,210.9231414794922,211.27033373313614,209.02231852241647,209.61252548756576,2242200
2021-04-14,209.7687530517578,212.1296074114796,209.05703210550524,211.03598160644407,1637200
2021-04-15,214.52520751953125,214.6119956583773,210.07256410734686,210.07256410734686,2096400
2021-04-16,215.7924041748047,217.0075572092209,213.25796029483544,215.5927769043907,1753000
2021-04-19,215.7229766845703,216.3131969299123,213.8395032917549,215.80977806430712,1209600
2021-04-20,219.3076171875,220.3318176476588,215.0285775139631,215.0285775139631,1837300
2021-04-21,218.88233947753906,221.3560329567231,217.9189157421432,220.52279803853475,1096400
2021-04-22,218.32679748535156,220.47934924978446,217.068257298809,217.62375153775324,1222800
2021-04-23,220.4967498779297,221.5730260088517,218.0664702984774,218.439687075311,1511400
2021-04-26,219.58538818359375,221.29527186823574,218.9344176410355,220.5488251163411,1494400
2021-04-27,219.15142822265625,220.93942536028246,218.40498140127502,220.1842904546794,1324400
2021-04-28,218.6827392578125,221.03491905052462,218.21404621386452,219.22955884577834,1389200
2021-04-29,217.34609985351562,219.59411548565066,212.97156934575975,219.59411548565066,1901900
2021-04-30,221.13037109375,221.32999836433834,216.6430154612939,216.972831550955,1816400
2021-05-03,219.0906524658203,220.67034739905924,218.85629935334453,220.418631363133,1717300
2021-05-04,216.01806640625,219.5506596199028,214.92442743211276,219.5506596199028,1826700
2021-05-05,215.7750701904297,216.68641847749524,211.80848279322956,212.39001496693126,2663500
2021-05-06,211.7998046875,214.2387724920329,210.35031169586736,212.01679489422403,5244100
2021-05-07,214.8115997314453,216.1482533902898,212.65904764651106,213.2145419681649,5548400
2021-05-10,215.7924041748047,217.51965088916702,214.70745320337792,216.12223350820815,2134200
2021-05-11,214.6640625,215.25426946235905,211.78242640651456,214.79425131698207,1779200
2021-05-12,210.01177978515625,214.41233370982468,209.551748423109,213.59644852118038,1621400
2021-05-13,211.78244018554688,212.9281548256528,209.065718579503,210.91447936511432,1474200
2021-05-14,214.1780242919922,215.09807395970665,212.3205885185112,212.79796965646867,1714500
2021-05-17,213.42286682128906,214.82028414894847,212.5201934748646,212.65038228885808,1443400
2021-05-18,213.8221435546875,215.3757875242703,209.56045294424587,213.39683800442953,2023000
2021-05-19,213.5530548095703,214.7334819466565,210.85369637629384,212.58094301809808,2177300
2021-05-20,217.7019500732422,218.49178439332013,212.83268910074366,214.0565038524381,1419100
2021-05-21,216.94680786132812,218.27478687814292,216.04413442112622,217.68457986801693,1586400
2021-05-24,219.40309143066406,220.4186037990257,217.19847721323447,217.5977316944561,1170100
2021-05-25,219.9152374267578,221.09566471842535,216.5041576263256,219.8978877453737,1325000
2021-05-26,220.86131286621094,222.69271069948527,219.3770940582651,220.61827165564392,1519900
2021-05-27,220.55751037597656,222.31948291225254,219.5072720236577,220.51410968894962,3149500
2021-05-28,221.72927856445312,223.52595058840697,221.72927856445312,222.64064008108184,1494600
2021-06-01,224.4286346435547,224.5240976190846,221.2866074823874,222.7534766251132,1722300
2021-06-02,228.212890625,228.2736542285064,224.15952916459682,224.80181157864317,1912700
2021-06-03,228.57748413085938,228.8031359291032,226.32946881624997,228.12612755824813,1544000
2021-06-04,230.25265502929688,230.5824843929666,228.31709278295602,229.65375991906785,1789900
2021-06-07,233.1603240966797,233.58561643102232,230.11377307981672,230.9556961520066,1810700
2021-06-08,230.89491271972656,233.66370967372671,229.44543307831455,233.66370967372671,1424300
2021-06-09,231.7542266845703,233.08220567770067,231.3115581908395,231.71081275079666,1239000
2021-06-10,235.0611114501953,235.1218750533098,230.59978095962504,231.1813262544719,1312100
2021-06-11,232.9172821044922,234.16714775475344,231.5979647580714,234.0716582945493,1335800
2021-06-14,235.16534423828125,235.2174197767511,232.05802917322694,232.98675375604967,1152700
2021-06-15,234.7573699951172,235.4777658392291,233.15163713980562,235.0958609497043,1166100
2021-06-16,231.3376007080078,235.92043286550611,230.66928039956147,235.72948042194108,1595700
2021-06-17,235.0440673828125,235.12255465430852,230.04683151188513,230.69218904299248,1360700
2021-06-18,231.9306640625,235.10515428171095,231.9132313138638,234.3900389792588,2770500
2021-06-21,233.50038146972656,233.85795230336527,230.24740509677108,231.97417812888713,1471000
2021-06-22,232.51492309570312,234.05858604082422,232.40157032875018,233.53531091730653,1156900
2021-06-23,230.43055725097656,232.51490125427136,229.8200652284065,231.98292311550028,1330600
2021-06-24,230.36956787109375,232.1138008689667,228.78230945545735,231.5818225797595,910600
2021-06-25,232.45388793945312,233.25622003762902,230.0730008397874,230.59627594700683,1882700
2021-06-28,237.0325164794922,237.2156534656634,234.0498667731637,234.0498667731637,1808500
2021-06-29,237.9046173095703,238.76800394570662,235.6981640945392,236.7010925350301,1624100
2021-06-30,235.59349060058594,239.66625848090393,235.4975439757735,238.06156781521304,1857900
2021-07-01,235.75921630859375,236.988903634762,233.4219507282322,234.27663438741538,1537000
2021-07-02,237.97434997558594,238.5237874555271,236.60512111523647,236.60512111523647,1207700
2021-07-06,240.46861267089844,240.59942477969892,236.84060603587568,237.97434646531264,1742700
2021-07-07,242.5966033935547,243.89604816653647,238.96859638411237,240.050012081634,1732300
2021-07-08,242.37857055664062,244.3756976941507,240.80874526876303,242.40473298069472,1179400
2021-07-09,242.84075927734375,243.11111316207283,240.11103139455653,242.16050972627167,1151700
2021-07-12,244.18386840820312,244.75946844034192,242.2216064592722,243.46875316968013,1323500
2021-07-13,242.91053771972656,245.60537373480068,242.1343680980106,242.57042622242147,1228200
2021-07-14,245.3873748779297,246.30311302083842,241.58496034015866,242.44834701600834,1198100
2021-07-15,245.30886840820312,247.000776136004,243.34660676032982,246.0240101518874,1082200
2021-07-16,246.3380126953125,247.77699955970175,245.18683917273074,246.1461460057351,2100700
2021-07-19,244.96878051757812,248.24791997833205,242.93673446639139,246.7217163272613,2166900
2021-07-20,246.8089141845703,248.06476379229684,243.92221134573603,246.90483420292844,1502600
2021-07-21,244.41934204101562,246.93104144158522,244.131528734974,246.52984874921685,1167000
2021-07-22,245.5879669189453,246.04145783485433,241.48030640549692,243.93095119422094,1152200
2021-07-23,248.77987670898438,249.19847545311416,244.82919137201313,246.15479841988144,1144200
2021-07-26,248.21304321289062,248.49212685676432,246.36416064826952,247.13162736148155,1174400
2021-07-27,250.1927490234375,250.73345691562264,247.70721204060237,248.56189566640182,1229200
2021-07-28,248.53570556640625,250.55899509657542,247.46299296707886,250.24504601279756,1636000
2021-07-29,246.8089141845703,252.48639984388075,246.16355663597216,249.42526309818766,1768200
2021-07-30,246.6344757080078,249.98342567648004,246.5734477951277,248.28278826818757,1762200
2021-08-02,247.34959411621094,249.53861431028625,246.95715779238978,247.24494442985863,1219300
2021-08-03,247.98622131347656,249.26823306035044,246.64315505130594,247.41935116469483,1000000
2021-08-04,248.4397430419922,249.21593925202285,245.6838525962355,248.36998545501885,1315100
2021-08-05,246.5995635986328,250.05313599554287,245.17801005894245,249.8002148675627,1307700
2021-08-06,246.04144287109375,247.19264275863196,245.07340656671633,245.41351807924352,1459900
2021-08-09,244.244873046875,246.30308122145112,243.27683679164525,245.93678068860368,1093300
2021-08-10,240.09359741210938,245.91935429698106,239.8319731782291,245.54432407525096,1293200
2021-08-11,241.7681121826172,242.18673764066656,240.154691501556,241.06170001988932,871500
2021-08-12,244.2362060546875,244.61123636298825,240.8349571547306,242.4483779424319,874400
2021-08-13,246.73912048339844,246.76528290411096,243.50355030433403,244.56753310476552,808000
2021-08-16,246.9833526611328,248.1694180821095,245.7362060952602,246.73916115593892,1066600
2021-08-17,249.88742065429688,250.06185451716408,245.18672879806473,245.18672879806473,922500
2021-08-18,247.1403045654297,250.55028226059298,247.0966827844663,249.39035275604965,1146200
2021-08-19,252.1637725830078,252.67831811401484,245.57927716969346,245.57927716969346,1203200
2021-08-20,253.6288299560547,254.50094612264738,250.95142693704554,252.39041328894882,1712800
2021-08-23,251.61428833007812,253.20151980725333,250.5677380987539,252.37302527109313,1071400
2021-08-24,248.20428466796875,252.7480027793575,247.14903148061362,252.46891919786475,978000
2021-08-25,246.72171020507812,248.28280592445955,245.6926192991775,248.24791381827748,973400
2021-08-26,246.96595764160156,248.4398367367126,245.69267493386187,246.12873320780278,960900
2021-08-27,248.98916625976562,249.25952014297692,246.1198966114728,248.39613365239077,882400
2021-08-30,254.37887573242188,254.45736300555512,248.74501189243463,248.9892033915861,1632600
2021-08-31,254.8062286376953,255.29461163182106,251.8671743783869,252.7654530941764,2327100
2021-09-01,259.8558044433594,260.27442991178157,254.64926828339466,255.3993022541242,1658400
2021-09-02,262.41107177734375,262.4895590462201,257.87605662206624,259.97785998267415,1795800
2021-09-03,263.38787841796875,263.64077300735397,259.16683830086447,261.6785111376221,1645300
2021-09-07,260.9546813964844,263.32683917019915,257.3615659336991,262.07098937147475,1535200
2021-09-08,264.7919616699219,264.87917862781245,260.21335083689513,260.4662720303141,1512700
2021-09-09,258.861572265625,264.8704398654808,258.7481928857428,263.8151865713612,1243100
2021-09-10,256.2975158691406,259.149326292438,252.96602556176296,258.57372640046634,1488700
2021-09-13,256.9342041015625,260.256992126509,255.68708401639472,258.5912465810227,1270100
2021-09-14,258.49530029296875,259.70755488594614,257.10863838577825,257.52726384667534,1109700
2021-09-15,259.245361328125,259.74244750968944,256.62028212589433,258.6871939886289,1044200
2021-09-16,259.14068603515625,259.8906933818536,255.3905694570264,258.8354399649195,906500
2021-09-17,256.1841735839844,259.4982050133322,256.02719903114627,256.2626608604034,2994000
2021-09-20,253.95155334472656,256.53301019970723,250.82936201485964,254.25679937969582,2374700
2021-09-21,254.5446014404297,256.5940802392414,253.49807776212208,254.87600992043494,1161500
2021-09-22,256.0097351074219,257.20455682240043,253.07943704716445,254.74518241226284,1172900
2021-09-23,251.16949462890625,255.96613428327774,248.92814934829303,255.96613428327774,1634100
2021-09-24,246.09376525878906,251.54449200338382,245.37862352232784,251.07356837536204,2318700
2021-09-27,240.16204833984375,246.95247458277814,239.7852956237283,246.12885945419137,1776700
2021-09-28,235.4744873046875,238.31331535794013,233.73963308380092,237.270654093637,2317600
2021-09-29,236.57846069335938,237.78759894422828,234.98379932658983,236.4820665448768,1448500
2021-09-30,232.54798889160156,238.64622178881248,232.42531030202224,237.77003782557478,2090800
2021-10-01,233.59938049316406,235.71098693473317,232.26759056983482,233.94987544999742,1784600
2021-10-04,232.3902587890625,234.27404877248432,229.6915974802545,232.98605740669186,1387600
2021-10-05,231.79446411132812,233.87104263066084,229.831820528075,232.53922585144187,1649200
2021-10-06,234.78225708007812,235.21160542247392,228.78039133414148,230.76934612649183,1421100
2021-10-07,233.16123962402344,238.12921313974422,232.72314775889484,235.868670880843,1185000
2021-10-08,229.63027954101562,233.18761100409034,229.04325126404163,233.13501536681204,1064300
2021-10-11,229.20974731445312,230.84820717029962,228.26345358936652,229.49013262107246,1074800
2021-10-12,231.79446411132812,232.96857418953854,229.18345293125319,230.23485767699017,1352700
2021-10-13,231.4702606201172,231.65427849465152,227.21201962108466,230.69921449543367,1646600
2021-10-14,234.7034149169922,235.1590477315391,232.2501102964125,232.58306451042296,1370000
2021-10-15,235.98260498046875,237.7787980718411,234.01119114733586,236.3856688384419,3091300
2021-10-18,234.8173370361328,236.7887512463242,233.87981363881113,235.20286017635823,1354300
2021-10-19,239.1106719970703,243.10606996308837,235.72861369016888,236.3244125516405,1816900
2021-10-20,241.86184692382812,242.5978382997247,240.16204776794277,240.16204776794277,1109700
2021-10-21,244.49032592773438,244.78822519995194,239.44349887132722,241.64272868385305,1269100
2021-10-22,249.2305145263672,249.9840198259172,244.45530170076617,245.13872405531546,1496300
2021-10-25,249.3444366455078,250.3082444153071,245.8747554132447,249.27435368907436,1194700
2021-10-26,251.41224670410156,253.70784457529902,250.06291581636177,250.5886315800669,1742300
2021-10-27,250.0804443359375,255.11850224106655,249.98405019346558,252.5337487941342,1280300
2021-10-28,250.59735107421875,254.08454567839777,247.8286069041865,250.15048875498613,1391600
2021-10-29,247.05755615234375,249.65105280786574,245.01605958916448,249.03774016893604,2532000
2021-11-01,247.1715545654297,248.10030762719686,242.18606460267017,247.83743633825134,1520500
2021-11-02,247.65342712402344,249.96656595105847,244.90222299200718,247.79361978678463,1532500
2021-11-03,245.8572235107422,250.08043659790332,242.22980909656303,248.59091317643595,1133500
2021-11-04,244.41152954101562,248.3543574126928,243.26373067749284,246.90863246853425,1381000
2021-11-05,243.43017578125,246.59321375436465,242.44011037560034,246.15512177807264,1214000
2021-11-08,244.2449951171875,244.64803216254407,239.57492067150943,243.7981328401359,1014100
2021-11-09,245.26141357421875,246.74213979262413,244.28006512736005,245.23512912629465,823300
2021-11-10,241.72166442871094,246.6283005465685,241.44127911020118,244.13117061043408,925300
2021-11-11,238.7425994873047,242.4400966270887,236.89383754790734,241.94066538507508,1221800
2021-11-12,238.40966796875,241.14335772717587,237.97157597569424,240.50373379126967,991200
2021-11-15,228.24594116210938,235.29046829181033,227.05434370900358,234.2302663571625,3467600
2021-11-16,226.96673583984375,229.8493622651804,226.60749715160378,229.6741414892938,2783200
2021-11-17,225.64364624023438,228.15828983905195,223.1640441160058,227.01926142658087,3451600
2021-11-18,226.8966064453125,227.6063133627449,222.0250254308067,225.7050090122457,2436700
2021-11-19,228.66651916503906,231.56668618284206,227.4661245758721,228.59640946836484,2036700
2021-11-22,225.7312469482422,228.7365511016913,224.85506310835552,227.80779837053217,1835200
2021-11-23,229.56021118164062,229.74420233726684,224.96024511788636,226.2832915327078,2070900
2021-11-24,232.6093292236328,233.07370565665903,228.2459234412074,230.33124556125392,1320800
2021-11-26,230.32247924804688,234.37921536608326,229.7967635106381,233.57311433685467,1161800
2021-11-29,233.88856506347656,235.9651169181882,229.1133514460991,231.42649009981267,1842900
2021-11-30,229.9807586669922,234.94870638387388,229.87559413869474,231.45274119503043,2759500
2021-12-01,226.88783264160156,234.41424916845267,226.50230958471187,231.29503660926207,2629100
2021-12-02,233.27520751953125,234.5894834514499,227.16820428632207,227.57126815753264,1902600
2021-12-03,233.90606689453125,235.89502163428222,230.8394229765844,232.81960732008565,1804000
2021-12-06,236.19290161132812,239.11058224886364,234.23900187777028,235.28166286350174,1864800
2021-12-07,242.53643798828125,242.9833002872766,237.66485815020323,237.66485815020323,2133000
2021-12-08,241.6953125,243.5090194278026,239.67133001152746,242.1684592505155,1327600
2021-12-09,237.4984130859375,242.6941773550818,237.3845048971989,241.72162603095015,1116100
2021-12-10,238.82150268554688,240.23214622896694,236.08781261607427,237.3670338944267,1352400
2021-12-13,241.8443145751953,242.9921135544844,236.87636592966481,238.32206428062284,1836400
2021-12-14,239.55747985839844,243.66678511550057,237.45464352535825,240.48623279498298,2225100
2021-12-15,240.38104248046875,241.993217541604,237.5509590438241,240.21456541131266,1932500
2021-12-16,244.8671112060547,245.04235867851241,240.69646736045377,240.77532070135672,1791500
2021-12-17,244.33262634277344,248.61717839279623,243.4214143507075,244.67435089405586,3248700
2021-12-20,243.98220825195312,244.92850201987645,240.95938925873568,241.69538066766728,1551000
2021-12-21,243.44769287109375,247.11890541411083,242.33492224668407,245.59432730251996,1381900
2021-12-22,246.42672729492188,246.5055806389749,243.32502873377996,244.41151497620342,914200
2021-12-23,245.4405059814453,246.95502842059412,243.43288571297518,246.5499895333265,1016000
2021-12-27,251.62193298339844,251.75400798647553,245.19400515815602,246.60286789189556,1235300
2021-12-28,254.0257568359375,254.4220086829553,250.7061466418953,251.62191137094183,1065600
2021-12-29,254.369140625,254.91506842368813,252.5376114409587,252.5376114409587,1430600
2021-12-30,256.35919189453125,257.1076257867399,253.0747838636823,255.01194639619095,1370200
2021-12-31,257.5567321777344,259.2297448927298,255.30256258602708,256.5881373832146,1274100
2022-01-03,252.16786193847656,257.60075310449116,246.7965878596014,257.4422631001526,1597900
2022-01-04,248.98910522460938,253.81445121293805,248.71614126897427,252.8810853894462,1813300
2022-01-05,232.96334838867188,246.05691061085537,230.9028979710091,245.64305773603732,4486100
2022-01-06,233.2451171875,233.67657108654262,226.09514464791567,232.38218251759739,2473100
2022-01-07,234.7332000732422,237.0754283096601,229.81982258637458,232.48784473922876,2244300
2022-01-10,232.82244873046875,235.41122585009876,227.71532552393256,235.41122585009876,2113500
2022-01-11,229.3707275390625,230.35692318764904,225.50518993021169,228.41976084130147,1884300
2022-01-12,228.4021759033203,232.9017005851506,227.92667908501096,228.83362981203885,1876900
2022-01-13,224.92410278320312,229.1418774621615,224.58949482633292,228.9393445219968,1728000
2022-01-14,220.67987060546875,223.8321902776285,216.69104463812835,223.33909239566557,2549900
2022-01-18,220.3365020751953,220.98810350054057,218.17919173315954,218.92765264827352,2523600
2022-01-19,219.25341796875,223.0044957042997,218.4433266311345,221.19940803200006,2200000
2022-01-20,216.55897521972656,222.6522812989042,216.20675284075364,220.03708891713606,2120900
2022-01-21,215.5199432373047,220.82077265472353,214.63940741415453,219.8962073532338,3504900
2022-01-24,218.72508239746094,219.54398765960823,210.44805143907462,212.48208694131344,2708800
2022-01-25,220.6006317138672,222.24722935152903,216.074678263621,216.42688720736462,2065700
2022-01-26,213.6179962158203,223.98189318748808,211.68080665484467,220.68869780565026,2325000
2022-01-27,208.18508911132812,215.77531744045618,207.11964823367762,212.69344189817315,2722300
2022-01-28,217.28981018066406,217.36025465277578,205.75478651362386,209.18888399054637,2106700
2022-01-31,221.4547576904297,221.61324768804872,215.7136604089251,216.5325657043543,2665000
2022-02-01,220.26602172851562,222.29125672565812,218.01185226369645,221.07612647610048,1665800
2022-02-02,222.1943817138672,224.0699271083845,221.49876440262912,221.7893428043085,1446000
2022-02-03,220.75030517578125,222.50257611820228,220.0106583860201,220.92640963488023,1367300
2022-02-04,216.9904022216797,220.13392106370534,215.77527211382565,218.51373862929447,1275900
2022-02-07,216.8407440185547,218.68987459634812,215.2910058278463,216.40929007007037,1171600
2022-02-08,216.01300048828125,217.7828722126562,214.03179538234673,216.25073542714034,1303800
2022-02-09,220.03709411621094,220.53900597964042,217.25459771817407,218.50495696227438,1824700
2022-02-10,213.53872680664062,219.65846121593003,212.36761260892902,217.1665433504713,1453100
2022-02-11,208.59896850585938,215.68728583945733,207.35742298405427,213.9350278364084,2379600
2022-02-14,206.30067443847656,210.0605651145928,204.94465556159724,209.4794084091131,1810100
2022-02-15,205.5082550048828,208.81906485941195,204.53085970480888,208.7398198600328,1696300
2022-02-16,204.5749053955078,205.82526474980688,202.30312118189576,205.51707181325008,1275700
2022-02-17,201.35211181640625,204.73336593016322,200.55082104545426,204.29309804756227,1721100
2022-02-18,201.1495819091797,203.66791460434666,199.62625887652297,201.48418978207528,2705400
2022-02-22,201.08795166015625,203.31570610736566,197.70669749157474,200.97349114524258,2521600
2022-02-23,200.27784729003906,203.7999901781854,199.64386049530003,202.42635660155375,1934000
2022-02-24,204.06419372558594,204.830255654967,193.71789695632754,195.31166477699512,2699700
2022-02-25,205.7459716796875,206.44158896004527,199.69668237855905,204.0201158227884,2309500
2022-02-28,199.7671661376953,203.7559925062061,196.71170563047335,203.53585854133945,3690400
2022-03-01,201.2464599609375,203.33332550935177,199.59984887701518,200.76216258331328,2467300
2022-03-02,203.40377807617188,204.96233026764168,200.53323608830175,201.03513452804998,2160300
2022-03-03,207.13726806640625,208.51090190814992,203.86167347336612,205.58751629753738,2702600
2022-03-04,209.81407165527344,210.6505779872858,206.01896446530557,206.01896446530557,2396600
2022-03-07,204.30194091796875,209.4530678118658,203.43020555011935,208.7926658945012,1499200
2022-03-08,200.73577880859375,208.37882429921072,200.33072636541763,204.74222001263556,2058000
2022-03-09,205.26171875,208.22031983307676,203.62392148194124,203.97613045824824,1481200
2022-03-10,204.9887237548828,205.5874816111706,199.96967270458228,203.342112778273,1300300
2022-03-11,206.7849884033203,209.59389927088674,206.6440994749873,207.19884123285624,1889000
2022-03-14,206.86427307128906,208.82787761736503,204.6805480068386,207.78003784522366,1652400
2022-03-15,207.99134826660156,209.88449468963367,206.11580288410948,208.36117165657444,1422300
2022-03-16,211.0027618408203,211.69837909163684,207.51583475945256,209.40899446609112,1902000
2022-03-17,215.85455322265625,215.94261218018116,209.9989953168352,209.9989953168352,1876100
2022-03-18,213.55633544921875,218.7779194597149,212.9135481105329,217.64202081237937,3668100
2022-03-21,212.77267456054688,215.7312754469703,211.3550113558875,212.9223640373233,1601400
2022-03-22,211.0380096435547,214.2255448807024,210.5449117544832,213.29217909982995,1909800
2022-03-23,206.04534912109375,211.5222821255955,205.789999685692,210.5096714679534,1968600
2022-03-24,207.3573455810547,207.41897609003888,203.11315728806042,205.6931337357724,2081200
2022-03-25,211.9361572265625,212.4996995835096,208.28192570924878,209.05680148851715,1530200
2022-03-28,215.7576904296875,215.89857938519904,212.20913215769104,212.86953402125232,1382800
2022-03-29,220.6182403564453,221.21699823215422,217.73008409922795,218.055878035369,1917500
2022-03-30,220.89999389648438,220.94402337008862,217.81811884691325,219.38547136867956,1385400
2022-03-31,221.2081756591797,223.71770773350826,220.75029334134223,221.81574743102186,3315600
2022-04-01,226.25369262695312,226.6411305425148,220.22201680749905,221.20821263917566,1636200
2022-04-04,227.02853393554688,228.38456659431534,225.5316391957039,226.28010000153546,1989800
2022-04-05,231.51048278808594,233.65896540342737,226.33292801974045,226.78198300185457,1956200
2022-04-06,236.52947998046875,236.98737571251428,229.3883488185184,229.9871066061615,2749700
2022-04-07,233.9848175048828,235.8515493383146,232.47908174806648,234.18732356661977,1752400
2022-04-08,234.58352661132812,236.41502910267275,232.4878472783912,234.36339267924345,1559100
2022-04-11,231.85385131835938,235.75461799154067,231.2198645441322,234.7420073183239,2158500
2022-04-12,227.66668701171875,230.29585863313125,226.29457177809454,229.17161024866047,1518100
2022-04-13,227.6489715576172,228.59618754551855,225.6837320664335,228.45454549929852,1317800
2022-04-14,226.21490478515625,228.70244802155898,225.73687968921604,228.33949528686986,2312200
2022-04-18,224.77194213867188,227.84373490914865,223.21390658474778,224.97554414574893,1072500
2022-04-19,229.07420349121094,229.7646915952318,225.54209438396484,225.6040678457835,1308500
2022-04-20,236.88206481933594,237.2007662043536,229.40178103564875,229.94176605588552,1807500
2022-04-21,236.13845825195312,240.36991670439693,235.61616837152656,238.0328903408702,1712400
2022-04-22,231.8450164794922,236.47484470236884,231.8007651585502,236.47484470236884,1664500
2022-04-25,229.73812866210938,232.81878235187386,225.83421942162678,232.02206948836204,1656800
2022-04-26,225.5775146484375,231.23420053436251,225.24111815461728,229.1273189281906,1883300
2022-04-27,223.83355712890625,228.39255030753534,222.6827392513925,226.63092649080667,2049600
2022-04-28,223.24041748046875,224.72763170672246,217.0702905030635,223.62992628990966,2417400
2022-04-29,213.36114501953125,222.47028414016083,213.06015231228074,221.58504166552234,2151900
2022-05-02,209.75820922851562,217.1322809291114,206.0224847702022,213.67984055660784,2127600
2022-05-03,213.35231018066406,215.1139477845632,208.31529122718115,209.75822745299004,1367100
2022-05-04,217.45095825195312,217.80504983435657,211.28081719909068,213.01589837141475,1098500
2022-05-05,213.76837158203125,218.18573686003396,212.19264089128856,216.86672057066255,1375900
2022-05-06,216.06112670898438,216.9906204557443,211.39589531348352,211.79425170605597,1843000
2022-05-09,204.57070922851562,214.34379509858204,203.57039427559423,214.34379509858204,2423300
2022-05-10,198.95823669433594,207.2706625947824,196.81595162872134,205.93395138455676,2411700
2022-05-11,198.93167114257812,203.05690392558927,198.23232208951418,200.46313669650925,2104200
2022-05-12,199.62216186523438,200.5693777200999,196.54152208513182,198.88740904985858,2193700
2022-05-13,205.96055603027344,206.16415805547297,200.23303506423824,201.109416633597,2229500
2022-05-16,203.800537109375,207.93461811921065,203.6323388668011,205.9162662237819,1203100
2022-05-17,206.26148986816406,206.8191969314822,203.07461166024297,206.43853565577575,1728500
2022-05-18,204.16348266601562,206.52707852667018,203.17200187799918,205.88085528203464,1623800
2022-05-19,206.48281860351562,209.0854337838062,202.90644475202586,203.60578040218047,1825900
2022-05-20,216.2470245361328,217.0348897760714,207.4211562318409,208.43033208420863,2853900
2022-05-23,220.7971954345703,221.06277090139824,215.5919649125687,217.40671484354195,1697400
2022-05-24,228.85287475585938,229.55222387496175,220.15095311932583,220.85914980039004,2174400
2022-05-25,230.41978454589844,231.21649741582314,223.5945587303247,227.3214357063906,2392900
2022-05-26,225.46243286132812,232.17255967139943,224.8162095658252,230.8004444907555,1487200
2022-05-27,231.01290893554688,232.42930254526004,225.58638080418714,227.08242950093685,1786300
2022-05-31,226.7371826171875,229.31324172457033,225.94045620362365,228.1801323213827,2829600
2022-06-01,223.5768585205078,226.7371809395752,222.06310130907698,226.7371809395752,1418000
2022-06-02,232.25222778320312,232.98699424523056,217.4863881938824,217.82278469307963,2781800
2022-06-03,236.12074279785156,238.57285480816304,230.8269828988071,231.77419886171808,7332200
2022-06-06,236.67840576171875,239.9803697880744,235.62499211246788,238.82956542239882,4197100
2022-06-07,235.6072998046875,236.3509003064903,229.4194630113387,235.63385600062838,2135100
2022-06-08,234.1112518310547,238.16567809194746,233.1020893090618,235.1558586370485,1550400
2022-06-09,230.34011840820312,237.00599361599066,230.18075422015832,231.1988047477529,2050700
2022-06-10,222.20472717285156,228.25093539831028,221.4080142825204,227.51619597006658,2188200
2022-06-13,212.4847869873047,218.78771017824013,211.5464319625565,216.88444393051356,2272900
2022-06-14,207.5805206298828,212.88311460954702,205.9605252187989,211.7322966472344,2584900
2022-06-15,213.6975555419922,216.44181297047672,208.0408559396374,208.38610000897435,2076700
2022-06-16,208.54141235351562,211.04377831131035,206.8761487313907,209.0757283675276,1668500
2022-06-17,210.31356811523438,212.18366076086414,206.70696863478955,208.11398826172794,4291800
2022-06-21,219.82431030273438,221.32927387435163,215.4073363184779,215.5052938137403,2502000
2022-06-22,224.41937255859375,230.48380983055114,215.72792423851521,215.79026700316,3130200
2022-06-23,230.02963256835938,231.35649528905597,225.06054200639952,225.35441448776632,2553100
2022-06-24,233.00396728515625,233.43142559497437,228.48903570378906,232.21142060773073,3131500
2022-06-27,230.93795776367188,235.17683097975578,229.8782666360961,233.5204809978747,2018900
2022-06-28,225.2386474609375,231.96207276365655,224.51733025923187,231.53461446113118,1601700
2022-06-29,225.44346618652344,226.12915503806659,220.09144606573946,222.6561414126472,1863700
2022-06-30,227.60745239257812,229.49534587284506,222.81647563383342,224.06319517962783,1938100
2022-07-01,230.10977172851562,230.67971610983733,224.8022937655659,226.66347252557048,1363200
2022-07-05,227.91912841796875,228.0259862059773,222.29996326146514,227.51839812471346,1321600
2022-07-06,229.9584197998047,232.05111487519977,228.59592866161793,229.71796260242408,1170900
2022-07-07,229.02334594726562,232.05110082925128,227.45603961596586,230.19883588690718,1089600
2022-07-08,227.09091186523438,229.64670688261643,225.94215002076447,227.3669837640065,936000
2022-07-11,229.74464416503906,230.16318855549963,224.84681058577996,227.08200503772497,1299500
2022-07-12,227.5183868408203,230.41255596555885,225.4345649604391,228.8185487460762,1650900
2022-07-13,227.90127563476562,229.94055507693017,223.67131679211784,224.77556357122123,1188500
2022-07-14,228.4267120361328,229.6200025353398,223.9028667406582,224.18783893712552,1579200
2022-07-15,229.04116821289062,232.2381235631439,227.37589083825685,231.4277491776257,1181100
2022-07-18,221.9615478515625,229.56657700019412,221.3649025932403,228.78291703667958,1608200
2022-07-19,229.0055389404297,229.103482844425,223.9652054103787,224.06316290259602,1506300
2022-07-20,222.39788818359375,229.6912164994475,222.12181629130868,227.97252391571044,1573500
2022-07-21,227.43821716308594,227.9636329377972,221.017592098511,222.78081335545642,1290300
2022-07-22,231.1783905029297,231.85516544610533,227.75879235361757,228.46229532781814,1587500
2022-07-25,229.16583251953125,231.23184020380864,227.8834847966311,230.95578187783866,1593300
2022-07-26,230.62631225585938,234.2685268381944,229.59330833491313,230.25228281796026,1579700
2022-07-27,230.0029296875,232.63885469034813,227.42043357700078,231.10716303130548,1505400
2022-07-28,239.46023559570312,240.0479806161942,231.5880613532919,232.83478086200915,2589500
2022-07-29,241.1789093017578,243.95734749876118,238.22241103778487,240.7514781764072,1821200
2022-08-01,239.2108917236328,242.00713071451776,237.10928271959835,240.68915456145487,1323100
2022-08-02,237.43875122070312,241.49059609880214,236.90443513723696,239.638331142757,1681000
2022-08-03,239.3978729248047,240.37744787752357,235.87143027146152,238.5162690555801,1370200
2022-08-04,241.57073974609375,241.9714836033209,238.65875649329647,239.6828464683332,1257800
2022-08-05,242.39002990722656,242.60374547196383,237.803868904272,238.9882455607845,1156400
2022-08-08,243.111328125,246.56654109273637,241.624151632681,244.66973407451923,968900
2022-08-09,245.943115234375,246.95831822331377,240.75141019641873,243.85039368594292,1459800
2022-08-10,247.37693786621094,249.3182600740553,244.95472845524472,249.3182600740553,1350800
2022-08-11,243.9573211669922,248.38319497598155,243.3517485107004,248.38319497598155,1260400
2022-08-12,247.31455993652344,247.47484658929233,244.57177756441428,245.4978963424845,1110000
2022-08-15,250.6985321044922,251.54453478664104,247.67969124547702,247.91123454300057,1329100
2022-08-16,247.96469116210938,249.41621234134706,245.68496777850802,248.3208928452134,1183500
2022-08-17,247.08303833007812,248.43664265383202,245.2842023239427,246.53983556700408,1059000
2022-08-18,245.3286895751953,248.63252950082236,243.0400799539332,247.1364392503848,1139000
2022-08-19,244.36695861816406,247.19879830417474,243.4586403725878,244.88344691236793,2110700
2022-08-22,240.21713256835938,244.13540473566897,239.48690158371107,242.5057694176773,946800
2022-08-23,236.19198608398438,239.4601703638122,234.4910942554026,238.94368212820103,971000
2022-08-24,235.52413940429688,237.50997655256396,235.18573831810488,237.13597432415293,1372900
2022-08-25,238.87246704101562,239.06838202854405,233.59170342794906,236.65508659124194,1367400
2022-08-26,232.59434509277344,238.9348274461035,232.4874873055853,238.54299744211602,1227300
2022-08-29,231.2852783203125,233.88560218893397,229.92278720743624,231.3565077848951,1577900
2022-08-30,225.6571807861328,232.14014858499436,225.0338211109003,231.44554586284644,1211100
2022-08-31,226.23605346679688,228.15956161885808,225.2742925966545,226.06685290794448,2005100
2022-09-01,229.43299865722656,229.53094256183232,224.07206458448766,225.24755449842152,1590500
2022-09-02,223.38636779785156,232.40731633875842,223.05686701281743,231.12496869204145,1387400
2022-09-06,226.3517608642578,228.39105381206443,223.51992137082976,224.50839646703434,1163700
2022-09-07,231.08935546875,231.57912935928113,225.8798212107551,227.0196828404603,1095800
2022-09-08,233.0217742919922,233.31563317002946,229.09458804501816,231.23182505098174,1518700
2022-09-09,232.95053100585938,234.39316538813245,231.24075217370037,233.7519915319617,880000
2022-09-12,236.06732177734375,236.48586616202903,233.27999717044403,233.36905437118514,946100
2022-09-13,226.75254821777344,233.5026610786233,226.15590293168663,232.024398292557,1711400
2022-09-14,224.25018310546875,227.1621663226111,222.43351931216478,223.90286814326515,2087000
2022-09-15,218.230224609375,224.40151818308212,217.8116802815265,224.04530301671144,1561400
2022-09-16,218.96939086914062,220.53669708757778,217.25959856133065,217.66922908300086,3287400
2022-09-19,220.4031524658203,220.65249635932986,215.13128879298222,217.64254188853494,1249300
2022-09-20,211.85414123535156,218.93376734775921,211.34655324615173,218.48850852751826,2093000
2022-09-21,208.51470947265625,215.89710865407335,208.42566585753107,213.69752889598158,1942400
2022-09-22,207.29473876953125,210.5718514401513,206.78715067380324,207.23240958749125,1446000
2022-09-23,203.7593536376953,206.49324951077932,200.92751386188365,205.62944625101298,1907000
2022-09-26,197.13392639160156,204.05325369022162,194.2486573377053,204.05325369022162,2146900
2022-09-27,196.44821166992188,201.7022607078169,195.44192231242008,199.36910866287135,1900800
2022-09-28,196.8578338623047,199.41361522575636,195.74468677533497,199.11084247927369,1988800
2022-09-29,190.3214569091797,196.06529374821065,188.2376486102569,194.43564461549738,2096500
2022-09-30,191.1941375732422,193.5273030664329,188.81645706793367,192.22714131293145,2501700
2022-10-03,193.3937530517578,195.20150313661668,189.10146423160515,193.1444091495858,2102200
2022-10-04,195.9851531982422,199.77875402112306,194.10616015286053,194.97886376608025,2032800
2022-10-05,190.6954803466797,193.72323541865998,188.23765612077415,193.36703373544697,1518700
2022-10-06,180.83746337890625,190.71330291351347,180.57920559720367,190.23241567293397,2908700
2022-10-07,174.58526611328125,180.3261313936056,173.49091153057842,178.6128369926345,3165300
2022-10-10,170.05535888671875,177.7606806293431,169.4992164078549,175.81416826601708,1992300
2022-10-11,169.77731323242188,172.20820591346003,166.18926844138312,169.92980349356446,2463100
2022-10-12,164.86163330078125,169.84902558399415,163.52509577091232,169.15832333336152,2572500
2022-10-13,170.2975616455078,171.72380599980306,159.82046495174754,161.34538107386027,3518100
2022-10-14,166.64671325683594,172.827118898837,166.00086420010499,171.87628936734492,2466400
2022-10-17,172.6656951904297,175.7244930575819,169.38263083029034,170.2168446975214,3040900
2022-10-18,176.90850830078125,177.55435730768187,174.21747533446248,174.48658136855462,3253400
2022-10-19,171.32015991210938,175.98461503066383,170.88958471669557,174.926134784401,1824700
2022-10-20,168.63807678222656,171.47263497479526,166.27893334943207,171.46365610445463,2515600
2022-10-21,168.243408203125,169.50819720280526,164.26965539980947,169.50819720280526,2078000
2022-10-24,166.30584716796875,171.71482283369988,165.21149256584147,170.36034104327146,1856400
2022-10-25,175.392578125,175.8590277263519,166.77230096366833,166.80818907232012,2495200
2022-10-26,176.639404296875,178.78326003719042,174.20851215425,175.20419491072377,2512300
2022-10-27,178.21812438964844,182.94537580693677,175.9755970723599,178.38855865573044,3414500
2022-10-28,183.62716674804688,186.9102173014661,176.9803105444433,176.9803105444433,2613600
2022-10-31,185.85171508789062,188.26467691729815,180.03010865118296,180.88226638118252,2513500
2022-11-01,186.47067260742188,191.35041520126532,185.3135206188191,187.84309850102744,1907000
2022-11-02,184.05770874023438,190.17531728964713,181.51020051584086,185.43909980387497,2655500
2022-11-03,180.5952606201172,183.49260286872192,180.37100782746626,182.28164600078946,1703800
2022-11-04,182.91847229003906,183.33110335172648,178.63076102038298,182.01249615297232,1788100
2022-11-07,181.2141876220703,184.7753228109305,180.92713749799842,183.56435234187,1828800
2022-11-08,182.11122131347656,184.32684011695346,180.3889614173679,181.21421009546341,2071800
2022-11-09,180.33509826660156,185.4390934102334,179.76101173318952,182.99922222140657,1530300
2022-11-10,198.1497344970703,198.75970912547228,188.0493950510966,191.16202447429632,2781200
2022-11-11,200.2666778564453,202.2221690214499,198.25738190685044,199.86302562995007,1915700
2022-11-14,193.19825744628906,199.28895686690896,193.06369756727156,198.9391230811488,1628000
2022-11-15,196.9656982421875,197.18098583280968,192.9201831237805,193.2161847408442,2152200
2022-11-16,196.57998657226562,200.0873034273965,195.665045060991,197.42317923690618,2400800
2022-11-17,194.05935668945312,196.9746424429745,192.3101879748006,195.29723625088488,2144600
2022-11-18,193.69161987304688,197.53084036225883,192.5255162747692,195.21654984735687,2360400
2022-11-21,197.26170349121094,197.55771878048847,193.386609181362,193.386609181362,1682400
2022-11-22,195.6650390625,198.41885607051123,193.2789862096032,197.99725975111582,1562400
2022-11-23,195.77267456054688,197.71918702481224,193.9876175260135,195.72782126763133,1210500
2022-11-25,197.41419982910156,198.45473596527418,195.88928373287771,197.01951276453244,566500
2022-11-28,191.8706512451172,197.674313625649,191.09922122226638,196.18528573835252,1367200
2022-11-29,194.84877014160156,194.89362343818377,191.3504320050612,192.68696990700138,1848100
2022-11-30,198.46368408203125,198.54441178721393,192.5613500496804,193.646739383909,3889200
2022-12-01,198.50856018066406,202.69760039656887,197.24377123825573,201.30723044701168,1708700
2022-12-02,196.77731323242188,198.15871793940022,193.99658713929992,195.79060927188286,1354400
2022-12-05,193.40455627441406,195.98795252158126,192.48063597243743,193.70953675156503,1454200
2022-12-06,190.63279724121094,194.51685683333886,189.95106006523204,193.99658876804546,1672200
2022-12-07,189.36801147460938,193.39559619012408,187.88794865324076,190.10355344991342,1624800
2022-12-08,190.39059448242188,191.8078735773468,187.67265210846972,188.72215338964213,2465300
2022-12-09,191.81683349609375,194.10421433770523,189.51152228891496,190.1394272663196,1646800
2022-12-12,193.63775634765625,193.69157481662003,190.13941899199537,192.74972423515075,1847700
2022-12-13,200.38330078125,204.49161309155224,198.15871717784137,199.99759259413227,2179100
2022-12-14,197.20790100097656,203.5946158211555,197.10922922988712,199.7823185458053,1902800
2022-12-15,195.74575805664062,198.58928152445873,194.2387723318947,194.93845356333935,1693100
2022-12-16,191.467041015625,192.99195734295785,186.6500951732432,192.93813886005157,3724100
2022-12-19,188.0314483642578,191.19789621587705,186.36300729532596,191.19789621587705,1401700
2022-12-20,187.197265625,188.75805632066667,184.56901574625883,186.54245129506288,1307500
2022-12-21,188.91053771972656,191.4131925945736,187.91485487977607,188.1839472522199,1410200
2022-12-22,188.91053771972656,189.35904325686997,185.14308025787966,187.79823906018188,2212200
2022-12-23,190.57000732421875,190.6955883319567,187.48428692002486,187.84309957592143,1146700
2022-12-27,190.57904052734375,191.28388369127416,188.53680440987253,190.66941069238152,1550000
2022-12-28,189.8561248779297,193.6062521343058,189.7567232167738,190.98568294172378,1411700
2022-12-29,194.95269775390625,195.82019065843437,189.88324041849447,191.4375134767044,1323900
2022-12-30,191.446533203125,194.4647089699434,189.02475360078282,193.67854098821323,1450400
2023-01-03,193.98574829101562,194.50986479619561,190.64225976070702,193.38030692862188,1812400
2023-01-04,197.8985595703125,201.097461726542,194.74482870277987,196.46176511830052,1796000
2023-01-05,191.69052124023438,196.82322633427663,191.12121957809123,196.15453680203254,1495000
2023-01-06,197.4467315673828,198.2057912078637,190.60612193759727,192.83812957144295,1980200
2023-01-09,198.169677734375,201.92885043670947,198.02509098692724,199.57033254960382,1727200
2023-01-10,200.5643310546875,201.4679775237679,198.57631158042076,199.7871945397363,1691300
2023-01-11,206.13980102539062,206.76331921328753,202.15473109972396,202.15473109972396,1893900
2023-01-12,209.8357391357422,210.36888720890516,203.82648223030787,207.20612477085027,2364700
2023-01-13,210.3779296875,212.23943918487106,207.16095050308584,207.16095050308584,2007100
2023-01-17,208.7875213623047,212.87200730097285,208.7061964885904,211.66111054195045,2204500
2023-01-18,203.49217224121094,210.1068579290016,202.6337107619069,208.9772997224036,2213000
2023-01-19,201.8294219970703,205.22712738005177,201.48603196457321,202.48004848572305,1864300
2023-01-20,200.0763702392578,200.3926382338003,193.79602996745925,200.0311851575943,2990400
2023-01-23,194.88941955566406,198.7931786646788,194.37434827210097,197.79916209843432,2723600
2023-01-24,194.43760681152344,195.69367483723636,192.1513823747118,194.22072669761556,1991900
2023-01-25,197.5913543701172,198.26004398038884,192.28693984102864,193.29903333499826,1985100
2023-01-26,199.73292541503906,200.15764024686337,197.44670155277493,198.65758419354975,1126100
2023-01-27,199.51608276367188,200.54623910903155,198.28712310705419,199.44380318553243,1360200
2023-01-30,197.04913330078125,201.1336189211433,196.85937527690254,198.7931780363065,1422200
2023-01-31,201.86558532714844,201.89269361829133,197.0401164640017,197.0401164640017,1548500
2023-02-01,205.25425720214844,206.90793188525586,199.7691303378332,200.5101132679806,2601500
2023-02-02,205.4801788330078,212.7997210607502,203.80842727835324,208.02846860320972,2195800
2023-02-03,200.66372680664062,203.66383961411415,197.03106424715475,202.7873014618433,2485700
2023-02-06,199.31729125976562,200.18478407431422,195.65752061523014,197.79012665144086,1797800
2023-02-07,198.3232879638672,198.99199130236144,195.00690713897865,197.83531115809959,1834400
2023-02-08,197.41964721679688,198.79319372460375,195.97380733610004,197.7901455821512,1936100
2023-02-09,194.4556884765625,199.24501758416392,193.9406033638244,198.2871407318028,1220000
2023-02-10,195.8382568359375,196.27200326469568,191.88932632047477,192.61223243888827,1929800
2023-02-13,196.3262176513672,197.90759889769268,194.63640324620113,196.59731433701873,1352800
2023-02-14,194.41954040527344,196.56119200241358,192.6122473918345,196.0189985829613,1017300
2023-02-15,195.72984313964844,195.7569514323571,192.48574163047385,192.9375648936877,1381500
2023-02-16,191.5730743408203,194.0671339296804,190.0910945059523,193.22674923150183,1719700
2023-02-17,190.00070190429688,191.5459434356585,188.40125757942977,190.6332654644238,1793500
2023-02-21,184.9312286376953,188.55485949488113,183.70226899283188,188.55485949488113,1888300
2023-02-22,180.07867431640625,185.34693509234728,179.45515602212356,185.319826800296,3564500
2023-02-23,182.5004425048828,184.30773539890063,180.7292894017831,181.85884746054424,3234000
2023-02-24,176.8707275390625,180.98232191721598,175.37971631300368,179.63588365345606,2727000
2023-02-27,176.28335571289062,180.60278475332976,174.36762960132123,179.437086869425,2348100
2023-02-28,178.93101501464844,180.3678232403521,175.6146344495825,176.30141452410865,2741400
2023-03-01,176.11166381835938,179.6539564032017,174.277262547433,177.58461200884207,3261000
2023-03-02,178.49729919433594,179.08466392745123,174.6929549984839,174.6929549984839,1884900
2023-03-03,182.9884033203125,183.0606966898305,179.90696566378995,180.06058390330935,2044800
2023-03-06,179.4370880126953,184.48846852271853,179.04851285655067,184.2354486115992,1788900
2023-03-07,173.83445739746094,179.15693425954737,173.53625242424454,179.03042431229346,1907000
2023-03-08,176.9068603515625,178.22617637966312,172.93080790128909,173.61758799292215,1603000
2023-03-09,172.77716064453125,178.71412313935585,172.37052258879407,176.7441671397249,1463600
2023-03-10,172.84043884277344,175.7953524387861,172.0361941539015,172.74103719410166,2357800
2023-03-13,177.4128875732422,181.6238828265715,171.2861664915952,172.50608077737246,2325200
2023-03-14,180.57568359375,180.73833334690642,176.50024280100817,179.8889172106149,2461600
2023-03-15,182.8257293701172,183.62997404024853,178.68702758598172,178.83160051732273,3117500
2023-03-16,185.29270935058594,186.2867121832939,182.00343678826272,182.52755338960358,2622400
2023-03-17,181.94920349121094,187.64216463443387,181.51544330257437,185.6180055749944,3456900
2023-03-20,182.49139404296875,184.0546985083206,180.53951444211248,181.57871611123562,2000700
2023-03-21,179.0937042236328,182.84383172891194,175.8767248505984,182.12091176239207,2578100
2023-03-22,173.60853576660156,178.6418526536701,173.42780925075434,177.15987316204394,1943400
2023-03-23,173.1566925048828,176.48211792278988,172.02713467612526,173.77117913377174,2053200
2023-03-24,180.38589477539062,180.44011135467127,171.12351892790943,172.49706535340312,1897500
2023-03-27,174.539306640625,181.9401732866482,174.18688507598344,180.90098538255276,2389800
2023-03-28,174.28628540039062,175.53332190658048,172.56033117007988,173.491085905162,1480200
2023-03-29,179.36476135253906,179.43705471209256,176.28332412074556,176.53634398490854,1784100
2023-03-30,181.7955780029297,183.20527798380772,180.74735864744855,182.229338207146,1477800
2023-03-31,184.65110778808594,184.78666302541595,181.64196352822287,181.75944197619884,2558000
2023-04-03,181.72329711914062,185.20232749680298,179.93406731383442,183.61191479174732,2876200
2023-04-04,183.8468475341797,184.44325743567845,181.46122171673375,181.86785981737415,3431500
2023-04-05,184.96737670898438,187.74156388025315,183.83781875242315,183.90106682794493,2060200
2023-04-06,186.77468872070312,187.06384841738787,183.91916260248135,185.581868776933,1273300
2023-04-10,188.27474975585938,188.6181260422862,184.13604721992195,185.36500698512847,1728800
2023-04-11,190.10911560058594,192.03387286963857,187.32588330397985,188.2476064033513,2115100
2023-04-12,190.9043426513672,192.91043885861598,190.15431444878766,191.5730459833003,2306200
2023-04-13,191.91485595703125,192.95267589531323,190.09411824838733,191.28669922496888,1686100
2023-04-14,188.34622192382812,191.87845771521313,186.90783738910048,191.6235555334768,1174800
2023-04-17,190.1123504638672,192.9435984684347,188.5192047932517,189.147361594532,1857900
2023-04-18,189.52056884765625,190.13962685089768,187.6907325727099,189.76637231152603,2116100
2023-04-19,189.4659423828125,191.76007555354258,188.24605157508395,188.56468619836934,1186700
2023-04-20,187.16270446777344,189.1837241661525,186.36158942876583,189.1837241661525,1472300
2023-04-21,185.84268188476562,188.07308261383466,184.6501010075272,188.07308261383466,2177300
2023-04-24,185.66062927246094,186.63471673841207,183.66691922777989,185.97925004177372,1356700
2023-04-25,183.65782165527344,186.734859003657,183.52125798948725,185.1508260530998,1339900
2023-04-26,182.3832550048828,187.96381936626747,182.14656415279677,184.39517586654605,1789300
2023-04-27,187.20823669433594,187.49956137374693,182.3832793478124,182.3832793478124,1744600
2023-04-28,186.07029724121094,188.09131729231723,185.09620975036123,187.226469623324,2082300
2023-05-01,181.6185760498047,185.7061369727333,181.49112497313405,185.06886769825462,2135800
2023-05-02,178.55062866210938,183.65779794185107,178.14095160877395,181.77332794810755,2133800
2023-05-03,174.76351928710938,179.7523369822346,174.42668723841655,178.84196807992788,1491300
2023-05-04,176.97569274902344,178.8146416517951,174.1262477932599,174.1262477932599,1984300
2023-05-05,179.1150665283203,179.92529422787328,176.28381892361264,177.46730117572253,1210800
2023-05-08,175.89236450195312,178.8328518789316,175.29151775140002,177.9862016593112,1311400
2023-05-09,176.174560546875,177.46728247674378,173.74387770432693,175.0730082713067,1511500
2023-05-10,178.76002502441406,180.39869170589748,177.3580631303886,177.96800858299957,1628700
2023-05-11,178.1500701904297,178.41407102662356,175.50999237286442,178.11364765991138,1714500
2023-05-12,182.3377685546875,182.4470222612754,178.10455901202894,178.33215122165845,2130700
2023-05-15,177.94070434570312,184.2586525960213,176.88467312914074,182.7747607930321,2134800
2023-05-16,173.91683959960938,178.56882446004295,173.85312101059986,177.73128687836626,1395300
2023-05-17,177.30343627929688,177.40357741073169,173.68927075086768,174.7908231966506,1181100
2023-05-18,173.9077606201172,176.84824812144328,170.75789217242607,176.3748663201943,2387500
2023-05-19,173.6346435546875,175.5919448794802,172.5877249536334,174.26280027177035,1250600
2023-05-22,176.12905883789062,177.54923199161428,173.22498004453539,173.88044671411953,1754000
2023-05-23,171.28587341308594,176.52960626229236,170.8306890416548,175.26419426535878,1755500
2023-05-24,166.95252990722656,171.26768292261264,166.7522476644581,170.92173834126254,2011400
2023-05-25,166.1969451904297,168.09961286933958,165.36850615242992,168.03589426933112,2597900
2023-05-26,165.85098266601562,166.59749175583121,164.01204767666005,165.6871229484223,2692100
2023-05-30,165.68714904785156,171.46799744196124,165.05899224921058,167.75369045571142,2483400
2023-05-31,167.90843200683594,169.00087184269174,162.52814879861654,165.9238207012031,7074800
2023-06-01,170.24807739257812,171.89585671596654,167.6444218685085,167.6808444023425,2618200
2023-06-02,174.01699829101562,174.8545498483987,172.12344332712013,173.2249818450052,2188200
2023-06-05,171.7319793701172,176.34755610901775,171.48617589101343,174.717988087901,1383100
2023-06-06,172.15985107421875,172.7788952147519,169.5744069147108,172.7788952147519,1390400
2023-06-07,173.81671142578125,176.3293382490516,172.0870162312878,172.97007509437546,1823100
2023-06-08,172.98828125,173.98967858365725,170.83981035138717,173.16125354256476,1184500
2023-06-09,170.51206970214844,172.9518512851086,168.25435909101557,172.9518512851086,1825300
2023-06-12,171.65916442871094,171.79572810385042,169.22848103540574,170.6941755786865,1533300
2023-06-13,173.89866638183594,174.10804733355823,170.18435970511817,171.3587294417037,1946300
2023-06-14,175.7194061279297,176.4021827918962,173.2340890694804,175.01841819674195,2510000
2023-06-15,178.30767822265625,178.9317988411791,173.7368532009503,175.8111677384841,2432500
2023-06-16,177.04107666015625,178.46372277959244,175.81118192672534,176.49037041874823,3283300
2023-06-20,174.43441772460938,177.33477757705077,174.34262868932638,175.84787643470068,2139400
2023-06-21,173.7827606201172,174.45278981067827,170.70802380640257,173.3513773349773,2127600
2023-06-22,171.1118621826172,174.0397561887356,170.99255323285098,174.0397561887356,2431400
2023-06-23,170.74473571777344,173.69099036276634,170.01965268952705,170.72637510799552,4173300
2023-06-26,172.67218017578125,173.31466141764727,169.6341507281399,170.39594091168345,2308800
2023-06-27,172.29586791992188,173.85618353761802,171.80022952056933,173.44316087485154,1776300
2023-06-28,175.86627197265625,175.99476824454962,170.65296464503223,172.31425688135533,2600300
2023-06-29,176.89422607421875,177.1604059021963,173.17699382536983,174.21415121465236,2674200
2023-06-30,178.00479125976562,179.2530465021668,175.48074686561208,178.3076782676689,3243100
2023-07-03,179.01438903808594,180.1892297829375,176.82995300892497,177.5091414023867,971000
2023-07-05,182.06161499023438,182.94274209343223,178.81248768258757,178.97769113660206,2178900
2023-07-06,179.9047088623047,181.21721928702533,177.848768847697,179.8955355604684,1605600
2023-07-07,179.48251342773438,180.91433280072323,176.12323628031223,178.87673938376494,1830200
2023-07-10,177.64686584472656,179.55596323771056,177.09615955644634,178.3811362274193,1615700
2023-07-11,178.61058044433594,178.99606921303092,176.83915276374066,177.7294532551463,1484200
2023-07-12,179.3723602294922,182.03408824649884,178.60138273699675,181.05199876995482,1649200
2023-07-13,180.66653442382812,180.76749677612673,176.95848931266974,179.05115079209304,1750000
2023-07-14,178.03233337402344,180.5013100632614,177.70191244154103,179.98732505829787,1712200
2023-07-17,170.95582580566406,177.33478592191634,169.70757049429432,177.07777941203798,4359800
2023-07-18,170.52442932128906,173.4156157843435,167.19270031839557,170.71718068750872,3090300
2023-07-19,173.5716552734375,177.70190986711083,173.1219113980895,173.7735799517537,3380800
2023-07-20,169.4781036376953,169.6708550094465,164.48509664068354,167.79847913619713,4164000
2023-07-21,169.69839477539062,170.7538986905787,166.68789918585426,169.72592868587094,4474200
2023-07-24,175.15032958984375,175.60007346033063,168.90905324807775,170.6437595984691,3420600
2023-07-25,171.44227600097656,175.7561087488127,171.32296705617162,175.30636486519714,2353600
2023-07-26,174.3701934814453,174.60883941343133,171.49738103482008,171.67175782467675,3158600
2023-07-27,177.35313415527344,184.31032046880946,177.31642694211993,178.44535931338714,2969600
2023-07-28,173.4431610107422,180.06073893713838,173.41562710020557,178.91344598130982,1714400
2023-07-31,174.67308044433594,175.93969652862685,173.47071949709417,173.78277986407969,1812500
2023-08-01,175.52664184570312,176.54543850950398,174.07646192754262,175.0768979833808,2243700
2023-08-02,174.9575958251953,176.16914400394216,172.67219704126057,174.54457312972872,2236400
2023-08-03,170.48773193359375,174.663881061912,168.58780809083746,173.7827539163495,2493000
2023-08-04,169.58827209472656,172.36930930611484,168.28494888056454,169.03756583294904,1687500
2023-08-07,168.4409637451172,170.72636231219315,167.26613689813627,169.7993546609937,1559600
2023-08-08,169.44139099121094,169.6983834752749,165.0725047570836,167.22940696298042,2047300
2023-08-09,171.72682189941406,171.81859693641982,168.39507854468718,168.81727452600506,1475800
2023-08-10,171.5799560546875,173.7735795964179,171.17610669888094,171.79105403429884,1618300
2023-08-11,171.7360076904297,172.4610907571826,170.55200739015044,170.56118069300567,1073100
2023-08-14,171.772705078125,171.9929903794283,169.744298864827,170.59787814792412,1342000
2023-08-15,170.3959503173828,171.77270191382289,169.05591993967104,170.11142389492517,1487800
2023-08-16,163.36532592773438,170.8732034957072,162.82379306736024,170.48771478487373,2200300
2023-08-17,161.82337951660156,164.89813033379207,161.46542466369343,163.0532742414612,2370100
2023-08-18,161.9518585205078,163.26436884472542,159.97852038865435,160.33647520343374,1511300
2023-08-21,160.6393585205078,161.42869655617062,158.3723067438381,160.8229225742583,1998500
2023-08-22,161.291015625,161.8876163156536,158.97808330120276,160.7678573630839,1658400
2023-08-23,163.22764587402344,163.8242465622638,162.20884925752907,162.87887836917005,1655700
2023-08-24,162.59434509277344,164.77879526816903,161.79583371153302,163.7416379991719,1055700
2023-08-25,162.94314575195312,163.8793407949207,161.23597314656143,162.53929636067136,1174700
2023-08-28,163.53054809570312,164.33824682327884,162.2731194898518,163.5121874868834,1381900
2023-08-29,166.58694458007812,166.7246141388715,163.17259947158726,163.9986448344305,1572900
2023-08-30,167.30287170410156,169.05593896203564,166.87148836827396,167.50479641470355,1858300
2023-08-31,166.42173767089844,168.4409705200482,165.88020473907014,168.03712114920998,1567100
2023-09-01,165.93527221679688,167.49560187452934,164.55852064000322,167.49560187452934,1654100
2023-09-05,165.59567260742188,167.44970192547345,164.75126668163622,165.72416885688838,1715200
2023-09-06,163.38369750976562,165.3845837967266,161.66735165279428,165.3845837967266,2313300
2023-09-07,167.5506591796875,168.45013289865474,162.76873617423269,163.0257286653662,2404500
2023-09-08,166.02706909179688,168.23905342410163,164.1638663236848,167.86273794747711,1645800
2023-09-11,165.46719360351562,166.16474274402887,162.9615094752475,165.90775021831124,1393100
2023-09-12,164.4667510986328,164.8614131747443,160.9881508222408,164.61360796627315,1341500
2023-09-13,162.41079711914062,164.22810534150906,161.8784514772263,163.81508265529467,1639000
2023-09-14,166.20144653320312,167.24777713675212,163.95275516650162,163.95275516650162,1444600
2023-09-15,165.33868408203125,167.44051864275482,164.51263874490033,166.10048829540546,3514500
2023-09-18,164.77880859375,166.71543973656662,164.01700436168986,165.12759014711384,1499100
2023-09-19,162.78709411621094,165.20100283808262,162.5209283279818,163.80589076260543,1612600
2023-09-20,162.83302307128906,164.94404523610572,162.49341478063846,164.28320327137976,1885600
2023-09-21,155.40771484375,162.236390466846,155.25167068385127,162.236390466846,2499200
2023-09-22,152.55325317382812,155.82074121255553,152.2779000683649,155.15071205475212,3732500
2023-09-25,152.10350036621094,152.2778911229279,149.68041838954954,151.4885530696573,2681100
2023-09-26,149.52438354492188,151.34169146909275,149.28573767268082,149.91904555664445,2702800
2023-09-27,146.5689697265625,150.02002184390895,145.17385759187317,149.5243974566729,3178700
2023-09-28,148.98287963867188,149.88235338765182,145.79799329759712,147.22062534775486,2694000
2023-09-29,150.9378662109375,152.35133904785263,150.2586777094707,152.00255748977509,2529300
2023-10-02,148.42300415039062,150.5248387240139,147.41338072766428,150.1852444841156,2061100
2023-10-03,145.10963439941406,148.66164929443505,144.76085282138675,147.7713487437124,1783300
2023-10-04,144.72410583496094,146.34867646886937,142.84255672225885,145.4492027754516,2217100
2023-10-05,145.6694793701172,146.20181090845497,142.82418760500852,144.07244273998637,1486000
2023-10-06,146.45884704589844,147.27571913022828,141.87884818811443,143.91644174768632,1878700
2023-10-09,148.70753479003906,149.35001607499566,145.71538565503286,145.71538565503286,1952100
2023-10-10,147.0016632080078,149.0320239942922,146.7513410729412,148.2347136888675,2793900
2023-10-11,153.54701232910156,153.7138984621995,147.25198024627454,148.0492905241021,2782300
2023-10-12,152.26760864257812,154.38140522209653,150.71934622710123,153.778778965649,1765100
2023-10-13,154.7893524169922,156.2634449756327,153.40796180780345,154.05693203992598,1969200
2023-10-16,156.8474884033203,157.90440081667575,152.52719339982005,154.26087380031174,2062200
2023-10-17,154.7429656982422,157.5335442525757,153.68606747418187,155.12308181608964,1732500
2023-10-18,150.9140167236328,155.33630760669138,150.83984669193208,154.8356634293331,1728500
2023-10-19,147.80819702148438,150.69149128272542,146.49171092245754,146.9181850246847,2672200
2023-10-20,148.4201202392578,150.39485687520596,148.07709618380716,149.05055850349237,2560800
2023-10-23,147.67843627929688,149.49556691399337,145.7871497502354,146.95529606408317,2187700
2023-10-24,151.33123779296875,151.76697796545477,148.25325873351366,148.25325873351366,2404500
2023-10-25,150.12600708007812,151.39614971397202,148.7909886415505,150.39487527520856,2448200
2023-10-26,162.29884338378906,164.30139165840424,150.70077604966008,151.11797007025004,5013500
2023-10-27,159.4526824951172,163.1981778504374,157.79315778402392,162.70681367589884,2829500
2023-10-30,160.05528259277344,161.28833298475072,157.3295937417172,159.38776637837236,2568600
2023-10-31,165.20068359375,165.6364236570882,161.31611511013148,161.38101918813277,2930700
2023-11-01,165.37686157226562,166.20198379354812,164.0974531731916,165.46956350989424,1781300
2023-11-02,170.72625732421875,172.9420361150191,167.4535801592812,168.10256450980413,2908000
2023-11-03,176.67825317382812,179.1165275862713,172.3115861923482,172.5062842976891,3417100
2023-11-06,173.09034729003906,176.8543879911673,171.76459510514852,176.09416992099963,1943800
2023-11-07,171.93148803710938,173.95258274884446,171.6718999671968,173.85060071091533,1544400
2023-11-08,170.9765625,172.15398884758494,169.82694814793777,172.15398884758494,1447300
2023-11-09,168.58462524414062,171.7646000235037,167.7224251237939,171.14344190372447,1949300
2023-11-10,170.39248657226562,171.08781477073964,166.2483435241298,170.16071050610762,1738700
2023-11-13,170.23486328125,171.77385959962595,167.83366687451687,168.95546914541396,1425200
2023-11-14,180.04364013671875,181.6938845481486,176.97492737329014,178.89403993569323,2910400
2023-11-15,181.60118103027344,184.2619656424863,178.6715282694295,179.0330983531326,3803000
2023-11-16,184.5957489013672,185.2818112175894,180.9244094269061,182.4541401023023,3260600
2023-11-17,183.32559204101562,185.8936605237287,182.68588787106242,185.53209044677527,2593500
2023-11-20,185.08709716796875,185.23543724734466,181.10054595029465,183.0567365392877,1945500
2023-11-21,183.14019775390625,185.02223270892293,182.47269559775307,185.01295261112838,1989300
2023-11-22,184.29905700683594,185.95858162077582,183.40904480360166,185.5877314140208,1393300
2023-11-24,184.7904052734375,184.79967122216746,182.0832487167091,183.5573550609958,614100
2023-11-27,186.54266357421875,188.05383397289611,184.51230288129895,185.86586724558612,2525200
2023-11-28,188.4061279296875,188.68426203562817,185.91221521901716,186.1439912828863,2105200
2023-11-29,191.1503448486328,193.5979136156364,189.1199984520761,190.05636863897635,2933400
2023-11-30,193.56080627441406,193.7276923801471,189.388837535418,190.55698368960162,2943300
2023-12-01,195.12762451171875,195.4706485430724,191.1039956292628,193.2085120037414,2093300
2023-12-04,193.5144805908203,194.54356695101964,192.55029832328157,193.95950084952057,2668500
2023-12-05,195.07203674316406,195.6746489338917,192.2907235924392,193.6906461189009,1738000
2023-12-06,195.39646911621094,197.76058757101987,195.266675098709,196.35138527636528,2037700
2023-12-07,195.35940551757812,196.5924558476225,194.92366539543883,196.17526177119856,1964500
2023-12-08,191.40066528320312,194.96074212806542,189.17562079178614,194.50647010952352,2364300
2023-12-11,190.6126708984375,192.82844985555076,189.23128024535382,190.89079090212036,2468600
2023-12-12,190.1027374267578,190.96493762583913,188.7398929892193,190.844423687794,1712900
2023-12-13,195.65606689453125,196.94474118479093,188.81404742194175,190.03781762697488,2244500
2023-12-14,196.70372009277344,202.55374603547705,195.8415198733082,199.75390119994313,2975000
2023-12-15,196.68515014648438,197.27849626794637,193.1436194627078,194.8124098500969,3722400
2023-12-18,195.3315887451172,198.43737936830547,194.6084485912711,196.58317094377958,1804900
2023-12-19,195.61900329589844,197.68644188156338,195.29451113894484,196.03619739306114,1776900
2023-12-20,195.7209930419922,198.87314206303674,194.0151244928737,196.091829110413,2991200
2023-12-21,198.659912109375,198.71553610501113,196.11964118557393,197.46395376373033,1685500
2023-12-22,199.50357055664062,201.2836090613156,198.08510215218888,199.2903405350958,1106400
2023-12-26,200.4770050048828,201.1723331122363,198.80821471793723,199.5869788030163,1053100
2023-12-27,202.51412963867188,202.87856479236973,199.98176230809557,199.98176230809557,1860500
2023-12-28,202.92527770996094,204.00924373182735,201.4488441819532,202.50477782899407,1125400
2023-12-29,201.72918701171875,202.58887979695075,200.90686597428652,201.82262351051006,1584400
2024-01-02,204.46713256835938,204.73813122592583,200.35555565062037,200.35555565062037,1566300
2024-01-03,200.61720275878906,204.63534321380791,200.54244499932537,203.23366730567932,1533500
2024-01-04,201.33673095703125,203.40185878188694,198.7389451916841,199.63602403436468,2033000
2024-01-05,200.23403930664062,202.0749078156361,199.07531562700126,199.6920563399665,1884000
2024-01-08,201.91607666015625,202.04689916688102,198.58943498179767,199.430434773802,1703200
2024-01-09,197.9727020263672,200.36489324885198,196.48692901439045,200.29948912219476,1578800
2024-01-10,195.2721405029297,198.18762177456176,194.71146444673073,197.73908948475324,2088900
2024-01-11,194.0386505126953,195.0572124461397,192.5809099397602,194.6366982928375,2271600
2024-01-12,195.70196533203125,197.93531576047565,194.7955614465814,195.9262385896606,1763400
2024-01-16,194.41244506835938,197.01955590001097,193.94521978064813,195.27213788671793,2400000
2024-01-17,191.51560974121094,196.59902228121064,189.431789307743,191.9361095763295,2629300
2024-01-18,190.5438232421875,193.2350312457369,189.2636162379612,191.79598361081415,2881000
2024-01-19,190.50643920898438,191.69319546307491,189.48789147731344,191.24466316759694,1986400
2024-01-22,190.6466064453125,193.14158771903521,188.7122869500917,190.72136420082953,2185500
2024-01-23,189.001953125,191.83333700123225,188.1796463802792,191.33807937658324,2108900
2024-01-24,183.8624725341797,190.0672231922907,183.1149235520756,189.78689945329307,3308500
2024-01-25,187.08633422851562,188.4225915518965,185.0211924231476,186.32007800163345,2510500
2024-01-26,184.3577423095703,186.73125468589078,184.16151567933085,186.14254627800477,1831100
2024-01-29,186.05845642089844,186.23600431329905,182.92804125988167,184.1615228753483,2466000
2024-01-30,182.74114990234375,185.9556621219049,182.55426264137523,185.48843684019158,2428100
2024-01-31,182.82525634765625,187.70308967800156,181.98425650114902,183.99331961146336,2454100
2024-02-01,185.38563537597656,185.42300712245228,180.69468984191025,182.53555848002244,2700800
2024-02-02,180.82553100585938,182.73181822028516,176.91953433046777,182.21786753705348,2914000
2024-02-05,177.05035400390625,179.1248354494241,175.50851623753312,178.52678764359996,2489100
2024-02-06,179.1061248779297,179.9471388795764,176.7513056353351,177.0503366382094,1777000
2024-02-07,180.92832946777344,181.15260275584464,178.05957339977886,179.6855083978929,2254800
2024-02-08,180.94699096679688,181.5170063317986,179.06875062896307,180.00320111200963,2001100
2024-02-09,181.694580078125,181.75998420678872,179.0781155012954,180.72274345256136,1903900
2024-02-12,179.19956970214844,182.60096882510163,178.89119933760537,182.20850134075118,1589700
2024-02-13,176.0691680908203,176.3308130999294,171.98562381568317,175.8355554570741,3512500
2024-02-14,176.13458251953125,177.5736300373357,174.5927306162587,176.4709852749195,1818100
2024-02-15,177.04100036621094,178.227742250867,175.4337443440771,177.51756499448032,2411900
2024-02-16,174.86373901367188,175.312271293039,172.89204774866997,174.53667561207214,2127500
2024-02-20,176.05047607421875,176.3401677188976,173.5928808492742,174.8263481479025,2241000
2024-02-21,175.8822784423828,177.22788947582524,174.39650553403322,176.816728964653,1863200
2024-02-22,175.68603515625,176.6204856657407,173.4433596369057,176.6204856657407,2149700
2024-02-23,177.48019409179688,178.73236872158245,175.16276061607505,175.78884080167558,1458600
2024-02-26,175.4150390625,178.8351311207937,174.48058861544155,176.7980217317435,3310700
2024-02-27,174.4432373046875,178.11563570642846,169.28508007728928,176.788717518748,4672100
2024-02-28,181.0591278076172,182.99344723011905,174.27502215855642,174.27502215855642,4059100
2024-02-29,185.8248291015625,187.6376653734345,182.34867206156912,182.40473681082977,4676900
2024-03-01,188.5347442626953,188.8057429162415,183.29247592812536,185.86221502823642,3473500
2024-03-04,192.63694763183594,192.98270398172951,185.9462934871283,188.2263405258694,2851800
2024-03-05,191.95481872558594,195.8701685759857,191.22594848110774,192.44073697476574,2469900
2024-03-06,192.50613403320312,193.64616473450755,191.55300483066924,192.92664814685435,1865400
2024-03-07,191.31004333496094,194.30028202794992,190.44101123015065,194.01995829000003,2085800
2024-03-08,193.72093200683594,195.44967114538179,192.39401400010385,193.05748013276147,2156000
2024-03-11,193.19766235351562,194.66475664573792,191.4315512825137,192.43140601420814,2006300
2024-03-12,190.7960968017578,192.72107681457595,188.3665340498292,192.22581918881968,1746100
2024-03-13,189.0860595703125,191.60907300444015,188.0955300882901,190.9082351472612,1690400
2024-03-14,186.13319396972656,189.27294816260547,183.3485355230952,187.8432400644589,2010400
2024-03-15,184.4044647216797,185.7220433949948,182.33933702898744,182.75983691703297,3346800
2024-03-18,183.0681915283203,184.86233468566886,182.69440279225873,183.712964621767,1833500
2024-03-19,183.7410125732422,183.9746252061193,181.93751563296755,183.31115905497157,1463500
2024-03-20,181.8721160888672,183.82511432682654,181.10585978961964,182.6103257535665,2154800
2024-03-21,181.22732543945312,183.66624172312316,180.9656804499744,183.02146862098542,2658000
2024-03-22,180.1527099609375,181.97489988669886,178.9940004385184,181.97489988669886,2581900
2024-03-25,182.74114990234375,183.3578906962655,180.84421639927436,180.9937319114828,2144800
2024-03-26,181.37686157226562,182.65705429205502,181.18996005115943,182.46081339832716,1823400
2024-03-27,184.44186401367188,184.78760617296777,181.30210942693824,182.82525420929005,2494200
2024-03-28,184.63807678222656,185.36694705486718,183.16164323394378,185.36694705486718,2170500
2024-04-01,180.3582763671875,183.69427132050336,179.59203441203096,183.6662389476673,2195800
2024-04-02,179.58270263671875,181.12455462325323,178.79776758461978,179.25565349430286,2321300
2024-04-03,179.70419311523438,180.58257896310374,177.71380876883188,178.82580726736504,2270400
2024-04-04,177.82594299316406,182.03097047943055,177.62970210336138,181.36750431337606,2265400
2024-04-05,177.70445251464844,179.63877192251218,176.4055668706904,176.8447597529034,2538800
2024-04-08,175.87295532226562,178.0035015692339,174.4058610226106,177.63906640221524,2296800
2024-04-09,180.17140197753906,180.33961048513348,176.4616322827946,176.95688991632724,1962900
2024-04-10,170.03262329101562,175.20013353802585,168.70569100195596,174.91979552965293,4136500
2024-04-11,168.42977905273438,171.86173323458206,168.1374994934015,171.60716113365692,3688600
2024-04-12,168.957763671875,169.41032508972188,167.006082666576,168.56177063292546,3839000
2024-04-15,167.9394989013672,169.97604697336274,165.95953359804003,168.95777293736498,2562800
2024-04-16,162.36727905273438,167.77919798781264,161.942987462539,167.77919798781264,3848700
2024-04-17,162.18814086914062,163.45154924849228,161.30186459546576,163.0744171428155,2732800
2024-04-18,161.22645568847656,164.11155838314008,160.9153151879406,163.8004178826041,2276200
2024-04-19,161.50929260253906,163.1215489092865,160.93415678636964,161.9807149309839,2867400
2024-04-22,162.45216369628906,163.0555837994301,161.2358858344349,161.8204593997719,2603800
2024-04-23,164.22470092773438,166.00669141711532,161.63187771874556,162.6313052950131,2659000
2024-04-24,163.442138671875,165.41268069237685,162.50871721584681,162.80099677844092,3029300
2024-04-25,163.01785278320312,163.31957001114168,161.4904488801047,161.93358706697117,1862300
2024-04-26,161.87701416015625,164.94125953577185,161.5375894815444,162.84814308211014,1701400
2024-04-29,164.98838806152344,165.5258020230698,163.30068810625627,163.3572564825593,2104800
2024-04-30,161.75442504882812,166.8080729231974,160.71730457097925,165.49751944167258,3710600
2024-05-01,166.73265075683594,168.590055938492,161.69786358828674,163.37612597780313,3877100
2024-05-02,169.3726043701172,169.429172744585,165.34665387604304,167.8357630592957,3278100
2024-05-03,171.3526153564453,174.3225706563517,170.81518692668286,173.0120169886889,3130300
2024-05-06,168.4769287109375,172.25773093506294,167.37380209272638,171.8617378710899,2297900
2024-05-07,170.9188690185547,171.07915087516886,168.98603469899132,169.6931681534657,2594800
2024-05-08,170.96603393554688,171.14517673330386,168.3072049330519,169.66490362482222,2014400
2024-05-09,175.71795654296875,177.0190867912936,171.56002248216473,172.20114995215974,2588000
2024-05-10,173.94544982910156,176.03856652625873,172.06918341702413,175.81227858530343,3158100
2024-05-13,174.42626953125,175.58596448419064,172.58772524325428,174.76569419877757,1842700
2024-05-14,176.2742462158203,176.8870894979829,174.80339644262773,175.70853365792564,2008300
2024-05-15,181.04505920410156,183.15702230990175,180.22477446020915,180.22477446020915,2815200
2024-05-16,183.7981414794922,184.99555823349831,180.56417679426335,180.6961744720277,2616900
2024-05-17,183.3927001953125,184.3826899146758,182.14815278925605,184.3826899146758,2157300
2024-05-20,180.79989624023438,183.9395708479796,180.70562040132424,182.9118735678473,1733500
2024-05-21,183.03445434570312,183.22302041674615,179.40449633478156,180.55476807081374,1527300
2024-05-22,180.40391540527344,183.13817387885774,179.34793386329304,182.52531614443237,1681100
2024-05-23,175.934814453125,180.62075343488013,175.84994750220065,178.9330534835434,1768800
2024-05-24,175.3031005859375,177.73564153316357,174.93539174430262,176.45337222113744,1257900
2024-05-28,174.45457458496094,176.98140616467393,174.3037159620918,175.89712599780574,1828300
2024-05-29,174.7279815673828,175.82167045332776,172.57828247891322,172.8705764121125,1977700
2024-05-30,179.8759002685547,180.10218816261337,174.74682309656515,175.74623611865607,2850400
2024-05-31,184.5524139404297,185.9195357831523,180.2436070550663,180.91303307571016,7331900
2024-06-03,185.71214294433594,186.52299005451525,183.84531425314913,184.79758232983122,2333200
2024-06-04,188.95550537109375,190.0586319179554,185.7404015663081,186.68324624430966,3236300
2024-06-05,186.86239624023438,189.40807409166393,186.40039715099886,188.81407731788522,1737100
2024-06-06,188.08810424804688,188.59723408261834,185.51412772363201,186.68326039215754,1865800
2024-06-07,183.1570281982422,185.25014483408225,180.79049289676092,184.67500892267267,2143300
2024-06-10,183.59072875976562,184.86357491229643,181.6861783583993,182.77988170862304,2874700
2024-06-11,182.22360229492188,185.11812809205892,182.10102787810433,183.59072425582818,2781800
2024-06-12,182.74217224121094,187.47524242137484,182.5818759770467,186.63611118821146,3331500
2024-06-13,185.53298950195312,186.21183887562313,182.90245896898384,182.93074316066432,1531300
2024-06-14,187.31072998046875,187.99521434869837,185.31431482211732,185.31431482211732,1933200
2024-06-17,182.7950439453125,185.3618530983157,182.7094870249668,185.2477772045214,1779700
2024-06-18,183.2703857421875,186.31253056422153,183.06123692572663,183.08025441070237,2407800
2024-06-20,184.59181213378906,185.0481302158741,182.07253943404936,182.3767466534093,2236300
2024-06-21,185.23828125,186.68329096820284,183.39397687940644,184.52527788030193,2828400
2024-06-24,186.70228576660156,188.90784955178955,184.16399581963898,185.09564938113238,1792200
2024-06-25,183.17532348632812,187.69101177589604,182.70950387298709,186.66429962489173,1345100
2024-06-26,183.1658172607422,183.7267097839041,180.98878660852654,181.91093882746313,1828500
2024-06-27,185.6851043701172,185.7706612960209,182.69048140866676,183.71720803778481,1599300
2024-06-28,184.7914581298828,188.11880707117186,184.23055114086554,186.50265455195932,2393900
2024-07-01,184.44921875,186.24598662538403,182.1675993090408,184.81046391926515,1691700
2024-07-02,182.78555297851562,185.60904756118487,182.10106856416604,184.76295078595984,1913600
2024-07-03,185.18121337890625,185.45691611564794,182.97566401542008,183.54607246612812,1182600
2024-07-05,185.9893035888672,186.67378797876438,183.92634892984867,185.36185714711303,1018500
2024-07-08,186.4931640625,187.65298406521566,184.91504641866183,185.50447241573946,1508800
2024-07-09,186.29351806640625,186.55018882305535,183.23235591581087,185.90373942781906,1577100
2024-07-10,187.06358337402344,187.74806782517945,184.24008863952795,187.6529948990387,1576900
2024-07-11,196.9790496826172,197.1596795132003,190.13422064076752,191.17044866179816,2256000
2024-07-12,200.22085571289062,201.7229179023637,197.26426779366722,198.747312498033,2238600
2024-07-15,198.5381622314453,200.79126275226002,196.722376828361,199.64094426216477,1585400
2024-07-16,199.7835235595703,200.79124709906924,196.88398834286636,200.05922629880243,1329400
2024-07-17,202.60702514648438,202.66406309290534,199.27017472604638,199.9261401220678,1759700
2024-07-18,200.25888061523438,203.88095003866727,199.33672839932274,200.41099148728173,1736300
2024-07-19,199.77403259277344,201.41868960173207,198.9944898018685,201.41868960173207,1404100
2024-07-22,199.0419921875,201.95104326623974,197.95822777569325,199.61240061733048,1476200
2024-07-23,199.1846160888672,201.72290622534393,198.66174407436674,199.22263655078996,1123600
2024-07-24,199.06103515625,202.31232880793902,198.28149234217034,199.8786129404355,1922800
2024-07-25,199.5648956298828,205.21188485244585,198.80435577222167,200.15430712917686,1926600
2024-07-26,203.1774444580078,203.55770712515317,199.69798447987313,200.41098786033888,1548200
2024-07-29,204.32774353027344,204.9551899714221,200.5916128696066,203.1774395609248,1607800
2024-07-30,212.0471954345703,212.4369740737933,206.875542239884,209.14764562805428,2447700
2024-07-31,209.52792358398438,211.36272651606185,207.2463185401077,210.57366769098098,2924200
2024-08-01,216.68646240234375,217.91283627612142,211.0584910871259,211.80952939874575,3047000
2024-08-02,223.0654754638672,224.3583887930879,217.5040434985515,218.65436195936533,4750500
2024-08-05,215.03233337402344,224.48200796462683,214.86120500504737,220.44165513304517,4329600
2024-08-06,216.90512084960938,219.27228259589555,213.2450313258053,213.92001418697086,2823200
2024-08-07,214.82315063476562,218.43570373292238,213.94853495939543,215.18441029640826,3315700
2024-08-08,212.57957458496094,214.42387892091304,210.5736578956437,212.8172423703962,2942100
2024-08-09,211.60989379882812,214.2812774851208,211.37222600458725,213.74890394699582,2071500
2024-08-12,214.41436767578125,214.52845807945923,208.94800848966725,210.6497179944944,1455700
2024-08-13,211.67642211914062,215.00377083571243,211.07749470820914,214.71856661593128,5449800
2024-08-14,212.17079162597656,214.1101689989681,211.80954643382427,212.2088265974187,2313700
2024-08-15,207.3033447265625,210.5261192838551,206.77097121360765,210.35500544301547,1858400
2024-08-16,209.00506591796875,209.56595843590722,206.29564723707307,207.1512455015185,1986200
2024-08-19,208.8244171142578,210.00323999326972,208.2349911686621,208.5962508282766,1261900
2024-08-20,209.50889587402344,210.07928981461723,207.53149829990167,208.82441154043937,1631000
2024-08-21,208.66281127929688,209.14764833278494,206.31465243070974,207.5980497509159,2262500
2024-08-22,209.2427215576172,209.73706010093184,207.67410548914683,208.20647900107969,1926500
2024-08-23,215.80233764648438,216.44878702540984,209.68001349976836,210.06979212852087,1804000
2024-08-26,214.19570922851562,217.12377803938284,213.9200209844617,216.49633161432055,1142400
2024-08-27,215.0037841796875,215.12736156126064,211.2296186693066,211.2296186693066,921500
2024-08-28,214.13865661621094,216.42026136151733,213.12143161741977,215.27945898886412,1105500
2024-08-29,212.4940185546875,215.0893467208179,210.33599099218102,213.17850294009844,2003200
2024-08-30,213.00738525390625,214.54746794513258,210.50711537353016,212.83627140203276,1796800
2024-09-03,219.00611877441406,220.26101171602258,211.8190468538307,211.85708182508074,2660100
2024-09-04,221.050048828125,224.48197208859727,218.90152285245,220.01380630171025,2261800
2024-09-05,222.11480712890625,223.81650210643605,220.67929891315666,222.82781049212258,1990800
2024-09-06,224.51051330566406,224.77670008026644,221.05957221951664,222.4570600392247,2750000
2024-09-09,226.76358032226562,227.4195457138102,223.4457329025517,223.7879750848319,1984000
2024-09-10,230.8514862060547,231.5454721112383,227.3530086928161,227.54315453519285,2016800
2024-09-11,227.18186950683594,229.26384149629794,225.11891500070902,228.36070687008967,2216500
2024-09-12,225.44215393066406,227.6857384050029,222.40000917887167,227.21040283422002,2003800
2024-09-13,226.73507690429688,227.00126367476642,223.7499699730961,226.04109100315065,1983400
2024-09-16,228.4652862548828,230.03388777115416,227.13433800808335,227.13433800808335,2255500
2024-09-17,227.63821411132812,229.54907249188642,227.3625258482215,228.33220002005132,1526000
2024-09-18,224.3108673095703,228.427275356776,223.74997478160495,227.07732399007185,1828100
2024-09-19,220.85040283203125,222.98941282554966,216.4678084428455,222.45703932591502,3434300
2024-09-20,223.4647674560547,223.73095422859544,219.35787546107537,220.2324912145794,3683000
2024-09-23,224.61509704589844,225.20450857041197,221.6870278975773,224.38693072701003,1762000
2024-09-24,224.80520629882812,225.3280783285872,222.20987814068454,222.68521371208544,1616100
2024-09-25,224.00665283203125,226.5829635839551,223.55983622084017,224.9097875439378,1447200
2024-09-26,220.33706665039062,222.47607683645674,218.90154386384344,221.62046405837557,2312500
2024-09-27,218.95858764648438,221.98171496010536,218.57831048037158,221.61095378945203,3051000
2024-09-30,221.08807373046875,221.29722253771945,217.46601907794818,218.7779498677771,2256400
2024-10-01,220.62225341796875,222.903858299775,219.70010127260028,221.97220466541464,2279900
2024-10-02,220.44163513183594,221.55391865793774,218.19805059456223,219.5955383723521,2229500
2024-10-03,217.96987915039062,220.28001757787132,216.47733299463897,220.1754431715888,1590900
2024-10-04,212.62710571289062,214.85167264733505,210.5831541057332,214.72808076005813,1942500
2024-10-07,212.35140991210938,212.51302226670998,210.45958360948012,211.31518184115168,1658000
2024-10-08,213.21652221679688,214.4904180635212,212.18029415518188,212.50351886146888,1630900
2024-10-09,211.416259765625,213.24525619924432,210.1043689912144,212.5845181967177,1574000
2024-10-10,208.6584014892578,212.12487968835603,207.3273548676922,210.2671567895597,1924300
2024-10-11,209.97032165527344,210.36292162445633,208.3615662417112,209.76922174921575,1613900
2024-10-14,212.2972412109375,212.57494989321992,207.8061514802707,208.47647472074152,1501800
2024-10-15,219.6993865966797,219.9866658912463,213.8964062152879,214.4996912727146,2310100
2024-10-16,217.8704071044922,221.25069128470332,217.19051325387534,218.57901281207455,1518100
2024-10-17,214.6529083251953,217.8704042709643,213.81979691180524,216.6063812225831,2021700
2024-10-18,216.70216369628906,217.42992530392357,214.68165246563257,216.29039326512984,1441900
2024-10-21,212.07701110839844,218.33005944912927,210.9374790742895,215.54347492042083,1295700
2024-10-22,212.0674285888672,213.04415775332424,209.95115284261254,210.28631446147256,1971500
2024-10-23,216.6734161376953,217.1426248527325,212.10571780742526,212.10571780742526,2712800
2024-10-24,216.34783935546875,219.09612671836595,216.22336285740388,216.41487752580818,1618300
2024-10-25,213.3505859375,218.24386066562565,212.47917744622092,216.08928790178302,2054200
2024-10-28,212.79519653320312,216.07014558597143,212.43130843457354,215.77329565777683,1935000
2024-10-29,203.8800506591797,210.6693456085921,202.57773048367946,206.03462351199482,3591100
2024-10-30,204.4258575439453,207.89233562262893,203.42038734263755,204.53119279573244,2437800
2024-10-31,204.48333740234375,207.1167044321111,200.80620294756972,202.31919375806842,1961500
2024-11-01,202.30003356933594,209.63516108178044,201.9744571594279,208.52435550624736,1989000
2024-11-04,203.11398315429688,205.34516485860368,200.76789557030082,204.01411817621658,2333800
2024-11-05,204.7801971435547,204.86637655571013,200.6146835497772,201.98402735946863,1302400
2024-11-06,189.0948944091797,194.5339869732768,186.17424822771125,192.2836640487863,8133500
2024-11-07,189.47792053222656,192.39856666415653,187.7255328530686,191.00049645781127,4924500
2024-11-08,193.2412567138672,194.60102988804303,189.76520768104209,190.75152212858958,3981600
2024-11-11,187.76382446289062,193.58596025379003,187.5435833520706,191.23987298008262,2699000
2024-11-12,185.50392150878906,187.6776500434253,183.60790163621695,186.83496805044607,2953300
2024-11-13,186.88287353515625,189.40131998464548,186.74881180252805,187.87875860444672,2354800
2024-11-14,186.50941467285156,188.4628877199689,185.29327384883968,186.6434764053828,2282800
2024-11-15,188.1181640625,188.386287539819,185.53267932456185,186.72966435246227,2587300
2024-11-18,190.4067840576172,190.66533689481267,185.89655300542827,186.39448821797126,2374200
2024-11-19,192.61880493164062,193.21251938001032,189.82264994893518,190.79939372198098,2514400
2024-11-20,192.36026000976562,193.0018421426393,190.48338131633705,191.51757799088364,2243400
2024-11-21,194.2084197998047,194.87872847698677,190.2823177696621,191.8240350329975,1961700
2024-11-22,195.64480590820312,196.48748804100842,194.1988532590791,194.48613258722943,2016000
2024-11-25,198.7473602294922,199.21656892228114,196.01822902552675,196.75557575772064,3605900
2024-11-26,199.1782989501953,199.97309872344061,196.65983789832367,197.80895515849653,1791400
2024-11-27,200.42315673828125,200.7774595967773,199.0155013117804,199.17828950653893,1669400
2024-11-29,200.13587951660156,200.87322632186715,198.72822407547287,200.42315882100928,1610200
2024-12-02,198.53671264648438,199.66665942084188,196.9854248336774,198.73779793470538,2374800
2024-12-03,198.97718811035156,200.49017878223415,197.7706325874421,199.59004379666573,2551200
2024-12-04,198.6995086669922,199.1208497220269,195.9991035115243,197.77064714429295,2529200
2024-12-05,200.28907775878906,200.43271009131107,196.59278808170234,196.59278808170234,2291100
2024-12-06,198.31646728515625,201.72547799764848,196.3246826259359,200.69128127392068,2677900
2024-12-09,200.17417907714844,201.1413522602108,197.35888277175587,197.92385615670102,2854200
2024-12-10,191.06752014160156,199.2165882355593,190.3684850379672,198.54627960114055,2653300
2024-12-11,191.12498474121094,192.08257273784403,189.6790321264829,191.05796117949592,2356800
2024-12-12,189.4587860107422,192.0825677012738,189.00871849519513,191.0962532595344,1922600
2024-12-13,188.7980499267578,190.1578231070013,187.80215024354965,188.81719116601076,1995500
2024-12-16,185.51351928710938,190.31104452213296,185.3603163118364,188.17561276016426,2218800
2024-12-17,185.06344604492188,188.40543332443514,182.33432909411437,183.0908171622071,2637400
2024-12-18,177.0101318359375,184.71870285818096,176.7132673086784,183.6366384507304,4186100
2024-12-19,171.79127502441406,176.67497948909082,171.44654277265298,175.6599385843589,4709800
2024-12-20,175.93763732910156,178.5997307726381,174.1182259925722,174.35762299009625,5750200
2024-12-23,176.56005859375,176.78029971564615,173.36170395877548,174.8938504166662,2594100
2024-12-24,176.87608337402344,176.91438046435587,174.79810458556898,174.87471337786698,788400
2024-12-26,176.17703247070312,176.57921766891073,174.84598576295664,176.57921766891073,1464600
2024-12-27,175.70361328125,178.08021239010296,175.35581864925769,175.82921029157401,1640900
2024-12-30,175.75193786621094,176.05142485062728,173.7521295959344,175.7036301851747,1887000
2024-12-31,177.19142150878906,177.80972148890075,175.04669022808795,176.74701148803646,2115500
2025-01-02,174.89212036132812,178.42803046083003,174.4477250596147,177.84836775088593,3142800
2025-01-03,176.37022399902344,177.50055288758023,174.00329522855327,175.1046424590522,1817300
2025-01-06,174.14820861816406,177.25903443322025,173.7714323109459,175.4138049366273,2262400
2025-01-07,171.16299438476562,174.82450151349565,170.90214469097592,174.02264115216806,2096000
2025-01-08,173.114501953125,173.2400989743479,168.8540210268682,170.56401267767012,2048300
2025-01-10,167.5787811279297,170.53502833925063,166.66097943561473,167.67538174613946,3539200
2025-01-13,170.9407958984375,171.1919752095855,167.88793315632336,168.73810119626276,2409800
2025-01-14,172.73773193359375,174.18687395528255,170.28384318833045,170.88283191480426,2124300
2025-01-15,174.20619201660156,179.0173391811736,173.9646683573559,177.80972088494528,2230700
2025-01-16,183.6256103515625,184.07000561878183,174.29313284274969,174.86312512704285,3544800
2025-01-17,183.9347686767578,185.24865805365366,183.00731128188744,184.29221899720312,2882500
2025-01-21,183.4903564453125,187.20017123918595,182.91070847917618,184.82357182786552,2460800
2025-01-22,179.00767517089844,182.5629112270659,177.42328049951803,182.07020825158656,2753700
2025-01-23,180.0703887939453,180.29258644518478,177.14312306069874,179.4907260830027,1684000
2025-01-24,178.8048095703125,180.61140194938187,178.62124921793824,179.6936149289458,1218200
2025-01-27,185.52880859375,186.31135763670267,181.59681106571367,183.5579820099792,2862400
2025-01-28,180.59207153320312,184.8235709506593,179.8578448830079,183.7705312869565,1997200
2025-01-29,177.40396118164062,181.42290362892575,176.9112434870518,180.50511668100194,1735100
2025-01-30,179.51971435546875,180.95918594477254,177.80972270292438,179.9158019571913,1457000
2025-01-31,178.67921447753906,181.26835597764193,178.08989611210572,178.99802750225894,1570200
2025-02-03,179.0849609375,180.17665261160147,175.97413497851042,178.5536206720075,1832100
2025-02-04,177.8870086669922,178.56327195867067,175.96447504931734,177.53921401106695,1450200
2025-02-05,181.10411071777344,181.83833734948908,178.5536214153404,180.47614034645105,1869700
2025-02-06,183.3164825439453,183.4324091990455,180.38921657117507,181.9253037169978,1407000
2025-02-07,182.4373016357422,183.3454329228998,180.36020413195865,183.3454329228998,1588200
2025-02-10,183.44204711914062,183.64491872966556,180.88188758771528,183.14256015217182,1957900
2025-02-11,186.86203002929688,186.9393193721697,182.5918933402588,182.7657833056465,1825700
2025-02-12,183.09425354003906,184.0506777638072,180.7273247077197,182.9783121633446,1766400
2025-02-13,183.54833984375,184.2825665187691,182.72715344106334,183.47105049773185,1855000
2025-02-14,182.95901489257812,186.98762793209195,182.69816520183696,184.18594452017837,1776000
2025-02-18,183.1232452392578,184.18594051742562,181.79968553458303,182.16680622161562,2301200
2025-02-19,182.16680908203125,184.36950375594466,181.96393745601637,182.97832506896043,2470000
2025-02-20,185.8572998046875,186.4272921296269,180.67903171493333,182.12817373921413,2848500
2025-02-21,185.05545043945312,186.45628486450028,184.0700296768159,185.78967713511145,3304300
2025-02-24,185.4901580810547,187.06489695285563,183.02661397075403,184.23423218742755,2393200
2025-02-25,196.84178161621094,199.2763442207345,188.40777959161855,190.81334579501163,5179700
2025-02-26,193.92417907714844,198.43583941930157,192.8228317424626,197.65330509484517,2512100
2025-02-27,197.05433654785156,197.24755253898556,192.57165774294108,193.26724710417162,2553100
2025-02-28,198.64837646484375,199.34396578952916,195.74043688625227,198.04940250136693,3466800
2025-03-03,202.5030975341797,203.16003481172032,198.03974502667032,198.04940066612792,2229700
2025-03-04,200.09751892089844,207.85525777062193,199.9236289600215,204.57054186162534,4031300
2025-03-05,201.6143035888672,202.46447163490407,195.83706145954812,197.46974910587244,1969800
2025-03-06,199.9139404296875,201.93308926564492,197.35379573963834,201.3051189561418,2416200
2025-03-07,205.09222412109375,205.76850216053225,199.87531897485079,200.94768461219826,3599400
2025-03-10,205.84579467773438,209.95169695073312,205.11155330733885,206.25155266279975,4156600
2025-03-11,202.66732788085938,207.3239110177165,202.1263172531522,205.88442472929748,2698100
2025-03-12,199.68209838867188,201.74954027569115,198.2329564657677,200.9573356152819,2519800
2025-03-13,200.72549438476562,201.91378670523775,198.0590636521303,199.92363403701188,2691100
2025-03-14,203.77835083007812,204.0681821923973,198.9961849468356,200.72550273909764,3789000
2025-03-17,205.4786834716797,208.99526757924124,204.18412011559298,205.0052917632143,3097600
2025-03-18,207.5847625732422,208.9566152723321,204.20343113787777,205.47868321224695,3996500
2025-03-19,206.51239013671875,208.3093268019991,204.4642741656334,206.99543746887545,2244200
2025-03-20,207.00509643554688,207.83593839070025,205.44968352211208,207.61372601632823,1839300
2025-03-21,208.89865112304688,212.16405589925813,205.4303747167198,206.6090114202717,6326100
2025-03-24,205.58494567871094,209.65219592395442,205.20816935264997,206.6573113361821,2879900
2025-03-25,202.39683532714844,205.3724087085675,201.14090929568584,204.83139804675218,2646600
2025-03-26,202.8992156982422,204.37733942942674,200.60956120486117,202.39684232001304,1607400
2025-03-27,206.78289794921875,207.7586630064235,202.55141329283347,203.91361032383514,2458400
2025-03-28,208.25135803222656,208.5025520728942,206.1259527746316,208.32864737232165,1907500
2025-03-31,210.2222137451172,211.93219075946354,208.4059509821076,209.2078113563845,3281300
2025-04-01,211.9998016357422,213.2170755262794,210.22219110756393,212.61810159082304,2124800
2025-04-02,210.51202392578125,213.00454995790938,208.9566109083405,212.42490199738518,2794100
2025-04-03,220.45314025878906,223.1968455233184,212.54082272682896,217.3712959706205,5852900
2025-04-04,212.70506286621094,225.87293800622317,212.56981020134262,225.24496762249288,9877200
2025-04-07,206.15493774414062,214.38606832848328,204.46427209868327,209.98067906237821,5082200
2025-04-08,197.72093200683594,209.34304931418575,195.16077237314235,207.79729199793925,5455000
2025-04-09,200.44532775878906,204.75411668291014,190.80370661057557,195.2574038456748,5646900
2025-04-10,201.2568359375,205.9423859443045,196.60025284820463,200.70615493471504,3565200
2025-04-11,207.68553161621094,208.20177342093862,199.82499436979077,201.15944391310498,2555400
2025-04-14,212.1368865966797,213.14989996531418,205.67898953820094,207.47122566705096,2080600
2025-04-15,212.35118103027344,215.08825527235703,210.4128443156464,213.5882202209795,3854900
2025-04-16,212.34146118164062,214.8155248778287,210.89013116518592,214.58176397399149,3376800
2025-04-17,216.8804931640625,218.53636386579691,212.59469356006076,213.25705075838763,2599000
2025-04-21,212.33172607421875,217.74740499910266,209.54596135626562,215.58502746251625,2781000
2025-04-22,215.23435974121094,216.4519139258977,212.17586422378656,214.0752457793536,2747400
2025-04-23,207.0816192626953,214.21160875649238,203.9354485849793,214.06550820112184,7046000
2025-04-24,205.43548583984375,209.69205050927218,205.28937042019112,208.76671230236016,2885500
2025-04-25,205.3478240966797,206.29263246288497,203.03933127396158,205.9906814054855,2464500
2025-04-28,205.81536865234375,208.05567139329116,203.92572212182915,204.98742583632324,3390200
2025-04-29,215.58502197265625,216.01360343569257,204.89976495986963,206.14653929085404,3174900
2025-04-30,219.5591278076172,220.22147018987408,214.86423145457795,215.6142490390818,3491100
2025-05-01,218.21493530273438,219.97795142690865,217.2798619893277,219.0331281676458,2253000
2025-05-02,217.7960968017578,220.11430984465468,215.44864878495244,219.6759933141333,2732600
2025-05-05,218.05908203125,220.15328417081002,216.67594224494596,219.25716606402383,1832900
2025-05-06,218.0006561279297,219.76367234555906,216.58829613709622,218.48767783943939,1637100
2025-05-07,213.79278564453125,219.12080409268572,213.57849491309844,216.80257610503406,3571500
2025-05-08,212.22457885742188,214.19213580673306,211.9031427547587,213.2570624741881,3007500
2025-05-09,214.2603302001953,214.86423235864382,210.95832363305541,211.43561025478846,2499800
2025-05-12,202.52310180664062,211.79599912989207,201.54905840730353,211.79599912989207,4450800
2025-05-13,198.66587829589844,203.08802834471845,196.4840159501525,203.08802834471845,4525300
2025-05-14,199.19186401367188,199.86395629962638,195.79244738970462,197.63338871688688,4060300
2025-05-15,206.18548583984375,206.27316103558627,199.6788835017942,200.88670258672633,3115600
2025-05-16,207.8413848876953,207.91931014301196,205.9127682597348,207.43228844432505,2812700
2025-05-19,209.54595947265625,209.9063507712735,206.4484937605015,208.09462946941161,1733400
2025-05-20,209.80894470214844,210.25701121063108,207.88034291068612,207.96800325058828,1755900
2025-05-21,208.18228149414062,210.93882596426081,207.91930049021914,210.04270786380653,2231500
2025-05-22,204.81210327148438,210.06219643358594,203.64325420174077,208.86411238908062,1969800
2025-05-23,206.36082458496094,207.9874751948264,205.09456525827895,207.58811385454513,1573200
2025-05-27,208.15306091308594,209.4095851576537,205.54263186931001,205.54263186931001,1867000
2025-05-28,206.9452667236328,207.56865390337686,205.26016094519494,207.47124361856075,1787600
2025-05-29,208.16281127929688,208.5426875920384,205.1822261377226,206.16601943530804,1790600
2025-05-30,209.07839965820312,209.77971206098456,206.80889172619112,207.5881145179731,5861500
2025-06-02,208.55242919921875,208.87386529893598,205.42574340213116,207.8413816916323,2142600
2025-06-03,207.8511199951172,208.81542830920893,206.2342043882363,207.61734422914026,2035500
2025-06-04,208.7959442138672,210.8511763862677,206.68227181539166,207.71475544331102,1579000
2025-06-05,210.60765075683594,211.55247397934173,208.51346353491508,209.545947090382,2526800
2025-06-06,207.02317810058594,210.5200052090823,206.58486154227475,209.7310324315776,2516300
2025-06-09,207.3056640625,208.37710291307016,204.9192606422265,206.60435160702133,1777800
2025-06-10,209.03944396972656,209.80893167674563,207.20823771537766,208.3868367086542,1625000
2025-06-11,208.7959442138672,210.1109087514462,207.4128043667749,209.03945506432828,1577900
2025-06-12,212.0492401123047,212.11743028277314,208.9810094211177,210.17907861276794,1738000
2025-06-13,210.87120056152344,213.3843744486074,210.15455683115135,211.55839420569515,2455600
2025-06-16,211.0478973388672,213.3451088796736,209.1041167855981,209.1041167855981,2424500
2025-06-17,211.20497131347656,211.81362638139314,208.88813640307788,211.1853329300832,1659500
2025-06-18,211.5387420654297,212.69716697287146,209.68331185697454,211.66636908379706,1665700
2025-06-20,213.50216674804688,214.84711887920633,210.38033789086413,211.20497023279572,4018600
2025-06-23,217.57626342773438,218.53833446448698,213.5708871987866,214.65075857237102,2618000
2025-06-24,219.8145751953125,220.91408502907996,214.99437801098884,216.8301699612323,2219000
2025-06-25,216.1920623779297,218.75432471392006,215.49504205769415,217.68426497835225,1727300
2025-06-26,213.54144287109375,217.52718082478222,211.8725398089672,216.75162197387397,2040100
2025-06-27,213.79669189453125,215.85828781888867,211.9216231703402,212.34376604119538,2086300
2025-06-30,216.97743225097656,217.0854208923608,211.32277609078037,213.4138220649944,2071800
2025-07-01,220.36431884765625,221.1398627129664,216.58473151773782,216.85960896212856,2567600
2025-07-02,218.7543182373047,220.8453641564043,218.4696141085695,218.7445065355094,1937900
2025-07-03,217.69407653808594,219.07829049586823,213.91448905952527,218.41072026202445,1369100
2025-07-07,215.99571228027344,218.9015637949902,214.06174351108893,218.23400857501642,1894900
2025-07-08,216.6632843017578,217.11487726417502,213.64944391719123,214.03231002414785,2022600
2025-07-09,217.77261352539062,217.93950233772514,213.39418269816932,215.69139424251563,1712900
2025-07-10,216.96759033203125,219.58875264733587,216.17240811027213,216.4571122265172,1459200
2025-07-11,215.22999572753906,217.36030354056925,213.53162751066907,216.05462811070595,1358500
2025-07-14,217.7235107421875,218.23400382733627,214.86673277720257,214.94527132720214,1475900
2025-07-15,214.91583251953125,217.25230582059285,213.99302323323977,217.20321735180548,1754200
2025-07-16,219.27462768554688,219.353166240663,215.09255073857165,215.64230564468696,2426500
2025-07-17,218.96047973632812,220.17780490594723,217.77261963295697,218.73469074621346,1522400
2025-07-18,220.65884399414062,221.64055347405264,219.08810283440224,219.33353020438025,1253800
2025-07-21,222.35719299316406,223.58432981983717,221.2380448064261,221.86633826249482,1458800
2025-07-22,228.10018920898438,228.29652809659748,223.7904854641951,225.39066162895398,2274400
2025-07-23,225.96987915039062,228.21800223065432,225.39067415684409,226.71598793636707,1839700
2025-07-24,227.010498046875,230.0439766447135,224.30097038459817,226.5000049398276,2034700
2025-07-25,225.66555786132812,227.31483760996602,224.07519326560796,226.40183998596868,1031300
2025-07-28,220.1090850830078,224.88019366788248,219.264814346435,223.55487990220158,2176300
2025-07-29,210.7828369140625,214.99436374987695,207.92605889650534,214.99436374987695,3704000
2025-07-30,204.9220428466797,211.14607737293903,203.86179480761788,207.6904557989262,3693300
2025-07-31,204.57843017578125,205.76630519257728,201.94745605946213,203.42983192532574,2774000
2025-08-01,208.2205810546875,213.4138174720235,207.26832168652894,207.54319913510074,3232200
2025-08-04,209.08447265625,210.41959809587723,207.1406921563962,207.49410815452393,2804500
2025-08-05,206.2080841064453,208.89795855772832,203.97959934026193,208.37765371950064,1854800
2025-08-06,205.0791015625,207.71009072219522,204.68642376777422,206.64984270079842,1634100
2025-08-07,206.16880798339844,207.20943264281112,204.19557726882854,205.09874821687686,2025800
2025-08-08,202.73281860351562,207.03271090417783,202.045624965891,206.4829559940781,1727500
2025-08-11,202.31068420410156,204.07776420087453,201.1031857811806,202.16341879954703,2339200
2025-08-12,200.87738037109375,202.9978763518898,199.50299315003923,202.37939461256664,1757100
2025-08-13,200.4159698486328,201.5547563581612,199.23792155381236,201.13262850256004,2717800
2025-08-14,199.73861694335938,200.45526066783478,197.11743945551103,199.4833628921259,2636900
2025-08-15,202.34994506835938,204.40172918343237,199.47354359814804,200.45525303858014,2640400
2025-08-18,199.41465759277344,203.2335069881169,198.95325292462127,202.8211907914125,3227700
2025-08-19,202.87025451660156,203.04697000936648,199.51280995104403,199.8171374877917,1669400
2025-08-20,205.6681365966797,207.278139548893,203.88141814816237,204.6766154119836,2217500
2025-08-21,205.8939208984375,207.14069610723715,204.55879543334513,204.55879543334513,1483300
2025-08-22,208.00460815429688,210.86137133919942,206.40441691809917,207.04252208434974,2343000
2025-08-25,207.2584991455078,208.04386971984454,206.07063907181285,207.14069880225153,1238900
2025-08-26,203.65562438964844,205.27545398573992,200.80867294880534,205.27545398573992,3538700
2025-08-27,199.5520782470703,204.22500969941856,199.49317807854823,203.95013225985085,3083500
2025-08-28,198.85507202148438,200.70069065733708,198.02062794228354,199.5422656689727,2978200
2025-08-29,200.12147521972656,200.13128692142985,197.99115255402944,199.287016204332,2618100
2025-09-02,196.82293701171875,201.46641861000154,195.11475714141218,198.8943445923828,2601200
2025-09-03,192.67030334472656,199.09069193891514,191.62969365923198,197.80465487553226,3630500
2025-09-04,191.52169799804688,194.5650033642601,189.51901725890696,194.29993761153497,3523700
2025-09-05,194.692626953125,195.75285998591602,192.6899312696363,193.4654901302953,4126100
2025-09-08,190.0982208251953,191.89475094958522,185.552901193875,190.82469122436265,5376600
2025-09-09,191.04066467285156,191.21736518332946,188.48821411483422,190.38290616021297,3383900
2025-09-10,190.2160186767578,192.16962588560395,189.78407909934782,190.46144604059637,2539100
2025-09-11,192.9550018310547,193.48511836067425,189.53865702538943,190.76579387883078,2277400
2025-09-12,191.51187133789062,192.95498535267132,191.0308283397315,192.16961483760002,3096400
2025-09-15,188.9790802001953,193.13170722274643,185.10133064137773,192.4739636502628,3883400
2025-09-16,191.1682891845703,191.58060538227755,187.9777332687824,188.48822640962402,3253800
2025-09-17,193.6127471923828,195.48781591705375,190.87376932132983,191.39408913336305,3041900
2025-09-18,189.49937438964844,192.86664560066768,188.7140038318252,191.65913218888926,2368700
2025-09-19,189.7742462158203,191.07992154633476,188.57655952105358,190.00986187009636,5329500
2025-09-22,189.67608642578125,192.94516566044604,188.43912295133785,190.7363194328796,3471300
2025-09-23,190.7265167236328,191.18792137796572,189.19505233039922,189.8822459709915,2774700
2025-09-24,189.4011993408203,191.98310001975727,189.02815993140067,190.19639658810138,2963500
2025-09-25,190.1669464111328,193.79926842337173,189.60736482772614,190.87376344221332,3022700
2025-09-26,190.71669006347656,191.87509996966324,189.8429692933148,190.7755902309509,2608300
2025-09-29,190.9915771484375,191.9241981331964,188.79254258020492,191.00138885028008,3314300
2025-09-30,190.46669006347656,191.93242361587411,189.288155238444,191.0311893247615,3426900
2025-10-01,191.45704650878906,192.6256679863798,190.25870022844626,190.42706018140026,2960500
2025-10-02,189.3277587890625,191.34810847478707,187.0598333789133,189.10987764429328,2822300
2025-10-03,188.37701416015625,190.5558104465932,187.63424166852468,189.15939453550703,2863100
2025-10-06,183.78173828125,187.62433789041205,183.54404563163084,187.62433789041205,2968100
2025-10-07,185.16824340820312,185.1880549072033,182.1773417525051,184.46507875528306,2741700
2025-10-08,183.80152893066406,187.06973098011423,181.9990755071583,184.91074614918216,3329700
2025-10-09,183.53414916992188,184.7126689004044,182.21696405871043,184.5047010528029,2211000
2025-10-10,184.8810272216797,186.17841593420198,182.2367588291266,184.97017141017827,3154400
2025-10-13,181.4345703125,184.2769235222811,180.74131896075318,182.58339547353535,3242800
2025-10-14,184.71266174316406,184.7225750481154,181.36524391835275,182.03868373824832,4174900
2025-10-15,188.19874572753906,188.35720748996727,183.96989000217695,184.12835176460516,3353900
2025-10-16,189.6248779296875,192.2097269607576,188.40673520131418,188.7335569307306,3394700
2025-10-17,189.44659423828125,190.65483870657937,186.34676729968422,190.2289897294595,1981400
2025-10-20,191.2193603515625,191.25896823699935,188.7830598241892,190.1002449132137,1782100
2025-10-21,190.5161895751953,192.5266259326862,189.010848189162,190.29830843294795,1749500
2025-10-22,189.3475799560547,191.565984289901,189.030656415936,190.17948158124705,1535700
2025-10-23,188.46615600585938,190.36765189990302,185.663425800735,189.42680970241864,2279900
2025-10-24,189.6743927001953,190.8727238890766,188.13932648796106,189.46640974788158,1721800
2025-10-27,187.90164184570312,189.2485366612345,186.92119176063903,188.16904419242337,2979100
2025-10-28,180.95919799804688,184.5443085977992,175.77960175206434,184.14816929050738,6047500
2025-10-29,177.35427856445312,182.14763376874333,177.02745683074068,180.90967952517173,4501500
2025-10-30,177.720703125,180.82054529840812,176.75015125696083,178.51299684067808,2954900
2025-10-31,177.25523376464844,178.3248280299275,175.1853779244236,175.4230705761787,2604700
2025-11-03,174.9377899169922,176.30449624119987,173.31359454968216,176.03709389260572,3481700
2025-11-04,178.61204528808594,179.02799610280073,175.73008416640542,176.92841541818572,2663800
2025-11-05,177.70089721679688,180.27584809582146,176.99774766692417,178.85963569058026,2330500
2025-11-06,176.37380981445312,180.35507481296028,176.13613227598728,177.15620534322542,1960500
2025-11-07,176.2351531982422,176.7600445591082,173.689927274462,176.03708355274006,4255800
2025-11-10,177.98809814453125,179.22605230193994,174.30394536314338,174.5416380015941,2911100
2025-11-11,183.0092315673828,183.17760663040707,179.06758977831387,179.73113139044204,2429500
2025-11-12,181.5831298828125,183.59356631440392,180.1768005994742,182.22686002843201,2947600
2025-11-13,179.384521484375,182.4645521599385,179.10722095057955,181.25630764336725,3072000
2025-11-14,181.82080078125,182.62299266355342,177.87915894497442,181.08794158593338,3807200
2025-11-17,178.7308807373047,182.92011361137952,178.22580085277306,181.91985203590656,3253600
2025-11-18,179.80047607421875,180.602668000443,177.2156270276372,178.26540980080702,3436500
2025-11-19,178.76058959960938,180.60266608582586,177.19581365009248,179.79056086281565,2673200
2025-11-20,177.3938751220703,178.91904311532568,176.29457121951435,178.76058135544937,3094500
2025-11-21,177.8296356201172,180.23622634986825,177.28493277085295,178.63182749278587,2609900
2025-11-24,177.8395538330078,178.62193422954738,174.8783619792788,177.84945202626943,6032500
2025-11-25,178.0277099609375,180.2461293002458,177.74051123924247,178.4931819433448,2005100
2025-11-26,179.4934539794922,180.54323668328382,176.77985303607713,178.2852095173088,1941700
2025-11-28,179.52316284179688,180.29564502071074,178.2852086945958,178.67144978405275,1088800
2025-12-01,174.57135009765625,177.3740801620546,173.22445535136842,176.77985611361328,3329600
2025-12-02,174.11578369140625,176.0172795705616,173.51166142419447,175.35373791833652,2467200
2025-12-03,174.48220825195312,175.0665341150628,172.6698566145687,174.33365979372343,2693000
2025-12-04,177.10667419433594,177.3839747147855,173.70972015121163,173.8780952138192,2804200
2025-12-05,177.1363983154297,178.63184160909094,176.38372757171373,177.09679042860094,2998000
2025-12-08,181.4345703125,181.54351089004209,175.19527792328643,176.81947328098445,5804200
2025-12-09,177.8197479248047,182.83098421038636,177.62167827112773,181.43456821758315,3161100
2025-12-10,178.52288818359375,180.870059548499,177.81973868282412,178.07722770804685,2500900
2025-12-11,179.9589385986328,181.4444836865432,178.99828489951108,179.90941740668657,4370000
2025-12-12,178.95864868164062,181.39494909501326,178.58232089648988,180.41448396919043,5329400
2025-12-15,178.52288818359375,180.186706433846,176.19554342829542,179.98863679046352,5020800
2025-12-16,177.40379333496094,179.23595648207942,176.97792923247957,178.53280695976088,3198300
2025-12-17,176.76995849609375,179.02798570873165,176.08660537168444,176.81946457383734,4084700
2025-12-18,172.6104278564453,177.63157747593033,172.51140058491606,176.87890674297472,3950800
2025-12-19,170.74855041503906,173.15512612465955,170.29297662056283,172.53120748424624,6033000
2025-12-22,170.8673858642578,171.69928744315092,169.12435182585153,169.97606490283596,4154500
2025-12-23,172.82830810546875,172.89764079574766,170.47125353566628,171.2833436496372,3358100
2025-12-24,173.1155242919922,173.49185210572142,172.6104292895392,173.03629340706337,1040000
2025-12-26,174.7100067138672,174.99720544361884,172.81840903967978,172.81840903967978,1463200
2025-12-29,175.8300018310547,176.50999450683594,174.8800048828125,175.07000732421875,2177300
2025-12-30,176.72000122070312,176.85000610351562,175.0,175.6699981689453,1718900
2025-12-31,175.57000732421875,176.75999450683594,175.39999389648438,175.9199981689453,1680100
