Date,Close,High,Low,Open,Volume
2019-01-02,48.85395050048828,48.86135527944129,47.8093001128058,47.98711090022939,634200
2019-01-03,48.7724494934082,49.00953241182851,48.357550146795695,48.86876248596867,581300
2019-01-04,49.84672927856445,49.92081662931092,49.1725270385183,49.46147166318129,477100
2019-01-07,50.046775817871094,50.150499248690274,49.35034222308259,49.85414416670561,625300
2019-01-08,50.6320686340332,50.64688949663917,49.86155335361,50.469078712887885,659400
2019-01-09,51.439632415771484,51.76562353990363,50.809881459836426,50.809881459836426,567000
2019-01-10,51.736000061035156,51.8323130745596,51.0469767961963,51.291470198801285,462900
2019-01-11,51.80266571044922,51.958250845708406,51.43222329721231,51.66930621558382,286000
2019-01-14,51.72858810424805,52.0768049426971,51.52855165051333,51.64709030578109,772300
2019-01-15,52.30646896362305,52.38055631767507,51.67671797542665,51.67671797542665,484400
2019-01-16,53.002906799316406,53.12144544485345,52.506515269405014,52.60282827218531,384500
2019-01-17,53.42522048950195,53.61785218189249,52.76583325853493,52.8325101986869,432100
2019-01-18,54.04753875732422,54.173493457243694,53.825276729970014,53.966040984877104,426700
2019-01-22,53.61783981323242,53.72156324232231,53.202940444369915,53.528931594368395,460100
2019-01-23,53.61783981323242,54.08459524413693,53.4177977339141,53.72156324232231,469400
2019-01-24,53.74378204345703,53.81045895974127,53.328888379904726,53.417790934950375,367600
2019-01-25,54.44021987915039,54.46985029819357,53.98086924894363,54.16609045672822,309100
2019-01-28,54.040157318115234,54.15869598673031,53.69194044045738,54.08460861228285,1022700
2019-01-29,54.17350387573242,54.329089020552615,54.03273394125097,54.047549151589706,349600
2019-01-30,54.99586868286133,55.11440728459968,54.395748287650825,54.395748287650825,634300
2019-01-31,54.78704071044922,54.996636338383446,54.55498351290559,54.839439617432774,744700
2019-02-01,54.89931106567383,55.146336891688954,54.72714570406446,54.72714570406446,491300
2019-02-04,55.20622634887695,55.2137135379849,54.787035135662784,54.794516613718784,470500
2019-02-05,55.430824279785156,55.43082427978516,55.041570204652,55.12391219319729,355300
2019-02-06,55.13138198852539,55.60297219233148,55.064008695951365,55.064008695951365,564000
2019-02-07,54.74962615966797,55.04156382666189,54.360377840694134,55.04156382666189,553500
2019-02-08,54.689720153808594,54.876859908740656,54.21064283806669,54.659777107693216,322300
2019-02-11,54.55497741699219,54.869376534815444,54.43521094772058,54.77206021053962,336700
2019-02-12,55.325992584228516,55.45324623012736,54.8618839972987,54.89182703946043,420000
2019-02-13,55.31850814819336,55.67781324990799,55.21371035093895,55.52061655402639,291800
2019-02-14,54.90681457519531,55.0415554557047,54.68225024838187,54.99664373255267,318200
2019-02-15,55.48320770263672,55.6029742000162,55.10144092707398,55.213725944716344,405400
2019-02-19,55.65536117553711,55.76764616909468,55.14634082098786,55.14634082098786,419800
2019-02-20,56.27668762207031,56.51622636630653,55.79012294160651,55.79012294160651,563000
2019-02-21,55.760154724121094,56.426371734382386,55.7227302031596,56.20928895302005,719700
2019-02-22,56.239234924316406,56.33655124819619,55.820043716993894,55.8948984738655,494400
2019-02-25,56.34403991699219,56.55364125845545,56.24672929174512,56.47129930207232,533000
2019-02-26,57.71390914916992,57.77379525164251,56.224278044246006,56.23176523481835,732500
2019-02-27,58.5897102355957,58.6271404699005,57.87109428314859,58.01332232024451,787900
2019-02-28,58.34268569946289,58.68702212705801,58.01331793782777,58.387597408394406,692300
2019-03-01,58.07321548461914,58.5597800345904,57.93847462018176,58.50738112681212,461900
2019-03-04,58.15557098388672,58.38762252793484,57.796260024697226,58.178026848013445,499200
2019-03-05,58.14057922363281,58.215433985367625,57.78875556132172,58.03578141499363,363900
2019-03-06,57.908531188964844,58.335209638357355,57.86361947146644,58.020816193763416,475400
2019-03-07,57.56418228149414,58.07320257722765,57.377042550872275,57.818689573835215,649100
2019-03-08,57.392032623291016,57.45191873007944,57.08512632034394,57.272266120767654,368700
2019-03-11,57.474365234375,57.54173852130561,57.27225679568825,57.34711156145917,906100
2019-03-12,57.15248489379883,57.63156225044502,56.86803449799408,57.526764435619455,1291100
2019-03-13,57.51178741455078,57.6016108364693,57.01025427199987,57.257274393327556,365100
2019-03-14,57.6614990234375,57.76629682685724,57.3695614694751,57.52675817460471,539700
2019-03-15,58.110633850097656,58.252861889435856,57.55670178217565,57.55670178217565,430300
2019-03-18,58.35765838623047,58.41005728727799,58.028290601902114,58.252860584135426,328200
2019-03-19,58.252872467041016,58.86669073783169,58.09567573183215,58.86669073783169,332700
2019-03-20,57.8711051940918,58.16304280134461,57.61659782820084,58.088188029673915,425100
2019-03-21,57.279727935791016,57.59412703296532,57.00276478132397,57.34710121056105,575500
2019-03-22,56.156898498535156,56.87552022608671,56.06707506588053,56.80814694054331,634300
2019-03-25,56.37398910522461,56.39644496649238,55.75268933628776,56.156906261214104,549700
2019-03-26,56.50872039794922,57.10008272558129,56.17187111396809,56.71831601563102,723000
2019-03-27,56.33655548095703,56.403923053887475,55.93233291021745,56.396435864322214,470900
2019-03-28,56.07455825805664,56.44883776357494,55.84998827032485,56.14192582774496,405400
2019-03-29,56.00719451904297,56.62101278422472,55.879940836139525,56.62101278422472,463100
2019-04-01,57.047664642333984,57.070120492243,56.246706966293694,56.546131624198075,598100
2019-04-02,57.279727935791016,57.39201291970673,56.87551113137687,57.10007538815678,574100
2019-04-03,57.31718063354492,57.66900438922464,57.31718063354492,57.48935177117359,474300
2019-04-04,57.32465362548828,57.54921791466323,57.21236862537464,57.317166435866746,399600
2019-04-05,57.197391510009766,57.37704405702828,56.912935456924664,57.204872987474054,331400
2019-04-08,57.46687698364258,57.47436417339723,57.12254049861076,57.23482550072063,339300
2019-04-09,57.23481369018555,57.526751208797776,57.00276225514794,57.115047234087555,410200
2019-04-10,57.31718063354492,57.41449127851971,57.07764190579228,57.2722689067956,266000
2019-04-11,57.384521484375,57.646515927347195,57.07760962900006,57.07760962900006,1399800
2019-04-12,57.97590255737305,58.222928441877166,57.72888238392187,57.72888238392187,439800
2019-04-15,57.92349624633789,58.22292100344788,57.77378672330901,58.08069295883388,381900
2019-04-16,58.24538040161133,58.335209547520826,57.88607524007848,57.92349976758468,358100
2019-04-17,58.963985443115234,59.06878894933083,58.537307073932475,58.537307073932475,486900
2019-04-18,59.01638412475586,59.17358652797828,58.78433268074897,58.806788535194606,334100
2019-04-22,59.113704681396484,59.24844552878466,58.89662188776822,58.95650797795227,314400
2019-04-23,58.896629333496094,59.39816255232473,58.8142873768463,59.03885738790075,497900
2019-04-24,58.46244812011719,58.82175889989282,58.31273862665714,58.784328671002264,466500
2019-04-25,58.477413177490234,58.64957849642896,58.185475714028755,58.32769799683679,485900
2019-04-26,58.8217658996582,58.93405088864065,58.4325120326593,58.4399992215386,318700
2019-04-29,59.24097442626953,59.300860532715284,58.68704221927992,58.709498081433715,433100
2019-04-30,59.6739501953125,59.75707253090963,58.94096547150759,58.95607600289891,487500
2019-05-01,59.409481048583984,59.870430151029566,59.409481048583984,59.575719978081175,1440700
2019-05-02,59.311241149902344,59.62106184983304,59.213008271113374,59.29613061669583,389700
2019-05-03,59.757080078125,59.90820847183725,59.432148842982855,59.432148842982855,278900
2019-05-06,59.77973937988281,59.86286171293439,58.7142653463186,58.7142653463186,331900
2019-05-07,59.213008880615234,59.39436410685341,58.98631052393349,59.15255521680961,420600
2019-05-08,59.092105865478516,59.333914773169255,58.97876244404467,59.12233269958725,293500
2019-05-09,58.68405532836914,58.87296870900616,58.32889725034293,58.5631479974756,443500
2019-05-10,58.676483154296875,58.86539648978065,58.02662081901848,58.646256328798174,305000
2019-05-13,57.6639289855957,58.11732579402153,57.459905033948004,58.049313966685695,426100
2019-05-14,57.98129653930664,58.283553332103686,57.444777472180704,57.80749369478744,288400
2019-05-15,58.245765686035156,58.336440404679955,57.64879880585249,57.73192114139552,283900
2019-05-16,58.3515739440918,58.691615769847814,58.24578289762639,58.472475526403855,357300
2019-05-17,58.034183502197266,58.17020134498281,57.784816496227464,57.951061166874,379900
2019-05-20,58.260894775390625,58.50270371076394,57.83773057978228,57.883067953546096,158700
2019-05-21,58.93341827392578,59.01654062496828,58.155096046145154,58.457358616737956,326900
2019-05-22,58.525352478027344,58.85028366482764,58.419561465132155,58.82761498566122,263900
2019-05-23,57.104732513427734,58.01151437161256,56.63622528643111,57.875496516366994,602500
2019-05-24,58.26845169067383,58.480033783992056,57.346553342490445,57.38433832994569,477500
2019-05-28,57.45989227294922,58.06441160796227,57.45989227294922,58.03419054161345,402700
2019-05-29,56.25838851928711,57.225629631431154,55.88811999915901,57.02915814996061,711700
2019-05-30,55.5556526184082,56.40954491428818,55.45741972148224,56.281085180189685,467400
2019-05-31,54.86800003051758,54.98134920635174,54.38438226112514,54.92089554388304,516100
2019-06-03,55.260929107666016,55.41206324141542,54.68663669495143,54.68663669495143,1315300
2019-06-04,56.311279296875,56.38684923622207,55.42716635221289,55.804992988240485,507800
2019-06-05,56.14506912231445,56.51533780066111,55.96370809337823,56.371761760714904,367500
2019-06-06,56.13749313354492,56.462424333999145,55.88056797344765,56.17527234535054,344700
2019-06-07,56.27352523803711,56.56822968461229,56.22818786631155,56.42465365390866,1405000
2019-06-10,56.57577133178711,56.8478070131466,56.47753270146528,56.6740041969311,236200
2019-06-11,56.59844970703125,57.04428251580492,56.50021105987996,56.86292728555621,461200
2019-06-12,56.14506912231445,56.71180936608541,56.06194675868032,56.61357070078331,373000
2019-06-13,56.190391540527344,56.3793049048338,55.97880949493265,56.19794968934954,225600
2019-06-14,56.190391540527344,56.356636223545564,55.77477983298179,56.12993788030647,266300
2019-06-17,56.0846061706543,56.55310767164174,56.06193748708122,56.27351955400186,209600
2019-06-18,56.779808044433594,56.89315723148389,56.1148349870132,56.1148349870132,351200
2019-06-19,57.02162170410156,57.20297695938508,56.86293513508103,56.900720122305756,287000
2019-06-20,57.52035140991211,57.70170665115678,57.03673358980686,57.535461944524506,306700
2019-06-21,57.0820426940918,57.550549747598794,57.074484547938496,57.49764848970203,393700
2019-06-24,57.16520309448242,57.30122098998665,57.006516510590835,57.05185388736553,377100
2019-06-25,56.779808044433594,57.27854216138324,56.726912525834,57.15763482448182,306200
2019-06-26,56.779808044433594,56.961163284606585,56.575784119886364,56.779808044433594,398600
2019-06-27,56.72689437866211,56.938476385374486,56.49264369482731,56.764679350651015,326300
2019-06-28,57.01405715942383,57.18030186028068,56.847818223745946,57.08962712539801,448000
2019-07-01,57.210540771484375,57.648821299873596,57.11986025227896,57.42968103567898,153300
2019-07-02,57.55812454223633,57.7017005491772,57.23319331322919,57.30120512474065,937500
2019-07-03,57.890625,58.00397419742723,57.60347869634004,57.7697176520297,405000
2019-07-05,58.321346282958984,58.33645681859207,57.73949553562256,57.890623952671625,448000
2019-07-08,58.00395965576172,58.162646186305075,57.86794180598481,58.056855165942835,1479300
2019-07-09,58.10220718383789,58.15510270736198,57.76216535620872,57.807502729178026,2874300
2019-07-10,57.830142974853516,58.517790207662074,57.784805624181075,58.21552775109981,425000
2019-07-11,58.0417366027832,58.132417087487184,57.79237535890875,57.84527086702491,303800
2019-07-12,57.9586181640625,58.23821202015188,57.93594948265657,58.20042704102307,374800
2019-07-15,57.527896881103516,58.15509064795863,57.444774537776766,58.04929962284795,300700
2019-07-16,57.43722915649414,57.920846977440526,57.42967100658521,57.671479917058406,336700
2019-07-17,57.27096939086914,57.724360258145374,57.225632033694815,57.42965590615694,241200
2019-07-18,57.44476318359375,57.459879478580895,57.074494668891376,57.11227964118191,316000
2019-07-19,57.089622497558594,57.49767030181108,57.02161068673084,57.41455372329928,297600
2019-07-22,56.885581970214844,57.15005948365685,56.73445360972725,57.08205345099065,303600
2019-07-23,57.01405715942383,57.12740634320613,56.81759139039207,56.81759139039207,330100
2019-07-24,57.34654235839844,57.40699602067575,56.88559327259641,56.915820103735065,347800
2019-07-25,57.286094665527344,57.58835724323214,57.11229757484302,57.497676740366956,404000
2019-07-26,57.36166000366211,57.46745103254256,57.006501935915416,57.32387502255679,258200
2019-07-29,57.54301834106445,57.777269094083586,57.278540754562364,57.278540754562364,309500
2019-07-30,57.24075698852539,57.42211222810026,56.84026152542377,57.27854197247725,453100
2019-07-31,57.12086486816406,57.43392147213546,56.73909193184345,57.27357753792793,423100
2019-08-01,56.25806427001953,57.021610198860515,56.044272342006956,56.77727573464713,397300
2019-08-02,55.853389739990234,56.15117220689403,55.35708368668607,56.128266759500434,426700
2019-08-05,54.87604904174805,55.418165962440256,54.73097344839618,55.35708088888229,618400
2019-08-06,54.65461349487305,55.08983439758191,53.90633599659495,55.08983439758191,832400
2019-08-07,54.64699172973633,54.860783696228104,53.73837004675208,54.19650234682781,414400
2019-08-08,55.20438766479492,55.5708865458744,54.76916660264138,54.97532149507424,214900
2019-08-09,55.17384338378906,55.41054081309391,54.92950886229533,55.204385927150085,190700
2019-08-12,54.326297760009766,54.82260381316585,54.0972316353551,54.82260381316585,270200
2019-08-13,54.669898986816406,54.99058694715466,53.814731092581056,54.22704085564774,271200
2019-08-14,53.15044021606445,53.9521658867986,52.929011165810316,53.83763281592316,488400
2019-08-15,52.898468017578125,53.211524686015366,52.5854171745348,53.06644907621334,386200
2019-08-16,53.57801818847656,53.692551246643234,52.58541194361647,53.51693311406856,304200
2019-08-19,53.85289001464844,54.24230004477759,53.837621660212655,54.120129907720305,373500
2019-08-20,53.09699249267578,53.68492038220725,52.990096512760964,53.6391094837849,412300
2019-08-21,53.4787483215332,53.593281356162926,53.2115084576586,53.51692211614836,334800
2019-08-22,53.40240478515625,53.97506423884188,53.37186224857917,53.63910216188715,421400
2019-08-23,52.867916107177734,53.86816519029868,52.699935078315,53.3031370340526,370600
2019-08-26,53.326053619384766,53.60856775652896,53.10463039005407,53.257337270708504,417200
2019-08-27,51.08123016357422,52.5014262340482,50.7147255089319,52.302902636725534,1098100
2019-08-28,51.279754638671875,51.61571093366801,51.06595685499111,51.06595685499111,636300
2019-08-29,52.379249572753906,52.53959351882254,51.56989275200941,51.56989275200941,668200
2019-08-30,52.402164459228516,52.974824009239846,52.28763720954159,52.69231569281987,550900
2019-09-03,51.75315475463867,52.142564904489454,51.287391158349095,52.142564904489454,678500
2019-09-04,52.043312072753906,52.264735345616835,51.608085143994764,52.0585804336635,928100
2019-09-05,52.906105041503906,53.58566054119308,52.52433202705408,52.69994435148042,619800
2019-09-06,53.37949752807617,53.585652361235816,53.02063001721216,53.18861104999046,511500
2019-09-09,54.11250686645508,54.120138132136276,53.585658264769826,53.822355659547306,982400
2019-09-10,55.09748458862305,55.1051158546765,53.99033934450878,53.997976435956176,484300
2019-09-11,55.24254608154297,55.47924927773012,54.8225993212758,55.20437228082398,533000
2019-09-12,55.433433532714844,55.677767998091596,54.71570431745429,55.12801399464561,412900
2019-09-13,55.502159118652344,55.87629501752865,55.48688493684069,55.65486598440779,358400
2019-09-16,55.55561447143555,55.75413225816436,55.135661796827875,55.173841431026496,254400
2019-09-17,55.68539810180664,55.86101620741482,54.98293733015878,55.18145505341202,447900
2019-09-18,55.90684127807617,55.97555762462325,55.44871482491393,55.48688863119767,279800
2019-09-19,56.01373291015625,56.44131678987862,55.83048350818858,55.83048350818858,291900
2019-09-20,56.090087890625,56.47949797777568,56.00609736544752,56.00609736544752,443200
2019-09-23,55.79994583129883,56.05954868791883,55.70068111814909,55.83048837185306,506100
2019-09-24,55.37998580932617,56.059541226375316,55.19673641578531,55.76939586781953,363300
2019-09-25,55.89155578613281,56.158801503013954,55.12800991022721,55.19673206826293,365900
2019-09-26,55.76176452636719,56.013736109334786,55.68541108996925,55.838117962765125,502700
2019-09-27,56.22753143310547,56.548219380443214,56.0595503677207,56.22753143310547,347600
2019-09-30,56.31150817871094,56.64747022722485,56.24279184627458,56.30387108886489,299900
2019-10-01,55.92974090576172,56.80018282379262,55.64722680677533,56.80018282379262,379300
2019-10-02,54.88369369506836,55.67015110183862,54.532463174521716,55.5403438325148,901700
2019-10-03,54.66224670410156,54.929492422176644,54.16594654285984,54.58589328124843,838800
2019-10-04,54.97529983520508,55.01347945691426,54.58588983026251,54.79968173089219,400700
2019-10-07,55.089839935302734,55.32653730913632,54.87604800727329,54.92185889888157,724300
2019-10-08,54.50189971923828,54.96003188151114,54.33392452851631,54.92185225952426,460500
2019-10-09,54.814964294433594,54.944765707471895,54.44845967629767,54.68516288139529,294700
2019-10-10,55.250186920166016,55.59378027691246,54.98294699543062,55.021120798739425,226100
2019-10-11,56.07482147216797,56.54058500956257,55.96028840429501,56.13590072635891,359900
2019-10-14,55.9679069519043,56.15879339331544,55.944995685605775,55.98317530404476,83000
2019-10-15,56.006103515625,56.349702745099,55.861033722437284,56.212264218388256,407800
2019-10-16,56.07482147216797,56.418414850393056,55.98319385279083,55.98319385279083,242000
2019-10-17,56.235164642333984,56.49476748880985,56.09772612790743,56.41841405310482,190500
2019-10-18,56.32677459716797,56.487124351460665,56.17406775785136,56.227515734151424,197600
2019-10-21,56.86127471923828,56.92999106687682,56.49477005565074,56.50240714718636,391300
2019-10-22,56.92999267578125,57.22777517475192,56.78492288486873,56.78492288486873,561200
2019-10-23,57.02161407470703,57.07506206034312,56.86890720871637,56.899443921599676,254100
2019-10-24,56.937625885009766,57.26595090320388,56.76964483029736,57.11324403095285,3282000
2019-10-25,57.35757064819336,57.50264040929967,56.76199994722455,56.76199994722455,327100
2019-10-28,57.418663024902344,57.62482372922244,57.37285212411757,57.525559010329694,2266800
2019-10-29,57.33466339111328,57.59427204694832,57.30412667903234,57.35757466326406,239100
2019-10-30,57.319400787353516,57.37284877694899,56.83836888099417,57.26595279775803,2484300
2019-10-31,57.09023666381836,57.57634463648447,56.88962646845269,57.24455899117064,442800
2019-11-01,57.499168395996094,57.5917617728685,57.136524248531465,57.29855824296297,280300
2019-11-04,57.86954116821289,57.923552504498126,57.560902437956926,57.68436028477697,702800
2019-11-05,58.23991012573242,58.50224922590695,57.93898308907006,57.985282726061186,832700
2019-11-06,58.20905303955078,58.28621126192107,58.03930141825914,58.13960651866101,320200
2019-11-07,58.83402633666992,58.864890794606005,58.40964739854051,58.486811486777434,392100
2019-11-08,58.70287322998047,58.75688457478207,58.48682785077407,58.64114429683719,220800
2019-11-11,58.59485626220703,58.664296903677844,58.46368079476942,58.48683356205534,195800
2019-11-12,58.61027145385742,58.710576540783634,58.44051985537135,58.48681949200933,4278400
2019-11-13,58.4482421875,58.53311799363335,58.16275030443378,58.29392575096376,239600
2019-11-14,58.733741760253906,58.78775310879247,58.38652090239557,58.44824983980978,308900
2019-11-15,59.15810012817383,59.31242243301925,58.70286257416633,58.795450070279585,422100
2019-11-18,59.204402923583984,59.2198322114952,58.7568770458326,58.99606927261951,348000
2019-11-19,58.888057708740234,59.32014849331945,58.86491082910855,59.250707854424405,435000
2019-11-20,58.86491012573242,59.073237926723685,58.62571785666923,58.8340456576605,288600
2019-11-21,58.780025482177734,59.01150601455386,58.68743209186839,59.01150601455386,387700
2019-11-22,58.671993255615234,58.965196780355576,58.6565580830116,58.85717411930421,255000
2019-11-25,58.78773498535156,58.872610776431216,58.51767243911978,58.764588112655964,249200
2019-11-26,58.93434524536133,58.96520971054319,58.425096286847584,58.71058228788891,319200
2019-11-27,59.281551361083984,59.320127517897895,58.93433062899868,58.98063025868606,564100
2019-11-29,59.3741455078125,59.48216817787943,59.12723570668895,59.12723570668895,946800
2019-12-02,58.37880325317383,59.41273635895382,58.355650488905496,59.41273635895382,532800
2019-12-03,57.34486389160156,57.79238980919151,56.511540987150255,57.77695463311194,868300
2019-12-04,57.9698371887207,58.21674695695654,57.491452824084966,57.61490476480627,852800
2019-12-05,58.33249282836914,58.41736862127865,57.908119750615384,58.24761703545963,522400
2019-12-06,58.23991012573242,58.471384763510954,58.0701585259516,58.40965583871897,409800
2019-12-09,58.170467376708984,58.37880103966054,57.993004064944714,58.20133184110161,1293000
2019-12-10,58.27849578857422,58.571705285734915,57.66893580217647,58.13189103999387,364600
2019-12-11,58.49453353881836,58.58712692901426,58.2784881818224,58.29392335691895,288500
2019-12-12,58.888057708740234,58.97293352525336,58.394237987279574,58.579418911128464,502700
2019-12-13,59.358707427978516,59.56703515030711,58.88803476949537,59.09636249182396,1024500
2019-12-16,59.68279266357422,59.99914901832149,59.64421649698213,59.73680400623901,308900
2019-12-17,59.798545837402344,59.89113925342944,59.3355905308591,59.351019823465556,531100
2019-12-18,59.83710861206055,59.89111994896807,59.47445854134109,59.89111994896807,359700
2019-12-19,59.798545837402344,60.02230884437074,59.71367001107654,59.73681689338428,266900
2019-12-20,59.898834228515625,59.952845567748774,59.63649511989591,59.798529137595345,351500
2019-12-23,59.412723541259766,59.914260696564185,59.28926570564297,59.79852044737184,254900
2019-12-24,59.273841857910156,59.44359345406101,58.95749142700606,59.44359345406101,175200
2019-12-26,59.31242370605469,59.435875665786696,59.11180764884677,59.30470611894827,135500
2019-12-27,59.551612854003906,59.752228900865624,59.40500814051336,59.62877106070646,242200
2019-12-30,59.49760818481445,59.79852934541557,59.34329175412472,59.79852934541557,303500
2019-12-31,59.798545837402344,59.945150607746214,59.44361323949265,59.54391835842492,363400
2020-01-02,59.90653991699219,59.975986417523394,59.536178203470094,59.798517259982134,367000
2020-01-03,59.75995635986328,59.79853841678581,59.281571820078035,59.536199267457825,277400
2020-01-06,59.81394577026367,59.86024539894905,59.420437190593915,59.582471174009676,409900
2020-01-07,59.52074432373047,59.86024747415794,59.47445058023342,59.644202155447154,1040700
2020-01-08,59.867958068847656,60.168885056405955,59.59790142544233,59.59790142544233,358300
2020-01-09,59.83710861206055,60.068583247323836,59.66735701412427,59.937413698661885,256700
2020-01-10,59.891109466552734,60.08400790557395,59.69821102753152,59.87567429482686,301000
2020-01-13,60.369510650634766,60.384945826661884,59.806250348336185,59.92199062136029,840800
2020-01-14,60.65500259399414,60.74759598985606,60.21519426554101,60.300070073382386,380500
2020-01-15,60.85562515258789,60.99451231776685,60.508404296242794,60.508404296242794,410100
2020-01-16,61.171958923339844,61.17967651007113,60.932766715814424,61.02535420941453,345400
2020-01-17,61.27997589111328,61.341704805634876,61.10251262035531,61.23368214861873,371100
2020-01-21,61.550045013427734,61.665785279924684,61.15653634885038,61.210547688309696,1413600
2020-01-22,61.31083297729492,61.673482948018176,61.210527918351445,61.58860717245347,400400
2020-01-23,61.23369216918945,61.29542109381266,60.86332450824445,61.13338708177243,516600
2020-01-24,61.05622863769531,61.43431392093547,60.886482909450834,61.34943811341583,478900
2020-01-27,60.454376220703125,60.647274680811805,60.17660196720311,60.46981139411636,425500
2020-01-28,60.79388427734375,60.90190695273769,60.330929113256275,60.58555062708809,1365300
2020-01-29,60.46981430053711,60.8247467777813,60.415802964582426,60.68585964435582,1116500
2020-01-30,60.462100982666016,60.53154161088488,60.04543955296928,60.15346223250608,476100
2020-01-31,59.41903305053711,60.02709881417069,59.309893346688405,59.98032635471204,604100
2020-02-03,58.92009353637695,59.85557819793918,58.91229614569178,59.567140166918485,415800
2020-02-04,59.458003997802734,59.78542903433001,59.4190289335103,59.59832731412375,390600
2020-02-05,59.785430908203125,59.988115523278324,59.567151508788264,59.87897582357089,350000
2020-02-06,60.06608963012695,60.13624833076308,59.81662655952832,59.902374099971794,749600
2020-02-07,60.05827331542969,60.07386215032586,59.676284409971146,59.855582775778124,265300
2020-02-10,59.80880355834961,59.9647156803434,59.60611304162471,59.83218978188206,507100
2020-02-11,59.94913864135742,60.19860165422554,59.92575241322406,59.941341249423836,234800
2020-02-12,60.027095794677734,60.13623549303648,59.878975083619096,60.13623549303648,1249900
2020-02-13,59.81662368774414,60.066086746366096,59.66070555881263,59.86339615258937,265000
2020-02-14,59.90236282348633,59.988116295455654,59.691880813531945,59.79322312237404,198300
2020-02-18,59.60612487792969,59.78542920672755,59.52816880145264,59.691878346354656,281300
2020-02-19,59.5749397277832,59.94133982024947,59.559350891955106,59.90235880917837,271600
2020-02-20,59.49699401855469,59.63731735612288,59.29430343147434,59.48140518001078,351800
2020-02-21,59.61391830444336,59.74644422040565,59.317676906801786,59.317676906801786,365400
2020-02-24,58.35880661010742,59.02923953683573,58.319825600173445,58.7485929187789,757300
2020-02-25,56.916603088378906,58.545907136308195,56.77627976793357,58.39779237137579,877500
2020-02-26,55.85637664794922,57.314173568689334,55.71605334538776,56.93998206030333,773100
2020-02-27,53.915252685546875,55.34966364918024,53.89186050768224,55.24052394315022,1103700
2020-02-28,52.91740417480469,53.54886224273068,51.927349248743155,53.01095506018939,1110800
2020-03-02,53.86846923828125,53.938633869975696,52.48862825674212,53.01094050783503,695400
2020-03-03,52.41846466064453,54.40637734802915,52.38728104012729,53.735944376077256,973100
2020-03-04,52.90959548950195,53.283787013784156,52.005288401763714,52.91738693332701,667200
2020-03-05,51.09319305419922,52.0754562750695,50.71120411462033,52.02088642655823,779000
2020-03-06,49.06630325317383,50.15770321741592,48.95716355413299,49.98620222439998,2717700
2020-03-09,41.613590240478516,46.62624278059928,41.270576360090516,45.519248035271985,2036900
2020-03-10,43.0635986328125,43.88994381796908,40.65471879387062,43.79639592365274,2435800
2020-03-11,41.05229568481445,42.49450389970504,40.85740252205445,42.36197797646839,1676500
2020-03-12,34.4337272644043,38.30041040093996,33.72431617417544,38.245840545832664,1561300
2020-03-13,39.86735916137695,39.86735916137695,35.992880747942316,36.91277704317965,1763600
2020-03-16,34.45711898803711,36.78804003752878,34.05953518738294,34.77674372295796,1224200
2020-03-17,33.82565689086914,34.98722145071242,32.57834183733526,34.98722145071242,1340200
2020-03-18,31.790977478027344,32.3834544647707,29.865434705696927,32.04044053334006,1899300
2020-03-19,32.65629577636719,33.27995326232965,31.323227342528643,31.34661356892928,1137100
2020-03-20,33.63856506347656,36.91276820632269,32.773238842586025,33.97378158100774,1931200
2020-03-23,30.177255630493164,34.004957104153796,29.935590019752688,33.155222823092664,1907300
2020-03-24,34.581844329833984,34.613027950545984,31.82995373942533,32.80441958292231,1015500
2020-03-25,37.60658264160156,40.03105087214675,34.99501270916855,35.720015447900195,2204000
2020-03-26,38.83052062988281,40.428644208907805,37.98858061332285,38.46412047743534,1332700
2020-03-27,37.08427047729492,38.284813064073866,35.99286758498067,36.89717470787934,952700
2020-03-30,37.31814193725586,37.435079024334534,35.60308151182599,36.63991456416704,965900
2020-03-31,39.18132781982422,39.73482677076795,36.82702056876214,36.82702056876214,1268500
2020-04-01,36.83480453491211,37.76249483780394,36.63991138922474,37.4506675890042,2292300
2020-04-02,37.372718811035156,38.573261631924495,36.70228870375366,36.842609071261535,795600
2020-04-03,36.92836380004883,37.879443595921565,36.33588976294021,37.47406537102227,705500
2020-04-06,38.97084426879883,39.09557579364722,37.9028274275857,38.95525245646351,822400
2020-04-07,40.155792236328125,42.01117626909215,39.953104623796854,41.364132413773675,1468800
2020-04-08,41.55121994018555,41.7772967131014,39.633472013830875,40.50659251322403,821100
2020-04-09,41.917625427246094,43.1415543572863,41.34853769964676,42.15929404054194,1130800
2020-04-13,41.356327056884766,42.361976454311325,40.73266955322883,42.361976454311325,2306800
2020-04-14,40.77165222167969,42.17488250778487,40.48321115106283,41.79289354445004,896600
2020-04-15,38.36276626586914,39.422985459265114,38.31599381393506,39.18131688688317,2029900
2020-04-16,37.05308532714844,38.643414170653905,36.959537446305035,38.40954298162864,969700
2020-04-17,38.853904724121094,39.274874709245545,38.277019599265294,39.274874709245545,1693800
2020-04-20,38.13669204711914,39.01760996127767,37.26357152469226,38.02755235354498,1022300
2020-04-21,36.554161071777344,37.59878854141893,36.53077484391109,37.09206810337035,1043900
2020-04-22,36.99072265625,37.481854256020036,36.81142130448746,37.41169259891003,660800
2020-04-23,37.08427047729492,37.801478856944364,36.990722592587126,37.43507876224119,781000
2020-04-24,37.372718811035156,37.45847229450357,36.671105078158924,37.15443937954045,1032800
2020-04-27,38.768150329589844,38.89288184365141,37.513037796563786,37.83266248721117,1423900
2020-04-28,39.68804931640625,40.233750846249706,39.32944655850464,39.93751236310599,2204600
2020-04-29,41.90982437133789,42.02676145841551,40.69369294013224,40.82621886324212,903200
2020-04-30,40.252288818359375,41.45431911394863,40.22856243245469,41.40687237554953,1033600
2020-05-01,38.575767517089844,39.46938497482904,38.34643457280533,39.46938497482904,889400
2020-05-04,38.409690856933594,38.67856672339984,37.476533615474544,38.02219514793216,896900
2020-05-05,38.109188079833984,39.45356763278989,37.99847500195028,38.93954219737198,794900
2020-05-06,37.91148376464844,38.488775516556714,37.54771137578103,38.35433907503376,544100
2020-05-07,37.95893478393555,38.8288258327187,37.84822170682189,38.2040873237623,586100
2020-05-08,38.813011169433594,38.844641321498514,38.093370155090184,38.67066492667391,546600
2020-05-11,38.73392868041992,38.94744804694586,37.99056730624838,38.433419607156935,606100
2020-05-12,37.84031677246094,39.31913596896115,37.84031677246094,39.05026002566161,590700
2020-05-13,35.831661224365234,37.94312595532238,35.705131536555506,37.88776940544973,1380900
2020-05-14,35.554874420166016,35.76839382774292,34.210494640999755,35.44416132365332,1505900
2020-05-15,35.04084777832031,35.45997677792427,34.72452206978925,35.285997336561636,788700
2020-05-18,37.71377944946289,38.06964504003315,35.61813189024671,35.626038673723876,1132600
2020-05-19,37.00996398925781,37.76123524138027,36.81226118694692,37.539809068137785,1502900
2020-05-20,37.81658935546875,38.109188639415684,37.53980665669532,37.59516319645001,833000
2020-05-21,36.94670104980469,38.03801835801126,36.875527919555964,37.666339137117156,734900
2020-05-22,36.2982292175293,36.82807118491987,35.8632807168895,36.82807118491987,874400
2020-05-26,40.12575912475586,40.36300186668921,38.13291466244652,38.31480086515225,1485500
2020-05-27,40.85330581665039,41.30406795209042,39.69081240593385,39.817342075237974,1551700
2020-05-28,39.8015251159668,41.232891312416186,39.635452488077874,41.058911900677806,949100
2020-05-29,38.994903564453125,39.59591878310988,38.64694468607325,39.240053119632954,1051100
2020-06-01,40.228553771972656,40.908651698528196,39.18468351804702,39.358662899269454,824400
2020-06-02,41.25661087036133,41.517579963866766,40.6951357510496,40.6951357510496,787900
2020-06-03,43.344356536865234,43.795118612751715,41.79436452178914,41.81809090563387,946300
2020-06-04,43.43134689331055,43.803029099013514,42.498192512037456,43.16247399845068,841700
2020-06-05,44.8073616027832,46.24663771754776,44.4989457234344,45.874955495406766,945600
2020-06-08,46.10429000854492,46.26245284383067,44.965523024556795,46.23081967343249,767400
2020-06-09,45.598167419433594,46.15173578687571,44.56220380345914,45.06041563582753,1249100
2020-06-10,44.74409866333008,45.629806353137376,44.48312952211513,45.629806353137376,946100
2020-06-11,42.04743957519531,43.30482978852691,41.715300244020106,42.15024589914736,1558600
2020-06-12,43.37598419189453,43.87419599010153,42.58517315454583,43.4867002711553,939200
2020-06-15,43.51832962036133,44.277510494962705,41.9762505392288,42.30838972079438,870600
2020-06-16,44.767822265625,45.16322786342532,43.54997230039074,44.7361890937917,908300
2020-06-17,44.34868621826172,44.98924125375995,44.040267367175545,44.84689501993705,587300
2020-06-18,44.404056549072266,44.72828906759157,43.77140508363442,43.91375136168736,501300
2020-06-19,44.0718994140625,45.06832302550301,44.03235946493973,44.93388357843988,711000
2020-06-22,43.921653747558594,44.12726332741251,43.6685944107975,44.08772337167582,376300
2020-06-23,44.3328742980957,44.81526656712029,43.85838579654124,44.3328742980957,683100
2020-06-24,42.925228118896484,43.9532850239613,42.7196185479066,43.9532850239613,788600
2020-06-25,42.71961975097656,43.115025335843015,42.34003075150939,42.64053682398014,687800
2020-06-26,40.74258804321289,42.355843403667436,40.67141492387799,42.22931374892815,984700
2020-06-29,41.29615783691406,41.88926617957351,40.89284247455082,41.02728193424024,516400
2020-06-30,41.95252990722656,42.16604927465725,40.813762964301326,40.94029262462635,611100
2020-07-01,41.57293701171875,42.49818751679623,41.51758047908302,42.18976867063388,248500
2020-07-02,41.83390426635742,42.925221304582486,41.54130201621893,42.28466630751661,532800
2020-07-06,43.06757354736328,43.13874666994892,42.31630236822712,43.028033594083496,727400
2020-07-07,41.77064514160156,42.71170933399922,41.77064514160156,42.71170933399922,594000
2020-07-08,42.15814971923828,42.16605650455585,41.240808770415974,41.746927498496476,623300
2020-07-09,41.2249870300293,41.97625824292499,40.971927697620984,41.92089868579955,1105200
2020-07-10,42.37166213989258,42.442832246137684,41.29615851162535,41.383148219309476,509900
2020-07-13,42.506107330322266,43.035949452746614,42.22141477994859,42.86197301828936,757800
2020-07-14,42.869869232177734,42.869869232177734,41.99997822429035,42.43492372823404,673800
2020-07-15,44.261695861816406,44.39613229359801,43.29690540614223,43.29690540614223,764200
2020-07-16,43.93747329711914,44.60966164010289,43.66068755488048,43.85839036360576,453400
2020-07-17,43.4471549987793,44.17470268319208,43.41552485166056,44.15097931867689,464800
2020-07-20,43.32063293457031,43.66859176405606,43.12293015116434,43.296909565907214,398200
2020-07-21,44.06399154663086,44.61755685413754,43.90582873732695,43.90582873732695,511500
2020-07-22,44.13517379760742,44.14308058219251,43.76349157129686,43.89792802618051,329400
2020-07-23,43.70022964477539,44.17471821888264,43.58951654916205,44.03237194832102,503000
2020-07-24,43.43926239013672,43.755588098175565,43.22574298971632,43.755588098175565,450300
2020-07-27,43.91374588012695,43.92956246645916,42.759162228224305,43.336454054175626,607700
2020-07-28,43.684417724609375,43.87421074805906,43.368091996585605,43.72395768643592,480900
2020-07-29,44.51475524902344,44.54638841540246,43.542058008154186,43.68440424015503,530000
2020-07-30,44.27751541137695,44.293328978889114,43.2415517704413,43.89001663981935,600800
2020-07-31,44.53420639038086,44.8550561828623,44.1812707006874,44.76682455534862,1695400
2020-08-03,43.98874282836914,44.21333790970534,43.75612474562609,44.117083311972465,258900
2020-08-04,43.98874282836914,44.37376427917912,43.82831645889536,43.95665694249869,429100
2020-08-05,44.95130920410156,44.99141504150984,44.27752073205304,44.38981830074792,574100
2020-08-06,44.83098602294922,45.087667039279125,44.76681729880628,44.86307191496023,596800
2020-08-07,45.0956916809082,45.13579751743979,44.285539707525906,44.33366854729132,509900
2020-08-10,46.01813507080078,46.07428385015077,45.07162270478806,45.304240824883166,522800
2020-08-11,46.73202896118164,47.08496763998671,46.41919917578912,46.6277544059701,698700
2020-08-12,47.61437225341797,47.670521031934065,47.18924491325925,47.325605358261505,693700
2020-08-13,47.17319869995117,47.806878165001606,47.11704992532491,47.51811434972888,356800
2020-08-14,47.261436462402344,47.51009753949608,46.79620326059883,46.90048088129996,379600
2020-08-17,47.317588806152344,47.52614098988772,47.1250765089604,47.24539707719026,402800
2020-08-18,47.06090545654297,47.550204620478915,46.91652505624831,47.36571532356325,391300
2020-08-19,46.796199798583984,47.53415691232572,46.75609396585956,47.133092465323756,528400
2020-08-20,46.298885345458984,46.6357780457025,46.25075650547597,46.435245802258734,419400
2020-08-21,45.937923431396484,46.21866732831924,45.83364581544847,46.05824093298667,394100
2020-08-24,46.71599197387695,46.71599197387695,46.154501089935614,46.234712761979026,586200
2020-08-25,49.45124816894531,49.675843282964884,47.14913601072896,47.52613757487233,1245600
2020-08-26,50.97529983520508,51.280109726903326,49.427190544575865,49.65980870034241,1233600
2020-08-27,51.135719299316406,51.56084665315335,50.77476066875719,51.24801685996171,831400
2020-08-28,50.694557189941406,51.63304978101895,50.33359850106543,51.63304978101895,509200
2020-08-31,50.9913330078125,51.16780234178847,50.285458731787486,50.46994800827197,779900
2020-09-01,50.181190490722656,50.7266384462648,50.01274107807048,50.558189033612635,503700
2020-09-02,50.381717681884766,50.53412107245161,50.15711950751174,50.15711950751174,473400
2020-09-03,49.74803924560547,50.75070046131049,49.651784625663964,50.59829705807983,580500
2020-09-04,49.98065185546875,50.56620557350807,49.403118079921434,50.341607405306966,590000
2020-09-08,48.56088638305664,49.12237724865121,48.15982191618609,49.06622540820061,668400
2020-09-09,49.2507209777832,49.619699577072815,48.801527643944176,49.01007983401418,480200
2020-09-10,48.512760162353516,49.52344438691794,48.39244265172961,49.52344438691794,574600
2020-09-11,48.969966888427734,49.058201553684746,48.57692545576498,48.68922300795434,363600
2020-09-14,49.483333587646484,49.63574004574133,49.17050378822099,49.17050378822099,351300
2020-09-15,49.43520736694336,49.900440560422545,49.30686685909954,49.715951271639504,359200
2020-09-16,49.09830856323242,49.61969356505429,49.07424567572272,49.451247232728655,372000
2020-09-17,49.29884338378906,49.34697222122397,48.528800344104816,48.70526968815376,359400
2020-09-18,48.729331970214844,49.22665104466738,48.60099146519874,49.21863110180093,457100
2020-09-21,47.718650817871094,47.81490543154678,46.76411544433398,47.75875665191271,723100
2020-09-22,47.10100173950195,48.256066051687064,47.05287291237318,47.879064555540964,342800
2020-09-23,46.539520263671875,47.74271364258828,46.531497260946864,47.21330867826022,636200
2020-09-24,46.84432601928711,47.197261611394254,45.89781373239927,46.523473255641534,491300
2020-09-25,46.740055084228516,46.780160920439606,46.27481881651818,46.49941700708279,362600
2020-09-28,47.73468780517578,47.88709424911054,47.44592398168221,47.52613564489507,488700
2020-09-29,46.82828903198242,47.598332090831846,46.62775679416461,47.53416030598817,443200
2020-09-30,46.852352142333984,47.38175713027474,46.71599168871671,46.92454387068405,555800
2020-10-01,46.52347946166992,47.14913906837244,46.4272248436878,47.052884450390316,408400
2020-10-02,46.62775421142578,46.80422049021309,45.689261799284914,45.88979402599513,672000
2020-10-05,47.42186737060547,47.61437968404594,46.940591176823425,47.03684580360395,739900
2020-10-06,48.45661544799805,49.04216928320263,47.71063519194357,47.983359189424554,883700
2020-10-07,49.37104034423828,49.49938086445877,48.889764158381276,49.05821051744329,412900
2020-10-08,49.972633361816406,50.2614002756437,49.6277176658426,49.6277176658426,481300
2020-10-09,49.98065185546875,50.40577918475839,49.69990491018709,50.29348163059726,458500
2020-10-12,50.453914642333984,50.485997476392285,50.00472130684591,50.1330618227169,254100
2020-10-13,49.61167526245117,50.18920909642593,49.379060188103935,50.06086858441811,395900
2020-10-14,49.274776458740234,49.932521883743824,49.26675345655209,49.611669113551386,465700
2020-10-15,49.21060562133789,49.411137841571346,48.22398746497476,48.7213095742665,359900
2020-10-16,49.20258331298828,49.579584848060435,49.122371652703386,49.24268914313073,378000
2020-10-19,48.55286407470703,49.43520775037106,48.36837478449305,49.43520775037106,606600
2020-10-20,49.42718505859375,49.61167434996932,48.592973275825756,48.90580307684864,536900
2020-10-21,50.0207633972168,50.09295512740041,49.25874025858518,49.28280314868665,509200
2020-10-22,50.485992431640625,50.8790369434031,49.98867336481947,49.98867336481947,583500
2020-10-23,51.32823181152344,51.6410585461928,50.822889726548816,50.903101395963624,491700
2020-10-26,50.82289123535156,50.959251689380736,50.3736979176077,50.8629970712496,572800
2020-10-27,49.972633361816406,50.78278532115178,49.892421690144,50.68652764328992,627500
2020-10-28,48.18388366699219,49.387077039185854,48.15982077870959,49.154458919524124,2447100
2020-10-29,48.857669830322266,49.01809621787747,47.486030183489,47.9913722333303,723400
2020-10-30,48.33426284790039,48.86254869921882,47.968524581359056,48.797530285387275,709400
2020-11-02,48.85442352294922,48.97633421393462,48.244860766832694,48.85442352294922,606500
2020-11-03,50.38239288330078,50.75625728033806,49.439602651417516,49.56151333720113,596300
2020-11-04,50.748130798339844,51.162635213555916,49.512749892819905,50.08980499830902,718800
2020-11-05,51.138248443603516,51.837214212097685,51.05697465208409,51.203269957136186,407000
2020-11-06,50.68311309814453,51.47148194184326,50.49618088682973,51.29267586997841,316400
2020-11-09,53.02382278442383,53.909723751440005,52.780001438127265,53.28390260761542,1110800
2020-11-10,54.61681365966797,55.03131801838075,53.10509771687286,53.389565261569075,745600
2020-11-11,54.397377014160156,54.933788979732235,54.283592469923875,54.933788979732235,391200
2020-11-12,53.682159423828125,54.08853457101594,53.35705806591934,53.73905169640271,468000
2020-11-13,54.18606185913086,54.2023203378287,53.69028367232398,53.69028367232398,812000
2020-11-16,55.787174224853516,55.87657724450809,54.74685494246431,55.193870040737195,482700
2020-11-17,56.404876708984375,56.53491354328966,54.998815845749654,55.22638495637881,523800
2020-11-18,56.85188674926758,57.34766497842678,56.30734548143479,56.52679155705257,561000
2020-11-19,57.4451904296875,57.4451904296875,56.486144844723796,56.49427408380107,469100
2020-11-20,57.98160171508789,58.21730003922961,56.96566387005936,57.34765749191689,631700
2020-11-23,58.98942565917969,59.07069945921249,58.3879858971913,58.51802893787856,576200
2020-11-24,60.801841735839844,60.81810021261974,59.62335640177175,59.777780927220476,727700
2020-11-25,60.801841735839844,61.11881382433518,59.97283924303482,60.44423585697888,519200
2020-11-27,60.74495315551758,61.40328508763456,60.46862104140836,60.566147104838706,297100
2020-11-30,59.10319519042969,60.62303408703325,58.64805706534523,60.549889545841204,775300
2020-12-01,60.6230354309082,61.07005052851967,59.63148537939263,60.1435157814632,761600
2020-12-02,61.21635055541992,61.305753581865424,60.29794497559821,60.79372314014416,515100
2020-12-03,61.68775177001953,61.88281011452433,61.330139637766585,61.47643494634343,460800
2020-12-04,62.40296936035156,62.63053846067968,61.793406612704274,61.87468040556533,472200
2020-12-07,61.8421745300293,62.3785927666839,61.67962693147582,62.21604516813043,282200
2020-12-08,61.988468170166016,62.126640446067,61.5333299459084,61.573969944842794,351400
2020-12-09,62.36235046386719,62.45987655828412,61.955975201678235,62.31358121586432,387500
2020-12-10,62.240413665771484,62.64678877792597,61.890930821286936,62.18352139810154,334400
2020-12-11,61.874691009521484,61.9884755791857,61.51708501948849,61.533337300528814,283500
2020-12-14,61.2244873046875,62.42735438857429,61.159465786425166,62.42735438857429,621500
2020-12-15,62.53300476074219,62.58989702888354,61.443916226731936,61.443916226731936,421300
2020-12-16,62.126644134521484,62.51676086396257,61.85030576710657,62.48425010304354,329100
2020-12-17,62.33794021606445,62.51674625895005,62.13475265838394,62.321687939798565,269400
2020-12-18,61.3220100402832,62.37858795170416,61.11882245737863,62.37858795170416,483700
2020-12-21,61.20009231567383,61.289495333409015,59.891564002413595,60.31419137651383,467400
2020-12-22,60.850608825683594,61.38702072550909,60.281679973441705,61.38702072550909,394600
2020-12-23,61.5333251953125,61.64710974259232,61.265116104956014,61.322008378595925,487200
2020-12-24,61.68775177001953,61.83404707859637,61.24073660470335,61.83404707859637,151100
2020-12-28,61.69587707519531,62.443605848774425,61.541452536880634,61.931569201012096,197800
2020-12-29,61.630859375,62.24042212608938,61.565837860026825,61.93970226993316,350400
2020-12-30,61.54957962036133,62.191646865957594,61.500810388458454,61.793400976706245,268700
2020-12-31,61.79340744018555,62.31356716241331,61.55770909717718,61.606478334181226,339000
2021-01-04,60.99691390991211,62.183528631336074,60.78559709078945,61.96408257280294,453500
2021-01-05,61.89094924926758,62.11038914682052,60.964414213743645,60.964414213743645,393200
2021-01-06,62.99629211425781,63.0044151545729,61.98035400340058,62.06975705321955,839700
2021-01-07,63.63021469116211,63.687106957835944,62.784953728585144,62.98814128110484,549700
2021-01-08,63.8984375,64.02847433718546,63.35389002945546,63.72776066324783,467400
2021-01-11,63.5489501953125,63.589583991278154,62.915005930953555,63.1506980696159,356500
2021-01-12,63.711483001708984,63.82526752528705,63.41076321751468,63.75212298904035,303300
2021-01-13,63.55708694458008,63.93095763319018,63.37828704233321,63.71151152462363,564200
2021-01-14,63.995975494384766,64.2966954251128,63.370160309760415,63.64649251573118,535900
2021-01-15,64.26415252685547,64.28853403862725,63.158811854064616,63.508294657973366,794200
2021-01-19,64.1259994506836,65.34512489194833,64.10161793398512,64.61364838703096,666900
2021-01-20,63.98781967163086,64.52423152638319,63.89841666237359,64.24789946198166,340200
2021-01-21,63.166961669921875,64.39421650217427,63.166961669921875,64.39421650217427,381800
2021-01-22,62.313568115234375,62.69556177350982,62.069746729657965,62.565524941361026,605500
2021-01-25,62.58177185058594,62.614282606032006,61.93156914324984,62.16726746963936,472700
2021-01-26,62.70368576049805,63.0369101531091,62.289181378710694,63.0369101531091,361800
2021-01-27,61.622703552246094,62.28102905517633,61.44389756360077,62.24851831171443,899300
2021-01-28,62.329830169677734,62.67931308976232,61.517079769554854,61.89907344973956,699800
2021-01-29,61.053863525390625,62.57384769812756,60.84024934615187,62.19590141832765,832500
2021-02-01,61.19353103637695,61.59611828305902,61.0045579304879,61.57968256860514,387200
2021-02-02,61.9576301574707,62.06443723024113,61.44001170327203,61.9247649962209,539400
2021-02-03,61.78508377075195,62.006922032313874,61.62898209718098,61.99870417526647,494100
2021-02-04,62.77103042602539,62.83676075679731,61.77688267956012,61.91655493115844,691700
2021-02-05,62.96821975708008,63.18184021352389,62.67243951535474,63.0668152604518,334800
2021-02-08,63.091453552246094,63.395451609569506,62.89426884207386,63.19826063100836,659300
2021-02-09,63.14896774291992,63.214698070899736,62.70529743163982,62.99285978106514,635100
2021-02-10,62.91891098022461,63.370792831775745,62.729937875053054,63.34614552857693,421100
2021-02-11,62.64777374267578,63.23111619515513,62.55739612498581,62.92711818398084,331900
2021-02-12,63.14896774291992,63.2557748245953,62.35200475423469,62.40129936602501,801100
2021-02-16,63.66657638549805,63.732306709775216,63.058586556906036,63.48582112793019,882900
2021-02-17,64.3156509399414,64.45532318144389,63.27220865501435,63.6172834640401,693300
2021-02-18,64.59500885009766,64.61965615798977,63.830910963494176,64.18420366952351,408300
2021-02-19,65.96709442138672,65.97531227986981,64.86613331506,64.90721633908606,832900
2021-02-22,66.32038116455078,66.64080866435603,65.81919840467307,65.8931403192179,825500
2021-02-23,68.505859375,68.84272258134351,66.59151228479362,66.96123438446898,1396900
2021-02-24,70.8638687133789,71.06105337551983,68.6866007687976,69.20421912595022,1315200
2021-02-25,68.8755874633789,71.29111729033377,68.84272230179187,71.29111729033377,1846400
2021-02-26,66.98590087890625,68.76058250989475,66.98590087890625,68.21009872885878,1064600
2021-03-01,68.89201354980469,69.03990363553875,67.61852150946144,68.02932660667959,1245800
2021-03-02,69.89440155029297,70.28877732900884,69.0892205417603,69.1631687426903,1012600
2021-03-03,69.68898010253906,70.26410476150396,69.6561149408284,70.16551554476062,595700
2021-03-04,69.07275390625,70.25587433708992,68.75232650096201,69.6807435639263,1170300
2021-03-05,70.12442779541016,70.46129097893042,69.53286746129822,69.8368654853247,1138300
2021-03-08,70.60098266601562,71.217190472503,70.28055510811339,70.51882287882863,1587600
2021-03-09,70.39556121826172,71.11036433904756,70.18194081405188,70.55166915999833,729000
2021-03-10,71.75123596191406,72.07988136746422,70.69135781991942,70.84746579794343,1028300
2021-03-11,71.96483612060547,72.40850639136322,71.62797919015645,71.69370951213283,574400
2021-03-12,72.58103942871094,72.60569299926368,72.07164513494082,72.25240037533207,540100
2021-03-15,72.29349517822266,72.75360125096391,71.48010266170411,72.7289476742539,701700
2021-03-16,72.40029907226562,72.6632141072882,71.75943779778352,72.12916617941421,560200
2021-03-17,73.29584503173828,73.41908781515019,72.25240283807925,72.50709999364574,1055500
2021-03-18,73.41909790039062,74.4871938121621,73.27120779365902,73.41088004213076,771000
2021-03-19,73.28763580322266,73.59163386897853,72.2852765088163,73.16439927368968,692900
2021-03-22,72.6056900024414,73.22189760467481,72.45779992716987,73.13973157633339,547500
2021-03-23,71.562255859375,72.6467812043826,71.562255859375,72.40030187547445,1473700
2021-03-24,72.178466796875,72.87683432911595,71.77587948720023,71.96484635426845,872200
2021-03-25,73.08223724365234,73.3780174675559,71.70193162156552,72.17024926468126,1563100
2021-03-26,73.89562225341797,74.01064717817167,73.39443953768189,73.52589390809113,709900
2021-03-29,73.36979675292969,73.96135085878012,73.1479584783957,73.4108735037921,701100
2021-03-30,73.66557312011719,73.79702749180449,73.29584477119572,73.67378470883067,514400
2021-03-31,73.2219009399414,73.78059610881718,72.98363323735148,73.73129523588909,774700
2021-04-01,73.98601531982422,74.01887421799452,73.08223891040167,73.13153979443628,667100
2021-04-05,74.5611343383789,74.69259499452403,74.18319435454534,74.37216121226757,765200
2021-04-06,73.88740539550781,74.60220852476135,73.74773316618798,74.49539518719696,643600
2021-04-07,74.1585464477539,74.24070622298436,73.7395234451728,74.07638667252344,558000
2021-04-08,74.79118347167969,74.8404780830475,73.6162805097642,73.99422048982518,781300
2021-04-09,75.31700897216797,75.57992399744973,74.93085115757538,75.04587608936185,795500
2021-04-12,75.66209411621094,75.7689074734711,74.98016228974521,75.29237196609833,655200
2021-04-13,74.63507080078125,75.57992382549651,74.61864135415856,75.42382214322066,944900
2021-04-14,75.0541000366211,75.3745275537949,74.33930308372064,74.61042972013676,598700
2021-04-15,75.20198059082031,75.45667774689458,74.49539531746423,75.39095369488044,618900
2021-04-16,75.40737915039062,75.6045638327752,75.17732930954394,75.5306219275265,844900
2021-04-19,74.74188232421875,75.76889509383066,74.58577437735342,75.57171039721395,681000
2021-04-20,73.3369369506836,74.69259519598847,73.14796382406254,74.62686486773863,1006100
2021-04-21,74.86511993408203,74.91441453773086,73.10687469554243,73.15616929919126,1639400
2021-04-22,74.84046936035156,74.98835944560737,74.20783227077234,74.64328466947325,597100
2021-04-23,76.37689208984375,76.59051252118604,74.97193924093268,75.0130222629409,1465400
2021-04-26,77.37104034423828,77.49428314275308,76.50013543327485,76.7219674558902,1438400
2021-04-27,77.42034149169922,77.64217351507966,76.93558815410621,77.41212363353279,722800
2021-04-28,78.09406280517578,78.31589483172851,77.5271496829788,77.55179698944141,724300
2021-04-29,78.52951049804688,78.86636744655529,78.25015974886513,78.56237566079702,874200
2021-04-30,78.2169418334961,78.57345349518683,77.87701564007159,78.25010644452578,1030000
2021-05-03,78.20036315917969,78.79731351028455,78.1008693254946,78.42421637809261,674300
2021-05-04,77.87702941894531,78.10917541172425,77.2634998201004,77.93506591714005,799300
2021-05-05,78.56517028808594,78.65637139075834,77.86043967011982,78.14232938710505,1334700
2021-05-06,79.96632385253906,79.99120205130517,78.81388067094822,79.01286830806598,940000
2021-05-07,80.49694061279297,80.55498341465369,79.38595482948786,79.4688631777865,684700
2021-05-10,80.81201171875,81.48357765060035,80.79542625162891,81.04415765442656,582100
2021-05-11,80.25650024414062,80.88660868836052,79.74245841548672,80.19846377360719,1457400
2021-05-12,79.60154724121094,80.85347825251661,79.55179715580225,80.4555155222683,781700
2021-05-13,81.41724395751953,81.58306699210326,79.47716189415493,79.49374103486231,1103600
2021-05-14,82.5614013671875,82.71892534432897,81.89812187495362,81.90641460811959,584100
2021-05-17,83.49827575683594,83.58947684292522,82.27121694936497,82.27121694936497,1204200
2021-05-18,84.0206069946289,84.46003329992318,83.58947974808811,83.8547902826137,834900
2021-05-19,83.46512603759766,83.99574718285035,82.7852672998987,83.34076032297527,1121900
2021-05-20,84.67560577392578,84.8663007127503,83.54803426084055,83.73872919966506,850400
2021-05-21,85.18134307861328,85.74512875598447,84.6009782602174,84.96578261778173,793500
2021-05-24,85.09843444824219,85.51298255304675,84.70875821764555,85.39690958974165,330800
2021-05-25,84.98237609863281,86.20114874842055,84.85801038070491,85.52128999265162,1051400
2021-05-26,85.75343322753906,85.88608535040092,83.89625922895233,84.99895253484581,956800
2021-05-27,86.49134063720703,87.2624005818291,86.14312164944322,86.53279798953771,954100
2021-05-28,87.07169342041016,87.5028270524451,86.06848762446772,86.56595048073926,1279500
2021-06-01,87.95053100585938,88.10805499074205,87.32870882339516,87.56085475943476,1499700
2021-06-02,87.82617950439453,88.57236750909907,87.70181378269322,88.35680067985035,593700
2021-06-03,88.06659698486328,88.22412728274661,87.41161024558748,87.53597593731106,1151000
2021-06-04,87.91737365722656,88.61381152285674,87.47795362407854,88.31533634458584,484000
2021-06-07,88.22415161132812,88.48116947306376,87.88421904857776,88.18269426082077,731100
2021-06-08,87.6935043334961,88.18267439215178,87.66034605116549,87.884199247159,551800
2021-06-09,86.98876953125,87.94223140163798,86.96389765797497,87.88419492216228,614200
2021-06-10,87.01365661621094,88.18268546852136,87.00537020733853,87.65206432755156,605100
2021-06-11,86.5659408569336,87.15459842420884,86.44986156467294,87.00536084901918,419800
2021-06-14,86.50789642333984,86.798085160288,86.25087861970228,86.59909751343747,481400
2021-06-15,86.74832916259766,86.90585945755585,86.2923300687476,86.3089092087687,457400
2021-06-16,87.46135711669922,87.59401554607751,86.56593802040398,86.59080989453689,790800
2021-06-17,85.79488372802734,87.82616703387946,85.65393255651117,87.61889296897608,1134500
2021-06-18,84.37713623046875,85.29743372290183,84.19474033938134,85.04870860296258,1225300
2021-06-21,85.90266418457031,85.98557254564348,84.76680002881027,85.04869604706201,554700
2021-06-22,86.25088500976562,86.34208610662006,85.27255114619301,85.72855663046515,431300
2021-06-23,86.17628479003906,86.73177787893316,86.06021179610609,86.54937565260882,420800
2021-06-24,85.9441146850586,86.64055245322635,85.72025516993183,86.64055245322635,900100
2021-06-25,86.74832916259766,86.87269485201193,86.03530595715763,86.10163516824548,475800
2021-06-28,85.34716033935547,86.44985341966809,85.20620918542686,86.2840367186366,687600
2021-06-29,84.67560577392578,85.73685438809653,84.62586201836416,85.55445218369995,728800
2021-06-30,85.0321044921875,85.07356183250744,84.45173968072056,84.53464803585841,527600
2021-07-01,85.7451171875,85.86119013551894,85.13158784432824,85.35544100822156,195500
2021-07-02,85.52957916259766,86.1431086665005,85.23939039102603,85.72856050768722,322200
2021-07-06,84.25276184082031,85.27254666956124,83.87137833104302,85.2476747945435,476200
2021-07-07,84.2113037109375,84.70876018314506,83.99573692029674,84.06206613672501,525000
2021-07-08,82.66088104248047,83.3904896800086,82.16342463312128,83.3904896800086,785300
2021-07-09,83.96257019042969,84.5926850795714,83.11689484159645,83.72213785658161,913600
2021-07-12,84.54296112060547,84.5678330005839,83.08374968200341,83.3905176279123,629600
2021-07-13,83.9294204711914,84.57611456724707,83.47341498012513,84.29421853854171,585200
2021-07-14,83.73042297363281,84.88286617880401,83.54802079862696,84.5595191687489,407000
2021-07-15,83.11689758300781,83.5977749175687,82.82671516577358,83.34075078330214,675700
2021-07-16,82.20489501953125,83.5729051065663,82.18830955213554,83.5729051065663,706600
2021-07-19,79.56008911132812,80.81202643586934,79.10408989049107,80.81202643586934,1480200
2021-07-20,80.53010559082031,80.72909321826204,79.07090094259024,79.32791872115888,708100
2021-07-21,81.92301177978516,82.01421288817777,81.13537274421637,81.13537274421637,564300
2021-07-22,81.5084457397461,82.00590852223442,80.86175171311369,82.00590852223442,572100
2021-07-23,82.09712219238281,82.65262158402778,81.75719595993186,81.80693971943603,652600
2021-07-26,82.86817932128906,82.88476479090487,81.79035783988331,82.06396115901453,665700
2021-07-27,82.56968688964844,83.35733206891985,82.03906583175076,82.28779722004741,1227700
2021-07-28,83.0091323852539,83.29102212005445,82.14687138535854,82.66090709599564,958800
2021-07-29,84.04548645019531,84.3356688633089,83.44853615721756,83.61435287171041,967100
2021-07-30,83.36152648925781,84.94179969896162,83.06052146082686,84.27290459731742,1416100
2021-08-02,82.04046630859375,84.25618918768915,81.76454393451534,83.09397766197259,1686500
2021-08-03,82.88494110107422,83.20267219360635,81.81470377260692,82.4167138646492,677500
2021-08-04,82.60066223144531,83.23611803839108,82.3163768523705,82.3163768523705,596700
2021-08-05,83.87992858886719,83.95518303834446,82.96855682588352,82.9852764929243,607700
2021-08-06,84.16422271728516,84.63244999254763,83.89665698385724,84.29799920488092,747400
2021-08-09,84.09732055664062,84.25617971670195,83.64581300775171,84.21437736052471,469200
2021-08-10,85.37659454345703,85.44348597281619,84.03879785186307,84.09732625777286,580200
2021-08-11,86.30469512939453,86.41338892121021,85.5689021413561,85.61907390452474,504400
2021-08-12,86.25453186035156,86.39667137139232,85.71940677451205,86.3214169143531,320500
2021-08-13,86.01204681396484,86.62241353910008,85.86154429367768,86.43010866152721,340200
2021-08-16,85.27627563476562,85.64417219579357,84.82476795871837,85.43514121868573,424300
2021-08-17,84.4317626953125,84.73276131810621,83.62907843747348,84.5488194872647,1476600
2021-08-18,84.67424774169922,85.29298389787033,84.20602049194191,84.25618587466796,947200
2021-08-19,82.65919494628906,83.77124107165152,82.45016400749694,83.46187298575668,975500
2021-08-20,83.4367904663086,83.47859282668266,82.04046532327787,82.28294197827235,523500
2021-08-23,85.10066986083984,85.11739590728239,84.08896094106561,84.17257203592541,735700
2021-08-24,86.81472778320312,87.00703266739346,85.3264285753255,85.5438161505739,1153600
2021-08-25,86.73947143554688,87.66756925912178,86.58061226927781,86.95686538516271,1342900
2021-08-26,84.11404418945312,86.94850306408681,84.09732452201733,86.94850306408681,930300
2021-08-27,84.15585327148438,84.69097193926945,83.66253696201888,84.15585327148438,747300
2021-08-30,83.46188354492188,84.22275932036393,83.44516387451515,84.1725875509061,938700
2021-08-31,83.2110366821289,84.64081397507461,83.1943170131594,83.54548747358335,648200
2021-09-01,84.12242126464844,84.54048319067128,83.51204804584282,83.66255059437579,548600
2021-09-02,85.13411712646484,85.35986772461315,84.09732549724538,84.4652155971581,563200
2021-09-03,85.25953674316406,85.54381574596789,84.88327724171943,85.28461943410349,580300
2021-09-07,84.89164733886719,85.8113822316191,84.86656464583768,85.19265241345774,510900
2021-09-08,84.64081573486328,85.2595455654913,84.06388826708726,84.53211555738757,425900
2021-09-09,84.74114227294922,85.1090387707195,84.38997182277836,84.54883737938245,533100
2021-09-10,84.3481674194336,85.57727043734073,84.33144775009266,85.43513092102833,297400
2021-09-13,85.09231567382812,85.3097096463325,84.50703156991439,84.86656505635234,519400
2021-09-14,84.03044128417969,85.62744079245283,84.00535859102244,85.20101587142476,491000
2021-09-15,84.97525024414062,85.12575276691639,83.8632105593661,84.17257224904242,496200
2021-09-16,84.9334487915039,85.42675872306653,84.26454726556648,85.08395131588395,459000
2021-09-17,83.8548583984375,85.17593556069576,83.74616459867644,84.8832871213602,902900
2021-09-20,81.60567474365234,82.4417984733601,80.62741151088255,82.4417984733601,1194500
2021-09-21,81.78962707519531,82.60903117809963,81.58059613231461,82.2244086295752,603600
2021-09-22,82.90167236328125,83.63745897811455,82.32474492559084,82.42508207361641,690300
2021-09-23,84.80802917480469,84.94180565286352,83.68762007286294,83.77123754815716,737500
2021-09-24,84.86656188964844,85.11740157003354,84.19766032803354,84.2227493993665,391200
2021-09-27,85.67760467529297,85.81138116282352,85.13412294298926,85.27626245446491,710700
2021-09-28,84.44014739990234,85.54383064731798,84.30637089854956,85.47694558620101,992800
2021-09-29,84.03044128417969,84.71606253999036,83.9969955669306,84.61572538824308,473900
2021-09-30,83.38661193847656,84.59898864323118,83.0772439007058,84.59062562082738,479400
2021-10-01,84.23946380615234,84.72441708907675,82.9518325268967,83.61237102347627,548200
2021-10-04,84.53211212158203,85.4267643029675,84.02207611004172,84.33980722621853,395400
2021-10-05,85.69430541992188,85.89497967557946,84.56553984309424,84.91671022181986,476100
2021-10-06,85.33479309082031,85.43513024342536,84.28963833954487,84.95017690784515,494500
2021-10-07,86.58898162841797,86.66423609011618,85.81138621283556,85.82811226171007,473700
2021-10-08,87.64248657226562,87.92677194933167,86.47191210851611,86.74783446237261,619400
2021-10-11,87.2328109741211,88.39502272417643,87.19100222605664,88.202711413847,262200
2021-10-12,86.99032592773438,87.55052737501099,86.71440352685413,87.15754814571827,461300
2021-10-13,87.0321044921875,87.20769606590626,86.17926120710496,86.8732453422813,388700
2021-10-14,88.21941375732422,88.46189039687425,87.60067762366513,87.9602110713955,534500
2021-10-15,89.64082336425781,89.75788017487015,88.57058602202063,88.6291144273268,614500
2021-10-18,89.44853210449219,89.84986797939908,89.25622081255688,89.64083701730878,400800
2021-10-19,90.05888366699219,90.07560971342906,89.60737609996114,89.88329845411083,281900
2021-10-20,91.38831329345703,91.44684169110047,89.92509697325421,90.1424845192916,400800
2021-10-21,91.12075805664062,92.09065817214605,90.91172714443235,91.40503703526761,357700
2021-10-22,91.55554962158203,92.19100545077067,90.97862219908721,91.29635330324048,453700
2021-10-25,92.65087127685547,92.74284540026133,91.38832899940763,91.7562191139131,430100
2021-10-26,93.03549194335938,93.53717132408822,92.62579306960791,92.76793258389253,1703000
2021-10-27,92.70939636230469,93.41174360867917,92.24116911746688,92.67595064779945,912000
2021-10-28,93.89669799804688,93.93013733382526,92.85989997361688,93.08565695438706,602000
2021-10-29,91.42713928222656,93.9379906238393,91.38500827229572,93.32291901990224,655100
2021-11-01,92.32025146484375,92.60672816326701,91.48611025842392,91.67147639947032,391900
2021-11-02,92.80052947998047,93.1207033179462,91.75574594130659,92.05907123129093,402200
2021-11-03,93.20496368408203,93.51671002836436,92.17702871168225,92.68256870989646,579100
2021-11-04,92.90162658691406,93.1796693721899,91.96637481640605,92.89319909999993,795700
2021-11-05,93.20496368408203,93.69364870632484,92.9606179588157,93.28921927906943,884400
2021-11-08,94.14020538330078,94.28344052210385,93.18809862096352,93.60095549151494,467600
2021-11-09,94.39298248291016,94.49409305400224,93.33134398545789,94.0475326145195,496700
2021-11-10,93.70207214355469,94.77213808133395,93.60938906458831,94.43510928766435,465700
2021-11-11,93.73578643798828,94.03068425573063,93.22181891494148,93.33977804203842,354700
2021-11-12,94.19075012207031,94.23287469758245,93.36503001691106,93.73576227983423,265200
2021-11-15,94.42668151855469,94.8395384147172,94.26659139567371,94.51093710964854,645700
2021-11-16,93.70207214355469,94.34242620869797,93.64309258678422,94.23288815448885,738500
2021-11-17,92.96902465820312,93.7610412709847,92.53931926165421,93.64308217056475,346400
2021-11-18,92.85108947753906,93.07015918973539,92.32870087775851,93.07015918973539,645600
2021-11-19,91.78101348876953,92.20229786052955,91.23334251982362,91.99165567464954,478300
2021-11-22,91.93268585205078,92.68257159890601,91.553532448644,91.91583087555401,587400
2021-11-23,92.97744750976562,92.99430248229328,92.05062329768916,92.23598942576216,559200
2021-11-24,93.28079986572266,93.44089000985943,92.48878306204439,92.55619011518519,335800
2021-11-26,90.694091796875,91.38499785426531,90.03688925792919,91.38499785426531,517900
2021-11-29,90.47502899169922,92.05063484976495,90.18855870566327,92.00850384144702,569600
2021-11-30,87.68611907958984,90.16327296569919,87.57658746935967,90.129569448331,1102700
2021-12-01,87.14688110351562,89.62403514440616,86.98679099308585,89.44709648838385,819000
2021-12-02,88.62136840820312,89.51448909540007,87.32381195176715,87.65241320189767,883900
2021-12-03,90.55085754394531,92.48034060267887,89.74199237828961,91.056397468944,1308800
2021-12-06,91.04796600341797,91.8905346510255,90.98056539710872,91.57036087911855,498700
2021-12-07,92.05906677246094,92.57303424291347,91.72203797454769,92.03379073756813,555000
2021-12-08,91.89054870605469,92.62358585577813,91.4861192931856,92.37924013920366,398800
2021-12-09,91.33444213867188,91.78942997704647,91.15750349512986,91.32601465232551,341000
2021-12-10,91.89896392822266,91.92423995961725,91.2670374302029,91.7641562846886,334600
2021-12-13,90.89630889892578,91.70517407825955,90.55928656208681,91.52823542293238,517600
2021-12-14,90.84575653076172,91.78943578431175,90.44974821518011,90.47502424752975,412200
2021-12-15,91.83155822753906,92.02535185152993,90.5003046045205,90.9889895512618,480000
2021-12-16,90.12955474853516,93.23020712952975,89.96946467421846,92.68253631112466,1332200
2021-12-17,87.60186767578125,89.05950790877344,87.34909449761584,89.05950790877344,1176300
2021-12-20,85.64712524414062,86.44756308365149,84.71187330249015,86.31275540980207,1540300
2021-12-21,86.89411163330078,87.23114041414912,86.12737742445289,86.77615252424725,1294800
2021-12-22,88.89099884033203,88.89942632734684,86.78457706686444,86.78457706686444,683600
2021-12-23,89.23646545410156,90.10431029697145,89.1016513593735,89.21961047811564,565300
2021-12-27,90.71095275878906,90.75307733840904,89.44709966098287,89.71672139804996,379000
2021-12-28,91.0142593383789,91.33443952750102,90.17169071991171,90.45816739290053,344000
2021-12-29,90.15484619140625,90.97213881624707,89.9610525720805,90.39919187303929,706400
2021-12-30,90.2643814086914,90.67724469499102,90.1716983385661,90.22225683118197,513000
2021-12-31,90.76150512695312,91.1238099399919,90.20540667649345,90.20540667649345,499600
2022-01-03,91.74730682373047,92.10961162816056,91.03112470193771,91.03112470193771,483900
2022-01-04,93.42401123046875,93.82844701798356,91.74730138758785,91.83998445497065,896800
2022-01-05,92.37080383300781,94.35926646993236,92.34552780065276,93.85372653796438,610900
2022-01-06,93.84530639648438,93.97169299644108,92.47192162862164,92.9521855658255,590500
2022-01-07,95.36193084716797,95.57257303348631,94.08122918279983,94.09807772925797,621400
2022-01-10,95.09230041503906,95.63997133507131,94.14862119239446,95.42090168140065,483300
2022-01-11,97.14817810058594,97.14817810058594,95.21026743111477,95.28609553198547,562200
2022-01-12,98.46257781982422,98.57210943555395,97.46834650655231,97.46834650655231,634000
2022-01-13,99.34728240966797,99.97078147226776,99.0945092184114,99.29672391444309,602500
2022-01-14,99.4483871459961,99.96235459058592,98.23508610587723,98.74905355046707,542100
2022-01-18,99.87808990478516,101.21777099098057,99.40625351140142,100.66167901710527,1193000
2022-01-19,98.75747680664062,100.77964297743864,98.55526211804754,100.61955286697922,1215900
2022-01-20,98.09184265136719,99.80225601653741,98.05813913329872,98.95968734969188,881500
2022-01-21,96.06124877929688,97.61157193213661,95.3366392622949,97.44306078188475,1324000
2022-01-24,94.72156524658203,94.89008283205433,92.39608042166157,93.8031685118402,1183400
2022-01-25,96.30561828613281,97.00494551824663,93.14598522462308,94.06438214892275,908900
2022-01-26,97.215576171875,98.63109187238132,96.76058829368127,97.55260494405063,1038300
2022-01-27,95.74949645996094,98.5215479621299,95.52200576338986,98.06656014069938,778900
2022-01-28,95.26081085205078,95.52201150846156,94.12334444420694,95.52201150846156,1589100
2022-01-31,96.24899291992188,96.62317379775777,94.54818018515604,94.9053493023163,2471300
2022-02-01,97.6096420288086,97.78822658778884,96.30001544153446,96.36804950821808,1488700
2022-02-02,99.5910873413086,99.80368892704479,97.95830871999516,98.11138212124864,886300
2022-02-03,99.04682922363281,99.44652124865192,98.75768768907375,99.3614754226674,1429700
2022-02-04,98.85124206542969,99.2764452824036,97.9583192026362,98.59612402809707,613500
2022-02-07,99.5230712890625,99.8292181469779,98.93628873004353,99.582599484319,1330300
2022-02-08,100.55204010009766,100.80716458788105,99.44651579190187,99.55706627629587,796700
2022-02-09,101.20687103271484,101.70860771204302,100.7136337462631,100.99426942525318,546800
2022-02-10,101.33442687988281,102.7886210042932,100.875206658266,101.09630764460739,581600
2022-02-11,100.49251556396484,102.49947504388,100.16085761066479,100.98575279792892,737700
2022-02-14,99.38699340820312,100.37346140980796,98.79170506467369,100.29692795185902,875200
2022-02-15,99.88023376464844,100.45001101029064,99.15738958839681,100.45001101029064,688300
2022-02-16,100.28842163085938,100.84118705881966,99.67612801761635,99.99928009656769,469100
2022-02-17,98.35800170898438,100.0843255640884,98.21342769831342,99.68463354087012,738800
2022-02-18,97.62665557861328,98.88525339489672,97.45657040878726,98.59611833832123,769500
2022-02-22,97.54161834716797,98.298479577369,96.47011087920545,96.9038135022961,1977500
2022-02-23,96.30001068115234,98.54508286604613,96.13843789087285,98.42602649927792,965200
2022-02-24,94.55667877197266,94.68423452677267,92.167032652051,92.53270762134316,1717700
2022-02-25,97.26948547363281,97.66067165425375,95.34757160641946,95.5176502977899,1088000
2022-02-28,96.86128997802734,97.08239745805318,95.41559520934878,95.41559520934878,1219800
2022-03-01,96.45308685302734,99.16588519114768,95.51764116377102,98.10287725151878,1365600
2022-03-02,99.40399169921875,99.96526297043397,97.49057752785167,97.73719613295364,887400
2022-03-03,99.08936309814453,100.10134891518325,98.57062109918509,99.69315742615177,774100
2022-03-04,97.7201919555664,98.09436631914635,96.26599145953502,97.15892067806864,889800
2022-03-07,94.46314239501953,97.12491203286429,94.46314239501953,96.41907317922173,1108300
2022-03-08,94.35257720947266,96.22347497857756,93.37461514644455,94.79479212264218,1197300
2022-03-09,97.71170043945312,97.97532435746892,95.92584822795064,96.52113013575607,883200
2022-03-10,97.62665557861328,98.31548267417266,96.63167517736707,97.11640655722104,648200
2022-03-11,98.21343994140625,99.25093685745352,98.08587767518813,98.28147401513408,661200
2022-03-14,98.65564727783203,99.86322279641644,98.3154834236726,98.44304567999312,711700
2022-03-15,98.92776489257812,99.14036646426092,97.65215546248136,98.78319738097424,892000
2022-03-16,101.52151489257812,101.85317287343938,99.79519091832957,100.19488296913312,986300
2022-03-17,102.32089233398438,102.34640348653069,101.06228807431988,101.24087911831522,747600
2022-03-18,103.12028503417969,103.36690367629183,101.5130174080748,101.72561901457635,942800
2022-03-21,103.22233581542969,103.90266359208556,102.89918368996574,103.65604493524997,764700
2022-03-22,104.03870391845703,104.40437888800231,103.32436573874168,103.69854658797459,668100
2022-03-23,100.14385986328125,101.14733967863866,100.11834870927753,100.68811944231382,1451500
2022-03-24,101.01979064941406,101.385465710221,100.28844052780019,100.52655331379786,779600
2022-03-25,101.84467315673828,101.92120661911538,101.11332312740029,101.13883428152599,635200
2022-03-28,101.43647003173828,101.43647003173828,100.45000202357599,101.41095887891906,520900
2022-03-29,101.42796325683594,102.42294362460973,101.12182293761968,102.1338020896755,663000
2022-03-30,100.96875762939453,101.94671982704011,100.7476501423741,101.71711294719722,650800
2022-03-31,100.32243347167969,101.42795778230114,100.13534304530607,100.70511371610918,1277300
2022-04-01,99.4890365600586,101.01977057744939,99.04682811508209,100.90071420810628,712900
2022-04-04,100.04178619384766,100.33092767953858,98.95326728130784,99.50603261635572,537900
2022-04-05,100.59457397460938,101.6660878567651,99.88873510448614,100.14385962007569,713900
2022-04-06,99.31896209716797,100.49252056820137,98.85974187248036,100.27141958038146,749800
2022-04-07,97.26948547363281,99.0298265304701,96.47010783848837,98.91927602988794,800200
2022-04-08,98.06885528564453,98.50256431985987,97.27797715882139,97.30348830999549,507000
2022-04-11,97.37152862548828,98.47705949332634,97.10790472897786,97.77972653474583,671200
2022-04-12,96.26600646972656,97.7967406578668,95.88332616673462,97.39704859273651,521900
2022-04-13,96.38507080078125,96.495627799539,94.8458370927246,95.67923832790241,671100
2022-04-14,96.54662322998047,97.1334056351113,96.21496530223304,96.42756687069088,487000
2022-04-18,96.39354705810547,96.98032944629479,96.0533832607771,96.22346840348368,403500
2022-04-19,97.4140625,97.43957365568308,96.29152623334022,96.80176881126077,451800
2022-04-20,99.84622955322266,100.75616424208235,98.47707457913191,98.69817559610169,641200
2022-04-21,98.64714050292969,101.17284850045188,98.37501071968641,100.73063354762793,626100
2022-04-22,95.27103424072266,98.02634934187839,95.10945493787274,97.94130999388393,796800
2022-04-25,94.52266693115234,94.82030785550319,92.55822385426572,94.60770626838323,995600
2022-04-26,92.15853118896484,94.42060852707034,92.12451415908772,93.64674218364229,1806600
2022-04-27,91.53775024414062,92.54123011998293,91.09554174255472,91.84389708681023,792300
2022-04-28,92.85588073730469,93.32360038382117,91.31664067766707,91.86090027715771,1181500
2022-04-29,91.04342651367188,93.74794301653165,90.83737004738661,93.09542323114187,1857000
2022-05-02,90.30503845214844,91.29240232088019,88.89697410993514,90.88028289247859,810000
2022-05-03,92.2110824584961,92.74339549446067,90.55403017956662,90.76867422320818,787000
2022-05-04,93.19845581054688,93.31006836639719,91.08635244278665,92.06513540732816,817300
2022-05-05,90.51968383789062,92.92369968021822,89.755551587737,92.88935584813741,807700
2022-05-06,89.82424926757812,90.31363746606971,88.99142926040088,90.2363621976674,727900
2022-05-09,87.47173309326172,88.9227288379312,87.19698899579218,88.69949721173221,767000
2022-05-10,86.83639526367188,88.92273566573326,86.21821935929569,88.31314735736687,870100
2022-05-11,86.82780456542969,88.87980106055346,86.4328603185038,87.42022421102664,774200
2022-05-12,86.13236236572266,86.55306286102783,84.88742952127377,86.22680626983025,716100
2022-05-13,87.71214294433594,88.0469871200095,86.77629153124649,86.91366685994139,594200
2022-05-16,88.76818084716797,89.04292493217508,87.14547257159226,87.65202931721775,969400
2022-05-17,90.51968383789062,90.82018418057753,89.35201974880765,89.72120775565618,699700
2022-05-18,88.29597473144531,90.0818148292293,88.18436218174006,89.97020227952406,588000
2022-05-19,87.73789978027344,89.14596415693482,87.36012417419776,87.78941225367785,730300
2022-05-20,87.61770629882812,89.01718318610894,86.38994203621874,88.16719455827683,585700
2022-05-23,89.85858917236328,90.83736552652702,88.93990634039237,89.12021310863742,527000
2022-05-24,89.43788146972656,89.76414461904314,87.83234816282628,89.70404454686638,916300
2022-05-25,89.00000762939453,90.27928426993493,87.91819983684324,88.74243216198167,930900
2022-05-26,90.8201904296875,91.4211977068313,89.24041334776659,89.52373851869989,892600
2022-05-27,92.19391632080078,92.21109151421199,91.29241517922291,91.53281548364367,580800
2022-05-31,93.49036407470703,94.17722767089532,92.1423996712813,92.96663205645721,946500
2022-06-01,93.35299682617188,94.10854155411315,92.31411381842949,93.91965373452362,634800
2022-06-02,94.45195770263672,94.69235796029864,92.78631798824235,93.16409356480578,533800
2022-06-03,93.39591979980469,94.37469616275953,93.18986334192385,94.01409572386389,416500
2022-06-06,94.2287368774414,95.01862540035052,93.76510494866871,94.45196852101711,430900
2022-06-07,94.70095825195312,95.0014586143188,93.6019752046468,93.67066287330657,407200
2022-06-08,93.55905151367188,94.31459622728228,92.86360687329848,94.28883998881167,513400
2022-06-09,91.00907135009766,93.20702418468383,91.00048375453302,92.95803631663834,755800
2022-06-10,88.29597473144531,89.54091417238848,87.96971812817227,89.30051388045923,843800
2022-06-13,86.11519622802734,86.86215333624763,85.65156428995098,86.22680877684667,717500
2022-06-14,85.07630920410156,86.6217489241464,84.53540857729402,86.19246084084688,541600
2022-06-15,86.14954376220703,87.07680774868751,84.47532257863178,85.548542965646,649700
2022-06-16,83.85712432861328,84.88741955691587,83.51369258584575,84.41520009180856,796500
2022-06-17,82.59502410888672,84.20056388890072,82.1657360281744,83.69400709785997,780600
2022-06-21,84.63843536376953,85.27377985756782,84.32934743696693,85.08489206336445,491500
2022-06-22,83.05007934570312,83.62532383201892,82.77533522161076,83.32482346979549,491800
2022-06-23,80.57737731933594,83.05866208287875,80.21677687732455,82.85260562321749,695200
2022-06-24,82.01118469238281,82.4490603295041,80.89503971301187,81.23847145682434,557800
2022-06-27,83.05007934570312,83.23896060880313,81.95968389509962,82.37180335644646,400800
2022-06-28,83.1187744140625,84.56118294523662,82.77534911412108,83.78846291953303,486600
2022-06-29,82.72380828857422,83.4278404486738,82.30310782167001,83.4278404486738,391100
2022-06-30,82.56927490234375,82.74957512554435,80.92939770061427,81.55615468358543,596600
2022-07-01,83.25614929199219,83.50513721829948,81.77080933172249,82.25161653960659,397200
2022-07-05,81.41877746582031,82.00260950689137,79.93343785163113,81.72786540229417,684700
2022-07-06,81.92533874511719,82.15715798540712,80.41424936208463,81.21271893299114,573500
2022-07-07,83.56522369384766,83.94299277016715,82.68947229558063,82.75815996415385,521100
2022-07-08,83.69400024414062,84.15762556897725,82.91269285702579,83.86571284219747,465900
2022-07-11,82.92986297607422,83.2131946632966,82.37179374722605,82.86118186587571,531100
2022-07-12,82.57785034179688,83.42783885472745,82.17431852291004,82.17431852291004,572200
2022-07-13,81.49604797363281,82.1228114559886,80.7061594742823,81.83089215380132,689400
2022-07-14,78.21630096435547,79.64154079105384,77.64964400283236,79.64154079105384,793100
2022-07-15,79.03194427490234,79.52991350798969,78.31932443475853,79.30668840538448,691100
2022-07-18,80.19959259033203,81.47886908053576,79.92484196382416,79.92484196382416,588000
2022-07-19,82.6637191772461,82.86119459424279,81.18696699927145,81.18696699927145,1103800
2022-07-20,83.21320343017578,83.30764733586666,82.11422694622723,82.48341497290525,390900
2022-07-21,83.6339111328125,83.68542360889269,82.20867149070578,83.02431626391952,408700
2022-07-22,83.29905700683594,84.26925226975371,82.76674397449723,83.77127651979737,437600
2022-07-25,84.57833862304688,84.73288259252477,83.64248721053734,83.72834351571035,461600
2022-07-26,83.83136749267578,84.69853116309773,83.4965233472445,84.03742391669142,428800
2022-07-27,85.26522064208984,85.73744028477267,83.86574346078508,84.1748314904651,505700
2022-07-28,85.61721801757812,85.78893063401306,84.44096628870788,85.29095487576873,526600
2022-07-29,87.42704772949219,87.86105808825856,86.57638451242221,86.68923144408387,1799300
2022-08-01,85.7951431274414,86.63712407288297,85.14412775178711,86.263874992609,1994000
2022-08-02,85.10073852539062,85.91667999042862,84.53652382344885,85.6128674892105,585800
2022-08-03,86.15104675292969,86.6024145625839,85.10074259476943,85.23094701259315,475500
2022-08-04,85.72572326660156,86.16840904034423,85.31775249190085,86.15973360181981,362000
2022-08-05,85.90800476074219,85.91668682153139,84.91846174987806,85.14414235062111,405300
2022-08-08,86.23786163330078,86.80207645475124,85.96877731548237,86.57638920167649,335700
2022-08-09,85.50871276855469,86.30729014618129,85.0920599588307,86.10764249053877,906500
2022-08-10,87.7481918334961,88.22560577199638,86.67184823507031,86.67184823507031,583800
2022-08-11,88.54678344726562,89.07627654418143,88.27769255741673,88.39921491187559,326800
2022-08-12,90.1960220336914,90.40434511949348,88.69434350995903,88.9026665957611,464600
2022-08-15,89.70124816894531,89.87485626735143,88.52074621214274,89.02419314134096,357700
2022-08-16,91.28105163574219,91.4893747303819,89.4842425936324,89.4842425936324,497900
2022-08-17,90.55192565917969,90.79497041303055,89.90091008744791,90.16131896512977,385000
2022-08-18,91.02933502197266,91.34182301004869,90.26547255224347,90.4130411072873,592700
2022-08-19,89.46687316894531,90.8557046521949,89.26722553894496,90.56925629620474,385900
2022-08-22,87.86973571777344,88.37318267547057,87.75688879180352,88.34714311485358,393200
2022-08-23,87.90444946289062,88.32110229423517,86.96699218169154,88.06069344683583,542500
2022-08-24,86.53297424316406,87.46175600427233,86.13368556873607,87.01906365160308,836300
2022-08-25,87.00170135498047,87.70479587090179,86.45484417817842,86.90621856609347,652500
2022-08-26,85.48268127441406,87.80897701053767,85.28303359993603,87.33156297752873,608200
2022-08-29,85.1354751586914,85.42192359023277,84.44105592267708,85.06603191059544,586700
2022-08-30,82.44459533691406,84.23271556339007,82.30570886914401,84.00702836449939,997300
2022-08-31,80.06621551513672,81.96718268245255,80.05754007761692,81.81093871496807,1020900
2022-09-01,80.01415252685547,80.10095327684775,78.47775872232664,79.61486377891279,983900
2022-09-02,80.46550750732422,81.96718606922062,80.14434412156547,81.23804531667555,669200
2022-09-06,79.5367202758789,81.06443829170685,79.07667044592084,80.92555844797953,779800
2022-09-07,80.36136627197266,80.50892821677698,78.64268219507406,78.93781270715579,775600
2022-09-08,82.44459533691406,82.46195283414967,79.58880691248748,79.87524866293846,723600
2022-09-09,84.92713165283203,85.08337562449388,83.21713664724649,83.21713664724649,787100
2022-09-12,86.00348663330078,86.74998491378243,85.58683381205468,85.88196427345231,755900
2022-09-13,83.00881958007812,84.32821479117804,82.65293452637488,83.94628355283766,775500
2022-09-14,83.71192169189453,83.88552318967591,82.51404884079605,83.17374645281603,798700
2022-09-15,83.88550567626953,84.95317386989056,83.31261555521944,83.4688595195915,1039400
2022-09-16,82.93069458007812,83.17373930507445,82.21891790438654,82.59216705276579,707500
2022-09-19,83.6250991821289,83.64246330224725,81.63733788922185,81.97586538434378,632800
2022-09-20,81.88906860351562,82.79181091457434,81.21201352583967,82.70501017018783,473000
2022-09-21,80.63912200927734,82.30572011541452,80.63912200927734,82.2189193724334,735100
2022-09-22,79.79713439941406,81.30748839624847,79.68429410497141,80.88216015453365,435600
2022-09-23,77.59236145019531,78.80759162324084,76.72434084408732,78.72946632500584,993400
2022-09-26,77.25383758544922,77.93089263053517,76.34241325708153,76.86323094327562,683300
2022-09-27,76.29900360107422,78.06108416402105,76.0993559713325,77.62707391216338,896900
2022-09-28,78.46907043457031,78.78155840772679,75.76084354137151,76.09069563663235,948900
2022-09-29,76.81982421875,77.84408880656554,75.94312154569026,77.84408880656554,818500
2022-09-30,76.07332611083984,77.93088969572678,75.83896345885597,77.0975907006583,885200
2022-10-03,78.47774505615234,78.86835167433344,76.67226063184134,77.1409925471416,1099300
2022-10-04,80.47418975830078,80.77799564655102,79.18952296727932,79.18952296727932,868200
2022-10-05,79.57144165039062,79.72768561315313,78.28677495431778,79.00722697249986,709600
2022-10-06,76.49866485595703,78.8336427481623,76.2469380485562,78.82496068653535,979900
2022-10-07,74.4935302734375,76.21221403638019,74.28520717632901,76.00388431679984,774900
2022-10-10,74.12895965576172,75.0750989193768,73.98139774496384,74.89281539030797,346300
2022-10-11,72.27140045166016,73.60815303400928,71.98495205062707,73.59078891259834,831300
2022-10-12,72.9744873046875,73.65154227345272,71.86342206133213,72.28875027613853,591000
2022-10-13,75.50044250488281,76.0820147775953,70.80444739476381,71.49018453433156,1038700
2022-10-14,74.6410903930664,76.63754044488012,74.5282500978661,75.96916086665453,873600
2022-10-17,77.08024597167969,77.58369297832061,76.16882152664523,76.16882152664523,635300
2022-10-18,77.84410858154297,78.79893017351024,77.24517208747989,78.46908464100473,885900
2022-10-19,76.22957611083984,77.52292507412733,75.6566859037854,77.28856240362148,654500
2022-10-20,75.80424499511719,77.488200553752,75.526478651865,76.57678284423955,564500
2022-10-21,78.00900268554688,78.15656457730721,75.53513902705899,75.85630898777622,757400
2022-10-24,78.0003433227539,78.37359250152963,77.28856658909702,78.26942762984596,621700
2022-10-25,79.49333190917969,79.58881470950787,77.6704898871841,77.68784738612017,506100
2022-10-26,80.6651611328125,81.77622653088326,79.37181218872752,79.46729499223099,952600
2022-10-27,80.89952850341797,81.8717140944898,80.48288226615328,81.05577249801037,567200
2022-10-28,81.50714111328125,81.69810671764284,80.5957167733635,80.75196075670735,1938600
2022-10-31,80.80683898925781,81.6493073852853,80.64009815101966,80.74540921127696,1938600
2022-11-01,80.6927490234375,81.99155863081694,80.34172555229928,81.93890644921491,752000
2022-11-02,79.95559692382812,81.99156398803747,79.77130758083628,80.84194664565518,856200
2022-11-03,79.44660949707031,79.99070666661626,78.47250382799703,78.8235340439833,519000
2022-11-04,82.64096069335938,82.66728678435359,81.24562430791664,81.61420297252299,815500
2022-11-07,83.0972900390625,83.39566128812228,82.58829670148009,82.90422313892141,495500
2022-11-08,83.97488403320312,84.50142600204956,83.1499640416256,83.50099425263802,652600
2022-11-09,82.14952850341797,83.50099040151152,82.1056472183111,83.50099040151152,662500
2022-11-10,86.55492401123047,86.73921332792037,84.47508265477092,84.94019474384679,948100
2022-11-11,87.89762115478516,88.81029020955481,86.60758914929198,87.07270127201406,708500
2022-11-14,87.12535095214844,88.02047818123319,87.1078024573212,87.64312193668634,490700
2022-11-15,87.41495513916016,88.33640849829057,86.74799848584047,87.89762245972248,536400
2022-11-16,86.74800109863281,87.5553658270329,85.96696246208475,87.3974025805769,363400
2022-11-17,86.38819122314453,86.51105076950904,85.26490011618719,85.61592356560402,425000
2022-11-18,86.69535064697266,87.05515173504506,86.31799436708562,86.65146936278005,443500
2022-11-21,85.4930648803711,86.62513359356959,85.15958992192893,86.19512517696252,927300
2022-11-22,86.62513732910156,86.86208553493992,85.77389135876275,85.98451347402874,588800
2022-11-23,87.21311950683594,87.35353426725791,86.32677643921323,86.32677643921323,753300
2022-11-25,87.16924285888672,87.55537005024765,86.88842004001327,87.09903548033233,232900
2022-11-28,84.52774047851562,86.4496254307687,84.38733243061527,85.99328421056975,601900
2022-11-29,84.33467864990234,84.7471386139234,83.45710653763417,84.41366362158529,581900
2022-11-30,85.85286712646484,86.01083034831643,83.78179674900757,84.51018308839778,990700
2022-12-01,86.89718627929688,87.08148231195179,84.64182625314085,85.80899875145519,897000
2022-12-02,87.61679077148438,87.86251657101226,85.88797944694565,86.17757313668108,873800
2022-12-05,85.86165618896484,87.871297221681,85.33511423652062,87.41496264832112,692400
2022-12-06,82.97444915771484,85.69492147371413,82.4742333018548,85.37021736907566,678700
2022-12-07,82.63218688964844,84.06262691126716,82.52687583402846,82.64095778944258,451200
2022-12-08,81.22806549072266,83.41322468050065,80.7892794728249,83.12362430180573,871100
2022-12-09,81.11399841308594,81.57911060610643,80.50847145482066,80.73664210067119,416100
2022-12-12,80.57865142822266,80.675184872656,79.47290896174937,80.525999256838,600500
2022-12-13,79.5606918334961,81.2280735098427,79.01659470726412,79.0516983956027,1235200
2022-12-14,79.1482162475586,80.28028486556356,78.72697876595618,79.37638013372322,649800
2022-12-15,77.53348541259766,78.64800560991978,77.07715091530167,78.06880487203401,784800
2022-12-16,77.26145935058594,77.77922374861983,76.81389564196115,76.81389564196115,692400
2022-12-19,77.17369079589844,78.28820439065458,76.75245325188463,77.80554376424735,681700
2022-12-20,78.44615936279297,78.83229317948667,77.49838001018638,77.61246865348747,538200
2022-12-21,79.43782806396484,80.03457739371788,79.06924936788495,79.06924936788495,771000
2022-12-22,78.53392791748047,79.02537286235393,77.64758488819969,78.87618051202335,480500
2022-12-23,79.2447509765625,79.26229946988045,78.38472750644274,78.56023922099318,363800
2022-12-27,79.62211608886719,79.70987195595181,79.03413771917883,79.25353073456215,221100
2022-12-28,78.65676879882812,80.09598621235847,78.49003468681951,79.65720025224941,621000
2022-12-29,80.02580261230469,80.10478088820169,79.06046793793801,79.06046793793801,478900
2022-12-30,79.5080337524414,80.11356066551598,79.06924768681496,79.80641175864626,300800
2023-01-03,79.8941650390625,80.32417349472053,79.38517161257695,79.63966832581973,572800
2023-01-04,82.16707611083984,82.72872173833893,80.85071791601185,81.00868116720495,610200
2023-01-05,81.42991638183594,81.61420572034385,80.65765534018226,81.61420572034385,411200
2023-01-06,83.48343658447266,83.62385134285226,81.53523202703704,82.05299638403741,507200
2023-01-09,83.72037506103516,84.49263605611331,83.53608573364184,83.81690852233785,467600
2023-01-10,83.44831848144531,83.93976335554598,83.14994721444047,83.7379188490745,350000
2023-01-11,84.27324676513672,84.51019497892392,83.81691222410551,83.81691222410551,723400
2023-01-12,85.3526611328125,85.62470633114172,84.1503849903932,85.05428314837802,708700
2023-01-13,85.95818328857422,86.06349434939315,84.31712777004388,84.51896560076723,526400
2023-01-17,86.51983642578125,86.63392509210944,85.88799009185773,86.31799857747554,555200
2023-01-18,85.3614273071289,87.30963825976386,85.3614273071289,86.52859969880201,563100
2023-01-19,85.61593627929688,85.70369885002667,84.4136667262905,85.02796454933433,473600
2023-01-20,86.74800109863281,86.83575696992085,84.97530839537663,85.62470987732071,325600
2023-01-23,87.41495513916016,87.70455553149756,86.41452350685243,86.77432457689957,436700
2023-01-24,87.42372131347656,87.79229993083968,86.87962428641,87.26575809241483,331500
2023-01-25,87.48516082763672,87.66067256154692,86.70412222965237,87.10780457392063,485100
2023-01-26,89.0647964477539,89.09990013751799,87.61680104787077,87.93272756040325,2150200
2023-01-27,88.91667175292969,89.15614509842524,88.49093309029858,89.07632290555554,1734400
2023-01-30,87.81685638427734,88.68606295134812,87.75477020091515,88.46432561549933,355300
2023-01-31,89.26258087158203,89.33353844270387,86.95651394521343,88.1006794037291,612900
2023-02-01,89.2980728149414,89.6617185784717,88.04747081547058,89.40450918730726,577900
2023-02-02,88.978759765625,89.8213589531535,88.93440959075019,89.60849300090496,474400
2023-02-03,89.26258087158203,89.71492692887577,88.21598038163728,88.27806656464729,384300
2023-02-06,89.35127258300781,89.37787997990033,88.11841356982175,88.55301684180087,275900
2023-02-07,90.45110321044922,90.89457791251344,88.91667776387676,89.1561511255612,491300
2023-02-08,90.10517883300781,90.8236123889713,89.87457688027091,90.11405022100118,353100
2023-02-09,89.50205993652344,91.1695222370832,89.30693000166175,91.03647848450602,327300
2023-02-10,89.96326446533203,90.0874368214203,89.40448886293483,89.69717697835095,264700
2023-02-13,90.03424072265625,90.46884405919256,89.63510940932156,89.9366757416336,250000
2023-02-14,89.91004943847656,90.39786747414576,89.04083618125641,89.97213561635758,293600
2023-02-15,89.42222595214844,89.4665761228102,88.78362138918054,88.78362138918054,236100
2023-02-16,89.04084777832031,89.66170963799424,88.62398048673063,88.73041684848334,261800
2023-02-17,88.96988677978516,89.17388810690511,88.39337511808377,88.69493464778071,354800
2023-02-21,86.69929504394531,88.4465862671747,86.5219078887173,88.40223609492459,481600
2023-02-22,85.89216613769531,86.74364341236473,85.40434808751932,86.47755591816977,434200
2023-02-23,85.3954849243164,86.63721540534047,85.04070382018286,86.50417164542954,489000
2023-02-24,85.3954849243164,85.40435631281359,83.88767369035723,84.26019080459842,443300
2023-02-27,85.4930419921875,86.43320607935735,85.38660564072283,85.99860281959398,352700
2023-02-28,84.04732513427734,85.1116616834055,83.50628547118596,85.0229680987926,689200
2023-03-01,85.102783203125,85.18261215944504,83.82558080397992,83.89653160562574,543100
2023-03-02,83.96749877929688,84.52628123679841,83.0184631840002,84.46419504895235,434400
2023-03-03,85.26244354248047,85.54626708032615,84.06506320365921,84.18923557853626,468700
2023-03-06,85.09392547607422,85.84783109386709,84.84558073297885,85.43096380357697,343600
2023-03-07,82.51289367675781,84.75687436059833,82.14924797645472,84.75687436059833,520500
2023-03-08,81.82109069824219,82.92977756407203,81.80335468581946,82.37986644254089,370500
2023-03-09,80.40196990966797,81.95413146480871,80.07379617335876,81.72352271045933,645500
2023-03-10,78.28215789794922,80.07379275335944,78.0160703645349,79.91414158668827,1307800
2023-03-13,77.28878021240234,77.82981995801994,74.29975791012869,76.92513442995563,1672000
2023-03-14,78.14910888671875,79.40857535766565,77.74111299191426,79.10701582246145,1264000
2023-03-15,76.22441864013672,76.36632699750187,75.00929576456078,75.7720726401945,1201500
2023-03-16,77.23555755615234,78.05154940313219,75.027048615655,75.68339606234005,746700
2023-03-17,75.61243438720703,76.58807734850333,75.28426068164669,76.58807734850333,664800
2023-03-20,76.10025787353516,76.98720723445334,75.61243301827551,76.25990902917589,634500
2023-03-21,76.86302947998047,77.74110739103998,76.62354937985488,77.28876135393642,773000
2023-03-22,75.96721649169922,77.46615635704354,75.95834510308435,77.2355543881517,573700
2023-03-23,74.84965515136719,77.09363592555096,74.68113260935945,76.36633772877732,530600
2023-03-24,74.99156951904297,75.01817691658204,72.9515833271522,73.9094902398776,547200
2023-03-27,76.08251190185547,76.43729298470141,75.48825747904816,76.14459808383704,530400
2023-03-28,76.44617462158203,76.5969544027681,75.89626353110154,76.07365071286313,391700
2023-03-29,77.85641479492188,77.95397976719714,76.97833681133108,77.093637793617,582900
2023-03-30,78.33536529541016,79.0183133085359,78.09589195147647,78.62806020112966,412700
2023-03-31,79.03605651855469,79.05379252798969,78.33536572535907,78.61918924452432,580400
2023-04-03,80.32213592529297,80.36648610228333,79.45292929813213,79.78109624706785,466100
2023-04-04,79.18683624267578,80.95186354012388,78.21119331897069,80.66804002110266,548300
2023-04-05,78.73448944091797,78.81431839979861,78.04267004275563,78.7788396143946,780900
2023-04-06,78.61031341552734,78.71674976678396,77.97171560864592,78.49501244349725,413000
2023-04-10,79.16909790039062,79.17796252139918,77.93623889157493,78.05153986666254,338500
2023-04-11,79.31987762451172,79.77222367053649,79.21344127048052,79.39083519386585,558700
2023-04-12,79.86091613769531,80.42856315085828,79.55934985557901,79.8077013448632,365900
2023-04-13,80.64142608642578,80.70351226471354,79.88752055953563,80.14473666012374,441300
2023-04-14,80.6769027709961,81.50176584215757,80.56160180485648,81.28889991740532,336200
2023-04-17,81.41307830810547,81.41307830810547,80.32212767493766,80.56160777906813,521200
2023-04-18,81.8033447265625,82.04281808299619,81.35099864564687,81.59047200208056,383200
2023-04-19,81.66142272949219,81.9186388415082,81.17359790206764,81.41307800530741,384200
2023-04-20,81.5727310180664,81.91864071564984,81.15586374998216,81.15586374998216,346300
2023-04-21,80.93412780761719,81.74125496043428,80.46404573702547,81.74125496043428,381800
2023-04-24,80.78334045410156,81.12925012513233,80.59708192099929,80.85429801915552,337700
2023-04-25,78.51275634765625,80.20683291603885,78.45067016156764,80.1358753413985,796400
2023-04-26,79.01831817626953,79.62144403420031,78.35310613150264,78.43293509565584,705100
2023-04-27,80.38164520263672,80.43550089560988,79.03536928603599,79.2148768500908,1022300
2023-04-28,80.94707489013672,80.95604513153198,79.77132275366853,79.88800436693207,478800
2023-05-01,80.64192962646484,81.59330263954352,80.57910368812591,81.0817111948374,703800
2023-05-02,77.93142700195312,80.50729721103409,77.41984242667282,80.30984916150715,1305600
2023-05-03,77.85063934326172,79.02639152149038,77.44675934572942,77.8057675921541,1268600
2023-05-04,75.8402099609375,77.54549415796421,75.63377797417343,77.54549415796421,1308200
2023-05-05,78.95459747314453,79.12512795026149,77.15956288459066,77.28521475798834,904900
2023-05-08,79.18795776367188,80.10342243574573,78.88279830797134,79.60081491754941,733300
2023-05-09,78.88279724121094,78.99947202849614,77.78782500779334,78.33531112450214,856900
2023-05-10,79.03536987304688,79.60978038726171,78.14682967879479,79.57388572169755,402500
2023-05-11,78.54174041748047,78.64943811049199,77.72499639207082,78.31736109368839,359300
2023-05-12,78.76611328125,79.35847108677166,77.97629374387049,78.87381096542867,578000
2023-05-15,79.9418716430664,80.13034946852495,79.03537718465842,79.09820312647794,447800
2023-05-16,78.72124481201172,80.25599863668619,78.577645598789,79.76236820981036,568700
2023-05-17,79.87904357910156,79.9239221852864,78.94562472007107,79.41233757334327,723100
2023-05-18,79.23282623291016,79.52900858562934,78.29043717541313,79.52900858562934,588100
2023-05-19,78.4071044921875,79.90595659863702,77.99424739476797,79.66362996336294,474100
2023-05-22,78.6853256225586,78.8917575766203,78.03911218942392,78.64942411543862,229800
2023-05-23,78.03013610839844,78.81994866339001,77.98525751597917,78.20963678305185,744300
2023-05-24,74.4400863647461,76.44154609062801,74.42213218430454,76.20819652499593,1689000
2023-05-25,74.39519500732422,75.06833286070031,73.63230680966711,74.47597511043577,1024800
2023-05-26,75.66072082519531,75.68764525204361,74.53882405642027,74.53882405642027,564600
2023-05-30,75.28375244140625,76.26204990826629,74.96064564937119,75.89406450997095,442500
2023-05-31,74.8619155883789,75.18501549210252,74.08107313163809,74.91576443108066,518900
2023-06-01,75.77738952636719,76.31589856254344,74.4400906029015,75.15810036863186,570600
2023-06-02,77.98528289794922,78.06606302109313,76.51335497468312,76.65696103915496,400300
2023-06-05,77.05184936523438,78.08399550287842,77.01594785594531,78.08399550287842,499400
2023-06-06,78.81098937988281,78.8468908924265,76.76465109748611,76.89928005764659,652600
2023-06-07,78.89176177978516,79.65465001607033,78.39812458997626,78.85586027075244,496300
2023-06-08,78.79304504394531,79.34950823826529,78.30838487744346,79.01742437024171,341200
2023-06-09,78.23657989501953,79.12512693516427,78.12888220349662,78.7122629592816,354300
2023-06-12,78.17374420166016,78.57763103699921,77.64421235773158,78.00322059552876,256100
2023-06-13,79.73543548583984,79.8610942104531,78.39813659527287,78.58661441092215,376000
2023-06-14,79.6008071899414,80.57012061700327,79.06229136127978,80.07649023741439,339400
2023-06-15,80.5252456665039,80.74064788091023,79.42129647858474,79.42129647858474,396100
2023-06-16,80.96502685546875,81.19838324784236,80.50729116014323,80.58807126991262,489800
2023-06-20,80.06751251220703,80.32779333465778,79.58285237876562,80.32779333465778,594000
2023-06-21,80.11238861083984,80.46241977724986,79.47515220923408,79.83415361759404,394800
2023-06-22,80.05854034423828,80.1393204618679,79.2777046763956,79.71748623567017,574000
2023-06-23,78.71226501464844,79.40335717502931,78.62251465353127,79.40335717502931,327800
2023-06-26,80.0854721069336,80.34574609947046,78.81099233021853,78.90074953869454,373200
2023-06-27,80.91117858886719,80.9919518516976,79.99570719171138,80.25598800668654,462900
2023-06-28,79.99571228027344,80.47140218808114,79.53798340009216,80.4534480079681,360500
2023-06-29,80.41755676269531,80.50730713217929,79.99572249385494,80.04060110235406,466100
2023-06-30,81.05477905273438,81.40481022550841,80.62397461586467,80.81245241293429,480000
2023-07-03,81.88947296142578,82.4818376403843,81.30608537237934,81.48559293305463,220600
2023-07-05,81.39584350585938,81.54841979854054,80.74962997507639,80.97400929284751,694000
2023-07-06,79.71749877929688,80.80349406043646,79.65467283237193,80.45346280649538,620600
2023-07-07,80.5073013305664,80.95605999316156,79.60978400537608,79.68158703479462,506000
2023-07-10,80.6778335571289,80.95606174274643,80.2739534910703,80.32780234054107,287900
2023-07-11,81.24324035644531,81.3240204516547,80.50727664931543,81.07271677324621,270800
2023-07-12,81.87151336669922,82.37412076628475,81.81766453031855,82.16769566181738,334900
2023-07-13,83.0472640991211,83.29856781552081,82.25745144079157,82.30232319156998,432000
2023-07-14,82.36515045166016,83.43319811113093,82.32027870015665,83.33447067130527,340700
2023-07-17,82.76905059814453,83.19088484562482,82.35619344141236,82.36516368464655,311300
2023-07-18,83.55885314941406,83.66655768264198,82.3920848532539,82.77801753792923,827600
2023-07-19,84.1242904663086,84.30379116793806,83.5409029147436,83.9268355860085,387400
2023-07-20,84.24097442626953,84.5820285355714,83.59476087389666,84.51023235559609,296200
2023-07-21,83.78323364257812,84.32174262130526,83.70246037714999,84.32174262130526,340500
2023-07-24,84.1512222290039,84.77948158703553,83.70246358826319,83.87298721543551,872500
2023-07-25,83.91785430908203,84.50124183153537,83.80117954359636,84.16915801782808,1412600
2023-07-26,83.864013671875,84.33969671673475,83.24472458082423,83.54987715771041,1982200
2023-07-27,83.4398193359375,84.71149224703271,83.2490694387822,84.56615503202305,2907400
2023-07-28,83.55789947509766,84.36631866479341,83.47615249032516,84.1119854720882,317000
2023-07-31,84.40265655517578,84.90224458355058,83.76682354638972,83.83040684726832,473100
2023-08-01,82.7494888305664,83.79407763424113,82.20448808562409,83.60332772001433,1520200
2023-08-02,81.08721923828125,82.06822459893597,80.59672348801338,82.01372661114165,532800
2023-08-03,80.7602310180664,80.86922700261198,80.04264408954779,80.60580848986008,344300
2023-08-04,81.05089569091797,81.92289818707079,80.5422223706173,80.64213997299458,286800
2023-08-07,80.9873275756836,81.5414067517551,80.860154024221,80.93282264503931,140100
2023-08-08,80.10621643066406,80.24246139270541,79.44312758514003,79.67021176195442,456100
2023-08-09,80.18798065185547,80.25156395783436,79.47039366720192,80.10623365705143,511200
2023-08-10,79.89730072021484,81.20530787456222,79.85188804016971,80.39688871112794,325500
2023-08-11,79.87005615234375,80.41505685350434,79.55213965417173,79.58847395825708,238900
2023-08-14,79.4340591430664,79.95181089892975,79.08889361584437,79.37956114667887,599900
2023-08-15,77.43571472167969,79.02530417344438,77.19046682691956,78.76188566125903,585500
2023-08-16,76.75447082519531,77.36305490698523,76.50013759280914,77.0451383665025,587200
2023-08-17,76.39112854003906,77.51746430602293,76.29121093103417,77.35397032408069,309900
2023-08-18,75.95512390136719,76.37295798780609,75.59178780401086,76.03687088499105,464500
2023-08-21,75.95512390136719,76.62729117693762,75.65537110129375,76.30028938232289,354900
2023-08-22,74.6471176147461,76.12770408634216,74.59261962501242,75.95512480883227,505900
2023-08-23,75.8370361328125,76.06412032874384,74.42911827607402,74.56536324958508,611200
2023-08-24,75.38287353515625,76.14588009576408,75.35562453835958,75.63720674533879,441100
2023-08-25,74.96504211425781,75.8370446934605,74.274704140283,75.62813109045447,657500
2023-08-28,76.17312622070312,76.34571243398887,75.26478940140551,75.35562169732327,840200
2023-08-29,76.57279968261719,76.79988389646829,74.07487333025502,74.85604358030764,982400
2023-08-30,77.65372467041016,78.34406269954205,76.69997502166973,76.74538771157488,504600
2023-08-31,78.19871520996094,78.57113664069831,77.50838420137381,77.72638310250343,739200
2023-09-01,78.18054962158203,79.07072275214696,78.08971732582478,78.50755143035609,601700
2023-09-05,77.4448013305664,78.38947248079614,77.29946410896484,77.95346774605159,433100
2023-09-06,76.73628234863281,77.46294750214508,76.27302872210494,77.17228005472846,334200
2023-09-07,76.07321166992188,77.2086327396222,76.04596267305871,76.53646540677649,376000
2023-09-08,76.03687286376953,76.52737556845643,75.88245727064398,76.05504348064302,315300
2023-09-11,77.31763458251953,77.48113549148634,76.20946252508455,76.64546032895592,347600
2023-09-12,77.86263275146484,78.18054925013472,77.09962622459722,77.44479864891872,454600
2023-09-13,78.79821014404297,79.20695889438032,78.07153799893302,78.07153799893302,618600
2023-09-14,79.99722290039062,80.32422470770712,79.40680258551029,79.40680258551029,410000
2023-09-15,80.44231414794922,80.66031999495213,79.74289777981491,79.92456238892339,1149800
2023-09-18,80.30606079101562,80.92372316966949,79.9427246805852,80.84197618310408,458500
2023-09-19,79.65206146240234,80.605811007263,79.30688902040112,80.43323171632267,440700
2023-09-20,79.80648040771484,80.62398500187605,79.78830978892206,79.9518107077543,367900
2023-09-21,78.51663970947266,79.47038924609694,78.4984690915978,79.32505895339905,534900
2023-09-22,77.87171173095703,78.87995913620433,77.81720681414359,78.87995913620433,288800
2023-09-25,78.08063507080078,78.31680459305369,77.20863252332109,77.42663142767596,294400
2023-09-26,76.99063873291016,77.80814334111724,76.69088588822412,77.37213857338656,325400
2023-09-27,76.16404724121094,77.29038305032,75.74621310121984,77.20863605621895,518100
2023-09-28,77.21772766113281,77.35397959247038,76.18222407106511,76.3366396925525,367400
2023-09-29,76.63638305664062,77.83538742968832,76.54554382696742,77.83538742968832,637300
2023-10-02,74.1566162109375,76.30029162529094,74.07486922491056,76.25487201301384,1239200
2023-10-03,72.77595520019531,73.8296224045797,72.62153265976072,73.66612148475411,869900
2023-10-04,72.87586212158203,73.0030287150039,71.30443645992686,72.70327591762684,544000
2023-10-05,73.42086791992188,73.46628060356386,72.57611438750806,72.57611438750806,527100
2023-10-06,73.62069702148438,73.75694199116188,71.53151970567576,72.94852283079773,548600
2023-10-09,73.4753646850586,73.63886558957097,72.04019084879003,73.1665334932352,431300
2023-10-10,74.4018783569336,74.82879087610928,73.89320498355869,73.89320498355869,664600
2023-10-11,74.88329315185547,75.28295665885969,74.08395227772644,74.62895993919997,512600
2023-10-12,73.81144714355469,75.05586407095872,73.35727876302838,74.89236317676686,505700
2023-10-13,73.15744018554688,74.6471118504178,73.07568627719975,74.13844550535725,457500
2023-10-16,74.54719543457031,74.58352973551422,73.23918832082666,73.87502819225618,666100
2023-10-17,74.54719543457031,74.98320011583797,73.6661076943435,73.6661076943435,424000
2023-10-18,72.49435424804688,74.1111925642328,72.44894156830179,73.8659446894428,599800
2023-10-19,71.80403137207031,72.96670144109822,71.7495264481682,72.36719578859682,828700
2023-10-20,70.41426086425781,72.02202077097942,70.39609717872813,71.7676875932077,826000
2023-10-23,70.34160614013672,71.29535565098814,69.82385442565737,70.02368270645955,905200
2023-10-24,69.44234466552734,70.3506814534613,68.9427635901995,70.3506814534613,756000
2023-10-25,68.98817443847656,69.8692622081707,68.6520942711092,68.92459114221305,1144300
2023-10-26,69.66034698486328,70.25076032331296,68.87917683207765,68.87917683207765,2807500
2023-10-27,68.3643569946289,69.98550240521409,68.1432939473797,69.72758731804451,3051000
2023-10-30,69.6354751586914,69.90259621632099,68.91701501694776,68.97227901939965,520000
2023-10-31,69.58943176269531,69.99471287069808,69.03676356797405,69.63548276061007,882800
2023-11-01,69.65390014648438,69.87496318048602,68.6038419506426,69.82890516081324,879700
2023-11-02,72.37116241455078,72.5461744751284,70.30789081169,70.47368986185091,1205500
2023-11-03,73.771240234375,74.30548241656462,73.15410203812223,73.43964915065428,789100
2023-11-06,73.03434753417969,74.37915872479324,72.81328450999486,74.10282467396208,571300
2023-11-07,72.03956604003906,72.48169919354939,71.8737669859062,72.44485417846786,498000
2023-11-08,71.28424835205078,72.12245648698658,71.24740334340304,71.73558740991868,838700
2023-11-09,71.330322265625,72.38038064995635,71.22900022613088,71.59744336724872,444900
2023-11-10,71.64347839355469,71.69874239278634,70.76843227754152,71.37635735149027,603700
2023-11-13,71.91060638427734,72.40800350782582,71.12766920048469,71.48689928513623,668100
2023-11-14,74.1396713256836,74.46205637382023,73.20014818147584,73.4488432107621,984700
2023-11-15,74.83050537109375,75.2357934794238,74.36995325797962,74.48970130496852,532700
2023-11-16,74.33311462402344,74.71077076236743,73.97388450716693,74.63708073135376,480500
2023-11-17,75.22657775878906,75.50291182768726,74.78445168151269,74.78445168151269,892100
2023-11-20,74.93183135986328,75.26342946103463,74.71998131201198,75.25421645059434,629600
2023-11-21,74.44364929199219,75.35554058187796,74.29627625818239,74.69234436106353,1058500
2023-11-22,74.26863098144531,75.06078117553837,73.64227982861516,74.14888996232614,868600
2023-11-24,75.21736145019531,75.401579452525,74.26861835854508,74.44363037998471,426800
2023-11-27,74.25021362304688,74.69233972449922,74.07520156801034,74.69233972449922,602300
2023-11-28,73.62386322021484,74.00151230964534,72.63828195064605,73.7251852502379,600200
2023-11-29,74.61865997314453,75.03315408972743,73.485698612367,73.55938864163845,568800
2023-11-30,75.79767608642578,76.03716517968762,74.73840470244629,75.0792158341086,798100
2023-12-01,77.57540130615234,77.74120035277843,74.78445654416954,75.05157762081534,1359600
2023-12-04,77.69513702392578,78.09121210673936,76.61744680817743,76.61744680817743,760600
2023-12-05,78.41360473632812,78.72678384545128,77.33591441655989,77.5938224902684,647000
2023-12-06,79.06758117675781,79.94263438348105,78.87415013800022,79.19654223006356,650700
2023-12-07,79.27944946289062,79.39919049599399,78.56098920933375,79.15970842978726,758600
2023-12-08,80.3479232788086,80.60583133304826,79.28865203249508,79.47287006338986,796400
2023-12-11,80.92822265625,81.10323471835491,80.0439633901643,80.68873357560139,491800
2023-12-12,80.69793701171875,81.01110905678401,80.25580391739865,81.01110905678401,457900
2023-12-13,83.23097229003906,83.32308130035779,80.24659678541678,80.83610288441706,867300
2023-12-14,85.45083618164062,85.73638327113947,84.05076084647548,84.08760585890977,1362200
2023-12-15,85.19293212890625,86.17851341860826,85.1008231072222,85.66269727520321,810500
2023-12-18,86.60221862792969,86.68512166484216,85.33109729083635,85.4232063104864,815400
2023-12-19,88.52732849121094,88.55496049383589,87.07198211491065,87.07198211491065,507700
2023-12-20,87.74439239501953,89.66028388480589,87.70754738190298,88.7391796392954,808900
2023-12-21,89.59580993652344,89.65108097182461,88.36153357846166,88.36153357846166,782500
2023-12-22,90.48007202148438,90.81166308054058,89.83529484103578,89.83529484103578,630900
2023-12-26,91.16168975830078,91.27221777194771,90.48928055625485,90.77482765560094,260300
2023-12-27,91.69593048095703,91.95383854538782,90.83009024110989,90.99588928645365,452700
2023-12-28,90.9866714477539,92.22095472591502,90.83008542086898,91.48406855738892,608700
2023-12-29,91.1340560913086,91.55776319997891,90.71955496529561,90.77482599857795,353900
2024-01-02,90.16688537597656,90.88534549411709,89.90897733638427,90.15767236671483,592800
2024-01-03,89.21815490722656,89.75239703899857,88.96024685118972,89.45764397103254,409900
2024-01-04,89.36552429199219,90.24057747791049,88.9049722028143,89.03393325305392,920400
2024-01-05,89.90898895263672,90.88535723651644,89.13525770642666,89.4115918002448,560700
2024-01-08,90.8485107421875,90.94062679027152,89.60502139519903,89.90898748795358,428800
2024-01-09,89.25498962402344,90.49847876646628,89.22735762513062,90.19451272371211,433700
2024-01-10,87.95624542236328,89.78003498248046,87.83650439626989,89.22737382190395,916300
2024-01-11,87.20093536376953,87.82728651836824,86.34430815273699,87.82728651836824,596900
2024-01-12,86.86933898925781,88.28784036809198,86.70353994426505,87.9286102751856,383900
2024-01-16,86.9522476196289,87.0535696551691,85.8008672407341,86.46406346337241,544000
2024-01-17,86.17852020263672,86.6943434141156,85.72718104162759,85.95745712769917,443500
2024-01-18,86.29825592041016,86.90618104639466,86.09561186925951,86.2429848889807,331400
2024-01-19,88.27863311767578,88.4075941854999,86.16931044579526,86.344315484868,631800
2024-01-22,88.3707504272461,88.90498559026334,87.85492723101574,88.66550352760564,678900
2024-01-23,88.0022964477539,89.0431416678451,87.80886540831044,88.4167905283517,330200
2024-01-24,88.51811218261719,89.11683131789496,88.3707391649533,89.04314129532935,485700
2024-01-25,89.07999420166016,89.37474729057887,88.72076409414885,89.20894823884535,613300
2024-01-26,89.1905288696289,89.46685593637557,88.89577578195171,89.37474691412669,1909900
2024-01-29,89.68722534179688,89.7245026818261,88.08433527016855,88.99761232607037,2365400
2024-01-30,89.34242248535156,89.79905745883265,88.7459992640914,89.54743719084517,582000
2024-01-31,87.76749420166016,89.58472020817457,87.64634817120123,88.96034071977486,914700
2024-02-01,87.7022476196289,88.14024744082006,86.9660362131475,87.78611629521443,1233800
2024-02-02,87.1058349609375,87.32949189941473,86.36962346561046,87.31085678367742,588000
2024-02-05,85.93162536621094,86.87285870371613,85.62409262574992,86.87285870371613,421400
2024-02-06,85.78252410888672,86.30439268551214,85.46567025170265,85.54954605004664,644200
2024-02-07,85.50294494628906,85.97822216238283,85.24201066605747,85.9036674794807,437600
2024-02-08,85.62409210205078,85.66136944399315,84.6921798832695,85.18609933156141,314700
2024-02-09,86.33235168457031,86.35099391143419,85.17678246643159,85.77320574740166,440100
2024-02-12,87.44132232666016,87.45995744205713,86.21119852261248,86.31370943211026,450500
2024-02-13,84.41261291503906,86.2018827202556,83.5645693587563,86.2018827202556,1258100
2024-02-14,86.27643585205078,86.28574985519238,85.17677913762685,85.31656739393752,445500
2024-02-15,88.13093566894531,88.31731526328174,86.51872444922466,86.51872444922466,507600
2024-02-16,87.77680206298828,88.46641501905056,87.51586781528498,87.82339340154958,269700
2024-02-20,88.15889739990234,88.50370749186582,87.60907258534226,87.60907258534226,520700
2024-02-21,87.87931823730469,88.29867585915636,87.63701908849517,88.2241211810726,342100
2024-02-22,88.32664489746094,89.50085636285695,88.11230905428815,88.53166673696636,567300
2024-02-23,88.45710754394531,88.99761834604176,88.28936305743008,88.36391774253154,2508500
2024-02-26,87.48792266845703,88.81124351537358,87.45064532390325,88.11230930232476,774300
2024-02-27,84.23554229736328,84.77605307402283,82.5208272802822,84.4312430041002,2282700
2024-02-28,83.4341049194336,84.45920700088541,83.28500265245903,84.11440400917311,672500
2024-02-29,84.33805847167969,84.44989050104984,83.49933602621918,83.93733592051113,832500
2024-03-01,84.58036041259766,84.99039698050964,83.76959417048798,84.5617181854633,619900
2024-03-04,85.15813446044922,85.62409056145613,84.3846527363214,84.44056519326595,916900
2024-03-05,85.24201202392578,85.73592436364994,84.92515817150729,85.07426753968682,670000
2024-03-06,86.17391967773438,86.62123353871166,85.61477379654995,86.0248103174582,795700
2024-03-07,87.48792266845703,87.59975470211837,86.31371830968209,86.72375487992072,422300
2024-03-08,87.62770080566406,88.02842332589644,87.46927744206481,87.80476639434892,396600
2024-03-11,88.00047302246094,88.12161905397032,87.05923967019221,87.15242947211682,361600
2024-03-12,88.09366607666016,88.2334543396709,87.65566617052548,88.19617699553962,289200
2024-03-13,89.02557373046875,89.09080730183183,88.07502638918879,88.16821618971804,868100
2024-03-14,87.3853988647461,89.02556623366193,87.12446460126696,89.02556623366193,379900
2024-03-15,87.4599609375,87.94455927629814,86.63988073866797,87.11515796443221,437900
2024-03-18,87.52519989013672,87.72090061632447,86.7610321026732,87.5345210037437,256500
2024-03-19,87.63702392578125,88.08433779912329,87.16174671417023,87.29221385305549,371800
2024-03-20,89.584716796875,89.60335902234408,87.3667683310832,87.45063701591664,415500
2024-03-21,89.87361907958984,90.42344389074279,89.44494030057412,89.79906439369333,413000
2024-03-22,88.98829650878906,90.0227196488945,88.932384050381,89.59404087793857,317800
2024-03-25,89.1746826171875,89.79906209827675,89.10012793319672,89.10012793319672,2251100
2024-03-26,89.43562316894531,89.66860124029927,89.20264509759136,89.5288129755016,271100
2024-03-27,89.81770324707031,89.8643017051759,89.17468860675719,89.32379087482745,452600
2024-03-28,91.02919006347656,91.30876658612976,89.76178881798765,89.92953330959432,397200
2024-04-01,90.96395111083984,91.34603141861884,90.39548409567094,90.98258622661588,731800
2024-04-02,89.87361907958984,90.99191092833294,89.69655347806716,90.58186726582825,414600
2024-04-03,90.30228424072266,91.20624011860144,89.65926261420577,89.74313840067215,479700
2024-04-04,90.03204345703125,92.24999206269953,89.81770051017395,91.27148846163688,858600
2024-04-05,90.53526306152344,90.93598555389782,89.416964261678,89.71517585298508,369200
2024-04-08,91.35535430908203,91.60697459147302,90.62846391093213,90.87076308029077,347100
2024-04-09,91.66287994384766,92.10087979337428,90.88939115042513,91.75606973716863,589700
2024-04-10,89.06285858154297,90.33958099720464,88.28936966307802,90.12523803898272,962400
2024-04-11,88.35459899902344,89.06285430663006,87.6743070315244,89.06285430663006,896100
2024-04-12,86.68647003173828,87.73021425911764,86.30438972550645,87.59974711943596,701300
2024-04-15,86.43485260009766,88.01910042373032,86.09936365463477,87.30153119088918,711800
2024-04-16,84.953125,86.18324889830535,84.65490625139138,85.99686218042497,709100
2024-04-17,84.76673889160156,85.81979719297371,84.19827184035006,85.27929348205006,654800
2024-04-18,84.8133316040039,85.63341178324653,84.1889450243163,85.34452127543082,718100
2024-04-19,85.86639404296875,86.31371505079848,84.94380290735732,85.03699271026004,351600
2024-04-22,86.65850830078125,87.01263946593933,86.0154937560147,86.49076383042359,409000
2024-04-23,87.4320068359375,87.59043021173872,86.70511641997783,86.97537182512907,606000
2024-04-24,86.51873016357422,87.73021893655421,86.04346003364817,87.06856209005555,348900
2024-04-25,86.40689849853516,86.70511011184631,85.0649426836721,85.79183304674768,3247100
2024-04-26,85.742919921875,86.67664893008752,85.33735969475077,86.49744572403544,3961600
2024-04-29,85.1015625,86.2333547142446,84.64884129684651,86.01642415537202,666600
2024-04-30,84.2432861328125,85.13928775629552,84.15840494976582,84.43191578120056,1133100
2024-05-01,84.55452728271484,85.63916569587786,84.01692489647014,84.37532408871344,502100
2024-05-02,84.78089141845703,85.2241790225235,84.03579204928829,85.05440945491847,778400
2024-05-03,86.04473114013672,86.35596934374131,85.34678560293877,85.60144354633151,486900
2024-05-06,87.76128387451172,87.89332606445512,86.16733675850385,86.49744223336238,531100
2024-05-07,86.82755279541016,88.1574156094473,86.72380432641037,88.09139451060744,311100
2024-05-08,87.58208465576172,87.6103783840697,86.37483760955448,86.39369769650646,391600
2024-05-09,87.89332580566406,88.6761453020923,87.6481015125942,87.70468896647199,778100
2024-05-10,88.42150115966797,88.91194258663245,88.18571048990886,88.3932074306185,3098200
2024-05-13,88.76103210449219,89.12886493969366,88.51580781577137,88.6101226358149,656600
2024-05-14,89.12886810302734,89.39295248682586,88.89307744667012,89.19488919897697,359000
2024-05-15,89.83624267578125,90.04373961071094,89.3646613493992,89.3646613493992,551700
2024-05-16,89.08170318603516,90.05316669205351,89.05340945983491,89.83623613158586,594100
2024-05-17,89.80795288085938,89.91170135286812,89.07228713080485,89.39295899282439,652600
2024-05-20,88.83648681640625,89.9777126888919,88.81761953494659,89.47783766660375,176300
2024-05-21,89.25147247314453,89.99657177582257,88.60069518519896,88.83648583051126,660600
2024-05-22,89.11000061035156,89.26090287608298,88.53467088099721,88.73273415238424,453200
2024-05-23,89.17603302001953,89.96828620612916,88.51581483583476,89.35522903358618,841700
2024-05-24,90.04373931884766,90.43043226343234,89.28920632077808,89.28920632077808,1433500
2024-05-28,90.64735412597656,90.91143849118913,90.14747912100142,90.22293385270767,998800
2024-05-29,82.03629302978516,87.57265335321361,81.8382225348194,87.57265335321361,3325700
2024-05-30,82.64933776855469,83.02660425556252,81.7910635264776,82.67763869158205,1238100
2024-05-31,84.04521942138672,84.08294678868023,82.42297860656335,82.98887472444697,946400
2024-06-03,83.8848876953125,84.42249011350663,83.03603987822706,83.51705484053545,527400
2024-06-04,82.55502319335938,83.3944373516957,81.90423868121289,83.3944373516957,902700
2024-06-05,81.8853759765625,82.83797220960872,81.52697678195796,82.7625174752416,520600
2024-06-06,81.61186218261719,82.26264670761581,81.14971450329347,81.92310758116086,811200
2024-06-07,80.13108825683594,81.20629297304401,80.01790616195542,80.92334852948136,915100
2024-06-10,79.65007019042969,80.01790298950914,79.0087194030524,79.54632173984227,622400
2024-06-11,78.77294158935547,79.22566282879727,78.36738136085384,79.22566282879727,439300
2024-06-12,80.07450103759766,80.81016666703931,79.74439558794552,80.0839346778046,580000
2024-06-13,79.66895294189453,79.91417725415677,78.9238535592302,79.91417725415677,403000
2024-06-14,78.83895111083984,79.09360901930796,78.39567077358745,79.05588165524755,425100
2024-06-17,79.02759552001953,79.10305025538615,78.62203531212342,78.74464386027448,399100
2024-06-18,79.3765640258789,79.65007483436476,78.76350692641641,79.0370249306615,739700
2024-06-20,79.12191009521484,79.76326095231684,78.71634988858035,79.31053973728501,400400
2024-06-21,79.00872802734375,79.27281960042183,78.65032882894862,78.88611947952006,508600
2024-06-24,80.37631225585938,80.47062707005718,79.19735908898924,79.51803089641356,1361300
2024-06-25,79.98018646240234,80.44233409329979,79.42371682067106,80.12165508713483,651600
2024-06-26,79.61236572265625,79.65008589780044,78.89556006699272,79.32941403875321,575400
2024-06-27,78.56544494628906,79.69723715179784,78.34851438909088,79.69723715179784,1436000
2024-06-28,79.08419036865234,79.43316315553497,78.6126090221538,78.82953960767766,1259000
2024-07-01,78.44282531738281,79.73496056447237,78.36737058855444,79.30110666734775,311100
2024-07-02,79.50861358642578,79.60292841145899,78.46170247830929,78.46170247830929,1040400
2024-07-03,80.14053344726562,80.48007258508413,79.74440685173073,79.94247014949818,254900
2024-07-05,78.96157836914062,80.63097309688511,78.93328464090496,80.48007081437487,461300
2024-07-08,79.4614486694336,79.47088231020109,78.6786219882005,79.1784970124849,1210900
2024-07-09,79.79155731201172,79.81985103967992,78.82953459249372,79.35770336432637,1127600
2024-07-10,80.42347717285156,80.51779919583582,79.79155991511344,80.02735058105394,4165100
2024-07-11,80.8196029663086,81.67787716364239,80.56494504265616,80.87619041789387,1349800
2024-07-12,81.7155990600586,81.96082332677882,81.0553881832259,81.25345144627572,1319100
2024-07-15,81.79106140136719,82.14002695628076,81.61185820564862,81.9136699482612,434600
2024-07-16,82.77195739746094,82.78138384315254,81.70617898198314,82.05515175809464,676000
2024-07-17,82.29094696044922,82.79082204854346,81.97027509101537,82.33810797454737,673600
2024-07-18,81.81935119628906,82.56445047413254,81.56470047397356,82.29093247119563,646100
2024-07-19,82.00799560546875,82.15890509459656,81.22517601683981,81.489260427053,575600
2024-07-22,82.50787353515625,82.73423056113634,81.66845213878317,82.26264922615108,942100
2024-07-23,82.48900604248047,82.73423035086238,81.99856462147673,82.39469121487514,849800
2024-07-24,81.3477783203125,82.51729798801783,81.29119086412416,82.44185044502002,480500
2024-07-25,82.03629302978516,82.34753124524522,80.81017866812,81.22517254974701,517300
2024-07-26,82.36639404296875,82.52672996277121,81.9514001839414,82.52672996277121,5032000
2024-07-29,82.2720718383789,82.65876473943203,81.8004905666132,82.52672255899836,2169100
2024-07-30,78.82205963134766,81.31570355555354,78.82205963134766,81.21060689290366,2568900
2024-07-31,80.57048797607422,81.15329416336911,79.38576313902992,79.643730357285,920300
2024-08-01,78.95581817626953,80.87621222726472,78.44944732001501,80.87621222726472,923000
2024-08-02,77.13097381591797,78.14371555426958,76.56727285395027,77.9908450258485,1138900
2024-08-05,75.5736312866211,75.68828417535079,73.54814794393579,74.1022853496272,777200
2024-08-06,77.3411636352539,77.72333268570034,75.43032567229007,75.76472814722342,1572600
2024-08-07,76.6341552734375,78.79340420253659,76.26154245553448,78.67875130115553,741700
2024-08-08,77.68511199951172,77.76154726445156,77.01632165445822,77.07364445852907,1008600
2024-08-09,77.92396545410156,77.96218308594302,77.4080383581437,77.75198975544895,668700
2024-08-12,77.742431640625,78.13414956455736,77.36026265657526,78.057714309894,1380800
2024-08-13,79.18511199951172,79.2233296283858,78.17237034678449,78.33478980254878,454100
2024-08-14,79.6246109008789,79.81569906229603,79.25199809770052,79.29977196037181,537500
2024-08-15,80.93352508544922,81.3347992291106,80.18829959314468,80.28384001459736,638300
2024-08-16,81.6978759765625,81.74564255022162,80.49404606562457,81.00997317031225,420800
2024-08-19,82.54818725585938,82.77748573097016,81.82206691386361,82.02270399074393,2548900
2024-08-20,82.7966079711914,82.978132611186,82.25201218340375,82.40488271104968,809900
2024-08-21,82.7966079711914,83.20743111338693,82.52908454781102,82.96857638089114,429900
2024-08-22,82.90169525146484,83.10233963624448,82.55775115149292,82.84437244968082,706300
2024-08-23,84.34437561035156,84.48768989689212,83.09277923905,83.17876343741389,1202800
2024-08-26,84.81253051757812,85.19469952629277,84.61189342808814,84.79342534731279,2325600
2024-08-27,79.58639526367188,82.28067620164812,78.91759767710323,82.2520075123916,3541400
2024-08-28,78.22969818115234,79.42397182559068,77.51313399448935,79.25199612922084,1723200
2024-08-29,79.26155090332031,79.89213087484843,78.65963962171705,78.65963962171705,969100
2024-08-30,79.89213562011719,80.01633746009782,79.11824131006942,79.11824131006942,537000
2024-09-03,78.66918182373047,79.20422131748145,78.36344809413009,79.1182298336082,631700
2024-09-04,79.3475341796875,79.62459921686713,78.2965676692808,78.34434152494183,717100
2024-09-05,79.27110290527344,79.86345792530776,79.09912722123536,79.66282084214123,634400
2024-09-06,78.6596450805664,79.61506404487032,78.04817752655335,79.07047552678782,1214800
2024-09-09,79.31887817382812,79.6246119468437,78.84116869791205,78.92716019399637,663000
2024-09-10,79.19467163085938,79.37620355349212,78.0672770430826,79.30932452240653,780300
2024-09-11,80.5895767211914,80.73289100331108,79.00358525639737,79.08001322282963,909700
2024-09-12,81.3348159790039,81.45902511281193,80.3029690098453,80.73290463955568,835400
2024-09-13,81.74564361572266,82.86348933508373,81.40169220811435,81.76475607684988,849200
2024-09-16,83.00679016113281,83.1405482219824,81.93672567433613,82.24245942617341,507000
2024-09-17,83.7997817993164,84.19150700488386,83.17875812349337,83.17875812349337,997900
2024-09-18,82.99723815917969,84.03864120727734,82.8157062450364,83.809342724174,757100
2024-09-19,84.8412094116211,85.1182745047655,83.77113751636483,84.28706464679543,885900
2024-09-20,85.90171813964844,86.05458137561696,84.65967063454035,85.05138859923983,1665400
2024-09-23,85.9781494140625,86.21700415196409,85.49089099701631,86.05458467961536,569600
2024-09-24,86.08324432373047,86.38897809042952,85.72974398398755,85.81572818902728,535700
2024-09-25,85.46221923828125,86.21700105767367,85.46221923828125,86.07368676222258,451100
2024-09-26,86.7233657836914,87.19152626833686,85.90171227904031,85.97814024717638,2371200
2024-09-27,86.3985366821289,87.52593134438257,86.14057677069131,87.14376230324659,420800
2024-09-30,86.17877960205078,86.63738386928995,85.71062639433502,86.4176343207807,455800
2024-10-01,87.18196868896484,87.3539443708261,85.7488404365435,86.29342888089293,1340900
2024-10-02,86.9813461303711,88.08007943185405,86.79025795791797,87.06733034102366,862600
2024-10-03,87.15331268310547,87.4208288071615,86.31253939119489,86.50362754356897,1382500
2024-10-04,87.55458068847656,88.07050772956437,87.28706458330522,87.38260500811396,1127000
2024-10-07,86.83802032470703,87.5354793055872,86.35075466105835,87.30617352900695,789100
2024-10-08,85.99725341796875,86.78069658967011,85.77750387343185,86.64693853274066,613400
2024-10-09,85.73928833007812,86.00680445044452,85.35711931986859,85.61508649969875,679300
2024-10-10,87.13420104980469,87.16286973988352,85.21381430278494,85.31891096527073,1089700
2024-10-11,88.5386734008789,88.7775281412218,87.18198022515564,87.18198022515564,1735100
2024-10-14,89.09281158447266,89.53230339961424,88.50044924792479,88.7679726603858,855100
2024-10-15,88.61510467529297,88.85395940487597,88.25204811046324,88.80618554325223,820000
2024-10-16,89.66606903076172,89.85715719865112,88.86352059343109,88.89218199629744,937000
2024-10-17,89.4081039428711,90.11511189998627,89.20746684514656,89.80937813832016,1031000
2024-10-18,89.86669158935547,90.02911832807924,89.14057853674898,89.71382836906302,538900
2024-10-21,88.6533203125,89.89536050483144,88.2138284946657,89.80937630296434,732600
2024-10-22,88.89217376708984,89.05459322780861,87.97497251393563,88.2329324051203,512500
2024-10-23,89.16925048828125,89.21701706122153,88.29981576311356,88.54822672591403,1916800
2024-10-24,89.2265625,89.66605427994311,88.54821601643997,88.70107923633591,942100
2024-10-25,88.63421630859375,89.84760250533189,88.60555490523697,89.41765958717515,868500
2024-10-28,89.33167266845703,89.4845432007491,88.59600327728892,88.59600327728892,4275500
2024-10-29,88.85395050048828,89.41764410696574,88.58643439644698,88.73929761764181,573600
2024-10-30,88.85782623291016,89.09957676839585,88.1229025392942,88.50003278444062,1911900
2024-10-31,88.11323547363281,89.10924647277804,87.43632956578878,89.00287564979742,1114000
2024-11-01,87.7651138305664,89.03188423759187,87.5910531551427,88.77079691327663,670400
2024-11-04,87.08821105957031,88.16158403371075,86.70141610260946,87.85214364155753,1077600
2024-11-05,88.27762603759766,88.29696283419005,87.21392516163596,87.45567569606547,563600
2024-11-06,90.09558868408203,90.19228742370326,88.38399812209929,89.57340663695824,794800
2024-11-07,90.15361022949219,90.95621637617151,89.91185970127346,90.58875822922965,797500
2024-11-08,89.84416961669922,89.95053306141169,89.26396244835857,89.85383432590179,468700
2024-11-11,90.9852294921875,91.11094449440009,89.88284762243345,89.88284762243345,662000
2024-11-12,90.9852294921875,91.19797114734021,90.30833093273885,90.60809924083169,427600
2024-11-13,90.37601470947266,91.26565486423169,90.07624642154397,91.26565486423169,420500
2024-11-14,90.31800842285156,91.39138147250108,90.1246035531247,90.84985521490727,453200
2024-11-15,90.10526275634766,90.95622201245838,90.00856401459616,90.64678161226894,844500
2024-11-18,89.97955322265625,90.43403803701929,89.41869020368789,90.43403803701929,2467500
2024-11-19,90.9852294921875,91.04325463845522,88.76112895568413,89.50571737107762,486900
2024-11-20,90.93688201904297,90.94655410617051,90.27932026954629,90.56942386224573,373400
2024-11-21,91.50741577148438,92.04894202170924,90.74348314615185,91.12062079257689,578200
2024-11-22,91.78783416748047,91.93288595264524,91.43004812539968,91.83618722174882,445800
2024-11-25,92.41639709472656,92.70650069679219,91.87487824035452,92.10695669542238,863100
2024-11-26,91.28500366210938,91.53642628471863,90.74347744590168,91.44939225558277,452400
2024-11-27,91.8265151977539,92.00057586454183,90.96588395020257,91.35268625169132,815100
2024-11-29,92.1069564819336,92.2520082826302,91.3043429120346,91.57510233859304,208300
2024-12-02,91.95223236083984,92.2229991643533,91.24632491162119,91.84586891008227,1000500
2024-12-03,92.14563751220703,92.33903499483071,91.13028228433001,92.18431848425998,862800
2024-12-04,92.11662292480469,92.74517577088069,91.95222695934685,92.29068359944665,1143100
2024-12-05,96.29407501220703,96.75823190860478,87.48468491375382,88.26795428745056,2259000
2024-12-06,99.97834777832031,101.1774283315671,96.30373680133873,96.49714165034024,1499000
2024-12-09,97.47381591796875,100.48119307888534,97.44479965736761,100.14273643730439,996100
2024-12-10,97.41578674316406,97.7929169613256,97.15469942968312,97.45446771139093,466800
2024-12-11,97.4061279296875,98.1313795281452,97.09668754278452,98.1313795281452,451700
2024-12-12,96.02330780029297,97.47381089469232,95.88792810169359,97.47381089469232,458300
2024-12-13,95.75254821777344,96.274730256297,95.3850900622083,96.274730256297,401100
2024-12-16,95.34640502929688,95.75254413829832,95.06597353661289,95.61716443529784,703500
2024-12-17,94.9112548828125,95.18201428266555,94.1376502738264,94.64049548295947,490200
2024-12-18,92.55177307128906,95.1723479609424,91.92322021062044,95.05631242691426,1127600
2024-12-19,93.43174743652344,94.13765485223797,93.29636773001268,94.05062820275563,1096800
2024-12-20,93.35438537597656,93.58646381860426,92.48408199407187,93.09329067258483,535500
2024-12-23,93.77987670898438,93.93459322478714,92.60979755332723,92.87089227910376,409600
2024-12-24,93.64447784423828,94.05062432466414,93.36405373348667,94.05062432466414,221700
2024-12-26,93.80888366699219,93.94426338215328,93.48009908900013,93.65415977672743,266500
2024-12-27,93.84756469726562,94.20535078285089,93.43175346397481,93.43175346397481,209200
2024-12-30,93.68316650390625,94.02162316165436,92.85154405699103,93.41240707982054,251600
2024-12-31,93.84756469726562,94.3310657881786,93.53812429418696,93.77987483964345,286300
2025-01-02,93.837890625,94.60182321780196,93.63482105642848,94.01195130915286,380000
2025-01-03,92.89022827148438,94.36007573589228,92.73551175702322,94.1956871337644,495600
2025-01-06,93.05461120605469,94.47609803285275,92.95790509822716,94.07963102579266,692700
2025-01-07,93.67350006103516,94.09897598630852,92.97725733904494,93.59613811911605,449100
2025-01-08,95.19168853759766,95.73320734963956,93.547780550464,93.74118539593645,715300
2025-01-10,94.22469329833984,95.08532463479493,94.05063261357134,95.0756525474075,770600
2025-01-13,93.69284057617188,94.19568584096208,93.34471920136053,93.74119363620055,685400
2025-01-14,94.553466796875,94.78554524161373,93.61547355327005,94.05062893700098,416800
2025-01-15,95.90727233886719,96.52615311695607,95.54947889186798,95.96529010630026,598600
2025-01-16,95.92660522460938,96.09100118836882,94.95960312606435,95.7138709601475,432000
2025-01-17,95.80089569091797,96.53581933684681,95.51079211610279,95.85891345482486,375200
2025-01-21,96.86460876464844,97.21273014743937,96.43913281273609,96.44879752285044,444600
2025-01-22,96.80658721923828,97.16438067583574,96.41011279076751,96.75823415998637,307500
2025-01-23,96.86460876464844,97.27074791869076,96.43913281273609,96.95164279916682,306100
2025-01-24,97.6382064819336,97.87995701501647,96.93229167916967,97.20305109579996,304800
2025-01-27,97.54150390625,98.19906562546788,96.84526121794396,96.87427010034996,392200
2025-01-28,97.07733917236328,97.53183133483984,96.41010536977934,97.46414148368208,1831800
2025-01-29,97.58019256591797,97.68655601724264,96.55516524839734,96.55516524839734,398600
2025-01-30,97.3778076171875,98.23817857595782,96.7520873521767,97.8568730633921,599700
2025-01-31,96.8302993774414,98.61947166666046,96.73253198954839,96.93784574187579,556300
2025-02-03,95.36376190185547,95.71573044981376,90.91527509021064,93.27150856631073,1318300
2025-02-04,95.38331604003906,97.20181778759472,95.23666868876322,96.59565551119185,590300
2025-02-05,96.26323699951172,96.40989180928457,95.55929987994077,95.55929987994077,388800
2025-02-06,97.4853515625,97.52446001048726,96.69342600348578,96.82052286506406,367100
2025-02-07,97.3680191040039,97.5440033775008,96.45877572663869,97.33868963494996,428900
2025-02-10,97.14315795898438,97.62222337351065,96.59565462809721,97.19204538174506,396200
2025-02-11,97.3973617553711,97.69066392231842,96.69342462001966,96.73253306744736,663100
2025-02-12,96.47833251953125,97.02583586875144,95.93082917031106,96.6934252522031,409200
2025-02-13,98.2283935546875,98.23817253111923,96.43922128552664,96.56631814244534,1958600
2025-02-14,98.79545593261719,99.31362980162287,98.384820968855,98.52169680371787,392700
2025-02-18,99.0789794921875,99.46028498693735,98.44348773900946,98.62924353892252,328400
2025-02-19,98.73678588867188,98.82478175593542,97.79820557317608,98.7661153580353,368600
2025-02-20,98.66835021972656,99.16697358777455,97.81776575213269,98.92255139195132,352600
2025-02-21,98.21862030029297,99.79269993469943,98.05241498713798,99.01054587640996,1226200
2025-02-24,97.55378723144531,98.43370864292747,97.53423673748952,98.25772436063104,503400
2025-02-25,101.81651306152344,103.63501486244745,99.8220269747302,99.86113542260934,1555400
2025-02-26,101.62097930908203,102.81376087435105,100.93659265303606,101.92406045924344,763800
2025-02-27,100.71172332763672,101.75785002398683,100.21309996121236,101.33744355017285,447500
2025-02-28,100.52596282958984,100.88771037345435,99.48961508118565,100.70194711320316,595800
2025-03-03,99.35273742675781,101.66008356560775,98.65857928164574,101.21034015858025,603500
2025-03-04,97.30937194824219,98.62925042969489,95.8917260717141,98.62925042969489,1137700
2025-03-05,97.18226623535156,98.44348565680184,96.05792264638363,97.84709490419728,644200
2025-03-06,95.93082427978516,96.78140873122203,95.13889130812281,96.6249824076367,636600
2025-03-07,96.31212615966797,96.5076609367763,94.39585699914649,95.4615342149821,414100
2025-03-10,95.48109436035156,95.93083032536515,94.55228549982834,94.83581615456656,549200
2025-03-11,93.12486267089844,95.88194492089823,92.72400666325014,95.29533310456989,1034800
2025-03-12,94.7478256225586,95.0117983177318,93.22262601533176,93.8874547007451,883400
2025-03-13,92.80221557617188,94.92379840127823,92.77288610675517,94.0145550126669,608200
2025-03-14,94.728271484375,94.99225164935324,93.21285079273022,93.44750148586063,396400
2025-03-17,95.83305358886719,95.98948737840483,94.37629935487259,94.8064848169275,412600
2025-03-18,95.50064849853516,96.58588373390735,94.8749282225407,95.81350863653238,468800
2025-03-19,95.89171600341797,96.19479713408137,95.08023253706456,95.7157317270904,433400
2025-03-20,95.71572875976562,96.03836783289277,94.84558638133646,95.05090012082472,359700
2025-03-21,94.5425033569336,95.33443635198327,93.84834520858222,94.86514244902148,1041000
2025-03-24,95.29532623291016,95.94059694658927,95.11934195478432,95.2268883169264,608600
2025-03-25,95.96015167236328,96.48810448898709,95.71572948647298,95.96015167236328,452900
2025-03-26,95.40287017822266,96.68364005597576,94.96290576446694,96.36100097772288,320600
2025-03-27,94.86514282226562,95.32465775053083,94.45451531754192,95.2268903626214,266400
2025-03-28,93.1444091796875,94.87492254184889,93.05642076763199,94.53273295189918,588300
2025-03-31,93.37905883789062,93.77990736480797,91.32591386156936,92.19605629181586,535800
2025-04-01,94.27852630615234,94.68915379027692,92.3818077473295,93.20307017475184,432100
2025-04-02,95.36376190185547,95.60818409020577,93.19329167583705,93.5941476451347,558000
2025-04-03,93.90701293945312,95.79395263620282,93.82879604465528,93.85812551541106,1104600
2025-04-04,87.21961212158203,91.25746395661261,86.60367089700308,90.87616594246758,1636500
2025-04-07,86.15393829345703,88.60793176961188,83.49462360867993,83.60216997160646,1113900
2025-04-08,85.58687591552734,89.17499191519282,84.93182622910471,88.8523528305345,945700
2025-04-09,89.67362213134766,90.04514120745361,83.61194681180868,84.98071268778031,1329900
2025-04-10,86.9947509765625,89.04789592391083,85.65531466188828,88.89146213861744,1012600
2025-04-11,89.10655975341797,89.48785780202704,87.55203808742311,87.59113907671863,910200
2025-04-14,90.14290618896484,90.56331267978551,89.292321689732,90.36777789952305,516900
2025-04-15,90.62197875976562,91.4139043139455,90.20157227043615,90.81751353933453,513100
2025-04-16,90.76862335205078,91.18902982858398,89.72249664893424,90.6219760014246,663600
2025-04-17,91.34546661376953,91.59966779515638,90.25045245171165,91.12059490347083,439300
2025-04-21,90.24067687988281,91.30635406380107,89.69316609386506,91.2281371716309,372000
2025-04-22,92.00051879882812,92.23516203299863,90.86640361769241,91.06193840297217,2597200
2025-04-23,92.02007293701172,93.90701262749297,91.56055800556793,93.58437353190389,745600
2025-04-24,93.30084228515625,93.40838864966283,92.22538609926417,92.4600293221996,408600
2025-04-25,92.89021301269531,93.61370062083081,92.52846547904083,93.38882891954866,1970700
2025-04-28,93.74079895019531,93.79946535011511,93.02709030720406,93.25195455284707,2059800
2025-04-29,94.24547576904297,94.32464219910662,92.94915756308762,93.40435321136411,562600
2025-04-30,94.48297882080078,94.86890574556773,92.79082839715915,93.81007923792288,634600
2025-05-01,95.31420135498047,95.81887791704605,94.04756865387398,94.16631830075012,509100
2025-05-02,96.61051940917969,96.89749205966035,96.18500927911887,96.58083388494485,450300
2025-05-05,96.78864288330078,97.20426288370082,95.9871035070411,96.22459525746497,466400
2025-05-06,97.00634765625,97.25373710046148,96.50167107613511,96.92718122216792,487400
2025-05-07,97.01624298095703,97.6396616472583,96.85791011665584,96.97665976488173,445400
2025-05-08,98.09485626220703,98.43130982039845,97.0657153043957,97.0657153043957,671200
2025-05-09,98.5401611328125,98.65890322927146,98.15423421986812,98.55994896564687,386100
2025-05-12,100.40052795410156,101.05363969001093,99.98491551291913,100.14324082634396,583800
2025-05-13,100.8062515258789,100.934891316518,99.69794411901167,100.55886208637763,370000
2025-05-14,101.38018798828125,101.3999833710345,100.7468716352537,100.93489002277722,520600
2025-05-15,101.7265396118164,101.88486492579044,100.40052830236739,100.974473608692,445000
2025-05-16,101.77600860595703,102.10256446104394,101.39008170439111,101.87496286666412,1555400
2025-05-19,102.40933227539062,102.77547137095236,101.6176905832588,101.95413660372633,281200
2025-05-20,102.44891357421875,102.8249503544377,102.27079287562202,102.38954252459536,558500
2025-05-21,102.30047607421875,102.65671746331161,101.88486363685253,102.27079055008207,610500
2025-05-22,102.5577621459961,102.90410584024315,101.76611294509458,102.68640193250891,346200
2025-05-23,102.8546371459961,103.47805582389931,101.62758007400565,101.62758007400565,554400
2025-05-27,103.71554565429688,103.96293509249506,102.70620006832792,102.83483985828943,723300
2025-05-28,105.18009185791016,107.24826388640355,104.87333137801768,104.88322151949876,1071600
2025-05-29,105.8628921508789,106.42693977030068,104.97228865975862,106.24881907207661,952000
2025-05-30,106.22901916503906,106.52588949934497,105.74413799875056,105.94204652180368,461500
2025-06-02,106.73369598388672,106.84254793675959,105.75403595775713,106.1696483870574,352800
2025-06-03,106.6644287109375,106.93160597637902,106.29828963263303,106.47641032616949,492400
2025-06-04,107.06025695800781,107.41649835720874,106.53579255077496,106.79307213374382,432400
2025-06-05,107.17899322509766,107.69356746248476,107.00087253519077,107.6144010336981,386000
2025-06-06,107.15921020507812,107.96074957079163,107.01077503186875,107.65398908262503,398300
2025-06-09,106.92171478271484,107.23837295147179,106.20923201558018,106.20923201558018,317400
2025-06-10,106.72380065917969,107.23837491139314,106.44672570016924,107.04045883372396,1371400
2025-06-11,106.61495208740234,107.15921188110708,106.49620998675887,106.8425536965134,348900
2025-06-12,107.23837280273438,107.38680042090968,106.80296499015014,107.01077120532182,299500
2025-06-13,105.83319854736328,106.68421881798785,105.76392980671832,106.476412596053,396800
2025-06-16,105.81340789794922,107.30764217749402,105.73424146796874,106.5951594071223,447200
2025-06-17,105.1009292602539,105.84309758361955,104.95249408563546,105.58581045092936,417900
2025-06-18,105.14051055908203,105.59570621647653,104.78426916638608,105.22956713239279,397800
2025-06-20,104.00251770019531,105.19988166810322,103.94314665128753,105.19988166810322,651000
2025-06-23,104.22022247314453,104.2795935225426,103.00306311239841,103.7452314287804,610200
2025-06-24,105.6155014038086,105.8628908399604,104.85353771261423,105.0217607172631,488100
2025-06-25,105.52643585205078,105.63528780646178,105.0910280344068,105.3681105409152,1494700
2025-06-26,107.96074676513672,107.99043228906183,106.12016878451652,106.12016878451652,607300
2025-06-27,107.98054504394531,108.68313014468167,107.39670204209443,108.04981378487068,610600
2025-06-30,109.47476959228516,109.58362154719991,108.16855368303453,108.43573849954396,564500
2025-07-01,110.13777923583984,110.21693811707092,109.20759254640545,109.29664911893782,414400
2025-07-02,110.96900177001953,110.97889946111195,109.55393393285287,109.67268357678321,637300
2025-07-03,112.02783203125,112.13668398778614,110.8700512750672,110.94921770704374,433800
2025-07-07,110.7710952758789,112.11689439950642,110.44453941138258,111.70127441299911,736300
2025-07-08,111.4439926147461,111.6616889703416,110.74140754285176,110.83046411335998,668300
2025-07-09,111.8497085571289,112.47313475630757,111.68148555565028,111.82002303330636,416200
2025-07-10,113.33404541015625,113.56164700953663,111.61221707689971,111.61221707689971,700600
2025-07-11,112.54240417480469,112.977804443042,111.978356569591,112.61167291405106,398100
2025-07-14,112.38407135009766,112.70072952242988,112.10699639302275,112.39396904134357,391500
2025-07-15,111.41429901123047,112.80957900702806,111.35492796450757,112.56218957938107,473400
2025-07-16,112.49292755126953,112.57209398477274,111.30546124762803,111.71117600731033,395400
2025-07-17,113.16582489013672,113.28457453803422,111.35493239576383,112.78979566305101,493300
2025-07-18,113.02729034423828,113.5022738487098,112.73041999164857,113.33405083878142,442700
2025-07-21,113.78924560546875,114.08611595569958,113.02728944614199,113.27467888809215,3533100
2025-07-22,113.65070343017578,114.2642319387858,113.47258273733587,113.81892643182285,746900
2025-07-23,113.63092041015625,114.45225517024464,113.51217075999143,114.00694964442155,834200
2025-07-24,112.88874816894531,113.95747233418935,112.76010083162944,113.95747233418935,502500
2025-07-25,113.24498748779297,113.28457070241859,111.62211343677383,112.18616103316798,432000
2025-07-28,112.1564712524414,112.94812046874145,111.98824824763875,112.80958298834791,565700
2025-07-29,112.10699462890625,112.56219027261297,111.79033646155695,112.2158465817194,2840600
2025-07-30,111.23999786376953,112.16000366210938,110.98999786376953,111.3499984741211,636100
2025-07-31,110.44000244140625,111.30999755859375,109.87000274658203,110.73999786376953,635900
2025-08-01,110.81999969482422,111.12999725341797,109.63999938964844,110.23999786376953,730500
2025-08-04,111.94999694824219,112.02999877929688,111.12000274658203,111.41000366210938,256400
2025-08-05,111.9800033569336,112.30999755859375,111.22000122070312,111.83999633789062,370000
2025-08-06,112.55000305175781,112.91999816894531,112.12000274658203,112.4000015258789,396000
2025-08-07,112.61000061035156,113.11000061035156,112.30999755859375,112.91999816894531,464700
2025-08-08,112.83999633789062,113.20999908447266,112.5,113.0,478300
2025-08-11,112.77999877929688,113.2300033569336,112.69000244140625,112.80999755859375,288200
2025-08-12,113.25,113.70999908447266,112.91999816894531,113.12000274658203,669800
2025-08-13,114.63999938964844,114.63999938964844,113.80999755859375,114.0,999700
2025-08-14,114.16999816894531,114.63999938964844,113.36000061035156,114.2699966430664,485200
2025-08-15,113.45999908447266,114.30999755859375,113.4000015258789,114.04000091552734,422400
2025-08-18,113.08000183105469,113.2699966430664,112.63999938964844,113.05000305175781,258900
2025-08-19,113.13999938964844,113.55000305175781,112.91999816894531,113.0999984741211,431600
2025-08-20,112.7300033569336,113.63999938964844,112.52999877929688,113.43000030517578,404500
2025-08-21,112.54000091552734,113.0,112.20999908447266,112.4000015258789,451600
2025-08-22,114.7300033569336,114.80000305175781,112.58000183105469,112.69999694824219,628600
2025-08-25,113.7699966430664,114.8499984741211,113.5999984741211,114.44999694824219,854300
2025-08-26,119.38999938964844,119.41000366210938,115.0999984741211,115.12999725341797,1799600
2025-08-27,119.11000061035156,120.30000305175781,118.12999725341797,119.3499984741211,1323100
2025-08-28,119.19999694824219,119.69000244140625,118.47000122070312,119.62999725341797,433100
2025-08-29,121.0,121.16999816894531,118.66000366210938,118.94000244140625,887100
2025-09-02,121.68000030517578,121.83000183105469,119.51000213623047,119.51000213623047,698900
2025-09-03,123.54000091552734,123.56999969482422,121.80999755859375,121.8499984741211,771100
2025-09-04,125.19000244140625,125.29000091552734,123.51000213623047,124.01000213623047,836700
2025-09-05,126.0999984741211,127.19999694824219,125.12999725341797,126.12999725341797,1017100
2025-09-08,126.94999694824219,127.0999984741211,125.87999725341797,126.72000122070312,566700
2025-09-09,126.48999786376953,127.29000091552734,126.05999755859375,126.72000122070312,569300
2025-09-10,126.30999755859375,127.0,126.16000366210938,126.94000244140625,455100
2025-09-11,126.7699966430664,127.37000274658203,126.33000183105469,126.48999786376953,451200
2025-09-12,126.30999755859375,127.0199966430664,126.05000305175781,126.45999908447266,320100
2025-09-15,127.79000091552734,127.93000030517578,126.06999969482422,126.6500015258789,476100
2025-09-16,129.8699951171875,130.0500030517578,127.45999908447266,128.11000061035156,802800
2025-09-17,129.72999572753906,131.25999450683594,129.3800048828125,129.8699951171875,702800
2025-09-18,129.38999938964844,131.05999755859375,128.8699951171875,129.44000244140625,684800
2025-09-19,130.32000732421875,130.72999572753906,129.2100067138672,129.9499969482422,628600
2025-09-22,129.61000061035156,130.41000366210938,129.41000366210938,130.11000061035156,408800
2025-09-23,130.66000366210938,131.0,129.4199981689453,129.7899932861328,760000
2025-09-24,128.30999755859375,130.75,128.1999969482422,130.25999450683594,697400
2025-09-25,129.38999938964844,129.52000427246094,127.70999908447266,128.08999633789062,674300
2025-09-26,130.6300048828125,130.9199981689453,129.67999267578125,129.82000732421875,496600
2025-09-29,129.8000030517578,131.36000061035156,129.77000427246094,130.55999755859375,409000
2025-09-30,130.25,130.33999633789062,128.64999389648438,130.00999450683594,586200
2025-10-01,130.4600067138672,131.0800018310547,129.92999267578125,129.92999267578125,347400
2025-10-02,130.27999877929688,130.72999572753906,129.3300018310547,130.72999572753906,564100
2025-10-03,129.02999877929688,129.38999938964844,126.16000366210938,128.9499969482422,803300
2025-10-06,129.25999450683594,129.49000549316406,127.66000366210938,129.4600067138672,659900
2025-10-07,128.69000244140625,130.0399932861328,128.4600067138672,129.5800018310547,400300
2025-10-08,127.08999633789062,129.5399932861328,126.69000244140625,129.14999389648438,430000
2025-10-09,126.41000366210938,127.25,126.0,127.25,330600
2025-10-10,125.66000366210938,127.52999877929688,125.5999984741211,127.01000213623047,446200
2025-10-13,126.80000305175781,126.98999786376953,125.41999816894531,126.69999694824219,326500
2025-10-14,127.76000213623047,127.91999816894531,124.83999633789062,125.26000213623047,426300
2025-10-15,128.25999450683594,129.30999755859375,128.0399932861328,128.13999938964844,1000000
2025-10-16,124.69999694824219,128.92999267578125,123.58000183105469,128.92999267578125,1523300
2025-10-17,124.91999816894531,126.02999877929688,124.29000091552734,124.88999938964844,766100
2025-10-20,125.80000305175781,126.1500015258789,125.22000122070312,125.37999725341797,386500
2025-10-21,125.27999877929688,126.2699966430664,125.27999877929688,125.77999877929688,1188900
2025-10-22,125.68000030517578,126.08000183105469,125.23999786376953,125.27999877929688,314000
2025-10-23,125.94000244140625,126.30000305175781,125.62000274658203,125.87999725341797,332600
2025-10-24,126.58999633789062,126.63999938964844,125.76000213623047,126.0199966430664,305900
2025-10-27,127.2699966430664,127.72000122070312,126.25,127.69000244140625,421400
2025-10-28,127.41999816894531,127.76000213623047,126.45999908447266,127.75,969100
2025-10-29,125.9800033569336,127.81999969482422,125.55999755859375,127.80999755859375,3445900
2025-10-30,123.66999816894531,125.26000213623047,123.25,125.26000213623047,563600
2025-10-31,124.18000030517578,124.47000122070312,122.83000183105469,123.66000366210938,493400
2025-11-03,124.83000183105469,124.91999816894531,122.9800033569336,123.27999877929688,669700
2025-11-04,122.48999786376953,124.41999816894531,122.0999984741211,124.41999816894531,711700
2025-11-05,122.7300033569336,123.41000366210938,121.91999816894531,122.56999969482422,900500
2025-11-06,122.93000030517578,123.30999755859375,122.06999969482422,122.91000366210938,763300
2025-11-07,123.58000183105469,123.66999816894531,121.79000091552734,123.02999877929688,700600
2025-11-10,125.3499984741211,125.43000030517578,123.80999755859375,123.88999938964844,524000
2025-11-11,125.19000244140625,125.80999755859375,124.81999969482422,125.43000030517578,319900
2025-11-12,126.26000213623047,126.77999877929688,125.19999694824219,125.19999694824219,860200
2025-11-13,124.13999938964844,126.37999725341797,123.8499984741211,126.27999877929688,863400
2025-11-14,123.95999908447266,123.9800033569336,121.97000122070312,123.43000030517578,1226400
2025-11-17,122.0999984741211,123.80000305175781,121.55999755859375,123.26000213623047,684400
2025-11-18,121.7300033569336,122.43000030517578,120.81999969482422,121.68000030517578,620500
2025-11-19,121.77999877929688,122.30000305175781,120.8499984741211,121.62999725341797,518300
2025-11-20,119.91999816894531,122.94999694824219,119.83999633789062,122.75,506000
2025-11-21,121.16999816894531,121.36000061035156,119.94999694824219,120.68000030517578,527800
2025-11-24,122.29000091552734,122.56999969482422,120.69000244140625,121.16999816894531,575800
2025-11-25,123.80999755859375,124.20999908447266,120.66999816894531,120.66999816894531,443100
2025-11-26,125.43000030517578,125.44999694824219,124.12999725341797,124.30999755859375,333500
2025-11-28,126.12999725341797,126.31999969482422,125.48999786376953,125.66999816894531,219900
2025-12-01,124.16999816894531,126.08000183105469,123.52999877929688,126.01000213623047,525500
2025-12-02,125.73999786376953,126.05999755859375,124.22000122070312,124.87000274658203,552100
2025-12-03,126.76000213623047,127.05999755859375,126.02999877929688,126.05000305175781,691000
2025-12-04,126.69000244140625,128.33999633789062,123.0199966430664,127.37999725341797,1237900
2025-12-05,128.85000610351562,129.47999572753906,127.47000122070312,127.47000122070312,797000
2025-12-08,126.56999969482422,128.64999389648438,126.5,128.64999389648438,1224300
2025-12-09,126.5,127.79000091552734,126.41999816894531,127.16999816894531,794900
2025-12-10,129.5800018310547,130.02999877929688,126.5,126.61000061035156,1251100
2025-12-11,132.08999633789062,132.39999389648438,129.8800048828125,129.8800048828125,711000
2025-12-12,131.66000366210938,132.9600067138672,131.47999572753906,132.4600067138672,1288900
2025-12-15,132.07000732421875,132.63999938964844,131.64999389648438,132.27999877929688,660200
2025-12-16,130.52000427246094,132.4499969482422,130.10000610351562,131.6300048828125,511400
2025-12-17,128.41000366210938,131.6699981689453,127.87000274658203,130.58999633789062,728200
2025-12-18,128.9199981689453,129.39999389648438,128.6699981689453,129.1300048828125,382700
2025-12-19,129.72000122070312,130.42999267578125,129.33999633789062,129.38999938964844,538400
2025-12-22,129.74000549316406,130.57000732421875,129.27000427246094,130.1699981689453,726900
2025-12-23,130.3300018310547,131.16000366210938,129.67999267578125,129.9600067138672,396100
2025-12-24,130.5,131.0800018310547,130.07000732421875,130.47000122070312,267000
2025-12-26,130.94000244140625,131.0399932861328,130.47000122070312,130.47000122070312,148600
2025-12-29,131.24000549316406,131.8800048828125,130.2899932861328,130.52999877929688,372300
2025-12-30,130.5,131.86000061035156,130.44000244140625,131.24000549316406,315000
2025-12-31,129.7899932861328,130.52999877929688,129.6999969482422,130.5,323200
