Date,Close,High,Low,Open,Volume
2019-01-02,12.610091209411621,12.703106147815571,12.434028233626902,12.596802599993989,4498106
2019-01-03,12.586838722229004,12.613414167858203,12.424063451810165,12.537009539694257,3840024
2019-01-04,13.108386039733887,13.115030346440943,12.696465661501787,12.733006240669967,5425530
2019-01-07,13.301057815551758,13.314345539471546,13.071843911995359,13.158213673513943,3966427
2019-01-08,13.31434440612793,13.483763093663988,13.227973764041312,13.39739333949737,2336358
2019-01-09,13.550202369689941,13.566812689927435,13.387427979554847,13.400714815072773,3438953
2019-01-10,13.516982078552246,13.573454675223813,13.420645427853751,13.457186885431803,4084422
2019-01-11,13.513660430908203,13.596708472025258,13.407357766224036,13.443899223966724,2316178
2019-01-14,13.533592224121094,13.563490266220859,13.40735841415319,13.463831013808306,1811126
2019-01-15,13.56348991394043,13.586742762187423,13.470474969272564,13.560167317402312,2279743
2019-01-16,13.663146018981934,13.72626291600274,13.566810263268,13.616639439227576,2236020
2019-01-17,13.849174499511719,13.889038549169596,13.56348806309593,13.593384324499635,2734907
2019-01-18,14.00531005859375,14.025241200814431,13.865787623448549,13.948836565141633,1834669
2019-01-22,13.789381980895996,13.935547823468587,13.70301222437949,13.872430916524973,3120563
2019-01-23,13.75948715209961,13.895686115436607,13.616643882104134,13.865788955273885,3003689
2019-01-24,13.80599308013916,13.835889349014836,13.643217796419917,13.802670483224018,2326268
2019-01-25,13.965447425842285,13.972090844621563,13.815960736186538,13.948837990973908,2251715
2019-01-28,13.86246395111084,13.879074269849053,13.696366979168436,13.845853632372625,2338040
2019-01-29,13.955477714538574,14.088355822061866,13.879073979206607,13.895682521757097,4215310
2019-01-30,14.088356971740723,14.104966403566566,13.882396820588205,13.988698604945629,2342804
2019-01-31,14.300960540771484,14.340823707431369,14.078390971607138,14.078390971607138,3937840
2019-02-01,14.380688667297363,14.433839562804884,14.300962324036083,14.330859480779045,2863272
2019-02-04,14.520210266113281,14.52353197511487,14.35079156407125,14.380688720925704,1833548
2019-02-05,14.639796257019043,14.643117965220954,14.54678221192652,14.58332366590712,2575711
2019-02-06,14.510244369506836,14.682984771388565,14.496955758365138,14.633155587327291,1705183
2019-02-07,14.526853561401367,14.530176158294964,14.340825428002779,14.453770636463316,3250890
2019-02-08,14.523530006408691,14.543462033556533,14.28102841168303,14.460413104333796,2807778
2019-02-11,14.32421588897705,14.616546698641063,14.284351829910086,14.560073206909573,3330487
2019-02-12,14.380688667297363,14.513565906066164,14.294318018137607,14.4836687493232,2959125
2019-02-13,14.32421588897705,14.440483693468865,14.300962150494676,14.433839387651018,3121684
2019-02-14,14.28102970123291,14.646443424553206,14.061781822408747,14.613224560200475,4905903
2019-02-15,14.593292236328125,14.613224264872974,14.294317135675497,14.344146319117602,4532019
2019-02-19,14.719526290893555,14.812541241735998,14.55010759716201,14.60990190793783,3875339
2019-02-20,14.789285659790039,14.802574270125424,14.702915020129886,14.712881033921438,4734656
2019-02-21,14.696272850036621,14.8258283765612,14.619868217684173,14.792609511663644,2079067
2019-02-22,14.766032218933105,14.79260855221548,14.682984174155658,14.722847342199232,1740497
2019-02-25,14.722846984863281,14.872334527338484,14.699593248755587,14.845759082621111,2221726
2019-02-26,14.88562297821045,14.91884361959456,14.722848583620818,14.722848583620818,2556092
2019-02-27,14.97563648223877,14.985638209259177,14.788941736333092,14.885622721258787,2828798
2019-02-28,15.058981895446777,15.179000828531171,14.912293177468017,14.912293177468017,3714462
2019-03-01,15.08232307434082,15.255681614265585,15.062319617517526,15.148998887479909,2972859
2019-03-04,15.205671310424805,15.265679885099214,15.07565065272615,15.155664461896718,2633728
2019-03-05,15.219008445739746,15.349027328978305,15.179001538771805,15.205672216015891,3271350
2019-03-06,15.359029769897461,15.372364218037728,15.202338419925224,15.202338419925224,2046555
2019-03-07,15.209006309509277,15.395701045191295,15.125659777039179,15.332357965666592,2666240
2019-03-08,15.158998489379883,15.19233639127277,15.04231405055111,15.158998489379883,2767138
2019-03-11,15.28235149383545,15.33902556897899,15.18233600883607,15.21900841274263,2229013
2019-03-12,15.332355499267578,15.372360616519476,15.282348657151884,15.309017547184288,1314201
2019-03-13,15.475713729858398,15.562392986686156,15.272350035514663,15.465712002962325,23614705
2019-03-14,15.112319946289062,15.475709386785399,15.085649276118891,15.459040440704435,12894252
2019-03-15,15.415709495544434,15.45238191043146,15.085657761561178,15.12899740219017,7241421
2019-03-18,15.495718002319336,15.502385226534408,15.359030103789728,15.439042140981845,4004825
2019-03-19,15.519052505493164,15.592397310564929,15.429040532782015,15.56239213152551,5269138
2019-03-20,15.525720596313477,15.625734289477618,15.389032720570984,15.48571369328506,3999219
2019-03-21,15.549060821533203,15.66241255485941,15.445710816571303,15.445710816571303,6473752
2019-03-22,15.30568790435791,15.492384429747835,15.302355183535436,15.479048199846991,2736588
2019-03-25,15.26901626586914,15.32569212693454,15.142330095372216,15.285685217428673,4281455
2019-03-26,15.37902545928955,15.449035732186342,15.265673796311118,15.439034010029257,4804444
2019-03-27,15.37902545928955,15.445701230733045,15.272342799217714,15.352354794271593,5380406
2019-03-28,15.525720596313477,15.582394665999134,15.395699943674572,15.395699943674572,4634599
2019-03-29,15.55239486694336,15.645741358587417,15.452379368450265,15.622405181227368,3863007
2019-04-01,15.77242660522461,15.779095611679303,15.555728450541004,15.665743888394603,5157309
2019-04-02,15.765761375427246,15.83577169442815,15.679082102588408,15.83577169442815,3985206
2019-04-03,15.809096336364746,15.882441137323376,15.74908776385471,15.83576701105848,5120873
2019-04-04,15.829099655151367,15.845768603919689,15.752420352172962,15.782425529278004,2285068
2019-04-05,15.73241901397705,15.87577411504488,15.675743161209567,15.822432764982594,3748655
2019-04-08,15.755760192871094,15.759094696635866,15.635741225991849,15.735758516894588,2897745
2019-04-09,15.665743827819824,15.7490903683474,15.59573351794631,15.739088640907791,3314231
2019-04-10,15.769097328186035,15.80576974288111,15.669081813763487,15.70575422845856,2183889
2019-04-11,15.712413787841797,15.845767147938698,15.702412063059121,15.772422354334584,3921584
2019-04-12,15.809096336364746,15.842436016384502,15.745753261191698,15.839101513721491,6623979
2019-04-15,16.005794525146484,16.035799705765374,15.785761880552238,15.839103235738943,4477366
2019-04-16,15.989130020141602,16.085811019747428,15.95579033094336,16.08247651616642,4441491
2019-04-17,15.859107971191406,16.072473409182063,15.849106243510121,16.069138905887037,4106844
2019-04-18,16.029130935668945,16.039132661577092,15.84576893102537,15.862439662341266,2385126
2019-04-22,16.03246307373047,16.082469913692176,16.00579062044037,16.025794069306336,3444278
2019-04-23,16.082473754882812,16.089140978696154,15.985792771876648,16.032466902977305,3116078
2019-04-24,15.909111976623535,16.135813604967602,15.905779256129495,16.135813604967602,3318436
2019-04-25,15.98245906829834,16.012464250264664,15.839103947021007,15.942452159009909,2599535
2019-04-26,16.019128799438477,16.04913397639435,15.952451222493234,16.02246330205694,2944831
2019-04-29,16.035795211791992,16.08246933005102,15.982453871554005,16.045796935862008,3255654
2019-04-30,16.0658016204834,16.099139515147158,15.949117206956958,16.072468842975493,2667361
2019-05-01,15.959126472473145,16.145821265887957,15.955791968549903,16.065809211567323,3067311
2019-05-02,15.859107971191406,16.0191320496844,15.825768284852522,15.969125193481762,3658127
2019-05-03,16.00912857055664,16.012463073486863,15.835768280053468,15.895778639575873,3691760
2019-05-06,15.972458839416504,15.985795071165017,15.739089932550657,15.789098573852707,1931924
2019-05-07,15.685741424560547,15.85243444336102,15.632400086273135,15.805760326808764,3308626
2019-05-08,15.655742645263672,15.789097827630595,15.652409924136975,15.669078876381889,3261820
2019-05-09,15.439037322998047,15.725749261218382,15.255675347776297,15.60239584961321,4219514
2019-05-10,15.952451705932617,16.069136132470344,15.425705426254833,15.515719177646893,11517270
2019-05-13,15.77242660522461,15.782428332702892,15.555728450541004,15.689080064374759,5607427
2019-05-14,15.859107971191406,15.915783833984097,15.782428653036146,15.835770012533809,4570136
2019-05-15,15.862442970275879,15.929118780630052,15.722420560565187,15.832437786294191,4138795
2019-05-16,15.892447471618652,16.025800883757288,15.815768145761455,15.889112967988698,5379005
2019-05-17,15.80242919921875,15.862439554258739,15.67574304818339,15.679077550864545,4171587
2019-05-20,15.655742645263672,15.752423637606451,15.61907201964715,15.709084005328917,4734376
2019-05-21,15.682414054870605,15.75242437043777,15.639074420576833,15.725755471368274,7626516
2019-05-22,15.605735778808594,15.689080539981244,15.589066826574065,15.662411642169044,4505393
2019-05-23,15.515717506408691,15.625732915657343,15.375695140323502,15.395698590079,3789014
2019-05-24,15.599065780639648,15.652407131186886,15.502383023344724,15.652407131186886,3484918
2019-05-28,15.575727462768555,15.825765260404832,15.575727462768555,15.659073989381797,4766608
2019-05-29,15.46570873260498,15.612398319790397,15.37236048945003,15.582393145447032,7932575
2019-05-30,15.489129066467285,15.616253685644576,15.448985485258113,15.515893838435764,2583279
2019-05-31,15.338584899902344,15.385420560328008,15.238223281382059,15.318512218523994,3358234
2019-06-03,15.418878555297852,15.435603408462558,15.29509818885836,15.375387141256732,4493061
2019-06-04,15.559380531311035,15.586143509864673,15.38876631948516,15.502508531245264,4300513
2019-06-05,15.666433334350586,15.693196314422606,15.539308731915613,15.629634013205118,3952133
2019-06-06,15.827013969421387,15.870503596061198,15.683162702951012,15.750071058962003,6783734
2019-06-07,15.960829734802246,16.05784532514809,15.877194741841885,15.890575339227366,4771653
2019-06-10,15.893921852111816,16.097991169426457,15.88723155322151,16.05784579934102,4571257
2019-06-11,15.860467910766602,16.057845132624095,15.80694015675121,16.057845132624095,2184170
2019-06-12,15.840396881103516,15.950794867414166,15.790216953710626,15.83370658179218,2409229
2019-06-13,15.837051391601562,15.974212368330473,15.803598105502013,15.927376694767922,2779190
2019-06-14,15.786864280700684,15.860462907335823,15.723301993004078,15.796900619639217,2074022
2019-06-17,15.773489952087402,15.937413924485478,15.77014569631467,15.790218384439347,2163149
2019-06-18,16.051149368286133,16.114711661472196,15.870498828533258,15.900607847949173,4525012
2019-06-19,16.08460807800293,16.17493336836282,16.061189350356013,16.071225692437302,4817337
2019-06-20,16.184972763061523,16.305405314008123,16.08795715580675,16.241842994419397,3704372
2019-06-21,16.108028411865234,16.161554382721654,15.994284382516417,16.158208338903666,3976237
2019-06-24,16.064537048339844,16.138135705601474,16.007665033479146,16.138135705601474,2299642
2019-06-25,15.94744873046875,16.138135672517908,15.927376044280019,16.138135672517908,3324602
2019-06-26,15.897268295288086,16.004320233710718,15.887231952514483,16.00097418999557,2420440
2019-06-27,15.94744873046875,16.00432074521286,15.927376044280019,15.940758431196473,2217802
2019-06-28,15.984243392944336,16.00097003042818,15.907300502844368,15.984243392944336,4183639
2019-07-01,16.131441116333008,16.22176639197454,16.007660776414717,16.114712690008915,3844228
2019-07-02,16.215078353881836,16.25856797629291,16.09129799671595,16.16489664466008,3351228
2019-07-03,16.362272262573242,16.449253287267787,16.21507676943974,16.265256685386536,2587483
2019-07-05,16.32547950744629,16.348898241669776,16.158211265318982,16.345552197245787,3244163
2019-07-08,16.14816665649414,16.29201787915342,16.108023085811087,16.258564605522324,2785636
2019-07-09,16.2485294342041,16.258565774689412,16.051150455821553,16.05784254172605,2758450
2019-07-10,16.322126388549805,16.452595224658086,16.3154343033356,16.392378976328978,2537594
2019-07-11,16.328819274902344,16.392381575918602,16.22511339809092,16.29871025177732,2465003
2019-07-12,16.449254989624023,16.45929133152636,16.288677095930048,16.33551097364536,3169050
2019-07-15,16.442562103271484,16.526197089476476,16.382345843157122,16.47601717077644,3416811
2019-07-16,16.281986236572266,16.445910186049066,16.261913551254327,16.445910186049066,2093922
2019-07-17,16.181625366210938,16.40911163774143,16.171590811447626,16.288679096862626,2132599
2019-07-18,16.285329818725586,16.35223816354826,16.124750148825473,16.14482283110943,2314216
2019-07-19,16.081266403198242,16.308752712639674,16.077922147177112,16.251880688186265,1886800
2019-07-22,16.054500579833984,16.118062893484232,16.021047295293396,16.08126356514083,2887375
2019-07-23,16.15485954284668,16.184968566963324,16.024390681751076,16.11136992248148,3172413
2019-07-24,16.445903778076172,16.449249820449353,16.14147472673501,16.191654632105966,3830495
2019-07-25,16.479366302490234,16.49943720070884,16.36227622683605,16.445911228715353,5118631
2019-07-26,16.556310653686523,16.5797275978268,16.445912656227883,16.526201621187234,2470889
2019-07-29,16.549617767333984,16.656669703883097,16.48605366808966,16.576380751471262,3208288
2019-07-30,16.455944061279297,16.502779723874607,16.38569146157211,16.502779723874607,2042071
2019-07-31,16.392383575439453,16.50612580716668,16.228459632382755,16.459291927754837,7331108
2019-08-01,16.496089935302734,16.616524257556023,16.318785389749998,16.34889441740627,6116123
2019-08-02,16.39906883239746,16.455940824962113,16.24183523640098,16.382342196554024,4746148
2019-08-05,15.97420597076416,16.198346116934008,15.897263085875931,16.168238886850954,4064243
2019-08-06,16.2652587890625,16.271949087713065,16.061189479060516,16.09464454905681,8216211
2019-08-07,16.472671508789062,16.482707850435688,16.01100873490242,16.14482364290471,4815655
2019-08-08,16.76371955871582,16.797172837640243,16.235148452177697,16.539579370853335,5747284
2019-08-09,17.01797103881836,17.071497007580106,16.767067836701198,16.767067836701198,4909547
2019-08-12,16.904226303100586,17.114984103301204,16.890843918702743,16.991205542386087,3956618
2019-08-13,17.071495056152344,17.108294379016023,16.803865242936148,16.854045162274826,5123115
2019-08-14,16.649978637695312,16.95106353664428,16.63325020855504,16.87077279956051,5620040
2019-08-15,16.74365234375,16.823941312410398,16.626564040907066,16.693472408976817,4000621
2019-08-16,17.09491539001465,17.11498628661446,16.79717473580342,16.884155774556426,3556107
2019-08-19,17.255489349365234,17.29897896461645,17.101601780373052,17.141747141141177,5440945
2019-08-20,17.228729248046875,17.33912722021921,17.19192992398943,17.335781176806105,4326298
2019-08-21,17.375930786132812,17.416076163403755,17.295640031590928,17.332441153004037,3810595
2019-08-22,17.31905174255371,17.426103654043196,17.18858110769378,17.426103654043196,5210280
2019-08-23,16.924297332763672,17.33578017199998,16.877463457924826,17.232072504293217,5011566
2019-08-26,17.111637115478516,17.1250177093677,16.981166489016942,17.02465610171371,3414009
2019-08-27,17.038043975830078,17.188585541649342,17.004590691952878,17.188585541649342,3303021
2019-08-28,17.12836456298828,17.12836456298828,16.92764133817682,17.00123997316578,3091975
2019-08-29,17.259244918823242,17.312938668296553,17.131721815329737,17.151855625899028,4759881
2019-08-30,17.319650650024414,17.41361381847417,17.25924562787974,17.390123474856146,2982388
2019-09-03,17.34314727783203,17.373348899734857,17.161928576524403,17.19884326460842,5742519
2019-09-04,17.60154151916504,17.631744923409652,17.453882823716853,17.46059588731173,4465034
2019-09-05,17.819673538208008,17.920349761247458,17.658592298935883,17.698861711765165,3642431
2019-09-06,17.947202682495117,17.987472108894814,17.839815153458463,17.876729840812075,6403404
2019-09-09,17.802900314331055,18.004252826547255,17.719003135244627,17.984117216530016,4984940
2019-09-10,17.59483528137207,17.796185985320047,17.43375220664455,17.796185985320047,5901154
2019-09-11,17.7257137298584,17.739138067349565,17.56798897669979,17.65524089146932,6184510
2019-09-12,17.990829467773438,18.068015379048003,17.73242664443638,17.782765672219398,5057531
2019-09-13,17.99753761291504,18.158620679852852,17.91699697643507,18.004250678105105,3128410
2019-09-16,17.715646743774414,17.997538081809566,17.682086798883343,17.963979930896414,3097020
2019-09-17,18.00089454650879,18.010962350540296,17.739137023623346,17.786117717133166,2824594
2019-09-18,17.980758666992188,18.054588032790036,17.836456468015623,18.054588032790036,5239709
2019-09-19,18.175403594970703,18.2593007817715,17.974051064240086,17.974051064240086,4357409
2019-09-20,18.08814811706543,18.249229392428795,17.994183142781186,18.235805055826233,4140757
2019-09-23,17.83645248413086,18.06129526994559,17.816316880869245,18.044516198553406,7058963
2019-09-24,17.64852523803711,17.960621721957516,17.611610561573887,17.79282741185604,6250655
2019-09-25,17.806249618530273,17.863299898173544,17.63174583558444,17.63174583558444,7235255
2019-09-26,18.11834716796875,18.18546525351654,17.859944422286294,17.870012224817344,7464238
2019-09-27,18.10492515563965,18.279432559243997,18.010961976592988,18.188822324841706,7487501
2019-09-30,17.816322326660156,17.886796959617293,17.60490201574481,17.846525740784646,16155792
2019-10-01,17.443819046020508,17.826388412122075,17.4303965036895,17.78611719717334,11446080
2019-10-02,17.1384334564209,17.410258741753825,16.89009851424931,17.356564991118503,15343280
2019-10-03,17.061254501342773,17.192134192934247,16.796140378617974,17.081390114507364,10211477
2019-10-04,17.229047775268555,17.28274154426113,17.108235898046143,17.12501497660904,6634909
2019-10-07,17.165285110473633,17.232401420463834,17.081387929007747,17.19213199326534,5518020
2019-10-08,17.12836456298828,17.242463327326742,17.074670815772826,17.108228959288105,3879823
2019-10-09,17.34314727783203,17.410263587818875,17.178707654021114,17.239114485783034,8548055
2019-10-10,17.5478515625,17.561274104632524,17.329720004034932,17.343144340145287,6504022
2019-10-11,17.658597946166992,17.863305195626975,17.648530141245605,17.786119289222377,4434203
2019-10-14,17.60154151916504,17.755911484230655,17.567983377100433,17.65859179585683,1660339
2019-10-15,17.769344329833984,17.859950998017993,17.648532448958136,17.648532448958136,3801066
2019-10-16,17.916996002197266,17.92706380545706,17.72571132821675,17.836455370096697,4803884
2019-10-17,17.916996002197266,18.041162585771755,17.903573460502724,17.987468831038044,3176057
2019-10-18,17.910282135009766,18.004247089161144,17.866656189860024,17.953908080159508,2298521
2019-10-21,18.031103134155273,18.04788221436466,17.8834443579472,17.937138132208606,2001431
2019-10-22,18.007610321044922,18.192183784482427,18.004255581514105,18.10493005904908,4191487
2019-10-23,18.08143424987793,18.121705463921725,17.97740147625001,18.00089361576816,3491084
2019-10-24,18.1351318359375,18.262654982037564,18.06130245725028,18.101573679799017,3175496
2019-10-25,18.08143424987793,18.128416734936415,17.97740147625001,18.08143424987793,4141318
2019-10-28,18.393535614013672,18.40695995355128,18.101574617348167,18.121710229665435,2824874
2019-10-29,18.42037582397461,18.47742431289604,18.312988322501756,18.346546468217614,2825715
2019-10-30,18.678781509399414,18.68213804241279,18.26936700475992,18.423735231769506,3775561
2019-10-31,18.54119300842285,18.678783970428178,18.45729761181574,18.678783970428178,3711659
2019-11-01,18.779455184936523,18.786166455421643,18.61166086496478,18.625083405935023,2998644
2019-11-04,18.87342071533203,18.9438935491884,18.725761982316477,18.917046669910835,4359371
2019-11-05,18.77610206604004,18.970743297314055,18.742542119558173,18.930472079127014,3746693
2019-11-06,18.87677574157715,18.87677574157715,18.67877800448061,18.75932042986375,3205485
2019-11-07,18.980810165405273,19.081486421443255,18.930472934375324,18.940540739376928,3067871
2019-11-08,18.9204044342041,19.004301610149568,18.87677847678542,18.98080946801627,2560016
2019-11-11,19.12846565246582,19.15195779145736,18.88013069071082,18.88013069071082,2438938
2019-11-12,19.104978561401367,19.175451402423324,19.068063874394042,19.128468910415993,2752284
2019-11-13,19.209009170532227,19.239210788126808,19.03450356029891,19.057993906647795,4274448
2019-11-14,19.37344741821289,19.497615817463036,18.957319849321266,19.296263305037257,3850394
2019-11-15,19.269418716430664,19.457346913205548,19.15531810861933,19.309688147321847,4697660
2019-11-18,19.286190032958984,19.343240313902456,19.16537820095445,19.26605442862863,3238558
2019-11-19,19.205652236938477,19.376801310986696,19.094908190796144,19.2996154143501,4439248
2019-11-20,19.229143142700195,19.23585441400119,19.10162001809185,19.15867030909503,3852356
2019-11-21,19.141891479492188,19.23249992214096,19.081484655074394,19.19558523854495,3235755
2019-11-22,19.158672332763672,19.18551921478129,19.078131686710822,19.14524799476582,1615775
2019-11-25,19.3029727935791,19.326464934445827,19.16202533031252,19.198941807957073,2918766
2019-11-26,19.47076416015625,19.48083016872855,19.29961331078481,19.29961331078481,2216401
2019-11-27,19.53452491760254,19.54123618770313,19.380154941423505,19.42378088804371,1821216
2019-11-29,19.655670166015625,19.759989676041496,19.598462634745875,19.67249548723087,1515157
2019-12-02,19.325895309448242,19.588374351334284,19.26195799162197,19.585008566582356,5385451
2019-12-03,19.24176025390625,19.28214066240744,19.066773686608336,19.18118694277104,3783689
2019-12-04,19.497516632080078,19.521071729154524,19.26532245155564,19.349450882118,3929151
2019-12-05,19.57154655456543,19.60183141781777,19.47395679830905,19.56145100050709,3371687
2019-12-06,19.59846305847168,19.773451439876244,19.558082646466538,19.753260334412452,4214750
2019-12-09,19.490779876708984,19.642211371216074,19.48405010775294,19.588369621722766,3630940
2019-12-10,19.490779876708984,19.521066535394898,19.315795090316968,19.45039946405024,2720332
2019-12-11,19.57154655456543,19.685959835688806,19.48405235236739,19.53789410806341,2473412
2019-12-12,19.26868438720703,19.62538735043986,19.238397726513252,19.57154559737708,4865264
2019-12-13,19.3157958984375,19.37300163534093,19.160998613514852,19.251858593373925,5525027
2019-12-16,19.487417221069336,19.527797636482724,19.366272376983996,19.430209683734233,7358575
2019-12-17,19.504243850708008,19.54462426882658,19.36627367438056,19.517705189362673,2854583
2019-12-18,19.4638614654541,19.554717846769076,19.423479252494086,19.52106720191742,2039829
2019-12-19,19.6422119140625,19.69268788101154,19.413383572930638,19.42347912610495,2976222
2019-12-20,19.611927032470703,19.823930070505483,19.56818083069786,19.56818083069786,2765456
2019-12-23,19.373001098632812,19.652307201864662,19.352809992556836,19.601829436674723,2540397
2019-12-24,19.3931941986084,19.406653738094555,19.2215733771625,19.373003090456486,1504507
2019-12-26,19.49414825439453,19.517705147258702,19.36627363260326,19.44030649773744,1336904
2019-12-27,19.54462242126465,19.59510018779457,19.43020914866773,19.585004634488588,2056365
2019-12-30,19.457134246826172,19.561453787677625,19.386467157271635,19.5446266625677,2488266
2019-12-31,19.45040512084961,19.497517115088545,19.359546917289872,19.457134891762887,2995841
2020-01-02,19.473957061767578,19.571546819344228,19.349448224901415,19.484052615962497,4731293
2020-01-03,19.467226028442383,19.598464626613005,19.27877809426521,19.309064754884236,2756768
2020-01-06,19.568180084228516,19.568180084228516,19.33935173108122,19.376368161689868,2141008
2020-01-07,19.44703483581543,19.60856009389453,19.443670850598725,19.55135435598479,1768244
2020-01-08,19.4705867767334,19.58163784720785,19.45039747193306,19.45712724019984,3863287
2020-01-09,19.59846305847168,19.726337661179105,19.53452575711797,19.541257324887525,3052737
2020-01-10,19.638843536376953,19.69605106383529,19.558080920571093,19.679225743741025,2323185
2020-01-13,20.08304786682129,20.093141623381435,19.736438592363555,19.736438592363555,3276675
2020-01-14,20.22437286376953,20.268119051719907,19.9719876891227,20.06284764721948,3834699
2020-01-15,20.42965316772461,20.449844278319436,20.247936770216963,20.274859450291995,2909797
2020-01-16,20.762800216674805,20.766166001272403,20.470034522214192,20.507050957096467,3701009
2020-01-17,20.954612731933594,21.082487365204674,20.779626107627454,20.833467869118135,3766593
2020-01-21,20.894039154052734,20.94788091027125,20.80654495100562,20.937785356114944,2431931
2020-01-22,20.816638946533203,21.021912200803996,20.816638946533203,20.94787934181601,3955216
2020-01-23,21.058929443359375,21.06229342867435,20.72914555036595,20.7796233193169,4300793
2020-01-24,20.988258361816406,21.230548029480943,20.947877949820608,21.102673426803115,3318716
2020-01-27,20.77288818359375,20.846921026315478,20.412819521167364,20.611361163599906,3536768
2020-01-28,21.028642654418945,21.038738208147894,20.729145424612984,20.82336939346807,3016862
2020-01-29,20.941146850585938,21.07575302404342,20.78298738510324,21.06902145612481,3113836
2020-01-30,20.920957565307617,20.94114687231696,20.70222478186533,20.772891853704227,2480418
2020-01-31,20.597902297973633,20.789714178831257,20.493582798311884,20.756063539743955,2632607
2020-02-03,20.84019660949707,21.021912979591328,20.621462009614866,20.702226439810204,2790120
2020-02-04,21.106042861938477,21.22045795647038,21.008454892249368,21.072392210098695,2852902
2020-02-05,21.250741958618164,21.28439260623971,21.07911933833386,21.233914835884715,2544321
2020-02-06,21.61080551147461,21.65455350517933,21.27765947544664,21.31467590155224,4082741
2020-02-07,21.415626525878906,21.627629517141248,21.388707452809328,21.53677134930343,2633448
2020-02-10,21.4762020111084,21.509852654774143,21.35169139148471,21.35169139148471,2322625
2020-02-11,21.634366989135742,21.76560560132,21.506492362542193,21.580525230456647,2253677
2020-02-12,21.735309600830078,21.79251711944855,21.466100923076088,21.698294981695657,3189510
2020-02-13,22.421798706054688,22.479006235589605,21.62090048825519,21.832903486767513,4404495
2020-02-14,22.86936378479004,22.99723840317916,22.42853239010053,22.502565253265036,4634599
2020-02-18,22.72802734375,22.916473468104446,22.57659584833658,22.778503309606155,4790711
2020-02-19,22.852540969848633,22.94339916662971,22.714570782343504,22.77177832814577,2799650
2020-02-20,22.980411529541016,23.020793742697084,22.680916111708644,22.835711597269338,2450429
2020-02-21,22.909746170043945,23.020795465611705,22.68091780918626,22.963587925666616,3204364
2020-02-24,22.08865737915039,22.482375004409565,22.055004931657102,22.169420015073367,6574090
2020-02-25,21.449283599853516,22.307389503263632,21.32140898053026,22.189610437984076,5219809
2020-02-26,21.38871192932129,21.917033927870502,21.385346145022012,21.449283454249617,5645825
2020-02-27,20.524789810180664,21.182851693298197,20.450546709025097,20.92300083925372,9810686
2020-02-28,20.234569549560547,20.24806911741643,19.289659332688775,19.832983113297136,14545062
2020-03-02,20.92637825012207,20.936502475246904,20.011842490181962,20.36618315342494,8397828
2020-03-03,20.61591148376465,21.354967413599127,20.561916810064794,20.990502464109174,5293521
2020-03-04,21.36509132385254,21.43595910652956,20.960129473072133,21.054621052662718,4066765
2020-03-05,20.997241973876953,21.20647169206904,20.713769161482663,20.84200690528082,4164020
2020-03-06,20.81163787841797,20.879132104233477,20.221068363618553,20.474170357403178,4448497
2020-03-09,18.50673484802246,19.41789704422232,18.5033595050619,19.36390238104244,11529041
2020-03-10,19.154678344726562,19.357159294285474,18.395375685896685,19.239045707714784,10824995
2020-03-11,18.169265747070312,18.823952335153027,17.949909966120764,18.638346372859345,8220976
2020-03-12,15.692251205444336,17.210855928031677,15.260292135919332,17.116366178220613,17517080
2020-03-13,17.946535110473633,17.963408214531974,15.86098481146301,16.51904669392571,11000446
2020-03-16,15.273794174194336,16.15795910012263,15.186051487418288,15.213050624912178,7600170
2020-03-17,15.30079174041748,15.911607997820555,14.693349022228732,15.570765079146925,14682396
2020-03-18,14.079154968261719,14.561733323752675,11.399660748780814,14.3423793617994,17756713
2020-03-19,14.53811264038086,14.764215503429496,13.043130764017738,13.937418894028024,9555357
2020-03-20,13.043131828308105,15.331163387442997,12.877771590919087,14.851958488356194,9909062
2020-03-23,11.163435935974121,13.009385260977705,10.920459018331242,12.958765934233984,22900569
2020-03-24,12.94189167022705,13.286109038658008,11.909240466950036,12.530180965441748,16940277
2020-03-25,14.352507591247559,15.159055003149831,13.161246802933244,13.161246802933244,18786437
2020-03-26,14.740592956542969,15.415528883361485,14.527987864480357,14.814835159820005,18445905
2020-03-27,14.264761924743652,14.838457392076853,13.623573138317024,14.038659080276762,9808163
2020-03-30,14.889081001281738,14.93295144319005,13.809183139515957,14.193896499078063,10621516
2020-03-31,14.93294906616211,15.155678387517153,14.605605769526758,14.770965089193737,6400040
2020-04-01,14.045413970947266,14.511118493057776,13.988043050327008,14.366007578731985,5973464
2020-04-02,14.659600257873535,15.013940879878973,13.793995346721783,14.1382126467963,5060988
2020-04-03,14.649476051330566,15.05949900351371,14.269824869007612,14.735531052963186,7033364
2020-04-06,15.94534683227539,16.021278489920267,15.236665793169854,15.236665793169854,5383676
2020-04-07,16.071903228759766,17.190610185558874,15.965600676121323,16.95775663139249,5661520
2020-04-08,17.25642204284668,17.393095513912105,16.198460052455705,16.441436114367615,5946091
2020-04-09,17.752492904663086,18.182763401269764,17.352593275796593,17.560136258172722,5330985
2020-04-13,17.099496841430664,17.71199989498726,16.805899695317873,17.70693778191471,3688209
2020-04-14,17.327281951904297,17.54494914860578,16.9729413463205,17.44370871786309,5143201
2020-04-15,16.795778274536133,17.134932690918397,16.517365617106577,16.70466022401094,3459506
2020-04-16,16.537612915039062,16.912202102624125,16.451558788488324,16.902077875496754,2921195
2020-04-17,17.099496841430664,17.3779076483258,16.73503011230214,17.246294512471188,3886643
2020-04-20,16.714780807495117,17.064061179591366,16.58316948238492,16.719842920309482,3827038
2020-04-21,16.132648468017578,16.557858723289392,16.09215337001127,16.30982061040192,2818989
2020-04-22,16.198453903198242,16.522421862762737,16.15289489411682,16.44649198499177,4032572
2020-04-23,16.11240005493164,16.37056236503113,16.051656512564534,16.284508261664634,4944581
2020-04-24,16.132648468017578,16.360439933917714,15.99091291894806,16.198455933829226,4209144
2020-04-27,16.573043823242188,16.61354072225426,16.21364106063602,16.33006603723274,4276783
2020-04-28,16.674280166625977,17.145047481724724,16.659093833230685,16.95775297791158,5699450
2020-04-29,17.833486557006836,17.92460277679696,17.053935674340487,17.170362456303288,5558193
2020-04-30,17.119735717773438,17.66137255048873,17.053930081736056,17.585440888871453,5469066
2020-05-01,16.618602752685547,16.816021526332953,16.400935529631948,16.79071096457521,3279010
2020-05-04,16.775522232055664,16.856514214083678,16.314877289968635,16.36549840625566,3898041
2020-05-05,16.765405654907227,17.129870642268504,16.735032971283104,17.018505939678768,2608223
2020-05-06,16.3857479095459,16.988128408023815,16.360437349770017,16.917258840651346,4564157
2020-05-07,16.816020965576172,17.10961625604962,16.60341586196377,16.7046544975558,3198665
2020-05-08,16.907135009765625,17.09949346450256,16.709716246987224,17.09949346450256,3358608
2020-05-11,17.043811798095703,17.165300694978047,16.50723688921709,16.70465567013907,3378601
2020-05-12,16.451553344726562,17.15517426902972,16.451553344726562,17.074182282842635,3813772
2020-05-13,15.692251205444336,16.486988350436746,15.641631889906053,16.421182699027575,5751208
2020-05-14,15.51002311706543,15.596077240348796,15.013945026819306,15.337914870498693,7469096
2020-05-15,15.160743713378906,15.499898075307495,15.064564466393941,15.261984171453303,4247822
2020-05-18,15.596075057983398,15.783369618456376,15.32272638626864,15.591012945320259,5506249
2020-05-19,15.140491485595703,15.672004208958702,15.140491485595703,15.580886195783926,4760535
2020-05-20,15.120244979858398,15.388531529897227,14.91776499021389,15.337912208997926,6029612
2020-05-21,15.20629596710205,15.47964637756006,15.094932221159032,15.135428210776093,4887032
2020-05-22,15.337911605834961,15.42902782309579,15.059499939742727,15.186050041045936,4334333
2020-05-26,16.244014739990234,16.375626061859904,15.85930139169746,15.914982827252844,4598911
2020-05-27,16.279449462890625,16.633790172876846,15.94029328856318,16.55279816522558,3546017
2020-05-28,16.13718605041504,16.38107215854631,16.09653927112096,16.370911821814495,6772710
2020-05-29,15.933941841125488,16.254043957617423,15.751026863355348,16.066047907643203,3692507
2020-06-01,16.111778259277344,16.350583230905862,15.964428969729141,16.0152378831947,3800879
2020-06-02,16.701168060302734,16.767220183432023,16.228637433141575,16.228637433141575,4292852
2020-06-03,17.7529296875,17.89519606032289,16.858677448370297,16.899324207410537,3846657
2020-06-04,17.534448623657227,17.900278537697098,17.458232549242105,17.69195822253879,2987339
2020-06-05,18.423616409301758,18.652260990601356,18.108597239602954,18.139083666653036,5019881
2020-06-08,19.16036033630371,19.170522479333755,18.576047976805157,18.85042040625186,5599486
2020-06-09,18.936798095703125,19.013012362809917,18.59637171347001,18.789448822560953,3935971
2020-06-10,18.672584533691406,18.936794791934577,18.38296892058218,18.8402562542315,4264825
2020-06-11,16.945053100585938,18.05270485006301,16.873919917314005,17.79865673221299,6478423
2020-06-12,17.346446990966797,17.742763206736523,17.066993574091043,17.600495057911772,4549956
2020-06-15,17.23467445373535,17.427751594606853,16.63003766764076,16.848520171992345,3766499
2020-06-16,17.539527893066406,18.108596992164024,17.407421855109177,17.803738158192875,6203756
2020-06-17,17.595420837402344,17.768173662604976,17.493801208908742,17.615745125258723,3953722
2020-06-18,17.427753448486328,17.600506316950373,17.32105272130824,17.32105272130824,3568813
2020-06-19,17.305805206298828,17.727526937103352,17.22450986548082,17.65639192944783,5077244
2020-06-22,17.46839141845703,17.478553559807725,17.107642643658735,17.280395425044862,2540771
2020-06-23,17.26007080078125,17.824060580644716,17.199099764671487,17.783412016046338,3648411
2020-06-24,16.660520553588867,17.077159371936904,16.279447425745612,17.06699903949852,4645249
2020-06-25,17.092403411865234,17.11272769929945,16.391228170902608,16.503009941002535,3651774
2020-06-26,16.51825523376465,17.04159664706509,16.467446319578098,16.909490572918482,4069381
2020-06-29,16.579221725463867,16.70116562102061,16.289607916047082,16.57414065436617,4990546
2020-06-30,16.71640968322754,16.787542871419685,16.45219940509379,16.503008307863016,2486024
2020-07-01,16.51317024230957,16.99586296107583,16.447118126306208,16.81294801615262,2464163
2020-07-02,16.635114669799805,17.117807403865843,16.57414181236739,16.77738104889921,3477631
2020-07-06,16.93997573852539,17.06700073065602,16.74689861966524,16.93489466640863,2352988
2020-07-07,16.381071090698242,16.812955089020893,16.365829681199607,16.762144354729372,2923811
2020-07-08,16.746898651123047,16.757060795375654,16.365825484803693,16.386147962520553,2786851
2020-07-09,16.487768173217773,16.838354880586383,16.081289676635592,16.76213880438606,2727806
2020-07-10,16.680845260620117,16.691005593314678,16.269285692720437,16.447119582092636,2308518
2020-07-13,16.83327293395996,17.016187885757617,16.655439053644916,16.76721900468605,3400462
2020-07-14,17.32613182067871,17.351537183967004,16.69100860320262,16.762141809621298,3626362
2020-07-15,17.712284088134766,17.849469412735974,17.50904482648495,17.53953125896892,2983789
2020-07-16,17.473478317260742,17.7427715312989,17.417588331978138,17.61066546046487,3756970
2020-07-17,17.564937591552734,17.666555417213626,17.41250723148452,17.570018663914624,1661834
2020-07-20,17.427753448486328,17.57510095076779,17.32105272130824,17.50396773624532,1656415
2020-07-21,17.691957473754883,17.818982448282444,17.580175713465202,17.758011402119028,2352053
2020-07-22,17.549694061279297,17.74277118600857,17.44299335437223,17.610665117745445,1969387
2020-07-23,17.224506378173828,17.56493269923697,17.14321105381503,17.539527344503615,2594023
2020-07-24,17.02127456665039,17.199108505571125,16.924735987454387,17.199108505571125,1910716
2020-07-27,17.127971649169922,17.199104847450975,16.80278846864629,16.92981345976758,3485105
2020-07-28,17.305805206298828,17.326129494200405,17.05683811186941,17.107647020835053,2574777
2020-07-29,17.23467445373535,17.32105087877907,16.97046229511962,17.32105087877907,3080764
2020-07-30,17.041595458984375,17.041595458984375,16.685927652108987,16.879004771976486,3773786
2020-07-31,16.42679214477539,17.036509772080382,16.203228652605986,16.990780135177964,7289721
2020-08-03,16.15242576599121,16.49793327434144,15.908539710792706,16.48777112902627,7981622
2020-08-04,16.264204025268555,16.42679469346136,16.11177550018632,16.142260118729876,4097969
2020-08-05,16.508089065551758,16.574141181133133,16.279446291252523,16.35566054935227,2512743
2020-08-06,16.497928619384766,16.767218151101538,16.375982910010165,16.73165246332198,3060024
2020-08-07,16.42171287536621,16.548737847685555,16.33533647364124,16.411550732717618,3730437
2020-08-10,16.731658935546875,16.802792149410134,16.416637830168536,16.48777285482053,3857308
2020-08-11,17.19910430908203,17.85963098281782,16.899326498324015,16.96537862246111,3788921
2020-08-12,17.19910430908203,17.742769950295642,17.163538616448957,17.417586779950945,4435231
2020-08-13,16.899328231811523,17.1076485802147,16.767222159197967,17.021272159547998,6503274
2020-08-14,17.092403411865234,17.45823334252808,16.528415300295304,16.843436323160873,7488902
2020-08-17,17.473478317260742,17.752933676039092,17.265157971663726,17.371858680647282,5140959
2020-08-18,17.097484588623047,17.549692743655772,17.026351392955124,17.514125240427674,5088081
2020-08-19,17.163537979125977,17.28548007903749,17.08224083146735,17.214346885624405,2766671
2020-08-20,17.041595458984375,17.24991579528168,17.01110902612476,17.021271170411296,2346822
2020-08-21,17.19910430908203,17.20418538099937,16.879004021442952,16.945056145580047,2338227
2020-08-24,17.33121109008789,17.437911794008368,17.199105025522453,17.270238224539984,2770034
2020-08-25,17.112730026245117,17.448073571355803,17.031434676242178,17.376940366451795,2196969
2020-08-26,17.432832717895508,17.483641634214568,17.021273071478014,17.122892714904697,4103201
2020-08-27,17.636072158813477,17.737691803127884,17.41250857916406,17.478560714192426,3833765
2020-08-28,17.763532638549805,17.80432222977704,17.54429221984375,17.753335240742995,3205579
2020-08-31,17.202688217163086,17.753336846102584,17.19249081843417,17.717645950551375,3486600
2020-09-01,17.309751510620117,17.38113145341065,16.922257796800736,17.14659501943806,2542639
2020-09-02,17.676855087280273,17.77372854122577,17.335247740698787,17.386234725443792,2921382
2020-09-03,17.238374710083008,17.80432116930066,17.085417386231793,17.681954219977648,3191005
2020-09-04,16.963054656982422,17.513703340321413,16.76930769613309,17.462718158710256,4049575
2020-09-08,16.544967651367188,16.825388830041813,16.509276758118304,16.77950235579204,3150645
2020-09-09,16.78460121154785,16.9069681724735,16.65713555153904,16.703023843287497,2476121
2020-09-10,16.565359115600586,16.83558468856323,16.468485659853975,16.799895615648197,4653471
2020-09-11,16.835586547851562,16.850882645248728,16.570459644178136,16.570459644178136,3297322
2020-09-14,16.886579513549805,17.070129113114064,16.840691205123292,16.952860808650538,3824609
2020-09-15,17.00893783569336,17.21288213488685,16.95285215402667,17.00893783569336,5570712
2020-09-16,17.314855575561523,17.523896771605486,17.029332081744673,17.029332081744673,3695310
2020-09-17,17.16189956665039,17.25877304283562,17.039532592239986,17.116013086915512,3277889
2020-09-18,17.05992317199707,17.3250500367632,16.947753624615633,17.131303132305263,2502653
2020-09-21,16.585758209228516,16.703026489650536,16.300236466545197,16.631644691176813,3398967
2020-09-22,16.73871421813965,16.861079358202986,16.570458970679745,16.585755067455207,2489200
2020-09-23,16.279836654663086,16.968148208530916,16.264540559699583,16.947753415246247,3003782
2020-09-24,16.19316864013672,16.376718236690678,15.958633852127043,16.182971238431403,3871321
2020-09-25,16.565359115600586,16.646936475639304,16.10138663114472,16.17786710968419,4056489
2020-09-28,17.05992317199707,17.274064869991633,16.84068277561835,16.917163251380686,3579463
2020-09-29,16.779502868652344,17.054827173776836,16.65203720593775,16.963052405402006,4483625
2020-09-30,16.855979919433594,17.029332041139686,16.779501255983273,16.83558512462815,4088253
2020-10-01,17.19759178161621,17.26897176504445,16.830490830262608,17.003844814403436,4578918
2020-10-02,17.253679275512695,17.28427148212832,16.8967774666142,16.952861361671893,2545255
2020-10-05,17.42702865600586,17.534097716511642,17.228181183018126,17.42702865600586,3335999
2020-10-06,17.274065017700195,17.732938790848046,17.24347282713367,17.401530661324042,3992026
2020-10-07,17.880800247192383,17.941982814742165,17.452516823133596,17.49840511159851,4394872
2020-10-08,18.120437622070312,18.26829628328902,17.931789362131685,18.069452440740918,4663747
2020-10-09,17.936887741088867,18.25810037405039,17.91649294209376,18.227508175557727,2934087
2020-10-12,17.921588897705078,18.038857156900463,17.870603725094586,17.911391499768943,2061690
2020-10-13,17.53409767150879,17.921591582858607,17.39133771315384,17.87570510234111,2590472
2020-10-14,17.33525276184082,17.630973724877162,17.32505536193815,17.595282825217815,2954267
2020-10-15,17.21288299560547,17.233275972888578,16.96814909750754,17.00383998762559,4409633
2020-10-16,17.202688217163086,17.335250766498334,17.100716046944253,17.27916689055963,3563955
2020-10-19,17.177194595336914,17.65646324675654,17.13130630139073,17.60547807055333,4668419
2020-10-20,17.18739128112793,17.38113821339088,17.105813912344097,17.34034862046384,3987915
2020-10-21,17.121112823486328,17.279168887914075,16.993647141711037,17.13130840632345,3133082
2020-10-22,17.279165267944336,17.294461364601318,17.044628753344277,17.110911838857866,3349826
2020-10-23,17.28936767578125,17.4627198539869,17.1364084819575,17.4627198539869,2820483
2020-10-26,16.626541137695312,17.187388876628834,16.524570803783757,17.172092781421103,5605279
2020-10-27,16.239049911499023,16.657134114908544,16.23395121285561,16.585754150970832,4342741
2020-10-28,15.443669319152832,15.943332761017997,15.433471920638206,15.887247069187556,6517288
2020-10-29,15.377388954162598,15.51505020810058,15.224430693013991,15.458966330027774,8270491
2020-10-30,15.183639526367188,15.306005577510764,14.83183656149496,15.295808179448356,8038798
2020-11-02,15.311104774475098,15.47426133170944,15.15304873350805,15.438570437330304,5515965
2020-11-03,16.290035247802734,16.381810007254604,15.622118438161321,15.637414534248316,5350417
2020-11-04,16.330827713012695,16.499081165456666,16.00961508983477,16.335926412606174,5955807
2020-11-05,17.136404037475586,17.223081921168408,16.697925005321828,16.718319801484846,6157978
2020-11-06,16.876375198364258,17.396433395471313,16.815192629262903,17.21798256994472,7283742
2020-11-09,18.25299835205078,19.11466209912732,18.135730096243527,18.29378612554669,13150609
2020-11-10,19.07387351989746,19.155450888284822,18.263196718044725,18.354971484614286,10889364
2020-11-11,19.221736907958984,19.542947731404897,19.084073828574653,19.328807788131126,11555107
2020-11-12,18.360074996948242,19.35430159258468,18.258102805463643,19.282921603666676,6918079
2020-11-13,18.956605911254883,19.022887178300138,18.59970244799781,18.59970244799781,5203180
2020-11-16,20.27204704284668,20.2771457421997,19.303312336475773,19.36959361099473,7643800
2020-11-17,20.705425262451172,20.894073484874216,20.022214156323503,20.022214156323503,9141206
2020-11-18,20.822694778442383,21.266274334869667,20.817596079307805,20.90427214752538,6574277
2020-11-19,20.812496185302734,20.832890980670157,20.37401717025389,20.56776409210411,3538917
2020-11-20,20.526975631713867,20.776808254581855,20.36891959305308,20.73601866160088,3576848
2020-11-23,20.904272079467773,20.965456468883517,20.542271710372297,20.77680823565881,4115720
2020-11-24,21.944387435913086,21.99537442877541,21.10821710660378,21.30706274462622,6738517
2020-11-25,21.18979263305664,21.76593469981267,21.067427494982372,21.7608360009704,5066033
2020-11-27,21.026168823242188,21.230703741509007,20.81652044090209,20.92901482818206,2173800
2020-11-30,20.704021453857422,21.046618003656718,20.540394284529505,20.95457567078653,5468318
2020-12-01,20.734703063964844,21.09264004840513,20.72447795911295,21.056845803261503,5095181
2020-12-02,20.923898696899414,21.000598825889316,20.632436748872234,20.739815836058934,6196842
2020-12-03,21.07729721069336,21.19490503732264,20.821629527773354,21.000597088050537,5741118
2020-12-04,21.75226593017578,21.782946714315287,21.174455429541325,21.215363141727334,4829295
2020-12-07,21.384103775024414,21.680679220893797,21.332970957207284,21.639771508774373,3202029
2020-12-08,21.368757247924805,21.445457363795672,21.20513009108941,21.246035969132443,2271708
2020-12-09,21.220470428466797,21.47613808820798,20.939233633720384,21.47613808820798,3140742
2020-12-10,21.701129913330078,21.75737618696247,20.975030885387138,21.09263871825329,4098903
2020-12-11,21.302288055419922,21.465915242966858,21.194907144113504,21.46080177946027,3505658
2020-12-14,20.7653865814209,21.532393464944487,20.744932724358254,21.425012537697828,2682589
2020-12-15,21.082414627075195,21.113095410818314,20.724479439400668,20.954579850477664,2432398
2020-12-16,20.750043869018555,21.154000211519413,20.734703477936442,21.08241354213492,2039642
2020-12-17,20.898332595825195,21.026167366468112,20.6528918043094,20.923899914420186,3139808
2020-12-18,20.581302642822266,20.93412433862921,20.356313891168334,20.84719910289763,4535008
2020-12-21,20.289840698242188,20.392108147018867,19.85520540769029,20.10575965491056,3906823
2020-12-22,20.22848129272461,20.37165462998253,20.054627173626272,20.27961592912531,2031234
2020-12-23,20.59664535522461,20.69379935134516,20.31541029512114,20.49949135910406,2030673
2020-12-24,20.91878318786621,20.969915994748643,20.6989079269087,20.70913485275154,1621101
2020-12-28,20.95457649230957,21.251151887300992,20.857424337356836,21.107978564108908,1934072
2020-12-29,21.11309051513672,21.286944604703688,20.89321526062641,21.13865600666242,2335984
2020-12-30,21.148889541625977,21.445465008062147,21.128437506480115,21.215364578429924,1693785
2020-12-31,21.102867126464844,21.36876176815111,21.03639392162628,21.087526735579328,3266865
2021-01-04,20.1722354888916,21.28695064366278,19.921681209003612,20.98526172155343,10405612
2021-01-05,19.95235824584961,20.41767429098307,19.87565811925959,20.238706721495728,7234040
2021-01-06,20.269384384155273,20.402330763845743,19.91144747789019,20.182455522077873,11259325
2021-01-07,19.931903839111328,20.438127576273974,19.783615230980207,20.4074467975575,5351912
2021-01-08,20.054622650146484,20.105755452681755,19.70180102789146,20.069963037606545,5482145
2021-01-11,19.69157600402832,19.937016760090426,19.60464713336214,19.7836146930113,4427010
2021-01-12,19.79895782470703,19.911452203527123,19.471703437956258,19.691578731907708,3246686
2021-01-13,19.5279483795166,19.85009110286008,19.5279483795166,19.84497763952136,5944596
2021-01-14,19.773391723632812,19.7785051871651,19.48192976928835,19.563743363472973,5859580
2021-01-15,19.809185028076172,19.916565944703617,19.38989011141841,19.61487704986119,5899192
2021-01-19,19.573974609375,20.064858105124152,19.573974609375,19.993269599876708,7044015
2021-01-20,20.069965362548828,20.13643856024454,19.52283392475055,19.72736880324855,5480277
2021-01-21,19.8449764251709,20.131324887621165,19.804068720964374,20.0443978385141,3148777
2021-01-22,19.660898208618164,19.76316566140718,19.481930621820407,19.701805918666594,4465874
2021-01-25,19.706918716430664,19.855205515680776,19.466589572682146,19.609762908349012,4087319
2021-01-26,20.044401168823242,20.095535807577242,19.681352522998242,19.839866258471442,3781073
2021-01-27,19.640443801879883,19.819411383650316,19.4410223656598,19.8142979200379,8631856
2021-01-28,20.32563591003418,20.376768725688947,19.614877198341595,19.676238763925806,7193681
2021-01-29,19.86031723022461,20.19779850766981,19.62510157077408,20.095532889675134,11110406
2021-02-01,19.99837875366211,20.243821359794968,19.91145169550355,20.018832607895177,6537468
2021-02-02,20.24382209777832,20.43813007541195,20.141554645216825,20.172233605352837,4073305
2021-02-03,20.555734634399414,20.59664234144638,20.03417230354217,20.15178013897027,6020644
2021-02-04,20.867650985717773,21.15399947562647,20.606869813389846,20.606869813389846,5234197
2021-02-05,20.91878318786621,21.21024510739183,20.867648558652018,20.959689068905806,4996525
2021-02-08,21.07729721069336,21.20001850032095,20.79094874978351,20.99037016205392,6141535
2021-02-09,21.174455642700195,21.266496173713115,20.79606659049906,20.980147652524902,4034627
2021-02-10,20.975032806396484,21.363648761141004,20.89321920892375,21.358535297403208,4882734
2021-02-11,21.76760482788086,21.977253193777308,21.358535023432374,21.66533737676874,5617611
2021-02-12,21.961910247802734,22.24825871313767,21.655107930158483,21.685788708622454,5557258
2021-02-16,22.340299606323242,22.381207311637922,21.961910621489835,22.11531269408804,6450770
2021-02-17,22.483474731445312,22.56017485650635,22.115312673286862,22.243145607611307,4943647
2021-02-18,22.401660919189453,22.503930189676595,22.115314251153368,22.24314719459834,4365163
2021-02-19,22.217580795288086,22.549950471113082,22.192015298941588,22.360755957555913,3542841
2021-02-22,22.202241897583008,22.24826307430015,21.921008662529143,22.043728155777185,3275834
2021-02-23,22.089746475219727,22.33007378888233,21.869871192898238,22.273827513613362,5330424
2021-02-24,22.606197357177734,22.616424284923898,21.869873138110936,22.0897484399892,4796784
2021-02-25,21.33433723449707,22.688247027159154,21.32920869138894,22.66773285472663,7142484
2021-02-26,20.693286895751953,21.472811005693494,20.693286895751953,21.43178265139912,5836598
2021-03-01,21.175357818603516,21.31382483865274,21.026631883776886,21.098431493275484,5058372
2021-03-02,21.544614791870117,21.62154114986709,21.159981174178284,21.221521895034474,7635578
2021-03-03,21.18048667907715,21.601019944465513,21.165101048240082,21.47280818186282,4299953
2021-03-04,20.94970703125,21.421523931165158,20.66764260008014,21.129202412202975,8816837
2021-03-05,21.33946990966797,21.436910419884292,20.877910079092338,21.08304818772737,5259421
2021-03-08,21.457426071166992,21.667692738355917,21.257416492885483,21.43691189335217,4105069
2021-03-09,21.693330764770508,22.08822132467003,21.575377913343225,21.575377913343225,4073679
2021-03-10,21.85744285583496,21.9651404499693,21.621533491977587,21.83180013634909,3116826
2021-03-11,22.15489387512207,22.24720584154976,21.867700887601885,21.924113045199654,3015180
2021-03-12,22.33439064025879,22.339519184693405,22.04206909060516,22.1805379626333,4020614
2021-03-15,22.319002151489258,22.44721391824491,22.05232335812727,22.329259239046213,4344423
2021-03-16,22.43695831298828,22.519013191158606,22.170279502008125,22.298489449527715,4279773
2021-03-17,23.401105880737305,23.416491512793826,22.334388829588402,22.447214970296535,6804101
2021-03-18,23.103656768798828,23.47803318687296,23.01134480033817,23.375464129949293,6586983
2021-03-19,23.154935836791992,23.313918849044907,22.919028331583963,23.052366800008393,3298256
2021-03-22,23.22674560546875,23.442139032030468,23.001093260262913,23.154945968907978,3383085
2021-03-23,22.97544288635254,23.242121678845876,22.94467345148817,23.04211212754931,5821089
2021-03-24,23.072885513305664,23.42162103807827,23.042114247903438,23.042114247903438,3050681
2021-03-25,23.283151626586914,23.390849225267864,22.831848883114763,22.944675025909397,4060599
2021-03-26,23.42162322998047,23.529320841260663,23.11904457499451,23.308797073986618,2597946
2021-03-29,23.39597511291504,23.493415612304865,23.00108457182436,23.190837027072646,2744062
2021-03-30,23.257511138916016,23.431879827815557,23.144686812995776,23.35495165872463,3123552
2021-03-31,22.82159423828125,23.201099232499928,22.749796440709048,23.201099232499928,7074097
2021-04-01,22.949804306030273,23.006216465383552,22.544656618881675,22.919033040361334,9139338
2021-04-05,23.283151626586914,23.431877578177325,23.06262788511133,23.20622529258806,4176632
2021-04-06,23.093399047851562,23.319051332444726,23.0062156260102,23.231867910603363,4797157
2021-04-07,23.201099395751953,23.27802573852821,23.0164754420063,23.10365887418027,3395791
2021-04-08,23.211355209350586,23.28828154789863,23.07801488221588,23.242124648145907,2707814
2021-04-09,23.34981918334961,23.36007627083503,23.03185495442038,23.21648070145167,4009216
2021-04-12,23.57034683227539,23.698558619478366,23.26776818420856,23.319053630172373,3235288
2021-04-13,23.339563369750977,23.590856524062104,23.288277933540822,23.590856524062104,3342913
2021-04-14,23.27802276611328,23.626758277985058,23.206224977203878,23.334436750597096,5476540
2021-04-15,23.724201202392578,23.729327919252135,23.360080021318947,23.401108377847763,3610667
2021-04-16,23.64727210998535,23.893436737394644,23.513931794488858,23.693427178003073,3422884
2021-04-19,23.483165740966797,23.944725662083634,23.401110846957884,23.713946615378585,3186147
2021-04-20,22.672866821289062,23.467776571547155,22.54465686832944,23.401107322899893,5272127
2021-04-21,23.154935836791992,23.160064380016475,22.565166159918885,22.667733368996416,3274900
2021-04-22,23.088274002075195,23.34469576236104,22.95493549091748,23.139559450756355,3305169
2021-04-23,23.247255325317383,23.272898049754748,23.036988640344305,23.149816627868713,2936143
2021-04-26,23.288284301757812,23.45239408709396,23.17032959392577,23.40111046456643,2281238
2021-04-27,23.298538208007812,23.395978722430694,23.12929990077503,23.298538208007812,2311320
2021-04-28,23.4370059967041,23.554958855273984,23.247251693221024,23.36520637949728,6105473
2021-04-29,23.606243133544922,23.806252687643696,23.411362123279773,23.575471870543176,2688942
2021-04-30,23.375465393066406,23.5498322509468,23.329310320195255,23.51906281160154,3219593
2021-05-03,23.452394485473633,23.590863375751503,23.39598231696442,23.48829430124742,2449588
2021-05-04,23.211355209350586,23.421621875033335,22.908776571868884,23.354950797612737,3606370
2021-05-05,23.303661346435547,23.621625537557055,23.216477940882335,23.45238544187749,6561384
2021-05-06,23.45751953125,23.462648075595478,23.149814181347207,23.354950472046912,2633821
2021-05-07,23.816511154174805,23.965235278547762,23.365206581512606,23.390849302165318,4077042
2021-05-10,23.61650276184082,24.11396060098044,23.601117128684784,23.92420811413562,3182783
2021-05-11,23.493417739868164,23.539572808124106,23.0421131790623,23.30879381143171,4292105
2021-05-12,22.94467544555664,23.595987765961837,22.94467544555664,23.334437494499547,4700743
2021-05-13,23.34981918334961,23.637013977528838,23.10365456681831,23.36520481457774,4703172
2021-05-14,24.811426162719727,24.88322394575703,23.53444256039077,23.590856540260674,7970785
2021-05-17,25.001184463500977,25.160167525305358,24.5088532990323,24.719119981359405,4509410
2021-05-18,25.129392623901367,25.570440104093684,24.960154324621232,25.001180849567678,5405537
2021-05-19,25.042207717895508,25.09349132796543,24.421666714747506,24.770400380800513,5404042
2021-05-20,25.18580436706543,25.457611696078263,25.098619125438358,25.175547279815188,4605077
2021-05-21,25.072978973388672,25.344788157925827,24.837071425607903,25.272990367532238,3962690
2021-05-24,25.31401824951172,25.334532427210995,25.037082333690975,25.05759651139025,2881396
2021-05-25,25.303762435913086,25.652497991256762,25.242221727420244,25.339662248696087,5864064
2021-05-26,25.48838233947754,25.580694301403476,25.149905754984534,25.324272591099493,4137394
2021-05-27,25.79690170288086,25.91516574804752,25.555231617866383,25.678637657714198,6370798
2021-05-28,25.884305953979492,25.971718004630663,25.68891388017115,25.889447947105992,3883466
2021-06-01,25.802040100097656,26.095128258559804,25.74547999899077,26.059134300810204,5139651
2021-06-02,25.694061279296875,25.920305359465697,25.560371262378986,25.904879376840587,3449603
2021-06-03,25.709482192993164,25.817462217579667,25.364974146455403,25.50380613020929,3801814
2021-06-04,25.740337371826172,25.935729472661045,25.637499327570996,25.904877509634616,2998177
2021-06-07,25.776334762573242,25.951160756275584,25.69920667174866,25.796902742126456,3036854
2021-06-08,25.724910736083984,25.89459286341486,25.683774786428238,25.817464790309874,4068073
2021-06-09,25.47810173034668,25.776331903286643,25.45753375307501,25.72491379260722,2983229
2021-06-10,25.64777946472168,25.69405740562007,25.344407349663896,25.65806345158799,3731372
2021-06-11,25.51923179626465,25.735191842784374,25.467811864950743,25.647777959550737,2975007
2021-06-14,25.498666763305664,25.57065284294458,25.380402740149172,25.498666763305664,3279010
2021-06-15,25.755762100219727,25.91002008632234,25.467815936327757,25.48324191818798,4307987
2021-06-16,25.78661346435547,26.20824962873263,25.745479346184275,25.781471470521623,9886920
2021-06-17,25.334129333496094,25.874027737170273,25.318703350676877,25.838033777258765,6036152
2021-06-18,25.133596420288086,25.364980676110196,24.922778310039174,25.179872538452578,8717059
2021-06-21,25.56037139892578,25.61693333552001,25.16958716700095,25.292993196161355,4015195
2021-06-22,25.86888885498047,25.951160773247118,25.462678588538722,25.57065864876374,5476166
2021-06-23,25.812326431274414,25.997434565791544,25.570656358016066,25.997434565791544,4303503
2021-06-24,26.573328018188477,26.650456105262872,25.930591515902037,26.018003592253,5196453
2021-06-25,26.840707778930664,26.845849773863407,26.449923494042018,26.660741621284572,6816059
2021-06-28,26.9146728515625,27.19945794835735,26.61435548821488,26.800761011844074,6134654
2021-06-29,27.158031463623047,27.16321010693379,26.676489103200872,26.950916883683266,6069897
2021-06-30,26.396886825561523,27.147680273581734,26.345107714318793,27.038945239471815,6022582
2021-07-01,26.754159927368164,26.821471300869675,26.433129828554886,26.433129828554886,2727956
2021-07-02,26.578113555908203,26.92503140015944,26.40724212332949,26.77487271145372,4627246
2021-07-06,26.43313217163086,26.521156295358136,26.169059800449034,26.521156295358136,5648513
2021-07-07,26.35546112060547,26.47973024492469,26.18458970029188,26.47973024492469,4596630
2021-07-08,26.049962997436523,26.143165749327824,25.501107437686073,25.904982975049386,7026036
2021-07-09,26.541868209838867,26.56257912238076,26.143171232158814,26.3140408418789,3601897
2021-07-12,26.41759490966797,26.52633176463982,26.277791690775228,26.474552658938844,3524708
2021-07-13,26.143169403076172,26.355462655526928,25.930876150625416,26.282972634202213,7687337
2021-07-14,26.226015090942383,26.365818323193178,26.117280058080507,26.236370546572132,4546903
2021-07-15,26.112102508544922,26.205305278118747,25.941232902242614,26.08621295213551,4847123
2021-07-16,25.66680335998535,26.215658987292034,25.630556517427703,26.189769432607786,5810869
2021-07-19,24.791738510131836,25.268104108348723,24.50695524646945,25.22150364379478,11789290
2021-07-20,25.46487045288086,25.511470927254784,24.672653226024256,24.796922379354704,6539524
2021-07-21,26.391706466674805,26.484909227355942,25.687513531527085,25.728937184329762,4131271
2021-07-22,26.629892349243164,26.769695590215253,26.25708492831745,26.39170952490177,8429351
2021-07-23,26.51079750061035,27.08036582725909,26.3917051917431,26.883604860326173,14953103
2021-07-26,26.246728897094727,26.490088527993194,26.1794156840272,26.407243047102178,9363966
2021-07-27,27.002696990966797,27.126966110051853,26.0551426673189,26.096566317847078,6393496
2021-07-28,27.737958908081055,27.810450761574465,26.868073158656944,27.028589132642683,6182712
2021-07-29,28.27128791809082,28.374844326252315,27.665474409221016,27.924368178374774,12364866
2021-07-30,27.955432891845703,28.426619896002702,27.872585576664402,28.074523387731624,6843455
2021-08-02,28.01239013671875,28.359307994245697,27.893297810515623,28.188438387627894,5030261
2021-08-03,28.188438415527344,28.23503888419655,27.789739612191614,27.877763737733307,5562232
2021-08-04,28.54570960998535,28.93922973980593,28.058988549746488,28.095233559631332,6918788
2021-08-05,28.908164978027344,28.928875891138116,28.58713666231121,28.623381676504977,3137279
2021-08-06,29.363813400268555,29.503616614896384,28.944403756385064,28.99618286050644,7004327
2021-08-09,29.539867401123047,29.570935602674528,29.187770890205183,29.513977843996745,6382734
2021-08-10,29.658960342407227,29.943745494268644,29.586470309478845,29.586470309478845,3723061
2021-08-11,29.710739135742188,29.876431946693508,29.50362449642798,29.6744941196747,5451088
2021-08-12,29.280973434448242,29.778051859013093,28.266107503982354,29.679672269541896,8363295
2021-08-13,29.348281860351562,29.60199875965897,29.177412267858607,29.44148462239292,3922898
2021-08-16,29.343111038208008,29.48809110597577,29.18777368059972,29.255085069563332,5151981
2021-08-17,28.607845306396484,29.161879596914932,28.374839306131875,29.151524141180886,9734695
2021-08-18,28.86156463623047,29.17223749677929,28.63373726099472,28.75800640521425,4560448
2021-08-19,28.27128791809082,28.49911531454613,28.188442425061623,28.478402566913825,2960265
2021-08-20,28.83049201965332,28.846026118427275,28.100409534772545,28.260925501270826,3569240
2021-08-23,28.996183395385742,29.280966640807144,28.970293842847482,29.001362038893184,3754048
2021-08-24,28.86156463623047,29.135992482423582,28.685516376502832,29.0013678816024,3339529
2021-08-25,29.198123931884766,29.28096940833777,28.835671994590943,28.923696115040855,2865634
2021-08-26,29.16706085205078,29.353464569449415,29.12563719290669,29.229195424516995,2168708
2021-08-27,29.493263244628906,29.58646417263361,29.182588597947714,29.192945885503406,2831122
2021-08-30,29.254539489746094,29.711236563951765,29.23896985387732,29.685287783067725,5572252
2021-08-31,28.8289794921875,29.38428115679415,28.82378900172921,29.197449213978103,4878852
2021-09-01,29.332386016845703,29.50883699329002,28.82379137767382,29.078088697259762,2973995
2021-09-02,29.550352096557617,29.612630637311366,29.399849908683258,29.436179669686833,2155534
2021-09-03,29.514022827148438,29.612627444892272,29.275293344506625,29.612627444892272,2031216
2021-09-07,29.249343872070312,29.508831635427697,29.218206442482273,29.332380691021243,2326611
2021-09-08,29.01580810546875,29.238966123245103,28.896443361293713,29.11960321576157,2162029
2021-09-09,29.01580810546875,29.430986709948513,28.870494583720507,29.02099675896849,3606164
2021-09-10,28.590248107910156,29.264914478383243,28.590248107910156,29.244156191300924,2272245
2021-09-13,28.953529357910156,29.010615562516946,28.719990376276293,28.79783670348758,3137465
2021-09-14,28.647340774536133,29.067709930963737,28.621391993150784,29.015812368193036,2159988
2021-09-15,28.823787689208984,28.922392309893635,28.45531798419702,28.688855147045327,2535726
2021-09-16,28.631771087646484,28.963912896115627,28.408611215104862,28.75632449540887,1879436
2021-09-17,28.003812789916992,28.6265816891801,27.88444803152064,28.470889005191392,5010407
2021-09-20,27.168264389038086,27.526354958698224,26.830930270678078,27.495217526710697,3944607
2021-09-21,28.258106231689453,28.49164338896384,27.42255854754017,27.47964659185286,6127789
2021-09-22,28.86011505126953,29.026186858162667,28.341141343487784,28.51759229393209,4534285
2021-09-23,29.161123275756836,29.37909081566411,29.03137938055612,29.062516813389326,5412308
2021-09-24,29.057331085205078,29.12998693915612,28.683668996743535,28.943156813271244,2301191
2021-09-27,28.839359283447266,29.114414876692546,28.699236241537257,29.052138173253834,3441210
2021-09-28,27.99342918395996,28.543540307680992,27.936341140918287,28.543540307680992,5990111
2021-09-29,27.68204689025879,28.138743937727032,27.588632753898597,28.092036869546934,4281195
2021-09-30,27.770273208618164,28.175072682767805,27.645719806832364,27.806601131081393,5486342
2021-10-01,28.346330642700195,28.48126317657945,27.64571736047903,27.946721694274277,3470713
2021-10-04,27.915586471557617,28.320385968518334,27.630151729438097,28.273678899389534,2864892
2021-10-05,28.14912223815918,28.351521963253727,27.889634469221836,28.024568843745836,1938070
2021-10-06,28.20102310180664,28.299627730899143,27.70799628296077,27.775463478141173,2458909
2021-10-07,28.958723068237305,29.24415779639722,28.507214687537804,28.507214687537804,2723874
2021-10-08,29.21820831298828,29.275294522566632,28.766701779871358,28.96391102329488,2389142
2021-10-11,29.176687240600586,29.363519159820324,29.093652260596212,29.18706822020608,1726357
2021-10-12,29.27010726928711,29.39984932878724,29.093656305142975,29.176691296690723,2064615
2021-10-13,29.46212387084961,29.514021422284777,29.08846186785468,29.41022631941444,1639334
2021-10-14,30.14716911315918,30.17311789025746,29.59186748728576,29.59186748728576,2519398
2021-10-15,30.479312896728516,30.55196873833566,30.328810723388795,30.453364119484323,2204520
2021-10-18,30.39109230041504,30.41704108182504,30.16274375868372,30.334004246636322,1213311
2021-10-19,30.4429874420166,30.61943840689426,30.313243545285495,30.6038687719482,2321973
2021-10-20,30.97753143310547,31.065755080578292,30.375520842512977,30.489695106531236,2773787
2021-10-21,31.335620880126953,31.371946964437317,30.86854288718216,30.97752848687921,2347764
2021-10-22,31.662574768066406,31.698900853251267,31.252584810177094,31.449794053703677,1975736
2021-10-25,31.91687774658203,31.973962129673087,31.429041367711932,31.631441137591857,2305088
2021-10-26,31.792320251464844,32.16078997897423,31.70928342299304,32.12965070912439,2334405
2021-10-27,31.491313934326172,31.916871684692563,31.475742463672105,31.657383907621707,4020869
2021-10-28,32.0985107421875,32.14522148263946,31.5743483501955,31.5743483501955,2797352
2021-10-29,31.340808868408203,32.15040781440204,31.30448278273998,31.87535223318402,4203821
2021-11-01,31.28891372680664,31.605485871309817,31.17992812741856,31.460174187714358,2814422
2021-11-02,31.340808868408203,31.81307736916002,31.148790112605305,31.294101802044423,2916660
2021-11-03,31.50169563293457,31.543212213700397,31.013859278710182,31.366761235370326,2289316
2021-11-04,31.429044723510742,31.631444515001665,31.16955686944953,31.356388859050426,1577732
2021-11-05,31.958389282226562,32.14003073198805,31.678143208699755,31.688524189467955,2258329
2021-11-08,31.911684036254883,32.28015377380183,31.823456714840813,32.16079085507301,1578659
2021-11-09,31.88054656982422,32.15041169325288,31.610681446395564,31.906495351310642,2033999
2021-11-10,31.34600257873535,31.64182015173198,31.278537217433275,31.64182015173198,2327168
2021-11-11,30.58829689025879,31.75079771152268,30.49488276082706,31.75079771152268,2880664
2021-11-12,31.325246810913086,31.911687839862292,30.6246333403069,30.6246333403069,4220706
2021-11-15,30.733612060546875,31.766370886722807,30.681714502881338,31.423846271453634,2782137
2021-11-16,30.863351821899414,31.024234973370096,30.743988917502115,30.743988917502115,2227342
2021-11-17,30.806272506713867,31.050190696826377,30.577923953564255,30.847790926384306,2894394
2021-11-18,30.811458587646484,31.11246664594185,30.583111890261897,30.821839569215904,1477164
2021-11-19,30.930828094482422,30.936018585755846,30.334006085865493,30.62463318995571,2305088
2021-11-22,30.541597366333008,31.31487039029892,30.500078944839306,31.039811077489638,1840285
2021-11-23,30.34438133239746,30.609055930088974,29.92920088314573,30.48450252999007,2503812
2021-11-24,30.68171501159668,30.712852444697315,30.105653213972847,30.157550772498865,1661229
2021-11-26,29.866928100585938,30.00704930794065,29.47769640229507,29.835788830046003,1733965
2021-11-29,30.127002716064453,30.579531528856442,29.96055673315367,30.199823063694183,2678043
2021-11-30,29.216737747192383,30.028169595827418,29.065894835930717,29.95014701948178,4042392
2021-12-01,28.816226959228516,29.783704057749123,28.816226959228516,29.59644911936775,4595888
2021-12-02,29.7056827545166,29.86172608876329,28.87864590369404,28.920258318556503,2408253
2021-12-03,28.868240356445312,30.02296864529124,28.53014251107706,29.78370234623653,3786333
2021-12-06,29.799304962158203,30.02817045632395,29.13871600585479,29.346776215405402,2777312
2021-12-07,30.64714813232422,30.855206508694884,30.39747734433947,30.48070032671776,2236991
2021-12-08,30.366268157958984,30.83960405670621,30.298648217895117,30.657551363145757,1598699
2021-12-09,30.11139678955078,30.392275509368233,29.960553866386814,30.19461977304301,1412592
2021-12-10,30.366268157958984,30.433888098022848,30.080187194642477,30.303850459765382,1571052
2021-12-13,30.189420700073242,30.32986099514841,30.00216758692305,30.225830874226048,2304345
2021-12-14,29.97095489501953,30.298648271326297,29.809709327805873,29.82011197071483,3197954
2021-12-15,30.70435905456543,30.855201953440943,29.762891496844073,29.981354324503293,2799578
2021-12-16,30.329856872558594,30.933228546534767,30.298647104184038,30.74077505800778,2680641
2021-12-17,29.814908981323242,30.23102754750597,29.492416034043014,29.996959818550195,2080572
2021-12-20,29.430002212524414,29.653665474056165,29.0398893040157,29.320769861802017,1777940
2021-12-21,30.09579086303711,30.324654519930498,29.7264850898219,29.757694858082267,2103024
2021-12-22,30.579526901245117,30.579526901245117,29.944945474560168,30.08538758792876,1767178
2021-12-23,31.177705764770508,31.245323872331277,30.58473479745973,30.68356267839481,1862922
2021-12-27,31.63022232055664,31.64582536033984,31.047656064300256,31.17249142766242,1068211
2021-12-28,31.645835876464844,31.833090824583604,31.541805758809986,31.625030589273887,1214981
2021-12-29,31.68745231628418,31.973531477850067,31.515800401304237,31.73946737869622,1929534
2021-12-30,31.484594345092773,31.952726225634223,31.458586813857117,31.703055398452072,1398676
2021-12-31,31.406564712524414,31.515793373873485,31.05806239939308,31.484587288744905,2111373
2022-01-03,31.182903289794922,31.723855431844004,31.01645364478002,31.40656654869019,1611502
2022-01-04,31.479385375976562,31.76026591696289,31.188100352039065,31.208905636241838,3134311
2022-01-05,30.054176330566406,31.661436942960982,30.043773688830626,31.58861292826139,3637708
2022-01-06,29.934547424316406,30.100993397336204,29.580846510161873,30.038575697241285,5843897
2022-01-07,29.840917587280273,30.15300606300537,29.586044565084016,29.960552576803963,1833976
2022-01-10,29.482011795043945,29.762892318236126,29.117908299463178,29.606849014901318,1987983
2022-01-11,30.511911392211914,30.527514436486584,29.40919624395406,29.51842675812655,1834347
2022-01-12,30.667951583862305,31.1620908588526,30.522309081089112,30.71476439078777,3782066
2022-01-13,30.329856872558594,30.99044584160484,30.22582676577654,30.719967932141458,2732224
2022-01-14,29.695274353027344,30.12699780783246,29.393588526982754,29.944945127567724,2894394
2022-01-18,28.899444580078125,29.523623296836803,28.748601681662635,29.456003368259317,4106222
2022-01-19,28.602964401245117,29.13351572883222,28.415711316364344,29.13351572883222,3094788
2022-01-20,28.540546417236328,29.357178685049895,28.44691895531926,28.821426962137743,2511048
2022-01-21,27.770727157592773,28.368898459591094,27.723914343622887,28.368898459591094,3520069
2022-01-24,27.890361785888672,27.93717644009006,26.459953290088972,27.06332498519651,4463962
2022-01-25,28.009998321533203,28.358497001605066,27.21937164783731,27.354611535168196,4035527
2022-01-26,27.427433013916016,28.64458100510791,27.292193120994632,28.285677825905143,5638308
2022-01-27,27.193361282348633,27.79673294770447,27.120540944981514,27.703107325618124,5276485
2022-01-28,27.661497116088867,27.68230424331334,26.969700174361954,27.141348389076537,3510049
2022-01-31,28.660184860229492,28.727804808600645,27.47944885051492,27.515859025530116,4065957
2022-02-01,28.899444580078125,28.94105698542193,28.311677868526285,28.712191517305403,2945235
2022-02-02,29.050294876098633,29.180330676290733,28.72259965250265,29.133517861855573,2401759
2022-02-03,28.29607582092285,28.75900720366617,28.29087542026494,28.72779927716932,3762026
2022-02-04,28.426118850708008,28.748610023360143,28.166043542907765,28.166043542907765,5820518
2022-02-07,29.01388168334961,29.29476224023142,28.47812809673615,28.47812809673615,3045432
2022-02-08,29.185527801513672,29.289556055259297,28.613364122089365,28.915049923735918,2856171
2022-02-09,29.59644889831543,29.944947562714077,29.50282327067397,29.518426314714258,5840743
2022-02-10,31.063264846801758,32.49367507196328,30.95923474448459,31.052864045589768,10903289
2022-02-11,30.194622039794922,31.312940283728043,30.158211866730593,31.2037116053851,5669480
2022-02-14,29.471614837646484,30.205024211403078,29.279159490870992,30.205024211403078,4981275
2022-02-15,29.388389587402344,30.095793262829524,29.279159071480862,29.955352976159055,3806002
2022-02-16,29.357179641723633,29.487217276165538,29.019083633024536,29.33117211483525,2968058
2022-02-17,28.389705657958984,29.175130058664845,28.358495888000498,29.128315403727115,3244713
2022-02-18,27.67189598083496,28.62897031782854,27.567865881467224,28.493732293160313,6668667
2022-02-22,27.770727157592773,28.0620122069719,27.39101872220383,27.640691358693093,3673890
2022-02-23,27.21416664123535,28.19724856176999,27.172556071683495,28.098420697809583,2523294
2022-02-24,27.723909378051758,27.765521783488513,26.033427727485055,26.111450297360367,3878552
2022-02-25,28.58963394165039,28.61049401832811,27.52052086650769,27.84386128350142,3206490
2022-02-28,28.495763778686523,28.553129920197044,27.86472699358046,28.036829109508155,4051484
2022-03-01,27.838645935058594,28.516620544964418,27.442291576124386,28.42796060882731,3109076
2022-03-02,28.56355857849121,28.673076752109417,27.989887999709975,27.995102096150163,2688248
2022-03-03,28.12026596069336,28.69393649590932,27.953379819021652,28.626138481752704,2031216
2022-03-04,28.161991119384766,28.17763525497157,27.525738440319728,27.765636719126523,2564858
2022-03-07,27.270191192626953,28.302796313124666,27.249331116997933,28.015961967585906,5134354
2022-03-08,27.22325897216797,27.91687781102512,27.00422076411382,27.504877416011322,2604194
2022-03-09,28.297584533691406,28.39145857310258,27.671761910911968,27.89080010573945,3292028
2022-03-10,28.12026596069336,28.203708108680356,27.68740554983485,27.875151767078876,1813566
2022-03-11,27.901233673095703,28.500980352205623,27.875157650277963,28.21936004405327,3191831
2022-03-14,27.186750411987305,28.167205459294973,27.030296134882484,27.84386317464219,2645943
2022-03-15,27.530954360961914,27.577892307925886,27.09809571852426,27.36928413216968,3299821
2022-03-16,28.459253311157227,28.657429572949514,27.65090043822834,27.84386075810071,3639378
2022-03-17,28.92862319946289,28.939053238833075,28.323662459012375,28.43318064094628,2672848
2022-03-18,29.15809440612793,30.133333640182876,28.527057580392054,28.83475207866522,2540180
2022-03-21,29.220674514770508,29.304118523939206,28.78259808087998,29.053788342131167,1783507
2022-03-22,29.54401206970215,29.684824052041186,29.35626583607989,29.523151992310076,1956810
2022-03-23,28.92862319946289,29.51793795800914,28.91819316009271,29.46057181862414,2046431
2022-03-24,29.39276885986328,29.476212852212576,28.892112288558238,29.085074444456094,2618853
2022-03-25,29.653532028198242,29.67439210554666,29.21545563829854,29.523151930525966,2137165
2022-03-28,29.820419311523438,29.85170942872907,29.314544882568576,29.538799028183025,1660116
2022-03-29,30.394088745117188,30.461884919297123,30.133328549970145,30.29499876354259,1900774
2022-03-30,30.0446720123291,30.430594537202307,29.92993788964832,30.17505211667044,1593875
2022-03-31,29.50229263305664,30.37844174462089,29.50229263305664,29.997735171610213,3003312
2022-04-01,29.80477523803711,29.856927282416308,29.481434777723738,29.789129255583738,2282079
2022-04-04,30.5714054107666,30.58183360389578,29.898644835196432,29.982088837208842,2146814
2022-04-05,30.347152709960938,30.853025305504023,30.25327866466823,30.56619091851194,3982274
2022-04-06,29.924718856811523,30.216770998654514,29.736972633367696,30.12289696408371,3123549
2022-04-07,29.371915817260742,29.78913034180952,29.17373951795196,29.736978295528658,3593547
2022-04-08,29.278039932250977,29.60138036373263,29.126799755316352,29.36669618495262,1654178
2022-04-11,28.4644718170166,29.173736622936428,28.42796391168431,29.059002501643636,2647056
2022-04-12,28.083763122558594,28.735659938693708,28.036827024295533,28.48011567802074,2045689
2022-04-13,28.407106399536133,28.521840531192865,27.91166380997727,28.094195970335104,2082428
2022-04-14,28.49054718017578,28.829533593842612,28.360167080420116,28.49054718017578,2278554
2022-04-18,28.047252655029297,28.45403705800425,27.93252039102392,28.375809004247873,2001528
2022-04-19,28.594850540161133,28.77216673308609,28.0629001156884,28.0629001156884,2325313
2022-04-20,28.970340728759766,29.07464479774993,28.61570837075138,28.92861873202416,1822287
2022-04-21,28.375812530517578,29.512723730805213,28.34452241254525,29.267609501047705,1960150
2022-04-22,26.93120002746582,28.271503114251892,26.88426393957407,28.271503114251892,3505411
2022-04-25,27.06158447265625,27.20239460478052,26.378395734455633,26.649585960342716,3637337
2022-04-26,25.940319061279297,26.85819004675883,25.914243044680052,26.811253955159252,4063545
2022-04-27,26.24280548095703,26.832120270910014,26.180223395702715,26.519209844638436,3870573
2022-04-28,26.93120002746582,27.061580100162377,26.352315457809137,26.529631618397445,2498431
2022-04-29,26.00290298461914,27.04072408953687,25.903814852761293,26.837331883850634,2560776
2022-05-02,26.180221557617188,26.21672761764431,25.616980984174774,25.950753312562718,3408182
2022-05-03,26.362754821777344,26.5974371735351,26.101994602382014,26.31581687486736,2459651
2022-05-04,27.072021484375,27.09288156504899,26.03419832542789,26.35232470704616,4260228
2022-05-05,25.663917541503906,26.858194887315317,25.507463259408897,26.76432268719791,4139992
2022-05-06,25.262348175048828,25.517892436866642,24.939007736702408,25.4500944146401,4493835
2022-05-09,24.15151596069336,25.085033104019473,24.10979395700621,24.79819871220311,5280382
2022-05-10,24.59480857849121,24.985947090016563,24.141087978949734,24.688680787666318,6313153
2022-05-11,24.42270278930664,25.184119617388962,24.32361465195032,24.51136088784091,4474167
2022-05-12,23.69257164001465,24.21409005408926,23.014597148008427,24.21409005408926,7004141
2022-05-13,24.88163948059082,25.04330969799076,23.807312249965072,24.12022264585172,5459067
2022-05-16,24.91814613342285,25.267564442379154,24.48528566547436,24.902500151831205,4653780
2022-05-17,25.512678146362305,25.768222424725735,25.251919770996427,25.47095798755052,4595517
2022-05-18,23.932477951049805,25.220629368074032,23.87510996478209,25.173691421391897,4526492
2022-05-19,24.14630126953125,24.4435675619494,23.546554587525087,23.781238794018066,5576891
2022-05-20,24.558300018310547,24.673034142295492,23.86467933188875,24.558300018310547,3677044
2022-05-23,24.527008056640625,24.918146528444673,24.401843893319167,24.855564446783944,2012846
2022-05-24,24.427915573120117,24.500927681132147,23.603916772947844,24.37576354005505,2921299
2022-05-25,24.527008056640625,24.615666159468155,24.15672966349082,24.22974363017666,1654920
2022-05-26,25.173686981201172,25.403155194401837,24.5530803554941,24.62087836938902,2750593
2022-05-27,26.329601287841797,26.35575316079374,25.367216805770894,25.367216805770894,5043063
2022-05-31,26.539400100708008,27.0009533516614,26.245681526837966,26.60758311229461,7121223
2022-06-01,26.21420669555664,26.838354341434503,26.03063309420424,26.58659774456281,2616997
2022-06-02,26.94325828552246,26.953747836200655,26.06210818511776,26.161761700904243,2512904
2022-06-03,26.3505802154541,26.717727497196652,26.25617239941793,26.644296927110634,2639820
2022-06-06,26.59184455871582,26.995706155519358,26.47121194934661,26.67051896807608,1980190
2022-06-07,26.738704681396484,26.806887686703103,26.303374420682953,26.303374420682953,1623563
2022-06-08,26.31386375427246,26.707233954167766,26.20896453930597,26.64429479643368,1093632
2022-06-09,25.60579490661621,26.21420921585564,25.60579490661621,26.114555708032057,2088180
2022-06-10,24.750873565673828,25.228162044259744,24.640728642746993,25.154733333127925,2550570
2022-06-13,23.722864151000977,24.04805135962278,23.481597060320528,23.890702530654575,5794727
2022-06-14,23.560272216796875,23.812028866091378,23.30851556750237,23.806783162468925,4703321
2022-06-15,23.979862213134766,24.373232359072134,23.51830721557618,23.885452561369135,4985172
2022-06-16,22.647645950317383,23.444877616592425,22.542748610000103,23.298018370182305,5389856
2022-06-17,22.747303009033203,23.103958819090458,22.49554454717073,22.621424706216388,4357456
2022-06-21,22.97808265686035,23.345228050316646,22.8994082462135,23.15641057850161,3243228
2022-06-22,22.82073402404785,23.088225908719007,22.47981157509574,22.589956493402653,2899590
2022-06-23,23.27179718017578,23.303267686511695,22.82597738194364,22.930876594758026,2266864
2022-06-24,23.943147659301758,24.032311607784038,23.355714368568062,23.591735711619386,2082984
2022-06-27,23.985105514526367,24.184414362341684,23.759573723391156,24.184414362341684,1818019
2022-06-28,23.638944625854492,24.373235409335482,23.49208535542089,24.221132291954007,3077903
2022-06-29,23.439634323120117,23.70188234143581,23.24032731418331,23.507819179127978,2760613
2022-06-30,23.324249267578125,23.497333358378572,22.89416467676594,23.235085298447345,3715453
2022-07-01,23.612720489501953,23.665170097836473,23.09871581280691,23.18787977572978,1645086
2022-07-05,23.534046173095703,23.560270977370045,22.841713567727943,23.172144616601404,3519512
2022-07-06,23.392425537109375,23.638938251599356,23.08821938437581,23.534039066179915,3360311
2022-07-07,24.042802810668945,24.084762864673596,23.61271828986517,23.62320783930911,2104879
2022-07-08,23.833005905151367,24.042804332222865,23.628453181248258,23.869722114872083,2234579
2022-07-11,23.319007873535156,23.665174235327402,23.22459819078113,23.581254104828407,1938812
2022-07-12,23.539289474487305,23.77006512983242,23.130184054536034,23.130184054536034,2279111
2022-07-13,23.156410217285156,23.36620678617513,22.75779432329652,23.082979654756127,2383390
2022-07-14,22.673873901367188,22.862691367660403,22.138890152088592,22.73156920997923,3215767
2022-07-15,23.471105575561523,23.481595125382555,22.726323407292067,23.030529633246676,2492493
2022-07-18,23.58649444580078,24.00084373114763,23.54453439009247,23.806780561754262,1780723
2022-07-19,24.56730079650879,24.703668672872876,23.82776424323222,23.93266346638729,3247867
2022-07-20,24.94493293762207,25.086546501542458,24.420438737679998,24.420438737679998,2144772
2022-07-21,25.196691513061523,25.212424909824197,24.714155510767903,24.913464384127803,2440354
2022-07-22,25.175710678100586,25.469427358365298,24.913464503970552,25.212425031105052,3125404
2022-07-25,25.31208038330078,25.369773836212566,25.0445866499812,25.254385074160016,3079202
2022-07-26,24.83479118347168,25.212426136267148,24.67219851125939,25.13375357993989,2483772
2022-07-27,25.369775772094727,25.579572356053433,25.002630357995148,25.044588561049416,2900147
2022-07-28,25.83657455444336,25.93622992669785,25.133754238799483,25.33306127085024,3053040
2022-07-29,26.041122436523438,26.277145636390514,25.747407646654874,25.883775492840815,2595659
2022-08-01,26.01490020751953,26.1670033199743,25.605794772302172,25.76838929077088,2663941
2022-08-02,25.68971824645996,25.957210154028857,25.6057981247349,25.92574150055385,2681012
2022-08-03,26.083086013793945,26.182739524718002,25.73691972092958,25.988676349838567,1828966
2022-08-04,26.36631202697754,26.36631202697754,26.004410496155803,26.151269760920034,1658631
2022-08-05,26.146026611328125,26.187986670534084,25.773635494419405,26.035883544170243,1898919
2022-08-08,26.3505802154541,26.686256987698478,26.29288675634635,26.361071622772947,2405285
2022-08-09,26.329601287841797,26.38205089986705,26.05161982909131,26.22470206379129,2790301
2022-08-10,27.78244972229004,27.866367988159265,26.738706893381202,26.875074771504647,4315707
2022-08-11,28.091899871826172,28.36463561040059,27.677548704358273,27.950286299161768,4265980
2022-08-12,28.17581558227539,28.312183439220963,27.93979422001463,28.296450042971447,2837245
2022-08-15,27.882102966308594,28.097145260678737,27.74048938587378,27.777203742841444,2037710
2022-08-16,27.83489227294922,27.950281019389017,27.546419478735363,27.803421771088946,2354444
2022-08-17,27.530689239501953,27.735241956352656,27.242216412224384,27.462504381808742,1968500
2022-08-18,27.514955520629883,27.682793894611077,27.37858765387037,27.530690774240725,1895022
2022-08-19,27.090112686157227,27.394318903042674,26.843601775910827,27.394318903042674,1647870
2022-08-22,26.75968360900879,26.83835802037289,26.418763015993385,26.586601388990996,2987726
2022-08-23,26.796396255493164,27.06388812334804,26.61806834358991,26.812131508009077,1915247
2022-08-24,26.764928817749023,27.027174994555065,26.586600897776794,26.6233152511559,1375853
2022-08-25,27.021930694580078,27.116338499906647,26.79639701870546,26.885560977196644,1868860
2022-08-26,25.794612884521484,26.995704331309234,25.768388083173516,26.917029927265325,2924454
2022-08-29,25.82084083557129,25.972943959451953,25.55334894292987,25.63726720374265,2195984
2022-08-30,25.56310272216797,26.146950682029555,25.49472341114388,25.957594737873578,2312695
2022-08-31,25.305370330810547,25.847138632775476,25.289590201631043,25.542064822411703,2329395
2022-09-01,24.973997116088867,25.17387254881052,24.521645199138504,25.079193634534395,3000344
2022-09-02,25.021333694458008,25.542063028628743,24.874055601663855,25.263288832634448,2800321
2022-09-06,24.847761154174805,25.14757431953962,24.47430800191914,25.042375933858086,2630357
2022-09-07,25.357973098754883,25.394792164354172,24.705745662017957,24.837241793008815,2187078
2022-09-08,25.999675750732422,26.015454017388514,25.01607320172998,25.12653223745899,2554838
2022-09-09,26.45728874206543,26.52040739875651,26.152214924471387,26.26267210830006,2569868
2022-09-12,26.99905776977539,27.06217456225841,26.65716304392742,26.65716304392742,2980119
2022-09-13,25.978635787963867,26.473065548330176,25.883956877393693,26.362608370600633,2571909
2022-09-14,26.157472610473633,26.399427761052113,25.931297588775294,25.97337731194806,1686835
2022-09-15,25.668304443359375,26.32053184676886,25.636746043682457,25.920780948389798,2435344
2022-09-16,25.263290405273438,25.42634677476641,25.005555122981697,25.352708654546724,1918401
2022-09-19,25.447383880615234,25.478942272627528,24.921393926707264,24.979251909491087,1997260
2022-09-20,24.94243812561035,25.305371810344397,24.737302018851622,25.210692891254617,2498616
2022-09-21,24.426963806152344,25.16335052968386,24.41644434152753,24.995033511118866,2666168
2022-09-22,23.964096069335938,24.54268341935066,23.916755682808223,24.41118730972339,2871201
2022-09-23,23.04361343383789,23.606422502843564,22.87003574383718,23.580122909253237,5447191
2022-09-26,22.443986892700195,23.127774569577532,22.280930504303164,22.86478045479274,3842369
2022-09-27,21.828577041625977,22.859518219456252,21.77071904772883,22.70698130829123,5029333
2022-09-28,22.24410629272461,22.370343587532332,21.854873082465282,21.91273292847368,5766708
2022-09-29,21.418302536010742,21.99163291877918,21.1710885956477,21.923253604677317,5638122
2022-09-30,21.507726669311523,22.144173960641677,21.386748146555316,21.523504938847623,4036826
2022-10-03,22.186246871948242,22.428203863410225,21.665517555505186,21.92325281297859,3461064
2022-10-04,23.311866760253906,23.317127423682678,22.57022118511943,22.612300907981204,5132684
2022-10-05,22.827957153320312,22.99627418833696,22.564963065903765,22.854256748214254,3331550
2022-10-06,22.149429321289062,22.675419336512267,22.06527173792337,22.596520555000367,4018642
2022-10-07,21.260507583618164,21.996892490315968,21.129009614021133,21.933773837213952,4555438
2022-10-10,21.06062889099121,21.455122773436017,21.06062889099121,21.376223996947058,2328653
2022-10-11,20.424184799194336,21.144791498599922,20.2979474825072,21.076412176426498,6443595
2022-10-12,20.213788986206055,20.47152241033943,20.045471950990382,20.382106021421727,10060521
2022-10-13,20.571462631225586,20.781857535681958,19.424803607379726,19.703577833083948,7610333
2022-10-14,19.935012817382812,21.008031817808323,19.929754015335345,20.87653570530172,5536998
2022-10-17,20.5451602935791,20.850234074316447,20.355804346382403,20.445220726162844,4898334
2022-10-18,21.00277328491211,21.24998910695099,20.781857058016147,21.06063127731281,4677716
2022-10-19,20.38210678100586,20.87127591410039,20.30846679555768,20.79763779017514,5096502
2022-10-20,19.856117248535156,20.63984262106326,19.82981765193582,20.38210731899894,5412865
2022-10-21,20.119108200073242,20.12436886317788,19.51422129612826,19.70357538353242,7596046
2022-10-24,20.040212631225586,20.255870068681304,19.551041622035996,20.19801021135719,5937043
2022-10-25,20.639842987060547,20.781858577387702,20.113851045746603,20.176971567922685,6809499
2022-10-26,20.755558013916016,21.18686915188343,20.45574485515437,20.592501636614617,6268436
2022-10-27,20.923873901367188,21.47616352205827,20.771336998507714,20.83971631622924,7895338
2022-10-28,21.139528274536133,21.181607995509832,20.660878661860824,20.887053671739366,4109561
2022-10-31,20.83445930480957,21.097455294821458,20.70822197421312,20.97121796422501,4986842
2022-11-01,21.050111770629883,21.56032354310591,20.950174053890255,21.397265308927704,5943909
2022-11-02,20.408405303955078,21.491943758321487,20.39262517493703,21.034331185935073,5303947
2022-11-03,20.44522476196289,20.587244077297754,20.08755172614733,20.16645051843424,6229841
2022-11-04,21.276287078857422,21.523501020512686,20.823935193824283,20.997512880829337,4661202
2022-11-07,21.681299209594727,21.73915906078594,21.255246905312926,21.323626221759966,4506267
2022-11-08,21.707599639892578,22.175729823234803,21.51824367342346,21.754938166129143,5073865
2022-11-09,21.32362937927246,21.74442108247401,21.307849248290676,21.381489239031318,6208132
2022-11-10,23.517004013061523,24.274429754431434,22.20729049135055,22.47554524751043,7936901
2022-11-11,24.616323471069336,24.921397275798697,23.806298572581753,23.885197355499237,8913080
2022-11-14,24.000913619995117,24.432224704423096,23.879935121838507,24.31650686939087,4325356
2022-11-15,24.395408630371094,24.705743116115144,24.032474953041746,24.542684877591576,4858256
2022-11-16,24.10085105895996,24.30072647109909,23.864154728405307,24.21656889270437,4324243
2022-11-17,23.637983322143555,23.948317813722873,23.474926942076927,23.77474010592302,4560077
2022-11-18,23.52226448059082,23.90097641735613,23.332908512208167,23.80103870028108,2700495
2022-11-21,23.180374145507812,23.459148395753722,22.933158296023265,23.12777494938246,4388629
2022-11-22,23.511741638183594,23.55382135673297,23.19088773998012,23.21718733138316,2486370
2022-11-23,24.037734985351562,24.048254451087697,23.51174494483903,23.51174494483903,4386588
2022-11-25,24.490081787109375,24.626840408067906,24.03773178992806,24.04299059133562,2030659
2022-11-28,23.84311866760254,24.390147646784502,23.780000010832424,24.274429799118806,4463034
2022-11-29,23.72704315185547,23.853671554451484,23.542375642150457,23.853671554451484,4007138
2022-11-30,24.877254486083984,25.07247406548726,23.6267975201116,23.996130698775296,7883834
2022-12-01,24.65565299987793,25.077750181008554,24.0383399805125,25.024988033367226,6189020
2022-12-02,23.811460494995117,24.328528007284525,23.700661114057343,24.212451665082614,5148641
2022-12-05,23.294397354125977,23.737596792810578,23.00948249561225,23.463233990669565,5129344
2022-12-06,22.872297286987305,23.31549853727367,22.68235469427452,23.27328844979643,3702650
2022-12-07,22.845916748046875,23.178316759861808,22.740392460539937,22.74566942183125,5713270
2022-12-08,23.009479522705078,23.283840422107577,22.93561327034978,22.940888364209524,5776914
2022-12-09,22.766775131225586,23.04113792455292,22.729843868752535,22.909234423196164,4812610
2022-12-12,21.95565414428711,23.72437725922903,21.551001223884114,23.59384436027482,7912650
2022-12-13,22.09271240234375,22.823696547604996,22.027445027157743,22.268932261327357,7422300
2022-12-14,21.9164981842041,22.4777887922778,21.9164981842041,22.197142554595885,7976100
2022-12-15,21.6097412109375,21.89691357245149,21.54447383149398,21.785959214126482,6156900
2022-12-16,21.146347045898438,21.590158836759077,21.09413389403248,21.250773349630354,7112100
2022-12-19,20.487159729003906,21.18551127676081,20.441472742867923,21.054978364436625,6492750
2022-12-20,20.14777374267578,20.44800036849308,20.089034400160234,20.343574040780982,6672300
2022-12-21,20.519792556762695,20.676433919349428,20.082506832237012,20.232622016008904,5756700
2022-12-22,20.27177619934082,20.408835258741462,19.932390705836127,20.350095928611136,5706750
2022-12-23,20.702539443969727,20.813491947312507,20.213040579359244,20.213040579359244,5375550
2022-12-27,20.558948516845703,20.78738152711594,20.461048388545656,20.741694551603967,2709150
2022-12-28,20.27830696105957,20.83307323594411,20.258726557492928,20.572005545398994,4965150
2022-12-29,20.911392211914062,21.009290491557636,20.402312941691513,20.500213088625078,3258900
2022-12-30,20.53284454345703,20.930969417115083,20.395783599545513,20.72211864677583,2721450
2023-01-03,20.598114013671875,20.96360616656001,20.350100547709896,20.728645058127576,2499450
2023-01-04,21.47268295288086,21.51184375889,20.859179219487697,20.859179219487697,3024750
2023-01-05,20.950550079345703,21.381309583459473,20.826543357388264,21.250776683317405,2692650
2023-01-06,21.714168548583984,21.792488287237088,20.970130097734568,21.107189173555035,3042450
2023-01-09,22.0861873626709,22.477786065197176,21.831647739206343,21.988287220216854,2933550
2023-01-10,21.975234985351562,22.144928691030035,21.727221538734547,22.053554726290105,2059800
2023-01-11,22.575687408447266,22.640954795984822,22.197141042225446,22.21019526664896,2751600
2023-01-12,22.941177368164062,23.20224502619248,22.503893569144296,22.80411829484876,3696450
2023-01-13,23.221824645996094,23.313198610672604,22.699693040101497,22.764958557193367,3276900
2023-01-17,23.26751136779785,23.57426414964856,23.11739806596156,23.469837829638948,2332350
2023-01-18,23.24140167236328,23.763533202421353,23.234875495059967,23.398041131380705,3021000
2023-01-19,23.260986328125,23.443732397086297,23.130453421724074,23.130453421724074,2453250
2023-01-20,23.672163009643555,23.678689187468294,23.143503392754145,23.208770772870903,2203650
2023-01-23,24.129032135009766,24.21387805938331,23.56121351172137,23.73090536046846,2084250
2023-01-24,23.95281219482422,24.19429761017797,23.88101862789526,24.19429761017797,1766250
2023-01-25,24.096397399902344,24.148612430772914,23.398045870190035,23.541633003681547,2478600
2023-01-26,24.4227294921875,24.474942653386993,24.096396301045694,24.34440975038826,1744500
2023-01-27,24.612003326416016,24.768642820144656,24.200824188555817,24.357463682284457,2215800
2023-01-30,23.939756393432617,24.612001298791963,23.91364981329526,24.468416041681465,1783350
2023-01-31,24.27914047241211,24.487993100927678,23.952809174001434,24.057235488259217,3433650
2023-02-01,24.181245803833008,24.331357252462716,23.70479927362198,24.20082434020423,9489150
2023-02-02,24.9122314453125,25.023183959845777,24.285673432950215,24.5336850458652,12343200
2023-02-03,24.605472564697266,24.814325184101623,24.44230692261004,24.664211897082314,4105950
2023-02-06,23.652584075927734,24.14208292165023,23.482892238220682,23.959336860194224,3569100
2023-02-07,24.050710678100586,24.135556596437407,23.339304971297523,23.58731654811821,2486700
2023-02-08,24.005022048950195,24.31830098804094,23.854908757146774,24.109448361980444,2350800
2023-02-09,23.946277618408203,25.11454917201271,23.926699087822392,24.794744098303592,3457800
2023-02-10,23.70479393005371,24.005020494215767,23.535102116014883,23.85490721213474,6523650
2023-02-13,23.965864181518555,24.06376432879056,23.828805095711747,23.946283778606155,3079350
2023-02-14,23.848386764526367,24.246511685998154,23.633006055637285,23.920178466865966,3053850
2023-02-15,23.809223175048828,23.881016736291055,23.371937496760566,23.691744499643256,2370750
2023-02-16,23.502471923828125,23.743957335755226,23.189192945990804,23.495945745279016,3430650
2023-02-17,23.378463745117188,23.58079020591224,23.16961297346763,23.39804414684023,7218750
2023-02-21,22.503894805908203,23.39151854320123,22.445153599296365,23.202246301336228,4936350
2023-02-22,22.275461196899414,22.614848630677482,22.118821704674172,22.451681092475322,3005850
2023-02-23,22.268932342529297,22.54957664171249,22.014392752768114,22.340724028019142,3333900
2023-02-24,22.033971786499023,22.07313258610296,21.655427349206043,21.96870627687873,3382500
2023-02-27,22.014354705810547,22.40676706209145,21.962033058306424,22.269423205185564,2814000
2023-02-28,21.74620819091797,22.033975400351313,21.726587103993474,22.007814574841934,3031500
2023-03-01,21.674264907836914,22.06667918565537,21.60886377564714,21.74620952135158,4213200
2023-03-02,21.75928497314453,21.772364448694375,21.20990770548933,21.54999839499017,3785250
2023-03-03,22.27596092224121,22.302121743619708,21.805066137428238,21.975110540803705,2879100
2023-03-06,21.929330825805664,22.43946782922143,21.903171872984064,22.262881799487534,2904750
2023-03-07,21.11834716796875,22.334826527783484,21.079106864062418,22.04705743818074,6541500
2023-03-08,21.209909439086914,21.32763221333604,21.05294262147181,21.085645055358576,7271100
2023-03-09,20.634368896484375,21.523838774472246,20.588588858334255,21.294931099042792,6561900
2023-03-10,19.614097595214844,20.667072197969194,19.548694597556842,20.523186725823464,11910600
2023-03-13,18.99277687072754,19.548693911033446,18.946994961091715,19.326327843378973,9625650
2023-03-14,19.287084579467773,19.823382374841067,19.1104985602816,19.62063553322619,5997000
2023-03-15,18.829265594482422,19.26092001630776,18.50879604976269,18.966609417766698,7757850
2023-03-16,19.234764099121094,19.352488742762365,18.476098331587853,18.541501327204056,6246600
2023-03-17,18.71808624267578,19.156280486589715,18.626524299668034,19.10395884167968,7489200
2023-03-20,19.025480270385742,19.332870464972494,18.842354475699803,19.0123989208946,5132250
2023-03-21,19.50945472717285,19.712199720704007,19.221683776519946,19.3655692518464,4248300
2023-03-22,19.11050033569336,19.751441480326466,19.11050033569336,19.607557879186253,4198800
2023-03-23,19.14320182800293,19.607558830749834,19.032018784748395,19.195525351430227,3525300
2023-03-24,19.60101890563965,19.627179734017002,18.790033225941706,18.888134928979248,5041050
2023-03-27,19.574851989746094,19.928023998593627,19.430968414001534,19.87570235811025,4850550
2023-03-28,19.640260696411133,19.751443747029427,19.470214379727267,19.614099868549772,4220100
2023-03-29,20.39891815185547,20.444700053699304,19.816840386707504,19.888781236839925,6176400
2023-03-30,20.686689376831055,20.77171158136412,20.510105229993826,20.588587696755795,5344350
2023-03-31,21.314552307128906,21.347252869186843,20.837115867936248,20.922139948924496,4086900
2023-04-03,21.137964248657227,21.301468914418308,20.948296890358048,21.281847830599506,3205950
2023-04-04,20.824037551879883,21.26877158262511,20.732473727612128,21.255692105541044,3052050
2023-04-05,20.65398597717285,20.797871415372374,20.510102410142682,20.72592869627261,2125500
2023-04-06,20.62782859802246,20.837115182177094,20.542806391002056,20.693229719985954,2379300
2023-04-10,20.62129020690918,20.62129020690918,20.209256749650972,20.418543347474852,2200200
2023-04-11,20.876358032226562,20.96138024201611,20.667071441255537,20.7586333892205,1817850
2023-04-12,20.967918395996094,21.20336579304967,20.784792642732203,21.137964673897354,2725050
2023-04-13,21.517295837402344,21.530377184044966,21.05948238596328,21.05948238596328,2105700
2023-04-14,21.255687713623047,21.680800569734178,21.04639928299343,21.680800569734178,2084550
2023-04-17,21.425735473632812,21.425735473632812,21.066023675256705,21.085644761080975,2254200
2023-04-18,21.491138458251953,21.59577988319811,21.144506136490783,21.39957463856569,3819000
2023-04-19,21.680803298950195,21.74620629259926,21.20990848088776,21.20990848088776,2937150
2023-04-20,21.733123779296875,21.791985160604014,21.31455063014463,21.31455063014463,4165350
2023-04-21,21.772363662719727,21.850846126694424,21.569618700828915,21.68080172366735,2645250
2023-04-24,21.831228256225586,21.88355177774637,21.687344653345324,21.77890847704443,1517850
2023-04-25,20.77171516418457,21.680806233277792,20.745556208588145,21.61540323077694,3533550
2023-04-26,20.255037307739258,20.85673623629115,20.222334875636367,20.73247185934128,3442950
2023-04-27,20.915597915649414,20.94829847704456,20.470863918698505,20.470863918698505,3453750
2023-04-28,21.229524612426758,21.242605957725043,20.78479068216488,20.810951501592047,1827300
2023-05-01,21.046401977539062,21.222988002484044,20.876357561791803,21.079104410018648,2870250
2023-05-02,20.13731575012207,20.90252134276998,20.071912747078084,20.876360515786377,3653400
2023-05-03,20.189634323120117,20.634368313974317,19.98688747714417,20.15039402421781,3505200
2023-05-04,19.784143447875977,20.163474463796053,19.653337455497628,20.03921008085544,5097000
2023-05-05,20.516647338867188,20.55588764119836,20.07191143798177,20.16347526203754,3050550
2023-05-08,20.837114334106445,20.92213840883603,20.536263946043942,20.824034858713944,3182850
2023-05-09,21.052942276000977,21.09872418575538,20.40546141474641,20.778254559814027,4623450
2023-05-10,20.372760772705078,21.222988484250777,20.32043912495364,21.190287922198557,4973250
2023-05-11,20.40546226501465,20.542808000000864,19.66641942462608,20.359680353352577,3122850
2023-05-12,19.849544525146484,20.35314179396549,19.581394673936583,20.307359883860173,5242200
2023-05-15,19.993431091308594,20.196177976591915,19.90840886789527,20.111155753178593,2987400
2023-05-16,19.777599334716797,20.013046723086102,19.64679523006718,19.986885902156178,2945100
2023-05-17,20.31389808654785,20.359678122022828,19.640256447073384,19.947644704560815,3387150
2023-05-18,20.117691040039062,20.379299262774342,19.960726106397896,20.248495151406704,2676900
2023-05-19,20.156936645507812,20.274661301393888,19.980350597263666,20.17001612328964,2789400
2023-05-22,20.470863342285156,20.66707044747065,20.28773758399119,20.307358668743667,2867400
2023-05-23,20.542808532714844,20.90252035452518,20.40546279416699,20.490486881221333,3300750
2023-05-24,20.02613067626953,20.54280742469227,19.934566855509665,20.412003303013712,3901350
2023-05-25,20.222335815429688,20.359679674667774,19.790681280606027,19.980348659406438,3758400
2023-05-26,20.595125198364258,20.634365491899835,20.196171298931034,20.326975395998634,3031050
2023-05-30,20.07074737548828,20.57546474848948,20.018309158154686,20.45747969715818,3275850
2023-05-31,19.690567016601562,19.926538966493656,19.566025796435035,19.887211245847485,3602700
2023-06-01,19.99864387512207,20.110074615431763,19.611911562786545,19.775780519164154,4308300
2023-06-02,20.32638168334961,20.398486574245364,20.103520203876283,20.214950943612944,3601950
2023-06-05,20.30016326904297,20.627901161033996,20.077299927204802,20.287052778187352,2379750
2023-06-06,20.798328399658203,20.831101817113762,20.221508000950482,20.293609144284993,2548200
2023-06-07,20.909759521484375,20.949089123411554,20.641014117890325,20.844212685390595,3040350
2023-06-08,20.719669342041016,20.90975739781331,20.391929568842645,20.896646906722918,2844900
2023-06-09,20.726226806640625,21.06052093862989,20.654123783007893,20.83765755885747,2289000
2023-06-12,20.98185920715332,21.099844243508137,20.81143596012117,20.88353709329874,2103000
2023-06-13,21.434139251708984,21.434139251708984,21.11295566596496,21.11295566596496,2726550
2023-06-14,21.6832218170166,21.899528977932203,21.45380416511359,21.617674988094844,2595150
2023-06-15,21.925748825073242,21.945413624549285,21.480023997201034,21.630784334286552,4091550
2023-06-16,21.984739303588867,22.1420539206708,21.84053330026135,22.017512713313064,3964800
2023-06-20,21.48657989501953,21.755327173507194,21.270272710794153,21.630785934728873,2139450
2023-06-21,21.25716209411621,21.434139659831633,21.099845576805073,21.362038522098,2232300
2023-06-22,20.831098556518555,21.165392613187866,20.601680919562103,21.067070500872486,3380700
2023-06-23,20.536134719848633,20.68033886367295,20.280497970184648,20.555799517977793,2530350
2023-06-26,20.634458541870117,20.73933309811048,20.405039003618143,20.536136418430278,3170700
2023-06-27,21.132617950439453,21.204720953560265,20.595125393545484,20.627898803931963,4808400
2023-06-28,21.244049072265625,21.270268176137737,20.92941982580027,21.119507860038528,2649300
2023-06-29,21.368593215942383,21.41447712284772,21.060518234347242,21.263716786066464,2505150
2023-06-30,22.056840896606445,22.128943899795804,21.532458828571478,21.55212362495734,4738650
2023-07-03,21.91919708251953,22.109287040805867,21.873315045489907,22.010964907256206,1277700
2023-07-05,21.85364532470703,21.925746456098175,21.342371845601562,21.670111591883735,5782050
2023-07-06,20.876983642578125,21.60456431442014,20.85731884393251,21.591453823543592,4977300
2023-07-07,21.368593215942383,21.51279736935253,20.85731968262802,20.90975789756598,3290700
2023-07-10,21.244049072265625,21.59800791220827,21.204721354126573,21.368590284492722,3439800
2023-07-11,21.237497329711914,21.38825578867805,20.95564146021603,21.348928065789895,4825500
2023-07-12,21.66356086730957,21.8733156330076,21.558684422129936,21.69633616293228,3067800
2023-07-13,22.659887313842773,22.77131805985811,21.886422649567603,21.892976958077064,3958650
2023-07-14,22.522232055664062,22.895853805817158,22.482902463364695,22.627106592673293,2974950
2023-07-17,22.423913955688477,22.489460787444713,22.24693450940502,22.48290647933679,4200600
2023-07-18,22.97451400756836,23.092500923982833,22.39769366703595,22.47635098619946,5794350
2023-07-19,23.45956802368164,23.557888264498835,23.125273953955702,23.171157858206758,3551850
2023-07-20,23.171157836914062,23.466122309771364,22.76476075735826,23.446457511490642,2345700
2023-07-21,23.256372451782227,23.32191928735902,23.02040046809624,23.19737804935676,1732650
2023-07-24,23.276033401489258,23.584110253768443,23.2367056785492,23.26292478562206,1850400
2023-07-25,23.387466430664062,23.407131230154462,23.13182966330436,23.26948138439866,2373750
2023-07-26,23.210485458374023,23.39401919908234,23.17115773732,23.30225326639737,2179050
2023-07-27,22.817201614379883,23.420241120637257,22.79753681381945,23.4071325038227,1636800
2023-07-28,22.758211135864258,23.17116260809853,22.646778506220613,23.033510867127927,2407350
2023-07-31,22.876197814941406,23.125280327809904,22.764767052766032,22.81065096966374,1860750
2023-08-01,22.541898727416992,22.817200293307835,22.305926760369907,22.80408980191375,1940850
2023-08-02,21.8995304107666,22.351811436339815,21.637339327248167,22.286264603129485,3842850
2023-08-03,21.28993797302246,21.801209680936612,21.263718862992537,21.761881953561065,5886000
2023-08-04,21.643892288208008,21.93230433746371,21.20472365715601,21.303045776189684,4291650
2023-08-07,21.7684326171875,21.91263863587463,21.61767416626342,21.643891396564683,2377950
2023-08-08,21.761877059936523,21.78154185687158,21.171946279252513,21.43413732059246,4327050
2023-08-09,21.571794509887695,21.820875124837116,21.30960152652919,21.62423273149165,4396350
2023-08-10,22.646774291992188,22.817199421573207,21.58489954318015,21.781543779209144,4265850
2023-08-11,22.51567840576172,22.679549224988982,22.089618401515292,22.332144663511432,4987650
2023-08-14,22.509124755859375,22.725431918140785,22.32559100824578,22.397694020785732,2926800
2023-08-15,21.978187561035156,22.482906799298153,21.755326079486125,22.482906799298153,3944700
2023-08-16,21.820871353149414,21.958521192232652,21.51935256871287,21.827427536220736,3664650
2023-08-17,21.31615447998047,21.958521659600063,21.217832360540424,21.860201415498466,3544200
2023-08-18,21.6832218170166,21.801206859211135,20.883538126937516,21.04085276675585,4582650
2023-08-21,21.48002052307129,21.76187635217956,21.296486800102354,21.702883838631237,3559350
2023-08-22,21.027746200561523,21.56523700132445,20.74589030791484,21.56523700132445,4391400
2023-08-23,21.381704330444336,21.421032055124634,20.968752906939184,21.07362746453283,1790100
2023-08-24,21.250606536865234,21.624230229060426,21.15884059734715,21.427585983132587,2402550
2023-08-25,21.28993797302246,21.460363125886296,21.04085549006886,21.263718862992537,1824300
2023-08-28,21.584897994995117,21.69633059591026,21.34237174658128,21.401364263023346,2514450
2023-08-29,22.279706954956055,22.286263138116954,21.499688063929494,21.598010182620232,2199450
2023-08-30,22.397939682006836,22.54901115346165,22.214027158255817,22.319120028970687,2078550
2023-08-31,22.404504776000977,22.562144062790107,22.194319060282137,22.450483371116604,3547500
2023-09-01,22.778900146484375,22.910264343377182,22.509598281070083,22.614691141951198,2566800
2023-09-05,22.220590591430664,22.792033432553854,22.200885212272667,22.765760220079322,2735550
2023-09-06,22.03011131286621,22.34538987747399,21.813355890292005,22.207455975260206,1887900
2023-09-07,22.076091766357422,22.20088813262112,21.773948843551626,21.773948843551626,2985900
2023-09-08,22.44391441345215,22.52273405289992,22.010405456885184,22.010405456885184,3083100
2023-09-11,22.890562057495117,23.00222275831145,22.312551291940515,22.562145910189297,3638850
2023-09-12,22.71321678161621,22.982518654296083,22.549009651861425,22.903699006508745,3827700
2023-09-13,23.127017974853516,23.225542994048503,22.391368006053376,22.765760823944195,4274550
2023-09-14,23.711597442626953,23.790417079034228,23.324065214614052,23.42259022992524,3157200
2023-09-15,23.6590518951416,23.75757692192977,23.422592958375155,23.665621608347106,4833450
2023-09-18,23.586801528930664,23.790419412758812,23.540822933380717,23.645915792232852,2099700
2023-09-19,23.08104133605957,23.7641468155575,23.08104133605957,23.691895003417056,2775600
2023-09-20,22.936540603637695,23.26495487097971,22.936540603637695,23.159862004756878,2349900
2023-09-21,21.70169448852539,22.851148020680927,21.662285608848908,22.614689104996792,6352050
2023-09-22,21.563764572143555,22.13520752702065,21.45867170132518,22.00383955928892,4273500
2023-09-25,21.517784118652344,21.61630914636364,21.24848413016949,21.537489500036322,2425500
2023-09-26,20.959476470947266,21.35357469487192,20.447147840240934,21.281324763225488,4480650
2023-09-27,20.657337188720703,21.176233697311734,20.558812154591525,21.012026559902253,4935450
2023-09-28,21.07114028930664,21.09741350578795,20.5653794626349,20.70988309288645,4494150
2023-09-29,20.53910255432129,21.34700616491457,20.47998829766609,21.34700616491457,5338650
2023-10-02,19.796886444091797,20.440583065817123,19.744341890409668,20.401172301544683,7267950
2023-10-03,19.79031753540039,19.81002291646684,19.46190140805769,19.704930056390545,5976150
2023-10-04,19.9019832611084,20.02678152201916,19.461904490819812,19.862572492732845,3619350
2023-10-05,19.685226440429688,20.0530514836783,19.619544336596803,19.915117562262253,6155400
2023-10-06,20.066186904907227,20.171279763266742,19.33053689639063,19.553858280800327,5503350
2023-10-09,20.112165451049805,20.151574333233963,19.842863592755826,19.842863592755826,1380150
2023-10-10,21.163095474243164,21.18936869055918,20.190986470550513,20.190986470550513,4888200
2023-10-11,21.879043579101562,21.93159001545822,21.241916628870513,21.248486342821693,5839050
2023-10-12,21.35357666015625,21.964430372866033,21.189369521543586,21.892178555361316,4795350
2023-10-13,21.1302547454834,21.471806562793773,20.939772514884556,21.471806562793773,5523300
2023-10-16,21.55062484741211,21.708264137720576,21.16309445560165,21.294460530858707,3936000
2023-10-17,21.734539031982422,21.84619973477568,21.176233638807407,21.255053290051244,4542450
2023-10-18,21.04486846923828,21.544059615506555,20.91350237811505,21.320736320992665,9647400
2023-10-19,20.499696731567383,21.012025376825594,20.342057437520026,20.933205729801916,10303950
2023-10-20,20.171283721923828,20.53254096323429,20.046485458327847,20.414310534772596,5314050
2023-10-23,20.19098663330078,20.40117236552313,19.96766335321019,20.03334545492534,4953000
2023-10-24,20.32891845703125,20.558809547780076,20.085891698975427,20.204120221572346,3402300
2023-10-25,19.580129623413086,20.125299243833734,19.44876356302307,20.125299243833734,8509950
2023-10-26,19.632678985595703,19.869139808892406,19.429061091717713,19.45533618693614,5449950
2023-10-27,19.146625518798828,19.875707807849405,19.008691590364858,19.875707807849405,8289600
2023-10-30,19.14005470275879,19.744340518214944,19.054667225047673,19.080940439667135,8873700
2023-10-31,19.146625518798828,19.192604121346427,18.943009483190142,19.03496480907651,7209150
2023-11-01,20.053050994873047,20.092461759579106,19.179467008253916,19.18603484263536,5790900
2023-11-02,21.097412109375,21.163094206626518,20.394603145215868,20.43401202772507,4950300
2023-11-03,21.83306312561035,22.148341717008407,21.432395172968846,21.498079152447758,4574550
2023-11-06,21.261619567871094,22.023542807444755,21.202505303568383,21.81992679937892,3617400
2023-11-07,21.018592834472656,21.333873324317185,20.94634289560852,21.097414366340352,3193650
2023-11-08,21.136821746826172,21.241914609549035,20.952909237061164,21.01859133665864,3416700
2023-11-09,21.149959564208984,21.800222130408187,21.1105488005806,21.301031026103384,4689900
2023-11-10,21.058000564575195,21.340438082354268,20.65076481160884,21.222209560014665,4202250
2023-11-13,21.143390655517578,21.320735340177773,20.70331380069735,20.933206798598267,4173900
2023-11-14,22.608123779296875,22.621259447576584,21.734537945603105,21.787084377139184,4938450
2023-11-15,22.6343994140625,22.80517627441044,22.37166722830323,22.660672632638427,5252250
2023-11-16,22.378231048583984,22.673804234736362,22.13520429015685,22.58841675948496,2509050
2023-11-17,22.246862411499023,22.56871065357422,22.181178444819583,22.463615931045464,4359900
2023-11-20,22.726354598999023,22.746058101773308,22.076092027231248,22.161479510212445,2488200
2023-11-21,22.292842864990234,22.76576069949074,22.207455392451973,22.56871254138641,2452500
2023-11-22,22.542442321777344,22.608126308148893,22.135208371425534,22.404508393368573,2415750
2023-11-24,22.542442321777344,22.627831691981243,22.41107810745191,22.549012035860684,1540650
2023-11-27,22.345394134521484,22.443919174533658,22.161481603462885,22.338824420434193,2745600
2023-11-28,22.844579696655273,22.89712612123436,22.148338631378156,22.325683284134673,4273200
2023-11-29,23.42375946044922,23.581716660069695,22.88407142024676,22.949887861587797,4635000
2023-11-30,23.213150024414062,23.56197361657678,23.07493793331104,23.535647414319133,3801150
2023-12-01,23.798908233642578,23.825234434569193,23.015703285326126,23.06177460769731,3349650
2023-12-04,23.798908233642578,23.91079411683109,23.344781738408045,23.502738943967746,2761500
2023-12-05,23.390851974487305,23.77258284242444,23.32503741142829,23.62778779089703,3661050
2023-12-06,23.476415634155273,23.92396110502286,23.344784613311866,23.726513632258424,2869800
2023-12-07,23.588298797607422,23.673858480490946,23.371106226136032,23.522484236311925,2503500
2023-12-08,23.634368896484375,23.805488253390557,23.469828735768935,23.469828735768935,2429850
2023-12-11,23.871307373046875,23.891052495828202,23.469831369486908,23.614626425885252,1963050
2023-12-12,23.89763069152832,23.92395689105991,23.50931877768782,23.89763069152832,2242350
2023-12-13,25.16129493713379,25.167876017518672,23.640954271303386,23.917380360454008,3320850
2023-12-14,25.766794204711914,26.365715748821273,25.358737147297262,25.358737147297262,7394550
2023-12-15,25.33241081237793,25.970822596152427,25.266594368659575,25.76679406852348,4068450
2023-12-18,25.29292106628418,25.608835459621343,25.187614385506812,25.556183060731815,2958150
2023-12-19,25.891845703125,25.91817002275243,25.4311362156712,25.58251235152018,3579900
2023-12-20,25.714143753051758,26.207760530494273,25.700979710040663,25.714143753051758,3993300
2023-12-21,26.24724769592285,26.3196452216841,25.977404597992773,25.977404597992773,2773800
2023-12-22,26.3591365814209,26.589489444866526,26.10903671202468,26.194596400818725,2979750
2023-12-26,26.628978729248047,26.67505005347305,26.214340577220025,26.326228347909097,1191150
2023-12-27,26.813261032104492,27.017289559790868,26.523672822258753,26.635558705313183,2463900
2023-12-28,26.471019744873047,26.865912748220563,26.398622223509744,26.484183786483815,2790150
2023-12-29,26.40520477294922,26.471019330978894,26.16826709164704,26.27357189089319,2529000
2024-01-02,25.56934928894043,26.12878252843783,25.464044474399547,26.03663987421525,3567450
2024-01-03,25.121801376342773,25.312665863328366,24.858539365673526,25.19419890002642,2675250
2024-01-04,25.352157592773438,25.477207525922363,24.98359075622817,25.0625693640593,3631500
2024-01-05,25.352157592773438,25.78654087734392,25.148129051793386,25.161293094597845,2225400
2024-01-08,25.62200164794922,25.654910814680218,25.312668285068384,25.36532069223965,2484900
2024-01-09,25.760211944580078,25.878680793930055,25.273178153804064,25.38506404046903,2798250
2024-01-10,26.148527145385742,26.339391647294168,25.747051135476735,25.747051135476735,3034200
2024-01-11,25.812868118286133,26.227506296828164,25.325832408903715,26.03663990797636,2890200
2024-01-12,25.786542892456055,26.36571939514459,25.641747825284575,26.14852867738606,2166150
2024-01-16,25.62858009338379,25.6417441353226,25.167872519496957,25.332410804242368,2754150
2024-01-17,25.33241081237793,25.358737013265586,24.87170135534472,25.102056083861324,4173450
2024-01-18,25.516695022583008,25.71414247696091,25.174454400259993,25.529859064940823,2534700
2024-01-19,26.194595336914062,26.214340459064136,25.37848307902869,25.628581055268512,2853750
2024-01-22,26.451276779174805,26.694795563329507,26.26041228275502,26.26041228275502,5049450
2024-01-23,26.477603912353516,26.80010131495008,26.345972895885097,26.51051119572097,2450400
2024-01-24,26.471019744873047,26.958055390500835,26.43152950303911,26.819843310078795,3651300
2024-01-25,26.925146102905273,26.938310144454896,26.517090942840785,26.655303022620824,11891550
2024-01-26,26.734283447265625,27.1028502738289,26.63555971940084,26.984381423791458,2650050
2024-01-29,27.023868560791016,27.03703260172528,26.56316102206073,26.63555665670522,2932650
2024-01-30,26.958059310913086,27.135761659011663,26.79351912334103,27.037037923068162,2116050
2024-01-31,26.115617752075195,27.01071053354673,26.056384266308243,26.905403838963114,3924300
2024-02-01,25.806285858154297,26.365719113617608,25.31266905515671,26.174852719566076,5721000
2024-02-02,25.779958724975586,25.858937335289838,25.194201169227874,25.45746320360871,3576300
2024-02-05,25.371904373168945,25.543023759817306,25.161294738525633,25.543023759817306,2115150
2024-02-06,26.09587287902832,26.122199082176664,25.398229437096482,25.49695316965242,6511350
2024-02-07,26.16168785095215,26.3459712625834,25.72730458203639,26.27357373726436,3907200
2024-02-08,26.675050735473633,26.800100668853574,26.09587239397683,26.622398330155608,3918300
2024-02-09,26.879077911376953,26.918566271860193,26.385461165846515,26.819844429152866,4071000
2024-02-12,26.958059310913086,27.37927857574015,26.826426407655983,26.885661779021273,2436000
2024-02-13,25.72730255126953,26.25382654294087,25.62199775293526,26.030054787979715,3969750
2024-02-14,26.09587287902832,26.39204407669613,25.931334580100813,26.181434451509375,3661650
2024-02-15,26.675050735473633,26.714539097962877,26.247248530015785,26.313064978162586,5681550
2024-02-16,26.55657958984375,26.89223911552417,26.405205349868833,26.451274788296825,3710400
2024-02-20,26.596071243286133,26.7606095336851,26.299900060969822,26.332807342449918,7735950
2024-02-21,26.293317794799805,26.6223962437467,26.174848950619435,26.411784755981778,3957900
2024-02-22,27.056781768798828,27.11601525436751,26.51709366973261,26.61581551801423,5210250
2024-02-23,27.148921966552734,27.333205382336747,26.964638550768722,27.056781200159985,12646350
2024-02-26,26.82642364501953,27.39243979833944,26.80009932667741,27.08310457883969,5100000
2024-02-27,27.135757446289062,27.234479283907735,26.589486443274645,26.87907652588414,4513650
2024-02-28,26.918567657470703,27.076524873531284,26.78693664408689,26.944893860147467,3440250
2024-02-29,27.16208267211914,27.214736956808643,26.86591338335637,27.076522990120726,3623700
2024-03-01,27.339786529541016,27.813658171296527,27.16208419313307,27.30029816756065,3665700
2024-03-04,27.208154678344727,27.497742894925782,27.004126145913006,27.194992519090274,2650050
2024-03-05,27.148921966552734,27.36611266440569,26.97121963058281,27.175248168807595,3898800
2024-03-06,27.385854721069336,27.965032988837205,27.227897525223092,27.510904638530523,4116150
2024-03-07,27.793914794921875,27.90580068348015,27.616212459389104,27.695191065959392,2555250
2024-03-08,27.42534828186035,28.063758221613654,27.29371726938552,28.01768689649783,3846450
2024-03-11,27.688610076904297,27.820241088286163,27.21473843592958,27.21473843592958,4843650
2024-03-12,27.754549026489258,27.912807176658507,27.510568183291486,27.69520269182228,1782600
2024-03-13,27.708391189575195,28.05128575047693,27.602887637910264,27.86005761529354,1553250
2024-03-14,27.10173225402832,27.72157758608067,26.666521420755373,27.708388464303496,5346150
2024-03-15,27.035791397094727,27.207238666889747,26.686305126256258,26.752246964357706,4119000
2024-03-18,27.02260398864746,27.114922184082033,26.732464053345254,27.055573964194416,2534100
2024-03-19,27.13470458984375,27.306151868351115,26.86434737903686,26.903912861225493,2033550
2024-03-20,27.780925750732422,27.93918578957196,27.128110401040036,27.15448675974896,2465250
2024-03-21,27.912809371948242,28.4667148276902,27.90621575348577,28.02490843215468,3357000
2024-03-22,27.550132751464844,27.978750004931406,27.530350010347856,27.91280816340346,2657700
2024-03-25,27.33252716064453,27.80070799094632,27.319339924820458,27.655637077365785,9502950
2024-03-26,27.04238510131836,27.629258554399524,27.02260236254626,27.5237550163152,3000900
2024-03-27,27.418251037597656,27.418251037597656,26.976446546446102,27.16767656684304,2190300
2024-03-28,27.609477996826172,27.688607066173137,27.200643528573945,27.38527802371686,3148800
2024-04-01,27.16107940673828,27.616072993140154,27.022604000113585,27.589696635374217,2785500
2024-04-02,26.679712295532227,26.983041363893086,26.521454143322906,26.712682272262672,3378450
2024-04-03,26.86434555053711,27.10173276775326,26.554422878636217,26.65992830851006,4188900
2024-04-04,26.442325592041016,27.339121805693292,26.39616649175064,27.312745446468227,3649800
2024-04-05,26.587392807006836,26.79181004867392,26.237906542811626,26.382975565339752,3039150
2024-04-08,26.725872039794922,26.89731743219896,26.58080112014286,26.791811994846928,2193450
2024-04-09,27.10833168029785,27.12151891739712,26.52804985644896,26.910508031119754,3359700
2024-04-10,25.835670471191406,26.541236696691804,25.67741042226362,26.33682131860672,5099850
2024-04-11,26.191749572753906,26.231315055393058,25.71038148235589,25.96754957316617,15284700
2024-04-12,25.914798736572266,26.145590467782377,25.7433514561395,25.85545051262282,5708100
2024-04-15,25.71038246154785,26.33682149669958,25.486182453421353,26.08624512800444,7421400
2024-04-16,25.532337188720703,25.66421896900534,25.17625543865929,25.387268173700505,6694200
2024-04-17,25.72356605529785,25.87523057873374,25.48617884380136,25.71697243773608,5977200
2024-04-18,25.440019607543945,25.822477722807527,25.26857423236726,25.822477722807527,4119900
2024-04-19,25.71038246154785,25.7565415641895,25.39386424813805,25.47958883492572,3159150
2024-04-22,26.11921501159668,26.2181249412837,25.64443867080347,25.855449539340018,2260800
2024-04-23,26.6203670501709,26.706089747814687,26.03349163009003,26.211532530262563,3189150
2024-04-24,26.725872039794922,26.785218376658932,26.284067549236774,26.561018378992845,3620700
2024-04-25,26.52804946899414,26.613774055231875,25.895016819407786,26.33022770929146,3595200
2024-04-26,27.00942039489746,27.022607632259984,26.528050386028035,26.6203685939104,4846050
2024-04-29,27.062170028686523,27.22042817849052,26.78521732323655,27.062170028686523,3300750
2024-04-30,26.45551300048828,26.96325741101977,26.44891749616992,26.772029290677143,4530450
2024-05-01,27.01601219177246,27.339122124399683,26.231315024032586,26.455515023352284,5448900
2024-05-02,27.46440887451172,27.4841916147781,26.89072261288826,27.325933465818938,11127450
2024-05-03,28.11063003540039,28.301858156621606,27.807300979282815,27.99193548274128,5809950
2024-05-06,28.80301284790039,28.8293892073776,28.169978333861387,28.25570291710184,2865300
2024-05-07,28.835981369018555,29.007428640253163,28.776633148253143,28.88214046741856,4978950
2024-05-08,29.007431030273438,29.073370987775647,28.321643775416618,28.605190120482767,8457900
2024-05-09,29.178874969482422,29.178874969482422,28.545842353513038,28.855763156808543,4940850
2024-05-10,29.165687561035156,29.34372845487161,28.921704826798315,29.198657537942353,6320250
2024-05-13,29.014020919799805,29.323945492090697,28.862358272540494,29.323945492090697,5141850
2024-05-14,29.44264030456543,29.46901666512751,29.04699489613425,29.07996487519032,3515250
2024-05-15,29.574520111083984,29.745967386457796,29.396479217661255,29.673431928161722,3149850
2024-05-16,29.43604278564453,29.61408366749376,29.3437264792027,29.488795499778682,2586000
2024-05-17,29.33713150024414,29.521766003019337,29.14590337973059,29.521766003019337,3702900
2024-05-20,29.54814338684082,29.627272462207117,29.31075616074193,29.409667976596296,2949600
2024-05-21,29.3964786529541,29.6734313581343,29.23162688538201,29.47560772777902,3265350
2024-05-22,29.244815826416016,29.46242030918832,29.093151295629156,29.093151295629156,2986050
2024-05-23,29.145906448364258,29.574521831858508,28.90851920551706,29.4294509068255,2647650
2024-05-24,29.528358459472656,29.59430029402055,29.192059442425823,29.251407659494674,1953150
2024-05-28,28.717287063598633,29.640461493276405,28.6447516064235,29.640461493276405,2443650
2024-05-29,27.695201873779297,28.354612699926555,27.662231898447708,28.341423577842374,2506200
2024-05-30,28.130413055419922,28.32164117854554,27.728172182511564,27.820490378453133,3541950
2024-05-31,28.677724838256836,28.690912074780368,28.110632162851672,28.268890320650407,4812900
2024-06-03,28.809602737426758,28.842572710859603,28.440331865952878,28.81619635479617,4350600
2024-06-04,28.090848922729492,28.78982338389003,27.97215624978085,28.572218892426836,2206200
2024-06-05,28.427148818969727,28.47330792052713,28.09084975797247,28.36780248073082,2391450
2024-06-06,27.899621963500977,28.45352552925151,27.82049288267947,28.40077280870384,3815100
2024-06-07,27.378684997558594,27.60947859311823,27.266585951875808,27.58310223609958,2859150
2024-06-10,27.457813262939453,27.517159592843587,27.0687615366836,27.147890605417714,14333700
2024-06-11,27.11492156982422,27.365497906110747,26.930287069723683,27.365497906110747,3948000
2024-06-12,27.635860443115234,28.064475858214553,27.477602269547525,27.952376790250653,2795250
2024-06-13,27.094104766845703,27.530147945364,26.98179133078568,27.52353982721213,3790650
2024-06-14,27.05446434020996,27.067678686672124,26.40700861841476,26.763769510176722,8937000
2024-06-17,27.127138137817383,27.160173058410034,26.73734233049253,27.021430928386508,3234150
2024-06-18,27.31873321533203,27.338551898978025,27.0214302783146,27.15356428692436,5594400
2024-06-20,26.961973190307617,27.094107212361713,26.5721773526995,26.67127834178861,3877200
2024-06-21,26.80341148376465,26.922333044805672,26.45325491917292,26.922333044805672,19946550
2024-06-24,27.358373641967773,27.450868397044314,26.85626438779323,26.87608496248021,23725050
2024-06-25,27.3121280670166,27.483903241984095,26.816625008303415,27.483903241984095,7922700
2024-06-26,26.988399505615234,27.166780904704044,26.829838682023876,27.08089426447392,24891000
2024-06-27,27.45747184753418,27.629245103593494,26.915721498790656,27.01482247200618,15994200
2024-06-28,27.44426155090332,27.801024351031018,27.27248826950415,27.629249179437725,2323950
2024-07-01,27.041250228881836,27.715134602356265,27.02142965549873,27.543359450025836,1529400
2024-07-02,27.787809371948242,27.853875431045598,26.968576629744575,27.074283836455507,2798400
2024-07-03,28.441875457763672,28.474908489950803,27.972799217968817,27.992619793358738,1555650
2024-07-05,28.104930877685547,28.626860681244846,28.078502185921433,28.547580276534344,1924200
2024-07-08,28.22385025024414,28.34937802896375,27.959582237252295,28.230458368214382,2312250
2024-07-09,28.402233123779297,28.474907303718744,28.025651658029286,28.16439189959076,1687500
2024-07-10,29.128971099853516,29.15539790250218,28.422053656453205,28.474907261750538,2176050
2024-07-11,29.703758239746094,29.723578816756515,29.34038918539687,29.459310757265126,4319250
2024-07-12,30.397457122802734,30.483345647631825,29.730180839540196,29.730180839540196,5302950
2024-07-15,30.450313568115234,30.582447583292318,30.219078569006825,30.456919796325575,2883450
2024-07-16,31.322399139404297,31.33561348647092,30.410673458407455,30.410673458407455,5316300
2024-07-17,30.866535186767578,31.104376406367724,30.681545681329027,30.88635576094942,4518750
2024-07-18,30.516380310058594,31.104378108334014,30.304965881068085,30.727794739049102,4305150
2024-07-19,30.430492401123047,30.701366654416432,30.245504783474928,30.41067182668367,1539300
2024-07-22,30.978851318359375,31.03831115588339,30.52959564225562,30.721189502163096,1673550
2024-07-23,31.08455467224121,31.428103087732758,30.615478478540812,30.972239349531225,8637600
2024-07-24,30.291749954223633,30.99866734272689,30.238894462836875,30.760826137358922,4251900
2024-07-25,30.602266311645508,31.031703279230115,30.007664187596138,30.19925803732813,7799700
2024-07-26,31.223295211791992,31.335610535602143,30.78064581494735,30.952420969472676,25174950
2024-07-29,31.395071029663086,31.461138979782298,30.965635969567145,31.269543247572372,3627900
2024-07-30,31.61309051513672,31.83111115117157,31.381857423678618,31.467742164317546,20662950
2024-07-31,32.20769500732422,32.66355686013479,31.619699147163193,31.8178992130919,2799000
2024-08-01,31.434711456298828,32.26055046742616,31.183657772977384,32.15484325546049,4347300
2024-08-02,29.9680233001709,30.972241825740454,29.83588928364859,30.813681005913683,4414050
2024-08-05,28.91755485534668,29.426270301709323,27.88690772683934,28.091715907001383,3554250
2024-08-06,29.512163162231445,29.66411587257903,28.706144668648577,28.97701894600099,6845100
2024-08-07,28.349380493164062,30.086945192361405,28.309741232866703,30.05391216041459,5532600
2024-08-08,29.360206604003906,29.45269946977891,28.005831527160776,28.36259431419278,3310050
2024-08-09,29.67732810974121,29.756608518708703,29.28753229310254,29.498946717015848,2858700
2024-08-12,29.175216674804688,29.882134074536786,29.12896930047784,29.736785723850677,1651350
2024-08-13,30.080333709716797,30.153007884027385,29.195034943154045,29.465911067367355,3228600
2024-08-14,30.602266311645508,30.641907461352297,30.04069721888909,30.19925803732813,2925750
2024-08-15,30.721187591552734,31.170443239716406,30.65511963937282,31.011882422717463,2393250
2024-08-16,30.76743507385254,30.866536057362925,30.496558926244553,30.866536057362925,1716450
2024-08-19,31.01848793029785,31.18365686181363,30.767434254312015,30.800467284537575,1563150
2024-08-20,30.84671401977539,31.289363420295132,30.760827386896622,31.051520315071848,1335750
2024-08-21,31.08455467224121,31.104375245683432,30.707973227808573,30.833499115823507,1370850
2024-08-22,31.124195098876953,31.342215731114404,30.985452978185958,31.1770468098433,3070350
2024-08-23,32.4455451965332,32.51161126953963,31.289370016977166,31.348829860721825,2677500
2024-08-26,32.6239128112793,32.80890229531101,32.5380261866887,32.57766733046514,8711700
2024-08-27,32.901397705078125,33.145845129348146,32.45214022073145,32.51820627477467,2330700
2024-08-28,32.68337631225586,33.106205121267934,32.54463608184724,32.84193711563539,2036100
2024-08-29,32.82872772216797,33.25816468901699,32.65034632918108,32.81551526575104,1523850
2024-08-30,33.21852493286133,33.33744460637845,32.70980942578253,32.85515401324201,2211450
2024-09-03,31.659339904785156,33.04014176468679,31.434711136546,32.97407570297729,3875700
2024-09-04,31.38185691833496,32.07556185212022,31.37524880053584,31.507382803610096,10284900
2024-09-05,31.157230377197266,31.844325351707592,31.091162425878686,31.58005921701532,3210000
2024-09-06,30.476736068725586,31.50738319572526,30.377636982831998,31.27614821491908,4375050
2024-09-09,31.16383934020996,31.500781574058532,30.628697015399638,30.76743726809228,2741850
2024-09-10,31.210084915161133,31.315792128275632,30.522986139722818,31.315792128275632,2515200
2024-09-11,31.77165412902832,31.804687158734225,30.602264841383214,31.0779491640405,10537800
2024-09-12,32.400333404541016,32.42018700478317,31.75179887227439,31.765033343540143,2656050
2024-09-13,32.671661376953125,32.94298886870505,32.545924431345505,32.67827671934061,1857900
2024-09-16,33.35990524291992,33.392993317024406,32.80401575257749,32.909899104386774,2390100
2024-09-17,33.30034637451172,33.624615578297295,33.121671521291944,33.55182029635818,2221200
2024-09-18,33.05549621582031,33.770210875628784,32.936378368081606,33.21432127503463,2939250
2024-09-19,34.54447555541992,34.61065549001125,33.44593483878949,33.74373129104476,3290550
2024-09-20,34.53124237060547,34.72977460840664,34.22682677753534,34.39888628317553,3170550
2024-09-23,34.76947784423828,34.88197652968974,34.5312384287353,34.6437409008738,2654400
2024-09-24,34.9415397644043,35.20624814079989,34.881978959707546,35.00771591183137,2525700
2024-09-25,34.59080505371094,35.047426574733656,34.478302562629175,35.02757297120819,2104050
2024-09-26,35.35184097290039,35.92758030865922,34.67683362291586,34.789332323454914,5962950
2024-09-27,35.33198928833008,35.669492981646385,35.239340398918436,35.41139991733451,2960550
2024-09-30,35.173160552978516,35.345220053340704,34.842272237897554,35.140072478807895,2075700
2024-10-01,35.126834869384766,35.358455179549814,34.82242306671064,35.10036592423373,2841900
2024-10-02,35.04080581665039,35.29227973403915,34.82242376139174,35.093747494696046,1995600
2024-10-03,34.80257034301758,35.047425131938965,34.58418449991539,34.79595121321902,2130750
2024-10-04,35.140071868896484,35.48419086364813,34.848890762549125,35.1334527395023,1282650
2024-10-07,34.77609634399414,35.133453606351246,34.54447603641777,35.133453606351246,1379550
2024-10-08,34.67683410644531,35.04080673251458,34.46506738872772,34.69668770956729,1790700
2024-10-09,35.00771713256836,35.113600486818804,34.47830036131614,34.48491949096458,1844250
2024-10-10,35.093746185302734,35.22610226882226,34.66359364722349,34.75624252701842,1802250
2024-10-11,35.44449234008789,36.02023171617596,35.20625287594564,35.20625287594564,1887750
2024-10-14,35.649635314941406,35.86140201706976,35.49742563110708,35.662869787152594,1255500
2024-10-15,35.391544342041016,35.795227954844194,35.29889924447763,35.517281302091384,1888800
2024-10-16,36.20552444458008,36.390822219840054,35.55037067446922,35.60331614170437,2485950
2024-10-17,36.615821838378906,36.71508985180954,36.23199561761385,36.23199561761385,1636050
2024-10-18,37.31729507446289,37.50920814966409,36.57611171459563,36.734936720281475,2651100
2024-10-21,36.6555290222168,37.6084792304659,36.58273374130627,37.23788748281348,2373600
2024-10-22,35.94742965698242,36.56287612559098,35.84154631213176,36.417289366436655,2361900
2024-10-23,35.76875686645508,36.14596776394628,35.4378723065627,35.92096656615448,1821750
2024-10-24,35.920963287353516,36.351112039944084,35.84816800921803,36.066550056937125,1689750
2024-10-25,35.40478515625,36.14596871036055,35.21948737437845,35.960670928489,1650900
2024-10-28,36.185672760009766,36.22537617835532,35.67610579768988,35.8216963583527,2334750
2024-10-29,35.50404739379883,36.06655226471086,35.31875340903741,35.98714163886671,2369250
2024-10-30,35.76213836669922,36.07978842496571,35.27904414974449,35.27904414974449,1801650
2024-10-31,35.07389450073242,35.64963762614956,34.822424365667395,35.64963762614956,3540150
2024-11-01,35.166542053222656,35.75551962939416,35.15330758065488,35.43786956764294,1761300
2024-11-04,35.64301681518555,36.07316935649087,35.14668812496784,35.166541726979034,2826600
2024-11-05,36.893768310546875,36.9268563859676,35.669490586542516,35.735666737383966,2952750
2024-11-06,37.70774841308594,37.99892575906939,37.05920999456856,37.79377816955122,4601100
2024-11-07,38.065101623535156,38.23716111804437,37.70774437594892,37.833481325532496,1836450
2024-11-08,37.780540466308594,38.06510244465925,37.72759879095701,38.06510244465925,1530750
2024-11-11,38.89231491088867,39.196730485057195,38.071717065162595,38.071717065162595,2339400
2024-11-12,38.32319259643555,38.94525824316948,38.06510334301331,38.66069625810302,1924800
2024-11-13,38.124656677246094,38.66731164996724,38.01877333427909,38.34965783437921,1890750
2024-11-14,38.250396728515625,39.83864700207905,38.11804443239568,38.79305174533197,2800200
2024-11-15,37.58201217651367,38.50187435550566,37.43642160736381,38.44893267460459,3609750
2024-11-18,37.13200378417969,37.648186088896686,37.092300365884135,37.6018635408748,3256800
2024-11-19,37.57538986206055,37.68127321488958,36.6687622334542,36.76141111385145,1918350
2024-11-20,37.31068420410156,37.61509981238275,37.059210276100245,37.542304528661965,2663100
2024-11-21,38.07172393798828,38.237168120197666,37.12539275820418,37.48936541503931,2283300
2024-11-22,38.561439514160156,39.03791469599024,37.89966653494098,38.11805241328781,4035600
2024-11-25,39.50776290893555,39.699676012429315,38.89231639450728,39.09084862755467,5375850
2024-11-26,39.759239196777344,39.85850342589541,39.07761649278722,39.256291347862216,3081450
2024-11-27,40.61292266845703,40.784982169548094,39.77247119155091,39.77247119155091,4369650
2024-11-29,40.62615966796875,40.87763359239839,40.36807040027787,40.480569102595,1908300
2024-12-02,40.705570220947266,41.10925001573542,40.235710493008575,40.500418865548944,2743650
2024-12-03,40.38129806518555,41.32101366504206,40.22247305337967,40.943802841995485,2348550
2024-12-04,40.16953659057617,40.60630448299557,39.871740128168064,40.36806882774407,2512350
2024-12-05,39.72614669799805,40.42100758453381,39.68643949609607,40.21585623249841,4698300
2024-12-06,39.58055877685547,40.05041852828943,39.39526480015524,39.88497436717097,2976150
2024-12-09,39.14379119873047,40.22909748240341,39.05114231629879,39.87174021208656,2921850
2024-12-10,39.14379119873047,39.47467573691507,38.64746249810984,39.01143511144414,3160500
2024-12-11,39.73938751220703,40.0570376047459,39.32247318575769,39.54085525769829,2049450
2024-12-12,39.209964752197266,39.75923509401736,39.037905258139084,39.71952789179248,3257100
2024-12-13,38.83275604248047,39.48129442556984,38.79966796770039,39.401880016747704,3055200
2024-12-16,39.197227478027344,39.29000283802817,38.70022122527757,38.71347376474718,2016000
2024-12-17,39.104454040527344,39.170720532990046,38.6339566354424,38.96529288961288,3788850
2024-12-18,36.751956939697266,39.56170030505632,36.586290702679776,39.217111498574255,5300100
2024-12-19,36.7718391418457,37.38150153606202,36.65255868797112,37.18932641819262,4678950
2024-12-20,37.16944122314453,37.832117493729505,36.36097943402772,36.67906313386287,4309650
2024-12-23,37.81224060058594,37.818864975089845,37.036908186197145,37.176073136779785,2353800
2024-12-24,38.097190856933594,38.130324104826855,37.60680892928468,38.02429619482555,992550
2024-12-26,38.342376708984375,38.39539065953865,37.83211790888157,37.83211790888157,873150
2024-12-27,37.89838790893555,38.276113763562826,37.52729022068771,37.97791073806011,1526250
2024-12-30,38.00441360473633,38.20984124823922,37.20920431912629,37.47427408099631,2686800
2024-12-31,38.070682525634766,38.29599468148888,37.90501249195213,38.17008606258723,2323800
2025-01-02,38.13694763183594,38.37550850438966,37.65319392935658,38.16345271018337,4362000
2025-01-03,38.302616119384766,38.58093841779826,37.95139916341404,38.48816684623171,1911000
2025-01-06,38.064048767089844,38.94540896991751,37.76584578375697,38.89901939553588,4125900
2025-01-07,37.7923583984375,38.76649026283986,37.49415538555629,38.23635073063838,4783950
2025-01-08,38.68696975708008,38.74661187997578,37.4809050928886,37.706213459621374,3919200
2025-01-10,36.38748550415039,38.47491410701157,36.37423296426051,38.388763118085066,6206850
2025-01-13,36.40736770629883,36.58629027366534,35.65191981552906,35.930242123940495,7718100
2025-01-14,36.705570220947266,37.03028210423908,36.394114669766395,36.40736721002032,2699550
2025-01-15,37.70621109008789,38.156827795235785,37.63331643063752,37.91826690235914,4086600
2025-01-16,38.15682601928711,38.196587430201596,37.527286777854115,37.73271441448421,2073900
2025-01-17,38.55443572998047,38.81287733856266,38.35563245084031,38.41527457213951,2109900
2025-01-21,39.654476165771484,39.6876094135868,38.54780748782561,38.647211023128705,3139200
2025-01-22,39.05143737792969,39.680976596347875,38.98517089006602,39.61471010848422,3768150
2025-01-23,39.47555160522461,39.515313017342585,39.03818744749772,39.223734384286686,4295100
2025-01-24,40.469566345214844,40.54246100742022,39.32976441525028,39.594834190607486,2987400
2025-01-27,39.82014465332031,40.00569159226592,39.28337695905955,39.82676902751233,3024900
2025-01-28,40.03882598876953,40.09846810935274,39.389405996022134,39.79363692391155,2054850
2025-01-29,40.06533432006836,40.655115976114075,39.926173165779865,40.025572906883916,2507850
2025-01-30,41.118988037109375,41.3310438465568,40.58884472163384,40.628606133869475,2614800
2025-01-31,40.55570983886719,41.602736303728,40.20449289262448,41.33104217874762,3515850
2025-02-03,39.30988311767578,39.873159699724354,38.614077337724964,38.85263823603464,3731100
2025-02-04,38.81287384033203,39.83339522561407,38.58093733421597,39.46229757419973,3131400
2025-02-05,39.50205993652344,39.54844572212148,38.66708925276035,39.01830620732855,2295600
2025-02-06,39.80026626586914,40.018946464086575,39.30988432980995,39.89966601125368,1770750
2025-02-07,39.435794830322266,40.005695831504184,39.243619704963635,39.78701562285484,2245950
2025-02-10,39.36289978027344,39.886414984671276,39.32314215572442,39.760506360622614,1809750
2025-02-11,38.88576889038086,38.98517241792877,38.461657284461396,38.932158467188835,2123550
2025-02-12,38.826133728027344,38.85926697595634,38.276113470320276,38.37551321410726,2295900
2025-02-13,40.0123176574707,40.43642925777214,39.515311401885356,39.893033425993316,6574950
2025-02-14,40.37016677856445,40.754517006554806,40.18461603907155,40.67499417767008,3510750
2025-02-18,40.628604888916016,40.70149954516203,40.2575072337543,40.48944374221248,3038700
2025-02-19,40.10509490966797,40.34365580016151,39.760502322240995,40.244256061098696,3379500
2025-02-20,39.78038024902344,40.549080611191194,39.29000217027113,40.257505788531375,2097750
2025-02-21,39.00505447387695,40.025572112988954,38.68034259240632,40.01231957280935,5219250
2025-02-24,38.36225509643555,39.30325360987956,38.04417141232968,39.16409247206532,3916500
2025-02-25,38.203216552734375,38.72010353199705,37.5670453377409,38.686966494167194,3711000
2025-02-26,38.236351013183594,38.69359588910403,37.958028704685425,38.46165936806987,2848800
2025-02-27,37.68632888793945,38.46828561261818,37.54716774064186,38.2230965633932,3454800
2025-02-28,38.39539337158203,38.39539337158203,37.42126148735769,37.745969587527725,4686450
2025-03-03,37.507408142089844,38.87251839334143,37.12968230127269,38.62070116612999,4134600
2025-03-04,35.50613021850586,36.79834580130593,35.0422571801967,36.79834580130593,9894600
2025-03-05,36.599544525146484,36.606172691602175,35.585651193288605,35.76457376901983,4182900
2025-03-06,34.84345245361328,35.9037314730082,34.48560733660327,35.41997774846294,7630800
2025-03-07,34.518741607666016,34.80369207657752,33.20002096005549,34.72417304368851,7752000
2025-03-10,33.36568832397461,34.08137860354461,32.74940157870996,33.48497256514102,8362500
2025-03-11,33.05423355102539,33.5379873178751,32.59698486604999,33.46509265493493,8350800
2025-03-12,33.319297790527344,33.92233190928605,32.855424808119636,33.803051476964704,3949800
2025-03-13,32.23251724243164,33.43858575149348,32.19938399220784,33.332557834034354,6987600
2025-03-14,33.46073532104492,33.507210896640494,32.39185406564202,32.889781697198565,3980850
2025-03-17,34.376922607421875,34.54289974351041,33.480651390984434,33.487291844027,3302700
2025-03-18,34.629207611083984,34.68895649460022,34.12463953449281,34.390200680360195,4527900
2025-03-19,35.890625,36.16282280776636,34.483148988388145,34.62920857239139,5372700
2025-03-20,35.684810638427734,36.0101244566433,35.279830378357325,35.42588995379175,5401050
2025-03-21,35.6184196472168,35.69144943153759,34.86820804363591,35.16696383474807,3823350
2025-03-24,36.7470588684082,36.879837537363066,36.08979457997765,36.12962590133241,3415950
2025-03-25,36.74041748046875,37.03917327690087,36.11634787515767,36.86655949209761,3474000
2025-03-26,36.04331970214844,36.97278559831003,35.75120434548003,36.69394734901605,2644200
2025-03-27,35.9437370300293,36.129627936816114,35.3196673736784,35.757842324356105,3000150
2025-03-28,34.423397064208984,35.870708230477135,34.323813054128344,35.73792575148313,8399850
2025-03-31,34.79518127441406,34.87485151835348,33.394345742160716,33.92546803880244,4433850
2025-04-01,35.7180061340332,35.844144339905434,34.31716697563712,34.582728091210484,5878200
2025-04-02,36.10307312011719,36.116350227762446,34.84829337492595,35.00763006332795,3803400
2025-04-03,33.42753982543945,34.974434911900815,33.354510036069364,34.44995307773448,10311300
2025-04-04,30.698898315429688,32.073179595516095,30.074828683855202,31.887284897223175,10369650
2025-04-07,30.473169326782227,32.19268003013233,28.986025088704547,29.23830911373016,12681900
2025-04-08,29.669845581054688,32.11965035534082,29.27150388182529,32.09309234261582,9319650
2025-04-09,33.49393081665039,33.885637796666174,28.952833136060086,29.18519962311409,13036500
2025-04-10,31.15699005126953,32.796832432680795,30.24744174015396,32.77027441976231,8259450
2025-04-11,32.259071350097656,32.524632498351586,31.090600398337198,31.143712627987984,6098850
2025-04-14,32.61758041381836,32.982725574397364,32.09973521604969,32.81675222817345,4996950
2025-04-15,32.756996154785156,33.288118405518446,32.33209835419852,32.84994349838498,5238000
2025-04-16,32.41840362548828,32.84330140484741,31.94039362370926,32.53126852271273,3432900
2025-04-17,32.996002197265625,33.30139846826915,32.39849056187037,32.411767669595825,3472650
2025-04-21,31.880643844604492,32.83666393499727,31.48894259326198,32.65740969318785,3302850
2025-04-22,33.228370666503906,33.254924880508504,32.438323917132074,32.56446593086925,5657700
2025-04-23,33.85907745361328,35.23335871983042,33.739575890994544,34.43667530422852,4325100
2025-04-24,35.13377380371094,35.239998267847525,33.99849936839036,34.02505738386776,2636250
2025-04-25,35.35285949707031,35.59850306989638,35.05410369771736,35.05410369771736,4464600
2025-04-28,35.40597152709961,35.9503708962573,35.15368750277553,35.3926944202631,1810350
2025-04-29,35.6184196472168,35.85078610672314,34.908043162153795,35.22007985869591,2238150
2025-04-30,35.63169860839844,35.81759330523377,34.73543118841104,35.173606118256906,3792300
2025-05-01,35.90389633178711,36.282322338855124,35.5188336712598,35.75783677128165,2420550
2025-05-02,36.8333625793457,37.03253436444891,36.4151014507404,36.49477168433601,2388450
2025-05-05,36.27568817138672,36.85328606113411,36.23585304818626,36.514695111703055,3565500
2025-05-06,36.20265579223633,36.48813448996822,35.804315985347614,35.804315985347614,2807100
2025-05-07,37.10556411743164,37.13212213095763,36.31552114804803,36.31552114804803,4690500
2025-05-08,38.247474670410156,38.62590067860347,36.71386067719981,36.820081322836444,5187900
2025-05-09,37.64332580566406,38.373619872362035,37.3976822320873,38.36034276541126,3572850
2025-05-12,38.97113037109375,39.33627929356222,38.59934479478058,39.20350063003623,3293550
2025-05-13,39.415950775146484,39.794373017251125,38.785240706828546,39.01760717422083,4050600
2025-05-14,39.50225830078125,39.701430104429846,39.33628116459306,39.5620071826555,2901300
2025-05-15,39.6483154296875,39.7213452201449,39.04416714286835,39.21014048582943,2556750
2025-05-16,39.66823196411133,39.98690533301374,39.555370853595605,39.674872417212455,2468700
2025-05-19,39.415950775146484,39.56864700279919,38.85827049362779,39.037524734155724,2468100
2025-05-20,39.15702438354492,39.4690572765597,38.78523881364211,39.18358239512381,3177750
2025-05-21,37.809303283691406,39.01760740161892,37.802662830712364,38.72548825271946,3355950
2025-05-22,37.95536422729492,38.214284919525305,37.397683922408966,37.62340994631901,2933700
2025-05-23,37.902252197265625,38.26075689633986,37.38440701119889,37.47071390906229,2292900
2025-05-27,38.605987548828125,38.67237688454861,38.20764773561898,38.373621074920194,1893600
2025-05-28,38.30059051513672,38.79188146668352,38.20100651356047,38.79188146668352,2533200
2025-05-29,38.31386947631836,38.72549020741437,37.995196097189776,38.652460416503274,2240250
2025-05-30,38.32050704956055,38.45328951366103,37.77610768418647,38.1943650382752,2492250
2025-06-02,38.386898040771484,38.44665072203137,37.67652151429969,38.18108958124221,2710650
2025-06-03,38.632537841796875,38.90473940905917,38.18108584606304,38.32714540892992,1782600
2025-06-04,38.440006256103516,38.92465671203249,38.42672915017164,38.92465671203249,2129700
2025-06-05,38.58606719970703,38.758680979659935,38.313865624484414,38.6657374359228,1533150
2025-06-06,39.103912353515625,39.323001704307444,38.84499168348653,39.05744058162916,1387800
2025-06-09,38.89810562133789,39.28316831646048,37.942081738700836,39.10391407589642,4419450
2025-06-10,39.223411560058594,39.24332911792742,38.68565269314312,38.89146112631148,7688550
2025-06-11,39.276527404785156,39.78773590651218,39.110554072042945,39.329639631039875,2527950
2025-06-12,39.32963943481445,39.409309673242085,38.96449430571732,39.17030275684526,1354200
2025-06-13,38.42536163330078,38.95729204494367,38.25913195291247,38.6514311070824,2624100
2025-06-16,38.917396545410156,39.416081784887986,38.79771315324208,38.79771315324208,1875600
2025-06-17,38.551692962646484,38.93069481934821,38.285727748645236,38.671380162446944,2058000
2025-06-18,39.54906463623047,39.79508579554246,38.678028059026666,38.84425774944469,3758550
2025-06-20,39.170066833496094,39.888171034984616,38.970591964601134,39.888171034984616,3357300
2025-06-23,39.64215087890625,39.67539605392963,38.64478040953916,39.02378225320525,3058500
2025-06-24,40.77250671386719,40.88553955039988,39.89481961698686,40.0477481862565,2255400
2025-06-25,40.027801513671875,40.83899828329464,39.78843471944434,40.81905041633125,3374100
2025-06-26,40.626224517822266,40.719313291784275,40.14083658649635,40.34696200060269,2647800
2025-06-27,40.95867919921875,41.404171388636655,40.526484318748714,40.83234525254802,2425350
2025-06-30,41.124908447265625,41.217997218259846,40.67941626250722,41.118257890528064,3049500
2025-07-01,41.21134567260742,41.34433017150323,40.75255619004941,40.96532834454972,1653300
2025-07-02,41.6435432434082,41.683435171468766,40.42675002789859,41.15150475066306,3026250
2025-07-03,42.75394821166992,42.75394821166992,41.84966273738502,42.102330625650914,2588400
2025-07-07,41.84966278076172,42.92017412633142,41.71668208448371,42.72069927724811,3190800
2025-07-08,41.75657653808594,42.108979938043774,41.64353990597388,42.06243365203708,2446650
2025-07-09,41.6036491394043,42.02254293543795,41.10496387479282,42.02254293543795,5103900
2025-07-10,42.52787780761719,42.58107085059232,41.46401694811453,41.78317520596533,3641100
2025-07-11,41.99594497680664,42.07573643904065,41.67013618046166,41.956049245689634,2498250
2025-07-14,42.46803665161133,42.52122588821586,41.577052259156254,41.82306959945111,2098200
2025-07-15,42.108985900878906,42.660864221967636,42.00924656293111,42.62096848678852,2445000
2025-07-16,43.744667053222656,43.75796436158683,42.10232962326207,42.38824267875588,5212800
2025-07-17,45.30721664428711,45.40030541960769,43.285881034086955,43.47205478006161,7796250
2025-07-18,44.72874450683594,45.71281390539203,44.70879664001837,45.6064278188094,2920350
2025-07-21,44.103721618652344,45.04124845288678,44.07047644495131,45.04124845288678,6535950
2025-07-22,44.190162658691406,44.2367051439176,43.47205468586931,44.05053139834633,3377550
2025-07-23,45.067848205566406,45.24072463578358,44.356387009622026,44.56916297599148,5107650
2025-07-24,44.848426818847656,45.54658692191789,44.71544231150103,45.46679545657662,3601650
2025-07-25,44.94816207885742,45.09444389466983,44.52261774534238,44.77528564453355,2354250
2025-07-28,44.9149169921875,45.081146674545394,44.54921625659989,44.86172395039295,3437850
2025-07-29,45.07449722290039,45.22077904258918,44.40293552935928,45.22077904258918,3900150
2025-07-30,44.861724853515625,45.61307801073925,44.41623264393465,45.14763793450043,4075200
2025-07-31,44.582462310791016,45.519989215313885,44.38963800606881,44.81518234881204,4249950
2025-08-01,43.43880844116211,43.890951191566366,42.90687803166674,43.74466937778854,4127550
2025-08-04,44.296546936035156,44.509319096388396,43.578438992509824,43.91089834656151,2078550
2025-08-05,44.66889953613281,44.85507327960813,43.93749426214693,44.382986461629244,4306650
2025-08-06,44.875022888183594,45.28726992821836,44.62900553653917,44.84842826865443,3761250
2025-08-07,43.15289306640625,45.220774800825254,42.90022518422008,45.220774800825254,7130250
2025-08-08,43.02656173706055,43.46540718160096,42.74064866428413,43.2659323254159,3038400
2025-08-11,42.833736419677734,43.07310700234349,42.6209642593821,42.88692945975164,3270600
2025-08-12,43.59174346923828,43.771266664303916,42.95342313426431,43.02656404561202,4500300
2025-08-13,44.0372314453125,44.2566541771635,43.65158282993795,44.023934135563934,6740850
2025-08-14,43.61833572387695,43.93749397172485,43.332422651263236,43.50529908434758,4296150
2025-08-15,43.51859664916992,43.8244575896543,43.31247503964048,43.58509080469536,2603850
2025-08-18,43.226036071777344,43.55849162496416,43.09305537236917,43.518595893275155,1974450
2025-08-19,42.866981506347656,43.505297985927264,42.83373633195284,43.15289457174264,3492900
2025-08-20,42.58771896362305,43.00661272626213,42.2353155497204,42.82708574094072,3586350
2025-08-21,42.620967864990234,42.620967864990234,42.182122393755705,42.36164939477589,3767400
2025-08-22,43.8377571105957,43.910898015749396,42.640911815292284,42.75394845137823,4399200
2025-08-25,43.15289306640625,43.80450683207976,42.97336608720377,43.485348603423404,2432550
2025-08-26,43.545196533203125,43.55849384288774,42.76059819181208,43.066459142557726,2016000
2025-08-27,43.52524948120117,43.764620083338535,43.17949279026201,43.30582674629748,8107950
2025-08-28,43.73137283325195,44.12367199269645,43.565143150628636,43.784565875131435,2631150
2025-08-29,43.698123931884766,43.984037008086474,43.35237106137714,43.73801966453302,1996500
2025-09-02,44.09707260131836,44.243354414442095,42.62761532724132,43.339072722343424,4869750
2025-09-03,43.44546127319336,44.03058475428015,42.960073322360024,44.02393419706328,2970150
2025-09-04,44.25665283203125,44.382986782469324,43.219386609837855,43.24598503319315,3038850
2025-09-05,44.22340774536133,44.988058201868014,43.39891368968462,44.59575904041967,1794450
2025-09-08,44.296546936035156,44.80852947130183,43.67817451592553,44.37633459383445,2825250
2025-09-09,44.01063537597656,44.54921635205026,43.97739020036705,44.117021459793605,2252400
2025-09-10,44.582462310791016,45.167585782062964,44.08377705855547,44.15691796804778,3188700
2025-09-11,45.785953521728516,46.29793607335706,44.54256569434501,44.65560233489495,5987400
2025-09-12,45.14014434814453,45.79261092562214,45.05359300916088,45.67943016371073,3846150
2025-09-15,46.218711853027344,46.22537111353648,45.259984060574155,45.27995803245596,3375300
2025-09-16,46.44508361816406,46.59155307082837,46.0056638312337,46.218714463813576,3313350
2025-09-17,46.17211151123047,46.99768462525139,45.67943287105603,46.43842480452014,4555650
2025-09-18,47.104209899902344,47.26399787573142,46.45839873564263,46.70473805550673,2885700
2025-09-19,47.8099365234375,47.963069039479194,46.99102271650917,47.27065070629573,4003800
2025-09-22,48.42245864868164,48.62219455848745,47.150810372242084,47.80328075696468,4326000
2025-09-23,47.650150299072266,49.40116254885259,47.650150299072266,48.72871816315428,6718650
2025-09-24,46.39181900024414,47.730040848576074,46.37850047903616,47.42378343441439,7941900
2025-09-25,45.57956314086914,46.252003732223685,45.23335395373795,46.125508250974256,3867750
2025-09-26,45.55293273925781,45.9923487126591,45.47969610874997,45.71272071228062,2752350
2025-09-29,46.03229522705078,46.345211902540484,45.70606003032229,45.80592989138492,2575200
2025-09-30,45.65945816040039,46.338557999732274,44.96704360903053,46.02563750414228,3492750
2025-10-01,45.19340896606445,45.87916425680191,45.186749705220535,45.44640754309217,5391150
2025-10-02,45.379825592041016,45.58622076858956,44.96704285823538,45.293274250770615,3792600
2025-10-03,45.746009826660156,46.06558577570648,45.433089328856994,45.77929851181342,2302050
2025-10-06,45.326560974121094,46.178767257430955,44.893804286491914,46.178767257430955,3056250
2025-10-07,45.07356262207031,45.79261036739312,44.79393463650948,45.632822402837554,2344500
2025-10-08,45.29993438720703,45.479696333953555,44.68075646488335,45.279960414274555,2490600
2025-10-09,44.93375015258789,45.69274586719167,44.68741084175262,45.33322198234206,2562600
2025-10-10,42.973018646240234,45.40979004726271,42.943059591193524,45.349868127523415,3139000
2025-10-13,44.74067306518555,44.94040897812859,43.75198620106829,44.1414691360021,2748600
2025-10-14,45.27996063232422,45.5196444990224,43.86183902445545,44.21137783798839,2788700
2025-10-15,45.25,46.18875384174353,44.92043517098573,45.939084902058426,2542300
2025-10-16,43.961708068847656,45.419773785906315,43.7220242066243,45.3798258405948,4511700
2025-10-17,44.401123046875,44.51097798920578,43.632142260205235,43.632142260205235,5092200
2025-10-20,45.06024932861328,45.25000016162495,44.58088541986317,44.61084447364577,2491600
2025-10-21,45.14014434814453,45.439746309132765,44.950393518790335,45.1800922921818,2987700
2025-10-22,45.04027557373047,45.19007846265834,44.53095260873799,44.850528549448114,2576200
2025-10-23,45.43974685668945,45.459720828948775,44.700725121677216,44.90046103462477,2913500
2025-10-24,46.12883377075195,46.498346559218135,45.59953681652451,45.84920576620098,2619700
2025-10-27,46.68809127807617,47.1474812084225,46.55826236397112,46.67810619682762,2055200
2025-10-28,47.4171257019043,48.735377430198376,46.738025864947254,46.738025864947254,3359900
2025-10-29,46.48835754394531,47.497022231351984,46.23868859493417,47.32724536500858,2953600
2025-10-30,45.69940185546875,46.69807763194849,45.54960277478424,46.69807763194849,3172900
2025-10-31,45.989017486572266,46.04893940299389,45.21005162131944,45.53961263752423,2880700
2025-11-03,45.929100036621094,46.08888800638487,45.2000633768253,45.949070199401575,2765100
2025-11-04,45.47969436645508,45.909125241811275,45.09021143523565,45.09021143523565,2928300
2025-11-05,45.83921813964844,45.92909910892797,45.28994343313707,45.529627287764356,2012400
2025-11-06,45.59953689575195,45.97903476662039,44.770637962401736,45.82923187269589,2625700
2025-11-07,45.74933624267578,45.77929529527958,44.59087255636708,44.86051164909238,3713300
2025-11-10,46.02896499633789,46.38848887218239,45.56957507037907,46.2686488501161,2608900
2025-11-11,46.098873138427734,46.548277994396436,45.73934925365277,46.03895122108334,1854900
2025-11-12,46.82790756225586,47.037628565536885,46.13882263305569,46.29861060836207,3067400
2025-11-13,43.722023010253906,46.698076280904445,42.9330720649912,46.61818420211325,12391000
2025-11-14,43.99166488647461,44.061571882392826,43.14279204481312,43.21269904073134,10364400
2025-11-17,42.943058013916016,43.82189375625045,42.45370521146681,43.77196072979132,8851200
2025-11-18,43.37248992919922,43.46237090281919,41.9443832425963,41.9443832425963,6250000
2025-11-19,43.67209243774414,43.70205149276785,42.83320461026758,43.50231937974865,5966300
2025-11-20,43.64213180541992,44.69074059945566,43.44239588997365,44.28128368713139,6537200
2025-11-21,44.66078186035156,44.940409858160145,43.29259330616931,44.11150713659079,5434900
2025-11-24,45.050262451171875,45.289942491168524,44.221359772873384,44.760645577334174,3485200
2025-11-25,45.979034423828125,46.228703372077,44.82057065633917,44.940410684797804,3164900
2025-11-26,46.52830505371094,46.767988918757794,45.99900810585828,46.188755133854606,2395300
2025-11-28,46.93775939941406,47.03762544874607,46.50832852992437,46.608194579256384,930200
2025-12-01,46.31858444213867,46.91778839532352,46.09887454813617,46.48835749867091,5196900
2025-12-02,46.26865005493164,46.63815902155119,46.15879511115795,46.4883561328333,5329900
2025-12-03,46.458396911621094,46.94774590166506,46.02896602913191,46.18875399868749,4788600
2025-12-04,46.65813446044922,46.70806748837596,46.07890066949066,46.57823856804976,4211300
2025-12-05,46.64814376831055,47.187429592251235,46.42843769198505,46.65813265929779,4533900
2025-12-08,46.378501892089844,46.6781076740672,45.71937602910205,46.6781076740672,3708200
2025-12-09,46.638160705566406,47.027643658721544,46.078900885090974,46.078900885090974,4848100
2025-12-10,47.35720443725586,47.63683625081055,46.34854355912329,46.36851753220904,4052200
2025-12-11,46.51831817626953,47.746688889305204,46.4783702320296,47.427112954677014,4045000
2025-12-12,45.59953689575195,46.81792259137669,45.25998697121617,46.55826474986035,3077300
2025-12-15,45.25,46.13882081573564,44.960383115650316,46.13882081573564,3191200
2025-12-16,44.9900016784668,45.47999954223633,44.869998931884766,45.220001220703125,2719500
2025-12-17,44.52000045776367,45.400001525878906,44.310001373291016,45.13999938964844,5970300
2025-12-18,44.77000045776367,45.72999954223633,44.63999938964844,45.08000183105469,3588900
2025-12-19,45.279998779296875,45.529998779296875,45.0,45.029998779296875,3206100
2025-12-22,46.16999816894531,46.27000045776367,45.310001373291016,45.599998474121094,4009500
2025-12-23,46.27000045776367,46.61000061035156,46.150001525878906,46.15999984741211,2364200
2025-12-24,46.61000061035156,46.88999938964844,46.13999938964844,46.400001525878906,1272800
2025-12-26,46.7400016784668,46.869998931884766,46.52000045776367,46.61000061035156,1104500
2025-12-29,46.7400016784668,47.0,46.540000915527344,46.54999923706055,2367800
2025-12-30,46.290000915527344,46.959999084472656,46.27000045776367,46.790000915527344,2379200
2025-12-31,45.88999938964844,46.470001220703125,45.880001068115234,46.27000045776367,1943400
