Date,Close,High,Low,Open,Volume
2019-01-02,23.798131942749023,23.798131942749023,23.798131942749023,23.798131942749023,400
2019-01-03,23.661401748657227,23.661401748657227,23.661401748657227,23.661401748657227,500
2019-01-04,24.201492309570312,24.201492309570312,24.17414536584764,24.17414536584764,1100
2019-01-07,24.338220596313477,24.33822059631348,24.31087626190506,24.31087626190506,1100
2019-01-08,23.832313537597656,23.89384284962725,23.832313537597656,23.89384284962725,400
2019-01-09,23.832313537597656,23.832313537597656,23.832313537597656,23.832313537597656,200
2019-01-10,23.832313537597656,23.832313537597656,23.832313537597656,23.832313537597656,100
2019-01-11,23.722930908203125,23.722930908203125,23.695583964847046,23.695583964847046,900
2019-01-14,23.4768123626709,23.497321265103412,23.176003825886394,23.176003825886394,2000
2019-01-15,23.4768123626709,23.4768123626709,23.4768123626709,23.4768123626709,200
2019-01-16,23.312734603881836,23.312734603881836,23.312734603881836,23.312734603881836,1100
2019-01-17,23.312734603881836,23.312734603881836,23.285390268447802,23.285390268447802,500
2019-01-18,23.312734603881836,23.312734603881836,23.312734603881836,23.312734603881836,100
2019-01-22,22.90254020690918,23.217022222648776,22.90254020690918,23.217022222648776,400
2019-01-23,23.223859786987305,23.223859786987305,23.223859786987305,23.223859786987305,300
2019-01-24,23.89384651184082,23.92802888866356,23.866499567203356,23.900681944026097,1300
2019-01-25,23.92119026184082,23.92119026184082,23.92119026184082,23.92119026184082,400
2019-01-28,24.310874938964844,24.338219271885244,24.310874938964844,24.338219271885244,400
2019-01-29,24.310874938964844,24.310874938964844,24.310874938964844,24.310874938964844,100
2019-01-30,24.310874938964844,24.310874938964844,24.310874938964844,24.310874938964844,100
2019-01-31,24.413423538208008,24.413423538208008,24.413423538208008,24.413423538208008,200
2019-02-01,24.338220596313477,24.33822059631348,24.33822059631348,24.33822059631348,200
2019-02-04,24.338220596313477,24.33822059631348,24.33822059631348,24.33822059631348,100
2019-02-05,24.379241943359375,24.379241943359375,24.379241943359375,24.379241943359375,300
2019-02-06,24.379241943359375,24.379241943359375,24.379241943359375,24.379241943359375,500
2019-02-07,23.96904754638672,23.96904754638672,23.96904754638672,23.96904754638672,300
2019-02-08,23.96904754638672,23.96904754638672,23.96904754638672,23.96904754638672,100
2019-02-11,23.96904754638672,23.96904754638672,23.96904754638672,23.96904754638672,200
2019-02-12,23.96904754638672,23.96904754638672,23.96904754638672,23.96904754638672,100
2019-02-13,23.13498306274414,23.13498306274414,23.13498306274414,23.13498306274414,300
2019-02-14,23.13498306274414,23.13498306274414,23.13498306274414,23.13498306274414,100
2019-02-15,23.839153289794922,23.839153289794922,23.839153289794922,23.839153289794922,1700
2019-02-19,23.93486213684082,23.93486213684082,23.93486213684082,23.93486213684082,300
2019-02-20,23.93486213684082,23.93486213684082,23.93486213684082,23.93486213684082,100
2019-02-21,25.541458129882812,25.541458129882812,25.534620090815192,25.534620090815192,500
2019-02-22,25.541458129882812,25.541458129882812,25.541458129882812,25.541458129882812,100
2019-02-25,25.541458129882812,25.541458129882812,25.541458129882812,25.541458129882812,100
2019-02-26,25.541458129882812,25.541458129882812,25.541458129882812,25.541458129882812,100
2019-02-27,25.74655532836914,25.74655532836914,25.74655532836914,25.74655532836914,300
2019-02-28,25.74655532836914,25.74655532836914,25.74655532836914,25.74655532836914,200
2019-03-01,25.74655532836914,25.74655532836914,25.74655532836914,25.74655532836914,200
2019-03-04,25.60982322692871,25.60982322692871,25.60982322692871,25.60982322692871,400
2019-03-05,24.98086166381836,24.98086166381836,24.98086166381836,24.98086166381836,300
2019-03-06,25.39789390563965,25.39789390563965,25.39789390563965,25.39789390563965,100
2019-03-07,24.782602310180664,24.782602310180664,24.782602310180664,24.782602310180664,200
2019-03-08,24.782602310180664,24.782602310180664,24.782602310180664,24.782602310180664,300
2019-03-11,24.782602310180664,24.782602310180664,24.782602310180664,24.782602310180664,100
2019-03-12,24.782602310180664,24.782602310180664,24.782602310180664,24.782602310180664,100
2019-03-13,24.782602310180664,24.782602310180664,24.782602310180664,24.782602310180664,100
2019-03-14,24.536479949951172,24.823617604613773,24.536479949951172,24.823617604613773,600
2019-03-15,24.536479949951172,24.536479949951172,24.536479949951172,24.536479949951172,100
2019-03-18,24.536479949951172,24.536479949951172,24.536479949951172,24.536479949951172,0
2019-03-19,24.536479949951172,24.536479949951172,24.536479949951172,24.536479949951172,100
2019-03-20,25.021879196166992,25.021879196166996,25.021879196166996,25.021879196166996,100
2019-03-21,25.09024429321289,25.09024429321289,25.09024429321289,25.09024429321289,400
2019-03-22,24.6527042388916,24.6527042388916,24.6527042388916,24.6527042388916,200
2019-03-25,24.6527042388916,24.6527042388916,24.6527042388916,24.6527042388916,100
2019-03-26,24.6527042388916,24.6527042388916,24.6527042388916,24.6527042388916,300
2019-03-27,24.6527042388916,24.6527042388916,24.6527042388916,24.6527042388916,200
2019-03-28,24.6527042388916,24.6527042388916,24.6527042388916,24.6527042388916,100
2019-03-29,24.515974044799805,24.515974044799805,24.515974044799805,24.515974044799805,500
2019-04-01,25.23381233215332,25.233812332153317,24.8167806066658,24.84412754786613,700
2019-04-02,25.23381233215332,25.233812332153317,25.233812332153317,25.233812332153317,100
2019-04-03,25.602991104125977,25.602991104125977,25.602991104125977,25.602991104125977,300
2019-04-04,25.28850555419922,25.57564060546119,25.28850555419922,25.57564060546119,500
2019-04-05,25.28850555419922,25.28850555419922,25.28850555419922,25.28850555419922,100
2019-04-08,25.780736923217773,25.780736923217773,25.780736923217773,25.780736923217773,300
2019-04-09,25.780736923217773,25.780736923217773,25.780736923217773,25.780736923217773,100
2019-04-10,25.780736923217773,25.780736923217773,25.780736923217773,25.780736923217773,100
2019-04-11,25.780736923217773,25.780736923217773,25.780736923217773,25.780736923217773,200
2019-04-12,26.457561492919922,26.457561492919922,26.43021455076298,26.43021455076298,500
2019-04-15,26.457561492919922,26.457561492919922,26.457561492919922,26.457561492919922,300
2019-04-16,27.004487991333008,27.004487991333008,27.004487991333008,27.004487991333008,300
2019-04-17,27.004487991333008,27.004487991333008,27.004487991333008,27.004487991333008,300
2019-04-18,27.072853088378906,27.07285308837891,27.07285308837891,27.07285308837891,200
2019-04-22,27.072853088378906,27.07285308837891,27.07285308837891,27.07285308837891,300
2019-04-23,26.525922775268555,26.696837229500886,26.525922775268555,26.696837229500886,13300
2019-04-24,26.61480140686035,26.614801406860355,26.60796336762759,26.60796336762759,500
2019-04-25,26.464401245117188,26.49174819173885,26.464401245117188,26.49174819173885,600
2019-04-26,26.799388885498047,26.799388885498047,26.799388885498047,26.799388885498047,300
2019-04-29,26.901939392089844,26.901939392089847,26.84041007203687,26.84041007203687,500
2019-04-30,27.154808044433594,27.15480804443359,26.79561745458551,26.79561745458551,700
2019-05-01,26.9752140045166,26.9752140045166,26.9752140045166,26.9752140045166,1300
2019-05-02,26.759702682495117,26.759702682495117,26.759702682495117,26.759702682495117,700
2019-05-03,26.867456436157227,26.86745643615723,26.8387205321067,26.8387205321067,700
2019-05-06,26.867456436157227,26.86745643615723,26.86745643615723,26.86745643615723,100
2019-05-07,26.220911026000977,26.220911026000977,26.220911026000977,26.220911026000977,200
2019-05-08,26.47234535217285,26.83153594170251,26.47234535217285,26.83153594170251,600
2019-05-09,26.47234535217285,26.47234535217285,26.47234535217285,26.47234535217285,200
2019-05-10,26.515451431274414,26.515451431274418,26.515451431274418,26.515451431274418,300
2019-05-13,25.847354888916016,25.847354888916016,25.847354888916016,25.847354888916016,300
2019-05-14,25.847354888916016,25.847354888916016,25.847354888916016,25.847354888916016,100
2019-05-15,25.847354888916016,25.847354888916016,25.847354888916016,25.847354888916016,200
2019-05-16,25.847354888916016,25.847354888916016,25.847354888916016,25.847354888916016,200
2019-05-17,25.847354888916016,25.847354888916016,25.847354888916016,25.847354888916016,0
2019-05-20,26.18499183654785,26.18499183654785,26.07723357458912,26.07723357458912,600
2019-05-21,26.18499183654785,26.18499183654785,26.18499183654785,26.18499183654785,300
2019-05-22,26.18499183654785,26.18499183654785,26.18499183654785,26.18499183654785,200
2019-05-23,25.79706573486328,25.79706573486328,25.68212486605802,25.68212486605802,800
2019-05-24,25.897642135620117,25.89764213562012,25.89764213562012,25.89764213562012,300
2019-05-28,25.042770385742188,25.5600057538382,25.042770385742188,25.5600057538382,800
2019-05-29,25.042770385742188,25.042770385742188,25.042770385742188,25.042770385742188,300
2019-05-30,25.682126998901367,25.682126998901367,25.682126998901367,25.682126998901367,300
2019-05-31,25.27265167236328,25.27265167236328,24.891910500681796,24.891910500681796,7600
2019-06-03,25.27265167236328,25.27265167236328,25.27265167236328,25.27265167236328,100
2019-06-04,25.27265167236328,25.27265167236328,25.27265167236328,25.27265167236328,100
2019-06-05,25.718046188354492,25.718046188354492,25.466613866702886,25.466613866702886,1000
2019-06-06,25.5384521484375,25.5384521484375,25.5384521484375,25.5384521484375,400
2019-06-07,25.79706573486328,25.79706573486328,25.79706573486328,25.79706573486328,300
2019-06-10,25.969480514526367,25.969480514526367,25.969480514526367,25.969480514526367,500
2019-06-11,25.969480514526367,25.969480514526367,25.969480514526367,25.969480514526367,200
2019-06-12,25.969480514526367,25.969480514526367,25.969480514526367,25.969480514526367,100
2019-06-13,25.682126998901367,25.682126998901367,25.682126998901367,25.682126998901367,500
2019-06-14,25.466615676879883,25.46661567687988,25.035585285744894,25.035585285744894,300
2019-06-17,25.143341064453125,25.47379574645976,25.143341064453125,25.47379574645976,600
2019-06-18,25.143341064453125,25.143341064453125,25.143341064453125,25.143341064453125,100
2019-06-19,25.143341064453125,25.143341064453125,25.143341064453125,25.143341064453125,100
2019-06-20,25.143341064453125,25.143341064453125,25.143341064453125,25.143341064453125,300
2019-06-21,25.143341064453125,25.143341064453125,25.143341064453125,25.143341064453125,100
2019-06-24,26.36458969116211,26.36458969116211,26.33585378644207,26.33585378644207,400
2019-06-25,26.36458969116211,26.36458969116211,26.36458969116211,26.36458969116211,100
2019-06-26,26.36458969116211,26.36458969116211,26.36458969116211,26.36458969116211,200
2019-06-27,25.969480514526367,25.969480514526367,25.969480514526367,25.969480514526367,300
2019-06-28,25.969480514526367,25.969480514526367,25.969480514526367,25.969480514526367,100
2019-07-01,25.969480514526367,25.969480514526367,25.969480514526367,25.969480514526367,0
2019-07-02,25.969480514526367,25.969480514526367,25.969480514526367,25.969480514526367,200
2019-07-03,25.969480514526367,25.969480514526367,25.969480514526367,25.969480514526367,0
2019-07-05,26.580102920532227,26.580102920532227,26.580102920532227,26.580102920532227,300
2019-07-08,26.580102920532227,26.580102920532227,26.580102920532227,26.580102920532227,100
2019-07-09,26.580102920532227,26.580102920532227,26.580102920532227,26.580102920532227,100
2019-07-10,26.580102920532227,26.580102920532227,26.580102920532227,26.580102920532227,200
2019-07-11,25.86172103881836,25.86172103881836,25.86172103881836,25.86172103881836,300
2019-07-12,25.86172103881836,25.86172103881836,25.86172103881836,25.86172103881836,100
2019-07-15,26.14907455444336,26.14907455444336,26.14907455444336,26.14907455444336,400
2019-07-16,26.14907455444336,26.14907455444336,26.14907455444336,26.14907455444336,100
2019-07-17,26.14907455444336,26.14907455444336,26.14907455444336,26.14907455444336,300
2019-07-18,26.14907455444336,26.14907455444336,26.14907455444336,26.14907455444336,100
2019-07-19,26.14907455444336,26.14907455444336,26.14907455444336,26.14907455444336,100
2019-07-22,26.371774673461914,26.371774673461914,26.371774673461914,26.371774673461914,400
2019-07-23,26.479530334472656,26.479530334472653,26.479530334472653,26.479530334472653,200
2019-07-24,26.479530334472656,26.479530334472653,26.479530334472653,26.479530334472653,0
2019-07-25,26.479530334472656,26.479530334472653,26.479530334472653,26.479530334472653,300
2019-07-26,26.479530334472656,26.479530334472653,26.479530334472653,26.479530334472653,200
2019-07-29,26.479530334472656,26.479530334472653,26.479530334472653,26.479530334472653,100
2019-07-30,26.479530334472656,26.479530334472653,26.479530334472653,26.479530334472653,100
2019-07-31,25.718046188354492,25.718046188354492,25.718046188354492,25.718046188354492,1300
2019-08-01,26.005399703979492,26.04131821550573,26.005399703979492,26.04131821550573,900
2019-08-02,26.005399703979492,26.04131821550573,26.005399703979492,26.04131821550573,100
2019-08-05,26.005399703979492,26.04131821550573,26.005399703979492,26.04131821550573,100
2019-08-06,26.005399703979492,26.04131821550573,26.005399703979492,26.04131821550573,100
2019-08-07,26.005399703979492,26.04131821550573,26.005399703979492,26.04131821550573,200
2019-08-08,26.005399703979492,26.005399703979492,26.005399703979492,26.005399703979492,0
2019-08-09,25.631839752197266,25.631839752197266,25.631839752197266,25.631839752197266,300
2019-08-12,25.631839752197266,25.631839752197266,25.631839752197266,25.631839752197266,0
2019-08-13,25.9191951751709,25.919195175170902,25.919195175170902,25.919195175170902,300
2019-08-14,25.9191951751709,25.919195175170902,25.919195175170902,25.919195175170902,200
2019-08-15,25.9191951751709,25.919195175170902,25.919195175170902,25.919195175170902,200
2019-08-16,25.9191951751709,25.919195175170902,25.919195175170902,25.919195175170902,0
2019-08-19,25.86172103881836,26.041316323810154,25.86172103881836,26.041316323810154,1000
2019-08-20,25.90482521057129,25.90482521057129,25.90482521057129,25.90482521057129,200
2019-08-21,26.572919845581055,26.572919845581055,26.25683038689485,26.25683038689485,700
2019-08-22,26.22809600830078,26.22809600830078,26.22809600830078,26.22809600830078,300
2019-08-23,25.66775894165039,25.66775894165039,25.62465508479248,25.62465508479248,1400
2019-08-26,26.29275131225586,26.436428103006183,26.077237496333797,26.407692196774747,1100
2019-08-27,26.29275131225586,26.29275131225586,26.29275131225586,26.29275131225586,0
2019-08-28,26.29275131225586,26.29275131225586,26.29275131225586,26.29275131225586,0
2019-08-29,27.765438079833984,27.765438079833984,27.765438079833984,27.765438079833984,400
2019-08-30,27.765438079833984,27.765438079833984,27.765438079833984,27.765438079833984,0
2019-09-03,27.765438079833984,27.765438079833984,27.765438079833984,27.765438079833984,0
2019-09-04,27.765438079833984,27.765438079833984,27.765438079833984,27.765438079833984,0
2019-09-05,27.765438079833984,27.765438079833984,27.765438079833984,27.765438079833984,0
2019-09-06,27.765438079833984,27.765438079833984,27.765438079833984,27.765438079833984,0
2019-09-09,26.946475982666016,26.946475982666012,26.8315351072076,26.8315351072076,600
2019-09-10,26.946475982666016,26.946475982666012,26.946475982666012,26.946475982666012,0
2019-09-11,27.85881805419922,27.85881805419922,27.693590730800445,27.693590730800445,500
2019-09-12,27.85881805419922,27.85881805419922,27.85881805419922,27.85881805419922,100
2019-09-13,27.85881805419922,27.85881805419922,27.85881805419922,27.85881805419922,200
2019-09-16,28.088703155517578,28.088703155517578,28.088703155517578,28.088703155517578,400
2019-09-17,27.945030212402344,27.945030212402344,27.945030212402344,27.945030212402344,800
2019-09-18,28.160541534423828,28.160541534423828,28.160541534423828,28.160541534423828,200
2019-09-19,28.160541534423828,28.160541534423828,28.160541534423828,28.160541534423828,200
2019-09-20,28.383241653442383,28.383241653442383,28.383241653442383,28.383241653442383,300
2019-09-23,27.952213287353516,27.952213287353516,27.952213287353516,27.952213287353516,200
2019-09-24,27.952213287353516,27.952213287353516,27.952213287353516,27.952213287353516,100
2019-09-25,27.29848289489746,27.298482894897464,27.298482894897464,27.298482894897464,200
2019-09-26,27.621755599975586,27.621755599975586,27.406241804349015,27.535550629806277,6300
2019-09-27,28.419158935546875,28.419158935546875,28.419158935546875,28.419158935546875,200
2019-09-30,28.850187301635742,28.850187301635742,28.850187301635742,28.850187301635742,300
2019-10-01,28.92202377319336,28.922023773193356,28.922023773193356,28.922023773193356,500
2019-10-02,28.01686668395996,28.01686668395996,27.980948172190086,27.988130778381347,600
2019-10-03,28.01686668395996,28.01686668395996,28.01686668395996,28.01686668395996,200
2019-10-04,28.01686668395996,28.01686668395996,28.01686668395996,28.01686668395996,200
2019-10-07,29.058517456054688,29.058517456054688,29.058517456054688,29.058517456054688,200
2019-10-08,29.058517456054688,29.058517456054688,29.058517456054688,29.058517456054688,100
2019-10-09,29.202194213867188,29.202194213867188,29.202194213867188,29.202194213867188,300
2019-10-10,29.202194213867188,29.202194213867188,29.202194213867188,29.202194213867188,100
2019-10-11,30.717981338500977,30.717981338500973,30.717981338500973,30.717981338500973,200
2019-10-14,30.207927703857422,30.207927703857422,30.207927703857422,30.207927703857422,400
2019-10-15,31.149011611938477,31.149011611938477,31.149011611938477,31.149011611938477,300
2019-10-16,31.149011611938477,31.149011611938477,31.149011611938477,31.149011611938477,200
2019-10-17,31.149011611938477,31.149011611938477,31.149011611938477,31.149011611938477,100
2019-10-18,30.538379669189453,30.782629355316868,30.538379669189453,30.782629355316868,1100
2019-10-21,30.538379669189453,30.538379669189453,30.538379669189453,30.538379669189453,300
2019-10-22,31.285499572753906,31.285499572753906,31.285499572753906,31.285499572753906,300
2019-10-23,31.285499572753906,31.285499572753906,31.285499572753906,31.285499572753906,100
2019-10-24,31.285499572753906,31.285499572753906,31.285499572753906,31.285499572753906,100
2019-10-25,30.81855583190918,30.81855583190918,30.81855583190918,30.81855583190918,400
2019-10-28,30.81855583190918,30.81855583190918,30.81855583190918,30.81855583190918,300
2019-10-29,30.81855583190918,30.81855583190918,30.81855583190918,30.81855583190918,100
2019-10-30,30.531200408935547,30.53120040893555,30.53120040893555,30.53120040893555,300
2019-10-31,30.531200408935547,30.53120040893555,30.53120040893555,30.53120040893555,400
2019-11-01,30.531200408935547,30.53120040893555,30.53120040893555,30.53120040893555,200
2019-11-04,30.531200408935547,30.53120040893555,30.53120040893555,30.53120040893555,300
2019-11-05,30.531200408935547,30.53120040893555,30.53120040893555,30.53120040893555,100
2019-11-06,30.531200408935547,30.53120040893555,30.53120040893555,30.53120040893555,200
2019-11-07,30.459365844726562,30.459365844726562,30.459365844726562,30.459365844726562,300
2019-11-08,30.459365844726562,30.459365844726562,30.459365844726562,30.459365844726562,200
2019-11-11,30.387523651123047,30.387523651123047,30.387523651123047,30.387523651123047,200
2019-11-12,30.387523651123047,30.387523651123047,30.387523651123047,30.387523651123047,100
2019-11-13,30.387523651123047,30.387523651123047,30.387523651123047,30.387523651123047,200
2019-11-14,30.96222496032715,30.962224960327145,30.962224960327145,30.962224960327145,500
2019-11-15,30.81855583190918,30.81855583190918,30.81855583190918,30.81855583190918,200
2019-11-18,30.02833366394043,30.02833366394043,30.02833366394043,30.02833366394043,300
2019-11-19,29.410524368286133,29.71224588731398,29.410524368286136,29.71224588731398,500
2019-11-20,29.42489242553711,29.424892425537106,29.30995154654699,29.30995154654699,300
2019-11-21,29.52546501159668,29.561386262447282,29.52546501159668,29.532650357929473,600
2019-11-22,29.4608097076416,29.4608097076416,29.4608097076416,29.4608097076416,300
2019-11-25,29.597305297851562,29.597305297851562,29.597305297851562,29.597305297851562,300
2019-11-26,29.812822341918945,29.812822341918945,29.812822341918945,29.812822341918945,300
2019-11-27,29.56138801574707,29.561388015747067,29.561388015747067,29.561388015747067,400
2019-11-29,29.52546501159668,29.52546501159668,29.52546501159668,29.52546501159668,200
2019-12-02,29.16627311706543,29.16627311706543,29.16627311706543,29.16627311706543,400
2019-12-03,29.16627311706543,29.16627311706543,29.16627311706543,29.16627311706543,0
2019-12-04,29.489543914794922,29.489543914794922,29.489543914794922,29.489543914794922,400
2019-12-05,29.776905059814453,29.776905059814453,29.776905059814453,29.776905059814453,200
2019-12-06,29.848737716674805,29.848737716674805,29.848737716674805,29.848737716674805,400
2019-12-09,29.848737716674805,29.848737716674805,29.848737716674805,29.848737716674805,0
2019-12-10,30.064252853393555,30.064252853393555,30.064252853393555,30.064252853393555,300
2019-12-11,30.021150588989258,30.021150588989258,30.021150588989258,30.021150588989258,300
2019-12-12,30.021150588989258,30.021150588989258,30.021150588989258,30.021150588989258,0
2019-12-13,30.710800170898438,30.710800170898438,30.488100984282195,30.488100984282195,300
2019-12-16,30.782634735107422,30.81137064212249,30.782634735107422,30.81137064212249,500
2019-12-17,30.782634735107422,30.782634735107422,30.782634735107422,30.782634735107422,0
2019-12-18,30.782634735107422,30.782634735107422,30.782634735107422,30.782634735107422,0
2019-12-19,30.473730087280273,30.473730087280273,30.473730087280273,30.473730087280273,63700
2019-12-20,30.61022186279297,30.61022186279297,30.61022186279297,30.61022186279297,300
2019-12-23,30.81855583190918,30.81855583190918,30.81855583190918,30.81855583190918,1000
2019-12-24,30.81855583190918,30.81855583190918,30.81855583190918,30.81855583190918,0
2019-12-26,30.638959884643555,30.63895988464356,30.63895988464356,30.63895988464356,400
2019-12-27,30.638959884643555,30.63895988464356,30.63895988464356,30.63895988464356,0
2019-12-30,30.68206024169922,30.682060241699222,30.682060241699222,30.682060241699222,200
2019-12-31,30.74671745300293,30.74671745300293,30.74671745300293,30.74671745300293,400
2020-01-02,30.74671745300293,30.74671745300293,30.74671745300293,30.74671745300293,0
2020-01-03,30.74671745300293,30.74671745300293,30.74671745300293,30.74671745300293,0
2020-01-06,30.387523651123047,30.387523651123047,30.064251569007606,30.064251569007606,700
2020-01-07,30.387523651123047,30.387523651123047,30.387523651123047,30.387523651123047,0
2020-01-08,30.387523651123047,30.387523651123047,30.387523651123047,30.387523651123047,0
2020-01-09,30.279767990112305,30.279767990112305,30.279767990112305,30.279767990112305,300
2020-01-10,30.279767990112305,30.279767990112305,30.279767990112305,30.279767990112305,0
2020-01-13,30.279767990112305,30.279767990112305,30.279767990112305,30.279767990112305,0
2020-01-14,30.279767990112305,30.279767990112305,30.279767990112305,30.279767990112305,0
2020-01-15,30.279767990112305,30.279767990112305,30.279767990112305,30.279767990112305,800
2020-01-16,30.42344093322754,30.459362183438788,30.42344093322754,30.42344093322754,1900
2020-01-17,30.42344093322754,30.42344093322754,30.42344093322754,30.42344093322754,0
2020-01-21,30.74671745300293,30.74671745300293,30.74671745300293,30.74671745300293,600
2020-01-22,30.56711769104004,30.56711769104004,30.56711769104004,30.56711769104004,500
2020-01-23,30.56711769104004,30.56711769104004,30.56711769104004,30.56711769104004,0
2020-01-24,30.315685272216797,30.315685272216797,30.164825887448313,30.164825887448313,600
2020-01-27,29.1734619140625,29.1734619140625,29.1734619140625,29.1734619140625,300
2020-01-28,29.1734619140625,29.1734619140625,29.1734619140625,29.1734619140625,0
2020-01-29,29.1734619140625,29.1734619140625,29.1734619140625,29.1734619140625,0
2020-01-30,28.91484260559082,28.91484260559082,28.91484260559082,28.91484260559082,200
2020-01-31,28.91484260559082,28.91484260559082,28.91484260559082,28.91484260559082,0
2020-02-03,28.91484260559082,28.91484260559082,28.91484260559082,28.91484260559082,0
2020-02-04,28.91484260559082,28.91484260559082,28.91484260559082,28.91484260559082,0
2020-02-05,29.597305297851562,29.597305297851562,29.597305297851562,29.597305297851562,300
2020-02-06,29.238113403320312,29.238113403320312,29.238113403320312,29.238113403320312,300
2020-02-07,29.13035774230957,29.48954835008258,29.13035774230957,29.48954835008258,1500
2020-02-10,29.52546501159668,29.52546501159668,29.381790969821008,29.381790969821008,2100
2020-02-11,29.705060958862305,29.7050609588623,29.7050609588623,29.7050609588623,200
2020-02-12,29.633224487304688,29.784083881542422,29.633224487304684,29.77690127532449,2400
2020-02-13,29.633224487304688,29.633224487304684,29.633224487304684,29.633224487304684,300
2020-02-14,29.88465690612793,29.88465690612793,29.88465690612793,29.88465690612793,1000
2020-02-18,29.88465690612793,29.88465690612793,29.88465690612793,29.88465690612793,0
2020-02-19,30.638959884643555,30.63895988464356,30.63895988464356,30.63895988464356,200
2020-02-20,30.638959884643555,30.63895988464356,30.63895988464356,30.63895988464356,200
2020-02-21,31.939228057861328,31.939228057861328,31.939228057861328,31.939228057861328,300
2020-02-24,30.638959884643555,30.63895988464356,30.63895988464356,30.63895988464356,1000
2020-02-25,29.417709350585938,30.24384604878101,29.417709350585934,29.89902341730741,800
2020-02-26,30.10017204284668,30.107354648749528,29.84155438383731,29.84155438383731,600
2020-02-27,29.669143676757812,30.02833428480671,29.66914367675781,29.949311912570856,1300
2020-02-28,28.562833786010742,28.562833786010742,27.83727001840668,27.83727001840668,500
2020-03-02,28.98668098449707,28.98668098449707,28.98668098449707,28.98668098449707,200
2020-03-03,29.14472198486328,29.14472198486328,29.14472198486328,29.14472198486328,400
2020-03-04,29.56138801574707,29.561388015747067,29.561388015747067,29.561388015747067,300
2020-03-05,29.49673080444336,29.49673080444336,29.166273394987332,29.374604584764555,600
2020-03-06,28.088703155517578,28.16054291805236,27.794166980141803,28.16054291805236,1200
2020-03-09,25.502531051635742,26.608838690164855,25.502531051635742,26.608838690164855,1100
2020-03-10,24.76978302001953,24.82006948391984,24.410592426213434,24.82006948391984,600
2020-03-11,23.706579208374023,24.69076066880172,23.706579208374023,24.69076066880172,1200
2020-03-12,20.86178970336914,22.341654520610398,20.107488657488357,22.341654520610398,2400
2020-03-13,20.86178970336914,20.86178970336914,20.86178970336914,20.86178970336914,2100
2020-03-16,20.63909149169922,20.66064342091454,19.14485865452198,19.14485865452198,2000
2020-03-17,20.0356502532959,21.192244367405824,20.0356502532959,21.192244367405824,2500
2020-03-18,19.57588768005371,19.57588768005371,17.442296011500897,17.442296011500897,1300
2020-03-19,18.09602165222168,18.124756185874855,18.09602165222168,18.124756185874855,700
2020-03-20,22.197980880737305,22.197980880737305,19.94226414036739,19.94226414036739,2200
2020-03-23,23.060035705566406,23.203712495403096,19.86324014863255,19.86324014863255,1700
2020-03-24,21.24253273010254,22.772685515748694,21.24253273010254,22.772685515748694,1000
2020-03-25,21.24253273010254,21.24253273010254,21.24253273010254,21.24253273010254,0
2020-03-26,21.24253273010254,21.24253273010254,21.24253273010254,21.24253273010254,0
2020-03-27,24.065771102905273,24.065771102905273,22.226715545564108,22.226715545564108,600
2020-03-30,21.939361572265625,23.2755509858812,21.939361572265625,23.2755509858812,3800
2020-03-31,21.838788986206055,21.838788986206055,20.509783444683244,20.509783444683244,1100
2020-04-01,18.634809494018555,20.43794654614565,18.634809494018555,20.43794654614565,2600
2020-04-02,19.32445526123047,19.331639238121532,18.641993899021426,18.663544459491124,51800
2020-04-03,20.761215209960938,20.761215209960938,20.761215209960938,20.761215209960938,300
2020-04-06,20.509780883789062,20.538516786925335,20.509780883789062,20.538516786925335,1500
2020-04-07,23.13187599182129,23.13187599182129,22.047120177705967,22.047120177705967,1100
2020-04-08,24.02985191345215,24.02985191345215,23.203712429541245,23.203712429541245,400
2020-04-09,24.02985191345215,24.02985191345215,24.02985191345215,24.02985191345215,0
2020-04-13,25.251096725463867,25.251096725463867,24.06576681597706,24.06576681597706,900
2020-04-14,23.613187789916992,23.613187789916992,23.613187789916992,23.613187789916992,500
2020-04-15,22.233898162841797,22.233898162841797,22.233898162841797,22.233898162841797,400
2020-04-16,21.19224739074707,21.19224739074707,21.19224739074707,21.19224739074707,400
2020-04-17,21.19224739074707,21.19224739074707,21.19224739074707,21.19224739074707,0
2020-04-20,20.524150848388672,23.419226233359556,20.524150848388672,21.94654530826544,2200
2020-04-21,19.202329635620117,21.910627157362615,19.202329635620117,21.084489030387992,900
2020-04-22,19.202329635620117,19.202329635620117,19.202329635620117,19.202329635620117,0
2020-04-23,20.99828338623047,20.99828338623047,20.99828338623047,20.99828338623047,300
2020-04-24,22.12613868713379,22.12613868713379,20.92644212184484,20.92644212184484,800
2020-04-27,22.377573013305664,22.377573013305664,22.377573013305664,22.377573013305664,300
2020-04-28,22.090221405029297,22.090221405029297,22.090221405029297,22.090221405029297,200
2020-04-29,22.090221405029297,22.090221405029297,22.090221405029297,22.090221405029297,0
2020-04-30,22.09740447998047,22.09740447998047,22.09740447998047,22.09740447998047,600
2020-05-01,21.113222122192383,22.377573144281197,21.113222122192383,22.377573144281197,600
2020-05-04,20.83305549621582,20.83305549621582,20.83305549621582,20.83305549621582,1000
2020-05-05,20.83305549621582,20.83305549621582,20.83305549621582,20.83305549621582,0
2020-05-06,20.56725311279297,21.515517445904962,20.56725311279297,20.811502829930443,2100
2020-05-07,20.56725311279297,20.56725311279297,20.56725311279297,20.56725311279297,0
2020-05-08,21.443675994873047,21.443675994873047,21.443675994873047,21.443675994873047,1100
2020-05-11,21.58735466003418,21.58735466003418,21.443679241170432,21.58735466003418,500
2020-05-12,20.11467170715332,20.847420791048407,20.057201271369586,20.15059021569193,25900
2020-05-13,18.98681640625,21.012651285291724,18.98681640625,20.624724757711746,133900
2020-05-14,18.98681640625,18.98681640625,18.98681640625,18.98681640625,0
2020-05-15,19.094572067260742,19.094572067260742,19.094572067260742,19.094572067260742,100
2020-05-18,19.094572067260742,19.094572067260742,19.094572067260742,19.094572067260742,0
2020-05-19,20.11467170715332,20.11467170715332,20.11467170715332,20.11467170715332,500
2020-05-20,20.11467170715332,20.11467170715332,20.11467170715332,20.11467170715332,0
2020-05-21,20.11467170715332,20.11467170715332,20.11467170715332,20.11467170715332,0
2020-05-22,20.11467170715332,20.11467170715332,20.11467170715332,20.11467170715332,500
2020-05-26,20.11467170715332,20.11467170715332,20.11467170715332,20.11467170715332,0
2020-05-27,21.87470817565918,21.87470817565918,21.87470817565918,21.87470817565918,1200
2020-05-28,21.982465744018555,21.98964972068806,21.910627347526958,21.910627347526958,6300
2020-05-29,22.090221405029297,22.090221405029297,22.090221405029297,22.090221405029297,900
2020-06-01,22.226713180541992,22.226713180541992,22.226713180541992,22.226713180541992,6300
2020-06-02,22.772686004638672,22.808604518791594,22.772686004638672,22.808604518791594,300
2020-06-03,22.772686004638672,22.772686004638672,22.772686004638672,22.772686004638672,0
2020-06-04,22.772686004638672,22.772686004638672,22.772686004638672,22.772686004638672,0
2020-06-05,22.772686004638672,22.772686004638672,22.772686004638672,22.772686004638672,0
2020-06-08,25.035585403442383,25.610292594324186,25.035585403442383,25.610292594324186,400
2020-06-09,24.13760757446289,24.13760757446289,24.13760757446289,24.13760757446289,7900
2020-06-10,24.13760757446289,24.13760757446289,24.13760757446289,24.13760757446289,0
2020-06-11,24.13760757446289,24.13760757446289,24.13760757446289,24.13760757446289,0
2020-06-12,24.13760757446289,24.13760757446289,24.13760757446289,24.13760757446289,100
2020-06-15,22.55716896057129,22.55716896057129,22.054302952622347,22.054302952622347,400
2020-06-16,22.55716896057129,22.55716896057129,22.054302952622347,22.054302952622347,100
2020-06-17,22.327287673950195,22.973830480858116,22.327287673950195,22.973830480858116,4600
2020-06-18,22.327287673950195,22.327287673950195,22.327287673950195,22.327287673950195,100
2020-06-19,22.327287673950195,22.327287673950195,22.327287673950195,22.327287673950195,0
2020-06-22,22.327287673950195,22.327287673950195,22.327287673950195,22.327287673950195,0
2020-06-23,22.327287673950195,22.327287673950195,22.327287673950195,22.327287673950195,0
2020-06-24,22.327287673950195,22.327287673950195,22.327287673950195,22.327287673950195,1500
2020-06-25,22.327287673950195,22.327287673950195,22.327287673950195,22.327287673950195,0
2020-06-26,22.327287673950195,22.327287673950195,22.327287673950195,22.327287673950195,1100
2020-06-29,22.327287673950195,22.327287673950195,22.327287673950195,22.327287673950195,0
2020-06-30,22.327287673950195,22.327287673950195,22.327287673950195,22.327287673950195,0
2020-07-01,22.327287673950195,22.327287673950195,22.327287673950195,22.327287673950195,0
2020-07-02,22.327287673950195,22.327287673950195,22.327287673950195,22.327287673950195,0
2020-07-06,26.43642807006836,26.43642807006836,26.213731648069327,26.328672532445008,1800
2020-07-07,26.43642807006836,26.43642807006836,26.43642807006836,26.43642807006836,0
2020-07-08,26.43642807006836,26.43642807006836,26.43642807006836,26.43642807006836,0
2020-07-09,26.43642807006836,26.43642807006836,26.43642807006836,26.43642807006836,0
2020-07-10,26.43642807006836,26.43642807006836,26.43642807006836,26.43642807006836,0
2020-07-13,26.43642807006836,26.43642807006836,26.43642807006836,26.43642807006836,0
2020-07-14,26.43642807006836,26.43642807006836,26.43642807006836,26.43642807006836,0
2020-07-15,26.43642807006836,26.43642807006836,26.43642807006836,26.43642807006836,0
2020-07-16,26.43642807006836,26.43642807006836,26.43642807006836,26.43642807006836,0
2020-07-17,26.43642807006836,26.43642807006836,26.43642807006836,26.43642807006836,0
2020-07-20,26.43642807006836,26.43642807006836,26.43642807006836,26.43642807006836,0
2020-07-21,26.43642807006836,26.43642807006836,26.43642807006836,26.43642807006836,0
2020-07-22,26.43642807006836,26.43642807006836,26.43642807006836,26.43642807006836,0
2020-07-23,26.43642807006836,26.43642807006836,26.43642807006836,26.43642807006836,0
2020-07-24,26.213729858398438,26.21372985839844,26.21372985839844,26.21372985839844,100
2020-07-27,26.213729858398438,26.21372985839844,26.21372985839844,26.21372985839844,0
2020-07-28,26.213729858398438,26.21372985839844,26.21372985839844,26.21372985839844,0
2020-07-29,26.2568302154541,26.2568302154541,26.2568302154541,26.2568302154541,1400
2020-07-30,26.2568302154541,26.2568302154541,26.2568302154541,26.2568302154541,0
2020-07-31,26.2568302154541,26.2568302154541,26.2568302154541,26.2568302154541,0
2020-08-03,26.36458969116211,26.36458969116211,26.36458969116211,26.36458969116211,500
2020-08-04,26.36458969116211,26.36458969116211,26.36458969116211,26.36458969116211,0
2020-08-05,26.36458969116211,26.36458969116211,26.36458969116211,26.36458969116211,0
2020-08-06,26.36458969116211,26.36458969116211,26.36458969116211,26.36458969116211,0
2020-08-07,26.36458969116211,26.36458969116211,26.36458969116211,26.36458969116211,0
2020-08-10,26.36458969116211,26.36458969116211,26.36458969116211,26.36458969116211,0
2020-08-11,26.36458969116211,26.36458969116211,26.36458969116211,26.36458969116211,0
2020-08-12,26.36458969116211,26.36458969116211,26.36458969116211,26.36458969116211,0
2020-08-13,26.36458969116211,26.36458969116211,26.36458969116211,26.36458969116211,0
2020-08-14,26.36458969116211,26.36458969116211,26.36458969116211,26.36458969116211,0
2020-08-17,26.36458969116211,26.36458969116211,26.36458969116211,26.36458969116211,0
2020-08-18,26.36458969116211,26.36458969116211,26.36458969116211,26.36458969116211,0
2020-08-19,26.36458969116211,26.36458969116211,26.36458969116211,26.36458969116211,0
2020-08-20,26.36458969116211,26.36458969116211,26.36458969116211,26.36458969116211,0
2020-08-21,26.36458969116211,26.36458969116211,26.36458969116211,26.36458969116211,0
2020-08-24,26.36458969116211,26.36458969116211,26.36458969116211,26.36458969116211,0
2020-08-25,28.232378005981445,28.23237800598144,28.23237800598144,28.23237800598144,300
2020-08-26,28.232378005981445,28.23237800598144,28.23237800598144,28.23237800598144,0
2020-08-27,28.232378005981445,28.23237800598144,28.23237800598144,28.23237800598144,0
2020-08-28,28.232378005981445,28.23237800598144,28.23237800598144,28.23237800598144,0
2020-08-31,28.656227111816406,28.656227111816406,28.656227111816406,28.656227111816406,300
2020-09-01,28.663414001464844,28.66341400146484,28.66341400146484,28.66341400146484,300
2020-09-02,28.663414001464844,28.66341400146484,28.66341400146484,28.66341400146484,0
2020-09-03,28.663414001464844,28.66341400146484,28.66341400146484,28.66341400146484,0
2020-09-04,28.483814239501953,28.483814239501953,28.483814239501953,28.483814239501953,100
2020-09-08,28.483814239501953,28.483814239501953,28.483814239501953,28.483814239501953,0
2020-09-09,29.998491287231445,29.998491287231445,29.998491287231445,29.998491287231445,0
2020-09-10,29.014930725097656,29.014930725097653,29.014930725097653,29.014930725097653,100
2020-09-11,29.014930725097656,29.014930725097653,29.014930725097653,29.014930725097653,0
2020-09-14,29.014930725097656,29.014930725097653,29.014930725097653,29.014930725097653,100
2020-09-15,29.014930725097656,29.014930725097653,29.014930725097653,29.014930725097653,0
2020-09-16,29.014930725097656,29.014930725097653,29.014930725097653,29.014930725097653,0
2020-09-17,29.014930725097656,29.014930725097653,29.014930725097653,29.014930725097653,0
2020-09-18,29.014930725097656,29.014930725097653,29.014930725097653,29.014930725097653,0
2020-09-21,29.014930725097656,29.014930725097653,29.014930725097653,29.014930725097653,0
2020-09-22,29.014930725097656,29.014930725097653,29.014930725097653,29.014930725097653,0
2020-09-23,29.014930725097656,29.014930725097653,29.014930725097653,29.014930725097653,0
2020-09-24,29.014930725097656,29.014930725097653,29.014930725097653,29.014930725097653,0
2020-09-25,29.014930725097656,29.014930725097653,29.014930725097653,29.014930725097653,0
2020-09-28,29.014930725097656,29.014930725097653,29.014930725097653,29.014930725097653,0
2020-09-29,29.014930725097656,29.014930725097653,29.014930725097653,29.014930725097653,0
2020-09-30,29.014930725097656,29.014930725097653,29.014930725097653,29.014930725097653,0
2020-10-01,26.086959838867188,26.086959838867188,25.988603322395146,25.988603322395146,300
2020-10-02,26.086959838867188,26.086959838867188,26.086959838867188,26.086959838867188,0
2020-10-05,26.510648727416992,26.510648727416992,26.510648727416992,26.510648727416992,30400
2020-10-06,26.593870162963867,26.593870162963867,26.593870162963867,26.593870162963867,100
2020-10-07,26.593870162963867,26.593870162963867,26.593870162963867,26.593870162963867,0
2020-10-08,26.593870162963867,26.593870162963867,26.593870162963867,26.593870162963867,0
2020-10-09,26.593870162963867,26.593870162963867,26.593870162963867,26.593870162963867,0
2020-10-12,26.593870162963867,26.593870162963867,26.593870162963867,26.593870162963867,0
2020-10-13,26.593870162963867,26.593870162963867,26.593870162963867,26.593870162963867,0
2020-10-14,26.593870162963867,26.593870162963867,26.593870162963867,26.593870162963867,0
2020-10-15,26.593870162963867,26.593870162963867,26.593870162963867,26.593870162963867,0
2020-10-16,26.593870162963867,26.593870162963867,26.593870162963867,26.593870162963867,0
2020-10-19,27.38828468322754,27.38828468322754,27.38828468322754,27.38828468322754,100
2020-10-20,27.38828468322754,27.38828468322754,27.38828468322754,27.38828468322754,100
2020-10-21,27.38828468322754,27.38828468322754,27.38828468322754,27.38828468322754,0
2020-10-22,27.38828468322754,27.38828468322754,27.38828468322754,27.38828468322754,0
2020-10-23,27.23696517944336,27.23696517944336,27.23696517944336,27.23696517944336,300
2020-10-26,27.23696517944336,27.23696517944336,27.23696517944336,27.23696517944336,0
2020-10-27,27.23696517944336,27.23696517944336,27.23696517944336,27.23696517944336,0
2020-10-28,27.23696517944336,27.23696517944336,27.23696517944336,27.23696517944336,0
2020-10-29,27.23696517944336,27.23696517944336,27.23696517944336,27.23696517944336,0
2020-10-30,27.23696517944336,27.23696517944336,27.23696517944336,27.23696517944336,0
2020-11-02,25.693538665771484,25.693538665771484,25.693538665771484,25.693538665771484,1100
2020-11-03,25.693538665771484,25.693538665771484,25.693538665771484,25.693538665771484,0
2020-11-04,25.693538665771484,25.693538665771484,25.693538665771484,25.693538665771484,0
2020-11-05,25.693538665771484,25.693538665771484,25.693538665771484,25.693538665771484,0
2020-11-06,26.730056762695312,26.730056762695312,26.730056762695312,26.730056762695312,500
2020-11-09,26.730056762695312,26.730056762695312,26.730056762695312,26.730056762695312,0
2020-11-10,26.730056762695312,26.730056762695312,26.730056762695312,26.730056762695312,0
2020-11-11,26.730056762695312,26.730056762695312,26.730056762695312,26.730056762695312,0
2020-11-12,26.730056762695312,26.730056762695312,26.730056762695312,26.730056762695312,0
2020-11-13,26.730056762695312,26.730056762695312,26.730056762695312,26.730056762695312,0
2020-11-16,26.730056762695312,26.730056762695312,26.730056762695312,26.730056762695312,0
2020-11-17,26.730056762695312,26.730056762695312,26.730056762695312,26.730056762695312,0
2020-11-18,26.730056762695312,26.730056762695312,26.730056762695312,26.730056762695312,0
2020-11-19,26.730056762695312,26.730056762695312,26.730056762695312,26.730056762695312,0
2020-11-20,26.730056762695312,26.730056762695312,26.730056762695312,26.730056762695312,100
2020-11-23,26.730056762695312,26.730056762695312,26.730056762695312,26.730056762695312,0
2020-11-24,26.730056762695312,26.730056762695312,26.730056762695312,26.730056762695312,0
2020-11-25,26.730056762695312,26.730056762695312,26.730056762695312,26.730056762695312,0
2020-11-27,26.730056762695312,26.730056762695312,26.730056762695312,26.730056762695312,0
2020-11-30,26.730056762695312,26.730056762695312,26.730056762695312,26.730056762695312,0
2020-12-01,26.730056762695312,26.730056762695312,26.730056762695312,26.730056762695312,0
2020-12-02,26.730056762695312,26.730056762695312,26.730056762695312,26.730056762695312,0
2020-12-03,31.965606689453125,31.965606689453125,31.965606689453125,31.965606689453125,300
2020-12-04,31.965606689453125,31.965606689453125,31.965606689453125,31.965606689453125,0
2020-12-07,31.965606689453125,31.965606689453125,31.965606689453125,31.965606689453125,0
2020-12-08,31.965606689453125,31.965606689453125,31.965606689453125,31.965606689453125,0
2020-12-09,31.965606689453125,31.965606689453125,31.965606689453125,31.965606689453125,0
2020-12-10,31.965606689453125,31.965606689453125,31.965606689453125,31.965606689453125,0
2020-12-11,31.965606689453125,31.965606689453125,31.965606689453125,31.965606689453125,0
2020-12-14,31.51165771484375,31.51165771484375,31.360340659536085,31.47382628641725,300
2020-12-15,31.46626091003418,31.46626091003418,31.46626091003418,31.46626091003418,200
2020-12-16,31.46626091003418,31.46626091003418,31.46626091003418,31.46626091003418,0
2020-12-17,31.685670852661133,31.685670852661133,31.685670852661133,31.685670852661133,2600
2020-12-18,31.685670852661133,31.685670852661133,31.685670852661133,31.685670852661133,0
2020-12-21,30.30112648010254,30.301126480102543,30.301126480102543,30.301126480102543,1000
2020-12-22,30.30112648010254,30.301126480102543,30.301126480102543,30.301126480102543,0
2020-12-23,30.30112648010254,30.301126480102543,30.301126480102543,30.301126480102543,0
2020-12-24,30.30112648010254,30.301126480102543,30.301126480102543,30.301126480102543,0
2020-12-28,31.753767013549805,31.75376701354981,31.75376701354981,31.75376701354981,8400
2020-12-29,31.753767013549805,31.75376701354981,31.75376701354981,31.75376701354981,0
2020-12-30,31.753767013549805,31.75376701354981,31.75376701354981,31.75376701354981,0
2020-12-31,31.753767013549805,31.75376701354981,31.75376701354981,31.75376701354981,0
2021-01-04,31.52678680419922,31.52678680419922,31.52678680419922,31.52678680419922,21500
2021-01-05,31.52678680419922,31.52678680419922,31.52678680419922,31.52678680419922,0
2021-01-06,31.52678680419922,31.52678680419922,31.52678680419922,31.52678680419922,0
2021-01-07,31.52678680419922,31.52678680419922,31.52678680419922,31.52678680419922,0
2021-01-08,31.52678680419922,31.52678680419922,31.52678680419922,31.52678680419922,0
2021-01-11,31.52678680419922,31.52678680419922,31.52678680419922,31.52678680419922,0
2021-01-12,32.041263580322266,32.07909500934041,32.041263580322266,32.07909500934041,200
2021-01-13,32.056396484375,32.056396484375,32.056396484375,32.056396484375,1000
2021-01-14,32.419559478759766,32.419559478759766,32.419559478759766,32.419559478759766,200
2021-01-15,31.24685287475586,32.05639582046623,31.24685287475586,32.05639582046623,1600
2021-01-19,31.24685287475586,31.24685287475586,31.24685287475586,31.24685287475586,0
2021-01-20,31.24685287475586,31.24685287475586,31.24685287475586,31.24685287475586,0
2021-01-21,31.88994789123535,31.88994789123535,31.88994789123535,31.88994789123535,100
2021-01-22,31.88994789123535,31.88994789123535,31.88994789123535,31.88994789123535,0
2021-01-25,31.88994789123535,31.88994789123535,31.88994789123535,31.88994789123535,0
2021-01-26,31.88994789123535,31.88994789123535,31.88994789123535,31.88994789123535,0
2021-01-27,31.88994789123535,31.88994789123535,31.88994789123535,31.88994789123535,0
2021-01-28,31.88994789123535,31.88994789123535,31.88994789123535,31.88994789123535,100
2021-01-29,31.88994789123535,31.88994789123535,31.88994789123535,31.88994789123535,0
2021-02-01,31.88994789123535,31.88994789123535,31.88994789123535,31.88994789123535,0
2021-02-02,31.88994789123535,31.88994789123535,31.88994789123535,31.88994789123535,0
2021-02-03,31.88994789123535,31.88994789123535,31.88994789123535,31.88994789123535,0
2021-02-04,31.88994789123535,31.88994789123535,31.88994789123535,31.88994789123535,0
2021-02-05,31.88994789123535,31.88994789123535,31.88994789123535,31.88994789123535,0
2021-02-08,31.88994789123535,31.88994789123535,31.88994789123535,31.88994789123535,0
2021-02-09,31.88994789123535,31.88994789123535,31.88994789123535,31.88994789123535,0
2021-02-10,31.88994789123535,31.88994789123535,31.88994789123535,31.88994789123535,0
2021-02-11,30.505403518676758,30.505403518676758,30.505403518676758,30.505403518676758,400
2021-02-12,30.505403518676758,30.505403518676758,30.505403518676758,30.505403518676758,0
2021-02-16,30.225467681884766,30.225467681884766,30.225467681884766,30.225467681884766,100
2021-02-17,31.47382926940918,31.47382926940918,31.47382926940918,31.47382926940918,1000
2021-02-18,31.47382926940918,31.47382926940918,31.47382926940918,31.47382926940918,0
2021-02-19,31.47382926940918,31.47382926940918,31.47382926940918,31.47382926940918,0
2021-02-22,31.47382926940918,31.47382926940918,31.47382926940918,31.47382926940918,0
2021-02-23,31.47382926940918,31.47382926940918,31.47382926940918,31.47382926940918,0
2021-02-24,31.47382926940918,31.47382926940918,31.47382926940918,31.47382926940918,0
2021-02-25,31.47382926940918,31.47382926940918,31.47382926940918,31.47382926940918,0
2021-02-26,31.47382926940918,31.47382926940918,31.47382926940918,31.47382926940918,0
2021-03-01,31.47382926940918,31.47382926940918,31.47382926940918,31.47382926940918,0
2021-03-02,31.47382926940918,31.47382926940918,31.47382926940918,31.47382926940918,0
2021-03-03,31.47382926940918,31.47382926940918,31.47382926940918,31.47382926940918,0
2021-03-04,31.47382926940918,31.47382926940918,31.47382926940918,31.47382926940918,100
2021-03-05,31.47382926940918,31.47382926940918,31.47382926940918,31.47382926940918,0
2021-03-08,31.47382926940918,31.47382926940918,31.47382926940918,31.47382926940918,0
2021-03-09,31.47382926940918,31.47382926940918,31.47382926940918,31.47382926940918,0
2021-03-10,31.47382926940918,31.47382926940918,31.47382926940918,31.47382926940918,0
2021-03-11,31.47382926940918,31.47382926940918,31.47382926940918,31.47382926940918,0
2021-03-12,31.47382926940918,31.47382926940918,31.47382926940918,31.47382926940918,0
2021-03-15,31.47382926940918,31.47382926940918,31.47382926940918,31.47382926940918,0
2021-03-16,31.209022521972656,31.209022521972656,31.209022521972656,31.209022521972656,100
2021-03-17,31.209022521972656,31.209022521972656,31.209022521972656,31.209022521972656,0
2021-03-18,31.209022521972656,31.209022521972656,31.209022521972656,31.209022521972656,0
2021-03-19,31.209022521972656,31.209022521972656,31.209022521972656,31.209022521972656,0
2021-03-22,31.209022521972656,31.209022521972656,31.209022521972656,31.209022521972656,0
2021-03-23,31.209022521972656,31.209022521972656,31.209022521972656,31.209022521972656,0
2021-03-24,31.209022521972656,31.209022521972656,31.209022521972656,31.209022521972656,0
2021-03-25,31.209022521972656,31.209022521972656,31.209022521972656,31.209022521972656,0
2021-03-26,31.209022521972656,31.209022521972656,31.209022521972656,31.209022521972656,0
2021-03-29,31.209022521972656,31.209022521972656,31.209022521972656,31.209022521972656,0
2021-03-30,31.209022521972656,31.209022521972656,31.209022521972656,31.209022521972656,0
2021-03-31,31.209022521972656,31.209022521972656,31.209022521972656,31.209022521972656,0
2021-04-01,31.209022521972656,31.209022521972656,31.209022521972656,31.209022521972656,0
2021-04-05,31.3149471282959,31.3149471282959,31.3149471282959,31.3149471282959,300
2021-04-06,31.3149471282959,31.3149471282959,31.3149471282959,31.3149471282959,0
2021-04-07,31.3149471282959,31.3149471282959,31.3149471282959,31.3149471282959,0
2021-04-08,31.13336944580078,31.13336944580078,31.13336944580078,31.13336944580078,100
2021-04-09,31.13336944580078,31.13336944580078,31.13336944580078,31.13336944580078,0
2021-04-12,31.13336944580078,31.13336944580078,31.13336944580078,31.13336944580078,0
2021-04-13,31.13336944580078,31.13336944580078,31.13336944580078,31.13336944580078,0
2021-04-14,31.13336944580078,31.13336944580078,31.13336944580078,31.13336944580078,0
2021-04-15,31.13336944580078,31.13336944580078,31.13336944580078,31.13336944580078,0
2021-04-16,31.49652862548828,31.496528625488278,31.496528625488278,31.496528625488278,500
2021-04-19,31.49652862548828,31.496528625488278,31.496528625488278,31.496528625488278,0
2021-04-20,31.49652862548828,31.496528625488278,31.496528625488278,31.496528625488278,3600
2021-04-21,31.58731460571289,31.58731460571289,31.58731460571289,31.58731460571289,200
2021-04-22,31.58731460571289,31.58731460571289,31.58731460571289,31.58731460571289,0
2021-04-23,31.443565368652344,31.443565368652344,31.443565368652344,31.443565368652344,8400
2021-04-26,31.443565368652344,31.443565368652344,31.443565368652344,31.443565368652344,0
2021-04-27,31.443565368652344,31.443565368652344,31.443565368652344,31.443565368652344,0
2021-04-28,31.443565368652344,31.443565368652344,31.443565368652344,31.443565368652344,0
2021-04-29,31.443565368652344,31.443565368652344,31.443565368652344,31.443565368652344,0
2021-04-30,31.443565368652344,31.443565368652344,31.443565368652344,31.443565368652344,0
2021-05-03,31.443565368652344,31.443565368652344,31.443565368652344,31.443565368652344,0
2021-05-04,33.028953552246094,33.10854017771696,33.028953552246094,33.10854017771696,16600
2021-05-05,33.028953552246094,33.028953552246094,33.028953552246094,33.028953552246094,0
2021-05-06,34.22277069091797,34.22277069091797,33.17221146142841,33.17221146142841,2400
2021-05-07,34.22277069091797,34.22277069091797,34.22277069091797,34.22277069091797,0
2021-05-10,34.22277069091797,34.22277069091797,34.22277069091797,34.22277069091797,5900
2021-05-11,34.22277069091797,34.22277069091797,34.22277069091797,34.22277069091797,0
2021-05-12,34.22277069091797,34.22277069091797,34.22277069091797,34.22277069091797,5800
2021-05-13,34.22277069091797,34.22277069091797,34.22277069091797,34.22277069091797,0
2021-05-14,34.22277069091797,34.22277069091797,34.22277069091797,34.22277069091797,0
2021-05-17,34.22277069091797,34.22277069091797,34.22277069091797,34.22277069091797,500
2021-05-18,34.22277069091797,34.22277069091797,34.22277069091797,34.22277069091797,0
2021-05-19,31.994314193725586,31.994314193725586,31.994314193725586,31.994314193725586,2000
2021-05-20,31.994314193725586,31.994314193725586,31.994314193725586,31.994314193725586,0
2021-05-21,31.994314193725586,31.994314193725586,31.994314193725586,31.994314193725586,0
2021-05-24,31.994314193725586,31.994314193725586,31.994314193725586,31.994314193725586,0
2021-05-25,31.994314193725586,31.994314193725586,31.994314193725586,31.994314193725586,0
2021-05-26,31.994314193725586,31.994314193725586,31.994314193725586,31.994314193725586,100
2021-05-27,31.994314193725586,31.994314193725586,31.994314193725586,31.994314193725586,0
2021-05-28,31.994314193725586,31.994314193725586,31.994314193725586,31.994314193725586,0
2021-06-01,31.994314193725586,31.994314193725586,31.994314193725586,31.994314193725586,0
2021-06-02,31.994314193725586,31.994314193725586,31.994314193725586,31.994314193725586,0
2021-06-03,31.994314193725586,31.994314193725586,31.994314193725586,31.994314193725586,7800
2021-06-04,31.994314193725586,31.994314193725586,31.994314193725586,31.994314193725586,0
2021-06-07,33.19608688354492,33.19608688354492,33.19608688354492,33.19608688354492,200
2021-06-08,33.19608688354492,33.19608688354492,33.19608688354492,33.19608688354492,0
2021-06-09,33.19608688354492,33.19608688354492,33.19608688354492,33.19608688354492,0
2021-06-10,33.19608688354492,33.19608688354492,33.19608688354492,33.19608688354492,0
2021-06-11,33.18812942504883,33.18812942504883,33.18812942504883,33.18812942504883,100
2021-06-14,33.227928161621094,33.227928161621094,31.51678813169822,31.548624001100414,600
2021-06-15,32.360416412353516,32.360416412353516,32.360416412353516,32.360416412353516,800
2021-06-16,32.360416412353516,32.360416412353516,32.360416412353516,32.360416412353516,0
2021-06-17,32.360416412353516,32.360416412353516,32.360416412353516,32.360416412353516,0
2021-06-18,31.198434829711914,31.198434829711914,31.198434829711914,31.198434829711914,200
2021-06-21,31.198434829711914,31.198434829711914,31.198434829711914,31.198434829711914,0
2021-06-22,31.198434829711914,31.198434829711914,31.198434829711914,31.198434829711914,0
2021-06-23,31.198434829711914,31.198434829711914,31.198434829711914,31.198434829711914,0
2021-06-24,31.198434829711914,31.198434829711914,31.198434829711914,31.198434829711914,0
2021-06-25,30.466224670410156,30.466224670410156,30.466224670410156,30.466224670410156,300
2021-06-28,29.62259292602539,30.068282855464822,29.622592926025394,30.068282855464822,3600
2021-06-29,29.62259292602539,29.622592926025394,29.622592926025394,29.622592926025394,0
2021-06-30,29.62259292602539,29.622592926025394,29.622592926025394,29.622592926025394,0
2021-07-01,29.62259292602539,29.622592926025394,29.622592926025394,29.622592926025394,0
2021-07-02,29.62259292602539,29.622592926025394,29.622592926025394,29.622592926025394,0
2021-07-06,29.535049438476562,29.535049438476562,29.535049438476562,29.535049438476562,100
2021-07-07,29.535049438476562,29.535049438476562,29.535049438476562,29.535049438476562,0
2021-07-08,29.527088165283203,29.527088165283203,29.24057448437514,29.24057448437514,300
2021-07-09,29.527088165283203,29.527088165283203,29.527088165283203,29.527088165283203,0
2021-07-12,30.052366256713867,30.052366256713867,30.052366256713867,30.052366256713867,500
2021-07-13,30.307050704956055,30.307050704956055,29.487293894520203,29.487293894520203,300
2021-07-14,30.307050704956055,30.307050704956055,30.307050704956055,30.307050704956055,0
2021-07-15,29.925029754638672,29.925029754638672,29.925029754638672,29.925029754638672,700
2021-07-16,29.925029754638672,29.925029754638672,29.925029754638672,29.925029754638672,0
2021-07-19,29.925029754638672,29.925029754638672,29.925029754638672,29.925029754638672,100
2021-07-20,29.925029754638672,29.925029754638672,29.925029754638672,29.925029754638672,0
2021-07-21,29.925029754638672,29.925029754638672,29.925029754638672,29.925029754638672,0
2021-07-22,30.084203720092773,30.084203720092773,30.084203720092773,30.084203720092773,100
2021-07-23,30.084203720092773,30.084203720092773,30.084203720092773,30.084203720092773,0
2021-07-26,29.60667610168457,29.60667610168457,29.60667610168457,29.60667610168457,100
2021-07-27,29.60667610168457,29.60667610168457,29.60667610168457,29.60667610168457,0
2021-07-28,29.60667610168457,29.60667610168457,29.60667610168457,29.60667610168457,0
2021-07-29,29.60667610168457,29.60667610168457,29.60667610168457,29.60667610168457,0
2021-07-30,29.60667610168457,29.60667610168457,29.60667610168457,29.60667610168457,0
2021-08-02,29.60667610168457,29.60667610168457,29.60667610168457,29.60667610168457,0
2021-08-03,29.60667610168457,29.60667610168457,29.60667610168457,29.60667610168457,0
2021-08-04,29.60667610168457,29.60667610168457,29.60667610168457,29.60667610168457,0
2021-08-05,29.60667610168457,29.60667610168457,29.60667610168457,29.60667610168457,0
2021-08-06,31.397401809692383,31.397401809692383,31.397401809692383,31.397401809692383,1100
2021-08-09,31.397401809692383,31.397401809692383,31.397401809692383,31.397401809692383,0
2021-08-10,31.397401809692383,31.397401809692383,31.397401809692383,31.397401809692383,0
2021-08-11,31.397401809692383,31.397401809692383,31.397401809692383,31.397401809692383,0
2021-08-12,31.87493133544922,31.87493133544922,31.87493133544922,31.87493133544922,500
2021-08-13,33.10853958129883,33.10853958129883,33.10853958129883,33.10853958129883,900
2021-08-16,32.63101577758789,32.63101577758789,32.21715862779181,32.21715862779181,1300
2021-08-17,32.63101577758789,32.63101577758789,32.63101577758789,32.63101577758789,0
2021-08-18,32.63101577758789,32.63101577758789,32.63101577758789,32.63101577758789,0
2021-08-19,32.63101577758789,32.63101577758789,32.63101577758789,32.63101577758789,0
2021-08-20,32.63101577758789,32.63101577758789,32.63101577758789,32.63101577758789,0
2021-08-23,32.63101577758789,32.63101577758789,32.63101577758789,32.63101577758789,0
2021-08-24,33.18812942504883,33.18812942504883,33.18812942504883,33.18812942504883,100
2021-08-25,33.18812942504883,33.18812942504883,33.18812942504883,33.18812942504883,0
2021-08-26,33.18812942504883,33.18812942504883,33.18812942504883,33.18812942504883,0
2021-08-27,33.38710021972656,33.38710021972656,33.38710021972656,33.38710021972656,200
2021-08-30,33.38710021972656,33.38710021972656,33.38710021972656,33.38710021972656,0
2021-08-31,33.38710021972656,33.38710021972656,33.38710021972656,33.38710021972656,0
2021-09-01,33.38710021972656,33.38710021972656,33.38710021972656,33.38710021972656,0
2021-09-02,33.38710021972656,33.38710021972656,33.38710021972656,33.38710021972656,0
2021-09-03,33.38710021972656,33.38710021972656,33.38710021972656,33.38710021972656,0
2021-09-07,33.38710021972656,33.38710021972656,33.38710021972656,33.38710021972656,0
2021-09-08,34.27848434448242,34.27848434448242,34.27848434448242,34.27848434448242,100
2021-09-09,34.27848434448242,34.27848434448242,34.27848434448242,34.27848434448242,0
2021-09-10,34.27848434448242,34.27848434448242,34.27848434448242,34.27848434448242,0
2021-09-13,34.27848434448242,34.27848434448242,34.27848434448242,34.27848434448242,0
2021-09-14,34.27848434448242,34.27848434448242,34.27848434448242,34.27848434448242,0
2021-09-15,34.27848434448242,34.27848434448242,34.27848434448242,34.27848434448242,0
2021-09-16,34.27848434448242,34.27848434448242,34.27848434448242,34.27848434448242,0
2021-09-17,33.5860710144043,33.5860710144043,33.5860710144043,33.5860710144043,100
2021-09-20,33.5860710144043,33.5860710144043,33.5860710144043,33.5860710144043,0
2021-09-21,33.5860710144043,33.5860710144043,33.5860710144043,33.5860710144043,0
2021-09-22,33.5860710144043,33.5860710144043,33.5860710144043,33.5860710144043,0
2021-09-23,33.5860710144043,33.5860710144043,33.5860710144043,33.5860710144043,0
2021-09-24,33.5860710144043,33.5860710144043,33.5860710144043,33.5860710144043,0
2021-09-27,33.5860710144043,33.5860710144043,33.5860710144043,33.5860710144043,0
2021-09-28,33.5860710144043,33.5860710144043,33.5860710144043,33.5860710144043,0
2021-09-29,34.22277069091797,34.22277069091797,34.22277069091797,34.22277069091797,200
2021-09-30,34.22277069091797,34.22277069091797,34.22277069091797,34.22277069091797,0
2021-10-01,32.95732498168945,32.95732498168945,32.95732498168945,32.95732498168945,14300
2021-10-04,32.95732498168945,32.95732498168945,32.95732498168945,32.95732498168945,0
2021-10-05,32.95732498168945,32.95732498168945,32.95732498168945,32.95732498168945,0
2021-10-06,32.95732498168945,32.95732498168945,32.95732498168945,32.95732498168945,0
2021-10-07,32.79814910888672,32.79814910888672,32.79814910888672,32.79814910888672,200
2021-10-08,32.79814910888672,32.79814910888672,32.79814910888672,32.79814910888672,0
2021-10-11,32.79814910888672,32.79814910888672,32.79814910888672,32.79814910888672,0
2021-10-12,32.79814910888672,32.79814910888672,32.79814910888672,32.79814910888672,0
2021-10-13,31.198434829711914,31.42127981691281,31.198434829711914,31.42127981691281,200
2021-10-14,31.198434829711914,31.198434829711914,31.198434829711914,31.198434829711914,0
2021-10-15,31.198434829711914,31.198434829711914,31.198434829711914,31.198434829711914,0
2021-10-18,31.198434829711914,31.198434829711914,31.198434829711914,31.198434829711914,0
2021-10-19,31.198434829711914,31.198434829711914,31.198434829711914,31.198434829711914,0
2021-10-20,31.198434829711914,31.198434829711914,31.198434829711914,31.198434829711914,0
2021-10-21,31.198434829711914,31.198434829711914,31.198434829711914,31.198434829711914,0
2021-10-22,31.198434829711914,31.198434829711914,31.198434829711914,31.198434829711914,0
2021-10-25,31.198434829711914,31.198434829711914,31.198434829711914,31.198434829711914,0
2021-10-26,31.198434829711914,31.198434829711914,31.198434829711914,31.198434829711914,0
2021-10-27,31.198434829711914,31.198434829711914,31.198434829711914,31.198434829711914,1100
2021-10-28,31.198434829711914,31.198434829711914,31.198434829711914,31.198434829711914,0
2021-10-29,31.198434829711914,31.198434829711914,31.198434829711914,31.198434829711914,0
2021-11-01,32.61509704589844,32.61509704589844,32.61509704589844,32.61509704589844,14300
2021-11-02,32.61509704589844,32.61509704589844,32.61509704589844,32.61509704589844,0
2021-11-03,32.61509704589844,32.61509704589844,32.61509704589844,32.61509704589844,0
2021-11-04,32.61509704589844,32.61509704589844,32.61509704589844,32.61509704589844,0
2021-11-05,32.61509704589844,32.61509704589844,32.61509704589844,32.61509704589844,0
2021-11-08,31.2939395904541,31.43719795058007,31.2939395904541,31.43719795058007,400
2021-11-09,30.72090721130371,30.72090721130371,30.72090721130371,30.72090721130371,200
2021-11-10,30.72090721130371,30.72090721130371,30.72090721130371,30.72090721130371,0
2021-11-11,30.72090721130371,30.72090721130371,30.72090721130371,30.72090721130371,0
2021-11-12,29.71014404296875,29.71014404296875,29.71014404296875,29.71014404296875,200
2021-11-15,29.885234832763672,30.012575261798833,29.885234832763672,30.012575261798833,900
2021-11-16,29.885234832763672,29.885234832763672,29.885234832763672,29.885234832763672,0
2021-11-17,29.885234832763672,29.885234832763672,29.885234832763672,29.885234832763672,0
2021-11-18,29.885234832763672,29.885234832763672,29.885234832763672,29.885234832763672,0
2021-11-19,29.885234832763672,29.885234832763672,29.885234832763672,29.885234832763672,100
2021-11-22,29.885234832763672,29.885234832763672,29.885234832763672,29.885234832763672,0
2021-11-23,27.90349769592285,27.90349769592285,27.90349769592285,27.90349769592285,400
2021-11-24,27.90349769592285,27.90349769592285,27.90349769592285,27.90349769592285,0
2021-11-26,27.19516372680664,27.19516372680664,27.19516372680664,27.19516372680664,200
2021-11-29,27.19516372680664,27.19516372680664,27.19516372680664,27.19516372680664,0
2021-11-30,26.98027992248535,26.98027992248535,26.98027992248535,26.98027992248535,300
2021-12-01,26.98027992248535,26.98027992248535,26.98027992248535,26.98027992248535,0
2021-12-02,26.98027992248535,26.98027992248535,26.98027992248535,26.98027992248535,0
2021-12-03,26.98027992248535,26.98027992248535,26.98027992248535,26.98027992248535,0
2021-12-06,26.98027992248535,26.98027992248535,26.98027992248535,26.98027992248535,0
2021-12-07,26.98027992248535,26.98027992248535,26.98027992248535,26.98027992248535,0
2021-12-08,26.98027992248535,26.98027992248535,26.98027992248535,26.98027992248535,0
2021-12-09,26.98027992248535,26.98027992248535,26.98027992248535,26.98027992248535,0
2021-12-10,26.98027992248535,26.98027992248535,26.98027992248535,26.98027992248535,0
2021-12-13,26.98027992248535,26.98027992248535,26.98027992248535,26.98027992248535,0
2021-12-14,26.98027992248535,26.98027992248535,26.98027992248535,26.98027992248535,0
2021-12-15,26.757431030273438,26.757431030273438,26.757431030273438,26.757431030273438,100
2021-12-16,27.457807540893555,27.457807540893555,27.457807540893555,27.457807540893555,1000
2021-12-17,27.457807540893555,27.457807540893555,27.457807540893555,27.457807540893555,0
2021-12-20,27.457807540893555,27.457807540893555,27.457807540893555,27.457807540893555,0
2021-12-21,26.693763732910156,27.05986708839884,26.693763732910156,27.05986708839884,2300
2021-12-22,26.693763732910156,26.693763732910156,26.693763732910156,26.693763732910156,0
2021-12-23,27.656774520874023,27.656774520874023,27.656774520874023,27.656774520874023,1000
2021-12-27,27.290672302246094,27.290672302246094,27.290672302246094,27.290672302246094,100
2021-12-28,27.290672302246094,27.290672302246094,27.290672302246094,27.290672302246094,0
2021-12-29,28.01491928100586,28.01491928100586,27.983083417500858,27.983083417500858,2000
2021-12-30,28.36510467529297,28.36510467529297,28.36510467529297,28.36510467529297,200
2021-12-31,28.36510467529297,28.36510467529297,28.36510467529297,28.36510467529297,0
2022-01-03,28.36510467529297,28.36510467529297,28.36510467529297,28.36510467529297,0
2022-01-04,29.129150390625,29.129150390625,29.129150390625,29.129150390625,100
2022-01-05,29.129150390625,29.129150390625,29.129150390625,29.129150390625,0
2022-01-06,28.962017059326172,28.962017059326172,28.771007926562287,28.771007926562287,2200
2022-01-07,28.962017059326172,28.962017059326172,28.962017059326172,28.962017059326172,7000
2022-01-10,28.8505916595459,28.8505916595459,28.8505916595459,28.8505916595459,2000
2022-01-11,28.8505916595459,28.8505916595459,28.8505916595459,28.8505916595459,0
2022-01-12,28.8505916595459,28.8505916595459,28.8505916595459,28.8505916595459,0
2022-01-13,28.8505916595459,28.8505916595459,28.8505916595459,28.8505916595459,0
2022-01-14,28.8505916595459,28.8505916595459,28.8505916595459,28.8505916595459,0
2022-01-18,28.8505916595459,28.8505916595459,28.8505916595459,28.8505916595459,0
2022-01-19,28.8505916595459,28.8505916595459,28.8505916595459,28.8505916595459,0
2022-01-20,28.8505916595459,28.8505916595459,28.8505916595459,28.8505916595459,0
2022-01-21,28.8505916595459,28.8505916595459,28.8505916595459,28.8505916595459,0
2022-01-24,28.8505916595459,28.8505916595459,28.8505916595459,28.8505916595459,0
2022-01-25,28.8505916595459,28.8505916595459,28.8505916595459,28.8505916595459,0
2022-01-26,28.213891983032227,28.213891983032227,28.213891983032227,28.213891983032227,100
2022-01-27,28.213891983032227,28.213891983032227,28.213891983032227,28.213891983032227,0
2022-01-28,28.213891983032227,28.213891983032227,28.213891983032227,28.213891983032227,0
2022-01-31,28.213891983032227,28.213891983032227,28.213891983032227,28.213891983032227,0
2022-02-01,28.229808807373047,28.229808807373047,28.229808807373047,28.229808807373047,33600
2022-02-02,28.229808807373047,28.229808807373047,28.229808807373047,28.229808807373047,0
2022-02-03,28.229808807373047,28.229808807373047,28.229808807373047,28.229808807373047,0
2022-02-04,28.229808807373047,28.229808807373047,28.229808807373047,28.229808807373047,0
2022-02-07,28.229808807373047,28.229808807373047,28.229808807373047,28.229808807373047,0
2022-02-08,28.229808807373047,28.229808807373047,28.229808807373047,28.229808807373047,0
2022-02-09,28.229808807373047,28.229808807373047,28.229808807373047,28.229808807373047,0
2022-02-10,28.229808807373047,28.229808807373047,28.229808807373047,28.229808807373047,0
2022-02-11,28.229808807373047,28.229808807373047,28.229808807373047,28.229808807373047,0
2022-02-14,28.229808807373047,28.229808807373047,28.229808807373047,28.229808807373047,0
2022-02-15,29.797685623168945,29.797685623168945,29.797685623168945,29.797685623168945,39000
2022-02-16,29.797685623168945,29.797685623168945,29.797685623168945,29.797685623168945,100
2022-02-17,29.797685623168945,29.797685623168945,29.797685623168945,29.797685623168945,0
2022-02-18,29.797685623168945,29.797685623168945,29.797685623168945,29.797685623168945,0
2022-02-22,29.797685623168945,29.797685623168945,29.797685623168945,29.797685623168945,0
2022-02-23,29.797685623168945,29.797685623168945,29.797685623168945,29.797685623168945,0
2022-02-24,28.030839920043945,28.030839920043945,28.030839920043945,28.030839920043945,600
2022-02-25,28.030839920043945,28.030839920043945,28.030839920043945,28.030839920043945,0
2022-02-28,28.030839920043945,28.030839920043945,28.030839920043945,28.030839920043945,0
2022-03-01,28.030839920043945,28.030839920043945,28.030839920043945,28.030839920043945,0
2022-03-02,28.030839920043945,28.030839920043945,28.030839920043945,28.030839920043945,0
2022-03-03,28.030839920043945,28.030839920043945,28.030839920043945,28.030839920043945,0
2022-03-04,28.030839920043945,28.030839920043945,28.030839920043945,28.030839920043945,0
2022-03-07,25.4760684967041,25.83421441552168,25.4760684967041,25.83421441552168,300
2022-03-08,25.4760684967041,25.4760684967041,25.4760684967041,25.4760684967041,0
2022-03-09,25.4760684967041,25.4760684967041,25.4760684967041,25.4760684967041,400
2022-03-10,27.57718849182129,27.577188491821286,27.577188491821286,27.577188491821286,100
2022-03-11,27.57718849182129,27.577188491821286,27.577188491821286,27.577188491821286,0
2022-03-14,27.57718849182129,27.577188491821286,27.577188491821286,27.577188491821286,0
2022-03-15,27.57718849182129,27.577188491821286,27.577188491821286,27.577188491821286,0
2022-03-16,27.57718849182129,27.577188491821286,27.577188491821286,27.577188491821286,3100
2022-03-17,27.57718849182129,27.577188491821286,27.577188491821286,27.577188491821286,0
2022-03-18,27.86370086669922,27.86370086669922,27.86370086669922,27.86370086669922,100
2022-03-21,27.86370086669922,27.86370086669922,27.86370086669922,27.86370086669922,0
2022-03-22,27.86370086669922,27.86370086669922,27.86370086669922,27.86370086669922,200
2022-03-23,27.86370086669922,27.86370086669922,27.86370086669922,27.86370086669922,0
2022-03-24,27.86370086669922,27.86370086669922,27.86370086669922,27.86370086669922,0
2022-03-25,27.86370086669922,27.86370086669922,27.86370086669922,27.86370086669922,0
2022-03-28,27.86370086669922,27.86370086669922,27.86370086669922,27.86370086669922,0
2022-03-29,27.86370086669922,27.86370086669922,27.86370086669922,27.86370086669922,0
2022-03-30,27.86370086669922,27.86370086669922,27.86370086669922,27.86370086669922,0
2022-03-31,27.86370086669922,27.86370086669922,27.86370086669922,27.86370086669922,0
2022-04-01,27.86370086669922,27.86370086669922,27.86370086669922,27.86370086669922,0
2022-04-04,27.86370086669922,27.86370086669922,27.86370086669922,27.86370086669922,0
2022-04-05,27.86370086669922,27.86370086669922,27.86370086669922,27.86370086669922,0
2022-04-06,27.86370086669922,27.86370086669922,27.86370086669922,27.86370086669922,0
2022-04-07,27.86370086669922,27.86370086669922,27.86370086669922,27.86370086669922,0
2022-04-08,27.86370086669922,27.86370086669922,27.86370086669922,27.86370086669922,0
2022-04-11,27.86370086669922,27.86370086669922,27.86370086669922,27.86370086669922,0
2022-04-12,27.86370086669922,27.86370086669922,27.86370086669922,27.86370086669922,0
2022-04-13,27.86370086669922,27.86370086669922,27.86370086669922,27.86370086669922,0
2022-04-14,27.86370086669922,27.86370086669922,27.86370086669922,27.86370086669922,0
2022-04-18,26.3992862701416,26.3992862701416,26.3992862701416,26.3992862701416,100
2022-04-19,26.90069007873535,26.90069007873535,26.90069007873535,26.90069007873535,100
2022-04-20,26.90069007873535,26.90069007873535,26.90069007873535,26.90069007873535,0
2022-04-21,26.90069007873535,26.90069007873535,26.90069007873535,26.90069007873535,0
2022-04-22,26.90069007873535,26.90069007873535,26.90069007873535,26.90069007873535,0
2022-04-25,26.90069007873535,26.90069007873535,26.90069007873535,26.90069007873535,0
2022-04-26,28.341230392456055,28.341230392456055,28.341230392456055,28.341230392456055,200
2022-04-27,27.792072296142578,27.792072296142578,27.792072296142578,27.792072296142578,100
2022-04-28,27.56127166748047,27.56127166748047,27.56127166748047,27.56127166748047,200
2022-04-29,27.56127166748047,27.56127166748047,27.56127166748047,27.56127166748047,0
2022-05-02,27.56127166748047,27.56127166748047,27.56127166748047,27.56127166748047,0
2022-05-03,27.958633422851562,27.958633422851562,27.958633422851562,27.958633422851562,1500
2022-05-04,27.958633422851562,27.958633422851562,27.958633422851562,27.958633422851562,0
2022-05-05,27.958633422851562,27.958633422851562,27.958633422851562,27.958633422851562,0
2022-05-06,27.116758346557617,27.116758346557617,27.116758346557617,27.116758346557617,1500
2022-05-09,27.116758346557617,27.116758346557617,27.116758346557617,27.116758346557617,0
2022-05-10,27.116758346557617,27.116758346557617,27.116758346557617,27.116758346557617,0
2022-05-11,27.76500129699707,27.76500129699707,27.76500129699707,27.76500129699707,1100
2022-05-12,27.76500129699707,27.76500129699707,27.76500129699707,27.76500129699707,0
2022-05-13,27.78183937072754,27.78183937072754,27.571370890646268,27.571370890646268,1400
2022-05-16,27.78183937072754,27.78183937072754,27.78183937072754,27.78183937072754,0
2022-05-17,27.78183937072754,27.78183937072754,27.78183937072754,27.78183937072754,0
2022-05-18,27.78183937072754,27.78183937072754,27.78183937072754,27.78183937072754,0
2022-05-19,27.78183937072754,27.78183937072754,27.78183937072754,27.78183937072754,0
2022-05-20,27.78183937072754,27.78183937072754,27.78183937072754,27.78183937072754,0
2022-05-23,27.78183937072754,27.78183937072754,27.78183937072754,27.78183937072754,0
2022-05-24,27.78183937072754,27.78183937072754,27.78183937072754,27.78183937072754,0
2022-05-25,29.457170486450195,29.457170486450195,29.457170486450195,29.457170486450195,100
2022-05-26,29.457170486450195,29.457170486450195,29.457170486450195,29.457170486450195,0
2022-05-27,29.457170486450195,29.457170486450195,29.457170486450195,29.457170486450195,0
2022-05-31,29.457170486450195,29.457170486450195,29.457170486450195,29.457170486450195,0
2022-06-01,29.457170486450195,29.457170486450195,29.457170486450195,29.457170486450195,0
2022-06-02,29.25511932373047,29.25511932373047,29.25511932373047,29.25511932373047,200
2022-06-03,29.25511932373047,29.25511932373047,29.25511932373047,29.25511932373047,0
2022-06-06,29.25511932373047,29.25511932373047,29.25511932373047,29.25511932373047,0
2022-06-07,29.25511932373047,29.25511932373047,29.25511932373047,29.25511932373047,0
2022-06-08,29.25511932373047,29.25511932373047,29.25511932373047,29.25511932373047,0
2022-06-09,29.25511932373047,29.25511932373047,29.25511932373047,29.25511932373047,0
2022-06-10,29.25511932373047,29.25511932373047,29.25511932373047,29.25511932373047,0
2022-06-13,29.25511932373047,29.25511932373047,29.25511932373047,29.25511932373047,0
2022-06-14,26.51902961730957,26.51902961730957,26.51902961730957,26.51902961730957,100
2022-06-15,26.51902961730957,26.51902961730957,26.51902961730957,26.51902961730957,400
2022-06-16,26.51902961730957,26.51902961730957,26.51902961730957,26.51902961730957,0
2022-06-17,26.51902961730957,26.51902961730957,26.51902961730957,26.51902961730957,0
2022-06-21,26.51902961730957,26.51902961730957,26.51902961730957,26.51902961730957,0
2022-06-22,26.51902961730957,26.51902961730957,26.51902961730957,26.51902961730957,0
2022-06-23,26.51902961730957,26.51902961730957,26.51902961730957,26.51902961730957,0
2022-06-24,26.51902961730957,26.51902961730957,26.51902961730957,26.51902961730957,0
2022-06-27,26.51902961730957,26.51902961730957,26.51902961730957,26.51902961730957,0
2022-06-28,26.51902961730957,26.51902961730957,26.51902961730957,26.51902961730957,0
2022-06-29,27.402996063232422,27.402996063232422,27.402996063232422,27.402996063232422,200
2022-06-30,24.894210815429688,24.894210815429688,24.894210815429688,24.894210815429688,300
2022-07-01,24.894210815429688,24.894210815429688,24.894210815429688,24.894210815429688,0
2022-07-05,24.894210815429688,24.894210815429688,24.894210815429688,24.894210815429688,0
2022-07-06,24.894210815429688,24.894210815429688,24.894210815429688,24.894210815429688,0
2022-07-07,24.894210815429688,24.894210815429688,24.894210815429688,24.894210815429688,0
2022-07-08,24.498531341552734,24.498531341552734,24.498531341552734,24.498531341552734,100
2022-07-11,24.498531341552734,24.498531341552734,24.498531341552734,24.498531341552734,0
2022-07-12,24.498531341552734,24.498531341552734,24.498531341552734,24.498531341552734,0
2022-07-13,24.498531341552734,24.498531341552734,24.498531341552734,24.498531341552734,2200
2022-07-14,24.498531341552734,24.498531341552734,24.498531341552734,24.498531341552734,0
2022-07-15,24.498531341552734,24.498531341552734,24.498531341552734,24.498531341552734,0
2022-07-18,24.498531341552734,24.498531341552734,24.498531341552734,24.498531341552734,0
2022-07-19,24.498531341552734,24.498531341552734,24.498531341552734,24.498531341552734,0
2022-07-20,24.498531341552734,24.498531341552734,24.498531341552734,24.498531341552734,0
2022-07-21,24.498531341552734,24.498531341552734,24.498531341552734,24.498531341552734,0
2022-07-22,24.498531341552734,24.498531341552734,24.498531341552734,24.498531341552734,2300
2022-07-25,24.498531341552734,24.498531341552734,24.498531341552734,24.498531341552734,300
2022-07-26,24.498531341552734,24.498531341552734,24.498531341552734,24.498531341552734,0
2022-07-27,24.498531341552734,24.498531341552734,24.498531341552734,24.498531341552734,0
2022-07-28,24.498531341552734,24.498531341552734,24.498531341552734,24.498531341552734,0
2022-07-29,24.498531341552734,24.498531341552734,24.498531341552734,24.498531341552734,0
2022-08-01,24.498531341552734,24.498531341552734,24.498531341552734,24.498531341552734,0
2022-08-02,24.498531341552734,24.498531341552734,24.498531341552734,24.498531341552734,0
2022-08-03,24.498531341552734,24.498531341552734,24.498531341552734,24.498531341552734,0
2022-08-04,24.498531341552734,24.498531341552734,24.498531341552734,24.498531341552734,0
2022-08-05,24.78476905822754,24.78476905822754,24.78476905822754,24.78476905822754,200
2022-08-08,24.78476905822754,24.78476905822754,24.78476905822754,24.78476905822754,0
2022-08-09,24.78476905822754,24.78476905822754,24.78476905822754,24.78476905822754,0
2022-08-10,24.78476905822754,24.78476905822754,24.78476905822754,24.78476905822754,100
2022-08-11,24.78476905822754,24.78476905822754,24.78476905822754,24.78476905822754,0
2022-08-12,24.78476905822754,24.78476905822754,24.78476905822754,24.78476905822754,0
2022-08-15,24.78476905822754,24.78476905822754,24.78476905822754,24.78476905822754,0
2022-08-16,24.78476905822754,24.78476905822754,24.78476905822754,24.78476905822754,0
2022-08-17,24.78476905822754,24.78476905822754,24.78476905822754,24.78476905822754,0
2022-08-18,24.78476905822754,24.78476905822754,24.78476905822754,24.78476905822754,0
2022-08-19,24.78476905822754,24.78476905822754,24.78476905822754,24.78476905822754,0
2022-08-22,24.78476905822754,24.78476905822754,24.78476905822754,24.78476905822754,0
2022-08-23,24.78476905822754,24.78476905822754,24.78476905822754,24.78476905822754,0
2022-08-24,24.78476905822754,24.78476905822754,24.78476905822754,24.78476905822754,0
2022-08-25,24.78476905822754,24.78476905822754,24.78476905822754,24.78476905822754,0
2022-08-26,24.78476905822754,24.78476905822754,24.78476905822754,24.78476905822754,0
2022-08-29,24.78476905822754,24.78476905822754,24.78476905822754,24.78476905822754,3900
2022-08-30,24.78476905822754,24.78476905822754,24.78476905822754,24.78476905822754,800
2022-08-31,24.78476905822754,24.78476905822754,24.78476905822754,24.78476905822754,0
2022-09-01,24.78476905822754,24.78476905822754,24.78476905822754,24.78476905822754,0
2022-09-02,24.78476905822754,24.78476905822754,24.78476905822754,24.78476905822754,0
2022-09-06,24.78476905822754,24.78476905822754,24.78476905822754,24.78476905822754,0
2022-09-07,24.78476905822754,24.78476905822754,24.78476905822754,24.78476905822754,0
2022-09-08,24.78476905822754,24.78476905822754,24.78476905822754,24.78476905822754,0
2022-09-09,24.78476905822754,24.78476905822754,24.78476905822754,24.78476905822754,0
2022-09-12,24.78476905822754,24.78476905822754,24.78476905822754,24.78476905822754,300
2022-09-13,24.78476905822754,24.78476905822754,24.78476905822754,24.78476905822754,0
2022-09-14,24.78476905822754,24.78476905822754,24.78476905822754,24.78476905822754,0
2022-09-15,24.78476905822754,24.78476905822754,24.78476905822754,24.78476905822754,0
2022-09-16,24.78476905822754,24.78476905822754,24.78476905822754,24.78476905822754,0
2022-09-19,24.78476905822754,24.78476905822754,24.78476905822754,24.78476905822754,0
2022-09-20,24.78476905822754,24.78476905822754,24.78476905822754,24.78476905822754,0
2022-09-21,24.78476905822754,24.78476905822754,24.78476905822754,24.78476905822754,0
2022-09-22,24.78476905822754,24.78476905822754,24.78476905822754,24.78476905822754,0
2022-09-23,24.78476905822754,24.78476905822754,24.78476905822754,24.78476905822754,0
2022-09-26,24.78476905822754,24.78476905822754,24.78476905822754,24.78476905822754,0
2022-09-27,24.78476905822754,24.78476905822754,24.78476905822754,24.78476905822754,0
2022-09-28,21.055267333984375,21.055267333984375,21.055267333984375,21.055267333984375,200
2022-09-29,21.055267333984375,21.055267333984375,21.055267333984375,21.055267333984375,0
2022-09-30,21.055267333984375,21.055267333984375,21.055267333984375,21.055267333984375,0
2022-10-03,21.055267333984375,21.055267333984375,21.055267333984375,21.055267333984375,0
2022-10-04,21.055267333984375,21.055267333984375,21.055267333984375,21.055267333984375,0
2022-10-05,21.055267333984375,21.055267333984375,21.055267333984375,21.055267333984375,0
2022-10-06,21.055267333984375,21.055267333984375,21.055267333984375,21.055267333984375,0
2022-10-07,21.055267333984375,21.055267333984375,21.055267333984375,21.055267333984375,0
2022-10-10,21.055267333984375,21.055267333984375,21.055267333984375,21.055267333984375,300
2022-10-11,21.055267333984375,21.055267333984375,21.055267333984375,21.055267333984375,0
2022-10-12,21.055267333984375,21.055267333984375,21.055267333984375,21.055267333984375,1300
2022-10-13,21.055267333984375,21.055267333984375,21.055267333984375,21.055267333984375,100
2022-10-14,21.055267333984375,21.055267333984375,21.055267333984375,21.055267333984375,600
2022-10-17,21.055267333984375,21.055267333984375,21.055267333984375,21.055267333984375,0
2022-10-18,21.055267333984375,21.055267333984375,21.055267333984375,21.055267333984375,300
2022-10-19,21.055267333984375,21.055267333984375,21.055267333984375,21.055267333984375,0
2022-10-20,21.055267333984375,21.055267333984375,21.055267333984375,21.055267333984375,0
2022-10-21,22.43593978881836,22.43593978881836,22.43593978881836,22.43593978881836,400
2022-10-24,22.43593978881836,22.43593978881836,22.43593978881836,22.43593978881836,0
2022-10-25,22.43593978881836,22.43593978881836,22.43593978881836,22.43593978881836,0
2022-10-26,22.43593978881836,22.43593978881836,22.43593978881836,22.43593978881836,0
2022-10-27,22.43593978881836,22.43593978881836,22.43593978881836,22.43593978881836,0
2022-10-28,22.43593978881836,22.43593978881836,22.43593978881836,22.43593978881836,0
2022-10-31,22.43593978881836,22.43593978881836,22.43593978881836,22.43593978881836,0
2022-11-01,22.43593978881836,22.43593978881836,22.43593978881836,22.43593978881836,0
2022-11-02,24.203876495361328,24.203876495361328,24.203876495361328,24.203876495361328,200
2022-11-03,24.203876495361328,24.203876495361328,24.203876495361328,24.203876495361328,0
2022-11-04,24.203876495361328,24.203876495361328,24.203876495361328,24.203876495361328,0
2022-11-07,24.203876495361328,24.203876495361328,24.203876495361328,24.203876495361328,0
2022-11-08,24.203876495361328,24.203876495361328,24.203876495361328,24.203876495361328,0
2022-11-09,24.203876495361328,24.203876495361328,24.203876495361328,24.203876495361328,0
2022-11-10,24.203876495361328,24.203876495361328,24.203876495361328,24.203876495361328,0
2022-11-11,24.203876495361328,24.203876495361328,24.203876495361328,24.203876495361328,100
2022-11-14,24.203876495361328,24.203876495361328,24.203876495361328,24.203876495361328,0
2022-11-15,25.744504928588867,25.744504928588867,25.744504928588867,25.744504928588867,200
2022-11-16,25.744504928588867,25.744504928588867,25.744504928588867,25.744504928588867,0
2022-11-17,25.744504928588867,25.744504928588867,25.744504928588867,25.744504928588867,0
2022-11-18,25.744504928588867,25.744504928588867,25.744504928588867,25.744504928588867,0
2022-11-21,25.744504928588867,25.744504928588867,25.744504928588867,25.744504928588867,100
2022-11-22,25.744504928588867,25.744504928588867,25.744504928588867,25.744504928588867,100
2022-11-23,25.744504928588867,25.744504928588867,25.744504928588867,25.744504928588867,0
2022-11-25,25.744504928588867,25.744504928588867,25.744504928588867,25.744504928588867,0
2022-11-28,25.744504928588867,25.744504928588867,25.744504928588867,25.744504928588867,0
2022-11-29,25.744504928588867,25.744504928588867,25.744504928588867,25.744504928588867,0
2022-11-30,25.744504928588867,25.744504928588867,25.744504928588867,25.744504928588867,0
2022-12-01,25.744504928588867,25.744504928588867,25.744504928588867,25.744504928588867,0
2022-12-02,25.744504928588867,25.744504928588867,25.744504928588867,25.744504928588867,0
2022-12-05,25.744504928588867,25.744504928588867,25.744504928588867,25.744504928588867,0
2022-12-06,25.744504928588867,25.744504928588867,25.744504928588867,25.744504928588867,0
2022-12-07,25.744504928588867,25.744504928588867,25.744504928588867,25.744504928588867,0
2022-12-08,25.744504928588867,25.744504928588867,25.744504928588867,25.744504928588867,0
2022-12-09,25.744504928588867,25.744504928588867,25.744504928588867,25.744504928588867,0
2022-12-12,25.744504928588867,25.744504928588867,25.744504928588867,25.744504928588867,0
2022-12-13,25.744504928588867,25.744504928588867,25.744504928588867,25.744504928588867,0
2022-12-14,25.744504928588867,25.744504928588867,25.744504928588867,25.744504928588867,0
2022-12-15,25.744504928588867,25.744504928588867,25.744504928588867,25.744504928588867,500
2022-12-16,25.744504928588867,25.744504928588867,25.744504928588867,25.744504928588867,0
2022-12-19,25.744504928588867,25.744504928588867,25.744504928588867,25.744504928588867,0
2022-12-20,25.744504928588867,25.744504928588867,25.744504928588867,25.744504928588867,0
2022-12-21,25.744504928588867,25.744504928588867,25.744504928588867,25.744504928588867,0
2022-12-22,24.540624618530273,24.540624618530273,24.540624618530273,24.540624618530273,400
2022-12-23,24.540624618530273,24.540624618530273,24.540624618530273,24.540624618530273,0
2022-12-27,24.767932891845703,24.767932891845703,24.767932891845703,24.767932891845703,100
2022-12-28,24.767932891845703,24.767932891845703,24.767932891845703,24.767932891845703,0
2022-12-29,24.767932891845703,24.767932891845703,24.767932891845703,24.767932891845703,0
2022-12-30,24.767932891845703,24.767932891845703,24.767932891845703,24.767932891845703,0
2023-01-03,24.767932891845703,24.767932891845703,24.767932891845703,24.767932891845703,0
2023-01-04,25.837112426757812,25.837112426757812,25.837112426757812,25.837112426757812,400
2023-01-05,25.837112426757812,25.837112426757812,25.837112426757812,25.837112426757812,0
2023-01-06,25.837112426757812,25.837112426757812,25.837112426757812,25.837112426757812,0
2023-01-09,25.837112426757812,25.837112426757812,25.837112426757812,25.837112426757812,0
2023-01-10,25.837112426757812,25.837112426757812,25.837112426757812,25.837112426757812,0
2023-01-11,25.837112426757812,25.837112426757812,25.837112426757812,25.837112426757812,0
2023-01-12,25.837112426757812,25.837112426757812,25.837112426757812,25.837112426757812,0
2023-01-13,25.837112426757812,25.837112426757812,25.837112426757812,25.837112426757812,0
2023-01-17,25.837112426757812,25.837112426757812,25.837112426757812,25.837112426757812,0
2023-01-18,25.837112426757812,25.837112426757812,25.837112426757812,25.837112426757812,0
2023-01-19,25.837112426757812,25.837112426757812,25.837112426757812,25.837112426757812,0
2023-01-20,25.837112426757812,25.837112426757812,25.837112426757812,25.837112426757812,0
2023-01-23,25.837112426757812,25.837112426757812,25.837112426757812,25.837112426757812,0
2023-01-24,25.837112426757812,25.837112426757812,25.837112426757812,25.837112426757812,800
2023-01-25,25.837112426757812,25.837112426757812,25.837112426757812,25.837112426757812,0
2023-01-26,25.837112426757812,25.837112426757812,25.837112426757812,25.837112426757812,0
2023-01-27,25.837112426757812,25.837112426757812,25.837112426757812,25.837112426757812,0
2023-01-30,25.837112426757812,25.837112426757812,25.837112426757812,25.837112426757812,1500
2023-01-31,25.837112426757812,25.837112426757812,25.837112426757812,25.837112426757812,0
2023-02-01,25.837112426757812,25.837112426757812,25.837112426757812,25.837112426757812,0
2023-02-02,25.837112426757812,25.837112426757812,25.837112426757812,25.837112426757812,0
2023-02-03,25.837112426757812,25.837112426757812,25.837112426757812,25.837112426757812,0
2023-02-06,25.837112426757812,25.837112426757812,25.837112426757812,25.837112426757812,0
2023-02-07,25.837112426757812,25.837112426757812,25.837112426757812,25.837112426757812,0
2023-02-08,25.837112426757812,25.837112426757812,25.837112426757812,25.837112426757812,0
2023-02-09,25.837112426757812,25.837112426757812,25.837112426757812,25.837112426757812,0
2023-02-10,25.837112426757812,25.837112426757812,25.837112426757812,25.837112426757812,0
2023-02-13,25.837112426757812,25.837112426757812,25.837112426757812,25.837112426757812,0
2023-02-14,25.837112426757812,25.837112426757812,25.837112426757812,25.837112426757812,0
2023-02-15,25.837112426757812,25.837112426757812,25.837112426757812,25.837112426757812,0
2023-02-16,25.837112426757812,25.837112426757812,25.837112426757812,25.837112426757812,0
2023-02-17,25.837112426757812,25.837112426757812,25.837112426757812,25.837112426757812,0
2023-02-21,25.837112426757812,25.837112426757812,25.837112426757812,25.837112426757812,0
2023-02-22,25.837112426757812,25.837112426757812,25.837112426757812,25.837112426757812,0
2023-02-23,25.837112426757812,25.837112426757812,25.837112426757812,25.837112426757812,0
2023-02-24,25.837112426757812,25.837112426757812,25.837112426757812,25.837112426757812,0
2023-02-27,25.837112426757812,25.837112426757812,25.837112426757812,25.837112426757812,0
2023-02-28,25.837112426757812,25.837112426757812,25.837112426757812,25.837112426757812,0
2023-03-01,29.271957397460938,29.271957397460934,29.271957397460934,29.271957397460934,200
2023-03-02,29.271957397460938,29.271957397460934,29.271957397460934,29.271957397460934,0
2023-03-03,29.271957397460938,29.271957397460934,29.271957397460934,29.271957397460934,0
2023-03-06,29.036231994628906,29.036231994628906,29.036231994628906,29.036231994628906,200
2023-03-07,29.036231994628906,29.036231994628906,29.036231994628906,29.036231994628906,0
2023-03-08,29.162511825561523,29.162511825561523,29.162511825561523,29.162511825561523,2300
2023-03-09,28.926790237426758,28.926790237426758,28.926790237426758,28.926790237426758,100
2023-03-10,28.926790237426758,28.926790237426758,28.926790237426758,28.926790237426758,0
2023-03-13,28.926790237426758,28.926790237426758,28.926790237426758,28.926790237426758,0
2023-03-14,28.926790237426758,28.926790237426758,28.926790237426758,28.926790237426758,0
2023-03-15,27.402996063232422,27.402996063232422,27.402996063232422,27.402996063232422,1700
2023-03-16,27.402996063232422,27.402996063232422,27.402996063232422,27.402996063232422,0
2023-03-17,27.402996063232422,27.402996063232422,27.402996063232422,27.402996063232422,0
2023-03-20,27.402996063232422,27.402996063232422,27.402996063232422,27.402996063232422,0
2023-03-21,29.044652938842773,29.044652938842773,29.044652938842773,29.044652938842773,600
2023-03-22,29.044652938842773,29.044652938842773,29.044652938842773,29.044652938842773,500
2023-03-23,29.044652938842773,29.044652938842773,29.044652938842773,29.044652938842773,0
2023-03-24,29.044652938842773,29.044652938842773,29.044652938842773,29.044652938842773,800
2023-03-27,29.044652938842773,29.044652938842773,29.044652938842773,29.044652938842773,0
2023-03-28,29.044652938842773,29.044652938842773,29.044652938842773,29.044652938842773,0
2023-03-29,29.044652938842773,29.044652938842773,29.044652938842773,29.044652938842773,0
2023-03-30,29.044652938842773,29.044652938842773,29.044652938842773,29.044652938842773,0
2023-03-31,28.69948387145996,28.69948387145996,28.69948387145996,28.69948387145996,200
2023-04-03,28.69948387145996,28.69948387145996,28.69948387145996,28.69948387145996,0
2023-04-04,28.69948387145996,28.69948387145996,28.69948387145996,28.69948387145996,0
2023-04-05,28.615297317504883,28.615297317504883,28.615297317504883,28.615297317504883,900
2023-04-06,28.615297317504883,28.615297317504883,28.615297317504883,28.615297317504883,0
2023-04-10,28.615297317504883,28.615297317504883,28.615297317504883,28.615297317504883,0
2023-04-11,28.615297317504883,28.615297317504883,28.615297317504883,28.615297317504883,800
2023-04-12,28.615297317504883,28.615297317504883,28.615297317504883,28.615297317504883,0
2023-04-13,28.615297317504883,28.615297317504883,28.615297317504883,28.615297317504883,0
2023-04-14,28.615297317504883,28.615297317504883,28.615297317504883,28.615297317504883,0
2023-04-17,28.615297317504883,28.615297317504883,28.615297317504883,28.615297317504883,0
2023-04-18,28.615297317504883,28.615297317504883,28.615297317504883,28.615297317504883,0
2023-04-19,28.615297317504883,28.615297317504883,28.615297317504883,28.615297317504883,0
2023-04-20,28.615297317504883,28.615297317504883,28.615297317504883,28.615297317504883,0
2023-04-21,28.615297317504883,28.615297317504883,28.615297317504883,28.615297317504883,0
2023-04-24,28.615297317504883,28.615297317504883,28.615297317504883,28.615297317504883,0
2023-04-25,28.615297317504883,28.615297317504883,28.615297317504883,28.615297317504883,0
2023-04-26,28.615297317504883,28.615297317504883,28.615297317504883,28.615297317504883,0
2023-04-27,28.615297317504883,28.615297317504883,28.615297317504883,28.615297317504883,0
2023-04-28,28.615297317504883,28.615297317504883,28.615297317504883,28.615297317504883,0
2023-05-01,30.560022354125977,30.560022354125977,30.560022354125977,30.560022354125977,200
2023-05-02,30.560022354125977,30.560022354125977,30.560022354125977,30.560022354125977,0
2023-05-03,31.745241165161133,31.745241165161133,31.745241165161133,31.745241165161133,100
2023-05-04,31.745241165161133,31.745241165161133,31.745241165161133,31.745241165161133,0
2023-05-05,31.745241165161133,31.745241165161133,31.745241165161133,31.745241165161133,0
2023-05-08,31.602767944335938,31.60276794433594,31.60276794433594,31.60276794433594,900
2023-05-09,31.602767944335938,31.60276794433594,31.60276794433594,31.60276794433594,0
2023-05-10,31.602767944335938,31.60276794433594,31.60276794433594,31.60276794433594,0
2023-05-11,31.602767944335938,31.60276794433594,31.60276794433594,31.60276794433594,0
2023-05-12,31.602767944335938,31.60276794433594,31.60276794433594,31.60276794433594,0
2023-05-15,30.854768753051758,30.854768753051758,30.721196972682804,30.721196972682804,700
2023-05-16,30.854768753051758,30.854768753051758,30.854768753051758,30.854768753051758,0
2023-05-17,30.854768753051758,30.854768753051758,30.854768753051758,30.854768753051758,0
2023-05-18,30.854768753051758,30.854768753051758,30.854768753051758,30.854768753051758,0
2023-05-19,30.854768753051758,30.854768753051758,30.854768753051758,30.854768753051758,0
2023-05-22,30.854768753051758,30.854768753051758,30.854768753051758,30.854768753051758,2400
2023-05-23,29.26082992553711,29.26082992553711,29.26082992553711,29.26082992553711,200
2023-05-24,29.26082992553711,29.26082992553711,29.26082992553711,29.26082992553711,0
2023-05-25,29.26082992553711,29.26082992553711,29.26082992553711,29.26082992553711,0
2023-05-26,29.26082992553711,29.26082992553711,29.26082992553711,29.26082992553711,0
2023-05-30,29.26082992553711,29.26082992553711,29.26082992553711,29.26082992553711,0
2023-05-31,29.26082992553711,29.26082992553711,29.26082992553711,29.26082992553711,0
2023-06-01,29.26082992553711,29.26082992553711,29.26082992553711,29.26082992553711,0
2023-06-02,29.26082992553711,29.26082992553711,29.26082992553711,29.26082992553711,0
2023-06-05,29.26082992553711,29.26082992553711,29.26082992553711,29.26082992553711,0
2023-06-06,29.26082992553711,29.26082992553711,29.26082992553711,29.26082992553711,0
2023-06-07,29.26082992553711,29.26082992553711,29.26082992553711,29.26082992553711,0
2023-06-08,29.26082992553711,29.26082992553711,29.26082992553711,29.26082992553711,0
2023-06-09,29.26082992553711,29.26082992553711,29.26082992553711,29.26082992553711,0
2023-06-12,29.26082992553711,29.26082992553711,29.26082992553711,29.26082992553711,0
2023-06-13,29.26082992553711,29.26082992553711,29.26082992553711,29.26082992553711,0
2023-06-14,29.26082992553711,29.26082992553711,29.26082992553711,29.26082992553711,0
2023-06-15,29.385494232177734,29.385494232177734,29.385494232177734,29.385494232177734,100
2023-06-16,29.385494232177734,29.385494232177734,29.385494232177734,29.385494232177734,0
2023-06-20,29.385494232177734,29.385494232177734,29.385494232177734,29.385494232177734,0
2023-06-21,29.385494232177734,29.385494232177734,29.385494232177734,29.385494232177734,0
2023-06-22,29.385494232177734,29.385494232177734,29.385494232177734,29.385494232177734,0
2023-06-23,29.385494232177734,29.385494232177734,29.385494232177734,29.385494232177734,0
2023-06-26,29.385494232177734,29.385494232177734,29.385494232177734,29.385494232177734,0
2023-06-27,29.385494232177734,29.385494232177734,29.385494232177734,29.385494232177734,0
2023-06-28,29.385494232177734,29.385494232177734,29.385494232177734,29.385494232177734,0
2023-06-29,29.385494232177734,29.385494232177734,29.385494232177734,29.385494232177734,0
2023-06-30,29.385494232177734,29.385494232177734,29.385494232177734,29.385494232177734,0
2023-07-03,29.385494232177734,29.385494232177734,29.385494232177734,29.385494232177734,0
2023-07-05,29.385494232177734,29.385494232177734,29.385494232177734,29.385494232177734,0
2023-07-06,29.385494232177734,29.385494232177734,29.385494232177734,29.385494232177734,0
2023-07-07,28.539548873901367,28.539548873901367,28.539548873901367,28.539548873901367,1800
2023-07-10,28.539548873901367,28.539548873901367,28.539548873901367,28.539548873901367,0
2023-07-11,28.539548873901367,28.539548873901367,28.539548873901367,28.539548873901367,0
2023-07-12,28.539548873901367,28.539548873901367,28.539548873901367,28.539548873901367,0
2023-07-13,28.539548873901367,28.539548873901367,28.539548873901367,28.539548873901367,0
2023-07-14,28.539548873901367,28.539548873901367,28.539548873901367,28.539548873901367,0
2023-07-17,28.539548873901367,28.539548873901367,28.539548873901367,28.539548873901367,0
2023-07-18,28.539548873901367,28.539548873901367,28.539548873901367,28.539548873901367,0
2023-07-19,28.539548873901367,28.539548873901367,28.539548873901367,28.539548873901367,0
2023-07-20,28.539548873901367,28.539548873901367,28.539548873901367,28.539548873901367,0
2023-07-21,28.539548873901367,28.539548873901367,28.539548873901367,28.539548873901367,0
2023-07-24,28.539548873901367,28.539548873901367,28.539548873901367,28.539548873901367,0
2023-07-25,28.539548873901367,28.539548873901367,28.539548873901367,28.539548873901367,0
2023-07-26,28.539548873901367,28.539548873901367,28.539548873901367,28.539548873901367,0
2023-07-27,28.539548873901367,28.539548873901367,28.539548873901367,28.539548873901367,0
2023-07-28,28.539548873901367,28.539548873901367,28.539548873901367,28.539548873901367,0
2023-07-31,28.539548873901367,28.539548873901367,28.539548873901367,28.539548873901367,100
2023-08-01,28.539548873901367,28.539548873901367,28.539548873901367,28.539548873901367,0
2023-08-02,28.539548873901367,28.539548873901367,28.539548873901367,28.539548873901367,0
2023-08-03,28.539548873901367,28.539548873901367,28.539548873901367,28.539548873901367,0
2023-08-04,28.539548873901367,28.539548873901367,28.539548873901367,28.539548873901367,0
2023-08-07,28.539548873901367,28.539548873901367,28.539548873901367,28.539548873901367,0
2023-08-08,28.539548873901367,28.539548873901367,28.539548873901367,28.539548873901367,0
2023-08-09,28.539548873901367,28.539548873901367,28.539548873901367,28.539548873901367,0
2023-08-10,28.539548873901367,28.539548873901367,28.539548873901367,28.539548873901367,100
2023-08-11,30.81915283203125,30.81915283203125,30.81915283203125,30.81915283203125,300
2023-08-14,30.81915283203125,30.81915283203125,30.81915283203125,30.81915283203125,0
2023-08-15,30.81915283203125,30.81915283203125,30.81915283203125,30.81915283203125,0
2023-08-16,30.81915283203125,30.81915283203125,30.81915283203125,30.81915283203125,0
2023-08-17,30.81915283203125,30.81915283203125,30.81915283203125,30.81915283203125,0
2023-08-18,30.81915283203125,30.81915283203125,30.81915283203125,30.81915283203125,0
2023-08-21,30.81915283203125,30.81915283203125,30.81915283203125,30.81915283203125,100
2023-08-22,30.81915283203125,30.81915283203125,30.81915283203125,30.81915283203125,0
2023-08-23,30.81915283203125,30.81915283203125,30.81915283203125,30.81915283203125,0
2023-08-24,30.81915283203125,30.81915283203125,30.81915283203125,30.81915283203125,0
2023-08-25,30.81915283203125,30.81915283203125,30.81915283203125,30.81915283203125,0
2023-08-28,30.81915283203125,30.81915283203125,30.81915283203125,30.81915283203125,0
2023-08-29,30.81915283203125,30.81915283203125,30.81915283203125,30.81915283203125,0
2023-08-30,30.81915283203125,30.81915283203125,30.81915283203125,30.81915283203125,0
2023-08-31,30.81915283203125,30.81915283203125,30.81915283203125,30.81915283203125,0
2023-09-01,30.81915283203125,30.81915283203125,30.81915283203125,30.81915283203125,0
2023-09-05,30.81915283203125,30.81915283203125,30.81915283203125,30.81915283203125,0
2023-09-06,30.81915283203125,30.81915283203125,30.81915283203125,30.81915283203125,0
2023-09-07,30.080060958862305,30.080060958862305,30.080060958862305,30.080060958862305,300
2023-09-08,30.080060958862305,30.080060958862305,30.080060958862305,30.080060958862305,0
2023-09-11,30.080060958862305,30.080060958862305,30.080060958862305,30.080060958862305,0
2023-09-12,30.080060958862305,30.080060958862305,30.080060958862305,30.080060958862305,0
2023-09-13,30.080060958862305,30.080060958862305,30.080060958862305,30.080060958862305,0
2023-09-14,31.166433334350586,31.166433334350586,30.667769178127177,30.667769178127177,900
2023-09-15,31.166433334350586,31.166433334350586,31.166433334350586,31.166433334350586,0
2023-09-18,31.166433334350586,31.166433334350586,31.166433334350586,31.166433334350586,0
2023-09-19,31.166433334350586,31.166433334350586,31.166433334350586,31.166433334350586,0
2023-09-20,31.166433334350586,31.166433334350586,31.166433334350586,31.166433334350586,0
2023-09-21,31.166433334350586,31.166433334350586,31.166433334350586,31.166433334350586,0
2023-09-22,31.166433334350586,31.166433334350586,31.166433334350586,31.166433334350586,0
2023-09-25,31.166433334350586,31.166433334350586,31.166433334350586,31.166433334350586,0
2023-09-26,31.166433334350586,31.166433334350586,31.166433334350586,31.166433334350586,0
2023-09-27,31.166433334350586,31.166433334350586,31.166433334350586,31.166433334350586,0
2023-09-28,31.166433334350586,31.166433334350586,31.166433334350586,31.166433334350586,0
2023-09-29,31.166433334350586,31.166433334350586,31.166433334350586,31.166433334350586,0
2023-10-02,31.166433334350586,31.166433334350586,31.166433334350586,31.166433334350586,0
2023-10-03,31.166433334350586,31.166433334350586,31.166433334350586,31.166433334350586,0
2023-10-04,31.166433334350586,31.166433334350586,31.166433334350586,31.166433334350586,0
2023-10-05,31.166433334350586,31.166433334350586,31.166433334350586,31.166433334350586,0
2023-10-06,30.115678787231445,30.115678787231445,30.115678787231445,30.115678787231445,200
2023-10-09,30.365009307861328,30.365009307861328,30.213631119787173,30.213631119787173,500
2023-10-10,30.365009307861328,30.365009307861328,30.365009307861328,30.365009307861328,0
2023-10-11,30.365009307861328,30.365009307861328,30.365009307861328,30.365009307861328,0
2023-10-12,30.365009307861328,30.365009307861328,30.365009307861328,30.365009307861328,0
2023-10-13,29.99101448059082,29.99101448059082,29.99101448059082,29.99101448059082,200
2023-10-16,29.99101448059082,29.99101448059082,29.99101448059082,29.99101448059082,0
2023-10-17,30.275964736938477,30.275964736938477,30.275964736938477,30.275964736938477,3100
2023-10-18,30.275964736938477,30.275964736938477,30.275964736938477,30.275964736938477,0
2023-10-19,30.275964736938477,30.275964736938477,30.275964736938477,30.275964736938477,0
2023-10-20,30.275964736938477,30.275964736938477,30.275964736938477,30.275964736938477,0
2023-10-23,30.275964736938477,30.275964736938477,30.275964736938477,30.275964736938477,1400
2023-10-24,30.275964736938477,30.275964736938477,30.275964736938477,30.275964736938477,0
2023-10-25,30.275964736938477,30.275964736938477,30.275964736938477,30.275964736938477,0
2023-10-26,30.275964736938477,30.275964736938477,30.275964736938477,30.275964736938477,0
2023-10-27,30.275964736938477,30.275964736938477,30.275964736938477,30.275964736938477,0
2023-10-30,30.275964736938477,30.275964736938477,30.275964736938477,30.275964736938477,0
2023-10-31,30.275964736938477,30.275964736938477,30.275964736938477,30.275964736938477,0
2023-11-01,30.275964736938477,30.275964736938477,30.275964736938477,30.275964736938477,0
2023-11-02,30.275964736938477,30.275964736938477,30.275964736938477,30.275964736938477,0
2023-11-03,30.275964736938477,30.275964736938477,30.275964736938477,30.275964736938477,0
2023-11-06,30.275964736938477,30.275964736938477,30.275964736938477,30.275964736938477,0
2023-11-07,30.275964736938477,30.275964736938477,30.275964736938477,30.275964736938477,0
2023-11-08,30.275964736938477,30.275964736938477,30.275964736938477,30.275964736938477,0
2023-11-09,30.275964736938477,30.275964736938477,30.275964736938477,30.275964736938477,0
2023-11-10,30.275964736938477,30.275964736938477,30.275964736938477,30.275964736938477,0
2023-11-13,33.526180267333984,33.526180267333984,33.526180267333984,33.526180267333984,100
2023-11-14,33.526180267333984,33.526180267333984,33.526180267333984,33.526180267333984,0
2023-11-15,33.526180267333984,33.526180267333984,33.526180267333984,33.526180267333984,0
2023-11-16,33.526180267333984,33.526180267333984,33.526180267333984,33.526180267333984,0
2023-11-17,33.526180267333984,33.526180267333984,33.526180267333984,33.526180267333984,0
2023-11-20,33.526180267333984,33.526180267333984,33.526180267333984,33.526180267333984,0
2023-11-21,33.526180267333984,33.526180267333984,33.526180267333984,33.526180267333984,0
2023-11-22,33.526180267333984,33.526180267333984,33.526180267333984,33.526180267333984,0
2023-11-24,33.526180267333984,33.526180267333984,33.526180267333984,33.526180267333984,0
2023-11-27,33.526180267333984,33.526180267333984,33.526180267333984,33.526180267333984,0
2023-11-28,33.526180267333984,33.526180267333984,33.526180267333984,33.526180267333984,0
2023-11-29,33.526180267333984,33.526180267333984,33.526180267333984,33.526180267333984,0
2023-11-30,33.526180267333984,33.526180267333984,33.526180267333984,33.526180267333984,100
2023-12-01,33.526180267333984,33.526180267333984,33.526180267333984,33.526180267333984,0
2023-12-04,33.526180267333984,33.526180267333984,33.526180267333984,33.526180267333984,0
2023-12-05,33.526180267333984,33.526180267333984,33.526180267333984,33.526180267333984,0
2023-12-06,33.526180267333984,33.526180267333984,33.526180267333984,33.526180267333984,0
2023-12-07,33.526180267333984,33.526180267333984,33.526180267333984,33.526180267333984,0
2023-12-08,34.37212371826172,34.37212371826172,34.37212371826172,34.37212371826172,200
2023-12-11,34.37212371826172,34.37212371826172,34.37212371826172,34.37212371826172,0
2023-12-12,34.37212371826172,34.37212371826172,34.37212371826172,34.37212371826172,0
2023-12-13,34.37212371826172,34.37212371826172,34.37212371826172,34.37212371826172,500
2023-12-14,34.37212371826172,34.37212371826172,34.37212371826172,34.37212371826172,0
2023-12-15,34.37212371826172,34.37212371826172,34.37212371826172,34.37212371826172,0
2023-12-18,34.37212371826172,34.37212371826172,34.37212371826172,34.37212371826172,0
2023-12-19,34.37212371826172,34.37212371826172,34.37212371826172,34.37212371826172,0
2023-12-20,34.37212371826172,34.37212371826172,34.37212371826172,34.37212371826172,0
2023-12-21,34.37212371826172,34.37212371826172,34.37212371826172,34.37212371826172,0
2023-12-22,34.37212371826172,34.37212371826172,34.37212371826172,34.37212371826172,0
2023-12-26,34.37212371826172,34.37212371826172,34.37212371826172,34.37212371826172,0
2023-12-27,34.37212371826172,34.37212371826172,34.37212371826172,34.37212371826172,0
2023-12-28,34.37212371826172,34.37212371826172,34.37212371826172,34.37212371826172,0
2023-12-29,34.37212371826172,34.37212371826172,34.37212371826172,34.37212371826172,0
2024-01-02,34.37212371826172,34.37212371826172,34.37212371826172,34.37212371826172,0
2024-01-03,34.37212371826172,34.37212371826172,34.37212371826172,34.37212371826172,0
2024-01-04,34.37212371826172,34.37212371826172,34.37212371826172,34.37212371826172,0
2024-01-05,34.37212371826172,34.37212371826172,34.37212371826172,34.37212371826172,0
2024-01-08,34.37212371826172,34.37212371826172,34.37212371826172,34.37212371826172,0
2024-01-09,34.37212371826172,34.37212371826172,34.37212371826172,34.37212371826172,0
2024-01-10,34.37212371826172,34.37212371826172,34.37212371826172,34.37212371826172,0
2024-01-11,34.37212371826172,34.37212371826172,34.37212371826172,34.37212371826172,0
2024-01-12,34.37212371826172,34.37212371826172,34.37212371826172,34.37212371826172,0
2024-01-16,34.37212371826172,34.37212371826172,34.37212371826172,34.37212371826172,0
2024-01-17,34.37212371826172,34.37212371826172,34.37212371826172,34.37212371826172,0
2024-01-18,34.37212371826172,34.37212371826172,34.37212371826172,34.37212371826172,0
2024-01-19,34.37212371826172,34.37212371826172,34.37212371826172,34.37212371826172,0
2024-01-22,34.37212371826172,34.37212371826172,34.37212371826172,34.37212371826172,0
2024-01-23,34.37212371826172,34.37212371826172,34.37212371826172,34.37212371826172,0
2024-01-24,34.37212371826172,34.37212371826172,34.37212371826172,34.37212371826172,0
2024-01-25,34.37212371826172,34.37212371826172,34.37212371826172,34.37212371826172,0
2024-01-26,34.37212371826172,34.37212371826172,34.37212371826172,34.37212371826172,0
2024-01-29,34.37212371826172,34.37212371826172,34.37212371826172,34.37212371826172,0
2024-01-30,34.37212371826172,34.37212371826172,34.37212371826172,34.37212371826172,0
2024-01-31,34.37212371826172,34.37212371826172,34.37212371826172,34.37212371826172,0
2024-02-01,34.37212371826172,34.37212371826172,34.37212371826172,34.37212371826172,0
2024-02-02,34.37212371826172,34.37212371826172,34.37212371826172,34.37212371826172,0
2024-02-05,34.37212371826172,34.37212371826172,34.37212371826172,34.37212371826172,0
2024-02-06,34.37212371826172,34.37212371826172,34.37212371826172,34.37212371826172,0
2024-02-07,34.37212371826172,34.37212371826172,34.37212371826172,34.37212371826172,0
2024-02-08,34.37212371826172,34.37212371826172,34.37212371826172,34.37212371826172,0
2024-02-09,31.540428161621094,31.540428161621094,31.540428161621094,31.540428161621094,1200
2024-02-12,31.540428161621094,31.540428161621094,31.540428161621094,31.540428161621094,0
2024-02-13,31.540428161621094,31.540428161621094,31.540428161621094,31.540428161621094,0
2024-02-14,31.540428161621094,31.540428161621094,31.540428161621094,31.540428161621094,0
2024-02-15,31.540428161621094,31.540428161621094,31.540428161621094,31.540428161621094,0
2024-02-16,31.540428161621094,31.540428161621094,31.540428161621094,31.540428161621094,0
2024-02-20,31.540428161621094,31.540428161621094,31.540428161621094,31.540428161621094,0
2024-02-21,31.540428161621094,31.540428161621094,31.540428161621094,31.540428161621094,0
2024-02-22,33.16999053955078,33.16999053955078,33.16999053955078,33.16999053955078,1000
2024-02-23,33.16999053955078,33.16999053955078,33.16999053955078,33.16999053955078,0
2024-02-26,33.16999053955078,33.16999053955078,33.16999053955078,33.16999053955078,0
2024-02-27,33.16999053955078,33.16999053955078,33.16999053955078,33.16999053955078,0
2024-02-28,33.16999053955078,33.16999053955078,33.16999053955078,33.16999053955078,0
2024-02-29,33.16999053955078,33.16999053955078,33.16999053955078,33.16999053955078,0
2024-03-01,33.16999053955078,33.16999053955078,33.16999053955078,33.16999053955078,0
2024-03-04,33.16999053955078,33.16999053955078,33.16999053955078,33.16999053955078,0
2024-03-05,33.16999053955078,33.16999053955078,33.16999053955078,33.16999053955078,0
2024-03-06,33.16999053955078,33.16999053955078,33.16999053955078,33.16999053955078,0
2024-03-07,33.16999053955078,33.16999053955078,33.16999053955078,33.16999053955078,0
2024-03-08,33.16999053955078,33.16999053955078,33.16999053955078,33.16999053955078,0
2024-03-11,33.16999053955078,33.16999053955078,33.16999053955078,33.16999053955078,0
2024-03-12,33.16999053955078,33.16999053955078,33.16999053955078,33.16999053955078,0
2024-03-13,33.16999053955078,33.16999053955078,33.16999053955078,33.16999053955078,0
2024-03-14,33.16999053955078,33.16999053955078,33.16999053955078,33.16999053955078,0
2024-03-15,33.16999053955078,33.16999053955078,33.16999053955078,33.16999053955078,0
2024-03-18,33.16999053955078,33.16999053955078,33.16999053955078,33.16999053955078,0
2024-03-19,33.16999053955078,33.16999053955078,33.16999053955078,33.16999053955078,0
2024-03-20,33.16999053955078,33.16999053955078,33.16999053955078,33.16999053955078,0
2024-03-21,33.16999053955078,33.16999053955078,33.16999053955078,33.16999053955078,0
2024-03-22,33.16999053955078,33.16999053955078,33.16999053955078,33.16999053955078,0
2024-03-25,33.16999053955078,33.16999053955078,33.16999053955078,33.16999053955078,0
2024-03-26,33.16999053955078,33.16999053955078,33.16999053955078,33.16999053955078,0
2024-03-27,35.618778228759766,35.618778228759766,35.618778228759766,35.618778228759766,100
2024-03-28,35.618778228759766,35.618778228759766,35.618778228759766,35.618778228759766,0
2024-04-01,35.618778228759766,35.618778228759766,35.618778228759766,35.618778228759766,0
2024-04-02,35.618778228759766,35.618778228759766,35.618778228759766,35.618778228759766,0
2024-04-03,35.618778228759766,35.618778228759766,35.618778228759766,35.618778228759766,0
2024-04-04,35.618778228759766,35.618778228759766,35.618778228759766,35.618778228759766,0
2024-04-05,35.618778228759766,35.618778228759766,35.618778228759766,35.618778228759766,0
2024-04-08,35.618778228759766,35.618778228759766,35.618778228759766,35.618778228759766,0
2024-04-09,35.618778228759766,35.618778228759766,35.618778228759766,35.618778228759766,0
2024-04-10,35.618778228759766,35.618778228759766,35.618778228759766,35.618778228759766,0
2024-04-11,35.618778228759766,35.618778228759766,35.618778228759766,35.618778228759766,0
2024-04-12,35.618778228759766,35.618778228759766,35.618778228759766,35.618778228759766,0
2024-04-15,35.618778228759766,35.618778228759766,35.618778228759766,35.618778228759766,0
2024-04-16,35.618778228759766,35.618778228759766,35.618778228759766,35.618778228759766,0
2024-04-17,35.618778228759766,35.618778228759766,35.618778228759766,35.618778228759766,0
2024-04-18,35.618778228759766,35.618778228759766,35.618778228759766,35.618778228759766,0
2024-04-19,35.618778228759766,35.618778228759766,35.618778228759766,35.618778228759766,0
2024-04-22,35.618778228759766,35.618778228759766,35.618778228759766,35.618778228759766,0
2024-04-23,35.618778228759766,35.618778228759766,35.618778228759766,35.618778228759766,0
2024-04-24,35.618778228759766,35.618778228759766,35.618778228759766,35.618778228759766,0
2024-04-25,35.618778228759766,35.618778228759766,35.618778228759766,35.618778228759766,0
2024-04-26,35.618778228759766,35.618778228759766,35.618778228759766,35.618778228759766,0
2024-04-29,35.618778228759766,35.618778228759766,35.618778228759766,35.618778228759766,0
2024-04-30,37.530982971191406,37.530982971191406,37.530982971191406,37.530982971191406,0
2024-05-01,37.530982971191406,37.530982971191406,37.530982971191406,37.530982971191406,0
2024-05-02,37.530982971191406,37.530982971191406,37.530982971191406,37.530982971191406,0
2024-05-03,37.530982971191406,37.530982971191406,37.530982971191406,37.530982971191406,0
2024-05-06,37.530982971191406,37.530982971191406,37.530982971191406,37.530982971191406,0
2024-05-07,37.530982971191406,37.530982971191406,37.530982971191406,37.530982971191406,0
2024-05-08,37.530982971191406,37.530982971191406,37.530982971191406,37.530982971191406,0
2024-05-09,37.530982971191406,37.530982971191406,37.530982971191406,37.530982971191406,0
2024-05-10,37.530982971191406,37.530982971191406,37.530982971191406,37.530982971191406,0
2024-05-13,37.530982971191406,37.530982971191406,37.530982971191406,37.530982971191406,0
2024-05-14,37.530982971191406,37.530982971191406,37.530982971191406,37.530982971191406,0
2024-05-15,37.530982971191406,37.530982971191406,37.530982971191406,37.530982971191406,0
2024-05-16,37.530982971191406,37.530982971191406,37.530982971191406,37.530982971191406,0
2024-05-17,37.530982971191406,37.530982971191406,37.530982971191406,37.530982971191406,0
2024-05-20,37.530982971191406,37.530982971191406,37.530982971191406,37.530982971191406,0
2024-05-21,37.530982971191406,37.530982971191406,37.530982971191406,37.530982971191406,0
2024-05-22,37.530982971191406,37.530982971191406,37.530982971191406,37.530982971191406,0
2024-05-23,37.530982971191406,37.530982971191406,37.530982971191406,37.530982971191406,0
2024-05-24,37.530982971191406,37.530982971191406,37.530982971191406,37.530982971191406,0
2024-05-28,37.530982971191406,37.530982971191406,37.530982971191406,37.530982971191406,0
2024-05-29,37.530982971191406,37.530982971191406,37.530982971191406,37.530982971191406,0
2024-05-30,37.530982971191406,37.530982971191406,37.530982971191406,37.530982971191406,0
2024-05-31,37.530982971191406,37.530982971191406,37.530982971191406,37.530982971191406,0
2024-06-03,37.530982971191406,37.530982971191406,37.530982971191406,37.530982971191406,0
2024-06-04,37.530982971191406,37.530982971191406,37.530982971191406,37.530982971191406,0
2024-06-05,37.530982971191406,37.530982971191406,37.530982971191406,37.530982971191406,0
2024-06-06,37.530982971191406,37.530982971191406,37.530982971191406,37.530982971191406,0
2024-06-07,37.530982971191406,37.530982971191406,37.530982971191406,37.530982971191406,0
2024-06-10,32.558128356933594,32.558128356933594,32.558128356933594,32.558128356933594,300
2024-06-11,32.38924026489258,32.38924026489258,32.38924026489258,32.38924026489258,500
2024-06-12,32.38924026489258,32.38924026489258,32.38924026489258,32.38924026489258,0
2024-06-13,32.38924026489258,32.38924026489258,32.38924026489258,32.38924026489258,0
2024-06-14,32.38924026489258,32.38924026489258,32.38924026489258,32.38924026489258,0
2024-06-17,32.38924026489258,32.38924026489258,32.38924026489258,32.38924026489258,0
2024-06-18,32.38924026489258,32.38924026489258,32.38924026489258,32.38924026489258,0
2024-06-20,30.634668350219727,30.634668350219727,30.634668350219727,30.634668350219727,1800
2024-06-21,30.963062286376953,30.963062286376953,30.963062286376953,30.963062286376953,700
2024-06-24,31.103805541992188,31.103805541992188,31.103805541992188,31.103805541992188,500
2024-06-25,31.103805541992188,31.103805541992188,31.103805541992188,31.103805541992188,0
2024-06-26,31.103805541992188,31.103805541992188,31.103805541992188,31.103805541992188,0
2024-06-27,31.103805541992188,31.103805541992188,31.103805541992188,31.103805541992188,0
2024-06-28,31.103805541992188,31.103805541992188,31.103805541992188,31.103805541992188,0
2024-07-01,31.103805541992188,31.103805541992188,31.103805541992188,31.103805541992188,0
2024-07-02,31.103805541992188,31.103805541992188,31.103805541992188,31.103805541992188,0
2024-07-03,31.103805541992188,31.103805541992188,31.103805541992188,31.103805541992188,0
2024-07-05,31.103805541992188,31.103805541992188,31.103805541992188,31.103805541992188,0
2024-07-08,31.103805541992188,31.103805541992188,31.103805541992188,31.103805541992188,1000
2024-07-09,31.103805541992188,31.103805541992188,31.103805541992188,31.103805541992188,0
2024-07-10,31.103805541992188,31.103805541992188,31.103805541992188,31.103805541992188,0
2024-07-11,31.103805541992188,31.103805541992188,31.103805541992188,31.103805541992188,0
2024-07-12,31.103805541992188,31.103805541992188,31.103805541992188,31.103805541992188,0
2024-07-15,31.103805541992188,31.103805541992188,31.103805541992188,31.103805541992188,0
2024-07-16,31.920103073120117,31.920103073120117,31.920103073120117,31.920103073120117,100
2024-07-17,31.920103073120117,31.920103073120117,31.920103073120117,31.920103073120117,0
2024-07-18,31.920103073120117,31.920103073120117,31.920103073120117,31.920103073120117,0
2024-07-19,31.920103073120117,31.920103073120117,31.920103073120117,31.920103073120117,0
2024-07-22,31.920103073120117,31.920103073120117,31.920103073120117,31.920103073120117,0
2024-07-23,31.920103073120117,31.920103073120117,31.920103073120117,31.920103073120117,0
2024-07-24,31.920103073120117,31.920103073120117,31.920103073120117,31.920103073120117,0
2024-07-25,31.920103073120117,31.920103073120117,31.920103073120117,31.920103073120117,0
2024-07-26,31.920103073120117,31.920103073120117,31.920103073120117,31.920103073120117,0
2024-07-29,31.920103073120117,31.920103073120117,31.920103073120117,31.920103073120117,0
2024-07-30,31.920103073120117,31.920103073120117,31.920103073120117,31.920103073120117,0
2024-07-31,31.920103073120117,31.920103073120117,31.920103073120117,31.920103073120117,0
2024-08-01,31.920103073120117,31.920103073120117,31.920103073120117,31.920103073120117,0
2024-08-02,31.920103073120117,31.920103073120117,31.920103073120117,31.920103073120117,0
2024-08-05,31.920103073120117,31.920103073120117,31.920103073120117,31.920103073120117,0
2024-08-06,31.920103073120117,31.920103073120117,31.920103073120117,31.920103073120117,0
2024-08-07,31.920103073120117,31.920103073120117,31.920103073120117,31.920103073120117,0
2024-08-08,31.920103073120117,31.920103073120117,31.920103073120117,31.920103073120117,0
2024-08-09,31.920103073120117,31.920103073120117,31.920103073120117,31.920103073120117,0
2024-08-12,31.920103073120117,31.920103073120117,31.920103073120117,31.920103073120117,0
2024-08-13,31.920103073120117,31.920103073120117,31.920103073120117,31.920103073120117,1000
2024-08-14,31.920103073120117,31.920103073120117,31.920103073120117,31.920103073120117,0
2024-08-15,31.920103073120117,31.920103073120117,31.920103073120117,31.920103073120117,0
2024-08-16,31.920103073120117,31.920103073120117,31.920103073120117,31.920103073120117,0
2024-08-19,31.920103073120117,31.920103073120117,31.920103073120117,31.920103073120117,0
2024-08-20,31.920103073120117,31.920103073120117,31.920103073120117,31.920103073120117,0
2024-08-21,31.920103073120117,31.920103073120117,31.920103073120117,31.920103073120117,0
2024-08-22,31.920103073120117,31.920103073120117,31.920103073120117,31.920103073120117,0
2024-08-23,31.920103073120117,31.920103073120117,31.920103073120117,31.920103073120117,0
2024-08-26,31.920103073120117,31.920103073120117,31.920103073120117,31.920103073120117,0
2024-08-27,31.920103073120117,31.920103073120117,31.920103073120117,31.920103073120117,0
2024-08-28,31.920103073120117,31.920103073120117,31.920103073120117,31.920103073120117,0
2024-08-29,31.920103073120117,31.920103073120117,31.920103073120117,31.920103073120117,0
2024-08-30,31.920103073120117,31.920103073120117,31.920103073120117,31.920103073120117,0
2024-09-03,31.920103073120117,31.920103073120117,31.920103073120117,31.920103073120117,0
2024-09-04,31.920103073120117,31.920103073120117,31.920103073120117,31.920103073120117,0
2024-09-05,31.920103073120117,31.920103073120117,31.920103073120117,31.920103073120117,0
2024-09-06,31.920103073120117,31.920103073120117,31.920103073120117,31.920103073120117,0
2024-09-09,31.920103073120117,31.920103073120117,31.920103073120117,31.920103073120117,0
2024-09-10,32.88652420043945,32.88652420043945,32.88652420043945,32.88652420043945,100
2024-09-11,32.88652420043945,32.88652420043945,32.88652420043945,32.88652420043945,0
2024-09-12,32.88652420043945,32.88652420043945,32.88652420043945,32.88652420043945,0
2024-09-13,32.88652420043945,32.88652420043945,32.88652420043945,32.88652420043945,0
2024-09-16,32.88652420043945,32.88652420043945,32.88652420043945,32.88652420043945,0
2024-09-17,32.88652420043945,32.88652420043945,32.88652420043945,32.88652420043945,0
2024-09-18,32.88652420043945,32.88652420043945,32.88652420043945,32.88652420043945,0
2024-09-19,32.88652420043945,32.88652420043945,32.88652420043945,32.88652420043945,0
2024-09-20,32.88652420043945,32.88652420043945,32.88652420043945,32.88652420043945,0
2024-09-23,32.88652420043945,32.88652420043945,32.88652420043945,32.88652420043945,0
2024-09-24,32.88652420043945,32.88652420043945,32.88652420043945,32.88652420043945,0
2024-09-25,32.88652420043945,32.88652420043945,32.88652420043945,32.88652420043945,0
2024-09-26,32.88652420043945,32.88652420043945,32.88652420043945,32.88652420043945,0
2024-09-27,32.88652420043945,32.88652420043945,32.88652420043945,32.88652420043945,0
2024-09-30,32.88652420043945,32.88652420043945,32.88652420043945,32.88652420043945,0
2024-10-01,32.88652420043945,32.88652420043945,32.88652420043945,32.88652420043945,100
2024-10-02,32.88652420043945,32.88652420043945,32.88652420043945,32.88652420043945,0
2024-10-03,32.88652420043945,32.88652420043945,32.88652420043945,32.88652420043945,0
2024-10-04,32.88652420043945,32.88652420043945,32.88652420043945,32.88652420043945,0
2024-10-07,32.88652420043945,32.88652420043945,32.88652420043945,32.88652420043945,0
2024-10-08,32.88652420043945,32.88652420043945,32.88652420043945,32.88652420043945,0
2024-10-09,32.88652420043945,32.88652420043945,32.88652420043945,32.88652420043945,0
2024-10-10,32.88652420043945,32.88652420043945,32.88652420043945,32.88652420043945,0
2024-10-11,32.88652420043945,32.88652420043945,32.88652420043945,32.88652420043945,0
2024-10-14,32.88652420043945,32.88652420043945,32.88652420043945,32.88652420043945,0
2024-10-15,32.88652420043945,32.88652420043945,32.88652420043945,32.88652420043945,0
2024-10-16,32.88652420043945,32.88652420043945,32.88652420043945,32.88652420043945,0
2024-10-17,32.88652420043945,32.88652420043945,32.88652420043945,32.88652420043945,0
2024-10-18,32.88652420043945,32.88652420043945,32.88652420043945,32.88652420043945,0
2024-10-21,32.88652420043945,32.88652420043945,32.88652420043945,32.88652420043945,0
2024-10-22,32.88652420043945,32.88652420043945,32.88652420043945,32.88652420043945,0
2024-10-23,32.88652420043945,32.88652420043945,32.88652420043945,32.88652420043945,0
2024-10-24,32.88652420043945,32.88652420043945,32.88652420043945,32.88652420043945,0
2024-10-25,32.88652420043945,32.88652420043945,32.88652420043945,32.88652420043945,0
2024-10-28,32.88652420043945,32.88652420043945,32.88652420043945,32.88652420043945,0
2024-10-29,32.88652420043945,32.88652420043945,32.88652420043945,32.88652420043945,0
2024-10-30,32.88652420043945,32.88652420043945,32.88652420043945,32.88652420043945,0
2024-10-31,32.88652420043945,32.88652420043945,32.88652420043945,32.88652420043945,0
2024-11-01,32.88652420043945,32.88652420043945,32.88652420043945,32.88652420043945,0
2024-11-04,29.36799430847168,30.212442881439433,29.36799430847168,30.212442881439433,600
2024-11-05,31.901336669921875,31.901336669921875,31.5729419888367,31.5729419888367,1500
2024-11-06,31.901336669921875,31.901336669921875,31.901336669921875,31.901336669921875,0
2024-11-07,31.901336669921875,31.901336669921875,31.901336669921875,31.901336669921875,0
2024-11-08,31.901336669921875,31.901336669921875,31.901336669921875,31.901336669921875,0
2024-11-11,31.901336669921875,31.901336669921875,31.901336669921875,31.901336669921875,0
2024-11-12,31.901336669921875,31.901336669921875,31.901336669921875,31.901336669921875,0
2024-11-13,31.901336669921875,31.901336669921875,31.901336669921875,31.901336669921875,0
2024-11-14,31.901336669921875,31.901336669921875,31.901336669921875,31.901336669921875,0
2024-11-15,29.08651351928711,29.08651351928711,29.08651351928711,29.08651351928711,1500
2024-11-18,29.08651351928711,29.08651351928711,29.08651351928711,29.08651351928711,0
2024-11-19,29.08651351928711,29.08651351928711,29.08651351928711,29.08651351928711,0
2024-11-20,29.08651351928711,29.08651351928711,29.08651351928711,29.08651351928711,0
2024-11-21,29.08651351928711,29.08651351928711,29.08651351928711,29.08651351928711,0
2024-11-22,29.08651351928711,29.08651351928711,29.08651351928711,29.08651351928711,0
2024-11-25,29.08651351928711,29.08651351928711,29.08651351928711,29.08651351928711,0
2024-11-26,29.08651351928711,29.08651351928711,29.08651351928711,29.08651351928711,0
2024-11-27,29.08651351928711,29.08651351928711,29.08651351928711,29.08651351928711,0
2024-11-29,29.08651351928711,29.08651351928711,29.08651351928711,29.08651351928711,0
2024-12-02,29.08651351928711,29.08651351928711,29.08651351928711,29.08651351928711,0
2024-12-03,29.08651351928711,29.08651351928711,29.08651351928711,29.08651351928711,0
2024-12-04,29.08651351928711,29.08651351928711,29.08651351928711,29.08651351928711,0
2024-12-05,29.08651351928711,29.08651351928711,29.08651351928711,29.08651351928711,0
2024-12-06,29.08651351928711,29.08651351928711,29.08651351928711,29.08651351928711,0
2024-12-09,29.08651351928711,29.08651351928711,29.08651351928711,29.08651351928711,0
2024-12-10,29.08651351928711,29.08651351928711,29.08651351928711,29.08651351928711,0
2024-12-11,29.08651351928711,29.08651351928711,29.08651351928711,29.08651351928711,0
2024-12-12,28.10132598876953,28.10132598876953,27.744780625859203,27.744780625859203,500
2024-12-13,28.10132598876953,28.10132598876953,28.10132598876953,28.10132598876953,0
2024-12-16,27.557126998901367,27.557126998901367,27.557126998901367,27.557126998901367,2900
2024-12-17,27.557126998901367,27.557126998901367,27.557126998901367,27.557126998901367,0
2024-12-18,27.557126998901367,27.557126998901367,27.557126998901367,27.557126998901367,0
2024-12-19,26.778358459472656,27.003544153061654,26.778358459472656,27.003544153061654,1000
2024-12-20,26.778358459472656,26.778358459472656,26.778358459472656,26.778358459472656,0
2024-12-23,26.778358459472656,26.778358459472656,26.778358459472656,26.778358459472656,0
2024-12-24,26.778358459472656,26.778358459472656,26.778358459472656,26.778358459472656,0
2024-12-26,26.778358459472656,26.778358459472656,26.778358459472656,26.778358459472656,0
2024-12-27,26.778358459472656,26.778358459472656,26.778358459472656,26.778358459472656,0
2024-12-30,26.778358459472656,26.778358459472656,26.778358459472656,26.778358459472656,0
2024-12-31,26.778358459472656,26.778358459472656,26.778358459472656,26.778358459472656,0
2025-01-02,26.778358459472656,26.778358459472656,26.778358459472656,26.778358459472656,0
2025-01-03,26.778358459472656,26.778358459472656,26.778358459472656,26.778358459472656,0
2025-01-06,26.778358459472656,26.778358459472656,26.778358459472656,26.778358459472656,0
2025-01-07,27.735397338867188,27.735397338867188,27.735397338867188,27.735397338867188,1000
2025-01-08,27.735397338867188,27.735397338867188,27.735397338867188,27.735397338867188,0
2025-01-10,27.735397338867188,27.735397338867188,27.735397338867188,27.735397338867188,0
2025-01-13,28.20453453063965,28.20453453063965,28.20453453063965,28.20453453063965,100
2025-01-14,28.20453453063965,28.20453453063965,28.20453453063965,28.20453453063965,0
2025-01-15,28.20453453063965,28.20453453063965,28.20453453063965,28.20453453063965,0
2025-01-16,29.161575317382812,29.161575317382812,29.161575317382812,29.161575317382812,100
2025-01-17,29.74330711364746,29.74330711364746,29.74330711364746,29.74330711364746,3000
2025-01-21,29.88404655456543,29.88404655456543,29.88404655456543,29.88404655456543,600
2025-01-22,29.88404655456543,29.88404655456543,29.88404655456543,29.88404655456543,0
2025-01-23,29.88404655456543,29.88404655456543,29.88404655456543,29.88404655456543,0
2025-01-24,29.88404655456543,29.88404655456543,29.88404655456543,29.88404655456543,0
2025-01-27,29.88404655456543,29.88404655456543,29.88404655456543,29.88404655456543,0
2025-01-28,29.88404655456543,29.88404655456543,29.88404655456543,29.88404655456543,0
2025-01-29,29.88404655456543,29.88404655456543,29.88404655456543,29.88404655456543,0
2025-01-30,29.88404655456543,29.88404655456543,29.88404655456543,29.88404655456543,0
2025-01-31,29.88404655456543,29.88404655456543,29.88404655456543,29.88404655456543,0
2025-02-03,29.88404655456543,29.88404655456543,29.88404655456543,29.88404655456543,0
2025-02-04,29.88404655456543,29.88404655456543,29.88404655456543,29.88404655456543,0
2025-02-05,29.88404655456543,29.88404655456543,29.88404655456543,29.88404655456543,0
2025-02-06,29.88404655456543,29.88404655456543,29.88404655456543,29.88404655456543,0
2025-02-07,29.88404655456543,29.88404655456543,29.88404655456543,29.88404655456543,0
2025-02-10,29.88404655456543,29.88404655456543,29.88404655456543,29.88404655456543,0
2025-02-11,29.88404655456543,29.88404655456543,29.88404655456543,29.88404655456543,0
2025-02-12,29.88404655456543,29.88404655456543,29.88404655456543,29.88404655456543,0
2025-02-13,29.88404655456543,29.88404655456543,29.88404655456543,29.88404655456543,0
2025-02-14,29.88404655456543,29.88404655456543,29.88404655456543,29.88404655456543,0
2025-02-18,29.88404655456543,29.88404655456543,29.88404655456543,29.88404655456543,0
2025-02-19,29.88404655456543,29.88404655456543,29.88404655456543,29.88404655456543,0
2025-02-20,29.88404655456543,29.88404655456543,29.88404655456543,29.88404655456543,0
2025-02-21,29.88404655456543,29.88404655456543,29.88404655456543,29.88404655456543,0
2025-02-24,29.88404655456543,29.88404655456543,29.88404655456543,29.88404655456543,0
2025-02-25,31.713682174682617,31.713682174682617,31.713682174682617,31.713682174682617,200
2025-02-26,31.713682174682617,31.713682174682617,31.713682174682617,31.713682174682617,0
2025-02-27,31.713682174682617,31.713682174682617,31.713682174682617,31.713682174682617,0
2025-02-28,31.713682174682617,31.713682174682617,31.713682174682617,31.713682174682617,0
2025-03-03,31.713682174682617,31.713682174682617,31.713682174682617,31.713682174682617,0
2025-03-04,31.713682174682617,31.713682174682617,31.713682174682617,31.713682174682617,0
2025-03-05,31.713682174682617,31.713682174682617,31.713682174682617,31.713682174682617,0
2025-03-06,31.713682174682617,31.713682174682617,31.713682174682617,31.713682174682617,0
2025-03-07,36.245548248291016,36.245548248291016,36.245548248291016,36.245548248291016,400
2025-03-10,36.245548248291016,36.245548248291016,36.245548248291016,36.245548248291016,0
2025-03-11,36.245548248291016,36.245548248291016,36.245548248291016,36.245548248291016,0
2025-03-12,36.245548248291016,36.245548248291016,36.245548248291016,36.245548248291016,0
2025-03-13,36.245548248291016,36.245548248291016,36.245548248291016,36.245548248291016,0
2025-03-14,36.245548248291016,36.245548248291016,36.245548248291016,36.245548248291016,0
2025-03-17,36.029747009277344,36.029747009277344,36.029747009277344,36.029747009277344,1000
2025-03-18,36.029747009277344,36.029747009277344,36.029747009277344,36.029747009277344,0
2025-03-19,36.029747009277344,36.029747009277344,36.029747009277344,36.029747009277344,0
2025-03-20,36.029747009277344,36.029747009277344,36.029747009277344,36.029747009277344,0
2025-03-21,36.029747009277344,36.029747009277344,36.029747009277344,36.029747009277344,0
2025-03-24,36.029747009277344,36.029747009277344,36.029747009277344,36.029747009277344,0
2025-03-25,36.029747009277344,36.029747009277344,36.029747009277344,36.029747009277344,0
2025-03-26,36.029747009277344,36.029747009277344,36.029747009277344,36.029747009277344,0
2025-03-27,36.029747009277344,36.029747009277344,36.029747009277344,36.029747009277344,0
2025-03-28,36.029747009277344,36.029747009277344,36.029747009277344,36.029747009277344,0
2025-03-31,36.029747009277344,36.029747009277344,36.029747009277344,36.029747009277344,0
2025-04-01,36.029747009277344,36.029747009277344,36.029747009277344,36.029747009277344,0
2025-04-02,36.029747009277344,36.029747009277344,36.029747009277344,36.029747009277344,0
2025-04-03,36.029747009277344,36.029747009277344,36.029747009277344,36.029747009277344,0
2025-04-04,34.36899948120117,35.43863194882077,33.074179535498395,33.074179535498395,1400
2025-04-07,34.36899948120117,34.36899948120117,34.36899948120117,34.36899948120117,0
2025-04-08,34.36899948120117,34.36899948120117,34.36899948120117,34.36899948120117,0
2025-04-09,34.36899948120117,34.36899948120117,34.36899948120117,34.36899948120117,0
2025-04-10,34.36899948120117,34.36899948120117,34.36899948120117,34.36899948120117,0
2025-04-11,34.36899948120117,34.36899948120117,34.36899948120117,34.36899948120117,0
2025-04-14,34.36899948120117,34.36899948120117,34.36899948120117,34.36899948120117,0
2025-04-15,34.36899948120117,34.36899948120117,34.36899948120117,34.36899948120117,0
2025-04-16,34.36899948120117,34.36899948120117,34.36899948120117,34.36899948120117,0
2025-04-17,34.36899948120117,34.36899948120117,34.36899948120117,34.36899948120117,0
2025-04-21,34.36899948120117,34.36899948120117,34.36899948120117,34.36899948120117,0
2025-04-22,34.36899948120117,34.36899948120117,34.36899948120117,34.36899948120117,0
2025-04-23,34.36899948120117,34.36899948120117,34.36899948120117,34.36899948120117,0
2025-04-24,34.36899948120117,34.36899948120117,34.36899948120117,34.36899948120117,0
2025-04-25,34.36899948120117,34.36899948120117,34.36899948120117,34.36899948120117,0
2025-04-28,34.36899948120117,34.36899948120117,34.36899948120117,34.36899948120117,0
2025-04-29,34.36899948120117,34.36899948120117,34.36899948120117,34.36899948120117,0
2025-04-30,34.36899948120117,34.36899948120117,34.36899948120117,34.36899948120117,0
2025-05-01,34.36899948120117,34.36899948120117,34.36899948120117,34.36899948120117,0
2025-05-02,34.36899948120117,34.36899948120117,34.36899948120117,34.36899948120117,0
2025-05-05,36.630001068115234,36.630001068115234,36.630001068115234,36.630001068115234,0
2025-05-06,36.630001068115234,36.630001068115234,36.630001068115234,36.630001068115234,0
2025-05-07,36.630001068115234,36.630001068115234,36.630001068115234,36.630001068115234,0
2025-05-08,36.630001068115234,36.630001068115234,36.630001068115234,36.630001068115234,0
2025-05-09,36.630001068115234,36.630001068115234,36.630001068115234,36.630001068115234,0
2025-05-12,36.630001068115234,36.630001068115234,36.630001068115234,36.630001068115234,0
2025-05-13,36.630001068115234,36.630001068115234,36.630001068115234,36.630001068115234,0
2025-05-14,36.630001068115234,36.630001068115234,36.630001068115234,36.630001068115234,0
2025-05-15,36.630001068115234,36.630001068115234,36.630001068115234,36.630001068115234,0
2025-05-16,36.630001068115234,36.630001068115234,36.630001068115234,36.630001068115234,0
2025-05-19,36.630001068115234,36.630001068115234,36.630001068115234,36.630001068115234,0
2025-05-20,36.630001068115234,36.630001068115234,36.630001068115234,36.630001068115234,0
2025-05-21,36.630001068115234,36.630001068115234,36.630001068115234,36.630001068115234,0
2025-05-22,36.630001068115234,36.630001068115234,36.630001068115234,36.630001068115234,0
2025-05-23,36.630001068115234,36.630001068115234,36.630001068115234,36.630001068115234,0
2025-05-27,36.630001068115234,36.630001068115234,36.630001068115234,36.630001068115234,0
2025-05-28,36.630001068115234,36.630001068115234,36.630001068115234,36.630001068115234,0
2025-05-29,36.630001068115234,36.630001068115234,36.630001068115234,36.630001068115234,0
2025-05-30,36.630001068115234,36.630001068115234,36.630001068115234,36.630001068115234,0
2025-06-02,36.630001068115234,36.630001068115234,36.630001068115234,36.630001068115234,0
2025-06-03,36.630001068115234,36.630001068115234,36.630001068115234,36.630001068115234,0
2025-06-04,36.630001068115234,36.630001068115234,36.630001068115234,36.630001068115234,0
2025-06-05,36.630001068115234,36.630001068115234,36.630001068115234,36.630001068115234,0
2025-06-06,44.22999954223633,44.22999954223633,44.22999954223633,44.22999954223633,200
2025-06-09,44.22999954223633,44.22999954223633,44.22999954223633,44.22999954223633,0
2025-06-10,44.22999954223633,44.22999954223633,44.22999954223633,44.22999954223633,0
2025-06-11,44.22999954223633,44.22999954223633,44.22999954223633,44.22999954223633,0
2025-06-12,44.22999954223633,44.22999954223633,44.22999954223633,44.22999954223633,0
2025-06-13,44.22999954223633,44.22999954223633,44.22999954223633,44.22999954223633,0
2025-06-16,44.22999954223633,44.22999954223633,44.22999954223633,44.22999954223633,0
2025-06-17,44.22999954223633,44.22999954223633,44.22999954223633,44.22999954223633,0
2025-06-18,44.22999954223633,44.22999954223633,44.22999954223633,44.22999954223633,0
2025-06-20,44.22999954223633,44.22999954223633,44.22999954223633,44.22999954223633,0
2025-06-23,44.22999954223633,44.22999954223633,44.22999954223633,44.22999954223633,0
2025-06-24,44.22999954223633,44.22999954223633,44.22999954223633,44.22999954223633,0
2025-06-25,44.22999954223633,44.22999954223633,44.22999954223633,44.22999954223633,0
2025-06-26,44.22999954223633,44.22999954223633,44.22999954223633,44.22999954223633,0
2025-06-27,44.22999954223633,44.22999954223633,44.22999954223633,44.22999954223633,0
2025-06-30,44.22999954223633,44.22999954223633,44.22999954223633,44.22999954223633,0
2025-07-01,44.22999954223633,44.22999954223633,44.22999954223633,44.22999954223633,0
2025-07-02,44.22999954223633,44.22999954223633,44.22999954223633,44.22999954223633,0
2025-07-03,44.22999954223633,44.22999954223633,44.22999954223633,44.22999954223633,0
2025-07-07,44.22999954223633,44.22999954223633,44.22999954223633,44.22999954223633,0
2025-07-08,44.22999954223633,44.22999954223633,44.22999954223633,44.22999954223633,0
2025-07-09,44.22999954223633,44.22999954223633,44.22999954223633,44.22999954223633,0
2025-07-10,44.22999954223633,44.22999954223633,44.22999954223633,44.22999954223633,0
2025-07-11,44.22999954223633,44.22999954223633,44.22999954223633,44.22999954223633,0
2025-07-14,44.22999954223633,44.22999954223633,44.22999954223633,44.22999954223633,0
2025-07-15,44.22999954223633,44.22999954223633,44.22999954223633,44.22999954223633,0
2025-07-16,44.22999954223633,44.22999954223633,44.22999954223633,44.22999954223633,0
2025-07-17,44.22999954223633,44.22999954223633,44.22999954223633,44.22999954223633,0
2025-07-18,44.22999954223633,44.22999954223633,44.22999954223633,44.22999954223633,0
2025-07-21,44.22999954223633,44.22999954223633,44.22999954223633,44.22999954223633,0
2025-07-22,44.22999954223633,44.22999954223633,44.22999954223633,44.22999954223633,0
2025-07-23,44.22999954223633,44.22999954223633,44.22999954223633,44.22999954223633,0
2025-07-24,44.22999954223633,44.22999954223633,44.22999954223633,44.22999954223633,0
2025-07-25,44.22999954223633,44.22999954223633,44.22999954223633,44.22999954223633,0
2025-07-28,44.599998474121094,44.599998474121094,44.599998474121094,44.599998474121094,100
2025-07-29,44.599998474121094,44.599998474121094,44.599998474121094,44.599998474121094,0
2025-07-30,44.599998474121094,44.599998474121094,44.599998474121094,44.599998474121094,0
2025-07-31,44.599998474121094,44.599998474121094,44.599998474121094,44.599998474121094,0
2025-08-01,44.599998474121094,44.599998474121094,44.599998474121094,44.599998474121094,0
2025-08-04,44.599998474121094,44.599998474121094,44.599998474121094,44.599998474121094,0
2025-08-05,44.599998474121094,44.599998474121094,44.599998474121094,44.599998474121094,0
2025-08-06,44.599998474121094,44.599998474121094,44.599998474121094,44.599998474121094,0
2025-08-07,44.599998474121094,44.599998474121094,44.599998474121094,44.599998474121094,0
2025-08-08,44.52000045776367,44.52000045776367,44.52000045776367,44.52000045776367,200
2025-08-11,44.52000045776367,44.52000045776367,44.52000045776367,44.52000045776367,0
2025-08-12,44.52000045776367,44.52000045776367,44.52000045776367,44.52000045776367,0
2025-08-13,44.52000045776367,44.52000045776367,44.52000045776367,44.52000045776367,0
2025-08-14,44.52000045776367,44.52000045776367,44.52000045776367,44.52000045776367,0
2025-08-15,44.52000045776367,44.52000045776367,44.52000045776367,44.52000045776367,0
2025-08-18,44.52000045776367,44.52000045776367,44.52000045776367,44.52000045776367,0
2025-08-19,44.52000045776367,44.52000045776367,44.52000045776367,44.52000045776367,0
2025-08-20,44.52000045776367,44.52000045776367,44.52000045776367,44.52000045776367,0
2025-08-21,44.52000045776367,44.52000045776367,44.52000045776367,44.52000045776367,0
2025-08-22,44.52000045776367,44.52000045776367,44.52000045776367,44.52000045776367,0
2025-08-25,43.099998474121094,43.099998474121094,43.099998474121094,43.099998474121094,100
2025-08-26,43.099998474121094,43.099998474121094,43.099998474121094,43.099998474121094,0
2025-08-27,43.099998474121094,43.099998474121094,43.099998474121094,43.099998474121094,0
2025-08-28,43.099998474121094,43.099998474121094,43.099998474121094,43.099998474121094,0
2025-08-29,43.099998474121094,43.099998474121094,43.099998474121094,43.099998474121094,0
2025-09-02,43.099998474121094,43.099998474121094,43.099998474121094,43.099998474121094,0
2025-09-03,43.099998474121094,43.099998474121094,43.099998474121094,43.099998474121094,0
2025-09-04,41.04999923706055,41.04999923706055,41.04999923706055,41.04999923706055,200
2025-09-05,41.04999923706055,41.04999923706055,41.04999923706055,41.04999923706055,0
2025-09-08,41.04999923706055,41.04999923706055,41.04999923706055,41.04999923706055,0
2025-09-09,41.04999923706055,41.04999923706055,41.04999923706055,41.04999923706055,0
2025-09-10,41.04999923706055,41.04999923706055,41.04999923706055,41.04999923706055,0
2025-09-11,41.04999923706055,41.04999923706055,41.04999923706055,41.04999923706055,0
2025-09-12,41.04999923706055,41.04999923706055,41.04999923706055,41.04999923706055,0
2025-09-15,41.04999923706055,41.04999923706055,41.04999923706055,41.04999923706055,0
2025-09-16,41.04999923706055,41.04999923706055,41.04999923706055,41.04999923706055,0
2025-09-17,41.04999923706055,41.04999923706055,41.04999923706055,41.04999923706055,0
2025-09-18,41.04999923706055,41.04999923706055,41.04999923706055,41.04999923706055,0
2025-09-19,41.04999923706055,41.04999923706055,41.04999923706055,41.04999923706055,0
2025-09-22,41.04999923706055,41.04999923706055,41.04999923706055,41.04999923706055,0
2025-09-23,43.310001373291016,43.310001373291016,43.310001373291016,43.310001373291016,700
2025-09-24,43.310001373291016,43.310001373291016,43.310001373291016,43.310001373291016,0
2025-09-25,43.310001373291016,43.310001373291016,43.310001373291016,43.310001373291016,0
2025-09-26,43.310001373291016,43.310001373291016,43.310001373291016,43.310001373291016,0
2025-09-29,43.310001373291016,43.310001373291016,43.310001373291016,43.310001373291016,0
2025-09-30,43.5,44.25,43.5,44.25,22600
2025-10-01,43.5,43.5,43.5,43.5,0
2025-10-02,43.5,43.5,43.5,43.5,0
2025-10-03,43.5,43.5,43.5,43.5,0
2025-10-06,43.5,43.5,43.5,43.5,0
2025-10-07,42.27000045776367,42.27000045776367,42.27000045776367,42.27000045776367,2800
2025-10-08,42.27000045776367,42.27000045776367,42.27000045776367,42.27000045776367,0
2025-10-09,42.27000045776367,42.27000045776367,42.27000045776367,42.27000045776367,0
2025-10-10,42.27000045776367,42.27000045776367,42.27000045776367,42.27000045776367,0
2025-10-13,42.27000045776367,42.27000045776367,42.27000045776367,42.27000045776367,0
2025-10-14,42.27000045776367,42.27000045776367,42.27000045776367,42.27000045776367,0
2025-10-15,42.27000045776367,42.27000045776367,42.27000045776367,42.27000045776367,0
2025-10-16,42.27000045776367,42.27000045776367,42.27000045776367,42.27000045776367,0
2025-10-17,42.27000045776367,42.27000045776367,42.27000045776367,42.27000045776367,0
2025-10-20,42.27000045776367,42.27000045776367,42.27000045776367,42.27000045776367,0
2025-10-21,42.27000045776367,42.27000045776367,42.27000045776367,42.27000045776367,0
2025-10-22,42.27000045776367,42.27000045776367,42.27000045776367,42.27000045776367,0
2025-10-23,42.27000045776367,42.27000045776367,42.27000045776367,42.27000045776367,0
2025-10-24,42.27000045776367,42.27000045776367,42.27000045776367,42.27000045776367,0
2025-10-27,42.27000045776367,42.27000045776367,42.27000045776367,42.27000045776367,0
2025-10-28,42.27000045776367,42.27000045776367,42.27000045776367,42.27000045776367,0
2025-10-29,42.27000045776367,42.27000045776367,42.27000045776367,42.27000045776367,0
2025-10-30,42.27000045776367,42.27000045776367,42.27000045776367,42.27000045776367,0
2025-10-31,42.27000045776367,42.27000045776367,42.27000045776367,42.27000045776367,0
2025-11-03,42.27000045776367,42.27000045776367,42.27000045776367,42.27000045776367,0
2025-11-04,42.27000045776367,42.27000045776367,42.27000045776367,42.27000045776367,0
2025-11-05,42.27000045776367,42.27000045776367,42.27000045776367,42.27000045776367,0
2025-11-06,42.27000045776367,42.27000045776367,42.27000045776367,42.27000045776367,0
2025-11-07,42.27000045776367,42.27000045776367,42.27000045776367,42.27000045776367,0
2025-11-10,48.06999969482422,48.06999969482422,48.06999969482422,48.06999969482422,200
2025-11-11,48.06999969482422,48.06999969482422,48.06999969482422,48.06999969482422,0
2025-11-12,48.06999969482422,48.06999969482422,48.06999969482422,48.06999969482422,0
2025-11-13,48.06999969482422,48.06999969482422,48.06999969482422,48.06999969482422,0
2025-11-14,48.06999969482422,48.06999969482422,48.06999969482422,48.06999969482422,0
2025-11-17,48.06999969482422,48.06999969482422,48.06999969482422,48.06999969482422,0
2025-11-18,48.5,48.5,48.5,48.5,2400
2025-11-19,48.5,48.5,48.5,48.5,0
2025-11-20,48.5,48.5,48.5,48.5,0
2025-11-21,48.5,48.5,48.5,48.5,0
2025-11-24,48.5,48.5,48.5,48.5,0
2025-11-25,48.5,48.5,48.5,48.5,0
2025-11-26,48.5,48.5,48.5,48.5,0
2025-11-28,48.5,48.5,48.5,48.5,0
2025-12-01,48.5,48.5,48.5,48.5,0
2025-12-02,48.5,48.5,48.5,48.5,0
2025-12-03,48.5,48.5,48.5,48.5,0
2025-12-04,48.5,48.5,48.5,48.5,0
2025-12-05,48.5,48.5,48.5,48.5,0
2025-12-08,48.5,48.5,48.5,48.5,0
2025-12-09,48.5,48.5,48.5,48.5,0
2025-12-10,48.5,48.5,48.5,48.5,0
2025-12-11,48.5,48.5,48.5,48.5,0
2025-12-12,48.5,48.5,48.5,48.5,0
2025-12-15,48.5,48.5,48.5,48.5,0
2025-12-16,48.5,48.5,48.5,48.5,0
2025-12-17,48.5,48.5,48.5,48.5,0
2025-12-18,48.5,48.5,48.5,48.5,0
2025-12-19,48.5,48.5,48.5,48.5,0
2025-12-22,48.5,48.5,48.5,48.5,0
2025-12-23,48.5,48.5,48.5,48.5,0
2025-12-24,48.5,48.5,48.5,48.5,0
2025-12-26,48.5,48.5,48.5,48.5,0
2025-12-29,48.5,48.5,48.5,48.5,0
2025-12-30,48.5,48.5,48.5,48.5,0
2025-12-31,48.5,48.5,48.5,48.5,0
