Date,Close,High,Low,Open,Volume
2019-01-02,25.647563934326172,25.960223492397468,25.524395784168874,25.76125914049937,1181300
2019-01-03,25.325424194335938,25.89389648905012,25.28752700515425,25.628608936283875,1132800
2019-01-04,25.950748443603516,25.99812219860058,25.533870242373208,25.600191692245122,832100
2019-01-07,25.931800842285156,26.18761189169631,25.770733688961997,25.90337658918437,1057900
2019-01-08,26.272876739501953,26.272876739501953,25.780200642969724,26.206555304800222,940300
2019-01-09,26.329734802246094,26.481327224411395,26.026548150791278,26.272886288590943,1074200
2019-01-10,26.51922607421875,26.51922607421875,26.13077024239212,26.25393841538316,725100
2019-01-11,26.320255279541016,26.405526227444543,26.140238633175358,26.367627225210136,703000
2019-01-14,26.396055221557617,26.424477670141677,26.073920885361176,26.159191845361654,824700
2019-01-15,26.452896118164062,26.528692309620887,26.178133794680733,26.310778485072987,674300
2019-01-16,26.831880569458008,26.86030482262709,26.50974626203769,26.632916218646393,653100
2019-01-17,26.699235916137695,26.92662450519055,26.557118273870145,26.7181854170064,1222500
2019-01-18,27.13506317138672,27.172962172534746,26.775031696099656,26.860302641558878,785300
2019-01-22,26.831880569458008,27.201386825036142,26.68976291786057,26.992947723168164,950500
2019-01-23,26.93610382080078,26.94557857284093,26.651866680968826,26.85083285956361,822600
2019-01-24,26.822410583496094,26.964528260341233,26.65186864843221,26.850834841714846,1494400
2019-01-25,26.718185424804688,27.09716640667006,26.66133692218198,27.0308449607341,1246700
2019-01-28,26.490798950195312,26.718189380100732,26.320258838452453,26.6234436688275,1332600
2019-01-29,25.344383239746094,25.81811002927406,24.85170694492718,25.808635276628586,4456100
2019-01-30,25.353857040405273,25.467550453633425,25.07909464537617,25.325432783536126,2822700
2019-01-31,25.732839584350586,25.770738595700927,25.183316569640937,25.202266075316107,2035100
2019-02-01,26.405529022216797,26.405529022216797,25.789682820593477,25.874953777522116,1753600
2019-02-04,26.415002822875977,26.4529018303501,26.23498795874632,26.367630870657464,1082200
2019-02-05,26.652544021606445,26.68105006949401,26.376992807990256,26.510017406817088,1325200
2019-02-06,26.54802894592285,26.633545288455785,26.424504534564406,26.576533185217517,937900
2019-02-07,26.42449951171875,26.491011807196074,26.063431988131498,26.491011807196074,1408700
2019-02-08,26.443511962890625,26.57653659620413,26.281981274299355,26.32948955410426,1256500
2019-02-11,26.728567123413086,26.75707318067139,26.41500774287103,26.519528140493325,1114400
2019-02-12,27.051626205444336,27.12764053929594,26.804579167345455,26.85208925870563,1432300
2019-02-13,27.03261947631836,27.25116042318193,26.95660515513432,27.1086337975024,1095400
2019-02-14,27.061128616333008,27.20365526783203,26.785577331744857,26.8900959096043,1135700
2019-02-15,27.612232208251953,27.612232208251953,27.194154284119875,27.251164580624312,1236900
2019-02-19,27.669240951538086,27.811767581625304,27.469702219556435,27.536214526108843,1381900
2019-02-20,27.973297119140625,27.99229934001575,27.631231770847364,27.707246091320936,956900
2019-02-21,27.973297119140625,28.134827776687516,27.897282798667053,27.973297119140625,561600
2019-02-22,28.03980827331543,28.144328639302643,27.935287907328213,27.992298192264748,525800
2019-02-25,28.03980827331543,28.286855257806117,27.96379395595862,28.1063205744621,592900
2019-02-26,27.745258331298828,28.039813640901848,27.726254295240665,27.96379930899382,756500
2019-02-27,27.878278732299805,27.98279910244825,27.56471943417882,27.56471943417882,718000
2019-02-28,28.144332885742188,28.220347214568097,27.745257206325025,27.916288086939904,1142600
2019-03-01,28.381872177124023,28.467386694056714,28.125323189353384,28.277351816404686,937900
2019-03-04,28.381872177124023,28.448384474918445,28.115821173622155,28.334362098467874,1068300
2019-03-05,27.973297119140625,28.628919953603567,27.944791069341402,28.448387075181554,1322300
2019-03-06,27.830768585205078,28.058811530978797,27.79276052141401,27.94478915192982,965000
2019-03-07,27.62173843383789,27.8687855060878,27.507717823460965,27.745262876125306,802800
2019-03-08,27.431697845458984,27.545718432419527,27.26066515269362,27.450700068402707,636600
2019-03-11,27.71674919128418,27.75475544684434,27.507710254892242,27.5457165104524,767300
2019-03-12,27.67874526977539,27.868782013017654,27.621734971732593,27.783265659791105,735500
2019-03-13,27.71674919128418,27.830771582613508,27.621730833897143,27.73575322522647,1039200
2019-03-14,27.707244873046875,27.90678358821911,27.6502345882795,27.745252937774644,718500
2019-03-15,27.9923038482666,28.0778201991126,27.697748535532963,27.707250553663034,1402400
2019-03-18,28.001800537109375,28.17283320625053,27.916284202538797,28.04931061871764,532000
2019-03-19,27.631237030029297,28.172839393029754,27.583728750312474,28.106327076496324,838400
2019-03-20,27.2796630859375,27.65023446609866,27.270162882121813,27.564718133163336,797300
2019-03-21,27.659744262695312,27.678746487996122,27.18465419600429,27.213158440117894,713300
2019-03-22,27.441198348999023,27.63123507909798,27.403192090373977,27.46970440221124,711700
2019-03-25,27.564725875854492,27.659744251619607,27.37468912432427,27.46970750008938,813100
2019-03-26,27.75475311279297,27.91628376306959,27.63123052720462,27.783259161309175,835700
2019-03-27,27.830768585205078,27.925785120034288,27.69774217426057,27.745252253999404,757500
2019-03-28,27.94479751586914,27.98280559103611,27.612234107457255,27.84977914027649,805300
2019-03-29,28.03980827331543,28.182334891818904,27.89728165481195,28.134826623092508,825200
2019-04-01,28.31536102294922,28.36287110656512,28.106322092012395,28.210842463642997,634300
2019-04-02,28.182334899902344,28.343865550872422,28.13482663116232,28.296357282132398,715300
2019-04-03,28.267854690551758,28.3248649824768,28.087319985077205,28.3248649824768,807600
2019-04-04,28.448387145996094,28.45788916261949,28.210842167384328,28.324862742216336,784800
2019-04-05,28.438888549804688,28.533906915142417,28.343870184466958,28.495898844077495,608900
2019-04-08,28.410381317138672,28.476893626416658,28.28685871595448,28.40087929976689,709600
2019-04-09,28.220346450805664,28.400879344178364,28.144332124037028,28.400879344178364,872900
2019-04-10,28.476890563964844,28.5909129478396,28.24884760853964,28.27735365758941,755100
2019-04-11,28.761943817138672,28.799950067835056,28.486390797212078,28.571907126684177,937900
2019-04-12,28.989988327026367,29.046998612318035,28.81895565882706,28.932978041734696,728000
2019-04-15,29.151519775390625,29.265540349089065,28.999491135576474,28.999491135576474,886200
2019-04-16,29.19902801513672,29.35105665479168,29.07550542503869,29.294046368002153,879900
2019-04-17,28.89497184753418,29.303549511948166,28.733441185145498,29.294047495063605,964600
2019-04-18,29.047006607055664,29.085014682594107,28.866471872897648,28.87597389178226,905200
2019-04-22,28.989988327026367,29.056500628587365,28.704933275919426,28.923476025465366,1058600
2019-04-23,29.99717903137207,30.567285519200492,29.465078796980862,30.225221988968304,2925900
2019-04-24,29.892663955688477,30.23472935881156,29.873661731767474,30.016188378960546,1090900
2019-04-25,29.9306697845459,29.997182094095187,29.53159411492564,29.73113285589802,931500
2019-04-26,30.101701736450195,30.120705770806097,29.626611751499468,29.892660983184218,794800
2019-04-29,29.978174209594727,30.225221193570516,29.921163924777016,30.120702640125423,987700
2019-04-30,30.168212890625,30.20622095788323,29.835649551413074,29.94016992404881,920400
2019-05-01,29.76913833618164,30.34874869682421,29.7216300626935,30.2727343718485,1113100
2019-05-02,30.225223541259766,30.225223541259766,29.55059665026431,29.86415595960329,920500
2019-05-03,30.728822708129883,30.76683077973171,30.234728651253768,30.272736722855594,766700
2019-05-06,30.842838287353516,30.918854418207083,30.38675237617798,30.415256612923756,1034800
2019-05-07,30.518980026245117,30.852363176547755,30.337999304079464,30.68090794679102,785700
2019-05-08,30.433256149291992,30.757115663765244,30.395154174976486,30.442779826068737,913500
2019-05-09,30.166547775268555,30.442779821808774,30.023669005209673,30.18559876242364,2026000
2019-05-10,30.6618595123291,30.728536147935582,29.985565846261043,30.11892093427606,1161200
2019-05-13,29.90936279296875,30.299898918137167,29.871262638143588,30.242747777498423,957500
2019-05-14,29.871267318725586,30.128448400299092,29.776014191534294,29.976044123513944,2335400
2019-05-15,30.21417236328125,30.29037449241832,29.64265730315424,29.718859432291314,904100
2019-05-16,30.48088264465332,30.642810589572946,30.252276242834682,30.318952882931512,644600
2019-05-17,30.185598373413086,30.452304922938637,30.1760728799583,30.290375167811508,779500
2019-05-20,29.99509048461914,30.261798836246076,29.909362865053414,30.00461597754889,733000
2019-05-21,30.395153045654297,30.395153045654297,30.080819036438896,30.080819036438896,813300
2019-05-22,30.509456634521484,30.547558609049545,30.16654794777963,30.36657786364553,528000
2019-05-23,30.29990005493164,30.31895104145998,30.042719004007353,30.242748912148695,799100
2019-05-24,30.3380069732666,30.452309277464455,30.147500710533684,30.40468362018241,1041800
2019-05-28,30.090341567993164,30.509452327827606,30.090341567993164,30.30942244019779,689100
2019-05-29,30.147499084472656,30.185601061685087,29.880792511194727,29.956994648817318,620900
2019-05-30,30.157018661499023,30.37609953707661,30.061765553960363,30.204644306867397,658600
2019-05-31,30.071292877197266,30.118920342267213,29.70933322667579,29.909363129563495,1227900
2019-06-03,30.42373275756836,30.442781929240013,29.852215820966887,29.985569106679737,1349700
2019-06-04,30.538028717041016,30.661854658649418,30.004612083023325,30.557079700427742,967600
2019-06-05,31.033348083496094,31.061922746101317,30.518982354977528,30.518982354977528,1071900
2019-06-06,30.976194381713867,31.109547648811866,30.833313804906574,31.109547648811866,658400
2019-06-07,31.3095760345459,31.385779974117067,30.97619288293163,31.052393188898964,699500
2019-06-10,31.138120651245117,31.56675872521899,31.033345685254893,31.376252510830177,1010100
2019-06-11,31.042869567871094,31.414354689924537,31.023818582944784,31.261950444117897,996400
2019-06-12,31.2905330657959,31.309584055569253,30.899996859454017,31.052401144036097,916900
2019-06-13,31.138120651245117,31.414354480428702,30.928567085660855,31.40483080483098,604500
2019-06-14,31.261947631835938,31.347675239490474,31.090492416526864,31.147645366164394,654400
2019-06-17,31.12860870361328,31.385791644893445,31.090506719659512,31.338165981753825,803900
2019-06-18,31.18575096130371,31.433406504676032,31.061921372815583,31.13812168092863,930500
2019-06-19,31.58580780029297,31.65248442625711,31.17622073588261,31.17622073588261,854900
2019-06-20,31.814422607421875,31.871571936682717,31.42388644518725,31.75726964455668,771700
2019-06-21,31.338153839111328,31.75726459939375,31.338153839111328,31.690587970112542,1323200
2019-06-24,31.642967224121094,31.738218528239162,31.357206044558204,31.385784342677095,1083700
2019-06-25,31.5953311920166,31.78583739317896,31.576283842143575,31.69058610939956,713300
2019-06-26,30.99524688720703,31.642965902243755,30.99524688720703,31.58581294199786,558700
2019-06-27,31.5762882232666,31.61438656190226,31.042871512722623,31.042871512722623,588700
2019-06-28,31.909664154052734,31.928715135848737,31.576281056630794,31.671532332007565,1505400
2019-07-01,32.404991149902344,32.424042138970684,31.91920001267124,32.08113160294982,785500
2019-07-02,32.700279235839844,32.70980291450535,32.3478413539311,32.4811946568782,1104900
2019-07-03,33.0812873840332,33.10986205296987,32.73837682237356,32.786002481802974,812900
2019-07-05,33.10985565185547,33.11938296206238,32.72884681647551,33.005080674808816,578200
2019-07-08,32.89078140258789,33.147964326099256,32.87173041192724,33.04318569426815,995300
2019-07-09,33.10985565185547,33.12890663866509,32.75742147988785,32.766948790094766,796800
2019-07-10,33.128902435302734,33.40513625858777,33.0717531157291,33.22415735726502,828300
2019-07-11,33.20510482788086,33.20510482788086,32.92887101744864,33.10984991035066,547100
2019-07-12,33.32893753051758,33.39561416224199,33.090805664757845,33.319410221069,799800
2019-07-15,33.26225662231445,33.55754143824682,33.176532640557525,33.33846056201462,584800
2019-07-16,33.357521057128906,33.595652986177285,33.28131709570309,33.357521057128906,844700
2019-07-17,33.26225662231445,33.471813822886055,33.19557999187873,33.23368196172881,793100
2019-07-18,33.4622917175293,33.4622917175293,33.21463253548557,33.27178549294274,960300
2019-07-19,33.052711486816406,33.548026320406606,33.052711486816406,33.52897533062182,943000
2019-07-22,33.00507736206055,33.19557994382752,32.852673116484674,33.03365202260483,1296900
2019-07-23,33.88140869140625,34.08143862862536,33.20511492255804,33.33846821403745,1662900
2019-07-24,34.433868408203125,34.4433920838171,33.776622149120314,33.995703024279976,1313600
2019-07-25,34.29098892211914,34.605324731368455,34.138584672253884,34.4814951428517,1566100
2019-07-26,34.662471771240234,34.74819938324378,34.15763340811029,34.281462988471795,962600
2019-07-29,34.59579849243164,34.967283635873734,34.47196890008293,34.86250502954821,1103200
2019-07-30,34.68152618408203,34.76725380456073,34.33861570216725,34.46244529477071,973000
2019-07-31,34.22432327270508,34.79583848470167,34.04334430341402,34.69105984799444,2155200
2019-08-01,34.18621826171875,34.738686066840835,34.07191595616427,34.29099688914568,1119900
2019-08-02,34.14811325073242,34.35767048698427,33.900457671747525,34.214789892520834,926700
2019-08-05,33.605159759521484,33.89092083751169,33.06221952510495,33.738512991328626,2058600
2019-08-06,34.35938262939453,34.3975675593027,33.57653147554331,33.71019147674119,954300
2019-08-07,34.50257873535156,34.64578403541978,33.71018602939706,33.90112157367194,1059600
2019-08-08,35.14223861694336,35.237706427532565,34.67443760458379,34.77945438135003,2145500
2019-08-09,35.07539749145508,35.20905383375617,34.74125299384015,35.15177098340048,836900
2019-08-12,34.55986404418945,35.123132680370354,34.4834869075523,34.903553875332015,678800
2019-08-13,34.84627914428711,34.99902981129987,34.426215720467816,34.55987209887108,849500
2019-08-14,33.81520462036133,34.72216317058684,33.74837644062644,34.34983370010311,1116600
2019-08-15,34.0443229675293,34.23526213175807,33.87247808390956,34.10160580935642,995500
2019-08-16,34.4453010559082,34.531219869523774,33.87248347210216,34.216173294013345,1453000
2019-08-19,34.74125289916992,34.89400352450667,34.64578512403277,34.76989250333863,621600
2019-08-20,34.20663070678711,34.703067553818606,34.1779874580973,34.63623937664658,780300
2019-08-21,34.4071159362793,34.54077229333468,34.321193472191894,34.44530450739872,782900
2019-08-22,34.57896041870117,34.722162095759124,34.25436485209559,34.502583277446895,780800
2019-08-23,33.81520462036133,34.72216317058684,33.69109722477519,34.454850451647275,952700
2019-08-26,34.082515716552734,34.13979492355626,33.67199773767106,34.10160999950794,941800
2019-08-27,33.853389739990234,34.321190592293405,33.75792196206499,34.216173851458265,769100
2019-08-28,34.02523422241211,34.06342278984301,33.61471622718554,33.77701581783574,901300
2019-08-29,34.57896041870117,34.741256381072695,34.27345913740916,34.36892692211446,704700
2019-08-30,35.218597412109375,35.34270842747522,34.559861053989756,34.798534122536836,1975800
2019-09-03,34.874916076660156,35.094494916003235,34.6839804889621,34.85582178951777,1122600
2019-09-04,35.03721618652344,35.189966843936226,34.79854305669952,35.189966843936226,937600
2019-09-05,35.17086410522461,35.51455391228296,35.05630205015918,35.342709008753786,735200
2019-09-06,35.14223861694336,35.43819101488801,35.065861454981174,35.170878231747416,959000
2019-09-09,34.84627914428711,35.32362543393488,34.5216835216521,35.31408011056172,991300
2019-09-10,33.290122985839844,34.894006510034934,33.23284377260162,34.894006510034934,2632400
2019-09-11,33.967952728271484,33.967952728271484,33.25193352548528,33.36649557820971,2176000
2019-09-12,34.33073806762695,34.44530377856109,33.89158043463363,34.17798742824395,1007700
2019-09-13,34.34983444213867,34.52167937712997,33.98705028583896,34.388023014772905,936100
2019-09-16,34.20663070678711,34.46439445195778,33.96795760492628,34.11115928092527,824200
2019-09-17,34.75080108642578,34.9799251983875,34.22571740930081,34.22571740930081,1127500
2019-09-18,34.71261215209961,34.83672316918133,34.426205194255836,34.74125175532537,604800
2019-09-19,34.85582733154297,35.075409847662236,34.741265232336346,34.741265232336346,874200
2019-09-20,34.58850860595703,35.046760565859536,34.34029016004174,34.99902666955231,3124500
2019-09-23,34.63623809814453,34.808083016490144,34.397565005093675,34.41665928956123,1303300
2019-09-24,34.33073806762695,34.93219530351238,34.17798742824395,34.67442791670434,1928500
2019-09-25,34.49303436279297,34.69351887490838,34.19707843405438,34.19707843405438,1811900
2019-09-26,34.4548454284668,34.62669033469253,34.19707806912819,34.52167359845879,796500
2019-09-27,34.1684455871582,34.73171431010949,33.97750635801384,34.72216534562769,1039200
2019-09-30,34.426212310791016,34.464397242364875,34.120711007023274,34.158895938597134,769900
2019-10-01,33.81520462036133,34.77944602830074,33.79611397631935,34.58850681111706,1074700
2019-10-02,33.528804779052734,33.91068329500966,33.39514839102684,33.70064974704701,1502400
2019-10-03,34.00613021850586,34.05386409321928,33.46195603467819,33.48105031293579,1602600
2019-10-04,34.76034927368164,34.76989459502471,34.168441020126515,34.17798634146959,1116300
2019-10-07,34.540771484375,34.74125601526264,34.359381238599866,34.6744278383001,1202200
2019-10-08,33.7101936340332,34.368930150853934,33.70064466954808,34.32119625401699,1723100
2019-10-09,33.97749710083008,34.1493419960545,33.738824039891924,34.1493419960545,1484500
2019-10-10,34.31165313720703,34.48349810859757,33.88204435059419,33.939323579815365,1265000
2019-10-11,34.4071159362793,34.808085007445456,34.4071159362793,34.69352293594978,918200
2019-10-14,34.46439743041992,34.71261951724989,34.33074106452509,34.37847496064998,703600
2019-10-15,34.39756774902344,34.693523719085675,34.359382818904656,34.55031839508657,789600
2019-10-16,34.4453010559082,34.531219869523774,34.092062271242696,34.30209574949114,1389300
2019-10-17,34.655330657958984,34.76989271720065,34.42620653947566,34.52167431520001,1030700
2019-10-18,34.67442321777344,34.81762851610328,34.483484033954326,34.54076688165866,985100
2019-10-21,34.960838317871094,35.046760788515115,34.731714157395615,34.88446481166689,892400
2019-10-22,34.73170852661133,35.12313224233939,34.65533139092669,34.89400447714776,1202000
2019-10-23,34.67442321777344,34.84626811902444,34.359376660054615,34.67442321777344,1344100
2019-10-24,35.17086410522461,35.23769227416795,34.69351796027958,34.75080080874332,1349000
2019-10-25,34.33073806762695,35.21860229712269,34.13979885793257,35.21860229712269,1451400
2019-10-28,34.23526382446289,34.80807770360938,34.18752994151099,34.464387919376755,1958500
2019-10-29,35.61958694458008,35.92508832577783,34.13026497984325,34.13026497984325,2742500
2019-10-30,35.982364654541016,36.06828713868478,35.23770555320404,35.61003510387253,1930300
2019-10-31,35.972816467285156,36.20194064552291,35.648220846562374,35.78187722417826,2081200
2019-11-01,35.925079345703125,36.249674937320606,35.82960791177868,36.16375246772001,1740900
2019-11-04,35.48590850830078,36.19238236225973,35.33315789688559,36.10645991572231,1396700
2019-11-05,35.409542083740234,35.65776051108336,35.094491836332054,35.57183804741409,1524600
2019-11-06,36.039642333984375,36.10647051848644,35.438185031602885,35.438185031602885,1694000
2019-11-07,36.015724182128906,36.35062285645414,35.90090355240009,36.18795695176314,1158400
2019-11-08,36.12097930908203,36.207095697146706,35.88176752557818,35.97745077894686,1549000
2019-11-11,36.245361328125,36.38888617202334,35.891325349663724,36.006149604879866,988700
2019-11-12,36.207088470458984,36.48457495995876,36.17838423019398,36.360183835341374,1230400
2019-11-13,36.41759490966797,36.53241551747906,35.9391714520269,36.08269629927043,1599000
2019-11-14,36.25492477416992,36.40802011661507,36.14967104184872,36.37931588055688,1922400
2019-11-15,36.23577880859375,36.43671936360068,36.08268350244753,36.40801148426825,1947100
2019-11-18,36.17837905883789,36.33147440183676,35.98700896756909,36.101829562298015,1452800
2019-11-19,36.33146286010742,36.532399749569905,36.25491338788567,36.321892351039835,1676800
2019-11-20,36.4463005065918,36.6855122443221,36.14010977430353,36.28363462689284,1833300
2019-11-21,36.10182189941406,36.51326623078152,36.03484292919891,36.43672040056996,1242000
2019-11-22,36.216651916503906,36.312338791827415,35.977440203316746,36.12096869126147,1339100
2019-11-25,36.321903228759766,36.6472312829723,36.16880788854686,36.30276585497305,1981400
2019-11-26,36.25492477416992,36.71421080150537,36.14010417985628,36.38888274254932,18629300
2019-11-27,36.321903228759766,36.39845272390664,35.690384494121425,36.29319899312011,1974700
2019-11-29,36.11139678955078,36.58024963792545,36.08268890591928,36.2740589797802,789500
2019-12-02,36.00614929199219,36.494139597135955,35.95830767777514,36.283632114483524,2484100
2019-12-03,35.97745132446289,36.02529660195484,35.67126052894184,35.757376918312275,2052500
2019-12-04,36.015724182128906,36.27407333658026,35.91047041734332,35.97744942219197,1417300
2019-12-05,36.494140625,36.55155275372619,36.187949905289564,36.436732146355105,1277100
2019-12-06,36.71422576904297,36.809912678381075,36.45587658895365,36.68552152128272,1957100
2019-12-09,36.5706787109375,36.70463665272289,36.4845623697783,36.67593242236321,970100
2019-12-10,36.321903228759766,36.637664421119354,36.235786871759956,36.637664421119354,1349000
2019-12-11,36.59939193725586,36.618529312226244,36.18794750059526,36.34104285027727,2300800
2019-12-12,36.96299743652344,36.96299743652344,36.503711354239115,36.618531962289865,2303100
2019-12-13,37.183074951171875,37.183074951171875,36.70465145185177,36.80990520571525,1357600
2019-12-16,37.29790496826172,37.62323317578714,37.18308432151232,37.33617973387237,1091100
2019-12-17,37.83372497558594,37.843291837961914,37.16393145675596,37.21177306879788,1315800
2019-12-18,37.680633544921875,37.97725376047208,37.46055918658155,37.97725376047208,2535100
2019-12-19,37.8145866394043,37.843290875883504,37.45098382698361,37.68062866906008,1672600
2019-12-20,38.51310348510742,38.60878675422987,37.95813030396553,38.11122937469384,3104600
2019-12-23,37.632781982421875,38.65660764633993,37.57536986712612,38.60876239188658,1349300
2019-12-24,37.47969055175781,37.69976854631261,37.47969055175781,37.62321904384465,372300
2019-12-26,37.671058654785156,37.709333403983976,37.47012169661283,37.54667119501047,714300
2019-12-27,37.60407638549805,37.85285858348809,37.52753054386464,37.690192738636036,587600
2019-12-30,37.66149139404297,37.776311990343565,37.42227968920284,37.58494189645528,727000
2019-12-31,37.77631759643555,37.8624339689611,37.63279274228062,37.65192646943609,967900
2020-01-02,37.900699615478516,37.958108083312005,37.50839260160038,37.91026647675723,1354300
2020-01-03,37.9389762878418,38.00595527043676,37.4796866213609,37.50839450681645,910800
2020-01-06,37.91026306152344,37.98681254517943,37.565797685232035,37.72846351296088,1476300
2020-01-07,37.79545211791992,38.10164283041303,37.79545211791992,37.948547474166475,782400
2020-01-08,38.07294845581055,38.321727105384994,37.82416615615394,37.87201143306786,1767500
2020-01-09,38.58964538574219,38.69489550092068,38.12078869960408,38.27388408996064,1731300
2020-01-10,38.6566162109375,38.914961661805215,38.44610872496103,38.608770945883755,3513800
2020-01-13,38.63747024536133,38.93409038229734,38.49394178227068,38.68531184969806,1559100
2020-01-14,38.47481918334961,38.627914566058074,38.379135937937505,38.54179818515445,872700
2020-01-15,38.83841323852539,38.91495908740127,38.48438093105231,38.493947793381416,1283000
2020-01-16,39.34553527832031,39.3551057893645,38.88624930037266,38.97236564936788,878800
2020-01-17,39.62303924560547,39.64217662608893,39.36469008420189,39.48908123230334,1320200
2020-01-21,39.422088623046875,39.709141931086755,39.4125181110664,39.51777184236656,1166200
2020-01-22,39.70914077758789,39.74741552423627,39.46992908615664,39.49863332110255,896000
2020-01-23,39.98663330078125,40.07274966880481,39.39338558769395,39.498639331953996,1303700
2020-01-24,40.02490997314453,40.21627644452619,39.823969338063435,40.0918889681444,1179300
2020-01-27,39.862239837646484,40.14929316416159,39.489070148168736,39.55604913601956,2111800
2020-01-28,42.723209381103516,43.00069216800769,40.4554799272237,41.029590174442184,3825200
2020-01-29,43.06767272949219,43.36429655060891,42.550978233142956,42.98155637175384,2089300
2020-01-30,43.40257263183594,43.47911847990992,42.723212261075076,42.79019124692017,1807800
2020-01-31,42.96242904663086,43.47912361993565,42.809333682303254,43.220774508242556,2763000
2020-02-03,43.64177703857422,43.88098870517453,43.21119530867758,43.25903691198157,2709800
2020-02-04,44.260101318359375,44.49017493817298,43.97251203626446,44.02044297379759,1487100
2020-02-05,44.52852249145508,44.6819036903162,44.2696910327089,44.57645343043113,1443800
2020-02-06,44.80652618408203,44.83528401552805,44.394313534507006,44.40389825935696,1288800
2020-02-07,44.81610870361328,45.00783610324323,44.61479657960503,44.749004662277194,1798700
2020-02-10,45.4200553894043,45.48715944057531,44.749011220797655,44.78735743772295,1126400
2020-02-11,45.34335708618164,45.72681189200611,45.2858414251352,45.58301542559792,1663700
2020-02-12,44.88320541381836,45.2762448732583,44.52851215942022,45.24748704792465,2005500
2020-02-13,45.52550506591797,45.592609116217,44.787356855732206,44.83528779781773,1132300
2020-02-14,45.870609283447266,45.995232656323026,45.42963877252864,45.5350890375084,1325900
2020-02-18,46.11985397338867,46.301993004937074,45.70764131424036,45.88019562071622,984600
2020-02-19,46.455379486083984,46.627933812178284,46.17737488772131,46.33075976149106,1251100
2020-02-20,46.503299713134766,46.59916523714686,45.774740015121964,46.27322976929739,1330900
2020-02-21,46.35951614379883,46.67586329379181,46.03358061104744,46.39786236103936,1402100
2020-02-24,45.35294723510742,46.234888203220095,45.16121982472322,45.51591315695147,1121800
2020-02-25,44.25052261352539,45.803507873625485,44.106726124467556,45.57343787940891,2139900
2020-02-26,44.317623138427734,45.07494442763448,44.18341504300301,44.49976217409038,1595700
2020-02-27,42.189453125,43.98210016497824,42.179868400306944,43.72326871551246,1599900
2020-02-28,41.23081970214844,41.56634357633525,39.869562069830586,41.05826905961043,2983900
2020-03-02,43.560306549072266,43.68492993265392,41.556762313029445,41.78683597064969,3366800
2020-03-03,42.67835998535156,43.86706336960309,42.0840082932258,43.502785305630404,2329600
2020-03-04,45.10370635986328,45.15163730445764,43.167266211698596,43.39733986540684,1558200
2020-03-05,44.01085662841797,44.739416360023405,43.291881621207764,44.06837594547734,1854100
2020-03-06,43.29189682006836,43.39734710991723,41.70056505836968,42.601679400619254,1928700
2020-03-09,40.444740295410156,42.17986800007776,39.28479480306308,42.17986800007776,2946400
2020-03-10,41.84434509277344,42.093588142245665,39.89831700313053,41.40337099463668,2622000
2020-03-11,39.879146575927734,41.087026665345896,39.179344657345624,40.7610911745231,2219600
2020-03-12,36.035030364990234,38.191955557650715,35.479021226683095,36.993663783950446,2800200
2020-03-13,38.191951751708984,38.22070958120518,34.91342388399406,37.65511577410591,2855000
2020-03-16,35.47901916503906,37.09911188935376,33.552167713930466,34.37659299143328,2717400
2020-03-17,38.268646240234375,38.498719881306165,35.46943827242367,36.351379306589855,3223000
2020-03-18,35.26813507080078,36.95532879147334,33.475487400020526,36.11173010268837,3060600
2020-03-19,33.283756256103516,35.08598460129136,31.64449019354174,35.038053657719786,2787000
2020-03-20,32.22925567626953,33.82058706248424,31.80745827329691,33.19747751197217,2711100
2020-03-23,30.35033416748047,31.93208078556742,29.43004695476268,31.93208078556742,1871400
2020-03-24,34.06982421875,34.21361700213568,31.567791024748082,31.9320726584035,2863300
2020-03-25,32.71815872192383,34.692941170782625,32.612708463606864,33.983554507935,2292800
2020-03-26,34.41493225097656,34.49162100295805,32.55518156156233,33.197467686772036,1747500
2020-03-27,34.4437141418457,35.46945205744151,32.85238211473371,32.986590267144685,1163600
2020-03-30,35.75703430175781,35.833726748828525,34.02190974110018,34.71212348025084,1389400
2020-03-31,34.721710205078125,35.75703259277002,34.18487407193238,35.30647728690366,2008500
2020-04-01,33.01533126831055,33.993137724457725,32.53601459315385,33.39878607119431,2277500
2020-04-02,33.417964935302734,34.13694007192492,32.30595020360295,32.5935395268725,1656200
2020-04-03,32.02793884277344,33.85892832442589,31.86497293486471,32.95781432664003,1154900
2020-04-06,34.48204803466797,34.64501397374067,32.919474411652374,33.513826155471286,1465000
2020-04-07,34.472469329833984,36.18842464773986,34.44371148707613,36.00628554877742,1240000
2020-04-08,35.661155700683594,35.8624677946296,34.10817094369299,34.87507677079357,1540700
2020-04-09,37.41546630859375,37.5688475304093,36.00627747594365,36.13089720455224,1430800
2020-04-13,36.591033935546875,37.13745832016345,36.02544375851699,37.10869683240715,1470000
2020-04-14,37.990638732910156,38.13443153388613,37.26207537647357,37.32917941497485,1590500
2020-04-15,36.35137939453125,37.6071905555892,36.265105892929135,37.21415097951709,1424400
2020-04-16,35.90081787109375,36.79234713400415,35.55570929746445,36.71565471457727,1260200
2020-04-17,36.5239372253418,37.13746577641031,36.33221343858576,36.95532305933652,1439700
2020-04-20,35.77619171142578,36.44723570118603,35.344806028230224,36.21716211784989,1938700
2020-04-21,34.03147888183594,35.038043018792834,33.96437484983184,34.82714619973517,1460800
2020-04-22,34.22322082519531,34.74088385553017,34.07942432002551,34.70253763323195,1314800
2020-04-23,33.15912628173828,34.414937232145505,33.101606966755405,34.29031387813053,1256700
2020-04-24,33.32209396362305,33.52340974833752,32.65105353756164,33.30292451450362,1709600
2020-04-27,34.26155090332031,34.510793917020415,33.45629889898069,33.45629889898069,1867900
2020-04-28,34.12733840942383,35.43108006829581,33.417951931852166,34.5203778515636,2773800
2020-04-29,35.12432861328125,35.459852511006254,34.17528355671087,35.00929362455376,1343600
2020-04-30,34.424530029296875,34.807984905317305,34.10818286494223,34.38618381031549,3004500
2020-05-01,33.60969161987305,34.117766201542835,33.23582148537821,33.782245941364025,1402700
2020-05-04,34.098594665527344,34.26156426862822,33.27416923746778,33.38920789503195,1166500
2020-05-05,35.04763412475586,35.36398120639573,34.27113984944676,34.29031295392429,1705400
2020-05-06,34.16569519042969,35.56529913410672,34.14652208281675,35.46943725293841,1467000
2020-05-07,35.594058990478516,35.68033614232908,34.577906275004764,34.577906275004764,1182400
2020-05-08,36.1273193359375,36.357920868676885,35.85828726881406,36.15614681833431,1226500
2020-05-11,36.46360778808594,36.780680726093735,35.74298314272964,35.74298314272964,1847000
2020-05-12,36.04084014892578,36.6557762783519,36.03123343273649,36.49243278084113,1165900
2020-05-13,35.29139709472656,35.906329653451294,34.801373857395035,35.69494887719415,1575500
2020-05-14,35.4643440246582,35.512384939082914,34.38821214733998,34.82058770773604,1446000
2020-05-15,35.550819396972656,35.70455252342917,34.801370863658,35.176095130315325,1984800
2020-05-18,37.04971694946289,37.30914226533693,36.41556739908853,36.51164922039601,1108600
2020-05-19,36.886375427246094,37.43404990161379,36.70381849088577,36.82872779749375,1187800
2020-05-20,36.84793472290039,37.6069934797352,36.82872129323402,37.19383510147251,1345000
2020-05-21,37.21306228637695,37.3956192399947,36.63656394263568,36.71342867800055,1111300
2020-05-22,36.915199279785156,37.22266918835388,36.578909221597584,37.193841708161564,917800
2020-05-26,37.51091766357422,37.89524862817174,37.36679126104598,37.77034298895305,1055200
2020-05-27,38.3948974609375,38.490982989291076,37.84722277783058,38.19312334932719,1334900
2020-05-28,38.67353057861328,38.97139014605135,38.4141052131583,38.72157149844852,880000
2020-05-29,38.625492095947266,38.85608999182145,38.18350974111553,38.500582764264394,1753000
2020-06-01,38.6639289855957,38.83687558686888,38.09703725971002,38.76961755712716,1129400
2020-06-02,39.29806900024414,39.33649953250795,38.44292459853341,38.73117741487628,1019100
2020-06-03,40.64323043823242,40.80657393517718,39.499840620765504,39.62474992251307,1228300
2020-06-04,40.393409729003906,40.67205210644391,40.0475093522213,40.40301644378739,1006200
2020-06-05,41.056396484375,42.01722955070333,40.90266334037396,41.594464321022286,1189200
2020-06-08,41.35425567626953,41.36386239411856,40.739323105888715,40.854622046513306,1500800
2020-06-09,41.36386489868164,41.73858922736638,40.86423123867283,40.98914056999689,1126900
2020-06-10,41.17169189453125,41.75780060116372,41.02756914611656,41.19090899404393,1496200
2020-06-11,39.048255920410156,40.345382782088855,39.038649202303205,40.28773147758513,1636000
2020-06-12,39.07707214355469,40.278113264248454,38.36605785266449,40.201248538473095,1974700
2020-06-15,39.7208366394043,39.96104489105399,37.943297043311404,38.10663689509541,1394100
2020-06-16,39.92261505126953,40.931489085325,39.76888190003525,40.88344816280568,1412700
2020-06-17,40.335777282714844,40.758542571070265,39.94183581745772,39.98987674438414,1336600
2020-06-18,40.22046661376953,40.83539909606439,40.01869258025779,40.19164279906406,1052900
2020-06-19,39.51905822753906,40.72009935327632,39.49984112969287,40.604796766199165,2047600
2020-06-22,39.807308197021484,40.22046664613709,39.09629022299166,39.4806248573786,1319900
2020-06-23,39.605533599853516,40.40302300672295,39.59592321822288,40.38380590874834,983900
2020-06-24,38.48136520385742,39.39415738860203,38.41410717958768,39.39415738860203,1620000
2020-06-25,39.3941535949707,39.43258779522006,37.94329735578468,38.56783661604489,1051400
2020-06-26,38.51018142700195,39.326887863021014,38.385272133336635,39.07706927569038,1648100
2020-06-29,38.40449523925781,38.894518444491204,38.164286995159955,38.894518444491204,1011600
2020-06-30,39.16354751586914,39.27885010324234,38.36605811228105,38.38527521017659,1215100
2020-07-01,39.48062515258789,39.66318208937903,39.00020868865535,39.11550761371887,1266200
2020-07-02,39.25002670288086,39.922610537977356,39.19237906848978,39.730443204337355,1544400
2020-07-06,39.048255920410156,39.96104808263872,38.91373987518881,39.93222426303053,1548100
2020-07-07,39.1539421081543,39.61514147720121,38.750394034720784,38.884910059198624,1055800
2020-07-08,39.46141052246094,39.7880938849802,39.11551006034796,39.259636474657356,1054000
2020-07-09,39.29806900024414,39.59592486804445,38.692743217325656,39.45180212515982,830900
2020-07-10,39.797698974609375,39.8073093566567,39.14433594157707,39.432585093120956,628900
2020-07-13,39.34609603881836,40.23006027902466,39.269227670825366,40.133978484318945,889200
2020-07-14,40.306949615478516,40.306949615478516,39.35572322578907,39.35572322578907,1202900
2020-07-15,40.65284729003906,40.97953067063737,40.53754468609578,40.75853584572298,962000
2020-07-16,41.728973388671875,41.7674075845695,40.566366452418656,40.662448276876056,1553200
2020-07-17,41.9884033203125,42.24782867315744,41.392687879679876,41.796235985025085,868300
2020-07-20,42.04605484008789,42.20939837302496,41.75780564316721,41.80584656510609,730900
2020-07-21,42.555294036865234,42.92040793431683,42.14213555765008,42.19978319130718,1259900
2020-07-22,43.19904708862305,43.22787456854133,42.2862550839937,42.2862550839937,1275100
2020-07-23,43.343177795410156,44.044585454944894,43.218268477461294,43.237485577552434,1555000
2020-07-24,43.621826171875,43.85242407370565,43.17984014033906,43.38161788605033,1323700
2020-07-27,43.70830535888672,44.08302973311338,43.52574469892856,43.66987114991785,929900
2020-07-28,42.73784637451172,44.65951214853807,41.7962305850732,44.400086829210125,1554700
2020-07-29,43.19904708862305,43.42003821980081,42.737847728084226,42.824322837265676,995800
2020-07-30,43.00687789916992,43.13178719927827,42.430379639924006,42.71862876954696,1004200
2020-07-31,43.6890754699707,43.69868218675782,42.67059122205522,43.14140098093425,1761400
2020-08-03,43.74673080444336,44.284798671438786,43.5641738310478,43.717906983719715,930500
2020-08-04,43.76116180419922,43.76116180419922,43.23171600371715,43.45312047765903,875400
2020-08-05,43.92481231689453,44.07883298539764,43.77079164839142,43.905559274313845,707100
2020-08-06,43.91518020629883,44.146213025379346,43.69377574375696,43.86704944003183,714000
2020-08-07,44.3387451171875,44.35799816044782,43.75154015024648,43.84780169440557,628900
2020-08-10,44.2136116027832,44.60828989344798,44.06921558360252,44.37725699718755,727600
2020-08-11,43.95368957519531,44.69491518199349,43.90555880532891,44.52164147276054,971700
2020-08-12,44.088462829589844,44.57940629248872,44.03070736723197,44.435010292308384,732400
2020-08-13,44.10770797729492,44.29060636225309,43.81891970078229,43.828544385404435,516900
2020-08-14,44.10770797729492,44.492761460739885,43.94406263372322,44.01144644250477,433300
2020-08-17,44.2809944152832,44.40613738422215,43.99220605569913,44.19435754019366,650400
2020-08-18,44.367618560791016,44.560145302656665,44.049948885891375,44.126961051494504,628500
2020-08-19,44.24248123168945,44.60828172035374,44.232856545841045,44.367624180574566,391100
2020-08-20,44.078834533691406,44.435006653588886,43.95369158859241,44.04032844717748,544200
2020-08-21,43.81892395019531,43.97294462408127,43.52050728797891,43.97294462408127,1019700
2020-08-24,44.01144790649414,44.165468570567015,43.72265594823301,44.165468570567015,604400
2020-08-25,44.29060745239258,44.55051800929387,44.049949937351634,44.27135808267449,723300
2020-08-26,43.95368957519531,44.28098395128617,43.77079118084603,44.28098395128617,1105600
2020-08-27,44.3387451171875,44.6275334218073,44.098087584647246,44.14621835672679,739900
2020-08-28,44.48313522338867,44.64678424689965,44.08845703651699,44.62753120459587,710900
2020-08-31,44.66603469848633,44.94519461534349,44.23285045213262,44.3483650271129,882200
2020-09-01,44.94520568847656,45.04147091812873,44.40613509099655,44.66604570284286,725600
2020-09-02,45.416893005371094,45.5227829146239,44.76230417739264,44.90670017585425,826300
2020-09-03,44.16547775268555,45.63830088859503,43.93444487247276,45.61904784256538,771300
2020-09-04,43.559017181396484,44.65641503776063,42.80816678959845,44.46388826054136,959800
2020-09-08,42.53862762451172,43.318359415970605,41.84553637091331,43.27022863993698,1754300
2020-09-09,43.70341491699219,44.25211386695284,42.779287084088416,42.94293613647024,1451400
2020-09-10,43.183589935302734,43.95369333547536,43.164336891280584,43.66490501942846,763900
2020-09-11,42.971805572509766,43.53013277359752,42.81778490878595,43.32797766884441,1022000
2020-09-14,43.48200225830078,43.80929665728115,43.289479165370956,43.424246799278876,947200
2020-09-15,43.472373962402344,44.088456621758255,43.40499015104419,43.664900711486645,674900
2020-09-16,43.49162673950195,44.184721563125024,43.443495970559745,43.74190894128679,1081500
2020-09-17,43.087318420410156,43.3857350509427,42.64450948902029,43.029562968924076,979000
2020-09-18,43.12582778930664,43.8189226370951,43.03919093333309,43.414616085171026,2466500
2020-09-21,42.37497329711914,42.760023096164325,41.82627448756966,42.37497329711914,1663600
2020-09-22,42.84666442871094,42.962182685444645,42.26908783361212,42.29796556172433,864700
2020-09-23,41.72038269042969,43.07769078965377,41.69150496666169,42.81778025931616,919900
2020-09-24,41.932167053222656,42.66376428862218,41.54711355744883,41.74926499026606,1016100
2020-09-25,42.2979621887207,42.35572131248163,41.450850406413416,41.778144763441006,675800
2020-09-28,43.193206787109375,43.30872503029024,42.40385048608346,42.62525494396712,783300
2020-09-29,43.48200225830078,43.72265979660568,43.0584463128555,43.15471153146303,1067100
2020-09-30,43.57826614379883,43.94406661903195,43.26059644032579,43.636025273196424,922700
2020-10-01,43.26060104370117,44.00182675853651,43.07770262269358,43.80929997886685,995200
2020-10-02,43.6649055480957,44.18472672655939,42.788912231266615,42.875549094343896,1003600
2020-10-05,44.02107238769531,44.28098294564202,43.6745249770997,44.09808455544646,1004600
2020-10-06,44.02107238769531,44.73342025082433,43.895929451170836,44.21359913493091,1044900
2020-10-07,44.540889739990234,44.67565735002493,44.14621159397065,44.24247312338344,764300
2020-10-08,44.964454650878906,45.09922228800974,44.58902946968795,44.82968701374807,612300
2020-10-09,45.45539093017578,45.72492616193963,45.08959049268047,45.243611149708684,727900
2020-10-12,46.504661560058594,46.56241701602045,45.54203145784192,45.734554540571324,590800
2020-10-13,45.59978485107422,46.639427077067836,45.50352331406396,46.30250435324742,682900
2020-10-14,45.224361419677734,46.158113786856205,45.205108377121825,45.70567646714831,661500
2020-10-15,45.55166244506836,45.869332185376955,44.61790994165053,44.84894281388796,696900
2020-10-16,45.67679977416992,46.10998406113548,45.532403787800575,45.72493054557888,430700
2020-10-19,44.72379684448242,45.9270845577249,44.65641302631226,45.68642701507641,534300
2020-10-20,44.675662994384766,45.25323958811694,44.560148410066816,44.82005897888902,577100
2020-10-21,44.8104362487793,45.243620584549305,44.68529329130288,44.868195384262926,576500
2020-10-22,44.89707565307617,45.195492361724185,44.60828730362431,44.85856956057776,737400
2020-10-23,44.97408676147461,45.06072363145055,44.50239632001828,45.051095272484886,791700
2020-10-26,44.84893798828125,44.983705619192946,44.13659007499329,44.62753349862024,1240900
2020-10-27,43.5301399230957,45.56129028415252,43.087327229036575,45.484278103570794,1199400
2020-10-28,42.51937484741211,43.07770213491782,42.29797033854901,42.87555067101797,1168400
2020-10-29,41.83590316772461,42.577128783663795,41.460478017137504,42.297965173996616,1091800
2020-10-30,41.88404083251953,42.66377266203164,41.43160710915197,41.758901543153506,1457300
2020-11-02,42.837032318115234,43.135448921403494,42.249827467335464,42.4134764666038,943600
2020-11-03,42.753108978271484,43.35118844767132,42.61805913161659,43.35118844767132,1211100
2020-11-04,44.267608642578125,44.81745662149441,42.52160156841103,42.569833137120156,871000
2020-11-05,43.89139938354492,44.75958238174604,43.84316781249664,44.49912748228571,746400
2020-11-06,44.11326599121094,44.306195948401175,43.89139782838367,44.13255935491325,576500
2020-11-09,44.29654312133789,46.89144324968415,44.15184842738311,46.3030085933702,1854000
2020-11-10,45.52165603637695,45.5795361371642,44.286909991583556,44.47019145765962,795500
2020-11-11,45.30942916870117,45.88821536537974,44.991094184644936,45.87857052336268,640800
2020-11-12,44.71134567260742,45.33836711528386,44.431601097718016,45.01038729108636,630900
2020-11-13,45.492698669433594,45.52163686772492,44.95249566239318,44.981437540516445,428800
2020-11-16,45.975032806396484,46.013619533411664,45.49270975820524,45.83998294167618,643100
2020-11-17,45.71458053588867,45.83998556595085,45.27084418930932,45.6084688704386,611300
2020-11-18,45.3287239074707,45.84963002834829,45.30943054301849,45.69528679256363,702400
2020-11-19,45.7628059387207,46.03290932704749,44.85604000318106,45.38659457908013,839000
2020-11-20,45.512001037597656,46.14866728486216,45.309426249793646,45.81104263852214,1508700
2020-11-23,44.865684509277344,45.772454117879064,44.711341294171255,45.695280670409765,1079900
2020-11-24,44.80781173706055,45.73387110279303,44.65346850943846,45.10684967067237,1090400
2020-11-25,44.23866653442383,44.88497759373847,43.920331585329166,44.68240281513231,1069700
2020-11-27,44.00715255737305,44.33513236742972,43.75634619901569,44.0457392832227,711100
2020-11-30,43.43800735473633,43.84316058034241,43.283664144941724,43.73704893364005,1712600
2020-12-01,43.99749755859375,44.007142397913206,43.31259989212453,43.872092568449624,1690700
2020-12-02,43.47659683227539,44.267606292578435,43.04250537727186,44.09396971057703,1040000
2020-12-03,43.032867431640625,43.746703556626066,42.93640060405259,43.399434016808755,1273200
2020-12-04,43.22578811645508,43.53447453872434,42.92674653495504,43.023209661977035,1091300
2020-12-07,43.032867431640625,43.65988525171343,42.87852418733297,43.14862394491306,1359700
2020-12-08,43.7274055480957,43.901038445039376,42.74346617297484,42.7724043758267,963500
2020-12-09,43.630943298339844,44.00715469405848,43.573063206755094,43.823873257122784,1025400
2020-12-10,43.29331588745117,43.78528375533728,43.28366736621523,43.428365746093135,869400
2020-12-11,43.41871643066406,43.987857738696654,43.01356686214896,43.01356686214896,1125500
2020-12-14,43.84316635131836,44.50877084120103,43.6598812356771,43.765992896346695,1069200
2020-12-15,44.981449127197266,45.0586189024628,43.91069135662051,44.12291467830826,936500
2020-12-16,44.34477233886719,45.28047634139938,44.2579540623609,45.25153814250795,853300
2020-12-17,45.039329528808594,45.058622894292434,44.383369821690884,44.41231170983324,763400
2020-12-18,44.34477233886719,45.49269961282185,44.19042914505957,45.46376141393043,2601400
2020-12-21,44.37372589111328,44.40266410001736,43.41872451911268,44.0650393966922,788100
2020-12-22,44.074676513671875,44.34477990881767,43.929981814682385,44.161494804998625,891900
2020-12-23,44.074676513671875,44.61487962413083,43.929981814682385,44.373718112649044,852900
2020-12-24,44.672760009765625,44.69205337239285,44.12291205430416,44.219375187607596,262600
2020-12-28,44.257965087890625,45.12614438940202,44.2290232019572,44.91392474494346,367300
2020-12-29,44.40266418457031,44.614887529826404,44.12291957835389,44.45089943927999,648000
2020-12-30,44.6148796081543,45.05861590596205,44.373718096758864,44.6438178119753,712000
2020-12-31,45.733882904052734,45.85928795880319,44.53771982144676,44.88499309316571,900000
2021-01-04,44.71134567260742,45.82069016970177,43.99750961277532,45.82069016970177,1370000
2021-01-05,44.682403564453125,45.05861492526859,44.431597217187,44.83674678119364,932100
2021-01-06,45.56023406982422,45.74351550089994,44.267608171089904,44.933216323618176,1534500
2021-01-07,46.18724822998047,46.505579473858646,45.50234682195178,45.77245018505421,1076900
2021-01-08,46.322303771972656,47.03613978841112,45.772455817747776,46.46699847160241,961700
2021-01-11,45.31907653808594,46.158317674022776,45.212964870816194,46.081147894084026,807900
2021-01-12,45.19367599487305,45.55059776202056,45.058626106691165,45.232262728591714,574900
2021-01-13,44.64382553100586,45.28049188397771,44.55700722469909,44.97180539040549,767200
2021-01-14,44.132568359375,45.01039634785447,44.093981624097445,44.86569793048045,561100
2021-01-15,44.663116455078125,45.09720796287995,44.045743501685784,44.08433023123107,1000400
2021-01-19,45.077911376953125,45.56988294391783,44.92356814963402,45.10684958212771,794400
2021-01-20,45.926795959472656,45.98467236351123,44.90426989007973,44.991088175970006,823100
2021-01-21,45.782100677490234,46.283717065373104,45.66634418177346,45.83998076526495,937300
2021-01-22,45.81103515625,45.96537835220138,45.48305540487432,45.75315507783121,726800
2021-01-25,46.04256057739258,46.428420511667916,45.59882422885909,45.743518944337545,1129500
2021-01-26,44.055381774902344,46.27407055509003,44.01679873094338,45.60846244910071,1949500
2021-01-27,42.521602630615234,43.78528668959266,42.47336738086835,43.592356730103866,1650200
2021-01-28,42.34797286987305,43.110040629107836,42.30938613578094,42.627717492457045,1498000
2021-01-29,41.56660842895508,42.92675953906701,41.54731506173952,42.0199933589369,1916400
2021-02-01,41.441200256347656,42.155040070149234,41.20968722688943,41.81741168909221,1540700
2021-02-02,43.11002731323242,43.11002731323242,41.77881851674168,41.86563680171563,1228100
2021-02-03,42.1839714050293,42.984629394369456,41.99104145869639,42.830286173269656,926300
2021-02-04,42.44788360595703,42.9408999909924,41.91619825685113,42.273876955315046,1092800
2021-02-05,43.279239654541016,43.4435771890371,42.776554280363804,42.85389219377938,784600
2021-02-08,43.98493957519531,43.99460497230501,43.18257517110209,43.32758194147507,1610300
2021-02-09,43.82060241699219,44.27494983886877,43.74326448869594,43.99460538030796,726400
2021-02-10,43.578922271728516,44.18794179752612,43.45324999549687,43.98493528892692,560900
2021-02-11,43.79160690307617,43.97528267271901,43.45326262374894,43.57893493650308,815400
2021-02-12,43.308250427246094,43.79160144471017,43.11490928272534,43.71426719950723,830900
2021-02-16,42.989234924316406,43.38558255812595,42.592887290506866,43.221241316574364,1867900
2021-02-17,42.77655792236328,42.902230198526006,42.4478791377127,42.6702201262006,1200400
2021-02-18,42.84422302246094,42.96989528766489,42.44787543620969,42.67988548830356,985200
2021-02-19,44.07194519042969,44.08161058804173,42.795898820458916,43.085908688602174,1512800
2021-02-22,44.64229965209961,44.81630631100008,43.58859430105809,43.81093532350302,1600000
2021-02-23,45.36732482910156,45.531662397836755,44.30395411181086,44.74863614357421,1335800
2021-02-24,46.198692321777344,46.39203347126785,45.164321412830176,45.36732796034114,1305000
2021-02-25,45.18364334106445,46.30501727129486,45.15463977971108,46.18901040123074,1121200
2021-02-26,44.37162399291992,45.521998063967644,44.37162399291992,45.24165359439009,1117200
2021-03-01,45.28032302856445,45.773339439064465,44.661634322181854,44.85497546484531,987700
2021-03-02,44.83564376831055,45.24165687422917,44.34262363949415,45.08698468802077,1266500
2021-03-03,44.03327560424805,45.183653350676984,44.03327560424805,44.50696120942623,941100
2021-03-04,43.43391036987305,44.24593999574374,43.308238108529785,44.03326442849739,1095400
2021-03-05,44.506954193115234,44.60362290333648,43.51124877699683,43.82059676258962,950000
2021-03-08,44.806640625,45.463998344567415,44.419961999632946,44.58429958568688,716600
2021-03-09,44.53594970703125,45.31897945876723,44.51661522934553,44.96129715309333,1321000
2021-03-10,44.9613037109375,45.1836483929161,44.43928748798257,44.55529068334199,925900
2021-03-11,44.86463928222656,44.980642488668344,44.50696057788706,44.980642488668344,871600
2021-03-12,45.260986328125,45.35765505088299,44.84530418244993,45.00964543634899,863100
2021-03-15,45.58000183105469,45.6380015922861,45.04831276859628,45.32865724013334,802500
2021-03-16,45.38665771484375,45.57999884418843,45.02897902254504,45.42532667824775,643400
2021-03-17,44.825965881347656,45.396320147448556,44.738962563207686,45.396320147448556,1202100
2021-03-18,44.18794250488281,44.835634688744896,44.1009391872797,44.835634688744896,1448500
2021-03-19,43.26957702636719,44.36195124643428,43.12457394859383,44.226613565442385,3497800
2021-03-22,43.83026885986328,44.08160975747162,43.05690799682747,43.05690799682747,1244200
2021-03-23,44.10093307495117,44.42961181948906,43.72391998014953,43.77225433041328,977700
2021-03-24,44.352291107177734,44.748638800355046,44.15894995955267,44.15894995955267,1001100
2021-03-25,44.37162399291992,44.50696168508136,44.04294516009549,44.18794824983608,1050600
2021-03-26,44.65195846557617,44.70996190588194,44.18794200615505,44.47795183233387,1153700
2021-03-29,44.709957122802734,44.91296361064274,44.33294402033569,44.39094376676162,1016400
2021-03-30,44.47795486450195,44.89363699584382,44.33295178536484,44.6712959910267,743900
2021-03-31,44.18794250488281,44.622959092898384,44.01393586967659,44.526290378972725,1206300
2021-04-01,44.970970153808594,45.00963911254901,44.197609417374736,44.28461273070322,1089000
2021-04-05,45.12565612792969,45.52200385727559,44.91298047736691,45.20299038143142,794500
2021-04-06,45.38665771484375,45.405992196545746,44.970975577439035,45.03864441955838,528300
2021-04-07,45.550987243652344,45.57999080492745,45.10630530596395,45.541321848343756,664000
2021-04-08,45.763671875,45.8700096828148,45.33832433141618,45.63799958506656,754500
2021-04-09,46.23735427856445,46.26635415590449,45.608996559912704,45.937675357908596,788000
2021-04-12,46.266357421875,46.450029470785964,46.06335089081413,46.2856919040249,716500
2021-04-13,46.85605239868164,46.90438676659171,46.034353393506855,46.034353393506855,933500
2021-04-14,46.6240348815918,47.20405826762571,46.537031558070474,46.89471024913578,848700
2021-04-15,47.33940124511719,47.397401008833675,46.83671572941187,46.84638112747271,742600
2021-04-16,47.90007781982422,48.09341893498732,47.45539583632163,47.78407462579638,863900
2021-04-19,47.83241653442383,48.02575768011152,47.65840987207247,48.016088594605534,942800
2021-04-20,47.72608184814453,48.219101986347205,47.677747480473414,47.86141955269401,663200
2021-04-21,48.14175796508789,48.19976141156986,47.513403889405886,47.77441017938623,888000
2021-04-22,48.30610275268555,48.56711274943137,47.80341724276869,48.035423670314515,1090400
2021-04-23,48.79912185668945,48.93445956146895,48.354439773078006,48.41244322698745,1207200
2021-04-26,48.14175796508789,49.205132357871555,48.12242348292723,48.895788018651864,844000
2021-04-27,50.1428337097168,51.2352080458858,49.93016176884386,50.529516000227694,1499600
2021-04-28,50.68417739868164,50.8968529819954,50.133157648891306,50.133157648891306,1091400
2021-04-29,51.05154037475586,51.24487784895592,49.93016606108616,50.89686818279024,2502000
2021-04-30,51.40922164916992,52.00857596147914,51.14821162098459,51.15787702009836,1781600
2021-05-03,51.331871032714844,51.72821867669921,51.022526709979495,51.4962122784853,1201600
2021-05-04,51.60255813598633,51.699226869052836,51.20621043013238,51.235210312517175,639700
2021-05-05,51.3898811340332,51.64122204594048,50.8291958593128,51.64122204594048,1399400
2021-05-06,51.76688766479492,51.950563391787405,51.4865432197776,51.62188458775767,1465900
2021-05-07,51.992515563964844,52.34113426047249,51.54705998246747,51.605164329915524,1222500
2021-05-10,51.68263626098633,52.65101994649001,51.67295404953115,52.08935932982499,1070300
2021-05-11,50.33658218383789,51.45022487003888,50.23974529551193,51.44053896475199,1116800
2021-05-12,49.290733337402344,50.50121299997027,49.271365219510365,50.20101271378075,844100
2021-05-13,50.50121307373047,50.665836534916586,49.174524701872954,49.19389281979323,1042700
2021-05-14,50.84983444213867,51.06288007168375,50.472165330920554,50.704579080796215,827200
2021-05-17,50.57868576049805,50.82078171207659,50.25912102534173,50.7239448090816,531300
2021-05-18,50.41405487060547,50.88856079720789,50.336582404332944,50.64646488124202,768700
2021-05-19,50.375328063964844,50.41406430434964,49.784613327416,50.07512774211952,784900
2021-05-20,50.60773468017578,50.90793498162772,50.12354279053193,50.414060879591005,776200
2021-05-21,50.4431037902832,50.97571405172209,50.12353541696562,50.73361814251438,671400
2021-05-24,50.510894775390625,50.69488635263835,50.36563573950139,50.627099787647566,767100
2021-05-25,50.18164825439453,50.723944512633885,50.12354389648248,50.6271039161138,872200
2021-05-26,50.02671432495117,50.26881031059149,49.8427227057375,50.0654505692356,1364900
2021-05-27,50.752994537353516,50.82078110746177,50.036388903806426,50.20101606984861,1681500
2021-05-28,50.859519958496094,51.06287967926747,50.64647433058826,50.90793841190482,579500
2021-06-01,50.8885612487793,51.314652428878176,50.62709721392513,51.09192093341346,1035500
2021-06-02,50.71425247192383,51.082239306009164,50.62709779264284,51.082239306009164,655400
2021-06-03,50.6174201965332,51.053193632672205,50.278483659940235,50.5302655093054,1105600
2021-06-04,50.71425247192383,50.79172493976941,50.41405589424867,50.743306494411215,478500
2021-06-07,50.07512283325195,50.71425596058192,50.05575471495822,50.71425596058192,524500
2021-06-08,50.41405487060547,50.41405487060547,49.842708361162394,49.98796369428761,550600
2021-06-09,50.08481216430664,50.4624812616329,50.026707805452176,50.35595845077861,508500
2021-06-10,50.171958923339844,50.45278737817627,50.113854573671695,50.210691462361424,552300
2021-06-11,50.52058410644531,50.5302700137179,50.07512841827889,50.162283113275905,593000
2021-06-14,50.4721565246582,50.53026087551202,50.26879683780574,50.51089275856074,721900
2021-06-15,51.2662353515625,51.4502306317133,50.326905608519915,50.47216095727533,899000
2021-06-16,51.04350662231445,51.527698497754564,50.86919725162875,51.334021008760345,1240000
2021-06-17,50.96603012084961,51.50832257495678,50.67551577842215,50.95634421611753,1239300
2021-06-18,50.171958923339844,50.7723557602153,50.09448645711565,50.61741452185742,1721400
2021-06-21,50.801414489746094,50.88856918161705,49.94923938488689,50.433431296594165,914900
2021-06-22,51.1790771484375,51.44054119114257,50.62709873409035,50.84982654215231,758800
2021-06-23,51.246864318847656,51.4986461529187,51.111291190082035,51.17907775446484,791400
2021-06-24,51.53738784790039,51.69232911063142,51.150032844027265,51.38244658516936,1128000
2021-06-25,51.79884338378906,51.98283494855276,51.450224676581655,51.556747469793976,1291400
2021-06-28,51.295284271240234,51.963467674829985,51.12097491480977,51.866630785297744,972600
2021-06-29,51.82789611816406,52.040941714482194,51.3243361503789,51.46959518315774,909300
2021-06-30,51.45991516113281,51.93442485425159,51.36307825760216,51.83758425662986,914100
2021-07-01,51.82789611816406,52.0699920434017,51.421173042837694,51.421173042837694,922400
2021-07-02,51.9731559753418,52.17651937773051,51.75042814805034,51.86663686201273,788300
2021-07-06,51.866634368896484,52.09904439746788,51.45991127776035,51.973153477105406,942000
2021-07-07,51.905364990234375,52.01188778859235,51.66326906454468,51.827896214940814,927900
2021-07-08,50.656150817871094,51.50832578285233,50.53025990714571,51.430857010622454,1171900
2021-07-09,51.275917053222656,51.45022641270822,50.907930217187506,50.907930217187506,764400
2021-07-12,51.595481872558594,51.614849989668784,51.082239698455616,51.1597121668964,721000
2021-07-13,50.946678161621094,51.64391575982631,50.93699225381744,51.64391575982631,691600
2021-07-14,51.111297607421875,51.28560699317493,50.849833528792296,51.05319694156497,721400
2021-07-15,51.83757781982422,52.05062341404653,50.7045706740215,50.83046158825201,910500
2021-07-16,52.04094314575195,52.2830390776479,51.71169253060984,51.98283879222426,912800
2021-07-19,51.0047721862793,51.71169560017777,50.569002438272236,51.614855005216555,778300
2021-07-20,51.70201110839844,52.29272582450763,50.99509136924694,51.11129639228924,1402200
2021-07-21,51.58580017089844,52.234615477094735,51.479277372784864,51.944101105751756,1280200
2021-07-22,51.87631607055664,51.96347075393624,51.4889611012938,51.537383243019725,994000
2021-07-23,52.63166427612305,52.69945085461161,51.92474446181983,52.08937164821453,921600
2021-07-26,52.68008041381836,53.20300486045509,52.29272541459237,52.68976262645804,1682900
2021-07-27,53.048057556152344,54.44253243922935,51.67295448432988,52.37019192586838,1845500
2021-07-28,52.38956069946289,53.232057242647855,52.10873221249217,53.048061961356666,1498800
2021-07-29,53.106170654296875,53.309530376875664,52.53482403317702,52.631660940855134,925500
2021-07-30,52.68008041381836,53.619410191691166,52.61229384306747,53.3482639086876,1756500
2021-08-02,52.52513122558594,53.057741498569136,52.312085638756464,52.93185058870713,1778300
2021-08-03,52.408931732177734,53.019014578106955,52.26367637444583,52.60260923657809,1284600
2021-08-04,52.00220489501953,52.56386551432699,51.82789553528155,52.15714613766544,1006200
2021-08-05,52.48639678955078,52.49607900106064,51.99251903846385,52.22493274969722,1053400
2021-08-06,52.75754165649414,52.92216880056665,52.42829106243965,52.76722756184045,812400
2021-08-09,53.0577507019043,53.09648694151798,52.52514033653513,52.69944602661444,718200
2021-08-10,53.225563049316406,53.535972458177014,53.02185756857139,53.20616199871611,985300
2021-08-11,53.720279693603516,53.77847914406263,53.33226608880684,53.43897001514453,817100
2021-08-12,53.720279693603516,53.885183070400316,53.487470790651116,53.7590780937856,578400
2021-08-13,54.07918930053711,54.205294275817394,53.73968017521166,53.894884875413574,967300
2021-08-16,54.6903076171875,54.73880839057632,53.93368149090903,54.10828723540623,763100
2021-08-17,54.874610900878906,54.923111673264266,54.40899682531036,54.55450284283817,816000
2021-08-18,55.020111083984375,55.446923016236106,54.52539363714787,54.816401940972746,1525800
2021-08-19,55.155921936035156,55.3596274053542,54.61270365081255,54.79701177099135,745300
2021-08-20,56.02894592285156,56.145352217765385,55.15592091322847,55.165619587618735,889500
2021-08-23,55.990135192871094,56.7467574413031,55.98043282024605,56.164740896412475,970000
2021-08-24,55.95134735107422,56.17445387344187,55.84464342725232,55.961046025798076,892600
2021-08-25,56.12594985961914,56.38785846650925,55.77673838376566,56.03864699065577,663500
2021-08-26,55.883445739746094,56.30055906152668,55.82524259006558,55.990149663974414,624300
2021-08-27,56.40726089477539,56.50426244027523,55.90284471735837,55.98044521368388,1095900
2021-08-30,56.29084777832031,56.71766340768967,56.27144673149704,56.50425559300499,586500
2021-08-31,56.31025314331055,56.72736643106905,56.203549227785594,56.26175237271873,1079700
2021-09-01,56.70796203613281,56.9310685279858,55.92223997794867,56.261749052426836,814400
2021-09-02,56.96987533569336,57.192981846004955,56.59156413558362,56.94077561272236,789900
2021-09-03,57.1735725402832,57.270577770129954,56.60125463548645,56.73706195727189,777400
2021-09-07,56.38786315917969,57.67800155192571,56.17445530609323,57.42579529858242,2508600
2021-09-08,56.81467056274414,56.84377028567255,56.10654893530326,56.29085334780266,1204900
2021-09-09,56.678863525390625,57.33848434163197,56.659462477810415,56.872870300821276,1264100
2021-09-10,56.03865051269531,56.90197688205348,55.98044736293776,56.68856903331437,1147500
2021-09-13,55.728240966796875,56.5624676092477,55.349929745306824,56.5624676092477,1079000
2021-09-14,54.418697357177734,55.94164460436728,54.09858928821036,55.71853808348169,2333200
2021-09-15,55.7573356628418,56.06774503198611,54.35079112744763,54.438093993792684,1390700
2021-09-16,55.73793411254883,55.8446380260505,54.94250964873652,55.71853306460566,1217300
2021-09-17,55.301422119140625,55.98044402432833,54.48659657298972,55.93194325260885,48381800
2021-09-20,54.6515007019043,54.99100978607699,53.95307778546734,54.20528770545691,2672600
2021-09-21,54.93281936645508,55.272328506394935,54.52540469815515,54.952220417361936,1626800
2021-09-22,55.67974090576172,55.84464428119214,54.719409277051774,55.34993045452892,1474900
2021-09-23,55.7573356628418,56.27145048666739,55.437227619824284,56.01924426187698,1162400
2021-09-24,56.35875701904297,56.397559117802906,55.737938240371264,55.786439013635274,812300
2021-09-27,55.60213088989258,56.47515955195555,55.55363011986054,56.47515955195555,1044600
2021-09-28,54.11798858642578,55.53423186466693,53.89488207276081,55.53423186466693,1450100
2021-09-29,54.544795989990234,54.9037061166213,54.22468795823048,54.22468795823048,1093500
2021-09-30,53.788177490234375,54.88431269635975,53.77847511563665,54.777608778015015,1631700
2021-10-01,55.87374496459961,56.23265884734935,53.80758304679603,54.030689576402295,2024100
2021-10-04,55.46632766723633,56.329653961507304,55.08801647764537,55.90284200152266,1398000
2021-10-05,56.38786315917969,56.7176736137806,55.4663336212914,55.75734197526349,1602400
2021-10-06,57.037776947021484,57.06688037025744,55.805838107354234,55.92224439955469,933500
2021-10-07,57.668304443359375,58.07571540991214,57.28029082727591,57.40639580755885,946600
2021-10-08,58.192115783691406,58.26971627877537,57.55189597266896,57.716799337454695,757700
2021-10-11,58.4443244934082,59.04574223217401,58.14361377383937,58.28911979629535,939200
2021-10-12,58.92934036254883,59.511357058820295,58.42492416560666,58.7062338389657,967800
2021-10-13,59.782962799072266,59.860563291576064,58.599524760323774,58.87113203464445,1026900
2021-10-14,61.238006591796875,61.27680498689974,60.16127249479812,60.24857535942968,1208200
2021-10-15,62.392337799072266,62.78035133205102,61.45140738684013,61.59691338679998,1530700
2021-10-18,62.091651916503906,62.65426395964098,61.99464665012463,62.13045402305562,1308900
2021-10-19,62.169227600097656,62.47964434701346,61.74241937457359,62.47964434701346,1388800
2021-10-20,62.63486099243164,62.82886410705554,62.40205577473407,62.40205577473407,1619600
2021-10-21,63.66307830810547,63.69218543024795,62.799752036453015,62.93555567014601,1504000
2021-10-22,64.49729919433594,64.61370547045436,63.672775090538515,63.837678431149534,1188400
2021-10-25,64.46818542480469,65.22480755281462,64.24508269513032,64.45848305372384,1645900
2021-10-26,61.98493957519531,64.93383266686742,61.54842518656424,64.36151092370619,2303200
2021-10-27,60.77239990234375,62.58635183066423,60.423188401553354,62.33414928067196,1807600
2021-10-28,61.06340408325195,61.529018152388055,60.78209442678274,60.89849701897384,1055400
2021-10-29,61.21861267089844,61.61632494488204,60.79179697173521,61.09250769611186,1798000
2021-11-01,60.015769958496094,61.40291349878441,59.55985826160093,61.38351244992499,1523000
2021-11-02,60.95146942138672,61.33041149130513,60.04783662086938,60.115851674108974,1622300
2021-11-03,60.067283630371094,61.71908609726565,59.28024735617753,61.000064891719816,1679800
2021-11-04,59.785484313964844,60.33932322977748,59.51342413259499,60.144996646822996,1437600
2021-11-05,60.21302032470703,60.50451394747121,59.863226494773016,60.17415351992714,1438300
2021-11-08,60.93203353881836,61.0486339452326,60.02840077509036,60.59195828646578,1344500
2021-11-09,61.22352600097656,61.53445670574531,60.73770210292978,60.805720858675144,1391200
2021-11-10,61.39842224121094,61.68020098862113,61.08749524632458,61.20409564931358,1002600
2021-11-11,61.88425064086914,62.08829950768904,61.06806629321682,61.310978257321175,1003800
2021-11-12,62.690711975097656,62.885045980409046,62.078576537806484,62.34092559170578,1236300
2021-11-15,62.476959228515625,63.18625800210568,62.21461015975294,62.77816768745787,1020400
2021-11-16,63.08909225463867,63.70122770287903,62.593549798586324,62.593549798586324,1240800
2021-11-17,62.88505172729492,63.351438556495395,62.37979068039525,63.03080039132694,939500
2021-11-18,62.32148742675781,63.46803209283792,62.28262062635528,63.0016379010917,888500
2021-11-19,62.710147857666016,63.15710494152827,61.84538193689798,62.428369115279864,3440000
2021-11-22,63.429161071777344,64.09960036121184,62.74901064270155,63.06965616487315,1674500
2021-11-23,63.94413375854492,63.992719109533425,63.12795323614112,63.419443102820864,1016100
2021-11-24,64.45909881591797,64.5465509555218,63.62348869230325,63.66234807314611,949300
2021-11-26,62.923919677734375,63.817833960884016,62.53525903759993,63.4777586806733,810400
2021-11-29,63.555484771728516,63.86641176443162,62.94334192668999,63.61378126627152,797600
2021-11-30,62.583839416503906,63.92471073450902,62.39922395918936,63.16682662376333,2310700
2021-12-01,61.88425064086914,64.19677357697444,61.87453579318363,63.390304077007634,1804200
2021-12-02,64.00243377685547,64.43967225687287,61.9911197186838,62.23403533925364,1379000
2021-12-03,63.36114501953125,64.3230741576389,62.73929109054412,64.20648117913105,1446700
2021-12-06,64.0218734741211,64.50769737810629,63.62350172765717,63.92471017594095,1101800
2021-12-07,65.14900207519531,65.27531364786086,64.42026606725392,64.53685908414948,1715600
2021-12-08,65.7611083984375,65.98459060321163,64.77974226865298,65.39188498737884,1561100
2021-12-09,65.15869140625,65.6931005984166,65.08096522536684,65.41132188009999,680000
2021-12-10,65.304443359375,65.84856371861814,64.54655931240524,65.7902672267232,1136100
2021-12-13,65.05181884765625,65.53764275962705,64.1967714312981,65.21700461167062,880300
2021-12-14,65.0615463256836,65.33360656761067,63.99273505536196,64.964383012579,1155900
2021-12-15,66.13033294677734,66.23721477527924,64.72144689919094,65.36273045711951,1586600
2021-12-16,65.3335952758789,66.58702181362703,64.91578642996286,66.11091647254086,1158200
2021-12-17,64.00243377685547,65.24614159058643,63.75952186282729,65.15868944673296,3166100
2021-12-20,64.08016204833984,64.20648099213355,62.58383113256751,63.35142628245387,1669500
2021-12-21,64.60485076904297,65.21699353856542,64.16761228774122,64.55627283394462,1090800
2021-12-22,65.65424346923828,65.70282882589271,64.59515089455041,64.61458058936141,749300
2021-12-23,66.1011962890625,66.44127152430991,65.7125357003151,66.09147773574567,661500
2021-12-27,67.49066925048828,67.5101063618337,66.2955463607529,66.47044329743197,514400
2021-12-28,67.37405395507812,68.08336010095336,67.1214308680184,67.59753620772176,590600
2021-12-29,67.85015106201172,68.13192974467962,67.52950558727763,67.52950558727763,523400
2021-12-30,67.83072662353516,68.19023895745693,67.67526683932843,68.01534206704687,701200
2021-12-31,68.28741455078125,68.74409025873506,67.51010066355134,67.73357553355937,938300
2022-01-03,66.83965301513672,68.59833315999107,66.38297736329214,68.40400656533076,1543500
2022-01-04,67.16030883789062,67.46151732959859,66.31497245437679,66.9562636583705,1600700
2022-01-05,65.53763580322266,67.40320506111648,65.52792466343493,67.31575291144023,1669300
2022-01-06,66.59672546386719,66.90765239033448,65.24613593204842,65.66394468446533,1207200
2022-01-07,66.65504455566406,66.82022291976718,65.66396695796023,66.50929588783212,2321400
2022-01-10,66.14976501464844,66.57728488303015,65.01293919411802,66.27607652367995,1263900
2022-01-11,66.41213989257812,66.5190217665507,65.14900192948966,66.32469513010201,1247000
2022-01-12,67.46151733398438,67.71414787615761,66.29554276148342,66.64532920276527,1430200
2022-01-13,66.6355972290039,67.56837807801469,66.40239645693879,67.56837807801469,1103000
2022-01-14,65.14900207519531,66.5773184237682,64.41054751148394,66.36356208843098,1949000
2022-01-18,64.08988952636719,64.91578869344018,63.66236211198769,64.43968333575322,1724200
2022-01-19,62.797603607177734,64.71175123244053,62.72958854799464,64.71175123244053,1633300
2022-01-20,62.41865539550781,64.0218758200213,62.243758487141164,63.400021793180926,1428700
2022-01-21,61.34013366699219,62.85590574269856,61.32070026398463,62.46724509563253,1798900
2022-01-24,62.778167724609375,63.09881329191587,60.18386605659022,60.941753894522684,2440600
2022-01-25,62.59354782104492,65.45019464875104,61.23324316138964,64.22591637786496,3269000
2022-01-26,61.456722259521484,63.7595301733712,60.77656807028159,63.14738732585895,2021000
2022-01-27,60.21302032470703,62.331213000158584,59.562014317542605,62.01056742053823,2698700
2022-01-28,62.5546875,62.59355430455542,59.74662944190719,60.31018328179078,2101300
2022-01-31,64.40082550048828,64.69232285325987,62.23405470445537,62.53526319938988,6616600
2022-02-01,64.77975463867188,64.89635503904765,63.29313474603049,64.4008126038058,2182400
2022-02-02,66.14976501464844,66.57728488303015,64.69229373302001,64.77002731384661,2066300
2022-02-03,64.84872436523438,66.16243504566042,64.65410331047397,65.63694928862652,1524800
2022-02-04,65.71479034423828,66.33758653069522,64.39134659193824,64.6054341730921,1216700
2022-02-07,65.78292846679688,66.42519140573741,65.68561792510485,65.77319518533214,1935100
2022-02-08,66.20136260986328,66.40571695042435,64.42055095370853,65.8607720422615,1464800
2022-02-09,68.13786315917969,68.15732971794704,66.80469343197277,66.80469343197277,1358600
2022-02-10,67.24259185791016,68.60496136997872,66.83388323158455,67.12582220714087,2943300
2022-02-11,65.1114730834961,67.4080298171171,64.83899320388369,67.22314203634852,1919900
2022-02-14,64.20645904541016,65.58828762437709,63.71016578067948,64.93629902470742,1619000
2022-02-15,64.79032897949219,65.44231757348133,64.41081278750949,65.00441655944472,1031600
2022-02-16,64.81954193115234,65.01416301588286,63.94373220122805,64.3621742152853,974900
2022-02-17,63.86587142944336,64.76114759110821,63.57393984516957,64.45947530241268,1597000
2022-02-18,64.3621597290039,64.77086836953919,63.61286055468923,63.856140568005486,1806700
2022-02-22,63.914512634277344,64.79032199221554,63.34036805683967,64.31348791581203,1689700
2022-02-23,62.50350570678711,64.51786396580044,62.42565431892259,64.21619169390468,1341300
2022-02-24,64.37189483642578,64.61517485665088,60.73242410050849,61.18005844680464,2108100
2022-02-25,65.77318572998047,65.92888851375909,64.32323882154947,64.47894160532809,2262700
2022-02-28,65.79266357421875,66.03594364735983,64.61518891113417,64.67357375290607,2465700
2022-03-01,65.07254791259766,66.17217102301996,64.63463938506061,65.61749282759382,2225000
2022-03-02,65.88995361328125,66.32786206324677,65.01414413766656,65.6758660276514,1426600
2022-03-03,66.27920532226562,67.01877861812791,65.59802427628496,66.3278642931142,1349600
2022-03-04,66.57115173339844,66.66846226164668,65.17958964892819,65.77318609853765,1073100
2022-03-07,64.44974517822266,66.18189770620862,64.32323481819694,65.99700251805834,1548800
2022-03-08,59.48683166503906,64.54705683497446,59.47709838540817,64.37189492320357,4909300
2022-03-09,61.83205032348633,62.503505549574214,59.96365785318074,60.722694034316675,2700400
2022-03-10,61.481727600097656,62.19210482053418,60.92704944561764,60.92704944561764,2235400
2022-03-11,61.024356842041016,62.46457776851998,60.94650916913203,61.890433084044226,1404000
2022-03-14,61.85152053833008,62.43539487892266,61.05356228046325,61.62770334035854,1117600
2022-03-15,64.20645904541016,64.28430300072155,62.54241735921415,62.931666833035926,2258100
2022-03-16,65.08226776123047,65.72453057260641,63.50581799570219,64.44974565370303,1883700
2022-03-17,66.20136260986328,66.337598836904,64.90711102865895,64.93631086958273,1815300
2022-03-18,67.71942901611328,67.93351664124441,66.23055634501472,66.50302880452064,2982700
2022-03-21,67.6415786743164,68.34222631809499,66.70738429071729,67.73888919721522,1937900
2022-03-22,67.34963989257812,68.00162856479409,66.72684363489168,67.96270287064905,2653700
2022-03-23,66.8338851928711,67.86539006795827,66.75603380719593,66.94092899209524,1832800
2022-03-24,67.13555145263672,67.54426752392186,66.76576849932981,66.83388660715784,1576000
2022-03-25,68.47846984863281,68.50766226618856,67.18421822533118,67.38857257253915,1558100
2022-03-28,70.17169189453125,70.30792811631298,68.79958897246448,68.84824794780822,1687300
2022-03-29,70.53175354003906,71.20320141215151,69.91868307831837,70.82368513790429,1178700
2022-03-30,70.75556182861328,70.77502838829928,70.07438072594748,70.48308938754697,1109000
2022-03-31,70.327392578125,72.0108937666672,70.327392578125,70.92099648555241,2290000
2022-04-01,70.6095962524414,71.53406485665727,70.09384375685705,70.59987039637508,1785900
2022-04-04,70.25927734375,71.35890795063534,70.07438954935613,70.46363912459913,1266300
2022-04-05,70.41498565673828,71.62165275258165,70.0743950358533,70.10358745702648,1057200
2022-04-06,70.92098999023438,71.02803379484014,69.67539745407703,69.95760317309973,1220600
2022-04-07,71.42700958251953,71.87464389221358,70.40523061139598,70.95990871518168,1489800
2022-04-08,70.99884796142578,71.84546519697543,70.90153742757725,71.43675650022091,930500
2022-04-11,70.5609359741211,71.27130944363901,69.9575988783207,70.89179322308742,1067800
2022-04-12,70.00626373291016,71.47566976701337,69.76298370317312,70.71663726212459,945400
2022-04-13,69.91869354248047,70.24955831209353,69.02342462946443,69.91869354248047,1163700
2022-04-14,69.34454345703125,70.43443326544012,69.28615119992543,70.04519114776123,951700
2022-04-18,68.04055786132812,69.16938077834817,67.71942643586716,68.64389501604408,1767200
2022-04-19,68.27410888671875,68.56604045831028,67.68050503953708,68.1670650831734,1553700
2022-04-20,69.14990997314453,69.35426429744285,68.31302611688457,68.49792130643317,1708000
2022-04-21,68.7801284790039,70.10357239959843,68.63415898017183,69.6656639031022,1645900
2022-04-22,65.909423828125,68.66334790938316,65.81210588429921,68.546578255699,1370600
2022-04-25,66.61006927490234,66.78523119355559,64.81953181695131,65.6466824344682,1734000
2022-04-26,63.914512634277344,66.99930080538405,63.89505350379664,66.87279789647116,2471500
2022-04-27,62.970603942871094,64.40109174961015,62.785708738802974,63.933990811449775,2062700
2022-04-28,64.00210571289062,64.42054765288024,62.57162540225916,63.54474550229854,1901300
2022-04-29,60.313987731933594,63.3306624882692,60.09990010649796,63.213885395035845,3801100
2022-05-02,58.465049743652344,61.01462303280931,56.97617366110289,60.819998295831034,3251900
2022-05-03,58.34828186035156,59.642533409685875,58.08553898088914,58.64995043576961,2099000
2022-05-04,59.85661697387695,59.98312362893639,57.23892518631585,58.309355833917834,2328800
2022-05-05,57.375160217285156,59.6619946800667,56.68424583705627,59.28247472277276,1538200
2022-05-06,56.77369689941406,57.30984884103273,56.06207279007916,56.99790575795806,1880400
2022-05-09,55.155487060546875,56.481243215328846,54.931274498392625,56.403259309120315,2037700
2022-05-10,56.10105895996094,56.529983429728134,54.824043299728814,55.70138170682156,2949300
2022-05-11,54.677825927734375,56.51049433327398,54.57059479547577,55.83786403770815,2079300
2022-05-12,54.648582458496094,55.47718057773791,53.85897443574498,54.47311400899585,2142800
2022-05-13,56.44225311279297,56.76394276866699,54.98976520850646,55.174980239545775,1822600
2022-05-16,56.01333236694336,56.52024080647987,55.56491464996467,56.325275449942,1521400
2022-05-17,56.81268310546875,56.890670730224535,55.798870014225955,56.58847426227781,1836500
2022-05-18,53.868717193603516,56.32527159299309,53.72249597520397,56.17905037459354,1612800
2022-05-19,53.33256912231445,53.966205603554776,52.55271141216436,53.644512206374486,3081400
2022-05-20,53.61526870727539,53.97595220099188,52.055553286889335,53.839477566539955,5480500
2022-05-23,54.560848236083984,54.75580987451049,53.27408208546362,54.22940824464208,2291100
2022-05-24,54.551090240478516,54.746055570102726,53.24482736624699,54.26839069845613,1830200
2022-05-25,54.76555633544922,55.05800249117338,53.92720796202655,54.375625648713914,2386200
2022-05-26,56.63721466064453,56.90041731617721,54.90203091526755,55.36994550777411,2128300
2022-05-27,58.440643310546875,58.45038990495872,56.822437176375395,56.92966830818002,2452300
2022-05-31,57.87523651123047,58.40164178771165,56.958904292605524,57.97272103575719,8115600
2022-06-01,56.54948806762695,58.343162773433264,56.05232990812833,58.02147307461771,1359000
2022-06-02,58.10921096801758,58.15795138380087,56.15956458744275,56.588485452453284,1310600
2022-06-03,57.261112213134766,57.88499842048623,57.09539034756353,57.27085880821301,1041400
2022-06-06,57.436580657958984,58.333419927835614,57.28060909606592,57.85575492779447,1654400
2022-06-07,57.758262634277344,57.777759540476836,56.55923079291824,56.890670761000365,978200
2022-06-08,56.96866226196289,57.91424188609848,56.91992184929361,57.2513618615619,924400
2022-06-09,55.40894317626953,57.358589306724255,55.37969967428227,56.9979058138135,1058200
2022-06-10,54.34638977050781,55.05801021274401,53.839481294122756,54.22941203554361,1236900
2022-06-13,53.118106842041016,53.985698716008216,52.562454311549985,53.225334248241595,1227200
2022-06-14,53.2838249206543,53.8199768258105,52.72817610930001,53.07911298355632,1372200
2022-06-15,53.55677795410156,54.473114016881034,52.6599425175526,53.94670866830409,1086100
2022-06-16,51.938568115234375,52.52346414490918,51.57788464739375,52.44547652015735,1796300
2022-06-17,52.15303039550781,52.75741961307358,51.76309970882721,52.15303039550781,2002600
2022-06-21,53.488548278808594,53.712757169978495,52.679446951426364,52.71844077214863,1358700
2022-06-22,54.09293746948242,54.9507791519945,52.874408549107706,52.874408549107706,1342400
2022-06-23,55.84760665893555,56.18879319762601,54.258644238774856,54.46335616198914,1578900
2022-06-24,57.57305145263672,57.621791862066864,56.14980695415416,56.26678839917237,1377700
2022-06-27,57.53404998779297,57.768005409412474,56.88091668857521,57.602287295653184,1253500
2022-06-28,56.25703430175781,58.41139223408159,56.227790801797866,57.61203767350304,1061100
2022-06-29,56.539737701416016,56.695709242880625,55.90610122247268,56.296031935461635,1660000
2022-06-30,56.871177673339844,57.06614302977083,55.83786388731402,56.20829769266741,1606600
2022-07-01,57.83625793457031,57.846004529636225,56.63722221543162,56.8614348071539,1434800
2022-07-05,58.39189910888672,58.46013642130252,57.036892017040195,57.183116954305284,2447300
2022-07-06,58.898807525634766,59.288738237264795,58.02146900244949,58.55762094194964,1209400
2022-07-07,58.92805480957031,59.25949479921618,58.64535522926695,58.90855790210234,1238500
2022-07-08,58.56736373901367,59.09376529790945,58.372398408218686,58.976787586894204,992400
2022-07-11,58.148193359375,58.58686073386221,57.98247151589714,58.37240220283535,606300
2022-07-12,57.55355453491211,58.67459882622596,57.14412691473084,57.84600071009594,1000200
2022-07-13,57.40732955932617,57.93373490558714,56.63721844742456,56.793189988688376,853500
2022-07-14,56.832191467285156,57.04665375993795,56.032836745686105,56.44226442087278,792200
2022-07-15,57.81675338745117,58.1481933557315,57.504810325381996,57.76800926259598,1065300
2022-07-18,57.280601501464844,58.664852183557066,57.134380273320616,57.884994477489904,1228000
2022-07-19,59.3179817199707,59.386219036685716,57.758266311263505,57.92398444652714,1463900
2022-07-20,59.15226745605469,59.717662934219,58.92805858379513,59.356979419597536,1447200
2022-07-21,60.78997039794922,60.82896421525195,59.20100767008641,59.327735716992734,1010600
2022-07-22,60.4097900390625,61.218891296337276,59.863887752218666,61.03367624193825,938100
2022-07-25,60.819210052490234,61.01417540800987,60.175826982333824,60.536510472919495,1036900
2022-07-26,60.136837005615234,61.014179302120844,59.688419262359076,59.951621951310756,1347400
2022-07-27,61.49183654785156,61.77453239131958,60.439025924217425,60.439025924217425,1036200
2022-07-28,62.75910186767578,62.81759630486443,60.955680810738,61.628311058588174,1275000
2022-07-29,63.460975646972656,64.04586795798485,62.8663330235393,62.94432064829006,1308700
2022-08-01,61.58932113647461,62.82734314841268,61.47234341067236,62.495906878415454,1040500
2022-08-02,61.296871185302734,61.99874121551926,61.11165243565361,61.404102310119676,915000
2022-08-03,62.67137908935547,62.876091051464414,61.56008133087254,61.57957452079761,672600
2022-08-04,62.690860748291016,62.94431679455865,62.37892142435017,62.53489294564779,1143500
2022-08-05,63.26601791381836,63.305011728592206,62.02799218466033,62.19371031946687,563800
2022-08-08,63.63644790649414,64.0361289293677,63.285511011345044,63.5194738996509,692300
2022-08-09,63.97134017944336,64.44976370964834,63.43434466564916,63.53197953642418,800500
2022-08-10,64.80125427246094,64.95746857364347,64.38141763000476,64.43999706181533,1240000
2022-08-11,64.96721649169922,65.75806840066917,64.69383595274965,65.13319646905273,737500
2022-08-12,65.95336151123047,65.99240949848694,65.26013682789177,65.44564828814265,1393100
2022-08-15,66.38296508789062,66.5196554083401,65.40660139950073,65.68974776302146,784800
2022-08-16,66.52941131591797,66.81255763766629,66.01193982926378,66.0802849794056,714000
2022-08-17,66.33413696289062,66.65633124877931,65.7776100793674,65.93382436206159,614300
2022-08-18,66.20720672607422,66.47082904324505,65.62139011434024,66.32437302804597,1668700
2022-08-19,65.67997741699219,66.02171064312407,65.36754135666327,65.9631237605814,916000
2022-08-22,64.37164306640625,65.32848253257347,64.2740082104452,65.00628080374617,864100
2022-08-23,63.51245880126953,64.35213214133934,63.42458219871809,64.16662066300238,633300
2022-08-24,63.80535888671875,64.049449783339,63.45386739966056,63.6979582962808,816900
2022-08-25,64.99652099609375,65.0453421530465,63.76630084169898,64.06897860649315,712800
2022-08-26,63.55149841308594,65.13321000889181,63.52220869911848,65.13321000889181,625000
2022-08-29,62.8485221862793,63.47339424039244,62.38963014205755,62.91686733441472,990100
2022-08-30,62.2919921875,63.20977256071987,62.13577417238744,63.20977256071987,636100
2022-08-31,61.54995346069336,62.97544321952699,61.53042574453428,62.741118074680074,1084500
2022-09-01,62.155303955078125,62.18459366996891,60.95437722564751,61.51090415576093,984700
2022-09-02,61.403499603271484,62.94615571311244,61.08130158668479,62.69229911868059,758500
2022-09-06,61.862396240234375,62.38963346063592,61.452321605078254,61.49137704167054,817600
2022-09-07,63.71747589111328,63.83463472862734,61.99907426664698,62.096709114262495,890200
2022-09-08,64.0006332397461,64.05921266864111,63.15119427545492,63.346464004480104,620500
2022-09-09,63.863948822021484,64.62551126405374,63.805361938667446,64.0299288518873,941300
2022-09-12,63.756534576416016,64.06897057418055,63.42456713869396,63.95180428162069,941400
2022-09-13,61.27657699584961,62.76065009296321,61.13988668978532,62.604435792773884,1078500
2022-09-14,61.0422477722168,61.50113981887931,60.53453829441665,61.49137409793303,2609000
2022-09-15,60.03660202026367,61.20823541171918,59.83156282468041,61.10083853964341,2336000
2022-09-16,60.085418701171875,60.22210901348567,59.21645566614987,59.63629232513178,3976800
2022-09-19,60.29044723510742,60.427137531699266,59.63628546583753,59.821793193421996,2024600
2022-09-20,59.98777389526367,60.358793079241096,59.17739410275629,59.78273844801219,1845600
2022-09-21,58.97235870361328,61.18870063919343,58.93330326852458,60.37832084602495,1039700
2022-09-22,57.83977508544922,58.78684514296479,57.37111733023867,58.77708314680802,1490900
2022-09-23,57.527339935302734,58.17174346905441,56.78530525859183,57.449232786216484,1469700
2022-09-26,57.234432220458984,57.839780323876404,56.7169607130671,57.302777373339744,1549000
2022-09-27,58.0448112487793,59.06999218644777,57.48828434762981,57.93741066706077,2008600
2022-09-28,58.81614303588867,59.235975943993566,58.06434264080806,58.659925013828506,1393100
2022-09-29,59.45078659057617,59.567949194650545,58.01553072366997,58.620878914540306,2034500
2022-09-30,59.05046463012695,60.241629304021025,58.86495690408247,59.372666376159756,1825100
2022-10-03,60.5735969543457,60.92508843650163,59.118813591985095,59.118813591985095,1644000
2022-10-04,61.80381393432617,62.50679317998675,61.1008346886656,61.1008346886656,1090300
2022-10-05,62.204124450683594,62.51656050667277,61.14965369285303,61.28634400178184,914900
2022-10-06,61.16918182373047,62.194362872130036,60.94461491522804,62.07720028147821,1049400
2022-10-07,59.77297592163086,60.817684590686746,59.362901306231876,60.690756290142865,1114600
2022-10-10,60.60288619995117,60.827449373025445,59.909668962478655,60.07564898080387,807400
2022-10-11,60.495479583740234,61.227752184744446,59.98777013343359,60.53453501634791,1286100
2022-10-12,59.24574279785156,60.3392689731745,59.118814488585485,60.3392689731745,1287000
2022-10-13,61.08130645751953,61.462087655000964,57.80072425686188,58.21079516967836,1723600
2022-10-14,58.0741081237793,61.76476144432549,57.966707528816244,61.57925369590945,1645700
2022-10-17,59.841331481933594,60.57360424977556,59.14811415559751,59.16763815181856,1787400
2022-10-18,60.69076156616211,61.266816242362395,60.11470688996182,61.247288523309486,1243600
2022-10-19,61.413265228271484,61.501138091663876,60.085410281244684,60.51500887753465,1598400
2022-10-20,59.45078659057617,61.23753399423752,59.22622338087861,61.23753399423752,1120400
2022-10-21,60.07564163208008,60.290442782019774,58.40606103354235,59.470297338513895,2300400
2022-10-24,61.58901596069336,61.79405141709612,60.632176381750895,60.632176381750895,1482400
2022-10-25,53.797630310058594,59.021177556198666,53.670705729761416,55.63319483357634,6772900
2022-10-26,54.62753677368164,55.018079926121366,52.56740926049633,53.787863595366204,3454700
2022-10-27,55.35981369018555,55.80894002654192,54.939977068299406,54.979032503947266,1613800
2022-10-28,57.25395965576172,57.32230480830428,55.3598156540236,55.5648511116513,1301800
2022-10-31,57.400421142578125,57.82025781929449,56.697438107233175,57.048929624905654,1933400
2022-11-01,57.37595748901367,57.89444319470881,57.082471352672556,57.75748498805962,1001200
2022-11-02,55.89875411987305,57.59117309208047,55.79114303942575,57.40530178247308,1415800
2022-11-03,55.311798095703125,56.32920735865906,55.253100115667785,55.468322310632374,1046600
2022-11-04,54.55851745605469,55.918322106253186,53.42371610399115,55.918322106253186,2228200
2022-11-07,54.80309295654297,54.98896429385219,54.06938500614057,54.74439497705139,1103900
2022-11-08,55.22373962402344,55.84005520379741,54.58785805564052,54.98895149254691,955300
2022-11-09,54.519386291503906,55.624840539636395,54.49982030026434,55.06722285071807,577500
2022-11-10,57.41508865356445,57.51291861458702,55.46831907710828,56.211808121722626,1353800
2022-11-11,55.43896484375,57.88465774277193,54.70525697404342,57.88465774277193,1281200
2022-11-14,54.431339263916016,56.10419227126586,54.4215581345592,55.61505370314033,1429800
2022-11-15,54.58786392211914,55.536793946563726,54.088944220380625,55.243311549551,1109700
2022-11-16,55.61505889892578,55.742235983432536,54.587868556264084,54.587868556264084,1106400
2022-11-17,55.165042877197266,55.76179248154888,54.73460231378125,55.15526174859203,953900
2022-11-18,55.70309829711914,56.37811190347486,55.56614009636032,56.02593154047728,1464800
2022-11-21,56.74007034301758,56.95529249367698,55.81070637551577,55.87918547221087,904300
2022-11-22,56.671592712402344,57.336821439076246,56.24115213177904,57.22921036096268,1173600
2022-11-23,57.356388092041016,57.52269340971679,56.41723922881135,56.691159357675886,811200
2022-11-25,57.97270202636719,58.2270561741369,57.51291430542082,57.66943849949789,472500
2022-11-28,56.63246536254883,58.05096802015158,56.5933333797028,57.522697447224,848600
2022-11-29,56.113983154296875,56.85747221562913,56.06507003860146,56.24116024057017,693800
2022-11-30,58.2955436706543,58.39336990660325,55.58571513835345,55.73245822410856,2010700
2022-12-01,57.64009094238281,58.66728498980216,57.16073720329639,58.54010790864743,1160500
2022-12-02,58.22705841064453,58.35423548941427,56.80855574818123,56.98464593976047,959900
2022-12-05,57.76726150512695,58.02161563873531,57.41508115510364,57.76726150512695,1196500
2022-12-06,56.71072769165039,57.78683106604248,56.23137024519828,57.747699084325745,1027300
2022-12-07,56.07484436035156,57.278124773146715,55.91832017003263,56.77920508270231,1001400
2022-12-08,56.51506805419922,56.9846406105523,55.77157537443364,56.123755724656185,1211300
2022-12-09,56.250938415527344,56.84768809841986,56.23137242391088,56.495507712986154,907600
2022-12-12,56.74986267089844,56.79877951976047,56.01615471994725,56.34876914031838,965500
2022-12-13,57.63030242919922,58.42270820464888,57.05311880477238,58.15857294616566,1416000
2022-12-14,56.9063835144043,58.48141041959686,56.563987983636956,57.630310291809906,1022400
2022-12-15,55.350921630859375,56.260715925584854,55.07700149768433,56.11397659564962,890600
2022-12-16,54.29438781738281,55.194401103436846,53.815030318971196,54.627002234366174,2253000
2022-12-19,54.20634078979492,54.89113559242087,53.844379262113335,54.098729698146805,1012000
2022-12-20,54.323734283447266,54.822657768799544,54.07916497191461,54.21612318927985,822300
2022-12-21,55.74223709106445,55.76180308382593,54.54873765543507,54.87157093825215,828100
2022-12-22,55.419403076171875,55.70310061878326,54.568299252843985,55.50744817059092,1202400
2022-12-23,55.70309829711914,55.7617962682291,54.92047734147512,55.41940076633205,766900
2022-12-27,56.113983154296875,56.13354914694134,55.3704903611331,55.8009347356484,784900
2022-12-28,55.34114074707031,56.41724417125803,55.32157475530655,56.290070822540564,677000
2022-12-29,56.39767837524414,56.7792058611378,55.42918236873391,55.732449624310696,728300
2022-12-30,55.73245620727539,55.96724065778922,55.116140493971365,55.88898041822846,665600
2023-01-03,55.419403076171875,56.22159005562044,54.89113250965758,55.82049656589616,1162300
2023-01-04,56.3487663269043,56.759644699474826,55.68353751937596,55.88897857157694,1305800
2023-01-05,55.840065002441406,56.515074934660134,55.047659117968756,56.15311341145572,1299400
2023-01-06,57.55205154418945,57.84553396841423,56.01615285147784,56.36833325328017,727900
2023-01-09,57.561832427978516,58.461845689323624,57.50313445065239,57.718356635683385,957700
2023-01-10,58.569454193115234,58.57923905481952,57.49335077918615,57.52269790063635,798200
2023-01-11,60.349918365478516,60.38905034862586,58.70641239160351,58.81402347934303,1398600
2023-01-12,60.32057189941406,60.8781896039125,59.70425621955686,60.60427318256768,1197700
2023-01-13,59.93904113769531,60.13469731311288,59.52816279613532,59.821648925177236,669900
2023-01-17,59.85099411010742,60.39883063719645,59.75316789147736,59.93903919960689,988000
2023-01-18,59.31294631958008,60.14448042776242,59.16620325021554,59.9292582545161,986200
2023-01-19,58.94119644165039,59.27381081150722,58.647714052207554,58.94119644165039,897100
2023-01-20,60.379276275634766,60.45753651924486,58.87272833486503,59.19555790398326,1280700
2023-01-23,60.614044189453125,60.868398308363616,59.802076191002094,60.50643311851643,1589100
2023-01-24,57.434654235839844,60.42818384879884,56.2607208347678,60.42818384879884,2645000
2023-01-25,57.679222106933594,58.324884901718995,56.319417412751555,57.59117701074325,2003300
2023-01-26,57.09225845336914,57.6498761633572,56.40746366143409,57.561831065367954,1520200
2023-01-27,56.3487663269043,57.10204023342408,55.83028059497217,57.00421400424756,1495200
2023-01-30,56.21180725097656,56.72051184491956,56.13354701520223,56.25093923477942,1244400
2023-01-31,57.28791046142578,57.28791046142578,56.016147198410394,56.18245625218072,2631700
2023-02-01,57.131385803222656,57.68900346798061,56.23136890435455,56.77920543983214,1468000
2023-02-02,57.498958587646484,57.53816777604331,56.528551740392224,57.23430217475896,1472300
2023-02-03,57.234310150146484,57.32252896673529,56.51875918856819,57.16569593048792,1256000
2023-02-06,57.842037200927734,57.9694652102815,56.91084315951152,56.999061975341895,949500
2023-02-07,58.78303146362305,58.988874093915115,57.49895858758364,57.51856318178202,1247900
2023-02-08,57.79302978515625,58.80264599136085,57.724415563467886,58.381156492878226,873300
2023-02-09,57.15589141845703,58.420356046971705,57.038263845278806,58.04787994949012,1064100
2023-02-10,57.097076416015625,57.136285606240094,56.46974432920086,57.01865803556669,756900
2023-02-13,57.31272888183594,57.5087673739258,56.99906280745869,57.195101299548554,691500
2023-02-14,56.126670837402344,57.900847475052494,56.09726581364274,57.822432831962125,1070400
2023-02-15,56.77360916137695,56.82262252130651,55.626768331557265,55.80320595755943,655500
2023-02-16,56.234500885009766,56.60698076646492,55.94043939510084,56.02865821599299,591100
2023-02-17,56.52855682373047,56.63638023192076,55.98944352197338,56.13647612208638,884900
2023-02-21,55.136661529541016,56.26390143871152,54.99943310356078,56.214888081552154,773100
2023-02-22,55.36211013793945,55.72478580691863,55.068048683653785,55.1856725175292,851400
2023-02-23,55.34251022338867,55.84241810323217,54.82300148556995,55.420928612067875,518300
2023-02-24,55.3523063659668,55.42092057651535,54.72497430426915,54.97002612456942,618100
2023-02-27,54.85240173339844,55.96003707223862,54.754382495282705,55.91102745318075,712300
2023-02-28,54.96022415161133,55.381713598487565,54.734776916639376,54.7837865348169,1615800
2023-03-01,54.90141296386719,55.224883189692925,54.44071804416829,54.61715566931063,1279500
2023-03-02,55.03864288330078,55.09745292981145,54.27407862591415,54.577944243264724,806000
2023-03-03,55.63656997680664,55.675779169930045,54.74458139881861,55.24448926315593,669900
2023-03-06,55.87181091308594,56.30310073893685,55.72477833605821,55.862010486241175,914500
2023-03-07,54.91122055053711,56.077666043434235,54.793596706183145,55.95024177004852,825700
2023-03-08,55.75419616699219,55.81300621601752,54.89161263574182,55.00923647298685,1336600
2023-03-09,54.332889556884766,56.16587611431223,54.03882812219922,55.901219701337034,1323900
2023-03-10,53.83298873901367,54.852405334803095,53.382094231366445,54.29368741463273,1363100
2023-03-13,52.99980545043945,54.01922188288498,52.725348618317156,53.09782467928488,1346900
2023-03-14,53.95061492919922,54.1564575809691,53.03902176942473,53.83298735173551,1478100
2023-03-15,52.37247848510742,53.26446701510608,51.77455140932477,52.82337296418493,1502500
2023-03-16,54.01922607421875,54.489725139731654,52.08821645474762,52.30386326197218,1378000
2023-03-17,52.73515701293945,53.96041625459322,52.43129511409377,53.92120706145363,2966100
2023-03-20,53.274269104003906,53.55853013892496,52.56852233972378,52.94099844838477,1630800
2023-03-21,54.68576431274414,54.90140736879046,54.07803311510219,54.14665106383736,1277500
2023-03-22,53.79377746582031,55.22487922095591,53.783973298909004,54.80338978442782,1246500
2023-03-23,53.970218658447266,54.460322339089636,53.43110161838519,53.558529622326624,948100
2023-03-24,54.264278411865234,54.36229764923233,53.166447248738,53.53892334208835,929000
2023-03-27,54.68576431274414,55.048439954489574,54.49952253896606,54.69556474016689,862700
2023-03-28,54.67596435546875,54.921016191037104,54.323089113979236,54.67596435546875,789000
2023-03-29,55.30330276489258,55.46013954717374,54.88181699969339,55.254293140027066,819700
2023-03-30,55.49934005737305,55.891424499743465,54.97983134954745,55.61696763360079,878000
2023-03-31,56.283504486083984,56.34231827344879,55.70518573670444,56.08746600658991,852600
2023-04-03,56.50895309448242,56.704991565742205,56.07765948364492,56.116868673574544,1115600
2023-04-04,56.64619064331055,57.106885612002195,55.940440067687916,56.822628287216205,1020000
2023-04-05,57.6754035949707,57.68520402373012,56.459944773105484,56.459944773105484,1071000
2023-04-06,57.969459533691406,57.99886455635725,57.34212745552595,57.645993066784776,799100
2023-04-10,57.26371383666992,57.685203312825976,56.87163312481868,57.56757947319005,801900
2023-04-11,57.74401092529297,57.88123934672113,57.175492645205715,57.42054446609716,756000
2023-04-12,57.3225212097168,58.20470925622509,57.018655607209716,57.93024867553694,1529600
2023-04-13,57.79302978515625,57.87144817519704,56.90104116401284,57.185302219118725,925600
2023-04-14,57.606781005859375,58.07728004103282,57.32252000361064,57.8518328203785,721200
2023-04-17,58.62620162963867,58.62620162963867,57.54797132539849,57.665598896969996,1954200
2023-04-18,59.15550994873047,59.64561360609922,58.753625099255856,59.40056177741484,1873700
2023-04-19,59.19472122192383,59.72403408791641,58.988878575991485,59.41036803529732,1198300
2023-04-20,59.64561080932617,59.79264339532013,58.724217322786814,59.01827875558074,1302900
2023-04-21,60.184730529785156,60.22393598052796,59.23392823938172,59.675022278187136,8431400
2023-04-24,59.851463317871094,60.47879543597614,59.675025692254756,60.22393942599948,1447600
2023-04-25,61.76286315917969,62.90970769713598,58.812440696167435,58.812440696167435,2645700
2023-04-26,61.57661819458008,62.272564433922014,61.41978518657072,61.753055795989845,1738600
2023-04-27,62.77247619628906,62.81168538557502,61.52761248041555,61.71385052073272,1549700
2023-04-28,63.11555099487305,63.419412881861284,62.498019314202715,62.55683310161704,1729800
2023-05-01,64.52703857421875,65.07595218594223,62.94890446212668,62.94890446212668,2168300
2023-05-02,63.63505554199219,64.54664862183057,63.08614185207253,64.40942019935065,1640800
2023-05-03,63.41941452026367,64.32121099380348,63.40961783089967,63.99774076345948,1094000
2023-05-04,62.84109115600586,63.62525999428346,62.69405856403027,63.40961318983771,1017900
2023-05-05,64.13239288330078,64.18149432994865,63.16024567266991,63.17006746036526,985400
2023-05-08,64.56444549560547,64.69209873640978,63.84760500966862,63.99490182095175,823400
2023-05-09,64.3876953125,64.9081375890928,64.20111883906954,64.51534856221015,697500
2023-05-10,64.40733337402344,64.86885993292243,63.89671286764595,64.55463020011449,795300
2023-05-11,64.47608184814453,64.52517579825937,63.886894512141005,64.30914144063516,718400
2023-05-12,64.49571228027344,64.9670606094225,63.847609264171915,64.8099420024303,589600
2023-05-15,64.68228912353516,64.69210341765772,64.22076257763698,64.61355160553931,619600
2023-05-16,64.52518463134766,64.95725340574353,64.10293764505057,64.42698922584748,1044000
2023-05-17,64.18148803710938,64.85904897690652,64.0243694167044,64.85904897690652,794500
2023-05-18,65.07506561279297,65.11434526171968,63.89670611229974,64.28949510973982,922000
2023-05-19,65.16343688964844,65.71333690821608,64.83938545363856,65.41875082333735,1052400
2023-05-22,64.52518463134766,65.32057715527714,64.39753135338034,64.89833016898005,1007900
2023-05-23,62.0604248046875,64.42696930633461,61.95240764448525,64.20111320086802,1232100
2023-05-24,61.952415466308594,62.227365548145734,61.31413420957075,61.64800377147896,1143000
2023-05-25,61.952415466308594,62.08007246683895,61.294494382880394,62.07025068053681,782100
2023-05-26,61.73638153076172,62.45321835313245,61.618546315746876,61.8934963994195,986300
2023-05-30,61.844390869140625,62.345197024846954,61.62835654739174,61.97204785434801,1128900
2023-05-31,61.20611572265625,61.72655797623483,60.72494937329812,61.569443121612224,1709100
2023-06-01,61.61853790283203,61.63817772697203,60.597289523032806,61.41232536823222,738800
2023-06-02,62.63978576660156,62.79690061251378,61.70691473016064,61.78547028016005,900900
2023-06-05,62.53177261352539,62.846002325479695,62.17826325109838,62.62014995413214,759300
2023-06-06,62.63978576660156,62.757620964557375,62.1389796199409,62.71834131660097,663800
2023-06-07,62.296104431152344,62.69871152232571,61.78548016377643,62.580876305520185,1078800
2023-06-08,62.70853042602539,62.71834846617699,61.88367645447868,62.09971079695234,1163500
2023-06-09,62.87545394897461,63.13076790578948,62.345193703884625,62.52194462163911,882800
2023-06-12,63.1504020690918,63.25841922093848,62.22735287807011,62.845994182156396,827500
2023-06-13,63.33699035644531,63.57266078099009,62.77726841575914,63.04239670689355,1215400
2023-06-14,63.4351921081543,63.788701526360434,62.91474976796983,63.33699671239225,910800
2023-06-15,64.85903930664062,65.04560827576951,63.33698473867044,63.45482368640477,1196200
2023-06-16,65.05543518066406,65.49731815874506,64.80994297243514,64.89831657132028,1947900
2023-06-20,64.85903930664062,65.56605051756547,64.56444568321831,64.80993787212789,1180100
2023-06-21,65.20272064208984,65.28127993307241,64.33858342493427,64.91794883114778,1253900
2023-06-22,64.81976318359375,65.4285790504398,64.4957116785662,65.4285790504398,933000
2023-06-23,65.232177734375,66.05702780449063,64.93758414257584,65.02596521684609,3541600
2023-06-26,65.2125473022461,65.59551450963697,64.79030044642707,65.19290373211857,1003100
2023-06-27,65.61515808105469,66.09632071855029,65.1143518711883,65.21255474938671,1254000
2023-06-28,65.59551239013672,65.84100456601024,65.03579052881814,65.55623274297776,996100
2023-06-29,66.46946716308594,66.55784075461294,65.40893911379975,65.60532986729999,1205000
2023-06-30,67.59873962402344,68.00135049378278,66.82299073827538,66.82299073827538,1373500
2023-07-03,66.20433044433594,67.3630538535611,65.33037886783349,67.16666310291016,924000
2023-07-05,66.20433044433594,66.35162725323761,65.63478677889051,65.68388821246671,1168000
2023-07-06,66.13560485839844,66.3418174313155,65.59552645080467,66.02758767851404,1794600
2023-07-07,66.57748413085938,67.35323284920149,66.02757653737406,66.10613583527582,1375100
2023-07-10,67.43180084228516,67.93260706620298,66.58730701051314,66.79351957522566,870000
2023-07-11,68.18790435791016,68.28609972296735,67.49070752663013,67.52997967919211,1371700
2023-07-12,67.42198944091797,68.66908666917048,67.2746926049944,68.53161162012937,1151500
2023-07-13,67.2943115234375,67.53980369008762,66.83278505144307,67.2943115234375,939900
2023-07-14,67.48089599609375,67.56926959052548,66.90153051811909,67.45143813128317,824000
2023-07-17,68.62979125976562,69.01275845016129,67.72638186149004,67.75583972354715,1117300
2023-07-18,68.47269439697266,68.81638201211913,68.23701646787669,68.38431330060463,982100
2023-07-19,68.37449645996094,68.65926835934711,68.07991026502359,68.28612284902833,900300
2023-07-20,69.74923706054688,69.74923706054688,68.39412292249611,68.4432168634547,914900
2023-07-21,69.91616821289062,70.27949932775101,69.76887890183725,70.0536432310915,1661300
2023-07-24,69.35643768310547,69.98489697110621,69.26806410752364,69.79832803649158,1624300
2023-07-25,71.16329193115234,71.67391249539186,70.64284957957304,70.97671543083952,1557500
2023-07-26,70.35806274414062,71.43822687550798,69.98490982273636,71.43822687550798,1255300
2023-07-27,69.2877197265625,70.48572292342978,69.19934612605317,70.48572292342978,1010600
2023-07-28,69.31718444824219,70.28933910094884,68.78692780909303,70.0536611592953,1011500
2023-07-31,69.1796875,69.47428108791597,68.875279619826,69.13059356323144,1177500
2023-08-01,68.7378158569336,69.33681742303307,68.5708829593196,68.81637515880865,1661600
2023-08-02,69.44483184814453,69.54302722569746,68.47268487426452,68.47268487426452,1301200
2023-08-03,69.34662628173828,69.69031379859028,69.08149056029103,69.1207702039064,871100
2023-08-04,68.7378158569336,69.84743790156624,68.64944226119468,69.4350128044632,847400
2023-08-07,69.85725402832031,69.91616975404033,68.7574463666438,69.25825251074426,728600
2023-08-08,69.08517456054688,70.28511761094138,69.01632573817795,69.97037906526076,1078500
2023-08-09,69.47859954833984,69.95071111836252,69.08517449064742,69.39008284993744,753700
2023-08-10,69.28189086914062,70.10807673789645,69.01632576564135,69.80317588213545,717700
2023-08-11,69.61628723144531,69.71464160580504,68.99664791941701,69.16385110622434,757300
2023-08-14,70.07855224609375,70.3441097739169,69.62611617768151,69.77365147267517,707600
2023-08-15,69.42940521240234,69.95069762808778,69.3703940915146,69.85233575466503,794400
2023-08-16,71.14080810546875,71.29817360765122,69.27204492931996,69.27204492931996,1366400
2023-08-17,70.0884017944336,71.37686141391156,69.90152322221932,71.36702372485867,1468100
2023-08-18,70.21627044677734,70.68838202842693,69.96054302738553,70.0195616650661,1178300
2023-08-21,70.46215057373047,70.66869701756804,69.77366242760522,70.31461525557278,766800
2023-08-22,70.531005859375,70.70804675661567,70.01955854732346,70.52116816953978,607200
2023-08-23,71.71127319335938,71.74077875569064,70.79656324130067,70.8162311148689,632400
2023-08-24,71.1113052368164,72.22272399494626,71.1113052368164,71.81946127940253,911900
2023-08-25,71.86863708496094,72.31123551793792,70.97360253046415,71.50471764845345,1024100
2023-08-28,72.0260238647461,72.23257033991254,71.6522666681942,71.74079087409933,809200
2023-08-29,72.50794982910156,72.53745538998292,71.62274548287299,72.03583834312715,784700
2023-08-30,72.9013671875,73.18660008609896,72.50794224102017,72.53744779881374,981400
2023-08-31,72.88170623779297,73.34398007860354,72.81285742132916,73.07842250194544,1085100
2023-09-01,72.98006439208984,73.27513505159918,72.82269887658782,73.09809415668529,595900
2023-09-05,71.30802154541016,72.90138969378113,71.27851597850757,72.86204643659133,1117600
2023-09-06,71.53424072265625,71.6227574200532,70.98344264655977,71.30801887826611,1325100
2023-09-07,72.77350616455078,72.83252478928449,71.2293193045917,71.75060421533573,1319800
2023-09-08,71.9178237915039,72.99973699529495,71.66209639658513,72.99973699529495,810100
2023-09-11,72.1932144165039,72.28173110292042,71.76044616124676,72.03584141315301,836100
2023-09-12,72.34075164794922,72.90137985531541,71.97683219602595,72.18337864042844,816900
2023-09-13,71.93748474121094,72.48827522743775,71.78994943126945,72.31123435629948,940200
2023-09-14,72.07518768310547,72.41943176240812,71.43587296213876,72.41943176240812,1559100
2023-09-15,71.43587493896484,71.97683529566609,71.17031735728499,71.75061346360239,2727300
2023-09-18,72.1243667602539,72.58664058506382,71.37685999026431,71.58340643250658,907600
2023-09-19,72.61613464355469,72.78333780783929,72.20304182451387,72.78333780783929,718000
2023-09-20,72.6259765625,73.27512895785193,72.55712774820128,72.94072257524611,677700
2023-09-21,71.1801528930664,72.49811808012326,71.12113426251116,72.36042044875786,1194700
2023-09-22,71.081787109375,71.77028273237757,71.03261367456192,71.18997917150458,826000
2023-09-25,70.91458892822266,71.14081075699164,70.67853691417197,70.80639685845813,698100
2023-09-26,69.91134643554688,70.75720742395785,69.76381114613444,70.69818880581896,800800
2023-09-27,69.79331970214844,70.04904704785447,69.38022687720883,69.79331970214844,940800
2023-09-28,69.7048110961914,70.43264246780974,69.61628690690989,70.07856071859915,1227200
2023-09-29,68.69172668457031,69.8326582236444,68.53436121598278,69.8326582236444,1018500
2023-10-02,68.37701416015625,68.78027692718005,68.04260772268604,68.53438719234872,1318200
2023-10-03,68.14094543457031,68.75075452909292,67.80653907896452,68.38683510920659,856100
2023-10-04,69.22286224365234,69.36055986857458,68.24914118057146,68.46552530658003,919100
2023-10-05,69.59661865234375,69.81300277611537,69.17368809332406,69.17368809332406,1008800
2023-10-06,69.85233306884766,70.23592785174093,69.22285612372383,69.60644340266,855700
2023-10-09,70.46215057373047,70.50149382550305,69.557278294835,69.557278294835,727300
2023-10-10,69.77366638183594,70.81623634904123,69.29171714827712,70.68837640150272,1286300
2023-10-11,70.28511810302734,70.73755429661344,69.71465214000008,70.05890375821373,1103100
2023-10-12,69.04582977294922,70.44248907339137,68.7507666138948,70.27527836223933,1061400
2023-10-13,68.56388092041016,69.87201588477673,68.1606257269789,69.28188212387657,1474500
2023-10-16,68.66222381591797,69.1244975609154,68.21962544523687,68.84910235213991,1659000
2023-10-17,67.87540435791016,68.6425791282998,67.56066579816161,68.13112427873392,2125500
2023-10-18,67.718017578125,68.1507858239045,67.4229544592407,67.81637195108644,1932500
2023-10-19,67.1475601196289,68.54421940486017,67.00003229368774,68.54421940486017,1736100
2023-10-20,66.06563568115234,67.72785227543272,65.878764631966,67.31475942486419,5591300
2023-10-23,65.68206024169922,67.48197477759193,65.63288680049676,66.43940477501215,1934100
2023-10-24,68.5540542602539,68.7802761153707,65.95745929139918,66.04598349695239,2594700
2023-10-25,67.8852310180664,69.1736982615719,67.7770464442356,68.84912202820311,2136800
2023-10-26,67.32459259033203,69.03599019668677,67.09837828288958,68.3474945779595,1875800
2023-10-27,66.51807403564453,67.37377282994595,66.19350535859562,67.20656964723021,1081600
2023-10-30,67.73768615722656,67.98357581693254,66.5377434172283,66.97050411562013,1197700
2023-10-31,68.40779113769531,68.80196027567902,67.63916545361012,67.91508159475342,2585100
2023-11-01,68.2895278930664,68.84136003179049,67.42235451147253,68.6836894103556,1747300
2023-11-02,69.87604522705078,69.92531165229099,68.36834826625474,68.4767449271907,1093800
2023-11-03,69.50157928466797,70.21108194724911,68.99901364564832,70.21108194724911,2353100
2023-11-06,69.87604522705078,70.05341337969338,69.26508291251615,69.78735363258126,1170000
2023-11-07,70.10269927978516,70.15197323157773,69.16655434092216,69.79722182948977,1056600
2023-11-08,70.56584167480469,70.77277872298856,69.7183808956809,70.28006931736537,1041600
2023-11-09,70.78263092041016,71.18664870020562,70.62496031102273,70.92058894454992,766500
2023-11-10,71.78775787353516,71.82717552760164,70.91073574546508,70.99942734665186,914000
2023-11-13,72.44799041748047,72.51696943613402,71.76805652450945,71.87645319927206,1194700
2023-11-14,72.13265228271484,72.91113402750307,72.02425561457036,72.63521796973482,1412400
2023-11-15,71.2556381225586,72.38887135911094,71.19651539447484,71.88630561595042,1369800
2023-11-16,72.13265228271484,72.58595154121834,71.54140251347594,71.54140251347594,950800
2023-11-17,71.94542694091797,72.50711534251262,71.63994200801658,72.14250768885873,819200
2023-11-20,72.3691635131836,72.54653920878059,71.63994814342416,71.77790618242746,1089200
2023-11-21,73.02938842773438,73.37428350674121,72.585952971604,72.585952971604,953700
2023-11-22,73.453125,73.620644407029,72.96041555475031,73.21662657136201,624200
2023-11-24,73.4432601928711,73.83742920701081,73.18704920595798,73.52209549932876,295800
2023-11-27,73.8768539428711,74.04437334654239,73.35458314427862,73.4137058707157,851100
2023-11-28,72.34944915771484,74.01480939689084,72.31988779552933,73.79801604999821,850700
2023-11-29,71.90601348876953,72.84215837340483,71.58082346933448,72.53668094080471,908200
2023-11-30,73.65020751953125,73.73889913121975,71.85674539696588,72.02426480797234,1385300
2023-12-01,73.0589599609375,73.66006611867567,72.75348249387872,73.43341645340149,986900
2023-12-04,73.41371154785156,73.99510511784071,72.92100207437605,73.06881642004869,1123200
2023-12-05,72.97026824951172,73.54180546401692,72.77317997024345,73.21662295998523,787900
2023-12-06,72.84215545654297,73.3939950935879,72.20163173673919,73.00967484718663,851500
2023-12-07,72.7042007446289,73.20676645764291,72.40857960379351,72.9998294036134,759900
2023-12-08,73.06880950927734,73.21662384096986,72.52682613245453,72.92099517758483,821400
2023-12-11,73.89656066894531,74.26116836582972,73.11807884142424,73.35458478877335,1259000
2023-12-12,74.64547729492188,74.6651823637798,73.53195670979534,73.85713921392048,1176100
2023-12-13,74.6651840209961,75.13818838372524,74.45824696172375,74.85241601097314,972200
2023-12-14,70.91075134277344,74.2119035359275,70.15198201000626,74.2119035359275,2904500
2023-12-15,68.4570541381836,69.48189072558816,68.12200779319086,69.09757794508018,3319600
2023-12-18,69.99430084228516,70.34905223546268,68.78223984738636,69.04829963319486,1906600
2023-12-19,69.89575958251953,70.7038027416987,69.64940486913382,70.01401255147839,1627000
2023-12-20,68.65412902832031,70.23079767442898,68.62456766591657,69.69867811486348,1168700
2023-12-21,69.38333892822266,69.52129695402162,68.18112683070444,68.42748152222379,1235000
2023-12-22,69.45233917236328,69.87606967203486,68.89065060471964,69.59029724033535,824100
2023-12-26,69.33406829833984,69.37348595304579,68.8709202532311,69.17639767951606,876600
2023-12-27,69.5705795288086,69.69868880974796,68.81181021080353,69.13700028344154,854400
2023-12-28,69.88589477539062,70.18152340269963,69.64939638443239,69.88589477539062,712600
2023-12-29,70.07312774658203,70.15196305074936,69.48187800162393,69.8563344191961,1043100
2024-01-02,69.7183837890625,70.48700929082956,69.55086438855413,69.98444357115525,1231500
2024-01-03,68.43733978271484,69.90561936075105,68.24025900944198,69.62970327090922,2041600
2024-01-04,69.45233917236328,69.6395636828106,68.70341857612148,68.72312364948141,1401700
2024-01-05,68.58515167236328,69.62970078422426,68.23040027862172,69.53115288295768,1737200
2024-01-08,71.13739013671875,71.16695149970941,69.85634260736201,70.05342337273261,1493700
2024-01-09,70.82205200195312,70.86146965620857,69.95487864463078,70.74321669344222,1200600
2024-01-10,71.87645721435547,71.93557994274713,70.65453236116439,70.70380631359049,1026800
2024-01-11,71.78775787353516,72.19178318910501,71.13738537681014,71.77790158048134,1050500
2024-01-12,73.39401245117188,73.83744800613553,72.14252607650911,72.37902453794635,2389600
2024-01-16,73.46298217773438,73.94583533480585,73.23633252220719,73.50239231785689,2453800
2024-01-17,73.38416290283203,74.30060298307913,73.15751319775964,73.48270331097824,1749800
2024-01-18,73.06880950927734,73.22647261643993,72.1622259681821,72.42828575070925,2450600
2024-01-19,73.7388916015625,74.16262199199578,73.34472257262358,73.640351223865,1996500
2024-01-22,74.19218444824219,74.34984755125483,73.600934655184,73.90641208599844,2035400
2024-01-23,77.75940704345703,78.82365371477978,76.95135634844534,78.34080057105885,2822500
2024-01-24,76.468505859375,78.34080329070737,76.20244606184522,78.30138563215672,1745100
2024-01-25,76.06449127197266,76.6655974338387,74.94111426871643,76.45865283805206,1834600
2024-01-26,75.75899505615234,76.06447999818181,75.029787245204,75.9462270349947,1197300
2024-01-29,75.95608520507812,76.08418694641803,75.05935046125168,75.81812717035852,1614000
2024-01-30,77.1583023071289,77.18786367100655,76.03492537088162,76.07433551061881,1369200
2024-01-31,76.42908477783203,77.62144070252627,76.35025698241081,77.39479857369766,1667100
2024-02-01,76.78443908691406,76.87327207628903,74.81029232812189,76.11322888769384,1346000
2024-02-02,76.68572998046875,77.3964239882092,76.64624614328629,76.85353064041527,1090500
2024-02-05,76.58702850341797,76.8436697195319,76.12311028879115,76.59690134693818,1041900
2024-02-06,77.39642333984375,77.62344598827617,76.46857200075853,76.48831015379845,1378800
2024-02-07,77.90969848632812,78.39336231095281,77.38655082468503,77.64319199991874,1007100
2024-02-08,78.91650390625,79.13366122777232,77.68266233466528,77.87020866339299,1506700
2024-02-09,79.95294189453125,79.96281473671465,78.71910019862798,78.80793318596243,1243300
2024-02-12,79.89370727539062,80.07138075274943,79.42978166613314,79.9529292575866,1359100
2024-02-13,79.9035873413086,80.46621886838606,79.35082865667732,79.99242786177992,1143000
2024-02-14,81.13742065429688,81.21638832413129,79.90357905352732,80.00229240620608,1190400
2024-02-15,81.66058349609375,81.82838416218883,80.96962761624052,81.33484747548175,1462500
2024-02-16,81.62108612060547,82.23306669093105,81.28547731330384,81.88759257368743,2442100
2024-02-20,81.6309585571289,82.09488421111689,80.83143159731144,81.30523009287428,1515900
2024-02-21,81.76915740966797,81.96657660950382,81.10782003445588,81.90735461493928,964100
2024-02-22,83.03262329101562,83.14120197554823,81.97645497573997,82.42063502644757,888600
2024-02-23,83.15105438232422,83.50640138004638,82.82532591005538,83.50640138004638,860100
2024-02-26,82.96351623535156,83.63472639966,82.93389770966155,83.19053888357203,808400
2024-02-27,83.02274322509766,83.13132190018446,82.06528083429896,82.48972269215491,944200
2024-02-28,83.68408203125,83.7729225536595,83.09183949468564,83.26951300873219,815300
2024-02-29,83.12144470214844,83.74329819261051,82.69700286653314,83.74329819261051,1674200
2024-03-01,82.65753173828125,82.92404579715092,82.07516199540163,82.89443479744831,883400
2024-03-04,82.86481475830078,83.0523611273669,82.12450965612142,82.22322302769702,750700
2024-03-05,83.01286315917969,83.12144182481843,82.18372520059835,82.4206206843685,978900
2024-03-06,84.00981140136719,84.1085172278399,82.97338139647414,83.08196006482567,1056800
2024-03-07,84.74024963378906,85.4114598450393,83.99007174338645,84.25658577783256,1369700
2024-03-08,84.08877563476562,84.9179135801424,83.73342864938371,84.68101810014497,1150100
2024-03-11,83.78278350830078,84.48360468537815,83.58537184997016,84.40464454050912,1066400
2024-03-12,84.78958892822266,85.10545204928592,83.70380992024091,83.75315906151187,925700
2024-03-13,84.40465545654297,84.66128913940875,83.7531833444075,83.90124587269038,1102400
2024-03-14,83.89136505126953,84.72051061233883,83.41757404274904,84.3947745872483,1163300
2024-03-15,83.84200286865234,84.04928734400795,82.11462470991783,82.50944797872596,1872300
2024-03-18,83.9111099243164,84.38490092825248,83.8124040927274,83.8124040927274,849500
2024-03-19,84.37503051757812,84.53295833242198,83.74329666588737,84.16773849376467,801600
2024-03-20,85.57926177978516,85.8753868155962,84.43426053824557,84.78960756890983,1005700
2024-03-21,84.92780303955078,85.82603598946736,84.838962510436,85.45095077851373,1174600
2024-03-22,84.88831329345703,85.53978535908459,84.81921845596071,85.40158815331944,909800
2024-03-25,84.78958892822266,85.07584105836918,84.62178829251393,84.80932707857687,580200
2024-03-26,85.30287170410156,85.42132320968729,84.47373375731614,84.59217773213032,1032400
2024-03-27,86.13201904296875,86.28994685639098,85.38184121959095,85.81615588535257,1113500
2024-03-28,86.40839385986328,86.8525738134021,86.06291972591406,86.38864817748258,1072300
2024-04-01,85.20417785644531,86.1813784398598,85.18443970145938,86.1813784398598,952000
2024-04-02,84.40465545654297,85.85565467832377,84.2368472414101,85.3226340949692,1212100
2024-04-03,84.38490295410156,84.98701833125347,84.24671328040498,84.24671328040498,1256800
2024-04-04,82.85494232177734,84.9574059201157,82.68713412299098,84.79947809456489,1456100
2024-04-05,84.0492935180664,84.46386249923086,82.88454671567223,83.05234737031903,1216600
2024-04-08,84.40465545654297,84.92780319647254,83.82227818683644,84.20723624190812,1512900
2024-04-09,83.46691131591797,84.65140373020517,82.62790056252987,84.42437356996615,1191400
2024-04-10,82.51933288574219,83.21028876873098,82.35153221888562,82.90429090065886,1228100
2024-04-11,81.58160400390625,82.2232031098613,81.2163841975574,81.96656196132506,1138700
2024-04-12,80.84130859375,81.97644444850923,80.53531073537505,80.87091958922487,1327700
2024-04-15,79.9825439453125,82.05539625645426,79.96280579392521,82.01591242290846,1661800
2024-04-16,79.87397003173828,80.64388600470058,79.85423187917819,80.37737952589505,1111100
2024-04-17,79.57785034179688,80.2984096171278,79.29159818763408,80.10099797393968,1016300
2024-04-18,80.08126068115234,80.80182756274746,79.84436517835313,80.42674238908434,1338800
2024-04-19,81.10782623291016,81.12757191978898,80.10101459450796,80.27868812255223,1405900
2024-04-22,81.43354797363281,82.13436911916784,81.27561262945899,81.92708462801846,1546400
2024-04-23,81.85798645019531,82.42061791195626,80.43659853384288,81.54212330553604,1902800
2024-04-24,81.06832122802734,81.80862614650206,80.63401413011316,81.68030933837736,1520900
2024-04-25,81.21639251708984,81.58161236085057,80.44647652338463,81.10781384815482,1608800
2024-04-26,80.40699768066406,81.0880807316014,79.82462799363304,80.7031227108383,1710300
2024-04-29,80.48595428466797,80.71297691656069,79.8641008437955,80.40698661671776,1167500
2024-04-30,80.48595428466797,81.06832389156533,80.0220286489246,80.56492195261818,1918700
2024-05-01,81.6309585571289,82.52919887115186,80.51556844386008,80.53530659623821,1332400
2024-05-02,81.7790298461914,82.13437687335863,81.21639830830539,81.75929169169208,1137900
2024-05-03,82.55015563964844,82.68856248282131,80.85960844723078,82.53038646602685,1013000
2024-05-06,83.2520751953125,83.50911969871747,82.64901359652026,83.09389918425275,1056800
2024-05-07,84.27037048339844,84.35935063189888,83.50913275453455,83.63765125502611,967000
2024-05-08,83.84524536132812,84.84375826505982,83.79581865957522,84.67569390240789,949600
2024-05-09,84.63615417480469,84.75479184433752,83.56843777683092,83.64752955651949,851200
2024-05-10,86.07955169677734,86.43545718957903,84.912974257618,84.96240850929907,1100400
2024-05-13,86.47499084472656,86.77157368501793,86.0301052703794,86.0301052703794,1561100
2024-05-14,87.44384765625,87.50317026448143,86.07954834864756,86.41568465326725,1540000
2024-05-15,87.69099426269531,87.95792711412585,87.14725528765216,87.39441142429179,1141200
2024-05-16,88.38304138183594,88.95644546417041,87.97770167248004,88.44235644462668,1149400
2024-05-17,88.80814361572266,88.84768950215818,88.23473957631765,88.82791278763712,1080000
2024-05-20,88.83781433105469,88.88724858208823,88.32372527369363,88.77849926390061,1034800
2024-05-21,88.82791137695312,89.47051882176333,88.81802301984963,89.04540997759102,1495100
2024-05-22,90.1230239868164,90.65687464416446,88.87735485358735,89.50018564889824,1375500
2024-05-23,88.09634399414062,90.14279673719915,87.97770631968523,89.99450152978179,942700
2024-05-24,88.34349822998047,88.4917934341598,88.02713864761468,88.16554549348675,791800
2024-05-28,86.583740234375,88.1655380119765,86.47499093004551,88.04690035017884,1568800
2024-05-29,85.33808135986328,86.1981875395853,85.28864710923497,86.11909575562308,1484000
2024-05-30,86.75180053710938,87.00884502100098,84.99205012049558,85.23920624738193,1159100
2024-05-31,88.49178314208984,88.63018997186445,86.88032034276088,87.29554837469125,1859400
2024-06-03,87.87882995605469,88.81802020070067,87.08792735022188,88.21496620344581,796600
2024-06-04,88.87735748291016,88.96633008089788,87.65146502967627,87.65146502967627,1286300
2024-06-05,88.97621154785156,89.12450674228603,87.83929178066319,88.97621154785156,864600
2024-06-06,88.51155090332031,89.44086035351785,87.86894346526044,89.28267681194959,1081900
2024-06-07,89.25303649902344,89.64848788661386,88.64009401373575,88.90701936335977,993400
2024-06-10,88.62029266357422,89.39141850660387,88.16552633416201,89.00585558508905,841800
2024-06-11,88.60054779052734,88.66975121740218,87.67123816454428,88.51156764591236,966000
2024-06-12,89.44085693359375,89.65835552363049,88.08643869547801,88.79824952010509,803800
2024-06-13,89.49028778076172,89.76710898075645,88.60053175132991,89.25302000908701,636800
2024-06-14,89.05530548095703,89.4705260013453,88.71916919592337,89.07507465414392,648600
2024-06-17,90.95345306396484,91.0720907180822,88.69939043397925,88.80813973126857,1144200
2024-06-18,91.35879516601562,91.9915142529995,90.82493702213426,91.1017506798639,966800
2024-06-20,91.83333587646484,91.97174271311638,91.09186744757147,91.35880030583296,898700
2024-06-21,91.96186065673828,92.05084079645803,91.02267026616234,91.83334216892911,1921700
2024-06-24,92.27821350097656,92.68355319406324,91.24016223076718,91.97174229871572,1119000
2024-06-25,90.10323333740234,92.38695344300554,90.08346416680499,92.27820414820481,1074800
2024-06-26,89.54961395263672,89.72756667414265,88.12599218058931,89.40131876094732,1288800
2024-06-27,89.13439178466797,89.9252868878903,89.07506918353648,89.72756499773637,1316200
2024-06-28,88.3929214477539,89.42108430517573,88.10621943348201,88.80814193355192,2024300
2024-07-01,88.09634399414062,89.07508029492317,87.60203166448777,88.79826659713477,1099800
2024-07-02,88.63018798828125,88.65984551648256,87.30542723530745,87.54270254613063,842300
2024-07-03,89.01576232910156,89.28268765967105,87.9282767478142,88.58076507954368,708400
2024-07-05,89.49028778076172,89.57926790926878,88.2347379654346,89.10472482331288,823100
2024-07-08,89.53972625732422,90.32074056623115,89.5001803697408,89.96483512058731,623300
2024-07-09,89.05530548095703,89.69791297733342,88.89712192503364,89.5594985945969,726500
2024-07-10,89.8956298828125,90.03403671524863,89.01575464406568,89.29256830893794,958000
2024-07-11,90.9238052368164,91.1709613856421,89.90552311047165,90.15267925929734,708000
2024-07-12,92.67367553710938,93.04935774336953,91.06222002151223,91.32914536678489,1331900
2024-07-15,92.16947174072266,93.2075230109654,91.99151901688006,92.87139427848876,886700
2024-07-16,92.24857330322266,92.97027269177318,91.99153629808042,92.55505210567422,843500
2024-07-17,92.47593688964844,93.05922172580286,91.99151299524486,92.24854993527578,1255200
2024-07-18,92.16947174072266,92.96036686910662,91.89265052605106,92.11014913770387,1124200
2024-07-19,91.4082260131836,92.59458001205458,91.24016164802408,92.59458001205458,962500
2024-07-22,92.10027313232422,92.6440121472443,91.32913959366527,91.7443676660531,1209100
2024-07-23,96.93463134765625,97.95291333492936,94.35432090291272,95.89657264731812,2871500
2024-07-24,96.4502182006836,97.24112093576117,95.66920382401153,96.93464970865716,1733700
2024-07-25,96.32168579101562,97.61678147849005,96.10418719317276,96.81599804334711,1458100
2024-07-26,98.04190063476562,98.13088077170455,96.49964865882458,96.88521165280984,960200
2024-07-29,97.5376968383789,98.78335827831442,97.12246881579404,98.3088227419408,1489000
2024-07-30,98.70426940917969,99.09972072951844,97.89359759665821,98.12098455720013,967800
2024-07-31,98.29894256591797,99.20847537183508,97.56736248660265,98.44723776185396,2294100
2024-08-01,99.65336608886719,99.71268115325176,98.52633460991586,98.90200925536384,1097000
2024-08-02,100.0685806274414,101.98651471540887,98.14075818180002,99.51495327941241,1420800
2024-08-05,97.26087951660156,99.42596967254052,96.73690971729008,99.38642378583312,1382200
2024-08-06,98.23963165283203,99.61381927749143,97.33009126590188,97.54758989011111,1514900
2024-08-07,97.79415893554688,100.20956519474957,97.66547210546159,98.3683141205192,1504300
2024-08-08,99.29884338378906,99.5859210050928,97.76447236956452,97.76447236956452,991600
2024-08-09,99.30874633789062,99.74431343293239,98.77418878101794,99.2988450259611,604400
2024-08-12,98.55640411376953,100.22937084391098,98.36832450417405,99.41763698213883,919000
2024-08-13,98.93257141113281,99.20974770241877,98.16043529898266,98.91276878890524,826100
2024-08-14,100.27886962890625,100.34816370649631,99.00187229689983,99.1107640691825,1113700
2024-08-15,100.16997528076172,100.77382689244192,99.45723189959902,100.63523874082559,1211800
2024-08-16,100.8431167602539,100.91241083317055,99.87299218693332,100.36795200847725,1458300
2024-08-19,101.48655700683594,101.55585107874244,100.39764692581056,100.84311529019871,769000
2024-08-20,101.85283660888672,102.13991422615615,101.30837775673987,101.87263923214,1159100
2024-08-21,102.41708374023438,102.78335672125256,101.57565356747693,102.7734554102825,643300
2024-08-22,102.62498474121094,102.82297323441695,102.08053337799412,102.57549328227601,643100
2024-08-23,100.97180938720703,102.70416886198754,100.82331992172826,102.664571167694,935100
2024-08-26,101.19949340820312,101.60535655451692,100.70453356234032,101.08070032630042,896700
2024-08-27,101.96172332763672,102.06071378153499,101.1697845914756,101.35787174062357,591300
2024-08-28,102.8328628540039,103.10014542094734,101.64496215255532,102.23891250327961,686300
2024-08-29,103.59508514404297,103.96135055358948,102.32798929509795,102.83284284109239,924800
2024-08-30,104.07025909423828,104.38703310755969,103.24863145350628,103.80298408869669,1437900
2024-09-03,103.90196990966797,104.64440967826529,103.39710875232518,104.0702544446196,1174700
2024-09-04,104.7532958984375,104.95127680524546,103.93166078545829,104.080150241808,748900
2024-09-05,103.5752944946289,104.83249673091474,102.58537480416227,104.83249673091474,994800
2024-09-06,102.89225006103516,104.14944468394974,102.70416291215906,103.57528947868717,1035700
2024-09-09,102.67446899414062,104.04055541470056,102.2982946873651,103.57529196315464,1406500
2024-09-10,102.09041595458984,103.84257805319737,102.03102318937871,102.87245342398404,1439800
2024-09-11,99.68489837646484,101.7439329090887,98.3980074579402,101.7439329090887,1741500
2024-09-12,101.14009857177734,101.32818574019375,98.9919745369233,99.58592487364719,1194500
2024-09-13,102.09041595458984,102.22900410840775,100.36795779107581,101.00150579495426,1578100
2024-09-16,103.06053161621094,103.62478549408308,102.5259741183604,102.77345402185672,1600000
2024-09-17,102.15969848632812,103.08032400549942,101.83303076209606,103.01102993642145,1007800
2024-09-18,101.47666931152344,102.81305937956178,101.15989531352555,102.28840315342352,2614100
2024-09-19,100.42733764648438,101.63504073378151,100.1501613744792,101.63504073378151,3374400
2024-09-20,99.99179077148438,100.42735030274622,98.68509707272298,100.27886839009327,3805200
2024-09-23,101.17967987060547,101.20937624975579,99.78389718313078,100.2491530439643,2341600
2024-09-24,102.31809997558594,102.33789504633248,100.00168396887035,100.83322043749499,3376500
2024-09-25,102.3082046508789,103.5258092664604,101.86274378437913,102.95165399886952,1523800
2024-09-26,101.97162628173828,102.6843696452695,101.48656021059266,102.08051804852708,1704400
2024-09-27,101.6152572631836,102.139913488287,101.36777734172065,101.6449536453611,1460900
2024-09-30,102.55567169189453,102.63486707453195,101.14998763627338,101.95182011613706,1872500
2024-10-01,103.95146179199219,104.60480481629399,102.48637742592662,102.95164085743029,1876000
2024-10-02,103.98114776611328,104.21872633731151,103.48618800383312,103.93164876889062,1563400
2024-10-03,103.5752944946289,104.33753688568143,103.20902904274848,103.9415674989972,1431500
2024-10-04,104.58500671386719,104.69389847350743,103.4169012897613,103.83266570703107,1080900
2024-10-07,101.10050201416016,104.53552477767143,100.5263542952716,104.17915306112633,1857200
2024-10-08,104.18904876708984,104.86219446739953,102.33789620311619,102.33789620311619,1538300
2024-10-09,104.79289245605469,105.29775358118424,103.76337513632402,104.15934449814156,1170900
2024-10-10,102.62498474121094,105.5947441669023,101.80334948750568,105.40666453896755,1175200
2024-10-11,103.69408416748047,104.04055453725616,103.00114342792911,103.19912433851876,739000
2024-10-14,104.87208557128906,105.1789582326307,103.86236334286296,104.16924355669184,1077700
2024-10-15,104.79289245605469,106.58464456648201,104.62460793184063,105.54523348825929,1271000
2024-10-16,105.2581558227539,105.50563572967141,104.33753026692126,104.51571610200136,1184100
2024-10-17,105.85211181640625,106.58465026582252,105.4264460513763,106.21838481735828,1378200
2024-10-18,105.31755828857422,106.29757669557927,104.38703133602084,106.29757669557927,4537600
2024-10-21,104.98098754882812,105.41654708255872,104.32763691950029,105.27795892830517,1551800
2024-10-22,104.38702392578125,104.7730919845433,103.07043653300974,104.30783609378234,1769400
2024-10-23,104.95127868652344,105.23835629328214,103.90196626715465,104.0702507962067,1198000
2024-10-24,104.21873474121094,105.4759368681722,104.18903836147736,105.13936027538809,1110000
2024-10-25,102.93185424804688,104.61471472553619,102.84275754730395,104.39693118204012,1157000
2024-10-28,102.3082046508789,104.15935730225438,101.96173424888038,103.89207474036385,1909500
2024-10-29,103.98114776611328,105.83229999593624,102.3180826627525,102.64475791845419,2454500
2024-10-30,104.76319122314453,105.06016256638692,103.99105515723247,104.26823143192017,1611800
2024-10-31,103.58518981933594,105.030471577586,103.56539474976536,104.19894271084792,1218700
2024-11-01,103.11993408203125,104.38703009879517,103.08033638744638,103.94156925156935,923700
2024-11-04,104.38702392578125,104.41672785932933,103.05063391064435,103.51589735389285,797300
2024-11-05,106.51535034179688,106.52525165276215,104.11974665734411,104.21873710953464,1030600
2024-11-06,109.84612274169922,113.08768305748832,106.59465485575551,113.08768305748832,1725300
2024-11-07,109.39012908935547,110.09395231162767,108.71604370473787,109.9551706938856,1266000
2024-11-08,111.4520263671875,112.27480841564812,110.07411790676797,110.5400308152464,1210900
2024-11-11,110.87708282470703,112.48299414486308,110.70856336726101,111.96751307581155,1132200
2024-11-12,111.44210815429688,111.9873269817076,110.84732879177695,110.9662876894929,749300
2024-11-13,110.93656158447266,111.99725395473324,110.83742537771332,111.47185777321326,1255000
2024-11-14,108.57725524902344,110.98611826674262,108.49794931158509,110.51029776817342,1210300
2024-11-15,109.09274291992188,109.32073805014734,107.39761054687216,108.17083213941717,1501900
2024-11-18,108.82508087158203,109.32073163712069,108.1113425591215,108.1113425591215,1231400
2024-11-19,108.39881896972656,108.79534108766352,107.23899801426099,107.9824741492564,827300
2024-11-20,108.65655517578125,108.9935940467042,107.52647210040543,108.5177735744565,1031200
2024-11-21,109.7866439819336,110.41116122049426,108.52769437190575,108.93412406470638,1085000
2024-11-22,111.07534790039062,111.4421246540161,109.79656792197478,109.79656792197478,998300
2024-11-25,110.76803588867188,111.98734015382958,110.34177590883975,110.61933913979446,1844500
2024-11-26,112.43342590332031,112.9687296760574,110.73830107116842,111.10508538666355,1371900
2024-11-27,112.21533966064453,113.15708073160422,111.9476915526434,112.7506434396779,777600
2024-11-29,112.11620330810547,112.76055082542833,111.5313390263865,112.2450773493884,803900
2024-12-02,110.65898895263672,112.2351623449107,109.88577495617538,112.2351623449107,991100
2024-12-03,110.4111557006836,111.27359070770137,109.73707039432064,111.0257653386419,990500
2024-12-04,110.17325592041016,110.82751858707665,109.8163867500522,110.20299375743485,782300
2024-12-05,109.58838653564453,110.6887318326506,109.40995195875082,110.53011995850935,1254400
2024-12-06,108.23030853271484,109.72717606003188,107.60579125004766,109.2810858041002,1242800
2024-12-09,104.76075744628906,107.79413803955516,104.07675689563835,107.28857964936502,2024700
2024-12-10,102.03466796875,104.30474940634052,101.24162371034062,103.9974483486464,1744000
2024-12-11,103.20440673828125,103.28371267876315,102.33206408207259,102.62945001433359,1449500
2024-12-12,102.7583236694336,104.13623223721054,102.56005881897927,103.78927063967316,952200
2024-12-13,103.2837142944336,103.42249591093251,102.51050027021653,102.92684511971328,1208200
2024-12-16,103.48196411132812,104.11639647322197,103.0854419943869,103.3828354728504,1357100
2024-12-17,102.28248596191406,102.96648639628198,101.52909472717768,102.74839886282959,1464600
2024-12-18,100.05207824707031,102.8772865050175,99.98268743242008,102.35189782794698,1456000
2024-12-19,101.41014099121094,101.98509008221617,100.35935631517413,100.50805304473903,1762800
2024-12-20,102.03466796875,102.9565787048629,101.02354372415708,101.41015072029825,2726000
2024-12-23,101.90579986572266,102.04458147427624,100.74597133276701,101.48944747703145,773000
2024-12-24,102.94666290283203,103.03588397376282,101.30110628741697,101.63814517908095,338300
2024-12-26,102.8376235961914,102.9764052120853,102.06440957534521,102.06440957534521,588000
2024-12-27,101.99502563476562,102.9863272796272,101.48945967823744,102.30232672450268,676500
2024-12-30,101.10284423828125,101.52910421266296,100.16111077915063,101.11275937155452,1080600
2024-12-31,101.13258361816406,101.66788737762725,100.6666782296419,101.26145766359072,716000
2025-01-02,99.66546630859375,101.9950236152875,99.308597118467,101.9950236152875,1502200
2025-01-03,100.7063217163086,100.98389250568549,99.52667800433719,100.24041633667356,1066600
2025-01-06,100.04216003417969,101.01363897242003,99.71502867673874,100.7459832934115,1376800
2025-01-07,100.19084930419922,101.29119465113799,99.55641690490508,100.42875956317683,1543000
2025-01-08,101.63815307617188,102.25276279835083,100.41885632861457,100.73607254195797,1387300
2025-01-10,101.06319427490234,101.62823587979715,100.25032727201805,100.27015753915454,1902000
2025-01-13,101.65797424316406,102.09414177057056,99.89345117868312,100.16110682528047,1425200
2025-01-14,102.72856903076172,102.76822199728642,101.17222601906,102.04457615654329,1263400
2025-01-15,102.77814483642578,103.71987828215498,102.0148459719225,103.42249235546552,1082100
2025-01-16,105.02839660644531,105.08787984253787,102.83762107997443,103.19449024440712,1176400
2025-01-17,104.63188934326172,105.39518826531386,104.32458069723997,105.24649150924284,4131000
2025-01-21,104.77066802978516,105.81153016705501,104.70127722063384,105.07796910416516,1841200
2025-01-22,104.27500915527344,105.1275290662593,104.11639728205263,105.1275290662593,1262500
2025-01-23,104.31465911865234,104.76074176393267,102.65917988247769,103.98752781183069,1595500
2025-01-24,105.07797241210938,105.29605998003082,103.54145186577642,103.77936970152594,1480200
2025-01-27,106.90196228027344,107.20927092306285,104.81032283552453,105.82144715271609,2277600
2025-01-28,104.10648345947266,108.11134255233733,103.32336190543755,108.11134255233733,2664700
2025-01-29,102.27257537841797,104.01726816060693,102.10405593617487,103.38283579672556,1632500
2025-01-30,104.54266357421875,104.68144519018378,102.42127880100392,103.38284254235502,1325700
2025-01-31,103.7496337890625,105.10771220228222,103.6009370297161,104.17588623587409,1782600
2025-02-03,104.6219711303711,104.96892517563852,102.63936794252179,103.03589009269784,1497700
2025-02-04,104.9887466430664,105.60334873944632,104.03709053719561,104.72109099984327,1506600
2025-02-05,106.01123809814453,106.18992575659696,104.87955211919828,105.74320282358718,1372400
2025-02-06,106.98410034179688,107.06351877167239,105.6240957055307,106.54731412499818,797700
2025-02-07,107.7881851196289,107.84774514765775,106.64656994861278,106.97416525028613,1934900
2025-02-10,108.11578369140625,108.3540313844851,106.85504085244223,107.55986230921212,2077200
2025-02-11,107.95694732666016,108.25476262465055,107.16277824785753,108.10585497565535,1226100
2025-02-12,108.49301147460938,108.67169914055572,106.84511326935336,106.9344608892054,1037000
2025-02-13,110.12104797363281,110.21038801703892,108.45329899956788,108.99929117735245,1466300
2025-02-14,109.79345703125,110.36922924639022,109.21768481610978,109.96221550245248,1454000
2025-02-18,110.65711975097656,111.14354436472993,109.60485209606901,109.90265983818495,1447500
2025-02-19,111.49098205566406,111.5306912663507,110.25009762329755,110.52805452434644,1187500
2025-02-20,110.83580017089844,111.28251554171126,109.66440495156432,111.00455863776038,1483100
2025-02-21,110.8953628540039,111.49098588725802,109.99200289454936,111.06412132490365,1714700
2025-02-24,111.77886962890625,112.36457102707156,110.7563820549351,111.14353739704539,1577900
2025-02-25,113.93304443359375,114.06210126485014,111.99726770232492,112.37449385223026,1271100
2025-02-26,113.9529037475586,114.4988883710127,113.37713153481839,113.96283294398728,1547200
2025-02-27,115.65042877197266,116.29569018974375,113.87348136096011,114.16136745731207,1324900
2025-02-28,117.67555236816406,117.93365844848732,115.82911574307735,116.30561869338511,2261900
2025-03-03,118.995849609375,119.51205417196707,117.13948387564068,117.56634839949372,2204400
2025-03-04,118.30096435546875,119.73046574096915,117.96344740264672,118.80724735845982,2726100
2025-03-05,118.7178955078125,119.28374609755659,116.93102641331986,117.52664944481741,2257000
2025-03-06,117.84431457519531,118.15205149789944,116.20634557203778,117.7351161367343,1939100
2025-03-07,117.78474426269531,117.98328272960707,115.21362794577296,117.25861050899782,2405700
2025-03-10,118.75760650634766,120.36579553196677,116.99058820436004,117.12956666134168,2445800
2025-03-11,117.09977722167969,118.4994984491826,116.48429583760817,118.44986004407333,2337700
2025-03-12,116.42474365234375,117.19905435215603,114.66765456998188,117.0700050934399,2037200
2025-03-13,117.0005111694336,117.57628335983901,116.33539893590878,116.71262507423089,1900000
2025-03-14,117.33802795410156,118.24139544902359,116.81189417079861,117.4869355995429,2039500
2025-03-17,119.2043228149414,119.27381203955444,116.38502947258885,116.55379550986979,2053300
2025-03-18,118.32081604003906,119.89921741889948,118.1719083918664,118.99585748116519,1646200
2025-03-19,119.00577545166016,119.16461229117209,118.01306792598271,118.15204637367697,1446100
2025-03-20,118.9263687133789,120.0878347408368,118.25132726965201,118.81717027588208,1384500
2025-03-21,117.65569305419922,119.5418388748454,117.03029003721836,119.0355634879474,3022000
2025-03-24,120.09777069091797,120.41543682502096,118.16198629586957,118.51936164345518,1325300
2025-03-25,120.50477600097656,120.96142059207752,119.14476385065383,120.09776981980835,1138300
2025-03-26,120.88199615478516,121.71587444289095,120.54447922005117,121.05076219590978,903500
2025-03-27,122.00376892089844,122.3412858788069,120.53455829990867,121.36843664526992,1232700
2025-03-28,122.0335464477539,122.25194333312434,120.9415695946597,122.0037664313412,1650500
2025-03-31,123.4928207397461,124.05866374031868,122.13280866963838,122.68872247405844,1872900
2025-04-01,123.2049331665039,124.76348369845932,122.38098409213222,123.07588391309625,2289600
2025-04-02,123.32406616210938,123.60202307308285,121.25923257522385,122.35120939994441,2024400
2025-04-03,123.5226058959961,124.76349038519731,122.20230298178411,122.52989830463513,1994600
2025-04-04,114.17130279541016,123.23472042500495,113.88341668357094,121.49748213111027,2809400
2025-04-07,111.84835815429688,114.1216593590196,108.62205860775391,112.99990255092816,3560500
2025-04-08,111.59025573730469,116.19641801506944,110.02177604111344,115.21363211911317,1892200
2025-04-09,115.78941345214844,116.31554726650256,109.16805560106442,110.40894009671396,2489500
2025-04-10,116.40489196777344,118.01307338657853,113.85363381168314,115.87875816662077,2482700
2025-04-11,117.99321746826172,118.04285587420013,114.89596725213673,116.4247377551996,2036000
2025-04-14,120.01834869384766,120.8125102186027,118.41015967755013,119.32344883920943,1559800
2025-04-15,118.65834045410156,120.70331572506737,118.50943279654157,120.23674950622457,1866000
2025-04-16,117.93365478515625,119.97862982465702,117.31817340466002,119.52198528058196,1207700
2025-04-17,116.36518096923828,117.87409312246403,116.22620251724739,117.68548383690931,1795500
2025-04-21,112.5928955078125,116.44460588863602,111.13361410672798,115.9879537223206,1722300
2025-04-22,116.70269775390625,116.86153459812583,113.51610741088746,114.66765181020664,1525000
2025-04-23,117.33802795410156,118.19175704262399,116.33539879389525,116.8615325771982,1933100
2025-04-24,116.9012451171875,117.15934363129578,115.22356690669523,116.59350062150811,1150200
2025-04-25,113.60545349121094,115.561088560083,110.2103879426769,115.17392565097857,3085500
2025-04-28,114.04224395751953,114.60808697464165,113.09917478690191,114.16137159356126,2106700
2025-04-29,107.2024917602539,108.77097158825151,104.52218426583407,106.89475482740603,3284800
2025-04-30,109.79345703125,109.89272627467747,105.59430820158161,107.19256801416454,3337000
2025-05-01,108.22496795654297,110.23024134115803,108.08598951290713,110.23024134115803,2201600
2025-05-02,109.763671875,110.12104719360804,108.64191508666542,109.54527500543314,1616000
2025-05-05,109.59490966796875,109.8927173741308,108.0959192202211,108.94964827731522,1584900
2025-05-06,109.57505798339844,110.26002862488335,108.71140725153414,109.28717188152446,1175400
2025-05-07,110.39900207519531,111.00455426656724,109.65447143732071,109.65447143732071,1372900
2025-05-08,110.7166748046875,112.12631774573588,110.56776715344824,111.11375935007293,1347200
2025-05-09,110.50820922851562,110.90529378146867,109.86294777668668,110.6670460792,922400
2025-05-12,110.10065460205078,111.87999975135322,108.26166905595986,111.87999975135322,1574800
2025-05-13,108.37100219726562,110.37898141383143,108.30141920960108,109.72290674387125,1645500
2025-05-14,107.62547302246094,108.95750004104933,106.46243976973739,108.6095850830522,1550000
2025-05-15,109.9018325805664,110.0409985521862,107.64534925446542,108.13243015513471,1692200
2025-05-16,111.1046371459961,111.16428512701559,109.81238051155798,109.92172629545361,1320700
2025-05-19,111.33326721191406,111.89987371490133,110.59767453420604,111.27362681706603,1539700
2025-05-20,111.78058624267578,111.93963740885583,110.80642439374256,111.01517336137111,1928300
2025-05-21,110.32927703857422,112.99332336548854,109.9714195033188,111.60165601549265,2345100
2025-05-22,109.77261352539062,110.71695516771156,109.03702084872032,110.46844341089269,1288900
2025-05-23,110.16028594970703,110.69707222864052,109.1065985784542,109.71296784258408,1210500
2025-05-27,111.41279602050781,111.5420194077461,109.6135656893969,110.68713833161051,1503500
2025-05-28,110.20999908447266,111.63148666830946,110.11058831236245,110.77660559920609,1268600
2025-05-29,111.03504943847656,111.16428040521525,109.76267046243888,109.98136202094102,1329800
2025-05-30,112.22791290283203,112.5559502478527,110.3590996043945,110.3590996043945,2048800
2025-06-02,112.72493743896484,112.7647002312016,110.64737515246308,110.9058295100134,1028600
2025-06-03,111.92969512939453,113.16231133484432,110.14041500870489,112.92374216888112,805600
2025-06-04,110.51815032958984,112.16826447409899,110.39886195442962,112.1086240785074,960400
2025-06-05,109.375,110.96547382576107,108.55988169029887,110.96547382576107,1302900
2025-06-06,109.91177368164062,110.84618026466669,109.59367895311762,110.29945139502877,829000
2025-06-09,107.21791076660156,109.4843367288053,105.16023376576112,109.4843367288053,1751800
2025-06-10,104.86201477050781,107.55588120124773,103.44052727254783,107.3670174303979,4275100
2025-06-11,103.85803985595703,104.35506338447449,101.38285722347655,102.68506402529675,21303300
2025-06-12,106.16422271728516,106.4624322671342,103.73874560850048,104.40475527887111,8472100
2025-06-13,105.98530578613281,107.48631146442725,105.51810243016898,106.71095593069049,7837700
2025-06-16,106.49225616455078,106.88987649547774,105.4584463377315,106.16422640671477,3467900
2025-06-17,107.47637176513672,108.17220167942256,105.6771414142366,105.90577557691752,4505600
2025-06-18,107.64535522460938,108.35112771524611,107.16820930689506,107.70499562033226,3705500
2025-06-20,107.9932632446289,109.136418787833,107.49623975488596,108.14237180834711,4338300
2025-06-23,110.25968933105469,110.29945212037862,107.65529109413826,108.2417751727189,4046600
2025-06-24,110.28951263427734,110.43862120244883,108.20201543180707,110.39885841200464,3772200
2025-06-25,107.73481750488281,110.23982034014116,107.31731956033215,109.91178299057542,3104100
2025-06-26,108.61951446533203,108.92767419842887,107.2377897151803,107.98332497967844,4156700
2025-06-27,108.92767333984375,110.1404119073047,108.50023282154156,108.69903919024995,12691500
2025-06-30,110.20999908447266,110.4286830647746,108.51017954027236,108.72886352057431,3814000
2025-07-01,108.28153991699219,110.3491594953065,107.02903857459339,110.31933929876931,5379800
2025-07-02,107.16820526123047,108.14237466379886,105.33916241099013,107.66522876409711,10207700
2025-07-03,108.05290222167969,108.10260760359378,107.04892024600824,108.05290222167969,2979800
2025-07-07,107.16820526123047,108.01315128328518,106.68112435193467,107.7447543447102,3500800
2025-07-08,106.61154174804688,107.3868972018691,106.16422362745,106.35308740211386,3346700
2025-07-09,107.4863052368164,107.5857160094148,105.9952346555663,106.77059772835717,2739300
2025-07-10,107.16820526123047,107.71493414797449,106.41273499733649,107.33719901602748,3007500
2025-07-11,106.11451721191406,107.29743556836206,105.93558844861921,107.07874401500426,2415800
2025-07-14,107.33720397949219,107.58571574241714,105.69702482739213,106.30339413564717,2146100
2025-07-15,105.61750030517578,107.43660824823358,105.57773751263069,106.94951972753906,2251400
2025-07-16,104.3451156616211,106.09464051952352,103.77850917032012,106.08469792592827,3438100
2025-07-17,103.51011657714844,104.43458063692607,103.17214422048724,104.11648588431318,3340000
2025-07-18,103.22183990478516,104.34511790188516,102.96339313757403,103.60952522355578,1973200
2025-07-21,101.87987518310547,103.45047126752429,101.83017738335658,102.9335701630706,2133900
2025-07-22,102.62540435791016,102.96338426248141,101.7506457775677,101.93951712376858,1938800
2025-07-23,102.5657730102539,103.01309114082383,101.79041753914498,102.95345074580837,2730600
2025-07-24,102.16815185546875,102.98327011132841,102.0786912636683,102.0786912636683,3160900
2025-07-25,102.76457214355469,103.62939573024002,102.52600299632222,102.58564338713623,3136300
2025-07-28,101.96934509277344,103.480293225646,101.85999931389709,103.480293225646,4150100
2025-07-29,91.36286163330078,97.51600728651789,91.00500411354297,96.700889065731,10471500
2025-07-30,92.38673400878906,93.93744495901765,91.0646496299521,93.44042144071598,7490300
2025-07-31,90.82608032226562,92.43643166529274,90.45828018906737,91.43244962036106,5835200
2025-08-01,91.69088745117188,91.9891045662065,90.01095328280721,91.45231830952994,3540400
2025-08-04,92.14815521240234,92.57559573200497,91.35292215117255,91.70083708945914,3981600
2025-08-05,91.1242904663086,92.53583544496263,91.05470747676867,92.09845990384467,3319200
2025-08-06,91.2535171508789,91.31315754369086,89.8419646545234,91.00500540219348,3344200
2025-08-07,91.95928955078125,92.5855364268536,90.965242556648,91.51196385303527,4129300
2025-08-08,93.0925064086914,93.22172979309873,91.85989020795563,92.30720834042305,3643500
2025-08-11,94.03684997558594,94.10643296614299,93.1521487025132,93.39071787242636,2980000
2025-08-12,94.1958999633789,94.38476374453509,93.31119870140269,94.18595736943057,2642900
2025-08-13,95.49020385742188,95.69928377213873,94.02663685840345,94.21580005971838,2550500
2025-08-14,94.71361541748047,95.73911351153022,94.15606895547349,95.73911351153022,2597800
2025-08-15,94.92269897460938,95.7789354146137,94.80322906874905,95.20147981228612,3943600
2025-08-18,94.5344009399414,95.18155741002013,94.17597605177475,94.95256837346963,2878600
2025-08-19,96.4559555053711,96.48583057663109,94.92269514206018,95.03221428201101,1518700
2025-08-20,96.3663558959961,97.86974882798599,96.17718508582487,96.43604920563796,2573700
2025-08-21,95.97805786132812,96.5555210192068,95.36076887228535,96.09752775881985,2248200
2025-08-22,96.23692321777344,96.9637237569712,96.1074873658062,96.60529886783233,1593800
2025-08-25,96.29666137695312,97.30224277144308,95.28112162521053,95.75902402532486,2732000
2025-08-26,95.62959289550781,96.42608674379687,94.89282640093951,96.12740439918875,3824500
2025-08-27,95.67936706542969,96.56547091186329,95.51011298150429,95.57980628641478,2120000
2025-08-28,95.79884338378906,95.84861997468622,94.73352710978436,95.60967258877874,1548800
2025-08-29,96.52565002441406,97.06328737382917,95.86854277246287,95.97806191378822,1755300
2025-09-02,95.0123062133789,96.72477904316227,94.05650901452327,96.36635414409129,2455900
2025-09-03,94.87291717529297,95.02226214542779,94.17597651333068,94.85300046140794,1768500
2025-09-04,95.0720443725586,95.1815635174147,93.9569514009344,95.01230941936477,2188700
2025-09-05,94.37510681152344,95.70923800989927,93.73790868752292,95.04217241071134,1378800
2025-09-08,94.93265533447266,95.04217447654082,93.61843322565566,94.25563136350627,2518200
2025-09-09,93.0608901977539,94.85300717827563,93.03102272081206,94.72357891286057,1767900
2025-09-10,92.09513092041016,93.08079560013752,91.63714523492067,92.43363910690202,2710600
2025-09-11,93.82750701904297,93.89720032343952,92.08516681312865,92.08516681312865,3147200
2025-09-12,93.13057708740234,94.04654843179654,93.0509254237157,93.41930867126588,1463600
2025-09-15,90.48221588134766,93.5188690823637,90.39261345705573,93.02105758029553,1910300
2025-09-16,90.52204132080078,91.06963700910329,89.59611162712604,90.23330973933224,2231000
2025-09-17,91.806396484375,92.89162951098473,91.16919836812737,91.16919836812737,3282800
2025-09-18,91.46788787841797,92.4933783545586,91.28867543431568,91.28867543431568,3189400
2025-09-19,91.32850646972656,92.05530704844239,90.90038825086614,91.9159204279763,6468400
2025-09-22,92.19468688964844,92.23451272056757,90.91033232750834,91.20902226140159,3422300
2025-09-23,91.78648376464844,92.63276176745549,91.14928567340544,91.98560531966172,2210400
2025-09-24,92.81198120117188,93.10071279490488,91.06964087747342,91.14929254388272,2557700
2025-09-25,92.24447631835938,93.58856590524515,91.39819825224619,93.14053857495021,2001300
2025-09-26,93.36952209472656,93.70803785873758,92.38385746881309,92.74228235023628,2042700
2025-09-29,92.61285400390625,93.36952965887808,92.32413000003656,93.36952965887808,2358400
2025-09-30,93.37947845458984,93.87728993525447,91.81635070914294,92.33407130679399,2744900
2025-10-01,92.35399627685547,93.74787006653827,92.12499963303573,93.70804423300436,2592500
2025-10-02,93.04096984863281,93.45913729749032,91.20902710507023,92.19469178566095,2107800
2025-10-03,94.5344009399414,94.84304923564089,92.48341998787717,92.8119774013634,1571400
2025-10-06,94.02664184570312,94.41493422163003,93.48900449534257,94.0067251312448,2155700
2025-10-07,95.13177490234375,95.18155149171587,94.19588690854565,94.19588690854565,2526700
2025-10-08,95.53997802734375,96.12739952180259,94.60409001718916,95.22137898499331,2734700
2025-10-09,95.08200073242188,95.60967973055054,94.47467006770748,95.3906414454403,2977700
2025-10-10,95.52007293701172,95.70923614150608,94.6040940051416,95.5798078862204,3240900
2025-10-13,94.06646728515625,95.27117024081362,94.04655057078125,94.55432044333135,3021400
2025-10-14,94.35519409179688,94.5443649039931,93.38944610385055,94.14611416063316,1902400
2025-10-15,93.5586929321289,94.83308913506683,92.76219150729243,93.47904127044515,1831200
2025-10-16,87.03736114501953,92.50333690348626,87.00749367027392,92.04534363738465,4699200
2025-10-17,87.52522277832031,87.96329173905714,86.87806630023088,87.07718786456573,3279400
2025-10-20,87.13692474365234,87.55509219161392,86.41012418133995,87.52522471590258,2264500
2025-10-21,87.89359283447266,88.85934831159457,86.89796988420268,87.48539137478213,3970700
2025-10-22,88.8095703125,88.9589152846445,86.91789265200569,87.1568400498364,2820000
2025-10-23,88.3814468383789,90.0640520719068,87.93341954467047,89.71558555502243,2572800
2025-10-24,87.61483001708984,88.86931721012397,87.58496254039876,88.5407597745196,2063900
2025-10-27,87.3758773803711,88.66023197326086,86.8681075189959,88.09272716207708,3667600
2025-10-28,82.01942443847656,86.37029991819563,81.03375974208294,86.37029991819563,7393600
2025-10-29,79.94853210449219,82.03933894193949,79.33124309320738,82.03933894193949,5728900
2025-10-30,80.09786987304688,81.20301204606824,79.90870666227809,79.92861578067446,4075300
2025-10-31,79.39097595214844,79.98834823339246,78.95290699710318,79.07237689575157,4256900
2025-11-03,77.47938537597656,78.60443668688255,76.62314894608313,78.4351825915783,4180900
2025-11-04,78.64425659179688,78.75377572662028,77.24043214833397,77.24043214833397,4574800
2025-11-05,77.66151428222656,79.01839649951467,77.65154269214563,78.61931976305414,2866700
2025-11-06,76.2447738647461,77.59167691163654,75.99534709265893,76.80349501031401,2429000
2025-11-07,78.35991668701172,78.8188610404011,76.40441168095649,76.66381004684976,2560800
2025-11-10,78.32998657226562,78.8986793149343,76.78353752211166,77.71140542982381,2908600
2025-11-11,79.85647583007812,79.99615421273438,78.07057923822917,78.63927197101563,2221400
2025-11-12,80.01610565185547,80.48502920252035,79.35762292999704,79.70681888945992,2495900
2025-11-13,79.87642669677734,81.19339974297596,79.71679752155073,80.01610507956349,2505600
2025-11-14,80.51495361328125,81.29317148426989,79.48731659874689,80.21564607388608,2521400
2025-11-17,80.52493286132812,80.96392638697512,79.83651258009087,80.52493286132812,2446200
2025-11-18,79.7467269897461,81.84191032960871,79.42746102949941,80.95395163980074,2602200
2025-11-19,78.6292953491211,80.7244863815218,77.91094500794385,79.90635923925788,2291200
2025-11-20,79.43743896484375,79.80658570592614,78.18032593621254,78.38984350566761,2741500
2025-11-21,80.13583374023438,80.99386245275284,79.04833665803137,79.81656777361596,2297400
2025-11-24,79.06828308105469,80.21564770177189,78.81885632054663,80.13582931155315,2783800
2025-11-25,80.32540130615234,80.36531050385564,79.20796660616357,79.52723257588876,1744400
2025-11-26,80.26553344726562,81.13354136776212,79.8664566953097,80.3952402423623,1365300
2025-11-28,80.2455825805664,80.93400291728862,79.9163374097948,80.2655333733854,1051100
2025-12-01,80.99385833740234,82.0614045726557,80.21564805905513,80.21564805905513,3065900
2025-12-02,79.65692901611328,81.53262318406343,79.55715983124168,81.14351803473353,2030100
2025-12-03,79.46736907958984,80.45509694049412,79.1181731299672,79.77665583326979,1681700
2025-12-04,79.45738983154297,80.3253977160165,78.88869711051571,79.6968373951595,2249500
2025-12-05,78.1903076171875,79.67688905439655,77.45199888781298,79.66690985213447,2123900
2025-12-08,77.46197509765625,78.26014378596737,76.92321237483135,77.77126184872395,2813900
2025-12-09,78.23021697998047,78.86874891188812,77.49190824904264,78.24018857036265,2395100
2025-12-10,77.332275390625,78.36989163355463,76.63387589016624,78.03066727918306,2144400
2025-12-11,79.36759948730469,79.60704704982804,77.87103890070738,77.87103890070738,2603400
2025-12-12,81.43285369873047,81.502692889073,79.37757196083442,79.62699872804357,2675600
2025-12-15,82.14122772216797,82.19110851024125,81.32310820113501,81.55257657245461,2715500
2025-12-16,80.78433990478516,82.39064884133852,80.21564719886817,82.27092125676104,2824900
2025-12-17,80.43515014648438,81.5525772408183,80.05601657213435,80.4151917415706,1842000
2025-12-18,80.88410949707031,81.33307462069166,79.856472462901,80.26552839146034,2192700
2025-12-19,79.99615478515625,81.38296703138184,79.9562455881259,80.67459591087028,7216300
2025-12-22,80.18572235107422,80.9838834637722,79.58709200167436,79.66691039651448,2790200
2025-12-23,79.77665710449219,80.34534983491127,78.988467598841,80.31541984045252,2948700
2025-12-24,80.63468170166016,80.75440928530907,79.46736630571031,79.66690466655795,1109200
2025-12-26,80.59477233886719,80.81426910248172,80.15577881163813,80.32539479109515,1105900
2025-12-29,80.67459106445312,81.28319296177835,80.43514350855648,80.774360245085,1651800
2025-12-30,80.03606414794922,80.8541836590134,79.82654657203167,80.4451200975308,2185600
2025-12-31,79.51725006103516,80.25555876993862,79.337662484802,79.78663523133531,1760100
