Date,Close,High,Low,Open,Volume
2019-01-02,15.756990432739258,15.926896696195191,15.365466017423298,15.616632410795063,9529800
2019-01-03,15.926894187927246,16.01554171651146,15.542758654741421,15.712664891439447,8526000
2019-01-04,16.148521423339844,16.466173250709215,15.971227675065057,16.02293817551952,10307800
2019-01-07,16.48094367980957,16.680399638771778,15.867802383337205,16.141131076248957,7688400
2019-01-08,15.838251113891602,16.4144552289712,15.771765806920119,16.340583918118387,12699700
2019-01-09,15.793930053710938,15.993386017779201,15.557538426224955,15.801317468195531,10174700
2019-01-10,15.860414505004883,15.882576747242895,15.483664840989665,15.764380939983827,11400300
2019-01-11,15.963835716247559,15.985996547846698,15.579698666471801,15.860413335766356,8480000
2019-01-14,15.402411460876465,15.926905361874782,15.380249210930725,15.889969687637535,8246300
2019-01-15,15.601862907409668,15.63879857081384,15.372857285487036,15.402406943414567,5798200
2019-01-16,15.63879680633545,15.764380020347792,15.513213592323106,15.624021979038684,5288300
2019-01-17,15.690505981445312,15.786540941842535,15.468889226537044,15.668343742352498,7652800
2019-01-18,15.93428897857666,15.985999473779353,15.646186843015766,15.771770078081726,6417500
2019-01-22,15.845637321472168,16.178062422038575,15.675729656021964,15.956445688327637,6970400
2019-01-23,15.860414505004883,15.956449479031106,15.75699352590449,15.94167465087243,8025900
2019-01-24,15.624028205871582,15.83087164344687,15.483670108623864,15.624028205871582,7378100
2019-01-25,15.520605087280273,15.80870725030133,15.505830256098308,15.690511418856515,6089700
2019-01-28,15.727442741394043,15.77915322260215,15.402403619365307,15.542761646219411,6775700
2019-01-29,15.961000442504883,16.050543850768474,15.669986856325549,15.752068195296825,8259800
2019-01-30,15.998309135437012,16.110237316764852,15.699833510814765,15.98338499839489,8133400
2019-01-31,16.14754867553711,16.207243809479706,15.841610936175769,15.998311552302747,7400600
2019-02-01,15.968463897705078,16.207244442806232,15.938617041189591,16.207244442806232,6701400
2019-02-04,16.169937133789062,16.20724606397642,15.86399935187048,16.035622707923448,6404700
2019-02-05,16.483339309692383,16.580343395798742,16.16247734117613,16.16993941291426,10671500
2019-02-06,16.356483459472656,16.528106803230912,16.31171246180623,16.49825994586808,9447700
2019-02-07,16.580341339111328,16.595265480736337,16.043085049811243,16.18486154875989,7583300
2019-02-08,16.55795669555664,16.595265626702844,16.222170622262823,16.595265626702844,7840200
2019-02-11,17.020593643188477,17.072826715904203,16.572879354812347,16.587803496515267,12908000
2019-02-12,17.70708465576172,17.8339369861659,17.065362357756015,17.065362357756015,16844400
2019-02-13,17.572772979736328,17.804092891954273,17.51307783989656,17.751859822500027,9898000
2019-02-14,17.699623107910156,17.86378578929494,17.453380509077203,17.513075641423246,11769000
2019-02-15,18.28165626525879,18.3264272698489,17.85632816354129,17.886175025519837,10882800
2019-02-19,17.916019439697266,18.259266106131758,17.804091240783595,18.192108902134702,6907800
2019-02-20,17.930944442749023,18.20703391848463,17.707086610895043,17.886172022431627,7126200
2019-02-21,17.960792541503906,18.13987796542224,17.804093329292026,17.930945682473066,5935700
2019-02-22,17.4459228515625,17.729475869347652,17.10267610957946,17.53546628434849,11301900
2019-02-25,17.39369010925293,17.602623840933436,17.289223955034977,17.50561833494996,7721700
2019-02-26,17.430994033813477,17.736931735327833,17.2668313683464,17.468302954195586,6677300
2019-02-27,17.229524612426758,17.513076143386616,17.0877481353247,17.423534153923192,7012500
2019-02-28,17.438457489013672,17.490690550999137,17.12505769385668,17.31160515708717,6075200
2019-03-01,17.35637855529785,17.52053983332505,17.102673856282113,17.475768834452975,5776600
2019-03-04,17.28921890258789,17.527999427161035,16.990743246871464,17.35637610302961,5502500
2019-03-05,17.06536293029785,17.21460005015167,16.90120024824116,17.192215264957923,10212200
2019-03-06,17.080289840698242,17.177295344508465,16.908666470258094,17.16237120188465,6152300
2019-03-07,16.692270278930664,16.938512912452026,16.52810757442014,16.923588771452085,10242100
2019-03-08,16.766889572143555,16.789275785559003,16.550495202105736,16.64003720927844,5307100
2019-03-11,17.087751388549805,17.139984462888492,16.60272815409045,16.714656373851142,7431900
2019-03-12,17.005666732788086,17.222061041160675,16.92358539689979,17.15490384329646,5661600
2019-03-13,17.192214965820312,17.311605228923714,16.94597094701982,17.042976425318958,5339000
2019-03-14,17.229524612426758,17.40861001459787,17.050439210255647,17.259371467833144,8039300
2019-03-15,17.229524612426758,17.38622380560988,17.09521020498736,17.222062542764096,9787300
2019-03-18,17.214599609375,17.4832284107756,17.18475275546615,17.24444788652804,6065400
2019-03-19,17.020593643188477,17.348917644430237,16.88627921435119,17.20714114474149,8441400
2019-03-20,17.087751388549805,17.199679608310497,16.83404666469515,17.020594172044483,11679600
2019-03-21,19.26662254333496,19.527789286925287,18.09510465523085,18.31896105074013,28442700
2019-03-22,19.736730575561523,20.162058744952763,19.20693481451214,19.363635490376957,16791900
2019-03-25,20.415760040283203,20.699311630511776,19.662107925755063,19.759112005157203,13784800
2019-03-26,20.236671447753906,20.6769221953271,20.139665960220913,20.41575685945597,7975500
2019-03-27,20.236671447753906,20.467989926630196,20.191899027395138,20.22920937769411,5617700
2019-03-28,20.699310302734375,20.773929586927334,20.236673302578073,20.25905809156483,6510400
2019-03-29,20.699310302734375,20.796315799158563,20.50530073313047,20.632153089285158,4420400
2019-04-01,20.617231369018555,20.773932026550632,20.490378997966733,20.66200379873894,5139800
2019-04-02,20.438142776489258,20.669462691400394,20.423220058788875,20.654538550455595,4813600
2019-04-03,20.497838973999023,20.587382401040724,20.29636875383305,20.29636875383305,5783000
2019-04-04,20.736614227294922,20.84854240726003,20.53514264941131,20.57991363674855,4942600
2019-04-05,21.109710693359375,21.117171339105386,20.721691645336627,20.751538498053076,4497300
2019-04-08,21.117176055908203,21.26641462255726,21.02017198385743,21.072405055211263,5460900
2019-04-09,20.550073623657227,21.221644350135772,20.4903770563534,21.05748163653925,7265800
2019-04-10,21.930522918701172,22.154380765238567,20.32621475644976,20.557533250285083,15149000
2019-04-11,22.221538543701172,22.609556259090223,22.012604832919017,22.385699830087137,6692700
2019-04-12,22.199153900146484,22.393163483172405,22.109610468271224,22.184229757626515,7247800
2019-04-15,22.445392608642578,22.497625675025553,22.154378996940693,22.206612063323664,3481000
2019-04-16,22.452856063842773,22.714022835114925,22.281232714211857,22.505089133448323,3433100
2019-04-17,22.47524642944336,22.56478844439135,22.20661753811006,22.56478844439135,4629400
2019-04-18,22.77371597290039,22.83341110766478,22.393158955060812,22.445392020074117,4119400
2019-04-22,23.042343139648438,23.049805209325662,22.706558543638902,22.803562602954297,3846000
2019-04-23,23.0498104095459,23.13935384263004,22.751334671339727,22.751334671339727,4353000
2019-04-24,23.340824127197266,23.348286198119226,23.02742426469753,23.05727112514086,5849300
2019-04-25,23.094579696655273,23.355745042537148,22.967727347265054,23.213969975699673,5123300
2019-04-26,23.12442970275879,23.258744140779267,22.967730473897955,23.154277988205376,5433300
2019-04-29,22.811111450195312,23.209328215016004,22.720948325595877,23.14170622983999,4936500
2019-04-30,23.126680374145508,23.201814639815105,22.803597872626916,22.86370614501915,3831400
2019-05-01,22.645814895629883,23.314521101230813,22.608247759255462,23.20181682591877,3777800
2019-05-02,22.5030574798584,22.82613856219763,22.315218941405803,22.5030574798584,2922500
2019-05-03,22.548139572143555,22.67586984266391,22.405381873775067,22.623275278289835,2142800
2019-05-06,22.39034652709961,22.615753565818398,22.21002175598091,22.345265692593408,2900700
2019-05-07,21.939537048339844,22.300186619056497,21.826832803533637,22.194997519204307,4710800
2019-05-08,22.232566833496094,22.360297081499287,21.91699806978786,21.95456519969121,3665500
2019-05-09,21.962081909179688,22.187489018640694,21.849379070996356,21.999650477303692,3433800
2019-05-10,21.578889846801758,22.01467517981138,21.07548252823079,21.89445863505661,5516700
2019-05-13,21.120569229125977,21.45116407986765,20.917703229970027,21.338461224701415,5355600
2019-05-14,21.488731384277344,21.70662336698154,21.08299940993271,21.15813511996999,5678800
2019-05-15,21.789268493652344,21.962079589486983,21.18818579809961,21.398564024995974,4492200
2019-05-16,21.864404678344727,22.119865187947138,21.811810120443212,21.856890965345336,3199700
2019-05-17,21.849380493164062,22.089813612430028,21.608947373898094,21.639000797259122,3447200
2019-05-20,21.39856719970703,21.79678544027461,21.345972635179965,21.721649733909768,4438500
2019-05-21,21.45867347717285,21.63148601562565,21.345970644682254,21.45867347717285,4045000
2019-05-22,21.376028060913086,21.518784330408756,21.263323781813586,21.488730906918146,4107500
2019-05-23,21.706623077392578,21.72165050581845,21.18067598033724,21.263323970490614,3849800
2019-05-24,21.661540985107422,21.774243825660406,21.488729867386553,21.721649262275303,2991300
2019-05-28,21.38353729248047,21.751702067671534,21.278348175622586,21.638997804644674,9846300
2019-05-29,20.474395751953125,21.225749724501863,20.40677377977622,21.16564146402172,5856400
2019-05-30,20.18136978149414,20.602127638635327,20.158828644594152,20.549533085629438,4173700
2019-05-31,20.113750457763672,20.1513175911263,19.798181664997063,19.98602019799875,3989400
2019-06-03,20.677270889282227,20.752406606661832,19.96348372381791,20.08370029838743,4364900
2019-06-04,21.503759384155273,21.5262990945991,20.820025694437525,20.820025694437525,5142800
2019-06-05,21.977108001708984,22.014675134457107,21.436133551427,21.691594066778165,3888000
2019-06-06,22.277650833129883,22.33775910935012,21.81932576436096,21.984623165693023,3770600
2019-06-07,22.262624740600586,22.518085288126812,22.24008503135055,22.315220739404342,3140800
2019-06-10,22.052242279052734,22.345269908266665,21.879431186598065,22.29267535257126,3176500
2019-06-11,22.39034652709961,22.51807675244542,21.999643572889376,22.05223811866226,3193200
2019-06-12,22.202516555786133,22.540626526927827,22.119868566358285,22.382842829124662,3380000
2019-06-13,22.39034652709961,22.503050763005948,22.187482055274756,22.270130013020477,3307900
2019-06-14,22.450464248657227,22.638302810230343,22.210031119138755,22.45797796309149,2880700
2019-06-17,22.04473114013672,22.525597343315894,21.87943374106746,22.503057635725828,2781900
2019-06-18,21.774240493774414,22.20251208219842,21.74418707633642,22.157431239494354,2982800
2019-06-19,21.969593048095703,22.029701316955432,21.5262940278449,21.789268241516524,3827800
2019-06-20,21.939537048339844,22.232564645410374,21.616454603829258,22.029698724472006,3789400
2019-06-21,21.578889846801758,21.86440521541504,21.323429330924295,21.86440521541504,7267600
2019-06-24,21.11304473876953,21.54131622967829,21.030395351719132,21.54131622967829,4837900
2019-06-25,21.706623077392578,21.901975347645518,21.03791827648039,21.173162266124304,6614600
2019-06-26,21.736671447753906,21.81180713436738,21.18818337173536,21.315913609050064,5947000
2019-06-27,19.10693359375,20.684777374877488,18.828931966537066,20.511964855375016,28681300
2019-06-28,19.925912857055664,20.1362911066804,19.10693670020249,19.121964127488354,12196200
2019-07-01,20.211427688598633,20.451860803246635,19.940941151166832,20.02358913864308,6637100
2019-07-02,20.038616180419922,20.26402186278505,19.75310222055113,20.2189410129309,4660300
2019-07-03,21.233266830444336,21.345969657723973,20.25650565013435,20.294074214623695,5552000
2019-07-05,21.082998275756836,21.173161409570074,20.557051199978538,21.045431139306384,4013400
2019-07-08,21.39105224609375,21.413593386625205,20.857591484698183,20.970294321166822,5594000
2019-07-09,21.037912368774414,21.41358937535967,20.992831529250516,21.383534526947706,4853500
2019-07-10,21.293380737304688,21.345975308418375,21.02289273375477,21.158136735529727,2650800
2019-07-11,20.6472110748291,21.406078915394282,20.399264270137056,21.300889796159556,5475800
2019-07-12,20.744890213012695,20.759916208072756,20.51948308997869,20.669754505334694,3603800
2019-07-15,20.677270889282227,20.895162893279007,20.481918597333102,20.729865461519566,4372300
2019-07-16,21.14310073852539,21.14310073852539,20.684775780895677,20.722342907013292,3993900
2019-07-17,21.759212493896484,21.819322193373413,21.06796814704117,21.195696959147305,9317500
2019-07-18,21.871915817260742,22.067268032971445,21.766725280743255,21.826833544570082,5122900
2019-07-19,21.714134216308594,21.96959473687293,21.654025942828415,21.871919329877993,4505000
2019-07-22,21.225753784179688,21.74418852566144,21.060456394517704,21.721647386259885,3816300
2019-07-23,21.939537048339844,22.104834409978142,21.18818305946648,21.225750185672545,4250300
2019-07-24,21.511268615722656,21.774242854007582,21.383538353303937,21.751703146759418,3693400
2019-07-25,21.443649291992188,21.729163253917015,21.300891594482582,21.4211081503556,2619300
2019-07-26,21.909486770629883,21.99964989866165,21.398565722336553,21.578890545305793,3490300
2019-07-29,21.964740753173828,22.063134888919084,21.71496946928567,21.85120861388639,3036700
2019-07-30,22.02528953552246,22.14639066674908,21.737673266129715,21.957169968752567,3604200
2019-07-31,21.85120391845703,22.138818705757952,21.59386368809555,22.025286590866514,5044200
2019-08-01,22.055566787719727,22.403733665208946,21.85877706455443,21.957172647956845,7468100
2019-08-02,21.39707374572754,22.03285531347808,21.37436674557961,22.025286313428772,4360500
2019-08-05,21.192716598510742,21.298679719538736,21.048908474516146,21.23812915843142,4641900
2019-08-06,20.920242309570312,21.275978186561165,20.761297597957867,21.19272060792254,4394100
2019-08-07,21.170011520385742,21.20785652679121,20.466111724916647,20.670468984948638,4289700
2019-08-08,21.34409523010254,21.35923178871865,20.768864137149095,20.905103270169562,4506500
2019-08-09,21.684690475463867,21.745241037653212,21.31381810159922,21.389506665245722,2485200
2019-08-12,21.707399368286133,21.760380934361404,21.450059095658187,21.59386723474778,2270900
2019-08-13,21.881479263305664,22.14638850335066,21.639277024512257,21.775516144743353,2982000
2019-08-14,21.268400192260742,21.767942565607058,21.25326219461051,21.692254020994817,4740200
2019-08-15,21.836074829101562,21.911763417796145,21.253274572884948,21.321394158346095,2561800
2019-08-16,22.305335998535156,22.381024568627968,21.926894591710496,21.979877601323043,2574000
2019-08-19,22.736759185791016,22.835153311044763,22.36588535675014,22.42643592082306,3528000
2019-08-20,21.707399368286133,22.52483275085744,21.65441780221086,22.52483275085744,5563600
2019-08-21,21.495473861694336,21.798226730014626,21.245702564875153,21.775521167165323,3601400
2019-08-22,21.79822540283203,21.84363941304471,21.374371412989927,21.571161126326484,2380900
2019-08-23,21.13973617553711,21.79822338255783,21.04134060616847,21.745241819192866,3948500
2019-08-26,21.6544189453125,21.677124507035117,21.207857945334265,21.374371653737878,3900700
2019-08-27,21.124597549438477,21.760379178313386,20.81427573577802,21.646847053936998,4553800
2019-08-28,21.5333194732666,21.62414461447684,21.109464002153512,21.192721584629222,2494700
2019-08-29,21.6392765045166,21.836066179717157,21.495468387324042,21.677120062053977,2607300
2019-08-30,21.465192794799805,21.97230423699529,21.434916795318706,21.805789127127476,4798000
2019-09-03,21.5711612701416,21.586299273646755,20.70831528130057,21.283546421741082,5858000
2019-09-04,21.86634635925293,22.11611765668221,21.563593490193128,21.631713066186528,2846200
2019-09-05,21.5333194732666,22.161532233922525,21.5333194732666,22.04799864195034,4093100
2019-09-06,21.692264556884766,21.745246130754705,21.041344778163516,21.132171364540284,5469900
2019-09-09,22.03285789489746,22.108545016979935,21.74524163388251,21.79822319679597,3644300
2019-09-10,22.290203094482422,22.6232305476762,22.01015577230985,22.01015577230985,5580500
2019-09-11,22.328044891357422,22.661073761752665,22.070704597457393,22.24478731284873,5278800
2019-09-12,22.52483367919922,22.668641824215744,22.328043965923833,22.403732539281975,5351000
2019-09-13,22.608095169067383,23.069792803584484,22.373460406663916,22.41130542171595,3646300
2019-09-16,23.039512634277344,23.137906762213593,22.592951670700305,22.630795232912856,3958900
2019-09-17,22.683774948120117,22.978960195141944,22.630793387886243,22.978960195141944,7482900
2019-09-18,22.328044891357422,22.89570704961227,22.12368616791219,22.706486330193986,6770800
2019-09-19,22.449138641357422,22.456707640877603,21.926889223577277,22.43400064231706,4983400
2019-09-20,22.562679290771484,22.78217602905721,22.441578139868877,22.441578139868877,5498600
2019-09-23,21.87391471862793,22.72162417072338,21.858776714709908,22.69134816288734,4425800
2019-09-24,22.373455047607422,22.396162051199692,21.73767338341755,21.881481518889856,4174800
2019-09-25,22.630796432495117,22.925981719229366,22.44914472569528,22.479420731981637,6915500
2019-09-26,23.463369369506836,24.09158210455773,22.698917484553903,23.516350940326625,13333400
2019-09-27,22.918413162231445,23.65258900524401,22.577815303100145,23.516349861591493,6990200
2019-09-30,23.22116470336914,23.319558832881313,22.986531437886736,22.986531437886736,4590600
2019-10-01,22.312904357910156,23.25143884659459,22.267491794616863,23.25143884659459,5718600
2019-10-02,21.427356719970703,22.305340859656503,21.366806139428224,22.290204297250668,5319300
2019-10-03,21.170011520385742,21.45762779450976,20.836984125853927,21.419782788104296,5761300
2019-10-04,21.843637466430664,21.85877402484652,21.185148813423208,21.260837380059826,4556800
2019-10-07,21.669553756713867,22.070702157238394,21.624141193293525,21.836068895320714,3556300
2019-10-08,21.109464645385742,21.57116369879839,21.08675908121111,21.57116369879839,6573300
2019-10-09,21.26083755493164,21.465196253439576,21.124598422593017,21.3213881200111,2712600
2019-10-10,21.457632064819336,21.540888208201505,21.04134557334981,21.12460316037165,3256100
2019-10-11,21.503040313720703,21.752811580918454,21.472765752298837,21.540883876407882,3194800
2019-10-14,21.026203155517578,21.571158211681503,21.003496153479357,21.53331465192373,3424700
2019-10-15,20.496389389038086,21.02620800980074,20.405562803555494,21.011070004947044,7046200
2019-10-16,20.375286102294922,20.746158520508008,20.367717100661253,20.609919378380862,3908200
2019-10-17,20.731016159057617,20.84454971605558,20.07252903539297,20.307162262153085,5216000
2019-10-18,20.54936981201172,20.950518256340438,20.541800810008592,20.76129753718077,3031000
2019-10-21,20.78400230407715,20.912672445926663,20.54936902551843,20.54936902551843,3110000
2019-10-22,20.715885162353516,20.95051845208465,20.519095439352082,20.814279302034464,3062900
2019-10-23,20.897537231445312,20.927811796608562,20.549370348410797,20.731022070308978,4563200
2019-10-24,20.503952026367188,20.67046569714778,20.23147379814517,20.62505314032383,6973800
2019-10-25,20.375286102294922,20.715883957612782,20.329873536132357,20.549368808950963,3036100
2019-10-28,20.662900924682617,20.799140066668038,20.435836650466545,20.44340565209234,3485800
2019-10-29,20.80670928955078,21.162443707909333,20.57207601121384,20.746158719539974,3060200
2019-10-30,21.033771514892578,21.07918407394516,20.678035712002895,20.799136831902594,2618200
2019-10-31,20.63181495666504,21.13521588484612,20.55554323495687,21.020806847494026,3453600
2019-11-01,20.952163696289062,20.99792848065818,20.65469987183988,20.677582264024437,2613400
2019-11-04,21.173349380493164,21.180976842245837,20.81486740685496,20.929276423565913,2216200
2019-11-05,21.05894660949707,21.44793854551417,20.990300888153467,21.188610588169436,2808600
2019-11-06,21.234371185302734,21.531834969657876,21.16572547279158,21.188607861891903,3442900
2019-11-07,21.203857421875,21.280130583350143,21.036057630461325,21.24199473000735,2323800
2019-11-08,20.929279327392578,21.24199802869238,20.822496302829144,21.211488177448604,2623500
2019-11-11,21.0131778717041,21.020805334283814,20.74622395536286,20.898768842587895,1915600
2019-11-12,21.03606414794922,21.234373847309975,20.975045890822063,20.997928282790998,2702600
2019-11-13,21.59285545349121,21.60048291731392,20.982672895574424,21.058946079011516,3568500
2019-11-14,21.692012786865234,21.72252118983926,21.432684815030612,21.554721336506894,4938200
2019-11-15,21.974218368530273,21.98947329510148,21.692009500912274,21.730145362550424,4229400
2019-11-18,22.157272338867188,22.355582012905085,21.844553629173916,21.95133665660344,4747800
2019-11-19,22.36320686340332,22.378461787652544,21.966587561661438,22.149643743072804,3597500
2019-11-20,22.492874145507812,22.607283184763894,22.248801140484215,22.347955253228854,3036100
2019-11-21,21.524208068847656,22.4623656794087,21.386918095029078,22.4623656794087,5897800
2019-11-22,21.913204193115234,22.035240718805202,21.58523048477715,21.58523048477715,4827900
2019-11-25,22.00472640991211,22.050489731067938,21.745398498712834,21.96658909662413,2300700
2019-11-26,22.164897918701172,22.2487985499553,21.94370732919896,22.080998742236737,3428000
2019-11-27,22.256433486938477,22.355587621438143,22.10388709793418,22.233551092150776,1953300
2019-11-29,22.019983291625977,22.271683762530365,21.989473438284897,22.225918982518746,1046700
2019-12-02,21.936084747314453,22.058121262768466,21.84455663332893,22.00473046910609,3089000
2019-12-03,21.814043045043945,21.905569682476774,21.615733390886586,21.615733390886586,3855900
2019-12-04,22.416603088378906,22.46999388142992,21.80642051809588,21.80642051809588,5332200
2019-12-05,21.951335906982422,22.58440076776596,21.890317659730627,22.50050013224858,4496000
2019-12-06,22.042863845825195,22.271683377558446,22.019982911004767,22.02760891941834,4444600
2019-12-09,22.347949981689453,22.43947806437816,22.05811372028933,22.065741181745853,3347200
2019-12-10,22.28693389892578,22.477616089400197,22.17252487559906,22.317443747700725,2364400
2019-12-11,21.836925506591797,22.42422704795086,21.760653788318486,22.332700404106976,3352400
2019-12-12,21.53183364868164,21.958962823611138,21.486070328078387,21.699634915543133,4292200
2019-12-13,21.64624786376953,21.81404917083423,21.49370294028081,21.539466271848415,3085200
2019-12-16,21.966590881347656,22.218291350339292,21.714890412356024,21.72251787563333,3804800
2019-12-17,22.26405906677246,22.325077326249737,21.737775669537186,21.745403133820602,4015700
2019-12-18,22.157272338867188,22.59202900202132,22.01998236895463,22.36320947592075,5630900
2019-12-19,25.673458099365234,26.489577899006743,23.70561733175081,23.766635593739235,30108200
2019-12-20,26.748899459838867,26.82517117793635,25.566670371850638,25.68107794899686,14901600
2019-12-23,25.948034286499023,27.145518277178837,25.841252719367752,26.832799583617476,7529900
2019-12-24,25.970916748046875,26.32940023843931,25.84888024848897,25.9785456659078,2459600
2019-12-26,25.696340560913086,26.085334004474156,25.513287218891744,25.902277752872404,4672700
2019-12-27,26.070070266723633,26.146341981867746,25.681076954582142,25.757351579305684,2574400
2019-12-30,25.963293075561523,26.108210522580432,25.833627646477304,26.02430987604004,1813200
2019-12-31,26.11583709716797,26.21498975274386,25.780234541127548,26.024307540295315,2558500
2020-01-02,25.65057945251465,26.245507196367388,25.459897184912567,26.123470661485275,4299000
2020-01-03,25.429380416870117,25.925155341809273,25.406499482038363,25.620062632680607,3054300
2020-01-06,25.566667556762695,25.79548559544005,25.482766930345846,25.749720823872888,4579100
2020-01-07,24.651397705078125,25.49802724582771,24.643771696327335,25.414126601669846,8378000
2020-01-08,24.308168411254883,24.93360436324504,24.28528602266911,24.81919678468553,4944200
2020-01-09,24.56749725341797,24.75055347024944,24.209015192935357,24.552242326217023,5620600
2020-01-10,24.277664184570312,24.55224563726698,24.201390993069523,24.430209112781768,4886800
2020-01-13,24.430204391479492,24.453088235734434,24.109859667707187,24.361560132663886,4917900
2020-01-14,24.521732330322266,24.529358338183957,24.22426710607515,24.414947853202126,4921600
2020-01-15,24.35393524169922,24.651399062213518,24.270034592922368,24.567498413436663,3276500
2020-01-16,24.636137008666992,24.643765925211067,24.37680912817243,24.37680912817243,2664800
2020-01-17,25.421754837036133,25.452261780799546,24.620887189466544,24.63614211613813,8327000
2020-01-21,24.98699378967285,25.36073217563398,24.76580465265445,25.025132556698242,6294200
2020-01-22,24.628515243530273,25.116661241575972,24.5980053912575,25.03276060261568,3668100
2020-01-23,24.93360710144043,25.078527456942286,24.384442808181017,24.44546106298762,3907200
2020-01-24,24.620885848999023,25.093779821332518,24.460713492037485,25.040389035678672,3046500
2020-01-27,24.81157112121582,24.88021684118664,24.308171599413107,24.308171599413107,4651100
2020-01-28,25.41412925720215,25.520910848349864,24.75055586251266,24.849711444112742,5854400
2020-01-29,25.32259750366211,25.52853463500658,25.06326958747791,25.490395866195726,2783000
2020-01-30,25.52448844909668,25.532163698494713,25.06389734767775,25.424692636721417,2479800
2020-01-31,25.271163940429688,25.570551408914135,25.132988938224628,25.424695299772893,3847400
2020-02-03,25.286516189575195,25.539843359928742,24.902689273306414,25.347929901794352,5498000
2020-02-04,24.503509521484375,25.432371387187132,24.49583280773007,25.393989282599044,4124200
2020-02-05,25.079254150390625,25.324906118376802,24.672398477591173,24.672398477591173,3584300
2020-02-06,24.634010314941406,25.194397231982354,24.442096866843816,24.871984044794477,3223500
2020-02-07,24.526538848876953,24.856630208441366,24.449773178064678,24.60330305550584,2307900
2020-02-10,24.74915885925293,24.77986278452643,24.273212877112794,24.465126319814186,1864100
2020-02-11,25.179040908813477,25.21742300834519,24.69541825528773,24.802892233689608,3395900
2020-02-12,25.04854393005371,25.347928438926708,24.918041263303007,25.179043668437608,2551400
2020-02-13,25.010164260864258,25.0331929396756,24.657041258343508,24.979457403537744,4355300
2020-02-14,25.094606399536133,25.148341941398964,24.603308343437448,25.04854903700651,3191900
2020-02-18,23.551620483398438,24.127360874104003,23.029615628222693,23.497884947868616,11377100
2020-02-19,22.87608528137207,23.69747617161309,22.80699631430335,23.528591379141297,5187800
2020-02-20,22.937498092651367,22.975881666504403,22.714879221038277,22.84538044377134,2858000
2020-02-21,22.714874267578125,23.114054563498193,22.54599097200424,22.822345322563024,3031200
2020-02-24,22.438518524169922,22.522960904316967,22.185192847912095,22.41548984899041,3678300
2020-02-25,21.786020278930664,22.53064560978832,21.425223419359938,22.49993874641183,7015100
2020-02-26,20.68059539794922,22.03166636722366,20.66524196934548,21.96257740269039,8256100
2020-02-27,20.24303436279297,20.695948825146587,19.767088291722345,20.419594411664473,7140600
2020-02-28,20.48868179321289,20.4963585074624,18.9840794765301,19.628908831653646,9385100
2020-03-02,21.678543090820312,21.72460190875233,20.519385679550005,20.61918149328337,8240000
2020-03-03,21.240985870361328,22.238935467388654,21.00301354445797,21.647843010414753,5143000
2020-03-04,22.100753784179688,22.131459175053514,21.448247756047206,21.7936910903408,2919300
2020-03-05,21.855106353759766,22.000961007052734,21.455927432185618,21.52501640141999,3706700
2020-03-06,21.686222076416016,21.985606620613634,20.91856819760483,21.0720995590405,7003200
2020-03-09,21.125839233398438,21.517342963963042,19.9666814736916,20.36586192024969,5455500
2020-03-10,21.386838912963867,21.670870046518402,20.29677027610924,21.486633279411322,6303900
2020-03-11,20.580795288085938,21.02603437554148,20.250703962799662,20.83412095053162,7153600
2020-03-12,18.531164169311523,20.634535621932184,18.508135490020514,19.222053831713282,9965600
2020-03-13,19.03013801574707,19.47537715207706,17.525535837132473,19.306492382452422,7255200
2020-03-16,20.887863159179688,22.123786480265345,17.563921632947054,17.62533389003421,9145900
2020-03-17,22.87608528137207,23.65909259869514,21.156540747604907,21.225629714673627,10445200
2020-03-18,20.926244735717773,24.518865092543038,20.726654553207084,22.29266915559084,10570000
2020-03-19,20.196971893310547,21.893487622008386,18.83822572456932,20.995332580740936,7306600
2020-03-20,19.997379302978516,20.826445282021314,19.352550045480413,20.196969450697765,7980800
2020-03-23,19.774763107299805,21.07209850773703,19.0838749436754,20.319796631255482,6674800
2020-03-24,20.365856170654297,21.026037453692233,19.767085669859313,20.29676721040167,6051500
2020-03-25,20.020410537719727,21.14886106799645,19.882232622954536,20.266059513220778,6451600
2020-03-26,21.379154205322266,21.494301958692926,19.6672869364446,19.96667138804494,5753900
2020-03-27,21.432897567749023,21.586428937872213,20.496360309711815,20.933922811124148,5413400
2020-03-30,21.670866012573242,22.407814408005223,21.256333729791766,21.68621943968677,5890900
2020-03-31,22.52296257019043,24.526539453264757,21.9856043254462,23.58232416811799,11205600
2020-04-01,22.84537696838379,23.137084764372226,21.693896283268778,21.755308527907577,8379500
2020-04-02,22.975879669189453,23.344353161045074,22.300343469937314,22.4078160031995,3777600
2020-04-03,23.958477020263672,24.01221402206558,22.668819724873156,22.668819724873156,4954300
2020-04-06,24.027565002441406,24.564923284973613,23.766562575403878,24.13503753745796,6386200
2020-04-07,23.375059127807617,24.173418329776055,23.129408678403113,24.09665265584861,6884100
2020-04-08,24.035240173339844,24.042916887075492,23.12173320154935,23.428794430058062,3616600
2020-04-09,24.91804313659668,25.232781096299828,23.797269224323713,23.797269224323713,5145600
2020-04-13,24.534217834472656,25.017840609311815,24.219479853976395,24.787545025987,3095800
2020-04-14,25.59358024597168,25.877611359072365,24.795219515149455,24.933397446575114,3457200
2020-04-15,25.232784271240234,25.63964285207454,25.033195534662333,25.447729366440353,2618800
2020-04-16,25.693368911743164,25.770133106320348,24.741477085807972,25.47842389586768,4964700
2020-04-17,25.77781867980957,25.89296500471688,25.30187116608445,25.877611575722476,4020900
2020-04-20,26.00811004638672,26.606879038371552,25.562869462750122,25.7317542259732,3439900
2020-04-21,25.969730377197266,26.322850434865913,25.75478531431321,26.008112482880037,3201500
2020-04-22,26.330528259277344,26.499413054835596,25.908319198748956,26.27679272039376,2484300
2020-04-23,26.084877014160156,26.38426154187129,25.97740594558354,26.069523586025355,4239000
2020-04-24,26.238407135009766,26.545469826552416,25.885287089592513,26.2921426667747,2978100
2020-04-27,26.560819625854492,26.890910985638182,26.299817223429404,26.445673315834668,2783300
2020-04-28,26.568500518798828,27.21332987725736,26.52244023306355,26.66829634037506,3595600
2020-04-29,26.424060821533203,26.70212800300929,26.115099578282685,26.30820146025209,4974900
2020-04-30,25.829307556152344,26.49357852431881,25.636205667569115,26.47813001965203,3809500
2020-05-01,25.705718994140625,26.084199941115912,25.45082606781081,25.71344471868126,1883500
2020-05-04,25.813859939575195,25.867931181019653,25.219108695198138,25.77524014983009,2605200
2020-05-05,25.790681838989258,26.215505306913997,25.651648275450206,25.744339282143113,2683900
2020-05-06,25.806133270263672,26.153717218577736,25.728893702416386,25.92971834671971,1680000
2020-05-07,25.62075424194336,26.084200489607337,25.566685955024326,25.999235196877244,2265400
2020-05-08,25.891096115112305,26.022403957339282,25.58213197993063,25.921993117930544,2257300
2020-05-11,25.806133270263672,25.937444071404826,25.404481035156376,25.58986012309076,1985500
2020-05-12,26.346817016601562,26.555367369219827,25.883370806394165,25.93744203544371,3030700
2020-05-13,26.300472259521484,26.570816626455187,25.991511057097885,26.339092041511872,2351600
2020-05-14,26.130544662475586,26.462677145212915,25.860200295200343,26.346817799095383,2149400
2020-05-15,26.393163681030273,26.70212786923379,26.200061800028294,26.346821115350355,2377600
2020-05-18,26.269582748413086,26.617166778471752,25.806139339335754,26.439513373442065,3883100
2020-05-19,25.520343780517578,26.408610612325425,25.512618055697118,26.238682970784314,2902300
2020-05-20,25.280893325805664,25.697994020343327,24.941035137571458,25.697994020343327,5177800
2020-05-21,24.910140991210938,25.265447721444794,24.454420464519455,25.265447721444794,4283200
2020-05-22,25.242277145385742,25.265448427330774,24.763385324016948,24.964209976042326,2435500
2020-05-26,25.450828552246094,25.721170007546537,25.33496624483112,25.35041474891984,4786800
2020-05-27,26.05330467224121,26.06875317585144,25.257725888569553,25.396759474560824,2409400
2020-05-28,26.19234275817871,26.400893172995385,25.945172550951824,26.24641105685326,2600200
2020-05-29,26.87205696105957,26.926125248989212,26.030132689225688,26.19233755301461,5397100
2020-06-01,26.817991256713867,27.17329802490972,26.61716364234161,26.872059549852324,2756400
2020-06-02,26.624881744384766,26.833432078133228,26.478122465172806,26.74074107657826,3768200
2020-06-03,25.991512298583984,26.85660783179209,25.875650000578155,26.694402971784438,3765600
2020-06-04,25.72889518737793,26.161441506688472,25.566687371135664,25.968339629424605,2851200
2020-06-05,25.813859939575195,25.91427375011335,25.08007509491488,25.728897580736394,3932500
2020-06-08,26.207786560058594,26.323648862992844,25.40448205751639,25.458550346485502,3547000
2020-06-09,25.92972183227539,26.26185732236658,25.5975863421842,26.26185732236658,2401900
2020-06-10,25.6439266204834,26.215506454270734,25.566684111525355,26.02240460162628,2953400
2020-06-11,24.5780086517334,25.58986362958767,24.53938886251781,25.504898325412746,3661900
2020-06-12,25.03372573852539,25.072345522345266,24.50076417695927,24.902417884237686,3592300
2020-06-15,25.744342803955078,25.75206558231914,24.53166181899824,24.91014130860247,3167200
2020-06-16,26.454952239990234,26.6712253592181,25.999231776974188,26.13826533833503,3775200
2020-06-17,26.49357795715332,26.648060054013,26.22323649752457,26.55537197449756,3236100
2020-06-18,26.447233200073242,26.702126134253646,26.285025391230427,26.431784697016752,3273300
2020-06-19,25.914270401000977,26.93384804030916,25.914270401000977,26.678955103732466,7334600
2020-06-22,26.570816040039062,26.810260450995244,26.323645904955015,26.323645904955015,3991700
2020-06-23,26.431781768798828,26.787088460233793,26.28502247927108,26.725294454853614,4340100
2020-06-24,26.099645614624023,26.285021732497203,25.829301268516925,26.26185045438812,3774100
2020-06-25,26.022415161132812,26.207794311355762,25.93745278655316,26.130554717555487,3862700
2020-06-26,25.211383819580078,26.153722042945894,25.16504124892352,26.099653746179122,5568000
2020-06-29,26.030134201049805,26.192339074259547,25.396760265801486,25.46627706096293,4521700
2020-06-30,27.165569305419922,27.644464058297583,26.393161835424465,26.949296156701408,8438500
2020-07-01,27.551776885986328,27.84529259057256,27.265986907218753,27.343229432899907,5449400
2020-07-02,27.350948333740234,27.845288641995815,27.350948333740234,27.729429289655034,3737200
2020-07-06,27.45136260986328,27.76032383467758,27.181018223337475,27.61356747387834,2693600
2020-07-07,27.713985443115234,27.806673529861115,27.18874804071999,27.296884633007043,2545800
2020-07-08,27.574949264526367,27.713982854911443,27.374121657747533,27.675363067915782,2717600
2020-07-09,27.49770736694336,27.8066715629094,27.43591629565072,27.497707366943363,2870400
2020-07-10,28.04611587524414,28.18514945347619,27.482258784192215,27.482258784192215,3199100
2020-07-13,27.528606414794922,28.246945719095223,27.420469822147766,28.161980411586413,2972200
2020-07-14,28.40142250061035,28.424593781401924,27.505429969828683,27.51315274792567,3414700
2020-07-15,28.270112991333008,28.64859395837441,27.99204876964019,28.43232080377975,2471800
2020-07-16,28.270112991333008,28.671765240223625,28.146527910635953,28.2392189310343,1999000
2020-07-17,28.254663467407227,28.455488090405872,28.06156162177377,28.347351528291192,3226200
2020-07-20,27.96114730834961,28.216040207586214,27.61356340348126,28.13107492567392,2835200
2020-07-21,28.069286346435547,28.517281127204466,27.98432105702234,27.98432105702234,2509000
2020-07-22,28.200597763061523,28.32418285061161,27.76032570450804,28.030670109243225,2636000
2020-07-23,28.440044403076172,28.733560083141015,28.131080219165725,28.131080219165725,2211800
2020-07-24,28.27783966064453,28.72583448819473,28.092460560157694,28.41687324938445,2290100
2020-07-27,28.5559024810791,28.555902481079098,28.138801778500355,28.185147283175905,2054300
2020-07-28,28.80307388305664,29.05024402589082,28.478661229023952,28.517281011372948,2351600
2020-07-29,29.06568717956543,29.212443504086227,28.78762008342077,28.78762008342077,2341500
2020-07-30,28.864864349365234,29.081140429753752,28.656313993187265,28.880312851285876,2093400
2020-07-31,28.92666244506836,29.166106892426306,28.509561673766232,28.833974366945956,2686700
2020-08-03,29.177576065063477,29.309635019375722,28.89014840563968,28.89014840563968,2110100
2020-08-04,29.565988540649414,29.573755494123144,29.03774680378563,29.03774680378563,3004200
2020-08-05,29.193117141723633,29.550456324900544,28.99114075933288,29.472771961151995,2059500
2020-08-06,29.107664108276367,29.45723335280433,28.975602179362557,29.138734888589646,1557000
2020-08-07,29.39508819580078,29.44946576437213,28.89792016123121,29.0066752983739,2051700
2020-08-10,29.317405700683594,29.61259735802675,29.239721346102403,29.441697704658377,1320000
2020-08-11,28.936758041381836,29.503840460818402,28.851306738129555,29.503840460818402,1558100
2020-08-12,29.39508819580078,29.59706159858646,29.146504178515997,29.146504178515997,1738200
2020-08-13,29.286338806152344,29.48054529297914,29.224191307956975,29.426167713736103,1721500
2020-08-14,29.348482131958008,29.60483610641947,29.16204557176394,29.28633759967855,1385700
2020-08-17,29.5582218170166,29.70582061915772,29.193115697208523,29.33294161832619,1881600
2020-08-18,29.659210205078125,29.799039090502806,29.387322351949773,29.612599588818117,1982100
2020-08-19,29.47276496887207,29.70581504147217,29.30186533588137,29.651434518071984,2569600
2020-08-20,29.496070861816406,29.635899715804396,29.34070513923479,29.356242007828417,2321400
2020-08-21,29.379552841186523,29.542685555323207,29.10766498429205,29.542685555323207,6081200
2020-08-24,29.721351623535156,29.76796223492333,29.208646751685365,29.418390057899604,2043600
2020-08-25,30.09422492980957,30.133065616986293,29.682505348343785,29.938859217748206,2914600
2020-08-26,30.086463928222656,30.179682197735907,29.92333121573563,30.03208635739365,2712000
2020-08-27,30.117534637451172,30.560325077211598,30.109764720484115,30.296204204077743,2002900
2020-08-28,29.643667221069336,30.171908909682013,29.30186499570132,30.117531350267893,2733600
2020-08-31,29.79903793334961,29.946633767408525,29.534917044843233,29.534917044843233,2598900
2020-09-01,29.387325286865234,29.868956516231172,29.17758193778112,29.868956516231172,2665200
2020-09-02,29.71358299255371,29.837874985883793,29.325170142977846,29.348473965678842,3159300
2020-09-03,29.061044692993164,30.0709173495868,28.758083192350515,29.620360056243843,2738400
2020-09-04,28.843538284301758,29.146499824904534,28.307526669369338,29.06104852609764,2281100
2020-09-08,27.3054256439209,28.8046995425841,27.21997433933051,28.8046995425841,4705800
2020-09-09,27.818134307861328,28.113325992497337,27.484098960665754,27.561780359074096,2860100
2020-09-10,26.955854415893555,27.84920226026395,26.893706932795563,27.76375391603686,3317600
2020-09-11,26.77718162536621,27.111216898441256,26.598512077988467,27.02576560114,3219500
2020-09-14,26.870399475097656,27.07237284114661,26.69949688304144,26.87816642775717,2565600
2020-09-15,26.854862213134766,27.06460549212624,26.5752045078128,26.924776639465257,2811300
2020-09-16,27.025772094726562,27.28989300286691,26.862639377057498,26.963624604173326,2731400
2020-09-17,27.033533096313477,27.056839881816277,26.53636513479076,26.92477797514973,2829400
2020-09-18,26.839332580566406,27.35203752409693,26.660662990298015,27.033539043469716,4473800
2020-09-21,27.219972610473633,27.219972610473633,26.606279610443647,26.738338553982988,2884500
2020-09-22,27.3054256439209,27.888044942468103,27.142289988177886,27.18890059886946,5579600
2020-09-23,26.303321838378906,27.507401225464957,26.256711223967525,27.48409739993688,3376500
2020-09-24,26.901477813720703,26.909244767708685,26.140188898624462,26.349929253207286,2073100
2020-09-25,27.282115936279297,27.344263410548354,26.746107305804728,26.878166243594457,2252200
2020-09-28,27.54623794555664,27.771518104321324,27.313190833855675,27.437482824319844,2287200
2020-09-29,27.5617733001709,27.763749625672638,27.26657872778239,27.5229326109143,2526500
2020-09-30,27.740447998046875,27.95796123235525,27.453023288093714,27.577315294831987,4032500
2020-10-01,27.86473846435547,28.361906463823924,26.823791854210253,28.09001864016306,6045700
2020-10-02,28.649337768554688,28.874615009687023,28.01234081772105,28.05894847150789,5228600
2020-10-05,28.820232391357422,28.87460995349035,28.455126326087026,28.548344580692778,2287300
2020-10-06,28.626022338867188,28.897913078439547,28.455122720967903,28.78138805242932,2001900
2020-10-07,29.037748336791992,29.177577213541237,28.626028660428034,28.742553712170793,2936900
2020-10-08,28.936758041381836,29.30963403101047,28.81246604483896,29.076586907911942,1817300
2020-10-09,28.991134643554688,29.31740297576024,28.897916390076606,29.076585943974113,2353000
2020-10-12,29.527143478393555,29.62036469577313,28.936757251763908,29.146500545835654,2676100
2020-10-13,29.47276496887207,29.845640936335556,29.317402204945026,29.410620455972207,2270400
2020-10-14,29.278568267822266,29.698054981699453,29.185349985857034,29.54268920285356,1558700
2020-10-15,29.35624885559082,29.3950895544577,28.97560289464251,29.061054210162865,1773600
2020-10-16,29.449462890625,29.581524803807955,29.30963402412773,29.40285228067426,1799800
2020-10-19,29.107664108276367,29.72135424727665,29.04551662093921,29.449466398564834,3458000
2020-10-20,28.83576774597168,29.527142111069374,28.789160102795037,29.301864921221227,2140100
2020-10-21,28.812461853027344,29.068812762133756,28.703706742294045,28.812461853027344,2500400
2020-10-22,29.24749183654785,29.340710100517423,28.633798758424877,28.82800520365201,2741200
2020-10-23,29.519378662109375,29.54268248646373,29.162039526352217,29.395086659961013,2134300
2020-10-26,29.16981315612793,29.635910493376524,28.99114354735715,29.356252683698518,2821400
2020-10-27,28.711475372314453,29.286327658382195,28.69593850367968,29.162035672658725,2702500
2020-10-28,27.856971740722656,28.680405135379576,27.616154692524944,28.330835920175062,2727900
2020-10-29,27.57731056213379,27.934649649761948,27.383104149724396,27.880272091355693,2549900
2020-10-30,27.471622467041016,27.67517264373424,27.18978146355065,27.416820381527852,2715500
2020-11-02,27.870899200439453,28.035308466884217,27.534256063490325,27.698665329935086,2385600
2020-11-03,28.379776000976562,28.71641910004526,27.99615840442511,28.01964714641137,1632100
2020-11-04,28.41109275817871,28.849509461958768,28.207539585860996,28.395434592116594,2381600
2020-11-05,28.309314727783203,28.71641806515992,28.285828973133086,28.65378540410674,2083400
2020-11-06,28.238849639892578,28.59897841978762,28.066612837990974,28.32496804084338,1561100
2020-11-09,26.915769577026367,28.48937777923121,26.860967494483727,28.231025531028703,4442800
2020-11-10,27.385507583618164,27.393338160552883,26.57130079883091,26.837483671300202,4604400
2020-11-11,27.800437927246094,27.94135844393027,27.30721910534147,27.50294171334838,1691900
2020-11-12,27.722145080566406,27.863065571843784,27.31504177093058,27.863065571843784,2732700
2020-11-13,28.207538604736328,28.223196770253818,27.761291340201844,27.870895512334567,1554200
2020-11-16,28.606815338134766,28.614642927916517,27.92569855401979,28.309316156101435,2513600
2020-11-17,27.980504989624023,28.45023804811537,27.85524264159367,28.309317533269976,2779800
2020-11-18,27.776948928833008,28.277998269027798,27.769121339481682,28.058789929314987,2775700
2020-11-19,28.33281135559082,28.356300105744765,27.56557888218986,27.61255339600695,2622700
2020-11-20,28.07444953918457,28.418920231672125,27.910043275939817,28.238855802429324,2988000
2020-11-23,27.949190139770508,28.097938252675238,27.659521504539146,27.996161656219314,2637400
2020-11-24,27.683006286621094,28.04313517031711,27.604715451150216,27.980505488430417,4108800
2020-11-25,27.99616241455078,28.238859539907274,27.81609796147604,27.847414297616915,2046200
2020-11-27,28.137081146240234,28.14491172302115,27.902214613142768,28.07445146444291,698400
2020-11-30,28.622474670410156,28.653788017302837,28.027476282100302,28.191882552624108,4051600
2020-12-01,28.41109275817871,28.65378686591701,28.24668649426119,28.598984777944505,2623100
2020-12-02,27.53425407409668,28.505039489074566,27.401164138936984,28.371949553914874,4175600
2020-12-03,27.69866371154785,27.80043731519803,27.408992107802174,27.448139017733702,3592800
2020-12-04,27.784778594970703,27.910040925918178,27.518595768396125,27.659516264023228,6138500
2020-12-07,27.690832138061523,28.144909995808515,27.346361443090913,27.831752646569914,3340400
2020-12-08,27.949190139770508,27.964848307416812,27.565572498661318,27.737809356280557,2656400
2020-12-09,27.957014083862305,28.05879066704332,27.690831241574077,27.933528328701197,2754400
2020-12-10,27.690832138061523,28.066619165253957,27.643860626218604,28.003989487300124,2321900
2020-12-11,27.675174713134766,27.737807379255816,27.448138764670713,27.63603079005406,3204100
2020-12-14,27.894390106201172,28.17623117166786,27.683009307101152,27.886559528554688,2729200
2020-12-15,27.92569923400879,28.058792155457848,27.729976633311257,28.02747582258867,2988500
2020-12-16,27.855239868164062,28.15273604855949,27.79260720713998,27.941355297337694,2431700
2020-12-17,28.3171443939209,28.387604649528384,27.98050426878499,28.066619704314252,2743900
2020-12-18,28.277996063232422,28.379772635798528,27.902209087399196,28.340628719115998,5896200
2020-12-21,28.160568237304688,28.30148874619032,27.78478120910628,28.019647728419056,2541600
2020-12-22,28.17622947692871,28.48155628398944,28.097938637624583,28.207542826160214,2790000
2020-12-23,28.505035400390625,28.59898139917446,28.231024992900508,28.309312827472127,2235000
2020-12-24,28.48154067993164,28.52068458489303,28.30147632791844,28.40324988352035,807700
2020-12-28,28.669445037841797,28.849509467858255,28.52852452974373,28.72424712582551,2093900
2020-12-29,28.51287078857422,28.95129054697184,28.505043197571702,28.771226089011282,1778900
2020-12-30,28.285825729370117,28.653782118147255,28.19970732354271,28.497206456449398,1744200
2020-12-31,28.38759994506836,28.411088684038162,27.964841467973848,28.340628440107515,2317000
2021-01-04,28.17622947692871,28.55984413680342,27.99616203977429,28.497214451850265,4339600
2021-01-05,27.83958625793457,28.003992540287946,27.596889136491384,27.620374894973256,4993600
2021-01-06,27.972671508789062,28.262340098568384,27.776948923656345,27.808265254035096,4167200
2021-01-07,26.446033477783203,27.94918441241088,26.43037531334558,27.941353836947314,8903800
2021-01-08,26.673076629638672,26.720051130431457,26.148541476657414,26.53215611375028,6455300
2021-01-11,25.913667678833008,26.82965088080789,25.866696172288822,26.727874305813017,6959600
2021-01-12,25.76491928100586,26.093734755226055,25.483078299242678,25.9136673607189,6291400
2021-01-13,26.132884979248047,26.344265766584872,25.686637645922573,25.725781572505653,5381000
2021-01-14,26.65741729736328,26.704391796102552,26.054591336080264,26.26597210067222,4063000
2021-01-15,26.508668899536133,26.82182326147211,26.453866811535093,26.563470987537176,4462800
2021-01-19,26.3286075592041,26.633934367180867,26.297291223388495,26.563474104840832,4251400
2021-01-20,26.430377960205078,26.508668790233614,25.88235708245431,26.344262526908384,3904100
2021-01-21,26.66524887084961,26.712220384855485,26.187685235190163,26.46952626518524,4214800
2021-01-22,26.915769577026367,27.142805496207504,26.64958675332376,26.688730671355714,4256600
2021-01-25,27.36984634399414,27.90221202917508,26.821822493191444,26.915771486922,3925900
2021-01-26,27.784778594970703,27.839580678104625,27.299384449370883,27.33852836782518,3965800
2021-01-27,28.003990173339844,28.653787657167385,27.54208471446658,27.54208471446658,5167800
2021-01-28,27.376771926879883,28.13416891269468,27.100635540015595,27.58979039344556,5154500
2021-01-29,27.297868728637695,27.858029618615454,27.258421541643404,27.400433822524814,4118000
2021-02-01,26.9822940826416,27.56611980004898,26.840281770920217,27.337324861945064,5131000
2021-02-02,27.353103637695312,27.60557233174352,26.919178430700466,27.08486148142403,3909100
2021-02-03,27.31365203857422,27.526670489791464,26.895506380422525,27.26631661138897,3196600
2021-02-04,27.289979934692383,27.59767220040785,27.132188180328008,27.218973795709783,2905600
2021-02-05,27.31365203857422,27.637123832727543,27.1479720241701,27.31365203857422,3102500
2021-02-08,27.45566177368164,27.495108962525673,27.0927428209124,27.495108962525673,3250700
2021-02-09,27.43988609313965,27.67657527821026,27.266317836283346,27.526671726381807,2192000
2021-02-10,27.86591911315918,27.9684842116876,27.6055652595133,27.6529006821975,2668300
2021-02-11,27.163753509521484,27.929041741573975,27.076967873767728,27.75547047006646,2925300
2021-02-12,27.258426666259766,27.297873860670176,26.90339589731004,27.17164103278005,3216700
2021-02-16,26.74560546875,27.171639355563983,26.524695776357305,27.069077258353342,3685100
2021-02-17,26.80083465576172,26.92706748771186,26.50891878655418,26.64304286341702,3763700
2021-02-18,27.376771926879883,27.558231433296257,26.61937494106509,26.78505496740681,3233600
2021-02-19,26.903392791748047,27.550336336209252,26.90339279174805,27.439883000758947,4819200
2021-02-22,27.20319366455078,27.329426463078477,26.808715792948316,26.92706035827998,3378700
2021-02-23,27.589784622192383,27.73968513710314,27.076962160737096,27.37676620018607,3623800
2021-02-24,27.80280303955078,27.93692407766523,27.53455795369443,27.613452327923227,4809300
2021-02-25,27.27419662475586,28.071043517962444,27.187411021572274,27.787019001953244,4155500
2021-02-26,26.769269943237305,27.36887501375144,26.753490466430687,27.305760116152435,4591100
2021-03-01,26.942840576171875,27.297868262687945,26.81660777416835,26.91128162326414,2872500
2021-03-02,27.069076538085938,27.250536024046976,26.8166109046073,26.958620190014752,2760500
2021-03-03,27.44777488708496,27.495110312170304,26.73771341452743,27.029626237855418,3997100
2021-03-04,27.353103637695312,28.06316525614386,27.226870795485386,27.534566169898664,3853300
2021-03-05,28.007930755615234,28.22883741539562,27.408325674942397,27.518779004832588,6531600
2021-03-08,28.820558547973633,29.128250872601,27.97637596156543,28.047382114143126,5818200
2021-03-09,28.433963775634766,29.080907200339787,28.418184300687432,28.765323720647384,4258900
2021-03-10,29.041461944580078,29.104576838929734,28.10260268550021,28.544418984457046,3682300
2021-03-11,28.796884536743164,29.120356270058476,28.72587839969213,28.80477276991448,2519100
2021-03-12,29.25448226928711,29.341264878490005,28.88367208323994,28.95467822504413,2383600
2021-03-15,29.451717376708984,29.522720499625752,29.120354421628495,29.325481576962424,2525700
2021-03-16,29.443830490112305,29.60162225351093,29.22292382713077,29.428051012809686,3064700
2021-03-17,29.230815887451172,29.562178934928376,29.183480458974397,29.562178934928376,2477100
2021-03-18,29.286041259765625,29.451724280959837,29.15980844005392,29.191367397388802,2274900
2021-03-19,29.86198616027832,29.972442538590318,29.286048588122924,29.357054755080636,7733300
2021-03-22,30.193340301513672,30.193340301513672,29.514837798841594,29.62529113469469,4057800
2021-03-23,29.98031997680664,30.35901839430574,29.9014256017713,30.32745944044061,3563000
2021-03-24,29.112468719482422,29.617399923850012,28.970456442050615,29.491167122758117,3055700
2021-03-25,29.885656356811523,29.996109723527987,29.112479780167757,29.29393931257745,3842700
2021-03-26,30.37480926513672,30.43003595030304,29.76731271867855,29.85409836954809,2689300
2021-03-29,30.52469825744629,30.7061577269555,30.33535055431819,30.406356695398095,2381600
2021-03-30,30.232778549194336,30.75348912821888,30.209110844119927,30.55625022692736,2873000
2021-03-31,29.66474151611328,30.161784590553207,29.60951484224529,30.161784590553207,4084900
2021-04-01,29.420162200927734,29.71996323490434,29.06513149266333,29.696295524229214,4445800
2021-04-05,29.57796287536621,29.87776399969621,29.412279821824637,29.593739347485972,3710800
2021-04-06,29.680519104003906,29.90142879502386,29.491171379847156,29.562177528812892,3105000
2021-04-07,29.380722045898438,29.89354162758338,29.230818483401368,29.8383149497039,4262000
2021-04-08,29.42804718017578,29.467494363481045,28.30773152424498,28.717988851799507,4523700
2021-04-09,28.552318572998047,29.420172040065857,28.27618515734786,29.36494535693582,5036400
2021-04-12,29.609516143798828,29.64107510443293,28.62332119619425,28.694327352806905,5388900
2021-04-13,29.36493682861328,29.696296831158154,29.333377873239208,29.609511208693267,3340600
2021-04-14,29.388607025146484,29.522728082384823,29.136141380063105,29.35704806710409,3041900
2021-04-15,29.64896583557129,29.680521786030372,29.41227664454565,29.41227664454565,1901400
2021-04-16,29.62529754638672,29.775201114311283,29.30971694845333,29.704194953091314,2855000
2021-04-19,29.86198616027832,29.917212844620032,29.514846571612058,29.759424037717185,3104900
2021-04-20,30.193340301513672,30.256455203589294,29.59373217884304,29.767303426399437,3575400
2021-04-21,30.414243698120117,30.49314107925333,30.122330911995626,30.30379037416098,3132400
2021-04-22,30.114442825317383,30.524700221326462,30.019768967662262,30.44580584155181,2084400
2021-04-23,29.67262840270996,30.035547351862732,29.459609973521797,29.988208919945066,2687300
2021-04-26,29.349166870117188,29.70419770915813,29.325496141095385,29.70419770915813,2448100
2021-04-27,29.23870086669922,29.467495744442846,29.19136243873814,29.349154188981103,3169700
2021-04-28,29.1834774017334,29.467498971724016,29.08880053544222,29.32548668191489,2578600
2021-04-29,29.378219604492188,29.537193264672002,29.15565829954267,29.15565829954267,3249900
2021-04-30,29.481548309326172,29.56103361085034,29.23513902312942,29.505393293349442,2882600
2021-05-03,29.807456970214844,29.96643068049025,29.49745990287202,29.56104756767939,2894500
2021-05-04,29.878982543945312,29.894880211568772,29.41001196164844,29.45770496451882,3208200
2021-05-05,30.02206039428711,30.069753400134363,29.648472762242548,29.823344084845576,3406000
2021-05-06,30.32411003112793,30.650004657298172,30.117443371310557,30.300262012121156,5065200
2021-05-07,30.165138244628906,30.212828221254366,29.799500940371694,30.18103591422754,2473600
2021-05-10,30.40359115600586,30.570512105220033,30.09359424113101,30.20487487394046,2796700
2021-05-11,30.165138244628906,30.681798861817466,29.958471572017135,30.602313545994743,3180300
2021-05-12,29.807456970214844,30.300272743114423,29.799509649178166,30.252582752551728,2682800
2021-05-13,30.308216094970703,30.49898207749623,29.54514306835674,29.68027175213539,3714300
2021-05-14,29.855138778686523,30.562568339905738,29.831290760191703,30.355901684524955,2885400
2021-05-17,29.982322692871094,30.276422030431505,29.75975832764606,29.958474669921884,2510200
2021-05-18,29.902830123901367,30.117444107184596,29.839242480060218,29.9346254619071,2457200
2021-05-19,29.910778045654297,29.926675713366233,29.497447781654206,29.926675713366233,2632100
2021-05-20,30.22871971130371,30.506924324151733,29.93462046427678,29.93462046427678,3007200
2021-05-21,30.340002059936523,30.57846403648764,30.236671771079024,30.276414423114215,2879600
2021-05-24,30.387699127197266,30.673851111606382,30.260520804367697,30.340006119072278,1777900
2021-05-25,30.292316436767578,30.483082406775992,30.061804776851194,30.371801752242682,2159600
2021-05-26,30.133342742919922,30.332059063575468,30.030009407171324,30.316161394062572,1797100
2021-05-27,30.14129638671875,30.3479631015848,30.07770872749377,30.196939757775805,4048200
2021-05-28,30.284364700317383,30.49897868088543,30.109496407838822,30.181034401361504,2387500
2021-06-01,30.34795570373535,30.55461933605244,30.12539440244459,30.33205803476168,2230600
2021-06-02,30.896404266357422,30.896404266357422,30.212819824451504,30.45922908649212,3033400
2021-06-03,30.848718643188477,31.07127992268665,30.642051998937298,30.8964086132695,2465700
2021-06-04,30.93614959716797,31.007687580601086,30.769228646547315,30.896406946853983,1841500
2021-06-07,30.832822799682617,31.023588755631494,30.610258474848663,30.999743769180434,1646300
2021-06-08,30.578468322753906,30.92026063607247,30.47513498724191,30.824874619213514,2599800
2021-06-09,29.656414031982422,30.363843391835527,29.4418001196389,30.085638824500148,7351200
2021-06-10,29.545143127441406,29.831295133972564,29.266941472297574,29.656426821669566,3751900
2021-06-11,29.672313690185547,29.815386609195368,29.386161787826854,29.545132371653217,3175200
2021-06-14,29.783605575561523,29.80745056571948,29.47360857482535,29.608734228614686,2716000
2021-06-15,29.608732223510742,29.894884214710736,29.59283455375847,29.894884214710736,3046500
2021-06-16,29.433856964111328,29.672318946431815,29.38616699338328,29.632573261265026,2229700
2021-06-17,28.917186737060547,29.465642442146997,28.885391412431726,29.38615716274399,3267300
2021-06-18,28.360797882080078,28.821818240074133,28.344900210125676,28.80592360029062,6424300
2021-06-21,28.487972259521484,28.583355245798025,28.297203254797946,28.45617692003915,2407900
2021-06-22,28.40053367614746,28.59130266128475,28.257457695337035,28.559507325066843,3644700
2021-06-23,28.034896850585938,28.4084844766434,28.034896850585938,28.400534126377813,2016300
2021-06-24,28.15412139892578,28.34489036394014,27.867972499658993,28.042840766071503,2127400
2021-06-25,28.336950302124023,28.38464028146065,28.106438628094967,28.13823396909979,4287800
2021-06-28,28.480024337768555,28.638994967473636,28.273357667679313,28.36874065193644,2213200
2021-06-29,28.583356857299805,28.710535190228867,28.44823120513733,28.46412887577479,3280400
2021-06-30,28.917186737060547,29.14769526019688,28.543599253094516,28.543599253094516,6066300
2021-07-01,28.615148544311523,29.004633844764005,28.472072559016347,28.85360750908007,4575900
2021-07-02,28.503870010375977,28.71848400423676,28.456177001016755,28.694635983471915,2281400
2021-07-06,28.52771759033203,28.575410604023528,28.32105392867706,28.495922247871036,2627300
2021-07-07,28.750274658203125,28.95694132137049,28.45617536449451,28.48002338388785,2288600
2021-07-08,28.68668556213379,28.917197200850623,28.511814245566516,28.646942908051265,2215400
2021-07-09,28.710527420043945,28.917194050228293,28.551553788864403,28.790015751718624,2532000
2021-07-12,28.55950927734375,28.623096921956147,28.360792960653168,28.61514960344348,3746600
2021-07-13,27.009523391723633,28.034900389153325,26.930038072056302,27.62157005610793,11039600
2021-07-14,26.9379825592041,27.160543856611547,26.469011945259656,26.5405499383078,6734400
2021-07-15,27.56592559814453,27.64541090590961,26.858496049656857,26.858496049656857,5286800
2021-07-16,27.709001541137695,27.891820174491215,27.581823229580024,27.74874419496757,3470800
2021-07-19,28.138225555419922,28.27335116603027,27.6215620311775,27.629509347967055,5523600
2021-07-20,27.82823371887207,28.408488074948817,27.82028639977005,28.18592372187466,3408100
2021-07-21,27.43874740600586,27.899767650958857,27.4069520698932,27.812335024904257,2956500
2021-07-22,27.128747940063477,27.406949524789134,26.98567197301318,27.28772157369379,3466000
2021-07-23,27.22412872314453,27.34335969684367,27.07310545100596,27.144643428791518,4382000
2021-07-26,27.22412872314453,27.375151995283105,27.1684884106635,27.1684884106635,3407300
2021-07-27,27.200288772583008,27.430797381712388,27.081057776829393,27.24797874514831,2761700
2021-07-28,26.83465003967285,27.26387801093245,26.771062395136443,27.08900971432956,3641700
2021-07-29,26.739267349243164,27.03336665180277,26.69952469195193,26.9538813372203,2925900
2021-07-30,26.620037078857422,27.0492619855798,26.620037078857422,26.75516270841425,6274200
2021-08-02,26.782920837402344,26.83908609279864,26.5422121627358,26.654542673528397,4299000
2021-08-03,26.574298858642578,26.935363325630156,26.55022891443548,26.750819944897888,3064400
2021-08-04,25.988576889038086,26.582327765272986,25.93241163786708,26.486041854028432,3574800
2021-08-05,25.89229393005371,26.18114554102352,25.876246278246875,26.00462443192494,3523600
2021-08-06,26.285444259643555,26.38975244049566,25.99659578007567,26.012640367182883,2984600
2021-08-09,26.598373413085938,26.622443358695204,26.285448816283463,26.349639418943372,2599500
2021-08-10,26.798965454101562,26.85513070313421,26.469996255148963,26.510113852918497,2940800
2021-08-11,27.1279354095459,27.296431161342532,26.83105844406428,26.88722369466316,5734300
2021-08-12,26.943389892578125,27.176073172188794,26.927342242126294,27.087812625091896,2143500
2021-08-13,27.320499420166016,27.344572426632585,26.983507937398166,27.0637431302163,2068900
2021-08-16,27.256315231323242,27.505046196125868,27.160029315164046,27.33655043401245,2108200
2021-08-17,27.336545944213867,27.40875883908451,27.16002485435757,27.16002485435757,4924800
2021-08-18,26.686630249023438,27.336546311593523,26.66256030400184,27.336546311593523,3193100
2021-08-19,26.911296844482422,27.135957848062258,26.710705788207108,26.726753440002327,3185100
2021-08-20,27.063745498657227,27.200149011316885,26.7748938819913,26.93536734244756,2626100
2021-08-23,26.9193172454834,27.07979069136529,26.81500904654371,27.031647739367802,2046900
2021-08-24,26.558250427246094,26.96745783138024,26.50208518523178,26.96745783138024,3121000
2021-08-25,26.365686416625977,26.502086852735548,26.20521297472694,26.39778171716105,2650000
2021-08-26,26.341615676879883,26.389755565453775,25.93240825934441,26.317542671816707,5294500
2021-08-27,26.51813316345215,26.670584302904583,26.23730694989688,26.34161514097862,2673400
2021-08-30,26.18114471435547,26.4699963162048,26.13300176045507,26.461970960166475,3017900
2021-08-31,26.574298858642578,26.614416452579814,25.972525767255352,26.15706914798762,6947600
2021-09-01,26.823030471801758,26.863148062199574,26.510108981612465,26.686626991518043,3426000
2021-09-02,26.855125427246094,27.063738731129952,26.63046141447589,26.82303013102522,3395400
2021-09-03,26.871177673339844,26.983508168558096,26.662561272983286,26.871177673339844,3318100
2021-09-07,26.6224422454834,26.815007923858243,26.373708261741594,26.782915684646618,5008200
2021-09-08,26.93536376953125,27.17607239789783,26.646512191180847,26.646512191180847,3563800
2021-09-09,26.654539108276367,26.94339070355081,26.646513752420717,26.91129540168111,3217600
2021-09-10,26.550230026245117,26.70267811390098,26.269403796148435,26.662560518283787,3049500
2021-09-13,26.79094123840332,26.943392401503555,26.55825487634891,26.6063978321874,3810900
2021-09-14,26.630462646484375,26.919314204283594,26.52615752010492,26.871174318501094,2736000
2021-09-15,26.831050872802734,26.903263754735,26.534177051870408,26.56627234623491,2448700
2021-09-16,26.823030471801758,27.0396691328811,26.60639181072241,26.919313300911703,2235400
2021-09-17,26.855125427246094,27.03164343490908,26.598369179030925,26.766864893026646,4379200
2021-09-20,26.662561416625977,26.935365361101347,26.437900424979127,26.758844261506564,2569700
2021-09-21,26.453947067260742,26.855129143205726,26.413826411045175,26.646512749679587,1854800
2021-09-22,26.71872329711914,26.93536196637936,26.469992390794353,26.71872329711914,2786700
2021-09-23,26.630462646484375,26.871174318501094,26.614414997631524,26.71872318478703,2747900
2021-09-24,26.75884246826172,26.839080717598748,26.670584985155358,26.670584985155358,1639800
2021-09-27,27.111888885498047,27.24026704374605,26.7668720113109,26.879202517180815,2249800
2021-09-28,26.991533279418945,27.360620105290486,26.839085171544202,27.143984448070444,3041000
2021-09-29,27.80994415283203,28.09879576601546,27.119910423733092,27.200148683382178,6706600
2021-09-30,27.17607307434082,27.79389384101827,27.16805077953197,27.689585643845106,3927200
2021-10-01,27.039674758911133,27.360618609647027,26.927344258114736,27.336548662555398,2659200
2021-10-04,27.296432495117188,27.424810654298458,27.079793777603154,27.087816073462154,3232800
2021-10-05,27.497020721435547,27.745754718260617,27.23223907377243,27.24026442957967,5102600
2021-10-06,27.665515899658203,27.681563550168857,27.16002562128991,27.4729502150831,2920600
2021-10-07,27.45690155029297,27.922271154805326,27.360615650785924,27.7216801219967,4430400
2021-10-08,27.055721282958984,27.673542072366725,26.89524783389082,27.03164827609406,4705100
2021-10-11,26.9193172454834,27.40875987807378,26.79093910093317,27.09583834203112,3772700
2021-10-12,26.806983947753906,27.119905451066913,26.710701114605925,26.855126894715937,3089200
2021-10-13,26.606393814086914,26.92734068298747,26.526158627249867,26.79093719243307,3654100
2021-10-14,27.119909286499023,27.135956937755907,26.55023144037401,26.638491991898604,3709700
2021-10-15,26.678607940673828,27.240263456843277,26.590347394604528,27.192120506048298,2909300
2021-10-18,26.598373413085938,26.83908205150781,26.46196991282182,26.582325762420957,2822100
2021-10-19,26.654539108276367,26.662561403355568,26.38975745901598,26.60639615547181,1969200
2021-10-20,27.039674758911133,27.103862304747675,26.630467293693883,26.678610248653733,2073400
2021-10-21,26.75082015991211,27.087811624624994,26.622442021815356,27.03164638050618,1576100
2021-10-22,26.75082015991211,26.895245947867988,26.67860726593417,26.71070256565242,1308900
2021-10-25,26.389753341674805,26.750817779434424,26.373705693243714,26.68662718571006,2376300
2021-10-26,26.50208854675293,26.63849205235776,26.341618155372927,26.38975804847632,2439000
2021-10-27,26.173118591308594,26.686631174758144,25.98857519792994,26.638491283045017,3019100
2021-10-28,26.30149269104004,26.35765792991604,26.100901677689762,26.213232155441766,4022300
2021-10-29,26.085205078125,26.49025483682171,26.077102352391794,26.360639037650138,3338100
2021-11-01,26.263416290283203,26.46594110346657,26.012287499717203,26.10139891196323,5504800
2021-11-02,26.595561981201172,26.636066328873756,26.101400904858206,26.30392573350476,4045700
2021-11-03,26.733280181884766,26.741379816154332,26.449746628190482,26.579362408491292,2508100
2021-11-04,26.449745178222656,26.749481074308598,26.214815623592475,26.725179082548163,2727700
2021-11-05,26.401140213012695,26.69277649856537,26.328231141624528,26.5307559965601,2287900
2021-11-08,26.158109664916992,26.401138860331095,26.077097872923037,26.401138860331095,3785900
2021-11-09,26.360637664794922,26.48215073190492,26.109505714979463,26.19861715169734,3711600
2021-11-10,26.31202507019043,26.555054243768787,26.109500243827863,26.449743559064448,3476900
2021-11-11,25.987991333007812,26.263422173968753,25.979888608106553,26.206715460796314,3099600
2021-11-12,26.125707626342773,26.150009621290287,25.866476045955284,25.963687116029543,4360400
2021-11-15,26.16621208190918,26.231021522397217,25.94748485568836,26.182414442031188,3438800
2021-11-16,25.915077209472656,26.4416414614533,25.89887485214603,26.231016996774514,3037900
2021-11-17,25.76926040649414,25.939382076871997,25.680150526907568,25.86647301030176,2208000
2021-11-18,25.21029281616211,25.696351197072357,25.08067549675855,25.663948026077897,6941900
2021-11-19,24.88625144958496,25.364210189193816,24.88625144958496,25.210292425357792,3439300
2021-11-22,25.41282081604004,25.63964767662725,24.724235963952935,24.821447034163995,4869800
2021-11-23,25.542434692382812,25.769261535972653,25.445222084314317,25.542434692382812,3996000
2021-11-24,25.599136352539062,25.801661163009875,25.42091353043407,25.61533870821073,2939600
2021-11-26,25.599136352539062,25.898872206756522,25.47762177528491,25.5181261193224,2609400
2021-11-29,25.52623176574707,25.761159783545732,25.437120339094847,25.672049902035457,2971700
2021-11-30,24.748537063598633,25.47762778951554,24.667528356400798,25.372313997931077,8397700
2021-12-01,24.667531967163086,25.331813352330045,24.659430786229063,24.983470297878522,4752100
2021-12-02,25.096878051757812,25.38851431870591,24.789040971756318,24.789040971756318,4186200
2021-12-03,25.41282081604004,25.574839781439174,25.185992410310728,25.267002665581348,3122700
2021-12-06,25.736858367919922,26.028494647034886,25.59914140779808,25.607242587233713,2577100
2021-12-07,25.761159896850586,25.947482385086598,25.518130698728996,25.655847656369087,2870500
2021-12-08,25.68825340270996,25.987992431039103,25.461426540436428,25.753062843521956,2730200
2021-12-09,25.81787109375,25.96368770215316,25.574840322793797,25.74496201697735,2346000
2021-12-10,25.987991333007812,26.101404759352693,25.89077717589726,25.9474838890697,2191000
2021-12-13,26.303926467895508,26.506451302196435,25.874573262926468,25.931278424166166,5102400
2021-12-14,26.328231811523438,26.595566110176822,26.271525097921344,26.34443417116462,4660500
2021-12-15,26.67657470703125,26.700876701249786,26.255322628966653,26.255322628966653,3765400
2021-12-16,27.86742401123047,28.053746525229975,26.619870040676187,26.741383111397077,6151500
2021-12-17,28.01324462890625,28.16716243478604,27.68110083835553,27.875526094984657,11112100
2021-12-20,27.8026123046875,27.93222809040905,27.26794680230059,27.82691429879651,5723400
2021-12-21,27.405668258666992,27.851222376833334,27.251747372007845,27.705404215937524,5368300
2021-12-22,27.105924606323242,27.494771939226048,26.92770484350356,27.462370312530407,3767100
2021-12-23,27.000614166259766,27.17883393076058,26.94390436586868,27.12212722065342,1996100
2021-12-27,27.073514938354492,27.097820016786383,26.70897275499287,26.935799551801583,1836900
2021-12-28,27.494775772094727,27.494775772094727,27.0411220322758,27.057324393024242,2423300
2021-12-29,27.446168899536133,27.640591027543252,27.42186381582224,27.519077970109805,2019700
2021-12-30,27.446168899536133,27.608189399731405,27.32465275181868,27.519077970109805,1729600
2021-12-31,27.664897918701172,27.7297042688429,27.389463977459357,27.4380679674946,1711100
2022-01-03,27.591989517211914,27.62439114793198,27.114030698392714,27.543382435705386,4799600
2022-01-04,27.705400466918945,28.005136383630038,27.559582325754846,27.608189402904213,4937800
2022-01-05,27.664897918701172,28.142856725847725,27.551481397955783,27.84311769930408,7322700
2022-01-06,27.162630081176758,27.494770689409357,26.384935450722438,27.348952559913702,7620900
2022-01-07,28.15095329284668,28.361577770708543,27.235540133440097,27.267944850121573,6240100
2022-01-10,27.68109893798828,28.442594459699045,27.56768550035929,28.207664858733622,4421700
2022-01-11,27.52718162536621,27.82691758582506,27.21934293905784,27.762111230451143,3604800
2022-01-12,27.170734405517578,27.454267957190147,27.07352025327218,27.405663971351387,3287200
2022-01-13,27.84311866760254,28.0213415446877,27.20314241770314,27.21934168808878,3237400
2022-01-14,28.442590713500977,28.458793072497436,27.591986953032904,27.87552050976093,4297500
2022-01-18,28.59650230407715,28.677514081539307,27.9970306022738,28.28056409768304,5998300
2022-01-19,28.807130813598633,28.99345327266485,28.30486704712437,28.56409856324115,6067200
2022-01-20,28.7180233001709,29.15547770187687,28.450689024589302,28.766627284615662,5844500
2022-01-21,28.55600357055664,29.090669045713152,28.434487425632184,28.98535525946422,5573900
2022-01-24,28.6046085357666,28.766625929998227,28.045638018702885,28.564101096924986,7232200
2022-01-25,28.385881423950195,28.734224385025097,28.069943177924984,28.51549719386525,4318300
2022-01-26,28.22386360168457,28.742326730257695,28.053743467049767,28.19956160824646,3995300
2022-01-27,28.653209686279297,29.090664024154314,28.46688722909921,28.499291940856637,5311600
2022-01-28,28.884525299072266,28.892697250685938,28.345086074181292,28.443165082922704,4602200
2022-01-31,28.410465240478516,28.770093395568328,28.263348316339307,28.622973353554286,7757700
2022-02-01,28.582109451293945,28.6720164966193,28.067189266714674,28.345082353231653,4277900
2022-02-02,28.80278778076172,28.94990470668691,28.45133468922544,28.655667736961657,4070500
2022-02-03,28.82731056213379,29.11337561965609,28.65567152762041,28.810963542007475,3544300
2022-02-04,28.38595199584961,28.827312210877327,28.14075291568159,28.688364090794323,2879200
2022-02-07,28.59028434753418,28.721057394787966,28.18979325438994,28.41864530761522,2424800
2022-02-08,28.81096076965332,28.88452079420573,28.590280695996082,28.753747763654218,2140100
2022-02-09,28.761917114257812,28.91721221753995,28.712879180905308,28.851824149237007,1962400
2022-02-10,28.541242599487305,28.851829748451888,28.426816575625434,28.688362663845513,3041800
2022-02-11,29.170583724975586,29.178758792601425,28.46768068501664,28.606625655908307,3182800
2022-02-14,28.851821899414062,29.38308900038659,28.41046182640991,29.21962196025085,2924700
2022-02-15,28.949907302856445,29.17876245699919,28.737402286018703,28.8273093339453,3162300
2022-02-16,28.958078384399414,29.456651495800475,28.85999939919953,28.99077241875762,3203500
2022-02-17,29.325881958007812,29.33405390863023,28.786442798550524,28.876349844772587,2778500
2022-02-18,29.440303802490234,29.58742383584864,29.17875776938077,29.219623752452627,4006100
2022-02-22,29.293190002441406,29.58743013176969,28.941736861063212,29.432134998026807,3101000
2022-02-23,29.211458206176758,29.44848220709935,29.01529707940857,29.399444263813802,3308900
2022-02-24,28.04267120361328,29.18693450670484,27.51957593371053,29.03164249840764,4102000
2022-02-25,28.89268684387207,29.06432894469037,28.23064987598131,28.23064987598131,3752600
2022-02-28,28.582109451293945,28.76192042406959,28.328735334274764,28.688360397701125,3742800
2022-03-01,28.189786911010742,28.69653196535493,28.00179777487732,28.48402386271484,4409300
2022-03-02,28.279695510864258,28.54124158983206,28.09988453024589,28.26335160906957,4353300
2022-03-03,28.29604148864746,28.54124053891692,28.148921434910772,28.263350568386596,3998200
2022-03-04,28.116233825683594,28.304219890290362,27.756605599587644,28.01815169972536,4043800
2022-03-07,27.544099807739258,28.18161801962294,27.527752787194117,27.920071926651413,4734500
2022-03-08,25.280086517333984,27.40514910130424,25.280086517333984,27.33976414318019,8230100
2022-03-09,25.484420776367188,26.358966067791012,25.476247266482957,25.63154083640813,5442800
2022-03-10,25.067577362060547,25.39450991365361,24.667084791491867,25.337296911992,7632500
2022-03-11,24.601703643798828,25.239221868635795,24.569009602044257,25.1574898821248,5525200
2022-03-14,25.803176879882812,26.19549595528075,24.936805198644667,25.198351248909958,9878700
2022-03-15,26.015684127807617,26.350791767432785,25.901258117505716,25.901258117505716,5912500
2022-03-16,25.909433364868164,26.146458910528985,25.631540270688184,25.982993393265073,4762200
2022-03-17,26.203672409057617,26.203672409057617,25.607018696528538,25.87673826999716,5731600
2022-03-18,25.94212532043457,26.11376590287089,25.525285687589268,26.097418883793615,25082600
2022-03-21,26.121936798095703,26.236362809138527,25.852217229967994,25.9666447999483,4873000
2022-03-22,26.40800666809082,26.51425761792622,25.852218918186676,26.15463254289645,4321900
2022-03-23,26.269058227539062,26.669552405127067,26.179151180455523,26.530604300213835,5114600
2022-03-24,26.383481979370117,26.465217068735335,26.17914893276936,26.3180970257528,3332300
2022-03-25,26.882051467895508,26.882051467895508,26.32626540705194,26.522426477062673,5250600
2022-03-28,26.83301544189453,26.947441441735286,26.595988374867442,26.906572340756743,3409600
2022-03-29,27.298898696899414,27.31524259834879,26.939270507510535,27.045524574182263,4200500
2022-03-30,27.298898696899414,27.3070706476241,26.873885548087642,27.208991649552196,3277800
2022-03-31,27.43783950805664,27.535918491200036,27.168121524943643,27.249853491250697,4563200
2022-04-01,27.854684829711914,27.903722769717486,27.266204606644017,27.4950566410037,4628800
2022-04-04,27.887372970581055,27.95276104123737,27.266201888720143,27.75659994714324,4431400
2022-04-05,27.87102508544922,28.345079229328427,27.772946100392208,27.821987151858075,5364000
2022-04-06,28.06718635559082,28.369598380239474,27.846506299374315,27.862853316635693,4831400
2022-04-07,28.14075469970703,28.72923502371825,27.584968419891027,27.83834258559045,6127800
2022-04-08,28.197959899902344,28.345079940114427,27.91189488719818,28.197959899902344,7036700
2022-04-11,28.606626510620117,28.810959557124548,28.24700147120727,28.467681535577036,7366100
2022-04-12,28.680191040039062,28.786445113927375,28.36143193624946,28.47585796141749,5030300
2022-04-13,29.14607048034668,29.17876452151962,28.524899287437677,28.688363257551632,4554400
2022-04-14,29.113370895385742,29.391263956688405,28.974425923671802,29.260490934773905,3530100
2022-04-18,28.92538070678711,29.170579697840502,28.819126667443385,29.015287731010698,2432400
2022-04-19,29.611949920654297,29.799935982275294,28.9826036528577,29.007125742895504,3830000
2022-04-20,29.865325927734375,30.0860060445847,29.652817762822686,29.652817762822686,4309400
2022-04-21,29.881668090820312,30.2167741875779,29.77541402564105,29.947053049324797,4479900
2022-04-22,29.522043228149414,30.126870531212127,29.50569620721524,29.938884467282275,5982300
2022-04-25,29.513872146606445,29.7018582160776,28.876353900758566,29.571085162624815,3713200
2022-04-26,28.941730499267578,29.620117661419428,28.925383482578717,29.456650612405458,4354500
2022-04-27,29.121553421020508,29.481178543915828,28.99078036561534,29.007127387275432,3754100
2022-04-28,29.618770599365234,29.62701812145921,29.04156987310891,29.31367833755717,3993500
2022-04-29,28.80243492126465,29.66823894155069,28.75295923748846,29.57753509404798,5331500
2022-05-02,28.216991424560547,29.132271278045703,27.84593159943038,29.025075518450812,4599700
2022-05-03,28.73647117614746,28.884895101767505,28.175759267251227,28.307694441586985,3628800
2022-05-04,29.429113388061523,29.495080971360867,28.60453746986471,28.752961386780736,2816500
2022-05-05,29.206478118896484,29.585785439725612,29.033317927402845,29.41262210272441,3732200
2022-05-06,29.34665298461914,29.462093093876135,29.058052711476655,29.058052711476655,3818100
2022-05-09,29.923860549926758,30.12175700698215,29.148757180855306,29.21472476354542,5163800
2022-05-10,29.445598602294922,30.237190549219495,29.206470885357252,29.989818458993916,3884800
2022-05-11,29.429113388061523,29.816665076176424,29.330165158620005,29.429113388061523,3513900
2022-05-12,29.41261863708496,29.758942124773093,29.107526457710254,29.56104253959313,4260800
2022-05-13,29.594032287597656,29.67649177532275,29.321923841874433,29.49508404783538,4112900
2022-05-16,29.387880325317383,29.709464376557968,29.231212059343168,29.5940242705236,3799900
2022-05-17,29.115774154663086,29.338410009779455,28.39839090634128,29.198230480777053,5130000
2022-05-18,26.658540725708008,28.94261323226534,26.526605560195335,28.90138506579637,5948000
2022-05-19,26.17203712463379,26.46063898485803,25.817469259737173,26.386427033007408,5213600
2022-05-20,26.155548095703125,26.45239750838005,25.578345884773864,26.32870985990955,6200400
2022-05-23,26.666786193847656,27.00486220556264,26.328710182132674,26.460642207545654,4029800
2022-05-24,27.112056732177734,27.186268689708168,26.526605446989894,26.683276882613843,3073100
2022-05-25,27.021350860595703,27.161527244622633,26.81520689902159,27.13679097579605,3978600
2022-05-26,27.19451141357422,27.58206307331382,26.947139285328475,27.02959561290797,3790800
2022-05-27,27.334688186645508,27.417144505904094,27.046084778226557,27.16152488339136,3918000
2022-05-31,27.120302200317383,27.276973642255975,26.708014229754927,27.095565928646064,7429300
2022-06-01,26.815204620361328,27.1532805627941,26.361686999784418,27.087312990852602,3505100
2022-06-02,26.650293350219727,26.91415739166685,25.82571743432058,26.708013412692065,3789900
2022-06-03,26.386425018310547,26.81520480231893,26.353441232115983,26.60906085686338,2974100
2022-06-06,26.559589385986328,26.724505197583373,26.312217241344502,26.518361219463937,2249300
2022-06-07,26.88117027282715,26.88941779244948,26.213265876745123,26.246248091466686,2584900
2022-06-08,26.930652618408203,27.037848381475875,26.625560372531776,26.790476205210993,3049100
2022-06-09,26.592571258544922,27.19451125375809,26.576079364024487,27.02135107955442,2363200
2022-06-10,26.856433868408203,26.971873978476985,26.254493904830195,26.353442121245283,3454400
2022-06-13,26.386425018310547,26.773976642329217,26.262738965587914,26.666780909950376,3917900
2022-06-14,26.221511840820312,26.63379977273732,25.89992775720621,26.386427642688574,3826200
2022-06-15,26.369937896728516,26.658541359891903,26.07309163103197,26.32870972927876,4491700
2022-06-16,26.18028450012207,26.41116474269464,25.644310486323857,26.15554665723771,3775800
2022-06-17,25.866947174072266,26.477133163114367,25.619573455647366,26.336955194499712,6369400
2022-06-21,26.666786193847656,26.782226322895564,25.96589632587008,26.106074299465597,3567000
2022-06-22,26.76573371887207,26.864685094446333,26.419413340884702,26.72450555180322,3216100
2022-06-23,27.466625213623047,27.5078533808008,26.815209477488995,26.905913332584564,3164700
2022-06-24,28.1180362701416,28.249968285216767,27.39241175998188,27.565571939985404,6089200
2022-06-27,28.07680892944336,28.208740948391554,27.81294489154697,28.035580763304697,4679200
2022-06-28,27.986101150512695,28.390144671206926,27.911889203671183,28.16750883068239,3585900
2022-06-29,28.30768585205078,28.48909037070264,27.92013425880533,28.258210176687513,4380700
2022-06-30,28.23348617553711,28.4643664698397,28.027342156907483,28.22523865330739,4899600
2022-07-01,28.497346878051758,28.58804759323336,28.151023332284126,28.233482817232478,6490900
2022-07-05,28.340669631958008,28.431373474092705,27.936629247639733,28.390145312806137,3981700
2022-07-06,28.68699836730957,28.843666667130137,28.25821849118692,28.44787058428792,4511300
2022-07-07,29.02507209777832,29.066300263376665,28.464360238220106,28.596292255439252,4069100
2022-07-08,29.115774154663086,29.52806207624735,29.000330894393436,29.189986106368544,3903600
2022-07-11,29.321918487548828,29.453850498309713,29.04980694600667,29.107527004120353,4414800
2022-07-12,29.354900360107422,29.742452034102538,29.31367219480116,29.396131670921072,3300600
2022-07-13,29.470348358154297,29.725964911396918,29.132272315552854,29.23122055727555,5516400
2022-07-14,27.334688186645508,27.96136439132883,26.823448941620036,27.837676766934,12513800
2022-07-15,27.812942504882812,27.93663013819246,27.087314890181048,27.433638376143755,5217900
2022-07-18,27.549081802368164,28.20874191982609,27.491361738684816,27.804701474042666,4676200
2022-07-19,27.58206558227539,27.87891342137551,27.53258989392285,27.746981397942964,4074600
2022-07-20,27.318204879760742,27.573821437106403,27.07907707504362,27.48312071561765,2962200
2022-07-21,27.35942840576172,27.491360422938993,27.178020702577687,27.260480179255612,2501300
2022-07-22,27.730491638183594,27.730491638183594,27.37592370811003,27.524347639094675,2939300
2022-07-25,27.928386688232422,28.142778197810394,27.631538841436857,27.78821028586098,2880800
2022-07-26,27.887157440185547,27.969613774211478,27.499605750147143,27.656277188506934,3821500
2022-07-27,27.524343490600586,28.208739828758905,27.07907176475841,28.184003559159002,8401600
2022-07-28,28.02733612060547,28.118036827041315,27.384164782056594,27.45837673860041,2935000
2022-07-29,28.208742141723633,28.233481558859356,27.705750315234184,27.80470169276192,5366300
2022-08-01,28.7199764251709,28.893136587051355,28.175753381248832,28.175753381248832,4968600
2022-08-02,28.403640747070312,28.844848359792632,28.362018226215888,28.836521950264874,2828400
2022-08-03,28.55348777770996,28.670032120279345,28.253800510762886,28.37867126385589,2344000
2022-08-04,28.287094116210938,28.69500240881297,28.25379483199964,28.428614486311673,2208800
2022-08-05,28.661706924438477,28.670030158797495,28.137254243161923,28.303747510696777,1765500
2022-08-08,28.52851676940918,28.869826584586082,28.453594947755942,28.728306176754238,1726200
2022-08-09,28.561809539794922,28.744949258771435,28.403639521539954,28.653377811485853,2085700
2022-08-10,28.645055770874023,28.811549029636677,28.545161085854346,28.695004701181254,1713400
2022-08-11,28.670026779174805,29.04463579307058,28.578458509639905,28.653377136824485,1932100
2022-08-12,28.628406524658203,28.80322301976692,28.420290742215972,28.7782501420642,2508200
2022-08-15,29.052963256835938,29.119558653060448,28.436939169887097,28.586782780885606,3263100
2022-08-16,29.336009979248047,29.527476169511885,29.044645900119495,29.044645900119495,2907300
2022-08-17,29.32767677307129,29.660663307619714,29.27772784021054,29.336003183012217,2964000
2022-08-18,29.377626419067383,29.402599298306498,29.01134058705362,29.311027840303055,1996200
2022-08-19,29.469194412231445,29.644010897541232,29.29437475132701,29.352646913096937,2489300
2022-08-22,29.261085510253906,29.460874918765544,29.161187630402694,29.385953096674832,2518000
2022-08-23,29.294374465942383,29.45254448257243,29.061285821133403,29.261078356394396,2451700
2022-08-24,29.59406089782715,29.63568341535655,29.161179729213416,29.327672974925548,2606200
2022-08-25,29.619043350219727,29.652339466082633,29.377628250541157,29.56909441303254,1549600
2022-08-26,29.061288833618164,29.743908371828557,29.052965599267036,29.660663325937513,1886600
2022-08-29,29.169509887695312,29.410924966231082,28.811550474858116,28.96971733203934,1781200
2022-08-30,28.928089141845703,29.2028034551039,28.844844112394664,29.169504173085755,1680400
2022-08-31,28.620080947875977,29.136207156917756,28.586781663268233,29.019662836385216,3928800
2022-09-01,28.55348777770996,28.769929992991813,28.162232224169205,28.595110303542576,3611300
2022-09-02,28.48689079284668,28.994693836411205,28.378669691203015,28.703329820539025,2706400
2022-09-06,28.17055320739746,28.611757662028545,28.120604275033696,28.486890094511494,2487500
2022-09-07,28.886470794677734,28.928093315408287,28.137252719148673,28.203851292793377,2437500
2022-09-08,28.570133209228516,28.68667753460827,28.187200947096564,28.645055014914742,3354900
2022-09-09,28.611753463745117,28.853168504687446,28.35369195671903,28.678352030457944,2077400
2022-09-12,28.853172302246094,29.06961132136087,28.595107585659935,28.68667903914518,2829900
2022-09-13,28.01238250732422,28.786573386943555,27.962433581815255,28.55348157682953,3169200
2022-09-14,27.762649536132812,28.02903753569953,27.6128058894271,27.995741417450276,4314000
2022-09-15,27.98741340637207,28.10395775257116,27.479610318851527,27.812596887073436,2569800
2022-09-16,28.162227630615234,28.26212231143867,27.879190055286628,27.962435093373717,4998500
2022-09-19,28.503541946411133,28.528514826729864,28.095633572832583,28.120606453151314,2301800
2022-09-20,28.287094116210938,28.46191059492844,28.07897835328214,28.353692684633526,2458200
2022-09-21,28.570133209228516,29.07793620603574,28.445262474553243,28.553483566232167,3752900
2022-09-22,28.936412811279297,29.119555689548868,28.56180699750153,28.620079154115597,2796400
2022-09-23,28.595109939575195,28.961395783668383,28.237150505899645,28.72830392590132,2737400
2022-09-26,28.30375099182129,28.836526972983847,28.287101345460542,28.520190043320326,3930700
2022-09-27,27.571176528930664,28.586782510401104,27.56285329532936,28.41196602442183,3460100
2022-09-28,27.862545013427734,28.012388647203544,27.404687701559887,27.77929678599941,4138500
2022-09-29,27.687721252441406,27.97908524220581,27.579503336089637,27.887513793296847,3919100
2022-09-30,27.163272857666016,27.95411346735055,27.1466232139722,27.87919165852581,4562400
2022-10-03,27.3963623046875,27.529556282466917,26.988453961465886,27.363063016343915,5843000
2022-10-04,28.228830337524414,28.278779278670747,27.58783321632609,27.70437757007206,4371400
2022-10-05,28.137252807617188,28.287096423194136,27.512905467911505,28.103953520690137,4595400
2022-10-06,27.105003356933594,28.886474124555797,26.888561143232778,28.162232018454137,6449700
2022-10-07,27.34641456604004,27.388040266084243,26.946832615257158,27.105002653996983,5503400
2022-10-10,27.945785522460938,28.13725165102905,27.37971037034885,27.37971037034885,4353000
2022-10-11,28.21217155456543,28.312066228913867,27.84588896489154,27.945783639239973,4020300
2022-10-12,27.95411491394043,28.37866973552092,27.93746526938502,28.345370446410097,4381500
2022-10-13,28.620080947875977,28.786574195320135,27.604474996501725,27.73766895933814,4052900
2022-10-14,28.545162200927734,28.886471965706267,28.478563624583188,28.736628344525943,3066500
2022-10-17,28.511857986450195,28.86149092506444,28.27044295230549,28.736623379385506,3120800
2022-10-18,29.077939987182617,29.086263221965755,28.678358030094717,28.803225605412436,2890000
2022-10-19,29.077939987182617,29.236106852823106,28.753279845523394,29.094589632344,2538000
2022-10-20,28.603431701660156,29.11955791784903,28.520183488988007,29.03631288077149,3376800
2022-10-21,28.878149032592773,28.96139726304596,28.486893464046307,28.611761046333154,2316100
2022-10-24,29.13620948791504,29.294376339063874,28.911444062222603,29.177832009207382,3116500
2022-10-25,29.169509887695312,29.319353510538555,28.853172997737918,29.086261666340768,3135600
2022-10-26,29.336009979248047,29.569098702074342,28.944751186850464,29.319360331103926,3540300
2022-10-27,29.7855281829834,30.05191611629568,29.39427269220298,29.469194496921723,4083100
2022-10-28,30.501447677612305,30.651291290650803,29.843801062120527,29.960348564390817,3474000
2022-10-31,30.5513973236084,30.67626488700556,30.326631898779745,30.50144839289265,3961300
2022-11-01,30.2517147064209,30.60967415884884,30.235065060308518,30.44318087332033,3221200
2022-11-02,30.16770362854004,30.890183262171096,30.108897444844178,30.226509812235903,3855300
2022-11-03,30.05008316040039,30.327311779561768,29.84006021676161,29.957672552448,3051100
2022-11-04,30.226505279541016,30.42812873961804,29.915672183089445,30.125695151850593,5220800
2022-11-07,30.327316284179688,30.436529128408427,29.991281447262736,30.23490886719751,3181100
2022-11-08,29.982881546020508,30.3861253109627,29.848466957706442,30.327319128868833,3329600
2022-11-09,29.84846305847168,30.394524054805064,29.81486181930507,29.966075407295204,2826700
2022-11-10,29.562833786010742,30.31051829370831,28.806752973797842,30.24330940122909,4032500
2022-11-11,29.033578872680664,29.546032268946977,27.899452820214744,29.495628803079462,4533700
2022-11-14,28.529523849487305,29.369615858280426,28.521124339465914,29.11758889658183,4902500
2022-11-15,28.882360458374023,28.915961698850296,28.4455122852197,28.689139705676272,3384900
2022-11-16,29.43682098388672,29.52082889211882,28.999972810747966,29.008372319692665,4179800
2022-11-17,29.352806091308594,29.949273699858256,29.109181906927546,29.336003870886476,3966700
2022-11-18,30.201305389404297,30.377723924788366,29.705651024732592,30.260111567865653,5196800
2022-11-21,30.579349517822266,30.646555210140352,30.142501301316624,30.436532214014367,3388700
2022-11-22,30.730562210083008,30.990988639347197,30.663353322081818,30.747361227387138,2634100
2022-11-23,30.97418975830078,31.007794205926036,30.654957119950403,30.806170724871023,2120500
2022-11-25,31.184213638305664,31.226217596686954,31.066601272959414,31.08340349725125,1093500
2022-11-28,31.117006301879883,31.369033243549286,31.10020407847573,31.150610748688187,2021500
2022-11-29,31.0497989654541,31.17581404495685,30.814574235392,30.98259327316347,2527400
2022-11-30,31.906692504882812,31.92349472877733,30.881779280192863,31.032996090547,4932800
2022-12-01,31.780685424804688,32.167127018559064,31.637868102514673,31.96550350611934,2911900
2022-12-02,32.02430725097656,32.049512191042574,31.68827236216512,31.73027632267945,2391500
2022-12-05,32.133506774902344,32.17551071798274,31.553844669123876,31.688259209798396,3581600
2022-12-06,31.553855895996094,31.9150957034685,31.39423636892431,31.721871728097753,4374100
2022-12-07,32.11671447753906,32.30153572981834,31.738672463648008,31.822683580455145,3832100
2022-12-08,32.33513641357422,32.37714036474141,31.973896665083483,32.083106297178965,3198800
2022-12-09,31.940296173095703,32.39394659308575,31.915094440217295,32.301535966269654,2391300
2022-12-12,32.31834030151367,32.36034426062114,31.8058836681912,32.04951111758986,3392500
2022-12-13,32.11671447753906,32.43595031201333,31.915094206594784,32.37714413259655,4823600
2022-12-14,32.32672882080078,32.519949530760016,32.01589578344858,32.26792265710429,3405200
2022-12-15,32.18391799926758,32.27632540528736,31.8562795054495,32.16711577871056,4383700
2022-12-16,31.9318904876709,32.14191345463839,31.587452950032063,31.90668875713757,9081100
2022-12-19,32.032711029052734,32.39395086991962,31.873091487225068,31.965502126241745,3298500
2022-12-20,32.33513641357422,32.36873765169034,31.847881606885856,32.12511345304221,5326600
2022-12-21,32.57876205444336,32.81398995984577,32.3855413067638,32.49475414839005,3608800
2022-12-22,32.561954498291016,32.6627678146761,32.293125397322136,32.52835326419166,2414400
2022-12-23,32.629173278808594,32.63757278870876,32.43595250413834,32.59556882981464,2499100
2022-12-27,32.78038787841797,32.898000237248795,32.62077156353276,32.746783431695896,3351200
2022-12-28,32.46955490112305,32.94840705258613,32.45275267768794,32.8307946932368,2518000
2022-12-29,32.57035827636719,32.72997455882432,32.461145449056644,32.519951616524835,3890100
2022-12-30,32.51154708862305,32.72996950482063,32.351927626117806,32.5787527533395,3533500
2023-01-03,32.62077331542969,32.62917282521309,32.17552238419111,32.511560460065894,4237700
2023-01-04,32.46955490112305,32.67117517295148,32.217524754292846,32.59556676984171,5392500
2023-01-05,33.57847595214844,34.25894837426213,32.805589698953376,33.31804629639967,8498400
2023-01-06,34.4101676940918,34.46897387796082,33.77169918150095,33.91451328384096,5703600
2023-01-09,33.95650863647461,34.695790309488636,33.93130690826026,34.36815502391874,5333100
2023-01-10,33.97331237792969,34.275745948826035,33.78009164201168,34.09932743403516,4516300
2023-01-11,34.040523529052734,34.22534476906163,33.60367536474747,34.141333657832035,4269800
2023-01-12,33.712890625,34.15813833001478,33.57007332801445,34.09933215028439,3620100
2023-01-13,33.52806854248047,33.89770783517149,33.41885569509816,33.570072497720936,3085000
2023-01-17,33.62887954711914,33.86410747101255,33.502867678133526,33.51126718752066,3951600
2023-01-18,32.301544189453125,33.58688416861127,32.12512560499951,33.54488020155526,5330000
2023-01-19,32.15032196044922,32.419151150226696,32.108318000427126,32.351942250433964,3661900
2023-01-20,31.906692504882812,32.2091261255911,31.427840340326874,32.167122168203065,4347200
2023-01-23,31.444631576538086,32.04109589523687,31.42782935851476,31.90668135574566,3937900
2023-01-24,31.301828384399414,31.637866486401244,31.24302219725362,31.436242984260776,4461000
2023-01-25,31.20100975036621,31.46983887697916,30.856572231599873,31.259815921519294,5735600
2023-01-26,30.948991775512695,31.142212565728784,30.654960834900585,31.125410339879963,4793200
2023-01-27,30.906604766845703,31.059188377094575,30.57600802252739,30.93203752432901,3508800
2023-01-30,31.338926315307617,31.44912307515454,30.957467286745448,31.008329568441326,4586700
2023-01-31,31.525409698486328,31.57627197182109,31.093091692958687,31.525409698486328,8349900
2023-02-01,31.288063049316406,31.644092542661642,31.19481715263878,31.474554842671658,4216500
2023-02-02,30.737062454223633,30.957462406498355,30.592957529296687,30.90660013282059,4489900
2023-02-03,30.89812660217285,31.00832658508002,30.194546324554913,30.915080694440295,4399300
2023-02-06,31.288063049316406,31.321971236046934,30.906604032754604,30.906604032754604,3302500
2023-02-07,30.737062454223633,31.042229628965703,30.262360834546858,30.991370588950197,3910800
2023-02-08,30.762496948242188,30.87269369695153,30.576005167868775,30.60991335223893,4225000
2023-02-09,30.482763290405273,30.915084613879035,30.24541243589442,30.770976428166826,3535800
2023-02-10,30.830305099487305,30.889642795711698,30.440370743252174,30.5844788866985,3211400
2023-02-13,31.17786407470703,31.220250926332028,30.72011647358713,30.80488370951158,3403100
2023-02-14,30.567529678344727,31.13547721394415,30.304746100487755,31.13547721394415,3632700
2023-02-15,30.414947509765625,30.626868821111362,30.177593442167844,30.626868821111362,3379900
2023-02-16,30.36408233642578,30.491236404577123,30.152161045281737,30.27083645093644,3185800
2023-02-17,30.86421775817871,31.00832592254169,30.448850590657365,30.51666695827815,3762700
2023-02-21,30.821826934814453,31.07613178657576,30.364076261447117,31.025269522758848,4219200
2023-02-22,30.72859001159668,31.237199863151183,30.720114581991222,30.864219520922052,3989800
2023-02-23,30.847267150878906,31.08461799703879,30.660775352517426,30.728591727798968,3043300
2023-02-24,30.9659366607666,31.050707113680932,30.71163176934788,30.728585859930742,3413200
2023-02-27,31.160907745361328,31.313491346009478,31.02527823741437,31.093094608219122,3361800
2023-02-28,30.86421775817871,31.211768558079275,30.855742329057307,31.050709535473487,5706400
2023-03-01,30.296274185180664,30.728592267372054,29.914815151680724,30.728592267372054,3687300
2023-03-02,30.38951301574707,30.516667088748484,30.26236217640806,30.296270360363426,3373000
2023-03-03,30.38104248046875,30.51667200447546,29.906337529613815,30.253888386984933,3275200
2023-03-06,30.440380096435547,30.51667190554593,30.169121049301506,30.270842383561043,3815600
2023-03-07,30.372562408447266,30.525142770182605,30.092824738997212,30.457329635373835,6989500
2023-03-08,30.431896209716797,30.643817483506854,30.236925792207373,30.465801155940074,6289400
2023-03-09,29.736801147460938,30.55057823944034,29.541830687615406,30.55057823944034,4543300
2023-03-10,29.67746353149414,29.889384875069588,29.53335857002111,29.753755344527825,3270900
2023-03-13,29.75374984741211,30.338654717161376,29.584215390804335,29.62659900495628,3882000
2023-03-14,30.075870513916016,30.26236229272492,29.846995121831206,29.940241011235656,4378700
2023-03-15,30.236927032470703,30.24540569462081,29.71136315733906,29.880900830057634,3730200
2023-03-16,30.414947509765625,30.423422939407917,29.974150794126984,30.19454753511501,3407400
2023-03-17,30.109783172607422,30.457334026979172,29.863953651947114,30.397996312842256,9657500
2023-03-20,30.643823623657227,30.98289578946452,30.381040027384877,30.516669540440326,5942300
2023-03-21,30.87268829345703,30.88964238267472,30.491232603875645,30.830304687243753,4947200
2023-03-22,30.787925720214844,31.381305997598073,30.787925720214844,30.974417496048467,4363800
2023-03-23,30.999841690063477,31.126995739675685,30.63533686374775,30.703153219184074,6659300
2023-03-24,31.542369842529297,31.559323936894348,30.93203861370174,31.05071404059424,3587700
2023-03-27,31.525409698486328,31.82210144244575,31.466071996426894,31.584747400545766,3285000
2023-03-28,31.601703643798828,31.99164129859642,31.54236593769837,31.601703643798828,3854300
2023-03-29,31.83905601501465,32.06793139798868,31.652564243629374,31.72037737543893,4269400
2023-03-30,31.694942474365234,31.96620142287637,31.550837572695706,31.745804739834224,3795200
2023-03-31,31.83905601501465,32.00859046136968,31.610180632040617,31.796669169763604,4441000
2023-04-03,31.73733139038086,31.974685435298447,31.58474780209894,31.932298590149475,6459000
2023-04-04,31.85601806640625,31.932306646131252,31.516942621645132,31.771247588384423,6397700
2023-04-05,32.44091796875,33.008865587719995,31.822108065858828,31.86449168562835,9835200
2023-04-06,32.534156799316406,32.87322891741915,32.245943720414864,32.720645332491145,4635400
2023-04-10,31.847530364990234,32.46634012747749,31.78819266404366,32.38157290717158,4790200
2023-04-11,32.13574981689453,32.21204162377103,31.805153064983987,31.856015347455923,3542300
2023-04-12,31.889915466308594,32.07640724009653,31.796669579414626,31.974685924240532,3434200
2023-04-13,31.82210350036621,31.966208433640542,31.635611719740652,31.796670745222986,4902300
2023-04-14,31.338926315307617,31.711906680089093,31.228726321797932,31.652568968275286,5827600
2023-04-17,31.593229293823242,31.635612909105465,31.364353890904166,31.474553877567995,2888300
2023-04-18,31.533891677856445,31.59322938615749,31.279586751757314,31.415216261254358,3718200
2023-04-19,31.661043167114258,31.67799726035355,31.330446433104672,31.669521830565223,2844600
2023-04-20,31.703432083129883,31.77124522684373,31.559323898035814,31.720382943811206,2938200
2023-04-21,31.745813369750977,31.923826496791676,31.483029777217595,31.847534694679574,4046000
2023-04-24,31.974689483642578,32.000119007021794,31.68647636191495,31.77972225918899,3437900
2023-04-25,32.330711364746094,32.585016265067644,32.00859009971893,32.05097694449106,5638000
2023-04-26,32.059452056884766,32.33918970804159,31.97468483550148,32.09336023890297,5149700
2023-04-27,32.410064697265625,32.418614729843696,31.89697466517599,32.00814466144766,2595100
2023-04-28,32.461368560791016,32.57253854728112,32.27323850149143,32.358751868252526,3624800
2023-05-01,32.683712005615234,32.80343203664843,32.52123202453345,32.581092040050045,3886200
2023-05-02,32.88039779663086,32.92315448769609,32.392964341809105,32.65805778368939,3299700
2023-05-03,32.57253646850586,33.11982980995072,32.410059777178674,33.08562316057901,4643700
2023-05-04,32.170623779296875,32.66661052113459,32.06800707006804,32.55544051656297,4535300
2023-05-05,32.34164810180664,32.5212281268336,31.956831432373296,32.08510474289301,1972800
2023-05-08,32.27323913574219,32.53833253518686,32.093655842613266,32.17917247318083,2245800
2023-05-09,32.333099365234375,32.47847274499573,32.12786271260702,32.239032702035416,3642000
2023-05-10,31.42664337158203,32.43571680747638,31.20430664973077,32.358753468734406,7515400
2023-05-11,31.212862014770508,31.43519877460853,30.862251914404723,31.375338752262657,5770400
2023-05-12,31.42664337158203,31.46940005707735,31.229960008602763,31.229960008602763,2883700
2023-05-15,31.247066497802734,31.546366588688716,31.0845865094992,31.52926326033433,3382100
2023-05-16,31.161550521850586,31.32403051362578,30.828043767129877,31.1701038172737,5016300
2023-05-17,31.37533950805664,31.400996134056165,30.87080269175448,31.23851613052351,5371600
2023-05-18,30.614259719848633,31.221413262757068,30.468886306248027,31.221413262757068,4019500
2023-05-19,30.64846420288086,30.862250922135853,30.39192079220016,30.580050886898565,4016000
2023-05-22,30.263643264770508,30.699769938445,30.015649921867443,30.699769938445,4289200
2023-05-23,30.11827278137207,30.409022837772717,30.10116945309835,30.280749506782957,3746800
2023-05-24,29.9814510345459,30.195237756309876,29.74200768792423,30.118274405989784,3074800
2023-05-25,29.699251174926758,29.87028120579365,29.570981098371472,29.724904537812513,2675900
2023-05-26,29.793315887451172,29.853175904982432,29.365742469584262,29.605182539709315,4057400
2023-05-30,29.32298469543457,29.827521440337506,29.2802280076549,29.5367713964591,4498700
2023-05-31,29.818967819213867,29.921587783313576,29.42560107654341,29.44270440389336,11291000
2023-06-01,29.434152603149414,30.04130933744875,29.29732923953118,29.904485973830514,7989400
2023-06-02,30.041301727294922,30.13536837760189,29.31442514173,29.357185082506245,5462400
2023-06-05,29.947242736816406,30.443226207852515,29.853176062449304,30.04130941118351,2622700
2023-06-06,29.34864044189453,30.032757288370515,29.143407019014955,29.981450563713842,3839400
2023-06-07,29.160503387451172,29.280226674760854,28.5362466403321,28.818446638658735,5293200
2023-06-08,29.468360900878906,29.485464230049576,29.083544149855086,29.246024145913193,2580100
2023-06-09,29.399946212768555,29.58807627974285,29.263122863093628,29.314429580392993,2757500
2023-06-12,29.34864044189453,29.476913777789097,28.946720367409572,29.408500462078276,2928300
2023-06-13,29.4940128326416,29.50256286480322,29.023679510603383,29.169056154358643,3125800
2023-06-14,29.887378692626953,30.01564874410766,29.45125203606528,29.596628675627798,5700200
2023-06-15,29.75055694580078,30.01565035704833,29.536770253052214,29.955790344048815,3463600
2023-06-16,29.62228775024414,29.981451140381257,29.51967103683061,29.84462776845438,4597400
2023-06-20,29.280229568481445,29.71635302648418,29.280229568481445,29.596632989468777,3276200
2023-06-21,29.408496856689453,29.58807689522475,29.1006434979855,29.297326863351685,2724600
2023-06-22,29.408496856689453,29.62228354888653,29.340086811491933,29.570976830519896,2272800
2023-06-23,29.15195655822754,29.63939000696154,29.117749900952006,29.52822000187925,4072900
2023-06-26,29.314434051513672,29.322987347118787,28.74148720677679,29.151957318407646,2921100
2023-06-27,29.280229568481445,29.502566314063433,29.21181625468616,29.382846277048028,2880700
2023-06-28,28.262601852416992,28.64741857525613,28.125778491199323,28.64741857525613,5320300
2023-06-29,28.48494529724121,28.527701991142628,27.946201820128802,28.014611877945736,4507400
2023-06-30,28.835552215576172,28.895412232839128,28.450735488795544,28.544802162244842,4048700
2023-07-03,29.15195655822754,29.399949930285576,28.69872976676907,28.741486457300294,2285400
2023-07-05,28.792789459228516,28.878306091363164,28.28825600920093,28.570452739930357,5132300
2023-07-06,28.587556838989258,28.826996891185658,28.527696825940158,28.724380191976636,4153100
2023-07-07,28.407978057861328,28.70727813636104,28.407978057861328,28.53624812202141,3403100
2023-07-10,28.142881393432617,28.544801438110365,28.108674738114043,28.399424784069524,3351700
2023-07-11,28.32246208190918,28.365218770962343,28.0488153574174,28.177088686703165,5444900
2023-07-12,28.202739715576172,28.399423078657655,28.074469659023553,28.356666393140117,4510700
2023-07-13,28.356672286987305,28.732935764723265,28.091575562277416,28.279708932208738,7099100
2023-07-14,28.134334564208984,28.279707972676707,27.5186277468714,28.254054609329835,7095100
2023-07-17,27.604137420654297,27.903440755333545,27.552830700860124,27.604137420654297,5514500
2023-07-18,27.52717399597168,27.886337344080356,27.40745396731083,27.646897286758655,5666300
2023-07-19,27.85213279724121,27.97185283496171,27.663999445322503,27.672552740660464,4215700
2023-07-20,28.30535888671875,28.339565542972345,27.78372205841972,27.95474881543512,3612700
2023-07-21,28.467836380004883,28.544799718772847,28.228393069323438,28.296806375839854,4175600
2023-07-24,28.442180633544922,28.630313970123822,28.356667259896025,28.519143974679373,3210400
2023-07-25,28.502042770385742,28.621762793559274,28.33101276779814,28.47638614961572,3595100
2023-07-26,28.36522102355957,28.69017775799704,28.33956766051569,28.450737670583397,4020100
2023-07-27,28.31391143798828,28.55335150122035,28.288258077535186,28.365218158894464,4415900
2023-07-28,28.547264099121094,28.642335748858446,28.34847942102377,28.51269528765292,3500900
2023-07-31,28.35712432861328,28.564550387030163,28.18426708194738,28.52997827830143,8493700
2023-08-01,28.149694442749023,28.512694983604597,28.002767928887316,28.443550767450127,3801700
2023-08-02,28.383052825927734,28.72012265622732,28.097837863687854,28.14105464970811,3078100
2023-08-03,28.097843170166016,28.38305818627079,28.080560408867395,28.287986514235865,3001700
2023-08-04,27.924983978271484,28.313908677616187,27.86448443406329,28.106482610896062,2588600
2023-08-07,27.74348258972168,28.09783848284226,27.734841210513935,27.97683939206615,2498000
2023-08-08,26.9829158782959,27.760770283530075,26.905130272923575,27.700270734571394,4747200
2023-08-09,27.03477668762207,27.23356141032411,26.853276374532513,26.922418958450148,3257100
2023-08-10,26.84463119506836,27.198987115321383,26.740918151744555,27.026131493618674,2817800
2023-08-11,27.03477668762207,27.04341971667293,26.78413379061488,26.94834804560272,2081800
2023-08-14,26.706342697143555,27.155770224624174,26.689056642589172,27.121198115515405,2941300
2023-08-15,26.17913246154785,26.697700934838675,26.16184640617443,26.619915334147258,4993100
2023-08-16,25.954418182373047,26.2828449856356,25.893916989742763,26.19641635893842,3885000
2023-08-17,25.885276794433594,26.066775435157464,25.798848163784076,25.9889898324218,3158200
2023-08-18,26.092702865600586,26.282844522190462,25.824773962714826,25.971702130962566,4514900
2023-08-21,25.746994018554688,26.03220737205125,25.479065073990363,26.006278285919137,4676800
2023-08-22,25.721059799194336,25.8507019070035,25.55684558344201,25.677844664265386,3445200
2023-08-23,25.59142303466797,25.911206857466272,25.548207890716046,25.721065169545366,2983900
2023-08-24,25.634632110595703,25.902559362948924,25.55684651338204,25.59141862258318,3471200
2023-08-25,25.945772171020508,26.066771245387972,25.62598678356381,25.816130070128402,3430900
2023-08-28,26.1964168548584,26.256916400145048,25.997632163633988,26.049488681238405,3825100
2023-08-29,26.170490264892578,26.429774509771438,25.963062539291684,26.351988906609975,3031500
2023-08-30,26.0235652923584,26.32606306581858,26.0235652923584,26.274206540152438,3251800
2023-08-31,25.82477378845215,26.196415720246804,25.790203327709502,26.127273150272604,4675300
2023-09-01,25.340776443481445,25.988988671668,25.29756295433125,25.928489127462154,3391800
2023-09-05,25.193851470947266,25.54820740213038,25.116065861810565,25.280280108709057,3901900
2023-09-06,25.107419967651367,25.32349071315091,25.064206477947042,25.193848595548975,2926600
2023-09-07,24.960491180419922,25.358062199567932,24.89134860950143,25.21977705773095,4184300
2023-09-08,25.150634765625,25.16792082066848,24.8913488854396,24.977777512168068,2943300
2023-09-11,25.098779678344727,25.237064829589958,24.96913590662442,25.098779678344727,3083700
2023-09-12,24.744421005249023,25.193848550725836,24.50242282575302,25.159278088721674,4845700
2023-09-13,24.692564010620117,24.83084915294123,24.502422352050818,24.761706581780675,3121800
2023-09-14,25.116065979003906,25.124709007669328,24.727139579994805,24.76171004616734,5216500
2023-09-15,25.01235008239746,25.349419919501585,24.969134943993744,25.064206599992946,6224700
2023-09-18,24.822206497192383,25.064206324122694,24.58885134633664,25.064206324122694,3700000
2023-09-19,24.796279907226562,24.94320808420692,24.71849430479643,24.856779453896884,3205800
2023-09-20,24.995065689086914,25.098780379663385,24.778994928167588,24.925923111532292,3036600
2023-09-21,25.09013557434082,25.33213375439737,24.899992263166144,24.977777863466883,3351400
2023-09-22,24.943204879760742,25.124703496454632,24.891346719143517,25.06420395755667,3209800
2023-09-25,24.450565338134766,24.8222056202528,24.433279283574237,24.770349105060102,3512600
2023-09-26,24.208568572998047,24.50242494363337,24.208568572998047,24.407353280048675,3287000
2023-09-27,23.80235481262207,24.26042375146398,23.64678360754783,24.217210260494028,3760000
2023-09-28,23.715925216674805,23.897423849546268,23.568997045474074,23.724568244214723,5091700
2023-09-29,23.69864273071289,23.880141390918837,23.594928033102928,23.82828486635845,3914900
2023-10-02,23.15414047241211,23.664065884203666,23.015853687083354,23.612209370010923,5582600
2023-10-03,22.92943000793457,23.14550077135785,22.7911448512228,23.024500022868224,5296200
2023-10-04,22.92943000793457,22.989929557934833,22.66150107437755,22.886214866156454,6855400
2023-10-05,22.471359252929688,23.378855794133134,22.263931519182872,22.289860604084634,8194900
2023-10-06,22.825712203979492,23.015853856411,21.745358534164147,22.479999359336357,10868200
2023-10-09,23.845569610595703,23.888783103934237,22.834358370676494,22.834358370676494,11266200
2023-10-10,23.793710708618164,24.148066593710226,23.62949648307901,24.070280994691096,5731000
2023-10-11,23.64678192138672,24.027065230574966,23.49121072740566,23.92335220024686,5452300
2023-10-12,23.015857696533203,23.71592817829006,22.912144650080513,23.638142569205964,6275900
2023-10-13,23.82828140258789,23.957923519388174,23.154141735830834,23.154141735830834,6170600
2023-10-16,23.992494583129883,24.208565317867915,23.724567333631608,23.983851555921696,5209600
2023-10-17,23.923355102539062,24.156711921820623,23.81099738281575,23.940641159187123,3931900
2023-10-18,23.6640682220459,24.139424869322646,23.594925646795158,23.966567606951276,5582000
2023-10-19,23.46528434753418,23.810997235917128,23.44799829099276,23.620855559428776,4025900
2023-10-20,23.32699966430664,23.715927701914826,23.32699966430664,23.58628557220847,3506800
2023-10-23,23.067712783813477,23.49121123859488,23.00721324005741,23.301067931374174,3941800
2023-10-24,23.39613914489746,23.465281714816513,23.050426295302213,23.09363978331828,4365900
2023-10-25,23.983854293823242,24.009783378407764,23.352928072001482,23.39614156448662,7772500
2023-10-26,23.914710998535156,24.17399524263715,23.75049676474308,23.97521054559302,4479500
2023-10-27,23.499853134155273,23.940637622632817,23.41342451217145,23.802352486854236,3507200
2023-10-30,23.534423828125,23.724567128079936,23.4307107995031,23.577638963791518,3753700
2023-10-31,23.64678192138672,23.759137978990314,23.517138160743244,23.65542494866221,4323300
2023-11-01,23.62051773071289,23.900671866875328,23.60300767974015,23.734331392185364,3763500
2023-11-02,24.22460174560547,24.250866822731535,23.699311892037016,23.725576969163082,3993700
2023-11-03,24.34716796875,24.496000061224432,24.145807393593522,24.364678019594134,3559200
2023-11-06,24.014484405517578,24.29463852858102,23.996974355363538,24.250865073046217,3168100
2023-11-07,23.97946548461914,24.11078919738318,23.89191856924361,23.944447052439003,3071200
2023-11-08,24.294641494750977,24.32966159933471,23.944448798166107,24.005732311337145,5118900
2023-11-09,24.460983276367188,24.55728522279331,24.25086766164136,24.408453120297878,4980900
2023-11-10,24.34716796875,24.60105869643888,24.207090901697637,24.487245035802363,3473100
2023-11-13,24.137052536010742,24.478490180593802,24.08452405296343,24.268374578554198,3026600
2023-11-14,24.531021118164062,24.653588139145118,24.242111947386988,24.277130380588538,3228600
2023-11-15,24.644834518432617,24.776156572663595,24.522267490463776,24.53102251672591,3018900
2023-11-16,24.583545684814453,24.758642832466826,24.52226218409117,24.636074161170104,3237100
2023-11-17,24.671098709106445,24.767402324672656,24.417207966195694,24.70611714304387,2800900
2023-11-20,24.601057052612305,24.68860563113268,24.31214791239023,24.52226349892899,3152200
2023-11-21,24.688608169555664,24.819930215913324,24.47849089156291,24.609814607770986,2673000
2023-11-22,24.802419662475586,24.924986680615444,24.66234259321564,24.82868473915572,3232100
2023-11-24,24.942495346069336,25.003778851734694,24.767399854146927,24.846191740109322,1286500
2023-11-27,24.679853439331055,24.99502602039318,24.62732328427867,24.91623245766504,3243200
2023-11-28,24.706113815307617,24.793662393134692,24.58354680825985,24.671095386086925,2934500
2023-11-29,24.531021118164062,24.706116623872653,24.478490963586108,24.609814680180577,3138600
2023-11-30,24.76740074157715,24.802419173276245,24.399698024559715,24.566038497368535,5176500
2023-12-01,24.828685760498047,24.854949168408158,24.609815122044715,24.793665656817296,3886100
2023-12-04,25.353971481323242,25.450275087191688,24.776153185813133,24.776153185813133,3760600
2023-12-05,25.178876876831055,25.441520958645253,25.170121851457203,25.424012577747895,3040200
2023-12-06,25.739187240600586,25.81798080553935,25.24891746864309,25.301445955318773,3925400
2023-12-07,26.08062744140625,26.22070452374236,25.581600957002006,25.817981659638143,4464700
2023-12-08,25.8442440032959,26.168171595718203,25.79171385059199,26.098133061963352,3289600
2023-12-11,25.79171371459961,25.93179245122108,25.511559581057377,25.590353139847423,3717500
2023-12-12,25.92304039001465,25.984323905003247,25.599111092409924,25.81798174299809,3152300
2023-12-13,26.649688720703125,26.73723730780443,25.888018183727283,25.93179331220314,6183200
2023-12-14,26.194435119628906,26.86855701072328,26.133151614956738,26.754743356460455,7334200
2023-12-15,25.677902221679688,26.159416939305864,25.59910866136262,26.08937840456296,6790300
2023-12-18,25.81797981262207,25.975566936439055,25.5728441011456,25.77420635371754,3664500
2023-12-19,25.739187240600586,25.9493028571538,25.616620215073834,25.83549085771474,4806300
2023-12-20,24.828685760498047,25.38899406058643,24.793665656817296,25.38899406058643,5739400
2023-12-21,24.924985885620117,24.986271062585704,24.679851857159083,24.90747750490885,3671100
2023-12-22,25.09132957458496,25.266426751305126,24.916232397864793,25.02129103786698,3015700
2023-12-26,24.995025634765625,25.108839299106084,24.872458614568586,24.986272278909045,3111300
2023-12-27,24.90747833251953,24.977516867242787,24.758646237501317,24.95125179052767,3821000
2023-12-28,25.012535095214844,25.073818603865433,24.83743959476321,24.854947975913113,3741800
2023-12-29,25.09132957458496,25.196388214587145,24.924987423685845,24.977517578612154,3823000
2024-01-02,25.85300064086914,25.98432269111708,25.030046565544684,25.030046565544684,5716400
2024-01-03,25.634132385253906,26.133157224530724,25.607867304820687,25.923041590616833,6529900
2024-01-04,25.143856048583984,26.11564212893888,24.679851406133686,26.09813207869728,11177500
2024-01-05,24.69736099243164,25.143857276291868,24.566038948908133,25.0475553349615,9344400
2024-01-08,25.15261459350586,25.196389725235655,24.59230626616876,24.671099833431853,7019500
2024-01-09,25.669147491455078,25.68665754280487,24.94249705894269,25.07381910436533,8157900
2024-01-10,25.59035301208496,25.69541164656396,25.23140532154476,25.529069504409854,6638300
2024-01-11,25.170120239257812,25.57284136155782,25.143855164818586,25.537822932155763,6039700
2024-01-12,25.3452205657959,25.432767485175834,25.213896847025094,25.292690410347397,3860200
2024-01-16,25.021289825439453,25.459031076178317,24.94249626671843,25.371482492060473,6872200
2024-01-17,25.310199737548828,25.52031534377601,24.8724584737796,24.90747857640933,4230300
2024-01-18,25.135103225708008,25.257671918287926,24.96000771750169,25.135103225708008,3485100
2024-01-19,25.056312561035156,25.257673156778687,24.776156728437012,25.152614510823067,4688700
2024-01-22,25.15261459350586,25.231408160768957,24.802421888920172,24.951253997100405,5679800
2024-01-23,25.747940063476562,25.844243672350164,25.257670333470696,25.301443790313055,4271800
2024-01-24,25.747940063476562,25.949300636711968,25.59035294708352,25.721674987460943,5364100
2024-01-25,25.984323501586914,26.11564555593088,25.634130800052827,25.905529935010428,4154900
2024-01-26,25.931791305541992,26.159415276600757,25.82673267518002,26.10688679634491,10474400
2024-01-29,25.86977767944336,26.02038946246751,25.834338817641,26.00267003156633,4427400
2024-01-30,26.0824031829834,26.091262897551555,25.674864761936995,25.825476529960135,5497300
2024-01-31,25.82547950744629,26.233017975478855,25.754603472547316,26.09126590568091,4882500
2024-02-01,26.26845359802246,26.303892458289823,25.577412720987542,25.710305067354422,3649000
2024-02-02,26.10011863708496,26.4810778810717,25.85205341016718,26.27730953329848,3680600
2024-02-05,25.302764892578125,26.029244580186845,25.28504715347426,26.00266712662217,4476300
2024-02-06,25.355924606323242,25.603989865915466,25.11671737187259,25.2407500016687,4871900
2024-02-07,25.12557601928711,25.506535297266364,25.010401419526147,25.462236724351467,3819200
2024-02-08,24.895227432250977,25.205310669965428,24.80663198007289,25.081276360989026,4042100
2024-02-09,24.27506446838379,24.797775853048968,23.991560332257173,24.788916137567767,6069900
2024-02-12,24.611724853515625,24.67374116691593,24.159889540404787,24.230765568550538,3015300
2024-02-13,24.177610397338867,24.753478371249493,23.920683724005475,24.594006876051925,3780600
2024-02-14,23.681476593017578,24.15989108086904,23.584023104239545,24.07129561758345,4628800
2024-02-15,24.07129669189453,24.159892159134174,23.743493970053244,23.743493970053244,3777900
2024-02-16,24.106733322143555,24.195328787388497,23.814369469707806,23.982700684691405,3746400
2024-02-20,25.231889724731445,25.33820461205867,24.08901355750724,24.186467040254573,5821400
2024-02-21,25.16987419128418,25.41794114285731,24.992683270186536,25.249609936796336,3545200
2024-02-22,25.054702758789062,25.081280215654704,24.5319913694039,24.96610729299501,3379600
2024-02-23,25.072418212890625,25.258468843067675,24.868649843025413,25.00154218468456,2375500
2024-02-26,24.815492630004883,25.06355956749399,24.753476318087046,25.010401280292047,5351600
2024-02-27,24.780054092407227,25.134435919066483,24.638302037670638,24.886368978368562,3016000
2024-02-28,24.92180824279785,24.93066795819112,24.68260268645138,24.82435475310778,2691800
2024-02-29,24.87750816345215,25.098995950409456,24.72689640072847,25.04583935468866,6967600
2024-03-01,24.611724853515625,24.868649821862295,24.594005424024736,24.868649821862295,3662800
2024-03-04,24.540851593017578,24.638305086572387,24.32822179478274,24.53199187727296,4565200
2024-03-05,24.540851593017578,24.850933194989235,24.42567697815554,24.66488423380624,4347400
2024-03-06,24.762338638305664,24.966107024568572,24.620586570486427,24.726899776441883,3417100
2024-03-07,24.62944221496582,24.886368869184793,24.399096394392796,24.84207198595562,3266100
2024-03-08,24.92180824279785,25.010403706912584,24.558568360763584,24.656023540271583,3609900
2024-03-11,25.27618980407715,25.338206121287843,24.921807951756747,24.939527382336347,2404700
2024-03-12,25.196455001831055,25.40908310731182,25.08128038855941,25.276190752613587,2724500
2024-03-13,25.116714477539062,25.426797706114638,24.98382214809743,25.329342542609204,2722800
2024-03-14,24.718042373657227,25.081282292656887,24.60286944145996,24.96610936045962,4341400
2024-03-15,24.868650436401367,25.04584135605328,24.576286601848203,24.576286601848203,11697700
2024-03-18,25.001541137695312,25.019260566459245,24.780053347599374,24.850929372837363,4735400
2024-03-19,25.568553924560547,25.568553924560547,24.904090479035112,25.090139432669627,4900300
2024-03-20,25.550832748413086,26.02924551780571,25.42680012112941,25.78118026323835,5875700
2024-03-21,25.64828872680664,25.692585612279977,25.373642629454785,25.515394690750902,4767600
2024-03-22,25.683725357055664,25.790040245700727,25.59512989815442,25.69258507192757,4681200
2024-03-25,25.772321701049805,25.81661858711279,25.533114460746745,25.736882840345103,2865500
2024-03-26,25.61284828186035,25.931791244951967,25.61284828186035,25.79889890693638,4060600
2024-03-27,26.1267032623291,26.15328240928525,25.62171129888814,25.64829044584429,3847800
2024-03-28,26.259592056274414,26.365906939863113,26.135559433602385,26.250732341823877,4605000
2024-04-01,26.29503059387207,26.357046904452886,26.06468309041637,26.32160804708229,5404500
2024-04-02,26.179855346679688,26.489938581696098,26.162137608252394,26.39248510598408,5715800
2024-04-03,25.74574089050293,26.108980740145356,25.69258429270149,26.108980740145356,6181700
2024-04-04,27.145544052124023,27.81000744783712,26.675991000636824,27.535363050758022,12621800
2024-04-05,27.544221878051758,27.969478032050848,27.15440289197705,27.2075594887725,10132600
2024-04-08,27.712556838989258,27.898605797967342,27.526506190193196,27.58852250985256,6327800
2024-04-09,27.712556838989258,27.801150615749503,27.367034688315997,27.801150615749503,4320400
2024-04-10,27.110105514526367,27.685973423777394,27.039229490154206,27.58851825658403,5423700
2024-04-11,26.578536987304688,27.225280981772812,26.534240101586327,27.172124380947206,5352000
2024-04-12,25.96722984313965,26.59625608945206,25.931792672965656,26.59625608945206,3791100
2024-04-15,26.365909576416016,26.472222780818132,26.011529412045757,26.082405444919807,5658000
2024-04-16,26.58739471435547,26.640551311206323,26.21529515676401,26.472220116391252,5528400
2024-04-17,26.791166305541992,26.924058658591896,26.640554521467315,26.764587159004833,5147400
2024-04-18,26.897478103637695,26.941774986279263,26.44564280345914,26.888618389145833,3371600
2024-04-19,27.12782859802246,27.30501783791682,26.8531824879866,26.95063766831016,4850700
2024-04-22,27.553083419799805,27.606240020120584,27.180983837918628,27.198703267964838,4168300
2024-04-23,27.703691482543945,27.925179258982926,27.49106341994064,27.52650058546571,5357300
2024-04-24,27.9694766998291,28.093509316383237,27.3315924992137,27.420187949531368,6866600
2024-04-25,27.703691482543945,28.19096391478265,27.6239557478405,27.889740403640225,4277700
2024-04-26,27.535364151000977,27.907463735061175,27.517644720851,27.703695357790032,3322400
2024-04-29,27.72353172302246,27.81313623821756,27.580165182335893,27.65184845267918,3625200
2024-04-30,27.580167770385742,27.813138848128798,27.50848449331589,27.6966524547252,6131300
2024-05-01,27.544322967529297,27.795215270766725,27.391995802896574,27.48160031898594,5616400
2024-05-02,27.64288902282715,27.8668994659472,27.517442012516366,27.59808590876471,3534700
2024-05-03,27.4099178314209,27.687690301080277,27.38303596310649,27.66081014182991,4112400
2024-05-06,27.051498413085938,27.517438781172075,26.961893904547274,27.427835981697257,4045800
2024-05-07,27.526403427124023,27.562245919404983,27.15006580349445,27.185908295775405,2763900
2024-05-08,27.624967575073242,27.72353271622537,27.490561651997456,27.56224492490881,4296300
2024-05-09,27.580167770385742,27.660811670722342,27.2934329530422,27.62496917765535,1960300
2024-05-10,27.89377784729004,27.94754158073791,27.5622433696812,27.598084149582508,2848600
2024-05-13,27.73249626159668,28.019229383459837,27.544326582208846,27.929624855611547,2713100
2024-05-14,27.777297973632812,27.920664536126424,27.660813282505842,27.795219221210573,2733300
2024-05-15,27.257591247558594,27.840018067694412,27.212789841803563,27.8041772849032,2882600
2024-05-16,27.768335342407227,27.822097372189692,27.28447365623682,27.34719630916038,2665100
2024-05-17,27.535364151000977,27.822097254041978,27.481602121446812,27.822097254041978,8246000
2024-05-20,27.517440795898438,27.660809045495512,27.400956122614282,27.508481882546096,2690500
2024-05-21,27.589128494262695,27.741453963160502,27.36511803896948,27.598087408497978,3108200
2024-05-22,27.562246322631836,27.580167569034497,27.19486931669789,27.42784039274012,3127900
2024-05-23,27.275510787963867,27.526401379006526,27.060460977471312,27.34719405812805,2276500
2024-05-24,27.13214874267578,27.40992124694816,27.069424375459466,27.302395469355872,2423500
2024-05-28,26.639324188232422,27.275514799948496,26.621402940789327,27.06046495782403,2831800
2024-05-29,26.182340621948242,26.540758707025816,26.119617969778893,26.486994968825723,3098100
2024-05-30,26.128578186035156,26.334667385401442,25.940410232456564,26.218182705909562,3899000
2024-05-31,26.773727416992188,26.78268803980711,26.092737173698637,26.119617333079354,6370800
2024-06-03,26.639324188232422,27.042543710380937,26.50491825053766,26.88125590152153,3125900
2024-06-04,26.881254196166992,26.95293747232754,26.46011516235679,26.594521091524804,3364500
2024-06-05,26.6751651763916,26.82749235292537,26.379471446539476,26.791649860063718,3538100
2024-06-06,26.469074249267578,26.711004224102947,26.307786460001324,26.639320952102835,2307600
2024-06-07,26.630361557006836,26.675164672237134,26.352589078835372,26.361549701881433,3590300
2024-06-10,26.24506378173828,26.612440763967374,25.86872617688604,26.567637650851623,6969900
2024-06-11,26.20026206970215,26.271945345456658,25.895607720479465,26.191301446599823,6146800
2024-06-12,25.73431968688965,26.227143698615844,25.644716874815874,26.20026182955526,3136800
2024-06-13,25.599912643432617,25.779121677893944,25.438624854230223,25.725357942117135,3597900
2024-06-14,25.39382553100586,25.8508070681713,25.34902412325135,25.537192086697274,3821400
2024-06-17,25.716400146484375,25.814963581565202,25.25045800388089,25.340062525006807,3961800
2024-06-18,25.689517974853516,25.77912249492406,25.483428775036117,25.581992208956052,4192100
2024-06-20,25.53719139099121,25.841845740801848,25.51927014475197,25.59095342064482,4144000
2024-06-21,25.823923110961914,26.056894172397516,25.564071890671748,25.689517189497067,6242900
2024-06-24,26.289865493774414,26.451153284752568,25.86872647993681,25.89560663905715,4154900
2024-06-25,26.047931671142578,26.451151115520346,26.047931671142578,26.2361013148735,3920200
2024-06-26,25.52823257446289,25.71640225516315,25.474470541004628,25.608876479182396,5625400
2024-06-27,25.39382553100586,25.617835987906712,25.241498351950714,25.573034580152203,4188000
2024-06-28,25.46550750732422,25.51926953569471,25.25941830768393,25.402784856047962,7264800
2024-07-01,25.357980728149414,25.877684872466343,25.357980728149414,25.62679427738755,5532700
2024-07-02,25.384862899780273,25.483428039920987,25.259417600738647,25.393823522435248,3658400
2024-07-03,25.205656051635742,25.447587757117876,25.160854643537938,25.402786349020076,2236500
2024-07-05,25.30422019958496,25.366942852066966,25.071249126748867,25.125012865216956,4825600
2024-07-08,25.447586059570312,25.689517748913765,25.366942163122495,25.537190578852783,4549500
2024-07-09,25.752241134643555,25.895607685961465,25.38486413325839,25.420706625619918,5227800
2024-07-10,25.81496238708496,26.00313204364902,25.707438333960365,25.806001764480577,5967100
2024-07-11,25.429664611816406,25.528229753150253,24.605306117284,25.09813011488918,13581000
2024-07-12,25.40278434753418,25.653674947616867,25.286297961155192,25.40278434753418,5285300
2024-07-15,25.626794815063477,25.716399333356183,25.286297987364005,25.411744996599406,4524300
2024-07-16,25.976253509521484,26.03001554298338,25.5371931999435,25.62679772842281,3834400
2024-07-17,26.988779067993164,27.01565922749496,26.09273729123337,26.110656827879883,5186200
2024-07-18,26.961898803710938,27.47264237340397,26.728927722803487,26.854373032113593,3489000
2024-07-19,26.549718856811523,27.07838367693834,26.41531292318325,27.07838367693834,3385900
2024-07-22,26.576601028442383,26.657244931346384,26.352590566834433,26.55867978133834,2793900
2024-07-23,26.227142333984375,26.540757287117064,25.904566758297722,26.486993551793287,2887500
2024-07-24,26.755809783935547,26.80061119213345,26.11961919132751,26.25402512498538,3717500
2024-07-25,26.460115432739258,27.284473971541313,26.325707793133688,26.863333224363572,4406600
2024-07-26,26.827489852905273,26.863330633362843,26.379468988269878,26.433231013488214,3518800
2024-07-29,27.024620056152344,27.212789719418186,26.54971729559004,26.84541101581002,2706300
2024-07-30,27.22174644470215,27.374073604027092,26.84540885749134,26.86333010189755,3773900
2024-07-31,27.167985916137695,27.436799469837204,26.899174071502213,27.15006467074492,4646000
2024-08-01,27.42180824279785,27.52152446242269,26.923230602719855,27.21331226451237,3487700
2024-08-02,28.01103973388672,28.065429618846984,27.476200966211525,27.72095804206762,3767500
2024-08-05,27.204248428344727,28.437097284876806,27.08640166639924,27.965713695141226,4565800
2024-08-06,27.131725311279297,27.61217239275525,27.113594776009975,27.331156012172805,3181300
2024-08-07,26.995752334594727,27.566850417970002,26.96855652909184,27.186117786045426,3630100
2024-08-08,27.467132568359375,27.584979322876187,26.823514104079965,26.85977344691532,3057800
2024-08-09,27.331157684326172,27.439939173574476,27.077337091118657,27.394612832628052,2136000
2024-08-12,27.041074752807617,27.61217278981959,26.968554339710494,27.46713196362534,6488500
2024-08-13,27.52152442932129,27.675630528091098,27.131726548372768,27.158920623493678,4637100
2024-08-14,27.938514709472656,28.156075942504756,27.539651584402318,27.55778211941074,6505800
2024-08-15,27.349287033081055,28.029166556546087,27.249570816352144,27.920385072021546,6635000
2024-08-16,27.575912475585938,27.63936761868091,27.16798408565685,27.331155441628486,3694200
2024-08-19,28.183271408081055,28.301116426180965,27.630302200095954,27.639367467491788,3481900
2024-08-20,27.893190383911133,28.219531372258054,27.865994581122642,28.101686351553916,5456800
2024-08-21,27.865997314453125,28.101689108003026,27.748152282189757,27.965713538768938,4075900
2024-08-22,27.63030242919922,27.93851460712132,27.340220786219117,27.93851460712132,8340800
2024-08-23,27.766279220581055,27.865995438182786,27.612173124752495,27.793475024205996,5976100
2024-08-26,28.137948989868164,28.192338869452914,27.7481511066274,27.847865597695595,4631000
2024-08-27,28.346445083618164,28.38270442714675,27.99290654233162,28.20140425145762,4328700
2024-08-28,28.59119987487793,28.754369501385458,28.119816343128257,28.119816343128257,2998000
2024-08-29,28.137948989868164,28.763436927650545,28.04729803787818,28.62746136417712,2860400
2024-08-30,28.282989501953125,28.346444648922382,28.110752868020082,28.183273282988246,5061800
2024-09-03,28.935670852661133,29.252948290390062,28.319246511707306,28.373636386196488,5793800
2024-09-04,29.37986183166504,29.47051105619102,29.017258017468606,29.017258017468606,4664100
2024-09-05,29.4886417388916,29.742465793305907,29.361731440707583,29.524902812100255,4180800
2024-09-06,29.679006576538086,29.77871932712628,29.461443625150668,29.461443625150668,4177800
2024-09-09,29.760595321655273,29.93283022649185,29.370797442983832,29.679009638722967,4487100
2024-09-10,29.724334716796875,30.13226313786905,29.66087956885745,29.860308551790126,3422300
2024-09-11,28.52774429321289,29.787788857342875,28.301117784508875,29.588356423108593,9431700
2024-09-12,28.781564712524414,28.89034619031822,28.46428727540066,28.46428727540066,3826700
2024-09-13,29.053516387939453,29.071646922767396,28.672783801667443,28.75436947937023,4352300
2024-09-16,29.55209732055664,29.869376528707175,29.252952107322148,29.262015646733843,4280900
2024-09-17,29.515838623046875,29.86937543393266,29.4433164782261,29.53396915925207,3093800
2024-09-18,29.669940948486328,29.95095905322614,29.28921008856074,29.40705337870192,3520200
2024-09-19,29.361730575561523,29.679009769719176,29.198559208976715,29.679009769719176,3698100
2024-09-20,29.2801456451416,29.688074072092583,29.2801456451416,29.660879996311273,20169300
2024-09-23,29.28921127319336,29.370796954769514,29.089778838663634,29.189495055928496,4975200
2024-09-24,29.298274993896484,29.533968501266806,29.20762577293628,29.271080919217646,3514000
2024-09-25,29.271081924438477,29.54303305470449,29.098843557434552,29.352667609322904,2848800
2024-09-26,29.452383041381836,29.479577116265833,29.16229792441923,29.271081140047514,3002600
2024-09-27,29.43425178527832,29.76059450808627,29.397990714289424,29.515837465980308,2687900
2024-09-30,29.479576110839844,29.56116179075543,29.207624997136556,29.506770184796363,3776300
2024-10-01,29.66088104248047,29.82405241901608,29.3707993637608,29.624619968128915,5993400
2024-10-02,27.267702102661133,27.748150934918808,26.63314717168104,27.276767370706345,20128700
2024-10-03,26.605953216552734,27.177051273791818,26.515302264714904,27.113596126212265,8150800
2024-10-04,26.750995635986328,26.850711861830018,26.415587612981412,26.497173301576574,5340700
2024-10-07,26.37932777404785,26.97762165987172,26.33400143177443,26.84164609109778,4411000
2024-10-08,26.46997833251953,26.596888630935123,26.297741692510417,26.4790418718151,3568500
2024-10-09,26.569692611694336,26.750994518559956,26.424651777811093,26.524367999489495,4233800
2024-10-10,26.687538146972656,27.013879143744617,26.506236248414755,26.814448438549363,4119500
2024-10-11,26.62408447265625,26.88697033816915,26.551564055029605,26.805384652211284,2714400
2024-10-14,26.69660186767578,26.723795940567378,26.415583768294347,26.624081458259948,2587700
2024-10-15,26.814449310302734,27.294898146784714,26.705667821826832,26.814449310302734,4562500
2024-10-16,26.94135856628418,27.104529928189365,26.705666791201466,26.778188933402024,5139600
2024-10-17,27.476198196411133,27.621239027699513,26.986685823068623,27.077336774879633,6727400
2024-10-18,27.485261917114258,27.539651793529558,27.24957014728397,27.439937308272007,5561800
2024-10-21,26.750995635986328,27.521526178816654,26.62408533329305,27.51246091019239,5261700
2024-10-22,26.723798751831055,26.832580241909763,26.569692649483038,26.805384437134304,3714000
2024-10-23,26.69660186767578,26.778187544396463,26.506234712319877,26.633144996541848,2612200
2024-10-24,26.605953216552734,26.850710267807955,26.54249806897318,26.778189852142308,2695100
2024-10-25,26.678470611572266,26.750991019026852,26.542495063722775,26.696601145691638,2474900
2024-10-28,26.977619171142578,27.113594727372554,26.74192740013322,26.79631727682061,2426900
2024-10-29,26.678470611572266,27.068268450024263,26.66940534451258,26.823511426481442,3171600
2024-10-30,26.678470611572266,26.696601145691638,26.43371358802944,26.633144276273836,4141600
2024-10-31,26.55003547668457,26.935350498109383,26.540861101194313,26.742692112480373,3818100
2024-11-01,26.57755470275879,26.797734447209187,26.513335829356556,26.696819824648422,3411000
2024-11-04,26.394073486328125,26.73351661606899,26.384899111222545,26.577555738940365,3061500
2024-11-05,26.6784725189209,26.742691395798488,26.16471975406703,26.320680633555384,3403200
2024-11-06,26.513338088989258,27.027090869825415,26.44911921011389,26.999569493069234,5172800
2024-11-07,25.972061157226562,26.513337043304208,25.733532652359028,26.48581566763347,5644800
2024-11-08,26.091325759887695,26.21058913500654,25.751880884831884,25.981235009919214,2912200
2024-11-11,25.449134826660156,26.15554598844467,25.42161170028548,26.128022862069994,6425300
2024-11-12,25.394088745117188,25.67848736730968,25.201430372137498,25.632617242703276,6136900
2024-11-13,25.357391357421875,25.495005231514305,25.256476732876017,25.38491448220698,3318400
2024-11-14,25.183086395263672,25.641794695725064,25.164737643285225,25.311524159446208,5639300
2024-11-15,24.495023727416992,25.238130677623293,24.045488057096776,25.238130677623293,10673900
2024-11-18,24.412456512451172,24.797771558019548,24.366584632125583,24.641810664579175,5860900
2024-11-19,24.293190002441406,24.52254414162571,24.18310099553954,24.31153875353612,5088700
2024-11-20,24.88033676147461,24.91703251231587,24.256493248674882,24.311537749853347,6515400
2024-11-21,24.926206588745117,25.22895396634797,24.72437558695426,24.94455533886241,4379600
2024-11-22,25.155561447143555,25.24730345056442,24.944556064158785,25.082168194373498,4677100
2024-11-25,25.183086395263672,25.660141697870213,25.183086395263672,25.20143339740882,8288800
2024-11-26,25.21977996826172,25.458308473852565,25.12803796613706,25.26565184424062,5294400
2024-11-27,25.183086395263672,25.403266169505144,25.137214515317556,25.32069853543543,4042200
2024-11-29,25.274824142456055,25.458308144330427,25.07299314026075,25.118863265812777,4236900
2024-12-02,25.52252769470215,25.65096544950947,25.146387055766553,25.283999185893425,6904000
2024-12-03,25.421611785888672,25.74270792867498,25.394090409254524,25.522528166435766,4250800
2024-12-04,25.063817977905273,25.283997723338587,24.999599104216358,25.1463856011719,3365500
2024-12-05,25.52252769470215,26.320680849171072,25.027123676278777,25.091342553682438,4799400
2024-12-06,24.99042510986328,25.660138731147303,24.917031860268224,25.586745481552246,4987600
2024-12-09,25.449134826660156,25.733533466532325,24.96290342637344,25.072994182038936,6712200
2024-12-10,25.540876388549805,25.724360394866427,25.16473575045058,25.36656675753233,5023700
2024-12-11,25.43996238708496,25.75188417706785,25.311524620562594,25.595923282076406,4835100
2024-12-12,25.751880645751953,25.88949276956014,25.41243752368063,25.73353189595537,4739200
2024-12-13,25.87114715576172,25.880319781318384,25.495006513943775,25.733533274747145,3510600
2024-12-16,25.595922470092773,25.999586259000434,25.56840109233009,25.871148496552518,5301200
2024-12-17,25.577573776245117,25.660141409386565,25.128039856826824,25.15556298448507,6178600
2024-12-18,25.10969352722168,25.458311071060894,24.99960276347421,25.238131293399288,6706600
2024-12-19,24.595935821533203,24.95372944564126,24.17392507237127,24.724375321140272,8407700
2024-12-20,24.871164321899414,24.99042770870659,24.513370661811326,24.513370661811326,14579900
2024-12-23,25.25647735595703,25.274824356433296,24.696852720352222,24.770245971756694,4891100
2024-12-24,25.357391357421875,25.357391357421875,25.072992733974846,25.228953608090915,2123500
2024-12-26,25.274824142456055,25.504178269882456,25.146386391043873,25.210605266749965,3286300
2024-12-27,25.375741958618164,25.44913521356657,25.054645812031428,25.054645812031428,3515700
2024-12-30,25.26565170288086,25.384915080092437,25.054644574224774,25.320696203914423,4551500
2024-12-31,25.458309173583984,25.55922555367815,25.173910534030576,25.201431910541206,2627300
2025-01-02,25.384916305541992,25.779405706631533,25.311523050676488,25.522528439685658,5544000
2025-01-03,25.366567611694336,25.51335412175707,25.10969209400116,25.33904623470334,4490700
2025-01-06,24.669330596923828,25.36656738850372,24.614286093592924,25.256478381841912,4625700
2025-01-07,24.430801391601562,24.898684031261578,24.311538012786183,24.73354877610708,4588900
2025-01-08,24.40328025817871,24.467499135858592,24.091358495305137,24.375757132101686,5578800
2025-01-10,23.797786712646484,24.348237013793398,23.770263585147493,24.173927372633,5528900
2025-01-13,24.100534439086914,24.265669706629442,23.715219398098785,23.92622479558833,5660400
2025-01-14,23.898700714111328,24.1739267323112,23.852830585994628,24.054661599474624,4303100
2025-01-15,23.40329360961914,24.04548406813751,23.32990036436467,23.89869757762857,4659400
2025-01-16,23.660173416137695,23.687694792455645,23.256509648420316,23.32072852627311,4999600
2025-01-17,23.687692642211914,23.816130386258603,23.55925489816522,23.6509968938413,9681200
2025-01-21,23.577606201171875,23.935398098247934,23.45834106892438,23.696869583586157,6585000
2025-01-22,23.219810485839844,23.568429726149414,23.06384961513989,23.568429726149414,5975400
2025-01-23,23.24733543395996,23.329903063151733,22.990458170937433,23.274858560301617,4793900
2025-01-24,23.6510009765625,23.761089990511334,23.219814047401808,23.26568592807493,6391500
2025-01-27,24.37643051147461,24.906556605795124,23.99511295560803,23.99511295560803,7425800
2025-01-28,23.81840705871582,24.339230757059966,23.678899158768008,24.23692543680934,4461100
2025-01-29,24.088117599487305,24.255525652880312,23.846306163910352,23.846306163910352,4910500
2025-01-30,24.450836181640625,24.562440370431403,24.041616683602378,24.227624256225877,5309500
2025-01-31,24.07881736755371,24.422934124748565,24.004413984094903,24.21832526371599,5291000
2025-02-03,23.678895950317383,24.060215244878865,23.464986467792848,23.92070736383414,4019700
2025-02-04,23.278980255126953,23.660297797703123,23.111572207378096,23.613794576708166,5380000
2025-02-05,23.353384017944336,23.511491424088153,23.148773390042614,23.37198353273097,3797500
2025-02-06,23.260379791259766,23.725401374194387,23.13947318630349,23.706800085137026,6038300
2025-02-07,23.08367156982422,23.39988639466427,22.916263512683415,23.26968091640658,6632200
2025-02-10,22.8139591217041,23.065069424177167,22.6465510707777,23.046469909342647,4565800
2025-02-11,23.167375564575195,23.241778948316206,22.488444466198896,22.748855422334138,6990500
2025-02-12,23.027868270874023,23.44638661791757,22.720954106808822,22.851159578255725,8089300
2025-02-13,23.23247718811035,23.316181212539547,22.88836222004945,23.027868336125938,4814700
2025-02-14,23.511491775512695,23.688198699084374,23.29758050006208,23.344083722515062,6372500
2025-02-18,22.2280330657959,22.40474177796998,21.44679660282455,21.949020803556145,14008300
2025-02-19,22.590749740600586,22.600048611373303,22.0699242814989,22.283833787603204,5358300
2025-02-20,23.10227394104004,23.12087523135261,22.516345713610875,22.516345713610875,4103700
2025-02-21,23.98581314086914,24.274126014072124,23.09297081487252,23.13017339150077,7591900
2025-02-24,24.013715744018555,24.488038000815784,23.530092842117455,23.539393487221325,6523100
2025-02-25,24.274127960205078,24.49733811612057,24.023015869581414,24.060218449192313,5040000
2025-02-26,23.585895538330078,24.097418576155885,23.344084099420026,24.041616482227898,5253800
2025-02-27,23.781204223632812,23.79050486845723,23.278981820530614,23.344084560384918,3876200
2025-02-28,23.75330352783203,24.24622527500258,23.650998210985353,24.02301512599612,5846600
2025-03-03,24.227622985839844,24.25552491853279,23.65099723485105,23.827705927406683,5844800
2025-03-04,23.688199996948242,24.813553207136195,23.66029983586437,24.292729504543,5606100
2025-03-05,23.613794326782227,23.985812995138495,23.40918547831946,23.660297547284998,4618100
2025-03-06,24.162521362304688,24.236924745660712,23.70680041750948,23.84630653956245,4091300
2025-03-07,25.325077056884766,25.911005292806717,24.17182364953976,24.17182364953976,10894300
2025-03-10,25.687793731689453,26.52483224931922,25.54828583382065,25.70639324734423,10118000
2025-03-11,24.841453552246094,25.79939870736069,24.804252745886462,25.79939870736069,5330600
2025-03-12,24.09741973876953,24.674047316900868,23.96721425535009,24.506639253123492,6361300
2025-03-13,24.004411697387695,24.553137263342453,23.92070767723077,24.199721669059322,4018200
2025-03-14,23.855606079101562,24.088116863057554,23.725400607739488,23.855606079101562,4037400
2025-03-17,24.246225357055664,24.460134862171184,23.771903123593038,23.90211037472488,4374100
2025-03-18,24.181121826171875,24.553138730252755,24.143919248805524,24.3485298764874,4426900
2025-03-19,24.088117599487305,24.20902420423406,23.930010190606858,24.04161615084105,4623400
2025-03-20,24.088117599487305,24.199723559721495,23.87420809744804,24.116019533024993,6269200
2025-03-21,23.883508682250977,24.432234289704425,23.734701918255116,24.06021737971477,21562500
2025-03-24,23.930011749267578,24.04161771677113,23.688200297940444,23.846307717119082,5538400
2025-03-25,23.576595306396484,23.939311584152602,23.43708918217618,23.939311584152602,4627600
2025-03-26,24.106718063354492,24.236923534240397,23.57659376170016,23.57659376170016,5376700
2025-03-27,24.60894203186035,24.711247350729366,24.190423659418816,24.357831717962075,4507900
2025-03-28,24.692644119262695,24.897254740909823,24.525237847801147,24.850751520573443,5047900
2025-03-31,24.804250717163086,25.185568264224067,24.683345888987184,24.841451520480085,7741900
2025-04-01,24.73914909362793,24.999560050309142,24.432234913313213,24.999560050309142,5862300
2025-04-02,24.53453826904297,24.86935438096632,24.218325220346735,24.83215357626183,8200700
2025-04-03,24.906557083129883,25.715693659069387,24.367132107864684,25.111165944810963,11473400
2025-04-04,24.81355094909668,25.743594077480115,24.674044834622464,24.832152237404305,11257600
2025-04-07,24.17182159423828,25.05536330868189,24.14391966073747,24.497337056081534,9648000
2025-04-08,23.241779327392578,24.413633970864048,23.11157384720129,24.357831875627298,7550900
2025-04-09,23.892810821533203,24.097419691349206,22.795359537967062,22.990667762711883,6987800
2025-04-10,23.697498321533203,24.264825193575668,23.36268400389459,23.809104276690395,6897800
2025-04-11,24.162521362304688,24.255526034978864,23.539392361479283,23.67889848353225,7995400
2025-04-14,24.357831954956055,24.497338080460583,23.967213739193397,24.18112324989478,4698800
2025-04-15,23.76259994506836,24.45083338417466,23.71609850071195,24.311325503272652,4372700
2025-04-16,23.15807342529297,23.94861043521943,23.0836700463538,23.939309791112475,4362200
2025-04-17,23.557992935180664,23.623095671899996,23.13017393735846,23.139472807818482,4787800
2025-04-21,23.613794326782227,23.669598191385553,23.39058419011835,23.437087410621125,4696500
2025-04-22,23.697498321533203,23.97651232246794,23.4742881851353,23.632395586823375,4472100
2025-04-23,23.4556884765625,23.790504590665538,23.278981548711762,23.725401851571412,4535800
2025-04-24,23.17667579650879,23.502191259797048,23.07437048046822,23.49289061525549,4307500
2025-04-25,22.73955726623535,23.362686289869647,22.544247269078838,23.232479033793087,6447200
2025-04-28,22.720685958862305,22.947137763141853,22.66407345771216,22.824477044036712,5937200
2025-04-29,22.966007232666016,23.013184012976687,22.475360798848293,22.65463580345069,5255300
2025-04-30,23.315120697021484,23.40004034485974,22.95657247256576,23.19245998329894,6130300
2025-05-01,22.815038681030273,23.249070805638464,22.796167249609372,23.050926174755272,4385800
2025-05-02,22.513103485107422,22.928264187664443,22.333828481920328,22.881087407726216,5310500
2025-05-05,22.182861328125,22.44705598330015,22.00358631926762,22.41874883463461,5285200
2025-05-06,22.03189468383789,22.230039336395397,21.965846466318723,22.097942901357058,4542400
2025-05-07,21.701650619506836,22.069634554114284,21.57898990786397,22.0413292051007,10011900
2025-05-08,21.909231185913086,22.05076513104247,21.494070465882093,21.65447404397371,8712000
2025-05-09,21.786569595336914,22.07906959077386,21.75826244751574,21.93753745102558,7697700
2025-05-12,21.994150161743164,22.145118018905904,21.67334301535264,21.852618020612947,8948900
2025-05-13,21.54124641418457,22.00358569792632,21.35253569443419,21.93753748591733,7362400
2025-05-14,21.182697296142578,21.522374057548465,21.116647287292672,21.46576156392727,6485900
2025-05-15,21.484634399414062,21.503505831747606,21.182698680792754,21.34310225627018,5394600
2025-05-16,21.68277931213379,21.692215028419035,21.39027930600655,21.503506101750666,7923100
2025-05-19,21.71108627319336,21.79600591934719,21.475198767139123,21.616730910835894,6219500
2025-05-20,21.786569595336914,22.05076424263148,21.692214235611797,21.739392815313753,6110100
2025-05-21,21.21100425720215,21.75826320299491,21.135520326736902,21.75826320299491,7625300
2025-05-22,21.050600051879883,21.14495541206571,20.739228623041814,21.126083980092783,9762300
2025-05-23,21.13551902770996,21.192131522159677,20.767535114268686,21.088342248948322,6785000
2025-05-27,21.6072940826416,21.635601229795707,21.211003020877925,21.305358378379516,6351200
2025-05-28,21.428020477294922,21.78657049918966,21.371407978982706,21.597859771910443,5788400
2025-05-29,21.39027976989746,21.626167283107765,21.173263689666918,21.34310298712696,6821600
2025-05-30,21.59786033630371,21.68277998583058,21.26761925445356,21.390279970615197,8306600
2025-06-02,21.475200653076172,21.512941721526243,21.211005975209652,21.399716716497025,5715400
2025-06-03,21.399715423583984,21.494070788526976,21.041165396736403,21.352536841273043,4836600
2025-06-04,21.229875564575195,21.522375568443707,21.211004132150425,21.428020205998713,3970700
2025-06-05,21.0034236907959,21.173262982584145,20.87132726370675,21.13552011788505,4414100
2025-06-06,21.12608528137207,21.201569214234468,20.90906919935254,21.078908498212666,4738200
2025-06-09,21.13551902770996,21.239310100600065,20.824147608718402,20.87132618715879,8563700
2025-06-10,21.173263549804688,21.30535998043263,20.861892106411037,21.20156889940845,8689700
2025-06-11,21.107215881347656,21.277053382407157,20.946812297281234,21.22987659872601,5945300
2025-06-12,21.022296905517578,21.05060225676292,20.578827206097905,20.776973663210292,8867200
2025-06-13,20.352375030517578,21.220441180065652,20.29576252936937,21.078909027355643,10715400
2025-06-16,20.380680084228516,20.465599727054038,19.98438901760234,20.399551515896135,9917900
2025-06-17,20.33350372314453,20.654310897774323,20.258019787918638,20.371246590596964,6165700
2025-06-18,20.286327362060547,20.50334345540614,20.239150576438988,20.333504147682106,5856300
2025-06-20,20.27688980102539,20.427857660900216,20.125921941150562,20.27688980102539,14392800
2025-06-23,20.390117645263672,20.550521229596608,20.069310476597796,20.286326561377965,7884700
2025-06-24,20.24858283996582,20.4184221338178,20.0976149786927,20.314632853991817,9400000
2025-06-25,19.29559898376465,19.993825795445282,19.29559898376465,19.984390079110273,11487300
2025-06-26,19.3427734375,19.682451985958146,19.24841808518622,19.484305566131344,7918000
2025-06-27,19.24842071533203,19.503179661486453,19.11632428384999,19.36164751351585,11428100
2025-06-30,19.314468383789062,19.36164696489504,19.11632374218052,19.220114820934814,9555200
2025-07-01,19.861726760864258,20.1636642723016,19.229548189490266,19.229548189490266,11289400
2025-07-02,19.946645736694336,20.097613587517323,19.78624217023507,19.852292179689023,7516000
2025-07-03,19.80511474609375,20.069309400141805,19.74850224868304,20.031566535415436,6100800
2025-07-07,19.257854461669922,19.80511336426747,19.18237053716263,19.80511336426747,9271500
2025-07-08,19.48430824279785,19.6447118238632,19.088017148382214,19.16350108066715,9907500
2025-07-09,19.229549407958984,19.625840504672514,19.078581542513728,19.550356571949884,12752800
2025-07-10,18.38979148864746,19.012534419328958,17.757612840873332,18.2388236145234,29498900
2025-07-11,18.30487060546875,18.427533119758138,17.776483081511493,18.427533119758138,20159800
2025-07-14,18.285999298095703,18.48414574573939,18.144467149595307,18.380354663655606,12651300
2025-07-15,17.92745018005371,18.446401965394266,17.88970731582882,18.21995017908136,14794600
2025-07-16,17.965192794799805,18.087853502469706,17.738739211952794,17.927449931099037,9607900
2025-07-17,17.89914321899414,18.135030723829125,17.77648250833864,17.97462714855418,10255200
2025-07-18,17.993499755859375,18.144467624837826,17.86140332042297,17.984064039088352,9688300
2025-07-21,17.69156265258789,18.1633376566569,17.616078723924,18.059546579864495,14163400
2025-07-22,18.30487060546875,18.436968836217236,17.663256283681203,17.710434865976698,11940000
2025-07-23,18.521886825561523,18.75777433979255,18.3897903934894,18.44640289299475,12714300
2025-07-24,18.210514068603516,18.465272997567265,18.210514068603516,18.352048006702564,9928100
2025-07-25,18.125595092773438,18.229386171285356,17.984062949143727,18.201080822366723,8409600
2025-07-28,18.116161346435547,18.333177422018334,17.880273838277162,17.993498834373025,10824500
2025-07-29,18.285999298095703,18.323742164191227,17.899143919011127,18.08785465013093,12525100
2025-07-30,17.80554962158203,18.35326454194864,17.67102183159853,18.286001563346243,14814000
2025-07-31,17.546104431152344,17.85359336833438,17.469232196856836,17.64219518221639,20194800
2025-08-01,17.786331176757812,17.863203414443205,17.546105204893628,17.709458939072423,11514700
2025-08-04,17.959293365478516,18.026556341343674,17.719067404372304,17.747893346726723,10954600
2025-08-05,18.064990997314453,18.1706910035029,17.90163727537712,17.959292823904587,9405700
2025-08-06,18.189908981323242,18.372481214032923,18.007336748613564,18.132255267280694,12164600
2025-08-07,18.497398376464844,18.622315065571645,18.103427960263723,18.29560945572803,13497700
2025-08-08,18.497398376464844,18.593489124197,18.34365391320482,18.48778911841377,9649000
2025-08-11,18.516616821289062,18.78566871456912,18.305216810536372,18.574270536594994,9734800
2025-08-12,18.73762321472168,18.910586183794432,18.516615791030254,18.583878760607778,12511600
2025-08-13,18.7568416595459,18.920195370528422,18.545441661345894,18.679969432776385,8181100
2025-08-14,18.689579010009766,18.70879569244711,18.36287158245456,18.641532721970183,6183100
2025-08-15,18.4205265045166,18.756843211756824,18.24756352177714,18.72801543704071,8385300
2025-08-18,18.237953186035156,18.487788387145315,18.237953186035156,18.43974393156888,9453800
2025-08-19,18.516616821289062,18.718405741249107,18.324435326564537,18.353263100606785,8492800
2025-08-20,18.497398376464844,18.891368792665965,18.45896134426055,18.660752097775934,7634200
2025-08-21,18.545442581176758,18.593488870777275,18.266781432607946,18.439744409612715,7468100
2025-08-22,18.891368865966797,19.006678130248513,18.65114291209359,18.660752170181947,12182000
2025-08-25,18.410917282104492,18.891369198303,18.353263565338683,18.891369198303,8461300
2025-08-26,18.055383682250977,18.31482632109442,17.9689021917103,18.29560963757984,55005600
2025-08-27,18.410917282104492,18.4589617406129,17.940074624163387,18.016946857444005,11846000
2025-08-28,18.055383682250977,18.439744844221437,17.80554846877553,18.391698553488514,10725400
2025-08-29,18.38208770751953,18.42052473678573,18.07459880450368,18.08420806182023,8268500
2025-09-02,18.036165237426758,18.478180117249643,17.99772820468811,18.324435651852237,10793000
2025-09-03,18.44935417175293,18.478180113522505,17.88242076842239,17.92085596837469,9418000
2025-09-04,18.199520111083984,18.54544426369869,18.13225713231942,18.46857202614223,9507700
2025-09-05,18.526226043701172,18.622314958100215,18.161081570981985,18.237953802168356,8234400
2025-09-08,18.699188232421875,18.747234525080223,18.3916992905231,18.64153451401052,9343100
2025-09-09,18.66075325012207,18.785669946942775,18.555053237811613,18.66075325012207,7833800
2025-09-10,18.603097915649414,18.67036088754128,18.285999739031688,18.526225685947498,8978000
2025-09-11,18.67997169494629,18.824106908496788,18.516617964181407,18.641534660517525,8060800
2025-09-12,18.4205265045166,18.660752462148388,18.4205265045166,18.612708003733474,5349600
2025-09-15,17.940074920654297,18.583880572311447,17.940074920654297,18.458962045679318,9688600
2025-09-16,18.199520111083984,18.314827551029314,17.920857104455127,18.007338600803482,9307300
2025-09-17,18.151472091674805,18.487788786306606,18.103427635061063,18.18029986531017,8077800
2025-09-18,18.01694679260254,18.151472742164817,17.940074559598578,18.11303754205214,11558200
2025-09-19,17.815156936645508,18.16108105068451,17.728675449941132,18.07459956398013,20476700
2025-09-22,17.603757858276367,17.90163753216012,17.584539341824872,17.776720840782612,9705800
2025-09-23,17.488449096679688,17.757500975448675,17.411576869491626,17.680628748260613,10960200
2025-09-24,17.80554962158203,17.911247802480634,17.46923289579134,17.50766809808755,10592600
2025-09-25,17.373140335083008,17.91124594074909,17.363531077313084,17.843982969138143,11014700
2025-09-26,17.46923065185547,17.642193621917954,17.411576939427466,17.459621394321058,11979200
2025-09-29,17.334705352783203,17.498057238571814,17.190568317216833,17.488449813460694,12165400
2025-09-30,17.594146728515625,17.661409696162316,17.200176347060655,17.296267086318103,22230700
2025-10-01,18.545442581176758,18.60309812869738,17.709457302691774,18.10342771352328,23515900
2025-10-02,18.43013572692871,18.487789443470255,18.103428278562284,18.343654235727094,11204100
2025-10-03,18.362871170043945,18.574269334334865,18.24756191411716,18.430134139010217,7714600
2025-10-06,17.988117218017578,18.40130611636157,17.930463507228172,18.362870920094775,11397300
2025-10-07,18.170690536499023,18.334044254238012,17.920855330970067,18.036164592282866,13204400
2025-10-08,17.9785099029541,18.22834512040217,17.93046544423581,18.141863628486355,8467400
2025-10-09,17.77672004699707,18.06499044978291,17.72867559079227,18.06499044978291,7238400
2025-10-10,17.853593826293945,17.968903097084304,17.594149341599646,17.93046606256129,14977200
2025-10-13,17.47884178161621,17.815158500230954,17.229006557296078,17.79593998310356,12938700
2025-10-14,17.77672004699707,17.7959385625904,17.363531125633116,17.440403355227907,16330600
2025-10-15,17.622976303100586,17.9496837503337,17.55571332857234,17.776720768530453,13431800
2025-10-16,17.555713653564453,17.95929334098359,17.4596229026973,17.767111839249285,14701800
2025-10-17,17.834373474121094,17.90163644483725,17.594147531404243,17.632584561972614,8974000
2025-10-20,17.77672004699707,17.90163673279666,17.74789227360708,17.8439830187952,7300000
2025-10-21,17.892030715942383,17.940075175928445,17.70945846899375,17.892030715942383,7466300
2025-10-22,18.045774459838867,18.247563382980974,17.78632998770308,17.920855936464484,9936300
2025-10-23,17.747892379760742,18.12264610495804,17.71906643897686,18.12264610495804,8562600
2025-10-24,17.574932098388672,17.882421033682615,17.54610432341288,17.786330283208603,7146800
2025-10-27,17.77672004699707,17.786329304793735,17.55571261600936,17.584538556620828,8998600
2025-10-28,17.373140335083008,17.690238510376407,17.34431256177324,17.67101999483656,14629200
2025-10-29,16.70050811767578,17.334706345253593,16.671682175134958,17.2962693114943,20897500
2025-10-30,17.082962036132812,17.14180064660313,16.612249411478864,16.64166778149117,15512700
2025-10-31,16.857412338256836,16.984896305015774,16.759346741279206,16.926057695007472,12966400
2025-11-03,16.95547866821289,17.102576134815457,16.68089535889454,16.83779957266338,12535200
2025-11-04,16.778961181640625,17.033930999992744,16.720120697866125,16.994704010809745,9363500
2025-11-05,16.759347915649414,16.88683189134148,16.67108905922959,16.7495411682199,10988400
2025-11-06,16.376893997192383,16.83779990030115,16.278828394067208,16.671088936122096,10641600
2025-11-07,16.808380126953125,16.95547947096584,16.367087706252548,16.41611957395955,10833100
2025-11-10,16.65147590637207,16.95547947159347,16.582830543401386,16.935865976331602,9212500
2025-11-11,16.96528434753418,17.033931580945687,16.7397347633768,16.788768501527876,9691400
2025-11-12,17.0045108795166,17.161415096477302,16.916252023670484,17.03393112161391,8059400
2025-11-13,17.092769622802734,17.318319199392715,16.98489727293544,17.03393100944139,9838700
2025-11-14,17.112382888793945,17.318318968030365,16.91625168628193,17.16141475419906,8036600
2025-11-17,16.788766860961914,17.141800388922622,16.769153367618078,17.082961779336785,10891100
2025-11-18,17.04373550415039,17.09276923955693,16.729927079331556,16.798572438454958,9522000
2025-11-19,17.0633487701416,17.239866474353235,16.906444559830312,17.014316905836473,10219200
2025-11-20,17.04373550415039,17.171221345761637,16.93586502714751,17.014317133352222,8232400
2025-11-21,17.426191329956055,17.68116114524088,17.19083500902678,17.259480368825432,14288300
2025-11-24,17.181028366088867,17.455609806949397,17.171221618851593,17.386964446734265,12973300
2025-11-25,17.396770477294922,17.504642822015242,17.230059522020653,17.249673015687204,8208800
2025-11-26,17.475223541259766,17.63212775831798,17.357546313689006,17.357546313689006,8629500
2025-11-28,17.5046443939209,17.632128373310042,17.48503089849307,17.494837646206985,3764800
2025-12-01,17.328125,17.53406107073662,17.200641032941,17.455608967059,8595500
2025-12-02,16.886831283569336,17.328125549785874,16.818185924479153,17.328125549785874,10588600
2025-12-03,16.827993392944336,17.25948093058148,16.827993392944336,16.97509086450709,7099000
2025-12-04,16.62205696105957,16.955478887236804,16.59263671918071,16.886831656186132,8758100
2025-12-05,16.720121383666992,16.80838024250302,16.53379878874282,16.592637404484883,8210900
2025-12-08,16.778961181640625,17.014317505401245,16.563216482025712,16.651475337241667,12353600
2025-12-09,16.788766860961914,16.93586432014935,16.622055908430642,16.79857173718816,10499600
2025-12-10,17.102575302124023,17.141800418433554,16.769153396487468,16.847605499552206,14148700
2025-12-11,17.259479522705078,17.35754511922953,17.09276856974721,17.102575316444224,7955000
2025-12-12,17.406578063964844,17.52425716119625,17.337932703265604,17.34773945057204,7071100
2025-12-15,17.59290313720703,17.700773620458975,17.4752240358598,17.4752240358598,8856600
2025-12-16,17.396770477294922,17.65174028362296,17.367350236795097,17.60270841990229,7997500
2025-12-17,17.573287963867188,17.681160307264463,17.445803997489605,17.485029113895905,8249500
2025-12-18,17.455610275268555,17.622321241883352,17.43599865071363,17.494837265270075,12186400
2025-12-19,17.01431655883789,17.70077199733844,16.720119767669924,17.465415686671477,22998100
2025-12-22,16.926057815551758,17.102575517279483,16.73973336701186,16.857412458312243,11410700
2025-12-23,16.65147590637207,16.916252481069733,16.622057533925126,16.88683223817693,9443100
2025-12-24,16.749540328979492,16.749540328979492,16.553409131108026,16.622056359675046,3755600
2025-12-26,16.906444549560547,16.935864790393193,16.690701728125006,16.729926845456138,6941400
2025-12-29,17.122188568115234,17.230060921597897,16.955479469745093,16.9652843469291,12228500
2025-12-30,17.092769622802734,17.288898957489145,17.073156128200356,17.161414983465267,7742300
2025-12-31,16.97509002685547,17.15160773219868,16.96528327984243,17.063348879527073,5146600
