Date,Close,High,Low,Open,Volume
2020-03-19,11.097216606140137,11.097216606140137,11.097216606140137,11.097216606140137,100
2020-03-20,11.790793418884277,12.021985446705537,11.097217335420495,12.021985446705537,2300
2020-03-23,10.671825408935547,11.790795009853671,10.634834714769978,11.790795009853671,18700
2020-03-24,10.81978702545166,11.929508613357129,10.634833574455351,11.929508613357129,96100
2020-03-25,12.438131332397461,12.438131332397461,10.912264251005544,10.912264251005544,19200
2020-03-26,14.287667274475098,14.287667274475098,12.946753677155254,12.946753677155254,76400
2020-03-27,13.455375671386719,14.796289204125038,13.455375671386719,13.871521128867224,486500
2020-03-30,14.703811645507812,15.258672828402556,14.102712765644787,14.102712765644787,210000
2020-03-31,15.952249526977539,15.952249526977539,13.464623756905695,15.156948406416316,461500
2020-04-01,13.917760848999023,14.796290416067505,13.464624666669588,14.796290416067505,2998900
2020-04-02,12.28091812133789,14.703810042983047,11.208187441120831,14.481865946785195,15966300
2020-04-03,15.647076606750488,15.721057985539996,12.373397508568086,12.715561605951468,66934300
2020-04-06,14.278421401977539,15.859775145865013,13.732808874913724,15.776545862198136,37138000
2020-04-07,14.102712631225586,14.611335230376604,13.455375178636801,14.056474052770486,23486000
2020-04-08,13.187192916870117,14.102713096382498,12.69706520377849,13.409137042462048,49372700
2020-04-09,13.668072700500488,14.333906000360177,12.854276641100338,12.946753806776933,34992600
2020-04-13,12.937504768371582,13.40913668409548,12.928256876237183,13.40913668409548,21497400
2020-04-14,12.826533317565918,13.13170671707091,12.743304048259542,12.946753275238729,22350000
2020-04-15,12.354902267456055,12.627708944489328,11.966499570728265,12.51211292479481,14990700
2020-04-16,11.92026138305664,12.253177588728146,11.337657361685801,12.160700423966704,21745200
2020-04-17,12.706313133239746,12.78954240106149,11.957251486699173,12.299415568467127,21336500
2020-04-20,13.362898826599121,13.631081539478803,12.461250461090618,12.484369310746894,20032200
2020-04-21,13.584844589233398,14.102715173828734,13.113213473357284,13.150204166404972,16235900
2020-04-22,13.677319526672363,14.019483601904026,13.15020201644082,13.825282274672267,12539500
2020-04-23,14.537351608276367,14.722305011551661,13.510858676725551,13.594087928681281,12226000
2020-04-24,15.027483940124512,15.415886672515795,14.13970639207697,14.42638493529062,17390000
2020-04-27,15.536101341247559,15.545349232699907,14.77316881690568,14.953498290589124,12186100
2020-04-28,15.721056938171387,16.4146329795613,15.360397961082258,15.610083995452763,12983800
2020-04-29,16.31290626525879,16.719804661919607,15.878265958639107,16.14644775008596,12523200
2020-04-30,16.377639770507812,16.497860593400983,15.707184408726711,15.9245036805099,19094100
2020-05-01,15.508358001708984,16.044723309536582,15.369643170415683,16.026227528336204,10727200
2020-05-04,15.166197776794434,15.277170734326619,14.509612334688576,14.935005732136423,9700300
2020-05-05,14.768546104431152,15.499112833550935,14.64832615129403,15.42513145960925,16298000
2020-05-06,15.064476013183594,15.138457404466244,14.269174734003466,14.796292367374294,10647200
2020-05-07,15.175442695617676,15.758047521715122,14.685315903955006,14.990488390603094,12454100
2020-05-08,16.978740692138672,17.015730494166576,15.660945261168857,15.758047239683856,17693300
2020-05-11,16.969493865966797,17.339400728742287,16.664320483695136,17.043475238521896,9574600
2020-05-12,16.460872650146484,17.015733902547495,16.359149351302595,17.00648600922436,7743200
2020-05-13,15.203190803527832,16.125184525852692,14.888769451635913,15.915261028595543,10676300
2020-05-14,15.304911613464355,15.457499199246941,14.537355029705964,14.814785640877098,7797200
2020-05-15,15.452877044677734,15.688693942807179,14.796292415395214,15.073722192641672,7353800
2020-05-18,16.229677200317383,16.386887826085033,15.989239079830321,15.998485207356424,6135000
2020-05-19,16.433128356933594,16.571843209004523,15.859771400824027,16.12795497683553,8338100
2020-05-20,17.320907592773438,17.616833128236863,16.682818818376173,16.793790012247296,11910000
2020-05-21,17.986743927001953,18.051477425016543,17.108213346889727,17.145204925101226,9711500
2020-05-22,17.6168270111084,18.365890246988606,17.524351636277995,18.00522958250212,5937100
2020-05-26,18.042226791381836,19.050224214494047,17.88501613556098,18.13470395901562,7305400
2020-05-27,18.486112594604492,18.615579553576456,17.96824299486161,18.097709953833572,8969700
2020-05-28,18.125455856323242,18.920755255526924,18.037601754351932,18.569344139207423,8509200
2020-05-29,18.930004119873047,19.401636106082787,17.45962256400014,17.533603948276845,32990600
2020-06-01,20.178434371948242,20.298655181202818,19.003978769393527,19.003978769393527,7695700
2020-06-02,19.753047943115234,20.1867640717638,19.332278511923185,20.058221357344024,8295600
2020-06-03,20.5483455657959,20.881262630332234,19.771540257781176,19.854769523915262,9636300
2020-06-04,20.973739624023438,21.380638059278297,20.3726407452171,20.3726407452171,6651900
2020-06-05,21.78753662109375,22.564341990410043,21.621078075689514,21.769042599047346,7843600
2020-06-08,22.53660011291504,22.545846242026013,21.55634462476004,21.85227014425769,8570400
2020-06-09,21.4638671875,22.15744327649668,21.4638671875,21.953994925378858,6850000
2020-06-10,20.529850006103516,21.408378534976734,20.38188726937003,20.631573285198442,10262100
2020-06-11,19.47561264038086,20.15994071548715,18.495359101861567,18.643321833568066,6834800
2020-06-12,19.919506072998047,20.63157618206362,19.43862622916673,20.34489855987215,5212800
2020-06-15,20.317150115966797,20.844269300292304,19.077960989593095,19.161190241652132,7735600
2020-06-16,20.409629821777344,21.251168574852663,20.2755380361921,21.23267279121573,7287800
2020-06-17,19.66057014465332,20.659319628550193,19.49411160336131,20.502108979980537,5737700
2020-06-18,19.651325225830078,20.243176338786043,19.420133164349725,19.420133164349725,3618900
2020-06-19,19.836273193359375,20.206180019848397,19.420126911149925,20.122950763406507,14451100
2020-06-22,21.029226303100586,21.10783250850909,19.70680764286655,19.901009860339496,5995500
2020-06-23,20.70555305480957,21.491606135421385,20.64081958296886,21.380634973367258,5961200
2020-06-24,20.178434371948242,20.955239513491932,19.836271252372274,20.437370007081043,6825600
2020-06-25,19.9742431640625,20.299103413982657,19.524079599015458,20.067060631231964,6141000
2020-06-26,19.463747024536133,20.17843918521469,19.11197045224362,19.974242183740465,21346900
2020-06-29,20.531147003173828,20.85600549550812,19.491594516666062,19.565848139249045,8086000
2020-06-30,20.623960494995117,20.800313493623573,19.872142425562384,20.243410498717697,7082500
2020-07-01,20.98594856262207,21.357216638382383,20.29910217987903,20.716778101229696,9181500
2020-07-02,21.264402389526367,21.552134970418624,20.948824034865403,21.338656015896824,5667400
2020-07-06,22.471019744873047,22.545275126667295,21.46859510514536,21.46859510514536,7145200
2020-07-07,22.28538703918457,22.443176187905372,22.019930771369506,22.053344277556675,4671900
2020-07-08,22.26681900024414,22.35963644148574,21.774887800905468,22.164719637843838,4692100
2020-07-09,22.19257354736328,22.48030612751695,22.05334821956932,22.27610909810888,5470300
2020-07-10,23.10218048095703,24.188140850105036,22.016220111809027,22.127601434180182,12262400
2020-07-13,22.535993576049805,23.39919115951185,21.58925868668989,23.334219469714835,8562400
2020-07-14,23.343502044677734,23.35278396781456,22.489584589893834,22.554556281505793,7218300
2020-07-15,24.550128936767578,24.66150848932219,23.70549328678647,23.74261921418932,5798700
2020-07-16,24.698633193969727,25.051337428111665,24.058194648180937,24.243829573737237,4863400
2020-07-17,24.57796859741211,24.967800503171706,24.438743296143485,24.958518580374363,3187100
2020-07-20,24.512996673583984,24.633659898448915,24.192778306696106,24.336643682813712,2442800
2020-07-21,24.6615047454834,24.874983664093442,24.280954753058264,24.40161798207841,4952700
2020-07-22,24.689346313476562,25.11630407804634,24.429457823947892,24.448021666845406,3503900
2020-07-23,25.385478973388672,25.645365738481043,24.615097060508347,24.745040443054535,6245400
2020-07-24,24.670785903930664,25.301942487518048,24.63365998331445,25.292660564777556,8293000
2020-07-27,24.364492416381836,24.856423757732372,24.20670325182381,24.59653520129976,5734900
2020-07-28,24.19742202758789,24.503718441721432,23.993225008280863,24.19742202758789,9895100
2020-07-29,25.22768783569336,25.728899250592512,24.23454515790714,24.23454515790714,12657500
2020-07-30,24.967803955078125,25.52470700749262,23.761182150135056,23.99322494111226,6742900
2020-07-31,25.28337860107422,25.390118056898306,24.717193707241826,24.92139246651029,9261300
2020-08-03,25.636091232299805,25.886696129501566,25.06990619162023,25.28338515863685,4115900
2020-08-04,25.775312423706055,25.868129889762358,25.209127474073934,25.43188833040151,4382200
2020-08-05,26.09088897705078,26.15121882110281,25.673211293290155,25.673211293290155,4177300
2020-08-06,26.239397048950195,26.49000366727141,25.93310066111733,26.00735427724815,3648700
2020-08-07,26.889114379882812,26.944805916907754,26.397184861916188,26.657071619982855,3477900
2020-08-10,27.34391975402832,27.446019141530765,26.83342635720785,26.935525744710294,3516900
2020-08-11,27.371767044067383,28.142149028964035,27.325359194632853,27.993641786358367,5113800
2020-08-12,27.650218963623047,28.02148706358349,27.492429799846615,27.724472583615135,3523800
2020-08-13,27.41817855834961,28.10502504544605,27.26038938088515,27.752318992127332,3643800
2020-08-14,27.39961051940918,27.889684733001012,27.176849674171606,27.575961748756118,5008300
2020-08-17,27.69662857055664,28.0168469951617,27.049692780968005,27.38105022296931,4588200
2020-08-18,27.34391975402832,27.891540844611814,27.260385983753267,27.585244452450357,3412900
2020-08-19,27.14900016784668,27.55739587974353,27.02833872383053,27.418170591926252,3864000
2020-08-20,26.92624282836914,27.29751090057957,26.684918138845905,26.935524751467625,3166800
2020-08-21,27.39961051940918,27.67806113336969,26.99585482771686,27.065468366379903,3112600
2020-08-24,28.197837829589844,28.253529371405214,27.603808879659887,27.62237272693168,3117300
2020-08-25,28.281373977661133,28.592312229912185,28.225684204998984,28.30921974916518,3233600
2020-08-26,28.801143646240234,28.99605868535201,28.22567690964955,28.31849435366037,3316600
2020-08-27,28.10502052307129,28.996063896895688,27.993639216170333,28.838274744821057,4144700
2020-08-28,28.12358283996582,28.286013840157416,27.803364456693092,28.197836455087575,3689900
2020-08-31,27.705909729003906,28.272092937855728,27.687345880754073,28.021488067867022,3572700
2020-09-01,28.12358283996582,28.179274379066506,27.074750305077796,27.529553918991777,2778500
2020-09-02,28.569107055664062,28.72689621325885,27.69662572717842,28.0493299657366,3445400
2020-09-03,27.22325897216797,28.485572266208674,26.879834877637744,28.30921925710689,5049400
2020-09-04,27.84513282775879,27.933308444388846,26.759172576662362,27.31607558728671,4277400
2020-09-08,27.446020126342773,28.077176780194225,27.10259779844156,27.24182311435681,4733300
2020-09-09,27.965795516967773,28.16535245260882,27.42745632951299,27.78016235218616,4782000
2020-09-10,27.046905517578125,27.85441516039982,26.527130192853228,27.752315772020577,9090300
2020-09-11,27.13972282409668,27.515632757925918,26.92624389540911,27.074751130178367,4547300
2020-09-14,27.05618667602539,27.325357139469865,26.75917221315276,27.288229446437867,4299400
2020-09-15,27.557401657104492,27.882261910348245,27.196343140101554,27.36248479701986,4052100
2020-09-16,28.077177047729492,28.34170568159282,27.404252615656866,27.99364150331518,4884300
2020-09-17,28.457721710205078,28.490207552426554,27.2603820832028,27.631650115980808,4735100
2020-09-18,28.57839012145996,28.958940145515772,28.309219642308026,28.309219642308026,8061000
2020-09-21,27.390331268310547,28.55982714765803,27.121160780923255,28.11430541371975,4516900
2020-09-22,28.086458206176758,28.15142990109595,27.37176602137384,27.39032986859244,4719700
2020-09-23,27.019054412841797,28.234957748773176,27.009772491761964,28.216393906613508,3348800
2020-09-24,27.733755111694336,27.8172906626312,26.722050116557163,27.028346546543634,4269300
2020-09-25,28.299936294555664,28.309218217888276,27.241821819479693,27.288229665796905,2845700
2020-09-28,28.531980514526367,29.293080562959812,28.24424795799942,28.541262438329937,7027600
2020-09-29,28.30921745300293,28.485570450866003,27.919385535295287,28.318499376084755,6851300
2020-09-30,28.346343994140625,28.99606265037006,28.169991003439524,28.411315682728993,5066600
2020-10-01,28.559823989868164,28.828992677148136,28.355625223298045,28.51341437458141,3730300
2020-10-02,28.986780166625977,29.25595060882027,28.086454925827994,28.16070853568406,2483100
2020-10-05,29.775728225708008,30.137714359484423,29.367330708059555,29.367330708059555,5088600
2020-10-06,29.246671676635742,30.063461468565524,29.19098190613609,30.01705362154013,2439400
2020-10-07,29.812849044799805,29.970639942813243,29.5993701574684,29.6364978441411,2209700
2020-10-08,29.65506362915039,30.134926441360847,29.358047427358198,29.989205749700574,2276400
2020-10-09,29.914955139160156,30.21196961794309,29.432305725964923,29.617940660377226,2700800
2020-10-12,30.629648208618164,30.77815545224439,29.88711199048703,30.24909817553271,3302600
2020-10-13,30.156282424926758,31.065889733182587,29.738604696469494,30.908098795457857,3534500
2020-10-14,30.174840927124023,30.676054171289163,30.100589080224612,30.33263185540939,3443600
2020-10-15,30.258378982543945,30.314070527865763,29.71075784596828,29.785013239730702,2691600
2020-10-16,30.406885147094727,30.880254413751242,30.091306816221024,30.555392388641646,3723000
2020-10-19,29.998489379882812,30.62964600506061,29.766446607117203,30.444011078709778,5529300
2020-10-20,30.843124389648438,31.372181619010707,30.026332852459177,30.119152084350947,3944800
2020-10-21,30.954498291015625,31.038033814162194,30.536824215973795,30.685331419268692,2909800
2020-10-22,31.45571517944336,31.67847778128471,30.768870610091113,30.768870610091113,3987700
2020-10-23,32.42101287841797,32.44885687502328,31.427870204993514,31.46499789426148,5072400
2020-10-26,31.288646697998047,31.975494864782426,30.880252691691382,31.975494864782426,5196800
2020-10-27,31.186546325683594,31.502124628985857,30.731744487233982,31.400028786154447,4032300
2020-10-28,30.908103942871094,31.3350618960918,30.40689058525067,30.564681549253795,6485900
2020-10-29,31.698942184448242,32.35952980203865,30.63827957609894,31.438429557616725,11949600
2020-10-30,31.066268920898438,32.45257600930737,30.70341099519387,31.605906332923805,6741100
2020-11-02,32.65725326538086,32.685167862340386,31.51285416813503,31.633807957045857,6313000
2020-11-03,34.37851333618164,34.434335442424256,32.964295340802266,32.98290389262259,6733100
2020-11-04,34.220340728759766,34.79719515902001,33.029421864874664,33.150375671118674,9039400
2020-11-05,35.54152297973633,35.634562194263296,34.77859006311591,34.89954033215726,5778100
2020-11-06,36.23933029174805,36.31376095877437,35.49035284957093,35.848557754898835,3443000
2020-11-09,36.099769592285156,38.42578571999965,35.98812181193617,37.90476037889173,7186400
2020-11-10,35.17866134643555,36.611484264100476,34.96466833632467,36.31375455010116,5588400
2020-11-11,35.41127395629883,36.03464463035746,35.2531029999492,35.81134904979468,4633000
2020-11-12,35.31822204589844,36.22537031150078,35.155401654395966,35.3554391494471,8192500
2020-11-13,35.62526321411133,35.922992989090915,35.48570082930639,35.569437550345576,5498900
2020-11-16,37.68144989013672,37.690752390182126,35.80202900057437,36.50913967743278,6135600
2020-11-17,37.55120849609375,38.59326282638581,37.0860052264181,38.56535176595545,6882700
2020-11-18,36.648704528808594,37.76519282727936,36.63009597642526,37.47676558916538,5997200
2020-11-19,36.40679931640625,36.54635813112246,35.82994485808052,36.28584550427752,8524800
2020-11-20,35.85785675048828,36.378881964802375,35.55082099272341,36.22071461023362,4338700
2020-11-23,36.07185363769531,36.416102984083395,35.72760429130723,36.2858466664889,6231700
2020-11-24,36.630096435546875,36.811525387035324,35.75551575787899,36.23002142733682,7022300
2020-11-25,35.92300033569336,36.50915750284251,35.8392635975292,36.34168402651419,4280300
2020-11-27,35.17866134643555,36.13697864154473,34.85301703166131,35.997416285324604,5923500
2020-11-30,35.42056655883789,35.80203298911864,34.806498560112324,35.122836835166,21169200
2020-12-01,34.9832763671875,36.23002098347572,34.93675676082524,35.950899796083704,6595200
2020-12-02,34.266868591308594,34.68554862186192,34.0156584434454,34.60181190590752,5578000
2020-12-03,34.13661193847656,35.141452624753384,34.05287521462016,34.601815171185685,5411900
2020-12-04,35.07630920410156,35.327519266438685,34.476196868943575,34.67623431399624,5534700
2020-12-07,34.27617645263672,35.07632663036995,34.15522261085352,34.93676423221863,3825100
2020-12-08,34.70414733886719,34.95535741552805,34.06216839799009,34.090079445657636,4022800
2020-12-09,35.206573486328125,35.34613584686252,34.7878899539432,34.80649850529567,4134800
2020-12-10,34.92745590209961,35.79273410816728,34.67345252180543,35.04840617448685,4095700
2020-12-11,34.57389831542969,34.787891340686066,34.20173437198131,34.57389831542969,3102600
2020-12-14,34.071475982666016,34.936754081679815,33.97843677707626,34.89023447888494,6301200
2020-12-15,35.04839324951172,35.271692257112456,33.97842845055508,34.51806209932945,4832100
2020-12-16,35.355445861816406,35.374054417123645,34.74137773355362,35.10423568899722,3990600
2020-12-17,36.00672149658203,36.160239375004494,35.58803798689262,35.73690284042463,4095200
2020-12-18,36.090457916259766,36.15558606734453,34.99257829909087,36.05324081586332,9683100
2020-12-21,35.839256286621094,36.02533828338447,35.2912462435866,35.35544451472387,2835900
2020-12-22,35.493927001953125,35.9512523862443,35.33526534555845,35.7365906133109,3303800
2020-12-23,35.61526107788086,35.83925799800412,35.27926747785109,35.57792766447527,2367600
2020-12-24,35.36326217651367,35.68992416915664,35.32592876701563,35.38192888126269,1395100
2020-12-28,35.24192810058594,36.80056402355962,35.23259652896882,35.568590072139656,3209700
2020-12-29,34.69126510620117,35.63391384421145,34.23394343197781,35.465917109918706,3748700
2020-12-30,35.213924407958984,35.279256080156884,34.7659342727552,34.821934374771594,3051000
2020-12-31,35.2046012878418,35.28859968087373,34.45794732297574,35.111267762078555,2096800
2021-01-04,34.56061553955078,35.820591548716905,34.513950552613586,35.79258970830636,4584200
2021-01-05,35.40993118286133,35.633928104998745,34.34595381340678,34.53261732180291,3701500
2021-01-06,37.37921905517578,37.57521410959331,35.76458651868459,35.76458651868459,6211500
2021-01-07,38.34986877441406,38.443198741460655,37.33255646824206,37.71521502962914,7771900
2021-01-08,37.976539611816406,38.592526615870675,37.33255433131279,38.45253167331414,6964100
2021-01-11,38.797847747802734,39.05264126082341,37.19254714696623,37.2205489771892,3761400
2021-01-12,38.95652770996094,39.143187660674926,38.31253877494251,38.78853090607007,4436100
2021-01-13,38.62052917480469,39.09651768489323,38.107207255212366,38.657859023998576,3948600
2021-01-14,38.07920455932617,38.816523359006325,38.013872874322594,38.63919500832659,3748900
2021-01-15,37.68721008300781,37.89253668624078,36.93215746764427,37.89253668624078,4501100
2021-01-19,37.677879333496094,38.2472013547566,37.51921768707782,37.98587461462777,3383000
2021-01-20,37.36988067626953,37.715205741672285,37.04321875143198,37.715205741672285,4654700
2021-01-21,37.08988952636719,37.705876451229315,36.595230824060636,37.705876451229315,4647200
2021-01-22,36.87521743774414,37.43520771370583,36.49255901797591,36.58589251079054,2585000
2021-01-25,36.29656982421875,36.452433043804135,34.71927092681882,36.37123663040324,9176800
2021-01-26,34.83127212524414,36.44590463663021,34.81260542125988,36.29657456506588,4945100
2021-01-27,33.81395721435547,34.32727907206658,31.92866298540657,34.15928230986157,8138300
2021-01-28,35.652587890625,35.88591634074648,33.992223266174996,34.35528227759907,8108500
2021-01-29,35.93257522583008,36.21256860643708,35.25125669423973,35.36325333442073,16346400
2021-02-01,36.081912994384766,36.81923178414286,35.97924790210076,36.585903323610026,4731700
2021-02-02,35.91392135620117,36.772572065170706,35.867256369480174,36.51124173097462,2902000
2021-02-03,35.60592269897461,36.08191116782958,35.42485959490717,35.745917632021566,2987900
2021-02-04,35.7739143371582,35.960574221121796,35.335255777163795,35.81124417776548,3439000
2021-02-05,36.53923416137695,37.32321784144687,35.46592194165063,35.46592194165063,4409600
2021-02-08,37.05255889892578,37.44454898943516,36.71656535831223,36.8938937001651,4544800
2021-02-09,34.76594161987305,35.72725376563347,34.48594817123806,34.62594311540062,12941200
2021-02-10,34.70994186401367,35.4192624055353,34.345950021003055,35.148600526262314,7926400
2021-02-11,34.719268798828125,34.975927918660446,34.1872802984524,34.81259874052914,11064800
2021-02-12,34.7939338684082,34.90593407670546,34.30861031338119,34.53260716966644,5472800
2021-02-16,34.91527557373047,35.0226082471196,34.32262276764601,34.96194056029999,4174600
2021-02-17,34.75661087036133,34.87700631157214,34.25262051470366,34.74727573767695,3844400
2021-02-18,34.2059440612793,34.74726408521344,33.93714787094512,34.61660075392963,3961800
2021-02-19,35.12993240356445,35.241929067591265,34.49527870689627,34.53261211500846,3225600
2021-02-22,34.81259536743164,35.3445838162614,34.784597099695986,34.915260429540666,3017600
2021-02-23,34.62593078613281,34.70992914684497,33.43129059850089,34.37393926430494,4340100
2021-02-24,34.95260238647461,35.00859893565924,34.2479494733214,34.401947104198314,5952400
2021-02-25,33.729957580566406,34.784603090727614,33.543294122792226,34.597939632953434,4449900
2021-02-26,34.093955993652344,34.53261467065993,33.617967466079655,33.96329261589945,5375200
2021-03-01,34.719268798828125,35.05992629031499,34.27127867010694,34.30860851060191,4156800
2021-03-02,34.66328048706055,34.92460726095132,34.233956912722775,34.90594411451079,4431900
2021-03-03,34.644615173339844,35.07207316228334,34.18729330064247,34.39261996253683,7100100
2021-03-04,33.151309967041016,34.728609167375275,32.72198642995263,34.485949121289224,6859200
2021-03-05,34.47660446166992,34.56993796153528,32.4326488787898,33.71128756431888,7047300
2021-03-08,34.58861541748047,35.269934156975886,33.87929483916326,34.336620229944884,4659800
2021-03-09,34.644615173339844,35.195270583544115,34.62594846583846,34.8592769691401,3643400
2021-03-10,36.19390869140625,36.492568828082916,34.980601441118594,35.10193323424026,6976500
2021-03-11,36.61391067504883,36.931237602441556,36.03525694638349,36.65124409246224,5156100
2021-03-12,36.94989013671875,36.97788840888301,36.324568096012506,36.399234902196234,2546200
2021-03-15,36.959232330322266,37.08989927870066,36.492575338473195,36.60457557994039,3634300
2021-03-16,35.99790954589844,37.00589006265557,35.75524954759168,36.977888230317255,5740800
2021-03-17,36.72589874267578,36.735233874992296,35.86725170566628,36.221911967187935,4066000
2021-03-18,38.2658576965332,38.82584443382235,36.77255735688959,36.77255735688959,10045200
2021-03-19,38.181861877441406,38.55518876741548,37.87480302045564,38.48052196529703,11066100
2021-03-22,38.648521423339844,38.909848128484484,37.192550722585416,37.91120272204251,10396900
2021-03-23,37.60321807861328,38.72319547642774,37.38388874133716,38.19120327521012,11248200
2021-03-24,37.463218688964844,38.48053096371132,37.453887116672455,37.799212256449536,8587400
2021-03-25,37.65920639038086,37.77587060294128,36.94055797408077,37.50987634071589,8091900
2021-03-26,38.34986877441406,38.396533757937355,37.17389481220085,38.097873591016224,5120300
2021-03-29,39.51651382446289,40.11383419851925,39.15438754662141,39.39518201088573,7698800
2021-03-30,39.53517532348633,40.057828801784865,39.0031867128983,39.26451345204756,3982200
2021-03-31,39.404510498046875,40.58048434108007,39.227178594196154,40.1324941361003,7297800
2021-04-01,39.217838287353516,39.57249845574986,39.068508252288034,39.41383329081904,4759900
2021-04-05,39.740501403808594,40.057824662667116,39.50717296501773,39.5631695117295,5731800
2021-04-06,39.95516586303711,40.412487640458494,39.47917382169359,39.79650066248605,6692600
2021-04-07,39.84316635131836,39.983164850751564,39.329844453912834,39.72183811613996,6117300
2021-04-08,39.6938362121582,40.132494853342685,39.24584599917201,39.740504752095916,5212400
2021-04-09,39.899169921875,40.18849851763998,39.441844536351006,39.9924998893811,5578100
2021-04-12,39.75917434692383,40.137168931955365,39.64717766558241,39.945837856033066,5868600
2021-04-13,40.281822204589844,40.477817241980034,39.42317524441787,39.65650368711366,7778500
2021-04-14,40.253822326660156,40.860474117308605,40.188490650133545,40.253822326660156,4651100
2021-04-15,40.68314743041992,40.85114419406646,39.85249874367286,40.319155629288915,7090900
2021-04-16,40.953819274902344,41.32714273833341,40.54315883672471,40.953819274902344,5575700
2021-04-19,40.94447326660156,41.66779284787608,40.75780980430723,41.06580505113929,10654900
2021-04-20,39.684505462646484,40.7578142575688,39.208513403772834,40.67381942868383,6545400
2021-04-21,40.18849182128906,40.24915593402895,39.38584141736094,39.665834833535776,4288100
2021-04-22,40.216487884521484,40.795141387521355,39.992491027706784,40.35648636506933,6473400
2021-04-23,41.50446701049805,41.588465397309086,40.19782622906185,40.468488093265165,6615300
2021-04-26,41.15913009643555,42.148443836464075,41.08446685660246,41.83111705647825,4019400
2021-04-27,41.96178436279297,42.036451169992816,41.065804038250825,41.20580252159587,6740600
2021-04-28,41.52313232421875,42.29778092304604,41.50446562107345,41.94312068390448,6560200
2021-04-29,41.205814361572266,41.887133151647305,40.49649373059665,41.037817557410165,9151900
2021-04-30,40.78466796875,41.03734632986686,40.2325119496178,40.87825228249604,7279100
2021-05-03,40.67237091064453,41.355546538161846,40.410331922011444,41.29003679100358,3928800
2021-05-04,40.36354064941406,40.57878747627458,40.03598833635484,40.39161523595696,9900900
2021-05-05,40.49455261230469,40.97183834479901,40.38225071701418,40.68172481779746,6946100
2021-05-06,41.327476501464844,41.355551090476354,40.39161878760014,40.560073461696895,6237900
2021-05-07,41.96384811401367,42.36158681543852,41.056065246986975,41.2900296090031,5266100
2021-05-10,42.497283935546875,42.721891279944224,42.01063766436314,42.01063766436314,5929800
2021-05-11,41.645652770996094,42.22588333808961,41.187081091026805,42.22588333808961,8457300
2021-05-12,39.70842742919922,41.58949912161864,39.67099227860071,41.402330508651,7542300
2021-05-13,40.475833892822266,40.8408177197289,39.78329782304118,39.942395442725974,5084200
2021-05-14,40.840816497802734,41.25259603995187,40.663004876428225,40.81274191811536,4398200
2021-05-17,41.33681869506836,41.486559302841634,40.672360813131085,40.72851354104606,6998700
2021-05-18,40.85954284667969,41.62694579633683,40.74724093380664,41.435096843929266,6355800
2021-05-19,40.653648376464844,40.831463585668146,39.9611158280286,40.46647973311215,5250300
2021-05-20,41.074790954589844,41.24324561418597,40.43840747834081,40.76595979200597,4046000
2021-05-21,41.065433502197266,41.85155404842028,41.056072926758475,41.33682949969237,5536500
2021-05-24,41.533363342285156,41.81411992217167,41.112226687448576,41.252606762398635,5125600
2021-05-25,41.85155487060547,42.282048528895515,41.65502205267864,41.78604512130106,7026800
2021-05-26,41.85155487060547,42.141668454664,41.66906291611266,41.90770404428721,6345000
2021-05-27,42.40370559692383,42.56279966201963,41.9638514192844,42.179098220891554,12343700
2021-05-28,42.98392868041992,43.17110086576933,42.49728242651644,42.764001630385295,4197100
2021-06-01,43.84492111206055,44.06952847602773,43.59224273636526,43.6203173181063,6199300
2021-06-02,43.09623336791992,43.92446918173077,42.96521390065357,43.760691277635104,5729600
2021-06-03,42.796756744384766,43.21789327137117,42.24460075789426,42.796756744384766,4230800
2021-06-04,42.946495056152344,43.096232095752725,42.824832595848086,43.00264778475722,4016900
2021-06-07,43.105594635009766,43.39570815433618,42.927779437990054,43.21789652732925,2982400
2021-06-08,43.386356353759766,43.47994068024662,42.85291783875561,43.23661928937287,3174000
2021-06-09,43.227256774902344,43.54544846869737,43.04008813032778,43.33020167142619,4567000
2021-06-10,42.91843032836914,43.6390411124842,42.843560006376876,43.43315129701891,5163900
2021-06-11,43.143028259277344,43.31148289072894,42.73125225462508,43.208537997062635,4065700
2021-06-14,43.2459716796875,43.32084198889893,42.825774028781375,43.14302678952821,3427700
2021-06-15,43.545448303222656,43.61095804257742,42.88099033547399,43.320844502581465,3962900
2021-06-16,43.90107345581055,44.10976927026222,43.49397417411483,43.7326188268339,6778600
2021-06-17,43.17110824584961,43.901075966486204,42.21653315039469,43.891718962124784,6200000
2021-06-18,42.1603889465332,42.91843497369233,42.13231435775415,42.516015874461246,7343600
2021-06-21,43.51737976074219,43.62032467116332,42.394349891623555,42.48793779655801,4158800
2021-06-22,43.15238571166992,43.7045417259273,43.05879782873741,43.61095384299478,4046100
2021-06-23,43.25559616088867,43.76227864031811,42.8708935922836,43.63091731142776,3100600
2021-06-24,43.36820602416992,43.52771522840702,43.11486471803274,43.396353865075596,3007300
2021-06-25,44.15636444091797,44.259574352828444,43.386959334469125,43.47140641099779,8003600
2021-06-28,44.92577362060547,44.98206929051027,43.79512119231159,44.15636844439776,6283700
2021-06-29,45.704559326171875,46.07049549074552,45.066515497925764,45.066515497925764,9447900
2021-06-30,45.601348876953125,45.96728864532509,45.27294552251072,45.46998753517616,4915700
2021-07-01,45.742095947265625,45.87345729113962,45.32924549804332,45.6201160225277,3466300
2021-07-02,45.52628707885742,45.88284185120014,45.45122140917342,45.78900976409514,2702900
2021-07-06,45.197879791259766,45.624807730776915,44.68181584384668,45.61073381265272,4026400
2021-07-07,45.817161560058594,46.02827749397233,45.057137755178424,45.226031934040684,4355900
2021-07-08,45.08528518676758,45.43245496049689,44.59736907214166,44.860095336526776,3482300
2021-07-09,45.291709899902344,45.849999156637566,45.23541065053585,45.55443257162341,3932600
2021-07-12,46.17371368408203,46.230012937943734,45.01960582487883,45.50752195369557,7450400
2021-07-13,46.19247055053711,46.55371775762802,45.99542857175706,46.06110923135041,5600100
2021-07-14,45.97667694091797,46.65225374747581,45.88284841970878,46.351998184412025,3919800
2021-07-15,46.50212097167969,46.610023401548816,45.51690370815094,45.72333072783556,3872700
2021-07-16,46.051734924316406,46.73669303678063,45.97666925643252,46.50211819363556,3331200
2021-07-19,45.27294158935547,45.50751641624332,44.709963436555746,45.32924083636656,3722800
2021-07-20,46.821136474609375,46.97595313873059,45.33580851176204,45.48874960813073,5358600
2021-07-21,47.33720397949219,47.46856531873048,46.85866929589208,46.93373496364427,3963100
2021-07-22,47.674983978271484,47.867333454383775,47.1307687203393,47.38410993565317,6025400
2021-07-23,48.69773864746094,48.754034318790104,47.79696853358588,47.815734950471615,4494200
2021-07-26,48.33180236816406,48.87414219103682,48.09722750918974,48.603910063613064,2856100
2021-07-27,48.7540397644043,49.17627524317509,48.07846657769946,48.322422865806786,4072200
2021-07-28,48.38809585571289,49.07305393276138,48.35056302371159,48.66958493706698,5156200
2021-07-29,50.61186218261719,50.74322708925181,48.96045701467251,49.80023530490192,6166600
2021-07-30,51.84104537963867,52.085001665344244,50.63063821218839,50.87459807722235,6506800
2021-08-02,51.24052810668945,52.57291146640503,51.12042375675969,51.88795337001672,4010800
2021-08-03,53.651954650878906,53.71763531601077,51.5876954599876,51.59708045747947,4994000
2021-08-04,53.52059555053711,54.32753356072412,53.05144587757516,53.10774154756071,4619100
2021-08-05,52.84501266479492,53.98504637926839,52.46031012135638,53.820844728897214,4508600
2021-08-06,52.901309967041016,53.31416032702031,52.40870145466913,53.032671282519544,4686200
2021-08-09,52.769962310791016,53.04112864526814,52.50254711239715,52.63859738198197,2423800
2021-08-10,53.11712646484375,53.95221230875637,52.78871954667194,52.92008446153743,3763200
2021-08-11,53.37984848022461,53.5083964624193,52.619828311285154,53.27663498090495,3039200
2021-08-12,52.526004791259766,53.07960163111493,52.235130662071974,52.863793178876946,3510400
2021-08-13,52.685508728027344,52.77933722914801,52.300806146508,52.48846314874933,2316300
2021-08-16,53.10774612426758,53.32355814223687,52.188213115538225,52.53538648056481,2081400
2021-08-17,51.74721908569336,52.67613359037948,51.01534303851168,52.497857973148946,3597000
2021-08-18,51.76597595214844,52.535384749744885,51.64399960780142,51.74721311403977,2632300
2021-08-19,51.84104537963867,52.526003558755214,50.883979496956705,50.94966017308237,4225200
2021-08-20,51.95363998413086,52.169448429938505,51.33436248506115,52.04747207752225,2621200
2021-08-23,52.43217086791992,52.699586050654574,51.93486975772725,52.41340445061754,3493300
2021-08-24,53.11712646484375,53.18749963154684,52.300807037340476,52.33833629083124,2546500
2021-08-25,54.17741394042969,54.45890307059201,52.948240324215774,52.976388163433455,3900200
2021-08-26,53.83961486816406,54.3979005180525,53.62849537794211,54.09295610883375,3601000
2021-08-27,54.72161865234375,54.81544715706434,54.05542696257469,54.05542696257469,3722600
2021-08-30,54.44950866699219,55.25644665892718,54.44012724864944,54.90927691099975,3709300
2021-08-31,54.046043395996094,54.43074600246478,53.42676594218484,54.42136458347545,4837900
2021-09-01,54.31814956665039,54.39321523378894,53.239107446493804,54.32753456470672,3007500
2021-09-02,54.34629821777344,54.69347156450748,53.92406636143043,54.5621102243716,3333300
2021-09-03,53.867774963378906,54.290010460605856,53.71764718429028,54.12111626171507,3048700
2021-09-07,52.75119400024414,53.473684975801255,52.6301518586624,52.84502250955672,4744800
2021-09-08,53.1640510559082,53.436158777773294,52.34773146964156,52.61983919150666,2650800
2021-09-09,53.22971725463867,53.85368712936504,52.92946177403741,53.30478291445282,2202000
2021-09-10,52.9482307434082,53.698869481124945,52.92008290928378,53.63318881528272,2345300
2021-09-13,52.30080795288086,53.55812923969389,51.775359022204604,53.42676432252882,4235500
2021-09-14,51.587703704833984,52.57760991809446,51.221767489378145,52.54476958027992,6193900
2021-09-15,52.31957244873047,52.45093737005958,51.44695730839131,51.662765738725525,3148900
2021-09-16,51.67215347290039,52.41341094116033,51.315598658658004,52.235131744374854,6828000
2021-09-17,51.606468200683594,51.68153387250759,51.20299916295017,51.390659763181944,15945100
2021-09-20,50.49927520751953,51.23114762001659,49.786169213205504,50.621255136045136,6439800
2021-09-21,48.50069046020508,50.81829092111417,48.48192404432522,50.771376671078436,8805600
2021-09-22,49.34516143798828,49.84245893276788,48.876011777455716,48.95107386189044,7154300
2021-09-23,50.18964385986328,50.83237675258884,49.711109091084595,49.711109091084595,4273700
2021-09-24,49.84246826171875,50.161490233764944,49.55159770851652,49.62665980700052,2135700
2021-09-27,49.13874435424805,49.8612354067286,49.04960833470926,49.814321147077365,2297800
2021-09-28,48.7540397644043,48.960466793876336,48.144147254471754,48.575764153069265,5489800
2021-09-29,49.589115142822266,49.79554212825257,48.979222763011876,49.04490342577103,4735200
2021-09-30,48.56636428833008,50.36790058654725,48.53821645813722,49.86121816711173,7036700
2021-10-01,49.223182678222656,49.49529034675061,47.97055391426777,48.66020450411401,3618500
2021-10-04,49.10120391845703,49.27947949628681,48.37871303041883,48.84786267880771,3638300
2021-10-05,49.56097412109375,50.12864482971336,49.06367658348098,49.373313524851596,3524600
2021-10-06,49.36393737792969,49.45776589640781,48.425637875834326,48.91355404644334,2767500
2021-10-07,50.05826950073242,50.64939910064721,49.95505957761029,49.95505957761029,2225300
2021-10-08,48.322418212890625,49.92690929839641,48.2848853785409,49.6735680355279,3108600
2021-10-11,48.08783721923828,48.74464741907389,47.94803226125234,48.19105071084029,2566700
2021-10-12,47.196468353271484,48.266129306201464,46.99004487876162,48.12069401608538,6017700
2021-10-13,47.59992980957031,47.82512324840894,46.84929097898866,47.54363055502858,4474800
2021-10-14,49.73925018310547,49.77678301856982,48.125377630748375,48.20043972234889,5567200
2021-10-15,50.13333511352539,50.59309979570694,49.786165352382255,50.26469645129155,3602200
2021-10-18,50.64939880371094,50.686931636986955,49.64541877920952,49.71109944777855,2449600
2021-10-19,50.640018463134766,51.12793456812624,50.095803107030704,51.04348748112141,3360600
2021-10-20,50.68693542480469,51.212384391951524,50.40544631285498,50.87459602588058,3884100
2021-10-21,50.96842956542969,50.98719598532165,50.22717208667611,50.47113196594295,2397900
2021-10-22,51.287452697753906,51.70030320667102,51.034111392510894,51.39066621981536,3510600
2021-10-25,51.23115158081055,51.92549478995103,50.05827719865528,50.78076824758235,3312900
2021-10-26,50.41482925415039,51.49387505841515,50.36791499729722,51.32498087028104,2314700
2021-10-27,49.87999725341797,50.949658024444666,49.81431658006217,50.34914696557552,2673400
2021-10-28,51.17776870727539,51.25770731182405,49.494415883032715,50.03985883287753,3441300
2021-10-29,49.118247985839844,50.85803109885843,48.93956907055258,50.36901115512797,3955800
2021-11-01,49.061832427978516,49.53204360442037,48.770303794537575,49.23110873849171,2945900
2021-11-02,49.27812957763672,49.8705930391531,48.779703323003346,49.36276772748568,4231000
2021-11-03,48.87374496459961,49.37216760386223,48.13081053395922,48.854936089307,3105700
2021-11-04,49.814170837402344,49.861191235349786,48.82672454337405,48.82672454337405,2486300
2021-11-05,49.64488983154297,50.26086523737828,49.29693102735908,50.03986544179356,2466600
2021-11-08,50.16211700439453,50.2373489100031,49.24990638219499,49.823564460591584,2144800
2021-11-09,51.5445442199707,51.5915646144436,50.3125897951944,50.37841906494168,3504300
2021-11-10,51.37527084350586,51.779652716273006,51.16837679118043,51.666799458226585,2901800
2021-11-11,51.25300979614258,51.61037123589771,50.69816055576987,51.52573309457218,2315300
2021-11-12,52.7765007019043,52.814118456476386,51.42229382414776,51.62918788686773,2842500
2021-11-15,52.38151931762695,52.973986331407694,52.19343415274445,52.720071896930236,2956800
2021-11-16,52.90815734863281,53.25611618474419,52.19343797465471,52.21224685126287,3179900
2021-11-17,52.7765007019043,53.1714799500582,52.58841551647037,53.13386219548611,2507500
2021-11-18,53.62288284301758,53.66050059801085,52.851736802788416,53.1808831904131,3626600
2021-11-19,53.7451286315918,54.51627452659649,53.538234605518284,53.57114923808217,5009400
2021-11-22,53.04922103881836,54.16832226829782,53.03981839442079,53.95202557289051,4717900
2021-11-23,51.60095977783203,53.23729581522443,51.271813476811595,52.945763671873735,5108900
2021-11-24,52.37211227416992,52.503774398744305,51.111946352652375,51.328246620740096,3618700
2021-11-26,52.0805778503418,52.34389489515795,51.365855032375556,51.55394017328381,2927600
2021-11-29,52.64484405517578,52.85173812538966,51.7420394373043,52.81412036945502,3250400
2021-11-30,50.89564895629883,52.70126146338442,50.46305560105864,52.54138782236242,10100100
2021-12-01,50.40662384033203,52.5695975709665,50.359603452149905,51.525728451165236,4355300
2021-12-02,52.212242126464844,52.38151841319372,50.735779526883306,50.735779526883306,2869100
2021-12-03,52.7765007019043,52.82822421758429,51.69501716365563,52.53199247203876,3031200
2021-12-06,52.52257537841797,53.13855432302004,52.334493819304384,53.011595324450006,3194500
2021-12-07,53.26551818847656,54.252960880253084,52.44735179671046,52.79530704120904,3700200
2021-12-08,53.077430725097656,53.29843052877923,52.63543470516072,53.22789814224291,2563200
2021-12-09,52.65424346923828,53.62758035658509,52.58841061116457,53.340751282723964,2174700
2021-12-10,52.202842712402344,52.513183807741015,51.30003812356963,51.779655527742754,2536000
2021-12-13,51.65739440917969,52.701263679247,51.61977665824861,52.494369636552236,4287700
2021-12-14,50.35961151123047,51.516330465264446,49.75021900353812,50.93326966616202,3663500
2021-12-15,50.35961151123047,50.47246117841211,48.98189275120553,50.44424965847326,5989600
2021-12-16,50.66054916381836,51.412886299212936,50.16212648426191,50.80161394620391,3802500
2021-12-17,49.146461486816406,50.4912654895272,48.883144424722296,50.35960695848014,7534500
2021-12-20,47.87689208984375,48.939570136626564,47.35966061859709,48.80791160802841,3492000
2021-12-21,49.024208068847656,49.05241958559288,48.11199742821002,48.436444220483374,2162000
2021-12-22,49.53350067138672,49.65610935262512,48.71297339985183,48.920460862972824,2282800
2021-12-23,49.81644058227539,50.16068678698625,49.52406714262751,49.55236366761158,1938300
2021-12-27,50.48606872558594,50.542658180558455,49.92018856697402,50.25028472653459,1698700
2021-12-28,50.43891143798828,50.712421733807695,50.212560819072934,50.41061851006842,2485500
2021-12-29,50.68413162231445,50.80202362556923,50.118247848024495,50.401187936280266,3183200
2021-12-30,50.50492858886719,51.16512446278127,50.45777251168291,50.764292410047815,1426200
2021-12-31,51.155696868896484,51.45750009308529,50.32573620348818,50.49550096681666,2228900
2022-01-03,49.53350067138672,50.552085629537245,49.25056060511036,50.127677329011775,4505100
2022-01-04,50.75958251953125,51.532953801794996,50.18426894662757,51.155701536029916,5460300
2022-01-05,49.39202880859375,51.325456791019064,49.33544295404061,50.55208559804893,3484300
2022-01-06,50.457786560058594,50.467216339009646,49.46749427236092,49.46749427236092,3089800
2022-01-07,48.89217758178711,50.769020081117155,48.882747803421324,50.297452011693196,4117000
2022-01-10,49.344871520996094,49.51463627605051,47.477462813175556,48.316853214401256,3902300
2022-01-11,49.5523681640625,49.707986473372465,48.939328301932704,49.533505011620825,2715200
2022-01-12,49.98621368408203,50.37289934414208,49.476919322701846,50.16540824925858,2308300
2022-01-13,49.23170852661133,50.28802002390568,49.109099817798025,49.98621673896444,2669100
2022-01-14,48.194244384765625,48.55263704406272,47.307697909428654,48.55263704406272,3246700
2022-01-18,46.82670593261719,47.505761436486814,46.41172377148624,47.34543003625239,4107400
2022-01-19,46.01560592651367,47.43030991492462,45.95901647177705,47.02476115042455,3717300
2022-01-20,45.29882049560547,47.335994092216765,45.26581087983221,46.39285810123416,3871600
2022-01-21,45.08190155029297,46.08162703808818,44.78009830827525,45.51574326097113,3876000
2022-01-24,44.949859619140625,45.09133145196691,42.7334915567166,43.01643162459101,8927300
2022-01-25,44.525447845458984,44.85554759040261,43.48799972770056,44.383979610007295,4603400
2022-01-26,44.01616287231445,45.56290919727214,43.45971599162991,45.10077089572291,4684400
2022-01-27,43.46913528442383,44.80838658199737,43.327663455399886,44.30852568892809,4483600
2022-01-28,43.80866241455078,44.053876160714715,42.88438968242847,43.57287844417944,10734800
2022-01-31,44.968727111816406,45.02531656996633,43.648335203879675,43.799236827834285,8647500
2022-02-01,44.37454605102539,45.33654515876286,43.74264668685817,45.270525929604446,4645400
2022-02-02,44.80839157104492,45.412001657346444,44.506588326783394,44.563177784249355,5972800
2022-02-03,43.61061096191406,44.64805914038015,43.54458813083939,44.148198203200096,6651800
2022-02-04,43.23335647583008,43.83696296939207,42.29022043019485,43.35596516914064,6896800
2022-02-07,43.120182037353516,43.497434304636194,42.77121910294936,43.05416280063458,7355300
2022-02-08,43.44084548950195,44.28023595452022,42.676904033698534,42.950414337381304,7924900
2022-02-09,45.25167465209961,45.345990431200235,44.17649995480617,44.308538447767944,6087400
2022-02-10,44.46885681152344,45.44971536220299,44.096317718663855,44.53487603326789,5086100
2022-02-11,42.912689208984375,44.53488432597574,42.43169141845563,44.36511955337067,5862900
2022-02-14,42.24306106567383,43.17676366355891,41.77149307949157,42.931549893766544,6410400
2022-02-15,43.14847946166992,43.25222501525518,42.76179377871147,42.96928488588198,4648300
2022-02-16,43.05416488647461,43.29937869219927,42.44112497549486,42.87496672288857,4210100
2022-02-17,42.04500961303711,42.912693109414555,41.93183068916103,42.59202668732316,4202400
2022-02-18,41.57343673706055,42.32794481986653,41.4602578263059,42.195906355097776,4938700
2022-02-22,42.71462631225586,43.054155816175104,41.224469844560964,41.48855034637481,7327500
2022-02-23,41.34708023071289,43.18619605449442,41.262197851222105,43.15789952947873,4994500
2022-02-24,42.16761016845703,42.27135570526264,40.036124367624716,40.319064451235604,5037300
2022-02-25,42.65803146362305,42.874952264167696,41.62058353096992,42.14402418363675,4237800
2022-02-28,42.32794952392578,42.53543702114481,41.71490961476625,41.93183048781903,4992600
2022-03-01,41.233909606933594,42.59202423524952,41.00755536999167,42.59202423524952,6459900
2022-03-02,42.35624313354492,42.61089031844946,41.53099902604606,41.630027887212464,7515000
2022-03-03,43.271087646484375,43.299380579745545,42.42226367086027,42.79951957064407,6534900
2022-03-04,42.441123962402344,43.04473048311193,41.80450782252204,42.62031852393217,9055000
2022-03-07,41.045284271240234,42.48356469196745,40.9981281849142,42.441125293607655,7210800
2022-03-08,41.101871490478516,41.89410233219111,40.41337899613168,40.932106710746226,6755900
2022-03-09,42.054439544677734,42.573163688777996,41.625310885083046,41.9129676882055,4529000
2022-03-10,41.31878662109375,41.66774590978027,41.08300263726647,41.43196192595299,3615800
2022-03-11,40.76233673095703,41.799784832281574,40.73404020609239,41.762058530980795,3770900
2022-03-14,40.469970703125,41.59230138900069,40.3992347746779,41.07357724335323,6058800
2022-03-15,42.62974548339844,42.75235416376966,40.946247963516214,41.0264136554682,5998100
2022-03-16,44.21421813964844,44.42170561997436,42.931552561873175,42.96927886657914,5944300
2022-03-17,44.44057083129883,44.44057083129883,43.525731285353714,43.5823171472559,3766500
2022-03-18,45.06303787231445,45.11019755152462,43.98786338544522,44.47829454744807,6620000
2022-03-21,44.780094146728516,45.20450604067984,44.30852617517774,44.591466238552584,3467800
2022-03-22,44.78953552246094,45.20923080429646,44.3424863288196,44.883847694508496,3376000
2022-03-23,43.87468719482422,44.60090234727086,43.808667962581644,44.19535357905029,2633700
2022-03-24,43.54458999633789,44.072747483113474,43.41255152408863,44.03502117739124,2676500
2022-03-25,43.75208282470703,43.79923890985096,42.950418583924154,43.56345488635262,3624000
2022-03-28,44.22364807128906,44.24251122370788,43.38425757643306,43.79923613631174,2417200
2022-03-29,45.345985412597656,45.723237693911,44.4971614835299,45.01588561894744,3024300
2022-03-30,44.8649787902832,45.47801862335644,44.66692109570076,45.157352242603686,2737400
2022-03-31,43.26165771484375,44.827263707380986,43.223935000084886,44.60091302771106,4390200
2022-04-01,43.42197799682617,43.77093727483807,43.05415556895174,43.66719174948314,2540800
2022-04-04,42.67689895629883,43.12017397520014,42.139311787654975,42.922112704296175,4753300
2022-04-05,42.00727462768555,42.606164352258176,41.81864672463548,42.47884258642173,3144300
2022-04-06,41.38480758666992,41.53570919874527,40.847220368790346,41.46968996832345,4214100
2022-04-07,41.20561218261719,41.50741542679083,40.63030222188388,40.86608623125569,4199500
2022-04-08,40.91324996948242,41.88467911858424,40.70575885111926,41.34709176444254,3311700
2022-04-11,40.02669906616211,40.800070462984394,39.89937726207878,40.37566205085391,4399000
2022-04-12,39.40422439575195,40.74347950443309,39.15995321520176,40.234185156155256,4808300
2022-04-13,39.71546173095703,40.17759640501842,39.28161998859529,39.42308824487219,3202400
2022-04-14,38.93265151977539,39.92294716216019,38.92322174313911,39.72488587501632,2618300
2022-04-18,38.94209289550781,39.40422759898121,38.630856235888686,38.97981920536085,3323000
2022-04-19,40.08328628540039,40.130442373239205,38.9986782762133,39.092994049669805,4335700
2022-04-20,40.97926330566406,41.25277363173097,40.422812875773545,40.422812875773545,3667400
2022-04-21,40.38508224487305,42.13931573763137,40.14929825063732,41.37537430110745,3841000
2022-04-22,39.300479888916016,40.130440671238816,39.2438940250209,40.0455582776174,4065400
2022-04-25,39.57398223876953,39.630571689025246,38.46108156818659,39.045828427494925,3254000
2022-04-26,37.7725944519043,39.40421922982449,37.6594191441617,39.23445446932152,5155000
2022-04-27,37.970664978027344,38.602568155278576,37.72545112871364,37.81033353766441,4349400
2022-04-28,37.307987213134766,37.53991862783607,34.297598703045665,34.344931128931066,15034800
2022-04-29,36.228782653808594,37.47837715275976,36.06784811389657,37.44997842681186,8408100
2022-05-02,36.54119873046875,36.957732857124135,35.61914968161778,36.48440124864017,7172200
2022-05-03,36.33293151855469,36.711594599416735,36.011065913643684,36.55066360257784,9902700
2022-05-04,37.307987213134766,37.46418746866595,35.31999643608692,36.43705902089898,7947300
2022-05-05,35.93532943725586,37.32692531220789,35.566131416039944,36.88199251164869,5054100
2022-05-06,35.764930725097656,35.97319776247501,35.09280079149473,35.764930725097656,4821000
2022-05-09,36.09626388549805,36.72106136751274,35.04546729955674,35.234800635883346,6091700
2022-05-10,36.05839538574219,36.825193749200245,35.23006522464659,36.550660600541235,5792700
2022-05-11,35.58506393432617,36.69265796135352,35.528262851696724,36.039461761663,4809700
2022-05-12,37.014530181884766,37.05239757709886,35.291603423212905,35.50933552884357,7032900
2022-05-13,38.04640197753906,38.273602789836765,37.47840536364641,37.47840536364641,5070700
2022-05-16,37.73399353027344,38.12685960206922,37.165993476642186,37.80025966151209,5684800
2022-05-17,38.036922454833984,38.55758642126992,37.22279163655127,38.45345290573613,6868800
2022-05-18,35.367332458496094,37.374257132229914,35.21586651352058,36.683193532577064,7059600
2022-05-19,35.414669036865234,35.98266549423738,34.94133745197731,35.1212021541907,4142300
2022-05-20,35.93532943725586,36.19092890068989,35.00760005769885,35.93532943725586,5539600
2022-05-23,36.228782653808594,36.52224939645306,35.65131781799007,36.46544833332558,3170200
2022-05-24,35.9163932800293,36.20986011301519,35.026531351151945,36.02052678887051,3252900
2022-05-25,36.247718811035156,36.413384075737305,35.56612045199554,35.670253935874584,3608400
2022-05-26,37.232261657714844,37.36005958796329,36.63586289034471,36.63586289034471,3907900
2022-05-27,38.08426284790039,38.21206441140355,37.6298649124938,37.639329956233325,3359700
2022-05-31,37.21332550048828,37.85705665828293,36.730525326525836,37.65825467482214,14520500
2022-06-01,36.863059997558594,37.30799281236926,36.45599457363249,37.17546055550646,2855700
2022-06-02,37.942256927490234,37.96118701068013,36.92932413764879,37.165989901085034,3231700
2022-06-03,37.47838592529297,37.76711841078559,37.34585369153882,37.53518700171583,3212600
2022-06-06,37.45945358276367,38.0037855149219,37.43105484914533,37.648786899762094,2514800
2022-06-07,37.857059478759766,37.875989563135036,37.05239366594972,37.147062143992,2806200
2022-06-08,37.289058685302734,37.69612410451702,37.071326607086526,37.62985797685266,2830000
2022-06-09,36.777862548828125,37.48785992321657,36.7683975061123,37.09972816966689,2070500
2022-06-10,35.34839630126953,36.228793173613326,35.04546443242357,36.228793173613326,3462600
2022-06-13,34.543731689453125,35.08332926729312,34.12719769165912,34.47746196243206,4587300
2022-06-14,34.0230712890625,34.86560450069275,33.86214029178811,34.46800411179347,3892400
2022-06-15,34.80880355834961,35.19220096858651,33.98520765030124,34.39227308316919,4040300
2022-06-16,32.73561096191406,34.07040575708927,32.52734392921495,33.95680358767172,4515200
2022-06-17,32.574676513671875,33.30360752030532,32.41374552309163,32.80187724233977,10802500
2022-06-21,33.14267349243164,33.28467440171227,32.50841094977325,32.87760898042313,4685400
2022-06-22,33.066619873046875,33.35184377245467,32.43913382254028,32.676817987531756,6304800
2022-06-23,33.10464096069336,33.25675863871651,32.77188467338381,32.96202905083411,6798300
2022-06-24,34.511741638183594,34.60681748467019,33.24250900846239,33.42790237564537,15472900
2022-06-27,34.33109664916992,34.73040425057723,33.82720744926869,34.559271385182086,3897700
2022-06-28,34.21699905395508,35.15822590553056,34.140938413503626,34.44517372176752,5341300
2022-06-29,34.026859283447266,34.197992138952074,33.56099681529044,34.15045241382265,5743200
2022-06-30,33.90325927734375,34.55926607606569,33.5800087620087,33.77015676398899,6442300
2022-07-01,34.22652053833008,34.4737104797714,33.63706481122183,34.007851536770126,4214200
2022-07-05,34.29306411743164,34.312079282008035,33.28528215551356,33.66557819349784,4414400
2022-07-06,34.39765167236328,34.61632066274238,34.00784979790099,34.511739052827934,3850700
2022-07-07,34.6068115234375,34.644838228709105,34.036367423098504,34.47370536128461,3673600
2022-07-08,34.29306411743164,34.70663578673166,34.16946736107098,34.61631466168674,3346800
2022-07-11,34.73040771484375,35.01563160346734,33.95080397329003,34.14095202344829,4201200
2022-07-12,34.3501091003418,35.35788742050144,34.16091129837626,34.73991090143165,3343000
2022-07-13,33.96981430053711,34.20274372473476,33.46592512217472,33.770160508367695,2347700
2022-07-14,33.85572814941406,33.93178518529914,32.98104866271755,33.27577829035577,3508500
2022-07-15,34.22652053833008,34.464204708735146,33.81294877618711,34.34060792462817,3424000
2022-07-18,33.79868698120117,34.54026402999755,33.64656926317646,34.321591410237836,2593600
2022-07-19,35.33887481689453,35.46247158037312,34.15996355943908,34.226514825903244,2676000
2022-07-20,35.54803466796875,35.68113718837411,35.14397240908914,35.3198599549229,2579600
2022-07-21,36.38468551635742,36.42746691709699,35.386412937943774,35.55754579444575,2799800
2022-07-22,36.60335159301758,36.73645410943601,36.189779951198965,36.50827940322486,4294200
2022-07-25,36.34666061401367,36.707941545772194,36.08330616359242,36.47976316077408,4092700
2022-07-26,36.21355438232422,36.37042677937452,35.33887489340269,36.03291574821213,5430700
2022-07-27,37.592124938964844,37.70621231214401,36.15651068380714,36.43222516019799,5451500
2022-07-28,37.53507995605469,38.0865089164326,36.27535325505613,37.934391207840804,6629800
2022-07-29,38.533355712890625,38.62367685626017,37.3354291157133,37.772767109383395,4777300
2022-08-01,38.571380615234375,39.01347324541741,38.17207301469333,38.17207301469333,3997200
2022-08-02,38.41926193237305,39.11329914419169,38.22436283522403,38.41926193237305,6508800
2022-08-03,38.75202178955078,38.856603394672085,37.93439136912623,38.51433764219228,4707600
2022-08-04,39.75029754638672,39.834910142200734,38.780545803698246,38.790051573678035,5381700
2022-08-05,39.81685256958008,39.86438867750408,39.24640839417437,39.503107729091056,5573900
2022-08-08,39.873878479003906,40.56791553169763,39.84535755102657,40.14959287202186,4136400
2022-08-09,39.702762603759766,39.83586878693308,39.43655749095846,39.60769038540863,4719000
2022-08-10,40.74856948852539,41.05755959547522,40.43482468328559,40.53940628503219,3437600
2022-08-11,40.929203033447266,41.746836952466374,40.9006821008025,40.93871242884332,4107100
2022-08-12,41.80388259887695,41.83240353162702,40.9292031845671,41.12885696736102,3566700
2022-08-15,42.222206115722656,42.31252724014406,41.376051245159346,41.604225964957294,3302900
2022-08-16,42.203189849853516,42.40284363115908,41.79437289188211,41.88944871162644,2430500
2022-08-17,41.95600128173828,42.269742429758935,41.6232413424034,41.699302000573134,2406100
2022-08-18,42.11763381958008,42.21746073486891,41.822907772567135,42.051082542720856,2071500
2022-08-19,40.387298583984375,41.908479630827756,40.23993554144498,41.83241894643771,6053700
2022-08-22,39.56966018676758,39.86438986753072,39.36050058030364,39.826359529347215,5642700
2022-08-23,39.417537689208984,39.79783377146283,39.16083837770347,39.569655396756076,4899500
2022-08-24,39.60768508911133,39.712266691376634,39.289189210774026,39.40803128120784,3066400
2022-08-25,39.92142105102539,40.17336560424138,39.55063082693454,39.93092681877427,3447200
2022-08-26,38.25764465332031,40.15911796631934,38.21485961785612,40.09256306373365,2669400
2022-08-29,37.78226852416992,38.29091238530662,37.772759128575714,37.87734071948132,3837700
2022-08-30,37.37345886230469,38.115032285665244,37.28789241908828,37.848827185335296,6094000
2022-08-31,37.192813873291016,37.653921693376766,37.04069616605602,37.620646058255744,7306700
2022-09-01,37.82981491088867,37.858335851884945,37.04735682146334,37.10725297361917,7003700
2022-09-02,37.63014602661133,38.78053612601367,37.41622817434095,38.69496971045979,3601700
2022-09-06,38.31468200683594,38.32419140327054,37.24034869636766,37.782271863205146,4183600
2022-09-07,39.455562591552734,39.479332453461154,38.36221422565644,38.43827488234601,3202500
2022-09-08,40.04501724243164,40.0830475698919,39.02772955688528,39.113295980285045,3962300
2022-09-09,40.09255599975586,40.558418475139405,39.864381273391096,40.18763182471775,3459300
2022-09-12,40.20664978027344,40.653493494906144,39.892904976281415,40.38728842008052,3346000
2022-09-13,38.86610794067383,39.731277984005885,38.7995566778615,39.18935848580733,3458100
2022-09-14,38.20059585571289,38.904138889890255,37.80128460847875,38.80906668314376,4451900
2022-09-15,38.40975570678711,38.65694559879412,37.91061759804763,38.02945965948352,3857700
2022-09-16,36.54631423950195,38.096015940184955,36.23257304191952,38.096015940184955,7570600
2022-09-19,36.9075927734375,36.97414404214299,36.15651002459313,36.26109162592237,3622500
2022-09-20,35.947349548339844,36.68892288206815,35.41493578525908,36.593850679662175,4278000
2022-09-21,35.66212463378906,36.80300916280867,35.60983746275125,36.185032611886506,3828500
2022-09-22,34.41666030883789,35.53852961302688,34.40715091331989,35.41493285869508,3430600
2022-09-23,34.33109664916992,34.597301716774794,33.87283949505349,34.17897894957113,3597200
2022-09-26,33.5419807434082,34.39764499778973,33.22823960131613,34.10291539310904,3284500
2022-09-27,33.79868698120117,34.01735597418841,33.285288322828094,33.960314096661946,4334600
2022-09-28,35.08218002319336,35.35313979392622,33.73213224098655,33.836713841404865,4526300
2022-09-29,33.865230560302734,34.796951824817334,33.60853128945101,34.68286446891823,4350000
2022-09-30,33.80818557739258,34.56401922731977,33.713109767269735,33.97931840884238,4559200
2022-10-03,34.996612548828125,35.386414376311116,33.9365397350056,34.15996339711878,3184500
2022-10-04,36.679412841796875,36.72694893746503,35.54803418032798,35.60507967119275,3973700
2022-10-05,36.31813430786133,36.631875460741725,35.83325667144818,36.051925626915576,2823600
2022-10-06,35.37689971923828,36.32763609627842,35.158230787731625,36.11847655953418,5592100
2022-10-07,33.58952331542969,35.13922124665493,33.2947936857578,34.892031344857756,9001800
2022-10-10,33.846221923828125,34.26929942586805,33.637062335471576,33.89376165582822,4794900
2022-10-11,33.418392181396484,34.17898071876039,33.242504608754864,33.703612429561424,5111800
2022-10-12,33.161685943603516,33.646559901532065,33.05710436153993,33.45641190021385,4065400
2022-10-13,33.1331672668457,33.4088817363554,31.469378306853724,32.22046105064684,7759200
2022-10-14,32.86696243286133,34.0458773574384,32.64829346031319,33.370851646699556,8519800
2022-10-17,33.79868698120117,34.217013425848485,33.19972187976592,33.770166042437936,8497400
2022-10-18,34.53075408935547,34.996616633537144,34.08390671297431,34.69238120227367,4229500
2022-10-19,33.17119216918945,34.121928562123614,32.866956813592246,34.05537730475994,4584800
2022-10-20,32.382080078125,33.522960750606586,32.258483342123384,33.171189330817135,4300200
2022-10-21,33.45641326904297,33.60853095096696,32.2822568384146,32.51518624550441,4411100
2022-10-24,34.08390426635742,34.28831277207459,33.47543344750785,33.73213275422979,3761500
2022-10-25,35.452964782714844,35.486240414981864,34.01735064371621,34.01735064371621,5141700
2022-10-26,35.31035232543945,36.061435015884115,35.25331045771121,35.52902128086539,4953000
2022-10-27,36.159950256347656,36.837709782553,35.82584083194395,36.32222916763066,7529900
2022-10-28,38.13595199584961,38.16458859122763,35.73992398211392,35.91175083734116,5534100
2022-10-31,37.95457458496094,38.17413393943907,37.634787153515674,37.71592659585624,5508200
2022-11-01,37.90684509277344,38.61324473117085,37.62046823884772,38.48914675926064,5129100
2022-11-02,37.343631744384766,39.10008087485368,37.32453947061589,37.92593334915941,5876900
2022-11-03,37.582275390625,37.954565582689824,36.21720892540168,36.36039914149359,4270600
2022-11-04,38.45096206665039,38.53687548666093,37.64910469371178,38.39368888096286,3400600
2022-11-07,39.176456451416016,39.252821917646806,38.29822992014532,38.57506247337583,3730200
2022-11-08,39.52965545654297,39.983085210070584,39.047585466170126,39.31964404658261,3359800
2022-11-09,38.508235931396484,39.48192006945111,38.446188771181845,39.19554323860657,2803200
2022-11-10,41.50565719604492,41.74430518151538,40.28378067570953,40.407878647768364,5863500
2022-11-11,42.42205810546875,42.71989100802239,41.23741225017341,41.429285405102,4760300
2022-11-14,41.62974166870117,42.41250651589641,41.61064939907713,42.01157613674773,3731600
2022-11-15,42.336151123046875,42.85163164509671,41.85885515258872,42.49843364657187,3127800
2022-11-16,41.868404388427734,42.47934266661425,41.56293524933447,42.33615241451706,2936200
2022-11-17,41.08563232421875,41.35291686540637,40.21695392388022,41.276551414272234,3077800
2022-11-18,41.92567443847656,42.213963056290204,41.39110530580879,41.93522239669083,4272700
2022-11-21,41.89703369140625,42.04976823437428,41.62020119431459,41.8874893756177,2477100
2022-11-22,42.040225982666016,42.288418261620215,41.758619493114466,42.24068939737659,3125500
2022-11-23,42.15477752685547,42.6034368784078,41.820671823452074,42.107048660866276,2606700
2022-11-25,42.202510833740234,42.39342995926614,42.09750513262702,42.19296651612969,986300
2022-11-28,41.34336471557617,42.19295068177674,41.18108224526341,41.85884142712251,2370700
2022-11-29,41.54384231567383,41.74430575225478,41.12382316643574,41.20973294655959,3259800
2022-11-30,42.3075065612793,42.37432769323903,40.231270209150836,41.40064365992475,8731200
2022-12-01,42.88981246948242,43.166644982245906,42.379105971132724,42.784806782470135,4361500
2022-12-02,42.65116500854492,42.95663411538042,41.92567314870137,42.1356845252054,3857000
2022-12-05,41.77294158935547,42.04500014592683,41.23837243481765,41.97340866378641,3726200
2022-12-06,41.06654357910156,41.954314328861905,40.560611042252,41.85885295489467,2505200
2022-12-07,41.123817443847656,41.629749944285834,40.80880039464582,41.09517721297915,3973900
2022-12-08,41.49611282348633,41.76817138090033,41.162003459386106,41.27655711412409,2524200
2022-12-09,41.06654357910156,41.620204982195204,40.99972243806404,41.391104967632,3065200
2022-12-12,41.2956428527832,41.33860138066751,40.46037496332055,40.67516031978406,3593600
2022-12-13,42.3075065612793,42.95662925015549,41.8111184085223,42.689344722316555,6015600
2022-12-14,41.811119079589844,42.593884044948865,41.38155205189803,42.56524745692896,4045000
2022-12-15,40.53197479248047,41.324287887614844,40.15968450112024,41.18109763333194,4416800
2022-12-16,39.85421371459961,40.28378081826241,39.634658004167356,40.05467714914916,5812700
2022-12-19,39.615562438964844,40.216956334158425,39.30531935421933,39.940123819063714,3217400
2022-12-20,39.491458892822266,39.74919909717599,39.367364589653725,39.48191457776255,2909300
2022-12-21,40.35926055908203,40.48391598702218,39.85105531431862,40.01406316345518,2578800
2022-12-22,39.96611022949219,40.292129506768546,39.3428368983404,39.831867643173005,2885200
2022-12-23,40.071590423583984,40.09556022549958,39.58255964419994,39.82227961037428,1875100
2022-12-27,40.1483039855957,40.666100055864575,39.89899679870894,39.966118105095255,2228900
2022-12-28,39.27572250366211,40.30172377398075,39.2565444654143,40.11953789738175,2107100
2022-12-29,40.129119873046875,40.26336612333703,39.40037280351043,39.697626870969884,1966300
2022-12-30,39.55379104614258,39.97569683381377,39.15106329307045,39.71679885348051,2248700
2023-01-03,39.89899444580078,40.35925637295177,39.453115132336286,40.21542292041355,2866100
2023-01-04,40.30171585083008,40.82910265437077,40.01884807241831,40.62773512127521,3491900
2023-01-05,39.8222770690918,40.34966388728897,39.42913649596783,39.80309903408134,3891000
2023-01-06,41.35648727416992,41.567438345269196,40.01405407558527,40.14829666387649,2726800
2023-01-09,41.71127700805664,42.387289115328116,41.212659004882,41.52909113794609,3384900
2023-01-10,42.190711975097656,42.277011304996535,41.404430817279554,41.95099202069369,3421000
2023-01-11,43.33177947998047,43.38931358829986,42.449611766101356,42.57426717187519,5300500
2023-01-12,43.389305114746094,43.7920328208235,43.07287306754042,43.62902503250712,3275800
2023-01-13,43.983821868896484,44.16601139869957,43.159184534393475,43.187953419952045,2826900
2023-01-17,43.56191635131836,44.23792481290995,43.442056357760436,44.02217828764038,3619800
2023-01-18,41.7304573059082,43.77766446049896,41.605801883903546,43.77287269422571,5291500
2023-01-19,40.18665313720703,41.3660748776685,40.16747510185365,41.3660748776685,4846600
2023-01-20,40.81951904296875,40.89143577054666,40.052415817090086,40.27295776591541,5217500
2023-01-23,41.50031280517578,41.50510822793447,40.68526651231818,40.838687120073814,3633100
2023-01-24,41.90304183959961,42.219470225068584,41.09758277953911,41.54825738988118,4191600
2023-01-25,41.72085952758789,41.81195428136413,41.040055730513515,41.41401827657307,2911700
2023-01-26,41.8551025390625,42.19070898833533,41.39483704029411,41.98934511877163,2460100
2023-01-27,41.82634353637695,42.18113176120267,41.596214390484576,41.70169177311726,1868900
2023-01-30,41.787986755371094,42.18112735825084,41.59621004858761,41.59621004858761,2620900
2023-01-31,43.657798767089844,43.73451091149632,42.2242744034802,42.38249045794129,4687500
2023-02-01,44.242713928222656,44.65023711664301,42.794807021949964,43.3030121516622,5878800
2023-02-02,45.19200134277344,45.532403197766854,44.631053937603546,44.81803884455069,3979100
2023-02-03,44.961875915527344,45.45857717391743,44.453670761756584,44.626269428666724,3448400
2023-02-06,44.25231170654297,44.818051030399474,44.03176609640103,44.38655431596032,4829500
2023-02-07,42.564674377441406,42.823572366278746,41.75921518700397,41.94140469276147,8139800
2023-02-08,43.207130432128906,43.48520282845892,42.49755768319284,42.9002891509232,5003700
2023-02-09,43.0728759765625,44.12764588064864,43.02493272133947,43.58108472386713,3884000
2023-02-10,42.9865837097168,43.16397413384733,42.593439475438714,42.83315942833831,3360500
2023-02-13,43.57149887084961,43.76327557155275,42.95781635486862,43.08247175900111,3193000
2023-02-14,43.27424621582031,43.72395887952488,42.93863609253301,43.35095469742224,3001000
2023-02-15,43.60986328125,43.629041320771,42.77084325585056,42.81399475923207,2492200
2023-02-16,43.3701286315918,43.75368197684446,42.636586242294186,42.75644620545617,3865900
2023-02-17,43.36054611206055,43.41807655955696,42.73727277338407,43.20712548900981,2520900
2023-02-21,42.027706146240234,43.034529270707694,41.85989924396533,42.900286675156885,4145900
2023-02-22,41.80715560913086,42.43042890935177,41.610587162585965,42.248243073793574,4776700
2023-02-23,42.62221145629883,42.74686686506481,41.94140761844146,42.11400263186975,5376600
2023-02-24,42.43043899536133,42.627011146468746,41.807165546984,42.018120312496976,3080500
2023-02-27,43.11124038696289,43.2550738383032,42.71809976551421,42.90987648135575,3543300
2023-02-28,43.1783561706543,43.78245146810918,42.96260967905277,43.00575751423862,8580600
2023-03-01,43.715328216552734,43.792036694947846,43.005755587759054,43.0441116558746,5315600
2023-03-02,44.19477081298828,44.30024817787614,43.31259948124669,43.379724433495866,4663000
2023-03-03,45.824867248535156,45.9495189908752,44.41531274961447,44.53996814979072,5822700
2023-03-06,46.39060592651367,46.67347371283962,45.58514674510414,45.824866696025595,8572500
2023-03-07,45.59473419189453,47.14811845846818,45.537203744362735,46.40978422434477,7577900
2023-03-08,45.441314697265625,45.95911068492815,44.98584823975872,45.77692483349264,4278500
2023-03-09,44.25231170654297,45.56118080619885,44.16601236365514,45.50844211566535,4393800
2023-03-10,43.763275146484375,44.827632350104295,43.27903980492545,44.30024917167032,6072800
2023-03-13,42.90987014770508,43.55231784443455,42.6989154256334,43.264654642050665,5558700
2023-03-14,43.868751525878906,44.57352877499108,43.341368359320825,43.80163023147167,5854300
2023-03-15,41.52907943725586,43.13999756046066,40.59896499552191,42.89068680019755,8194600
2023-03-16,42.650978088378906,42.90028891413032,40.972938240743815,41.298957557454955,5224300
2023-03-17,41.95099639892578,42.545500923699166,41.231836460658485,42.39687570696497,8427500
2023-03-20,43.14000701904297,43.29342765213683,42.17153630064588,42.30577889737346,3888700
2023-03-21,43.34136199951172,44.0672338835197,43.120820113415995,43.73450251956682,4283200
2023-03-22,42.363319396972656,43.763283342368034,42.296198088483635,43.31260856436716,4161600
2023-03-23,42.47837448120117,43.341367765814,42.06605587386795,42.41125318771308,4330600
2023-03-24,42.11399841308594,42.1235892593268,41.24141795480806,41.89345650141527,5157600
2023-03-27,42.47837448120117,43.01534848694206,42.24920373026843,42.85233701858801,3387200
2023-03-28,42.90987014770508,43.648208017119885,42.6893282372829,43.55231784443455,2276400
2023-03-29,43.51396942138672,43.72492050495664,43.14959404745843,43.398901203617946,3278300
2023-03-30,43.23589324951172,43.96464033730103,43.13041587913144,43.7824544798128,4046900
2023-03-31,43.868751525878906,44.185183620515474,43.461228336167494,43.87833871457871,4795800
2023-04-03,43.811222076416016,44.07012009286076,43.37013819262271,43.63862339878618,4055300
2023-04-04,41.1263542175293,43.85916385424386,40.89142968969074,43.724917609071376,7067600
2023-04-05,40.36883544921875,41.40442732054629,39.99008117214334,41.40442732054629,6323100
2023-04-06,40.081172943115234,40.57020366552462,39.592145878541814,40.37842698336086,4861900
2023-04-10,40.56061935424805,40.579797391337756,39.77433812275278,40.081179400515005,2859500
2023-04-11,41.7304573059082,43.10165597444884,40.59897863315667,40.69486516833757,10205900
2023-04-12,42.05647277832031,42.52153011263109,41.78798757823843,42.190715378361254,4310400
2023-04-13,42.28660202026367,42.49276134455742,41.327722122680946,41.96058270877209,4686900
2023-04-14,42.47837448120117,43.02493567551058,42.061264108501774,42.497552516174366,4449500
2023-04-17,42.929046630859375,43.07287639793552,42.52631523580711,42.67014866071919,3442700
2023-04-18,42.967411041259766,43.571502764376945,42.71330478686541,43.3893168942389,3688700
2023-04-19,43.13041687011719,43.25507227959769,42.680704163800065,42.69892018948195,4034700
2023-04-20,43.51396942138672,43.614651368557084,42.71809737541656,42.93863930605209,4965900
2023-04-21,43.36054611206055,43.657796511688495,43.16876941878808,43.51396673511128,4338800
2023-04-24,40.20582580566406,45.268709412376666,39.83186331078221,43.504370631577466,20848600
2023-04-25,40.57979202270508,41.51949376876062,40.378428146658045,41.020875843904115,10038400
2023-04-26,38.97846221923828,39.75515245417522,38.738742288388934,39.49625448991762,13613200
2023-04-27,39.755157470703125,39.82707419059995,38.81066023872102,39.44831621312388,9896000
2023-04-28,40.1003532409668,40.551027920818925,39.75515592515123,39.85104610056454,6033900
2023-05-01,39.477081298828125,40.23459725111073,39.34763412973907,39.908577958852156,5322500
2023-05-02,40.1003532409668,40.1291184646727,38.69079875399861,39.77433396023389,7361700
2023-05-03,39.40037536621094,40.80513457062004,39.141477353423575,40.17706940457303,6212600
2023-05-04,39.588199615478516,39.59783383884527,38.79836232086711,39.15475509784466,7327700
2023-05-05,40.82111740112305,40.91743758397225,40.16612986948601,40.38766922954273,6582200
2023-05-08,41.033023834228516,41.45684147066128,40.65736996512098,41.31235751744474,6666800
2023-05-09,41.206398010253906,41.4953658809357,40.81147941795178,40.94632913126776,5662700
2023-05-10,41.49536895751953,41.93844766966003,40.917436847685536,41.78433317524684,6609000
2023-05-11,41.25456237792969,41.54352657847922,40.99449349512136,41.5049970385715,4128800
2023-05-12,40.84038543701172,41.50500357030599,40.26341595807534,41.31235951482975,4160600
2023-05-15,41.23530197143555,41.312357385025706,40.41175225925193,40.57068019802524,4415400
2023-05-16,40.599578857421875,41.28346172278896,40.47435967769651,40.87890886305297,7685500
2023-05-17,41.321990966796875,41.644667625307335,40.79221893117732,40.81148370287071,4742900
2023-05-18,41.67837905883789,41.7939640118501,41.028208645872525,41.1389764874819,2763700
2023-05-19,41.216033935546875,42.0732960122358,40.89817073441272,42.0347664713021,4903400
2023-05-22,40.86927032470703,41.514623520246474,40.724786401394034,41.13896972888724,3979100
2023-05-23,39.983116149902344,40.75369230581888,39.74231201977328,40.44546331320404,4141400
2023-05-24,39.78083801269531,40.060171660570404,39.45816138896672,39.94458671724865,6428300
2023-05-25,39.68452453613281,40.15649861106794,39.48224993258919,40.07944319397596,5394400
2023-05-26,39.38592529296875,40.06980818160962,39.2318107874387,39.99275276603442,4815800
2023-05-30,40.214290618896484,40.28171548287002,39.04879948520589,39.47261344080806,7229600
2023-05-31,39.39555740356445,39.97348584971213,39.000638774675004,39.65562263226529,10124000
2023-06-01,39.973480224609375,40.00237554053675,39.212538393904424,39.53040156662127,3883800
2023-06-02,41.842124938964844,42.029951869255726,40.435829680343026,40.532153538427764,6509700
2023-06-05,41.6109619140625,41.96735106200226,41.31236341615725,41.96735106200226,3802200
2023-06-06,42.23704528808594,42.564539070127594,41.42794321918182,41.562796625982195,3256800
2023-06-07,43.92266845703125,43.941933226872,42.246673899056326,42.37189306583165,7062900
2023-06-08,43.92266845703125,43.941933226872,42.47784378838708,42.47784378838708,6124100
2023-06-09,43.63370895385742,44.202006864990494,43.07504526587109,44.14421622362819,5920200
2023-06-12,44.144222259521484,44.36576165525393,43.248430452127664,43.61445014540038,5371500
2023-06-13,45.04964065551758,45.14596084540775,44.645087774343466,44.78957173355845,4301500
2023-06-14,44.46208190917969,45.48309291522176,44.10569276554559,45.39640326683725,7078900
2023-06-15,44.82809829711914,45.00147756689133,43.730032038148224,44.1249506694339,5493500
2023-06-16,45.15559005737305,45.66609362101556,44.81846208141459,45.56013921926803,9587800
2023-06-20,45.858734130859375,45.877998900095285,44.741403235830084,44.818458638394674,6529700
2023-06-21,46.4463005065918,46.63894086584732,45.54087465082181,45.6371985048289,7084200
2023-06-22,46.2770881652832,46.47047414149799,45.9966786841983,46.40278960310242,5804200
2023-06-23,46.4608039855957,46.82823698081627,45.69693138897665,45.948334270954696,5924100
2023-06-26,47.02162551879883,47.37938720572686,46.47047784026367,46.47047784026367,5073200
2023-06-27,47.85317611694336,47.95470291864924,47.10864254923641,47.36971304870745,4387300
2023-06-28,47.68879318237305,47.98854159009005,47.485739594176145,47.62110865297408,3325600
2023-06-29,47.85317611694336,48.04655839341333,47.57276665211921,47.67912911729599,5287600
2023-06-30,48.0659065246582,48.428503894980366,47.78549700636158,47.998221977280565,4307500
2023-07-03,48.384986877441406,48.505852649804,47.901523787991025,48.08523843411113,2039300
2023-07-05,47.6114501953125,48.50102057523541,47.59694320318971,48.27862798025468,2612200
2023-07-06,47.44707107543945,47.52442694639573,46.7508829909568,47.418064468096325,4292000
2023-07-07,47.69847106933594,48.26895398458639,47.20533664328014,47.20533664328014,2885800
2023-07-10,49.564640045166016,49.58397901360642,47.87251903620758,47.89669366889085,5221400
2023-07-11,51.24709701538086,51.27610362581426,49.80637511784372,49.81604644700908,8662600
2023-07-12,51.36312484741211,52.11732988171565,50.89900065858825,51.740225520298296,7832600
2023-07-13,51.36312484741211,51.76923581796496,50.98602417452592,51.50816527015195,4948300
2023-07-14,52.05930709838867,52.267196380299,51.05370295851868,51.24708893749841,6196400
2023-07-17,52.75550079345703,52.90053752681631,51.73539324147951,52.06898031017764,5999900
2023-07-18,53.41300582885742,53.43234110728265,52.84251921351236,52.85218685272498,4199400
2023-07-19,53.40333557128906,53.74176196700525,52.98272133076084,53.21962091432144,6122600
2023-07-20,52.861854553222656,53.66440508443969,52.465414951491454,53.66440508443969,5500700
2023-07-21,51.972286224365234,52.80674257944067,51.67253775733961,52.784504426389574,6365400
2023-07-24,52.03030014038086,52.6974778903881,51.73055169056447,51.778897262849505,3560100
2023-07-25,52.126991271972656,52.417068394141374,51.60485023895052,51.7305516776849,3914600
2023-07-26,52.629791259765625,52.63945889842611,51.86108304342138,51.914264277380504,6769100
2023-07-27,54.8730583190918,55.24049128423725,51.86591744042691,51.86591744042691,9557000
2023-07-28,57.038978576660156,57.21302190048033,55.34685771432778,55.48222679314945,8727200
2023-07-31,57.580448150634766,57.82217967409547,56.845585942267554,57.029300572226774,6154100
2023-08-01,57.82218551635742,58.05424942528041,57.106662200195366,57.3870679924585,4086200
2023-08-02,57.02930450439453,57.63846901830588,56.53617378548669,57.580452120804125,4812000
2023-08-03,56.178409576416016,57.04864461373268,56.12522834143941,57.04864461373268,5041500
2023-08-04,55.19215393066406,56.50717057542745,54.582989340396274,56.50717057542745,7313900
2023-08-07,56.178409576416016,56.38146687747701,55.19698009398874,55.424208336428684,3583400
2023-08-08,55.49189376831055,55.641766148279785,54.379930856629414,55.51123273484379,3318600
2023-08-09,54.302574157714844,55.40486941348997,53.76109416868029,55.40486941348997,5306700
2023-08-10,53.567718505859375,54.68935286653687,53.456520358384,54.389604385607214,3643400
2023-08-11,53.70308303833008,54.18654614737836,53.20994860152359,53.45168015604773,3291800
2023-08-14,54.167205810546875,54.44761529195093,53.20994725588605,53.26796415537573,4056800
2023-08-15,53.57738494873047,54.04150911982648,53.4710224679214,53.799777550180785,3548500
2023-08-16,52.6684684753418,54.234887802713324,52.4944214735749,53.43233732917369,4872100
2023-08-17,51.29543685913086,52.58145054298656,50.879658276270064,52.55244024726611,7003300
2023-08-18,51.62418746948242,51.81757344060172,50.874821903124726,51.00535531272516,4763800
2023-08-21,51.7982292175293,51.94810157788387,51.1020412675696,51.41145731454497,3843700
2023-08-22,52.020633697509766,52.31554651123056,51.77890212485542,52.12699617964265,3296900
2023-08-23,53.40333557128906,53.91580529603566,52.16083550557884,52.1753388089538,5731300
2023-08-24,52.146331787109375,53.96898610449459,52.09798621340072,53.219620490683354,4317900
2023-08-25,53.200279235839844,53.62572543012465,52.05930604043033,52.67813820976484,3650500
2023-08-28,53.73208236694336,54.25422333924289,53.49035084515991,53.6353912336421,2735300
2023-08-29,54.882728576660156,54.9987623744733,53.461349594490464,53.57737970377294,2976600
2023-08-30,55.288841247558594,55.50156619510679,54.85372371326947,54.87306268018574,3026800
2023-08-31,55.54991149902344,56.159076044077146,55.404871092119436,55.404871092119436,5110500
2023-09-01,56.023704528808594,56.33312062782584,55.68528182317437,55.82065090542806,2428000
2023-09-05,54.55397033691406,56.333114558854994,54.17686973739639,55.96568528618828,3240800
2023-09-06,54.534637451171875,55.366190858819515,54.19621107862947,54.534637451171875,4024500
2023-09-07,55.35652160644531,55.58858550338209,53.99315589433434,54.26389403365182,3564500
2023-09-08,56.71989440917969,57.290381051580546,55.22115944005129,55.30818295121518,7177000
2023-09-11,56.990631103515625,57.522443484901274,56.30411436022071,57.09699357979275,4608600
2023-09-12,54.708683013916016,57.2420284791438,54.40893458131791,56.79724333802184,6302400
2023-09-13,53.41300582885742,54.660337845009494,52.803841279600306,54.58298566571618,6016900
2023-09-14,52.94887161254883,53.949639978498205,51.85624777530095,53.68373751411891,5495600
2023-09-15,52.65880584716797,52.948883001854774,52.09799050657763,52.533108082873404,6098900
2023-09-18,52.59111785888672,53.219621393351915,52.32521535471368,52.49442670982941,2859200
2023-09-19,52.06897735595703,52.7748367680091,50.43487331289012,52.359058183279664,5644100
2023-09-20,52.04964065551758,52.91020440879812,51.98195242606788,52.50409347475411,2856600
2023-09-21,50.82163619995117,51.73054538919891,50.55089438877908,51.517820470820176,4185400
2023-09-22,51.12139129638672,51.62419340368174,50.66693845382723,51.063378080353736,3466100
2023-09-25,51.80790328979492,51.952939994703826,50.84097716961388,51.07303737288029,3203000
2023-09-26,50.97635269165039,52.886030545427296,50.47355060286039,51.34378200810659,7229200
2023-09-27,53.258296966552734,53.548374089391565,51.643528291483044,51.65319593054768,7201400
2023-09-28,54.08985137939453,55.23082461324306,53.151935454881006,53.18094206112995,5618900
2023-09-29,53.374324798583984,54.631328069557966,53.11325429261907,54.51529796308375,3883800
2023-10-02,52.75550079345703,53.80945061873817,52.34938982528252,53.19061468206601,3948000
2023-10-03,51.74988555908203,52.649127131412335,51.150392407038616,52.446073534700425,4471900
2023-10-04,52.80384063720703,53.03106888551249,51.41146454155851,51.923937938331704,4563300
2023-10-05,51.7402229309082,52.4750889595006,51.26643112559428,51.38246124486061,5156500
2023-10-06,52.4847526550293,52.83284667520028,49.80636665374782,50.12545406841479,5394300
2023-10-09,53.200279235839844,53.248624807469604,51.60484955234312,52.15599718368984,2259500
2023-10-10,53.58705139160156,54.24456154143369,53.07458165572954,53.63540065527556,2667000
2023-10-11,54.186546325683594,54.33641870965187,53.48069062677413,53.625727346847384,2078700
2023-10-12,52.67814254760742,53.678911085728615,52.378394077170704,53.296974767900394,4401800
2023-10-13,50.82163619995117,52.85217949682537,50.536391087713305,52.62011561418218,5447300
2023-10-16,51.392127990722656,52.28169830666417,51.26642655441591,51.62418820856363,5269100
2023-10-17,51.15039825439453,51.6048510672923,50.60891824606541,50.91833433981611,7323200
2023-10-18,48.4913444519043,50.35751208386867,48.36564302854864,50.30916282898015,5847200
2023-10-19,47.379390716552734,48.91680374652906,47.17633707015787,48.25929353946175,6619900
2023-10-20,46.683197021484375,47.36004611754328,46.19973390837528,47.35037847823466,6322100
2023-10-23,46.89592361450195,47.61145066992427,46.48014502757956,46.79923246390506,4821800
2023-10-24,46.55750274658203,47.49541874789354,46.36411674918248,47.22468056465283,5126600
2023-10-25,45.48421096801758,46.7122077287773,45.26181837664815,46.28675782482633,10203100
2023-10-26,45.04252624511719,48.537203409352685,44.8386671764459,47.47909222690501,9527500
2023-10-27,45.139591217041016,45.353156059402075,44.3435815176332,44.76100168965121,6082500
2023-10-30,45.98413848876953,46.3141915699462,45.401693617560895,45.58613362938832,5355800
2023-10-31,46.265655517578125,46.68307570338193,45.74145290706718,45.95501775648146,5035100
2023-11-01,48.20714569091797,48.55661411470697,46.24138765865203,46.624831973470826,5725500
2023-11-02,48.50807571411133,49.49823497416612,48.35275683232396,49.25554898992997,5897400
2023-11-03,49.05168914794922,50.886394566324036,48.99344688266378,49.43027868468127,4212000
2023-11-06,48.79930114746094,49.148769578689134,48.45953852683598,48.944910525076374,3496700
2023-11-07,48.974037170410156,49.01286782044507,48.16928805689821,48.653689862264066,3605500
2023-11-08,49.459407806396484,49.50794426603841,48.88472827367579,49.08081823685719,3607800
2023-11-09,48.954620361328125,49.80887612072623,48.83813211784936,49.789460796297355,3935500
2023-11-10,49.993316650390625,50.12922021966355,49.162360753197206,49.48852931945223,2578000
2023-11-13,49.4496955871582,49.99331353345143,49.187594275718304,49.643845118198236,3827200
2023-11-14,51.264991760253906,52.13865913476961,50.517518438986194,50.70195846510635,4749800
2023-11-15,50.81844711303711,51.74065465718153,50.789325977916015,51.17762506063824,5927600
2023-11-16,51.1387939453125,51.18733040443645,50.410735949169776,50.59517597507859,4172900
2023-11-17,51.66299057006836,51.78433355528322,51.01744499998274,51.43001040909446,2855400
2023-11-20,52.02217483520508,52.604619795696024,51.459141497381715,51.69212170343494,4876500
2023-11-21,51.18733215332031,51.74065595304627,50.983476796178024,51.595046570699466,3030100
2023-11-22,51.20674133300781,51.44942731088936,50.905809387320794,51.24557197821145,2217200
2023-11-24,51.43001937866211,51.468850029445626,51.061135602408044,51.061135602408044,710800
2023-11-27,50.614593505859375,51.29411507250147,50.42044395780526,51.109675038552105,2709300
2023-11-28,50.119510650634766,50.74078617963517,49.808872886134566,50.61458843059001,3067700
2023-11-29,50.68254470825195,51.420312241738145,50.19717269525641,50.721375358034294,4059200
2023-11-30,50.43985366821289,50.53693028298119,49.702089911444894,50.47868431412021,9300800
2023-12-01,51.66299057006836,51.779478799008295,50.55634313740389,50.60487959087103,3099800
2023-12-04,51.89597702026367,51.92510186042703,50.75049872303167,51.14850364304653,3591000
2023-12-05,51.032012939453125,51.769780469893945,50.90096412584689,51.672703845838804,2474700
2023-12-06,51.45913314819336,52.30368301790111,51.381475560838645,51.672697993833594,2571000
2023-12-07,51.342647552490234,51.59504305631753,51.00288864706234,51.59504305631753,2465000
2023-12-08,53.65302276611328,55.20621172661214,53.07057412860527,54.41020192146965,10424400
2023-12-11,54.31312561035156,54.62376338306406,53.69185006492657,53.69185006492657,6106200
2023-12-12,54.6820068359375,54.798495069566684,53.313254352644385,53.98307002797407,3817200
2023-12-13,54.167518615722656,55.27902102538096,52.789063807437444,54.84704020848209,5095800
2023-12-14,57.08945846557617,57.44863272439087,54.37137218443197,54.68201368484115,6488700
2023-12-15,55.65275192260742,56.86618184902296,55.565384819781734,56.53612876091417,9179500
2023-12-18,55.09942626953125,55.798363114972524,54.749961549904995,55.75953246731592,3538000
2023-12-19,55.32270431518555,55.730415033366846,54.9441110300384,55.23533720370461,3905100
2023-12-20,54.54350280761719,56.03370803465701,54.52402253932814,55.10841944155566,2351800
2023-12-21,55.4395751953125,55.46879745671974,54.8064831688708,55.0499809595364,2481700
2023-12-22,55.614891052246094,56.03370752797021,55.2399061086463,55.62463304404316,1661400
2023-12-26,55.946048736572266,56.26259659446826,55.59541505349066,55.790210305597796,2377200
2023-12-27,56.27721405029297,56.47201304620777,55.84865923166585,55.887619773945175,1741800
2023-12-28,56.14085006713867,56.510967749586825,56.053190713808355,56.16033033626557,1846900
2023-12-29,55.95579528808594,56.34441608335551,55.76099630462413,55.92657302550364,1501800
2024-01-02,54.98180389404297,55.84865546616189,54.61655719463455,55.41035868377548,2912600
2024-01-03,53.47211456298828,54.50454278364862,53.36497494413153,54.50454278364862,3247500
2024-01-04,54.03702926635742,54.64577374310822,53.472116323983016,53.59873250000056,3597800
2024-01-05,54.27078628540039,54.75778184441373,53.98832796945715,54.24156402533234,3123600
2024-01-08,54.95257568359375,54.99153621902921,54.24643362736167,54.54350120796497,2561100
2024-01-09,55.32270050048828,55.439578406442685,54.26104992307487,54.533769990944,2591500
2024-01-10,55.55645751953125,55.60515633519005,54.8454444075646,55.273999187036125,2710500
2024-01-11,55.38113784790039,55.624635637442346,54.709081570856476,55.429836662712496,3146000
2024-01-12,54.679866790771484,55.86813727452439,54.49480979554835,55.65385801601638,2890700
2024-01-16,54.397403717041016,54.58733169222203,53.725351167591356,54.10520711795339,2844200
2024-01-17,53.62795639038086,54.338969514965314,53.5402970344468,53.97859009863555,4077400
2024-01-18,53.9591178894043,54.41689126016021,53.4818605318924,53.92989562475216,2422800
2024-01-19,54.42662811279297,54.60194682221908,53.28705650152327,53.900671984514645,4860800
2024-01-22,54.85518264770508,55.27399914995649,54.48019768035423,54.69934420841257,3123900
2024-01-23,54.455848693847656,55.16199083868324,54.12469153205653,55.02076538210142,2873600
2024-01-24,53.5402946472168,54.855181212118566,53.50133410954292,54.816220674444686,2718100
2024-01-25,54.84544372558594,54.894142540639194,54.11495035334283,54.18312943751367,3053000
2024-01-26,54.06624984741211,55.00128422266315,53.851974310057585,54.92336314327491,4136800
2024-01-29,54.84544372558594,54.85518200240402,53.76431294018911,54.1441688992785,3455300
2024-01-30,54.864925384521484,55.04998237260422,53.968851559820585,54.446108876587616,4502200
2024-01-31,53.28705596923828,54.87466261519098,53.22861887700096,54.58246600756004,4194200
2024-02-01,54.1441764831543,54.35845575798004,53.13609563687802,53.881198386454145,5211600
2024-02-02,55.303218841552734,55.49801782357299,53.335756182563145,53.69613559971915,4190800
2024-02-05,54.79674530029297,56.004496067695214,54.52402894317834,54.67986739231265,7718400
2024-02-06,52.897464752197266,54.57272713219069,52.83902394114058,53.43315918269775,8843000
2024-02-07,52.42995071411133,53.88119559436878,51.8455537354556,53.472121053243356,8359000
2024-02-08,53.62795639038086,53.666913214310355,52.09879051557238,52.65396519799424,5429500
2024-02-09,54.553245544433594,54.56298753711528,53.189660092041706,53.189660092041706,5578600
2024-02-12,54.58246994018555,54.952583935959815,53.81301596944975,54.27079304085895,4302300
2024-02-13,52.56630325317383,53.30653488811943,51.90398897773132,52.994858019144296,5188700
2024-02-14,53.569515228271484,53.67665485320507,52.692921674707165,53.09225791233502,2718300
2024-02-15,54.59220504760742,54.62629459038289,53.618213864900845,53.89093392258611,2461500
2024-02-16,52.595523834228516,54.33896894193054,52.48838420971879,54.13443168540188,4416100
2024-02-20,52.04035186767578,52.323783673117354,51.74815524092127,52.00139132664673,5462700
2024-02-21,52.37150573730469,52.68318261494553,52.079309128951586,52.244885844675146,4205900
2024-02-22,52.44942855834961,52.80980800446182,52.03061201377302,52.80980800446182,4948500
2024-02-23,52.790321350097656,53.15069703715383,52.00138717688467,52.4104653940815,4767700
2024-02-26,52.595523834228516,52.93739643341056,52.24488641418995,52.72214372823833,7976100
2024-02-27,53.60847854614258,53.6961379060427,52.52734767920159,53.06304211615493,5249800
2024-02-28,53.33575439453125,54.18312938058964,53.17017768042785,53.50133482411607,3522100
2024-02-29,54.134429931640625,54.319486912674016,53.34549576211249,53.66691090974748,10538900
2024-03-01,54.991546630859375,55.059725723039534,53.69906053269855,53.78379952754067,5588800
2024-03-04,55.66359329223633,56.05318750603452,53.91040632596021,55.157117470365584,19223200
2024-03-05,55.1181640625,55.74151785757733,54.64090672318546,55.33244332286347,7284100
2024-03-06,56.21877670288086,57.25120506032875,55.741519350781545,55.741519350781545,6712500
2024-03-07,58.00117111206055,58.12779099943428,56.101887663379806,56.101887663379806,5869100
2024-03-08,56.54018783569336,59.286842694220326,56.50122729637828,58.17649333211132,7192300
2024-03-11,55.65385437011719,56.394089733480016,54.98180180629795,55.91683242956334,3816900
2024-03-12,56.39408874511719,56.66680507658628,55.38113706325863,55.87787091207466,3577400
2024-03-13,56.355133056640625,57.484962732703515,56.15059579043963,56.355133056640625,9012000
2024-03-14,55.819435119628906,56.92004246321762,55.25451845932481,56.335649249196734,8735800
2024-03-15,55.56619644165039,56.257729292286626,55.137641657202906,55.2350392896514,5401700
2024-03-18,55.614891052246094,56.28694729795659,55.39574453806821,55.97527043911276,3141500
2024-03-19,56.95901107788086,56.97849134984121,55.5467229423525,55.64412430215423,4656900
2024-03-20,57.02718734741211,57.32912597461933,56.50123117697958,57.02718734741211,3838300
2024-03-21,58.2641487121582,58.96542351005179,57.299899580535794,57.5726159061694,5456200
2024-03-22,56.355133056640625,58.351814331301554,56.306434238328244,58.07909797636689,4895700
2024-03-25,55.87787628173828,56.44279298318942,55.64412046529635,56.2382557149323,3462600
2024-03-26,56.043453216552734,56.24799047200812,55.69281579835409,55.770733160464076,3645000
2024-03-27,56.179813385009766,56.481751998193566,55.53697933394233,56.42331118792139,2738200
2024-03-28,56.61810302734375,56.715500650022804,56.00448760111852,56.19928656195777,2819600
2024-04-01,55.907100677490234,57.056410679358244,55.82917959205017,56.60837186904156,4747700
2024-04-02,55.32270050048828,56.121373002893044,55.30322023024894,56.08241617789601,4133700
2024-04-03,55.45905685424805,56.053192072838385,55.06946260870856,55.235039327079505,3397100
2024-04-04,54.397403717041016,56.325909445078246,54.231827006567855,56.00449058524492,5987000
2024-04-05,54.97206115722656,55.540871652718984,54.368187662714185,54.78700416960479,4731000
2024-04-08,56.33565139770508,56.45252930187041,55.322699653654624,55.33244164636599,4186400
2024-04-09,56.59862518310547,56.773943883819335,55.63437232917922,56.627843728064015,2954400
2024-04-10,55.410362243652344,55.960669684024104,54.933108606433535,55.51750187683912,3117200
2024-04-11,55.147377014160156,55.58567376793326,54.670123438759354,55.58567376793326,2949900
2024-04-12,55.36166000366211,55.44444836401688,54.504546706598944,54.53376896915125,5654100
2024-04-15,54.017555236816406,56.19442633160489,53.900677324114476,55.809699332000754,3424900
2024-04-16,53.33575439453125,53.85197223690142,52.74649018739865,53.783793152802204,3170100
2024-04-17,52.839019775390625,53.94936908955776,52.352024201423895,53.618211950641125,2661800
2024-04-18,51.99164962768555,53.39419557309808,51.96242736609596,53.170178050145616,3076800
2024-04-19,52.13774490356445,52.76109864309102,51.942949646573425,52.18644743329358,3576700
2024-04-22,52.22540283203125,53.087387054197286,52.1085249379258,52.420201799194516,6856000
2024-04-23,53.705875396728516,53.83249529594725,52.26436883375453,52.27410711116444,6389200
2024-04-24,53.345489501953125,54.485057230949366,52.858493983821894,53.813004753501396,5190300
2024-04-25,58.25441360473633,58.410252044358934,55.161988646926595,55.27399926703728,10169100
2024-04-26,58.92646789550781,59.077435343310796,57.92033405942277,58.049874324919195,6684200
2024-04-29,61.0789909362793,61.24943866344125,58.92647114644702,58.92647114644702,9085500
2024-04-30,59.890724182128906,62.130903335907306,59.85176364003284,61.07899099220442,8036000
2024-05-01,59.53034210205078,60.89782511586014,59.10178730443683,59.65696200050917,4239400
2024-05-02,59.54010772705078,60.253337992310406,58.83664983268192,60.07747631401879,3608300
2024-05-03,60.663692474365234,61.44531443567143,59.89183915698333,60.663692474365234,3622800
2024-05-06,62.588436126708984,62.79361119361657,61.337840983195115,61.337840983195115,4583900
2024-05-07,62.783843994140625,63.20396648371595,62.22693440453243,62.5786689346924,4667500
2024-05-08,62.83269119262695,63.028101336319,62.48096411518347,62.78384424730504,2296700
2024-05-09,63.7413330078125,63.839034360478635,62.8229313477884,62.8229313477884,2662800
2024-05-10,63.99535369873047,64.79651660717515,63.74621416552913,64.0539730114521,2762700
2024-05-13,62.852237701416016,64.39594433638432,62.78384601273438,64.17122452835322,3664100
2024-05-14,63.4677619934082,63.79995551521549,63.01832983789768,63.3700606472772,4128300
2024-05-15,64.28848266601562,64.63044117350941,63.82927804703694,64.04422552435771,4180000
2024-05-16,63.5068473815918,64.50341309145263,63.45799297887492,64.14191734623478,4142400
2024-05-17,63.731571197509766,64.22985035663997,63.340758313656764,63.74133611535766,2405800
2024-05-20,64.4643325805664,64.83560066298101,63.50684153604981,63.7608709893517,3154100
2024-05-21,64.69882202148438,64.97141228988232,64.2493898507245,64.31778154075023,4427800
2024-05-22,63.84880828857422,64.34709488969537,63.370066430944014,64.11261014675301,3669900
2024-05-23,62.87177658081055,64.84341770225855,62.734993199984736,64.64996798568136,2769700
2024-05-24,64.14192199707031,64.16145928709251,62.8522446856662,63.09650180869073,2161600
2024-05-28,63.18442916870117,64.48387881873799,62.82293340657627,64.31778576834895,3267700
2024-05-29,61.621177673339844,62.617743309501776,61.59186801553137,62.52981433607634,3559000
2024-05-30,61.884979248046875,62.104809148082914,61.37203784520601,61.71888248131964,2601000
2024-05-31,61.73841857910156,62.19762308498983,60.209370590633355,61.972907017254606,6950500
2024-06-03,60.56599044799805,62.529815836710036,59.82344679777933,62.45165177792177,4750300
2024-06-04,59.86253356933594,60.6734652446332,59.56942577979557,60.36081643884778,2784800
2024-06-05,61.71888732910156,61.81659241340006,60.258230794216885,60.351049692533486,3198200
2024-06-06,61.044734954833984,61.611413224831686,60.39012770542383,61.42577544055841,2174200
2024-06-07,61.26945495605469,61.406238346633046,60.00908732503773,60.74185868347998,2323400
2024-06-10,61.10335922241211,61.64072411627509,60.71254635756574,61.04473617456484,2486400
2024-06-11,60.57575988769531,60.82001698401666,59.838102413225926,60.82001698401666,3712700
2024-06-12,62.901084899902344,63.33586223414777,61.464855704771374,61.464855704771374,3851600
2024-06-13,62.520050048828125,62.95971358192743,61.660263998219214,62.764303426030374,2374000
2024-06-14,62.87177658081055,62.876666493498384,61.191290253006464,61.87521088420314,4396200
2024-06-17,63.62409210205078,64.09306155981297,62.23670983574533,62.559127269723724,5551900
2024-06-18,64.21031188964844,64.34221281953455,62.96948156522334,63.14534698702628,3335900
2024-06-20,62.74476623535156,64.38617427677015,62.480968115080614,64.15168954346329,4508600
2024-06-21,61.61784362792969,62.6516674626545,60.402731855915405,62.57817215088164,6381300
2024-06-24,63.33271789550781,64.01867169908292,61.71583960351664,62.56837556613479,3802600
2024-06-25,62.64677047729492,63.68549131950864,61.71583852883528,63.58750005677692,3073600
2024-06-26,61.59824752807617,62.186202573677825,61.108283744032455,61.99021631243493,3312100
2024-06-27,61.9608268737793,62.57818236001031,61.6374526826004,62.0098225102455,3027400
2024-06-28,61.81383514404297,63.0681412827768,61.15728170458706,61.931425410017475,17783800
2024-07-01,60.65752029418945,62.7349620336799,60.61832229280699,62.7349620336799,2847400
2024-07-02,61.56885528564453,61.81383719512784,60.5203292739789,60.63792328198253,3241800
2024-07-03,62.18620681762695,62.28420182399965,61.19648155108991,61.56885509905164,1564600
2024-07-05,61.97062301635742,62.411587445482716,61.21607831642041,62.303798549600685,1994900
2024-07-08,61.86283493041992,62.93095624156835,61.58845264055334,62.196010488157796,2123800
2024-07-09,61.03969192504883,62.15680880602705,60.77511102090233,61.82363326800485,2658500
2024-07-10,62.32339859008789,62.44099260245537,61.03969572915935,61.265078645672546,2560900
2024-07-11,65.07699584960938,65.57675354535579,62.78396136580058,63.28372653780129,4800300
2024-07-12,64.67522430419922,65.64535057541093,64.64582767117078,65.42976529819619,3043700
2024-07-15,66.00791931152344,66.34109108459865,64.9103977816066,65.90012668464527,3941700
2024-07-16,68.47734832763672,68.68313225753256,66.34110553829439,66.409700181593,4893700
2024-07-17,66.2235107421875,68.02657398495722,66.20390800297008,67.69340218080588,5157600
2024-07-18,65.70415496826172,67.45821896395508,64.42044460341107,66.20391271002117,3961100
2024-07-19,64.91039276123047,66.28229269845596,64.6948075241482,65.95891484283254,2822400
2024-07-22,66.63507080078125,66.66446742993396,65.23377415989115,65.70414265509531,2999700
2024-07-23,66.89965057373047,67.95797412242345,66.20880733267751,66.45868616656867,4602700
2024-07-24,64.66542053222656,66.45868984289079,64.49883463375069,66.11571667654214,4618200
2024-07-25,63.528709411621094,65.10639347823734,61.25037694703947,63.24452950461366,7590000
2024-07-26,65.42975616455078,66.41948503712364,64.26364751842893,64.4792327655491,4351500
2024-07-29,66.26271057128906,66.43419342476979,65.00839689569843,65.9295312816972,3624600
2024-07-30,66.0765151977539,67.00744338260112,65.67474131242255,66.53708234386393,2606900
2024-07-31,66.74287414550781,68.09517163751552,66.30190968488165,67.54641453517989,3509500
2024-08-01,64.73402404785156,67.06625685154391,64.13137058170024,66.54689634605941,3211800
2024-08-02,62.705570220947266,63.76389010963033,61.343467685376126,63.24452966580337,3556900
2024-08-05,62.27439880371094,62.34789412201064,59.98136804914844,60.26554795290617,5120900
2024-08-06,62.85255813598633,63.84228714423357,61.774639228875294,61.97062550420292,3673100
2024-08-07,61.843231201171875,64.2342569285676,61.63254661844032,63.695293760095865,3040900
2024-08-08,63.18574142456055,63.509111883806355,62.14701297806585,62.597782561321054,2820300
2024-08-09,63.08773422241211,63.695292006852,62.62717080675048,63.07794032962166,2339900
2024-08-12,62.99954605102539,63.49931121839238,62.235199984133594,63.13673531638037,1997000
2024-08-13,64.15586853027344,64.21466180061877,63.234734088169205,63.61690529792413,2180800
2024-08-14,64.36164855957031,64.75362111609117,63.84228809958842,64.33225192617581,3502500
2024-08-15,67.02704620361328,67.3406227219122,65.6845427628862,65.6845427628862,5329300
2024-08-16,66.02751922607422,67.47781536866763,65.97852733165648,66.93885219629237,3675700
2024-08-19,67.26223754882812,67.41902957133951,66.08632728501324,66.08632728501324,2627000
2024-08-20,67.183837890625,67.68360308993232,66.78207143819517,67.29163053118648,2136500
2024-08-21,68.26176452636719,68.53123865242462,67.47781940623261,67.47781940623261,2671300
2024-08-22,68.18336486816406,68.5606316149453,67.67379832448536,68.18336486816406,1970700
2024-08-23,69.81983947753906,70.08441663232321,68.59493001302083,68.90850653688733,2509500
2024-08-26,70.26081085205078,70.81936932413386,70.07462967885962,70.15301821039836,3804300
2024-08-27,70.31961059570312,70.38820523248299,69.47687221454781,69.8590434017863,1997100
2024-08-28,69.68264770507812,70.7752648147123,69.38866645368373,70.26080136289899,2228200
2024-08-29,69.66304779052734,70.69687168227664,69.22208337182082,70.16281294764774,2672000
2024-08-30,71.31912994384766,71.57391321467087,69.99622917145541,70.23140970346297,3251000
2024-09-03,68.65372467041016,71.59350744500956,68.40874277252688,71.3779221786716,2988800
2024-09-04,67.7228012084961,68.59493622815367,67.22303600833965,68.45774695379774,3004400
2024-09-05,67.65421295166016,68.33036549350587,66.93886240255111,67.73260896618686,2535800
2024-09-06,68.08537292480469,69.81004011757871,67.58560775554706,68.2127608213293,4182600
2024-09-09,69.3102798461914,69.98642478105891,68.38914554422925,68.8007133265406,2910300
2024-09-10,70.38819885253906,70.64297463676888,69.57485717854524,69.95702833114397,3076600
2024-09-11,72.1912612915039,72.58323380934628,68.95750484087571,70.31960354628114,5269100
2024-09-12,73.85714721679688,73.99433648513606,71.72090471175953,71.96588661611585,4624100
2024-09-13,74.9742660522461,75.92479706206764,74.12172631146443,74.36670822219145,5091700
2024-09-16,75.56221008300781,75.90518321257514,74.60187784396581,75.53281345422397,3970500
2024-09-17,76.39514923095703,76.43434722925069,75.14084319057505,75.94438346496062,3517100
2024-09-18,76.62053680419922,78.14922137537907,75.70920389224496,76.7577260618049,4182300
2024-09-19,78.95276641845703,79.60931611603549,77.65926228574465,79.06055905253758,4061700
2024-09-20,78.3158187866211,79.06056592053179,77.89444958304391,78.26682688812672,5257800
2024-09-23,79.25653839111328,79.51132165016007,78.36480819883046,78.65878198118848,3580100
2024-09-24,78.79598999023438,80.00619382226523,78.55100806509562,79.37414374495944,3520400
2024-09-25,78.07083129882812,79.21244786754254,77.62006549304355,78.85477638139092,3589200
2024-09-26,78.17862701416016,78.90475825014794,77.81605856710262,78.80578011441314,3123700
2024-09-27,78.90377044677734,79.84450756223106,78.27172040721942,78.3354180963529,2822900
2024-09-30,78.8743667602539,79.1634510707547,78.04142983426523,78.69797950141187,4659500
2024-10-01,77.75724792480469,78.88416607831711,77.5122660425739,78.88416607831711,3991400
2024-10-02,78.9233627319336,79.18793987068337,76.92430970983956,77.21829095400918,3877600
2024-10-03,78.4432144165039,79.34474609518114,78.19823249449891,78.77638624182833,3427800
2024-10-04,79.17815399169922,79.43587543197795,78.33541564779405,79.32513715240587,2538600
2024-10-07,78.80577087402344,78.94786455384802,78.09042795741946,78.65878024795636,2856600
2024-10-08,79.21735382080078,79.63872304224144,78.90377724737439,79.63872304224144,2145500
2024-10-09,80.43245697021484,80.5108529703403,78.95766118833926,79.37413339728343,3955000
2024-10-10,78.8155746459961,79.687709583999,78.69798064630601,79.44272769183517,2958000
2024-10-11,79.97189331054688,80.33446921978555,78.6097945229065,78.6097945229065,3324400
2024-10-14,81.01061248779297,81.28499101820395,79.90329699684742,80.00128826110074,2670100
2024-10-15,79.97189331054688,81.64756863614213,79.87390204423367,81.33399209818725,2922700
2024-10-16,79.42313385009766,80.04538248441666,79.25654047849451,79.51132374425154,3326300
2024-10-17,79.80531311035156,80.76563805556913,79.63871972184022,80.07969166612801,2538600
2024-10-18,79.91310119628906,80.34426426952425,79.57992191452307,80.16787699711978,2307000
2024-10-21,79.74650573730469,80.53045081115619,79.38393730855817,79.89349637318364,2364500
2024-10-22,78.54119873046875,79.6681169670858,78.30601819953483,79.39373095869956,3426100
2024-10-23,78.34521484375,79.44273653425569,78.1296370347042,78.45300748640032,4213200
2024-10-24,71.43672943115234,74.39512834845688,71.28973878376988,74.18052245185378,10410100
2024-10-25,72.42904663085938,72.53712095539342,71.26971000968739,71.31882993260815,5301600
2024-10-28,74.33507537841797,74.5659532545393,72.21289685252701,73.06766445253169,4732000
2024-10-29,73.29361724853516,73.66696755688798,72.68447936992159,73.27397078294342,3798200
2024-10-30,72.3111343383789,73.44099733499853,72.13625004911158,73.03817355096757,4332100
2024-10-31,71.4465560913086,72.49781835658173,71.42690212609332,72.212895827292,3815700
2024-11-01,71.31881713867188,72.55675440939261,71.22056981466332,71.55461971124082,3524900
2024-11-04,71.13214874267578,72.31113161027433,71.04372090492124,71.07319435224267,3104600
2024-11-05,72.60588073730469,72.81023846634484,71.16162185895152,71.32864305685611,3475000
2024-11-06,74.05996704101562,74.15822186988446,71.1518025063248,72.93993095318845,7187900
2024-11-07,73.81433868408203,75.55334706443652,73.5981975680055,74.17786203093007,4133000
2024-11-08,75.33720397949219,75.78914770301037,73.9715458270072,74.03049272700798,3403900
2024-11-11,74.95403289794922,75.74001903619059,74.69858384252014,75.34702971496532,3256600
2024-11-12,74.11892700195312,75.20948972130975,73.75540359690372,74.86561278603445,4501000
2024-11-13,75.06209564208984,76.01511034035133,74.9147209214471,75.25859027242039,7806400
2024-11-14,73.65715789794922,75.43545953590392,73.59821099152165,74.91474187368239,4786000
2024-11-15,73.224853515625,74.04032062272447,72.70413590374903,72.9202845341408,4600500
2024-11-18,72.75326538085938,73.59820596227807,72.61080037233891,73.38205732575823,4798500
2024-11-19,73.02835845947266,73.3771376146411,72.04587014169407,72.15394445631298,6252900
2024-11-20,73.19538879394531,73.6866330140389,72.81516474816517,73.24451621427144,4662000
2024-11-21,74.6789321899414,75.17999578845287,73.16098218330285,73.49012233545315,9423300
2024-11-22,75.65159606933594,75.73019692917693,74.61016091170976,75.16035193901557,4481300
2024-11-25,77.48886108398438,77.57237169663301,76.07407542078033,76.1428493074199,7261200
2024-11-26,75.59265899658203,77.13516546642477,74.82631925301311,76.85024293431476,5718600
2024-11-27,75.55335235595703,76.14284384137724,75.16035553374658,75.88739478257182,4565600
2024-11-29,76.01512145996094,76.68321379491992,75.92669361632406,76.01512145996094,2001700
2024-12-02,74.95403289794922,76.6242600005291,74.88525901715572,76.48671223894209,3486700
2024-12-03,74.2564697265625,75.44527970550583,74.13856842856318,75.07193683886125,2789300
2024-12-04,74.05996704101562,74.83613371517498,73.63749676256916,74.11892143749513,2771600
2024-12-05,72.69430541992188,74.25842957324713,72.59605809151041,73.68662067719617,3246400
2024-12-06,72.37991333007812,73.41152907287021,71.83954924711314,73.08730612561656,3926800
2024-12-09,71.91813659667969,72.67465674361397,71.23039782291258,72.52728200758088,3768900
2024-12-10,71.53497314453125,72.14411860962468,71.0633829422192,71.56444659520186,4644300
2024-12-11,72.40938568115234,72.63928908579067,71.9987062858498,72.26201843081198,3394800
2024-12-12,72.25218963623047,73.18555051199492,72.23253567281752,72.66483291841323,3637300
2024-12-13,71.7314682006836,73.00378866716318,71.59392044732311,72.09498405065469,2927700
2024-12-16,70.33631896972656,72.20304784531466,70.14965132922025,71.9181253988911,6439000
2024-12-17,69.04927062988281,70.86098063943918,68.96085028841094,69.78613679197596,10450600
2024-12-18,65.85618591308594,69.43244252794129,65.79723901699407,69.31454873575755,6924000
2024-12-19,65.52214050292969,67.1923674457933,65.46318611375078,66.31795354683892,6533400
2024-12-20,67.51841735839844,68.14441152681356,65.7439561821539,65.7439561821539,11226900
2024-12-23,67.81416320800781,67.96203684984557,67.03536904741703,67.47898245176448,4040800
2024-12-24,68.46479797363281,68.57323814491617,67.48884395324859,67.60714437314843,1543400
2024-12-26,68.652099609375,69.03656654189079,68.08427418576404,68.17891300989344,3398200
2024-12-27,67.922607421875,68.92813470814956,67.5677136687978,68.10005429841361,2812200
2024-12-30,67.26211547851562,67.7057289214068,66.49317397838229,67.22268200252162,2634400
2024-12-31,67.29167938232422,67.82401995274064,66.96635889131994,67.4494057432816,2905400
2025-01-02,67.36068725585938,68.1739809764564,66.92692659358597,67.8930278356043,3680600
2025-01-03,68.27749633789062,68.52394989778077,67.68600929838745,67.74515574598803,3197700
2025-01-06,67.73529815673828,69.19332132512257,67.6071450081842,68.56338606148344,3532900
2025-01-07,67.24238586425781,68.40564692430134,67.0550787589701,67.95217329359495,4743200
2025-01-08,67.4789810180664,67.7155818484462,66.64104042701024,66.7889140657062,3798900
2025-01-10,65.56651306152344,66.91707387734344,65.30033898110894,66.69034079375555,6006500
2025-01-13,66.15799713134766,66.38473020457616,64.34409493968916,64.6595552093907,5862000
2025-01-14,67.42969512939453,67.84866166626664,66.67061395714151,66.92692776398228,3409700
2025-01-15,67.82402801513672,69.22388254013633,67.80430751694442,68.89856201046045,4877600
2025-01-16,68.75068664550781,69.37175446326127,67.97682633698632,68.22820627392652,4205400
2025-01-17,68.67182159423828,69.89127329270433,68.65210109815241,69.56890861584074,4601400
2025-01-21,69.54920196533203,69.89423546655453,69.20416094294329,69.371755090251,7455700
2025-01-22,69.03657531738281,69.9238097056471,68.97249498009623,69.63792265158604,5531200
2025-01-23,68.88870239257812,69.30275012558052,68.73097601142624,69.20416267604834,7828100
2025-01-24,69.12529754638672,69.51961722733637,68.82955026450867,68.9774239054477,5117800
2025-01-27,66.47344970703125,67.95709732354506,66.27628988172548,67.21281033367575,7166400
2025-01-28,66.34529876708984,67.06493892230695,66.18756488469595,66.97621925433448,7965300
2025-01-29,63.880767822265625,65.16232186292928,63.66388747907913,64.85672184543886,10172900
2025-01-30,65.03416442871094,65.44820459050459,64.33916360780806,64.68913096054956,5868900
2025-01-31,64.45252990722656,65.5566445225951,64.32437676841099,65.06373742092146,4966600
2025-02-03,62.25416946411133,63.43714351901569,62.07869314915022,62.678069879332426,9035700
2025-02-04,62.97381591796875,63.644166154353336,62.06686484418438,63.644166154353336,4740400
2025-02-05,63.6441650390625,64.28987216400655,63.131544942677884,63.7131717351367,4799500
2025-02-06,64.28495025634766,64.30467075440195,63.64416945057664,64.01878370194515,4182400
2025-02-07,63.259700775146484,64.71870922422481,62.63864048408244,64.31452175777876,7046600
2025-02-10,65.29047393798828,65.43834004236535,63.594872410257594,63.870899166648165,8101000
2025-02-11,64.23565673828125,64.85179061190121,62.40203796811231,63.585015757579164,9231900
2025-02-12,62.697784423828125,63.27941873888397,61.869700308317206,63.082255137937004,6518900
2025-02-13,62.76679229736328,63.13154628216072,62.323178887640566,63.13154628216072,6718300
2025-02-14,64.20608520507812,64.4229655630908,62.954104303595656,63.09211770939163,6754500
2025-02-18,65.64537048339844,65.82281735785735,63.969489185526896,64.20608251108337,7756200
2025-02-19,65.04402923583984,65.64536902469054,64.94051542755308,65.43834892928304,5168300
2025-02-20,66.15799713134766,66.25559178265173,64.50182883512298,64.87643555502918,5989100
2025-02-21,65.19190216064453,66.99594427887932,64.69899497125799,66.93679782292632,8044600
2025-02-24,65.60594177246094,67.02550918729656,65.15246059588698,66.29600874348061,9057200
2025-02-25,66.24671936035156,66.61147336672835,65.44821216714352,65.96083982589826,6459800
2025-02-26,65.16231536865234,67.37053701151976,65.15245512099038,66.84805670291483,4150500
2025-02-27,63.17097473144531,65.14260309993362,63.03295758676169,64.76798889637503,4530300
2025-02-28,63.880767822265625,63.93991427180157,62.77665313020982,63.12168662111288,6831900
2025-03-03,62.36260986328125,64.57083551098522,61.9732165309632,64.57083551098522,4146200
2025-03-04,61.189491271972656,62.26304370103609,59.31644265982329,61.268358218438436,5616900
2025-03-05,63.94977569580078,65.50735655781418,62.66821411041686,64.28494894421944,6529000
2025-03-06,64.44268035888672,64.6299799523682,63.15125857441347,63.516012555262016,4707600
2025-03-07,66.43402099609375,66.63118083552115,63.85118498106642,64.39338582124044,7017300
2025-03-10,66.0988540649414,67.64658226757969,65.15246568622219,65.16232593548311,6694400
2025-03-11,64.71870422363281,66.36501214500241,64.21593687190459,66.03969165146263,6152700
2025-03-12,64.50182342529297,65.59312197127004,64.36381003894674,65.28061754605555,3897900
2025-03-13,63.33856201171875,65.36933684609976,63.22026160073101,64.1370691026811,6151100
2025-03-14,65.58621978759766,65.83267334610879,64.22579885223584,64.54125910628346,4181800
2025-03-17,66.67060852050781,66.84312900590602,65.53692826045712,65.54678098675721,3886300
2025-03-18,66.34529876708984,66.46359165771979,65.7340912545617,66.4143054603458,3097100
2025-03-19,66.71990966796875,67.29168374599378,66.0298426918461,66.31572220969267,4408200
2025-03-20,65.48763275146484,66.57202678683265,64.81727884431959,65.98053981491975,4354600
2025-03-21,65.23133087158203,65.2806245953853,64.16664961522821,64.82715091682711,11049700
2025-03-24,66.99593353271484,67.08466072357932,65.90167914610204,66.21713939586286,4104200
2025-03-25,67.14380645751953,67.6219269511534,66.61146588147876,67.04522654073395,4016000
2025-03-26,66.01998138427734,67.5095482772348,65.71438137420591,67.23252869732362,3790500
2025-03-27,64.73841857910156,65.91153991776396,64.62012568523019,65.91153991776396,3837900
2025-03-28,62.431617736816406,64.92572656512566,62.36260728015576,64.69898598020401,4139200
2025-03-31,62.50062561035156,62.95015441604356,60.893747313019674,61.8302716124677,4839600
2025-04-01,62.638633728027344,63.17097428630787,61.39650575870613,62.3428902269546,4176400
2025-04-02,64.11736297607422,64.2948098509251,61.62325023981801,61.85984732648025,3159800
2025-04-03,59.858642578125,62.90480876688728,59.73048567241613,62.10629786904683,5760500
2025-04-04,56.368858337402344,58.26161986618383,55.07744033392675,58.06446002737291,6934400
2025-04-07,56.02383041381836,58.636236142918996,53.450854400039745,55.56049647338954,6336500
2025-04-08,54.76198196411133,58.12360847547625,53.766311205745524,57.384247772736906,6109600
2025-04-09,59.90793228149414,60.44027287776978,54.017689895383164,54.50567065559396,8776000
2025-04-10,58.21232986450195,58.813677149957066,56.27027837741823,58.29119680843574,7081300
2025-04-11,58.419349670410156,58.95169025765365,56.970205308135554,57.78842916430654,7161200
2025-04-14,59.73048782348633,60.45999205081274,58.46864673901154,59.4051673035672,5391500
2025-04-15,59.61219024658203,60.40084091226858,59.21786303344726,59.730486906289265,4390700
2025-04-16,58.350341796875,59.72062670909199,57.768711261945796,58.636228820612686,3909500
2025-04-17,59.05027389526367,59.54318101038079,58.399636653732394,58.892543768849514,3714300
2025-04-21,57.354671478271484,58.6362292089781,56.605450567002336,58.43906561335028,4607600
2025-04-22,58.626373291015625,58.912256558841385,57.34481178727581,57.34481178727581,3411500
2025-04-23,57.76871109008789,60.01637004173898,57.73913786723155,59.42487926053279,7743400
2025-04-24,59.45446014404297,59.710770200304374,58.1630420929158,58.36020569958466,4665900
2025-04-25,59.208003997802734,59.74034082387159,58.833393537501586,59.29672742891135,3869000
2025-04-28,59.63190460205078,60.33873247440692,58.92211715098492,59.3558740596458,4197200
2025-04-29,59.95722579956055,60.598006602795195,59.3854554574933,59.40516843430326,4881700
2025-04-30,61.65282440185547,61.78097754736832,59.227722237425176,59.74034234064247,8626200
2025-05-01,68.80984497070312,69.30767851223685,65.13275411813562,66.75934930772267,10603900
2025-05-02,70.74333190917969,70.96091361814415,68.5774145005643,69.23015962745771,6134500
2025-05-05,70.03125,71.11124334178805,69.8730135566674,70.46641342376984,5563200
2025-05-06,69.41807556152344,69.96202231262916,68.84445240247615,69.08181084758613,5031400
2025-05-07,69.22026824951172,70.1736709251738,68.49830080239727,69.6455395365544,5762100
2025-05-08,69.72466278076172,70.98564223376687,69.56641878949557,69.93235236018192,5140000
2025-05-09,70.6543197631836,70.75321847433884,69.91256811128731,70.24882523831272,5539900
2025-05-12,72.63233184814453,73.58177315750402,72.03892442749215,73.23562385911599,5802000
2025-05-13,73.82902526855469,74.25429657126595,72.84496523616178,73.29496310616223,10638400
2025-05-14,72.55320739746094,74.02681867243945,72.43452440824893,73.42352668188336,5086800
2025-05-15,72.67189025878906,72.79056570230368,72.28617243090093,72.32573342723532,3782500
2025-05-16,74.78836059570312,74.81802945899322,72.94881561682533,73.29496493102509,7296500
2025-05-19,74.99604034423828,75.46087259609848,72.94880604545152,73.52242159993929,6554500
2025-05-20,74.12571716308594,75.78427590252298,73.6312160277872,75.01582071572138,5093200
2025-05-21,71.29717254638672,73.28506929219508,71.1290439654522,72.99825771828333,5182000
2025-05-22,70.9806900024414,71.51475213674392,70.53564199660025,71.18838712035507,4882900
2025-05-23,70.19937896728516,70.59497380802793,69.48036942325565,69.8631142980683,4450700
2025-05-27,71.53453826904297,71.55431499505532,70.1103725405131,71.37629427898909,3453400
2025-05-28,70.25872039794922,71.72243949523599,70.18949054261118,71.63343291501063,3829800
2025-05-29,70.6246566772461,70.86201511251794,69.98180368395823,70.84223084137693,2998100
2025-05-30,70.41696166992188,70.74333424414087,69.79883522427478,70.51586793761648,6337900
2025-06-02,69.56642150878906,70.0708148188052,68.54775029803288,69.93235509377945,3564600
2025-06-03,70.0213623046875,70.11036888533592,69.1708197662125,69.6752054808636,3328900
2025-06-04,70.60486602783203,71.11915139419847,70.2092636411243,70.48618304817333,3280700
2025-06-05,70.6147689819336,71.12904688160852,69.90762838120536,70.89168843141155,3995900
2025-06-06,70.25872039794922,71.14882392764432,69.90267898607118,71.14882392764432,4754900
2025-06-09,70.86201477050781,71.11420763517393,70.26861491244787,70.50597334657414,3608500
2025-06-10,70.9609146118164,71.4702501897116,70.66421090534853,71.20816518537674,4815500
2025-06-11,71.6828842163086,71.88068164208767,70.78288857439114,71.34661953789842,6236200
2025-06-12,71.6828842163086,72.00924921429524,71.15870670156662,71.49497137997679,4131200
2025-06-13,70.4565200805664,71.17849506258462,70.22905378239514,70.62465620217957,3559100
2025-06-16,70.25872039794922,70.9727801396452,69.71476614494435,70.76311365569116,4711500
2025-06-17,69.01258087158203,70.04114419266143,68.72576929253681,69.5960961656365,5685100
2025-06-18,69.0916976928711,69.82355724411993,68.7752172751293,69.06202883269034,4073100
2025-06-20,69.69499969482422,70.07972156452495,69.11148436053182,69.70489183147038,10629700
2025-06-23,70.9905776977539,71.0548652562057,69.27960809339015,69.62575735911507,3283000
2025-06-24,71.66310119628906,71.74222318617588,71.00047150833555,71.44551949684444,3664500
2025-06-25,71.63343048095703,71.89057316868438,71.20815922819136,71.65320720517234,3344200
2025-06-26,71.79167175292969,72.5037546005141,71.3960768780393,71.71255730524476,3939900
2025-06-27,72.85979461669922,73.45319446305925,72.216941639189,72.53342206028024,6162900
2025-06-30,72.38507843017578,72.91914056050712,72.18727344922611,72.81034970735693,4623500
2025-07-01,73.48287200927734,74.0515452988864,71.5147520503849,71.80156361543187,5148100
2025-07-02,74.43231201171875,74.49164973261209,73.2296818862275,73.4927553398066,3606600
2025-07-03,74.81802368164062,74.99604439312385,74.42242126217917,74.6795639666524,1423400
2025-07-07,73.81912994384766,74.88725422249384,73.46308851763226,74.7191256449723,2857500
2025-07-08,74.07627868652344,74.57572216473476,73.54221650368409,73.88836582251814,4506600
2025-07-09,75.05538177490234,75.17900705883062,73.92791978911545,74.58066491009129,4119300
2025-07-10,75.92570495605469,76.43009825311874,74.66967532686297,75.16417648796804,3461600
2025-07-11,75.77735900878906,76.05922074088195,74.92681642640453,75.01582301164794,3805100
2025-07-14,75.76747131347656,75.93065760814193,75.1542871346269,75.45099086047107,2566400
2025-07-15,74.55099487304688,75.81692422683832,74.53121814594367,75.11472591410302,3194900
2025-07-16,74.60044860839844,74.80813819935206,73.2652969262742,74.58067188113633,4424900
2025-07-17,76.08394622802734,76.15317608628624,74.31857352419253,74.57077393644815,2778000
2025-07-18,75.78724670410156,76.4103230082883,75.56967252720725,76.34109314621078,5031700
2025-07-21,75.35575866699219,76.33775207102447,75.34583740133698,76.1790496590828,4393400
2025-07-22,75.80211639404297,75.90130634636142,74.83004426653056,75.20696911242399,3395300
2025-07-23,78.9663314819336,80.08719239140424,77.18088195845856,77.27015821848669,6914600
2025-07-24,78.7977066040039,79.99792248918989,78.7977066040039,79.1647102016002,3574500
2025-07-25,80.07727813720703,80.15662556281511,78.86714097610674,79.14487588500674,3401200
2025-07-28,79.53172302246094,80.43436148778835,79.37301303382253,80.26573780064163,7126100
2025-07-29,71.09052276611328,74.13570050816364,70.41602048606427,73.28265328434551,13098800
2025-07-30,67.64857482910156,70.8822186461707,67.19229500681824,70.87229738089923,10081700
2025-07-31,68.065185546875,69.04717892477295,67.4501957436608,67.4501957436608,7641100
2025-08-01,66.3789291381836,67.45019881801385,65.90281432562026,67.45019881801385,5451600
2025-08-04,66.00200653076172,66.8054550341676,65.62508166065832,66.17063021730465,4833800
2025-08-05,65.84329223632812,66.34917083057958,65.21838872651746,66.31941460168977,3658900
2025-08-06,65.57548522949219,66.02184384332273,65.10928408259286,66.02184384332273,3578900
2025-08-07,65.8234634399414,66.45828827476122,65.56457211601148,66.36901957972826,4024700
2025-08-08,65.49613189697266,66.34917921559118,65.42967227460872,65.97225432250524,3321200
2025-08-11,64.35542297363281,65.40685770105394,64.01817560833203,65.33742397480327,5173000
2025-08-12,65.19855499267578,65.59531480896628,64.48437521501943,64.82162257240803,2989300
2025-08-13,66.50788879394531,66.68146933921393,64.97537471273539,65.48621021723564,3761200
2025-08-14,65.22830963134766,66.09127053521297,64.96048843740391,65.8532131377027,3743200
2025-08-15,64.87122344970703,65.67467194192855,64.80178972282009,65.49612699168948,2968200
2025-08-18,65.95240783691406,66.03176283103257,64.7720344621636,64.81170439151408,3660500
2025-08-19,66.4384536743164,67.26173717018445,65.53580761402394,65.9524099952163,6606600
2025-08-20,66.29957580566406,66.64675200949226,65.86809532703758,66.27974084118952,5520200
2025-08-21,64.484375,66.16070565105045,64.38022062956058,66.06151569730856,10279800
2025-08-22,67.20221710205078,67.43036079986409,64.52405059148775,64.81169917854065,5535000
2025-08-25,65.46636962890625,67.20222033876361,65.42669213312735,66.87488667436904,4921300
2025-08-26,65.94249725341797,66.02184468357592,64.72243875626646,65.58540733072529,5909300
2025-08-27,67.04351806640625,67.50971923579111,65.81354582663364,65.92265706064752,7197500
2025-08-28,65.63500213623047,67.3807743467165,65.40686596445957,67.25182814387685,3615200
2025-08-29,64.67284393310547,65.96233624007037,64.36535275726243,65.83339003645771,6863600
2025-09-02,62.9865837097168,63.97849841380682,62.22280893350496,63.64125104691635,6414700
2025-09-03,61.96491241455078,63.19488452150257,61.26561073598888,62.946905846923904,6925600
2025-09-04,63.02626419067383,63.16513165040595,61.945076960660884,62.37160060632637,4471300
2025-09-05,64.98033905029297,65.10234565740767,63.66604743236602,63.829714278419225,5021900
2025-09-08,65.07952880859375,65.60028557753365,64.53397265680735,65.08945007527417,5761700
2025-09-09,62.95682907104492,64.33558993916995,61.94507559323234,63.87931007187832,5695200
2025-09-10,61.99467086791992,64.27607778294292,59.61407399305003,63.323836762682305,13960300
2025-09-11,61.796287536621094,62.74852477876338,61.15154522602357,61.49871387143343,7588500
2025-09-12,61.17137908935547,62.024426355690295,60.88372669570543,61.270572831867874,5224900
2025-09-15,60.74485778808594,61.498711293889336,60.189384194856814,61.3995213376022,6925600
2025-09-16,60.4373664855957,61.39952501133807,60.377850237949794,61.18130255382425,5181000
2025-09-17,60.22906494140625,61.875643278074975,59.74302504811797,60.71510105084003,7077800
2025-09-18,60.605987548828125,61.19121738179929,60.21914141554884,60.64566504553737,4700800
2025-09-19,59.901729583740234,60.7845330827837,59.87197335285026,60.70518187245898,5733500
2025-09-22,59.8223762512207,59.98108245009444,59.177630189878116,59.5148813354666,4220000
2025-09-23,59.256988525390625,60.31833699972829,58.954454225486906,60.0306808155814,5200200
2025-09-24,58.51305389404297,59.56448112762094,58.4832938779489,59.01892876138743,4148000
2025-09-25,58.27499008178711,58.79574682584696,57.848466447416314,58.08652764626338,4821200
2025-09-26,58.364261627197266,58.80070273695687,58.11628294995457,58.42377787192308,6079400
2025-09-29,58.65191650390625,59.15779132939864,58.27498786335346,59.15779132939864,4745100
2025-09-30,59.21731185913086,59.32642308801927,58.46345452345887,58.5229707711765,6126800
2025-10-01,58.979248046875,59.32642046744409,58.721351885866106,58.91973558564067,3592600
2025-10-02,58.42377853393555,59.57439945802546,58.255151063895504,58.85030216633438,3830100
2025-10-03,59.1677131652832,59.46528681749009,58.22539344674949,58.453533372903244,5611200
2025-10-06,59.326419830322266,60.27865703838866,59.07149778157102,59.86205089495067,5103500
2025-10-07,58.701515197753906,59.60911810197507,58.552726471737344,59.346261298686365,5700500
2025-10-08,59.316497802734375,60.03067759154171,58.136120681881586,58.572561784011484,8457300
2025-10-09,57.63024139404297,60.00092065766343,57.19876092991278,59.584314524462236,6201100
2025-10-10,56.20188522338867,58.775905010774395,56.11261275146044,58.07660335002749,5625800
2025-10-13,56.410186767578125,57.24339524976978,56.246523721178534,56.96566035032397,3240900
2025-10-14,57.03509521484375,57.40706322711447,54.88264213342058,55.08102204621486,6553500
2025-10-15,56.747440338134766,57.828627536481136,56.31099922263742,56.97558027013481,7907900
2025-10-16,56.291160583496094,56.911107285957506,55.844798200953,56.85655167343255,7265600
2025-10-17,55.74560546875,56.53913645165146,55.68608922608707,56.36059150751686,6011900
2025-10-20,57.20372009277344,57.22355884123826,56.33083786344751,56.33083786344751,7440800
2025-10-21,59.33633804321289,59.48016613117977,56.68792756618967,56.87639000015264,5984500
2025-10-22,56.28124237060547,60.08523437940669,56.152292398688076,59.68350634840527,10575300
2025-10-23,56.658164978027344,57.04501109450541,56.142368894771856,56.529218795104114,3932400
2025-10-24,57.372344970703125,57.91789728534725,57.183882544583646,57.44177869526578,4292700
2025-10-27,57.81871032714844,58.45353514681622,57.38226542573604,57.96749526583998,6363700
2025-10-28,58.265071868896484,60.07035634268254,57.97245506114616,59.514882741573615,9614600
2025-10-29,60.49052429199219,62.05879790368758,57.25440570846997,57.55312358726816,13232900
2025-10-30,58.598636627197266,60.73945500323002,58.10077224192489,59.81342694275109,10231800
2025-10-31,59.23590850830078,59.56449704004299,57.682570199108255,58.39949615695157,5294800
2025-11-03,57.61286926269531,59.17118347503135,57.31415138088828,58.68825439688141,4744500
2025-11-04,57.30419158935547,57.657674856985885,56.597225054094636,57.115004485081194,5135400
2025-11-05,56.607181549072266,57.49338338407473,56.37816437769095,56.915858848796994,6333200
2025-11-06,56.32837677001953,57.47346638616339,56.188975348590645,56.46777819144841,5344400
2025-11-07,57.26436233520508,57.27432175043624,55.352564838451414,55.73094285075207,5669400
2025-11-10,57.08513259887695,57.55312254107227,55.90021292347122,57.46350679922145,4054700
2025-11-11,56.72666931152344,57.353975702537205,56.393097286380005,57.32410505489002,3955100
2025-11-12,55.750858306884766,57.50333935890604,54.755129486817125,56.915859203129976,7253700
2025-11-13,54.924400329589844,56.866072244799554,54.79993422987645,55.71102699139543,5356900
2025-11-14,53.868927001953125,54.65356330833844,53.72952557655573,54.33692075727637,6034900
2025-11-17,52.903072357177734,53.968501872318754,52.723840868798504,53.90875677672436,5766600
2025-11-18,51.7878532409668,53.02255862484303,51.73209267123852,52.484864160974155,6507000
2025-11-19,51.03110122680664,52.19610210475057,50.812039674343765,52.19610210475057,6655600
2025-11-20,50.144901275634766,51.76794022816045,50.08515618223495,51.28003146140475,6400900
2025-11-21,52.1861457824707,52.49482307509485,50.35400465516136,50.66268194778551,12733000
2025-11-24,51.52896499633789,52.85328611319745,51.41943422145129,52.176190230629295,9383900
2025-11-25,53.71957015991211,53.95854294765399,51.912319935394734,52.03678603687813,11511500
2025-11-26,54.1278190612793,54.627673833116624,53.4756179020985,53.799226728669616,6536600
2025-11-28,54.64559555053711,54.670486490557785,53.8739042402242,54.366788914117514,2897200
2025-12-01,54.018287658691406,54.625682837344826,53.67973971313396,53.829100553210814,6689200
2025-12-02,53.59012222290039,54.496235253784064,53.21174422586212,54.426534543593306,3768800
2025-12-03,54.3867073059082,54.41658175354436,52.972774198995026,53.36110783262882,9752500
2025-12-04,54.26721954345703,54.8995056595005,53.39097713681692,53.749440112188054,12206300
2025-12-05,54.0581169128418,54.56593692437011,53.76935465216693,54.28713407869997,9063800
2025-12-08,52.803497314453125,54.1278184483569,52.76367104903953,54.00833205530821,13159200
2025-12-09,52.61431121826172,53.20179137642672,51.79781388635836,52.58444056902751,12466900
2025-12-10,53.17192077636719,53.83905726590842,52.11644685440193,52.72384204541948,16529100
2025-12-11,53.91871643066406,54.3568357384182,52.94289885698684,53.51046777163745,6583800
2025-12-12,52.71388244628906,54.635639375784145,52.56452540209654,54.625683758866245,6481000
2025-12-15,52.35542297363281,53.11217520256904,51.996959992093124,53.11217520256904,7322300
2025-12-16,53.21174621582031,53.43080776941426,52.146316693456235,52.53465032144262,8125700
2025-12-17,52.17618942260742,53.51046613542811,51.70819568203183,53.231659495015236,9700300
2025-12-18,52.97277069091797,53.8290980306337,52.883154950752285,53.20178784947389,8212600
2025-12-19,53.54033660888672,53.58016667144511,52.50477777279144,52.82341067645094,12875300
2025-12-22,52.97277069091797,53.89381903248523,52.74375353236205,53.74943790675142,5929900
2025-12-23,53.11217498779297,53.41089287173342,52.65414064585735,53.00264421072055,4527900
2025-12-24,53.27149200439453,53.4308084640603,52.932944052804274,53.34119271809805,1663200
2025-12-26,53.361106872558594,53.42085196835195,52.9926882778428,53.17191976681891,2101500
2025-12-29,53.381019592285156,53.59012172089868,53.17191746367163,53.331233913815815,3640300
2025-12-30,53.20178985595703,53.65484448281205,52.952857657042166,53.23166050433756,3498000
2025-12-31,52.61431121826172,53.311322154824204,52.55456612138927,53.09226059802924,3218700
