Date,Close,High,Low,Open,Volume
2019-01-02,22.269086837768555,22.3128801287311,21.36036734927318,21.480800639624697,4878800
2019-01-03,22.166902542114258,22.56104495424328,21.977129753991523,22.210695834092224,4573600
2019-01-04,23.079269409179688,23.166855987430058,22.546445257475096,22.61943500079278,4521400
2019-01-07,23.363927841186523,23.63399088165748,22.88219884851108,23.093867585042855,7387000
2019-01-08,23.363927841186523,23.63399088165748,22.962486317875168,23.422320752962065,4106100
2019-01-09,23.670488357543945,23.73617900028097,23.269045386132824,23.64859240474083,4651200
2019-01-10,23.531803131103516,23.787994621051435,23.221597090779074,23.64858615574036,6308800
2019-01-11,23.81646156311035,23.991634707780612,23.327430733558103,23.363924906670498,6311800
2019-01-14,24.13032341003418,24.323745089104182,23.517211658538628,23.590200025774493,6985400
2019-01-15,24.159509658813477,24.188706110462856,23.685079848981996,24.07192308819221,4303300
2019-01-16,24.779924392700195,24.91130565492944,24.298194025968687,24.47336718605623,4819100
2019-01-17,24.743427276611328,24.89670446955887,24.283592913441854,24.66313842764066,7548800
2019-01-18,25.86016845703125,25.896662633773325,24.809121131492617,24.96239834440565,9676300
2019-01-22,25.677690505981445,25.962348935146977,25.436823967871074,25.757979352018236,6488900
2019-01-23,25.50981903076172,25.97695116962684,25.279900429928883,25.874766362290995,5164000
2019-01-24,25.65579605102539,25.7506803433754,25.400331272945515,25.436825445720665,3912900
2019-01-25,25.867464065551758,26.10833062416218,25.663094465029207,25.88206229192151,3418900
2019-01-28,25.79447364807129,25.940453115727237,25.597401784384772,25.692288856010155,3565600
2019-01-29,25.58281135559082,25.816377461289292,25.560915403283968,25.597409585237926,3907300
2019-01-30,25.464946746826172,25.870087082556022,25.406018622892795,25.685932129044126,3849200
2019-01-31,24.98614501953125,25.376555467323943,24.581004646899746,25.23659589151866,6826200
2019-02-01,25.185035705566406,25.369190697648595,24.971418050337526,25.104009869435277,7465200
2019-02-04,25.376558303833008,25.39865600354307,25.05981149473865,25.22923374914086,3595800
2019-02-05,25.324993133544922,25.48704760193943,25.170300817830157,25.383921264784213,3200300
2019-02-06,25.428119659423828,25.534929883693586,25.229231946298963,25.229231946298963,3488200
2019-02-07,26.208940505981445,26.533052288911822,25.789064527891693,25.7964323013573,9760600
2019-02-08,26.01741600036621,26.282599627796277,25.6491060311538,26.032148736332555,4829200
2019-02-11,26.113176345825195,26.2163026835267,25.995317272740337,26.172104477376646,3125800
2019-02-12,26.533044815063477,26.62880617326646,26.312059443040898,26.37098756425557,4723200
2019-02-13,26.74666976928711,26.879261577021076,26.463069532196478,26.525681549742536,5670300
2019-02-14,26.444656372070312,26.709837184089547,26.19052159932212,26.488851769082515,6129900
2019-02-15,27.033946990966797,27.06341245711056,26.628806666425398,26.717200254875163,3192800
2019-02-19,27.313858032226562,27.365421183044063,26.77612321373381,26.923447706061374,4750600
2019-02-20,27.74110984802246,27.770575323225902,27.081834592752948,27.262305710904865,4372700
2019-02-21,27.424354553222656,27.792664449682775,27.254932338048782,27.770566755089252,4322600
2019-02-22,27.424354553222656,27.52011591309711,27.144438245118142,27.461184980872368,4017500
2019-02-25,27.284406661987305,27.755843032910057,27.284406661987305,27.696912081553503,3694900
2019-02-26,27.02659034729004,27.380167656651512,26.938196722445337,27.129719521255304,3734400
2019-02-27,27.277029037475586,27.321227235031632,26.908719154452772,27.10760682848286,2860700
2019-02-28,27.210735321044922,27.38015754357931,27.13707446254532,27.365427619864693,3530300
2019-03-01,27.25493621826172,27.682177107771732,27.09287894155352,27.41699349496992,3403000
2019-03-04,27.144439697265625,27.623243712270984,26.8939888418751,27.299131997640405,3610000
2019-03-05,26.916091918945312,27.136341112492737,26.53304923234502,27.09287912200272,3525600
2019-03-06,26.31943130493164,26.90209797348435,26.289965831608257,26.842430811501824,3178900
2019-03-07,25.722766876220703,26.14264282590182,25.660154855910612,26.105809581030414,4455500
2019-03-08,25.60491371154785,25.71540785171444,25.3544627624886,25.435491423946402,4147200
2019-03-11,25.85535430908203,25.91796912876523,25.523877641258654,25.737495251416,2968700
2019-03-12,25.82589340209961,26.083709230094268,25.70435045033851,25.958485202205942,3449300
2019-03-13,26.150007247924805,26.27155020952915,25.7964300223338,26.01005047424774,3441600
2019-03-14,26.32679557800293,26.429921910941527,26.102126291251633,26.186836003316127,3821000
2019-03-15,26.422550201416016,26.533044290232432,26.205248719386844,26.282593457565774,4576400
2019-03-18,26.81296157836914,26.9087201282338,26.518312537295476,26.53304527034731,3817700
2019-03-19,26.32679557800293,27.092878112681863,26.297330108597098,27.08551315032132,3404900
2019-03-20,25.236602783203125,26.359949532703556,25.229237818772475,26.238406544728242,6006200
2019-03-21,24.51470375061035,25.089269051627408,24.463140594234385,25.089269051627408,6460800
2019-03-22,23.402416229248047,24.3452888692991,23.063570320486402,24.3452888692991,7395300
2019-03-25,23.284557342529297,23.704430494161326,23.052521662156988,23.43924685945012,6415800
2019-03-26,23.733896255493164,23.814924901527085,23.321388062039638,23.5129094222164,8749300
2019-03-27,23.564468383789062,23.733892013853094,23.302968679220754,23.623397914466295,5497000
2019-03-28,23.888586044311523,23.91068374439521,23.47607925118645,23.645500103462116,4046300
2019-03-29,23.940143585205078,24.18322946886138,23.848066109877365,24.131663497494838,3938000
2019-04-01,24.86092185974121,24.930901650096185,24.16113238613729,24.17586512147423,4949000
2019-04-02,25.052440643310547,25.288161587844147,24.676765744487952,24.8535557503927,4505300
2019-04-03,25.155569076538086,25.663835762960954,25.03771001258575,25.442850369298043,4797100
2019-04-04,25.560710906982422,25.77064746456358,25.059809153809503,25.059809153809503,4362700
2019-04-05,25.472322463989258,25.737503319378167,25.21450376266377,25.54598334437799,3839700
2019-04-08,25.538610458374023,25.678570037072838,25.302892316334013,25.3544554842814,2533000
2019-04-09,25.015609741210938,25.472316077050223,24.87933686566266,25.332356505429704,4010900
2019-04-10,25.126108169555664,25.25133221837172,24.73938155295127,25.140840906472068,5313400
2019-04-11,25.310253143310547,25.575436682830023,25.052434564341667,25.26605495006359,5809500
2019-04-12,25.82589340209961,26.04687879894957,25.19976483271265,25.811160667645378,4808900
2019-04-15,25.376558303833008,25.9142905399745,25.284480808398186,25.825896931152077,3685600
2019-04-16,25.70803451538086,25.722764439955842,24.952998026741355,25.472316382436016,5238700
2019-04-17,25.78169822692871,25.85535909786995,25.46495142391359,25.678571883618133,6190200
2019-04-18,26.0468807220459,26.437288378971513,25.73013393284822,25.921653874930033,7898300
2019-04-22,26.297327041625977,26.426234942765117,25.825890826041977,26.135269788775915,7448900
2019-04-23,26.591976165771484,26.673004801016056,26.08370946739437,26.20156853411871,5423900
2019-04-24,26.37836456298828,26.54041906050256,26.168427964632276,26.47412314470685,3669400
2019-04-25,26.31206512451172,26.540415507249968,25.99531832589214,26.19420604665202,2680600
2019-04-26,26.496212005615234,26.650901471123788,26.16473257239604,26.341519730125473,3017600
2019-04-29,26.805593490600586,26.98238347515532,26.566930523928537,26.591973078841544,3033300
2019-04-30,26.902206420898438,27.003273825977175,26.530628991976943,26.8799098474238,5657700
2019-05-01,26.671838760375977,27.19204794953094,26.47861966235888,26.887354441369208,5017500
2019-05-02,26.939359664916992,27.09913804942947,26.664393201422406,26.67925663659919,4030700
2019-05-03,27.348098754882812,27.414982806838154,26.998817892370116,27.0656991094146,4094700
2019-05-06,27.192031860351562,27.36295710917024,26.67182297899757,26.67182297899757,3381600
2019-05-07,26.679269790649414,27.013687324823273,26.54178507366093,26.798174495778557,3006500
2019-05-08,26.508338928222656,26.790738637327635,26.292826121056372,26.538065810215077,4487700
2019-05-09,26.619810104370117,26.70898790466924,26.069877028462503,26.218505750657325,4440300
2019-05-10,26.790735244750977,26.865052440321055,26.18878155264462,26.567789327863025,4005000
2019-05-13,25.65370750427246,26.35970522669727,25.60911718967656,26.19621024142326,4058100
2019-05-14,25.94353485107422,26.240797915310285,25.594251175833445,25.646271786838156,3412900
2019-05-15,25.42332649230957,25.679715820252053,25.06289593995876,25.57938832892206,3971800
2019-05-16,25.832063674926758,26.062442719830436,25.57939088967825,25.58682402640055,3301300
2019-05-17,25.832063674926758,26.099599898708828,25.497646230110202,25.497646230110202,3463300
2019-05-20,25.898950576782227,26.06987872124515,25.71687839583336,25.720594964602903,2657800
2019-05-21,26.211078643798828,26.378287394107325,26.069880206536354,26.151624879744205,3425400
2019-05-22,25.921239852905273,26.069871377795238,25.772608328015306,25.96582732593488,2069500
2019-05-23,25.28213119506836,25.638845223201837,25.088909324676624,25.638845223201837,4072100
2019-05-24,25.594257354736328,25.64627797829973,25.278417044555294,25.41590174106506,3329900
2019-05-28,25.088911056518555,25.616553250617322,25.081480754026476,25.460488549170798,3341400
2019-05-29,25.2301082611084,25.270982005520615,24.61700492983598,24.77678333938078,2929400
2019-05-30,24.910552978515625,25.46791916224906,24.739627689026694,25.237540119071276,2777100
2019-05-31,24.211990356445312,24.613291886924173,24.17854690854052,24.31603159897358,3362200
2019-06-03,24.59842872619629,24.828807790771894,24.048495628051164,24.137673431956348,4301500
2019-06-04,25.66857147216797,25.705728650975846,24.95514343337702,25.007164050690257,3276700
2019-06-05,25.497644424438477,25.690863441869503,25.107486986567643,25.690863441869503,3846900
2019-06-06,25.571962356567383,25.683436735823783,25.05546988017444,25.423330795862594,3257200
2019-06-07,25.163230895996094,25.47535466181302,25.12235714072317,25.46049122035818,2455500
2019-06-10,25.609119415283203,25.8320653378163,25.401036932240476,25.505078173761838,7128100
2019-06-11,25.89151954650879,26.181349534338423,25.73545768150995,25.750321121259066,2841200
2019-06-12,25.824636459350586,26.02528865116656,25.705731771783125,25.87665708297939,4132800
2019-06-13,25.921239852905273,26.136752587339654,25.787471763995356,25.995554197894982,3314600
2019-06-14,25.988126754760742,26.1070314207642,25.49392808500133,25.936106140566157,2701200
2019-06-17,25.549665451049805,26.18877909850571,25.490211700165126,26.02528411848372,1625600
2019-06-18,26.22593116760254,26.263088337213308,25.34157522235042,25.46791300091943,3578300
2019-06-19,25.765182495117188,26.701559382881044,25.705731569257534,26.404296248848727,3834200
2019-06-20,25.980695724487305,26.01785290407955,25.178089872632622,25.839497308072325,3969600
2019-06-21,25.85436248779297,26.185066227780734,25.82463560815308,25.943540291801362,5422900
2019-06-24,25.609119415283203,26.103318147420893,25.549668492232943,25.802341293746775,3906000
2019-06-25,25.519941329956055,25.6537094489732,25.088910094253883,25.549668208606793,3060600
2019-06-26,25.557098388671875,25.928675865296732,25.54223494941754,25.623982447860797,3707100
2019-06-27,25.839492797851562,26.02528149829492,25.664850965849112,25.690861270514755,3405700
2019-06-28,26.277957916259766,26.567787875865267,25.765179217039897,26.277957916259766,5347600
2019-07-01,26.456314086914062,26.972806530865856,26.21107443682933,26.597515336424745,4665200
2019-07-02,26.025285720825195,26.43030379274769,25.843213558624967,26.32997912559154,4293400
2019-07-03,26.389429092407227,26.44145254321141,25.965831028756064,26.114462574841426,1999000
2019-07-05,26.671838760375977,27.065710095706216,26.59752437688756,26.716429091416234,2759000
2019-07-08,26.456314086914062,26.80559780739495,26.381999728685003,26.44145348319709,3583600
2019-07-09,26.74614906311035,26.801883418859603,26.20364343125319,26.382001874384642,4464500
2019-07-10,26.002994537353516,26.619811709404075,25.9955613998489,26.382002337660325,5848800
2019-07-11,26.426589965820312,26.55664150978915,26.002991888372648,26.010422190208992,4703100
2019-07-12,26.567785263061523,26.664396185065836,26.17391410899036,26.396859991768174,4562000
2019-07-15,26.06987762451172,26.50833633388677,25.976983253560487,26.50833633388677,4817900
2019-07-16,25.965831756591797,26.18878049942468,25.787476164218724,26.136757047162256,5662400
2019-07-17,25.527374267578125,25.90266835328286,25.512513661629747,25.83950085581209,3716300
2019-07-18,25.7280216217041,25.950967522793658,25.497645419039635,25.698297580493517,6626000
2019-07-19,27.37040138244629,27.45957919314033,26.19621506284359,26.5603622784541,11779500
2019-07-22,27.184606552124023,27.318371820836163,26.931933782492905,27.147446540631414,5761800
2019-07-23,27.615644454956055,27.734549162090698,27.229203448040494,27.303520661819544,4325400
2019-07-24,27.957477569580078,28.217583402029945,27.57103680544232,27.60819680644234,3464400
2019-07-25,27.5115909576416,28.280756060049157,27.452137213054268,28.054093619903448,4724000
2019-07-26,28.0020809173584,28.098691862136064,27.682524037249586,27.756838404056175,4073900
2019-07-29,27.890600204467773,28.23245358498858,27.786558980578686,28.18786327407437,3642200
2019-07-30,28.243267059326172,28.288289238849654,27.567951540679378,27.69551008911122,3316100
2019-07-31,27.958139419555664,28.400847612434955,27.901865258808197,28.168240115029967,4179600
2019-08-01,26.772581100463867,28.033173702325424,26.682539589578905,27.815570760516078,8110400
2019-08-02,26.6450138092041,26.7875826043139,26.299852374753602,26.66752632874993,4264200
2019-08-05,25.977203369140625,26.19480628630746,25.65455155744296,26.149784104779517,9130100
2019-08-06,26.097259521484375,26.254835724826965,25.61328180646057,26.157289096542062,5100400
2019-08-07,24.934215545654297,25.41444073224506,24.64533106578476,25.361916281359687,7405800
2019-08-08,25.136810302734375,25.572016153554085,25.099293247890422,25.1818324859678,7174300
2019-08-09,24.99424171447754,25.174324703691216,24.637822575114313,25.009249107306594,3720900
2019-08-12,24.521522521972656,24.724118061879864,24.408968490123787,24.62657142510204,2327100
2019-08-13,24.859182357788086,25.256868318523722,24.326429838138758,24.506515720989007,4595600
2019-08-14,23.801183700561523,24.213878484829397,23.534808873913125,24.131339241739024,6806800
2019-08-15,23.57607650756836,24.086315024858898,23.51979949544573,23.943749074866947,5329600
2019-08-16,24.311424255371094,24.480252437579665,23.78617688730194,23.853708732658944,3488400
2019-08-19,24.7241153717041,24.95672281407597,24.637823575026793,24.82916426340335,3192200
2019-08-20,24.236387252807617,24.58905387396293,24.213877591837832,24.55903908442463,3400600
2019-08-21,24.461490631103516,24.589052045974228,24.26264767433837,24.514015077706848,3191400
2019-08-22,24.589054107666016,24.829166701518762,24.31142445771776,24.67909561476882,3007300
2019-08-23,23.83870506286621,24.821668107243596,23.71864874817929,24.626574806897146,3569600
2019-08-26,24.16885757446289,24.232636861174193,23.913738996433615,24.0863183270162,2638100
2019-08-27,23.92874526977539,24.356446046267905,23.75616450578439,24.296419323403637,4478100
2019-08-28,24.656585693359375,24.82541387519131,23.793679100430253,23.85370867944384,4588100
2019-08-29,25.129304885864258,25.30188560640158,24.844170152539903,24.86667981015033,5173900
2019-08-30,25.316892623901367,25.81212512056682,25.271870446979996,25.38442445809972,5538100
2019-09-03,24.67909812927246,25.069281849630183,24.40897071807341,25.01675739327128,3175600
2019-09-04,24.949222564697266,25.04676919874404,24.739124764320685,24.881690719952243,2947300
2019-09-05,25.662057876586914,26.048488983275266,25.36191571053904,25.519489059648652,3905900
2019-09-06,25.617033004760742,25.902167746347875,25.504481851079593,25.684564841916444,2867200
2019-09-09,26.802595138549805,26.877629251784576,25.744598112679046,25.90217146789283,3813900
2019-09-10,27.22279167175293,27.496671632807725,26.885135288426035,27.01269385770632,3675500
2019-09-11,27.170265197753906,27.492917023827854,26.772579261491153,27.387868124616396,4345200
2019-09-12,27.290327072143555,27.511682608491377,26.524966969762485,26.70505287835679,5281200
2019-09-13,27.63549041748047,28.018169022610977,27.5454460354994,27.733034204407513,4076800
2019-09-16,27.733030319213867,27.763045109002704,27.162763625065416,27.222790342275196,2605600
2019-09-17,27.312837600708008,27.522935426717574,27.068972417022216,27.522935426717574,3134800
2019-09-18,27.470407485961914,27.65049049616665,26.990182308925494,27.080223814027864,4076600
2019-09-19,27.1402530670166,27.590466359349602,27.080226345459735,27.215290046922824,3667400
2019-09-20,26.92265510559082,27.290326317854706,26.83261072259824,27.192782529831906,7279800
2019-09-23,26.915142059326172,27.07271825203145,26.434916940753396,26.57748287833985,3156200
2019-09-24,26.46493911743164,27.0051939578931,26.322373140029104,26.89263991200753,5729700
2019-09-25,26.71254539489746,26.88887867413645,26.434915796929356,26.47993797323528,3807200
2019-09-26,26.382400512695312,26.705052398957015,26.359890847913267,26.607505747620873,4099100
2019-09-27,26.547475814819336,26.982678834803643,26.38989959326914,26.637517325442293,5140200
2019-09-30,26.539966583251953,26.78758427714756,26.457427351953417,26.742562097611746,2762600
2019-10-01,25.662057876586914,26.885133339035427,25.64705048204774,26.765074182722014,4439400
2019-10-02,25.136810302734375,25.504484309887847,25.028008840029447,25.43695246622161,3933600
2019-10-03,25.08428955078125,25.091791817908714,24.363951687078966,24.8967013865441,5072600
2019-10-04,25.331897735595703,25.36191252089925,24.814155569763162,25.061773254966205,3140200
2019-10-07,25.46696662902832,25.722086631685194,25.178082132757236,25.226854022100444,5741500
2019-10-08,24.446491241455078,24.97548838275349,24.446491241455078,24.77664538416727,8388600
2019-10-09,24.75412940979004,24.904197614896606,24.514013984410955,24.671590179560905,4343500
2019-10-10,25.33940887451172,25.481974844974058,24.94922516010263,24.9867422194487,5358800
2019-10-11,25.87215805053711,26.206064738175836,25.71458468696182,25.947195030121602,4508800
2019-10-14,25.932188034057617,26.037236944727578,25.560761419715508,25.699577687311177,2302900
2019-10-15,26.352386474609375,26.517464987399165,25.902175991833417,26.067254504623207,3281700
2019-10-16,26.359886169433594,26.66753060378226,26.172298029894947,26.35238104092605,5819300
2019-10-17,26.26983642578125,26.56997853257018,26.00346166563053,26.56997853257018,4952600
2019-10-18,26.502450942993164,26.645016892231517,26.044735444954608,26.329870205799036,5639900
2019-10-21,26.69754409790039,27.095230018471696,26.61500486252875,26.847612312356777,4022300
2019-10-22,26.967670440673828,27.159011148234146,26.39740374468844,26.690040790152516,4012500
2019-10-23,26.997684478759766,27.035201533887985,26.690040046919847,26.83260600135421,4053000
2019-10-24,26.69754409790039,27.08772489032825,26.562480414995473,27.012690783100055,4503700
2019-10-25,26.900146484375,27.06522501479467,26.57749455439223,26.57749455439223,3011400
2019-10-28,27.1402530670166,27.425387865924026,27.02019676153476,27.06521894947849,4089100
2019-10-29,27.07962417602539,27.337308935886295,26.905308440111227,26.905308440111227,3173400
2019-10-30,26.905305862426758,27.064463315907503,26.594568642759967,27.018991409852188,3665100
2019-10-31,26.647626876831055,26.90531166760316,26.189100081264133,26.69310168384173,4221200
2019-11-01,27.32215118408203,27.32215118408203,26.867414724523325,26.98109739384105,4214500
2019-11-04,28.155838012695312,28.16341570071483,27.55709946911883,27.663204448255147,4688200
2019-11-05,28.724254608154297,28.792465352049444,28.26193766521424,28.29983188045748,5502400
2019-11-06,28.557519912719727,28.682573439594083,28.330151703675938,28.61057239845849,4004600
2019-11-07,28.944040298461914,29.20930556990467,28.853093609665336,28.91372666295846,5517500
2019-11-08,29.194150924682617,29.26993935954856,28.701517424623606,28.921307933335687,4518000
2019-11-11,29.088048934936523,29.262364665874355,28.849309847514725,28.853100136988786,2493800
2019-11-12,29.095619201660156,29.277515465151946,28.868251040652687,29.034989041258243,3244500
2019-11-13,28.724254608154297,28.891747212998,28.527200063060192,28.709096343828342,2663200
2019-11-14,28.474151611328125,28.625731384886222,28.33015241657697,28.557520631342264,3335400
2019-11-15,28.800048828125,28.81899738512737,28.538573775440454,28.66362731291079,2607800
2019-11-18,28.800048828125,28.883417853105225,28.60678453304756,28.731838070517895,2613900
2019-11-19,28.82278060913086,28.989518634942186,28.701517378852657,28.8985719350194,2165100
2019-11-20,28.800048828125,28.917521786336835,28.375626015109255,28.61057482267681,4196900
2019-11-21,28.883413314819336,29.072887290496563,28.606780038227477,29.034993073589803,2528300
2019-11-22,29.24720573425293,29.300258221108685,28.88341601389472,28.959204454790463,2435900
2019-11-25,29.360889434814453,29.474572088987575,29.125940657027037,29.254781576651947,3652100
2019-11-26,29.171411514282227,29.33056894331922,29.065303670447776,29.224463990627893,3028000
2019-11-27,29.292682647705078,29.43668185225775,29.137312574168018,29.330576870888002,2646000
2019-11-29,29.1486759185791,29.29267799138533,29.095623436327372,29.178992448763935,1550500
2019-12-02,29.034984588623047,29.497298525611832,28.989509806938088,29.292669235885977,3575300
2019-12-03,28.61815071105957,28.697732332549712,28.224047348718234,28.56509822416194,3644600
2019-12-04,29.07288932800293,29.213098229498502,28.686360771492108,28.75457152316204,3211400
2019-12-05,29.22447395324707,29.33057894210958,29.09563011595395,29.25478759924771,3348300
2019-12-06,29.5806827545166,29.95963079038238,29.56552448614468,29.76257908383557,2992400
2019-12-09,29.520048141479492,29.679205598780438,29.451837389615708,29.451837389615708,2226200
2019-12-10,29.80804443359375,29.91793678492928,29.413938254369782,29.50488494460819,3643700
2019-12-11,29.664051055908203,29.891419293610607,29.580682027483718,29.838366801184847,2750800
2019-12-12,30.740262985229492,30.808473741284455,29.732259911433232,29.785312400460004,3769000
2019-12-13,30.406784057617188,31.01310022648992,30.24762660537751,30.664468790781044,3424700
2019-12-16,30.535625457763672,30.975203561295324,30.535625457763672,30.884256865934177,3793500
2019-12-17,30.71751594543457,30.91457047309437,30.45225357105759,30.58867504677805,4545000
2019-12-18,30.61899757385254,30.975206704809924,30.61899757385254,30.800890983034265,3257100
2019-12-19,30.550790786743164,30.78573671168362,30.528051939287263,30.649315191524135,4159200
2019-12-20,30.7251033782959,30.982788124250067,30.55078765178921,30.74783933227478,6282700
2019-12-23,30.649309158325195,30.838783133344585,30.512887665019758,30.78573065163063,1815100
2019-12-24,30.702360153198242,30.740257259281588,30.54320271576398,30.725098995076905,1177800
2019-12-26,30.88426399230957,30.937316484440423,30.66447344425661,30.77057842851832,1674800
2019-12-27,30.67962646484375,30.914575240627048,30.6227836926703,30.914575240627048,1400700
2019-12-30,30.64173698425293,30.91458001995162,30.58110391358925,30.91458001995162,1674400
2019-12-31,30.778156280517578,30.858492491318696,30.58868228508582,30.649312460229243,1924500
2020-01-02,30.88426399230957,30.906999948610224,30.459841164118757,30.861528036008913,2903800
2020-01-03,30.247623443603516,30.437097407267064,29.967202786901566,30.31583418616812,2768100
2020-01-06,30.08846664428711,30.164255074897945,29.724676973297154,30.164255074897945,2743500
2020-01-07,29.89899444580078,30.164256859778124,29.77394092586426,29.959624615648398,3266700
2020-01-08,30.13393783569336,30.32720208768047,29.906569658078475,29.92930849964023,5653800
2020-01-09,30.331005096435547,30.440900388117438,30.16426701372585,30.3613216371363,2667400
2020-01-10,29.952045440673828,30.37646817309708,29.90278324942336,30.353729330783274,2004000
2020-01-13,30.20973777770996,30.293106807896223,29.82320916341804,29.997527803522434,3404300
2020-01-14,30.32341766357422,30.4295255320499,30.035419265428757,30.202154419317235,2887400
2020-01-15,29.542783737182617,29.974784196705606,29.398784547722823,29.959625930792427,4466200
2020-01-16,30.005098342895508,30.111203304707995,29.63372808540843,29.785307841344856,5869100
2020-01-17,30.975202560424805,31.293520320618324,30.49014967931394,30.91457239585756,7556300
2020-01-21,30.38404655456543,30.82362467039195,30.346152338033672,30.785730453860193,4493300
2020-01-22,30.429519653320312,30.6493072534136,30.35297085380873,30.497730395733605,5494800
2020-01-23,30.20973777770996,30.39163121525811,29.800473206510535,30.27794853957653,4050100
2020-01-24,29.656471252441406,30.209734984812414,29.368469963281225,30.126365962333644,4790100
2020-01-27,28.875839233398438,29.285103806814284,28.815209050935394,28.906155770201998,4654900
2020-01-28,29.10555648803711,29.408021856201252,28.845206735759376,29.059614304193193,3714600
2020-01-29,28.806915283203125,29.327614691494407,28.764799675102825,29.1591551801369,2555400
2020-01-30,29.02898597717285,29.090246120701792,28.41639914710551,28.44702921886998,9265000
2020-01-31,28.546566009521484,28.887317446712277,28.358961974909906,28.630797226992243,5991000
2020-02-03,28.852863311767578,29.132354643697926,28.787776609377662,28.799262154382472,4277200
2020-02-04,29.319963455200195,29.802373901933844,29.277847840177454,29.496081972093393,2855700
2020-02-05,30.254150390625,30.2847804530279,29.741109990072328,29.832997256237494,2963200
2020-02-06,29.64923095703125,30.529823587814818,29.626256943327796,30.4915374597015,3180700
2020-02-07,29.41950225830078,29.603279724676536,29.240322514758617,29.404190147059555,2354900
2020-02-10,29.473102569580078,29.511388684883382,29.197437865726894,29.251039011360195,2980100
2020-02-11,29.863632202148438,30.070380775611667,29.549681313788124,29.633912538648403,2716800
2020-02-12,29.77174186706543,30.215866114802758,29.65688058657552,30.08569272322165,2068300
2020-02-13,29.825349807739258,29.825349807739258,29.51139888012282,29.618601208424376,3005600
2020-02-14,29.610931396484375,29.890425582480006,29.427156878359636,29.76407877561719,2089100
2020-02-18,29.0672664642334,29.519049711410176,28.8069167468596,29.319960125674378,4455700
2020-02-19,29.36590003967285,29.51904743591855,29.021322049424555,29.22041161981343,4542100
2020-02-20,29.695173263549805,29.817690626639063,29.18978877567607,29.197447753956595,3906700
2020-02-21,28.79926109313965,29.473107945349405,28.66142871607302,29.427162845979232,3261200
2020-02-24,27.61237335205078,27.903350213796063,27.44774039980686,27.78849184869993,4538500
2020-02-25,26.371889114379883,27.62386637215495,26.26085728667498,27.558779655548687,6157300
2020-02-26,25.797582626342773,26.647548005626987,25.74398146918467,26.57097575855655,6767200
2020-02-27,24.840415954589844,25.871094683561026,24.656641385643358,25.039508478833334,7734300
2020-02-28,24.2661190032959,24.748530942377727,23.6650177286399,24.128286603409038,12008100
2020-03-02,25.514259338378906,25.529574370520038,23.860273840705208,24.25845591324343,8307800
2020-03-03,23.85261344909668,25.713348735312046,23.745411158076195,25.29985168048159,10007400
2020-03-04,24.28143310546875,24.39246492562339,23.324265263836796,24.243146976012362,8414500
2020-03-05,22.7959041595459,23.531008183274032,22.489610816325843,23.400833329840275,8732500
2020-03-06,21.42523956298828,22.328806026047975,21.0385444888086,21.654960667108913,8335700
2020-03-09,17.428110122680664,19.120381960461096,17.029927998312782,19.120381960461096,9957600
2020-03-10,19.45730209350586,19.54919082213473,17.895205390989428,18.46950592848493,11835300
2020-03-11,17.872236251831055,19.013180028630707,17.50468418826917,18.72220167677473,12081800
2020-03-12,16.271848678588867,17.895205518800033,15.421883409657955,16.547513405922526,9385400
2020-03-13,18.11726951599121,18.262759410577186,16.48625645118494,17.956466048702996,9329400
2020-03-16,14.173734664916992,15.694482237123895,14.173734664916992,15.023699761323117,8466400
2020-03-17,14.633177757263184,15.054330888880903,12.925589763097703,14.5566040622813,9620000
2020-03-18,11.73104476928711,13.852128322046557,10.81216410570712,13.530519980254432,8283300
2020-03-19,13.300802230834961,13.921046455535704,11.152917072594818,11.256291353465262,8480200
2020-03-20,13.41566276550293,14.15076685431416,12.630785547598647,13.599438787705736,18780100
2020-03-23,12.152200698852539,13.53817981182054,11.78464866264106,13.53817981182054,7120900
2020-03-24,13.63006591796875,13.63772343396293,12.609342258241654,13.362060160781606,7612400
2020-03-25,13.561149597167969,14.319227607172303,13.109367842262564,13.94401662986753,11161500
2020-03-26,15.866008758544922,16.045956725034387,13.453946828368958,13.729611549710818,10039100
2020-03-27,15.284053802490234,15.881326999258231,14.579579746512383,14.8399280286439,7036600
2020-03-30,15.046677589416504,15.199825022292249,14.349859544823973,15.023706496850656,6643100
2020-03-31,14.403457641601562,15.287881030142358,14.093336273811794,14.87055589795495,6219700
2020-04-01,13.247201919555664,13.622412986713709,12.986852158131235,13.385034318018265,5805600
2020-04-02,13.339089393615723,14.047392921637405,12.948564788907076,13.170628400819103,7065500
2020-04-03,12.971534729003906,13.62240893917491,12.69587001398519,13.239541928547466,4616900
2020-04-06,14.388145446777344,14.648493715313563,13.760242214005078,13.96699078599636,7725100
2020-04-07,14.954790115356445,16.16465014661903,14.809300201954636,15.797096604313298,7126900
2020-04-08,15.720524787902832,15.820069598467173,15.100278989502065,15.25342642477879,5693400
2020-04-09,16.93037986755371,17.501617675827973,16.447966610850237,16.555170368185316,6536000
2020-04-13,16.225906372070312,17.02992661189554,15.881325434704117,16.999298006641837,4721800
2020-04-14,15.567374229431152,16.731290414562167,15.207479727413306,16.593458042570088,6596100
2020-04-15,14.227340698242188,14.755697679960013,14.16608202358809,14.62552281375481,6313600
2020-04-16,13.162970542907715,14.18139691137275,13.132340475635024,14.112480720531192,7355600
2020-04-17,15.215140342712402,15.544404846675754,13.607098109481969,13.607098109481969,12662600
2020-04-20,15.544404029846191,15.996187334978229,14.196713092409253,14.602551292918902,10178500
2020-04-21,14.771011352539062,15.26873822080107,14.510661644121049,14.793982440591202,6203800
2020-04-22,14.993073463439941,15.513772879700834,14.87821364174048,15.352967960904088,5812200
2020-04-23,15.50611686706543,16.02681633381584,15.199823492659899,15.253424650615614,5601400
2020-04-24,15.774125099182129,16.07659046421208,15.437201636104183,15.751152546976098,6454200
2020-04-27,17.1754207611084,17.34771127250267,15.911959445087533,15.957903094618578,7674900
2020-04-28,17.370235443115234,18.461232392209215,17.300099786939512,18.032625439316938,7819400
2020-04-29,18.18069839477539,18.66385520143943,17.814435394784255,18.235248045160613,6215800
2020-04-30,17.448165893554688,17.92352954405592,16.97280372941952,17.52609458014988,5290400
2020-05-01,16.692258834838867,16.933836393463572,16.435095243692345,16.85590771722035,4264500
2020-05-04,16.520822525024414,16.66109240607506,16.061044814653695,16.36496511981298,5864900
2020-05-05,16.505233764648438,17.455959617787624,16.442891110120723,16.941632346342445,5820200
2020-05-06,16.006494522094727,16.88708481277524,15.835051086015,16.723434395277895,4197400
2020-05-07,16.559785842895508,17.187109732644988,16.279243112978634,16.279243112978634,4983600
2020-05-08,17.30010414123535,17.46765030800672,16.906564917380305,17.089697119750447,4670400
2020-05-11,16.42730712890625,16.980599557591695,16.006494529818873,16.965013520419415,6957800
2020-05-12,15.68698501586914,16.789672501449406,15.679193484492384,16.52861160934345,5207600
2020-05-13,15.063560485839844,15.60905991027289,14.553128902782726,15.585680853900152,6905800
2020-05-14,15.702569007873535,15.776601923613702,14.18296641854988,14.603778917340783,7658800
2020-05-15,15.523334503173828,15.683087634530557,15.15707162518587,15.429819786258818,4215900
2020-05-18,16.81694793701172,16.976701090683836,16.115592664460134,16.48964861163882,7476700
2020-05-19,16.107799530029297,16.754605158072327,16.0454568726167,16.598747771357733,6491900
2020-05-20,16.887083053588867,16.984493546171553,16.48185504771702,16.513027118799236,5465000
2020-05-21,16.63770866394043,17.085795936562796,16.58315903826169,16.75460093130427,4320000
2020-05-22,16.583162307739258,17.042939938202213,16.34158322301051,16.75460423458272,2651400
2020-05-26,18.63268280029297,19.022324852137434,17.666370690082672,17.705334300720533,7724300
2020-05-27,19.97304344177246,20.38606439710453,18.928804501451637,20.175657411197673,7129700
2020-05-28,19.21714210510254,20.401654066879,19.14700643063116,20.3471044281493,4995100
2020-05-29,18.780742645263672,19.15869433323909,18.50019996027894,18.68722792148006,6797300
2020-06-01,19.27168846130371,19.521059045230817,18.804117873257418,19.030110893920064,3228200
2020-06-02,19.575613021850586,20.019804625181454,19.345724202502804,19.669126261306484,5090200
2020-06-03,20.900394439697266,21.173144108228154,20.222418263507528,20.35489658900161,6353900
2020-06-04,22.178417205810547,22.186210222515736,20.57309292369054,20.775706898927584,6025800
2020-06-05,22.79405403137207,25.700782616080716,22.622612108791998,24.43834353286204,10055600
2020-06-08,23.69801902770996,24.21234619050963,22.969389128138065,23.86946091985458,10600500
2020-06-09,22.99666976928711,23.45644742322333,22.20959279367368,22.497928512013722,5588900
2020-06-10,21.235488891601562,22.78626386532154,21.173146231374446,22.684957599839827,8988200
2020-06-11,19.076873779296875,20.312039809789084,18.967774484548364,19.482101854600504,7522700
2020-06-12,20.12111473083496,20.487379200129116,19.158698415295024,20.417243513939447,4725300
2020-06-15,20.767915725708008,20.954943684136403,18.91322068985185,18.952184290470484,5615000
2020-06-16,21.227691650390625,22.170625870907134,20.58088612181787,22.03814755848303,6394100
2020-06-17,20.54971694946289,21.36406867857084,20.47958128005715,21.235486122538287,4287300
2020-06-18,20.378273010253906,20.951047133349253,20.08993880920454,20.238001675098634,4455900
2020-06-19,19.75484848022461,20.853638733621487,19.501580601281326,20.853638733621487,16909100
2020-06-22,19.817188262939453,20.09383366904756,19.388581259683914,19.497682007869194,4647700
2020-06-23,20.10552406311035,20.627644336542904,19.97304574040758,20.25358842057017,4733800
2020-06-24,18.76515769958496,19.79381228908914,18.671642970372673,19.73926264970122,5363900
2020-06-25,19.684711456298828,19.782121943620357,18.39889332092784,18.5937142955709,5413100
2020-06-26,18.048213958740234,19.170383125864653,17.783257329191887,19.14700407512827,13151700
2020-06-29,18.336551666259766,18.539165669277494,17.95470271354541,18.313172612938665,7956700
2020-06-30,19.669126510620117,19.80160484016697,18.16510826528413,18.219657903385862,8059200
2020-07-01,18.882049560546875,19.661333502654788,18.71060762837495,19.661333502654788,4898200
2020-07-02,18.515785217285156,19.591196320595177,18.422270497430958,19.489890069922005,6692300
2020-07-06,18.913219451904297,19.427546675509088,18.640469806328184,19.014525698701487,3902600
2020-07-07,18.31317138671875,18.648263696719834,18.227449683313992,18.60929861046037,3938900
2020-07-08,18.43785858154297,18.523580293741855,17.9469103352362,18.243037589357293,4074800
2020-07-09,17.713125228881836,18.43006657908708,17.557269318364526,18.219659539204105,4102700
2020-07-10,18.843082427978516,18.843082427978516,17.697534296409263,17.713120329059457,4605200
2020-07-13,18.991147994995117,19.396374465575146,18.511887121350405,19.22493255442075,4819300
2020-07-14,18.617090225219727,18.97556155997155,18.344342073780886,18.835290232736746,3860900
2020-07-15,19.832778930664062,19.887328574320037,18.983359228793336,19.287279521371673,3893600
2020-07-16,19.832778930664062,20.28476360342741,19.365208220751487,19.560029226017868,5141900
2020-07-17,19.598989486694336,21.37108117887595,19.5756119213277,20.78350135322858,6493100
2020-07-20,19.22493553161621,19.73146981305821,19.170385891727012,19.513271253501404,5049100
2020-07-21,19.910701751708984,20.004216467610238,19.213243836341316,19.334031881688205,4945100
2020-07-22,19.879535675048828,20.019807037501046,19.450928569070797,19.575615380646575,4927100
2020-07-23,20.300344467163086,20.42892702074094,19.676917958086946,19.747053626153768,5753900
2020-07-24,19.934083938598633,20.534132953594742,19.902913352637988,20.37048254661116,5731100
2020-07-27,19.372997283935547,19.863945462968616,19.267793784207175,19.754846197931492,4854800
2020-07-28,19.143400192260742,19.558253161131613,19.06422950170273,19.230488102880088,3813100
2020-07-29,20.069698333740234,20.085532777440953,18.941519135982418,19.167154673522848,4775700
2020-07-30,19.618427276611328,19.792601627311633,19.02464922779198,19.38091515105019,4269200
2020-07-31,19.642169952392578,19.665921608920765,19.05235149413266,19.42841108385927,6109500
2020-08-03,19.1829891204834,19.705513682250626,19.111735633873717,19.634260195640945,5454900
2020-08-04,19.16715431213379,19.333412947745277,19.016731629980104,19.15923860048834,3720400
2020-08-05,19.689680099487305,19.721347475794474,19.281951492872352,19.4284178272168,4020400
2020-08-06,19.60259246826172,19.788643403315465,19.43633383245599,19.50758731779335,3520900
2020-08-07,20.133031845092773,20.140949065860372,19.258199336021626,19.365078041245585,4235700
2020-08-10,20.489295959472656,20.84160545812138,20.267619837241483,20.28345427741666,3715100
2020-08-11,21.09891128540039,21.827279025368036,21.02765780463846,21.22558380452037,4731800
2020-08-12,20.97223663330078,21.668936927658358,20.44021240911746,21.668936927658358,3258700
2020-08-13,20.338878631591797,20.758480835675847,20.27554236436841,20.655559967708736,3139600
2020-08-14,20.505136489868164,20.734731410434126,20.03011371391386,20.11720165068795,1935500
2020-08-17,20.14095115661621,20.449715248326964,20.101365048668928,20.330959944596337,2104500
2020-08-18,19.60259246826172,20.140951464119308,19.51154668367634,20.093448133857304,2545500
2020-08-19,19.634260177612305,20.0301122095001,19.460085827201716,19.56300669106805,3777300
2020-08-20,19.238405227661133,19.436331213583802,19.0721481243127,19.349244806615523,2685300
2020-08-21,19.151321411132812,19.475919951147297,19.11965252427499,19.238407829880547,3166300
2020-08-24,19.974687576293945,19.974687576293945,19.1196474871201,19.238402761439062,2856700
2020-08-25,20.220121383666992,20.497216582458634,19.871771192257473,20.35470961733403,4333700
2020-08-26,20.077613830566406,20.350751165685974,20.0142775712609,20.15678302215663,7896100
2020-08-27,20.592222213745117,20.76639655852027,19.950942365651187,20.12511671042634,4418300
2020-08-28,20.81390380859375,20.853488413935725,20.56847442329463,20.790152139355026,3175100
2020-08-31,20.48138427734375,20.73472932974854,20.441798169120734,20.71097766481473,6579500
2020-09-01,20.718891143798828,20.988070590868247,20.21220113051773,20.259702941748994,6890500
2020-09-02,21.20975112915039,21.368091024941048,20.505133534195846,20.671392161339927,5926500
2020-09-03,21.18599510192871,22.191459348845594,20.988069140412247,21.376003843777884,6917100
2020-09-04,21.661020278930664,22.001453214697303,21.043490662187317,21.7401894648765,5626600
2020-09-08,21.07516098022461,21.42350965027058,20.7584781746475,21.201833498433242,10854100
2020-09-09,21.47892951965332,21.700607190127066,20.972239427205434,21.24141891633227,8606000
2020-09-10,21.154329299926758,22.2223386805069,20.995989413717922,21.708522676796353,15213700
2020-09-11,21.463096618652344,21.502681215912723,20.861401377949907,21.138498088939336,7692100
2020-09-14,22.159799575805664,22.24688751787568,21.597690338950496,21.700611216805715,14720200
2020-09-15,21.130578994750977,22.1677107536228,21.122661773989456,22.13604187057672,6309800
2020-09-16,21.866867065429688,22.31022092156279,21.047451964192934,21.186001082397805,7296500
2020-09-17,21.763944625854492,22.025206907625062,21.308715693253475,21.43142885723234,7721500
2020-09-18,21.5026798248291,21.779776517892177,21.356215012374307,21.463095230129586,8947200
2020-09-21,20.449708938598633,21.154324832040324,20.323036452363162,20.82972639730504,4990100
2020-09-22,19.404666900634766,20.489300628876148,19.23840826101659,20.418048651960557,8540800
2020-09-23,18.96131134033203,20.07919639398067,18.937559676791818,19.570922270642164,4782300
2020-09-24,18.866310119628906,19.42050363703865,18.57337891527099,18.96131528349132,3597300
2020-09-25,19.34133529663086,19.408629433845586,18.63671898906003,18.66838637420342,3455200
2020-09-28,20.061782836914062,20.220124267425014,19.72134981835458,19.76093442095442,4067700
2020-09-29,19.618427276611328,20.07761557396273,19.388832372907796,19.966775978011935,2884500
2020-09-30,20.014278411865234,20.362627097648456,19.71343003498674,19.72926447799205,4933100
2020-10-01,20.133031845092773,20.354707986363746,19.903436972998737,20.156781997340115,3432300
2020-10-02,20.75056266784668,20.869319484777165,19.63426006512311,19.713430773058214,3348800
2020-10-05,21.756023406982422,21.7718578478305,20.940569334026403,20.99598836693929,4596800
2020-10-06,21.47892951965332,22.547730254709222,21.391843103798582,22.167712685373306,4766500
2020-10-07,22.26271629333496,22.531894253793357,21.843112645756143,21.87478001931664,2964800
2020-10-08,22.61106300354004,22.666482035034996,22.136040360639146,22.492307720328654,2483200
2020-10-09,22.13603973388672,22.856491653088572,22.064787774021575,22.761486523176195,4148800
2020-10-12,22.53981590270996,22.571484792547388,22.02520852329806,22.167715507454908,3358300
2020-10-13,22.183544158935547,22.563561677404863,21.82727679158595,22.516059865110044,5851600
2020-10-14,21.835195541381836,22.611065073448156,21.80352816765234,22.31021822776822,5018900
2020-10-15,22.088539123535156,22.211253775074802,21.494761181988217,21.56601465577828,9333000
2020-10-16,21.067245483398438,21.43142862554215,20.639724566910786,21.37600958304686,9017300
2020-10-19,21.09099769592285,21.435390082259357,20.9801596001212,21.312675397581955,4454600
2020-10-20,21.866867065429688,22.199382835043433,21.36809265598123,21.463097808751876,5146400
2020-10-21,21.811447143554688,21.882700632681537,21.526434697103003,21.70060905382657,5051300
2020-10-22,22.848583221435547,22.943586877834257,21.708528774259765,21.882703151027997,4310700
2020-10-23,23.062339782714844,23.252350095680384,22.508147818408514,23.038589626135952,4393900
2020-10-26,22.45272445678711,22.888161024325694,22.15979333149457,22.801073106795798,4478600
2020-10-27,21.401132583618164,22.53300031992939,21.385077352906116,22.276122752980893,3508400
2020-10-28,20.774991989135742,21.287944811529098,20.71880021377357,20.8954046861816,3804600
2020-10-29,21.441265106201172,21.641950859113322,20.397699803502295,20.7107690880898,4503200
2020-10-30,21.874746322631836,21.88277393620829,21.12016748866307,21.385072612243174,3404200
2020-11-02,22.500890731811523,22.53299966118586,21.738284137505502,22.16373855227037,3771000
2020-11-03,23.287580490112305,23.456155827717375,22.88620888883035,23.03070291026964,3596300
2020-11-04,21.44929313659668,22.484832376666755,21.22452606888099,22.460749534649725,5861300
2020-11-05,23.20730209350586,23.468194204400525,21.601815949196297,21.609843563651154,8868500
2020-11-06,22.244016647338867,23.552489115483137,22.06741366825748,23.351803285617816,4255900
2020-11-09,25.952686309814453,26.46644141211278,24.507747787933937,24.563939560858945,10508300
2020-11-10,26.329975128173828,26.470454569223552,25.583425272881065,26.057042330324876,5545000
2020-11-11,25.430898666381836,26.41024611327862,25.222185301159747,26.41024611327862,4024400
2020-11-12,24.628158569335938,25.12585843424438,24.15454001753248,24.748569728193722,4376800
2020-11-13,25.487096786499023,25.68778258796752,24.94123116152693,25.013478172544477,3499700
2020-11-16,26.52263832092285,27.269189805457867,26.12126668675231,26.691213672341068,3892300
2020-11-17,26.54671287536621,26.54671287536621,25.48307923447859,26.040983887741007,3363800
2020-11-18,26.097177505493164,26.972167629508625,26.089151421664173,26.618961758815242,2744800
2020-11-19,26.33800506591797,26.386167697312167,25.503151416566507,25.74397376020421,2878400
2020-11-20,25.91254997253418,26.1509654175694,25.555329487219584,26.000852216045175,3816800
2020-11-23,26.691205978393555,26.819644741815754,26.24166877530502,26.490520219157514,2417000
2020-11-24,28.144176483154297,28.252545463112597,27.37354071703134,27.397625094305972,3895200
2020-11-25,27.855192184448242,27.959549667356455,27.3012973662776,27.63042198570574,2792400
2020-11-27,27.405654907226562,27.90736945389437,27.188913855599363,27.73477952735174,1556600
2020-11-30,26.217588424682617,27.5100052514705,26.157382082261595,27.212991174341052,5330400
2020-12-01,26.988222122192383,27.35347170198527,26.835702035831808,27.060469123567795,3875000
2020-12-02,27.582256317138672,27.798997344481343,26.755431816782075,26.859786225996437,3683200
2020-12-03,27.76688575744629,28.035803978503463,27.21700559578221,27.58225519990455,3679000
2020-12-04,28.44118881225586,28.545546274638387,27.9475004491041,28.152200800871608,3605800
2020-12-07,28.34485626220703,28.42512933683643,27.75885424319218,28.168251823356538,3950500
2020-12-08,28.569625854492188,28.730175080209953,27.975594638002985,28.039815553178805,3466500
2020-12-09,28.746231079101562,29.34025924928271,28.649899703757164,28.930861621845533,3330700
2020-12-10,28.898752212524414,29.00310967515846,28.168256098530037,28.29669487476349,3055700
2020-12-11,28.393024444580078,28.641875924238185,28.05988836360394,28.417108821464478,2481000
2020-12-14,27.79096221923828,29.171681179849813,27.750825681080833,29.0352132754486,3481700
2020-12-15,28.32880401611328,28.49737932790851,27.790964560386133,28.256557016455062,2862000
2020-12-16,28.40105438232422,28.48132747491669,28.0398193412137,28.409080466694586,2612100
2020-12-17,27.919401168823242,28.346461654525395,27.710689331650116,28.216418290098687,3559900
2020-12-18,27.46184539794922,28.071931972805203,27.200953233526164,27.919408797979994,7189500
2020-12-21,27.903352737426758,28.087986371178534,27.188911767788657,27.686614764665233,4625400
2020-12-22,27.485933303833008,28.216429620607354,27.485933303833008,28.096016894740764,2904500
2020-12-23,28.384998321533203,28.553573648382457,27.750830497036933,27.78294095802406,2426700
2020-12-24,28.19233512878418,28.4973783459659,27.76688229113564,28.4973783459659,1333700
2020-12-28,28.18431282043457,28.690041868349557,28.168257589777667,28.53751870822004,2458400
2020-12-29,27.999679565429688,28.312748877541935,27.84715641998496,28.216420565097053,1930600
2020-12-30,28.417110443115234,28.457246990583528,28.015738843987744,28.071930622887812,2060200
2020-12-31,28.706090927124023,28.746230530529125,28.063897081525845,28.352885077600476,1829800
2021-01-04,28.51343536376953,29.059300918361192,28.031787665012345,28.91480691495623,3483500
2021-01-05,29.13155746459961,29.44462688714242,28.425142445642162,28.52147079206543,3095400
2021-01-06,31.154462814331055,31.684273171869858,30.062731638257862,30.134978644386884,6295000
2021-01-07,32.246185302734375,32.63953072575474,31.603991505965826,31.708348954884958,4488700
2021-01-08,31.75652503967285,32.230143694087715,31.082220566645294,32.181977995220535,3406300
2021-01-11,31.973262786865234,32.14183812214454,31.0300370870881,31.31501055259995,3771200
2021-01-12,32.350547790527344,32.78402981919773,31.70835389373162,32.01339714304286,2974600
2021-01-13,32.3104133605957,32.56729093612452,31.9010156815411,32.181974572831294,2567700
2021-01-14,33.27370071411133,33.45030210640526,32.43884719013748,32.66361426881437,2721300
2021-01-15,32.615447998046875,32.872325505591924,32.10169298295677,32.47898009966401,4120100
2021-01-19,32.7760009765625,33.008794139279864,32.438847295233074,32.88035537073098,4498800
2021-01-20,32.18196487426758,33.37805321291835,31.676235960132697,32.639528109172986,3991500
2021-01-21,31.242755889892578,32.326460770279816,30.88152399198501,32.117745876773455,4310300
2021-01-22,30.81731414794922,31.18657532323815,30.464108205788843,30.75309627765761,3734600
2021-01-25,30.54438018798828,30.59254588560588,29.428567555405074,30.504243637751525,5470000
2021-01-26,29.741626739501953,31.066153878849676,29.7095162854304,30.93771512478492,4672600
2021-01-27,28.264583587646484,29.436587769241672,28.168255273847095,29.155628911401006,5949700
2021-01-28,29.870073318481445,30.21525313462204,28.714926531309146,28.987057035744538,5126000
2021-01-29,29.251956939697266,30.271441025974628,28.902765657249432,29.765715086797382,6484600
2021-02-01,29.870073318481445,29.902183780964812,29.147606285939133,29.5489778803145,4597800
2021-02-02,30.835447311401367,31.451995768732157,30.381151705638384,30.381151705638384,3749500
2021-02-03,31.468231201171875,31.549354558458194,30.72188331657534,30.835457254639273,3663100
2021-02-04,32.38493728637695,32.7297192956207,31.82112159090324,31.954977917222028,5027200
2021-02-05,32.401161193847656,33.1556201531471,32.27541906551696,32.774336672017924,2618600
2021-02-08,32.8392333984375,33.05827016104751,32.4417246436196,32.53907328433822,2908800
2021-02-09,32.928466796875,33.0826023831652,32.29407137489148,32.693204774650134,2634200
2021-02-10,32.749996185302734,33.39899228773475,32.70132341178128,32.95280766072884,2877100
2021-02-11,32.42549133300781,33.00958612748429,31.849504539154026,32.69320080242271,2953900
2021-02-12,32.87168502807617,33.13128347473233,32.44983677859552,32.78244748178982,2030600
2021-02-16,34.09666061401367,34.388709602557576,33.30975427783393,33.45577877210589,6023100
2021-02-17,33.934410095214844,34.52661910193728,33.43954970879636,33.926295904973024,3695500
2021-02-18,33.179962158203125,33.67481961153668,32.78245026230021,33.504458696717364,4410900
2021-02-19,34.486061096191406,34.713212047610824,33.37465510390364,33.48822903228462,3646000
2021-02-22,35.078277587890625,35.49606877305328,34.315704385000025,34.41305303623748,4506500
2021-02-23,36.059879302978516,36.14911684323607,35.135059512413605,35.69481804495095,6150900
2021-02-24,37.62558364868164,37.77160815026009,36.31947732603957,36.50606350146596,5381600
2021-02-25,35.8570671081543,38.10421847895089,35.73943608881041,38.096104287461074,6851100
2021-02-26,35.24051284790039,36.08420913666904,34.76593484596433,35.55690127718125,6546800
2021-03-01,35.93819808959961,36.51418202144281,35.69482490237862,36.09233681407735,9339800
2021-03-02,36.06800079345703,36.66832426794449,35.63804135158005,35.96254102881515,10253900
2021-03-03,36.18968200683594,37.33353866250455,36.0112069091128,36.497956331632906,8511300
2021-03-04,35.435211181640625,36.65207968899186,34.688863554577075,35.98685848587905,8775500
2021-03-05,35.93819808959961,36.652095454151414,34.429279996308324,36.416833365486006,8907900
2021-03-08,37.21185302734375,37.80406223397715,36.09233577929272,36.56285684847549,6604500
2021-03-09,35.74349594116211,36.55474185189941,35.459558015609524,36.28702921592048,6564500
2021-03-10,36.197784423828125,36.368148382915976,35.5082267756133,35.80027574015598,8124800
2021-03-11,36.20590591430664,36.4168284897496,35.6055825778562,35.87329521421665,6119400
2021-03-12,36.89545822143555,37.31730640432151,36.57907285793535,37.00903213708617,5954700
2021-03-15,36.45738983154297,37.0577131624793,35.72727037433977,36.87923807321167,4590400
2021-03-16,35.64613723754883,36.100435972856786,35.191841596897824,36.076099590581045,5040700
2021-03-17,36.246463775634766,36.57907444071387,35.69481636604154,36.08421399140313,6945800
2021-03-18,36.814334869384766,38.58285094168805,36.70076095376738,37.13883132905485,9444200
2021-03-19,36.13289260864258,36.99281126968461,35.459557035898555,36.205904862377984,16992700
2021-03-22,35.24051284790039,36.05175856525713,34.81866470351606,36.035533279551174,6599400
2021-03-23,34.29136657714844,35.37843627074213,34.16967844714274,34.90791213568831,7080900
2021-03-24,34.26701736450195,35.427095788347856,34.25079208026303,34.972800208284156,5461600
2021-03-25,35.775936126708984,35.97469356244292,33.90196043581185,34.137222444645744,6425400
2021-03-26,36.51417922973633,36.83867885099321,35.946309534523394,36.34381832117245,6272100
2021-03-29,35.18373489379883,35.897632174162,34.77000083377987,35.85707049685153,9337300
2021-03-30,36.32758331298828,36.58718170268793,35.62585747961973,35.67858733873916,5613300
2021-03-31,35.81650924682617,36.50606705330328,35.71915750653052,36.10855518374017,6865300
2021-04-01,36.45738983154297,36.45738983154297,35.670483408601434,35.77594314802546,5785800
2021-04-05,36.43304443359375,37.30919127912632,36.20589662682165,36.92790480805306,4451300
2021-04-06,36.360042572021484,36.50606708794588,35.87329624871193,36.28703031405929,3799900
2021-04-07,36.49795913696289,36.790005099333165,36.197795886873955,36.5628572081592,2948600
2021-04-08,36.27079772949219,36.4411585989231,35.49200253095911,36.21401077301521,3236100
2021-04-09,36.80622482299805,37.07393744966209,36.489839423964135,36.66831450840683,3154800
2021-04-12,37.25240707397461,37.33353351386872,36.88734892575149,37.01714813492482,3263200
2021-04-13,36.32758331298828,37.06581681394482,36.11666078185366,36.8954559509526,3791900
2021-04-14,36.927913665771484,37.20373739500815,36.197791119363416,36.246466987343126,3986000
2021-04-15,36.246463775634766,36.96847206607545,35.569074253224215,36.92791039368185,7092300
2021-04-16,36.3681526184082,36.96036171229738,35.9381902173543,36.75755025159599,5089400
2021-04-19,36.18968200683594,37.04148962792402,36.08421916775793,36.433055170767155,3978100
2021-04-20,34.648319244384766,36.01932709661676,34.40494603994645,35.83273777540059,6282200
2021-04-21,35.72726821899414,35.74349350746305,34.03176425721017,34.34814964571049,7848500
2021-04-22,35.02960205078125,35.87329862201551,35.00526566140302,35.76783577694676,8094800
2021-04-23,36.449275970458984,36.56284989332415,34.924132919244805,35.15128385963243,5170100
2021-04-26,37.10638427734375,37.5201182739588,36.70481537793419,36.71698356979682,3843200
2021-04-27,37.398433685302734,37.51201070757513,37.05527640706183,37.23618698565702,3157400
2021-04-28,37.78297424316406,38.003879835929595,37.45161741454638,37.46388942730093,3288400
2021-04-29,38.478416442871094,38.79750126780977,38.02842494305857,38.33114604350535,3288900
2021-04-30,37.864784240722656,38.64204385321245,37.76660503188987,38.159324988281796,4575900
2021-05-03,38.322959899902344,38.61750065373454,37.7502421142354,38.347503922368084,4042700
2021-05-04,39.32113265991211,39.345676687100244,37.701161323204914,38.03660988604234,4900200
2021-05-05,39.836570739746094,40.1147477886701,38.756589990055474,39.39476270291705,3978500
2021-05-06,40.21293258666992,40.22929318961244,39.09204090037265,40.11475024264746,3678600
2021-05-07,40.45020294189453,40.49929411895421,39.13295579527277,39.32113395907588,2835300
2021-05-10,40.37656021118164,41.19472761664478,40.368379910393834,40.8674625270961,3398600
2021-05-11,40.0820198059082,40.99018294172344,39.68929673180447,39.97565717662758,3611400
2021-05-12,39.27204132080078,40.859285200601036,39.12722719150831,40.63019929163602,3587000
2021-05-13,40.48292922973633,40.75292601421218,38.912049061714335,39.10022722010896,3126700
2021-05-14,41.292903900146484,41.407446820752966,40.50746093401823,40.622006975685224,2893800
2021-05-17,41.51381301879883,41.55472076238873,40.76109742828929,41.09654591942376,2868000
2021-05-18,40.613826751708984,41.84107777662071,40.58109930865676,41.57108417409172,2653100
2021-05-19,40.04929733276367,40.11474910586263,39.24749360566935,40.07384135754314,4821800
2021-05-20,39.762935638427734,40.221110520376726,39.39476279373164,40.008388362973186,4141000
2021-05-21,40.4092903137207,40.77337458340867,39.86111961412262,39.95111853401154,3697500
2021-05-24,40.352012634277344,40.65473367374341,40.09019933726982,40.45019184038999,2515900
2021-05-25,39.582950592041016,41.07201542063267,39.5379511229576,40.54020521568059,3803800
2021-05-26,40.163841247558594,40.45019861377967,39.65657828979788,39.75475751235064,3708800
2021-05-27,40.98200607299805,41.301090866496736,40.703829026167725,40.924734603450126,6690300
2021-05-28,40.82655715942383,40.97791614077305,40.21293156957915,40.93291668116621,3414600
2021-06-01,41.19472885131836,41.751082953393016,41.02291444007617,41.481089324449734,3558600
2021-06-02,40.85110092163086,41.3338198407142,40.556560141029344,41.301092393744895,3398000
2021-06-03,41.1538200378418,41.58745088682108,40.71200888804145,40.81019122425996,4597400
2021-06-04,40.842918395996094,41.24300410948545,40.41747406029968,41.0392799610616,3383800
2021-06-07,40.82655715942383,41.055643047559606,40.67519505701346,40.9820078519358,4190000
2021-06-08,40.58928680419922,40.81019238538456,39.85293486691475,40.47474386307965,4541700
2021-06-09,39.63203430175781,40.27838740395085,39.37840436319554,40.188388475663025,3731300
2021-06-10,38.65842056274414,40.36839103628789,38.64205683559757,40.27021179447029,3378200
2021-06-11,39.14930725097656,39.23112586028892,38.772951011322185,38.772951011322185,3475100
2021-06-14,38.53569030761719,39.24749832237715,38.19615314680531,39.051136737359556,3939400
2021-06-15,39.04295349121094,39.32521915199704,38.48659935018319,38.56841485048557,3971100
2021-06-16,39.19022750854492,39.517492661044685,38.085699426071606,38.658417344273154,3752400
2021-06-17,37.0384407043457,39.640213435780595,36.94844178579589,39.591122265373116,7161600
2021-06-18,36.20391082763672,36.63753859135244,35.66719441133615,36.24481857724101,9332300
2021-06-21,37.226619720458984,37.300254917275964,36.31845333340327,36.572086371564254,3999200
2021-06-22,37.300254821777344,37.59888731950975,36.82571619438036,37.259347072775135,3694700
2021-06-23,37.570247650146484,37.93024332413328,37.365705788494395,37.504795877369595,2961900
2021-06-24,38.093875885009766,38.28614260543484,37.25852703097584,37.69297247924508,3544100
2021-06-25,38.7238655090332,38.95295138802574,38.07751249780594,38.306598376798476,5093200
2021-06-28,37.660247802734375,38.50296242267752,37.56206857982124,38.50296242267752,3982500
2021-06-29,37.43116760253906,38.314790106347964,37.25116973226798,37.9547943658058,2889700
2021-06-30,37.52934265136719,37.72570422620522,37.23480184964082,37.35752822404725,3147900
2021-07-01,38.00387954711914,38.110242191952295,37.570248666366076,37.922060927608555,3770100
2021-07-02,37.676605224609375,38.00305568975586,37.435247358431816,37.922054801366755,2834400
2021-07-06,36.572086334228516,37.49661644419541,36.2530015220344,37.35752635210035,4344000
2021-07-07,36.334815979003906,36.77662714679482,36.163001565216696,36.310271954480335,4528300
2021-07-08,35.62300491333008,36.10163203373125,35.14846638225639,35.72118411521891,5340100
2021-07-09,37.0711669921875,37.09571101609326,36.13845350997515,36.40845025718265,3769000
2021-07-12,37.52934265136719,37.7175208033454,36.29391108974974,36.80935749277089,3358100
2021-07-13,36.68662643432617,37.43933894613496,36.50662860712801,37.29207168513577,4482000
2021-07-14,36.498451232910156,37.349346148359864,35.91346136867113,36.817536045938496,4412900
2021-07-15,36.727542877197266,37.120262948665676,35.852103799349855,36.05664569830601,4106500
2021-07-16,35.18120193481445,36.956623883182885,35.05029526175992,36.956623883182885,4406600
2021-07-19,33.708492279052734,34.42848035334432,33.48758674076803,34.109392495114996,8027300
2021-07-20,34.911197662353516,35.2630098557693,32.36260823637569,32.36260823637569,6299600
2021-07-21,35.999366760253906,36.50662969070585,35.30392569626433,35.35301374436742,4292000
2021-07-22,35.58210754394531,36.0320990649129,35.32029106082774,35.974827587029466,4088500
2021-07-23,35.69664001464844,36.30208206617051,35.50027849025229,35.909362138438766,2813100
2021-07-26,36.17117691040039,36.46571764857136,35.81936470881403,35.81936470881403,2932700
2021-07-27,36.26117706298828,36.52299036790756,35.41028226147024,35.71300643114505,2779900
2021-07-28,35.42665100097656,35.663920317497876,34.28530700018736,34.84575284347504,10288200
2021-07-29,35.377113342285156,36.09539074881809,34.84872753708471,35.930269397336,7603500
2021-07-30,34.80744552612305,35.78165796663224,34.646453085900795,35.28629709662956,6188600
2021-08-02,34.501976013183594,35.864220095639325,34.464822212605306,34.989082274643344,5125800
2021-08-03,35.39362716674805,35.50095652179329,33.742419886664635,34.675352881751586,6602100
2021-08-04,34.7991943359375,35.33996370688424,34.63407297971186,34.74140233367271,5936700
2021-08-05,35.608280181884766,35.63304727930799,35.08814909000501,35.096403739336935,7003200
2021-08-06,36.301788330078125,36.88796608226203,36.12015454512014,36.12015454512014,4402700
2021-08-09,36.22748565673828,36.66505454251067,35.73212162339572,36.13666875982076,3937300
2021-08-10,36.77238464355469,36.976306941349236,35.963293503526025,36.10364460205907,3475300
2021-08-11,37.432857513427734,37.523674389471466,36.442132823883306,36.871446961000125,4252700
2021-08-12,37.39983367919922,37.57320963867685,37.065465307431346,37.44111321963288,2886000
2021-08-13,36.962276458740234,37.67229611452488,36.88797200291561,37.498916951315394,2950800
2021-08-16,36.54946517944336,36.87145002165178,36.186200794541314,36.61551181786772,2792300
2021-08-17,35.76514434814453,36.334809644961624,35.21199149971123,36.10364166644353,4349000
2021-08-18,35.41013717651367,36.1944612103722,35.35234517764883,35.60828342221294,3763800
2021-08-19,34.57627487182617,35.36059881332786,34.31208200828858,34.980818816243634,6327000
2021-08-20,34.956050872802734,34.98494686813266,34.31208117720605,34.51848204368471,4395200
2021-08-23,35.344085693359375,35.53397411357573,35.07989283484729,35.23675636039281,2945200
2021-08-24,35.913761138916016,36.04585760563375,35.45967973141306,35.48444683472633,3241000
2021-08-25,36.65680694580078,37.02007145394022,35.93027478009361,36.11190860887748,3142600
2021-08-26,36.07887268066406,36.92098860760665,35.966589297300786,36.8466841684815,3023800
2021-08-27,36.93750762939453,37.003554281801364,36.09539155256915,36.12015865354322,4032100
2021-08-30,35.8807258605957,36.94575508712625,35.87247121168737,36.94575508712625,2585800
2021-08-31,36.15317916870117,36.46690624107405,35.798169400475665,36.06236227690941,3988200
2021-09-01,35.66606521606445,36.20270550189485,35.500943916798626,36.20270550189485,3129400
2021-09-02,35.90550231933594,36.32242987403951,35.533980065626174,35.65781871724421,3904000
2021-09-03,35.55875015258789,36.161440459479266,35.418399039080676,36.0045768944839,2706100
2021-09-07,35.4266471862793,36.16969161969353,35.418392536764706,35.633048067846865,3229900
2021-09-08,35.20374298095703,35.66195330875793,35.046879404101034,35.31107234903131,4448400
2021-09-09,35.699100494384766,36.202716037030775,35.07906950452027,35.22024890210882,4448600
2021-09-10,35.377113342285156,36.10364539914967,35.3234502415603,35.996316048272135,4791600
2021-09-13,36.31830596923828,36.54121618336435,35.6743329802728,35.88073389288641,4592300
2021-09-14,35.31106185913086,36.59074664649718,35.12529918309916,36.40911286978015,4058800
2021-09-15,36.11190414428711,36.239871699057595,35.29455516523857,35.30280981578625,3160700
2021-09-16,36.09539031982422,36.57423876906057,35.996315620455775,36.351325419623244,4076800
2021-09-17,36.06235885620117,36.524697920818646,35.90136643581496,35.95502952613462,5985700
2021-09-20,34.96431350708008,35.046875762183994,34.27906411157162,34.96431350708008,4969000
2021-09-21,34.51022720336914,35.33583074004987,34.35336366519372,35.195479650539376,4309900
2021-09-22,35.23676681518555,35.61654376829855,34.89826941794513,35.07164544226695,3809000
2021-09-23,37.08610916137695,37.225638249563765,35.64956077876969,35.723865222658176,4945900
2021-09-24,37.416358947753906,37.78788123783081,37.0530944582499,37.10262866397473,4200200
2021-09-27,38.902442932128906,39.108843843705564,37.944742828390325,37.944742828390325,5255000
2021-09-28,39.09233093261719,39.42670254704586,38.716682915672685,39.13361363398888,8842200
2021-09-29,39.62071228027344,39.645479376787506,39.00150967200309,39.323494524395294,6258500
2021-09-30,38.786865234375,39.8684073207474,38.786865234375,39.8271277616034,6872800
2021-10-01,39.85188674926758,40.08718365282912,38.77034488320816,38.99325823649191,4684000
2021-10-04,39.843624114990234,40.48759699614869,39.71565657840971,39.810602368065474,4544200
2021-10-05,40.44631576538086,40.85911750430343,39.84362245505787,40.215144649973645,4724200
2021-10-06,40.09131622314453,40.28120469345349,39.12122937020032,40.140850428790614,4796700
2021-10-07,40.17387008666992,40.658500874778596,39.934444292548584,40.438062980380465,5159300
2021-10-08,40.495853424072266,40.842608552144895,40.02525965338109,40.13258899652591,2973700
2021-10-11,39.90141296386719,40.999463824227426,39.884900518295915,40.81783007237043,3547800
2021-10-12,39.85188674926758,40.15735920402182,39.50926049425212,39.73630274743775,3195000
2021-10-13,39.18314743041992,39.71153324845037,38.58871495984962,39.61246169492664,3773800
2021-10-14,39.56291961669922,39.77757829802033,39.13360855291204,39.66199430781398,3700400
2021-10-15,39.70327377319336,40.17386753202962,39.381288901297765,40.03351644404539,4266900
2021-10-18,39.94270706176758,40.355508903230245,39.546417671894794,39.63310568067058,3473200
2021-10-19,40.53712844848633,40.570153342604065,39.926183654444394,40.19037650853181,3610000
2021-10-20,42.00670623779297,42.09752312513599,39.83536818837946,40.050023708931505,5016700
2021-10-21,40.834354400634766,42.07275983401014,40.363760587906356,42.04799273315956,5634300
2021-10-22,41.511348724365234,41.60216562585802,40.949938014616976,41.057267366329164,3362300
2021-10-25,41.53611755371094,41.91589444748377,41.27192465809264,41.808565099442674,3379700
2021-10-26,40.966453552246094,41.618681212641846,40.83435708996337,41.593914110160114,4078100
2021-10-27,39.30698776245117,40.78481895714584,39.290475312577584,40.78481895714584,4707300
2021-10-28,39.87303924560547,39.898010904605904,39.29034285722312,39.631635957135096,3715600
2021-10-29,39.44017791748047,40.00622545685299,39.19461163511281,39.93963013436692,4948600
2021-11-01,39.93962478637695,40.18935086138139,39.75649084950201,39.898004303116096,3047000
2021-11-02,39.30699157714844,39.89801079171199,39.132180438320475,39.78979497728322,4394200
2021-11-03,40.3475227355957,40.57227720916456,38.93240374022146,39.09888888828433,3666700
2021-11-04,39.814762115478516,40.22264728454012,39.18211935773509,40.156055148453,3025600
2021-11-05,39.78146743774414,40.55562052727509,39.49428069230668,40.29756843895162,3694100
2021-11-08,39.88135528564453,40.513994884352364,39.63995203826103,40.0811380499645,2662600
2021-11-09,39.814762115478516,39.9063259056684,39.244551668431235,39.51508956448839,2841400
2021-11-10,39.97292709350586,40.1851957109021,39.72320098944895,39.90633177218951,3256000
2021-11-11,40.88859558105469,40.90524441343901,39.91466270237285,40.13941717640099,3857300
2021-11-12,41.08837127685547,41.44631317251498,40.54729543213123,40.93853498679151,5628300
2021-11-15,41.57949447631836,41.65441261025706,40.98014940480877,41.238201460695194,5330600
2021-11-16,41.80424499511719,41.970726899126895,41.32976458272424,41.63775991566872,4131400
2021-11-17,41.66274642944336,41.787611077435095,41.25902099976862,41.62112593859275,4451200
2021-11-18,41.7376594543457,41.97073671482006,41.338097075487,41.64609248046234,4173000
2021-11-19,41.29648208618164,41.51707354783912,40.505680050182434,41.080050450843785,5837600
2021-11-22,41.845882415771484,42.39528117761233,41.48794046141941,42.062310883885736,4113700
2021-11-23,42.320350646972656,42.3952687823851,41.879167835898855,42.153865548785085,3525900
2021-11-24,42.48684310913086,42.90305433901943,42.12473819596951,42.361978469988415,3815900
2021-11-26,40.422428131103516,40.72209749247563,39.55254517422439,40.63053370661806,3456600
2021-11-29,40.605567932128906,41.379721099691984,40.189356688296705,41.005130345155045,4300800
2021-11-30,39.348609924316406,40.1444068601738,39.17380197044805,39.87303696136116,8891200
2021-12-01,38.72429275512695,40.84696936754309,38.71596675238074,40.39746048243671,5437100
2021-12-02,40.014549255371094,40.23930371105545,38.79921316946889,39.1904527599683,4403500
2021-12-03,38.5827751159668,40.114432385390025,38.30807738839422,39.931301625488075,5025300
2021-12-06,39.59001541137695,40.11443930228856,39.048939513901985,39.398558616616235,5457600
2021-12-07,40.23097610473633,40.68048178727414,39.70654910376286,39.831410558463574,4564900
2021-12-08,39.6233024597168,40.414104324707964,39.56503314944327,40.1976759116119,4430700
2021-12-09,39.43185043334961,39.760657681034765,39.13217784429784,39.31531179881606,2973200
2021-12-10,39.456817626953125,39.90632324806377,38.857472564886905,39.714866503334626,2876100
2021-12-13,38.532840728759766,39.31531678518344,38.39132724356397,39.273696292634106,3229300
2021-12-14,39.19045639038086,39.68158266164908,38.666029278537,38.88245775103757,4937500
2021-12-15,39.24871826171875,39.531742010732614,38.6993195930965,39.35693088969499,3983600
2021-12-16,39.22373962402344,40.18102658159552,39.04060886921148,39.78978706712775,4421600
2021-12-17,37.8419189453125,39.190445427097664,37.8086212894918,39.090552459635575,7549200
2021-12-20,37.03446960449219,37.19262869867705,36.26031660977852,37.19262869867705,4842700
2021-12-21,38.149925231933594,38.24981504420529,37.50063351356785,37.55890283534633,3757600
2021-12-22,38.4079704284668,38.58277837673566,37.8086252624712,37.9667875565198,3658700
2021-12-23,38.815860748291016,39.32363896414804,38.69932211031197,38.85748123679214,3605200
2021-12-27,39.29033279418945,39.302818620491806,38.62439559607215,38.899093301040956,2022100
2021-12-28,39.37358093261719,39.631633033195925,39.09055717488037,39.115532007478066,1907000
2021-12-29,39.37358093261719,39.681576347512085,39.20709580887089,39.49011956660771,1957400
2021-12-30,39.348609924316406,39.82309047078177,39.29866343373702,39.415202069649254,1737800
2021-12-31,39.331966400146484,39.631639033170394,39.132183586317176,39.17380725513502,1972100
2022-01-03,40.905235290527344,41.246528339688545,39.97292311301567,40.25594684954735,4770500
2022-01-04,42.76154327392578,43.086187543421865,41.5378843485513,41.56285600760797,6104500
2022-01-05,42.43689727783203,43.473262367236,42.35365630073667,43.119483451421125,4119300
2022-01-06,44.78432083129883,44.93415710510998,43.2027203055933,43.47741802395428,6120200
2022-01-07,45.13394546508789,45.333725071344624,44.46800497639322,44.89254219670805,4214000
2022-01-10,44.88421630859375,45.8415033819544,44.22660499626175,45.77491123817883,4950900
2022-01-11,45.40031433105469,45.55847342951926,44.58454083426415,45.317070193358205,5471900
2022-01-12,45.95804214477539,46.224417071508235,45.42529229130971,45.66669556098623,6024400
2022-01-13,46.365928649902344,46.67808705215648,45.87479930333826,46.01630958814918,6217800
2022-01-14,46.90700149536133,46.94862515617923,45.36369027225982,45.44193945214041,6281500
2022-01-18,46.34095001220703,47.44807324547903,46.08539701504291,46.93197228526522,7385500
2022-01-19,45.250484466552734,46.740521400212394,44.89670556370182,46.67392608062465,7090200
2022-01-20,43.419151306152344,45.35037097782567,43.34423316477539,45.15891421107109,7638100
2022-01-21,42.13722229003906,43.12780700867365,41.93744268616354,43.12780700867365,6136300
2022-01-24,42.53678894042969,42.63668192782805,40.67216429848508,41.26318351777932,6589800
2022-01-25,42.961326599121094,43.315105533664905,41.0842129346575,42.053985928812565,6679500
2022-01-26,43.394187927246094,44.31817745531105,42.71160169804207,43.58564473051649,6728700
2022-01-27,43.119483947753906,44.551251633440735,42.77819085703086,44.30152552384041,6317000
2022-01-28,43.36271286010742,43.38367936989724,42.28074112966625,42.92656914242117,5145900
2022-01-31,43.169803619384766,43.36271278657742,42.10460701829874,42.851082595552874,7200900
2022-02-01,44.411136627197266,44.503398233713,43.04399405693294,43.362715097752236,6745100
2022-02-02,44.570491790771484,44.77179011524907,43.958214053130995,44.36919666582223,5846100
2022-02-03,44.427913665771484,45.493110369428756,44.33145747312287,45.41762388808206,4627500
2022-02-04,45.3337516784668,45.7111841138077,44.46985325943126,44.52856461609218,4123600
2022-02-07,45.48472595214844,45.83699730170769,45.02342105112026,45.35891726979297,3403800
2022-02-08,46.440879821777344,46.61701707282864,45.946024724978955,46.25635980569446,4185800
2022-02-09,46.390560150146484,46.69669746588432,46.14732557084189,46.491207727968494,3655700
2022-02-10,46.130550384521484,47.06154927693371,45.912480099587334,46.33184873944662,4169700
2022-02-11,45.68601989746094,46.96509230824227,45.3421377464228,45.6440804745429,4407100
2022-02-14,45.00664138793945,46.18926080035055,44.67114520305214,45.82860352143175,4276400
2022-02-15,46.2563591003418,46.30668128599313,45.49310835585363,45.52246403065977,3479500
2022-02-16,46.323455810546875,46.69249903180325,45.5602050760079,45.62730558870645,3221600
2022-02-17,44.528568267822266,45.85377168338424,44.32307850265709,45.65247650104712,3690100
2022-02-18,44.662757873535156,45.14922700680469,44.360811956268364,44.45307356426974,3803800
2022-02-22,44.56211853027344,45.073748851288784,44.08403847282318,44.84728937151826,3560400
2022-02-23,43.48853302001953,45.107296462070096,43.29562380147584,44.87245101332635,3486200
2022-02-24,42.339454650878906,42.47365247863412,40.78779206748865,41.92008603920277,5760400
2022-02-25,44.43629837036133,44.52855997822728,42.67495145492854,42.90979685711194,4297100
2022-02-28,43.96660614013672,44.1679044926493,42.859473200139426,42.859473200139426,4510000
2022-03-01,40.72908401489258,43.584983467746945,40.322295916712086,43.320782372833825,6732300
2022-03-02,42.52397537231445,43.018830433079046,41.32458095723296,41.32458095723296,4999000
2022-03-03,42.096221923828125,42.842700772765916,41.77330948654947,42.59107703516529,4866200
2022-03-04,40.40196228027344,41.0813404445801,39.67645652164827,40.762619468784976,4990700
2022-03-07,38.103824615478516,40.259378588086754,38.09543545320368,40.007758111816806,6619700
2022-03-08,38.27157974243164,39.546460684051524,37.827046845983475,38.909018613477315,5535800
2022-03-09,40.133575439453125,40.55294405720928,39.70582085713444,40.083253253020715,5649500
2022-03-10,39.65550231933594,40.242619125490286,39.1522611709346,39.37872064757396,5558000
2022-03-11,39.320011138916016,40.72909026024356,39.286460874234564,40.1251982940948,4996700
2022-03-14,40.90522003173828,41.47975625551335,40.01615730872346,40.351653521057465,6143300
2022-03-15,40.83811569213867,41.73556429678527,40.385200007211516,41.27425944759298,4708300
2022-03-16,42.22203063964844,42.725271678212096,41.21806339191669,41.36651831446742,5226400
2022-03-17,41.71879196166992,41.7607281840017,40.62843098387166,41.4000709127968,4743100
2022-03-18,41.30781555175781,41.7187982716392,40.56972576887347,41.67685884343541,12258500
2022-03-21,41.16522979736328,41.90331634598843,40.74166654876283,41.50911197556084,4394900
2022-03-22,41.903316497802734,42.60785598733672,41.56782348344737,41.97880298595027,4667100
2022-03-23,40.36842346191406,41.811049310618564,40.24261159858077,41.4755563409441,4726000
2022-03-24,40.79617691040039,41.07296172227126,40.242610486187154,40.85488825845873,4625700
2022-03-25,40.84650802612305,41.27007126757719,40.569723175411745,40.71231018322546,6003500
2022-03-28,39.9993782043457,40.79617922983263,39.34516417477032,40.418746828335806,5769200
2022-03-29,40.79617691040039,41.081347686481664,40.242610486187154,40.8045660741393,5044000
2022-03-30,39.25290298461914,40.771018571500555,38.9425710954215,40.64520670314892,5538000
2022-03-31,38.01995849609375,39.4458091646321,38.01995849609375,39.01805460397629,4670100
2022-04-01,37.06380081176758,38.665788956030646,36.77443861366493,38.40578243598272,7549900
2022-04-04,36.52700424194336,36.88766149214663,35.92311563656805,36.72830257675412,6811200
2022-04-05,36.099246978759766,36.89604789516006,35.6714892491163,35.97343512897563,10930200
2022-04-06,35.294071197509766,35.99860753936135,34.874702499057584,35.71343989596195,35936500
2022-04-07,34.933414459228516,35.55407835183228,34.2875862686067,35.27729666986825,11504500
2022-04-08,35.084373474121094,35.369541008814636,34.74887736343876,35.12630968807438,7917200
2022-04-11,35.07599639892578,35.77634133182386,34.68178881295791,34.92502341704571,7766400
2022-04-12,34.30436325073242,35.23535913984457,33.8388637064116,34.86631581081443,9963600
2022-04-13,34.58113479614258,34.59790992429172,33.750786749695564,33.88498457536016,5783500
2022-04-14,34.2791862487793,34.82436667329384,33.994015491261095,34.539195915775636,5478600
2022-04-18,34.58113479614258,34.67339640119859,34.05272945779449,34.119829970391066,7482100
2022-04-19,36.93798828125,37.684463902088666,36.40958293185295,36.69475371729421,8730400
2022-04-20,37.17283248901367,38.02834481790013,37.12670168700054,37.49993948544968,6872200
2022-04-21,36.09086608886719,37.885763453336075,35.92312118340687,37.65091802606844,6600200
2022-04-22,35.092769622802734,36.216677760417284,35.05083339667743,36.06570478674302,6988100
2022-04-25,34.95856475830078,35.10953770165319,33.897562772733515,34.80759181494838,7412600
2022-04-26,33.52432632446289,34.72372075555346,33.52432632446289,34.228865688183724,8904400
2022-04-27,33.30625915527344,33.750792123178705,33.138511046603284,33.490782394763514,10561500
2022-04-28,33.80111312866211,34.09467310840426,33.004312040117625,33.77595203308068,6822500
2022-04-29,33.04624557495117,34.08208328593865,32.97075910213342,33.82627139422512,7054300
2022-05-02,33.376625061035156,33.65617378276839,32.546442235244044,33.5036914867264,6186900
2022-05-03,34.028907775878906,34.32963909387433,33.41050876588348,33.67311789266883,5830000
2022-05-04,35.147117614746094,35.20217941964651,33.715478372173074,33.910316179724035,8011500
2022-05-05,34.38470458984375,34.884507025873155,33.639235837635326,34.52871387286974,6161100
2022-05-06,33.893367767333984,34.49482716215951,33.25802593049568,34.41011297833832,6960800
2022-05-09,33.39356231689453,33.698526887526235,32.834461681241535,33.45286385586438,7839100
2022-05-10,33.071659088134766,34.045847903822214,32.224536692833254,33.732413522384995,6612600
2022-05-11,32.21607208251953,33.80442698900478,32.169480080074656,33.19873418873775,5713100
2022-05-12,32.012760162353516,32.393965934987875,31.199523335077473,31.953461845667714,6076700
2022-05-13,32.139827728271484,32.70824816278052,31.877221811296728,32.38549403832581,4843400
2022-05-16,32.182186126708984,33.05472129283412,32.063586258808925,32.75822647035794,6559700
2022-05-17,33.385101318359375,33.499461446744164,32.741289568437864,32.86835601869693,4708700
2022-05-18,32.19065856933594,33.037781163265834,31.843338435085332,32.936127356818794,6143100
2022-05-19,31.9365177154541,32.27536476401574,31.640022912507433,31.70779426112922,5379900
2022-05-20,31.97887420654297,32.66080807397198,31.140221514093803,32.410905257400145,5551800
2022-05-23,33.08013153076172,33.40627548863512,32.43631988080869,32.9191794261524,5378700
2022-05-24,32.79210662841797,33.06318553210996,31.995812752762163,32.91070324484379,5420800
2022-05-25,33.546051025390625,33.783247532140685,32.728577651512126,32.73281416900302,5310200
2022-05-26,34.139041900634766,34.39317804748487,33.812901104621815,33.85949310855459,4997000
2022-05-27,34.62189483642578,34.76590733834599,34.07973696652434,34.13903528157507,3577600
2022-05-31,35.053932189941406,35.295361988574875,34.07127015654532,34.17292395820254,9257900
2022-06-01,33.91878128051758,35.15557919469494,33.571461229782415,35.02003974151818,5284800
2022-06-02,34.80826950073242,34.825212341360086,33.80866452431535,33.901848532009275,3804000
2022-06-03,34.283050537109375,34.63884045599081,34.122095184887336,34.43553285420601,3142800
2022-06-06,34.40164566040039,35.06240018435073,34.3338743084486,34.64731196395174,3087700
2022-06-07,34.78285217285156,34.81673461802898,33.842545649463375,33.97808512472103,3724700
2022-06-08,34.20680618286133,34.52024059138198,33.93572725146254,34.477885114260125,3914600
2022-06-09,32.92765426635742,34.172925511444355,32.919184462299384,34.11362718848938,3950500
2022-06-10,30.996212005615234,32.279602059566884,30.919970852335144,32.02122944186857,5222000
2022-06-13,30.005077362060547,30.530295638107617,29.74247145555289,30.081318516227643,7045600
2022-06-14,30.20838737487793,30.69971996224781,29.793295939633868,30.20838737487793,6833400
2022-06-15,30.742080688476562,31.207997483675136,30.242278212877565,30.606541198391223,6990700
2022-06-16,29.68317413330078,30.137231213352152,29.2257271929773,30.055906881981404,6169000
2022-06-17,30.174501419067383,30.38628203616376,29.505277124994812,29.73399734772503,11754500
2022-06-21,30.640422821044922,31.22493948188326,30.250747201496868,30.996215992622552,5090400
2022-06-22,30.79290199279785,30.93267798272458,30.21685842659914,30.31851545464545,5361800
2022-06-23,29.776351928710938,30.725128056957413,29.47138736532431,30.606531444866018,6535600
2022-06-24,31.368946075439453,31.424011107750083,29.74247237811216,29.878011852889436,6903300
2022-06-27,30.826786041259766,31.707794182051202,30.64041806453041,31.58072451946014,4973300
2022-06-28,31.12327766418457,32.25672523708691,31.025857168614284,31.699317909611068,4750300
2022-06-29,30.606538772583008,31.25882352676887,30.44981993678952,31.199525206526165,3085200
2022-06-30,30.233797073364258,30.71242329406263,29.48833169346239,29.894950054731265,4394700
2022-07-01,30.598064422607422,30.733603896126105,29.611169145822608,30.081319169968708,4016200
2022-07-05,30.394760131835938,30.411702971806864,29.27655854588525,29.844129143087905,3858900
2022-07-06,30.123676300048828,30.424404390150222,29.78058950108928,30.04743514822624,4330100
2022-07-07,30.87761878967285,30.962329755347223,30.445584462791448,30.538768463942976,3068400
2022-07-08,30.759014129638672,31.18257531066722,30.470992397278646,31.08939133379848,2549800
2022-07-11,30.665834426879883,30.818316731823906,30.15755899989454,30.437110969463852,2625700
2022-07-12,30.547239303588867,31.216463639949325,30.191446163996403,30.26768732022936,3405300
2022-07-13,29.971195220947266,30.318515319770587,29.496805453389307,30.20838848896829,3468600
2022-07-14,29.58997917175293,29.704339248692214,29.094413452491384,29.30195748994442,4019200
2022-07-15,31.174100875854492,31.335056185578843,29.927983368545483,30.064372699621337,4332500
2022-07-18,31.48753547668457,32.292302337042535,31.41129756918663,31.648490787665306,7564200
2022-07-19,32.09746551513672,32.58032499898398,31.800973983481494,32.19064949123274,5877800
2022-07-20,31.826393127441406,32.10594511288816,31.284235226410605,31.851805769203477,6051900
2022-07-21,31.800981521606445,32.07206048095233,31.29270604919584,31.623086560444975,4883600
2022-07-22,31.48753547668457,32.139820059016174,31.241872456766757,31.767087396904646,4851200
2022-07-25,31.944988250732422,32.1355927494647,31.44518585349208,31.885689935086607,3332700
2022-07-26,31.01315689086914,31.97887607516944,30.898793537640074,31.63155596096466,3744300
2022-07-27,31.623079299926758,31.911097800527408,30.996207330668852,31.131746779222542,3485000
2022-07-28,31.640031814575195,31.834872880924376,30.987750173904782,31.58920652032469,3333200
2022-07-29,32.16524887084961,32.3177312102405,31.809455668432012,31.894169874491695,5277200
2022-08-01,32.190940856933594,32.22520227908727,31.471398709135535,31.86543283901858,3223100
2022-08-02,31.46282958984375,32.07529700715795,31.428564901459332,32.062448565928925,2789000
2022-08-03,31.933963775634766,32.0795870955165,31.51423269880747,31.771211375918636,3917400
2022-08-04,31.35146713256836,31.933953692859586,31.325770253269084,31.78833368661685,2680200
2022-08-05,31.87399673461914,32.036752374123566,31.188719290460153,31.30007789627993,2627200
2022-08-08,31.87399673461914,32.276598662664064,31.779770473360916,32.130975367721184,4707000
2022-08-09,31.822603225708008,31.929677929337362,31.599886012269,31.882564798327596,2565400
2022-08-10,32.901920318603516,33.20258762687383,32.23377510155106,32.33656591932963,6117000
2022-08-11,33.732818603515625,34.246775920451825,33.34734898198302,33.34734898198302,4246100
2022-08-12,34.18681716918945,34.203949516858735,33.50153960072428,33.929838489472665,3327000
2022-08-15,34.118289947509766,34.221080762554216,33.6728587254357,33.74995265363432,2522500
2022-08-16,34.340999603271484,34.58941370372466,33.93839766582396,34.04975627424447,2715700
2022-08-17,33.844173431396484,34.07545520075384,33.47155552603815,33.844173431396484,2973400
2022-08-18,34.04119110107422,34.09258486734058,33.591476040279865,33.887003266953904,2996100
2022-08-19,33.390174865722656,33.827041482208266,33.18459326662639,33.78420898704099,3402400
2022-08-22,32.6363639831543,32.80768413952213,32.268026790644534,32.773419454716525,3366900
2022-08-23,32.627811431884766,32.99614875970636,32.58498219397418,32.687773018491875,2761600
2022-08-24,32.5335693359375,32.696321667961506,32.27659076570914,32.52500479958247,2218500
2022-08-25,33.15032196044922,33.167454301564234,32.50787387310586,32.62779699325103,2622400
2022-08-26,31.916828155517578,33.433006442970225,31.903979713128624,33.364480327675516,4262900
2022-08-29,31.50565528869629,31.916821700287965,31.325770596311212,31.69410778604837,3156800
2022-08-30,31.47140121459961,31.762644565886387,31.128760824499537,31.762644565886387,3389100
2022-08-31,31.419994354248047,31.65984059174829,31.252958114894675,31.56561435054179,6227900
2022-09-01,31.377182006835938,31.42001124832393,30.721885135850822,31.36004965670841,3222100
2022-09-02,30.99169921875,31.98535223316551,30.8546437432327,31.814032071853813,3023500
2022-09-06,30.58909797668457,31.3857339661192,30.400648736150824,31.342904741800638,3999400
2022-09-07,31.017398834228516,31.205851355054236,30.246462941838935,30.34068593459122,5198100
2022-09-08,32.40509033203125,32.42050715511628,30.69189504979207,30.931741343654135,4212100
2022-09-09,32.82482147216797,33.00470619325435,32.55071048737138,32.63636894474755,3223600
2022-09-12,33.518672943115234,33.57006671998707,32.98757995259012,32.98757995259012,3935700
2022-09-13,31.899690628051758,33.03039900603669,31.78833204407537,32.67062637613605,3163300
2022-09-14,31.60845184326172,32.24318834627925,31.27437604397934,31.985353600126913,3420400
2022-09-15,32.30229568481445,32.816256220892974,31.668415271609753,31.719809037855168,4205500
2022-09-16,31.582754135131836,31.873997464021777,31.227268597241725,31.873997464021777,8385600
2022-09-19,31.933963775634766,32.152397121626784,31.10306616189737,31.128763049310137,3134900
2022-09-20,31.53135871887207,31.79690188261361,31.257247749271475,31.617017171499565,2655900
2022-09-21,31.257244110107422,32.12240614449537,31.158733960160514,31.557051927058662,5814200
2022-09-22,30.109405517578125,31.531357335362554,30.092273174272243,31.368601707786873,4234500
2022-09-23,29.492656707763672,29.79246457166145,28.940150843442936,29.638276736610983,5593800
2022-09-26,28.833072662353516,29.64684096750193,28.708865628671788,29.090051267226634,4562400
2022-09-27,28.259157180786133,29.218545609041442,27.97219449203183,28.918734478694976,7137300
2022-09-28,29.098615646362305,29.20140642267705,28.327676654852084,28.379073676839386,8326300
2022-09-29,28.99582862854004,29.269939610240726,28.43904212656205,28.64462372900724,7673900
2022-09-30,29.432695388793945,29.938088126337426,28.987264224547086,29.20997817284018,5693000
2022-10-03,30.015182495117188,30.477746011201493,29.175717188701626,29.835297772526864,6804300
2022-10-04,31.377182006835938,31.390030452516168,30.503451756301892,30.529148647662353,4902800
2022-10-05,30.931737899780273,31.1972810476595,30.683323827274922,30.83751164692236,3522700
2022-10-06,30.349252700805664,30.897474632431344,30.297855669343082,30.64906054851956,3630600
2022-10-07,29.998050689697266,30.135106185707354,29.518354819831572,30.05801226497288,3716600
2022-10-10,29.6982421875,30.37495518884919,29.52692525299328,30.169373560376695,2618500
2022-10-11,29.381298065185547,29.938087831933956,29.19027715961036,29.535485900049395,4089200
2022-10-12,29.269941329956055,29.70680797922573,29.08149206125266,29.329906174158097,3165500
2022-10-13,30.948871612548828,31.103059439020306,28.687454514514435,29.004394705523378,4264800
2022-10-14,30.683324813842773,31.869714282739558,30.62336324512529,31.14588828765799,4021700
2022-10-17,31.085933685302734,31.621307288586422,30.88034878387089,31.497100220505267,5146300
2022-10-18,31.642717361450195,32.071016204679864,31.128760056638928,31.634152822356377,5265800
2022-10-19,31.454261779785156,32.91047494038542,31.300073965754038,31.993915861233877,6101700
2022-10-20,30.751855850219727,32.33656013939052,30.5291386392373,31.60845346980623,5979200
2022-10-21,32.49931335449219,32.61495586602857,30.529139431826245,30.709024152370983,6978300
2022-10-24,33.741371154785156,33.96408830927932,32.58496596870932,32.76485063895938,6397300
2022-10-25,34.640811920166016,34.76073835030088,33.27882136355766,33.46727391467992,6430700
2022-10-26,34.42666244506836,34.96631994328042,34.31530709012609,34.70934127144742,4645500
2022-10-27,34.29817199707031,35.009146374476344,34.24677495975412,34.70933849261733,3137500
2022-10-28,35.103370666503906,35.120503011311634,34.27246991546293,34.48661932406849,3603200
2022-10-31,35.03485107421875,35.29182975883188,34.820701625764265,34.93205698624449,4072100
2022-11-01,35.00022506713867,35.50220813626912,34.79251043971981,35.45027782863217,5974100
2022-11-02,34.23859405517578,35.42430779775659,34.22128395581996,34.89636132287761,4356000
2022-11-03,33.86643981933594,34.143394843898946,33.1653955562809,33.75392580886837,3192200
2022-11-04,34.72325897216797,35.08676440674203,34.10876538451851,34.29917315032223,5909400
2022-11-07,34.81847381591797,35.052155247086276,34.43766146599431,34.939641231731656,4805500
2022-11-08,34.79250717163086,35.10408238505711,34.43765835668744,34.766540369469226,3781500
2022-11-09,34.32514572143555,34.66701279972442,33.918366587498156,34.429003029534606,4278100
2022-11-10,35.84839630126953,36.038804106561074,35.35506998898153,35.40700029085126,4425600
2022-11-11,35.960914611816406,36.24652635396334,35.64501431690607,35.98688141664354,3244600
2022-11-14,34.879051208496094,35.883013859754094,34.857416060483544,35.683952669593715,3729000
2022-11-15,35.017520904541016,35.90464431462102,34.74056597976312,35.36371621129495,3934500
2022-11-16,34.368412017822266,35.130039818940354,34.19531434008221,34.96559884094727,3223800
2022-11-17,34.351112365722656,34.433334530503934,33.62410453938947,33.8577859801642,2951000
2022-11-18,34.9742546081543,35.10840374924689,34.49823843829831,34.98290800692383,3735100
2022-11-21,35.17332077026367,35.24688622568287,34.844435443920275,34.853092145477994,3062500
2022-11-22,35.82243347167969,35.89167387546877,35.46758465617107,35.51951495901288,3140100
2022-11-23,35.96957015991211,36.12535777761865,35.61472131992817,35.73588873335229,2597500
2022-11-25,36.272483825683594,36.428271422483355,36.13400632870203,36.13400632870203,1304200
2022-11-28,35.5887451171875,36.030144351306966,35.47190608554619,35.83973657960339,2946800
2022-11-29,36.16862106323242,36.26382494706511,35.4840220711388,35.666638149046754,3362500
2022-11-30,36.67927169799805,36.67927169799805,35.24775944614593,35.99553744854105,4682200
2022-12-01,36.33306121826172,37.008138486184265,35.97821248748661,36.791767228356434,3301800
2022-12-02,36.090736389160156,36.29845100491061,35.76185106239693,35.934948776565165,2580800
2022-12-05,34.16935729980469,35.85705419890135,33.97029608834097,35.85705419890135,4661900
2022-12-06,34.03087615966797,34.532859136224324,33.59813358052513,34.02222276077322,4907300
2022-12-07,34.18666458129883,34.58478697138924,33.632754594814095,33.84912588963244,4712700
2022-12-08,34.25590515136719,34.57613374485874,34.004913655749824,34.34245234910092,4389700
2022-12-09,34.46361541748047,34.580457751464465,33.9097054978093,34.08280317309743,3372100
2022-12-12,34.99156951904297,35.095426826378166,34.039537048414424,34.53286338521194,3753200
2022-12-13,34.53285598754883,35.9955245831238,34.281864522155836,35.78780671138667,4687800
2022-12-14,33.80585861206055,34.61941364413447,33.650070986536775,34.52420972836276,4484300
2022-12-15,33.1653938293457,33.537552743267085,33.00527787284701,33.217324131833855,5140200
2022-12-16,33.174049377441406,33.24328647678817,32.67206637553021,32.819197275119606,6154400
2022-12-19,33.0615348815918,33.55486117521875,32.784579885224524,33.13942868066784,2836400
2022-12-20,32.93170928955078,33.45965575917857,32.888435692373584,33.1827007753679,4141800
2022-12-21,33.4942741394043,33.831812801253484,33.37310675325984,33.39907024984404,3831800
2022-12-22,33.65871810913086,33.70199170780159,32.858144978248546,33.20866541951459,3047800
2022-12-23,33.66737747192383,33.84912858165054,33.41638595759787,33.59813706732458,1809100
2022-12-27,33.9356803894043,33.99626410086506,33.56352141810837,33.71065564705927,1663200
2022-12-28,33.72795104980469,34.10010985889051,33.63707552222279,33.97893918721809,1881600
2022-12-29,34.160701751708984,34.34245285054198,33.676028853256994,33.805852953317135,2303300
2022-12-30,34.07415771484375,34.195325137050595,33.85346132506613,33.961646995117185,2199900
2023-01-03,34.21263122558594,34.63672045510756,33.922694456248756,34.18666772432119,3784000
2023-01-04,35.18197250366211,35.42430728802886,34.532858644196494,34.62805923693784,3356200
2023-01-05,35.026187896728516,35.1906288999036,34.550168384656246,34.96560419547642,3819700
2023-01-06,36.03881072998047,36.190270011314745,35.0608113251917,35.13005174041007,3238300
2023-01-09,35.57143783569336,36.22055168891085,35.493544041244704,36.05611070132539,2411400
2023-01-10,35.70991897583008,35.76098426815777,35.3464167656226,35.54547797143586,2514000
2023-01-11,35.891666412353516,36.12101942447715,35.63201825369843,35.761842333025974,3414300
2023-01-12,36.203250885009766,36.56242476739647,35.99553296490424,36.159973979713044,3019900
2023-01-13,36.1080436706543,36.15997066975421,35.21659166785877,35.72722806891344,3893000
2023-01-17,35.329105377197266,36.012839473263085,35.02618687973215,35.90898217435562,6119300
2023-01-18,35.39834976196289,35.90465786538652,34.82712960132908,35.13870153312212,7269200
2023-01-19,34.85308837890625,35.207937168445746,34.498239589366754,35.04349617382732,4851500
2023-01-20,35.70991897583008,35.714247326398485,34.7146129467638,35.069461757398585,7980600
2023-01-23,36.713871002197266,36.97351913557614,35.709908564696875,35.908973014037514,4281400
2023-01-24,36.19459533691406,36.84370931828134,36.03015431686422,36.713885201382105,4273500
2023-01-25,36.99949264526367,37.016802745612885,35.908982735775666,35.9868765365651,5269800
2023-01-26,37.31972122192383,37.527439124406236,36.76581121738949,37.25913752152564,3858000
2023-01-27,37.466854095458984,37.622641691405654,37.250482801262386,37.250482801262386,2856900
2023-01-30,36.9599609375,37.59795464715587,36.87256248376693,37.2571090123722,3410500
2023-01-31,37.86014175415039,37.87762144416459,36.863822760711166,37.06483419500943,2989700
2023-02-01,38.15728759765625,38.48065350933958,37.49307608529186,37.580471196370674,3604300
2023-02-02,38.8564567565918,39.14049585580596,38.209724962043175,38.3495591338842,3647300
2023-02-03,38.8389778137207,39.17108522843263,38.53309159879505,38.54182977611734,2969500
2023-02-06,38.26216125488281,38.57678897962459,38.15728645793879,38.340818186068255,2719600
2023-02-07,38.69914627075195,38.926378903499796,38.061152597730576,38.10485015513288,2825100
2023-02-08,38.28837966918945,38.62048372433762,38.20098123316933,38.297117845836745,3138000
2023-02-09,37.729042053222656,38.642336597092104,37.67660632222226,38.471913803521524,2869600
2023-02-10,37.68535232543945,37.702832017372764,37.230890336904395,37.501820561005204,2712000
2023-02-13,37.991233825683594,38.08299968831693,37.42315562777097,37.57173131054135,2650000
2023-02-14,37.895103454589844,38.0611555190275,37.3095454719441,37.868885584918154,2694500
2023-02-15,37.956275939941406,38.04367105047888,37.43189860889704,37.45811647527633,1893800
2023-02-16,37.41442108154297,37.80770243559232,37.32702263204648,37.5367755769281,2269600
2023-02-17,37.737789154052734,37.988615883843465,37.41442320731794,37.56299557903847,4095100
2023-02-21,36.662811279296875,37.43190096938316,36.54482420533019,37.32702282943278,3974000
2023-02-22,36.566673278808594,36.89878070836625,36.36566185231339,36.557935101095694,3600400
2023-02-23,36.64533233642578,37.11290321802994,36.269527328716634,36.83760559634489,4411300
2023-02-24,36.61036682128906,36.702132679807775,36.11220739852492,36.217082189130664,3760900
2023-02-27,36.48801803588867,37.16009761950435,36.321965980364084,36.86382303925853,3074500
2023-02-28,36.49675369262695,36.846340803581164,36.365661026451455,36.627849692712225,4626800
2023-03-01,36.365657806396484,36.566669210527856,36.15153747019929,36.304480567483,3415600
2023-03-02,35.264461517333984,36.17338527571103,34.93235745223854,36.03355110779991,5668000
2023-03-03,35.815067291259766,35.82380880385499,35.16833538344267,35.32564593714422,4180900
2023-03-06,35.631526947021484,36.15590422342022,35.55724077741505,35.83253834743798,4006000
2023-03-07,33.81367874145508,35.43925292935181,33.73065439712914,35.33437814320312,6548500
2023-03-08,33.28057098388672,33.988480121211666,32.99216108800611,33.988480121211666,5622300
2023-03-09,31.244226455688477,33.12325119847551,31.169940283834215,32.97467552085747,9842000
2023-03-10,30.099336624145508,31.296670407236803,29.365206299951225,30.21295294431761,12623800
2023-03-13,26.787010192871094,28.526199257021222,25.974222983599624,27.88820560540455,20903800
2023-03-14,27.879467010498047,29.260330843611218,27.02298220689918,28.90200553461669,13167900
2023-03-15,27.538618087768555,28.001819813879862,26.551912546310653,26.75205047133531,16906800
2023-03-16,28.48250389099121,29.286549650549418,26.94432613301131,27.136597727650656,14992000
2023-03-17,26.970542907714844,28.377626176804878,26.721463177925656,28.097957825248937,17698400
2023-03-20,27.573579788208008,28.687885878669405,27.31139110042593,27.56484160997629,12167600
2023-03-21,28.85831069946289,29.26907511703238,28.517465048250028,28.66603742589244,7563100
2023-03-22,27.057941436767578,28.788390830919095,27.031723567342755,28.76217296149427,8102900
2023-03-23,26.122798919677734,27.37256844761295,25.98296473010016,27.258953793689308,8759600
2023-03-24,27.180295944213867,27.46870415893668,25.16143844115416,25.502284058475222,11488500
2023-03-27,26.63843536376953,28.390734975298916,26.572889031846383,28.31644879906171,12701600
2023-03-28,26.8569278717041,26.935584807678772,26.433056235568312,26.65591644285992,6859100
2023-03-29,27.206514358520508,27.468704710688186,26.979285053712196,27.206514358520508,9854800
2023-03-30,26.89188575744629,27.80080789263406,26.568518186734625,27.73963064959655,8100400
2023-03-31,26.542299270629883,27.320127044681506,26.179603248465725,27.189032719508898,11001400
2023-04-03,26.393728256225586,26.953064996218668,26.065991572581833,26.752053563653025,7362100
2023-04-04,25.493547439575195,26.67339998254494,25.178919650261882,26.655920290481937,9700100
2023-04-05,25.012861251831055,25.449843441180654,24.711342474328784,24.951682345080112,9071200
2023-04-06,25.406145095825195,25.707663883697112,25.030340133347327,25.09151737524748,5575000
2023-04-10,25.598419189453125,25.79943061012627,25.187654836737273,25.292531302758626,5505000
2023-04-11,25.703292846679688,25.8649757937816,25.397404973573916,25.598418052272155,6216600
2023-04-12,25.677072525024414,26.27136856490836,25.476061119462123,25.94800268064811,5767800
2023-04-13,25.825651168823242,25.843130859474925,25.29253393958722,25.607160036542318,7176200
2023-04-14,25.43236541748047,26.315069697753213,25.283791396702785,26.2801103201797,9370300
2023-04-17,26.498605728149414,26.507345573960702,25.00412710047738,25.362452443964422,8483200
2023-04-18,26.60348129272461,26.660287788104615,26.1315396369348,26.56852191068607,7780900
2023-04-19,26.655914306640625,26.690873682918788,25.301270148003105,25.44984416327569,10555100
2023-04-20,25.39740562438965,26.175235093125824,25.170174674744068,26.0266610747789,12453400
2023-04-21,25.170177459716797,25.572202004942767,24.864291211882396,25.432367815374175,8635300
2023-04-24,24.99538230895996,25.222613254226985,24.781260296338502,25.082779082824942,7526700
2023-04-25,25.231353759765625,25.41925457811228,24.38360719809234,24.567140594715728,15279100
2023-04-26,25.48480224609375,25.91741536562479,24.890506176293663,25.240091609424645,18711100
2023-04-27,26.297592163085938,26.655917477791654,25.650858627593788,25.67707649596664,8392800
2023-04-28,27.04045867919922,27.59542626659342,26.026660120686042,26.10531704910127,12849600
2023-05-01,25.187654495239258,26.262630339347783,25.091517874936024,26.149015697407023,22079600
2023-05-02,23.883930206298828,25.40937926272328,23.076861041908355,25.23200240961746,16331900
2023-05-03,23.254236221313477,24.58457013608991,23.076859380974184,23.901666678792697,11423900
2023-05-04,22.03919792175293,22.677757564688733,20.726602254359182,22.323002207502174,26935500
2023-05-05,23.44935417175293,23.489264258948783,22.730972602227585,23.285278429054905,10439700
2023-05-08,22.846269607543945,23.946012186447177,22.686629255643815,23.946012186447177,10999900
2023-05-09,23.103464126586914,23.156678699177103,22.456035384535827,22.63341390995582,6566000
2023-05-10,22.526987075805664,23.511434704902634,22.305264758737483,23.449352726780667,9605700
2023-05-11,21.99485206604004,22.491511249154396,21.923900995824695,22.163361492154085,8251900
2023-05-12,21.99485206604004,22.20327157487565,21.750957867900226,22.172230587381872,5959000
2023-05-15,22.855138778686523,22.864007875110776,21.98598762839569,21.99485503321277,5989400
2023-05-16,22.21657371520996,23.05025003430267,22.2121400135306,22.881740613169622,5354400
2023-05-17,23.396142959594727,23.524742335901415,22.473778810721917,22.677762978348635,9696900
2023-05-18,23.36066246032715,23.422744435788104,22.943825131084346,23.254235008389113,7865400
2023-05-19,23.218761444091797,23.555778623616064,22.695496637551376,23.46708935797061,7046000
2023-05-22,24.11452293395996,24.12782573346596,23.147813365687732,23.511437879448046,4958700
2023-05-23,24.717605590820312,25.18765583824746,24.185471671303777,24.194340767316547,9846800
2023-05-24,23.883930206298828,24.664392081500203,23.87949481229706,24.487015228394384,6736500
2023-05-25,23.812976837158203,24.149994009780656,23.55666623489357,23.768631359440114,6078800
2023-05-26,23.954879760742188,24.016961739957047,23.307450989491414,23.81297761064906,4921100
2023-05-30,24.09678077697754,24.52248720722559,23.62672886965762,24.114518967806287,6659300
2023-05-31,22.864004135131836,23.821844401379337,22.695494713849275,23.72428604827782,9193900
2023-06-01,23.40500831604004,23.51143577739463,22.55359539163176,23.165549488304656,5922000
2023-06-02,24.646650314331055,24.80628894053588,23.78636675536988,23.946007073181512,6792200
2023-06-05,24.380584716796875,24.78855464201646,23.87505812662168,24.78855464201646,3681600
2023-06-06,25.365032196044922,25.693180262289005,24.203207783904038,24.327371734201044,4911700
2023-06-07,25.72865867614746,25.91490461630851,25.014712522315925,25.613362120384547,8153700
2023-06-08,25.569019317626953,25.62045939948547,25.01914718868989,25.54241202874693,6613800
2023-06-09,25.13443946838379,25.63996602976062,24.7885532298853,25.489194801665175,7208400
2023-06-12,24.309635162353516,25.648838185466754,22.810791797310515,24.832899975742365,16313600
2023-06-13,24.992542266845703,25.17878821921774,23.91940526884984,24.27416236374225,7523400
2023-06-14,24.034698486328125,25.60449283039394,23.937140129652985,25.27634307078199,7213100
2023-06-15,24.557964324951172,24.673259185579763,23.844018192961528,23.892797373399137,6617300
2023-06-16,24.176599502563477,24.9393247466521,24.114517529971497,24.9393247466521,11760900
2023-06-20,24.123388290405273,24.220944957668173,23.706549260038987,24.203208458279374,5030400
2023-06-21,23.892799377441406,24.25642387279414,23.706551735749393,24.07017623110213,4338000
2023-06-22,23.121204376220703,24.074611074934662,23.05025329805644,24.034700987741818,5286000
2023-06-23,22.589065551757812,23.16554484004435,22.49150889766561,22.704362086057827,6465300
2023-06-26,22.66889190673828,23.112336593365594,22.5979408245422,22.730973892208947,4541000
2023-06-27,23.13007164001465,23.227629999114345,22.456035605049568,22.757578086260445,5583900
2023-06-28,22.757577896118164,22.90391543354504,22.349609655304427,22.890610944574515,6073700
2023-06-29,22.997041702270508,23.28084603084653,22.469341442942692,22.49151503054357,8938800
2023-06-30,23.13007164001465,23.403234030529596,22.84626734984135,23.33405576212583,6005600
2023-07-03,23.52030372619629,23.969068463033167,23.32518700516484,23.351794292107407,3847100
2023-07-05,23.28084373474121,23.60012441870335,23.019211327962694,23.085728700990494,4927600
2023-07-06,23.121204376220703,23.121204376220703,22.376217209692385,22.899482045506492,5818500
2023-07-07,23.883930206298828,24.158865428157508,23.11233573588665,23.11233573588665,7350400
2023-07-10,23.679946899414062,24.07904610168744,23.369535281018837,23.40500997624865,4964900
2023-07-11,24.460405349731445,24.51361823086915,23.59302709831259,23.90166586876806,6267700
2023-07-12,24.930458068847656,25.60449412103742,24.863940696560405,24.886112590120472,6289500
2023-07-13,25.16991424560547,25.444851110034328,24.841766195503354,25.019143016972727,4768400
2023-07-14,24.637784957885742,25.47145966822141,24.336242465515117,25.47145966822141,5653600
2023-07-17,24.903850555419922,25.063490894173743,24.495882304477526,24.637784451901577,3563800
2023-07-18,25.817346572875977,25.852821263190954,24.98367020538651,25.098965063418937,8572200
2023-07-19,27.466960906982422,28.03457120710459,25.595625641431596,25.799609773665818,14997700
2023-07-20,27.688684463500977,27.86606300736024,27.050124750500526,27.11220673336912,13413500
2023-07-21,27.53791618347168,27.91040981252883,27.19646524080936,27.866066017577378,8213300
2023-07-24,28.504619598388672,28.721906514630373,27.60886126406105,27.60886126406105,7113500
2023-07-25,27.644336700439453,28.899284051005232,27.586688428229028,28.57557138445763,7898300
2023-07-26,28.77068519592285,28.948063717287454,28.318373180496316,28.34497877457614,7212000
2023-07-27,28.318374633789062,29.684184920211525,28.211947177187078,28.877115820637172,6255900
2023-07-28,28.63765525817871,28.84163938370828,28.26516169818222,28.752948427034077,4880000
2023-07-31,28.611047744750977,28.9569374186724,28.38932541653209,28.752949899482495,5579500
2023-08-01,27.946094512939453,28.530176524193855,27.775362268014888,28.44930344575175,5990300
2023-08-02,27.90116310119629,28.03595270318701,27.312588923376868,27.58665860034056,4592500
2023-08-03,28.287555694580078,28.305527869647868,27.568685831078035,27.820289426343276,4580300
2023-08-04,28.08087730407715,28.646987036402223,28.071891217669357,28.152764281418758,7734600
2023-08-07,28.31451416015625,28.727863906152812,28.143781923630254,28.278569809763002,3818600
2023-08-08,27.85623550415039,27.883193768424054,26.661113210754976,27.335054392307,6937600
2023-08-09,27.49679946899414,28.031458834992225,27.370995954584426,27.694488257465142,4899300
2023-08-10,27.613615036010742,27.98203606171562,27.41143234777734,27.72144637437555,4910500
2023-08-11,27.59564208984375,27.734923874274415,27.370995045619345,27.451868118653806,3340100
2023-08-14,26.580238342285156,27.344038639403884,26.45443654532005,27.290123828407545,5035100
2023-08-15,25.421058654785156,26.12195628919575,25.349169960055026,26.09499974259277,6047600
2023-08-16,25.25032615661621,25.528887989967068,25.142494829620603,25.349169682947988,4332700
2023-08-17,25.41207504272461,25.591791655289367,25.263807166285726,25.403088955008226,3573200
2023-08-18,24.89988136291504,25.31323287867137,24.765093458574068,25.142500619081506,6967800
2023-08-21,24.65726089477539,25.070610647561377,24.53145738025362,24.98075148402325,4623900
2023-08-22,24.037233352661133,24.8234979950379,24.01926117806579,24.61232922834488,4833500
2023-08-23,24.189990997314453,24.26637016084886,23.767655219953106,23.992302238236515,4064100
2023-08-24,24.33376693725586,24.65725921843183,24.12080198531142,24.18100688380286,4398100
2023-08-25,24.118104934692383,24.576385075041163,23.956358801166836,24.432611115000853,3781800
2023-08-28,24.5943603515625,24.82799178066435,24.30681068128135,24.396669846124144,3784900
2023-08-29,25.430042266845703,25.479464886033547,24.5404402632268,24.720158566833366,6189400
2023-08-30,25.1514835357666,25.546862824032903,25.142497448087713,25.349172322939264,6882400
2023-08-31,25.27728843688965,25.358161522001613,25.097571803023982,25.24134579568499,6485200
2023-09-01,25.726577758789062,25.856873450757824,25.448015914586193,25.474974175865515,3725500
2023-09-05,25.501928329467773,26.032095420750554,25.4300413533915,25.546858760715885,3721500
2023-09-06,24.8729190826416,25.430042749335,24.765087755647603,25.241340069496502,5172400
2023-09-07,24.207965850830078,25.0616235864859,24.12709277817877,24.819006082452894,5163700
2023-09-08,24.5943603515625,24.68871170338298,23.956361823707553,24.216953230359564,3939600
2023-09-11,24.819005966186523,25.245833975054467,24.778569430050297,24.9178494992477,6165400
2023-09-12,25.49294662475586,25.780494559150366,24.801033336418527,24.881906407207094,5444300
2023-09-13,24.65726089477539,25.81643879126213,24.54044346799953,25.717595253899084,6067500
2023-09-14,25.40308952331543,25.621446489337735,24.980751960801875,25.043654576223805,4535900
2023-09-15,25.124523162841797,25.376128454958685,24.863933497721476,25.016693547592297,9556800
2023-09-18,24.62131690979004,25.070611020238474,24.558416008554623,25.070611020238474,3459800
2023-09-19,24.67523193359375,24.78755546216383,24.207967357322186,24.621317119778,5880600
2023-09-20,24.729148864746094,25.21438562484576,24.589867070035467,25.052639466838855,6351300
2023-09-21,24.23492431640625,24.899879411096464,24.23492431640625,24.522473994093772,4577700
2023-09-22,23.866497039794922,24.383185830552296,23.866497039794922,24.252890157902787,3397800
2023-09-25,23.92940330505371,23.98331983173739,23.607708903760148,23.785629328405896,3548300
2023-09-26,23.354307174682617,24.028248326481958,23.32734891159909,23.587940312976905,5474700
2023-09-27,23.147632598876953,23.37227965238245,22.828634194240188,23.34532138895023,4812500
2023-09-28,23.67780113220215,23.81708121640687,23.120675653619973,23.165606095235287,4411100
2023-09-29,24.082162857055664,24.54942912817895,23.88447407185164,23.902446247030447,4785300
2023-10-02,23.282419204711914,24.03723339999361,23.129659148192502,23.974332502706954,5199500
2023-10-03,22.869070053100586,23.138645823731014,22.698337817610142,23.138645823731014,5709100
2023-10-04,23.039798736572266,23.062264810599935,22.57702640547198,22.994870016358558,7010200
2023-10-05,23.174591064453125,23.381265944139894,22.707324777744848,22.86907093190702,3834300
2023-10-06,23.525039672851562,23.596926661280587,22.69833844895728,22.98588640267338,7751800
2023-10-09,23.659826278686523,23.821572422359512,23.003857330609097,23.003857330609097,3364400
2023-10-10,24.091148376464844,24.44609111523083,23.875487421168287,23.9024456833007,4431700
2023-10-11,24.037233352661133,24.476643252168117,23.822470493833226,24.127092511716945,2605700
2023-10-12,23.686784744262695,24.08216230561731,23.45315161405083,24.08216230561731,4897800
2023-10-13,23.102703094482422,24.082164424505844,22.94095864910846,23.95636261790796,6056200
2023-10-16,23.82157325744629,23.929402881061076,23.237491273423455,23.43518005933121,4577100
2023-10-17,24.35173988342285,24.576386927155678,23.39025081047369,23.39025081047369,6290100
2023-10-18,22.994873046875,23.96534827110996,22.671380734156333,23.102702675167198,11393000
2023-10-19,22.35687255859375,23.38126422150769,22.320929923606375,23.012843214802437,8792200
2023-10-20,21.350454330444336,22.28498510123263,21.170736017563083,22.240056379972742,9384500
2023-10-23,21.188711166381836,21.763807106067915,21.179725078084104,21.44031649695504,9768000
2023-10-24,21.188711166381836,21.618236931839505,20.901163196538796,21.296542512033522,6029800
2023-10-25,21.089866638183594,21.22465625338866,20.654052481162985,20.775362106494853,6842400
2023-10-26,21.332483291625977,21.705398210827745,21.207579588841952,21.224653669295524,5115100
2023-10-27,20.550710678100586,21.229143942016606,20.46085152497985,21.197693495512464,4891900
2023-10-30,21.017976760864258,21.05841329709614,20.53274004000257,20.78434363084903,6635400
2023-10-31,21.438884735107422,21.502935753856132,20.871572470708585,21.109477501246204,6150600
2023-11-01,21.20098114013672,21.59443941938861,21.109478930617293,21.46633562795762,5418700
2023-11-02,22.783960342407227,22.875462541625584,21.50293478912805,21.59443698834641,6679900
2023-11-03,23.94603729248047,24.284594948907756,23.69898184686538,23.799634453284753,8175900
2023-11-06,23.644081115722656,24.138190259545883,23.351275438603782,24.055840189958264,4116200
2023-11-07,23.616628646850586,23.7767579426973,23.214021735299806,23.451925026098262,4946800
2023-11-08,23.525127410888672,23.685256713334415,23.314673551369733,23.634930411001736,3879200
2023-11-09,22.89376449584961,23.73100555995516,22.802262291973644,23.57087801211675,7525500
2023-11-10,23.03101921081543,23.0859198404765,22.523183586986782,23.05847039827574,3800100
2023-11-13,22.829713821411133,23.10421869192429,22.628408620792705,22.87546405141019,3732000
2023-11-14,24.321191787719727,24.91137914217665,23.726430108652902,23.763029941309988,5212400
2023-11-15,24.998310089111328,25.167588056446878,24.330346870751914,24.339497266994325,5517500
2023-11-16,24.778701782226562,25.108109012302364,24.43099550790382,25.007456415277126,4843500
2023-11-17,25.410064697265625,25.419215091888823,24.87020363131222,25.025756849387935,4791100
2023-11-20,25.236209869384766,25.3002608844052,24.76955023033112,25.227059475059097,4384600
2023-11-21,24.595699310302734,25.117261380657887,24.37609505474979,24.897655379845464,4619400
2023-11-22,24.485898971557617,24.91595710328658,24.312044941599293,24.89765631165738,2764100
2023-11-24,24.586549758911133,24.67347589482112,24.21139053934211,24.412695741831744,1559000
2023-11-27,24.1564884185791,24.41269423077157,24.019235990542153,24.32119203032717,4823600
2023-11-28,24.321191787719727,24.440143425429373,23.90943276245692,24.110737950478423,4616500
2023-11-29,24.92510414123535,25.15385877000432,24.485895672861176,24.513346856606805,5287700
2023-11-30,24.952558517456055,25.163012383987112,24.696352672162025,25.053209380215517,7219900
2023-12-01,26.096330642700195,26.123780083473104,24.691777244677503,24.861055195395107,7566800
2023-12-04,26.21528434753418,26.315936958953532,25.593071377413814,25.638823357722426,5361600
2023-12-05,26.59044075012207,26.832921872489756,25.794375523828332,25.922477572827432,9472700
2023-12-06,26.315933227539062,27.51460701750766,26.279331648482017,26.90154453037697,6707000
2023-12-07,26.68194007873535,26.851218017373984,26.329657736791642,26.471486236616048,3254800
2023-12-08,27.09370231628418,27.35448248740213,26.64534339497157,26.837496470422884,4002800
2023-12-11,27.075401306152344,27.25382965913365,26.6819430173938,26.90154727839076,3222700
2023-12-12,26.819190979003906,27.075396779966947,26.77344075341658,26.983894583533058,3587300
2023-12-13,28.85968780517578,28.92373882865213,26.74599355889927,26.782595141034037,8223800
2023-12-14,30.772077560424805,31.778596659054745,29.921109953729697,30.003461770200808,13602000
2023-12-15,30.70802116394043,31.05572566998032,30.36946181627009,30.497567334331507,12213300
2023-12-18,30.159015655517578,31.110635945698892,30.13156621135521,31.074034359802837,5814100
2023-12-19,30.69887351989746,30.80867477522458,29.802155705268195,30.18646533469158,4805600
2023-12-20,29.62830352783203,30.75377599770041,29.61000273679527,30.48841976344586,4894600
2023-12-21,30.11326026916504,30.232213657727005,29.637450205435922,29.966857441134444,4937000
2023-12-22,30.250513076782227,30.73547176818602,30.07665732664231,30.3145640929858,3662900
2023-12-26,30.680572509765625,30.781225114146075,30.154439607717,30.32371581461235,2854900
2023-12-27,30.781225204467773,30.8269754364516,30.36031748538622,30.552470554029675,2343100
2023-12-28,30.717172622680664,30.836126012216866,30.58907058341958,30.607371373388133,2404300
2023-12-29,30.323719024658203,30.698876550368993,30.1864683145802,30.607376076983655,2620900
2024-01-02,30.66227149963379,30.968805380923538,29.8936557422933,30.012609136666654,4231400
2024-01-03,29.40869903564453,30.21391643000397,29.381249592939728,30.195615638027714,5697500
2024-01-04,29.57339859008789,29.916530538602697,29.16255581492041,29.42699576500899,4969600
2024-01-05,30.534170150756836,30.66684826855753,29.362947442611418,29.509350281129596,7532400
2024-01-08,30.744625091552734,30.80867611749404,30.11783955333867,30.305416560589883,4112600
2024-01-09,30.49757194519043,30.64397478316219,30.232215710579435,30.396919339612538,3855600
2024-01-10,30.534170150756836,30.607373315275428,30.07666084407266,30.36031787080369,4300600
2024-01-11,29.83875846862793,30.406069049218484,29.536800641374164,30.28711564843496,5952900
2024-01-12,28.951187133789062,30.012608540408372,28.804784301514637,29.976006959710052,5477800
2024-01-16,28.548580169677734,28.76818441772025,28.089240106138696,28.457077963345164,6150900
2024-01-17,29.033538818359375,29.399547642707113,28.2923742650481,28.905436776993316,9114900
2024-01-18,28.914588928222656,29.28059602954,28.310676774734155,29.170793026515035,5931400
2024-01-19,29.820459365844727,29.87536174405099,28.877989483086363,29.015241938082717,5226800
2024-01-22,30.35116195678711,30.43351376137322,29.774702815202904,29.994305300420155,5189600
2024-01-23,30.268814086914062,30.73547199273784,30.072084966989053,30.378615331134018,6250000
2024-01-24,30.817829132080078,31.078609313809043,30.525023436472797,30.543324228763154,4338500
2024-01-25,30.744625091552734,31.366838049713227,30.43351861247249,31.11063394594801,5382000
2024-01-26,30.735477447509766,31.037431795333582,30.570773806689783,30.75377823988079,2953200
2024-01-29,31.348535537719727,31.371412398808754,30.701620211211434,30.74462340447003,6261700
2024-01-30,31.783935546875,31.848781530539863,31.288324938098643,31.450439897260804,5494500
2024-01-31,30.292469024658203,31.459700193943803,30.25541316941971,30.6352268510121,10906900
2024-02-01,28.88437843322754,30.496269269603953,28.360975961099054,30.440689020388756,14839400
2024-02-02,29.6995906829834,29.713485745802213,28.18959809214781,28.18959809214781,7396500
2024-02-05,29.227136611938477,29.949711664984886,29.060390561528294,29.949711664984886,5447800
2024-02-06,29.21787452697754,29.56063235998707,28.79174101806242,29.17155470702999,9771600
2024-02-07,29.004806518554688,29.449467949768753,28.03674438052269,29.449467949768753,7250800
2024-02-08,29.06039047241211,29.199346397454704,28.43971902476277,28.893642655592817,4082000
2024-02-09,29.180816650390625,29.356828420162422,28.61109615638963,28.93995890410299,4282500
2024-02-12,29.847808837890625,30.209094585503845,29.171553627056106,29.180817590702652,4495100
2024-02-13,28.486038208007812,29.041863697157922,28.013586630576242,28.94922582114615,10326700
2024-02-14,29.004806518554688,29.02333444629703,28.564777952736428,28.84732266658564,5308000
2024-02-15,29.40315055847168,29.857074224120666,29.014072878355318,29.264194622770248,7717300
2024-02-16,29.236400604248047,29.458730438597712,28.754686846617336,29.060390589713183,4401600
2024-02-20,29.06039047241211,29.228990021864245,28.689838983071258,28.828796675034305,3347800
2024-02-21,28.893644332885742,29.03260026599481,28.523094588954713,28.865852439495708,3953200
2024-02-22,28.791738510131836,29.523575699271564,28.671310522599132,28.995540399387306,4405700
2024-02-23,28.856590270996094,29.06039396803282,28.624996445760296,28.791744282637378,4066000
2024-02-26,28.189599990844727,28.97794519689449,28.064539116290476,28.65278762982168,4666400
2024-02-27,28.68057632446289,28.703737118791132,28.235916637320955,28.467510445239114,3934600
2024-02-28,28.47677230834961,28.995541905069697,28.347080350899688,28.42119029328827,4139100
2024-02-29,29.078916549682617,29.477258162733683,28.699102864429374,28.717630792227204,6841400
2024-03-01,29.301246643066406,29.481891290321002,28.291499305991515,28.791740992538312,4843600
2024-03-04,29.579160690307617,30.0052924380986,29.398517807356203,29.61621477984921,6365500
2024-03-05,31.12620735168457,31.242004259293278,29.366096476336896,29.393886603333808,9525100
2024-03-06,31.089149475097656,31.48749104884344,30.449948397587164,31.181785571105284,9633300
2024-03-07,31.394855499267578,31.79319712478434,31.098415712907336,31.357799642512298,6199500
2024-03-08,31.793197631835938,32.22859512105189,31.635715538875907,31.85804361527137,7328000
2024-03-11,31.71908950805664,32.06184735452366,31.339275804176687,31.50602009485278,5650000
2024-03-12,31.515289306640625,31.9043652509224,31.28369547299439,31.719093011078577,4079900
2024-03-13,31.774667739868164,32.089635440168045,31.533811749681593,31.617185656638643,3613600
2024-03-14,30.718597412109375,31.69036466999183,30.50553156845924,31.478224692545673,7500200
2024-03-15,31.024309158325195,31.22810931347251,30.514799935853937,30.514799935853937,20052600
2024-03-18,31.200319290161133,31.2559030783905,30.63522981160679,31.061361586508323,3789900
2024-03-19,31.052099227905273,31.515286859227533,30.96872531291362,31.07988935495543,5215100
2024-03-20,32.2749137878418,32.37681563055585,30.783449072862176,30.820504930911127,5320800
2024-03-21,33.08085632324219,33.34950596945123,32.339756897355876,32.423130803633136,4725700
2024-03-22,32.56208801269531,33.5162532886126,32.56208801269531,33.21054779214934,3934500
2024-03-25,32.6917839050293,33.12254854401576,32.571354131269324,32.58988206060479,2446400
2024-03-26,32.25638961791992,33.03917792468345,32.24712741924885,32.99748919605977,5140900
2024-03-27,33.182762145996094,33.21981800520532,32.33049858723131,32.376816644322226,4122300
2024-03-28,33.618160247802734,33.67374050375193,33.0577036193201,33.25687444876775,3765300
2024-04-01,33.01601028442383,33.70152946077507,32.969692232985146,33.51625372117954,3913500
2024-04-02,32.46018981933594,32.76589181622771,32.09890403489968,32.701045831013055,5173700
2024-04-03,32.34901809692383,32.90484529958508,32.210063946639046,32.4601856577605,11086100
2024-04-04,31.589393615722656,33.00675010655761,31.58013141840471,32.849264481424385,6662100
2024-04-05,31.478229522705078,31.70982332749294,31.28832444037636,31.43191146851571,5621400
2024-04-08,32.36754608154297,32.40923480039136,31.589390823499887,31.691292654195163,8242000
2024-04-09,32.41387176513672,32.61767191846238,32.01089725655901,32.53429800406151,3586100
2024-04-10,31.320741653442383,31.81635216290137,30.931662295581297,31.74687332751471,5238000
2024-04-11,31.098413467407227,31.51528299120104,30.570379915215312,31.422643356002,4118700
2024-04-12,30.700077056884766,31.015044802088205,30.533329219198162,30.635231068211237,3453900
2024-04-15,30.57037925720215,31.60791841221362,30.264673768386604,31.107678528269226,3850200
2024-04-16,30.023820877075195,30.440690434762654,29.699590962118858,30.338788594678938,6218300
2024-04-17,30.588909149169922,31.21884456007447,30.227623391059556,30.82976514329653,6680400
2024-04-18,30.477745056152344,30.968722774277254,30.250780591044016,30.58890908908157,5066500
2024-04-19,31.48750114440918,31.496763343443384,30.440695961460246,30.588915882899254,8001400
2024-04-22,32.00625991821289,32.034053575023364,31.348534426429104,31.561600281492556,4888700
2024-04-23,32.39534378051758,32.50650782158145,31.81172638071024,31.959946280075783,4208700
2024-04-24,32.904850006103516,32.99285678756035,32.13595683595502,32.15448476541126,4248200
2024-04-25,32.42313003540039,32.98821943857474,32.089634418193185,32.830733826519904,3078100
2024-04-26,32.56208801269531,32.98358686934043,32.543560085590805,32.765888143163394,3168300
2024-04-29,32.404605865478516,32.83073763294235,32.302704022423875,32.645465409760604,3859000
2024-04-30,31.98267364501953,32.479618168244386,31.954545789527504,32.16082269111457,4824900
2024-05-01,32.5358772277832,33.22034912865722,32.038929131257014,32.11394151442599,4859400
2024-05-02,32.80778884887695,32.96718478382731,32.47961506672927,32.8734228899491,4209200
2024-05-03,33.18284606933594,33.59540706213399,33.12377542156874,33.323492512660295,3647300
2024-05-06,33.52976608276367,33.56727227414178,33.14533656310626,33.47351037248379,2462300
2024-05-07,33.35161209106445,33.78761166498781,33.32348424009738,33.69853536787642,2455400
2024-05-08,33.707916259765625,33.7923033958551,33.10783154836807,33.117206307139334,3485200
2024-05-09,33.7735481262207,33.89544144311831,33.435999603603825,33.51101197609059,3675100
2024-05-10,33.811058044433594,34.0360880331585,33.66103685968793,33.914194702806654,6154800
2024-05-13,33.69853973388672,34.17673472300276,33.63759485663308,33.99858210569838,3276200
2024-05-14,34.15797424316406,34.24236136554191,33.84855360218313,33.99857475565637,2070500
2024-05-15,34.54240798950195,34.95496531891702,34.279871832309354,34.53303323108231,2783800
2024-05-16,34.24237060546875,34.598672282406696,34.22361750912597,34.47677894457235,2046500
2024-05-17,34.84244918823242,34.908083225372344,34.30330938876582,34.542406853653695,5027700
2024-05-20,34.2142448425293,34.97372561854503,34.12047935507897,34.879963707882325,3816400
2024-05-21,34.28924560546875,34.56116009005474,34.12984967940669,34.12984967940669,5488500
2024-05-22,33.670413970947266,34.32206887303159,33.65166087444566,34.148605412982285,5300700
2024-05-23,32.92967987060547,33.80167910922732,32.7796586885193,33.73604506561382,3425800
2024-05-24,33.14533233642578,33.285978747764865,32.948430221980516,33.05157044672427,2349500
2024-05-28,32.49837112426758,33.33286421695367,32.329596838467324,33.11720897993941,4331900
2024-05-29,32.06705856323242,32.10456475247755,31.490412528146603,31.84202500454874,3803100
2024-05-30,32.26396179199219,32.46086392706408,31.973294180609482,32.44211083180192,3084700
2024-05-31,33.089080810546875,33.15471485698106,32.32959653165337,32.36710272298355,7351200
2024-06-03,32.554622650146484,33.49225575802594,32.24520200768877,33.44537124120281,3849200
2024-06-04,32.0389289855957,32.69527302819101,31.917039228681226,32.12331612788349,5428700
2024-06-05,31.98267364501953,32.25458817073353,31.771703998467366,32.21708197888594,3703300
2024-06-06,31.935787200927734,32.24520428848496,31.752949018101486,32.048302180331575,3224200
2024-06-07,32.02017593383789,32.26395899755714,31.541980988038034,31.560734081675957,3702300
2024-06-10,32.2358283996582,32.51711762669319,30.773119411575056,31.80451443629887,12071800
2024-06-11,31.85140037536621,32.02017463447185,31.406022467309256,31.860775133411305,6270700
2024-06-12,32.967185974121094,33.5813346278075,32.742152413186695,32.742152413186695,7147700
2024-06-13,32.33897399902344,32.920305641873476,32.19363840572054,32.732778267048154,4897000
2024-06-14,31.94516944885254,32.20770565461216,31.607620854711577,31.88891015756653,3156400
2024-06-17,32.348350524902344,32.35772528460138,31.570113128749654,31.917040042999282,4937000
2024-06-18,32.60150909423828,32.812475148413604,32.020177470708035,32.20770126251407,6284200
2024-06-20,32.517120361328125,32.695269385515445,32.32021824352316,32.442107986857536,3691700
2024-06-21,32.60150909423828,32.714024084679316,32.22176876600788,32.554628146286774,7288600
2024-06-24,33.18284606933594,33.46413537919702,32.629642210001165,32.77966341371292,3601200
2024-06-25,32.80778884887695,33.257852377708915,32.71402337821176,33.07032501316552,5222200
2024-06-26,32.61088180541992,32.71402203050912,32.25458376193137,32.6530771596777,2782100
2024-06-27,32.47024154663086,32.55462868505498,32.06705894935863,32.25458632105524,3865200
2024-06-28,33.78292465209961,33.811056081647536,32.68589547297885,32.81716355491258,8195700
2024-07-01,33.595401763916016,34.21423957873062,33.595401763916016,33.951699831048586,4038400
2024-07-02,34.11109924316406,34.12985233771202,33.36099334518088,33.38912119860929,4813100
2024-07-03,33.801673889160156,34.27986879225228,33.66103106461691,34.214234758774786,2517200
2024-07-05,33.04219436645508,33.85793421993841,32.95780723838531,33.73604090677392,6431300
2024-07-08,33.332862854003906,33.56727117727649,33.014067391281706,33.29535666385138,5211200
2024-07-09,34.03608703613281,34.23298916469601,33.24847494509296,33.29535589330509,5263300
2024-07-10,34.39238739013672,34.467396189103894,33.947013033654194,34.09234504069412,4769800
2024-07-11,35.817588806152344,35.883222843735986,34.7393091999294,34.861202516921935,6667500
2024-07-12,35.817588806152344,35.9722991419367,35.48004028327258,35.817588806152344,3809800
2024-07-15,36.2489013671875,36.71771799303151,35.948859012790294,36.3801694501379,4354800
2024-07-16,37.13027572631836,37.20528810409944,36.29578269583258,36.380169832442775,8452000
2024-07-17,38.36795425415039,38.78520437781277,36.45518497395408,36.58645306823559,14373100
2024-07-18,38.20855712890625,39.3243394727573,37.960084875691344,38.18042927436485,9121400
2024-07-19,38.44296646118164,38.59298765064159,37.814753848064136,38.03978384386041,5799100
2024-07-22,38.818023681640625,38.827398441731155,37.90851815099621,38.29294769688315,6648400
2024-07-23,39.661888122558594,39.9619304942911,38.724254816697695,38.724254816697695,8802700
2024-07-24,39.586875915527344,40.3885518939199,39.38997021986232,39.76502494068561,7490200
2024-07-25,40.54326629638672,40.998015451701825,39.56812678598034,39.56812678598034,9362700
2024-07-26,40.53388595581055,41.21835781577186,40.33229465907771,40.777672609750624,5802900
2024-07-29,40.318233489990234,40.78705015847849,40.15883753956214,40.618275871679735,8362400
2024-07-30,40.505760192871094,41.021457804194945,40.44012614652736,40.58076899864081,5560800
2024-07-31,40.4015998840332,41.14487162588966,40.259576266251756,40.31638788050583,5603000
2024-08-01,38.54580307006836,40.48682170584782,38.40377943051554,40.33532765651633,5431800
2024-08-02,37.11606979370117,37.72204585369593,36.48168612271138,37.67470465124051,7856200
2024-08-05,36.263916015625,36.44854924531278,34.89384195264077,35.743155531585046,6805500
2024-08-06,36.78468322753906,37.414331850047795,35.85678170526977,36.131365803914605,5405600
2024-08-07,36.34913635253906,37.9114216195256,36.320732347943895,37.48534349108355,5941700
2024-08-08,37.6557731628418,37.69364757531517,36.77994814283594,36.88883256381843,4651100
2024-08-09,37.48534393310547,37.86408085438729,37.33384988697334,37.636837979237605,3250300
2024-08-12,37.40012741088867,38.66889137132911,37.27703737263395,37.77886432310186,5377800
2024-08-13,37.58002853393555,37.88775184881106,37.2107620008462,37.6936517840424,4491400
2024-08-14,37.97769546508789,38.07237787693917,37.551617387952156,37.8072642342336,2691000
2024-08-15,38.43218231201172,39.01922128451413,38.33276468366152,38.65942518531426,4645000
2024-08-16,39.03815460205078,39.1896486318574,38.4321784828243,38.4321784828243,3917600
2024-08-19,39.388484954833984,39.4074221605698,38.8961320533134,39.00975167582564,2594600
2024-08-20,39.01921844482422,39.36008092401972,38.929271232521785,39.1707124786997,3523600
2024-08-21,38.9434700012207,39.39795206512153,38.55999793800565,39.2937992482459,2980100
2024-08-22,39.180179595947266,39.55891284286688,38.92453275802778,39.03815237091342,2971600
2024-08-23,40.60990905761719,40.998112759039046,39.34114512410869,39.54945078259455,5899900
2024-08-26,40.43947982788086,40.988648005119174,40.39213861547483,40.87502476106112,4037100
2024-08-27,40.02287292480469,40.44895106902394,39.97079650651661,40.297457019068545,4177500
2024-08-28,40.43947982788086,40.61938149168795,39.918719267608544,40.02287210204361,7314200
2024-08-29,40.411075592041016,40.80969603874353,39.96606025177912,40.5436324307821,5514000
2024-08-30,40.76140213012695,40.78033933607677,40.325857228989335,40.47735126468515,5165100
2024-09-03,40.4015998840332,40.7898071635823,40.18856265140978,40.477348703038636,4884500
2024-09-04,39.73881530761719,40.60990504447022,39.62519208045183,40.24063858593894,4787900
2024-09-05,39.388484954833984,40.259578359168266,39.213322122607345,40.164892330489174,5204000
2024-09-06,38.52686309814453,39.85243864361347,38.40377667507738,39.38848611912851,4990500
2024-09-09,39.246463775634766,39.51631265335834,38.59314277869132,38.86772686111964,5711500
2024-09-10,37.8735466003418,39.38848701959432,37.51374689630575,39.38848701959432,8306200
2024-09-11,37.5516242980957,37.68418114384122,36.46275830192351,37.39066344594847,7187800
2024-09-12,37.59896469116211,37.92089000032537,37.201294162615,37.58949789320278,4846000
2024-09-13,37.958763122558594,38.41324525908483,37.60843381955142,37.86408069857924,4415600
2024-09-16,38.44164276123047,38.661311437796606,38.10078392542162,38.10078392542162,3794000
2024-09-17,38.38483810424805,39.208586683357595,38.19546965992676,38.55526934294694,3195400
2024-09-18,38.555267333984375,39.3506118691694,38.16706366870969,38.337494898528085,4328000
2024-09-19,39.96605682373047,40.15542526793325,38.86772418163749,39.47370031356429,6338500
2024-09-20,39.43583679199219,39.80510333978802,39.18492148027392,39.795632929283684,9965700
2024-09-23,38.877197265625,39.79089673076729,38.763574024143054,39.51157744366947,4410200
2024-09-24,38.5931396484375,39.28433500315082,38.342227997981176,38.92453532473476,3808200
2024-09-25,38.10078811645508,38.66888985052924,37.968227674061886,38.53633302003878,4774300
2024-09-26,38.36589813232422,38.640482176196585,38.12445329292594,38.49845495022056,4408200
2024-09-27,38.631019592285156,38.91507048986531,38.23334905805357,38.574211579911,3554900
2024-09-30,38.88665771484375,39.014482937667616,38.28068164014453,38.62154408513842,4017900
2024-10-01,37.797794342041016,38.649950507948795,37.40012387255241,38.498456479776586,5415200
2024-10-02,37.9208869934082,38.2806866896848,37.50427929007405,37.589494912563175,4139300
2024-10-03,37.901947021484375,37.9350862271508,37.248629704673796,37.70311178748583,4191100
2024-10-04,38.990821838378906,39.180190319620316,38.488998433207016,38.65942970513395,4677900
2024-10-07,38.98134231567383,39.48316921544437,38.659420668288696,39.123369546381106,3604000
2024-10-08,39.01921844482422,39.336408513891215,38.82038320259441,38.99081444219215,5272800
2024-10-09,39.26539993286133,39.53524880337098,38.88666302847105,38.91506703213434,3959600
2024-10-10,39.10443878173828,39.549454140136525,38.92454072352988,39.06656436572501,3741100
2024-10-11,40.34479904174805,40.52280446371877,39.28434067078792,39.293807468892446,4844600
2024-10-14,40.96971130371094,41.05492693185531,40.051276601699655,40.373201906700295,4091100
2024-10-15,41.16854476928711,42.03016781097638,40.96023910693271,41.301101604638866,5528500
2024-10-16,40.155426025390625,41.87867203752677,39.22752460438676,40.079680813422314,10866300
2024-10-17,39.89031219482422,40.212237471092095,39.36955167460044,39.767222162512255,7366600
2024-10-18,40.21223831176758,40.306920731277614,39.577854542961404,40.079681479692404,5760300
2024-10-21,38.877197265625,40.34006128365175,38.75410722663768,40.013400785221236,6356800
2024-10-22,39.39795684814453,39.5257784767992,38.59314182760933,38.858259105997575,4904700
2024-10-23,39.23698806762695,39.46423090802953,38.90086081703959,39.09496445278996,3323500
2024-10-24,39.52104568481445,39.77668893436609,39.02868916778047,39.38848524369158,2952000
2024-10-25,39.30327224731445,40.04180887812564,39.19912302590409,40.03233846860464,4645500
2024-10-28,40.46788787841797,40.56257030424445,39.58732759300017,39.7293512317399,4163200
2024-10-29,39.994468688964844,40.57203726791217,39.84770623285994,40.240645164261814,3501300
2024-10-30,40.83605194091797,41.16121034004966,39.841449349670775,39.898831531227195,4102800
2024-10-31,40.2813720703125,41.065577047576944,40.25746556198988,40.635223415992996,3933800
2024-11-01,39.99446487426758,41.06557339333403,39.980120240914935,40.45351138243891,3305600
2024-11-04,39.774505615234375,40.051847356055404,39.41109242547501,39.99446517403738,4769500
2024-11-05,40.37699890136719,40.60652029410938,39.7744988611096,39.8892595574807,2971700
2024-11-06,46.20116424560547,46.23941538558205,42.80612658457693,43.11216124163132,11578800
2024-11-07,44.020687103271484,45.81862194941664,43.810293072636156,45.73255050337306,5227700
2024-11-08,43.8102912902832,44.32671629735748,43.5903317478266,44.27889963998467,6097500
2024-11-11,44.451045989990234,45.14917945694804,44.23586919095119,44.32671975258812,4430500
2024-11-12,44.39365768432617,44.83358039102737,44.12588150055953,44.12588150055953,3259600
2024-11-13,44.39365768432617,45.407387541435,44.269335112249884,44.71881604240433,2994200
2024-11-14,44.54667663574219,44.95312366965259,44.24064202216147,44.64230994436456,2838300
2024-11-15,44.73794937133789,44.929219662917596,44.12588735682475,44.37453983033157,3794000
2024-11-18,44.53711700439453,44.91965758581492,44.42235628923936,44.56580627113899,4758400
2024-11-19,44.03981018066406,44.312369125061316,43.71465182171849,43.71465182171849,3718800
2024-11-20,44.10676193237305,44.31715962732346,43.76247612179147,44.02069047972765,2420900
2024-11-21,44.72838592529297,45.25437647250446,44.41278940805972,44.5753704270464,3589500
2024-11-22,45.569969177246094,45.74211205439376,44.64231074463669,44.977030978992175,2761000
2024-11-25,46.34461212158203,47.1001277364707,45.904693022347075,45.942947808761566,4462400
2024-11-26,46.000328063964844,46.459378221786146,45.8855673485982,46.191598355027494,2582100
2024-11-27,46.057708740234375,46.62195407392798,45.83774918956429,46.31592307750201,2120100
2024-11-29,46.038578033447266,46.27766496020856,45.49346013228566,46.191593520647416,1977700
2024-12-02,45.02485656738281,46.124654358057875,44.83358627608099,46.03858290938092,4491100
2024-12-03,44.75707244873047,45.26393921975866,44.45582423106597,45.20655704336575,3542900
2024-12-04,44.56581115722656,44.819246417905575,44.03982053623821,44.75708146890717,2762200
2024-12-05,44.72838592529297,45.350009790842094,44.604059692912244,44.785768105201896,3396200
2024-12-06,44.97703552246094,45.096578996546306,44.28846759248981,44.81445814882995,2616700
2024-12-09,43.96330642700195,44.98659820884272,43.74334688632541,44.90052676699737,4429400
2024-12-10,44.37453842163086,46.067270780704206,43.49469656756638,44.38410029422648,6743000
2024-12-11,44.21195983886719,44.87183852965238,44.07807172608562,44.460612318185056,6510400
2024-12-12,43.55207824707031,44.33628312527842,43.3177704171324,44.097196183186256,3878700
2024-12-13,43.70509719848633,43.88680197549432,43.226923276507655,43.74335198780722,4833000
2024-12-16,43.68596649169922,43.88010424292649,43.379935496689335,43.81029272347737,2946500
2024-12-17,42.7869987487793,43.51860417344915,42.629200498860726,43.226917825967085,3078700
2024-12-18,40.797794342041016,43.52338393506059,40.76910507732832,43.466005405635194,4574900
2024-12-19,40.596961975097656,41.99322878901395,40.29093099254551,41.75414185588402,5508900
2024-12-20,41.553314208984375,41.89760001369543,40.30049723032525,40.33875201933258,12936600
2024-12-23,41.66807174682617,41.854559268778345,41.19946338588176,41.256841916834915,2052800
2024-12-24,42.07929992675781,42.07929992675781,41.54374388707352,41.67763563312738,831800
2024-12-26,41.983665466308594,42.10798804055319,41.62025231901781,41.878466635657816,2156300
2024-12-27,41.71588897705078,42.299261704250874,41.46724016043262,41.71588897705078,2102100
2024-12-30,41.65850830078125,41.99801130607944,40.9890641622568,41.342911799751434,2580400
2024-12-31,41.84978103637695,42.18928773940941,41.56287740603823,41.77327510410284,2648600
2025-01-02,41.6967658996582,42.46184711836414,41.620259966694185,42.06017911372576,2665900
2025-01-03,42.61486053466797,42.64354980209499,41.09426734201948,41.792400818770645,2635900
2025-01-06,42.844383239746094,43.485138200626224,42.614861797175266,42.978271355942,4662600
2025-01-07,42.74874496459961,43.504260559303546,42.3662044070293,43.10259260903701,2778600
2025-01-08,42.825252532958984,42.96870615960498,41.92628693075226,42.633985895000684,2617800
2025-01-10,41.40985870361328,42.18450172921881,41.19754937684433,41.98366956826907,4074800
2025-01-13,42.23231506347656,42.27056984774322,41.08661236565331,41.17076851322752,4302000
2025-01-14,43.70509719848633,43.83898531293195,42.60529571866437,42.75831122777045,4091700
2025-01-15,45.02485656738281,45.43130365628832,44.50842787532111,45.21612321050726,4279500
2025-01-16,44.75707244873047,44.98659750612511,43.71465329074316,44.66143913625263,6053300
2025-01-17,45.46477508544922,46.17247041132386,43.89636528412995,44.26934034076352,6399900
2025-01-21,46.20116424560547,46.56457378853603,45.73255221116278,46.000328431885805,4295400
2025-01-22,44.97703552246094,46.04814767695347,44.91965698973344,45.91425592150892,4488300
2025-01-23,45.27350616455078,45.71820804893711,45.12049065853492,45.13005253158328,3845700
2025-01-24,45.388267517089844,45.91425809836793,44.957910260343226,44.957910260343226,2317600
2025-01-27,45.47433090209961,45.942942864806355,45.020067218887185,45.378697594531786,2654800
2025-01-28,45.28307342529297,45.60823187028559,44.51799580418617,45.34045561494268,3861800
2025-01-29,45.541282653808594,46.33027034337943,45.17787310501099,45.17787310501099,3363400
2025-01-30,46.24898147583008,46.74628278341913,45.847313491625385,46.00989451919173,3827600
2025-01-31,45.892032623291016,46.55769248644212,45.50131962536961,46.09462427553627,5102400
2025-02-03,44.73435974121094,45.33249272687008,43.923989461415644,44.51247312271376,4664700
2025-02-04,45.38072967529297,45.75697237364978,44.859776548273196,44.95624771395578,2939100
2025-02-05,45.96921157836914,46.027092803486916,45.17813627388882,45.78591121845904,3801700
2025-02-06,46.615570068359375,46.6589846613841,45.87273044670689,46.32615294203542,3169100
2025-02-07,46.23933410644531,46.71204795560081,45.73767596438512,46.64451740572145,2068200
2025-02-10,45.68943786621094,46.39851228102302,45.49649187141043,46.22003659180827,3368400
2025-02-11,45.50613784790039,46.00007871496886,44.782593122210855,45.45790226888218,4720200
2025-02-12,44.53176498413086,45.02859843002786,44.29058341387882,44.917656968589604,3428900
2025-02-13,44.42564392089844,44.70541542194949,43.94328078672986,44.57999997662684,3134900
2025-02-14,44.715065002441406,45.16848756612717,44.53176832016837,44.551063288850635,2325600
2025-02-18,45.149192810058594,45.39905584741344,44.71506521301073,44.89836557628594,2664700
2025-02-19,45.718379974365234,46.22003810521713,44.60894690817834,44.60894690817834,6633100
2025-02-20,44.55105972290039,46.104269616180524,44.059047261231704,45.85343872352704,3970000
2025-02-21,43.29692077636719,44.88871708835464,43.152210347941484,44.88871708835464,2873800
2025-02-24,42.80490493774414,43.75033627094874,42.583018330168045,43.73104498345411,2715000
2025-02-25,42.8434944152832,43.75998512731555,42.390071881089156,43.075030344271724,3831700
2025-02-26,43.403038024902344,43.86128154712733,42.935145178762156,43.132912157358405,3697400
2025-02-27,43.576690673828125,44.31953045967833,43.27280317603727,43.53810441389065,2800500
2025-02-28,44.15552520751953,44.50282728018981,43.41268548100565,43.88540300883774,3821800
2025-03-03,43.46091842651367,44.73435682898503,43.026790862003274,44.280937977286364,3702300
2025-03-04,42.05241775512695,43.0364389804114,40.66321326773995,42.698782581853976,7131400
2025-03-05,41.81123733520508,42.40936660141044,41.25169432349069,41.93665278268222,5540200
2025-03-06,40.875457763671875,41.46394147414645,40.49921504520827,41.40605656356002,4290600
2025-03-07,40.17120361328125,40.85615842129416,39.1389467391945,40.7693329047757,5011800
2025-03-10,38.405757904052734,39.53448598429957,37.74009435711217,39.19683322870583,7375600
2025-03-11,38.502227783203125,39.013531561788106,37.72079812902135,38.26104620007603,10095600
2025-03-12,39.042476654052734,39.31259885504414,38.23692735300081,39.11000720430059,5917300
2025-03-13,38.32857131958008,39.34056889294099,38.22727551063223,39.225766976133436,5315300
2025-03-14,39.26436233520508,39.31259791563821,38.502227651889434,38.753054878225036,4880500
2025-03-17,39.41872024536133,39.610698379688664,38.70482110907031,39.08106380625027,3793800
2025-03-18,39.51519012451172,39.81425661568012,39.148596763886,39.55378006146357,4117200
2025-03-19,39.90108108520508,40.325559340103844,39.225771926849745,39.56342466595799,3510400
2025-03-20,39.54413604736328,40.243561202786886,39.409071262464245,39.44766120100683,4114500
2025-03-21,39.73707580566406,39.95414143580044,38.931530211500466,39.2257720335835,17066500
2025-03-24,40.750038146972656,41.005690012692234,40.14708424475154,40.422031076958824,4815500
2025-03-25,40.77898025512695,41.14557727158741,40.64391916488855,40.923686988894374,4050300
2025-03-26,40.50885772705078,41.52181957528547,40.368971976178855,40.971925895382675,3087100
2025-03-27,39.794960021972656,40.682506454783976,39.785314378198095,40.51850474964489,3023400
2025-03-28,38.83023452758789,40.094027336441364,38.5118730743112,39.65025043064911,3525200
2025-03-31,39.524837493896484,39.67919355393038,38.16939454658069,38.39610581478584,5132700
2025-04-01,39.15824508666992,39.49589785774833,38.72411746661255,39.235421285713905,3935400
2025-04-02,40.190494537353516,40.20978950354266,38.6372847204435,38.6372847204435,3274800
2025-04-03,34.942386627197266,38.10668761063886,34.92309166020815,38.10668761063886,6962300
2025-04-04,33.06117248535156,33.66412645463473,31.45007756575466,33.09976242261904,8827700
2025-04-07,33.61106491088867,35.08709499295823,31.61408173627498,32.318331503541465,7997300
2025-04-08,33.18658447265625,35.424749078285686,32.57880590470644,34.99062152975011,5873100
2025-04-09,36.14829635620117,36.775366255565466,31.671966824166613,32.405157207459645,10045800
2025-04-10,33.56283187866211,35.19321814743878,32.52092561449304,35.087097656072764,9122000
2025-04-11,33.591773986816406,33.92942676514638,32.540222031266836,33.18659065282043,6848100
2025-04-14,34.3346061706543,34.58543336752422,33.64000211757074,34.32496052775634,7366100
2025-04-15,34.82661819458008,35.27039509250087,34.585436617941326,34.60473158568909,7316700
2025-04-16,34.209190368652344,35.32827261998565,33.649651083054906,34.71084843720016,8753900
2025-04-17,34.199546813964844,34.73979116681842,34.160956880149975,34.46966899039163,4654900
2025-04-21,33.273414611816406,34.05001596540438,32.75246148109158,33.890838908909934,5947500
2025-04-22,34.556495666503906,34.60955590725366,33.68824052708872,33.746125429762664,4961100
2025-04-23,35.20286178588867,36.70300768925705,35.010879999966,35.70451618745027,4647600
2025-04-24,36.11935043334961,36.206175945358524,35.00509276268415,35.08709361287626,4389000
2025-04-25,35.75275802612305,36.0518208240289,35.53087141859526,35.723813734609834,3350600
2025-04-28,36.02288055419922,36.25441648780627,35.51157678766296,35.82028891237981,3762000
2025-04-29,36.225467681884766,36.41358899443755,35.63698411743209,35.76239955251341,4515000
2025-04-30,35.99131774902344,36.09863862148896,35.025437340367695,35.25958858777704,4811700
2025-05-01,36.38157653808594,36.88890922753329,35.820583409828096,36.08888560388054,3201200
2025-05-02,37.70844650268555,37.811863247732326,36.95720407261259,37.17184210851401,4876200
2025-05-05,37.7669792175293,38.264557118212785,37.24013334213509,37.24013334213509,4765700
2025-05-06,37.2694091796875,37.72795696209535,37.11330709427407,37.25965070585506,4353600
2025-05-07,37.1523323059082,37.98162390915357,37.00598497744506,37.60112532127,3489000
2025-05-08,38.04991912841797,38.39627050976971,37.50355997545576,37.79625463847277,3869000
2025-05-09,38.166996002197266,38.32309809072654,37.88893904069926,38.137728023650325,3512800
2025-05-12,40.57682418823242,41.07439841648976,40.15729914086552,40.20608034414295,6897700
2025-05-13,40.849998474121094,41.15732710032248,40.48901313405677,40.66462842852415,4822600
2025-05-14,40.57682418823242,40.9475680323219,40.420722104684316,40.76219424939354,3571400
2025-05-15,40.70365524291992,40.92805173858856,40.274371754017345,40.59633437069428,3890000
2025-05-16,40.80121994018555,41.00122770819225,40.34266845003723,40.57682343187835,2962900
2025-05-19,40.56707000732422,40.75244007109469,40.108518502173695,40.21583938395508,2801300
2025-05-20,40.293888092041016,40.620726248700464,40.16705398581225,40.440235423979374,2315400
2025-05-21,38.6743278503418,40.19632597058887,38.65481462449369,39.88412180055367,3606200
2025-05-22,38.8011589050293,39.10360829923075,38.45968306220179,38.547490710726926,3433200
2025-05-23,38.60603332519531,38.77676939873455,37.85089046775579,37.86454935363893,3461300
2025-05-27,39.435325622558594,39.47923131179659,38.752381316788274,39.19141587856424,4661300
2025-05-28,38.76213455200195,39.552403431452476,38.70359487589804,39.47435052998058,5167500
2025-05-29,39.27922058105469,39.29873380571871,38.727985940922444,39.123118505509545,4553100
2025-05-30,39.36703109741211,39.48411045392062,38.83043040626705,39.18166103225794,7319300
2025-06-02,39.08409881591797,39.22068767741601,38.44017723902196,39.19141597726118,4901500
2025-06-03,39.83534240722656,39.898757602789516,38.820676947614686,39.025560245680325,4537100
2025-06-04,39.19141387939453,40.1475433022351,39.16214590257373,39.806067445001425,3575400
2025-06-05,39.28898239135742,39.610941321242414,38.72798923036058,39.23044271239316,5967200
2025-06-06,40.3621826171875,40.42560153133642,39.869487623474924,40.04997844862552,4759600
2025-06-09,40.34267044067383,40.8792748585027,40.284134483650575,40.56707068182082,4422000
2025-06-10,40.947566986083984,41.09391059217708,40.15241887808626,40.30364544267976,6139500
2025-06-11,40.39145278930664,41.46465411293457,40.33779235094853,41.220744382858484,7073900
2025-06-12,40.16705322265625,40.21583814688698,39.61093932668401,40.128030493745726,5923700
2025-06-13,39.34751892089844,40.01094995388801,39.1865376079574,39.75240623891626,4457600
2025-06-16,40.01095199584961,40.342669390157155,39.56703820565751,39.825581933824054,5069900
2025-06-17,39.464595794677734,40.128030570397364,39.269467262683634,39.620697875919575,4319800
2025-06-18,40.31340026855469,40.620725191506104,39.42556899159455,39.42556899159455,5895200
2025-06-20,40.69390106201172,40.879274850595785,40.36218365913047,40.4548705534225,6122300
2025-06-23,41.464656829833984,41.50855879767606,40.36706297257367,40.4402366407445,4511400
2025-06-24,41.87442398071289,42.4402963856364,41.66954068448917,41.77198233260103,5068900
2025-06-25,42.069549560546875,42.12808923610101,41.63051129830873,41.854911527049346,3008900
2025-06-26,43.045188903808594,43.15250978247469,42.2744369713076,42.323218173855686,4707300
2025-06-27,43.34763717651367,43.51349400517668,42.96225935949615,43.11348219995561,7484300
2025-06-30,43.65984344482422,44.05010051739548,43.493986608130164,43.61106224119463,7340600
2025-07-01,44.976951599121094,45.03061203612125,43.55251970474803,43.61105937832102,6367100
2025-07-02,45.88429641723633,45.93308133980009,44.884268774719125,45.064759589843646,5412300
2025-07-03,46.557491302490234,46.757495349419045,46.08918505896123,46.34284954521007,3302900
2025-07-07,45.913570404052734,46.67944683222008,45.611120989207876,46.29406899970989,4801400
2025-07-08,46.37211608886719,46.90384122884647,45.91356833308093,46.264795213544744,7950600
2025-07-09,46.225772857666016,46.98677002077706,45.90381022910851,46.947743570933646,7336000
2025-07-10,46.73310470581055,46.952621969167375,46.1282059093407,46.34284765787949,5402700
2025-07-11,46.508705139160156,46.7233468907221,46.118451807499554,46.33309355906149,3750300
2025-07-14,46.71359634399414,46.75261907543578,46.196505143392656,46.411146914275065,4945500
2025-07-15,45.552581787109375,46.74286251148406,45.50380058337229,46.557492448576234,5823700
2025-07-16,45.82576370239258,45.99162054117191,44.95744561286002,45.923326110878385,6483700
2025-07-17,47.63069152832031,48.19168464874881,45.796489326188734,46.137965179468615,13406400
2025-07-18,47.396541595458984,48.469742943102695,47.255073502237074,48.469742943102695,9470100
2025-07-21,47.416053771972656,48.040465856422614,47.32824611335996,47.46483869924325,4702700
2025-07-22,47.933143615722656,48.069732475975854,47.006285850303726,47.4062976789455,6143200
2025-07-23,48.66487121582031,48.74292039545523,47.664839816767234,48.04046289167226,6110100
2025-07-24,48.07948684692383,48.762434864542755,47.95753197669785,48.762434864542755,2708400
2025-07-25,48.28437423706055,48.323396967296524,47.220927611458464,48.13802690293187,5220000
2025-07-28,48.12826919555664,48.39168842598562,47.87460099487877,48.245344822610306,3068400
2025-07-29,47.89411544799805,48.53803699595816,47.703866153493955,48.528282244189796,2812300
2025-07-30,47.50385665893555,48.245344306465945,47.10384485916182,47.9916761085019,3461900
2025-07-31,46.962589263916016,47.54322493287765,46.874017593933715,47.23814390201632,4652700
2025-08-01,46.076873779296875,46.4213170860064,45.17639573641993,46.4213170860064,5799000
2025-08-04,46.82481384277344,46.90354213364296,45.95878011830554,46.263857407381906,4873800
2025-08-05,46.54925537109375,47.11020805151217,45.88004800600678,47.031479760758096,4959900
2025-08-06,46.18512725830078,46.88877892721701,46.17528387599404,46.647668618807366,4012400
2025-08-07,45.89973068237305,46.67719272645663,45.791475998494256,46.67719272645663,3709300
2025-08-08,46.529571533203125,46.70179693983447,45.884968882138764,46.31306592186307,3150600
2025-08-11,46.18512725830078,46.80512894836168,46.04734993920955,46.60830259788119,3410800
2025-08-12,47.375919342041016,47.41528536139412,46.46068003990767,46.5984573534933,3851700
2025-08-13,47.779415130615234,47.87783018615692,47.13973416327156,47.63179817852847,3968900
2025-08-14,48.42893981933594,48.46830584182797,47.15941375009701,47.27751181757309,3696800
2025-08-15,47.51369857788086,48.64544727809301,47.50385894971962,48.58639824667442,2961700
2025-08-18,47.76957321166992,47.80893923199906,47.252904518763316,47.42512616501541,2613500
2025-08-19,47.621952056884766,48.23211034954745,47.479253050169646,47.66131807683727,3998900
2025-08-20,48.0352897644043,48.13862275548288,47.28735037066821,47.612114417615565,4342600
2025-08-21,47.69084167480469,47.971318002849635,47.39068233638724,47.75973033403325,2897700
2025-08-22,49.96417999267578,49.97894131230189,47.90735228207739,47.995923953984516,5327100
2025-08-25,49.88544845581055,50.072435184041694,49.5705277867534,49.83624280517358,2935400
2025-08-26,50.495609283447266,50.58418095405522,49.668941609156505,49.698464247975686,4097200
2025-08-27,51.07624435424805,51.19926035341131,50.24957668970489,50.24957668970489,2991400
2025-08-28,51.332115173339844,51.371481193449036,50.91878322464425,51.29274915323065,3833100
2025-08-29,51.45021057128906,51.691324633961564,51.16481630481713,51.36163890123905,2617400
2025-09-02,50.781005859375,51.04180294601409,50.18560883984543,50.584183252768966,5375500
2025-09-03,50.849891662597656,51.38624337163995,50.24957673957149,50.79084638559693,3084100
2025-09-04,51.67655944824219,51.68148113938716,50.79084650381637,51.10576716238782,2806800
2025-09-05,50.889259338378906,52.011164687683646,50.43656134728234,51.774976063698695,2997600
2025-09-08,50.879417419433594,51.04671737437882,50.111795040663395,51.04671737437882,3396100
2025-09-09,50.889259338378906,51.47481671534868,50.6432273318068,50.908942349402736,3971000
2025-09-10,50.987674713134766,51.31243501168758,50.68259367157865,51.18449731630592,3332400
2025-09-11,50.9384651184082,51.27799048966934,50.594021809991474,50.98767452316817,4397900
2025-09-12,50.99751663208008,51.24847034279003,50.677674256336125,50.84989591892112,3733200
2025-09-15,50.52513122558594,51.21402157035434,50.42179823699323,51.03687823158103,2861800
2025-09-16,50.31846618652344,50.60386045617871,49.6148145094303,50.60386045617871,4780000
2025-09-17,51.440372467041016,52.15878547688496,50.33815012699351,50.33815012699351,6756000
2025-09-18,52.78862762451172,52.901804001280084,51.469895896759276,51.77497694157571,6608900
2025-09-19,52.70005416870117,52.92148522337433,52.34576748454445,52.729580561814515,9097700
2025-09-22,51.71592712402344,52.719738163148534,51.450212105947635,52.15878548748311,3353700
2025-09-23,52.26704025268555,53.034658914444876,51.75529322679582,51.88323092180588,4515700
2025-09-24,52.3064079284668,52.73942292368555,51.62735716391959,52.27688153382304,4058700
2025-09-25,52.05052947998047,52.311322800121296,51.71100411760446,51.99148420245449,4490300
2025-09-26,52.532752990722656,52.81814725376309,51.98163996657672,52.41465492930902,3311800
2025-09-29,52.79846954345703,53.6349768551338,52.08989617083171,53.6349768551338,4604600
2025-09-30,52.316246032714844,53.14291372978869,51.376405714281475,52.90672135027451,4843700
2025-10-01,51.90291213989258,52.513070446003915,51.59783110976173,52.41465539395346,3935400
2025-10-02,52.13909912109375,52.286719817463904,51.50433613334248,51.74545018769042,3322000
2025-10-03,52.96577072143555,53.0986301089315,52.31132467496421,52.54259536463081,6819100
2025-10-06,53.142913818359375,54.363234231940524,52.67053281269425,53.33974017592414,4402100
2025-10-07,52.286720275878906,53.580847209355674,52.20798823601782,53.45783121268544,4403100
2025-10-08,51.18449401855469,52.66068597213229,51.16481476282589,52.66068597213229,6304000
2025-10-09,51.02703857421875,51.843866668650385,50.93846689836653,51.725772352230976,7662500
2025-10-10,48.46830368041992,51.46989330979859,48.42893765968339,51.233704693680146,5751400
2025-10-13,49.452430725097656,49.70830234667502,48.92100071780203,49.32449303723383,3521500
2025-10-14,50.97782897949219,51.164815699692056,49.206399353592914,49.206399353592914,6943300
2025-10-15,50.879417419433594,52.45894238002083,50.20036670920802,52.158783045183505,7970400
2025-10-16,47.621952056884766,51.05656033765996,47.193858790889706,51.05656033765996,8385600
2025-10-17,48.5273551940918,48.82259285641884,47.53830545885317,47.995925149412784,9379200
2025-10-20,49.491798400878906,49.684686649429764,48.61592507482005,48.68481373501679,4137200
2025-10-21,50.02322769165039,50.32338327572987,49.27528831456443,49.38354299447032,3960300
2025-10-22,49.816558837890625,50.50544919603673,49.50163817487819,50.32830585382343,4239100
2025-10-23,50.15116500854492,50.39719702340727,49.668944361739065,49.89529336491435,4075100
2025-10-24,51.351802825927734,51.6814848273094,50.480847384485855,50.62354640466985,3134900
2025-10-27,51.08608627319336,52.08005393917859,50.598943945824146,51.666721965447266,5067900
2025-10-28,50.51529312133789,51.007357131851684,50.249578105162385,51.007357131851684,3825900
2025-10-29,50.0783576965332,50.902568231909584,49.69107772790232,49.94926311095697,3254200
2025-10-30,50.217384338378906,51.13097131649745,49.84996534135746,50.01877814417069,3546300
2025-10-31,50.515289306640625,50.68906829767996,49.68114636155393,49.8698239416234,3184200
2025-11-03,50.65431213378906,50.65431213378906,49.750657598810285,50.425916348915074,3892300
2025-11-04,50.37626647949219,50.833058055853705,49.68114672219106,50.16773168873123,3579200
2025-11-05,51.08131408691406,51.538109444626016,49.969124764519556,50.2968255349587,3054900
2025-11-06,50.545082092285156,51.59768841862294,50.252137121094535,50.84298947166192,4314800
2025-11-07,51.33950424194336,51.349432846647254,49.98898671633743,50.177660510494924,3539400
2025-11-10,51.98497009277344,52.21336967214193,51.329572321445625,51.55796811271614,3369300
2025-11-11,51.87574005126953,52.36232123407725,51.55796787779977,51.9849698559115,2944400
2025-11-12,52.292808532714844,53.12198527741373,51.98993495491022,52.00482975576981,3888800
2025-11-13,51.34943389892578,52.42190505762503,51.245166500957474,51.96511346992632,3052500
2025-11-14,51.32957077026367,51.61357961933794,50.50536022563845,51.05152438722353,3462000
2025-11-17,49.363380432128906,51.409017795904994,49.07540163948166,51.091249399914275,4963100
2025-11-18,50.0783576965332,50.58479985825871,48.658328619488074,48.93637499940813,4497700
2025-11-19,50.80326843261719,50.91250202433161,49.84996328545155,50.06842668078247,3412700
2025-11-20,50.34647750854492,52.29280982290858,50.257104913084454,51.43880586364139,4184100
2025-11-21,51.93531799316406,52.21336816467711,50.39612670367628,50.5848004941226,5335700
2025-11-24,52.421905517578125,52.565894912635265,51.60762353650178,51.776436338094115,3938800
2025-11-25,53.81214141845703,54.070330606102424,52.62051183519481,52.81911424033981,4337600
2025-11-26,53.60360336303711,54.25900110924609,53.60360336303711,53.81213814862683,3514300
2025-11-28,53.7227668762207,54.03060665400902,53.66318767207311,53.79227847312485,1508100
2025-12-01,54.199424743652344,54.56684373579518,53.40499997736791,53.55395556807075,5027800
2025-12-02,54.27886199951172,54.70586396236462,53.89158203043533,54.53704738286337,5450400
2025-12-03,55.291751861572266,55.32154146379823,54.21928072426215,54.467537511073054,5552100
2025-12-04,55.4903564453125,55.65420304091911,55.063354481287625,55.063354481287625,4650700
2025-12-05,55.07328414916992,55.77833250781226,55.05342315184364,55.281818938948994,5209500
2025-12-08,55.371192932128906,56.04645170589494,55.07328554090224,55.25203073325784,6308600
2025-12-09,55.5499382019043,56.334430570769655,54.70586662756937,55.32154240870894,8558400
2025-12-10,58.0523681640625,58.35027556111209,55.58966120670216,55.688966197784076,10233700
2025-12-11,57.94313430786133,58.891477080922364,57.22815731577088,57.34731951643628,7920600
2025-12-12,57.982852935791016,58.489298888370236,57.337387580593095,58.34034330511803,5720900
2025-12-15,58.03250503540039,58.807068785011815,57.82397024393106,58.2211826174804,4708800
2025-12-16,57.734596252441406,58.34034340280448,57.50123427273453,58.15166961338723,4225200
2025-12-17,58.20132064819336,58.63328502501039,57.774318679591836,57.97292486305034,4661200
2025-12-18,58.002716064453125,58.74748643188992,57.684947677394604,58.39992844232527,4092100
2025-12-19,58.77727508544922,58.91630206712849,58.08215911754243,58.22118231112379,6614300
2025-12-22,59.462467193603516,59.48232819130585,58.886509624529864,58.91630301513235,3170500
2025-12-23,59.09504318237305,59.68092934399595,59.055324975897015,59.54190615108507,3023300
2025-12-24,59.442604064941406,59.586593452047936,58.94609050447661,59.273787484572495,1111600
2025-12-26,59.41281509399414,59.581627888056644,59.10994151584868,59.442604695746844,1891800
2025-12-29,58.72762680053711,59.53198017979811,58.67301000260653,59.43267518897067,2331500
2025-12-30,58.5389518737793,58.916303255466936,58.305589884947445,58.83685926433354,2064900
2025-12-31,58.002716064453125,58.69783583168039,57.98285506674972,58.45454523898514,2396300
