Date,Close,High,Low,Open,Volume
2019-01-02,38.99221420288086,40.001120565291934,38.717791549147535,39.96883482274969,3019300
2019-01-03,39.06485366821289,39.37155897050836,38.79850092370935,38.951853574857076,3091200
2019-01-04,39.42805862426758,39.500700004068406,38.81464492290113,38.81464492290113,2958900
2019-01-07,39.226280212402344,39.50877585617241,39.00028616053672,39.234353187933564,2254800
2019-01-08,39.81548309326172,39.89619437256303,39.105212135446,39.15363767145161,2220000
2019-01-09,39.436134338378906,40.0172654171499,39.36349295353253,39.67020136498812,2587900
2019-01-10,40.21095657348633,40.259385169041,39.411904759922855,39.52490173728038,2445200
2019-01-11,40.13833236694336,40.227116623921034,39.81548416213311,40.18676098318701,1910400
2019-01-14,39.83968734741211,39.92847158303288,39.379626380047476,39.871973083808264,2568700
2019-01-15,40.53382110595703,40.679103861665226,39.7266960537727,39.791264456899825,2269900
2019-01-16,40.7921028137207,40.880887066307736,40.15447325326645,40.46118164976587,2326600
2019-01-17,41.14723587036133,41.21987725012114,40.59839057416229,40.66296205792115,2009700
2019-01-18,41.0665168762207,41.33286649932152,40.81630704208835,41.123015374422,2254300
2019-01-22,41.13108825683594,41.47815224467735,40.751741609775245,41.16337399499269,1900200
2019-01-23,41.51850128173828,41.53464414825199,41.11493885570644,41.11493885570644,2626200
2019-01-24,41.72028732299805,41.73643019137995,41.09880074551261,41.48622342880371,2204000
2019-01-25,41.010013580322266,41.8574940331336,40.95351508873063,41.55078573668126,2031000
2019-01-28,41.001956939697266,41.21988109932694,40.662965855120945,40.993887042942724,1730600
2019-01-29,41.15530014038086,41.36515126033508,40.89701733891365,41.13108429962437,1702600
2019-01-30,41.51850128173828,41.6072855080952,40.93737348192957,40.96965613602003,1898400
2019-01-31,42.39918518066406,42.5780856909394,40.72403713730078,41.171285310955035,3523800
2019-02-01,42.106441497802734,42.423581066584966,41.586007015489926,42.33413391034024,2814200
2019-02-04,42.285343170166016,42.30160713593711,41.57787772031168,41.911281263533546,2690400
2019-02-05,42.32600021362305,42.48863676422789,41.943807887041,42.16336366301821,2081900
2019-02-06,42.26907730102539,42.40731945283759,41.98446566793285,42.17962704432941,1674400
2019-02-07,42.77324676513672,42.789510729778506,42.025123003818884,42.342262559248574,1852900
2019-02-08,43.05785369873047,43.082248090260094,42.58620811560088,42.68379188578643,2096700
2019-02-11,42.96028137207031,43.21236507224565,42.21215449888677,43.07412602402487,1733000
2019-02-12,42.9277458190918,43.187963006501626,42.659395099681525,43.000932096927905,1982800
2019-02-13,42.91960906982422,42.96840095206869,42.675655862668506,42.8220284073686,1853600
2019-02-14,42.691917419433594,43.065979189477815,42.61060072230508,42.9846624923493,2277800
2019-02-15,42.91149139404297,42.98467768814446,42.626876649410825,42.97654415433637,3460500
2019-02-19,42.9277458190918,43.04972088079627,42.75697887148539,42.8870874651903,2526900
2019-02-20,42.9277458190918,43.03345691882897,42.61873674578003,42.9440097810591,4088500
2019-02-21,43.431922912597656,43.58642592200225,42.67566562597563,42.81390777294525,2502100
2019-02-22,44.0743408203125,44.08247125250221,43.26116111182716,43.521378370379715,2086000
2019-02-25,43.76532745361328,44.098730977947525,43.52137418493551,44.09060054653972,1964200
2019-02-26,43.78971481323242,43.927956941223755,43.562025545992135,43.879165054515,2299100
2019-02-27,43.78971481323242,43.879165054515,43.43191695013574,43.64334225513978,1651900
2019-02-28,44.23696517944336,44.30201792511919,43.64334142621266,43.80597794345257,3427300
2019-03-01,43.99300765991211,44.36707257003303,43.73279048019619,44.31828068557375,2853400
2019-03-04,44.033668518066406,44.18817149704403,43.594550869982506,43.99300706388449,2343600
2019-03-05,43.911685943603516,44.07432243787534,43.814105287853664,43.98487221092418,1981300
2019-03-06,43.93608856201172,44.10685861910349,43.72466325127797,43.976750019721095,1604500
2019-03-07,44.13937759399414,44.48091456089063,44.01740254312869,44.082455283183606,2040000
2019-03-08,44.43212890625,44.44026243866754,43.960486393145494,44.18004523791325,1762800
2019-03-11,44.68421936035156,44.68421936035156,44.367079814664656,44.42400213814518,1836200
2019-03-12,44.98508834838867,45.00948274000939,44.59476257228951,44.724871164322565,2223700
2019-03-13,44.968833923339844,45.02575625054894,44.822461338506685,44.92004512975158,1522200
2019-03-14,44.84685516357422,45.12333634538429,44.70861302165222,45.03388609508781,1883400
2019-03-15,45.15586471557617,45.27784290319759,44.68422213431066,44.70861653102128,5486800
2019-03-18,44.98508834838867,45.19651674921333,44.75739908783921,45.17211925555909,2124000
2019-03-19,44.212562561035156,44.911897332686195,44.07432355372577,44.83871106351264,3222500
2019-03-20,44.39961242675781,44.73301599505197,44.06620885846366,44.358954060289655,2447800
2019-03-21,44.90378189086914,45.017626547128785,44.180052488617754,44.42400576660761,2142200
2019-03-22,45.24531555175781,45.48113839642475,44.936306413988525,45.09081253389027,3300200
2019-03-25,45.39982223510742,45.570589220454195,45.050154730615894,45.35916077018598,1756900
2019-03-26,45.72509002685547,45.782012352548996,45.318500213596536,45.44047839838786,1362600
2019-03-27,45.43233108520508,45.773868037811006,45.1965114225857,45.773868037811006,1694500
2019-03-28,44.89564514160156,45.57058570113494,44.66795584538983,45.473001915300756,2209900
2019-03-29,45.16400146484375,45.19652939746334,44.635433416895836,44.94444257271313,2332100
2019-04-01,44.71674346923828,45.21278037405278,44.4646566996175,45.16399158782752,3074000
2019-04-02,44.643558502197266,44.89564217720581,44.45652447604835,44.789931069249754,3251700
2019-04-03,44.61103820800781,44.806199596111085,44.18818439773827,44.63543260601214,2133500
2019-04-04,44.375205993652344,44.80619014500307,43.976749767469066,44.67608154636698,2128000
2019-04-05,44.8143196105957,44.8143196105957,44.228829418847305,44.43212427964512,1657200
2019-04-08,44.18818283081055,44.78180361012905,44.171918865372945,44.78180361012905,2022700
2019-04-09,44.41586685180664,44.44839477880694,44.106860851405344,44.106860851405344,1866300
2019-04-10,44.22883224487305,44.96882546137803,44.16377949831853,44.6598163846517,1702000
2019-04-11,44.66796875,44.70862712149347,44.14753414999979,44.58665200701306,2993700
2019-04-12,44.70861053466797,44.74926889107726,44.277626373068806,44.529710044026615,1935100
2019-04-15,44.61915969848633,44.879376898500375,44.47278713572421,44.80619061711931,1810500
2019-04-16,43.95236587524414,44.73301770866193,43.83852120395837,44.55412026894201,1995800
2019-04-17,43.98488998413086,44.23697680721589,43.81412299205763,43.936098085523774,1551800
2019-04-18,43.7571907043457,44.285755526491954,43.73279320957666,44.066196685772624,2178400
2019-04-22,43.553897857666016,43.976751596326906,43.545764325019064,43.74092878210632,3798500
2019-04-23,44.06621170043945,44.082475668482545,43.56204109924268,43.64335783742339,3014000
2019-04-24,44.23696517944336,44.367073772828576,44.00114238454717,44.04993116829565,2043100
2019-04-25,44.52971649169922,44.82246166348806,43.83038459491213,43.91983175115054,1869000
2019-04-26,44.643558502197266,45.16399291747997,44.57850264927002,44.74926961015332,2117100
2019-04-29,44.424007415771484,44.63543277066902,44.28576525515689,44.55411604233174,2062100
2019-04-30,45.172142028808594,45.18840599876629,44.310173335296135,44.43214845692625,2091000
2019-05-01,44.70861053466797,45.13959469626714,44.60289632637683,45.01761962703929,1892000
2019-05-02,44.6946907043457,44.90759917218609,44.32619227558869,44.6946907043457,2338100
2019-05-03,45.25153350830078,45.34980184838375,44.68650460990075,44.743826246385034,1459300
2019-05-06,45.128700256347656,45.44806453434944,45.02224445574882,45.251530988920415,1316800
2019-05-07,44.9894905090332,45.2761018130837,44.8420911238175,45.030437212322475,1529000
2019-05-08,44.44083786010742,45.00586673120787,44.40808174832906,44.89122346377834,1551200
2019-05-09,44.547298431396484,44.78477245773032,44.27706516598183,44.52272978303464,2349900
2019-05-10,45.554527282714844,45.554527282714844,44.481787894719695,44.58824371155468,1676900
2019-05-13,46.22601318359375,46.29971288569871,45.37437287566875,45.480828695108194,2095600
2019-05-14,45.734676361083984,46.193252587923,45.66097666612405,46.14411841668472,1699000
2019-05-15,45.734676361083984,46.00490961720206,45.67735472320348,45.759245008600615,1146900
2019-05-16,46.03765869140625,46.20143298956664,45.50538285100149,45.66096968377166,1530900
2019-05-17,46.23419189453125,46.520803181232516,45.91482762049401,45.92301821017402,1819600
2019-05-20,46.447105407714844,46.750091638676366,46.250571856624106,46.463483463955306,1365300
2019-05-21,46.14411926269531,46.651829670081014,46.11955373852327,46.48805222007902,2077700
2019-05-22,46.43073272705078,46.45529825235817,46.09499034473734,46.226011686035385,1561700
2019-05-23,46.9630012512207,46.97119184143525,46.4634845809547,46.5289936836966,1499300
2019-05-24,46.872928619384766,47.257802033378674,46.84835997149088,46.99575936367409,1398900
2019-05-28,45.99672317504883,47.02032840636605,45.955779590555196,47.02032840636605,2562200
2019-05-29,45.439884185791016,46.21782165198741,45.251538076847545,46.1686906007806,2433900
2019-05-30,45.65279006958008,45.751055290134495,45.30886023574208,45.44806903787792,3115800
2019-05-31,45.947593688964844,46.18507086043399,45.48901740514119,45.6609823401518,4776600
2019-06-03,46.676395416259766,46.70915153117497,45.84932381931867,46.00491067947331,2605200
2019-06-04,46.33245849609375,46.66820081314684,45.341606476093055,46.635444703240545,3343500
2019-06-05,47.4625244140625,47.732757682014956,46.299710424654656,46.50443146142041,2323200
2019-06-06,47.66725158691406,47.85559459012807,47.470721115645325,47.55260829137472,2134800
2019-06-07,47.32331085205078,48.346915932997746,47.32331085205078,48.002983001426266,2182000
2019-06-10,47.08583450317383,47.29055552275285,46.75827962232946,47.249611943596015,2038100
2019-06-11,46.81560134887695,47.24142144528411,46.50442764764449,47.02032236885377,1429200
2019-06-12,47.4543342590332,47.4952778393081,46.872927297262805,46.97937998121855,1346300
2019-06-13,47.4543342590332,47.66724275073964,47.11040131237519,47.51984336271405,1614700
2019-06-14,48.109439849853516,48.265026700971994,47.577163946677615,47.577163946677615,2071200
2019-06-17,47.79825210571289,48.28139372901006,47.60990918460303,48.15856301896145,1884400
2019-06-18,47.59354782104492,48.20771095803358,47.356073782160365,48.20771095803358,2163800
2019-06-19,48.22407913208008,48.346912983818726,47.397007651596304,47.397007651596304,2061400
2019-06-20,48.396053314208984,48.494321663978546,47.83921182736232,48.33054420482449,1888400
2019-06-21,48.4370002746582,48.49432191709203,47.77370296733007,48.17495758816208,4012700
2019-06-24,48.330543518066406,48.584398732337775,48.21590023542616,48.486130383964564,2413000
2019-06-25,48.281410217285156,48.592587078505794,48.17495752364788,48.43700020979309,2086000
2019-06-26,47.11859130859375,48.23227417128034,47.10221325193132,48.09306225154707,1922500
2019-06-27,47.09402847290039,47.45433951634504,46.96300712722832,47.26599652717865,1705700
2019-06-28,47.42156982421875,47.64266886746082,47.06944947281039,47.09401499190582,2563100
2019-07-01,47.21685791015625,47.42976640542506,46.72552869104669,47.31512312921916,1772000
2019-07-02,47.68361282348633,47.855577706124144,47.38062663163002,47.413382739883254,2037600
2019-07-03,48.29777145385742,48.48611437368852,47.83919535092464,47.83919535092464,984900
2019-07-05,48.084869384765625,48.13400042544019,47.282363441203934,47.929279425844015,1307600
2019-07-08,48.21589660644531,48.36329599411591,47.92928529762141,48.207706016133095,1257400
2019-07-09,48.21589660644531,48.28959630028061,47.839207546956615,48.21589660644531,1520400
2019-07-10,48.2486457824707,48.50250095756949,48.084871474711164,48.32234547048037,1373000
2019-07-11,48.31415939331055,48.48612429567768,47.855583196536735,48.1749506029547,1404200
2019-07-12,47.97023010253906,48.396047068069095,47.73275297360495,48.281403798596024,1432600
2019-07-15,48.002986907958984,48.17495494963706,47.63448842407033,47.83102199007596,1348300
2019-07-16,47.82283401489258,48.0848766842513,47.51984464036309,47.888343120334746,1060100
2019-07-17,48.043922424316406,48.363289805935615,47.994791383909245,47.994791383909245,1344800
2019-07-18,48.42061996459961,48.4369980222184,47.667244933110624,47.99479983789628,1053300
2019-07-19,47.70819091796875,48.45337539628023,47.69181598332036,48.31416658520221,1494900
2019-07-22,47.732757568359375,47.97023472015303,47.372446545280695,47.81464473335265,1383800
2019-07-23,47.71637725830078,47.93747634190048,47.42976594676268,47.863776647367246,2117900
2019-07-24,47.50346755981445,47.945665744872855,47.22504682742157,47.822834998220024,1945500
2019-07-25,47.4625244140625,47.83921037200067,47.044894873530204,47.37244665807835,1929100
2019-07-26,48.060302734375,48.224080165605024,47.568973564479606,47.63448266269481,1926000
2019-07-29,48.46156692504883,48.518888568813,47.88834736361181,48.10125900370328,1960100
2019-07-30,47.95384979248047,48.75635576486821,47.757316251339034,48.42061343842237,1973800
2019-07-31,47.67543411254883,48.25684108372747,47.47071308406663,47.93747677910245,2652500
2019-08-01,48.625858306884766,48.87314971184169,47.471827557778,47.661417739727675,2080000
2019-08-02,48.386810302734375,49.02976860732831,48.304377735170455,48.73301765306005,1496400
2019-08-05,47.99114227294922,48.84841894390268,47.752092549408346,48.3291079307384,2960100
2019-08-06,48.551673889160156,48.70829105595785,47.33994183423165,47.949927131848796,2041400
2019-08-07,48.72478103637695,49.029773706883226,47.883987626660165,48.493976112153966,1938100
2019-08-08,49.51610565185547,49.62326640857847,48.37031978564084,48.66707071534721,2053200
2019-08-09,49.72218322753906,50.08487706785363,49.491378342291675,49.62326729735886,1990500
2019-08-12,49.4089469909668,49.9447476528288,49.252329835636445,49.79637218168181,1570400
2019-08-13,49.53260803222656,49.722198265946886,48.89789126134633,49.23585700745329,2034700
2019-08-14,49.26881790161133,49.87056148935175,49.12044242578702,49.73867252689468,2107100
2019-08-15,50.50527572631836,50.66189287921318,49.1946278478889,49.31827512008217,2559300
2019-08-16,50.44758605957031,50.670149313808125,50.31569707311252,50.3569117917903,2069300
2019-08-19,50.7525749206543,51.06581241903077,50.290961930651136,50.414609221833786,1546600
2019-08-20,50.661895751953125,50.90094548135882,50.34041659939833,50.90094548135882,1433600
2019-08-21,51.156490325927734,51.18946021404249,50.59596134971789,50.63717606822243,1064600
2019-08-22,51.2224235534668,51.3378260012337,50.73608242039139,50.98337382910344,1010400
2019-08-23,50.76081466674805,51.60984967142872,50.55473796506975,51.395528140773976,1608800
2019-08-26,51.444984436035156,51.4861991448748,50.82675436999829,50.900942103701944,1127200
2019-08-27,51.56863021850586,52.03848480357306,51.56863021850586,51.634573121849705,1823700
2019-08-28,51.494449615478516,51.94781775135074,51.34607413181399,51.609852070666236,2056500
2019-08-29,51.956058502197266,51.98078984535079,51.329586694805755,51.741740109913096,1596000
2019-08-30,51.97254180908203,52.186863332622124,51.76646511424469,52.11267559670145,1254200
2019-09-03,53.068878173828125,53.0771230040819,51.93957855412975,51.98903810220816,1817400
2019-09-04,53.15130615234375,53.30792017056411,52.780364312537635,53.143061323291555,1008900
2019-09-05,52.26104736328125,52.89576077123653,52.11267190195958,52.86278774772492,1788300
2019-09-06,51.733497619628906,52.50010325794611,51.601608646610956,52.392945629199815,2363900
2019-09-09,50.653663635253906,51.65931599444758,50.53001633269395,51.53567183636915,3260500
2019-09-10,50.27446746826172,50.6866208219647,49.54083185730675,50.653647798993134,3088000
2019-09-11,50.48879623413086,50.71960115353862,49.90353910592908,50.167317055104,2182700
2019-09-12,50.80202865600586,51.2224237378818,50.50527770669066,50.93391761742585,2120500
2019-09-13,50.50527572631836,50.843241373235095,50.266226010467776,50.50527572631836,1303200
2019-09-16,50.661895751953125,50.89270379683628,50.32393008587233,50.47230556312545,1281300
2019-09-17,51.412010192871094,51.60160036462536,50.73607892157999,50.77729362944297,1962600
2019-09-18,51.626338958740234,51.78295612841752,51.214185533239,51.74174141476361,1186500
2019-09-19,51.807682037353516,51.914842803701085,51.48620288279176,51.74998081189274,2265200
2019-09-20,52.021995544433594,52.38468935487316,51.63457039512555,51.92307962240107,3487900
2019-09-23,52.08795166015625,52.26930018362838,51.90660628116538,52.14565289135533,1651800
2019-09-24,52.829811096191406,53.43980255582406,52.145638199953424,52.21158424244789,2070600
2019-09-25,53.02766036987305,53.10184496655205,52.5990204370018,52.97819768312497,2077600
2019-09-26,53.612918853759766,53.83547893850373,53.20901025383661,53.258466652899216,2369300
2019-09-27,52.763877868652344,53.687097421918374,52.491855126438665,53.67885888230817,2780200
2019-09-30,52.714420318603516,53.25846267906677,52.56604484352437,52.87928230696711,1867500
2019-10-01,52.8792724609375,52.953457040183146,52.23631114048585,52.56603505581902,1683200
2019-10-02,52.409423828125,52.969952660632906,52.28577655982918,52.80508753991805,1917000
2019-10-03,52.75563430786133,52.7638791366312,52.33523923054213,52.49185638788049,1594300
2019-10-04,53.51398849487305,53.596417905602465,52.788600875908884,52.895758480961035,1272000
2019-10-07,53.1265754699707,53.40684307716035,52.97819998121438,53.39859824751768,1220000
2019-10-08,52.83806228637695,53.29143352191933,52.74739118374924,53.13481322437532,1994300
2019-10-09,53.25020980834961,53.46453130419977,52.879274321151215,52.95345890300657,1441900
2019-10-10,53.02766036987305,53.23373707926416,52.5990204370018,53.1183346251221,1516600
2019-10-11,52.65671157836914,53.03588875186588,52.23631341082364,52.82157354320109,1772300
2019-10-14,52.326995849609375,52.88752787567909,52.1456473454245,52.805092163622795,908000
2019-10-15,52.12091827392578,52.60725940878687,51.93956977278002,52.39294102564441,1470800
2019-10-16,52.3764533996582,52.38469508386206,51.79943802648304,52.03024291796078,1233500
2019-10-17,52.491859436035156,52.6649631164844,52.24456801475324,52.31875575558592,1676600
2019-10-18,52.763877868652344,52.84630728748517,52.12916128130119,52.43415390435953,1326900
2019-10-21,52.714420318603516,52.81333625382932,52.27753557776785,52.68144729203462,1075200
2019-10-22,52.53307342529297,53.05238760396916,52.500100397714576,52.86279426763391,2494000
2019-10-23,52.170379638671875,52.99468646256185,52.11267841255806,52.6567207905462,5176800
2019-10-24,53.1265754699707,53.58819159552501,52.458888915048426,53.00293447014239,2945000
2019-10-25,52.46712875366211,53.505757076155,52.162132975520066,53.505757076155,2240500
2019-10-28,51.52742385864258,52.508351099685825,51.42026622374916,52.25281482409413,1920500
2019-10-29,51.91484069824219,51.9972732630437,51.37079834847549,51.510932136397656,1870700
2019-10-30,52.67321014404297,52.77212294330662,51.96430573416268,51.99727876357133,2120100
2019-10-31,53.00740051269531,53.12349882200711,52.5015440454713,52.81666712404855,1923700
2019-11-01,52.52642059326172,53.18984175364853,52.460076895502226,53.07374344601104,1520100
2019-11-04,51.14152526855469,52.617640889467495,50.90932865639739,52.44349343034952,2287600
2019-11-05,50.36200714111328,51.0171369295073,50.03029813833371,50.74347391785853,3018300
2019-11-06,50.88445281982422,51.00055112925234,50.461519648688444,50.5112774227755,1799400
2019-11-07,49.76491928100586,50.635662800036876,49.275645646769114,50.635662800036876,2490200
2019-11-08,49.43321990966797,50.113227036409505,49.21760604210105,49.68200246471749,1745300
2019-11-11,49.40834426879883,49.673712758256386,49.33370918342377,49.40834426879883,1095500
2019-11-12,49.4166374206543,49.54103028855029,49.20102670153556,49.45810065547228,1310100
2019-11-13,50.16297912597656,50.312246111330886,49.49955483646575,49.51614076004767,1130600
2019-11-14,50.38688278198242,50.58591070782916,50.088345638374676,50.303956324887196,1516500
2019-11-15,50.50299072265625,50.50299072265625,50.21274175874464,50.469818870190586,1459200
2019-11-18,50.74346923828125,51.16640236938239,50.63566548312646,50.69371463234561,1756900
2019-11-19,50.95079040527344,51.315674400569506,50.34541842441764,50.58590957341886,1982900
2019-11-20,51.16640853881836,51.556166707222225,50.88445413856782,51.050310226381384,1921600
2019-11-21,51.37372589111328,51.48982419910595,50.8181084927234,51.050308272150374,2847500
2019-11-22,51.216163635253906,51.53128988873658,50.64396344849796,51.46494935104863,1751500
2019-11-25,50.75177001953125,51.28250697102076,50.49469292464775,51.257629664995235,2039000
2019-11-26,51.14982604980469,51.174703357443306,50.677138224019224,50.81811385189399,2417900
2019-11-27,51.01713562011719,51.21616038398849,50.801521768574766,51.14981985051191,1737600
2019-11-29,50.834693908691406,51.41518860628945,50.784939299158914,51.216160677834665,776700
2019-12-02,50.478111267089844,50.942507720625834,50.44494257739887,50.942507720625834,1489600
2019-12-03,50.69371795654297,50.85957403523416,50.46981272482609,50.67713203232969,1344900
2019-12-04,51.174705505371094,51.265926521797404,50.5527474807649,50.5527474807649,1242300
2019-12-05,51.28249740600586,51.290788785320636,50.87615022387604,51.00054305768589,867500
2019-12-06,50.96737289428711,51.23274132928737,50.75176222713988,51.09176573219904,1138700
2019-12-09,50.818115234375,51.17470474962515,50.602504514276845,51.01714319122427,1365900
2019-12-10,50.95079040527344,51.11664647918606,50.75176564733149,50.92591310139107,1636900
2019-12-11,50.9590950012207,51.27422128747339,50.65226326019268,51.03373009103207,1464500
2019-12-12,50.395179748535156,50.95908854152932,50.27078689347049,50.87615891700564,1407400
2019-12-13,50.57762145996094,50.64396199574587,49.96395489588141,50.328835751302776,1609500
2019-12-16,51.30738067626953,51.32396660026979,50.57761900090737,50.57761900090737,2371700
2019-12-17,51.481536865234375,51.72202488064752,51.191287908996344,51.27421753796801,1959300
2019-12-18,51.697147369384766,51.82983161177323,51.34884925596388,51.5644631269963,2057400
2019-12-19,51.74689865112305,51.94592340800254,51.63909172913913,51.771775954872616,1998600
2019-12-20,52.327392578125,52.609346966259984,51.80495019460795,51.829827499506386,2709400
2019-12-23,51.655677795410156,52.41861130462383,51.456649874539664,52.385439457238505,1435200
2019-12-24,51.64738464355469,51.68885103562447,51.398602108343894,51.663970567694285,314900
2019-12-26,51.64738464355469,51.82982664564867,51.456651261111695,51.82982664564867,681400
2019-12-27,51.86299514770508,51.87128652751913,51.48152840743148,51.6473813112434,1309800
2019-12-30,51.90446090698242,51.90446090698242,51.5644573760671,51.73860483163412,889800
2019-12-31,52.11178207397461,52.144953922918894,51.804950379844065,51.87958545824789,1041900
2020-01-02,51.174705505371094,52.14496166874664,51.05860718026201,52.12837574181076,2420100
2020-01-03,51.672271728515625,51.99568938204993,51.13324019699713,51.158117504671466,2074800
2020-01-06,51.90446090698242,52.00397328681479,51.55616283240684,51.804948527150046,1478300
2020-01-07,51.63908767700195,51.95421387468147,51.48981753933488,51.813235116466466,1679600
2020-01-08,51.62251281738281,51.738611135239076,51.35714432987082,51.71373382811042,1703700
2020-01-09,52.02056121826172,52.14495407043387,51.41518920880332,51.51470159247606,1152400
2020-01-10,52.29422378540039,52.385441624321324,52.03714670269154,52.18641685865905,1844000
2020-01-13,52.8166618347168,53.015689747492246,52.30251087492213,52.30251087492213,1474500
2020-01-14,52.98252868652344,52.990823231441574,52.64252510404568,52.80008665962835,1789000
2020-01-15,53.65424346923828,53.82839728511897,53.17326740162711,53.19814471050028,1481800
2020-01-16,54.218143463134766,54.32595355312169,53.85326578123124,53.94448678342792,1915200
2020-01-17,54.44205093383789,54.63278115199807,54.01911777874756,54.350829933193246,2605000
2020-01-21,54.90644454956055,54.90644454956055,54.34253578100455,54.44205132612025,2539200
2020-01-22,55.18840789794922,55.37913813753072,54.9976713314839,54.9976713314839,2443300
2020-01-23,55.652793884277344,55.66108842787702,55.20498343313977,55.20498343313977,1832400
2020-01-24,55.967926025390625,56.175245360836314,55.50353273859517,55.594753752341994,1625200
2020-01-27,55.768882751464844,56.35766870976377,55.387416059899984,55.959619260688235,1627900
2020-01-28,55.619632720947266,56.01768864071684,55.4620679967012,55.79378020869514,1857900
2020-01-29,55.81865692138672,55.87670608334952,55.171821594691416,55.61963212706912,1697500
2020-01-30,56.44889450073242,56.457189043635125,55.61961736317098,55.94303494066934,2429700
2020-01-31,56.81378173828125,57.203543027686194,56.357676755598256,56.61475065844713,2939400
2020-02-03,56.78892135620117,57.16209367003793,56.7308721890069,56.905019690589704,1850300
2020-02-04,55.868408203125,56.77231732977669,55.868408203125,56.58987533033575,2346400
2020-02-05,56.31623077392578,56.43232910275048,55.53670800020188,55.78548742187577,2119500
2020-02-06,56.16437911987305,56.48140689619846,55.997523735517554,56.42300687516154,1677900
2020-02-07,56.014217376708984,56.498106994506564,55.97250034012687,56.464734638266094,1545500
2020-02-10,56.36460494995117,56.46472199625715,55.89740479743934,55.89740479743934,1380500
2020-02-11,56.20608901977539,56.581516769521336,56.09762730508835,56.43968907429501,1161700
2020-02-12,56.19773864746094,56.43133867830945,55.87236626661859,55.93911095118201,1337300
2020-02-13,56.66493225097656,56.70664926535502,56.0642428886141,56.28115990616115,1624100
2020-02-14,57.15718460083008,57.25729528321841,56.731695105305356,56.848495144841586,1365700
2020-02-18,57.44918441772461,57.66610150370938,57.2572950022141,57.407467390184365,1400000
2020-02-19,57.13216018676758,57.54096034844603,57.107126149618786,57.35741560010567,1629700
2020-02-20,57.22392272949219,57.26563975708805,56.75672257301732,57.12381204746171,1390100
2020-02-21,57.10711669921875,57.70780618888175,57.098778386674155,57.19055074565734,2028300
2020-02-24,56.94025421142578,57.49088829642182,56.68996483367789,57.198881900674856,2121800
2020-02-25,55.7639274597168,57.207251621696486,55.7472444642876,56.99033449036044,2173500
2020-02-26,55.430213928222656,56.464731452810355,55.421869248351776,55.889069479108976,2033000
2020-02-27,52.41006851196289,55.66379898253012,52.368354671583724,55.24665421361442,3190000
2020-02-28,50.407779693603516,51.49235879687964,49.32320377288987,51.36721407494394,5533300
2020-03-02,53.51133728027344,53.519681958952035,50.524582008384094,50.55795117541119,3386700
2020-03-03,53.6615104675293,54.85454493128622,53.14425177146204,53.60311044616182,4155400
2020-03-04,57.023681640625,57.332371023189346,54.45406865178048,54.462413328369585,2932000
2020-03-05,56.50644302368164,57.55764344124944,55.68049165471748,56.28118124482773,2997100
2020-03-06,56.63992691040039,56.798443989363406,54.52083032031035,55.071464574523816,3584600
2020-03-09,54.579227447509766,55.63877886888016,52.15978936884935,53.04413754474072,5894700
2020-03-10,54.654319763183594,56.49809922739323,52.28493371685237,54.94631988373711,5114900
2020-03-11,52.768821716308594,54.303911656432085,51.70927345171789,53.61145606666174,4299100
2020-03-12,49.131317138671875,52.877279079651245,47.4126824909366,49.03120327146459,5920200
2020-03-13,52.051326751708984,52.25155765263934,48.31370978902731,51.166981827552256,4145400
2020-03-16,47.5128059387207,51.859455141973235,46.469943662552836,46.89543007090156,4328000
2020-03-17,54.078651428222656,56.55649254997485,48.29702426584237,48.72251374258883,5261100
2020-03-18,50.5913200378418,53.678188963165574,45.34363777269185,51.2337234016297,4019100
2020-03-19,47.129024505615234,50.74149709472409,46.536676425604604,50.74149709472409,2977900
2020-03-20,41.339046478271484,46.67850085996668,40.56315694381286,46.67850085996668,4233800
2020-03-23,40.47139358520508,41.163855591870295,38.40235542734512,41.08876938852784,3455300
2020-03-24,42.90751266479492,43.04934036348694,40.22944391982683,41.238933531596786,3438100
2020-03-25,44.484317779541016,46.06112449247168,41.06373195691694,42.59048015199383,3504900
2020-03-26,47.504451751708984,48.313713734486335,44.10889311462894,44.20901016455112,2645000
2020-03-27,48.580684661865234,49.99897766613339,45.810843351206174,46.186274320359864,3011800
2020-03-30,51.67589569091797,51.93452660769878,48.005023430593845,49.39828550834322,3586800
2020-03-31,49.0145149230957,51.50069759601079,48.65577013373444,50.557949439138476,4664400
2020-04-01,46.478267669677734,48.08010517799901,45.01826103247414,47.245815671025525,2527900
2020-04-02,47.43770980834961,48.11348238516254,45.6523304740816,45.72741666956776,3684800
2020-04-03,45.51050567626953,47.32925760386934,45.193474677015224,45.8609090296691,2480000
2020-04-06,49.09794616699219,49.84880814853064,46.45324942130267,47.0789666783972,2366400
2020-04-07,47.838165283203125,50.249261692384394,47.82982378761911,50.199203171193666,2482500
2020-04-08,50.5913200378418,51.0501786741011,47.82982354218258,48.27199600479726,1727800
2020-04-09,52.001277923583984,53.46128488159649,50.81658490843557,50.94172963500454,2400700
2020-04-13,51.02515411376953,52.059674664831604,50.58298162421422,51.38389891258088,1612600
2020-04-14,51.951210021972656,52.18481007468206,51.242062003650226,52.06801004832736,1937700
2020-04-15,50.641380310058594,52.66035965244485,50.44114940196098,51.17532515490249,2063300
2020-04-16,51.6258430480957,51.92618782324802,50.19086387017344,50.908353459134574,2139700
2020-04-17,52.70207595825195,52.83556535826008,51.450641476237976,52.501848223364696,1783900
2020-04-20,49.38159942626953,52.276585306740664,49.24811321987514,52.09304057948754,2123500
2020-04-21,48.73085021972656,49.30650883670672,48.36376398053714,48.488905497674445,2009500
2020-04-22,50.04903793334961,50.507896608275054,49.05623120448935,49.490062208119994,2221400
2020-04-23,49.42332077026367,50.207551903537464,48.789258847563595,49.83212092069696,2049900
2020-04-24,49.55680847167969,49.69029469373383,48.67246026146938,49.69029469373383,1972600
2020-04-27,48.38880157470703,50.10743946601398,48.19691532968035,49.38160515094832,2427300
2020-04-28,49.398284912109375,49.72365733675537,48.70582622063032,49.02285396730162,2908500
2020-04-29,47.771427154541016,50.199210071155164,47.671313280960966,50.199210071155164,2640600
2020-04-30,47.62959671020508,47.846510620992575,46.69519318421185,47.52948284234642,2673800
2020-05-01,46.67850112915039,47.20410443868354,46.42821489975054,47.18741826571527,1956100
2020-05-04,47.33760070800781,47.37931455801948,46.24468001535077,46.49496629798351,1662200
2020-05-05,47.6879997253418,48.13851693283122,47.14571014048644,47.28754104620542,1522800
2020-05-06,45.602272033691406,47.9549685865142,45.57724436267066,47.713023824772236,1535800
2020-05-07,45.50214767456055,46.394837137493155,45.41871681945926,46.152892431542,1631300
2020-05-08,46.12787628173828,46.378162544400624,45.518845208987,45.97770388762838,1457900
2020-05-11,46.2863883972168,46.46993313465996,45.13506781404469,45.8191850576171,1947500
2020-05-12,46.344791412353516,46.653477704999816,45.8108465226207,46.236332862075734,4242800
2020-05-13,45.57724380493164,46.069474818544776,45.23518518073013,46.069474818544776,3484000
2020-05-14,45.7016487121582,45.77729990653776,44.163412035120736,45.20571381711669,2359200
2020-05-15,45.12165451049805,45.5167221815024,44.003698422979305,45.5167221815024,3950800
2020-05-18,47.14741897583008,47.44161624192738,46.23960477214177,46.382502877467395,1701400
2020-05-19,46.491783142089844,47.323943056223044,46.491783142089844,46.769168711297546,1551000
2020-05-20,46.601043701171875,47.21465736300919,46.36568591485327,46.75234605137936,1412000
2020-05-21,46.01266098022461,47.02974676672585,45.97903751459395,46.47497240986061,1313700
2020-05-22,46.727134704589844,46.76916242682122,45.95381114819199,46.01265380712751,1497300
2020-05-26,46.802791595458984,47.77784962009312,46.60946148440765,47.41640539310279,1289100
2020-05-27,47.04655838012695,47.52568154136217,46.41613283044797,47.50886980858951,1775000
2020-05-28,48.69406509399414,48.84536746808346,47.702195400079624,47.85349777416895,1380300
2020-05-29,49.24043655395508,49.55984983600939,48.23175509978528,48.33262228324927,2498000
2020-06-01,49.60188293457031,50.022166652121875,48.94624136127318,49.24044188746545,1504300
2020-06-02,50.01375961303711,50.0221638760572,49.190003957133,49.946512682835895,1649100
2020-06-03,50.551719665527344,50.82070095967402,50.02216133982796,50.19027545029712,1584100
2020-06-04,49.41694259643555,50.46765151433981,48.836949221586536,50.22388627582383,1539200
2020-06-05,49.96330642700195,50.66097864735971,49.383316292127006,49.68592095606488,1988700
2020-06-08,51.25779724121094,51.43431561729396,49.27405775805878,49.727964902138005,1536700
2020-06-09,50.67781066894531,50.963603720838,49.761592050216706,50.938384517737596,2325300
2020-06-10,50.34998321533203,51.02243642288119,49.94650808429272,50.60215276734924,2222600
2020-06-11,48.845359802246094,49.971719962300206,48.35782929413626,49.81201014443212,2379000
2020-06-12,49.00507354736328,49.694338485262826,48.28218514749062,49.62709476782644,2185400
2020-06-15,49.14797592163086,49.76158972658369,47.6937947334807,48.198133880795055,2157500
2020-06-16,49.70275115966797,50.71983694205603,49.47579757734408,50.265929777408246,1902200
2020-06-17,49.69434356689453,50.257525389749375,48.97145509310093,49.896081152852574,1459700
2020-06-18,49.618690490722656,49.83723980109586,48.92942550848722,49.35811665994464,1362200
2020-06-19,48.69406509399414,50.33317200895523,48.69406509399414,50.33317200895523,3748100
2020-06-22,49.40013885498047,49.90447793450217,48.23175086243112,48.63522276735041,1803400
2020-06-23,48.601600646972656,49.854047324979895,48.44189401557311,49.75317694108673,1470400
2020-06-24,48.24856185913086,48.425080213629016,47.45842658497977,48.17291067770171,2007900
2020-06-25,47.71900939941406,48.08885788337305,46.90365803434559,48.08885788337305,1446400
2020-06-26,47.50886154174805,48.38305225475065,47.063361923577894,47.676975633711564,2430800
2020-06-29,48.374656677246094,48.391468411225794,47.41641028597594,47.94596868355011,1766100
2020-06-30,49.10594177246094,49.374926267463856,48.40827255746648,48.55957493305755,3315200
2020-07-01,50.40041732788086,50.65258689053538,48.97985966660271,49.09753858207416,1959000
2020-07-02,50.68621063232422,51.17374123510909,50.54331572175553,50.63577864342231,1634500
2020-07-06,50.459251403808594,51.49314874497725,50.20708186804959,50.879535032243474,1662000
2020-07-07,50.00535202026367,50.50969113714937,49.66912380466661,49.95491682597115,2145500
2020-07-08,49.92969512939453,50.17345719102589,49.48419231363473,49.980127111417104,1820300
2020-07-09,49.58506393432617,49.87926119186831,48.46710794264681,49.67752363918969,2639100
2020-07-10,49.98855209350586,50.29115691770062,49.50942885736771,49.63551206310842,1921900
2020-07-13,49.91288757324219,50.753454880002366,49.71115000875543,50.005350490027375,1818200
2020-07-14,50.51809310913086,50.74504666339237,49.78680046085028,50.03056574578039,2132300
2020-07-15,50.21549606323242,51.325044734417105,50.12303313954869,50.85432585316813,1570500
2020-07-16,50.71143341064453,50.82070486531369,50.03897691708869,50.181875044247874,1580900
2020-07-17,51.91343307495117,52.0563311779351,50.812292005737525,51.03924555294048,2256300
2020-07-20,51.61083221435547,52.039520115790765,51.341850941590245,51.711699390015,1086900
2020-07-21,52.23285675048828,52.28329194789294,51.03925260383565,51.03925260383565,2258400
2020-07-22,53.863548278808594,54.11571459363624,51.795750508221865,51.997488049197194,2537800
2020-07-23,53.838340759277344,54.33427241224561,53.57776372920915,53.96442073001851,1640800
2020-07-24,53.401241302490234,54.426734468363414,53.09863655147783,54.056882792010526,1595900
2020-07-27,52.94733810424805,53.275158853476974,52.594298154417714,53.275158853476974,1123100
2020-07-28,53.401241302490234,53.72906204725038,52.69516461896458,52.74559981296995,1274800
2020-07-29,53.77109909057617,53.863562020173916,53.36762711220347,53.56095723476683,1108400
2020-07-30,53.737464904785156,53.787900094462515,53.21631410415761,53.29196528541883,887300
2020-07-31,53.947608947753906,53.99804093300546,53.132257650083126,53.59456901844428,1409700
2020-08-03,52.930519104003906,54.451943726778865,52.426176845863615,54.451943726778865,1339100
2020-08-04,53.03139114379883,53.325588416519665,52.5858915003902,52.7876258569674,1714200
2020-08-05,52.40937042236328,53.36761984788706,52.35893843600033,53.25834519991763,1458100
2020-08-06,52.246917724609375,52.83919112166948,52.06923667378045,52.323067207483255,1696200
2020-08-07,53.2030143737793,53.69375295960725,52.001545152035916,52.001545152035916,1935900
2020-08-10,53.33839797973633,53.626073474478225,52.93226843909436,53.414547470333616,1135100
2020-08-11,51.620792388916016,53.37223025728294,51.536183298376315,53.29608078474525,1450300
2020-08-12,51.95077896118164,52.449980374087765,51.71386768255543,51.84078455423484,2034600
2020-08-13,51.5785026550293,51.88310063264901,51.180835942142075,51.60388797158483,1430600
2020-08-14,51.510807037353516,51.86616913093131,50.99468313490267,51.451580021757216,1097700
2020-08-17,51.61234664916992,52.0523211390687,51.32467114529883,51.5615792446171,1766600
2020-08-18,51.54465103149414,51.93386130109123,51.24005632101833,51.612340896686824,1058400
2020-08-19,51.341583251953125,51.74771272352012,51.13851690235457,51.705408175412536,832000
2020-08-20,51.070831298828125,51.35850675043198,50.783155847224265,51.155440396746236,1128200
2020-08-21,51.09622573852539,51.324674231302865,50.656251222172216,51.113148207727164,1933600
2020-08-24,51.476966857910156,51.48542647764896,50.723934823564505,51.13006435126899,1362400
2020-08-25,50.94392395019531,51.61234692267777,50.92700148192136,51.61234692267777,997200
2020-08-26,50.25857162475586,50.68162356359175,49.86936138802793,50.68162356359175,1770600
2020-08-27,50.529335021972656,50.842392617498895,50.15704717338175,50.53779464233572,2350400
2020-08-28,50.80855178833008,51.05392275789606,50.233200728204146,50.63933031871108,3243000
2020-08-31,51.18083190917969,51.383895059837904,50.76623953283739,50.77469915260207,3389200
2020-09-01,50.9523811340332,51.1808295888899,50.309340321629804,51.121599342699994,2294000
2020-09-02,52.2553825378418,52.390759051114806,50.70701386900866,51.020071450771745,3097400
2020-09-03,52.38228988647461,53.143784652151446,51.8915513256396,52.45843936304229,2080800
2020-09-04,52.170772552490234,52.788428085667014,51.688493530316165,52.38229855265888,1770300
2020-09-08,51.18928909301758,52.31460889837462,51.18082947365546,52.15384708182051,2488500
2020-09-09,52.1961555480957,52.99149538825559,51.39235931556998,51.49389089368143,2653100
2020-09-10,51.443115234375,52.33998650870171,51.392351067282085,52.06923352543896,1867200
2020-09-11,51.53619384765625,51.857714267255055,51.13852393993222,51.59542086868359,1411000
2020-09-14,51.96769332885742,52.22152704843174,51.51925935216781,51.823857233553134,1589500
2020-09-15,51.70541000366211,52.63612300545841,51.39235246344048,52.213071054163684,1685500
2020-09-16,52.40768051147461,52.83073251077572,51.74772042540667,51.77310251252294,1512500
2020-09-17,51.900020599365234,52.16231400692331,51.49389105799287,52.12846907156794,1823400
2020-09-18,51.69695281982422,51.99309115474639,51.366972778090584,51.75617984128253,3521100
2020-09-21,50.75777816772461,51.62080136979217,50.004742929338235,50.65624336825627,1995000
2020-09-22,51.35004806518555,51.42619755053465,50.66470592467399,50.698547630005464,1775200
2020-09-23,50.402408599853516,51.629259889062496,50.25857248744284,51.392351832089524,1395700
2020-09-24,50.41086959838867,50.88468569496642,49.607070284741305,50.39394713384945,1695600
2020-09-25,51.900020599365234,51.9338655347206,50.114740604753116,50.26703958622159,1781200
2020-09-28,51.95077896118164,52.66150634180002,51.75617223057186,52.0353880572145,1047000
2020-09-29,51.70541000366211,52.424597029811046,51.62926052332385,52.14538442032425,1026400
2020-09-30,51.9592399597168,52.407673990335084,51.73925436761072,52.035389439220864,1534400
2020-10-01,52.18769073486328,52.41613918360396,51.77309838841604,52.026932149881475,1591600
2020-10-02,52.170772552490234,52.4669076616741,51.58696195397179,51.883097063155645,1356200
2020-10-05,52.10308837890625,52.390760654237134,51.4769699685906,52.213079580310136,1466400
2020-10-06,53.21147918701172,53.63453118020168,52.1030850305376,52.22153907220989,1259000
2020-10-07,53.31300735473633,53.62606813358512,52.873036150249504,53.34685228666004,1027900
2020-10-08,54.04065704345703,54.06604235611659,53.15224856350082,53.36377454575851,1138000
2020-10-09,54.438331604003906,54.85292723724828,53.68530274181923,53.68530274181923,1263700
2020-10-12,55.064449310302734,55.54672832719667,54.328336513880984,54.53986251173378,1446300
2020-10-13,54.7936897277832,54.92060660234434,54.235258061818364,54.70061778345573,1142500
2020-10-14,54.81907653808594,55.14059372013601,54.463714422884124,54.89522279623163,905100
2020-10-15,54.80215072631836,55.11521151585463,54.27757040174414,54.53986056403125,936200
2020-10-16,55.23366928100586,55.45365813323395,54.73447100874133,54.835999359568625,1085100
2020-10-19,54.78523254394531,55.47903754729526,54.67524135076265,55.32673857313254,1123300
2020-10-20,55.00522232055664,55.15752129730816,54.40448926094264,55.02214156007962,1599800
2020-10-21,55.14906311035156,55.71595128356397,54.95445633545537,55.005226968837086,1419000
2020-10-22,55.6313362121582,55.809017271816664,54.929068365464516,55.30981902638495,1616400
2020-10-23,55.7159423828125,56.12207510867701,55.43672653723444,55.98669538163528,1188800
2020-10-26,55.96978759765625,56.05439671674233,54.8444675935516,55.40289939899132,1533500
2020-10-27,55.572113037109375,56.31668226080098,55.402894812944474,56.13053834106271,2341800
2020-10-28,54.12527847290039,55.614423445834106,54.09989315597286,54.85292849062586,2067400
2020-10-29,53.727603912353516,55.267512931630996,53.59222740167958,54.235265020473115,1818000
2020-10-30,53.58376693725586,54.09142803737363,52.99149350203142,53.46530966810652,1917700
2020-11-02,54.44678497314453,54.514474834779016,53.795287806879024,54.09142288245425,1320300
2020-11-03,55.25059127807617,55.76671521110566,54.80215075598064,54.87830346926514,1282100
2020-11-04,54.62446975708008,56.113614538655746,54.4806336327078,55.26751057609745,1236900
2020-11-05,54.86970138549805,56.18098920621488,54.818607862503676,55.252867078219516,1197400
2020-11-06,54.648319244384766,55.44871739434126,54.597232212282485,54.95485442963123,1057400
2020-11-09,56.31723403930664,57.883970280841424,56.12139606931287,57.21980632747272,1651800
2020-11-10,57.14316177368164,57.56890429531758,56.19801285594462,56.35979709298718,1208100
2020-11-11,57.058013916015625,57.688111021861786,56.72593527264297,57.39860922869188,1123500
2020-11-12,55.2017822265625,56.777028408940154,54.81861002242785,56.73445155415321,1988900
2020-11-13,55.40614318847656,55.55089411723847,54.93782371740369,55.20178855397054,2058100
2020-11-16,56.24909973144531,56.29167658202281,55.26989713131612,56.07880532176597,2297600
2020-11-17,54.350303649902344,56.16396484645274,54.333273555567246,55.75525557504377,1770400
2020-11-18,52.366329193115234,55.133655532588804,52.31523892212668,54.605732476846526,2768300
2020-11-19,51.582969665527344,52.511085319761705,51.09762016318021,52.40890801576343,2311800
2020-11-20,52.15346908569336,52.3493102941137,51.35307415804174,51.608519071278785,2889900
2020-11-23,52.315242767333984,52.36633304207771,51.61702525329224,52.11940158638646,1906900
2020-11-24,53.05603790283203,53.24336241662308,52.38336389234072,52.55366156246177,2359000
2020-11-25,53.388118743896484,53.600990028163885,52.42593962952357,53.0900969970273,1830400
2020-11-27,52.77505111694336,53.36257472236663,52.52811963494994,53.294457596943936,751100
2020-11-30,52.40039825439453,52.77505056066578,51.906535295613274,52.5792093609223,3322000
2020-12-01,52.37484359741211,53.00494395880251,52.23009269913025,52.58771485829083,1679500
2020-12-02,52.61327362060547,52.67287732739584,51.880995796428515,52.23010461398283,1581300
2020-12-03,51.898014068603516,52.536627851445665,51.79583677283292,52.40039037436565,1346900
2020-12-04,50.89326095581055,52.15345841842793,50.82514059386265,51.863953376464636,1111600
2020-12-07,51.685150146484375,51.69366356894173,50.55267331832705,50.63782378369121,1809600
2020-12-08,51.2593994140625,51.67662525945588,50.867717080137965,51.29345959479271,1508100
2020-12-09,50.9188117980957,51.480791872441955,50.46752570377226,51.259407160554446,1185900
2020-12-10,50.612266540527344,51.284940460912736,50.46751565161673,51.16573308224342,1411400
2020-12-11,50.561187744140625,50.66336504988304,50.09287157398339,50.32276969986433,1565500
2020-12-14,50.424949645996094,51.50633613388994,50.407919553884625,50.978413022908164,1358000
2020-12-15,51.089111328125,51.32752614157895,50.45901085922184,50.64633864016893,1776900
2020-12-16,50.45049285888672,51.71069043419051,50.35682897691179,51.446728880275515,1347400
2020-12-17,50.67188262939453,51.06356828849974,50.518618282285146,50.62930901918869,1579100
2020-12-18,50.433467864990234,50.986934542703644,50.12693267414331,50.72297296210585,2939600
2020-12-21,49.386131286621094,50.06731865473607,48.83266472293903,49.973654782590714,2156200
2020-12-22,49.04553985595703,49.48831249227616,48.94336255470119,49.25841112833212,1500200
2020-12-23,49.054054260253906,49.633064354225134,48.98593389712426,49.2498954320151,1108400
2020-12-24,49.52237319946289,49.55643338296122,48.917819559078104,48.960393164372064,674200
2020-12-28,50.08435821533203,50.254655901601495,49.65010220109518,49.78633970047912,1289400
2020-12-29,50.373863220214844,50.72297201479085,50.09287479929181,50.13544840874583,1416300
2020-12-30,51.01247024536133,51.17425123879043,50.20355878190031,50.25464905526844,2538400
2020-12-31,51.94910430908203,52.01722467591887,50.79960072805233,51.03801551566551,1872300
2021-01-04,50.75702667236328,51.77029275888391,50.54415540012432,51.63405527457729,1821600
2021-01-05,49.854454040527344,50.96138406719304,49.718216548755535,50.842176667912454,2745100
2021-01-06,50.85920333862305,50.94435379535031,49.65009608651611,49.83742059500049,2296600
2021-01-07,49.34355545043945,51.080585596583056,49.335038781635085,50.98692172867961,2023900
2021-01-08,49.1136589050293,49.42019404873356,48.61979600724848,49.29246998947087,2471600
2021-01-11,48.64534378051758,49.40316498591682,48.517619718596386,49.05405623124443,1488600
2021-01-12,47.99821090698242,48.960389913905054,47.50435127167545,48.645341357856246,1613600
2021-01-13,49.19028091430664,49.394635462413106,48.03226098118006,48.0492910682151,1878600
2021-01-14,49.232872009277344,49.49683357991884,48.32178314204648,49.22435858681194,2136500
2021-01-15,49.9140510559082,50.11840889027826,49.02850910205815,49.224350267244105,2463500
2021-01-19,49.59900665283203,50.254650564030385,49.522372864557994,50.254650564030385,1694400
2021-01-20,49.9821662902832,50.22058103246373,49.18176837326473,49.33503592128285,1993800
2021-01-21,49.47979736328125,49.81187601702283,49.24138258585811,49.564944570030164,1649300
2021-01-22,49.73524475097656,49.87148223757044,48.80712585850643,49.36059247488287,1802200
2021-01-25,50.68040084838867,50.99544947132513,49.40317301425033,49.60752764874378,1581300
2021-01-26,50.05028533935547,50.59523519873178,49.53087898958824,50.59523519873178,1741500
2021-01-27,48.79009246826172,50.16949733279131,48.517617513494336,49.56494372991103,2590300
2021-01-28,48.74751663208008,49.701178930070725,48.389894488392656,48.84118050251941,3805500
2021-01-29,48.43247604370117,48.977426017770476,47.861979306488706,48.43247604370117,2474900
2021-02-01,48.68791961669922,49.46277094908018,48.125939565171905,48.628315917912836,1541800
2021-02-02,48.89227294921875,49.743758050374005,48.389899857768725,48.83266925199052,1398100
2021-02-03,48.704952239990234,49.09663463755754,48.440990668677586,48.73049575560954,1324400
2021-02-04,48.78646469116211,49.29269088361785,48.05715399461431,48.16011758406423,1584500
2021-02-05,49.29267883300781,50.1764281515809,49.018115874362806,50.021986078212,1904500
2021-02-08,48.42609786987305,49.46429277142826,48.09147439234219,49.24120827104144,2412500
2021-02-09,48.54621887207031,48.906581586380035,47.679626733860246,48.55479753396137,1659200
2021-02-10,48.84652328491211,49.2326285479952,48.45183935956021,48.837941349593976,1776600
2021-02-11,48.54621887207031,49.181144589582445,48.49473708157642,48.880842327657675,1303000
2021-02-12,48.374610900878906,48.657752535091824,48.00566629186751,48.29738986008469,1362200
2021-02-16,47.576663970947266,48.41751353399763,47.51660352166145,48.31455323137181,1817300
2021-02-17,47.9027099609375,48.06573071697757,47.25920232539379,47.73968593184834,1533600
2021-02-18,48.580543518066406,48.79504609857913,47.96277831186353,47.96277831186353,1558700
2021-02-19,48.031410217285156,48.640596668858336,47.9885103622397,48.56337562055687,1847000
2021-02-22,47.00179672241211,48.02283093373979,46.07514742784103,47.85980690440896,2299600
2021-02-23,47.78258514404297,48.18585097093922,47.11333825944837,47.39648318634549,2432700
2021-02-24,46.82162094116211,47.816912739789096,46.80446034271429,47.70537048640303,1772800
2021-02-25,47.242034912109375,47.33641326900933,46.667166471990164,46.72722691413042,2155200
2021-02-26,46.42692947387695,48.15152842534288,46.40119021690027,47.33641813290866,3426300
2021-03-01,47.0361213684082,47.84264982039933,46.83020074251867,46.83020074251867,1918100
2021-03-02,47.08759307861328,47.36215603637382,46.50414597510998,47.061850551102296,1668300
2021-03-03,46.229591369628906,47.01038053552189,45.63756222564409,46.80445664347299,2721300
2021-03-04,46.25532531738281,47.20771707178141,46.09230457330648,46.37544621018104,2018000
2021-03-05,47.50802993774414,47.76543237607732,46.38403852664434,46.401199125606496,2120100
2021-03-08,48.17727279663086,48.51189624231238,47.259202168153685,47.516604566904924,1628100
2021-03-09,48.503318786621094,48.70924268846739,47.81691123554907,48.082895593548585,1752300
2021-03-10,48.98379898071289,49.61872792389953,48.72639659354763,49.163980324423676,3051400
2021-03-11,48.70064926147461,49.40422051748774,48.67491000721083,48.67491000721083,2284300
2021-03-12,49.369903564453125,49.618727287174416,48.80361701073677,49.11250118059095,1457200
2021-03-15,50.19359588623047,50.39951977103353,49.44712794078643,49.56724884315109,2261200
2021-03-16,50.09063720703125,50.58828142913841,49.88471331554087,49.96193436571861,2876400
2021-03-17,49.653045654296875,50.245074742893316,49.63588505881086,50.21933221313983,1934000
2021-03-18,49.79032897949219,49.96193166762558,49.14682135377875,49.63588688747704,2170400
2021-03-19,50.06489181518555,50.64833898919049,49.55008702543955,49.841810612442025,6263000
2021-03-22,50.19359588623047,50.57111918981213,49.695948407235036,49.9962539361958,2437100
2021-03-23,51.93535232543945,52.07263381585651,50.116371759151235,50.356613549118855,2930500
2021-03-24,52.23565673828125,52.47589852320049,51.43770706917224,51.65220959800695,2139000
2021-03-25,52.42442321777344,53.37681508720538,51.89245779696478,52.51880486581433,2288500
2021-03-26,52.278564453125,52.42442462360929,51.643635432127425,52.330046246086745,1586400
2021-03-29,53.12799072265625,53.3510752105439,51.80665748452235,52.235662590253284,1107700
2021-03-30,52.35578536987305,53.04219290899779,51.91819831345961,52.57028793041511,1307600
2021-03-31,52.527381896972656,52.64750279306502,52.04689503955425,52.45016085333486,2130300
2021-04-01,52.35578536987305,52.596027190304376,51.83239859846252,52.43300642259016,1280600
2021-04-05,52.75047302246094,53.110839051616445,52.42442819094873,52.50164924912137,1249200
2021-04-06,52.94780731201172,52.964967908341876,52.132696988099255,52.54454475392484,1440400
2021-04-07,52.458744049072266,53.085091113586614,52.184181041971435,52.4501653870594,1574500
2021-04-08,51.99542236328125,52.65609068059877,51.883883381965596,52.55313036205759,2313000
2021-04-09,51.87529373168945,52.36435926334233,51.67795178672856,51.95251477737407,2968200
2021-04-12,52.1327018737793,52.73330970942513,51.98684170087712,52.321465178052115,2635200
2021-04-13,52.9049072265625,53.02502812729969,51.60931330326262,51.79807331597145,2368000
2021-04-14,53.351070404052734,53.393970256151064,52.578859974087145,52.78478384642761,2119900
2021-04-15,54.39784240722656,54.40642106820464,53.393968874252714,53.40255080827962,2103100
2021-04-16,54.98129653930664,55.007035798563955,54.26914648472799,54.560870090824785,2251100
2021-04-19,55.0156135559082,55.14430984242184,54.65524758842504,55.041352813210935,2607100
2021-04-20,56.002323150634766,56.44849212265603,54.94697426523138,55.17005875124202,1799800
2021-04-21,55.539005279541016,56.40559090194791,55.53042334430076,56.268312668596735,1513600
2021-04-22,55.35023880004883,55.7449226991378,55.109996995916255,55.40171731633489,1196800
2021-04-23,55.02419662475586,55.55616535229233,54.93839690640453,55.393141305155574,1422500
2021-04-26,54.869754791259766,55.178635724293905,54.60377044201032,55.178635724293905,1515400
2021-04-27,54.32920455932617,54.86116995666151,54.28630470475945,54.792530843964585,1411500
2021-04-28,54.097537994384766,54.655245887614576,53.951677843476325,54.50080380250629,1888600
2021-04-29,54.869754791259766,54.9298119723879,53.788660069967825,53.925941575666094,1825000
2021-04-30,55.24727249145508,55.29875100519744,54.277720115036914,54.97270950799932,2388500
2021-05-03,55.7963981628418,56.302627547652726,55.358811160055716,55.5132532465627,1644300
2021-05-04,55.942264556884766,56.00232501133335,55.170060584288294,55.882204102436184,3165700
2021-05-05,55.08425521850586,55.96801127131059,54.715313823638255,55.9508474005617,1737600
2021-05-06,55.65871810913086,55.69327343539033,54.96762806082776,55.34772676355014,2073800
2021-05-07,55.27862548828125,56.0820154922524,55.252707343046424,55.529143392781755,1688200
2021-05-10,56.07337951660156,56.367089925062444,55.46003066927666,55.46003066927666,2456400
2021-05-11,54.88124465942383,56.496671705243436,54.423398079309194,56.20295470111479,2003900
2021-05-12,53.956905364990234,55.08856756740359,53.92235003925763,54.933071896984124,1763400
2021-05-13,54.88124465942383,55.2786243562359,53.879163175810376,53.96555149919456,1658600
2021-05-14,54.85532760620117,55.572335832283876,54.8380499422185,55.08857112690118,1323900
2021-05-17,54.40611267089844,55.35636432060768,54.362920163042816,54.98490282137053,1451800
2021-05-18,54.682552337646484,54.88124052338992,54.20742812866197,54.20742812866197,1613800
2021-05-19,54.61344528198242,54.803492989402336,54.190150765400496,54.68255264048675,1609600
2021-05-20,55.06267166137695,55.53779601981423,54.68256953832443,54.68256953832443,1750600
2021-05-21,55.416847229003906,55.56370244854513,54.97627497962449,55.174963197733256,1665000
2021-05-24,55.08857345581055,55.77966356744684,55.04538094171657,55.65872320983269,1609200
2021-05-25,54.63935852050781,55.0280976987015,54.302452331199035,54.97626470981659,2179700
2021-05-26,54.38020324707031,54.76030196762431,53.326288814354875,54.57889143931746,1154000
2021-05-27,53.818695068359375,54.509785205141746,53.81005788337735,54.42340017381059,2982400
2021-05-28,54.19879150390625,54.37156154868162,53.92235218243543,54.15559569733503,1690400
2021-06-01,53.82733917236328,54.457959170591494,53.689121135702,54.40612617107679,1464900
2021-06-02,53.92235565185547,54.45795337032763,53.404038893425565,53.85324828857435,3364400
2021-06-03,54.13832473754883,54.406123612715085,53.35220907312028,53.43859740158251,2228400
2021-06-04,54.095123291015625,54.43202947795762,53.982823425619785,54.39747744765433,1459400
2021-06-07,54.25062942504883,54.35429212670759,54.06921887330152,54.11241139104452,1224000
2021-06-08,52.11687469482422,54.00873414362135,51.27028575725312,53.81868316228372,11047100
2021-06-09,51.77133560180664,52.44514802240312,51.7454207534383,51.952746131139925,4889100
2021-06-10,52.03913116455078,52.26373419210457,51.63311432374429,51.7022216801542,3111400
2021-06-11,52.41059875488281,52.46243175299072,51.76270110773434,52.03049998822506,2946100
2021-06-14,52.090965270996094,52.566089508463534,51.900917553235644,52.26373861972358,1857000
2021-06-15,52.26374435424805,52.43651772193271,51.970030617797484,52.07369332025713,3915800
2021-06-16,51.546722412109375,52.505611218793504,51.36531190689266,52.471059190688194,2349300
2021-06-17,51.40851593017578,51.78861798287849,51.157998017249994,51.520819108963195,1959000
2021-06-18,50.20773696899414,51.08887798125863,50.03496363995415,51.028407810401205,3118300
2021-06-21,50.561920166015625,50.700138168410106,50.069518326524225,50.4064245013997,2639700
2021-06-22,50.631038665771484,50.86428219886222,50.527375971745926,50.674231180334004,2473800
2021-06-23,50.57056427001953,51.0024959703879,50.12999209023247,50.72605994578233,4103100
2021-06-24,51.05432891845703,51.47762346175544,50.449627135712966,50.63967485512786,4313500
2021-06-25,51.94410705566406,51.995936750513756,50.881555471339865,50.95066282959857,3814500
2021-06-28,51.8404541015625,52.315581726255985,51.67632120099995,51.987312629752715,3442800
2021-06-29,50.83835983276367,51.91818908405752,50.70878229983482,51.684948865710126,2965800
2021-06-30,51.03705978393555,51.27894052184189,50.726068380697164,50.847008749650335,2467400
2021-07-01,51.892276763916016,52.09960544022824,50.8901953017249,51.140716491117054,3756000
2021-07-02,51.754058837890625,51.97002469905615,51.52945579224459,51.97002469905615,1957000
2021-07-06,51.66767501831055,51.78861537612749,50.64831586617123,51.71086753247694,3508700
2021-07-07,51.96139144897461,52.11688714441777,51.36532351798324,51.75406275659114,2707500
2021-07-08,52.06504440307617,52.13415175735147,51.58127974164046,51.76269025391242,2679800
2021-07-09,52.099605560302734,52.445148961116125,51.76269604859671,52.28101609288308,2045200
2021-07-12,52.142799377441406,52.20326955648039,51.63311980027165,51.80589315268773,2351800
2021-07-13,51.831809997558594,52.30693426346067,51.56401112623522,52.06505353799294,1625700
2021-07-14,52.246463775634766,52.462429649357816,51.693591666164195,51.95275005555631,2538200
2021-07-15,53.13624572753906,53.19671920803373,52.19463432237846,52.19463432237846,2800700
2021-07-16,53.56816864013672,53.879159995206116,53.07576675973597,53.29173261238112,2598100
2021-07-19,53.084415435791016,53.90508646163437,52.28965926174572,53.20535580468581,3688500
2021-07-20,53.507694244384766,54.12103972200364,53.257176379563845,53.41267204483318,2900600
2021-07-21,52.730224609375,53.75822090573892,52.72158412965521,53.56816989643329,1458000
2021-07-22,52.89436721801758,53.11897359681981,52.42788008854657,52.592016279681594,1670000
2021-07-23,53.62863540649414,53.645909772614175,52.954819789618526,52.97209745111554,1780200
2021-07-26,53.542259216308594,53.6977549095954,53.04122010101154,53.37812633800706,1924600
2021-07-27,54.61344528198242,54.76894095783885,53.213984199274535,53.58544572544519,1919700
2021-07-28,53.78413772583008,54.66527885303434,53.3176539605623,54.604808674288925,1846900
2021-07-29,53.86189270019531,54.267909635848966,53.499071579687985,54.00011074068068,1209800
2021-07-30,53.37812423706055,54.33701320946174,53.30037639347727,53.72366764547031,1685000
2021-08-02,54.12968444824219,54.26790247047766,53.40403900766155,53.57681235930029,1386500
2021-08-03,54.63072967529297,55.036743283043045,53.887806531432574,54.224712772165134,1617300
2021-08-04,54.64799118041992,54.67390932040545,53.89643102837942,54.4147509881891,1571500
2021-08-05,54.98289108276367,55.03508296727972,54.41749393238268,54.79152747592758,1315900
2021-08-06,55.03508377075195,55.426514614850134,54.634955938204804,55.052481065844624,1405300
2021-08-09,55.02637481689453,55.296027871163695,54.704533203743374,55.15685285048799,925400
2021-08-10,54.7480354309082,55.00899154888383,54.58276609862587,54.98289394616934,808300
2021-08-11,54.96549987792969,55.22645601122833,54.73934165635861,54.93940559187785,1456200
2021-08-12,54.80022048950195,55.20904859307126,54.73933162108029,54.948092507613296,748600
2021-08-13,55.200355529785156,55.34823088549305,54.77413339491073,54.895911147731994,782200
2021-08-16,55.55698776245117,56.009307467345096,55.22644911972438,55.36562415829215,1197600
2021-08-17,55.9049186706543,55.965807537163066,55.33952157904512,55.55698276463196,1429800
2021-08-18,55.51350021362305,56.01801183891482,55.14816695519375,55.8875337790787,1934100
2021-08-19,55.67876052856445,56.07888829005401,55.348218616893256,55.52218821873042,2211700
2021-08-20,56.37464141845703,56.39204203146898,55.287338697033974,55.73095810119235,2096900
2021-08-23,55.73095703125,56.270263205646806,55.6526708651727,56.270263205646806,2848700
2021-08-24,55.26994323730469,55.80054913316663,55.03508472676605,55.71356597438705,2445400
2021-08-25,55.35692596435547,55.50480131496125,54.92200353745991,55.21775092047668,1313800
2021-08-26,55.53089904785156,55.6178822113554,55.02638740858332,55.30474083182459,1050300
2021-08-27,55.80924987792969,56.218071391040944,55.565691058684855,55.643977229478764,1278300
2021-08-30,56.08760070800781,56.261567029221126,55.76575571373444,55.913627750404736,968200
2021-08-31,55.783145904541016,56.322452081915884,55.470004556697276,56.000607109490495,2048500
2021-09-01,56.583412170410156,56.62690043263152,55.835345041749015,55.835345041749015,1206700
2021-09-02,57.07052993774414,57.07052993774414,56.6356074456939,56.670402041424786,1377700
2021-09-03,56.505123138427734,57.00093445922265,56.496422831356995,56.95744619664861,1156700
2021-09-07,55.25254821777344,56.383345919459806,55.18295903332753,56.348551327236855,1316500
2021-09-08,56.296363830566406,56.55731332262954,55.13946850355546,55.24384896401972,1308200
2021-09-09,56.05280685424805,56.39204583055187,55.94842307831232,56.27026807682177,774600
2021-09-10,55.33082580566406,56.09628680662511,55.313428512252074,55.9745090709356,1442400
2021-09-13,54.80022048950195,55.80924360779122,54.67844275265862,55.74834810298062,1190100
2021-09-14,54.95680236816406,55.252549773999185,54.800230016945754,55.05248584037469,2110700
2021-09-15,54.626258850097656,55.22645395247615,54.37400303368336,54.67845073845077,3268500
2021-09-16,54.3479118347168,54.956803960632236,54.26962565683917,54.626261952016115,1241100
2021-09-17,53.6346321105957,54.46968235142636,53.50415405875574,54.21742987243429,3026000
2021-09-20,53.782508850097656,54.14784209559953,53.16491648268126,53.591141920628225,1667200
2021-09-21,53.6346321105957,54.173934976357835,53.512854365248906,54.017362641427745,1354100
2021-09-22,53.48676681518555,53.82600581083995,53.156224808924414,53.765116930501726,988600
2021-09-23,52.764793395996094,53.817304966423805,52.70390451626524,53.50416026026794,1458700
2021-09-24,52.85176467895508,53.26929307208494,52.756084545315254,52.83437070425281,968400
2021-09-27,51.720970153808594,53.35627927978045,51.64268399037924,52.930053874844056,1696100
2021-09-28,51.19906997680664,51.85145363437412,50.894622279024894,51.686180984145636,1441500
2021-09-29,52.06021499633789,52.434248562029985,51.12948123562357,51.21646771496761,1118300
2021-09-30,51.955833435058594,52.373358572451245,51.75576951411179,52.12980307185424,2140700
2021-10-01,51.955833435058594,52.52993091374784,51.9210388440605,52.408153163449334,1468400
2021-10-04,52.94745635986328,53.234506759979034,51.83405598699093,51.86015027129424,1573800
2021-10-05,52.51253128051758,53.095329040109014,52.33856165146665,53.060534450659894,2333200
2021-10-06,53.25190734863281,53.29539893122609,52.16460119282568,52.390759413227734,921300
2021-10-07,52.686500549316406,53.66942612626781,52.53862852246075,53.26929830492287,1102900
2021-10-08,52.321170806884766,52.63431217608749,52.190692747737465,52.57342330000405,793100
2021-10-11,51.62528610229492,52.50383118380091,51.503508364627436,52.28636998991055,1029100
2021-10-12,51.964534759521484,52.095009501027164,51.486117419415955,51.57310389861464,1695900
2021-10-13,52.73870086669922,52.825684035442265,51.78186941954979,51.86885590648803,1426400
2021-10-14,53.00834655761719,53.43457201497383,52.73869676457058,52.895269110685675,1269300
2021-10-15,52.4516487121582,53.2606047640067,52.268982072887916,53.21711318106546,1508700
2021-10-18,51.79926300048828,51.89494647015773,51.40783213283825,51.88624948118548,2546900
2021-10-19,52.399452209472656,52.4516407738256,51.860146044398626,52.18199100948316,867100
2021-10-20,52.87786102294922,53.19100565127056,52.46033595791885,52.643002551708214,873900
2021-10-21,52.886566162109375,53.1040273743863,52.71259652864888,53.051838807084486,949200
2021-10-22,53.11272430419922,53.251899338480015,52.903960093680745,53.05183543408853,655600
2021-10-25,52.40814971923828,53.13012250312469,52.32116656565432,53.11272520876898,968200
2021-10-26,52.71258544921875,52.93874692063992,52.30376071243967,52.41683812995618,853400
2021-10-27,52.49514389038086,52.956163992078594,51.90364903092345,52.93006638597041,1358300
2021-10-28,52.81698226928711,53.060537774297586,52.10370973187509,52.41685110194789,1377600
2021-10-29,52.49514389038086,53.13013365395348,52.295079940593105,52.677813860356906,1130700
2021-11-01,52.44295120239258,52.75609590557397,52.173298081720816,52.495139774126116,1102000
2021-11-02,52.57341384887695,52.738686469845106,52.09499991499952,52.651700006652845,977900
2021-11-03,52.321170806884766,52.96485415925106,51.886248367320285,52.52993171968658,1474400
2021-11-04,52.58839797973633,52.693538791781805,51.8786899781055,52.369352671594655,1640700
2021-11-05,53.026493072509766,53.43829935613791,52.597162761666965,52.72859129459361,1275400
2021-11-08,52.194114685058594,53.08781992501271,52.06268616592537,53.0177238235107,1361900
2021-11-09,52.6322135925293,52.842498587831514,52.27297937159492,52.334311798898355,949300
2021-11-10,53.350677490234375,53.403249570173735,52.7110655582873,52.789922007013175,1129100
2021-11-11,52.64097213745117,53.333152798337366,52.55335200531184,53.184203587249925,1084000
2021-11-12,52.57087707519531,52.877539187854076,52.52706867943925,52.71106594703451,1211500
2021-11-15,53.59600830078125,53.60477198547114,52.64973423862334,52.87753990506453,1071000
2021-11-16,53.03525924682617,53.709919328128514,53.008974874297124,53.63106286817456,1158500
2021-11-17,53.39448928833008,53.4996334549093,52.61468843588345,52.921353908189715,1057800
2021-11-18,52.96516036987305,53.41201136321386,52.82497149525962,53.39448733609138,841400
2021-11-19,53.35943603515625,53.43829247628667,52.94762980454562,53.175435444274605,1162600
2021-11-22,54.0078125,54.016576184352424,52.947633974262615,53.289344131949356,1105300
2021-11-23,53.71867370605469,54.183048699562015,53.53467310313268,54.121716279376756,772800
2021-11-24,53.482112884521484,53.75372697649342,53.35944802461587,53.69239454654061,644700
2021-11-26,52.684783935546875,53.49086914910069,52.62345151027067,53.1754433377565,789700
2021-11-29,53.56096649169922,53.66610731711092,52.483263839721225,52.86002208501027,1160000
2021-11-30,51.56326675415039,53.32439299058419,51.52822204330981,53.19296446224149,3459500
2021-12-01,51.6947021484375,52.76364451665747,51.677178119506564,51.8524150664492,1676300
2021-12-02,52.18535232543945,52.67601164751438,51.88745059030855,51.88745059030855,1365000
2021-12-03,53.23676300048828,53.315619434419936,52.01011144666509,52.50953441411033,1216700
2021-12-06,53.94649124145508,54.60362732447657,53.48211614567732,53.709921850483305,1373600
2021-12-07,54.34952163696289,54.39333337316967,53.53467281053661,53.762481806293536,1477900
2021-12-08,54.218101501464844,54.80514138676941,53.99029248450597,54.402098778139425,727100
2021-12-09,54.45466995239258,54.77009241755714,53.89391110435607,54.3670498156526,878100
2021-12-10,54.787620544433594,55.05047763195557,54.314485140100786,54.60362325706157,1185700
2021-12-13,55.847808837890625,56.1982794234164,54.91905526863151,54.945339643394995,1621000
2021-12-14,55.611228942871094,56.06684362620059,55.514848463771294,55.93541509245241,1413800
2021-12-15,56.84663772583008,56.943018199180756,55.79522288802763,55.79522288802763,1497900
2021-12-16,57.3110237121582,57.52130535856225,56.741504513611446,56.76778888382032,1227900
2021-12-17,56.233314514160156,57.3110204240235,56.15445472332497,56.49617157063393,3035500
2021-12-20,56.53121566772461,56.68017157210694,55.42722867823956,55.83027462451593,1343400
2021-12-21,55.83904266357422,57.056937670438685,55.61123696025033,56.820364938639095,1184200
2021-12-22,55.82151412963867,56.20703607051122,55.56742073085752,55.60246878773078,955800
2021-12-23,55.6550407409668,56.07560739534791,55.58494462738662,55.91789448215916,876300
2021-12-27,55.99674606323242,56.0405544592224,55.40970620376072,55.63751186832842,649200
2021-12-28,56.54874801635742,56.54874801635742,55.96170474387509,56.233322179485334,626400
2021-12-29,57.118263244628906,57.197116355937034,56.513695985667646,56.6538882076373,985300
2021-12-30,57.03939437866211,57.31977209328504,56.6363518316874,57.29348772702851,670000
2021-12-31,56.99559783935547,57.24092754068719,56.63636028759616,57.0569302646884,784500
2022-01-03,56.69769287109375,57.091978479105066,56.07560493105779,56.934265572847146,1222800
2022-01-04,56.6013069152832,57.48625184172579,56.53121081156387,56.53121081156387,1220400
2022-01-05,57.3022575378418,57.63520402057869,56.53997741123436,56.53997741123436,1706400
2022-01-06,56.65388107299805,57.50377124391015,56.42607208335275,57.2496778871389,1730500
2022-01-07,57.02188491821289,57.267214631198364,56.05808340994617,56.4085539510159,1401600
2022-01-10,56.75901794433594,57.302252703241706,56.58378437551842,56.99559061544497,1206700
2022-01-11,55.96169662475586,56.890449971647236,55.611226123141854,56.811590181503696,1506200
2022-01-12,56.180747985839844,56.22455304048618,55.462276236891164,55.62875282485276,1516500
2022-01-13,56.39979934692383,56.837890048651495,56.058085791988134,56.163226624540066,2117500
2022-01-14,55.8565673828125,56.443607349401596,55.59371361654325,56.347226855217244,2300600
2022-01-18,55.357139587402344,55.72513416088218,54.49848224024936,55.602469303055564,1764700
2022-01-19,55.584938049316406,56.119412496197505,55.1380870764076,55.42722515479183,1086400
2022-01-20,55.66379165649414,56.233310784593314,55.43598601067413,55.71636373277541,1208000
2022-01-21,55.847808837890625,56.618849473834665,55.72514062347117,56.14571067388943,1668000
2022-01-24,54.84894943237305,56.16322141566346,53.61353390177472,55.83027491973376,2453600
2022-01-25,54.822662353515625,55.29580104629068,54.13924202552921,54.31447894978289,2139700
2022-01-26,54.62990188598633,55.41846638092228,54.253143665335415,54.901519288101234,1735400
2022-01-27,55.36589431762695,55.795224618862086,54.80513882877268,55.076756230971746,1837700
2022-01-28,55.93541717529297,56.00550994483327,54.84895083730233,55.08552020143819,2181100
2022-01-31,56.40855026245117,56.45236200179086,55.3308509959169,55.54113263833504,1821500
2022-02-01,55.488563537597656,56.59254716665396,55.05923322837601,56.22455262363519,1542700
2022-02-02,56.04931640625,56.1982656164716,55.155611117821564,55.44474919628491,2289100
2022-02-03,56.6451301574707,57.17083767268659,56.04056283836888,56.531222294605875,3139400
2022-02-04,56.67140579223633,57.293493702539664,56.0580782241435,56.27712688780255,1930600
2022-02-07,56.88167953491211,57.056919778466046,56.233307345591975,56.715209659450586,1989300
2022-02-08,56.899208068847656,57.3460556584302,56.65387840757129,57.223390827792024,1987400
2022-02-09,56.7940673828125,57.275969735934225,56.496168971597115,57.24092168436789,1939900
2022-02-10,55.135074615478516,56.48521558538549,54.95858522577605,56.47638926446005,1551700
2022-02-11,55.68218994140625,55.99987017673683,55.090954343850605,55.25861741638388,2154400
2022-02-14,55.055660247802734,56.02635030834852,54.56149394507551,55.85868385598995,1284300
2022-02-15,54.57913589477539,55.48805510150907,54.43794505192189,55.17919781846657,1646900
2022-02-16,54.640907287597656,54.98506312675605,54.22616107560798,54.720327347979556,1671500
2022-02-17,55.06447982788086,55.31156294899312,54.137911391199765,54.658553229439924,1200800
2022-02-18,55.16155242919922,55.558652754660486,54.62326461719112,54.88799704541348,1492200
2022-02-22,55.32038879394531,55.71748909237755,54.852694757044695,55.576298249185555,2425600
2022-02-23,54.72032165527344,55.514522176469534,54.65855087765318,55.44392844472705,1949400
2022-02-24,54.68503189086914,54.84387201084667,53.97025135097029,54.47324394214736,2140300
2022-02-25,56.599937438964844,56.85584691561412,55.05566098962372,55.28509823291463,2660000
2022-02-28,56.48521423339844,56.679352894049906,55.85867674663827,56.08811395763637,2817500
2022-03-01,56.14988708496094,57.155868881854836,55.7174882407758,56.68817485210259,1742100
2022-03-02,56.89997100830078,57.06763072809563,55.94693022547465,56.29108271941004,1829600
2022-03-03,57.605926513671875,57.98537759277742,56.952920028412855,56.952920028412855,1969400
2022-03-04,59.123722076416016,59.123722076416016,57.323536297829854,57.48237641748482,1656700
2022-03-07,59.10607147216797,59.50316837351214,58.65602338013729,59.141363289279056,2196200
2022-03-08,58.170684814453125,59.679662674569684,58.144212581689644,59.37080873814423,2043700
2022-03-09,57.552974700927734,58.70014738191882,57.46473168431467,58.53248767010718,2225900
2022-03-10,58.285404205322266,58.41776536324791,57.19116926139271,57.42943281068002,2739600
2022-03-11,58.205989837646484,58.88547530580739,57.9853788967522,58.10892048505207,1525700
2022-03-14,58.39128875732422,58.91193395870013,57.91476842695832,58.49718440824222,2179800
2022-03-15,59.344329833984375,59.62671150590145,58.47953217670142,58.97370515193887,2657000
2022-03-16,58.656036376953125,59.39728588570857,57.67652328858955,59.194327596054244,2402600
2022-03-17,58.96487808227539,59.32668317146994,58.417760654411694,58.7001423227423,2583900
2022-03-18,58.41777038574219,59.123728040423345,58.22363842659047,58.964887904745645,5173900
2022-03-21,59.11490249633789,59.54730476346395,58.46189603329555,58.56779170264481,1771400
2022-03-22,59.1325569152832,59.494355347855446,58.938418215239416,59.29139705781799,2306600
2022-03-23,59.6884880065918,60.11206392131659,58.81487067732845,59.17666907328165,2072700
2022-03-24,60.050296783447266,60.544463103557256,59.670845721216764,59.68849163300162,2067100
2022-03-25,60.81801223754883,60.93273421613115,60.10323506488871,60.182651758512954,1706900
2022-03-28,60.9945068359375,60.9945068359375,60.120882784708755,60.88861117540686,1402800
2022-03-29,61.25041198730469,61.268057896562134,60.51798220168188,61.012148451012834,1736700
2022-03-30,61.762229919433594,61.76222991943359,61.04745270876098,61.40043151949825,1980200
2022-03-31,61.718109130859375,62.318171063642644,61.47102599368578,61.77105359382214,2226600
2022-04-01,62.74174880981445,62.838818160190264,61.347486079426886,61.52397886761539,1672100
2022-04-04,62.29169845581055,62.49466347206231,61.47103226610595,62.344649656686926,1601700
2022-04-05,62.750572204589844,63.438877215131996,62.194635095885296,62.44171825530954,1933900
2022-04-06,64.91254425048828,64.98314134905834,62.80350474140432,63.06824049478711,3617600
2022-04-07,63.85363006591797,64.54193511131574,63.359463722045014,64.3830949675692,3050700
2022-04-08,63.98598861694336,64.39191187326286,63.63300982329278,64.16247464751339,1834100
2022-04-11,63.74773025512695,64.57722947780037,63.562417888202035,64.12718131097638,1634300
2022-04-12,64.26837921142578,64.45369158895734,63.22709532874024,63.544775613797626,1473900
2022-04-13,63.44770812988281,64.4713393976655,63.39475692580823,64.2242562203563,1701400
2022-04-14,63.13884735107422,63.86245089197109,63.13002102926144,63.606541419487804,2472100
2022-04-18,63.041786193847656,63.69479271004879,62.82117524746103,63.35946649524535,1017800
2022-04-19,63.809486389160156,64.02127767344234,63.13883418646179,63.147653773924745,1707300
2022-04-20,64.45368957519531,64.63900194693706,63.924224694145856,64.37426614015672,1481500
2022-04-21,64.27718353271484,65.08903669751642,64.03892674177416,64.33013472265375,1311100
2022-04-22,63.32415771484375,64.23307359004774,63.2094357324323,64.21542094697949,1360300
2022-04-25,62.29169845581055,63.70361378231912,61.691643194309016,63.56241955666377,2958600
2022-04-26,62.10637664794922,63.05941732878982,61.97401549714653,61.97401549714653,1593000
2022-04-27,61.95635986328125,62.83880339940406,61.673978201022344,62.12402628954775,1391300
2022-04-28,62.53879165649414,62.73292362826516,61.55927854489481,62.09756977676513,2037000
2022-04-29,60.61506271362305,62.30052675774707,60.491521128504495,62.229929642676055,2110700
2022-05-02,59.82967758178711,61.38277343945728,59.317858688175,61.029801392493304,2015400
2022-05-03,59.55611801147461,61.038623561946316,59.46787499600223,59.98852023255715,2112100
2022-05-04,60.747413635253906,60.88860784156393,59.547296544170244,59.5914146842594,2247400
2022-05-05,59.947879791259766,60.87178894062706,59.51256875184148,60.59639333520801,1370900
2022-05-06,60.1877326965332,60.41871334710098,59.45037582058999,59.69912108529369,2060700
2022-05-09,61.45812225341797,61.91119790389048,59.69024813581062,59.92122203167435,2055600
2022-05-10,60.65858840942383,62.36427646974955,60.107797119123866,61.43148148885354,1880100
2022-05-11,60.925113677978516,61.93786652943304,60.54310993381213,60.596410575108855,1345400
2022-05-12,60.925113677978516,61.342653442276976,60.15222049016204,60.942878299143146,2882600
2022-05-13,61.697967529296875,61.89341214798365,60.80070891121555,61.38703598947665,2445800
2022-05-16,61.36927795410156,61.97337648668797,61.138297309283246,61.937840481500544,1953500
2022-05-17,61.57361602783203,61.74241039781609,60.6408210885028,61.546965712108566,1409500
2022-05-18,61.20936965942383,61.89341912412906,61.06722563788508,61.786817885774994,1575200
2022-05-19,61.484764099121094,61.67132304061268,60.54308369603028,61.0405742066745,1679700
2022-05-20,61.147186279296875,61.644676822960264,60.58750263987524,61.60025511964732,2142000
2022-05-23,61.8578987121582,62.11552973279196,61.058362111752004,61.973392453222615,1548700
2022-05-24,63.70572280883789,63.79455944466271,61.822354951467865,62.07998593982043,1634000
2022-05-25,62.666316986083984,63.77679182611708,62.417571706364654,63.750141514404376,2113400
2022-05-26,62.90617370605469,63.35036362185013,62.68407874815696,63.07496804295303,1535700
2022-05-27,63.49251174926758,63.599112998151774,62.5952461636218,62.72850450252772,1544700
2022-05-31,63.11050796508789,63.38590356107123,62.3020790148391,62.78180496699762,3033500
2022-06-01,62.923946380615234,63.474737549634305,62.57747878145796,63.37701522394376,1866200
2022-06-02,63.32372283935547,63.38590916581169,61.93785226244472,63.288186827408886,1573700
2022-06-03,63.19934844970703,63.492515456859145,63.01278947546507,63.14604782215249,1954600
2022-06-06,63.252655029296875,63.61689409266376,63.128282368098844,63.430335100866714,1833900
2022-06-07,63.80345153808594,63.93670989408317,62.82623489044216,63.057215588983915,1416200
2022-06-08,62.41758346557617,63.53693743519475,62.34651143575225,63.53693743519475,1760800
2022-06-09,60.294349670410156,62.62190080254011,60.25881365905993,62.470877837652516,2002600
2022-06-10,60.15221405029297,60.69412643813542,59.512579312000106,59.80574636335135,2140800
2022-06-13,57.478179931640625,59.885695555485555,57.22943463061782,59.64582917392705,1706700
2022-06-14,55.54151153564453,57.91348762151903,54.93741293491472,57.66474233494806,2117600
2022-06-15,55.6658821105957,56.37658532360598,54.87522457431552,55.816908449616776,2516200
2022-06-16,54.63536834716797,54.98183599446249,53.924665046448354,54.98183599446249,1663300
2022-06-17,54.33332061767578,54.990723308226244,53.640385302720475,54.75086030176462,2620700
2022-06-21,55.01736831665039,55.26611360799348,54.359965689514524,54.395501699392234,2348300
2022-06-22,55.72806930541992,56.13672323570828,54.78638541532474,54.78638541532474,1920500
2022-06-23,56.96292495727539,57.03399020230031,55.94128665700435,56.021240988233394,1717000
2022-06-24,57.913490295410156,58.180000209983625,56.998460044219286,57.220555028597694,2345900
2022-06-27,58.80187225341797,58.82852256801094,57.513717233080214,57.629210966718134,1092000
2022-06-28,59.13056564331055,59.636941929484536,58.81074832806372,58.970656985687135,1504700
2022-06-29,59.07726287841797,59.37930878866254,58.88181821752998,59.18387090557525,1733800
2022-06-30,59.96564865112305,60.427603258499104,58.6952650085872,58.82852336114997,2486400
2022-07-01,61.32486343383789,61.49365778379272,59.85015632378241,60.285460577149294,2260000
2022-07-05,58.730796813964844,61.333750240064035,57.9046032206214,61.04946893793515,1722300
2022-07-06,59.850162506103516,60.32988851516021,58.801873844342914,58.99731852704765,1874100
2022-07-07,58.97065353393555,60.19662209655529,58.935117525676944,59.92121972700129,2975600
2022-07-08,58.65084457397461,59.10392027142074,58.517592996315315,58.961782995983654,2408600
2022-07-11,58.864051818847656,59.40596407933081,58.27771785394438,58.45539789382438,1073500
2022-07-12,58.553131103515625,59.43262543652569,58.322150397643675,58.52647400922899,2025600
2022-07-13,58.579776763916016,58.96178041804078,58.064514760156804,58.064514760156804,1457300
2022-07-14,58.44651412963867,58.59753708517917,57.54924853753215,57.6736211806597,2325900
2022-07-15,58.81074905395508,58.99731480498593,57.96679082584858,58.99731480498593,1210700
2022-07-18,57.575904846191406,58.75745185675615,57.52260421581452,58.606428885487354,1518200
2022-07-19,57.70915985107422,58.188885830031985,57.64697352664272,57.91349021866404,1510900
2022-07-20,56.749717712402344,57.94903279569183,56.723064006839756,57.904611082721146,1657700
2022-07-21,56.78524398803711,56.936266950765685,56.536498689942746,56.69640734983213,2092000
2022-07-22,57.904598236083984,57.91348393226711,56.918496071566025,57.14059103154214,1673500
2022-07-25,58.51759719848633,58.535361817516076,57.58479542107736,57.69140346866187,959100
2022-07-26,59.2371826171875,59.281604331267246,58.446524906742084,58.61531928688277,1035800
2022-07-27,59.263824462890625,59.36154679765533,58.6597258378911,58.97065745859652,1265600
2022-07-28,60.880672454833984,61.12053881943205,59.388193976425974,59.388193976425974,1754700
2022-07-29,61.058349609375,61.44035321308808,60.6496889170119,60.80959755991041,1498000
2022-08-01,61.32486343383789,61.37816405896015,60.59639218669707,60.880673483683715,1890000
2022-08-02,61.20936965942383,62.20435069899507,61.1560622624468,61.76904649418265,2290800
2022-08-03,61.60026550292969,61.7068735421703,59.912348937329476,60.9961736139706,1354800
2022-08-04,61.35880661010742,62.12791622482406,61.3140882373421,61.573439788636385,1031100
2022-08-05,60.46449661254883,61.394582861125535,60.097825043033275,61.26043455952067,2037200
2022-08-08,61.00108337402344,61.36775494581184,60.66124692117519,60.66124692117519,2002500
2022-08-09,61.43033981323242,61.68074627047734,61.108386704470604,61.26936325885151,1774100
2022-08-10,61.492942810058594,61.76123252468244,60.93846648293295,61.68969269462138,2096900
2022-08-11,61.42140197753906,61.92221495074802,60.91164396607565,61.41245693928461,2056100
2022-08-12,62.30677032470703,62.30677032470703,61.76123897798673,61.86855896888854,1710900
2022-08-15,62.700260162353516,62.7539167377377,62.002697390103144,62.34253373930963,1001200
2022-08-16,62.83442687988281,63.263693255170274,62.592958573600846,62.61978686917306,1662500
2022-08-17,62.977516174316406,63.46939102504987,62.72710964051257,62.76288297720831,2007000
2022-08-18,63.06694030761719,63.20108860212915,62.79865054165896,62.99540046386774,1878500
2022-08-19,63.442543029785156,63.66612119741415,62.96855840610195,62.995386694527156,1612900
2022-08-22,62.67344665527344,63.42466618007209,62.530353323083816,63.21897804388153,1599900
2022-08-23,62.02060317993164,62.56613463813705,61.58239173456002,62.56613463813705,2023000
2022-08-24,62.01165008544922,62.181571711266024,61.45718048215752,62.13686016235912,1680800
2022-08-25,62.27994155883789,62.29783163538461,61.63603526445691,62.07425344000593,1795900
2022-08-26,61.492942810058594,62.50351369896409,61.31407617724497,62.45879533499459,1521900
2022-08-29,62.101070404052734,62.44090674273616,60.72382815297178,61.260414359390175,2393800
2022-08-30,60.9116325378418,62.16367155902179,60.670164311730986,61.9490316195758,1288200
2022-08-31,60.40188217163086,61.197819949801804,60.34822559159472,60.96529673120418,1580100
2022-09-01,60.9026985168457,61.197823369665905,60.11570573239016,60.40188554701627,2427000
2022-09-02,60.04416275024414,61.48400694974895,59.79375624999381,60.81327232847896,2647900
2022-09-06,60.249855041503906,61.24254278297881,60.160418304166264,60.160418304166264,1976400
2022-09-07,62.35149002075195,62.47669326793698,60.661239360688874,60.67912261468735,1533100
2022-09-08,62.1636848449707,62.64661457734285,61.805958359169274,62.1905131373694,1201500
2022-09-09,62.46774673461914,62.68237989279106,61.823840437038285,62.29783194497119,1214500
2022-09-12,62.807594299316406,63.01328243338117,62.28889121008827,62.601899342186094,1723200
2022-09-13,60.84904861450195,62.47669776821419,60.61652535738143,62.34254947283443,1268900
2022-09-14,61.43033981323242,61.62708969337178,60.69700369284478,60.69700369284478,1492000
2022-09-15,59.59699630737305,61.13521520499873,59.57911305596393,61.13521520499873,1822800
2022-09-16,59.77585983276367,60.088874747944054,59.44496848812622,59.534398396864326,2777900
2022-09-19,60.097816467285156,60.15147987410915,59.32870692577031,59.59700349069505,966600
2022-09-20,59.69537353515625,59.918951713190545,58.92626405687312,59.722201824830044,1890600
2022-09-21,58.93521499633789,60.62546564569693,58.93521499633789,60.03521592150668,1442600
2022-09-22,58.82789611816406,59.21245090310001,58.273426537371755,58.61326295214979,1417500
2022-09-23,58.36286163330078,58.64904148773502,57.59375199518391,58.416518223799095,1184300
2022-09-26,56.80675506591797,58.29131432381822,56.43114187888961,58.20188439961443,1833800
2022-09-27,55.223812103271484,57.23601578314777,55.0360072452508,57.23601578314777,2166100
2022-09-28,55.81406021118164,56.144954983057616,54.91080580853667,55.94820849218859,2537300
2022-09-29,53.417301177978516,55.6888564255409,53.309984601138574,55.53682148111288,1745700
2022-09-30,52.08477783203125,53.96283330627486,51.90591459364316,53.810798359608604,3710200
2022-10-03,53.52462387084961,54.07015526704795,52.344131156122934,53.09535410290653,2042300
2022-10-04,54.177467346191406,54.45470211179854,53.309982897990714,53.640877656069726,1728600
2022-10-05,52.34412384033203,53.56933475651696,52.13843231849492,53.56933475651696,2114300
2022-10-06,50.609169006347656,52.46933813267494,50.5376223341839,52.46933813267494,3128900
2022-10-07,49.446563720703125,50.68071313281434,49.2229854836714,50.61811149936811,2659600
2022-10-10,49.58069610595703,50.33191892929875,49.48232457217172,49.527039525989096,2111700
2022-10-11,49.56282043457031,50.054695270250356,49.08883567822379,49.31241390842997,1938600
2022-10-12,47.72052764892578,49.53598139267873,47.67581269489128,49.53598139267873,1974100
2022-10-13,48.757930755615234,49.11565380294551,46.870930337603,47.16605517789451,2200700
2022-10-14,48.355491638183594,49.52704260562786,48.15874173531429,49.24980441626952,2227200
2022-10-17,49.5091552734375,50.06362823314893,49.06199889042095,49.06199889042095,1854500
2022-10-18,50.58233642578125,50.77014130700457,50.09046162514948,50.25143821235027,1697400
2022-10-19,49.75062942504883,50.2872158203114,49.25875799413595,49.93843432223742,1516600
2022-10-20,48.26605987548828,49.688017274618446,48.06036835379428,49.688017274618446,2680500
2022-10-21,48.67744827270508,49.12460469379439,47.818908762981465,48.427041768585546,2418200
2022-10-24,48.84736251831055,49.57175708980839,48.28394792978914,49.053054045926174,4240500
2022-10-25,49.857940673828125,50.00103059131861,48.96362783662941,49.0083427961828,2161000
2022-10-26,49.992088317871094,50.45712798505496,49.77745173864319,50.15306489940885,3096400
2022-10-27,50.61810302734375,51.48558753352531,50.099403378242904,50.23354825109003,3205800
2022-10-28,51.79859924316406,51.94169257591706,50.39452832508705,50.66282491246611,2169900
2022-10-31,51.020545959472656,51.789655534449004,50.85062775095592,51.789655534449004,3529400
2022-11-01,51.25307083129883,51.48559067199404,50.63599277937532,51.20835245942458,2200900
2022-11-02,51.01160430908203,52.35307354532802,51.01160430908203,51.18152251752142,3050300
2022-11-03,51.300113677978516,51.68779494239905,49.974784544295815,50.560815322401886,2068600
2022-11-04,51.41731262207031,52.03940751947817,50.78620684103127,51.462394554374725,2782500
2022-11-07,51.047664642333984,51.56156704107165,50.08297042440409,51.40829947339523,1979800
2022-11-08,51.31814193725586,51.750905134618655,51.01160678463286,51.39027028323927,2132500
2022-11-09,50.68703842163086,51.318144281470474,50.623927835646896,51.209955196822115,1712100
2022-11-10,53.373748779296875,53.5270163374944,51.26404305838193,52.06645189663588,2276200
2022-11-11,52.67051315307617,53.36473294954435,52.06645378169588,53.17540121576263,1442000
2022-11-14,52.138587951660156,52.87788632370289,52.12957018850877,52.81477573871892,1438500
2022-11-15,52.688541412353516,53.04917620798206,51.96727526036474,52.59838443308053,1397700
2022-11-16,53.581111907958984,53.878632698015444,52.82378157063111,52.8598457389011,2178100
2022-11-17,52.7877197265625,53.22949720915003,52.300863751286904,53.049179799129234,3541300
2022-11-18,54.09501647949219,54.50974411374385,53.12130453201244,53.34670043401032,3608100
2022-11-21,54.194190979003906,54.66301486572935,53.49095686854999,54.32041213326297,3246900
2022-11-22,54.29336929321289,54.69006486684573,53.824545375682035,54.35647987448928,2039000
2022-11-23,54.84333419799805,54.89742701499581,54.203207202952576,54.26631778229572,1443300
2022-11-25,55.23101043701172,55.384281439136046,55.0236466194176,55.0957749590687,658900
2022-11-28,54.816280364990234,55.240025743431715,54.36548858001619,54.87939093974513,1788900
2022-11-29,54.27533721923828,54.56384371635663,53.77044912964679,54.54581163037815,1623400
2022-11-30,55.059715270996094,55.185936436391145,53.82454658771318,54.09502100488383,3204500
2022-12-01,55.366249084472656,56.33094326736059,55.27609209961656,55.52853440862843,2090800
2022-12-02,54.5638427734375,55.294126766236936,54.27533628130483,54.85234926557016,1757100
2022-12-05,54.03190612792969,54.36549110128577,53.842574394884494,54.12206311339829,1427600
2022-12-06,55.03266906738281,55.06873324027912,53.94175363178555,54.04092494834717,1898800
2022-12-07,55.11381530761719,55.573621504395355,54.717116258593066,54.99660845774469,2501900
2022-12-08,55.8981819152832,56.19570614729403,54.69907410399361,55.00561265851913,2217100
2022-12-09,56.09653854370117,56.41209146090744,55.59165043690229,55.62771461008839,2243300
2022-12-12,57.6111946105957,57.63824101859075,56.19570860437921,56.88992496422138,2248700
2022-12-13,57.845611572265625,58.94553787175814,57.178434703879766,58.341478463671976,2482300
2022-12-14,57.4849739074707,58.57589277381038,57.079264002999025,58.00789065330492,1998600
2022-12-15,56.944026947021484,57.34072254101293,56.49323509233029,57.24155122196675,3223900
2022-12-16,55.817039489746094,56.62846609020851,55.20396237812302,56.33094185694949,2894600
2022-12-19,55.519527435302734,56.42111116028575,55.22200315520924,55.79901618891533,1562000
2022-12-20,55.69983673095703,55.97031457705402,55.07774525132505,55.45640873303095,1260600
2022-12-21,56.493228912353516,56.50224323518291,55.789994796530344,55.8350732892144,1131200
2022-12-22,56.412086486816406,56.56535748970837,55.26707488363452,56.27684756892753,1288700
2022-12-23,57.35874557495117,57.367763336612306,56.19570538725551,56.19570538725551,1269200
2022-12-27,57.980838775634766,58.09804904521266,57.331700926135305,57.44890775644473,1240700
2022-12-28,57.36777114868164,58.27836916216028,57.25056430600478,58.09805517560368,938400
2022-12-29,57.86363220214844,58.21524923446964,57.32268345077248,57.45791891898233,796900
2022-12-30,57.0972900390625,57.91772752385722,56.646498246955964,57.79150637235034,913600
2023-01-03,57.457923889160156,57.611194893511374,56.294880189902095,57.25056006855321,1574400
2023-01-04,58.269344329833984,58.73817164366168,57.75544196410464,57.79150613274807,1679400
2023-01-05,57.05221176147461,58.08001656300462,56.88091210764249,57.809545597544634,1624400
2023-01-06,58.098052978515625,58.36852394812215,57.48497237818641,57.6382433880859,1483500
2023-01-09,58.59392166137695,59.252080776851464,57.899705251677574,57.99888000714,1903300
2023-01-10,58.50376510620117,58.85538219509259,58.03494461385851,58.48573645895394,1133600
2023-01-11,58.954551696777344,59.02668003641298,58.44966707640204,58.56687046940714,1498800
2023-01-12,58.00788879394531,59.107821948547425,57.971831501024226,59.107821948547425,1459800
2023-01-13,57.62923049926758,57.971836719695915,57.2415526586305,57.66529467397256,1248500
2023-01-17,57.2325325012207,57.80053119162269,56.826819150933574,57.46694618772832,2027800
2023-01-18,55.27609634399414,57.40383092768531,55.14085741705716,57.36777019453506,1941400
2023-01-19,55.08675765991211,55.28510715635098,54.491712609864045,55.176918085233666,2186600
2023-01-20,55.90719985961914,55.94326403055105,54.410571158631434,55.11380873472905,1628800
2023-01-23,55.636722564697266,56.33996010424725,55.42935875151857,55.71786522544271,1374300
2023-01-24,55.70884704589844,56.27684219252382,54.951516744463035,55.88014667815984,1103300
2023-01-25,56.033424377441406,56.18669194477902,55.050698076203886,55.33018680235334,2186200
2023-01-26,56.29487991333008,56.30389767550744,55.708852624737894,55.83507378107256,1359000
2023-01-27,56.339962005615234,56.85386439459012,55.97031285847069,56.27684798800017,1517400
2023-01-30,56.50224304199219,56.98008469276125,56.12357957761859,56.15964374734994,2407000
2023-01-31,56.9710693359375,56.98910142156447,55.92523244445419,56.73665910132429,2400900
2023-02-01,57.44891357421875,57.638245322859945,56.538312125340745,56.56536197462436,2488600
2023-02-02,57.44891357421875,58.30541532452953,56.213741448087944,57.19646780342834,4634000
2023-02-03,56.574378967285156,57.27761317499769,55.46543139386579,57.19647050185632,2215500
2023-02-06,57.20549011230469,57.22352220017047,56.21374591530121,56.43012753042151,3976600
2023-02-07,56.31291198730469,56.826814374719326,55.64574203559064,56.826814374719326,2478300
2023-02-08,54.897422790527344,55.90719542158225,54.635962730929265,55.90719542158225,2152700
2023-02-09,54.54581069946289,55.43838002418686,54.45565371037786,54.85234927732814,2256600
2023-02-10,55.81647491455078,55.8982774104262,54.52581716544505,54.81666971361636,1484400
2023-02-13,56.007347106933594,56.252754598318276,55.73467327225147,55.843742112677134,1170900
2023-02-14,55.58924865722656,56.052793843315655,55.33475353288244,55.83465615594527,1795700
2023-02-15,55.607425689697266,55.67104946885422,54.780313093420865,55.18023448629832,1547200
2023-02-16,55.41654968261719,55.73466855159608,54.48945594943289,54.96209217422698,943400
2023-02-17,56.325462341308594,56.62540248132648,55.198406242101875,55.571061244691066,1699500
2023-02-21,55.58924865722656,56.15277506137542,55.49835853202824,55.86192250005756,1243200
2023-02-22,55.271121978759766,56.016431995724865,55.16204968317789,55.79829087179666,1292400
2023-02-23,54.7530403137207,55.56197409696836,54.716682882123266,55.51652904108933,1946600
2023-02-24,54.91664505004883,55.16205252690604,54.04408744382477,54.344031071284384,1319200
2023-02-27,54.26223373413086,55.64378514218979,54.19860995266807,55.1257037975722,1357200
2023-02-28,53.598716735839844,54.67123667472559,53.39875433350118,54.06226184361941,2734000
2023-03-01,52.517112731933594,53.2260688590609,51.808160072042185,53.2260688590609,2680300
2023-03-02,53.526004791259766,53.635073622463366,52.42621845293136,52.54437837595605,1666900
2023-03-03,54.389469146728516,54.41673548491111,53.080632905434946,53.75322800699758,1542900
2023-03-06,54.42583084106445,54.889375962672226,54.15315703616368,54.42583084106445,1304900
2023-03-07,53.5623664855957,54.77122175130651,53.28060155973004,54.19860774150261,1206000
2023-03-08,54.31675720214844,54.41673840382797,53.62598334899917,53.816854660986216,1437300
2023-03-09,53.7441520690918,54.98027718826088,53.589634695577644,54.51672853495446,2091800
2023-03-10,52.7897834777832,53.96228116188927,52.35350123807458,53.89865739093916,1796900
2023-03-13,54.116798400878906,55.58015206423038,52.7534259394561,52.86249476554399,2540400
2023-03-14,54.64396667480469,55.13478158759057,54.14406413796074,54.453095364466435,1921600
2023-03-15,56.043701171875,56.325466082199135,54.271316152193656,54.62579246268278,2281000
2023-03-16,56.2800178527832,57.170757646953156,55.79829398904218,55.92554154042768,2376000
2023-03-17,55.752845764160156,56.343641896025936,55.38927838036036,56.11641314795995,3536500
2023-03-20,56.25274658203125,56.49815403844419,55.743756421087745,55.861912870029386,1616300
2023-03-21,54.48945999145508,56.252754006605215,53.607811250262074,56.125506449574445,2262100
2023-03-22,53.36240005493164,54.480365114780476,53.35331243030461,54.22587001839605,1787400
2023-03-23,52.68071365356445,53.77141236948986,52.58073244674624,53.2169736533057,1583000
2023-03-24,54.92573547363281,54.95300181498431,52.80796179202936,52.88976428331953,1566900
2023-03-27,54.571258544921875,55.59833001945571,54.371296131328975,55.1075185445464,1384700
2023-03-28,54.92573547363281,55.471083104076826,54.3803878431888,54.3803878431888,886900
2023-03-29,55.598331451416016,55.60742254348745,55.098428871794184,55.27112494879433,1583600
2023-03-30,55.616512298583984,55.96190099857786,55.10752207463076,55.734672229388494,2259400
2023-03-31,55.789207458496094,55.94372135471336,55.316571210339355,55.780116366226956,1500600
2023-04-03,55.48017501831055,56.10732514933996,55.04389621404194,55.407460150647914,2823900
2023-04-04,55.289302825927734,55.79829302265436,55.17114290144376,55.57106426561978,2234700
2023-04-05,56.4618034362793,56.81627976044576,55.107521917426105,55.571067079666285,4029200
2023-04-06,56.63450241088867,57.188937721957785,56.06188491410382,56.77992869149035,1855800
2023-04-10,56.30729293823242,56.33455928258845,55.51653774678309,56.33455928258845,1452100
2023-04-11,56.107322692871094,56.50724404579918,56.03461129562761,56.32546381907269,2224200
2023-04-12,55.8437385559082,56.389089657774164,55.76193606399009,56.1345910900091,1725700
2023-04-13,56.107322692871094,56.21639152235411,54.734862564566875,55.49835130541909,2098800
2023-04-14,55.25294876098633,55.89827763816841,55.016628897611895,55.552888935594325,1488000
2023-04-17,55.752845764160156,55.807381911900784,55.06207189562319,55.53470464043317,2526000
2023-04-18,55.00754165649414,55.7710304706951,54.862115380800425,55.68013688136409,2657700
2023-04-19,55.998252868652344,56.15276675207224,55.207497801285,55.207497801285,1640200
2023-04-20,55.771034240722656,56.21640072322496,55.49836038876914,56.19822547136605,1330100
2023-04-21,56.01643371582031,56.36181892739536,55.56197620531411,56.216392662722804,1210900
2023-04-24,56.58905792236328,56.68903914752382,55.78921505555153,56.070976544018926,1282400
2023-04-25,56.925350189208984,57.28891412654842,56.59814021853848,56.65267636939548,1939900
2023-04-26,56.09823989868164,56.8799074229579,55.852832410787755,56.38909244717013,2257800
2023-04-27,56.807186126708984,57.27073123991932,56.15276623301394,56.47088855566481,2904300
2023-04-28,56.58905792236328,57.152587833770625,56.24367264829123,56.925359037400774,2377900
2023-05-01,56.02552032470703,57.125306648056416,55.88009406267105,56.37999662171753,5846900
2023-05-02,55.88918685913086,56.08914580850736,55.24385455112852,56.03461312560272,6304300
2023-05-03,55.616512298583984,56.63449968096216,55.48926474259568,56.15277233256032,3791700
2023-05-04,56.15524673461914,56.3476525141338,55.24818542459221,55.77959585766263,2003900
2023-05-05,56.78744125366211,56.833251656344814,55.5597035881733,56.04530014780741,1611500
2023-05-08,56.063629150390625,56.75995990501384,55.90787307073882,56.48509397349834,2092100
2023-05-09,56.063629150390625,56.19190318053381,55.64216782239286,55.88038752612025,2509900
2023-05-10,56.6775016784668,56.90655721160311,55.972010216993745,56.43012128326637,1629000
2023-05-11,56.39346694946289,56.94320228112,55.93535592063686,56.75995717056763,2419200
2023-05-12,56.549224853515625,57.1539312539762,56.14608492313546,56.82409076370504,1323800
2023-05-15,55.65133285522461,56.824096045091046,55.42227732625945,56.79661050005043,2109800
2023-05-16,54.38693618774414,55.86205410481084,54.350286470462,55.77959398848073,1981500
2023-05-17,53.90134811401367,54.432755117448714,53.52569369566361,54.28615972045526,2742000
2023-05-18,53.818878173828125,54.00211976533338,53.36992788637787,53.56233365452399,1720400
2023-05-19,53.71810531616211,54.34113665409467,53.663130729246845,54.185377072056475,1901300
2023-05-22,53.965476989746094,54.36861340995061,53.69977177194538,53.855527833691596,1836900
2023-05-23,53.71810531616211,54.53354246563293,53.62648100463667,53.84637585718762,1630600
2023-05-24,53.19585037231445,53.87385269242851,53.15003647640415,53.58066193317223,2121600
2023-05-25,52.371253967285156,53.18669105949007,52.29795801832229,53.15004133745371,2637100
2023-05-26,52.316280364990234,52.325444543226055,51.51000743573435,52.215498870165696,1771900
2023-05-30,52.13304138183594,52.79271894871695,52.06890611137681,52.37125760138267,1705900
2023-05-31,53.12255859375,53.32412858046558,52.25214687260821,52.2979607751236,5660200
2023-06-01,52.6277961730957,53.28747720362283,52.206334845863346,53.20501707480694,2891000
2023-06-02,53.47071838378906,53.81888373482103,52.0688997922928,52.13303505496846,2806800
2023-06-05,54.047943115234375,54.31364486745128,53.45239735331007,53.507371937446294,2200000
2023-06-06,54.322811126708984,55.12908408760091,54.10291627685024,54.9916528646605,3210800
2023-06-07,55.34897994995117,55.52306090023749,54.038781995646936,54.35029766649781,2005800
2023-06-08,55.871219635009766,56.072789602444104,54.90918719108084,54.90918719108084,2655000
2023-06-09,55.60552215576172,56.0269870096141,55.37646661360485,55.972012421256785,1538100
2023-06-12,55.055782318115234,55.87121937145712,54.95499733487348,55.807084108505045,2401100
2023-06-13,54.94583511352539,55.03745591657391,54.460235071061334,54.579344911112095,1881400
2023-06-14,55.35813903808594,55.97200967844194,55.074112416600194,55.08327309998908,1980300
2023-06-15,55.907875061035156,56.091120186938916,55.42227844823374,55.66049466533158,1835500
2023-06-16,55.65133285522461,56.43012025566217,55.55054786326234,56.09111905142452,2646100
2023-06-20,55.092430114746094,55.816242842090475,55.02829485403342,55.495566538527115,1736800
2023-06-21,55.29399490356445,55.43142959813253,54.20369200937778,54.79923769236019,1641900
2023-06-22,54.615997314453125,55.66965058173084,54.46023774748438,55.532219370404064,1303600
2023-06-23,53.681453704833984,54.982487426777396,53.58983289163881,54.863381068645666,2412800
2023-06-26,54.597679138183594,54.670975094176036,53.617321697902064,53.956322921476286,1397800
2023-06-27,54.64347839355469,55.101589384104415,54.551857593488535,54.66180325258981,1487200
2023-06-28,53.562339782714844,54.689292475934174,53.43406925594171,54.64348207281659,1243800
2023-06-29,53.51653289794922,53.89218382038552,52.8843409051008,53.01261144030686,1500100
2023-06-30,53.828041076660156,54.10290697037014,53.470715065326225,53.626471123555085,2864100
2023-07-03,54.790077209472656,54.826726929843126,53.52568981756898,53.52568981756898,1118000
2023-07-05,55.17490005493164,55.68798223195082,54.37778425258794,54.63432883620772,2319900
2023-07-06,55.00081253051758,55.16573279108276,54.24034999134258,54.817570903320714,2004300
2023-07-07,54.33197021484375,54.87254139746739,54.27699912532573,54.561025741462075,1493500
2023-07-10,53.91967010498047,54.29532103257182,53.241667696698514,54.112079405539944,1798400
2023-07-11,54.70762252807617,54.70762252807617,53.718104445411896,54.02045593076957,1423400
2023-07-12,55.72462844848633,55.88038802463763,54.81757051688218,54.9366768746985,1679300
2023-07-13,55.73378372192383,55.770429944183675,55.37645422023764,55.55969931197453,1455700
2023-07-14,55.84373474121094,55.94451972609939,55.23902832698998,55.513894243434095,1508700
2023-07-17,54.97332000732422,55.8437316064621,54.94583446575562,55.69713622624695,1299100
2023-07-18,54.37777328491211,55.4039444221982,53.93798715255071,54.97331897181726,2083900
2023-07-19,55.44059371948242,55.623838825238224,54.55186072349777,54.58851044367086,1758100
2023-07-20,56.549224853515625,56.622520798514955,55.174891807458906,55.614677962783894,1385700
2023-07-21,57.62120056152344,57.740310399204766,56.622518449678864,56.69581788674723,1660100
2023-07-24,57.41963195800781,58.09763778643189,57.392146416014135,57.76779730206935,1584700
2023-07-25,57.7769660949707,57.95104703335307,57.27304115076667,57.39215100077035,1464200
2023-07-26,58.1068000793457,58.41831571264393,57.64868905950182,57.64868905950182,2134400
2023-07-27,56.43928527832031,58.07932383063204,56.35682514174848,57.97853883092089,3441800
2023-07-28,55.907875061035156,57.01650300484332,55.61468425763316,57.01650300484332,2344200
2023-07-31,55.95367431640625,56.47592054931967,55.65132288977135,56.26518991982034,1603700
2023-08-01,55.36730194091797,56.191903231319685,55.2848418118778,55.95368352737699,1933000
2023-08-02,55.22986602783203,55.578031397895806,55.028299546308695,55.26651574996714,1950700
2023-08-03,53.897891998291016,55.20030881886951,53.67620597807616,55.089465808762085,1783200
2023-08-04,53.325199127197266,54.63685492382265,53.07579971114238,54.21195025741299,1317700
2023-08-07,53.149696350097656,53.7039149146207,53.131221928128795,53.519174218567784,1496400
2023-08-08,53.472991943359375,53.5653640566895,52.77098150022957,53.31596463615191,1346300
2023-08-09,53.20511245727539,53.86094205963727,53.02961074601543,53.260535719395335,1405300
2023-08-10,53.02961349487305,53.76857274326654,52.79868850952285,53.30672277256615,1101600
2023-08-11,53.352909088134766,53.445281199959126,52.88182365055576,53.18664633412247,1127800
2023-08-14,52.64166259765625,53.33443757195774,52.36454978902706,53.33443757195774,1227100
2023-08-15,51.64405822753906,52.38301739930615,51.62558380779048,52.21675114520414,1595300
2023-08-16,52.262943267822266,52.42920601200483,51.7271956218226,51.8288031770043,1870800
2023-08-17,52.10591506958008,52.80792549507114,52.10591506958008,52.198283656953514,1337600
2023-08-18,52.58624267578125,52.7525089620793,52.0504949702351,52.0504949702351,1296300
2023-08-21,52.05972671508789,52.58623537404596,51.699484319341366,52.38302026931286,893300
2023-08-22,52.318363189697266,52.493868430579,51.82880335699681,52.004305074242964,1235900
2023-08-23,52.5400505065918,52.650893506302936,52.096674984111814,52.650893506302936,1345400
2023-08-24,52.410736083984375,53.31596160127698,52.29988955429788,52.41997153297377,1023600
2023-08-25,52.75250244140625,53.24206226630552,52.42920535861754,52.678604757236656,1462500
2023-08-28,52.47539138793945,53.177401745492126,52.29988615582474,52.817159356508824,1345900
2023-08-29,52.5677604675293,52.87258312181222,52.29065120594919,52.54928604693924,1514700
2023-08-30,52.40149688720703,52.78945269217899,52.08743876837663,52.48463002229848,1074300
2023-08-31,51.9026985168457,52.752504296502785,51.72719679622449,52.58623802490978,1988600
2023-09-01,51.16373825073242,52.23523002213284,50.64646854817499,52.23523002213284,2417800
2023-09-05,50.65571212768555,51.24687961043027,50.16615221671935,50.9697702933482,2474100
2023-09-06,50.738834381103516,50.87739077171336,50.35087860157719,50.701885540456175,1869800
2023-09-07,51.487030029296875,51.86574681831824,51.09907426874792,51.19144284221256,2344400
2023-09-08,51.69948959350586,51.97659888591614,51.35771806001855,51.634830876064655,1950200
2023-09-11,51.85650634765625,52.14285455493485,51.43160528418615,51.477789569583315,1570500
2023-09-12,51.75490188598633,51.97659140217655,51.57016473340235,51.91193269404509,1520000
2023-09-13,52.44768524169922,52.66937479365983,51.681016068592065,51.681016068592065,1352900
2023-09-14,52.88182067871094,53.0480869470152,52.586236984755715,52.82639741473099,2014400
2023-09-15,52.844871520996094,53.21435289805506,52.56776225001964,52.82639709977959,3474100
2023-09-18,52.660133361816406,53.066563600829866,52.466157215179464,52.863348481323136,2551100
2023-09-19,52.47539138793945,52.92800235535705,52.41073267830837,52.65089309641877,3248600
2023-09-20,52.50310516357422,53.232828967865295,52.216756911303676,52.71555572869016,4068000
2023-09-21,52.198280334472656,52.669369261544766,51.88422222430309,52.4753931262259,2670000
2023-09-22,52.068965911865234,52.32760429749891,51.754907783595264,51.948887453729455,2580800
2023-09-25,51.67176818847656,51.87498328244202,51.09907526977927,51.75490131567741,1695100
2023-09-26,49.87978744506836,51.64405386005038,49.79665432504785,51.246862678134036,2182800
2023-09-27,49.27939224243164,50.13843350082211,49.177788205065305,49.76895562511127,2241500
2023-09-28,48.678993225097656,49.60269327292252,48.568150205976764,49.565744425336874,2471800
2023-09-29,49.057708740234375,49.56574304769037,48.780599438316194,49.159316306452766,2807300
2023-10-02,46.71150588989258,48.82677960749284,46.30507918300919,48.82677960749284,4085700
2023-10-03,47.91231155395508,48.078577813430314,46.06491180301723,46.30507574387497,4346800
2023-10-04,48.29103088378906,48.42034830932622,47.22877808570845,48.11552916679372,2805400
2023-10-05,47.85689163208008,48.81753682090187,47.746045110433606,48.62356069347361,4882700
2023-10-06,48.993045806884766,49.09465336436431,46.83158780000351,47.17335579218735,4374800
2023-10-09,49.27939224243164,49.371764354086174,48.5589073897051,48.97457308306109,2430400
2023-10-10,49.45489501953125,49.750478714772164,49.10388806006931,49.37176188501751,3019900
2023-10-11,50.04606628417969,50.147673847966075,49.15931512981174,49.6673494251078,2110200
2023-10-12,49.3809928894043,50.24003402751699,49.17778131948831,49.89826607133692,2619700
2023-10-13,49.89827346801758,49.94445776240666,49.32558046559428,49.658109499377105,1916800
2023-10-16,50.14767074584961,50.41554457496389,49.4826056593964,49.91674576012398,2377900
2023-10-17,50.14767074584961,50.36935675891024,49.796663780928675,49.89827133842965,1536800
2023-10-18,49.833614349365234,50.20309222513475,49.417948655943235,50.147672481769,2748000
2023-10-19,49.427181243896484,50.101485287320266,49.39947137381776,49.71352948804034,1800600
2023-10-20,48.872962951660156,49.70429429464954,48.75288097464267,49.547263474913514,4017500
2023-10-23,48.595855712890625,49.27015626437195,48.14324117972977,48.35569174880177,2796000
2023-10-24,49.547264099121094,49.65810710503758,48.94686125374082,49.08541413022752,3971900
2023-10-25,50.295467376708984,50.35088712342436,49.30710862574365,49.353292922551795,4649400
2023-10-26,50.96976852416992,51.47780284179237,49.916751041626966,50.30470336734868,5237100
2023-10-27,50.12919616699219,51.08060597763554,50.073772902082965,50.840445543633514,3007200
2023-10-30,49.962928771972656,50.66493916018608,49.44565554869634,50.13843048811712,2833700
2023-10-31,50.19385528564453,50.35088258536675,49.54726461769897,50.19385528564453,2582300
2023-11-01,50.554100036621094,50.86815817420851,49.68582331441393,50.304700616451456,2481100
2023-11-02,51.73588562011719,52.09937259150269,50.449714079535234,50.477673248358414,2053600
2023-11-03,51.95024871826172,52.60265299648502,51.9222859953831,52.55605319880288,2426900
2023-11-06,51.325801849365234,52.173930996088586,51.29784268084432,51.91296927566195,2378300
2023-11-07,51.50288009643555,51.52152072635527,50.81319456608892,51.31648090791157,3038600
2023-11-08,51.633365631103516,51.698606059576,50.58019312737576,51.3071599334044,4098100
2023-11-09,51.01824188232422,51.9968519190441,50.98096061960385,51.64268703387438,2691100
2023-11-10,51.819766998291016,52.099372909577184,51.23260311739851,51.363083979819066,2755600
2023-11-13,51.54948806762695,51.88500877023403,51.2512450728627,51.763849997905204,3265000
2023-11-14,53.35758590698242,53.385545076300104,52.546737998737456,52.733140756641454,2470300
2023-11-15,53.19914245605469,54.06590864725128,53.01273971012578,53.21777953084458,2038000
2023-11-16,53.59058380126953,53.96338928463038,53.227100410427816,53.730386746364,3112600
2023-11-17,53.49738693237305,53.935429308991644,53.25506228924749,53.935429308991644,2110700
2023-11-20,53.25506591796875,53.35758761586626,52.518776956102116,53.32030635202407,1958300
2023-11-21,52.96614074707031,53.413505211146855,52.62129441730023,53.3669018574278,2274100
2023-11-22,53.1898193359375,53.329622281517985,52.77041405453263,53.14321953918954,2233600
2023-11-24,53.67446517944336,53.67446517944336,53.08729778399331,53.39486284291268,858200
2023-11-27,53.43214797973633,53.65582844305716,53.14322352966533,53.65582844305716,2950300
2023-11-28,53.534664154052734,54.16843136910472,53.292343068456034,53.40418329601322,2458000
2023-11-29,52.89158248901367,53.91679235741481,52.81701996132202,53.61854935732223,2296900
2023-11-30,52.90089797973633,53.124581994588056,52.39761516815936,53.00341967173767,3234700
2023-12-01,54.42939758300781,54.44803465847612,52.77041699472205,52.854298055676594,3880100
2023-12-04,54.36415481567383,54.746278842408344,53.907468268924454,54.07523038362123,1843700
2023-12-05,53.43214797973633,54.45735780651999,53.32962628599059,54.45735780651999,2511500
2023-12-06,53.898155212402344,54.037954618641194,53.44146861921329,53.58127158078914,2280900
2023-12-07,54.000667572021484,54.22435157552159,53.46942206346244,53.91678651512602,2082400
2023-12-08,54.19639587402344,54.30823610525701,53.506706744853254,53.935430594029306,2281700
2023-12-11,54.13115310668945,54.42939608066543,53.739706981260554,54.009990787469,2559100
2023-12-12,54.02863311767578,54.252313577527126,53.59990571817656,54.252313577527126,2640600
2023-12-13,55.836727142333984,55.836727142333984,53.5905828553076,54.093869182359946,2646300
2023-12-14,54.95132064819336,56.25613635292752,54.746280821413876,56.20021446089488,3043700
2023-12-15,54.03794860839844,54.57851620734225,53.590584158584555,54.30823240787034,4149300
2023-12-18,54.1497917175293,54.49463805468118,53.93542979611252,54.37347573202412,3406700
2023-12-19,54.0938720703125,54.373474415156764,53.823588262983804,54.28959335616981,2055600
2023-12-20,53.21778106689453,54.07523230078185,53.189821898566024,53.94475144146649,2005200
2023-12-21,53.04069519042969,53.60922192608921,52.695852445402394,53.180498128991886,2022600
2023-12-22,53.33894348144531,53.90747027402683,53.19914408422255,53.33894348144531,1602200
2023-12-26,53.59058380126953,53.758345913248256,53.19914124354355,53.310981466417175,1067200
2023-12-27,53.55330276489258,53.6558244510106,53.15253811297845,53.38554065221519,1847900
2023-12-28,54.05659103393555,54.07523166438076,53.31098359281068,53.31098359281068,2828500
2023-12-29,54.121829986572266,54.32687336054001,53.82358701825734,53.991349132351566,1538900
2024-01-02,55.184322357177734,55.258884878750955,53.85154750441849,53.907469395598405,2188100
2024-01-03,55.258888244628906,55.44529100457924,54.886082724728254,55.27752887615763,1908000
2024-01-04,55.342769622802734,55.82741537928824,55.02588599569056,55.31480689768255,1829600
2024-01-05,55.30548858642578,55.73421244976671,55.00724558972453,55.240248153105945,1675100
2024-01-08,55.51985168457031,55.54781085505568,54.90472504653303,55.06316864173652,1934800
2024-01-09,55.33344268798828,55.482564172679936,54.94200012392392,55.277524353314305,1213300
2024-01-10,55.45460510253906,55.76217016513154,55.17500276266922,55.19364339270543,1412900
2024-01-11,53.75834655761719,55.25888349089262,53.497384849338545,55.22160223104235,2718400
2024-01-12,54.1497917175293,54.41075699366272,53.94475188919057,54.17775444142665,2787400
2024-01-16,54.121829986572266,54.643756958791705,53.87950890806762,54.270951470729734,2759500
2024-01-17,53.29234313964844,54.52259631043123,52.99410016220635,53.842229295932924,2353100
2024-01-18,52.50945281982422,52.97545790216014,52.32305007582253,52.96613936486153,3001100
2024-01-19,52.60265350341797,52.733137915656776,52.155289041752155,52.69585665501712,1950900
2024-01-22,52.74245834350586,53.14322302140437,52.425574727384635,52.6212960197527,3195800
2024-01-23,52.9474983215332,53.06865708215221,52.53741157686397,52.73313641197274,2350900
2024-01-24,51.8290901184082,53.357586346196435,51.754527592498086,53.3296271766486,2136100
2024-01-25,52.62129592895508,52.67721782182239,51.92228826712941,52.378974837203714,2436200
2024-01-26,52.55605697631836,52.9195404018361,52.39761694174372,52.80770016829301,1865800
2024-01-29,53.24574279785156,53.34826448692702,52.22052946243366,52.528094529660045,1546600
2024-01-30,53.38554000854492,53.69310506319067,52.74245428792638,53.16185956456306,1916100
2024-01-31,53.273704528808594,54.14047432590263,53.077983234067844,53.9540715691004,2891700
2024-02-01,54.839481353759766,54.942003046564544,52.8636206876552,53.35758496534714,4020900
2024-02-02,53.84222412109375,54.79287485357352,53.44145949204827,54.72763443073695,3221100
2024-02-05,52.73313522338867,53.26438071670285,52.63993207654797,53.16185903284634,2323000
2024-02-06,52.63062286376953,52.919543781820714,52.44422009240083,52.509460529079306,2505600
2024-02-07,52.57469940185547,52.91022366927108,52.406937268147665,52.891583037154994,1907700
2024-02-08,52.444210052490234,52.509450476679085,51.922283103642926,52.34168837009733,2128100
2024-02-09,52.749916076660156,52.778133498889915,52.29841579192334,52.42069726854693,1604900
2024-02-12,53.56825637817383,53.58706919002303,52.68407216214608,52.83457106876274,1706300
2024-02-13,52.80634689331055,53.54002852073686,51.82810233129112,53.389529633362834,2487300
2024-02-14,53.06972122192383,53.22022370363616,52.50535126820922,52.79694444426187,1833900
2024-02-15,53.82222366333008,54.10440866318043,53.323693122478275,53.323693122478275,1900400
2024-02-16,53.869258880615234,54.08560085344775,53.36132368100292,53.615291280809075,2081500
2024-02-20,53.64350128173828,54.565307485934476,53.540032615971306,53.95390727903921,3457500
2024-02-21,54.301937103271484,54.386592960951454,53.55884719565582,53.906878826216214,2883900
2024-02-22,53.74696731567383,53.93509182711308,53.32368806197967,53.73756270478134,1762400
2024-02-23,54.273719787597656,54.51827916128145,53.69994159420552,53.89747073312438,2084800
2024-02-26,53.239036560058594,54.02915670210293,52.96625976377542,54.02915670210293,2207300
2024-02-27,53.925689697265625,53.97271993024508,53.18259981638921,53.5306278462493,1815800
2024-02-28,53.63409423828125,54.28312003751124,53.57765580819214,53.88806179141732,2614200
2024-02-29,53.963314056396484,54.35837592443876,53.69994186981958,53.90687920965968,3940600
2024-03-01,54.68758773803711,54.75343078056416,53.38012791046182,53.963310682062854,4294100
2024-03-04,55.46830749511719,55.50592953075956,54.26431265013679,54.26431265013679,2857800
2024-03-05,55.778709411621094,56.66289362241355,55.50592902368823,55.750491988102844,3849000
2024-03-06,56.71932601928711,56.94507616221195,55.97623613453979,56.201986277464634,2809800
2024-03-07,56.51239013671875,57.25547640516673,56.32426562276387,57.14260313206446,2298100
2024-03-08,56.68170166015625,56.89804719652653,56.19258291791359,56.747548293949514,1959700
2024-03-11,56.87923812866211,57.18023595362617,56.26783427835423,56.728739216180074,1596100
2024-03-12,55.89157485961914,56.75694613737578,55.66582832676189,56.49357398631684,2015500
2024-03-13,55.30839920043945,56.418329962040005,55.21433873108764,56.13614496580766,3042800
2024-03-14,54.82868194580078,55.25196121015232,54.32074682857893,54.9509598313649,3025500
2024-03-15,54.3865852355957,55.12026683915488,54.34895961793205,54.48064569157843,4804000
2024-03-18,54.83809280395508,55.03562195376228,54.32075301666984,54.3677832540272,3269100
2024-03-19,54.941558837890625,55.42127297695826,54.63115641571202,55.01681008458661,2297600
2024-03-20,55.05442428588867,55.47770351788151,54.649957862892904,54.8380823646871,2252400
2024-03-21,55.39305877685547,55.741086842633806,54.932157422642,55.073248136141636,3123100
2024-03-22,55.46830749511719,55.82574015687009,55.336621399926436,55.806930933137394,2726700
2024-03-25,55.12968063354492,55.74108083584504,54.89452588154255,55.57177271552595,1845900
2024-03-26,54.79105758666992,55.34602294867142,54.64996329924469,55.14849381681752,2277500
2024-03-27,56.36189270019531,56.39951832398964,55.12968402043529,55.148496832332455,3561400
2024-03-28,56.756954193115234,56.803984428454314,56.18317599271841,56.39011333402269,2363600
2024-04-01,56.418331146240234,56.83220224352289,56.173771767886166,56.80398481976045,1619100
2024-04-02,56.61585998535156,57.1614207630132,56.32427037289797,56.408926231908325,2343200
2024-04-03,55.79751968383789,56.700513077093134,55.78811507248549,56.597044411332824,2166800
2024-04-04,55.75048828125,55.995047641226904,54.91333794955272,55.73167547076305,4843000
2024-04-05,55.16730880737305,55.524741463466206,54.885120221373185,55.28018208886684,2713200
2024-04-08,55.5811767578125,55.872769939053974,55.129680069171215,55.25196154365012,2154700
2024-04-09,55.72227096557617,55.976234937191165,55.35542654264811,55.835144240535804,1927000
2024-04-10,54.68758773803711,55.10146239183766,54.301934094017234,54.744026169421744,2466200
2024-04-11,54.443031311035156,55.00740130257517,54.217281161513014,54.96977567962533,1425100
2024-04-12,54.23609924316406,54.791064676981605,53.99153984657981,54.45244121388246,1361100
2024-04-15,54.189064025878906,54.668778162415265,53.765784735889824,54.51827925799436,2248700
2024-04-16,53.51181411743164,54.1984655540472,53.2484419467234,54.01034103717987,2046200
2024-04-17,54.79105758666992,54.86630883014385,53.77518732883256,53.925689815780416,2023300
2024-04-18,55.00739669799805,55.120269969222235,54.3865883240001,54.92274084753575,2283100
2024-04-19,56.01386260986328,56.136144088651456,55.19552505712335,55.19552505712335,1743900
2024-04-22,56.4371452331543,56.75695586633592,55.581182007311874,55.76930654239113,3424800
2024-04-23,56.39011001586914,56.860419517939484,56.20198549740566,56.249015729977344,3175400
2024-04-24,56.70050811767578,56.82278958362209,55.722267154634686,55.94801368911476,5468400
2024-04-25,56.888633728027344,57.30250477473927,55.524735531391,57.30250477473927,5007200
2024-04-26,55.81633377075195,57.048546000339655,55.797520959440284,57.048546000339655,2386400
2024-04-29,56.625267028808594,56.634671640427904,55.929207359142524,56.13614469653617,4502400
2024-04-30,57.01091766357422,57.349541074709514,55.957425397512964,56.25842318781618,3496700
2024-05-01,57.22726058959961,57.55647580712518,56.5876393771127,56.888637172615155,3489800
2024-05-02,57.63172912597656,57.79163264076961,57.1896370280809,57.50944764584389,1539600
2024-05-03,57.90450668334961,58.23372189666668,57.21785524687636,57.99856714767542,1543300
2024-05-06,57.951534271240234,58.07381573982558,57.50944221509236,58.07381573982558,1910200
2024-05-07,58.52531433105469,58.591157372878705,57.95153617672251,58.33718981662463,2509500
2024-05-08,59.01443862915039,59.10849909545818,58.167880079673154,58.525316310360964,2227600
2024-05-09,59.475337982177734,59.616432265177544,58.78868655381043,59.0144366889748,1788800
2024-05-10,59.19314956665039,59.91742657351139,59.08968091021647,59.691676451457695,2002100
2024-05-13,59.174339294433594,59.77633486148405,59.10849625354849,59.31543357528832,1898700
2024-05-14,59.16960144042969,59.62482474358017,58.73334622713463,59.511019822240854,1362900
2024-05-15,59.73862838745117,60.17488356499745,59.52998303393212,59.72914253440417,1746600
2024-05-16,59.8903694152832,60.089528915553124,59.62481979713039,59.748110562065875,1369600
2024-05-17,59.97572326660156,60.01365582490616,59.520496389017666,59.985205501729496,1639900
2024-05-20,59.511016845703125,60.22230389963583,59.311857338872294,60.13694930845219,1539600
2024-05-21,59.37824249267578,59.96623876425811,59.2644375796131,59.46359708192104,1804600
2024-05-22,58.64799118041992,59.454115095210014,58.534186259956265,59.05579606469063,1967100
2024-05-23,57.728057861328125,58.53418538181777,57.614252942571795,58.306571926511964,2479500
2024-05-24,58.259151458740234,58.27811954749669,57.56683249919802,57.784960093207786,2134400
2024-05-28,58.07896423339844,58.7712832429005,57.946187602521654,58.20225139252268,2028300
2024-05-29,57.33921813964844,57.7659910853963,57.29179972740822,57.7659910853963,2743500
2024-05-30,58.164310455322266,58.230696952305415,57.5383744246936,57.6521829490585,1890400
2024-05-31,59.681724548339844,59.76707913740723,58.335019211698004,58.4203738007654,3483600
2024-06-03,59.40669631958008,60.16540181439216,59.32134172530165,59.68172819200983,2244400
2024-06-04,59.63431167602539,59.833471196419744,59.03682949704904,59.28340743404301,1264100
2024-06-05,58.780757904052734,59.44462650171151,58.63850267313551,59.406690326349796,1247700
2024-06-06,58.19276428222656,58.95146973472246,58.050505427099154,58.56263296420625,1335500
2024-06-07,57.50044631958008,57.87979724345546,57.44354205299191,57.63321932382611,1383400
2024-06-10,57.377159118652344,57.756513683909496,57.140063419814936,57.42457753486118,2299300
2024-06-11,57.272830963134766,57.44354013941954,56.70380278738077,56.988316875257766,2412300
2024-06-12,56.72277069091797,57.92721715620862,56.39083457464819,57.89876321505854,2958700
2024-06-13,56.66586685180664,57.272831206602554,56.314966262526426,56.63741652823587,5760800
2024-06-14,56.57102966308594,56.988316749867856,56.05890213535842,56.37186654599664,3655900
2024-06-17,56.220130920410156,56.60896772158275,55.840779973150184,56.096843761892124,1912300
2024-06-18,55.89767837524414,56.50464637845394,55.64161459681027,56.058905325129075,3496900
2024-06-20,56.40980529785156,56.47619180064801,55.51832681901855,55.86922742205591,2893400
2024-06-21,56.476192474365234,57.02625621014683,56.39083788149544,56.52361088867221,4489200
2024-06-24,57.63322448730469,57.81341592095473,56.45722819700712,56.45722819700712,1802400
2024-06-25,56.09684371948242,57.690127103032225,56.068389775559325,57.5573504729087,1934300
2024-06-26,56.53309631347656,56.61845090569905,55.58471356335696,55.78387307261173,1535100
2024-06-27,56.86502456665039,56.95037915247522,56.295996406346696,56.59947857421437,1513500
2024-06-28,56.45722198486328,57.035736021075515,56.0778710687421,57.035736021075515,3123900
2024-07-01,55.7649040222168,56.95038243943141,55.64161325384443,56.73225484479908,2382800
2024-07-02,55.92613220214844,56.14425980159346,55.54677765315258,55.80284143105582,1766200
2024-07-03,55.83129119873047,56.428773341207666,55.74593660694801,55.85025928777024,898200
2024-07-05,55.8881950378418,56.2770318156967,55.68903553113898,55.97354962897058,1561100
2024-07-08,55.67006301879883,56.163222437491456,55.480385762718164,55.89767283186142,1980900
2024-07-09,55.821807861328125,56.15374036849004,55.48038950093702,55.603680268365586,1730600
2024-07-10,56.134769439697266,56.17270561510868,55.59419160235944,56.106319117035106,1920800
2024-07-11,57.528900146484375,57.67115901271937,56.381357833872016,56.48568052007191,1740300
2024-07-12,58.03153610229492,58.5341813933222,57.47199016466323,57.74702201589419,1878100
2024-07-15,57.196964263916016,57.77547469548091,56.931414637024794,57.5858010420068,1758000
2024-07-16,58.11689376831055,58.11689376831055,57.16851101821256,57.52889747623186,1897500
2024-07-17,58.92302322387695,59.64379254594269,58.154831868504644,58.287604879059394,1864100
2024-07-18,58.420379638671875,59.48257099049741,58.38244707580142,58.572120743533624,1579100
2024-07-19,58.17379379272461,58.79024398244377,57.699602452261516,58.79024398244377,1817600
2024-07-22,58.26863098144531,58.46779409521932,58.088439573337524,58.35398556797907,2040300
2024-07-23,58.23070526123047,58.591088119763995,58.09792863052556,58.372960510295826,1488900
2024-07-24,59.2454719543457,59.34030878287542,58.24966716581821,58.73334439758181,2311200
2024-07-25,59.9472770690918,60.96204639512439,59.11270279390176,60.21282671828258,2846700
2024-07-26,59.71017074584961,60.345589002283845,59.52997934484515,60.184362070612316,1609200
2024-07-29,60.374046325683594,60.61114201556105,59.492050069916004,59.77656417421033,3074300
2024-07-30,61.749202728271484,61.77765305367524,60.155919385384145,60.30766048385946,2399100
2024-07-31,61.45520782470703,61.80610482702234,61.24656245274307,61.777654500952075,1570000
2024-08-01,62.94416427612305,63.03900110182687,61.14223564540643,61.74920001261409,3400500
2024-08-02,63.197452545166016,64.7745155615204,62.58574157456516,63.340816606892794,5154200
2024-08-05,61.64905548095703,63.80916396287259,61.57258978605364,63.32170427307602,2244300
2024-08-06,62.031375885009766,62.70043247659485,61.438777695198745,61.72552040140374,1788600
2024-08-07,62.662200927734375,62.987176487643566,61.80198737563906,62.15562845615866,1984500
2024-08-08,62.327667236328125,62.81512688796241,62.02181177282943,62.09827746174647,1410800
2024-08-09,62.5092658996582,62.59528432296014,61.37186257709603,62.394567376420135,1343900
2024-08-12,62.87247085571289,62.97760935216747,62.356338407345675,62.442364128158175,1902800
2024-08-13,63.13054275512695,63.26435406543025,62.68131594532182,63.04451703154941,1689400
2024-08-14,63.388614654541016,63.618004464167136,62.786463669708496,62.96806059341766,1410200
2024-08-15,63.04452896118164,63.42685018818005,62.671767770205186,62.93939044145281,1925600
2024-08-16,63.512855529785156,63.942969555967046,63.006283107717714,63.1783272597566,2009800
2024-08-19,63.589332580566406,63.78049683486269,63.465081284401826,63.465081284401826,1354300
2024-08-20,63.780487060546875,64.13412811550107,63.531977214131004,63.75180695766963,1310800
2024-08-21,64.03854370117188,64.23926064965259,63.66578261225498,63.780481136602056,1035500
2024-08-22,64.28706359863281,64.35396925861086,63.91430245130225,63.97164807637771,1003900
2024-08-23,64.15325927734375,64.47822757778314,64.03856072251,64.4399947261719,2165900
2024-08-26,64.71717834472656,64.96568823762206,64.34441715146876,64.41132281969014,1249100
2024-08-27,64.46866607666016,64.67894310965767,64.30618193013323,64.56425184960132,1915800
2024-08-28,64.43043518066406,65.07081897016471,64.38264229815265,64.75540344679752,1675900
2024-08-29,64.6789321899414,64.69805225816987,63.90473714658546,64.43998238227161,1625000
2024-08-30,64.86054229736328,65.06125927906588,64.43043552116772,64.78407660180893,1826700
2024-09-03,65.644287109375,66.04572100956646,64.77450636679121,64.93699776729923,2004600
2024-09-04,66.10308837890625,66.49496233134212,65.67297428417942,65.92148416387688,1603300
2024-09-05,65.29065704345703,66.58099211389246,64.64071313624791,66.56187204158489,4366500
2024-09-06,65.00390625,65.73986843242197,64.95611337267928,65.46268578673417,1748100
2024-09-09,66.06484985351562,66.17954110185386,64.85098066602337,64.99435201861607,2466300
2024-09-10,66.43761444091797,66.60965861451875,66.03617317440263,66.12219890728817,2632400
2024-09-11,66.16998291015625,66.32290699273719,65.5678247372888,66.25600133932629,2272800
2024-09-12,66.24644470214844,66.50451458722968,65.89280364120185,66.16998630302223,1714000
2024-09-13,66.9919662475586,67.02064635061602,66.25600403014937,66.34202975498243,1304700
2024-09-16,67.36473846435547,67.51766256177054,66.99197002528433,67.36473846435547,4142200
2024-09-17,67.15445709228516,67.61323664693137,67.09710417882722,67.16400983438686,2166500
2024-09-18,66.90594482421875,67.41251723971219,66.28467387813144,67.1066617836311,1506200
2024-09-19,66.16998291015625,66.60008964034502,65.78766176544995,66.4662783335232,2268900
2024-09-20,66.75301361083984,66.86771214170993,66.0935171118024,66.29423407169809,4018900
2024-09-23,67.1831283569336,67.41251812897806,66.64788312477337,67.15445554694921,2406500
2024-09-24,66.98241424560547,67.81395493922007,66.61920585789363,66.61920585789363,2503000
2024-09-25,66.74346923828125,67.3647402637682,66.29424238458807,67.28827456693314,1829000
2024-09-26,66.858154296875,67.28826833259394,66.45672036393962,66.54274608795122,1467100
2024-09-27,67.31694030761719,67.88085835514525,66.95373922406534,66.95373922406534,1508700
2024-09-30,67.50810241699219,67.68014658391036,67.00152995111371,67.68014658391036,2546600
2024-10-01,67.9095458984375,68.3205399055652,67.19269639476154,67.46987178573976,1993300
2024-10-02,68.10070037841797,68.15804600313699,67.20224669958024,67.33605801870459,3910900
2024-10-03,67.99555969238281,68.40655367142658,67.75660987415202,68.07202538433741,1284200
2024-10-04,68.07203674316406,68.14850244787809,66.98242597358751,67.43165287356874,2218400
2024-10-07,66.68612670898438,67.9477817346424,66.59054821913494,67.9477817346424,3017300
2024-10-08,66.87728118896484,67.31694801163515,66.79125545617593,67.2022494653067,1591600
2024-10-09,66.5427474975586,67.1257856329596,66.2942376466902,66.70523162259305,1364800
2024-10-10,66.0839614868164,66.97285510689886,65.91191732511754,66.62876678350115,1487800
2024-10-11,66.2751235961914,66.58098638944765,65.94059528128034,66.32291648068028,2277600
2024-10-14,66.78170013427734,66.89639138400662,66.20821471695099,66.39937895344978,1329600
2024-10-15,67.19268798828125,68.06246148532883,67.07798945686174,67.37428488115047,1648000
2024-10-16,68.02423095703125,68.16760230314358,67.16401017252684,67.2404758627427,1739000
2024-10-17,67.87130737304688,68.1484900330116,67.65147033508532,67.85218730426605,1344800
2024-10-18,68.13893127441406,68.36832105889135,67.56545316713597,67.87130864382894,1706900
2024-10-21,68.02423095703125,68.34920649436384,67.74704829912596,68.17716233746296,982100
2024-10-22,67.89041900634766,67.9477646273851,67.39340660896096,67.83307338531021,1307100
2024-10-23,68.91313171386719,68.93225178449292,67.81396100233816,67.88086666518757,2296500
2024-10-24,68.59771728515625,69.19987555268928,68.44479317853404,69.10429707452909,1236900
2024-10-25,67.63236999511719,69.04694907389401,67.5941371426947,68.91313773650081,1475600
2024-10-28,68.01468658447266,68.27274920549526,67.89042799953879,68.19628350586986,1272000
2024-10-29,66.4471664428711,67.55589716974764,66.39938085150793,67.44119862456965,1729300
2024-10-30,67.01107788085938,67.03019065498879,66.40892705150557,66.88682661859647,1966500
2024-10-31,66.53319549560547,67.40296914039752,66.0361757338638,67.03020796517656,2128400
2024-11-01,65.28108215332031,66.84859211090998,65.0708051822978,66.72433355957749,2807400
2024-11-04,65.36710357666016,65.54870774946411,64.55467575397053,65.4340092257718,3611200
2024-11-05,66.05529022216797,66.06485025697785,65.22374220578796,65.54871775979404,1519800
2024-11-06,64.86054229736328,66.04573140977533,64.57379958511952,65.95971297140426,2929800
2024-11-07,63.426849365234375,65.04215269995483,62.21298003217685,64.90834136606719,5889100
2024-11-08,64.27750396728516,64.8987749807933,63.70402583641997,63.88562274768907,2759900
2024-11-11,65.56783294677734,65.78767000246341,64.22971241884919,64.27750530248493,1981700
2024-11-12,65.08992767333984,65.68252583540341,64.86053789441861,65.38623040045643,1982500
2024-11-13,65.19104766845703,65.59554049848875,64.69987360471261,65.47996796945026,2203700
2024-11-14,64.92139434814453,65.55702497238934,64.71914055870596,65.3644114129785,1911800
2024-11-15,65.71112060546875,65.77853608491519,64.71913948256223,64.71913948256223,2677400
2024-11-18,65.97114562988281,66.47194525421543,65.48960442090556,65.69185084694772,2284200
2024-11-19,66.03857421875,66.14451389358068,65.21032258702134,65.71112965853676,2688300
2024-11-20,65.99040222167969,66.34674535166064,65.84594574116697,65.88446991854887,2111300
2024-11-21,66.65493774414062,66.70309480736881,65.74963785915146,66.20228780164604,1512400
2024-11-22,66.95349884033203,67.14611976817261,66.6453127035242,66.79940944579667,1311000
2024-11-25,67.09795379638672,67.58912791253739,66.55862996546746,67.0786953800265,2644300
2024-11-26,67.84915924072266,67.88768342248214,66.88607673994456,67.24241991041754,2265700
2024-11-27,67.88768768310547,68.71593927357452,67.76248959533199,68.24403087594251,1763400
2024-11-29,67.136474609375,68.01288313839552,67.02090207380235,67.84915354273366,1354100
2024-12-02,65.87483978271484,67.32909631161425,65.81704984036573,67.11721700105113,1406700
2024-12-03,65.73037719726562,66.52010451217315,65.72074431540179,66.39490643888712,1939200
2024-12-04,65.00806427001953,65.78815868998429,64.66135400609389,65.68221903446613,2913300
2024-12-05,64.89249420166016,65.53776504102103,64.7961874241803,64.92139284786663,3652000
2024-12-06,64.69024658203125,65.05622261659487,64.21833823759162,65.03695685280942,3485100
2024-12-09,65.15252685546875,65.28735780577301,64.23759415242044,64.69024406318577,2827200
2024-12-10,65.16217041015625,65.46072365648324,63.987208495565405,65.15253752706079,2626400
2024-12-11,64.3531723022461,65.41256158181243,64.17018427612356,65.21031513871,2187200
2024-12-12,64.555419921875,65.04659406278189,64.21834251056104,64.71914218626513,1706000
2024-12-13,64.834716796875,65.37404067214172,64.36280840601661,64.55542197640138,1946600
2024-12-16,64.23760986328125,65.0658615307111,63.640503322392874,64.88288082353765,5059500
2024-12-17,64.56505584716797,65.21031940034068,63.79458685836632,63.8620023438062,2998200
2024-12-18,63.418983459472656,64.6709936940529,63.39009215906085,64.46874724343363,2044700
2024-12-19,63.332298278808594,63.967928817872966,63.05300351167557,63.23599151200918,2152300
2024-12-20,64.15093231201172,64.35317877545788,63.2263739015134,63.41898748163248,3507800
2024-12-23,64.20870971679688,64.22797548189087,63.59233749304594,63.87163230501691,1334600
2024-12-24,64.3531723022461,64.36280518460421,63.987203597737384,64.01609489707539,800700
2024-12-26,64.4783706665039,64.65172581103334,64.08351066091464,64.21834162357794,867600
2024-12-27,64.58431243896484,64.98881268790173,64.14129535464029,64.15092823735553,889100
2024-12-30,64.1701889038086,64.35317694312745,63.65975631806323,64.35317694312745,1678700
2024-12-31,64.189453125,64.63247021418695,63.77532733653923,64.37243381217799,1086600
2025-01-02,64.07388305664062,64.96955015253445,63.929419199676396,64.78656211053064,1297400
2025-01-03,64.15093231201172,64.45911844884449,63.89089589634017,64.01610133638094,1267100
2025-01-06,63.00485610961914,64.1316608840942,62.86039226341393,63.967938620671966,1009700
2025-01-07,63.28415298461914,63.79458555649557,62.95670844708962,62.98559974772615,1579500
2025-01-08,63.85237503051758,63.958314697221226,62.927809330606394,63.01449057960784,1323900
2025-01-10,62.68703079223633,64.02572210743998,62.57146560512213,63.55380643427132,2559600
2025-01-13,62.590728759765625,62.821873846967726,61.60838785623358,62.821873846967726,2183000
2025-01-14,63.139686584472656,63.46713845651819,62.03214758352646,62.54258013479448,1741600
2025-01-15,64.15093231201172,64.36281165878495,63.370837760471254,64.13166654535756,2119700
2025-01-16,65.50888061523438,65.50888061523438,63.99684110259088,64.03536529149274,1983200
2025-01-17,65.566650390625,66.14449835081206,65.1140004950289,65.3355053283618,1922900
2025-01-21,65.77852630615234,66.39489841167054,65.68221219463037,66.115603653274,1786000
2025-01-22,64.14128875732422,65.56665399536959,63.967933624963784,65.44144857615957,2536900
2025-01-23,63.428611755371094,64.41095263701804,62.69666702434359,64.07387524369487,3509600
2025-01-24,63.39008331298828,63.8138419205237,63.13005429783239,63.28414366110443,2215700
2025-01-27,64.70951843261719,65.06585427107026,63.05301528257974,64.1027717278147,3877100
2025-01-28,63.187843322753906,64.65172548766336,62.93743981574464,64.62283418834235,3195400
2025-01-29,63.34193420410156,63.84274122999861,63.28415160408903,63.33230866925716,2044000
2025-01-30,63.75605773925781,64.05461830687088,63.09153581928248,64.05461830687088,2674100
2025-01-31,63.563453674316406,64.05462787371168,63.39973139043044,63.76570014518802,1812400
2025-02-03,64.02572631835938,64.24723117338691,62.7640832767451,63.27451581403208,2454300
2025-02-04,63.736793518066406,63.86199158486618,63.08189719223757,63.53454709581956,1733400
2025-02-05,64.64210510253906,64.93102546650128,63.92941870641099,64.30502032297774,2700900
2025-02-06,65.80743408203125,65.80743408203125,64.07388250875773,64.86360992597413,3448900
2025-02-07,66.16375732421875,66.20228150158796,64.56504437594225,65.4992354708727,2904300
2025-02-10,66.62605285644531,66.62605285644531,65.51850642524838,65.78816837070775,2224700
2025-02-11,66.88607788085938,66.90534364593593,65.71112338196676,66.4526936872113,2434900
2025-02-12,66.98238372802734,67.10758179459755,65.8266804416474,66.15413227782916,2119500
2025-02-13,67.24241638183594,67.44466281465799,66.84755639806032,67.18463378609707,1864700
2025-02-14,66.78913116455078,67.73064462273902,66.72118727609022,67.52681295735731,2237100
2025-02-18,67.4977035522461,67.83742303655644,66.88620848048747,66.93473560377217,2278900
2025-02-19,68.08978271484375,68.17713597156241,67.42004479201945,67.4976970682107,1378900
2025-02-20,68.62362670898438,68.91481904737239,68.01213168476407,68.42950342027822,2145300
2025-02-21,69.39042663574219,69.82721514551041,68.49744765469832,68.49744765469832,2150600
2025-02-24,70.0019302368164,70.34164970208748,69.07012510121764,69.36131004059472,2043300
2025-02-25,70.9337387084961,71.21522268019599,69.89516349134854,70.23488297259694,2722200
2025-02-26,71.05020141601562,71.20550596374954,70.43870642130227,70.51635869516923,2869100
2025-02-27,70.2154541015625,71.1957936402559,70.13780923731859,70.43870252524975,2635500
2025-02-28,70.90460968017578,71.18608620179276,69.92427012844674,70.7784228891115,3228100
2025-03-03,71.88495635986328,72.01114317643929,70.54548774510675,70.57460550113825,2409200
2025-03-04,70.72990417480469,72.8555816464468,70.68136964858026,72.2537949911063,2573800
2025-03-05,70.25428009033203,70.90460858998517,69.83690839891047,70.14751007122456,2031900
2025-03-06,69.53602600097656,70.36106112801225,69.18659813923665,70.19605558367094,2224700
2025-03-07,70.9337387084961,71.30257594451875,69.40013944419842,69.60397113294745,3049400
2025-03-10,71.83641052246094,72.68085484872617,70.85607102789827,71.21520720450559,2952200
2025-03-11,69.96310424804688,72.04996297539667,69.93398649457927,71.63259122992672,3398200
2025-03-12,69.08953857421875,69.90486533932241,68.85658912780762,69.4001403045434,2365000
2025-03-13,69.76896667480469,69.92427121843453,68.97304940202237,69.40983787698511,1609900
2025-03-14,70.6328353881836,70.74931380836318,69.40984530027849,69.50690694776364,1801800
2025-03-17,71.10844421386719,71.67140468520904,70.57459408851979,70.85607802685493,1786000
2025-03-18,71.34140014648438,71.4675795488522,70.56489214874475,70.64254442958453,1837300
2025-03-19,71.54522705078125,71.81700261023796,70.90461428996593,71.15697307784511,2270100
2025-03-20,71.52581787109375,71.72964954121794,71.04050225498987,71.6908234032902,1896900
2025-03-21,71.34140014648438,72.12760912533216,70.87549386677478,71.68111961849705,4949700
2025-03-24,70.9919662475586,71.95288907386954,70.9434317248311,71.29285955354935,3677800
2025-03-25,69.92427825927734,71.15697672581751,69.39042809345543,70.85608339889734,2271300
2025-03-26,71.15697479248047,71.36080646698464,69.93398474545545,70.08928189517486,1700500
2025-03-27,71.00167846679688,71.58405574432904,70.8852000491589,71.38022406745922,1624400
2025-03-28,72.00142669677734,72.5255684624228,70.87549088791036,71.61317271422567,2717800
2025-03-31,72.90411376953125,73.30206873120356,72.16643194614439,72.28291036204612,3304700
2025-04-01,72.93323516845703,73.0885397307571,72.1276094135159,72.70028573033603,2314400
2025-04-02,72.46733856201172,73.23413079506591,72.28291623983624,72.99147296286843,2172000
2025-04-03,73.29236602783203,74.20475434563303,72.47703194634146,73.44766317338873,3543300
2025-04-04,70.55518341064453,74.136807457991,70.26399109217422,74.136807457991,4395200
2025-04-07,68.85657501220703,70.76871953094347,68.42949494356357,69.5554306135044,4384700
2025-04-08,68.12860870361328,70.33193834707765,67.41033625841163,69.68161719739088,2986800
2025-04-09,69.04100036621094,69.8272167396109,66.14852329520353,67.70153186406613,4262300
2025-04-10,69.44866943359375,70.07957382668151,67.96359738919949,69.04099867740949,2777200
2025-04-11,69.71073150634766,70.1669293487775,67.65299072539985,69.37101207219615,3467100
2025-04-14,71.37051391601562,71.58405397373903,69.49719532598124,69.88544930317573,2175100
2025-04-15,70.57460021972656,71.80730610522858,70.54548246587407,71.50640536965166,2686000
2025-04-16,70.05045318603516,71.27345059351322,69.749559878331,71.13756281549661,1811100
2025-04-17,70.76873779296875,71.7878963034169,70.1475268940335,70.487253802846,2186700
2025-04-21,69.98251342773438,70.9434363162355,69.37101839056619,70.60371685114207,3544100
2025-04-22,71.53553009033203,71.66171690975422,70.34165763413448,70.50666319225449,3842800
2025-04-23,71.34140014648438,71.65200186451442,70.33194271155449,71.55494021612922,4695100
2025-04-24,71.96260070800781,73.28265980823814,71.30257115789264,71.47728508013869,5981800
2025-04-25,70.06016540527344,72.41879968894872,69.95339537308547,72.41879968894872,3216600
2025-04-28,70.3804702758789,70.53576741686629,69.70102399374008,70.11839570530319,2647700
2025-04-29,71.46757507324219,71.6228796251959,69.94368433250733,70.22516827892697,4362500
2025-04-30,71.48699188232422,72.02083461795517,70.29311220587306,71.86553747124879,3799500
2025-05-01,70.82697296142578,71.81701371037279,70.71049452994329,71.34140640781304,2643300
2025-05-02,70.76873779296875,71.37052451190105,70.18635303805007,71.0890405217783,1771900
2025-05-05,70.89491271972656,71.13757055047371,70.12811308592606,70.51636709618735,1871100
2025-05-06,71.21521759033203,72.00142653436235,70.5648890237602,70.77842908394837,2958300
2025-05-07,71.77818298339844,72.22467990624024,71.05991788177647,71.12786177780383,2798600
2025-05-08,70.46782684326172,71.77817754178058,70.32223067557547,71.48699261173678,1961800
2025-05-09,70.6859130859375,70.75436898560478,69.67863022177599,70.72503180876645,2475700
2025-05-12,68.534423828125,69.97200493621918,68.2508187320063,69.64928112396697,2472000
2025-05-13,67.71295928955078,68.79847963124682,67.38046132744107,68.42686294515943,3115600
2025-05-14,67.27288055419922,67.87920952874461,66.21669748672002,67.60537848592432,2629100
2025-05-15,69.33634185791016,69.52214644117332,67.58581840609226,67.91831631592399,3233500
2025-05-16,69.8937759399414,70.00135055700945,69.1798723413202,69.29722850388526,2410500
2025-05-19,70.38275146484375,70.4414258178155,69.42436141988252,69.65907375403631,1710100
2025-05-20,70.39253234863281,70.79348619205759,69.92311514587374,70.16760156246771,1236800
2025-05-21,69.19943237304688,70.51965743372175,69.08207621567006,70.28495258010089,1531600
2025-05-22,67.83030700683594,69.0331759094008,67.46846445099423,68.9647200162559,2191000
2025-05-23,68.1139144897461,68.66156165392238,67.18486166636644,68.37795652643594,1948100
2025-05-27,68.27037811279297,68.66155783450155,67.976998917361,68.31927837593128,1933300
2025-05-28,67.24353790283203,68.28993933970779,67.04794431674678,68.0258898637758,1781100
2025-05-29,68.01612854003906,68.03568417174999,66.8621522796154,67.09685716581556,1770800
2025-05-30,68.68112182617188,68.818033611398,67.61515725704542,67.976999810076,3560600
2025-06-02,68.67134857177734,68.7006857491344,67.85965184627565,68.27038725154146,2784800
2025-06-03,69.35589599609375,69.48303369158337,67.96721511816418,68.67133710165871,3788800
2025-06-04,68.18236541748047,69.38523427417385,68.12369107163177,69.38523427417385,3966400
2025-06-05,67.81074523925781,68.407292660212,67.41957296287656,68.22148806727078,2387000
2025-06-06,68.45619201660156,68.56376662951827,67.6738325519587,67.95743767136342,4439400
2025-06-09,68.12369537353516,68.5442048268487,67.53692203346435,68.18236972308905,2927900
2025-06-10,68.60289001464844,68.77892053310853,67.99656101525625,68.24104743194341,1603800
2025-06-11,68.45619201660156,68.71045996178042,68.20192407142271,68.56376662951827,1944800
2025-06-12,69.24832153320312,69.30700333937088,68.456188030696,68.5246439202814,1736900
2025-06-13,68.97450256347656,69.43413819318454,68.71046053211926,69.36568229904502,1900300
2025-06-16,68.00634002685547,69.46347692689501,67.703179269023,69.06252309825851,1965000
2025-06-17,67.5956039428711,68.15303264784609,67.22397983213246,68.10413238239113,2267800
2025-06-18,67.27288055419922,67.86942798336064,67.2044246587774,67.732516192517,2393200
2025-06-20,67.52714538574219,68.19214867959484,67.3022146191031,67.43912640361988,3506800
2025-06-23,68.32906341552734,68.4366380310275,67.69339726788085,67.91832058310266,2090200
2025-06-24,68.17259216308594,68.81803989044285,68.00634318887585,68.14325498659396,3461900
2025-06-25,67.05773162841797,67.77163522204438,66.90126420722571,67.77163522204438,2583900
2025-06-26,67.63472747802734,67.71295746273846,67.0479540953263,67.17509181010716,2003100
2025-06-27,67.48802947998047,68.07479536109858,67.3413361444177,67.68361561997551,2439200
2025-06-30,67.7520751953125,67.82053109414251,66.95016003996082,67.31200262585286,2749600
2025-07-01,68.58332061767578,68.74957703619913,67.29243275469427,67.99655476379921,2246800
2025-07-02,68.15303039550781,68.84737086745042,67.42934528858223,68.40729087629848,2291200
2025-07-03,68.91582489013672,69.05273667181132,67.95743495728199,68.3192775009263,1413300
2025-07-07,68.09435272216797,68.67134453375132,67.74229169231819,68.42685812197416,2990900
2025-07-08,67.840087890625,68.07479274181502,67.1164027859957,67.56625685958184,1968400
2025-07-09,68.22148895263672,68.34861919799721,67.34133639709063,67.97700254615908,2326600
2025-07-10,68.98428344726562,69.12119523423196,67.32177145232282,67.7129511841407,2288400
2025-07-11,68.79847717285156,69.10164540756195,68.28994870158054,68.57355384443429,1760200
2025-07-14,68.99406433105469,69.40479968801674,68.62244023188,68.73001484362712,1574000
2025-07-15,68.77891540527344,69.10163924191173,68.21170517017573,68.80825257930732,2109000
2025-07-16,69.1309814453125,69.26789324151966,68.48553372507878,68.72023859555772,1592800
2025-07-17,69.28744506835938,69.58083173620246,68.61266767013294,68.74957945882427,2011500
2025-07-18,70.3338394165039,70.451195563925,69.43413133633855,69.60038028266933,1583700
2025-07-21,70.65657043457031,70.92061246679064,70.15781608356203,70.4805399260458,1305600
2025-07-22,71.95723724365234,71.97679287226609,70.7348052741467,70.93039140481456,1525600
2025-07-23,71.28245544433594,71.93767721722037,71.02818749473415,71.81054697298596,2673800
2025-07-24,71.28245544433594,71.71275390348772,70.9597315999721,71.39003005912389,1905300
2025-07-25,71.17488098144531,71.6540722458024,70.52944075247312,71.22378124686526,2035900
2025-07-28,69.76663970947266,70.96951615255779,69.75686562490172,70.89127870919074,1944100
2025-07-29,70.6761245727539,70.76414355572557,69.59061183107691,69.93289129567171,2165600
2025-07-30,70.57833099365234,71.30201609769503,70.35340768760794,70.76414304214069,2505800
2025-07-31,72.1723861694336,72.22127897133464,70.55877448404694,70.55877448404694,3890000
2025-08-01,72.44621276855469,72.75915506612614,71.92790278768317,72.51466866298803,2926300
2025-08-04,73.023193359375,73.2872428394776,72.55378366762096,72.68091390473508,2467300
2025-08-05,72.52445220947266,73.27746706901826,72.30930297499303,73.18944808167062,2046300
2025-08-06,72.47555541992188,73.11122160834302,72.24085054429054,72.62224876511652,1853400
2025-08-07,72.88629150390625,73.23835255123525,72.11371350899725,72.39731865607526,3072200
2025-08-08,72.38683319091797,73.50987268310986,72.14055246866727,73.27343777830754,2571400
2025-08-11,71.83515930175781,72.53459565142734,71.3623045236756,72.50504316728359,2404300
2025-08-12,71.72679138183594,72.00262457374937,71.2539366288103,71.93366627577102,2583400
2025-08-13,72.36712646484375,72.37697979817521,71.54947266382862,71.7859075684369,1799900
2025-08-14,71.51006317138672,72.29816444779692,71.24408331223547,72.12084203639917,2263300
2025-08-15,71.2243881225586,71.47066884564366,70.91899491512709,71.44110884552484,2491500
2025-08-18,70.95840454101562,71.83516336098221,70.95840454101562,71.33275607036649,2067300
2025-08-19,71.94351959228516,71.98292540767682,70.98794923773684,71.03720838594911,2838000
2025-08-20,71.923828125,73.03701434412798,71.86471563765306,72.28831880349674,2144400
2025-08-21,71.6972427368164,72.19965751520209,71.5002211651587,71.74650188767643,3325700
2025-08-22,72.03218078613281,72.55429465993907,71.72678761180262,71.91396334614464,1807200
2025-08-25,71.14557647705078,72.03218858320683,71.02735902426625,71.81546034438078,1461800
2025-08-26,71.01750946044922,71.69724669723065,70.85004036370039,71.18498607308965,2494500
2025-08-27,71.13572692871094,71.43126681845195,70.84019455486153,71.06676862322358,1516000
2025-08-28,70.15059661865234,71.34259435457548,70.04223250485107,70.94854371492457,1519400
2025-08-29,70.50524139404297,70.8303337352222,70.06193912217371,70.16044990304567,1487200
2025-09-02,70.10134887695312,70.69242111129026,69.74670403317259,70.31806960069346,1886500
2025-09-03,70.45597839355469,70.65300746041709,69.94371785149328,69.94371785149328,1936800
2025-09-04,70.47569274902344,71.16527576856829,70.17030705692375,70.8697434098596,1560000
2025-09-05,70.48554229736328,70.82048045575864,70.0717849919638,70.65301137656097,1540800
2025-09-08,69.63833618164062,70.31806583255255,69.47085958624184,70.22940838430392,1705500
2025-09-09,69.85506439208984,70.11119091978199,69.35264963780152,69.40190127040809,1479500
2025-09-10,70.16045379638672,70.27866373363646,69.4807165936358,69.82550810376627,1798600
2025-09-11,70.60375213623047,70.70226291704846,69.87476333910834,70.23926149561481,1618800
2025-09-12,70.61360931396484,70.83033755309968,70.11119453377873,70.36732859056455,1911100
2025-09-15,70.51509094238281,70.92884070937379,70.49538427773157,70.51509094238281,2803100
2025-09-16,68.91919708251953,70.37718227940522,68.8797912646695,70.11119488789039,2012100
2025-09-17,69.33294677734375,70.08164228342912,69.21473683988744,69.27384180861559,1941000
2025-09-18,69.13592529296875,69.61863340861386,68.72217547955866,68.77142711493153,2005300
2025-09-19,69.07682037353516,69.49057018724096,68.78128049752172,69.29354109793492,5110600
2025-09-22,69.39205932617188,69.69744501940492,69.12607193486657,69.2245827214684,1964300
2025-09-23,70.42642974853516,70.54464719509174,69.11622208301434,69.19502619816124,1706000
2025-09-24,70.59391021728516,70.95840087802704,70.27866367583519,70.39688112887893,2015100
2025-09-25,69.92402648925781,71.14557677627079,68.78128032187476,70.86974356783797,4981800
2025-09-26,70.77122497558594,70.83033745993028,69.9141728694507,70.20970522760756,2200400
2025-09-29,71.68739318847656,71.89427562029884,70.31807290025083,70.6431652749526,3034800
2025-09-30,72.17010498046875,72.3474274011929,71.53962693253649,71.91397092478027,1969100
2025-10-01,71.29334259033203,72.35726954476574,71.25393677485067,71.8745614579279,2237700
2025-10-02,70.7613754272461,71.21453103190719,70.308219822585,71.1258660680111,1793700
2025-10-03,71.26378631591797,71.83515939642051,70.65301493376599,70.71211990213136,2808200
2025-10-06,72.13069915771484,72.17010497519414,71.27363953829558,71.4214094748701,2910200
2025-10-07,72.66266632080078,73.45076012163865,71.96322997225207,72.21935651168151,2791400
2025-10-08,72.10115051269531,73.1552317597457,71.90412141480783,73.01731514917026,1886100
2025-10-09,72.18980407714844,72.70207218814137,71.9238242042072,72.53459558499493,2604800
2025-10-10,72.98774719238281,73.51971442486071,72.10114265414376,72.44593414300236,2161800
2025-10-13,72.4557876586914,73.03700652482152,72.22920609921765,72.5739975889466,1927700
2025-10-14,73.24388885498047,73.79556281044803,72.50504665230906,72.74147405271428,1619800
2025-10-15,74.1895980834961,74.29796219630292,72.96804787608995,73.1749227689328,1884800
2025-10-16,73.63793182373047,74.97769947891842,73.5591201932157,74.22900402080968,2070000
2025-10-17,73.66748809814453,73.86451718457327,73.0961150213379,73.76599888341333,1805900
2025-10-20,73.9728775024414,74.18960575045236,73.68719846558136,73.96303168454384,2002800
2025-10-21,73.43106079101562,74.24871458983836,73.08626928425036,74.24871458983836,1613100
2025-10-22,74.04183959960938,74.47528855794219,73.27343743642385,73.69704057735423,2014400
2025-10-23,73.45075988769531,74.42603695511673,73.36210243568854,74.31767283651435,1619000
2025-10-24,73.63793182373047,74.05168161009684,73.17492288931967,73.51971437795832,1684100
2025-10-27,73.48030853271484,73.69703675859662,72.93849548390115,73.36209860288169,1592400
2025-10-28,72.34742736816406,73.44091437614856,72.17010494752087,73.26359195550536,2285300
2025-10-29,71.21453094482422,72.55429860735386,71.06676101577197,72.39667534546058,3758400
2025-10-30,72.12084197998047,72.92864240551815,70.58405275966265,71.77605049027977,4015700
2025-10-31,72.4557876586914,72.83998496380235,71.08646751670304,71.49036397155959,3715800
2025-11-03,71.41155242919922,71.85486221587732,70.38702377567148,70.9682501584119,6864200
2025-11-04,71.85486602783203,71.86471184529395,70.92884810580989,71.1258696775251,5959800
2025-11-05,71.49037170410156,72.14055645439353,71.01750938426271,71.87456905076806,2724900
2025-11-06,71.27363586425781,72.07159047427051,71.18497841641795,71.44110494299362,2751200
2025-11-07,72.68607330322266,72.68607330322266,71.3361743611918,71.41557439040335,3008300
2025-11-10,73.50990295410156,73.66871815882332,72.01112421635023,72.01112421635023,3147100
2025-11-11,74.28411102294922,74.32381482566771,73.39080196632419,73.39080196632419,2052200
2025-11-12,74.4032211303711,74.5024768490691,73.6091678080611,74.30396541167309,2172100
2025-11-13,73.38087463378906,74.3535988753552,73.2716910687339,74.06575198318487,2135300
2025-11-14,73.39080047607422,73.64886382941523,72.60666742693985,73.47020050717289,1990400
2025-11-17,73.90693664550781,73.99627209527651,73.41065046800153,73.8176087684652,1573600
2025-11-18,73.71834564208984,74.5322546721383,73.63894560878047,74.17493559043083,1875400
2025-11-19,72.40814971923828,73.59924107984436,72.04090279721706,73.59924107984436,2273100
2025-11-20,72.95406341552734,73.47019767503929,72.68607222885733,72.84487985765884,1774100
2025-11-21,73.49005126953125,73.69849053605769,72.71584611594004,73.19227656150753,2421700
2025-11-24,73.74812316894531,74.00618650845863,72.83495091934464,73.60916365606107,3652900
2025-11-25,74.25433349609375,74.4329968181912,73.76797517533296,74.09552586129928,2753000
2025-11-26,74.7109146118164,74.7506184130339,74.16500438370883,74.40321961828803,1726600
2025-11-28,74.87965393066406,74.96898179940997,74.57195137973557,74.57195137973557,840800
2025-12-01,72.61659240722656,74.79032057394835,72.58680887742233,74.47269774390027,2723800
2025-12-02,72.10044860839844,72.94413351775319,71.96148909733886,72.85480564895434,1635600
2025-12-03,71.65380096435547,72.45778215125456,71.1475869412916,72.35852642997615,1818900
2025-12-04,71.16743469238281,71.92179180114667,70.4825649181571,71.37588155054507,1904100
2025-12-05,70.56195831298828,71.3361710367075,70.51233424363441,71.03839632968277,1882700
2025-12-08,69.9961929321289,70.78032593173317,69.78775366479998,70.61159046380862,1682900
2025-12-09,69.90686798095703,70.76048077196778,69.76790846360419,70.25426677433914,1511200
2025-12-10,69.489990234375,70.12523591327293,69.45028643285315,69.90686879126568,1832300
2025-12-11,69.22199249267578,70.1252369520446,68.81504177331882,69.44035961791774,2724700
2025-12-12,69.32124328613281,69.86716106044881,69.07310022012106,69.23191541727678,2347200
2025-12-15,70.23442077636719,70.28404484964511,69.39073580338265,69.73813460723206,1982200
2025-12-16,69.39073181152344,70.60166363346174,69.36094828199887,70.55203956303855,2419500
2025-12-17,69.73812866210938,69.86716032890331,69.30139444722941,69.3708742020762,2631800
2025-12-18,70.08553314208984,70.25426862149395,69.7282064958659,69.88702170428807,2752700
2025-12-19,68.6562271118164,70.164941313111,68.63637899696627,70.02598179098203,4796600
2025-12-22,69.25177001953125,69.34110546948352,68.30882930942212,68.4974204805344,2055100
2025-12-23,69.49990844726562,69.73813124934276,69.0135501452946,69.18228561722171,2399700
2025-12-24,69.58924865722656,69.6984322224749,69.27162580542942,69.57932081327868,719500
2025-12-26,69.44036102294922,69.66865599651939,69.20214577819527,69.48006482586256,1244600
2025-12-29,69.60909271240234,70.05575479129175,69.55946864100953,69.62894839914001,2223600
2025-12-30,69.89694213867188,70.17486118133444,69.55947117907475,69.7381345026044,1027400
2025-12-31,69.41058349609375,69.9565013079133,69.38080753776285,69.84731774554939,1064200
