Date,Close,High,Low,Open,Volume
2019-01-02,47.115482330322266,47.18132520064711,45.97733718537297,46.32536429825677,5270700
2019-01-03,42.90152359008789,46.033774994208244,42.402997941579954,45.62930957019207,18694100
2019-01-04,44.95207214355469,45.930314355074685,43.49411700247909,43.61639458779318,11037000
2019-01-07,45.00850296020508,45.56346689878567,44.33126144687293,45.149596885740046,9375500
2019-01-08,44.651065826416016,45.77980274130137,44.16194482215436,45.60108690035018,8231400
2019-01-09,45.591678619384766,45.82683272228951,44.13372031084189,44.30303155198665,8095300
2019-01-10,45.836238861083984,46.005550107967004,43.099045154031096,43.907975869546206,11880200
2019-01-11,45.67633819580078,45.77980299597938,44.763939049297775,45.35652844462622,6577900
2019-01-14,44.91443634033203,45.05553024577791,43.644605543987375,44.745125089063805,10095100
2019-01-15,44.98968505859375,46.36298416964694,44.067877810069234,45.12137078319243,11569500
2019-01-16,44.679283142089844,46.25951912764239,44.594627514714986,45.98673948519373,9823000
2019-01-17,45.35652542114258,45.68573973650885,44.5099691985337,44.62284216549258,7312700
2019-01-18,45.25305938720703,45.808023253446855,45.09315271990042,45.75158497295621,7850200
2019-01-22,44.30303192138672,45.19661823750886,44.05847323112006,45.19661823750886,8144400
2019-01-23,44.49116516113281,44.96147346851935,44.15254260570769,44.481760573778836,8099900
2019-01-24,44.698089599609375,45.66692329660018,44.368871722610905,45.39414369261573,9057200
2019-01-25,44.85799789428711,45.29068419490641,44.114913614438095,44.82037596271908,11839200
2019-01-28,45.15899658203125,45.56346196404723,44.5193806632042,44.61344087792863,8212100
2019-01-29,45.35652542114258,45.61049228792524,45.02730751760938,45.5352412511747,7476500
2019-01-30,47.284793853759766,47.45410511786054,45.48821640750581,45.50702916886893,13005200
2019-01-31,46.49467086791992,47.41647454758163,46.1748611351257,47.0966648147874,8287100
2019-02-01,46.95557403564453,47.491728742648576,46.62635969536478,46.68279797719868,6172900
2019-02-04,47.35063934326172,47.407077630472514,46.616959550359056,47.021424971617584,5356200
2019-02-05,47.538761138916016,48.027882173857655,47.049640103974376,47.378854460104634,8727600
2019-02-06,47.519935607910156,47.76449426557984,46.89912899733868,47.190717752079486,6228100
2019-02-07,47.416481018066406,47.66103974679136,47.002611020159776,47.350638145403245,5673900
2019-02-08,47.47291564941406,47.52935034268535,46.95557370664612,47.09666761615868,4456600
2019-02-11,47.60459899902344,47.99965618479388,47.59519082517157,47.60459899902344,6963900
2019-02-12,46.92734146118164,48.03726885991342,46.91793687801132,47.83974031984235,8301700
2019-02-13,47.416481018066406,47.717478032574405,46.92735997244905,47.077858479703046,5754900
2019-02-14,47.482322692871094,47.71747682878359,46.99320165959302,47.0966700535013,5780000
2019-02-15,48.046688079833984,48.41352790665584,47.566971700015515,47.8679686650061,6492000
2019-02-19,48.74274444580078,49.11899246333586,47.971439239204194,47.971439239204194,7904800
2019-02-20,48.19719314575195,48.573437609299305,47.566978197354935,48.14075486154454,7497300
2019-02-21,48.422935485839844,48.78037074942794,48.06550022225175,48.15956402223129,6615000
2019-02-22,48.4605598449707,48.874429790465285,48.19718838767115,48.53580729498472,5413200
2019-02-25,48.357093811035156,48.78977653709733,48.22540807598729,48.73334184388663,6180400
2019-02-26,48.08431625366211,48.8744342864105,48.04669431927777,48.34769132335646,6826800
2019-02-27,47.43528747558594,47.999655905738926,46.98379201383015,47.943221215623815,9041600
2019-02-28,46.961692810058594,47.520531570764824,46.92380433410578,47.44475823210314,9483800
2019-03-01,46.37443161010742,47.10376850218342,45.67351288121208,46.76277944996671,11393900
2019-03-04,46.213417053222656,46.95222435415016,45.8724279564117,46.45021463564756,10194100
2019-03-05,47.09429931640625,47.82363622592733,46.80066904480873,47.387925974759796,9800700
2019-03-06,47.0848274230957,47.62472558757583,46.8290856167771,47.179548617978966,8702600
2019-03-07,46.971168518066406,47.17007761980171,46.18499881133494,46.895391557456186,8183600
2019-03-08,46.971168518066406,46.98063883152051,46.33654911931103,46.64912366196167,8570100
2019-03-11,48.42036819458008,48.58139242802638,47.14166270661315,47.17007726000307,8868100
2019-03-12,47.9941291809082,48.609804300863885,47.378457674196646,48.486668554223925,8073900
2019-03-13,48.32564926147461,48.3919522930335,47.43529168536656,48.28776078251404,10536300
2019-03-14,48.2498664855957,49.3296663263046,48.15514891285953,48.66663247741998,8048800
2019-03-15,48.48666763305664,48.75188336026129,48.2877585475862,48.58138882607403,8192400
2019-03-18,48.06043243408203,48.543497847222206,47.86151974561831,48.37300332182123,6415200
2019-03-19,48.26881408691406,48.6761061819049,48.13620803054384,48.29723225131057,5606600
2019-03-20,47.23637771606445,48.20251222429438,47.14166013443655,48.20251222429438,7753000
2019-03-21,47.643672943115234,47.937303246594674,47.07536018961659,47.08483050310234,5128700
2019-03-22,47.13218688964844,47.5868414051182,46.90486324515774,47.39740262587983,5896200
2019-03-25,46.440738677978516,47.39740289255494,46.38390957315819,46.98063685323682,6454000
2019-03-26,46.4975700378418,47.00905364574942,46.10922217552173,46.75331184179561,5321500
2019-03-27,47.33109664916992,47.861520862129886,46.39337673758948,46.45967976420947,7907200
2019-03-28,47.66261291503906,47.975187430742636,47.26479474586438,47.46370383045172,6600100
2019-03-29,48.92237854003906,49.017096121062316,47.719446472174425,48.05096161899991,9162100
2019-04-01,49.42438888549805,49.56646887218064,48.79924344793411,49.08339980805515,8501400
2019-04-02,52.40803527832031,52.98581826274757,51.07249363326448,51.65028023093559,15920700
2019-04-03,53.98984146118164,54.52973958673395,52.862686422672134,53.004762784886815,13277600
2019-04-04,54.19822692871094,54.62445964800059,53.39311305320419,54.42555056389955,8998000
2019-04-05,54.681297302246094,55.12647791346164,54.30242333829709,54.40661123944312,6918300
2019-04-08,54.662353515625,54.84232199224511,53.90460196819516,54.46344441190799,7921600
2019-04-09,53.94247817993164,54.406599316375974,53.78145398027698,54.17927571047283,9581600
2019-04-10,54.80443572998047,55.855817625392476,53.7719980756766,55.855817625392476,14398200
2019-04-11,55.30644226074219,55.732678627807694,54.76654406687399,54.88967982030277,8452400
2019-04-12,54.98439407348633,55.73267524882937,54.510798941736674,55.72320493602179,7693900
2019-04-15,54.416080474853516,55.401159200035444,54.34030352064996,54.93703438864879,5327000
2019-04-16,55.04122543334961,55.05069574592376,54.60551879005827,54.61498910263242,3970200
2019-04-17,55.34432601928711,55.87475385452231,55.022281193116456,55.7421441857805,4987600
2019-04-18,55.09805679321289,55.48640827630418,54.95598041931419,55.41063131962954,4108100
2019-04-22,54.70023727416992,54.90862028669058,54.25505669769182,54.73812575158169,4043900
2019-04-23,55.164363861083984,55.325384475389434,54.61499176070121,54.61499176070121,4593000
2019-04-24,54.79495620727539,55.43904588620095,54.74759741596349,55.16436345129424,3275200
2019-04-25,53.71516036987305,55.39168761336504,53.40258945369343,54.78548640711252,5557400
2019-04-26,54.09403610229492,54.43502517259929,53.49730522926228,53.57308218410506,3714100
2019-04-29,54.681297302246094,54.8423215371888,54.03720758896399,54.2171760640908,3215500
2019-04-30,55.211727142333984,55.47693928781206,54.709713792793295,54.76654651535767,4030300
2019-05-01,54.48750686645508,55.75487789936651,54.4208033192003,55.45947751440127,5629800
2019-05-02,54.94489669799805,55.345121562119886,54.554202987941366,54.620906526116634,3426100
2019-05-03,55.07831573486328,55.402305977100696,54.81150152422223,55.01161218220302,4673000
2019-05-06,55.0116081237793,55.240308598221624,54.068227299997666,54.296924139369274,4105400
2019-05-07,54.47798156738281,54.79244429687727,53.67753891427928,54.5542162781952,4784800
2019-05-08,53.79188919067383,54.392224836166136,53.534602485462834,54.0968207742414,3641400
2019-05-09,53.92528533935547,54.058692425656425,53.06766316303434,53.496474251194904,5003500
2019-05-10,53.953880310058594,54.192108327225135,52.46733980938485,53.60130386247201,3737800
2019-05-13,52.219573974609375,52.90567173975111,51.523948689427606,52.829437039148424,5223700
2019-05-14,52.64838409423828,53.010491645194875,52.17192812958454,52.314866373008876,2463400
2019-05-15,52.45779800415039,52.76272951341693,51.543003476350776,52.00993189464222,2998900
2019-05-16,52.77227020263672,53.32495729988977,52.54356971183033,52.54356971183033,2731400
2019-05-17,52.30534362792969,52.92473793559635,51.92418097596423,52.181464039382135,3969900
2019-05-20,51.724056243896484,52.095691299513966,51.21901410524404,51.45724207782657,3722800
2019-05-21,52.248165130615234,52.4387446168165,52.019464658074746,52.105226880893596,2816800
2019-05-22,51.51442337036133,52.25769355764098,51.35242644219455,51.92417581593107,3616700
2019-05-23,51.45724868774414,52.36251582685751,50.73303715749595,51.123730937314875,5278900
2019-05-24,51.57160186767578,52.04805791798524,51.18090805182487,51.85747477084722,2502800
2019-05-28,51.3429069519043,52.05759105455024,51.333375794895744,51.590662508056845,3454100
2019-05-29,50.70444107055664,51.21901436637526,50.32327849352353,51.21901436637526,3929600
2019-05-30,50.53292465209961,51.266667363959606,50.380458870094344,50.86644604934741,3775200
2019-05-31,49.07496643066406,50.313751264035616,48.89391446507929,49.99929220432831,5615100
2019-06-03,49.64671325683594,50.218462632245355,48.98920529193941,49.05590884047656,7244600
2019-06-04,51.752655029296875,51.80982742616648,50.33281446754193,50.36140066597673,7619300
2019-06-05,52.352989196777344,52.629334576776635,51.685953638256514,52.2672269628145,6379100
2019-06-06,52.11475372314453,52.619799533205004,51.80029466694711,52.46733376518521,6192000
2019-06-07,52.47686004638672,53.2201301935511,52.333921801899464,52.333921801899464,4234800
2019-06-10,52.15287780761719,53.26778683370792,52.076646731300066,52.886620546908965,3312900
2019-06-11,52.29580307006836,52.70555545421339,51.914636878050125,52.429210146753675,2833700
2019-06-12,52.83897399902344,52.86756019735456,52.31487309755062,52.4578077242772,3856200
2019-06-13,53.85859298706055,54.54469087067636,53.04861551110939,53.06767418955107,6300400
2019-06-14,53.35354995727539,53.96341311827912,53.153435654075714,53.90623708378333,4382500
2019-06-17,53.04861068725586,53.305897370216016,52.65791690240619,53.153431591617874,4057300
2019-06-18,53.39165496826172,53.858583419458384,52.84849545191145,53.31542390310812,3642500
2019-06-19,53.706119537353516,53.896702659526426,53.315425772680854,53.629884834456064,3196800
2019-06-20,53.3344841003418,54.201633847252324,52.72462102142503,54.173044016317,5055700
2019-06-21,53.35354995727539,54.18258246457288,52.94379746440017,53.36307747882244,8573500
2019-06-24,53.429771423339844,53.58223718616358,53.048605198745236,53.458357617909755,2896000
2019-06-25,53.286834716796875,54.04916718796684,53.229662326008565,53.410714288622586,3579600
2019-06-26,53.72517395019531,54.13492635808008,53.21060065167904,53.42976995251291,4437700
2019-06-27,54.14445114135742,54.71619679854541,53.839519639514464,54.077747602521164,4375400
2019-06-28,54.0777587890625,54.71620811715656,54.030113913619374,54.21116589433165,8034800
2019-07-01,55.068782806396484,55.17360370316158,54.55420947777,54.601854348553054,5009000
2019-07-02,55.78346633911133,56.431446754914454,55.354655235260644,55.840638729577684,6837100
2019-07-03,56.36475372314453,56.81261995064491,56.11699453467333,56.221815450174894,3303900
2019-07-05,55.93593215942383,56.59344009591532,55.12595482135338,56.364743263688105,5896900
2019-07-08,56.57438659667969,56.860259480653376,56.069344380490485,56.1265204113136,7800600
2019-07-09,56.183692932128906,57.16519480388696,55.80253029767252,56.764969857376165,7870200
2019-07-10,56.66967010498047,56.86024957103473,55.99309991423475,56.54579054398896,7781300
2019-07-11,57.32718276977539,57.92751831612844,56.66967483286436,57.412944990682966,12695600
2019-07-12,58.74702072143555,59.3092388938906,57.19377328989523,57.39388391863251,10045700
2019-07-15,58.79467010498047,59.47123674080265,58.423035013051965,58.670790529314054,5889000
2019-07-16,60.18592071533203,60.28121045962662,58.813728768107936,58.966194540021725,10319700
2019-07-17,59.318763732910156,60.29073427365784,59.261587712253124,60.25261692655315,7532000
2019-07-18,59.7094612121582,59.7094612121582,58.737490610218615,58.86137017857272,4482200
2019-07-19,58.0418701171875,60.11921858025465,57.99422524392044,59.900049255169506,7902700
2019-07-22,58.40398025512695,58.727970496632274,58.18481092044261,58.556446037301754,4786300
2019-07-23,60.11922073364258,60.13827941064622,58.38492111209136,58.556445570053214,7452200
2019-07-24,60.57284164428711,60.84137112116991,59.82479315386231,59.83438192441967,5718800
2019-07-25,59.68093490600586,60.544070578131794,59.30691066756451,60.19881630928142,5351700
2019-07-26,59.61380386352539,60.09332287904874,59.374044355763715,59.70011743265718,3857900
2019-07-29,59.90151596069336,60.150867903400886,59.31650216254089,59.44117813389466,4972200
2019-07-30,60.06455993652344,60.11251111199823,59.54667846113924,59.757668023356544,2910000
2019-07-31,58.5396842956543,59.96864896206995,58.19443000731659,59.9398789908551,7229600
2019-08-01,57.84917068481445,59.239776488076636,57.32170052728454,58.79861989511995,5838000
2019-08-02,57.66695785522461,58.05057087273924,57.04358167140866,57.446379547004746,3739500
2019-08-05,55.45158004760742,56.95726950128719,54.69393910612936,56.938088301174346,8855700
2019-08-06,56.3818473815918,56.48734215158908,55.710520020332545,56.09413670060635,4704500
2019-08-07,56.813419342041016,57.11071881524136,55.07755904297166,55.64339167516465,7648800
2019-08-08,57.57106018066406,57.97385811449685,56.96686876757532,57.47515782702974,5414000
2019-08-09,57.09153747558594,57.69573250880453,56.6503808233362,57.244983426735416,5606400
2019-08-12,56.25717544555664,56.87095925125315,55.88315116761283,56.65038092473347,4788300
2019-08-13,56.4297981262207,57.46555730164089,55.787240740376525,55.81601436916581,6156200
2019-08-14,54.8857421875,55.6817454528993,54.37745323777339,55.547477064980285,7662800
2019-08-15,54.770660400390625,55.33649296295783,54.454176106448465,55.11591466344039,4360400
2019-08-16,55.66257095336914,55.96946284580955,54.876160021685585,55.07755714014212,4226100
2019-08-19,55.806427001953125,56.58324919780894,55.758475827541304,56.27635729144518,3503500
2019-08-20,55.31731414794922,55.787240736342994,55.23100057846713,55.64338722616603,2513700
2019-08-21,55.6338005065918,56.170863178312736,55.480354551591546,55.86397126831224,3014900
2019-08-22,55.58584213256836,55.89273400282262,55.11591555680888,55.74888049651325,3436400
2019-08-23,53.897945404052734,55.69134574156352,53.5526910805875,55.45158620120603,5921400
2019-08-26,53.974666595458984,54.540499257468845,53.658185904336314,54.4350044742812,3414500
2019-08-27,53.840389251708984,54.358270616232694,53.29373791974709,54.310319451022586,7702800
2019-08-28,54.358280181884766,54.82820680545391,53.514325623602986,53.55268802589762,5264100
2019-08-29,55.509117126464844,55.748876612047525,54.72270630642881,54.780246241567426,4101400
2019-08-30,55.48993682861328,56.44897478649892,55.23099614097142,55.76805871442559,4268300
2019-09-03,54.94329833984375,55.5379009884832,54.32951448854621,55.08715187211892,6601700
2019-09-04,54.8857421875,55.66256425462515,54.415815634321675,55.259766407747094,4939600
2019-09-05,55.806427001953125,56.525705593450695,55.19264318922561,55.29813796799567,4461600
2019-09-06,55.60502624511719,56.544883104318394,55.51871267343341,56.295534818587406,5741100
2019-09-09,55.72970199584961,56.05577508108876,55.20223179696152,55.60502602425938,5740500
2019-09-10,56.23799133300781,56.314716133968034,55.43239921512484,55.70093236004575,4409600
2019-09-11,56.37226486206055,56.75588160976991,55.75848099247792,56.21881889466489,4163700
2019-09-12,57.00522232055664,57.43679018947407,56.37225733229106,56.37225733229106,5188700
2019-09-13,57.55187225341797,58.09852731226687,57.168259225264876,57.54228348255108,7548400
2019-09-16,56.65037536621094,56.70791896426385,54.90492646810953,55.65297495059879,9556400
2019-09-17,56.93809127807617,57.32170798351006,55.77765604887672,55.92151322802444,8176700
2019-09-18,56.880550384521484,57.06276630442159,56.26676293437594,57.014815131652085,4075600
2019-09-19,56.28594207763672,56.82300470496673,55.921510251158345,56.82300470496673,3569900
2019-09-20,56.2284049987793,56.75587522369932,56.09414024972038,56.39143972022511,6139400
2019-09-23,55.64339065551758,56.25717445035613,55.470763505914235,55.9215125808163,4387100
2019-09-24,55.62420654296875,56.49693101652946,55.202231120715595,56.21880910578906,5047700
2019-09-25,55.9215087890625,56.09413592696087,55.3173138064182,55.66256808221494,3193100
2019-09-26,56.37226486206055,56.40103849612504,55.55708384622871,55.72971101685388,3795400
2019-09-27,55.89274215698242,56.94768631602135,55.77765860345752,56.55448082124107,4395800
2019-09-30,55.24059295654297,56.28594462922973,55.16387181112633,56.11331747899228,5208200
2019-10-01,54.67475891113281,56.276354394819826,54.329508278074215,55.67215938469742,7102200
2019-10-02,52.12371826171875,53.46637303908061,50.70434234023218,53.45678426798,13770400
2019-10-03,50.66598892211914,51.65379707909285,49.68776953725377,50.944107214544914,14346800
2019-10-04,51.605838775634766,51.749692288037686,50.522124755021586,50.68515946743287,6620900
2019-10-07,51.17427062988281,51.893549163117434,51.05918708892842,51.54829488181445,8659800
2019-10-08,51.02082061767578,51.883952593615625,50.723517530625216,50.84819349079991,8039400
2019-10-09,51.711334228515625,52.171675750476176,51.394853547912895,51.79764780657821,7615300
2019-10-10,50.92491912841797,51.07836507049256,48.97807305238912,49.82202756301929,22703500
2019-10-11,50.781063079833984,51.56747395100168,50.48375998134292,51.308533250723585,10935000
2019-10-14,50.81943130493164,51.020828430982185,49.84121198897748,49.91793313576051,6631900
2019-10-15,51.44279861450195,51.77846411530679,50.838603639805,51.03041197477352,8413300
2019-10-16,50.99204635620117,51.91272557422589,50.89614402399251,51.54829012664193,5532800
2019-10-17,51.18385696411133,51.55788119823832,51.06877342863525,51.32771412728616,4402000
2019-10-18,51.62501525878906,51.778461186396086,51.0016391200133,51.011227889921464,6966400
2019-10-21,52.34429931640625,52.72791234714192,51.88395782601963,51.97027139816214,6699600
2019-10-22,52.41142654418945,52.708725973603386,51.845593995332564,52.449785282590284,5646900
2019-10-23,51.989219665527344,52.40466994895967,51.786322683986626,52.22109666497609,4876100
2019-10-24,51.96989059448242,52.81045108040568,51.67037884174284,52.46263193157728,4825300
2019-10-25,52.75248718261719,52.887753069964646,51.78632438670392,51.79598807860945,4412800
2019-10-28,53.303199768066406,53.457789353857606,52.86842945769371,52.86842945769371,3966400
2019-10-29,53.50609588623047,53.979513585349935,53.24523149287915,53.274215196934236,4480100
2019-10-30,53.448123931884766,53.5350787282684,52.95538254278982,53.4867713270816,3814100
2019-10-31,53.216251373291016,53.3321898829391,52.568920349383454,53.15828027565759,7024000
2019-11-01,54.12443923950195,54.172746641254754,53.361169760704854,53.67034155466496,5389600
2019-11-04,54.95534133911133,55.04229613892078,54.51090364807488,54.82973914258242,6164400
2019-11-05,55.564022064208984,56.17270567177089,55.11958805229588,55.34180505825243,6915300
2019-11-06,55.631649017333984,55.650969027636506,55.10992028433047,55.554354233651324,5120300
2019-11-07,55.70893859863281,56.45288428604164,55.63164750267267,55.960139267525825,7754400
2019-11-08,55.631649017333984,55.7089401153985,55.10025659356106,55.53503053773066,4821000
2019-11-11,55.27416229248047,55.57367402980594,55.15822381071036,55.32246968608319,3811600
2019-11-12,55.28383255004883,55.73792652660023,55.10992296392504,55.641311727917376,4424700
2019-11-13,54.58819580078125,54.95533868061808,54.39496251215038,54.82007648426199,4110600
2019-11-14,54.63650131225586,54.829734594204915,54.172743646949115,54.36597692889817,3763900
2019-11-15,54.92634963989258,55.29349250868845,54.897365937436014,54.96499703358021,4350100
2019-11-18,55.14857482910156,55.15823483550575,54.57853862517011,54.85872303831512,3788400
2019-11-19,55.1389045715332,55.54469481894446,54.78142540724624,55.409428946061915,4704900
2019-11-20,53.78628158569336,54.92635399045218,53.40947868143925,54.87804658732551,7383600
2019-11-21,53.43845748901367,54.09544838574867,53.39014640802767,53.85390772329074,5021300
2019-11-22,54.21139907836914,54.23072277799099,53.254896217991025,53.68967024543562,9648200
2019-11-25,54.44327163696289,54.771767132352345,53.80560434422084,54.481919033036604,6822400
2019-11-26,55.51571273803711,55.53503643601011,54.346656652809564,54.4142877529058,4888100
2019-11-27,55.1389045715332,55.63164960870271,54.76210171112016,55.58333852557843,4062500
2019-11-29,55.370784759521484,55.89250980793097,55.0809330057607,55.21619887747087,2653600
2019-12-02,54.82973861694336,55.69928660670178,54.80075491249094,55.31282001444947,5628200
2019-12-03,53.73797607421875,54.10511898501891,52.694522124600844,53.99884048302791,6871700
2019-12-04,54.1630859375,54.65582732602134,53.873234159479665,54.056807443641674,4760100
2019-12-05,53.98917007446289,54.5012351010873,53.81526050209648,54.481911405755696,3899900
2019-12-06,54.24037170410156,54.68480564775322,54.22104800842739,54.53021976797794,4568200
2019-12-09,53.91188049316406,54.25003966565697,53.766958292625716,54.095453773711704,4057000
2019-12-10,53.65101623535156,54.462593091373265,53.55440143476594,53.91188061967479,4871900
2019-12-11,53.216251373291016,53.64136169907983,53.09064917122797,53.52542318943175,5544300
2019-12-12,54.77177047729492,55.54470370349843,53.728316518910226,54.01816463592715,8868000
2019-12-13,54.8104133605957,55.35146583724397,54.52056526745567,54.868384453471094,4440400
2019-12-16,56.44322204589844,56.51085682432631,55.21619868456859,55.235518694841545,7460700
2019-12-17,56.7040901184082,57.2934499819458,56.35627462648843,56.44322573525459,6663200
2019-12-18,56.59781265258789,57.62194275429925,56.47221046979789,57.47702056088144,5026900
2019-12-19,57.13886642456055,57.235484914278395,56.44322804106612,56.63646133488329,4455700
2019-12-20,56.97461700439453,57.563976855637435,56.926305919707765,57.53498946770171,6025700
2019-12-23,57.428714752197266,57.892472447842444,57.03258815681585,57.167850357343376,3648100
2019-12-24,57.380401611328125,57.69923706835782,57.15818463473994,57.64126598009292,1076000
2019-12-26,57.544654846191406,57.699240739114195,57.25480307204506,57.4673600569208,2464400
2019-12-27,57.080894470214844,57.631606918080976,56.80070640077608,57.61228322167642,3538600
2019-12-30,56.67510986328125,57.29345346735745,56.269323255213216,57.245146064342485,3779300
2019-12-31,56.50119400024414,56.742734674160516,56.36593181254988,56.51085769114699,2917300
2020-01-02,57.0422477722168,57.38040324936996,56.4722116210027,56.935969283506296,4459200
2020-01-03,56.09540939331055,56.15337679827626,54.98432078030226,55.55435693804783,9078100
2020-01-06,55.70893859863281,55.8055533899875,54.74277594261378,55.061611388196724,5504300
2020-01-07,55.66064453125,56.10507857489298,55.52538231671683,55.95049266033808,5563000
2020-01-08,56.858680725097656,57.39007322685751,55.776579394058714,55.795903092815315,8519000
2020-01-09,56.96495819091797,57.45770328621595,56.59781897806613,57.254806295765746,5336700
2020-01-10,57.2354850769043,57.47702577345744,56.63646149580716,57.245145083094265,8279700
2020-01-13,57.477020263671875,57.67991354477858,57.032582623548095,57.032582623548095,8414200
2020-01-14,59.37070846557617,60.14363801621094,58.8006722309295,59.940744700222844,16454100
2020-01-15,59.53494644165039,59.84411822066589,58.96491028303711,59.457655339705674,7953400
2020-01-16,59.786155700683594,60.365851912299526,59.54461499824051,59.9600653012921,4950300
2020-01-17,59.93107604980469,60.365850037825396,59.77649015246605,60.02769453915291,5770000
2020-01-21,58.298255920410156,59.52528295916579,56.45288535974071,59.17746380668475,16592000
2020-01-22,57.62194061279297,58.66539805758869,57.54464951629962,58.57844327052238,7096400
2020-01-23,58.230628967285156,58.33690745872213,56.221008692596456,57.18717143566948,7774500
2020-01-24,56.820030212402344,58.17265579290032,55.88285120578103,58.066377305268844,10989500
2020-01-27,54.90703201293945,55.24518750834444,53.7379722596426,54.57853652356668,13090200
2020-01-28,55.535037994384766,56.00845939396168,54.829739583862185,55.602669096378804,6343700
2020-01-29,54.733116149902344,55.84420099726061,54.65582136802452,55.68961511912302,5662000
2020-01-30,55.16789245605469,55.245187246419924,53.76695939406018,53.76695939406018,5980700
2020-01-31,53.85390853881836,55.148566656623,53.55439678601244,54.78142381215414,9320800
2020-02-03,54.143760681152344,55.31281670870049,54.10511328711314,54.298346571690786,7497600
2020-02-04,55.96980667114258,56.42390432899473,55.216200928850306,55.26450832773243,6880800
2020-02-05,56.897315979003906,57.293442504922176,56.6171279352618,56.97461075753328,6067000
2020-02-06,56.21134948730469,57.99874911319555,56.05676359363639,57.77653212139852,5210200
2020-02-07,55.96014404296875,56.27897951575999,55.57368115895257,55.99879143705587,3836800
2020-02-10,55.757259368896484,56.15338600545912,55.486734939717785,55.59301344707197,4541100
2020-02-11,56.67510986328125,57.100220169678984,56.00845885619008,56.134057366905274,4566500
2020-02-12,57.45769500732422,57.89246525914196,57.17750694924134,57.28378543234989,5227500
2020-02-13,57.12920379638672,57.20649489899511,56.37559435364937,56.762060923546386,4353100
2020-02-14,56.906986236572266,57.45769869748723,56.59781445801012,57.23548171199683,3810100
2020-02-18,56.73307418823242,57.45769620384254,56.43356242829103,56.87799637998355,5690600
2020-02-19,56.92082595825195,56.988928123629606,56.45386353836722,56.90137243795825,4399900
2020-02-20,56.79436492919922,57.3877975540277,56.54142460824555,56.619253541181386,5239400
2020-02-21,56.2982177734375,56.44414517496067,55.32537832618431,56.385773472133806,6295600
2020-02-24,52.757080078125,53.87584686962215,51.89125360817278,53.340785943244825,17983100
2020-02-25,49.50779342651367,53.22403940900373,49.37159651266653,53.05865850250008,15836500
2020-02-26,48.24310302734375,50.36389308579564,47.66912766820149,50.04285432221837,15985900
2020-02-27,46.88113021850586,49.59535308544933,43.80695780599872,45.45105879755275,21949100
2020-02-28,44.87708282470703,46.49199608974932,43.9139701801712,44.770069896304406,19851300
2020-03-02,45.87910842895508,45.96666412811882,43.12597470829594,44.964640679646614,20098700
2020-03-03,44.925724029541016,48.61278626595261,44.789527106585496,48.45713210956232,26344100
2020-03-04,47.18271255493164,47.318909481934696,44.770071203638885,46.20987312080934,20381800
2020-03-05,43.78749465942383,45.30512528259572,43.2135193318544,45.23702682941692,22918800
2020-03-06,44.64360427856445,45.65535825415114,41.705628528930916,42.289334458425486,25809300
2020-03-09,42.33796310424805,43.787491457146515,41.27756821090061,41.871000726134554,25784700
2020-03-10,44.23501205444336,44.6338760901966,40.33392368689492,44.33229451737319,28693300
2020-03-11,41.511051177978516,43.13569473985159,40.59658357134654,42.80492922918259,23542000
2020-03-12,32.794410705566406,37.72670547818024,32.55120088951607,36.45228841717234,36331900
2020-03-13,37.31812286376953,37.68780290346331,33.84508623406941,37.49323426619879,33052500
2020-03-16,34.83738708496094,37.04573340156104,30.3817799774648,31.90913783823986,35535400
2020-03-17,30.87792205810547,36.179895627520175,29.768885745764873,35.24597070250576,33097500
2020-03-18,22.85199737548828,28.980886733530138,18.581232986039936,28.980886733530138,64242500
2020-03-19,20.925777435302734,23.49407306846322,19.45678959798926,22.725530844225553,44623400
2020-03-20,20.77012062072754,26.120737078474765,20.68256493024817,22.540687951676883,55062900
2020-03-23,21.61648941040039,22.209922000025962,20.04049072281716,21.567848185744825,44426400
2020-03-24,26.15965461730957,28.19288940283622,23.854025948334407,25.546766524006244,65730300
2020-03-25,30.25530433654785,32.37609257353919,26.655797977863294,30.634711091536573,70733900
2020-03-26,30.83901023864746,34.91520605691581,29.593775117798955,31.724293959028905,57779500
2020-03-27,28.747406005859375,30.469332337622987,28.23180226696152,29.88562827619789,34960700
2020-03-30,27.891305923461914,28.494467173334403,25.293824627842486,27.716194532997516,29527500
2020-03-31,27.755109786987305,29.700788659682118,27.648096855215023,28.552837827905144,25002300
2020-04-01,23.221675872802734,25.867798210810683,23.046564494636073,25.867798210810683,56133000
2020-04-02,22.063995361328125,23.980488091786942,21.898612608051927,23.270315856471836,39407400
2020-04-03,21.869428634643555,23.00765077397072,21.15925633849805,22.404491402506594,48967800
2020-04-06,21.713775634765625,22.8617264513368,20.19614665371855,21.70404701786574,95093000
2020-04-07,21.64567756652832,25.147899925929337,21.305183391002224,24.52528142179637,98907200
2020-04-08,22.59906005859375,22.997924086069684,21.918073554496686,22.462863128883136,67565200
2020-04-09,23.72754669189453,24.836584604162727,22.715794922988888,24.710114473334862,91692900
2020-04-13,22.61851692199707,24.379355784329263,21.48029470589417,24.301528703550602,76173000
2020-04-14,23.873483657836914,24.603113326760376,23.18276660637305,23.338420787299853,60843600
2020-04-15,23.688640594482422,24.807405572732137,22.676886692227537,24.233430158095995,88092500
2020-04-16,22.16128158569336,23.153576335973955,22.015354195303292,23.114663725935426,57610200
2020-04-17,23.610811233520508,23.94157675765353,22.949280185254466,23.49406969624965,52594500
2020-04-20,22.9979248046875,23.464889167154013,22.287752426799926,22.80335802124184,42950800
2020-04-21,22.472585678100586,23.124388010144166,22.180732807540824,22.394758617060017,38616700
2020-04-22,21.85970115661621,23.289776295307178,21.042515893233926,23.23140459396277,70143800
2020-04-23,21.869428634643555,22.336391087817816,21.80133017549862,22.03481140208575,43581800
2020-04-24,21.801332473754883,22.06399957718423,21.159258569068065,21.91807402712705,43694600
2020-04-27,21.55811882019043,22.803353796843723,21.402464680051732,22.209921227850117,50561700
2020-04-28,23.678911209106445,24.223700755041875,22.034812099064407,22.375306261103017,83972100
2020-04-29,26.577972412109375,26.85036811519007,24.807404980944664,24.992244988590276,81614900
2020-04-30,25.20627212524414,26.49042001057505,24.807408065574514,25.974816246172153,63570700
2020-05-01,23.464887619018555,24.710120888655403,23.075750366713102,24.272344263127675,45146100
2020-05-04,21.956985473632812,22.1710113341767,19.943208165514257,20.614467886735092,91387100
2020-05-05,21.12034034729004,22.86172358783275,20.925773600294285,22.394761168390485,51178700
2020-05-06,20.429624557495117,21.49974811971073,20.18641474133446,21.168982621288748,52949200
2020-05-07,21.091161727905273,21.888889861527193,20.44908777374401,20.497729008996398,48328200
2020-05-08,22.102907180786133,22.297475773785113,21.45110480644626,21.75268631114904,43175900
2020-05-11,21.412195205688477,21.898614900895726,20.964688121214987,21.49975089926929,39151900
2020-05-12,20.458812713623047,21.79160161757647,20.458812713623047,21.49975054744555,37466300
2020-05-13,18.882814407348633,20.400443496608027,18.571506066530713,20.400443496608027,72264900
2020-05-14,18.853628158569336,19.009284181252998,17.034419384295962,18.289381338802187,88506300
2020-05-15,18.668790817260742,19.116296103616023,18.114272590453492,18.454764936356806,46861800
2020-05-18,21.26626968383789,21.344096760906396,19.99184874546827,20.34207152004849,74367700
2020-05-19,21.168981552124023,21.956980797133486,20.740931777748216,21.956980797133486,70906400
2020-05-20,22.102907180786133,22.472587136375466,21.53866048774144,21.73322908074042,50857000
2020-05-21,22.530960083007812,23.036837010218942,22.054269005439437,22.151553315371405,46567200
2020-05-22,22.0737247467041,22.764439775006423,21.626217693478914,22.608785631852555,37139300
2020-05-26,24.95332908630371,25.16735493196601,23.62054020896945,23.815106966656128,78557100
2020-05-27,25.605134963989258,27.093580044946396,24.058320033448723,26.918468640652137,92712000
2020-05-28,24.963058471679688,25.64404678342515,24.272343398962434,25.537033857296723,53868100
2020-05-29,24.525283813476562,24.914421112336925,23.708100310284618,23.951310194300266,50424400
2020-06-01,25.459209442138672,26.033184887757244,24.398814253151414,24.642024124835757,46510800
2020-06-02,25.69268798828125,26.24720614038829,25.235454145702995,25.955355067345806,43200400
2020-06-03,27.69673728942871,27.823207451626566,25.974812946756895,26.27639264381161,65011100
2020-06-04,31.50054168701172,31.918862937530623,28.426367390430542,29.44784990216032,134626500
2020-06-05,33.232200622558594,36.228548375037036,32.54148539649235,36.1896339003348,130685400
2020-06-08,35.965877532958984,36.07289047182358,34.41906257820756,35.63511195423578,82137300
2020-06-09,33.241912841796875,33.786704116007265,31.7632005609587,33.56295155099772,60254500
2020-06-10,30.7806396484375,32.09397513447669,28.951702296249877,31.364345545928696,90379400
2020-06-11,26.461231231689453,28.766859466851404,25.87752724684234,25.92616847243634,88001500
2020-06-12,29.603504180908203,29.90508388495256,27.96913364001343,29.078169997530328,68352400
2020-06-15,29.632686614990234,30.128834921302317,27.239502631590153,27.5313537032825,64288700
2020-06-16,30.449872970581055,32.12315795320948,29.778615109709072,31.743751174843233,63426700
2020-06-17,29.885623931884766,30.3136737621124,29.2630073464946,30.002365469417317,37722100
2020-06-18,29.953725814819336,30.30394673468954,28.796046417068013,29.068440259684404,40662600
2020-06-19,28.7084903717041,30.663897751250698,28.231799297418195,30.654169134770104,48103900
2020-06-22,28.5139217376709,29.029527277598735,27.784292201918003,28.24152789853789,42192700
2020-06-23,28.834957122802734,28.84468573875968,27.949673481702213,28.727946058363877,33475000
2020-06-24,26.597429275512695,28.202613910243862,26.198565270989917,27.969132677514228,45272500
2020-06-25,27.24923324584961,27.395158792394422,25.556492823733,25.79970268648902,37309400
2020-06-26,26.179107666015625,27.33678705213076,25.527305204737473,27.258959975659213,45683400
2020-06-29,27.832935333251953,28.037230712961062,25.858070718344585,26.461231952067227,38727300
2020-06-30,27.288143157958984,27.881575758118306,26.850366561656774,27.579996077704273,27054800
2020-07-01,26.947654724121094,29.03925926496507,26.74335746551255,28.231802559223663,39305300
2020-07-02,26.96710968017578,27.949677776277333,26.850369981842476,27.764839611325595,29240100
2020-07-06,27.667552947998047,27.852391097287903,26.539059396828442,27.47298432653685,27345200
2020-07-07,26.27639389038086,27.19086349722132,26.13046834330538,27.103307797867235,24598100
2020-07-08,26.27639389038086,26.53906098844312,25.48839445173808,25.926171092964513,27214100
2020-07-09,24.95332908630371,26.18883551256654,24.53500786673883,26.06236721284739,31219800
2020-07-10,26.354217529296875,26.519600289186588,24.466908714474947,24.612834242484983,31349400
2020-07-13,26.091550827026367,26.869823413101734,25.595402540483565,26.490414808366776,34133100
2020-07-14,25.400836944580078,26.02345355741331,24.76848985968447,24.943601245929784,42273300
2020-07-15,27.823209762573242,28.095603632004412,26.18883912380996,26.753085953331183,47726600
2020-07-16,26.519601821899414,27.190861516193866,26.305577825484658,26.811452894787156,25914200
2020-07-17,26.3153076171875,26.97683877116866,26.208296534427546,26.587703343986824,20920100
2020-07-20,25.507850646972656,26.675258772026368,25.323012480682,26.266666113811976,21574500
2020-07-21,25.712148666381836,26.21802565927721,25.63432157943979,25.780247135513115,20930300
2020-07-22,25.53703498840332,26.091553165550188,25.400838062239234,25.517577754510178,16710800
2020-07-23,26.052637100219727,26.94764932969338,25.07979780103287,25.293821778858245,28110700
2020-07-24,25.254911422729492,25.916442550629846,25.17708434036145,25.760788385893765,16774900
2020-07-27,24.80740737915039,25.449481304049577,24.68093905993138,25.245185898647154,18849800
2020-07-28,25.23545265197754,25.58567354778963,24.651748684899044,24.66147730083046,18615600
2020-07-29,25.02143096923828,25.478666716253827,24.690665394797104,25.31328392903324,14459700
2020-07-30,24.262615203857422,24.690663204718028,24.145873659185682,24.56419489890555,16844000
2020-07-31,24.291799545288086,24.330714012582387,23.76646722562254,24.12641677037517,17106500
2020-08-03,24.515554428100586,24.787948281506708,23.717824535220483,24.175060255798975,16590400
2020-08-04,24.972789764404297,25.507850741298487,24.622566954484277,24.758765744755436,17233600
2020-08-05,25.751060485839844,26.30558055064292,25.050616725019623,25.50785061472315,27782100
2020-08-06,26.344491958618164,26.55851596740316,25.420293748483367,26.169380562546813,30682500
2020-08-07,26.441776275634766,26.461233509764988,25.751059308363715,25.974813789773307,15254500
2020-08-10,28.543107986450195,28.61120644718623,26.6363418081218,26.714168885469253,34084900
2020-08-11,28.834957122802734,29.98290782810946,28.6306617543382,29.95372383578239,37293000
2020-08-12,28.299898147583008,29.457577547127595,27.589725834598937,29.2240963150045,26590000
2020-08-13,27.92049217224121,28.776590047732913,27.71619492860209,27.82320785886753,15767700
2020-08-14,28.163700103759766,28.397181326578796,27.38542750548585,27.531353037804767,13107800
2020-08-17,27.25896453857422,28.251261321346238,27.006026033816006,28.251261321346238,14569000
2020-08-18,26.879552841186523,27.51189995998496,26.626616220319914,27.239504249494185,14222500
2020-08-19,26.918466567993164,28.329084455710138,26.811453639043293,26.996293646626548,21082100
2020-08-20,26.869823455810547,27.035206218254352,26.286119479212186,26.77253915045352,14010200
2020-08-21,26.52933120727539,27.10330660872761,26.432046894978686,26.81145367183751,10897500
2020-08-24,28.990615844726562,28.990615844726562,26.792000246514935,26.908739945344266,34251000
2020-08-25,29.28246307373047,29.457574443257723,28.533376373216633,29.18517877337714,31001900
2020-08-26,29.13654136657715,29.39920659972192,28.815504432250034,29.194911212215548,18877300
2020-08-27,29.982908248901367,31.335154341650583,29.78834149366315,29.973179632807888,31795200
2020-08-28,31.121129989624023,31.121129989624023,29.895352209363132,30.401229107034695,20469700
2020-08-31,30.012096405029297,31.140588125493966,29.963453320821383,30.9460213552941,18262700
2020-09-01,29.875898361206055,30.751455343090942,28.94197338792081,29.20464048248628,20041500
2020-09-02,30.29421615600586,30.44987030043213,29.321376825569768,29.574315274148404,16307700
2020-09-03,30.372045516967773,31.646464616323303,29.642415964157948,30.770909524060297,29474900
2020-09-04,30.9071102142334,31.490812408153285,29.778616584523714,30.926567448842466,25878700
2020-09-08,31.656198501586914,32.20098625132508,30.48879034900938,30.547160199975025,28129400
2020-09-09,30.897380828857422,31.55891008922475,30.46933095581882,31.296242995163972,19362700
2020-09-10,30.926565170288086,31.821575629835944,30.80982362677878,31.30597193949154,17711300
2020-09-11,30.83901023864746,31.25733148453969,30.488787455008584,30.946021312669615,14344100
2020-09-14,31.928585052490234,32.00641397665038,31.14058389526187,31.412981418735022,16333000
2020-09-15,32.5998420715332,33.54349734422823,32.20097812213101,32.298264275087206,22656400
2020-09-16,33.63105773925781,34.03965221675794,32.28853832902566,32.88197095641407,26009000
2020-09-17,33.037628173828125,34.11748060098218,32.7263198340651,33.0473586469328,26014800
2020-09-18,31.948049545288086,33.09600045996675,31.695112906450102,32.31772959690195,35079200
2020-09-21,29.010068893432617,30.3525882250469,28.620933527582025,30.313673760689948,34449900
2020-09-22,29.399206161499023,29.710516329865982,28.91278645882704,29.00034215375151,18035300
2020-09-23,28.75713348388672,30.187208656044323,28.689035019601878,29.613233234866396,17358100
2020-09-24,28.222070693969727,28.70849038496084,27.16167561916559,28.329083619761807,22257800
2020-09-25,28.97115707397461,28.980885690328915,27.998317705070015,28.0372303149434,21831500
2020-09-28,30.488786697387695,31.09194608139561,29.321378684629842,29.76888576988644,22098400
2020-09-29,29.778615951538086,30.26503567316115,29.47703438814012,30.255307056063412,14785600
2020-09-30,29.749427795410156,30.984934237942525,29.65214348751384,30.148291787795593,16664100
2020-10-01,30.25530433654785,30.508242791721603,29.74942742620035,30.148291413635622,12501900
2020-10-02,30.88764762878418,31.422708499033828,28.80577213041334,28.941969037994625,27126000
2020-10-05,31.130863189697266,31.54918446069587,30.663900687182377,31.471355521399346,14807100
2020-10-06,30.216392517089844,31.831307696206594,30.07046697205259,31.743751998075446,20317100
2020-10-07,31.27678871154785,31.481084098264486,30.78063853113562,31.34488717378673,15416600
2020-10-08,31.792394638061523,32.103702976094176,31.05303640746195,31.802121400023992,18123800
2020-10-09,31.918865203857422,32.366370481413824,31.412988220541774,31.82157902759201,16730600
2020-10-12,31.753480911254883,31.918865557192774,31.4227153304673,31.792395382191824,12065800
2020-10-13,30.9071102142334,31.510269642762356,30.624985879033968,31.0335785281043,22421200
2020-10-14,30.897380828857422,31.442170395560385,30.79036789671178,30.907109445920113,16497900
2020-10-15,30.488786697387695,30.60552638533715,29.856441463620474,30.52769930818955,11922300
2020-10-16,30.615253448486328,30.897377748546134,30.391500844983316,30.547154991380523,11143600
2020-10-19,30.644441604614258,31.393528400279816,30.459601596018253,30.839010230035733,14588700
2020-10-20,31.11140251159668,31.52972373629729,30.73199575223745,31.101673895261335,14244300
2020-10-21,30.644441604614258,31.07249146721514,30.517973296971054,31.023848383087806,11292300
2020-10-22,32.80414962768555,32.891705332463964,30.858468742477292,31.004396154137396,25713700
2020-10-23,33.076534271240234,33.115448731632036,32.00641258807617,32.60957187980025,15247300
2020-10-26,31.062763214111328,32.59012081825912,30.67362781425583,32.59012081825912,16558300
2020-10-27,29.875898361206055,31.189233834033388,29.856442982587264,30.88765227114238,13442000
2020-10-28,28.84468650817871,29.331106185738367,27.959402843463646,28.951699431015857,22720900
2020-10-29,29.924541473388672,30.070467018652064,28.54310939084353,28.65984908483665,16962300
2020-10-30,29.807802200317383,30.148296402298662,29.17545688552022,29.691062497408677,15229400
2020-11-02,29.399206161499023,29.79807016924654,28.864145230777403,29.788343408071743,14200900
2020-11-03,30.06073570251465,30.508242770758816,29.807797247514696,30.099650167381018,14257900
2020-11-04,29.603504180908203,30.45960206371101,29.292195859889,30.070466662437006,12348500
2020-11-05,31.11140251159668,31.383796346810964,29.963451761639806,30.01209484331653,13145100
2020-11-06,30.566614151000977,30.975206774944162,30.18720737717656,30.809824002025636,11821100
2020-11-09,35.771305084228516,37.63915494573162,33.738070595417945,36.38419494363513,58086400
2020-11-10,36.033973693847656,36.160440148873356,34.7206382251781,35.11950224653227,28449400
2020-11-11,34.0688362121582,35.790762394418635,33.78671189567246,35.6448350000742,20970400
2020-11-12,33.44622039794922,34.58444074140447,33.09599761193595,33.164096074650985,21676300
2020-11-13,35.4697265625,35.67402196271005,33.90345440538006,34.000740580066825,20832400
2020-11-16,36.967899322509766,37.60024645325106,36.22854296893829,37.38622058541468,25376600
2020-11-17,36.57875442504883,37.01653283107659,35.66428686330314,36.38418954333626,16952700
2020-11-18,36.88034439086914,38.232590668887305,36.860887156016375,37.055455793455906,21199200
2020-11-19,36.88034439086914,37.09437026316142,36.46202311925499,36.569036055401135,13981600
2020-11-20,36.121524810791016,37.05544966267834,35.96587066880979,36.95816721559788,12490500
2020-11-23,37.73644256591797,37.79481055690871,36.41338034083817,36.77332989260349,14802900
2020-11-24,40.13935089111328,40.16853859583856,38.33959953576685,38.96221614061994,23818000
2020-11-25,40.16854476928711,40.36311341597861,38.96222212867041,39.69185177044734,14588900
2020-11-27,39.94478988647461,41.04409581317717,39.672392311932896,40.654962252684534,10516600
2020-11-30,39.15678787231445,39.935058690291925,38.281230882659806,39.42918173083457,16732600
2020-12-01,38.87466812133789,39.94479386934228,38.835753648082076,39.68212674149816,13184200
2020-12-02,39.95451736450195,40.158812765754405,37.999111631921956,38.72874124589911,12937300
2020-12-03,41.783451080322266,42.57144858354667,40.4312049693241,40.56740188538325,24526800
2020-12-04,41.209476470947266,42.30878600252599,40.927352161863645,42.02666169344237,18453400
2020-12-07,41.199745178222656,41.66671133413504,40.606316289297276,41.24839011481726,13169100
2020-12-08,41.258121490478516,41.71535722578178,40.63550482773503,40.81061622801764,11530300
2020-12-09,40.96626663208008,42.29905553532839,40.20745310792359,41.88073430762989,16348300
2020-12-10,41.46240997314453,41.588880121390076,39.954509798680036,40.0420654842212,10680700
2020-12-11,40.60631561279297,41.27757342021642,40.02260978317089,40.86897896837221,12223100
2020-12-14,39.5848388671875,41.22894003666524,39.565381631390856,41.1024698595312,12445200
2020-12-15,40.71332931518555,40.79115825215818,39.069231988062306,40.08098590217875,11433200
2020-12-16,39.9642448425293,40.67441716824747,39.555650359557504,40.616045467512116,11010600
2020-12-17,39.993431091308594,40.29500895105135,39.50701135769713,40.17826925408925,9656700
2020-12-18,39.575103759765625,39.915596036687745,39.18596654806535,39.76967236561576,14312400
2020-12-21,39.049774169921875,39.254069559788334,38.09639197279049,38.4855292296591,16976800
2020-12-22,37.88236618041992,39.39027027025683,37.78508372156693,39.331898568292274,13461200
2020-12-23,39.147064208984375,39.37081685491879,38.115852974119036,38.23259267828302,12659700
2020-12-24,38.650909423828125,39.34162451623028,38.52443926106406,39.32216728264444,5176400
2020-12-28,39.05950164794922,39.67238777056174,38.923301020725475,39.1762413316248,10654400
2020-12-29,38.9427604675293,39.73076172709356,38.8162940159762,39.73076172709356,8142800
2020-12-30,39.4583625793457,39.79885484331249,38.806558331211264,38.9135712459115,8504600
2020-12-31,39.11787414550781,39.63348158745529,38.68009564237809,39.20542984613376,8705700
2021-01-04,37.67807388305664,39.24434609234079,37.28894030461392,39.078961445409256,15123400
2021-01-05,38.47580337524414,39.00113762174427,37.40568135704465,37.44459582961985,12317200
2021-01-06,39.28325653076172,39.78913347078423,38.4660712755081,38.56335373235988,12881100
2021-01-07,39.137332916259766,39.83777854875816,39.11787568079168,39.35135879532054,9136300
2021-01-08,38.93302917480469,39.584829723536394,38.6898193501578,39.31243590747985,9497500
2021-01-11,38.339603424072266,38.90385209887486,37.843456926476954,38.018568328237194,11748800
2021-01-12,39.20542526245117,39.31243818527019,38.096388991576994,38.61199266215487,9725000
2021-01-13,39.35136032104492,39.633484679638386,38.55363219136491,38.923308546327014,10852500
2021-01-14,40.343650817871094,41.48187112643269,40.003154803646375,40.09071049746556,17658300
2021-01-15,38.89411926269531,40.53821653367127,38.874662029116635,40.53821653367127,15465500
2021-01-19,39.21516036987305,39.54592593810123,38.71901016198674,39.21516036987305,11530700
2021-01-20,40.48957061767578,40.635497997077515,39.399991641028365,39.584829771994805,11335700
2021-01-21,39.565372467041016,40.30473241170573,39.07895281805696,40.18799273505403,11134200
2021-01-22,38.91357421875,39.17624129005708,38.728736077202484,38.91357421875,11310100
2021-01-25,37.84345626831055,38.67036832028393,37.376490064345894,38.55362862483677,15964900
2021-01-26,38.25204849243164,38.56335683269062,37.921282917020456,38.193676786975026,10599400
2021-01-27,37.47377395629883,38.16448903637471,37.123551180179284,37.58078688356733,16953400
2021-01-28,38.99140548706055,39.273526096640374,37.93101037755778,38.47579807419842,21654000
2021-01-29,36.92898178100586,38.74819408407481,36.71495964206481,38.20340269813241,17989700
2021-02-01,36.792781829833984,37.395941153462644,36.40364462750669,37.30838546849337,10332900
2021-02-02,37.74617004394531,37.82399898152768,36.95817246190782,37.50296018063241,11854300
2021-02-03,38.69955062866211,38.81629403010602,37.64888599328181,37.81426691202892,12416000
2021-02-04,39.81831741333008,39.95451433717884,38.85520476297577,38.86493523530088,11431800
2021-02-05,40.03234100341797,40.275550842536944,39.64320377639256,40.25609361007691,10111900
2021-02-08,42.06557846069336,42.27960061111564,40.236639298640284,40.421477453797685,18296300
2021-02-09,41.35539627075195,41.79317469014264,40.674411741796824,41.79317469014264,10432100
2021-02-10,41.73481369018555,42.046122015812266,41.01491086774378,41.67644198747254,12011100
2021-02-11,41.55970001220703,41.96829077550936,40.85925446244559,41.54024277903724,8549200
2021-02-12,42.11421585083008,42.746559194150045,41.25811619391663,41.355398643323525,11490100
2021-02-16,43.43728256225586,43.59293672450554,42.590909575878264,42.79520867908993,13775500
2021-02-17,43.18434524536133,43.291358185211244,42.357433146483594,43.07733230551141,10934400
2021-02-18,43.17461395263672,43.33999487062282,42.192044072654944,42.610365314851094,8747800
2021-02-19,44.4295768737793,44.964641551874756,43.33999770500759,43.40809617111282,14587700
2021-02-22,46.44335174560547,47.601029224740564,45.20784533791293,45.48023916568882,21573500
2021-02-23,47.02705383300781,47.55238796714555,44.45875856978452,46.82275846231677,19193800
2021-02-24,48.25283432006836,48.83654020564656,47.299452122487345,47.601033682257146,17020900
2021-02-25,46.93949890136719,48.6419677734375,45.94720231345855,48.61278378032148,15729800
2021-02-26,46.637916564941406,47.80532451369041,45.99584274979259,46.404437201844146,14828000
2021-03-01,46.75466537475586,48.603058105940185,46.75466537475586,48.12636885291778,13812900
2021-03-02,46.920047760009766,47.3578262690199,46.09313568494803,46.79357758827614,11566800
2021-03-03,47.03679275512695,47.75669568557108,46.8324973316143,47.29945989010974,13642700
2021-03-04,45.684539794921875,47.095157743146615,44.08908368672926,47.00760204398541,18062500
2021-03-05,44.95490646362305,45.72345045772241,41.841819732794626,45.635894765849216,20611800
2021-03-08,46.579551696777344,46.910317242539335,45.431600903314425,45.6553535208758,17273000
2021-03-09,46.32661056518555,46.77411950358732,45.081377337498616,46.65737610517586,11710100
2021-03-10,46.50172424316406,47.26054152587954,45.87910759864014,46.35580055459073,10719300
2021-03-11,47.007598876953125,47.63021549077962,46.28769980887415,46.90058595062274,11318600
2021-03-12,48.47658920288086,48.50577319740474,46.77412024868203,47.036783621572575,15891800
2021-03-15,49.605079650878906,50.86003958085871,49.371596576064306,49.47860949739235,19673700
2021-03-16,48.04853820800781,49.75100718762146,47.6983154241418,49.6537247303644,14281500
2021-03-17,49.07001876831055,49.264587393574516,47.67885810764176,47.69831534127694,13694400
2021-03-18,47.84424591064453,49.59535623196419,47.6010360407088,48.71980292684841,13410100
2021-03-19,47.66913604736328,47.87343145404795,46.530915600615934,47.70805051847128,12123600
2021-03-22,46.66710662841797,47.299450003945125,46.45308077551672,47.21189431058441,10911100
2021-03-23,44.400386810302734,46.53090733647082,44.21554867200034,45.74290613638416,13616800
2021-03-24,44.3712043762207,46.11258774376356,44.32256314981026,45.275945289588215,12120800
2021-03-25,45.73318099975586,45.937480105076446,43.31081284279688,43.57347994013363,14469100
2021-03-26,46.36552429199219,46.637918128433256,45.29540246789853,46.20987014101333,12361400
2021-03-29,46.034759521484375,46.79357305621714,45.441326901311214,46.36552506169133,9824200
2021-03-30,47.57184600830078,47.70804292441104,46.13204049519558,46.40443803850373,10787500
2021-03-31,46.96868896484375,47.68859181381137,46.80330803436184,47.474565940398925,9469200
2021-04-01,47.50374984741211,47.873426148705846,46.96868520669362,47.270266757726965,9570000
2021-04-05,48.88518142700195,49.595353766581084,48.12636785807125,48.23338078929746,14599900
2021-04-06,50.24715805053711,50.40281221091404,49.16730568932116,49.3229598496981,14652500
2021-04-07,48.83654022216797,50.41253906269522,48.671155588984085,50.39308182872723,12244300
2021-04-08,48.457130432128906,48.84626395409012,47.80532612343514,48.39875873384526,13546900
2021-04-09,47.93179702758789,48.457131187062,47.50374903343551,48.457131187062,9785400
2021-04-12,47.4940185546875,47.80532686149782,46.86167146899219,47.72750164033911,11070300
2021-04-13,46.9492301940918,47.18271329482117,45.30513286063506,46.16123261519213,18287600
2021-04-14,46.86166763305664,48.15554569258338,46.618457806326425,47.73722449372041,12520400
2021-04-15,45.548343658447266,47.71777522978469,44.89654299529978,47.53293706659841,22267900
2021-04-16,45.37322998046875,46.141774013360795,45.08137889652267,45.723452765639195,12236400
2021-04-19,44.89653778076172,45.20784607791207,44.39066087012048,45.168931612996374,9579400
2021-04-20,43.24271011352539,44.28364792748876,42.5714485828342,44.264190695039545,15627800
2021-04-21,44.458763122558594,44.49767759079549,42.162861451812866,42.8049353333699,16267100
2021-04-22,43.43728256225586,45.07165312142148,43.417825328088654,44.80898602679615,17303200
2021-04-23,44.5560417175293,44.692238633457556,43.24271007269233,43.592932834272226,9162700
2021-04-26,45.34403991699219,45.8207290910548,44.86734703184219,45.23702700127969,11260000
2021-04-27,45.08137893676758,45.470516189768325,44.83816908141408,45.39268725473302,8151600
2021-04-28,45.17865753173828,45.4802390625833,44.83816524779033,44.99381939346476,7209200
2021-04-29,45.12029266357422,45.733178817020395,44.80898435071932,45.63589636091117,8222300
2021-04-30,45.645626068115234,45.801283945676865,44.65333307627626,44.779799535162994,9175200
2021-05-03,45.30513000488281,45.94720385255629,44.8284407829445,45.908289386372985,9382600
2021-05-04,43.44701385498047,45.1494830557416,42.882768849637,44.993828877258395,14790400
2021-05-05,43.97233581542969,44.565768364837716,43.34971927542366,43.485916179664066,10700100
2021-05-06,43.70967102050781,44.27391589732366,42.96058429747448,43.93342361916647,9665700
2021-05-07,44.85762405395508,45.09110342511581,43.55401914652995,43.65130159933231,11195100
2021-05-10,44.19609451293945,45.4996994654664,44.17663727948827,45.04246375708306,9054200
2021-05-11,43.31081008911133,43.82641377827492,42.42552639263479,43.048143008474845,14139100
2021-05-12,41.86127853393555,43.52483674185328,41.77372283878198,42.9411308704669,12187300
2021-05-13,42.77574920654297,43.09678427578275,41.77372211035001,42.22123105060245,11778100
2021-05-14,45.05220031738281,45.17866678527356,43.59294101114039,43.71940747903114,11537500
2021-05-17,45.480247497558594,45.5580764403741,44.03071498186987,44.750617858560325,11077700
2021-05-18,45.46078109741211,46.501718875653175,45.13001557930174,45.67480693592102,10684000
2021-05-19,44.88681411743164,45.03274152745601,43.90424785134387,44.66306147685894,11545800
2021-05-20,44.1766357421875,45.11056064881793,43.690216056098194,45.091103416043836,12341700
2021-05-21,43.9820671081543,44.75061110253276,43.88478465540996,44.45876003321204,9894400
2021-05-24,44.91599655151367,45.02300948699476,43.78750291468343,44.33229435391075,8409100
2021-05-25,45.40241622924805,46.85194867069225,45.24676206267783,46.12231906906534,14657000
2021-05-26,46.20014953613281,46.277974766448246,45.538618378554816,45.7720977805893,9746200
2021-05-27,46.74493408203125,46.89086148163057,45.96666327670671,46.696292852527456,8680700
2021-05-28,46.38499069213867,46.75467076543377,45.966669382878315,46.74494029158767,8370300
2021-06-01,46.40443801879883,47.221623226201,46.141770947374454,46.8227592387242,11986200
2021-06-02,46.47254180908203,46.968688304641915,46.132045768794846,46.69629444128261,9108600
2021-06-03,44.87708282470703,46.09313208184996,44.818711124372555,46.07367484840513,11555600
2021-06-04,44.73115921020508,45.46078882616097,44.43930810604035,45.27595065944387,7699400
2021-06-07,44.82844161987305,45.12029269952105,44.64359975759532,44.740885924869865,6120200
2021-06-08,45.762367248535156,46.09313280007555,45.12029337920238,45.976389397587496,10714100
2021-06-09,45.256492614746094,46.11259238792396,45.217578145263445,46.06394744552662,6741200
2021-06-10,45.02300262451172,46.15149608933506,44.74088204162151,45.91801673031644,9780800
2021-06-11,45.23703384399414,45.36350400997445,44.75061412524152,44.81871258897985,8216100
2021-06-14,44.65333557128906,45.51916215261951,44.478224160335905,45.07165686288957,11184200
2021-06-15,44.29338073730469,45.023010353901206,44.07935857330964,44.663060782151604,7898500
2021-06-16,44.28364944458008,44.74088514508175,43.90424267654157,44.332290671825675,8565500
2021-06-17,43.35945510864258,44.79925708647072,43.048146773495304,44.293380114084385,10144600
2021-06-18,43.73885726928711,44.147451735244395,42.75629113656188,43.232980350576405,15219300
2021-06-21,44.526859283447266,44.53658604445943,43.602661121605266,43.81668697475059,9861400
2021-06-22,44.13771438598633,44.54630878827837,43.651294775835446,44.52685155854187,8499800
2021-06-23,44.040435791015625,44.371201303221724,43.787495493458785,44.12799147692569,7406100
2021-06-24,43.69021987915039,44.40039223765291,43.378911549699644,44.33229377252856,9300300
2021-06-25,43.2232551574707,43.758316089196896,43.057870528486056,43.699944388775045,23930400
2021-06-28,41.94883346557617,42.90221562262475,41.42350301530418,42.90221562262475,17441500
2021-06-29,41.70561981201172,42.299052379641104,41.64725182902353,41.8320899602985,9477800
2021-06-30,42.08503723144531,42.406076063743846,41.647262403530384,41.66671963982924,7845500
2021-07-01,43.0286865234375,43.213524674763676,42.31851420170494,42.31851420170494,9873800
2021-07-02,42.95085906982422,43.09678274663276,42.532537849682,42.89248737244822,5759900
2021-07-06,42.06557846069336,43.330268973706104,41.83209536531062,43.106516350803595,7881000
2021-07-07,41.38459396362305,42.28933501175258,40.810618499875154,41.78345801734017,11858300
2021-07-08,40.92734909057617,41.63752133487839,40.0031510125353,40.58685681970779,10363900
2021-07-09,41.75426483154297,42.02666238424393,41.15110544893327,41.316490074975405,7707100
2021-07-12,41.68616485595703,42.20177223738244,40.88843688215275,41.219202411126794,10626000
2021-07-13,40.20745086669922,41.39431231325796,40.07125024462035,41.1511024833198,14610400
2021-07-14,39.575103759765625,41.053819968704175,39.03031240560274,40.40201569576934,31085700
2021-07-15,40.22690200805664,41.121916059057625,39.57510148369608,40.07124787454612,20896300
2021-07-16,38.97195053100586,40.90789899942855,38.75792465991042,40.69387683942118,16726600
2021-07-19,37.5126953125,37.94074338910316,36.539855738420435,37.230570945355694,27073800
2021-07-20,39.55564880371094,39.711302955128346,37.38621744472999,37.58078606177367,17690600
2021-07-21,40.4798469543457,41.05382233356877,39.886414342308065,39.8961411031715,19145300
2021-07-22,39.94478988647461,40.43120962040645,39.31244274792799,40.21718374992826,10850600
2021-07-23,39.312442779541016,40.499308118837305,39.22488707891935,40.197726547565345,10101600
2021-07-26,40.53821563720703,40.56740334247351,39.21515718290569,39.24434117708441,10014900
2021-07-27,39.847503662109375,40.36311110295805,39.399998398125135,40.236640933192746,10508200
2021-07-28,40.17826843261719,40.51876446583637,39.526467784226604,40.24636689704343,7538600
2021-07-29,40.11016845703125,40.499305705738635,39.837774609588784,40.3144638426131,8357400
2021-07-30,38.8162956237793,39.94478923978789,38.67036822152701,39.54592521286471,12202300
2021-08-02,38.378509521484375,39.8572256409463,38.329868300736976,38.9524848329131,11084800
2021-08-03,38.6898193359375,38.76764455003045,37.50295420454893,38.42715228008491,14670600
2021-08-04,37.30839157104492,38.40770119300986,36.87061678567892,38.086666103002266,23023700
2021-08-05,38.90385437011719,39.06923530860802,37.425137841750775,37.444595077647634,15652400
2021-08-06,39.22488784790039,39.57511065725295,38.40770252977379,39.43891372274654,11716100
2021-08-09,38.22285842895508,38.93303069940352,37.697524296484985,38.93303069940352,10985000
2021-08-10,39.36107635498047,39.915594447367226,38.14502725569594,38.28122416104184,13745300
2021-08-11,40.17826843261719,40.17826843261719,38.60226956704307,38.91357789330245,12452000
2021-08-12,39.42918395996094,40.01288988975981,38.96222144277476,39.88641971497349,9802100
2021-08-13,38.8162956237793,39.46809627537336,38.70928269027269,39.21515965070247,7211800
2021-08-16,38.8454704284668,38.93302610688379,37.82398998765996,38.37850804727187,10923400
2021-08-17,37.72671127319336,38.388242371351765,37.240291566376165,38.18394698514963,11442000
2021-08-18,37.600242614746094,38.397970590222734,37.35703277561083,37.639153368581134,8612300
2021-08-19,36.8997917175293,37.48349376202631,36.29663244340409,37.38621132497251,12294000
2021-08-20,37.08463668823242,37.21110684865268,36.72468715128468,36.95817023889994,8213100
2021-08-23,38.14503479003906,38.26177819861223,37.58078982628775,37.73644399329722,8584700
2021-08-24,39.42918395996094,39.75994954018717,38.738468801899394,38.777383272770294,10805000
2021-08-25,40.17826843261719,40.31446536146967,39.06923205643214,39.48755331567219,12455900
2021-08-26,39.662662506103516,40.353377584614606,39.185969570556786,39.9934280482351,10032900
2021-08-27,40.39228820800781,40.6160408018251,39.71129995534057,39.74048394681187,7936100
2021-08-30,38.82601547241211,40.664681115757084,38.79683148159309,40.616039894029605,11882100
2021-08-31,39.34162521362305,39.48755261255975,38.54389717790167,38.650910108976866,8627200
2021-09-01,39.30271911621094,39.47783053125938,38.79684210730302,39.468100057596494,8434600
2021-09-02,39.711307525634766,39.94479063517707,38.7773825096418,39.35135795488316,9345500
2021-09-03,39.15678787231445,40.071255619551984,39.05950541172527,39.691848827730965,6644300
2021-09-07,39.254066467285156,39.4194510873058,38.75792002939848,39.08868555835214,8233900
2021-09-08,38.573081970214844,39.8085846872305,38.524437033519035,39.30271148760034,7156100
2021-09-09,39.973968505859375,40.635499551907806,38.37851258694996,38.543893492918286,15509400
2021-09-10,38.29096221923828,40.01288853034811,38.28123174630704,39.9350595912505,12501200
2021-09-13,39.08868408203125,39.08868408203125,37.746164784502184,38.62172165486625,11556300
2021-09-14,38.36878204345703,39.08868478436781,38.15475991325725,38.757919261963536,8837700
2021-09-15,38.563350677490234,38.621722373629986,37.76562271901809,38.18394393030074,8175800
2021-09-16,39.12759780883789,39.56537252469149,38.60226369650867,38.78710182740047,9485200
2021-09-17,39.02058792114258,39.87668761016198,38.70927961806056,39.44863591010843,11011500
2021-09-20,39.672386169433594,39.73075786445939,38.349324104215384,39.44863357179926,16633900
2021-09-21,39.263797760009766,40.60631713631465,39.049771910009476,39.935055592618355,11837600
2021-09-22,40.46038055419922,40.81060324333431,39.575097072701894,39.575097072701894,11599300
2021-09-23,41.433231353759766,41.608342747546466,40.58686209118264,40.761973484969346,12651000
2021-09-24,42.347694396972656,42.551993474526405,41.51105198829657,41.67643660240318,13478500
2021-09-27,42.590911865234375,43.83614894125403,42.561727867958844,42.707655276512824,14467500
2021-09-28,42.2601432800293,43.00923008250386,42.13367682678047,42.47416914104714,9434700
2021-09-29,42.18232345581055,42.79521341103805,41.58889073690167,42.503358577346994,9141100
2021-09-30,41.45269012451172,41.90992585980565,41.219207020443655,41.89046862520931,9789200
2021-10-01,44.1474494934082,44.41011655580926,42.6979172700292,42.75628896536972,19205700
2021-10-04,43.73885726928711,44.75061110670852,43.592933590156974,44.54631572927372,13342500
2021-10-05,43.524837493896484,44.32256552526235,43.252439931441096,43.76804735007115,9596000
2021-10-06,42.82439041137695,42.94113009912212,42.046119641262905,42.52280886435686,10145800
2021-10-07,42.493621826171875,43.36917869925972,42.33796768329931,43.3108070040247,8881200
2021-10-08,42.20177459716797,42.610365367583626,41.91965027792601,42.60063860637328,7340600
2021-10-11,42.016929626464844,42.74655912917015,41.55969766164239,41.82236472794681,9085700
2021-10-12,42.35742950439453,42.620096594780385,41.6083427009433,41.87100979132915,10515200
2021-10-13,39.91559982299805,41.579158035285246,39.779402899309844,41.579158035285246,28236900
2021-10-14,40.08098602294922,40.36311035369315,39.76967769629659,40.06152878864743,16285400
2021-10-15,39.87668991088867,41.12192319506176,39.837775442986285,40.7522431721649,13860300
2021-10-18,39.896141052246094,40.285278285865516,39.419451837704386,39.5653755169959,10140200
2021-10-19,39.35136032104492,39.95451979958846,39.24434737736544,39.915605327143496,11314400
2021-10-20,39.20542526245117,39.954512011096696,38.82601850779291,39.05950158586056,15162600
2021-10-21,39.30271911621094,39.643211472644936,38.933039049876626,39.40000158630969,10694400
2021-10-22,38.66063690185547,39.292980244524394,38.573081213044375,38.92330025720118,9461900
2021-10-25,38.436885833740234,38.82602310624551,38.30068890168981,38.719010170752156,9090500
2021-10-26,38.63145065307617,39.19569927135036,38.38824080956234,38.82601927010478,8951200
2021-10-27,38.00883483886719,38.84547731174921,37.960193611369164,38.75792161781765,8341800
2021-10-28,38.086666107177734,38.30068826351026,37.77535777879587,38.0769356344288,7416000
2021-10-29,38.06721115112305,38.42716073152887,37.75590280410911,37.99911268215676,9343800
2021-11-01,39.32216262817383,39.35135033064164,37.853176921657465,38.08665998596292,11401300
2021-11-02,39.29298400878906,39.399996939930844,38.7481963027406,39.14706032084948,7611200
2021-11-03,40.119903564453125,40.226912794677126,38.94276492110643,39.19570527531511,10010600
2021-11-04,39.87668991088867,40.36310962640477,39.47782589260898,40.33392191993403,9990300
2021-11-05,43.08706283569336,43.21352930014818,42.08503561575727,42.357433202395235,23651200
2021-11-08,43.43728256225586,44.2836518375455,43.2913551615458,43.77777488246205,15006700
2021-11-09,43.32053756713867,43.35945203404469,42.53254002327471,43.22325511096143,9359100
2021-11-10,42.52280807495117,43.26216807614965,42.347696691040355,42.61036376690657,8698700
2021-11-11,42.269874572753906,43.03841862397022,42.269874572753906,42.590909659422614,6370700
2021-11-12,41.073280334472656,42.34769756341417,40.732784320481684,42.3185135691904,10038900
2021-11-15,41.22893524169922,41.773722936292785,40.99545215038209,41.48187185546225,6938400
2021-11-16,39.92532730102539,41.044090312480044,39.78913038755157,40.95653462366294,11055500
2021-11-17,39.60429382324219,40.12962802624692,39.2054297900915,39.86696092474455,9025300
2021-11-18,39.030311584472656,39.66265861241024,38.36878056515215,39.64320138112583,11615800
2021-11-19,38.61199188232422,38.84547495567631,37.83372115629651,38.68982081047077,15033400
2021-11-22,38.6898193359375,39.09841005987214,38.154758464128484,38.796832252516786,11991400
2021-11-23,38.45633316040039,39.47781730977465,38.18393936648038,39.24433426420956,11074300
2021-11-24,38.61199188232422,38.98167186884521,37.86290514880769,38.11584545419642,7580500
2021-11-26,35.39189910888672,35.9464172809325,33.66024241920589,35.751848654878856,38052100
2021-11-29,35.25569152832031,36.33553983992413,34.99302451919936,36.014504858389685,21269600
2021-11-30,35.216793060302734,35.304348769758086,34.26341073017137,34.75955727635941,20442900
2021-12-01,32.61930847167969,36.32582844178,32.49284200391679,35.868592672071365,34616800
2021-12-02,35.64483642578125,35.67402042138231,32.8430578043535,33.475404923688,36044800
2021-12-03,35.002769470214844,36.65659758476241,34.38987946371719,35.489189285605974,25510200
2021-12-06,37.10409927368164,38.2617806955079,36.00478955995119,36.23827268124613,23060500
2021-12-07,37.006813049316406,38.0672081833786,36.744145956172055,37.55160075857467,14593500
2021-12-08,37.823997497558594,38.80656367391447,36.99708176808474,37.45431748072219,16355500
2021-12-09,37.454315185546875,37.794807475525886,36.9678955078125,37.181921353563666,10427800
2021-12-10,37.143009185791016,37.415403034620404,36.569033782123476,37.376488567333965,12028500
2021-12-13,35.86859130859375,36.598220933241805,35.43081279158728,36.34528429624261,12244800
2021-12-14,35.53782272338867,36.51066214060567,35.43080979372075,35.55727995706356,12638700
2021-12-15,35.61565017700195,35.80048832259501,34.57471234075447,35.53782124553896,13179900
2021-12-16,34.8276481628418,36.666313949809734,34.69145124693123,36.56903149875579,19944400
2021-12-17,35.56700897216797,36.22854004565783,34.62335358858349,35.06113205061174,18115500
2021-12-20,35.38216781616211,36.238267524297065,34.428785652799725,34.58443980781628,17475600
2021-12-21,37.47377395629883,37.765625032702516,35.761574542178344,35.8296767140574,17209900
2021-12-22,38.06721115112305,38.39797673371138,37.13328239899302,37.44459445709518,11719500
2021-12-23,38.232582092285156,38.80655740287512,37.93100429743963,38.64117651035819,8478100
2021-12-27,37.94073486328125,38.115846244152635,36.831698591820896,37.22083210735582,10897600
2021-12-28,38.553627014160156,38.74819563916882,37.47377467089552,37.72671128564529,9974200
2021-12-29,38.09639358520508,38.41743239237271,37.93101265624338,38.26177822525485,7311800
2021-12-30,37.97965621948242,38.66064463409185,37.96019898351206,37.999113455452786,8055600
2021-12-31,38.01856231689453,38.388238585636145,37.862904463419135,37.989374613824154,7166700
2022-01-03,39.195701599121094,39.9156007004666,38.56335448399595,38.70928188320573,12529800
2022-01-04,39.487552642822266,40.15881051405213,39.23461602370443,39.85723266561409,12076300
2022-01-05,39.18597412109375,40.15881362726659,39.059507657274786,39.86696251763238,11214700
2022-01-06,39.02058792114258,39.99342729604581,38.66063839153294,39.71130298666282,9304100
2022-01-07,40.38256072998047,40.83006966187219,39.341622898024816,39.61402044593449,13941600
2022-01-10,39.526466369628906,40.66468670095044,39.09841465302566,40.46039131498316,13086400
2022-01-11,40.11016845703125,40.40201953801787,39.34162443193248,39.47782506674155,11415300
2022-01-12,39.50701141357422,40.460393647470546,39.45837018236189,40.12962807970341,12522300
2022-01-13,40.343650817871094,41.384588671561495,39.351354191616295,39.964244048350565,23251900
2022-01-14,39.21516036987305,39.75022133613062,38.47580029449802,39.68212287012082,17141100
2022-01-18,38.466068267822266,39.34162144429176,38.3687821074895,38.816291022845085,15088100
2022-01-19,37.765628814697266,38.71901107233816,37.67807311189922,38.42715996670738,10958600
2022-01-20,37.78508377075195,39.069231526940285,37.707254834697906,37.98937916126193,12935700
2022-01-21,36.831703186035156,37.77535866609505,36.34528344762706,37.77535866609505,17872100
2022-01-24,36.88034439086914,36.8998016257219,34.90548144191496,35.94641938446512,19890100
2022-01-25,37.6683464050293,37.81427010251437,36.28691239342401,36.48148103449227,14674100
2022-01-26,37.70725631713867,38.87466442622989,37.29866552005519,38.2423209958262,12451700
2022-01-27,37.29866409301758,38.94276140247011,36.99708253212196,38.17422106910942,12297400
2022-01-28,37.240291595458984,37.347304524816394,35.77130571260251,37.074910676334156,12889100
2022-01-31,38.61199188232422,38.64117958592295,36.637129219200006,36.792783364405544,10657300
2022-02-01,39.3902702331543,39.4680954579458,38.49525602598049,38.71900865000196,9668800
2022-02-02,39.419456481933594,39.84750452047556,38.650912396086945,39.04004967555283,10249800
2022-02-03,38.650909423828125,39.49727867382919,38.60226819540744,38.91357651060525,9922000
2022-02-04,38.76765060424805,39.001133705164,38.02829425500884,38.51471398008642,9481900
2022-02-07,39.82803726196289,40.168533223575736,39.32216041040536,39.370805341412336,11417500
2022-02-08,41.45269012451172,41.559703059247575,39.886417994842596,40.23664079540066,14194800
2022-02-09,42.68819046020508,43.30107656067635,41.68616343566892,41.75426189127683,18904000
2022-02-10,42.70764923095703,43.515103967014085,42.13367386222997,42.25041354589497,13210100
2022-02-11,41.180301666259766,43.58321293236745,40.78143387132505,42.70765952716506,19893400
2022-02-14,40.8300666809082,42.07529979956707,40.57712638425098,41.228930646171584,11581600
2022-02-15,43.28163146972656,43.53456810966367,42.153137785606745,42.279604250031184,15528800
2022-02-16,43.20379638671875,43.91396868335329,42.78547515963314,42.902214845235164,14029100
2022-02-17,42.13367462158203,42.93140261133053,41.78345185318753,42.58117984293603,9463700
2022-02-18,41.67643356323242,42.49361868059334,41.54023666218681,41.929370135018964,11574900
2022-02-22,40.75225067138672,41.67644904315571,40.314472104644715,40.557682007158206,13329600
2022-02-23,39.09841537475586,41.2386628640161,39.02059015008366,41.15110716682993,12322200
2022-02-24,39.234615325927734,39.390269483636885,36.45229400967483,36.578760461440616,22659700
2022-02-25,40.411746978759766,40.8592521834412,39.53619009039386,39.652929771813454,15398700
2022-02-28,38.83574676513672,39.26379847290929,37.96019353858765,39.23461447868399,22808100
2022-03-01,36.617671966552734,38.514709411550186,36.36473537239393,38.42715372297838,21467500
2022-03-02,37.006813049316406,37.72671215400424,36.82197118131412,37.25974966988804,15773500
2022-03-03,35.56700897216797,37.687799111693515,35.391897587356674,37.44458926735423,17589100
2022-03-04,33.58241653442383,34.895748240031466,33.241920517760065,34.54552546224601,23278800
2022-03-07,29.292198181152344,33.271111917519384,29.165728006001178,33.07654327369179,34889300
2022-03-08,30.372045516967773,31.850763711536793,28.941972261456325,29.885625815094556,29492100
2022-03-09,31.870216369628906,32.86251297987267,31.67565146302589,32.03560099354672,25808000
2022-03-10,31.66592025756836,32.50256269649802,30.663896909639305,31.247599038103534,17588900
2022-03-11,31.198963165283203,32.49284151051846,31.14059145798709,32.40528580511842,16978700
2022-03-14,31.198963165283203,32.29827286395301,30.79037049193105,31.130864695648533,17253800
2022-03-15,33.91318130493164,34.506613919182044,33.06681208532401,33.79644161869659,27330200
2022-03-16,35.92695999145508,35.94641722513903,34.47742762624752,34.54552608859741,23558200
2022-03-17,36.140987396240234,36.140987396240234,34.409330635203396,34.740096199798025,17062300
2022-03-18,36.656585693359375,36.89006505079671,35.39189532582596,35.7907592966116,18429600
2022-03-21,35.109771728515625,36.218807976007405,34.90547635894347,36.121525526998056,18386400
2022-03-22,35.97560119628906,36.22854152292501,35.34325780187491,35.45999749281343,13587700
2022-03-23,35.23624801635742,35.79076623665483,35.090320606347284,35.72266776827362,12069300
2022-03-24,36.24799346923828,36.257723941194605,34.98330302431809,35.40162425233528,11302400
2022-03-25,36.88034439086914,37.20138319930757,36.22854372319803,36.27718495478589,11313100
2022-03-28,37.29866409301758,37.561331185845134,36.423107116925735,37.37648931806578,11430600
2022-03-29,38.44661331176758,39.166512385409725,38.0672065417281,38.57308347214333,15372200
2022-03-30,38.26177215576172,38.456337050479014,37.85317771246292,38.038015846879354,9363500
2022-03-31,38.49525451660156,39.01085820777849,38.17421944640635,38.32987360097416,9930100
2022-04-01,38.2423210144043,38.81629645183951,37.950466203673656,38.592540107322534,8606300
2022-04-04,38.32987594604492,38.54389810223996,37.65861434814376,38.15476454755662,9482700
2022-04-05,37.96992492675781,38.78711026444083,37.52241964235927,38.43688744670693,12713400
2022-04-06,36.56903076171875,37.02626643684962,35.72266157912735,36.977621501215445,16995200
2022-04-07,36.121524810791016,36.481474318293685,35.18759624781622,36.35500416821911,11688800
2022-04-08,35.74211883544922,36.3258209525804,35.51836252242512,35.97559819786667,8615600
2022-04-11,37.17218780517578,37.51268377806065,35.53781752637292,35.70320213287981,14142900
2022-04-12,37.5710563659668,37.89209514738405,36.744144365308415,37.318119756346235,15762600
2022-04-13,39.9058723449707,39.98369756664268,38.72873757013775,39.11787110067319,33528700
2022-04-14,41.209476470947266,41.70562291874286,40.207453103408255,40.83006970891163,29128900
2022-04-18,40.98573684692383,41.90020481212694,40.71333921238911,40.93709560503548,17011900
2022-04-19,41.871002197265625,42.58117440420796,41.559693934252195,41.647249615167674,18453000
2022-04-20,42.35742950439453,43.03841784490365,42.01693347859602,42.10448917539131,17466800
2022-04-21,43.515106201171875,45.01327977762803,43.33026804995501,43.59293513500287,31849600
2022-04-22,42.50334930419922,44.11826245542879,42.367152390771885,43.78749693235345,15557200
2022-04-25,42.094764709472656,42.367158576095015,41.08301076046374,42.221234880870796,15156900
2022-04-26,40.7619743347168,41.88073747268987,40.42147830143874,41.666715317779534,14561200
2022-04-27,41.9390983581543,42.260133363259044,40.625763216124824,41.03435760845189,13640400
2022-04-28,43.125972747802734,43.213524731898396,41.72508162486687,42.328241018859906,11953000
2022-04-29,41.86127853393555,43.534563503053526,41.65698314893984,42.97031486515548,13460500
2022-05-02,41.511051177978516,42.221227133219614,40.44092943168392,41.78344870570367,13417100
2022-05-03,42.172584533691406,42.50335006266924,41.063548263320925,41.481869482648406,10401900
2022-05-04,42.65900802612305,42.77575143108852,41.190022102309776,41.59861288642506,13381200
2022-05-05,40.98573684692383,42.5520093289152,40.66469797050076,41.978033768019394,11983100
2022-05-06,39.886417388916016,40.83007284151901,39.30271520424512,40.83007284151901,12996000
2022-05-09,37.21110916137695,39.35135670503323,36.98735653201165,39.195702540644845,18582900
2022-05-10,37.62942886352539,38.261775967617076,36.82197036787257,37.804540255086536,13950000
2022-05-11,36.86088562011719,38.835748486783864,36.68577422482687,37.61969919231661,14402400
2022-05-12,35.67402267456055,36.73441787773307,34.73037088334168,36.2966430717155,17218100
2022-05-13,37.2889289855957,37.405668652583486,36.43282943514874,36.47174389450703,11594800
2022-05-16,37.13327407836914,37.94073247387877,37.07490609581295,37.2792014569344,11062500
2022-05-17,39.6140251159668,39.711307580275204,38.145035411728166,38.7676520899135,13594300
2022-05-18,38.2423210144043,39.72103745849312,37.950466203673656,39.215160487271575,11216900
2022-05-19,38.17422103881836,38.83574844001092,37.60024562407759,37.697528083082624,9564300
2022-05-20,37.59051513671875,38.962218590241974,36.617675702699785,38.816294901791885,10687600
2022-05-23,38.44661331176758,38.90384901468069,37.66834253847021,38.310416390326516,9005200
2022-05-24,36.20909118652344,37.89210325323544,35.78103938639857,37.76563306582686,10856500
2022-05-25,37.55160140991211,37.63915710914556,36.0242437652415,36.07288870677297,10436800
2022-05-26,39.721038818359375,40.11990286744671,37.94074074074074,38.067210915647905,15248300
2022-05-27,41.083011627197266,41.083011627197266,39.88641948789112,39.88641948789112,10730600
2022-05-31,40.55767822265625,41.29703833551601,39.47782947357318,39.604295939095614,14691200
2022-06-01,38.466068267822266,41.151103204517966,38.164486737422045,40.98572229858361,17573200
2022-06-02,38.90385437011719,39.19570548639344,38.15476748798555,38.32987889996897,13761600
2022-06-03,37.49323272705078,38.349328758129815,37.02627024343823,38.13530660590403,14804300
2022-06-06,37.94073486328125,38.22285916702822,37.26947704399936,37.94073486328125,12330400
2022-06-07,38.66063690185547,38.709278126508835,37.21110465622466,37.32784433761026,9604700
2022-06-08,37.18191909790039,38.456336201155096,37.133274164207926,37.78507842259546,9643000
2022-06-09,35.75184631347656,37.17219088179991,35.71293184859678,37.06517795892432,11976600
2022-06-10,34.16611862182617,36.092340184714395,34.04937893315992,35.0222183312502,19434400
2022-06-13,31.335153579711914,33.173819299163775,31.140584973660992,33.07653685168206,20879100
2022-06-14,30.527698516845703,31.879946498604873,30.021823456271633,31.714561876466483,20521200
2022-06-15,31.091949462890625,31.85076679480888,30.498518630928857,31.15032116875762,20995200
2022-06-16,28.776588439941406,30.041278876507242,28.416637057233004,29.836983499826353,20696200
2022-06-17,29.438119888305664,29.652143884105012,27.978860816975175,28.912785731965634,28391100
2022-06-21,29.233823776245117,30.11910749841062,28.951701309834977,29.963453339933867,15125900
2022-06-22,29.185182571411133,29.661873664078907,28.796047174901105,29.107355492109125,16042000
2022-06-23,28.75713348388672,29.30192490925342,28.008048521209485,29.0781704266181,15793200
2022-06-24,30.352588653564453,30.44014434405992,28.718218238374146,28.718218238374146,16949600
2022-06-27,29.613229751586914,30.5471546185722,29.515945447390003,30.479056162297493,12782900
2022-06-28,29.506221771240234,31.36434691140483,29.457580538770326,30.15802430627504,14358200
2022-06-29,28.834957122802734,29.194908491034617,28.416635914372954,29.15599402720684,13101500
2022-06-30,28.183156967163086,28.42636681903708,27.336787721746163,28.13451573900585,16394800
2022-07-01,28.718217849731445,28.922513221093602,27.891304037100305,28.436093549609847,11374200
2022-07-05,29.010068893432617,29.019797509521858,27.37569850131634,27.84266279588084,15811300
2022-07-06,28.727947235107422,29.379749686571465,28.387453084842235,28.757131228629913,10289600
2022-07-07,29.097625732421875,29.37975004352596,28.630663274950148,29.068439883000945,9484100
2022-07-08,28.91278839111328,29.603505379952015,28.689035758260975,29.117085644771848,9632300
2022-07-11,28.494464874267578,29.19490852406618,28.377723338195928,28.76685869919515,12059500
2022-07-12,30.245576858520508,30.683355327323287,28.475009461218395,28.61120638238198,22841200
2022-07-13,28.893329620361328,28.941970845952124,27.579996118427847,28.163700103236486,38475800
2022-07-14,28.961429595947266,29.57431760600739,28.309627118940384,28.51392250377912,18983900
2022-07-15,29.272737503051758,29.61323166193431,28.737676578767665,29.33110734711783,13055100
2022-07-18,30.29421615600586,31.12112995798529,30.216389083792723,30.352587851823536,19675900
2022-07-19,31.71456527709961,31.841035447461923,30.946023059724453,30.946023059724453,15847500
2022-07-20,31.957773208618164,32.181529539197456,31.267058116567895,31.68537936073081,12200800
2022-07-21,31.091949462890625,31.276791342592023,30.44014878060595,31.014122377278717,15522200
2022-07-22,30.498516082763672,31.597823807127213,30.44014623731759,31.422712415245037,11256400
2022-07-25,30.556886672973633,30.654170988117503,29.8856269395793,30.47905959196733,9314600
2022-07-26,29.807802200317383,30.362320427994035,29.73970373102995,30.109383786510467,8764800
2022-07-27,30.644441604614258,30.790367145908398,29.90508342577417,30.449872979192786,10281300
2022-07-28,30.83901023864746,30.858465616759897,29.75915789279021,30.430417609583415,10672100
2022-07-29,30.936290740966797,31.16004334724422,30.586069835002426,30.731995367116234,8355200
2022-08-01,31.354616165161133,31.422714632243505,30.401233914919825,30.916839510112727,10517300
2022-08-02,30.955751419067383,31.549184085334623,30.440147691170683,30.868195718944545,10132600
2022-08-03,32.3469123840332,32.415010850059915,31.208691985225585,31.325431682544504,11895100
2022-08-04,32.42474365234375,32.68740706240887,32.025875878264245,32.30800023555,7573300
2022-08-05,32.04532241821289,32.49283127770811,31.88966829219758,32.006411670024384,7722900
2022-08-08,32.83332443237305,33.18354715342564,32.37608880087802,32.38581927151126,9526900
2022-08-09,32.30799865722656,32.68740546555051,31.841036146128776,32.59012300072986,7179800
2022-08-10,33.00844192504883,33.59214409451574,32.969527457460934,33.261378542194386,10465700
2022-08-11,33.037628173828125,33.84508673146157,32.93061523620556,33.56296238883628,7598700
2022-08-12,33.562965393066406,33.66024786629208,33.15437455221241,33.446225682977904,7142000
2022-08-15,34.049381256103516,34.5163437537138,33.5435042892537,33.650517224118396,9042000
2022-08-16,34.38014602661133,34.817924517702025,33.76725613908435,34.12720940458557,8757400
2022-08-17,33.601871490478516,33.97154776545352,33.13490905544097,33.82562409199103,7976000
2022-08-18,33.55323791503906,33.66997762263942,33.105728898908964,33.59214867684692,5687500
2022-08-19,32.3469123840332,33.13491369088406,32.16207422068757,32.95980228936165,9874900
2022-08-22,31.50054168701172,31.617281379153212,30.984936122678935,31.617281379153212,9246500
2022-08-23,31.977230072021484,32.12315746660777,31.39352791585193,31.51026760486828,7974300
2022-08-24,32.405277252197266,32.50255969425952,31.782657005302088,31.98695607137247,5742000
2022-08-25,33.06680679321289,33.232187679653855,32.60957117126203,32.667942860581434,6785000
2022-08-26,31.792394638061523,33.329479093211724,31.763210641086,33.027901228229666,6917100
2022-08-29,31.160043716430664,31.471352016773537,30.984934189145676,31.32542833847463,8758400
2022-08-30,30.858469009399414,31.568643271583277,30.615259128587663,31.374074624716222,7506400
2022-08-31,30.22612190246582,31.150320137100078,30.21639328514352,31.101677050488576,7450000
2022-09-01,30.245576858520508,30.294218085923532,29.12681192835593,29.81752700630711,8572700
2022-09-02,30.099653244018555,30.9654797648138,29.86617199758649,30.586072971304695,8629600
2022-09-06,30.34286117553711,30.79036640548371,29.827255629449873,30.48878671332214,7630800
2022-09-07,31.354616165161133,31.46162910231575,30.420691149955946,30.44014838499207,9035900
2022-09-08,31.247600555419922,31.60755380616946,30.693082393126407,30.858465165700252,11085400
2022-09-09,31.772930145263672,31.870212587018923,31.364339436586878,31.549177560356767,10958900
2022-09-12,32.2496223449707,32.5414733752468,31.831301174176325,32.103694974289056,8295100
2022-09-13,30.87792205810547,31.4908100582032,30.73199652051495,31.160044516707952,9508100
2022-09-14,31.772930145263672,31.802114135572793,29.982905754921184,30.73199243191591,11048000
2022-09-15,32.3760986328125,32.82360764066048,31.568643746145153,31.58810098223318,11539700
2022-09-16,31.23787498474121,31.92859009587352,30.926566661101635,31.831307636394133,13830200
2022-09-19,32.04532241821289,32.210707014590646,30.96547215092462,31.072485058388974,8929700
2022-09-20,31.86049461364746,32.366371614675664,31.383801610976633,31.967507555742237,7618900
2022-09-21,30.313676834106445,31.578367365230157,30.235849753045663,31.51999937386454,13704400
2022-09-22,29.14626693725586,30.35258940146346,28.922514325162457,30.274762325276892,11105300
2022-09-23,28.231800079345703,28.77658962854077,27.706465908106807,28.59174962137776,12887500
2022-09-26,27.25896453857422,28.3388151734316,27.25896453857422,28.153976995586284,12130600
2022-09-27,27.725919723510742,28.14424091447175,27.0449314793123,27.832932639024587,13177600
2022-09-28,28.68903350830078,28.834959046301698,27.492441498931814,27.72592273084206,10325700
2022-09-29,27.667552947998047,28.1442440294797,27.317330171585446,28.0858741852589,11040300
2022-09-30,27.297874450683594,27.81348002724055,27.13249166994223,27.35624615368219,9632400
2022-10-03,27.49244499206543,27.725926253641326,26.461235622885862,27.22004925912149,11053600
2022-10-04,29.914812088012695,29.98291055035041,28.455552961768174,28.455552961768174,16308100
2022-10-05,29.691059112548828,29.914811730568886,28.99061355277277,29.185182176164766,8523000
2022-10-06,29.788341522216797,30.080192583125775,29.33110584310393,29.467304612999406,10688100
2022-10-07,28.591751098632812,29.399207775166335,28.270714151469942,29.379752396204957,11051700
2022-10-10,28.620935440063477,28.912786520067275,28.192885581253183,28.61120682332416,10400100
2022-10-11,28.05668830871582,29.924540021901613,27.59945446092355,29.759157250479916,17037900
2022-10-12,28.416637420654297,28.640391888437044,27.443798039917723,27.74537958393764,11868600
2022-10-13,29.55485725402832,30.17747567067294,27.74537740944289,28.533376726529188,27099400
2022-10-14,30.235849380493164,31.05303464933438,30.021825374099112,30.731997711971328,22499400
2022-10-17,30.28449058532715,31.247601396640313,29.885626568183635,31.11140447045783,15306200
2022-10-18,31.296241760253906,31.315698993611534,30.488786986895285,31.091946376630524,13590500
2022-10-19,31.636735916137695,32.04532665934637,31.20868794071609,31.69510761277647,14208800
2022-10-20,31.27678871154785,32.200983187957725,31.23787424424339,31.519998565568947,14786500
2022-10-21,31.69510841369629,31.918861023167675,30.90710718905454,31.189231496639724,11173100
2022-10-24,32.366363525390625,32.51228719179528,31.695105753319513,31.957769095065373,10388300
2022-10-25,32.97925567626953,33.06681136681525,32.025869840954954,32.18152770066969,7755600
2022-10-26,32.97925567626953,33.66024025708332,32.78468706271375,32.78468706271375,9418900
2022-10-27,33.16409683227539,34.12720951581393,33.11545560223744,33.465678396251455,8440400
2022-10-28,33.728336334228516,33.80616525859182,32.784684748391406,33.14463424585325,7315400
2022-10-31,33.00844192504883,33.981281348218936,32.969527457460934,33.72834101998549,10301300
2022-11-01,32.716590881347656,33.49486167864225,32.6193047122559,33.397579220638384,9195500
2022-11-02,31.18923568725586,32.4733835295974,31.16004797873343,32.29827212281553,13959700
2022-11-03,31.10167121887207,31.510263792076756,30.138560551077536,30.6833518857129,10291100
2022-11-04,31.870216369628906,32.31772530364389,31.28651422764444,31.811848382083085,9712000
2022-11-07,32.45392608642578,32.72631995696937,31.68538199614847,32.463652848478844,6998500
2022-11-08,32.67767333984375,32.979254869027706,32.200980433854596,32.51228872348882,7679400
2022-11-09,32.55120849609375,33.10572670938154,32.24963062881437,32.36637032869387,7765400
2022-11-10,34.52606964111328,34.85683516354381,33.37811892862422,33.592141058841,11959400
2022-11-11,34.47742462158203,35.02221598399119,34.30231324477507,34.72063445480419,9130000
2022-11-14,33.747802734375,34.52607734511061,33.66024702622166,33.806174443506684,8299600
2022-11-15,33.95210266113281,34.6136338691991,33.52405087292024,34.312052264875554,8391700
2022-11-16,33.19328308105469,33.708890545499855,32.96953043882265,33.48513419217959,7329200
2022-11-17,33.13491439819336,33.20301286567372,32.39555430685208,32.5317512418128,5522200
2022-11-18,33.53377151489258,34.41905512037666,33.241916759013584,34.04937515106068,6364200
2022-11-21,33.300289154052734,33.747794346234755,33.125177781270644,33.368387608902715,5733000
2022-11-22,33.300289154052734,33.572682973452665,32.83332673032965,33.4364860637527,4823800
2022-11-23,33.55323791503906,33.9131875116084,33.271113553173834,33.426767733670445,5420600
2022-11-25,34.14665985107422,34.42878415447878,33.426760807110156,33.56295772293646,4352600
2022-11-28,32.9500732421875,33.97155398787528,32.9500732421875,33.757531818711286,6061200
2022-11-29,33.66997528076172,33.78671498024238,32.95980289969816,33.09599983427362,6778200
2022-11-30,34.409332275390625,34.41906274865642,33.28083859729147,33.57268970676591,7404100
2022-12-01,34.4190673828125,34.769290245770826,34.146669761017854,34.487165860488986,6371600
2022-12-02,34.740089416503906,34.74981988740593,33.93263475273957,34.04937442595268,6566300
2022-12-05,34.81792449951172,35.87831963911609,34.710911567180126,34.75955279703413,12131800
2022-12-06,34.93466567993164,35.25570449058738,34.24395053778448,34.924938917982125,8832900
2022-12-07,33.3975830078125,34.68173089673863,33.36839529823124,34.672000423182105,10996500
2022-12-08,32.61930847167969,33.79644713128563,32.39555582361266,33.631062480312764,8918400
2022-12-09,32.8819694519043,32.90142668433192,32.259352858570686,32.405280246234085,5989400
2022-12-12,33.825626373291016,33.84508360661577,32.687402345863184,32.77495804028071,7163700
2022-12-13,32.4733772277832,34.74982136309034,31.918859117613675,34.55525275874775,15029400
2022-12-14,33.378116607666016,33.83534853990302,32.813868051130726,33.70888210709666,23497700
2022-12-15,32.3469123840332,33.13491369088406,31.93832158787295,32.736049656547024,11682500
2022-12-16,32.21071243286133,32.82360228074345,31.734019504266854,32.34690935214898,12861400
2022-12-19,32.02587127685547,32.77495806042406,31.957772815720855,32.405281760289796,8440100
2022-12-20,32.00641632080078,32.37609260437449,31.860488932856462,31.967501855870612,5995900
2022-12-21,32.7555046081543,33.0668166663897,32.298272560769014,32.33718703193447,8164600
2022-12-22,32.02587127685547,32.716590071501706,31.412985126643914,32.68740236595273,6806000
2022-12-23,32.25935363769531,32.26908039860024,31.490809638136504,31.9383185726049,5955600
2022-12-27,32.00641632080078,32.42473754108102,31.704834784223415,31.967501855870612,7613000
2022-12-28,31.121129989624023,32.123155168987644,31.05303153331127,31.94804379244412,7687300
2022-12-29,31.84103012084961,31.870214112555683,30.955746498586603,31.082216647792016,7388000
2022-12-30,31.96750259399414,32.15234074004888,31.47135243239755,31.55890812496826,6957600
2023-01-03,31.72429656982422,32.638764360403684,31.461629460478505,32.34691325371561,8640200
2023-01-04,33.45594787597656,33.533776812796894,32.0453299403557,32.055060413002224,11318800
2023-01-05,34.27312469482422,34.6038901724659,33.58240975098299,33.747790634260305,11332500
2023-01-06,35.05140686035156,35.09032133197073,34.146665806191486,34.234221511790466,11110400
2023-01-09,35.771305084228516,36.40364846582397,35.36271060759484,35.54755246817894,11251300
2023-01-10,37.055450439453125,37.13327565653141,35.664289892732995,35.67401665320995,10283500
2023-01-11,37.143009185791016,37.64888612725121,36.79278640238874,36.890068859516994,14336700
2023-01-12,38.524444580078125,38.543901816350406,37.2792111473593,37.78508815717341,20052100
2023-01-13,37.162471771240234,37.25002747969979,35.528101020720754,35.55728501984448,29120400
2023-01-17,37.22083282470703,37.318118988781464,36.539848231624504,37.16246483735007,17803900
2023-01-18,37.337581634521484,38.2520494428677,37.26948316534082,38.008839564054405,18661200
2023-01-19,37.30839157104492,37.39594727033572,36.02424378883851,36.82197184411558,17006100
2023-01-20,37.96992492675781,38.135309573393585,37.298667000159995,37.47377840902695,11998700
2023-01-23,38.01856231689453,38.242314914634186,37.67806632904833,38.13530199591359,12459300
2023-01-24,37.74617004394531,38.38824393464786,37.40567771974244,38.183948540126146,7679600
2023-01-25,38.310420989990234,38.427160692229016,37.57106088327212,37.678073823277764,10181800
2023-01-26,38.154762268066406,38.43688287225342,37.5710564042819,38.34932717824013,7618400
2023-01-27,37.67807388305664,38.15476687717764,37.6488898852227,37.9407409968268,7298400
2023-01-30,37.357032775878906,38.32014166065237,37.22083214864857,37.38621676902731,8982000
2023-01-31,38.03801345825195,38.047743929029274,37.32784124608469,37.75589289419286,7919200
2023-02-01,38.80656433105469,38.99140619814688,37.55160057368441,37.78508367013689,10781400
2023-02-02,38.8162956237793,39.244343646717724,38.436885120140964,39.117873478838284,10322700
2023-02-03,38.504981994628906,38.92329948724302,38.2228577016976,38.23258446200084,8279400
2023-02-06,38.563350677490234,38.757919286868514,38.01856302453612,38.203401162347326,6453800
2023-02-07,38.514713287353516,38.689824682118896,37.619699079542904,38.427157589970825,7994700
2023-02-08,38.36878204345703,39.215154937045554,38.09638821715501,38.91357340714863,8942300
2023-02-09,37.95045852661133,38.884387052064874,37.823992092705105,38.64117723304738,5840000
2023-02-10,37.13327407836914,37.493227289206814,36.79278180983339,37.45431282677776,8190200
2023-02-13,37.55160140991211,37.687802050677035,36.94844198801946,37.11382662483287,7842200
2023-02-14,38.03801345825195,38.18394083121378,37.211101574367575,37.48349537873659,7286000
2023-02-15,37.96019744873047,38.193676848758315,37.56133340518542,37.619701399648314,4151600
2023-02-16,37.240291595458984,37.73644177500918,37.181923605691566,37.5710571447965,6273300
2023-02-17,37.31812286376953,37.3862213301489,36.64686125076135,37.1332809883786,5961400
2023-02-21,36.09233856201172,37.05545115569842,35.81994473034129,36.87061301436315,7276600
2023-02-22,36.004783630371094,36.44256209127175,35.839402717968454,35.99505686950117,6220000
2023-02-23,36.51066207885742,37.10409471613021,36.150712534200494,36.607948247067306,7620100
2023-02-24,36.345272064208984,36.384186521754685,35.664283901507005,35.80048079183001,5482500
2023-02-27,36.812232971191406,37.17218241159072,36.53983920127698,36.78304898472537,7961500
2023-02-28,37.29866409301758,37.6780708789614,36.617675746178136,36.617675746178136,8203600
2023-03-01,37.46404266357422,37.619696814986135,36.977622976526014,37.298661751299925,5983200
2023-03-02,37.37648391723633,37.502954064638885,36.82196581620093,37.07490611100605,5295200
2023-03-03,37.79480743408203,38.17421789961241,37.53214407415061,37.931008061011916,7160300
2023-03-06,37.415401458740234,38.203402688205934,37.31811900570937,37.931008850849366,5238300
2023-03-07,38.00883483886719,38.689823157102865,37.64888530207647,37.853180684220845,11338800
2023-03-08,38.650909423828125,38.66063989616497,38.10611801668803,38.145032483859715,7836500
2023-03-09,37.4445915222168,39.20542852617227,37.279206888341236,38.66064081714204,9930000
2023-03-10,36.23826599121094,37.86290593352169,35.58646540436894,37.86290593352169,12931100
2023-03-13,34.71090316772461,35.567002708127674,34.42877890731756,35.42107534278966,14734000
2023-03-14,34.50661087036133,35.49890739340452,34.146657660384584,35.39189447752427,14902900
2023-03-15,32.32745361328125,33.56296012705709,31.69511021435175,33.43648996283603,18703300
2023-03-16,32.794410705566406,32.96952207000963,31.743746229994336,32.220435391244116,13436300
2023-03-17,32.06478500366211,32.44419176725415,31.62700654140678,32.35663607480309,12989700
2023-03-20,32.239891052246094,32.609570993749024,32.0258652369938,32.181523074331544,9241000
2023-03-21,32.96952819824219,33.212738059499316,32.73604880964461,32.804147273909564,8366000
2023-03-22,31.879945755004883,33.09599493526405,31.841031290575568,32.969524781412574,10330400
2023-03-23,31.267059326171875,32.44419416989578,30.94602238192499,32.10370184686423,10506900
2023-03-24,30.73200035095215,30.994667464680244,30.19693936124894,30.87792590673083,12647300
2023-03-27,31.257333755493164,31.422714686955988,30.877925093804386,31.305974987624104,7194500
2023-03-28,31.58810043334961,31.64646842951115,31.101678817321936,31.130864670946835,6752000
2023-03-29,32.41500473022461,32.512287174442456,31.636734043219715,31.938315558034834,9977900
2023-03-30,33.183555603027344,33.358667008142646,32.79441832252931,32.79441832252931,10614900
2023-03-31,33.97154998779297,33.99100722107833,33.436489061252985,33.562959222063895,9177200
2023-04-03,33.45594787597656,33.903453129429586,33.23219524925005,33.543503574355455,9275500
2023-04-04,32.99871063232422,33.75752788707395,32.59011986607173,33.63105772610103,8551700
2023-04-05,32.55120849609375,32.7165931394205,31.95777581248341,32.64849467190012,8679600
2023-04-06,32.77496337890625,32.901433560573686,32.31773131010436,32.667954144821316,6291800
2023-04-10,33.047359466552734,33.23219763815623,32.70686341011906,32.77496187918815,8534800
2023-04-11,33.640785217285156,33.83535011097136,33.018164939791916,33.04735264271482,9801200
2023-04-12,32.82360076904297,33.533773037684014,32.23989494186588,33.38784565311785,21581700
2023-04-13,32.463645935058594,33.18354863958464,31.558905102182045,33.125176946432575,37172700
2023-04-14,32.8527946472168,33.07654731608319,32.12316492700908,32.79442293360826,15803000
2023-04-17,33.650516510009766,33.66997374421663,32.75550229193408,32.89170293138209,12113600
2023-04-18,34.39960479736328,34.5066177345309,33.60187671622592,33.99101028373129,13113100
2023-04-19,34.95412063598633,35.207057252152076,34.166119370279404,34.1953070764012,11774200
2023-04-20,33.69915771484375,34.681727630573334,33.65051648490687,34.6233559279963,11195600
2023-04-21,33.3975830078125,33.74780212299282,32.940347238951965,33.73807536052461,9579200
2023-04-24,33.19328308105469,33.533779136607265,32.55120915214461,33.48513419217959,8452700
2023-04-25,32.21071243286133,33.06681212549645,32.19125519995056,32.97925643294186,9119000
2023-04-26,31.86049461364746,32.56094026293086,31.802122905844413,32.27881590851524,9237500
2023-04-27,32.42474365234375,32.54148335804918,31.841037701639962,32.15234605757998,9561500
2023-04-28,33.378116607666016,33.455941819309366,32.337178888211064,32.54147424374806,11108900
2023-05-01,33.7769889831543,34.205037031669065,33.25165475696239,33.49486463452291,9901400
2023-05-02,33.59214401245117,33.7283409375882,32.9695273769174,33.56296001737549,10014900
2023-05-03,33.2030143737793,33.864545554568465,33.125185429644894,33.59214796118637,11166100
2023-05-04,32.18152618408203,33.05707933719026,31.792388975308956,33.02789534541289,11694300
2023-05-05,33.01816940307617,33.26137926414768,32.41500998672346,32.53174968093315,8697900
2023-05-08,33.2711067199707,33.49485932653736,32.81387103506758,33.31002118487472,8726300
2023-05-09,33.2711067199707,33.48512885476754,32.784687041933374,33.01816640918222,5845700
2023-05-10,32.8819694519043,33.786710348807084,32.21071163304543,33.70888513018419,9025300
2023-05-11,32.31772994995117,32.726320765865694,32.11343083090566,32.63876506087141,7620000
2023-05-12,32.32745361328125,32.63876193206547,31.957773593067028,32.473381011312306,8934300
2023-05-15,32.80414962768555,32.81387638995504,32.16207569633991,32.44419633521415,7586600
2023-05-16,32.90142822265625,33.310022700565256,32.45392298916032,32.73604730592037,8646700
2023-05-17,34.95412063598633,35.19733049083673,33.29056611947069,33.36839134325712,16957300
2023-05-18,34.91520309448242,35.13895569591421,34.574710812105245,34.91520309448242,9786300
2023-05-19,34.623348236083984,35.022212170695646,34.059099703123174,34.95411372169515,8999000
2023-05-22,34.49688720703125,35.352986991933136,34.25367733606613,35.090319885960234,9021000
2023-05-23,34.93466567993164,35.64483805706595,34.350963474669726,34.769284749173075,10602100
2023-05-24,33.98128128051758,34.76928254770706,33.57268679383448,34.594171154998286,8803900
2023-05-25,34.77900695800781,34.847105416003615,34.07856143452227,34.14665989251807,6880100
2023-05-26,34.91520309448242,35.26542584840612,34.74009171752057,34.77900618153155,6703600
2023-05-30,35.294612884521484,35.92695999042425,35.11950149245881,35.30434335690712,8652600
2023-05-31,35.3432502746582,35.917221845817764,34.90547188801466,35.86858062754339,9972100
2023-06-01,35.39189910888672,35.81022035602131,35.02221909049357,35.430809865227154,7769000
2023-06-02,36.004783630371094,36.617673475632024,35.63510733991071,35.90750117732104,8931000
2023-06-05,36.09233856201172,36.20908195651701,35.557277659335824,36.0728850406818,8285200
2023-06-06,36.617671966552734,36.646855959047485,35.61564863929903,35.654563103350405,5744700
2023-06-07,37.191650390625,37.22083438552728,36.57876052006207,36.812243612543895,10268900
2023-06-08,38.04774856567383,38.14503101877876,37.20137934818026,37.20137934818026,14879500
2023-06-09,38.213130950927734,38.81629405890526,38.018566037219216,38.05747679330821,14940000
2023-06-12,39.108150482177734,39.12760771842374,38.46607653041297,38.50499100290498,10953500
2023-06-13,40.431209564208984,40.51876526463854,39.10814729597928,39.29298545862476,14333300
2023-06-14,41.044090270996094,41.08300473511716,40.35337523274122,40.577127834806,13048900
2023-06-15,41.715354919433594,41.851551842992706,40.51876289105134,40.60631858635189,14463100
2023-06-16,41.62779998779297,41.98774953681499,41.39431689234566,41.69589845082179,12219200
2023-06-20,41.32622146606445,41.48187563743786,40.98572912590019,41.26784976014136,12208700
2023-06-21,41.62779998779297,41.87100984463529,41.20947873713714,41.33594890179976,9063100
2023-06-22,41.77372360229492,41.92937776195867,41.32621835714764,41.4526885215894,7195500
2023-06-23,41.69589614868164,41.83209306721949,40.946809385635795,41.10246353697729,19597400
2023-06-26,41.96829605102539,42.39634781239241,41.50133352951537,41.686171701231345,10820000
2023-06-27,44.838172912597656,45.013284320301544,42.19204827270621,42.49362985510473,25947100
2023-06-28,45.44133377075195,45.63590241989068,44.79925982635599,45.01328571151742,17184100
2023-06-29,45.05220031738281,46.12232232419193,44.96464461056473,45.48024837788879,15246600
2023-06-30,46.248783111572266,46.43362125016999,45.22730254684916,45.38295669279661,13335700
2023-07-03,46.657379150390625,46.86167454431293,46.151502190853506,46.151502190853506,6305700
2023-07-05,47.202171325683594,47.494022423204356,46.36552879132617,46.42390049526554,10488400
2023-07-06,46.04448699951172,47.13406600360123,45.95693131188298,46.68656080509326,15081900
2023-07-07,46.579551696777344,47.075698159876424,45.869379377277035,46.200144923039026,14600600
2023-07-10,47.143795013427734,47.28972240346771,46.365524259085824,46.5309088818703,10141000
2023-07-11,47.33836364746094,47.464833804803625,46.70601657183519,47.26053842754153,9937300
2023-07-12,46.647647857666016,47.70804290404151,46.579549399639966,47.3772773745917,15383400
2023-07-13,46.414161682128906,48.45712641984524,45.947199267787646,48.39875472639481,32909200
2023-07-14,45.322296142578125,46.6188881363425,44.7861077086974,46.57989193771805,18178700
2023-07-17,45.62451171875,46.00471539424985,45.156568447451534,45.322300447907836,9712500
2023-07-18,47.15507125854492,47.17456935719854,45.54651716788279,45.63425675238305,11640400
2023-07-19,47.3305549621582,47.39879645454288,46.696883430174424,46.901607907328454,9050800
2023-07-20,47.467041015625,47.574278715985855,46.50190915014264,46.921109041253615,10591000
2023-07-21,47.3305549621582,47.866739710416,47.077087093141174,47.67176614296401,8909700
2023-07-24,46.28743362426758,47.03809380588124,46.141203439620334,46.90161081265742,9434100
2023-07-25,45.2735481262207,45.614759279013285,44.30841640236988,45.48802349546849,13411000
2023-07-26,45.26380920410156,45.60501670033709,44.81536400365407,45.27355639590138,8056600
2023-07-27,44.60088348388672,45.00058524176298,44.24992511718906,44.87384944959274,8835300
2023-07-28,44.5716438293457,44.99084374048057,44.347421226463794,44.90310413771088,8272200
2023-07-31,45.09807586669922,45.16632108282292,44.57164199068032,44.65938158983058,7190000
2023-08-01,44.259681701660156,44.600889202541765,43.148312158325396,44.591142010609225,9002800
2023-08-02,43.67474365234375,43.94771333365948,43.50901538054699,43.781981342980394,7641900
2023-08-03,43.08007049560547,43.518768508571476,42.914342201197655,43.20680630354739,7096100
2023-08-04,43.47002029418945,43.68449568095745,43.09956382219448,43.35303540998983,7244100
2023-08-07,44.103702545166016,44.27917803987664,43.372540394820234,43.56751399313937,5994000
2023-08-08,44.63988494873047,44.78611513951107,43.479772019903905,43.499270122451215,5892100
2023-08-09,43.89897155761719,44.932348670621494,43.62600556202022,44.591141176125284,6073200
2023-08-10,43.733238220214844,44.56188702203807,43.37253266494992,44.28892105793298,6926200
2023-08-11,43.06056594848633,43.56750538550261,42.99232445878051,43.479765796040525,5489100
2023-08-14,43.11906433105469,43.22630203042828,42.60237765467208,42.89484174094747,6363300
2023-08-15,41.939453125,42.953331999537404,41.88095882570205,42.777852820525844,7020200
2023-08-16,41.59823989868164,42.6511149206432,41.49100593359926,41.95894914817704,5617100
2023-08-17,40.73059844970703,41.676235868819695,40.67210786716887,41.5982434669256,6408100
2023-08-18,40.44789123535156,40.58437423984501,40.067683798556,40.30165731974689,6282000
2023-08-21,40.691612243652344,40.80859714565407,40.19441990209979,40.64286512550889,4164700
2023-08-22,40.56487274169922,41.10105752257236,40.194416247017756,40.96457452950094,4249200
2023-08-23,41.140052795410156,41.33503008919441,40.223660630288926,40.56487182413201,7094300
2023-08-24,40.84758377075195,41.413013763526465,40.66235369057652,40.945070546404835,5478200
2023-08-25,40.65260696411133,41.10105208743942,40.10667134513659,41.04255779005143,5804500
2023-08-28,41.344783782958984,41.37402908001733,40.681863111160055,40.681863111160055,4454500
2023-08-29,42.670616149902344,42.953333024934786,41.17904681157907,41.30577888475993,8969800
2023-08-30,42.14418411254883,42.748610423250184,42.1344369205994,42.68036892295565,5511900
2023-08-31,41.802974700927734,42.4853933915734,41.36427670559247,42.446397187791895,6506500
2023-09-01,41.783470153808594,42.105179488174684,41.276530739493985,42.017439902641726,5200300
2023-09-05,40.71110534667969,41.44226746921898,40.2724110482624,41.41302217435993,8261200
2023-09-06,40.66236114501953,41.63724395579756,40.447889455488664,40.447889455488664,7535200
2023-09-07,40.09693145751953,40.623365354357624,39.940950354959575,40.45763705989891,7242800
2023-09-08,39.79471969604492,40.457640365814704,39.7264781905289,40.11643283823459,8049900
2023-09-11,39.814208984375,40.155416436402554,39.706971294057105,40.067676846040854,6422500
2023-09-12,39.66797637939453,40.213912039209355,39.58023678619005,39.88245176697936,6840000
2023-09-13,38.556617736816406,39.092802585058145,38.293398909014144,38.50787433586409,11263000
2023-09-14,38.34214401245117,39.26827973848946,37.95218938757395,39.19029104484377,13190400
2023-09-15,38.897823333740234,39.10254781934624,38.12766506630897,38.312891450588324,9842300
2023-09-18,37.913185119628906,38.82957717756821,37.75720404662168,38.58585651856429,8517700
2023-09-19,38.459129333496094,38.52737083576442,37.66947288297015,37.89369549312081,8175500
2023-09-20,37.903438568115234,38.86857031145582,37.796200881325795,38.771083533764795,7000200
2023-09-21,37.338008880615234,37.95218605932708,37.2502692836564,37.61097858164416,7938900
2023-09-22,36.72383117675781,37.45499323466506,36.577600996505886,37.41600075126074,7754200
2023-09-25,36.616600036621094,36.78232833086059,36.168151113331945,36.460618934267465,7346900
2023-09-26,35.84644317626953,36.75308453276585,35.79769977708991,36.26564310320366,8988900
2023-09-27,35.73920440673828,36.21689862984958,35.6124685975238,35.846442113082624,7996900
2023-09-28,36.02191925048828,36.5288587393385,35.49548165988813,35.778198556938136,8247600
2023-09-29,36.07065963745117,36.53860288377925,35.81719177360434,36.314380310677194,7990300
2023-10-02,35.53447723388672,36.26563930158446,35.38824333279413,36.0414167137564,5799800
2023-10-03,34.3548698425293,35.37849598911975,34.24763214470774,35.23226208865716,9406100
2023-10-04,35.154273986816406,35.34924756549854,34.47185530478106,34.57909300438581,9430500
2023-10-05,35.52472686767578,35.72945507611659,35.10552697826661,35.5539758796717,8342200
2023-10-06,36.07065963745117,36.392372711173046,35.34924480839392,35.41749001826896,9785200
2023-10-09,34.393863677978516,34.89105598398511,33.818682682507436,34.81306357563791,14475900
2023-10-10,34.93004608154297,35.74894391272913,34.8130574894746,34.84230649693273,12365700
2023-10-11,35.17445373535156,35.80012436370764,34.548783106995494,34.95937805836999,14319300
2023-10-12,34.363037109375,36.24004892915614,34.13818323892009,36.181390911303865,29838600
2023-10-13,33.33654022216797,34.63676490018841,33.18990078064908,34.001316132401,14423600
2023-10-16,33.649375915527344,33.97198940351963,33.131243169796356,33.34631882845788,10136900
2023-10-17,33.903560638427734,34.40214076724673,33.50274014920738,33.56139817054129,10331900
2023-10-18,32.398033142089844,33.33653895765833,32.280720847466434,33.33653895765833,14724500
2023-10-19,31.977664947509766,32.867291087445764,31.928785128032416,32.46647060086561,13407100
2023-10-20,31.508405685424805,31.987436771088905,31.469300345923564,31.860346282355092,8364900
2023-10-23,31.322664260864258,31.86034968389526,31.068485120904658,31.283558917187975,12427600
2023-10-24,31.30310821533203,31.72348129131928,31.176017726726705,31.38131516496501,8662800
2023-10-25,30.706768035888672,31.215126313910776,30.628559213473377,31.14669382737807,11186400
2023-10-26,30.89251708984375,31.283561232318622,30.481920274083745,30.77520291477851,10230800
2023-10-27,29.963787078857422,31.088039742455358,29.91490725791016,31.048936258626675,10826500
2023-10-30,30.53079605102539,30.69699002265737,30.159304631013185,30.159304631013185,10783100
2023-10-31,30.550350189208984,30.61878267528955,30.071320921999636,30.442812359856443,9104300
2023-11-01,30.41348648071289,30.892515767825664,30.14953099659601,30.68721643640849,9336700
2023-11-02,31.30310821533203,31.371540694744798,30.86318246961393,30.951167618757548,9711700
2023-11-03,32.603328704833984,32.77929900123956,31.78213523137145,31.83101876982108,12310200
2023-11-06,32.18295669555664,32.97482305551766,31.733256469584436,32.87706343397258,8225800
2023-11-07,32.69131851196289,32.76952920119599,31.87990312226949,32.27094538056225,10497700
2023-11-08,33.40496826171875,33.932879131227786,32.96504626641814,32.99437340496078,14144100
2023-11-09,32.73042297363281,33.854677360639464,32.5642308574321,33.64937617158629,8513100
2023-11-10,33.29743957519531,33.36587206241533,32.69131793225964,32.847735578661236,7536700
2023-11-13,33.40496826171875,33.620043889138785,32.93571539858525,33.03347874254447,7144400
2023-11-14,34.451019287109375,34.69542207971878,34.089300468958186,34.33370326156759,10993800
2023-11-15,34.959373474121094,35.6437020326332,34.70519621316606,34.71497068388753,10580600
2023-11-16,34.71497344970703,35.37974939044976,34.49012331229272,34.890943771038394,7756300
2023-11-17,35.252662658691406,35.28198980251977,34.72475169403543,34.97892897556002,8447200
2023-11-20,35.68280792236328,35.78056754824252,34.92027239849127,35.145122521446076,7784200
2023-11-21,35.07668685913086,35.536161534278556,34.90071656506056,35.4677290565057,7345000
2023-11-22,35.14512252807617,36.21071885923995,34.97892668890129,35.976090536078544,12367700
2023-11-24,35.29176330566406,35.51661716648147,35.14512386125498,35.35042132100219,4392600
2023-11-27,35.03758239746094,35.19400002618347,34.87138656921738,35.08646220719477,7147100
2023-11-28,35.23311233520508,35.321097501846644,34.66609598811697,35.10602182132478,7810200
2023-11-29,35.81967544555664,36.09340540097797,35.52639281770651,35.54594549013531,9311600
2023-11-30,36.10318374633789,36.39646637536187,35.379749780740525,35.8881080780512,11392800
2023-12-01,37.1981086730957,37.26654116474786,36.142290423825884,36.1520648957943,11014200
2023-12-04,37.30564498901367,37.79445061189346,36.86571918256367,37.14922733886378,9760000
2023-12-05,36.76795959472656,37.08079489540942,36.53333125456894,36.91459904419549,7828100
2023-12-06,38.068180084228516,38.635196389633,37.276317371958605,37.383855204314,12499700
2023-12-07,39.43683624267578,39.61280655829299,38.52765752175049,38.56676286506338,12122600
2023-12-08,39.44660949707031,39.82788098867391,38.96758210878151,39.35862434197574,8728400
2023-12-11,39.60302734375,39.72034337068469,39.21198510850647,39.505267717261795,7295400
2023-12-12,40.316680908203125,40.531752800966935,39.612799766419336,39.612799766419336,8448900
2023-12-13,40.26780319213867,40.43399903209565,39.22175952709006,39.95496791264511,12821300
2023-12-14,41.48981857299805,41.743999577000366,40.56109090327883,40.600192517571564,14530800
2023-12-15,41.39205551147461,41.63645829467196,41.040114906983945,41.63645829467196,12907200
2023-12-18,40.25802993774414,41.23564114802585,40.17981925086201,41.05967083183188,8624000
2023-12-19,40.228702545166016,40.776162432780346,40.14071738761503,40.492654288528186,7560000
2023-12-20,39.43683624267578,40.50243260756183,39.36840375652362,39.85720936006235,9695100
2023-12-21,40.19937515258789,40.66862812371252,39.857212693212986,39.94519785837955,7709400
2023-12-22,40.20915222167969,40.35579167330085,39.97452387807842,40.140719731731615,6839000
2023-12-26,39.84743118286133,40.20915001478062,39.83765671167279,40.09183398477343,4722900
2023-12-27,39.681243896484375,39.9647520762327,39.49549908697233,39.80833441314591,4486400
2023-12-28,39.720340728759766,39.808325878463265,39.544370429352774,39.59325023934573,4558100
2023-12-29,39.32929992675781,39.749673060322,39.08489711558286,39.62258255430956,8624200
2024-01-02,39.544376373291016,40.023403804231485,38.684077416799276,39.07512341410216,9483800
2024-01-03,37.87266159057617,38.90892713224165,37.80422537190317,38.772062153477606,11846200
2024-01-04,38.322357177734375,38.791610074283305,37.79444627063288,37.872656951369635,8355800
2024-01-05,39.632362365722656,39.82788536846638,38.18549811228482,38.27348327705494,11060000
2024-01-08,40.697959899902344,41.15743467991466,40.189601570932574,40.30691388398984,11967400
2024-01-09,41.37250900268555,41.44094149382884,40.3655705793276,40.47310841663594,11894000
2024-01-10,41.167205810546875,41.56802622983127,41.04011531781069,41.284518103454594,10255600
2024-01-11,41.31385040283203,41.421388238629085,40.55131480978534,40.913029933500944,10485200
2024-01-12,37.608707427978516,39.847434442358974,37.52072226292139,39.251094689517465,42272200
2024-01-16,36.6310920715332,37.33496958451533,35.526390395030745,37.28608977142209,27511600
2024-01-17,36.3084831237793,37.119902293698686,36.161843666198635,36.46490078277336,11165800
2024-01-18,37.237213134765625,37.42295793208074,36.31825989063519,36.46489934242365,13540800
2024-01-19,36.445343017578125,37.393627040474264,35.868552281376964,37.32519455730554,19117400
2024-01-22,36.152061462402344,37.325195639626116,36.152061462402344,36.81683737185279,11661700
2024-01-23,37.15900421142578,38.09751390225697,36.82661621721896,37.20788776030508,15332500
2024-01-24,37.33497619628906,37.83356007429173,37.17855852911577,37.54027741450323,9694900
2024-01-25,39.280418395996094,39.40750889646169,38.13661135038724,38.175716693498316,19386400
2024-01-26,38.74272918701172,39.661682284392526,38.70362384772988,39.35862149889387,8126600
2024-01-29,39.19243621826172,39.2706431811388,38.45922776099513,38.73295772500151,7247500
2024-01-30,38.635196685791016,39.133776777735015,38.52765885261129,38.70362917430704,6610800
2024-01-31,38.263702392578125,38.860045830947115,38.009525117339145,38.508105196546346,8183300
2024-02-01,38.86981964111328,38.918703184508175,37.73579079916013,38.52765721309366,9865500
2024-02-02,39.08489990234375,39.231543091220786,38.28325892287604,38.566767099082995,7513500
2024-02-05,38.3614616394043,38.66451869709115,38.08772799238628,38.556980878186614,7931900
2024-02-06,39.280418395996094,39.378178024483,38.165942222365935,38.38101415089529,7579200
2024-02-07,39.30973815917969,39.51503557803676,38.89914332146554,39.40750149860454,6544000
2024-02-08,39.44660949707031,39.58347819444351,38.66452130139117,39.397729684082364,7611500
2024-02-09,39.60302734375,39.95496796597266,39.06534193948346,39.61280554397324,7769400
2024-02-12,39.67146301269531,40.023399900794686,39.378176678676525,39.41728202045111,6677300
2024-02-13,39.11422348022461,39.20220863966618,38.47877842140515,38.94803136199657,8855300
2024-02-14,39.92564010620117,40.20914823892776,39.055566766507745,39.475939865573885,8961800
2024-02-15,40.082061767578125,40.49265670782046,39.88653876919515,40.267806564931895,7291500
2024-02-16,39.221763610839844,39.72034745333236,39.084898627972436,39.64213676067036,7674100
2024-02-20,39.69101333618164,39.97452147998213,38.94803046304982,39.075120963596724,8190900
2024-02-21,39.84743118286133,40.062506841917035,39.22176060665287,39.59325390976069,5903000
2024-02-22,41.17698669433594,41.440942191456884,40.0234050680849,40.082063088319934,12389000
2024-02-23,40.882999420166016,41.16717849394808,40.60861433979773,41.12798382946583,9103400
2024-02-26,40.951595306396484,41.34356812364783,40.794805431862855,40.922194634932666,7783300
2024-02-27,41.137786865234375,41.412168242815184,40.92219936104036,41.22598141348048,7119400
2024-02-28,41.167179107666016,41.27497284747138,40.66741255003669,40.68701175165271,7376400
2024-02-29,41.421966552734375,41.843340057957164,41.14758519609279,41.32397054095836,10294100
2024-03-01,41.31417465209961,41.48076601046851,40.696812833946765,41.35337305855886,5332300
2024-03-04,40.736019134521484,41.608163287338144,40.38324088435598,41.04959897063159,8206500
2024-03-05,40.96139144897461,41.029986782786516,40.34402970650213,40.42242650981021,7123200
2024-03-06,41.17698669433594,41.41216967233329,40.89280383593694,41.13778828528103,6435500
2024-03-07,41.92173767089844,42.37251189757248,41.29457808024971,41.35337569368529,9519200
2024-03-08,41.392578125,42.40191295564786,41.245585946209985,41.97074162971894,8222400
2024-03-11,41.8237419128418,41.84334111569243,41.108387830539165,41.216181577134826,8031400
2024-03-12,41.902137756347656,41.902137756347656,40.77521155417446,41.40237113419536,15141900
2024-03-13,43.0290641784668,43.577830635198836,41.77474512098289,41.823741258259794,12386600
2024-03-14,42.19612503051758,43.029070705062075,41.911942157775115,42.93107841564492,9658300
2024-03-15,42.254913330078125,42.6174929770167,42.09812344481156,42.1177226477406,8026800
2024-03-18,42.5684928894043,42.77428265005527,41.764944264129326,42.460702881078,8313200
2024-03-19,42.862483978271484,42.91148012402354,42.35291583848419,42.49990427574038,5358600
2024-03-20,44.469573974609375,44.538169314713336,42.74488152528365,43.07806049357392,9632600
2024-03-21,45.0771369934082,45.12613313381134,44.302985265274636,44.58716811304507,9868900
2024-03-22,44.67536163330078,45.224128112423095,44.66556390071191,45.07713595642928,6666100
2024-03-25,44.50877380371094,44.67536517625976,43.67582815546513,44.56757141840454,8827000
2024-03-26,45.00853729248047,45.19472410325625,44.52836619141114,44.66556060469205,7468400
2024-03-27,46.36085510253906,46.54704192449738,45.12613147601115,45.28292136244072,10201400
2024-03-28,46.90961837768555,47.0958089399598,46.30205802802539,46.35105416719438,13599400
2024-04-01,47.252601623535156,48.21294021308828,47.24280015222205,47.52698300964576,13772800
2024-04-02,45.95907974243164,46.47844552854267,45.469110891182545,46.37065178316136,9990900
2024-04-03,45.63570022583008,46.517645686576216,45.567104883123804,45.85128772471598,11209100
2024-04-04,44.95954513549805,47.105607467929595,44.743957633715254,46.27266187349477,10628300
2024-04-05,45.13593292236328,45.52790576914358,44.53817031249514,45.06733758072259,7632900
2024-04-08,46.06687545776367,46.43925287754041,45.371120499939174,45.390719704997544,9977500
2024-04-09,46.37065505981445,46.53724642485701,45.49851104106994,46.20406743293783,13330700
2024-04-10,45.31232452392578,48.25213785950965,44.80275643051132,46.89002120729638,34952500
2024-04-11,46.6744384765625,46.91942292664583,45.645504533845724,45.80229443237241,14073300
2024-04-12,45.91987609863281,46.00807063132305,45.16532370520866,45.85128076633655,16612000
2024-04-15,45.7140998840332,46.860625316184176,45.36132167778181,46.32166027359613,12122000
2024-04-16,45.6161003112793,45.83168780680406,44.72435713183471,45.66509644985336,11692900
2024-04-17,46.91942596435547,47.22320430970008,46.204071772377816,46.76263605567771,13841600
2024-04-18,46.89002227783203,48.22273828516355,46.8508276068022,47.03701444323355,12255100
2024-04-19,46.615638732910156,47.77196558352359,46.54704338907426,46.84102396810893,9271700
2024-04-22,48.03654861450195,48.193338503868574,46.84102337172779,46.84102337172779,10442100
2024-04-23,48.242332458496094,48.62450756288318,47.23299782504654,47.44858157680822,10669300
2024-04-24,46.97821044921875,48.28152934172959,46.78222590618857,48.212934004035915,10329500
2024-04-25,48.879295349121094,48.938089220891975,45.929680668532356,46.34125646175754,12946800
2024-04-26,48.91849136352539,49.232074886983185,48.19333951185011,48.761701470879444,9983000
2024-04-29,49.43785858154297,49.72204141669747,48.75190143185359,48.830298243551,9601300
2024-04-30,49.06548309326172,49.71224186202803,48.771502514398094,48.84009785819408,11063500
2024-05-01,49.01648712158203,49.48685679701334,48.29133153560508,49.03608632532907,10368700
2024-05-02,50.00621795654297,50.163007833754364,49.23207004052983,49.57504672875302,8196100
2024-05-03,50.51578903198242,50.61378504749025,49.8004349405212,50.32960220976619,9165900
2024-05-06,51.86811065673828,51.936706007128365,50.643188345249406,50.91756974680972,8541200
2024-05-07,51.15275192260742,51.47612944021214,50.96656135540644,51.09395431114934,6583900
2024-05-08,51.231143951416016,51.69171588633194,50.917564173054565,51.11355246907193,5125500
2024-05-09,51.691715240478516,51.83870739519642,50.97636114639397,51.084154894765,4601700
2024-05-10,51.54472351074219,52.083692257041086,51.11355225186888,51.88770396185656,6118900
2024-05-13,52.02581024169922,52.87997891327922,51.83926503224553,51.99635356661985,7137400
2024-05-14,52.09453582763672,52.53634475217116,51.97671661882721,52.45780235825088,5549600
2024-05-15,52.2908935546875,52.55598115591877,52.03562609347556,52.349803158945356,5655300
2024-05-16,51.554542541503906,52.50689391831861,51.51527321561944,52.35962551935789,4801100
2024-05-17,51.741085052490234,52.24180357524278,51.47599745387324,51.574176381382046,4535300
2024-05-20,52.02581024169922,52.271261310739476,51.59381396320527,51.61345049816282,4470500
2024-05-21,51.27963638305664,51.91781065431138,51.07345838598765,51.750901981479785,6094900
2024-05-22,50.6414680480957,51.446547281727824,50.209471755219596,51.260002066063606,6309900
2024-05-23,50.26837921142578,50.77891787961854,49.60075201034957,50.710191880562405,6112500
2024-05-24,50.896732330322266,50.93600539908327,50.180015679220844,50.51382927311742,5197700
2024-05-28,49.36511993408203,50.818189875980394,49.28657753615344,50.769100409114245,6060800
2024-05-29,48.99203872680664,49.09021766402013,47.4015129778862,48.03968730563301,10796100
2024-05-30,49.19821548461914,49.23748855661527,48.491315169834,49.090216409272934,4909200
2024-05-31,50.09165573120117,50.150565337381614,49.306213041892796,49.48293811514795,7780900
2024-06-03,49.865840911865234,50.70037306232425,49.54184369762289,50.513831595063785,5403300
2024-06-04,48.9527587890625,50.45491804043905,48.40294708002358,49.67929181124643,7232200
2024-06-05,49.895294189453125,50.75928302149388,48.89385335475988,49.090214963671805,10234100
2024-06-06,49.512386322021484,50.7200050438652,49.384750726783615,50.07201441884453,5228700
2024-06-07,49.5222053527832,49.787292951489796,49.080396433558235,49.09021282819803,4743500
2024-06-10,49.581119537353516,49.94438609716484,49.1000337592631,49.38475791884138,3734400
2024-06-11,48.39314270019531,49.276764466437605,48.1575079820253,49.217858595860186,7120800
2024-06-12,49.69893264770508,50.25856079942433,48.89385342083576,49.04112556404027,6810000
2024-06-13,49.25712203979492,49.58111927038837,48.45204277898776,49.492756729798,5250400
2024-06-14,47.8335075378418,48.72694931678257,46.55715892910961,48.618950242632664,12323500
2024-06-17,48.80548858642578,48.8742145846096,47.617506337493055,47.72550540472076,5288500
2024-06-18,48.6778564453125,49.01166629437558,48.285133247742074,48.6778564453125,5026600
2024-06-20,48.707305908203125,48.844757893985715,48.3833087314707,48.46185486350973,5303100
2024-06-21,48.48149871826172,48.69749312341739,47.83350801222214,48.658223796753084,9374800
2024-06-24,48.50113296508789,49.45348057058006,48.44222335994242,48.52076575485028,6695400
2024-06-25,47.92186737060547,48.942940956542,47.79423176788114,48.648400427035575,7726200
2024-06-26,47.30332946777344,47.58805360156868,46.29207228014634,47.02842547392204,10964200
2024-06-27,47.715694427490234,47.754967504075594,46.998977633597654,47.273885424408455,6504900
2024-06-28,46.5767936706543,47.61750755521562,46.17425406587526,47.53896141511917,11892900
2024-07-01,46.06625747680664,47.02842901837583,45.889536142644424,46.94006647865157,9064600
2024-07-02,45.86008071899414,46.42952904506303,45.67353923905075,46.14480488202858,6361900
2024-07-03,46.52770233154297,46.60624846847548,46.056436745805755,46.29207141131734,3543200
2024-07-05,45.18263626098633,46.292076215947546,45.12372665217275,46.292076215947546,9605500
2024-07-08,45.50662612915039,46.43934092882036,45.43790013030707,45.96807533162929,7404000
2024-07-09,46.036808013916016,46.743708384970674,45.418270189243195,45.526269273186166,9369500
2024-07-10,46.00734329223633,46.42951937841458,45.63425666473996,46.2724308634612,11416100
2024-07-11,44.17137908935547,44.21064841670217,41.402687393306806,42.22740319216918,33857200
2024-07-12,42.8263053894043,44.06338098772725,42.75757938341818,43.65102120652412,16717000
2024-07-15,42.21758270263672,42.82630028827373,41.94267871143665,42.816483893710576,12563800
2024-07-16,45.18263626098633,45.21208919274995,42.374675244073444,42.453221389158216,15554000
2024-07-17,44.927364349365234,45.19245196705284,44.47573525787656,44.505191934477146,7160500
2024-07-18,44.10264587402344,45.94843894458488,43.77865241347599,44.91754521333602,10441500
2024-07-19,44.613182067871094,45.02554178467134,43.24847481173651,43.92592211534709,8789800
2024-07-22,43.03248596191406,44.10264909559621,42.757578200290034,43.837565220005615,14486000
2024-07-23,42.81648635864258,43.23866250959638,42.45321981431706,43.042300899455,10772600
2024-07-24,42.15867614746094,43.1012111409659,42.031044282482284,42.68885137906631,7120100
2024-07-25,42.67903137207031,43.199386419081385,41.736496458327586,41.962314728642596,9293100
2024-07-26,43.327022552490234,43.47429094265314,42.571032831405475,43.1699340224782,8721400
2024-07-29,42.39431381225586,43.37611820115426,42.384493671006425,43.32702873076664,7832300
2024-07-30,42.59135437011719,43.43865002456691,42.453423218619236,42.75884488146614,6087700
2024-07-31,42.38446044921875,43.29086736670123,42.226824300163436,42.61106217858937,7718200
2024-08-01,40.88691329956055,42.73914078570775,40.36474428418743,42.680025823114875,9729500
2024-08-02,39.24158477783203,40.08887665867296,39.00512869499465,40.059321057696515,9378300
2024-08-05,37.369651794433594,38.15783246103606,36.748957875209584,36.955854595503624,19882800
2024-08-06,37.65536880493164,38.33517393140424,37.074084853307156,37.66521941907969,7541400
2024-08-07,36.7686653137207,38.25635994459074,36.73910971123392,38.167689378788275,10595700
2024-08-08,39.02483367919922,39.12335485467553,37.20216186615191,37.24157183967922,9297300
2024-08-09,38.71940994262695,39.16276272514601,38.28591153213151,38.93616102704554,8279500
2024-08-12,38.48295974731445,38.630741510720625,38.23665304996223,38.42384478694682,10284000
2024-08-13,38.91645812988281,39.11350423917086,38.522365911306714,38.74897137991023,7616400
2024-08-14,38.11842346191406,39.28099138423048,38.079017246333656,39.152914606495706,5936300
2024-08-15,39.5864143371582,39.98050657256563,38.68985807203129,38.74897303484504,9742600
2024-08-16,39.55685806274414,39.6849348424844,39.20217580857289,39.50759371539878,4633800
2024-08-19,39.872135162353516,40.000211957576454,39.41892791704721,39.635679044874465,5246900
2024-08-20,39.52730178833008,39.950949651846074,39.46819058024843,39.90168905899726,4108400
2024-08-21,39.5864143371582,39.842571659333565,39.320402642009505,39.73419986502151,6508200
2024-08-22,39.547000885009766,40.13813918614852,39.478035313628176,39.655376428135625,4620900
2024-08-23,40.768680572509766,40.827791767248804,39.49773726883974,39.84256509928906,6033500
2024-08-26,40.374595642089844,41.33026688405406,40.20710888250634,41.005140221320694,6110900
2024-08-27,40.20710372924805,40.522375978455706,39.89183148004039,40.45341040883789,5348200
2024-08-28,39.83271789550781,40.335181885502244,39.54700123534344,40.17754575547048,7586900
2024-08-29,40.94602584838867,41.26129811361457,40.03961526710782,40.049469639463425,8824200
2024-08-30,41.86228942871094,41.98051559532091,41.192334887351,41.29085606646896,8652000
2024-09-03,41.74406051635742,42.108597156289115,41.4287882255218,41.47804881627571,7690200
2024-09-04,41.74406051635742,42.23667394058085,41.5371637801857,41.65538994966352,7096300
2024-09-05,41.54701614379883,43.24160759712574,41.44849495814405,42.18741512558186,18941400
2024-09-06,41.40907669067383,42.404157754951974,40.867202761368105,41.51745222820329,8498200
2024-09-09,43.034706115722656,43.418943959165226,41.93125317280056,41.93125317280056,12176000
2024-09-10,42.758846282958984,43.34998088256622,42.15785731029776,43.271160931502784,7184800
2024-09-11,43.62583923339844,43.6849541913284,42.39430579742091,42.86721418583527,6984900
2024-09-12,43.61599349975586,45.86230953564883,42.22682377887328,45.596297832712736,13654900
2024-09-13,44.51254653930664,44.99530556028663,44.18741989557806,44.25638547000377,9391400
2024-09-16,44.650474548339844,45.22190784864623,44.39431725539187,44.39431725539187,7171400
2024-09-17,45.990386962890625,46.72930705707802,45.133240705968994,45.2810224698013,8579600
2024-09-18,46.226837158203125,47.261328249069166,45.763783142855985,46.11846537305671,7584000
2024-09-19,46.43374252319336,47.09384270912068,46.17758143735427,46.98546715421508,6676800
2024-09-20,46.246543884277344,46.46329497940951,45.83275043903439,46.36477380435412,9728200
2024-09-23,46.46329879760742,46.729310502127234,45.81304921711751,46.177582104788854,5449600
2024-09-24,47.09383773803711,47.18250829556897,46.17757656298847,46.67018993631175,6652700
2024-09-25,48.02980422973633,48.463302648242696,47.25147419252421,47.27117917859384,9203400
2024-09-26,51.04460144042969,51.22194256363588,48.92636233454577,49.26133959411946,17920400
2024-09-27,50.77859115600586,51.67514741101063,50.45346450171411,51.251499578150366,10931300
2024-09-30,50.039669036865234,50.847554695453404,49.52735066048266,50.699769175179654,8083200
2024-10-01,49.221927642822266,50.22685938116757,48.35493080680583,50.049518265086526,10546000
2024-10-02,47.684974670410156,48.65049640337056,47.487928575076225,48.65049640337056,8142000
2024-10-03,46.75886535644531,47.78350218151497,46.20714072628639,47.70468222958245,9561800
2024-10-04,48.55197525024414,48.91651187036516,47.63571403031523,48.34507852531618,8574400
2024-10-07,48.73917770385742,48.946074458318726,48.18744926695145,48.34508542630423,7103400
2024-10-08,49.87217712402344,50.44361044407429,49.1628164183964,49.19237201828117,8425800
2024-10-09,50.226863861083984,51.1135695205777,49.8721815972865,50.04952272918524,9670500
2024-10-10,49.693267822265625,50.8889092514713,48.70513366204288,49.910654774300404,16893700
2024-10-11,50.72092819213867,50.90867232535788,48.853351465255855,49.37706513275392,8037200
2024-10-14,52.548973083496094,52.73671721030197,50.46400947606389,50.74068582492152,9581400
2024-10-15,52.104312896728516,53.64580351646907,51.92644844947258,53.20114239832924,9175400
2024-10-16,55.641841888427734,55.80982290435902,52.56874371734201,52.61814967676691,18957900
2024-10-17,54.60429382324219,55.384920740041714,54.406670000273074,54.841447688011044,8349900
2024-10-18,55.13789367675781,55.57267518506397,54.20904878348845,54.89086009955959,8222100
2024-10-21,54.44619369506836,54.55488906174047,53.80390871749312,54.03117913442893,6869400
2024-10-22,54.149757385253906,54.56477573985619,53.527231738067044,54.426437544799796,5701400
2024-10-23,54.00153732299805,54.436315028375446,53.59640243838209,53.7446203116223,6624000
2024-10-24,54.120113372802734,55.09836417028734,53.477824601960215,54.62406018219889,5724600
2024-10-25,53.477821350097656,54.61417717727894,53.23078780240023,54.34738049343378,5982900
2024-10-28,54.72287368774414,55.96792113567077,54.7031105511824,54.8414487376817,10898800
2024-10-29,56.65961837768555,56.689261199140624,53.952128858274726,54.050944545513396,9524100
2024-10-30,57.76632308959961,58.369085540750255,56.442223141485435,56.442223141485435,11089000
2024-10-31,56.541038513183594,58.388848358896304,56.422459698583225,57.60822145855782,7749400
2024-11-01,57.69715881347656,58.487665467249975,56.807840241518875,56.807840241518875,9588400
2024-11-04,56.21495056152344,57.43035510009499,56.13590179051272,57.13391561229774,7959800
2024-11-05,57.59834671020508,57.934312508158314,56.40270516462532,56.41258484863877,5390600
2024-11-06,61.58052444458008,61.91649023100704,59.61413945268959,59.782120461186615,16683600
2024-11-07,59.71295166015625,61.72874638860879,59.69318852327735,60.918476623738584,7400000
2024-11-08,60.325592041015625,60.977760460994006,59.78211898593911,60.187253856388814,4646000
2024-11-11,62.805816650390625,63.082493044583444,60.10821049871116,60.355244070507084,8087400
2024-11-12,63.290000915527344,63.3492865573291,62.064712802707106,62.45008455215041,6598700
2024-11-13,63.69512939453125,64.95993995968988,63.250472021702734,63.49750557079983,8528900
2024-11-14,64.08051300048828,65.46390263951174,63.85324631497702,64.24849403566913,7311800
2024-11-15,63.30976104736328,65.0587553514201,63.10225375968644,64.66350768281623,9852600
2024-11-18,62.4896125793457,63.31964551275218,61.63981650830656,63.31964551275218,6628900
2024-11-19,63.981689453125,64.3868280938003,60.56274602562189,60.9579974439815,9800400
2024-11-20,62.884857177734375,64.27812995841032,60.92835199829272,63.33939798550278,10922900
2024-11-21,62.58842086791992,64.27813322789436,62.53901491142037,63.9322802240989,9931500
2024-11-22,62.58842086791992,62.8650972398637,62.15364317351785,62.69711623387865,6625400
2024-11-25,63.72477340698242,64.40658842768939,63.210946932343724,63.5666758528112,7901300
2024-11-26,63.37892532348633,65.1575698524075,63.230707459031386,64.0903831350548,5499600
2024-11-27,62.86509704589844,63.63584428875824,62.47972530918496,63.309758191888164,5557400
2024-11-29,63.06272888183594,63.31964590321176,62.80581562989321,62.89474786507206,3111400
2024-12-02,62.657588958740234,63.46786246399113,62.41055541076074,63.24058828274914,6299600
2024-12-03,61.82755661010742,62.77616453771453,61.333489509966284,62.65758948912185,5337600
2024-12-04,63.49750518798828,63.50738110190937,62.02518358569543,62.17340145260043,5301200
2024-12-05,64.98957824707031,66.69905360470639,64.57456372285755,65.84925765196685,9380100
2024-12-06,63.76430130004883,66.31368944853936,63.40857237054475,66.185234711333,8635300
2024-12-09,61.521236419677734,64.09038771769143,61.46195077742976,63.70501596534763,6331700
2024-12-10,62.025184631347656,63.48762280550835,61.600286620744484,62.924386609021894,6552600
2024-12-11,62.72676086425781,63.2208279823784,61.92637077590659,62.23269374613722,7100300
2024-12-12,60.898712158203125,63.033081891929555,60.661558290263365,62.84533398039267,8166400
2024-12-13,60.79001998901367,61.55088381981191,60.21690031019173,61.55088381981191,5835600
2024-12-16,60.325592041015625,61.07657614246517,59.82164525852757,60.69120063887687,6105200
2024-12-17,60.088443756103516,60.562747733167576,59.73271483094723,60.11808657672223,5537800
2024-12-18,58.18134689331055,61.244561623604476,57.61811066076898,60.25642735326023,8171800
2024-12-19,59.66353988647461,59.89081028427747,58.17145523775102,58.981724923633436,9403300
2024-12-20,60.2070198059082,61.10622181743126,59.120073644966666,59.120073644966666,13918600
2024-12-23,60.79001998901367,60.82954626398754,59.179360093442526,59.880934511779955,7196400
2024-12-24,61.81767654418945,62.203048276805994,60.54298252904796,60.681320713122325,3218400
2024-12-26,61.659576416015625,62.10423379644222,60.977761396420135,61.264321222933226,4478100
2024-12-27,60.53309631347656,61.64968895736678,60.325589046835695,61.25443755939836,7175400
2024-12-30,59.99951171875,60.45405256039315,58.65564856134161,59.45603487609738,5153300
2024-12-31,59.7821159362793,60.38487836948985,59.37698108649669,59.84140534213747,4326500
2025-01-02,58.36908721923828,60.04891612252976,57.90466293641959,59.55484901976361,8639300
2025-01-03,58.29991912841797,58.39873104289636,56.0568539909757,58.319682265200235,9207000
2025-01-06,59.327579498291016,60.22678148808999,58.902681481958574,59.58449273704805,9652900
2025-01-07,60.45405197143555,60.849307167798976,59.23864733135243,59.58449280109575,9074200
2025-01-08,60.691200256347656,61.125981713214756,59.17935614897964,60.226779749375254,9062400
2025-01-10,66.15557861328125,68.17137319266962,63.74453640327443,64.21883657556269,27227200
2025-01-13,64.3275375366211,65.62199851786035,62.57854324836762,65.52317906273625,12375500
2025-01-14,65.50342559814453,65.92832366132534,64.57457691610588,65.71093290264679,6989800
2025-01-15,64.72279357910156,66.48167134342957,64.33742182349559,66.33344969768895,8808600
2025-01-16,65.39471435546875,65.64174787788457,64.07061075511028,64.6634972400001,6427000
2025-01-17,65.03899383544922,66.20499251259888,64.86112937490552,65.90854923207077,5978000
2025-01-21,67.52909088134766,67.69707943302515,65.96784449923811,65.96784449923811,11875200
2025-01-22,66.97573852539062,69.14963840736385,66.40261884878137,68.9421235798357,11612600
2025-01-23,66.64964294433594,67.84529185594941,66.39273350279214,67.380867616356,8116300
2025-01-24,66.38285827636719,67.14371832098999,65.89867461160722,66.5804821080218,5186700
2025-01-27,66.96585083007812,67.4698013785444,65.26626635361872,65.5429427209757,4157600
2025-01-28,66.84727478027344,66.91644386717523,65.48364486868805,66.8275078760929,5175900
2025-01-29,67.61802673339844,67.71683865019318,66.77811413234411,67.49944790992514,4841300
2025-01-30,67.7563705444336,68.28008053186191,66.99551042925533,67.19313427923584,6381000
2025-01-31,66.47178649902344,68.39865277559767,66.40261740430739,67.99351412164232,4482900
2025-02-03,65.69115447998047,66.25439058280077,64.19906996452639,64.36705094246861,5711800
2025-02-04,68.24054718017578,68.29984036011683,65.75045224976178,66.50143637179953,7789200
2025-02-05,68.24054718017578,68.62591892489621,67.21288668129935,67.88481825599294,5467300
2025-02-06,67.11407470703125,68.53699040250066,66.461910039185,68.32948312005568,6000400
2025-02-07,67.33145904541016,67.93422146809078,66.66941098733966,67.38086876747845,5313900
2025-02-10,65.40460205078125,67.1041940014921,65.05874906586787,67.04490082583722,6825700
2025-02-11,63.981689453125,65.11804529095363,63.319641348420426,64.88089519382444,7899000
2025-02-12,65.5429458618164,65.63187432464309,63.84335376504636,64.16943987314279,7642300
2025-02-13,63.29987716674805,66.02712978713024,60.48369608319003,65.6911677633113,12609600
2025-02-14,64.61409759521484,64.75243578622953,63.141779682920955,63.58643707705869,6049800
2025-02-18,63.5765495300293,65.34531061710139,63.26034689394669,64.01133098171744,6876200
2025-02-19,64.26824188232422,65.11803779971366,63.06271709073153,63.19117557740102,7614200
2025-02-20,62.99355697631836,64.71290842055426,61.76826887618929,64.32753667510252,8671600
2025-02-21,59.28805160522461,63.54690756642958,58.91255955628367,63.191182423121795,12798800
2025-02-24,60.7603759765625,61.550882613380246,59.52520817858698,60.602274649198954,11226700
2025-02-25,61.05681610107422,61.48171412935578,59.110190425897436,60.81966222295517,9713100
2025-02-26,60.9678840637207,62.68723555023061,60.8987149676791,61.461951189408175,5474300
2025-02-27,59.184906005859375,61.522586579874904,58.867932752971086,61.27495098989223,7326200
2025-02-28,59.55139923095703,60.0169552993269,58.49151932184936,59.23442601208102,8627800
2025-03-03,57.89719772338867,60.05658022224807,57.08495334623447,59.54149777697143,7966100
2025-03-04,54.17275619506836,56.34204621708284,53.320893004185635,56.124125705270146,17873700
2025-03-05,56.233089447021484,56.55996645638442,54.07370683002313,54.549166702763245,8741500
2025-03-06,54.44020462036133,56.40147794683816,54.03408242314066,55.2128301940297,10669300
2025-03-07,52.776092529296875,53.8260687274894,50.646428851692036,53.49918795478662,15670600
2025-03-10,49.85399627685547,51.141700524152796,47.942249316234566,51.141700524152796,20260900
2025-03-11,46.2385139465332,48.813922363856705,45.396554519728696,47.96205539822263,31482500
2025-03-12,44.87156677246094,46.951707931667464,43.71263406063573,46.4960555883283,16767700
2025-03-13,43.504615783691406,45.68380958846672,42.43483206994799,44.92109156786441,16240600
2025-03-14,46.307857513427734,46.31776127490224,43.76216383048714,44.35648776306198,16680800
2025-03-17,46.44652557373047,46.59510842292051,45.26778165460931,45.36683436832346,12570500
2025-03-18,45.48570251464844,46.00078498573867,44.514971473269625,45.60457031625176,13907000
2025-03-19,47.298397064208984,47.516317589683894,45.56494795714374,45.57485171802024,11359500
2025-03-20,46.50596237182617,46.991325989386084,46.139462773865965,46.2781380931688,6816800
2025-03-21,46.32766342163086,46.51586509669167,44.93099894191914,45.564945403828155,17062800
2025-03-24,48.41770935058594,48.903072968261405,47.24886911815656,47.298395478116646,9852900
2025-03-25,48.209693908691406,49.51721327476021,47.95215456269885,49.13089858784264,8227000
2025-03-26,47.6153678894043,48.81392316127403,47.06066284307383,48.43751980921809,6853200
2025-03-27,45.71352767944336,47.54602938383094,45.54513352716045,47.0705695434269,11157800
2025-03-28,43.42537307739258,45.58475551880664,43.18764127104345,45.5649442200593,15135100
2025-03-31,43.18764114379883,43.59376332037543,40.394312265175614,41.60277503487036,18053300
2025-04-01,42.018802642822266,42.1673854995901,40.46365153076011,41.929657463104384,13980800
2025-04-02,42.95981979370117,43.14802525471572,40.99854643375306,41.04807279452879,10066500
2025-04-03,38.34389114379883,40.295260664499516,38.284461024707575,40.186300408006936,18127900
2025-04-04,36.897701263427734,37.44249878139212,34.41144171337036,36.927416323743536,22165500
2025-04-07,36.93732452392578,39.56225944058915,34.79775323466176,35.34255076237536,20498800
2025-04-08,35.54065704345703,38.88868713307444,35.12462733292624,38.50237625955081,24697300
2025-04-09,43.85131072998047,44.56450243832799,36.21423004136296,36.5609183559101,41445600
2025-04-10,38.98774337768555,42.41501863938789,38.294363050285604,41.82069480368439,20053100
2025-04-11,40.493370056152344,40.58251901379985,38.52218922755469,38.878785058144736,13717000
2025-04-14,39.918853759765625,41.18675046768377,39.09670561924164,41.18675046768377,12505800
2025-04-15,40.44384765625,41.186754449830325,39.77027852778096,39.81980489162911,10499600
2025-04-16,40.206111907958984,41.71173664989677,39.53254284502316,41.32542575939925,15131900
2025-04-17,40.46364974975586,40.82024556740791,39.829703308871714,40.30516313953483,8116000
2025-04-21,39.09670639038086,39.7999905273093,38.43304107431022,39.78017922757087,9066300
2025-04-22,39.95847702026367,40.16648999893092,39.21557028620717,39.740556502449,8513000
2025-04-23,41.008453369140625,43.455090318725595,40.74100649054747,42.59331956233814,11848800
2025-04-24,41.622589111328125,41.959373654278785,40.21601703949213,40.41412626098413,8777700
2025-04-25,41.18675231933594,41.592874527673985,40.62213970909118,41.206559840955116,7197200
2025-04-28,41.56315612792969,42.39521185365097,41.17684521574109,41.38485820251661,8372900
2025-04-29,41.68202209472656,42.0485216903246,41.01835678411599,41.23627730082678,6327800
2025-04-30,41.23627853393555,41.44429151776942,39.56225956663278,40.42403412014878,10589000
2025-05-01,41.107505798339844,42.028710447435536,41.04807189953337,41.80088616993926,8142800
2025-05-02,43.7819709777832,44.29705343382996,42.53388554773403,42.59331944679987,13943400
2025-05-05,45.07958221435547,45.63428730946596,43.15793135050375,43.33622928183858,18733400
2025-05-06,44.386199951171875,44.90128237888089,43.68291207608487,43.82159116627559,8826600
2025-05-07,44.87156677246094,45.3569341765282,44.35648430766558,44.70317639017623,8676000
2025-05-08,48.08092498779297,48.2988417281343,45.446082574964535,46.01069139352641,17708300
2025-05-09,47.882816314697266,48.903073703976446,47.268681128991076,48.36818371829383,13494800
2025-05-12,50.656333923339844,53.05344831601927,49.88371211857976,51.52801222782501,18926000
2025-05-13,52.64324951171875,53.05056643157937,50.686139443499826,50.84509229540311,14097900
2025-05-14,50.249019622802734,52.80220191661062,50.2092804627296,52.176323409530916,13883300
2025-05-15,49.95098114013672,50.33842848759002,49.23569518704409,50.1894123176576,8102700
2025-05-16,50.586788177490234,50.93450012334198,49.71254944504312,49.79202397084074,8326000
2025-05-19,50.85502243041992,51.302078486425586,49.8218308439937,50.59672548124705,8092200
2025-05-20,49.6529426574707,51.033846231305446,49.493989809901265,50.64639890221338,9055300
2025-05-21,47.95413589477539,49.225758741791054,47.765380562713695,48.957525086923376,8021500
2025-05-22,48.1826286315918,48.61974802188312,47.60642218146084,48.03360867663106,9957800
2025-05-23,47.606422424316406,47.87465607077314,46.573230788381274,46.77192279943088,7811900
2025-05-27,49.07674026489258,49.8019628726096,48.21243059880113,48.440925081528285,11316100
2025-05-28,48.28197479248047,49.19595656157283,48.10315235482621,48.947592485912466,7390500
2025-05-29,48.1826286315918,49.05687120190933,47.884592511405216,48.84824250701733,9060900
2025-05-30,48.07334899902344,48.39125470687423,47.52694880051332,47.924332830194295,9190700
2025-06-02,48.1826286315918,48.54027349170964,47.1792394760255,47.77531171639866,8117500
2025-06-03,48.51047134399414,48.987329897457826,47.76537914363184,48.26210727720671,9400100
2025-06-04,48.65948486328125,49.39464412846473,48.291907125556854,48.40118791535633,8231200
2025-06-05,48.52040481567383,49.25556412958273,48.16275994889301,48.37138485793684,7398200
2025-06-06,50.61659622192383,50.715940330100516,49.46418713429412,49.474120029217865,7449500
2025-06-09,50.864959716796875,51.600115204497534,50.67620060773027,50.96430382386947,6378900
2025-06-10,51.341819763183594,51.73920378263795,50.46757719422493,50.86496121367929,5877900
2025-06-11,48.84823989868164,51.65972278469032,48.29190684796902,51.53057241660289,10205400
2025-06-12,48.560142517089844,48.619747466605496,47.56668626799074,48.17269518629877,7655000
2025-06-13,46.73218536376953,47.884594522701185,45.559906624026205,45.897681918354536,12952600
2025-06-16,49.13634490966797,49.27542817744482,47.089827472834585,47.41766606263219,10242300
2025-06-17,47.01034927368164,48.61974733162845,46.742115632401365,48.18262794754291,9221600
2025-06-18,47.248783111572266,48.142891509988196,46.7520549603184,46.791790332220074,7391800
2025-06-20,46.891136169433594,47.87465574331282,46.81165784966342,47.50707798871295,10796100
2025-06-23,47.934261322021484,48.1230166344255,44.983695215494926,46.49374908393091,16437900
2025-06-24,49.235694885253906,49.960917519071124,48.768769218243996,49.17608614380531,11886500
2025-06-25,47.993873596191406,49.39464678028738,47.805114480136794,49.325105144815126,7885300
2025-06-26,48.64955139160156,48.92771791525748,47.87465297754848,48.22236492185303,8286300
2025-06-27,49.26549530029297,49.65294262916416,48.381319849333615,48.91778713072518,10177200
2025-06-30,48.858177185058594,49.67281098198436,48.30184033775587,49.49398855927044,12531200
2025-07-01,48.679359436035156,49.096609269271184,48.242240021730495,48.77870355164323,10037600
2025-07-02,49.801963806152344,49.821833386292575,47.92433206485184,48.858179593033306,9833400
2025-07-03,50.52718734741211,51.05371796664262,50.02052251894861,50.1695424778461,6123400
2025-07-07,49.672813415527344,51.361689829602255,48.86811247389124,50.32849440102291,12227000
2025-07-08,50.18941116333008,51.49084023999047,50.09006326259174,50.44770812577993,10734500
2025-07-09,50.36823272705078,51.18286655039399,49.50392684906174,50.93450248742997,12870400
2025-07-10,56.408443450927734,57.44163883827648,54.44140057293767,55.832240808963654,46966400
2025-07-11,56.279300689697266,56.42831686027056,54.30232099298405,55.862047074675,17788900
2025-07-14,57.72974395751953,57.918499282884916,55.792503489802016,56.40844531075714,13722100
2025-07-15,55.3454475402832,57.799285724297135,55.126889739292515,57.610530398501794,13709600
2025-07-16,55.19643020629883,56.170016869334006,54.53081255305688,56.13027771009139,9066800
2025-07-17,55.9713249206543,56.994583638932,55.265971897176165,55.842174547849844,13199000
2025-07-18,55.921653747558594,56.209756972302394,54.69970300334352,55.99119538253332,8978400
2025-07-21,55.67329025268555,56.23956002312551,55.48453113604895,56.011065535907186,6074500
2025-07-22,55.30570983886719,55.802437983810066,54.58048720201879,55.62361933818682,7547700
2025-07-23,55.61368179321289,56.527663536439235,55.58387931769228,55.98125955366183,6782300
2025-07-24,54.351993560791016,56.22962537170482,54.07382700798455,55.087152894296054,10696500
2025-07-25,54.50101089477539,54.640094164472835,53.885069076228916,54.441402155018686,6819900
2025-07-28,55.24610137939453,55.325575906877454,54.29238431119098,54.63015957989658,6545600
2025-07-29,54.143367767333984,55.60374972533323,53.865201219042696,55.60374972533323,5916300
2025-07-30,53.24925231933594,54.12349486133858,52.91147705013501,53.84532833013832,7354800
2025-07-31,53.04787063598633,53.56628667599244,52.65905955675026,53.2871410402484,6538100
2025-08-01,50.99414825439453,51.77177038935356,50.29628038306194,51.77177038935356,9535100
2025-08-04,52.3599739074707,52.42976031574529,51.07390357828356,51.30320232019635,7476400
2025-08-05,52.70890426635742,52.798630188856954,51.363019231938324,52.62915000362111,5846500
2025-08-06,53.95509719848633,54.1744280832072,52.788663972814106,52.83851086395775,8476700
2025-08-07,53.466590881347656,54.29405990034971,52.938203201042626,54.28409204362271,4976500
2025-08-08,53.476558685302734,54.13454751777904,52.718876073359134,53.96506733206986,6638000
2025-08-11,53.33698654174805,54.244213637344544,52.95814332948801,53.08774828688007,4821600
2025-08-12,58.261932373046875,58.39153732884665,54.513390739238254,54.55326977226495,15727800
2025-08-13,59.23894500732422,59.33864258844958,57.33476494317913,58.04260445841071,9103700
2025-08-14,58.78034973144531,58.88004731628188,58.02266710205738,58.670684289662084,4300300
2025-08-15,60.05644989013672,60.30568813804834,58.880045055747956,59.26885611399827,9825500
2025-08-18,60.90385818481445,61.13315691566967,59.40842870291828,59.787271903192654,6504200
2025-08-19,60.31565856933594,61.55188200510134,60.17608575303923,60.96367956279808,5734000
2025-08-20,58.87007522583008,60.12623816406836,58.14229997567728,59.66763688332123,6517000
2025-08-21,57.663761138916016,58.87007334502372,57.41452289122068,58.80028693991493,5175100
2025-08-22,61.50202941894531,61.7612393295857,57.932939643889725,58.072512455892756,10312400
2025-08-25,60.22593307495117,60.93376882156157,59.807214623065825,60.913829304365976,6191900
2025-08-26,60.96367645263672,61.64160478555567,60.02653821432732,60.235897428091576,5618800
2025-08-27,61.073341369628906,61.88087469865744,60.66459077660622,60.903861178824535,4693100
2025-08-28,61.78117752075195,62.26968235228359,60.674559102074845,61.502028099660066,5825000
2025-08-29,61.59175491333008,62.339469660784516,61.08331055841356,61.72135986774953,4856300
2025-09-02,60.9437370300293,61.1530962441145,59.787271719701806,60.35553461683241,6925300
2025-09-03,61.08331298828125,63.715268395527104,60.933768511612,61.242825321960574,7237400
2025-09-04,60.36550521850586,62.48901623771054,60.18605336882242,61.153099025108276,7023800
2025-09-05,60.99358367919922,62.19989587341956,60.255836799938514,60.67455902953886,6398500
2025-09-08,61.571815490722656,61.67151307237928,60.31565638644021,60.8141328855017,7579200
2025-09-09,60.49510955810547,61.601728018802056,59.837120717025606,61.41230451103391,6424300
2025-09-10,61.202945709228516,61.741301256459984,60.11626675784973,60.37547667454961,5199500
2025-09-11,60.25584030151367,61.81108841129153,58.182179958217226,61.62166870300874,18816800
2025-09-12,59.68757629394531,60.734376205232074,59.65766892030322,60.6346824243758,6771000
2025-09-15,58.24199295043945,59.69754723366909,57.972818984760096,59.69754723366909,9773300
2025-09-16,57.68370056152344,58.46132267608776,56.87616727119398,58.30181034994447,10140900
2025-09-17,58.640777587890625,59.95675529822512,57.98278873272338,58.25196651025644,8361000
2025-09-18,59.288795471191406,59.66763486878788,58.790318976705045,59.25888429543201,5574400
2025-09-19,59.577911376953125,59.747395369587615,58.30181271601861,59.61779041087583,15278900
2025-09-22,58.71056365966797,59.43833891930786,57.554098290461916,59.26885872872655,7157800
2025-09-23,58.570987701416016,59.55797282709874,58.52114081292319,58.820225946953954,4527500
2025-09-24,57.534156799316406,58.909953006139226,57.394583987609174,58.84016660028561,5372600
2025-09-25,56.567115783691406,57.38461695231256,56.178300912989585,57.075560148341566,6781400
2025-09-26,57.02571105957031,57.75348627659722,56.6668073792669,57.20516289972202,6634400
2025-09-29,57.484310150146484,58.16223849819301,56.49732500126073,57.85318169735377,7822100
2025-09-30,56.577083587646484,57.97281932954047,55.55022319942705,57.464371162291314,8263400
2025-10-01,55.93903350830078,57.643822227690535,55.81940021301217,57.3945839773795,7005400
2025-10-02,56.90607833862305,57.39458317266208,55.629975928832266,56.46741659025872,7619700
2025-10-03,57.08552932739258,57.8133083924097,57.075561470357314,57.50425158128016,6390300
2025-10-06,58.082481384277344,58.351659156567266,56.507297587226724,57.50425060915652,7821500
2025-10-07,56.45745086669922,58.281872924724354,56.09854716923225,58.14230010972586,10623500
2025-10-08,56.945953369140625,57.43446200454949,56.128452226679926,56.816352219461265,12402700
2025-10-09,59.38848876953125,62.0802625786469,58.720532097786084,61.711391040564855,29289500
2025-10-10,57.30485916137695,60.78422687623842,57.27495178774593,59.74739482219142,14375100
2025-10-13,58.541080474853516,59.75736053002015,57.29488924405758,58.05257183902903,9448600
2025-10-14,61.08331298828125,61.611696880517634,57.50425143596953,57.623884735460514,10945000
2025-10-15,61.512001037597656,61.88087258379829,60.863980064503615,61.47212200474519,8882200
2025-10-16,60.400001525878906,62.02000045776367,59.16999816894531,61.630001068115234,12415900
2025-10-17,59.63999938964844,60.84000015258789,59.40999984741211,60.34000015258789,6230900
2025-10-20,61.75,62.22999954223633,59.209999084472656,60.08000183105469,6512100
2025-10-21,62.31999969482422,62.90999984741211,61.18000030517578,61.459999084472656,7041200
2025-10-22,60.0,62.54999923706055,59.97999954223633,62.0,7235700
2025-10-23,58.77000045776367,60.709999084472656,58.2599983215332,60.5,7687600
2025-10-24,60.95000076293945,61.81999969482422,59.380001068115234,59.869998931884766,8857500
2025-10-27,60.45000076293945,61.70000076293945,60.18000030517578,61.369998931884766,5658100
2025-10-28,57.86000061035156,60.41999816894531,57.7400016784668,60.34000015258789,8516600
2025-10-29,58.7599983215332,59.5,57.63999938964844,57.900001525878906,8625000
2025-10-30,57.119998931884766,58.720001220703125,56.9900016784668,58.209999084472656,7191600
2025-10-31,57.380001068115234,57.56999969482422,56.75,57.29999923706055,7677500
2025-11-03,58.5,58.83000183105469,56.86000061035156,57.290000915527344,7598000
2025-11-04,55.650001525878906,57.459999084472656,55.029998779296875,57.400001525878906,11622700
2025-11-05,58.540000915527344,59.0,56.029998779296875,56.29999923706055,8311000
2025-11-06,57.810001373291016,58.869998931884766,57.15999984741211,57.900001525878906,6605400
2025-11-07,58.880001068115234,60.16999816894531,56.22999954223633,56.86000061035156,8748700
2025-11-10,58.560001373291016,60.61000061035156,58.029998779296875,59.900001525878906,7918200
2025-11-11,57.7400016784668,58.880001068115234,57.349998474121094,58.45000076293945,5693800
2025-11-12,60.47999954223633,60.65999984741211,58.11000061035156,58.25,9805400
2025-11-13,59.90999984741211,61.41999816894531,59.459999084472656,60.369998931884766,8536100
2025-11-14,58.40999984741211,59.38999938964844,58.02000045776367,58.279998779296875,5320800
2025-11-17,55.7599983215332,58.31999969482422,55.41999816894531,58.150001525878906,8424500
2025-11-18,57.130001068115234,57.43000030517578,55.27000045776367,55.41999816894531,6441800
2025-11-19,56.869998931884766,58.209999084472656,56.369998931884766,57.790000915527344,5538400
2025-11-20,55.970001220703125,58.2400016784668,55.689998626708984,57.720001220703125,6229000
2025-11-21,58.56999969482422,59.5099983215332,56.599998474121094,56.86000061035156,9568000
2025-11-24,60.66999816894531,60.7400016784668,58.20000076293945,59.06999969482422,9994900
2025-11-25,62.150001525878906,62.81999969482422,60.5099983215332,60.5099983215332,7753400
2025-11-26,64.2699966430664,64.80999755859375,62.099998474121094,62.38999938964844,8122000
2025-11-28,64.0999984741211,64.97000122070312,64.0999984741211,64.56999969482422,3476200
2025-12-01,64.1500015258789,64.97000122070312,63.0,63.38999938964844,7252600
2025-12-02,65.13999938964844,65.7300033569336,63.81999969482422,64.4000015258789,7337600
2025-12-03,67.48999786376953,67.62000274658203,65.12000274658203,65.12000274658203,10140600
2025-12-04,67.23999786376953,68.05999755859375,66.87000274658203,67.5999984741211,9455900
2025-12-05,67.0999984741211,67.75,66.30000305175781,66.75,7895600
2025-12-08,67.22000122070312,67.75,66.05000305175781,67.68000030517578,9235500
2025-12-09,67.41000366210938,68.27999877929688,66.30000305175781,66.70999908447266,7340400
2025-12-10,69.93000030517578,69.94999694824219,67.26000213623047,67.69000244140625,11823200
2025-12-11,70.55999755859375,70.72000122070312,69.19000244140625,69.43000030517578,9134700
2025-12-12,69.80999755859375,71.58999633789062,69.62000274658203,70.94999694824219,7937900
2025-12-15,71.2699966430664,71.63999938964844,70.13999938964844,70.76000213623047,7993300
2025-12-16,71.13999938964844,72.33999633789062,70.0999984741211,71.4800033569336,10443600
2025-12-17,69.72000122070312,71.94999694824219,69.51000213623047,70.94000244140625,7222300
2025-12-18,70.1500015258789,70.98999786376953,70.0,70.81999969482422,5988000
2025-12-19,71.05999755859375,71.25,70.0199966430664,70.23999786376953,16154200
2025-12-22,72.05999755859375,72.12000274658203,71.16999816894531,71.5,5141600
2025-12-23,70.5,71.9000015258789,70.33999633789062,71.79000091552734,6050300
2025-12-24,70.95999908447266,71.19000244140625,70.27999877929688,70.51000213623047,1821800
2025-12-26,70.8499984741211,71.20999908447266,70.41000366210938,70.83000183105469,2892400
2025-12-29,69.52999877929688,70.56999969482422,68.79000091552734,70.11000061035156,5262500
2025-12-30,69.33999633789062,69.8499984741211,69.0999984741211,69.48999786376953,3807600
2025-12-31,69.4000015258789,69.69999694824219,68.91000366210938,69.41000366210938,3233400
