Date,Close,High,Low,Open,Volume
2019-01-02,232.43141174316406,235.9950699239246,228.6581159756534,235.52113933607328,2180300
2019-01-03,226.41604614257812,234.1267026300272,226.1152744238842,233.78948005477915,2156500
2019-01-04,227.7740478515625,231.1736565622218,227.0904796334625,227.86518193630388,1787300
2019-01-07,228.17501831054688,230.6996529360929,227.17244628461447,227.7830987341451,1485300
2019-01-08,227.36392211914062,233.6436352694164,219.81731578452244,230.46275931420453,3164700
2019-01-09,229.08651733398438,232.41321066890134,228.5761080127935,228.72193924741944,1458000
2019-01-10,229.9250030517578,231.53821398638223,228.28443659455192,229.2140932381737,1705500
2019-01-11,233.90789794921875,234.18131405761426,229.01354100051438,229.47836229201508,1432400
2019-01-14,232.52255249023438,234.78289466560935,231.87544905443667,233.31550105242815,1569600
2019-01-15,237.28932189941406,238.11872134956064,231.2192327279884,232.4131963349837,1457300
2019-01-16,238.72023010253906,239.70455596471697,236.67862105425513,237.33484756719315,1283000
2019-01-17,238.6929168701172,240.40637114397038,237.7723694512018,238.61998735197614,1199600
2019-01-18,242.54823303222656,243.21358279202204,239.15773348497552,240.86209249510173,1581200
2019-01-22,241.13548278808594,244.0702695267088,239.1394617675761,242.09246697514402,1344200
2019-01-23,244.3528594970703,244.6536172766043,240.81652877572088,242.0104923791867,1307700
2019-01-24,242.07427978515625,245.47387434402629,241.02614748902866,244.72652761832364,1746900
2019-01-25,248.5271453857422,248.80058933574378,243.92446427920555,244.49866597830356,2004900
2019-01-28,246.09365844726562,247.48813636807992,244.75386375358448,246.9139346687224,1316600
2019-01-29,248.5544891357422,249.21071568114345,243.8971247620648,245.95692456792634,1442000
2019-01-30,271.20343017578125,278.88673085055825,264.7687764231503,266.0812297259299,4478000
2019-01-31,276.16156005859375,277.4193300299666,270.80238077942,271.34011777315175,3410500
2019-02-01,276.4258117675781,277.74735996983566,273.27226448419145,274.5756220328536,2444200
2019-02-04,277.26434326171875,277.36461438549,273.72801297703734,276.67192310493544,1181100
2019-02-05,276.66278076171875,280.01684266547613,275.6237717274542,277.9843568627506,1399900
2019-02-06,283.7810363769531,283.99979710712313,275.55087664985115,276.0430535246583,1755300
2019-02-07,280.7642822265625,282.95172309214485,278.5495275553497,282.54157097623164,1075900
2019-02-08,277.30084228515625,280.2082880169349,274.35693179345833,279.4244486582125,1735500
2019-02-11,275.4049987792969,278.4218099553734,273.07172777998346,277.64709400243817,1037600
2019-02-12,279.2968444824219,279.8983878145762,274.8035296844283,276.76308622456827,1042300
2019-02-13,278.6224670410156,282.0858688444989,277.4831864721768,279.68881807734726,1149500
2019-02-14,280.8736572265625,281.8762017708734,277.0821285516723,278.59509632683023,809700
2019-02-15,283.9815979003906,284.21857714133677,281.429620745836,283.3344943744973,1153600
2019-02-19,283.9997863769531,284.89296429199504,282.8331645131451,283.4529262938801,1021200
2019-02-20,285.23028564453125,285.8956076751907,282.5871325538327,283.55324022159715,1092500
2019-02-21,283.7262878417969,285.46711106718976,281.5024109957575,285.46711106718976,1024800
2019-02-22,288.7301025390625,289.1128851567058,282.1313719045389,283.72636437846256,1247400
2019-02-25,286.5517272949219,289.82373642843254,286.3238712732474,289.5047602496529,1665500
2019-02-26,289.30426025390625,289.4318451688845,285.47626777324564,285.47626777324564,1496400
2019-02-27,278.9595642089844,287.98265669419294,277.28254730343576,287.23528230160855,2618900
2019-02-28,274.092529296875,282.16773198974306,271.33091589334384,278.30330341567986,2766600
2019-03-01,280.4269104003906,281.4568239000259,276.2434778652107,276.9543874238468,2124600
2019-03-04,266.6735534667969,281.62090198844186,265.42490699663307,280.372255518278,2751700
2019-03-05,272.23333740234375,273.974161223485,264.3221808338564,268.2868544476336,2481400
2019-03-06,268.3779602050781,272.79837310603506,267.26602157653286,272.79837310603506,1558000
2019-03-07,265.6072692871094,274.61211758462446,261.4147121408522,273.64601009709287,2409800
2019-03-08,268.9066162109375,270.31931266058535,264.3768366145543,265.224454484343,1822900
2019-03-11,269.7541809082031,270.69294658006083,266.66443998518923,269.06148972003257,1404300
2019-03-12,270.6748046875,272.0601596413111,269.0615658391244,270.6930231607015,1018500
2019-03-13,276.717529296875,277.8477143873291,271.276352712941,272.3062388484526,1144700
2019-03-14,278.3945617675781,279.3150813908145,276.4987836596904,276.7631044930373,967800
2019-03-15,276.8867492675781,280.2404723295376,275.8906913708385,278.3945428197527,1632000
2019-03-18,281.666015625,282.259991501708,277.4715960871688,277.8005570450376,1091400
2019-03-19,281.4466857910156,285.48577202703575,279.9571585770252,281.7573804418632,1276100
2019-03-20,276.89593505859375,282.6529759304155,274.90379109925203,281.2456887375792,1222300
2019-03-21,278.58642578125,279.0250682776166,275.2053173254054,275.2053173254054,943600
2019-03-22,275.52520751953125,279.6282404239727,275.12312546569893,278.2392474391465,1096100
2019-03-25,272.0891418457031,275.5799311477719,268.2236840479939,275.5799311477719,983900
2019-03-26,263.45361328125,273.6883819585744,260.63906723311135,273.4325141360164,2394300
2019-03-27,258.61041259765625,266.4144236697049,255.15618276043858,263.90142496071707,2518600
2019-03-28,258.0164489746094,260.4380604504193,255.5034501457018,260.4380604504193,1693600
2019-03-29,262.24737548828125,262.8596176413379,257.4224198487127,260.2004051741468,1582100
2019-04-01,263.4809875488281,265.48225010516455,260.045052711748,264.824300389554,1347400
2019-04-02,263.3622131347656,264.723792277907,260.7943882055879,264.48619080527953,1163200
2019-04-03,262.8687744140625,265.92092185448337,261.1142323498834,264.76038354087274,1015300
2019-04-04,266.1036682128906,266.90780419059,262.5671710483339,263.48098855196673,760600
2019-04-05,268.03179931640625,268.26025368341334,264.28514211999067,266.12192415472646,1072900
2019-04-08,264.5502624511719,268.3426008777201,264.02026037894035,267.8765727467513,997800
2019-04-09,265.0985107421875,266.18595599678633,262.0098025661002,263.40794248094124,1095300
2019-04-10,263.2160339355469,266.09455384860433,261.68079914608245,265.390924323746,1008200
2019-04-11,252.47869873046875,265.8661223831496,251.61970786626915,264.7329973654833,2381000
2019-04-12,231.0587921142578,253.02697563303548,227.67765574594526,253.02697563303548,7352000
2019-04-15,240.22434997558594,241.8417969185849,232.56655482808787,232.6579421560109,4080000
2019-04-16,224.00411987304688,244.43706867278874,220.40367618355734,243.46842421698707,6399600
2019-04-17,215.88937377929688,222.81611176258713,207.58277645847863,222.42316300612356,7072900
2019-04-18,218.96896362304688,220.63211830834612,210.64408492801795,217.5068638641983,3977900
2019-04-22,222.9714813232422,224.10462010053624,218.46636751245663,219.99244114170597,3303000
2019-04-23,229.03919982910156,230.42820622532344,223.04455972632462,224.11372444492227,3763500
2019-04-24,229.3682098388672,232.10052939016367,226.39830273935993,226.9009051911034,3264200
2019-04-25,233.8550262451172,235.3354060474912,226.8551812534948,227.5405443388528,3185800
2019-04-26,243.44102478027344,243.77913286043662,235.24407906151046,235.76496183297925,4127700
2019-04-29,243.340576171875,245.05855828426942,239.91375905008056,243.71524485702562,2248300
2019-04-30,240.3614044189453,245.05843953040056,237.59253864181173,243.37699086978546,2341400
2019-05-01,238.25054931640625,242.07944766953673,234.51303830980095,239.6578363678857,1854900
2019-05-02,239.0455322265625,239.42934787234654,233.41641270922256,238.29619513419772,1604600
2019-05-03,239.14613342285156,240.6447801384642,234.9791264160172,239.42941471459858,1231700
2019-05-06,245.54283142089844,246.50232886760597,234.02872262289046,235.07960741869002,1686200
2019-05-07,242.06117248535156,246.1824711538413,239.68524100027332,244.3274224261171,1473400
2019-05-08,241.84181213378906,243.88878243555877,237.83016753930298,241.89663895649284,1228100
2019-05-09,243.12110900878906,244.8025575719652,237.91236654213648,239.0546382963358,1471200
2019-05-10,245.18637084960938,246.56624419667023,239.136903470106,245.6067190905198,1467900
2019-05-13,238.6891326904297,243.0937116712804,236.29490750986875,241.6955720672197,2501200
2019-05-14,238.8079376220703,241.93320603856407,238.68916476131875,240.1055708654682,1281800
2019-05-15,236.35891723632812,240.28834965836793,235.3080325712768,236.92547968770361,2055800
2019-05-16,241.0833282470703,246.2189778944406,236.80666924045192,236.97114968974594,1524900
2019-05-17,242.2256317138672,244.7568963614607,238.5063874842358,238.82622921353445,879500
2019-05-20,243.35874938964844,243.87963208589153,239.95019989032764,242.15250353124284,1207700
2019-05-21,253.18231201171875,254.3063177435549,244.91227356050896,245.81694409619348,2404300
2019-05-22,253.25550842285156,256.0974687308811,250.74250917571536,250.98008286830185,1537900
2019-05-23,253.78541564941406,254.0504305521628,249.84686416933386,251.37292388818219,1683100
2019-05-24,253.35586547851562,255.80488933369557,251.31804270676537,253.30103866739165,1386100
2019-05-28,248.79605102539062,255.04656162869327,248.73207708436465,254.1510101168505,1621900
2019-05-29,251.82070922851562,253.0543684998969,246.21900317874247,247.13282072976585,1672200
2019-05-30,253.87680053710938,255.19270005101015,251.36380225379176,252.71623439099625,1113800
2019-05-31,254.02304077148438,255.6587542884623,250.13931575309843,252.62490088036552,2056600
2019-06-03,252.61572265625,257.3218774035588,250.20323096782485,253.52039309566038,2270100
2019-06-04,255.69529724121094,256.91980946346393,252.69797666603208,253.2005651847741,1722500
2019-06-05,253.0543975830078,258.4459161761842,250.48654431301446,258.4459161761842,1487600
2019-06-06,253.58438110351562,257.3950127224899,253.25542015727308,255.86892507742118,1612400
2019-06-07,254.8949432373047,256.4712550548806,253.22697985523925,254.35423536538627,1377500
2019-06-10,258.5699157714844,258.8906542455739,254.71160085567115,256.6086788725435,1232700
2019-06-11,259.7704772949219,261.97912025509777,258.322455506646,258.5699174910912,1485600
2019-06-12,257.61676025390625,259.7612720379131,255.3989160508211,259.2572305212735,1268600
2019-06-13,261.28265380859375,261.46592895911925,257.3052222533243,257.7084667398612,1073900
2019-06-14,261.4842834472656,262.9781172053499,258.9090339756697,262.10746931931,1426500
2019-06-17,263.43634033203125,263.98619375327274,261.3651325515908,261.60342101288165,1085000
2019-06-18,264.2427673339844,265.947396624853,262.56565867876543,264.279433546725,1829500
2019-06-19,266.7538146972656,267.7435784335642,262.5839081086805,264.04107503696025,1115100
2019-06-20,266.9005126953125,269.7781810082147,265.20505701117645,268.02773999102556,1525800
2019-06-21,269.2192687988281,270.1998596346785,265.25098177519874,267.9453761148969,1965600
2019-06-24,266.259033203125,270.22729136358356,262.666498904439,269.2467007489038,1523800
2019-06-25,261.35589599609375,267.01046303841343,260.3386394439135,265.75491808239025,1750100
2019-06-26,255.54559326171875,261.92414429042117,253.96010807431117,261.35594380942183,1474600
2019-06-27,258.8266296386719,260.50373902987565,255.51819469806216,256.14138074750434,1116600
2019-06-28,258.63397216796875,258.7989560983421,252.52120427675544,258.67981191400736,2629200
2019-07-01,259.10137939453125,260.87931270815176,255.59135251404226,260.18279467696715,1300600
2019-07-02,257.2135009765625,259.5504612812685,253.99671950254367,259.5504612812685,1380900
2019-07-03,259.1564025878906,260.71439484275857,256.2328947000267,256.2328947000267,720100
2019-07-05,260.32958984375,264.224544312331,258.6982923850462,259.11071051603267,979200
2019-07-08,260.9527587890625,261.786740576939,257.89178636295367,259.79803844042385,944800
2019-07-09,260.4212646484375,261.722622124776,258.3592297458911,259.1565454333069,841600
2019-07-10,263.8670349121094,264.90261066709564,259.3672153535305,260.9801650757823,1227700
2019-07-11,278.4937438964844,278.6770190330898,269.90652203737045,271.8310647964259,2581000
2019-07-12,284.54241943359375,286.37533884460294,277.3298580580428,278.7595609293102,2029200
2019-07-15,281.2156677246094,284.81734767406266,280.3450198124933,283.8275834928267,1780100
2019-07-16,279.89593505859375,282.0496207527422,277.76974203423754,281.82050584843125,994400
2019-07-17,279.2359924316406,281.25221412276824,276.33997762443863,279.06186292340146,1249300
2019-07-18,279.1261291503906,279.5568663151672,272.1976962641204,278.75037732851064,1324600
2019-07-19,276.8807373046875,280.775690146483,276.31253689443133,280.07002640602354,938700
2019-07-22,276.5691833496094,278.3837834679973,275.13033503206515,276.5325171336878,858000
2019-07-23,277.3115234375,278.11801240818187,271.86775085352656,275.7443852597286,1220100
2019-07-24,264.7744445800781,268.9626732175748,256.6637685187217,268.9626732175748,3389200
2019-07-25,269.3932800292969,271.38198147341444,263.9403348409919,265.1042283323563,1985000
2019-07-26,274.9195861816406,274.9470788534461,268.17442836135285,269.8515652458771,1123300
2019-07-29,273.3983459472656,276.8350708471413,272.1244531596717,274.66306518532207,1119700
2019-07-30,274.6080017089844,274.9287402338906,270.3831078904577,273.3616019564166,795700
2019-07-31,269.9981689453125,277.12825200067965,269.85156001061426,275.68023006533673,1516700
2019-08-01,268.47686767578125,271.5194924809074,266.1490523161819,269.8240644901478,1149800
2019-08-02,266.2957458496094,269.7782820991918,264.2337111830615,268.13781113339365,909500
2019-08-05,259.9263000488281,266.1582428954332,256.18715671536984,263.5279800185804,1347100
2019-08-06,266.7264404296875,266.96470093470816,260.2837298209243,260.3937005106462,1290600
2019-08-07,262.565673828125,264.30694146407524,256.9936117994588,263.3354965313411,1265500
2019-08-08,264.5361022949219,265.4434164693566,261.8783746029887,263.12474644323737,964000
2019-08-09,263.3262939453125,265.7182677666261,261.37425871750094,264.0503047762081,1083800
2019-08-12,258.4416198730469,262.6756589577685,257.1127422006325,261.64922863033644,1045100
2019-08-13,262.9323425292969,264.838594803847,257.62603182045024,257.62603182045024,1186600
2019-08-14,250.1018524169922,260.521994976099,249.7627667949202,259.7155339143664,1489900
2019-08-15,251.21075439453125,252.56712481610066,248.3239119394521,250.4775978233821,1188800
2019-08-16,252.5212860107422,255.01405724142452,252.07220178842323,253.7401649727452,776400
2019-08-19,250.56915283203125,255.5180277006056,250.26670558608322,254.77569786872542,1385900
2019-08-20,244.3006591796875,250.01018498294513,244.08068984214822,249.0845797412588,1446400
2019-08-21,245.50120544433594,246.8850684088593,244.2364867043249,245.80362481045137,981100
2019-08-22,239.2509307861328,246.54594106149935,239.03098944126663,245.849450813381,1524300
2019-08-23,238.6277618408203,242.16528257170847,237.6288242048732,239.51672879657187,1375100
2019-08-26,238.7469482421875,242.0828473259675,238.13290787845335,240.44237647491644,1237000
2019-08-27,230.3063201904297,239.938306385004,230.04053905237305,239.30594696887636,2045400
2019-08-28,232.60659790039062,235.41096190706722,229.2890187792978,229.8938854430297,1360000
2019-08-29,238.08705139160156,238.60026653893863,233.39476865009698,234.91608098425647,1504200
2019-08-30,239.67251586914062,241.2488275744855,238.7469106476508,239.1867933768725,1159200
2019-09-03,236.53823852539062,238.7377360663493,234.8977679397704,238.105376677706,1038300
2019-09-04,232.9915313720703,240.07576050445428,232.77159000731766,238.76522992592183,1292900
2019-09-05,230.23297119140625,234.03627276202602,228.40005207610747,233.14730587238105,2881700
2019-09-06,228.54669189453125,234.5861571007723,227.91433255418775,231.75430038746856,2241100
2019-09-09,230.2659912109375,231.9025381794478,227.65487290489511,230.5969790264266,1303800
2019-09-10,232.23353576660156,233.72298801350823,228.19733047323166,230.8452331085598,2220100
2019-09-11,229.67759704589844,233.98962819520793,228.3720377390639,232.61051447303578,1382600
2019-09-12,228.16055297851562,232.867922820335,228.03183627281177,231.20379468621067,1827100
2019-09-13,232.68409729003906,235.90201567215297,228.94209486650547,230.35799298370756,2052400
2019-09-16,237.7407684326172,239.3037749661158,232.11400383410808,232.15077402155916,1748400
2019-09-17,236.55477905273438,238.36601613159544,235.20324653136962,237.65805315584183,1204100
2019-09-18,231.49798583984375,238.77970343329295,231.13022785162562,235.27675738941713,1979700
2019-09-19,234.86305236816406,236.49961347694244,230.77168466889205,232.22435273396147,1818200
2019-09-20,231.77383422851562,235.49745787946355,231.27735949249754,234.98257700442892,2174800
2019-09-23,231.13943481445312,232.08642503516205,229.26384648259273,230.6337710487094,1250400
2019-09-24,228.1881561279297,232.58293068376224,226.33094574165628,232.2611318739427,1889800
2019-09-25,224.33580017089844,230.28437763382107,224.30821902271109,227.72842168862564,1526200
2019-09-26,219.55487060546875,225.04374342278555,216.47484486348628,224.14271250760348,2310100
2019-09-27,218.5343780517578,222.00974375408128,217.99192998314152,220.90645550445137,1148700
2019-09-30,220.7501220703125,222.83717054648076,217.0081204426199,218.10221947438396,1424200
2019-10-01,219.22390747070312,221.9821347634315,216.17146253279702,221.89939131162635,1693700
2019-10-02,218.7274169921875,222.43263450413423,217.32072220621612,218.50676778909826,1202600
2019-10-03,219.0308074951172,220.18927184203434,216.88858278927165,218.15737172958345,1357300
2019-10-04,222.3039093017578,222.3131123709146,219.43535753860695,219.48133079718437,913600
2019-10-07,221.6051483154297,222.96586969604013,221.04430826890405,222.26712391228187,1234600
2019-10-08,216.53924560546875,220.60303234000764,215.9784054662524,219.80315087372554,1572800
2019-10-09,219.04922485351562,219.43537500397676,217.0816898797927,218.45161453165028,944300
2019-10-10,218.11143493652344,220.32721441808891,216.6863479076337,218.26773281298517,1145900
2019-10-11,218.40565490722656,225.18169611772356,217.87239589593838,220.48351461680818,1565700
2019-10-14,215.89566040039062,219.7203917502741,215.77613272321392,218.4608057212092,1233500
2019-10-15,228.877685546875,231.45203362964787,221.1270601500572,221.32933125842948,2834000
2019-10-16,225.2736358642578,228.49156791787146,224.64843034158199,227.21358974917055,1679900
2019-10-17,229.16270446777344,229.92581565861676,225.46667617870963,226.15623296246423,1372200
2019-10-18,229.3006134033203,230.18325227159718,226.35850722417888,228.84090887442107,1534600
2019-10-21,232.6748504638672,233.80571964509616,229.38336444579528,230.7073016674673,2391400
2019-10-22,239.27622985839844,243.60663907275526,232.75762239080834,232.75762239080834,2851800
2019-10-23,242.27352905273438,250.96192922175973,231.36013222868868,232.31631163093095,2742300
2019-10-24,238.57745361328125,244.1950576922659,236.6099327688274,243.45033858079756,1582100
2019-10-25,241.8689422607422,242.19074103553675,237.29947822144348,238.04419729726501,1369200
2019-10-28,246.0983123779297,249.24267663365174,241.81386145182807,243.27571894729837,1598900
2019-10-29,250.6676788330078,253.4718650105883,244.85700732093233,245.18798108722416,1537900
2019-10-30,251.42153930664062,252.09271787618843,248.70009693399103,249.88614222111764,962800
2019-10-31,247.3946075439453,253.04899639569314,245.14207190845195,250.50221503319813,1877400
2019-11-01,248.92990112304688,253.49016033813,247.03592147918923,247.61515343924668,1432700
2019-11-04,249.8218536376953,251.47677887302765,245.05011793744725,250.4470451214306,1175200
2019-11-05,250.99871826171875,253.58225593763666,249.78509135155397,251.78939672679584,1404500
2019-11-06,254.97044372558594,255.18188978290863,250.53888677419786,250.5480898403871,1603900
2019-11-07,257.22308349609375,258.38154798433953,255.33830599334664,255.33830599334664,1614000
2019-11-08,259.35614013671875,260.597348179238,256.5243721214542,257.44378132952147,1229700
2019-11-11,256.65301513671875,258.5561984887945,255.3474700774222,257.23224729240576,993000
2019-11-12,260.80877685546875,262.0132004630685,256.08300088331197,256.08300088331197,1302600
2019-11-13,260.8731384277344,264.4772345747992,258.1976544836361,259.08948246500216,1305700
2019-11-14,259.2825622558594,261.55350379375466,259.19981880607435,260.19276826163326,1186900
2019-11-15,273.8183898925781,274.55390585529835,256.18413234279404,259.08026502594123,2661800
2019-11-18,270.3063049316406,282.6080045229343,270.039668407231,273.61618366488096,2349500
2019-11-19,269.12939453125,271.3635515919945,266.73892560019414,270.7475632953127,2286900
2019-11-20,269.1109924316406,270.02119825111237,264.8357186608469,269.8832925296973,1208800
2019-11-21,270.05804443359375,272.11751183433483,265.96666272458475,269.25813494956475,1368500
2019-11-22,268.3110656738281,273.0552185887603,266.68372215074686,270.3153982411364,1149400
2019-11-25,270.2051086425781,270.57286660939855,266.8216623966811,267.5480033203921,1452000
2019-11-26,264.091064453125,270.1959544270432,263.7325094895406,268.7524753866985,2464600
2019-11-27,266.1229248046875,268.0996483835948,263.7968213446635,265.369002751555,1189000
2019-11-29,265.3966369628906,267.31819863511384,264.3301190287024,265.8747195989863,512500
2019-12-02,264.2656555175781,268.6788344399458,263.87031648119137,266.2791629646459,1262000
2019-12-03,263.1256408691406,263.8427787038966,259.59511398587017,262.0407450782773,1093100
2019-12-04,264.9604797363281,266.5554983428641,263.43920766817297,265.54133572195695,896000
2019-12-05,263.9647216796875,265.8640116042412,262.0562310232247,264.35196838692036,970000
2019-12-06,263.01507568359375,263.32854771355255,258.9399111573343,260.08316540033644,1618500
2019-12-09,260.3044128417969,263.16257636306733,260.2214374406468,263.16257636306733,1209200
2019-12-10,261.7057800292969,262.17597384306833,258.4972580278727,260.53483958564226,863400
2019-12-11,258.7093505859375,262.2590033198187,257.83345238285943,261.0143162395243,1149700
2019-12-12,262.2314147949219,262.8030419275791,258.5250110279073,259.84344498055793,1110600
2019-12-13,261.9547424316406,266.1036807717817,261.4292034890601,262.8214118025243,897100
2019-12-16,269.0172119140625,274.1526833205027,262.7845743540225,263.411546539504,2021000
2019-12-17,268.05828857421875,270.41857125758,266.46327027850333,268.29801401663156,1107500
2019-12-18,270.30792236328125,271.7554475304369,267.4774178193804,268.24268216444705,1105100
2019-12-19,274.9547119140625,276.39300806306005,270.9717249767841,271.52492229642576,1941200
2019-12-20,279.3619384765625,279.65698093999634,274.4569630349676,278.1817967596252,2823500
2019-12-23,279.5278015136719,280.8462351784858,277.00156803888314,279.45405498937555,1308200
2019-12-24,280.74481201171875,280.99373816898816,278.8824099233475,280.1178681170338,333100
2019-12-26,280.98455810546875,281.42709352871765,280.2930683698529,281.03987503337487,484600
2019-12-27,282.51513671875,282.6810875482597,280.86477288272204,281.2612203543721,604900
2019-12-30,281.49163818359375,282.6533499384964,280.7079441923783,282.62569147465535,831700
2019-12-31,278.4676513671875,281.713034532559,276.75276955239974,281.48253784970245,916000
2020-01-02,277.3979797363281,279.1958640567003,274.0143061847409,279.05757175592987,1200500
2020-01-03,273.7193908691406,276.16264977247755,270.7690224452781,270.7690224452781,986800
2020-01-06,277.0108337402344,277.1122387417244,271.7739294415847,272.67748627089935,1308700
2020-01-07,276.17181396484375,276.8540748966517,271.6263996316709,275.85834196545113,1313200
2020-01-08,283.4922790527344,284.6724200640592,275.22206310924656,277.41639439673685,2067800
2020-01-09,282.5058288574219,284.8937700258843,281.9342018466349,283.8150336621039,1439900
2020-01-10,283.7320251464844,284.9859410138656,282.5242254713311,283.91643364182414,1049900
2020-01-13,273.5901794433594,283.0497669787329,273.22139058605376,282.9391331352199,1756500
2020-01-14,273.7193908691406,274.7980994525014,271.82010069244865,272.9449254886564,1067700
2020-01-15,278.0249938964844,281.02144976364207,274.03280507519844,274.0696924103269,1401000
2020-01-16,281.2519226074219,281.42710226349146,278.5228509111225,279.28811533222455,704200
2020-01-17,281.56536865234375,281.80506592241505,276.6695962265727,281.27032632648763,1312600
2020-01-21,282.11865234375,284.1839213261732,279.5186716851647,280.22859119164985,992400
2020-01-22,279.83209228515625,282.7547733227346,278.56897545958907,282.7547733227346,998000
2020-01-23,280.6526184082031,281.5377173599751,277.78525457893846,279.78594905281386,1089300
2020-01-24,274.08807373046875,281.74054841932303,272.3731927957607,281.0582875919817,1088700
2020-01-27,261.65045166015625,270.88874255171896,257.1880421682374,270.72279180117926,2399600
2020-01-28,267.6710510253906,270.7135943521702,261.96395396855365,262.76607749269806,1985900
2020-01-29,251.6193389892578,260.30443605912643,250.92784911453853,257.69522664537556,4450400
2020-01-30,245.1468963623047,249.3419218408187,241.27454350768969,248.25398500129316,2738500
2020-01-31,244.5845489501953,247.60866319055668,243.41363636157206,244.95333787964586,2206900
2020-02-03,245.6448211669922,249.5356047637383,242.28880542005743,245.34977877653017,1925500
2020-02-04,252.04335021972656,255.7312948328386,248.84405714238045,248.84405714238045,1413800
2020-02-05,264.9143371582031,270.3079631690912,253.87815894027835,253.87815894027835,2448900
2020-02-06,260.3044128417969,266.2512364886855,258.18385533651474,266.2512364886855,1759800
2020-02-07,254.91079711914062,259.8526304677413,254.72638859374305,257.87959430258195,1597500
2020-02-10,254.975341796875,256.33989187374806,252.64271720106476,254.35762663124265,1149200
2020-02-11,258.0732116699219,258.1008701359218,252.42143064401253,255.42711525436232,1777100
2020-02-12,272.9079284667969,273.5809885547591,263.93699217545236,263.93699217545236,2763300
2020-02-13,275.5539855957031,276.15327094289535,271.5802276923292,271.7369777120112,1931300
2020-02-14,274.5859680175781,277.3887861253677,272.41006570736374,275.9412890109537,1433800
2020-02-18,278.854736328125,280.5972756080189,272.6958471528291,274.2448053465841,1972500
2020-02-19,280.3391418457031,280.76324764984827,275.9504782148836,278.44908125473614,1338700
2020-02-20,271.00860595703125,278.14476961667856,270.77810942397514,277.86818503172475,1889500
2020-02-21,271.7185974121094,273.6363448337529,267.5327995170975,269.2476806734449,1111000
2020-02-24,255.85118103027344,261.38309845795504,255.00294131117596,261.3738695918037,2518700
2020-02-25,246.53915405273438,257.67676535509503,243.85617029236624,257.4278110232641,1954900
2020-02-26,247.23069763183594,252.65198326430001,242.2150883485221,248.78885721452707,1733200
2020-02-27,237.74342346191406,247.16612654119265,237.38386336095493,242.5377644778644,2328900
2020-02-28,237.03347778320312,240.223542816381,229.89731212372453,230.44128071776413,2983800
2020-03-02,250.1072235107422,250.95546332097658,230.84694356178926,239.34765871446874,3317500
2020-03-03,236.37884521484375,258.81998772716224,235.91785207826337,249.0561564708043,3017700
2020-03-04,273.29522705078125,274.30938960354825,263.0796017585517,264.195197448671,5162200
2020-03-05,264.7575988769531,265.78099020137336,259.30865627011565,265.2093631765487,2868600
2020-03-06,260.1752624511719,261.9639177542725,247.94971763729095,256.47808914886866,3414600
2020-03-09,248.77040100097656,254.8001723753614,240.46329373845276,243.40443288677824,2712800
2020-03-10,263.7342224121094,265.63351231761976,251.70231005433953,256.6164856323537,2611600
2020-03-11,259.71435546875,266.60159511364736,253.67535570576442,256.86542082307335,3415900
2020-03-12,236.22213745117188,256.948402711,233.6866888145372,241.5881052742865,3100200
2020-03-13,250.17742919921875,251.12134512993043,232.32612715376368,247.54924619865142,3027000
2020-03-16,207.33055114746094,229.48505056448772,200.14006662286593,209.6070846374488,2815300
2020-03-17,220.54554748535156,228.30980122790228,208.14494214533076,212.62396031150178,3100800
2020-03-18,191.5244140625,212.8460272775176,172.69216208768898,207.70995727341,3649800
2020-03-19,185.88865661621094,196.76231504372382,179.04982009343937,190.83964716555036,3322000
2020-03-20,177.30075073242188,201.68550960948681,171.84079265967094,189.05355117223004,4780200
2020-03-23,161.65194702148438,175.44067836782958,158.27417827450273,174.47823611196318,3236700
2020-03-24,182.15924072265625,186.00898225177374,167.61167142882724,170.2583669650011,3130500
2020-03-25,200.23265075683594,209.92177653748428,173.0901441899981,175.9126713871686,3521300
2020-03-26,218.0931854248047,220.9804841005125,198.96480345673376,204.77642542339112,2705300
2020-03-27,206.33116149902344,211.45796996244226,200.9637353672918,201.3801705583841,2585300
2020-03-30,213.38278198242188,216.43666274459872,203.73993273320377,207.90431173960368,2095800
2020-03-31,210.10679626464844,218.24122451132695,207.20098569584465,217.73224203001152,2956400
2020-04-01,198.31700134277344,205.02627917413142,194.717127319468,200.8248752176321,2225900
2020-04-02,195.62403869628906,203.12917648808204,188.77595365660932,194.82817894339632,2625600
2020-04-03,188.1374053955078,195.19833224996023,184.31542609762602,193.310486514023,1777000
2020-04-06,208.8852996826172,210.55105448884908,196.35513519867428,199.43677806001466,2648600
2020-04-07,207.33982849121094,218.92606148921539,204.46177901843814,218.12093852700377,2450000
2020-04-08,228.59666442871094,230.27166806146235,209.52380671714093,210.20860671860706,2415200
2020-04-09,224.3767852783203,229.55911600724173,222.03546546946345,222.97014639842214,2191200
2020-04-13,222.59072875976562,225.32997149421578,219.92552113930103,222.82208319568778,1036600
2020-04-14,233.2145233154297,235.2319413637876,226.94945528206105,227.43066234763822,2145600
2020-04-15,231.78936767578125,235.3799927964862,226.8291283410896,230.56780955897324,2424600
2020-04-16,251.56556701660156,252.9999815267245,231.92820051022522,235.52807512519828,2717300
2020-04-17,247.8453369140625,259.0243685772798,243.57914729036068,258.20076163706347,1954700
2020-04-20,243.57000732421875,252.83342147955034,241.70990827167793,242.90370529357082,1597900
2020-04-21,230.77139282226562,240.51603946098072,230.7066209301295,235.98149866435878,1617900
2020-04-22,243.34788513183594,245.69845452531388,235.79648573582733,236.06485071596123,1174000
2020-04-23,242.04298400878906,246.38319520705923,239.1649485668159,244.96730727987665,1587400
2020-04-24,244.4213104248047,247.29937406341722,241.13608899367264,245.67989314129457,1390700
2020-04-27,249.9182586669922,251.47295335669148,243.3940763046635,247.60471481630796,1794200
2020-04-28,248.21554565429688,256.1556173829114,242.45944622121684,253.7680520563095,1789900
2020-04-29,259.6814270019531,261.29167287867807,244.31025375887924,259.11693580487196,2080800
2020-04-30,259.79248046875,264.65092263412066,255.60034007286174,257.950880329464,2098700
2020-05-01,249.46490478515625,256.34075285822803,244.91183638754606,254.80455578785788,1240800
2020-05-04,250.78819274902344,253.1110001767116,245.28194622416734,248.01193969276116,1241600
2020-05-05,254.55467224121094,258.02498887147664,249.68696574387536,254.02717733544839,1177000
2020-05-06,250.4365234375,257.13653828020654,249.8627690050922,255.66512758504612,908800
2020-05-07,245.91128540039062,253.74957539930665,245.24498344595287,253.4441717060379,1003400
2020-05-08,253.8698272705078,254.26777834827558,248.76153169208467,250.32548987706974,969000
2020-05-11,252.05599975585938,256.08157216479515,250.7048979001414,250.73265929986488,1157400
2020-05-12,252.6020050048828,259.8387781258096,252.6020050048828,255.30423708862125,1311800
2020-05-13,247.82687377929688,252.5465101740032,242.68155310724347,250.8622430120299,1711400
2020-05-14,252.89813232421875,253.8050517812104,243.6532191088502,245.39300879615797,1300700
2020-05-15,257.3493957519531,258.95961345603274,250.39950003212812,250.84371067944585,1174100
2020-05-18,259.0799255371094,266.3074353516685,258.0989850565691,263.71627714675213,1324500
2020-05-19,260.1348876953125,264.6694281943984,257.256824332512,259.11692270780264,1013100
2020-05-20,259.11700439453125,263.7440937587193,257.4142388974915,263.7440937587193,1122200
2020-05-21,257.8953857421875,262.02276882416925,256.4054768711063,258.14526658401263,1084300
2020-05-22,256.4425048828125,258.8763581383955,255.0266168233015,258.2841054507321,889800
2020-05-26,262.2818908691406,264.66019283936265,259.635181623023,262.60576446341355,1248100
2020-05-27,265.8263244628906,266.187251044199,256.8682848673097,264.9009064490947,1348400
2020-05-28,269.6389465332031,274.56217539853066,267.08478468367855,268.3711288225789,1303000
2020-05-29,272.17462158203125,272.887211378254,265.3728231957968,270.1202211327436,1859000
2020-06-01,268.3988952636719,272.06354145982397,263.9476383716911,271.3602432097891,1470800
2020-06-02,272.2579040527344,274.29380608833117,266.1223800610369,269.4631244685723,1219900
2020-06-03,267.69561767578125,276.99608423461115,266.4370629257434,273.9236901215017,1388700
2020-06-04,261.05108642578125,266.9645193298435,258.6912824895594,265.44682068300455,1511500
2020-06-05,266.41851806640625,268.8523429206445,261.07883980557085,262.217113755722,1730100
2020-06-08,278.1712951660156,279.16149885489847,264.7620021105404,264.9933565289799,1829800
2020-06-09,270.15972900390625,278.5056045544503,269.2220844026353,278.5056045544503,1356000
2020-06-10,267.86663818359375,272.13706215975753,266.0006419865695,272.0070793079425,1185400
2020-06-11,245.586181640625,263.8097311569096,243.47880502112713,263.5590580507401,2126600
2020-06-12,246.70022583007812,254.61906643561457,240.72163730360174,253.03159261293845,1464400
2020-06-15,243.53453063964844,245.7904471880039,232.90491885561636,239.35694727528335,2096600
2020-06-16,248.26910400390625,253.60712661587687,245.58618215368648,253.44003009877957,1428500
2020-06-17,246.68162536621094,250.21864322740902,245.24269150232863,249.41098174696882,1181500
2020-06-18,246.5051727294922,246.85795083255545,241.54777911785476,245.01054041298042,1062300
2020-06-19,247.34072875976562,253.11507728323494,247.24788792651123,250.9055957745859,1824600
2020-06-22,246.20814514160156,247.43357617866818,242.83822395519104,246.01319921830995,997300
2020-06-23,249.71734619140625,251.22127160199355,246.1524786138163,249.01181807559254,890200
2020-06-24,238.87420654296875,246.94158619297508,236.59046897929147,246.08749004574364,1497800
2020-06-25,242.2998504638672,242.63404355525714,235.12369410804706,238.31721280515728,1469600
2020-06-26,237.33311462402344,245.6882802121795,236.20052437772043,241.23220323091488,1997400
2020-06-29,240.6937255859375,243.49736574145325,238.92057050900476,239.6539762558301,1365800
2020-06-30,244.13795471191406,245.64188002194078,238.3450204960092,241.13936834429788,1195600
2020-07-01,249.4295196533203,250.74779148909656,245.57686589277995,248.04628473230122,1110100
2020-07-02,247.86997985839844,254.30345231144992,247.84213043210593,251.53698152954922,1008000
2020-07-06,249.72666931152344,252.16823942177552,247.97207056392386,251.9268588539019,859600
2020-07-07,245.91111755371094,249.61523210429442,245.47479108218232,247.4243071628801,862900
2020-07-08,243.72946166992188,247.8049108743458,241.77062486348274,247.19219535659425,1110100
2020-07-09,236.7296905517578,245.12199810244255,236.31193510741818,243.4323911586612,1265600
2020-07-10,236.7296905517578,238.58639400706573,235.56925089219038,238.52140258667882,982200
2020-07-13,239.1248016357422,243.5994633151086,237.66731110064066,238.0200892548458,1325500
2020-07-14,244.59286499023438,244.97349265147545,237.74162374999565,238.06655256627954,1754100
2020-07-15,248.1298065185547,249.1602914934885,241.27856739837517,244.3885508243617,1557400
2020-07-16,245.1683807373047,249.93082917433074,244.78775316591,248.12982472970407,1131200
2020-07-17,247.28506469726562,249.1046262945163,245.91112216366864,247.05297674701765,1036000
2020-07-20,240.44308471679688,248.21338373239954,240.29454504852058,247.0529441343455,1309800
2020-07-21,246.67236328125,249.77305507498517,241.22294242930272,241.86350747527422,1555900
2020-07-22,248.88180541992188,249.03034509258234,242.34620147808917,247.20149109882834,1006800
2020-07-23,250.58998107910156,251.48121915745918,247.28505111557143,248.65902190475416,1004700
2020-07-24,251.1098175048828,254.0991108173475,250.25574989048874,251.5832858911282,1104400
2020-07-27,245.0755615234375,250.460018498649,244.43499657008437,249.72661270707655,1615200
2020-07-28,246.2266845703125,248.51042138351352,244.40709518743157,244.48137917463168,1228600
2020-07-29,261.38677978515625,264.86809969101523,248.1670567285784,248.34344587029287,1961000
2020-07-30,257.3298645019531,259.63218740485104,252.83664472183995,256.6150437407027,1085200
2020-07-31,254.1827392578125,257.57124636258936,251.02634845942532,257.1998829372071,1009700
2020-08-03,251.35113525390625,257.515401994395,250.06071324133256,255.50086704120108,988000
2020-08-04,251.4812774658203,253.3101036395538,248.5383892703102,250.07945693235374,953900
2020-08-05,255.90011596679688,256.2343372789786,250.84988093527247,253.30074278779585,1301700
2020-08-06,252.02896118164062,257.74761176735433,249.8008941586243,255.222493694845,1002300
2020-08-07,256.83782958984375,258.2489142211759,251.79688577767027,251.79688577767027,928300
2020-08-10,258.8708801269531,260.077726018128,256.4478674305183,257.23697205061535,754400
2020-08-11,260.24481201171875,267.3652818088859,259.0936650031981,262.7885148607054,1416900
2020-08-12,262.8907165527344,265.6757725950275,260.3563336861229,262.38942686348133,817100
2020-08-13,262.1015625,262.1387045062909,258.42529714659605,261.5909803204619,687900
2020-08-14,262.9371032714844,264.83092063702173,259.1122698718139,260.3562862754992,567700
2020-08-17,262.82562255859375,265.3600327673417,261.96226232181647,263.19698588417214,817200
2020-08-18,262.21295166015625,265.18366013169606,261.6559349682907,263.68902747842014,959100
2020-08-19,263.09490966796875,265.78712437744366,262.48219404481097,262.51933605165243,634000
2020-08-20,261.5630798339844,263.4197831513507,260.4490465111469,261.63733550101955,813800
2020-08-21,264.2367248535156,265.7592067707978,261.56306766790084,262.2593313795279,957600
2020-08-24,259.1586608886719,266.4369347303612,258.44384028735203,266.22340364272503,729600
2020-08-25,256.6613464355469,260.81107887237044,255.44520820813918,260.63468981669695,870900
2020-08-26,250.8499298095703,256.8842164581944,247.6842467987971,256.8749522053863,1342000
2020-08-27,254.91612243652344,258.6759642999944,249.98657654688193,251.96397045321086,1360800
2020-08-28,257.4133605957031,259.0194192505601,252.3816818700499,254.99964048743087,643300
2020-08-31,261.34954833984375,263.9767993951455,256.40144647255005,256.4200033065184,1514500
2020-09-01,253.51425170898438,260.5326161255303,253.28216380051924,258.1003110467391,1712800
2020-09-02,259.91064453125,261.0339422331304,253.9413494874711,254.9625420942021,1388600
2020-09-03,257.15338134765625,263.9953277913403,254.54471573837452,261.6465994848362,1247500
2020-09-04,256.4292907714844,259.2700445193844,251.1191182649505,258.2952866311801,874700
2020-09-08,248.06480407714844,255.54731513276883,247.2385859486601,255.29667041916815,1191000
2020-09-09,249.14556884765625,250.94367332351766,246.48099534959636,249.62069809556303,1023900
2020-09-10,243.0152587890625,251.57725408474346,242.78234276563728,249.76049772917418,1096100
2020-09-11,240.39724731445312,247.3567781418304,237.08983745653796,244.72947898531396,1336700
2020-09-14,247.4499969482422,250.8039934800849,241.29168230569962,241.29168230569962,1448100
2020-09-15,242.37240600585938,249.0803987901456,241.17987711444533,247.71085144802598,1250300
2020-09-16,245.6053009033203,247.57112706237436,240.85380800876234,243.92831679095102,997400
2020-09-17,245.02757263183594,246.49029158114212,241.68290309407732,243.60212819449455,820100
2020-09-18,246.13629150390625,248.12074018817074,242.67982634691518,244.14251708222932,2162500
2020-09-21,240.09909057617188,240.25748594592173,233.28862988730745,239.66120741524608,1567800
2020-09-22,230.53094482421875,240.94694162847844,229.54338324855215,239.26995778394664,1977600
2020-09-23,228.93780517578125,233.85699026868832,228.2949547006743,231.23901653817538,1669100
2020-09-24,231.77935791015625,232.2358783665245,227.4191774183993,228.2949295958244,1311900
2020-09-25,237.80722045898438,238.59914049365713,229.37565896678515,230.57751340923846,1321900
2020-09-28,239.49354553222656,243.90962379333308,238.30101674967705,241.14258057643156,913800
2020-09-29,242.0370330810547,243.86308682079772,239.0277476957975,240.69543445491976,862000
2020-09-30,250.23562622070312,252.62068374679316,241.0680560237705,241.78542705637165,1312800
2020-10-01,251.70767211914062,252.2666477661735,247.92509017073752,250.235627096278,918100
2020-10-02,256.2168884277344,261.3130909029057,246.36919455805398,247.6269464613247,1582500
2020-10-05,265.3285827636719,265.524224231057,257.77277338768897,258.05228963036643,965700
2020-10-06,264.2572326660156,270.7788817039868,263.1951218895506,266.5956903443517,1086400
2020-10-07,273.0893859863281,273.8533573987378,265.73857076515276,265.73857076515276,969800
2020-10-08,273.24774169921875,274.37504717483233,269.0086534526902,274.37504717483233,1000000
2020-10-09,274.2911376953125,278.0550673386721,273.7507567793211,274.84081591528843,813500
2020-10-12,278.1669921875,280.3564087846177,274.30988868039015,275.24155289770533,1037700
2020-10-13,277.11419677734375,278.7818836253773,274.85955694506663,276.7601598387756,870100
2020-10-14,272.36260986328125,277.75695158244486,269.8191572857819,275.0830808490383,1014400
2020-10-15,274.7476806640625,276.6203342166137,267.54593685489493,267.83475039168,785100
2020-10-16,276.5830993652344,279.84392350947365,272.82849441643833,274.93406424785735,768900
2020-10-19,272.24151611328125,277.99922095902417,270.3781882047615,275.77253046092187,946900
2020-10-20,271.2912292480469,276.2010880538293,271.06763899719607,273.145231419649,822700
2020-10-21,275.9216003417969,276.9743851601527,270.49930929964944,270.648378944314,898300
2020-10-22,284.3158874511719,285.368643784732,276.2010743374601,276.7228038516208,1176600
2020-10-23,289.52392578125,290.4462640813341,284.4556711358618,285.75999510369036,1489400
2020-10-26,279.2662658691406,287.1854093550045,277.3656634715377,286.5891307862949,1205300
2020-10-27,278.4557189941406,279.9650100064327,272.98685629290566,277.4308829882242,1532100
2020-10-28,266.2695617675781,277.3470604557269,265.73853489212627,268.24471334496025,1557800
2020-10-29,254.58657836914062,265.85039557678465,253.72943476140435,265.0305264995072,1737100
2020-10-30,254.1578826904297,256.23550327702475,250.6268972286416,255.20137006810168,1567700
2020-11-02,259.23553466796875,260.5678075013108,251.95924035401518,259.1796370967888,2193900
2020-11-03,273.4061279296875,275.39057693274776,262.6360936374471,263.35349316242304,1790100
2020-11-04,305.4553527832031,309.68511540654015,290.44625902747345,291.4244948782907,3987700
2020-11-05,297.7598571777344,311.2689868605378,296.0362728766054,306.2566293670185,2333200
2020-11-06,291.9089660644531,296.4182163316645,290.90275304052074,296.20392337994423,1606400
2020-11-09,300.3778076171875,314.60430732304746,299.83742655007165,312.0888314653739,1617600
2020-11-10,306.1075134277344,307.69135355848044,292.9430969085623,300.97403582592375,1975600
2020-11-11,301.2721862792969,310.0111992397643,301.0392702768628,307.62614164940965,1517700
2020-11-12,307.3746032714844,308.63232694166305,299.05482203800904,300.7597831015305,1504300
2020-11-13,310.2068786621094,311.8279935711765,305.3435907991735,307.39326324413986,1205500
2020-11-16,310.38385009765625,315.08877026877366,307.48638875937024,312.96457752586156,1344600
2020-11-17,307.300048828125,310.0577662934882,303.84358336621807,306.26591544066207,1038500
2020-11-18,300.34991455078125,310.70069034475523,300.1169984967444,308.52992523127114,1351000
2020-11-19,290.5394592285156,298.87783597780344,290.37176651194335,298.71014326123117,1610700
2020-11-20,284.735107421875,290.7909225773347,283.85004380458275,290.1480722324159,2311500
2020-11-23,289.4307556152344,292.3002683635353,286.6730380031864,286.6730380031864,1169600
2020-11-24,292.48663330078125,296.15739217292867,288.81587442863383,289.3469297956498,1302800
2020-11-25,287.93072509765625,293.5393601314684,285.70406309813785,293.5393601314684,1180800
2020-11-27,291.42449951171875,292.1139502332097,287.1761137759514,287.5953739656131,533300
2020-11-30,290.2319641113281,293.7536529555249,288.2009433795813,290.48353159228253,1645700
2020-12-01,292.44927978515625,304.51433813748037,291.89960151995405,295.3374434357796,1364200
2020-12-02,296.68841552734375,299.66042599551696,291.67605860153117,291.72263042920616,1131700
2020-12-03,300.9554138183594,303.2845737644607,296.36231722835834,296.42754053055995,1255000
2020-12-04,302.0673522949219,305.4592723649363,300.0209877653428,300.5162249770314,931400
2020-12-07,298.3017883300781,302.9364940995952,296.2367450290806,300.4322473391619,697500
2020-12-08,301.52545166015625,301.8057638919672,295.18078533088055,295.8909476727951,1637000
2020-12-09,297.5541687011719,302.81491298532336,295.5078040770349,301.5814822635985,1016500
2020-12-10,293.1718444824219,298.12421801867356,292.9195634397823,296.8253998148637,1224500
2020-12-11,290.9759216308594,295.1901293182017,289.81725975439036,291.68608395049864,1372900
2020-12-14,289.7611389160156,295.4797352411145,289.2939329611417,293.53617101587383,918600
2020-12-15,292.67657470703125,294.02213048405065,290.1536504961209,292.4616496468143,1544900
2020-12-16,289.8919677734375,292.36818236930526,286.7149726983509,291.9663635398984,1003200
2020-12-17,293.4801025390625,294.70420846927436,289.46214242587706,289.46214242587706,1103900
2020-12-18,288.3969421386719,294.6388076446674,286.30383980414047,293.461439363743,2829600
2020-12-21,286.2851867675781,286.5281430412482,279.0154616938598,283.444565969263,1121600
2020-12-22,283.4072265625,287.20093805027295,282.71577061641307,285.8273794058026,1036800
2020-12-23,288.1260070800781,291.22826242260805,286.33192311210985,286.33192311210985,777200
2020-12-24,288.4250183105469,289.29401478857267,287.7055026862919,287.7709183823144,224500
2020-12-28,292.3681945800781,294.7042246616755,289.1631396359724,290.2564142611966,723400
2020-12-29,293.7136535644531,298.1334317197105,293.0408759163207,294.7134810513695,766000
2020-12-30,293.4521179199219,295.61996090462065,293.29328382683343,293.4054087198359,574600
2020-12-31,300.0303039550781,301.0581627154081,293.72302383176464,294.47989516528327,749300
2021-01-04,297.68499755859375,302.9644487946954,290.9572474738891,300.04905905706266,1197800
2021-01-05,294.4332580566406,299.11464328109537,293.10638032920997,296.7879662800311,996400
2021-01-06,306.78619384765625,308.57092441741094,287.798932739936,288.7333448592215,1861400
2021-01-07,315.2519226074219,316.3451686697447,306.9169550868836,307.430898792378,1418300
2021-01-08,314.9715576171875,318.3261215058748,310.8881820871337,316.00876967726356,1384100
2021-01-11,316.55072021484375,318.61579111788274,313.4484942700413,313.4484942700413,942100
2021-01-12,312.822509765625,318.0365172044188,312.0562849310362,315.1772182031453,906500
2021-01-13,308.7577819824219,313.579351818842,307.67386052933574,312.53281483406755,911600
2021-01-14,301.3665466308594,311.1591946129641,300.6096751955125,310.1313357143477,1320700
2021-01-15,305.01080322265625,305.74896823318403,298.4325342052868,301.3665733035722,1166600
2021-01-19,302.4598388671875,309.16891054504225,301.917863909014,308.3559766237748,954800
2021-01-20,300.43212890625,302.2822748884801,296.6851562652756,302.13276555007855,1158200
2021-01-21,300.6003112792969,304.0015556724238,298.189512675367,299.8995023737803,993700
2021-01-22,293.4893798828125,300.22648054116917,293.36790179410144,299.4883157983585,969400
2021-01-25,294.6854553222656,295.2461081254752,291.2094421615496,292.9100785420904,860900
2021-01-26,292.0224914550781,297.42339284850465,289.52762684169113,296.7693214159151,1222400
2021-01-27,271.1383972167969,288.5184411057862,269.1200634682181,283.7529617584164,3046900
2021-01-28,280.8001403808594,285.93940603560156,273.09124189874603,277.0531393874671,1767000
2021-01-29,277.5016784667969,281.53831652468824,273.00715915050387,278.6977246535777,1659900
2021-02-01,273.3715515136719,282.6035459295734,272.4745240468118,279.361135397122,1689200
2021-02-02,279.37982177734375,286.1636617073432,276.6980640244733,276.9596982316804,1924300
2021-02-03,278.7911376953125,280.4824495715408,274.2685872470957,277.6418292388793,1196800
2021-02-04,275.0535583496094,280.7628316544458,274.3434244766324,279.38924459556017,1317300
2021-02-05,271.7737731933594,278.3426893140427,269.2975867567993,277.54843330186435,1478000
2021-02-08,268.83038330078125,273.48373749418,267.2792557309832,272.92308450861515,1437400
2021-02-09,279.1088562011719,279.7816339345541,267.9986846138992,268.64343112989,2073900
2021-02-10,278.6136474609375,282.58489858742263,278.4174004031733,279.9218185994048,1090400
2021-02-11,273.6332092285156,281.87472998977205,272.6707660001143,279.46393103817064,1097700
2021-02-12,271.61492919921875,273.7921255761182,268.55005834928056,272.8950693400409,1087000
2021-02-16,270.62445068359375,274.5676712190916,269.559235627993,274.1565275791063,1178000
2021-02-17,271.2131042480469,276.09073641082205,269.40969579059765,269.79280816253134,994000
2021-02-18,276.89434814453125,278.8753259152199,269.9797037309094,269.9797037309094,1351900
2021-02-19,275.6235656738281,278.2679396326338,272.06345750024315,277.4456808563388,1056000
2021-02-22,276.29632568359375,277.688590635615,271.78309911558614,273.5771829566565,1010800
2021-02-23,284.6032409667969,287.7054961580846,276.9036939524645,278.538915219945,2081100
2021-02-24,285.7338562011719,286.8271022826877,281.5102956704852,282.2391358968262,1022200
2021-02-25,280.5478515625,288.2847818317107,279.0154307009418,285.93007384229577,1291900
2021-02-26,283.3042907714844,293.2651230970785,281.74381065699055,282.4446194447727,2004000
2021-03-01,291.0506286621094,295.2554822089939,286.266415784224,287.4811683629169,1469900
2021-03-02,291.2188415527344,295.8441637511922,288.4062523635291,289.6396830228474,1328100
2021-03-03,294.0687561035156,297.83443485634825,288.8641035804703,289.66768411323943,1095000
2021-03-04,300.40411376953125,304.34733366850065,294.44256046807595,296.9935155703829,1968900
2021-03-05,311.71978759765625,313.75679851320194,301.58141368835936,302.4877942907423,1766500
2021-03-08,317.31695556640625,319.83987927666425,310.4957596327311,312.56080208956314,1498200
2021-03-09,312.9293518066406,322.6703205917322,312.5074510673321,318.02014243088826,1286500
2021-03-10,312.6949768066406,316.6419776318135,309.1511077845215,314.6919240973394,958400
2021-03-11,314.0919494628906,316.885805026173,310.1824571805526,312.40440336581315,997800
2021-03-12,320.37335205078125,321.6858907838525,314.2606553160788,315.57319404915,1281300
2021-03-15,321.3952331542969,322.7827903416877,315.4700260659098,321.7046346311809,1366300
2021-03-16,322.1077575683594,322.76401256012844,317.3076000726502,319.8014090970464,1318900
2021-03-17,320.5609130859375,323.6734971838724,319.2483455646177,323.03598237198713,1422100
2021-03-18,331.2486877441406,331.2580436049797,319.57640731708494,319.66078173180836,1570500
2021-03-19,332.0080871582031,336.70512987131497,327.1047863380374,330.22678274884424,2962400
2021-03-22,329.2048645019531,330.7986510782069,323.7671639768674,330.7986510782069,1448600
2021-03-23,329.8517761230469,332.2987488172534,326.69229876933935,329.3080203083331,1232000
2021-03-24,338.3270568847656,339.65836447542915,329.1017484750866,329.1017484750866,2090300
2021-03-25,343.9522705078125,344.9273115445131,334.20194597440235,338.8896047511571,1725900
2021-03-26,348.1148986816406,348.99618078231714,342.36782469298106,344.7210384523617,1432900
2021-03-29,346.2960205078125,355.4463374979108,345.405382711127,346.85854515430395,1395300
2021-03-30,341.345947265625,346.88676359861165,339.9302651018413,345.79922328479637,1390200
2021-03-31,336.52703857421875,343.01474236734725,335.8332456123324,340.5209044384884,1414200
2021-04-01,331.66119384765625,337.5207664514709,329.8986298306377,337.4457478998732,1262500
2021-04-05,332.7206726074219,336.9395656867795,331.98001447790983,334.18321991936983,883400
2021-04-06,330.2642517089844,332.33621717815015,327.2453987643009,331.88619170292975,963200
2021-04-07,330.1893310546875,331.6518783920575,328.5673907203988,329.81432405224393,857800
2021-04-08,330.8456726074219,333.0019847068495,329.0268582858364,329.0268582858364,663000
2021-04-09,338.4583740234375,338.7583624635672,331.4456256573917,332.52378153620975,833600
2021-04-12,336.9676513671875,340.41776110698856,336.12384996033916,337.6614156596484,788200
2021-04-13,336.5926513671875,339.24588234271596,335.40199629950337,336.5457862223871,689000
2021-04-14,339.9677429199219,341.15842649864663,336.81765011865326,337.9614399453228,663200
2021-04-15,349.3243103027344,351.27436361162717,341.6834328195763,341.6834328195763,1350300
2021-04-16,352.1556396484375,353.0181813696999,348.0023812365925,350.608718122465,899300
2021-04-19,355.9432678222656,356.11201665170165,351.0774762951608,351.9962676074156,1084400
2021-04-20,358.0245361328125,362.61843479053556,354.45254338341135,355.68070736752617,1989400
2021-04-21,360.7996826171875,362.5809870589022,354.2463454327504,358.0621061769596,2045400
2021-04-22,356.0557861328125,361.27784454285205,354.9870148778841,360.6122050502564,1143000
2021-04-23,358.0903015136719,359.8903466432065,352.7557429988465,354.7526904169251,903500
2021-04-26,353.9276428222656,359.30906625720036,353.646366112487,358.22152592403023,900900
2021-04-27,353.31817626953125,354.10572806098713,350.31809205109465,352.28691430734153,800600
2021-04-28,351.8369140625,355.7839147196155,349.6055839192837,353.9369760273161,800600
2021-04-29,359.1027526855469,359.27150151864686,354.0025781364231,354.0025781364231,780600
2021-04-30,355.69012451171875,359.12146496145147,353.55252501467527,358.5589688950649,1031700
2021-05-03,362.43096923828125,364.99044091859054,358.2120768532059,359.47775029096755,940500
2021-05-04,367.2030334472656,368.74057047336237,360.3778041889542,361.82158232793876,1336100
2021-05-05,364.8122863769531,367.8592640332106,363.0497224164655,365.82483651268547,1245600
2021-05-06,364.4373779296875,369.012537885932,362.3935653855098,365.65615787700784,1243700
2021-05-07,371.7969665527344,372.83761304391373,364.1185793637485,364.1185793637485,800700
2021-05-10,376.7939758300781,380.6378614337916,372.96885917109836,372.96885917109836,988500
2021-05-11,369.8468322753906,377.83461983036796,367.3529947823592,375.6689241200606,784400
2021-05-12,365.7967529296875,371.06567646198926,364.5498197568081,369.18122860510965,1437400
2021-05-13,370.7469177246094,373.8407608527049,365.0373245628242,366.3873724833886,1003300
2021-05-14,369.32183837890625,374.0094966588747,367.93430983920075,372.6594487853481,677300
2021-05-17,369.0687561035156,370.9250792884909,367.6999677449453,369.63128088179894,562100
2021-05-18,368.8624267578125,371.3000145856306,365.918563866163,369.3874421531957,860200
2021-05-19,368.8531188964844,369.65941109976944,364.83112818697805,368.23434449243746,769800
2021-05-20,366.6967468261719,370.0343571019076,366.0123384440686,368.4593108482064,1043500
2021-05-21,371.3375549316406,375.0502011815249,367.99994426261577,368.3280860902689,723400
2021-05-24,369.7062072753906,373.98134907746186,368.35615948408457,373.1563166926422,848200
2021-05-25,370.4656066894531,371.0749965083192,367.25926463390823,370.15623384981745,919500
2021-05-26,370.22186279296875,371.740659388863,365.8623180165842,370.23121865324407,1116900
2021-05-27,372.98760986328125,373.1282338967087,368.04682808088404,371.8625889846648,1945400
2021-05-28,373.3439636230469,374.7596459827471,371.6845424189189,373.4095977243636,992900
2021-06-01,369.5937805175781,374.4876975676822,368.12184875206265,374.03767201195785,1159100
2021-06-02,368.8905944824219,371.6563244069549,366.32176681246267,371.6563244069549,818000
2021-06-03,370.9250793457031,373.1095157580817,367.15618335846284,368.1687336817687,745600
2021-06-04,368.637451171875,372.2000599485672,367.9436583047714,372.2000599485672,776100
2021-06-07,364.7935485839844,371.4219038136432,364.7279145057833,370.0905963625651,1028900
2021-06-08,367.4186706542969,368.44057678270474,362.27163073280116,364.1560786215224,894000
2021-06-09,362.8961486816406,369.25219999086323,362.8585596245463,368.1709263736983,827800
2021-06-10,361.45758056640625,362.24738117968633,358.1197296621222,359.0223548353085,1313200
2021-06-11,360.93096923828125,363.36619444590156,359.42657514373167,362.0216542394814,745200
2021-06-14,360.5925598144531,361.07206417632847,356.9820305612419,359.67111145272116,794100
2021-06-15,361.9652404785156,362.9618954645831,358.185475080067,361.4292952424424,1074600
2021-06-16,355.83489990234375,364.3346741729799,355.6280453381418,363.4132545911167,1032500
2021-06-17,355.23309326171875,356.62466279172605,353.1363417045869,355.4399478040991,900400
2021-06-18,347.1470947265625,351.64145492112215,346.32908794357246,350.6542112921214,2229900
2021-06-21,353.91680908203125,354.81943416962656,347.64537674518743,347.98387908674454,1247200
2021-06-22,356.35205078125,357.10423360611645,352.0175448865249,355.5904563455437,891900
2021-06-23,355.39300537109375,356.74695738050724,353.7569632882571,354.1518779134756,942100
2021-06-24,355.7220153808594,358.69318581723115,355.43054243337986,357.65894178110665,725000
2021-06-25,358.063232421875,359.981306873038,355.79724406830417,357.1605787689311,2105800
2021-06-28,358.13848876953125,358.8154647559496,353.5783052980972,358.3641665609601,870100
2021-06-29,358.7590026855469,361.1001978288977,356.26736526676973,356.97254729249516,864700
2021-06-30,358.9846496582031,360.2163652937727,356.7562790609349,359.24791646518145,709800
2021-07-01,360.8840026855469,362.1157184727186,358.6932208668225,360.2258212401258,1955600
2021-07-02,364.0620422363281,364.2876913377972,359.3137986373958,360.95922362145524,1504400
2021-07-06,362.2191467285156,364.77660843093184,359.09756227066066,362.2755590040595,1013100
2021-07-07,364.353515625,365.1433161749463,358.67444078231824,361.1472840664007,990300
2021-07-08,361.213134765625,362.3696151917092,356.9538354909249,361.3259593248589,666200
2021-07-09,365.3878173828125,367.0050364858161,363.3475061474162,364.7390761131436,1370000
2021-07-12,372.373779296875,372.8062829653832,361.52336897904127,363.88338766991,1897400
2021-07-13,374.33880615234375,378.1938067079013,372.90023606359824,373.04126672054815,1487000
2021-07-14,371.4617004394531,376.77406609959354,370.54025223867376,376.11588471418963,944600
2021-07-15,372.4490051269531,374.5081393301787,367.28708089653213,368.87609365964107,1180700
2021-07-16,370.0700988769531,373.90630493378063,369.2802984991188,373.2575352137867,756000
2021-07-19,361.4670104980469,369.17701434702155,359.62414230699073,367.0896738011535,1087400
2021-07-20,366.6382751464844,370.00433170309594,362.2567403099583,362.7550678399745,1731200
2021-07-21,360.667724609375,374.6773362954026,358.37352993019954,372.3361409547907,1756900
2021-07-22,361.3353271484375,364.3723219793264,357.64017951819767,362.25677550025136,944700
2021-07-23,359.4454345703125,364.30647386593887,358.608604690036,361.9934845702589,881200
2021-07-26,355.88189697265625,359.5488381247372,351.3405369100662,358.72141987628146,958800
2021-07-27,359.76513671875,360.40449498874534,353.58773412857767,354.8664793625038,939800
2021-07-28,357.2264404296875,359.1821615239994,353.9262077106775,359.1821615239994,778000
2021-07-29,361.363525390625,362.23797305692545,356.699928844074,359.36083220376895,708100
2021-07-30,361.0626525878906,363.30043507872955,359.7933190487917,361.8054237521448,999300
2021-08-02,366.9673767089844,367.9170024413162,361.3165082024878,362.3131632919821,803400
2021-08-03,371.6685485839844,372.31731834889916,365.359499345113,367.1553663631017,682700
2021-08-04,371.9505920410156,374.1695796490927,369.5623676399467,370.06069510415307,785100
2021-08-05,354.17059326171875,368.86659042022455,352.30893118542315,368.86659042022455,1695000
2021-08-06,356.7751770019531,358.6368395648028,353.64415210162895,356.9162076970272,765600
2021-08-09,353.8321838378906,359.1069322690357,353.68174154387395,356.7187361730971,743900
2021-08-10,354.81939697265625,356.2861733464566,351.5849596627552,353.3714151237755,744100
2021-08-11,345.67083740234375,355.56218020216613,344.32626854406533,354.73476204135784,1741000
2021-08-12,345.66143798828125,347.70174863532355,344.2698684238337,344.6271652507818,1504400
2021-08-13,345.5298156738281,347.88983427216544,342.1919652279792,346.8367669324249,1144000
2021-08-16,353.8979797363281,353.93556878640965,343.49886860252127,345.28535276899015,826500
2021-08-17,357.5085144042969,358.2324909985467,352.9013019323722,353.20218650164423,990800
2021-08-18,349.2060852050781,356.5117883474187,348.92402391128843,356.2861106184608,707100
2021-08-19,353.4372253417969,353.67228601689703,346.0563144048662,346.564053497383,761600
2021-08-20,355.4023132324219,357.1511794977209,353.1457365912644,354.13300859884686,529500
2021-08-23,354.79119873046875,356.66227263614513,354.2364589467238,356.66227263614513,652800
2021-08-24,354.2364501953125,356.1169356641662,351.82943109069424,355.1766929297393,582800
2021-08-25,350.8798522949219,354.92291413982895,350.5695847510869,353.7381988573117,737600
2021-08-26,347.9556884765625,351.2559214638918,347.4667438162652,350.69179869268027,681500
2021-08-27,350.40032958984375,352.0457546433439,346.6205348171131,347.88986845431464,707800
2021-08-30,348.42578125,351.1806857671988,347.7205991500659,351.1806857671988,599700
2021-08-31,352.7132873535156,355.6092225620252,346.1597938674902,346.8837704961343,1854100
2021-09-01,347.306884765625,352.50642622267986,343.23561743502694,352.50642622267986,1665400
2021-09-02,360.0565185546875,360.3197853459092,347.9556003790801,348.93343206423043,1306500
2021-09-03,356.0981750488281,359.9249415349625,354.2082777906063,359.9249415349625,636600
2021-09-07,355.1390686035156,357.13237857252534,351.961043629029,357.01017112221706,795000
2021-09-08,348.7830810546875,356.5400842195647,347.72060209077193,355.524605918469,911600
2021-09-09,350.3014221191406,354.4888577062142,348.55665249425925,349.3771872468325,792100
2021-09-10,337.1733093261719,352.5460840066192,335.2116125163472,352.3763300850789,1903000
2021-09-13,347.67022705078125,351.47098262515567,338.00328996944177,339.6348619053786,1287500
2021-09-14,345.6236267089844,349.9808168267602,344.0957838138275,349.0565530393257,1025500
2021-09-15,353.2157287597656,357.10139013908264,344.7559786500566,344.7559786500566,1652100
2021-09-16,353.6117858886719,358.1387295187551,351.9801854446032,353.85700516901665,1110400
2021-09-17,357.9313049316406,359.78924424460206,352.4989773907629,352.7064640220138,1845000
2021-09-20,355.4602966308594,356.7523605168356,351.989637810706,354.35686739490296,1084800
2021-09-21,357.50689697265625,360.40226925471086,356.0639310154721,357.31826230858155,927800
2021-09-22,354.1304931640625,361.0152548132533,353.80983729055697,358.3839540392209,1011600
2021-09-23,358.6669006347656,361.08127460122824,354.13051627563493,354.64924719614083,794600
2021-09-24,359.6382751464844,360.9586600707394,356.8655416377225,358.62916328343385,655300
2021-09-27,366.3816223144531,367.97549025794325,358.2142363454376,358.2142363454376,1209500
2021-09-28,363.759765625,367.1361074327596,360.8266606007736,364.03324847676186,1467000
2021-09-29,366.68328857421875,366.8436308703626,361.2226706459862,363.6464555652395,948300
2021-09-30,351.5934753417969,369.1637231338121,351.35769644771534,367.01342077105227,1321200
2021-10-01,354.54547119140625,355.7055138408748,342.6999405358752,353.0459207118141,1213500
2021-10-04,349.1414794921875,358.6952183373336,347.80224239680706,353.6589834361544,943000
2021-10-05,352.30078125,356.2430258887009,350.15047907507255,350.15047907507255,1001200
2021-10-06,349.02825927734375,349.89593841927217,342.9923243169987,349.4149401832982,1397300
2021-10-07,359.0063781738281,361.7791402663971,350.98989578765594,353.3948289908663,896900
2021-10-08,364.2030334472656,364.3256143221206,358.32741177615134,360.6946415942013,773700
2021-10-11,359.2421875,366.37213954729,358.666871984175,365.0423430203169,837200
2021-10-12,356.0167236328125,360.59084037032045,355.18677724147835,359.2421918752055,973100
2021-10-13,354.0927734375,356.13931822904874,348.95278176108,356.13931822904874,1103400
2021-10-14,368.4847412109375,376.45408069401844,364.84432828458404,365.6553940024981,1753900
2021-10-15,370.69158935546875,372.0496781743439,367.15490571914916,370.1823276345944,1145500
2021-10-18,366.126953125,370.5030239708849,365.26871434837324,369.36186198508807,928100
2021-10-19,371.3517761230469,374.6904134834215,368.49413693995467,368.673331210644,1319500
2021-10-20,399.9281921386719,401.2391367475591,377.2462715729885,377.2462715729885,2376600
2021-10-21,405.92645263671875,406.1999642625472,395.674789058838,396.10861424415975,1606600
2021-10-22,408.68975830078125,411.16071685582233,403.42718530310515,406.53945563333406,910300
2021-10-25,409.84033203125,411.5002247751161,406.6243042308121,408.70858174559487,893900
2021-10-26,411.4247741699219,413.73541909371676,404.6437701424198,411.3776298986633,1107800
2021-10-27,409.0103759765625,414.87655629573715,408.6331354841432,411.9811844290708,962200
2021-10-28,408.7086486816406,411.6794864726315,407.0299037113333,407.92587523268134,989200
2021-10-29,410.3778991699219,410.96262624190473,406.0678539331905,407.87864856470276,844700
2021-11-01,404.37030029296875,414.2164305899581,398.88135996318357,411.49081237785254,1002400
2021-11-02,396.2972106933594,406.48284827912676,394.56185255618766,406.4639963273596,1291300
2021-11-03,400.4752197265625,401.21084881290454,389.75199894497354,391.8645688787545,1160000
2021-11-04,398.5701599121094,401.2297534123249,393.6093903072824,400.82422052032615,924900
2021-11-05,398.05145263671875,405.9547676535446,396.9385828992113,400.8242153939729,944900
2021-11-08,402.32373046875,403.5403578031577,397.1931786630951,399.02282545754747,636100
2021-11-09,405.65289306640625,405.9546969777459,399.4094721562927,401.20138610976375,859400
2021-11-10,400.7676086425781,411.00042027452827,399.3812273404222,408.18048461380596,872700
2021-11-11,406.1716613769531,406.5300211753973,398.70217218157774,401.11654613164484,826500
2021-11-12,412.1509704589844,412.97147645159475,406.96383449672084,408.5482618466998,977400
2021-11-15,409.68011474609375,413.2450915674319,408.37861024627614,411.61349075827314,1116000
2021-11-16,405.97357177734375,412.1415564475599,405.766085174321,409.6800383123235,983500
2021-11-17,405.23797607421875,409.2839507756683,402.25772679510794,406.77525938031033,1644200
2021-11-18,401.6540832519531,408.9820812288079,401.191965810106,406.4168056013542,1592900
2021-11-19,391.591064453125,401.26744081232744,390.478194826995,401.26744081232744,1064100
2021-11-22,395.542724609375,401.7578537094923,393.03403335688694,395.6181899841788,1034900
2021-11-23,399.5604553222656,400.39981344312184,392.5908155350676,394.8637281353534,1026900
2021-11-24,400.6260986328125,401.2862623083203,396.749878406699,398.8718885853553,732500
2021-11-26,391.8833923339844,399.2585633951066,387.95061631354366,397.9853515508988,627600
2021-11-29,392.5436096191406,395.40124897928297,389.5256279294349,394.5618622086162,765900
2021-11-30,383.1219177246094,391.39303240957247,382.26367894673757,389.93121452405956,2238600
2021-12-01,381.6317443847656,392.25123587978896,381.13189423842755,388.2712866608233,1414100
2021-12-02,378.05670166015625,384.7243024362666,373.9332170912697,381.5181739830777,2032400
2021-12-03,373.5738830566406,381.991111611299,371.114909952688,377.8203212509238,1495700
2021-12-06,381.7263488769531,385.3958898200641,377.4231670508387,379.20119442428063,1383700
2021-12-07,388.9330139160156,392.4417923952133,383.4097977140607,384.440669153902,1507200
2021-12-08,393.40643310546875,394.3805613951941,387.8264741003759,389.22617560665776,924400
2021-12-09,396.89630126953125,397.5394089651725,391.4203613282812,392.48907112785963,651200
2021-12-10,407.62115478515625,408.13187150597975,397.057039303999,398.3432834782571,1221100
2021-12-13,406.7132568359375,408.83174280329183,402.4762560390222,406.98750552342796,842400
2021-12-14,410.4017639160156,415.1305485591349,405.1244240914563,408.88854705777527,938700
2021-12-15,419.4998779296875,419.84980332275506,410.411169064876,412.0756813828898,1075100
2021-12-16,423.5855712890625,427.20780722850134,417.8826587902803,419.7930771858899,1158100
2021-12-17,420.956298828125,426.53625739859285,417.48535915613303,422.11012311792643,1815600
2021-12-20,415.622314453125,424.6259385102686,408.45348993224553,423.5288570553138,1047200
2021-12-21,422.27099609375,423.6990982724955,416.74777916902025,418.6582266107244,797500
2021-12-22,429.2884826660156,431.4164355161527,420.8806906620586,420.8901574661879,664900
2021-12-23,430.9908142089844,433.9226659999468,430.35717332910735,431.41641630494263,646700
2021-12-27,434.5941162109375,434.74544074912393,431.1137384192626,433.2700625795616,313900
2021-12-28,439.0297546386719,440.287627341474,435.0386598009825,435.0481266048584,752800
2021-12-29,442.30206298828125,443.79634592356047,437.2516966471183,437.2516966471183,590100
2021-12-30,441.8102722167969,444.5245895464605,440.9496300870146,443.22890738105644,646700
2021-12-31,438.39605712890625,442.94514442582897,438.3771235235997,441.4319279736714,447000
2022-01-03,439.6445007324219,439.8052920909157,431.38806217988713,436.7504871771942,927200
2022-01-04,433.3174133300781,441.668433320689,432.7499534677171,440.5051420459593,957300
2022-01-05,433.36468505859375,439.8998680554211,433.20389370210654,435.9371447269382,835300
2022-01-06,415.61279296875,428.36157480094164,409.4842791681241,421.6466964648202,1763000
2022-01-07,411.39471435546875,414.63868190309995,403.1571812463281,412.18914655217276,1355400
2022-01-10,414.0806884765625,415.7168581366151,407.42258136232715,410.65705346667636,1104200
2022-01-11,429.1182556152344,430.2909848451088,414.23202352813263,415.9249363303153,1080000
2022-01-12,427.32135009765625,430.3099455236709,424.16252534754113,428.219830745206,732200
2022-01-13,422.5924072265625,427.36849535521156,420.4360833414804,425.524258447541,601500
2022-01-14,427.6144714355469,427.85091062339893,422.12906496005616,424.0205784628725,830600
2022-01-18,423.7841491699219,426.0161501637068,419.93491217488577,423.5855483289066,1053200
2022-01-19,423.9733581542969,434.30100708056676,422.31828362078613,425.3163167557941,1168500
2022-01-20,428.16302490234375,436.50460690759144,422.97082924256244,424.00170070374224,1303000
2022-01-21,417.6083679199219,431.2083552443963,416.38833357345436,427.46316641915047,1103900
2022-01-24,425.11773681640625,427.973912332986,407.7158152085995,415.4426331053611,1798100
2022-01-25,415.357421875,421.03196209270476,410.7704960932478,419.10263919947204,2109200
2022-01-26,405.20001220703125,415.80193697725525,397.90823596318944,407.7913763889221,2261200
2022-01-27,412.1891784667969,421.0320104269805,405.79588204720085,409.2478886368192,1637600
2022-01-28,418.109619140625,418.44063979218924,408.09405811862916,411.0637483166194,906700
2022-01-31,417.06927490234375,418.6297966855671,412.3026814922057,415.16832339297696,1127100
2022-02-01,415.0926818847656,420.24706833904037,408.5291269388761,420.24706833904037,1137400
2022-02-02,420.0672912597656,423.50983057323754,413.7780150981163,415.09260187749766,1771400
2022-02-03,427.2834777832031,432.44730189057134,420.4645503941448,430.19639606212155,1720900
2022-02-04,422.05340576171875,427.7846892120451,417.57996605754585,421.5426890482844,1027100
2022-02-07,425.0514831542969,429.70461943509287,420.55913823320606,425.60947621787267,1077300
2022-02-08,440.4957275390625,442.7560714424807,423.43426557970486,424.2476026313338,1314000
2022-02-09,442.6236572265625,446.4066844951308,440.10794062949975,446.3877508869751,949600
2022-02-10,432.7783203125,442.78441462325515,430.4233662386363,437.76244829104354,880500
2022-02-11,423.6139221191406,437.1098609578694,422.42225934233096,431.1137664456761,877000
2022-02-14,419.8876037597656,425.62835386261645,415.21556334715603,424.1340421119805,1187300
2022-02-15,425.4865417480469,427.8414669504623,421.98723003377046,424.058439740307,878200
2022-02-16,433.7051086425781,434.93460970918045,423.7841297785294,423.7841297785294,1062700
2022-02-17,426.85791015625,432.8823769118897,423.6990856153507,430.6882428680896,649800
2022-02-18,422.0345153808594,432.2676111307397,421.7602666830301,425.6945896672331,838500
2022-02-22,419.92547607421875,424.1624479662175,415.18722538235465,420.97525224353603,811800
2022-02-23,418.5257568359375,425.685142760873,417.92992543215297,422.3560603428279,828200
2022-02-24,417.8448181152344,419.55663564955654,408.5953175749924,411.86762808905144,1076400
2022-02-25,429.08038330078125,430.47064688128273,419.5093295845477,419.8781597096328,1090700
2022-02-28,427.3401794433594,428.0021918296321,419.1026464986093,419.99163126163796,1221300
2022-03-01,427.0091552734375,427.71847280711427,415.7924945280863,424.7866212288093,1418700
2022-03-02,438.3487548828125,443.7963226017999,429.92205939083016,429.92205939083016,1550200
2022-03-03,443.5788269042969,446.2174963563431,436.9490916172973,438.9257197898948,1211300
2022-03-04,450.97467041015625,451.5705018139084,432.21085890496784,435.93714301719507,1234600
2022-03-07,429.874755859375,448.11840916288327,428.62635019252116,445.2338341510377,1529300
2022-03-08,431.331298828125,441.762994890446,427.30236573513764,428.08736002036227,1774800
2022-03-09,441.3656005859375,445.3110258046482,432.4315127455656,437.21152209794843,1168300
2022-03-10,448.7917175292969,450.02465019904145,433.9963807751609,434.9827442770207,1243000
2022-03-11,441.2612609863281,453.34410506872786,440.0757376990145,449.32281934006073,1074500
2022-03-14,434.68865966796875,448.9718696057522,430.64841634154857,446.117120518981,1427800
2022-03-15,443.5658874511719,445.0549115663692,436.51914435684733,438.25473762100404,1303900
2022-03-16,446.534423828125,451.6748361052062,438.2167747107811,445.87051927293027,1337700
2022-03-17,453.4674072265625,453.789866089707,442.89254522000425,443.81251245499647,1246400
2022-03-18,453.363037109375,457.2895039053885,448.4407423863112,451.3049850085543,2823500
2022-03-21,451.44720458984375,460.74169428343686,448.0992884530388,453.36299953422264,1659100
2022-03-22,447.2173156738281,455.3547345435582,445.567047624874,453.22079268914126,1612200
2022-03-23,438.33062744140625,446.1076424240281,438.1029873008825,442.9494212907116,1092300
2022-03-24,449.2943420410156,451.0963315451755,439.43076570436347,440.3128169762964,882200
2022-03-25,455.9617614746094,456.15142783939325,449.2279832408131,449.36074680181775,857300
2022-03-28,459.7838134765625,460.15368164158525,452.41458319562435,458.617248300004,904000
2022-03-29,465.7019958496094,466.8306163278011,460.15374110975154,464.4406118146277,1271500
2022-03-30,476.5614013671875,476.72261632519854,466.8780263614279,466.9823674608228,1442500
2022-03-31,465.88214111328125,479.85235616942555,465.84419626876206,474.2092544639304,1445600
2022-04-01,473.5738830566406,474.3041839583485,464.23198228623613,468.3101710010604,1226100
2022-04-04,464.0991516113281,475.11977104970066,461.94625182121024,473.01428061193764,1065700
2022-04-05,469.25860595703125,475.8975368956371,460.94098432930275,461.6143535060548,1032700
2022-04-06,480.72491455078125,481.6638396704581,469.5430515387476,472.0373970015637,1524100
2022-04-07,488.113037109375,490.1426665812866,478.4107344304588,479.71955658435536,1357800
2022-04-08,493.8131103515625,499.4562127600432,491.0627310651683,491.30932917010887,1368500
2022-04-11,484.3005065917969,496.52563671308565,482.47003662574576,494.24940882999783,915400
2022-04-12,483.32354736328125,487.9992437134809,480.2791320227854,483.69344447837886,897700
2022-04-13,485.7895202636719,486.643062286161,480.4878347286626,482.5174644602675,1062200
2022-04-14,490.0668029785156,495.8047814875108,487.80962009645634,487.80962009645634,1571800
2022-04-18,486.4913635253906,492.55177265939193,484.46173369888334,487.2785672220044,740900
2022-04-19,490.3703308105469,493.5949771967874,487.0129498146835,489.4503925566759,1157300
2022-04-20,502.5101013183594,504.7103813758869,489.5356848381205,495.45386511282305,1590900
2022-04-21,495.8996276855469,506.1520304140432,493.81309519265454,506.1520304140432,932000
2022-04-22,476.7036437988281,492.3525506413763,476.10613545207156,492.1344328879778,956600
2022-04-25,480.72491455078125,482.37515359589526,467.10563781792916,474.2092836247275,1211500
2022-04-26,476.40020751953125,484.9928788540034,476.1441448833774,478.1358299949014,1119200
2022-04-27,482.1570739746094,488.14159329168956,472.46423429314507,477.5951826208942,1140500
2022-04-28,490.0859069824219,492.4095445512044,479.0842723819536,483.72202512645265,1181200
2022-04-29,476.0397644042969,486.78536388001856,475.15774200926813,483.90216308981104,937600
2022-05-02,471.4683532714844,483.67452488618954,463.1412391756506,479.42559916632393,1095200
2022-05-03,472.7677001953125,477.69945940370314,471.2786760908313,473.8393888691963,841700
2022-05-04,483.96856689453125,486.6620724200537,467.10568425032733,473.7256279839805,1227200
2022-05-05,480.7154541015625,490.5031413338704,473.3367582995942,484.6988239348208,985200
2022-05-06,478.6099853515625,481.8630542653609,472.54008304070817,475.04392208545147,946600
2022-05-09,465.5596618652344,475.7836117851241,462.4867952930415,474.51273451213774,1115100
2022-05-10,464.0802001953125,471.6485621630634,459.6890174094895,468.9550567896586,1296400
2022-05-11,462.2213134765625,479.2643982948968,460.7892209528993,464.0802349265674,1166800
2022-05-12,459.5278015136719,461.53847339757016,450.32815782187885,460.76076314522237,1280500
2022-05-13,461.3582763671875,463.32148102885236,455.37375683905356,462.07905487917265,1065200
2022-05-16,468.1300048828125,472.3883957860651,461.60487928610166,462.8852503805717,851900
2022-05-17,471.5442810058594,473.47906319745096,465.68306056978236,472.1133379967323,916500
2022-05-18,451.817138671875,470.8044681167938,449.2184520957875,467.9781703446897,981300
2022-05-19,455.1650695800781,458.85440290239984,442.7028352193519,444.6945200782481,1284900
2022-05-20,467.4280700683594,468.0824811580109,455.34519852738686,458.56035118032156,1365000
2022-05-23,469.324951171875,474.7878226399924,465.01912261294876,465.2657207114656,1194300
2022-05-24,479.2264404296875,480.21277493015435,466.62194918592917,471.29764591732226,1397400
2022-05-25,478.74273681640625,484.63240818215,474.4938110948068,478.4013200153491,1027400
2022-05-26,485.9981994628906,488.43564252834176,479.52997682317647,480.9146889985548,987900
2022-05-27,493.6993103027344,494.61930648252815,483.7219566532559,486.13094809730086,1190300
2022-05-31,483.32354736328125,493.75615106771687,480.6584936415322,488.8149276334871,3939100
2022-06-01,473.4410705566406,486.01711011738064,473.08066686735276,484.45219631458457,813600
2022-06-02,471.2976379394531,475.1197636585194,463.1412323640379,475.1197636585194,1186500
2022-06-03,467.8169860839844,469.3249682433936,464.33627695156105,467.3996795682868,744100
2022-06-06,471.762451171875,475.2526251056854,469.6474670123098,470.7476361977713,634000
2022-06-07,474.59820556640625,475.3664223986208,466.3943895927275,471.64860835616776,996900
2022-06-08,472.5970458984375,474.2093693315419,469.46727563822645,472.30303840492735,582200
2022-06-09,462.3087158203125,473.4622988539469,462.11853197773866,471.3133723263593,887200
2022-06-10,459.104248046875,464.2008785867282,449.8713949733263,455.31983947416256,922900
2022-06-13,440.14410400390625,453.2945001144361,437.01576289188284,449.7858203699,1112300
2022-06-14,437.7764892578125,440.20120272074394,434.40094361594316,437.7860071555356,1060500
2022-06-15,440.13458251953125,444.42297528744723,431.6338821203682,440.47687858060914,961300
2022-06-16,432.4136047363281,434.809764270803,425.54838640797516,434.5245175469291,1140600
2022-06-17,422.4866027832031,436.91114914245463,422.1062641541204,432.4230836761334,2265300
2022-06-21,438.1187438964844,442.15990333327494,429.78919186572375,432.8319588135565,1402100
2022-06-22,442.86358642578125,446.8952284689495,430.65453258167577,432.09983110217496,1474200
2022-06-23,449.1297912597656,452.058460107128,442.1124307181812,445.90638676962874,795000
2022-06-24,446.7810974121094,454.083703646727,444.4324693501712,451.92525941070204,2358800
2022-06-27,458.8665466308594,461.88078914988705,443.37703987531876,446.4578206190986,1274500
2022-06-28,449.8428649902344,466.60655047854874,448.26443211480273,462.0804424506358,752800
2022-06-29,461.7096252441406,463.78249545067683,449.17728307459583,449.39596255322584,1087200
2022-06-30,458.8665466308594,464.9615698936669,456.0234811671361,461.5955424210106,1519400
2022-07-01,462.0995178222656,462.8982377159582,446.71456217186795,456.72712904412765,997300
2022-07-05,453.5037536621094,457.8967278660346,439.20279275441067,457.8967278660346,1043100
2022-07-06,460.4734802246094,462.66996697631265,449.83334252288876,452.95216567381635,803700
2022-07-07,455.3007507324219,462.8981497023021,453.7698784817468,459.26585379082275,857400
2022-07-08,460.49249267578125,466.94881812511227,457.3356271170124,459.8268783528927,751400
2022-07-11,457.9537048339844,461.833234257644,453.8364891603121,456.60349836186987,629500
2022-07-12,454.48309326171875,462.1185069378534,451.7350906807219,456.91729542126996,801600
2022-07-13,447.5797424316406,454.15019497234005,447.22792852868986,450.0900292277861,802200
2022-07-14,443.4720764160156,444.8888500224916,435.5038565806091,441.9696997835871,861400
2022-07-15,464.89495849609375,466.37829928873583,451.64944312247604,454.6636851670727,1035400
2022-07-18,457.17401123046875,467.76661795113563,456.1090514274672,466.8728061840497,687900
2022-07-19,472.9869079589844,474.7935385431294,461.65265802911836,462.27071204238075,933100
2022-07-20,436.9587097167969,463.0693469016597,429.1901619094894,458.31504149199174,2653700
2022-07-21,439.2407531738281,442.0172511734237,429.38981766444596,436.0458449752801,1547200
2022-07-22,437.0157470703125,441.6369178730942,433.34540830540004,439.20271589156715,1008400
2022-07-25,447.7224426269531,451.059974366323,439.6115986226144,441.8556459029988,861500
2022-07-26,445.91583251953125,451.9728133442976,445.43091306988924,451.21213603875543,818100
2022-07-27,445.0030212402344,447.2565575382537,436.9682328606494,444.2613506988865,1122800
2022-07-28,452.35321044921875,453.8936009548597,442.3691678199357,446.3247539056951,836000
2022-07-29,453.6558837890625,456.37533288922737,448.08382207427786,452.5053498634528,885100
2022-08-01,447.7604675292969,459.95051328768153,442.6733550526691,451.65900368044976,837600
2022-08-02,448.9395751953125,456.36579808989666,442.66388611057124,448.8824968325805,1164600
2022-08-03,455.9664611816406,459.9981033052494,450.04258557471286,452.05843565449766,810200
2022-08-04,451.56390380859375,456.3277269228512,450.46090151584457,456.3277269228512,615000
2022-08-05,451.78265380859375,453.5512415835992,447.6939335345636,447.6939335345636,624500
2022-08-08,452.34368896484375,456.05204182272087,448.9491075334874,454.79689808067604,479100
2022-08-09,460.1883239746094,464.9616370410098,453.5893445258108,455.7002576782793,798800
2022-08-10,457.6780090332031,465.7983718134256,456.37533383092705,464.8189859372779,619800
2022-08-11,453.6653137207031,459.79837926375404,450.90782240584986,457.95370645618124,894700
2022-08-12,467.5384216308594,468.3941908303577,456.0995635835559,456.41333498344653,801300
2022-08-15,468.9836730957031,471.34181887001733,462.5938858853448,464.9235069897993,429900
2022-08-16,468.08990478515625,473.69997951516075,465.13274066980335,468.91714930570896,567200
2022-08-17,466.7302551269531,468.73655845628673,462.7176194503032,463.7255300641457,459900
2022-08-18,467.6049499511719,468.9647033698402,463.84906603904193,465.5035550575612,407700
2022-08-19,478.79656982421875,481.8868681630247,467.471811506622,468.0328160305866,711900
2022-08-22,482.08660888671875,487.78225795842366,479.0818841341824,480.42260185407224,972300
2022-08-23,468.9932556152344,479.40516780037143,468.7840650014464,477.17063829354055,577800
2022-08-24,469.1548156738281,471.1801542643063,464.99955771059075,468.3275712395145,664500
2022-08-25,468.1469421386719,468.23251615398766,458.6098066365626,466.045547270201,714300
2022-08-26,459.7223815917969,470.41957004919925,459.3420138989268,467.8712399896815,619700
2022-08-29,464.5052185058594,466.73023025281674,455.2818531711382,457.48785814038837,602300
2022-08-30,462.9267272949219,467.9662794628238,460.1407112665907,464.2769337921435,984300
2022-08-31,461.2721862792969,468.41316199237815,461.00594634818475,461.00594634818475,1350600
2022-09-01,466.0836181640625,470.5811727886384,460.0931755661037,463.87761335304316,712300
2022-09-02,458.3055419921875,470.26739113313806,456.0995662472147,468.6699514156816,741100
2022-09-06,453.560791015625,463.34516085879545,452.6669791689146,457.5068591799845,1013900
2022-09-07,461.1866760253906,463.04086692131335,451.2216694964379,453.4752058352491,795800
2022-09-08,466.53509521484375,466.8020396422066,460.0425994147327,460.0425994147327,522000
2022-09-09,470.5869445800781,476.1070061614305,469.5572810141963,473.74262046825766,958500
2022-09-12,470.6441345214844,475.1822187491662,467.39311517545076,470.31998980447275,883500
2022-09-13,458.1549377441406,466.57327458164195,456.5818712076779,464.94297864689156,864800
2022-09-14,448.19207763671875,459.9758332782208,445.76097776117734,459.52774489430533,1152100
2022-09-15,462.7024841308594,465.600758592425,450.96641463671114,453.3308002625619,736400
2022-09-16,457.84033203125,462.29258715327956,451.3764359371487,459.6994000689189,1112800
2022-09-19,457.61151123046875,459.5278087057276,448.8309153973764,455.6094423936609,648600
2022-09-20,453.3022155761719,456.08608953857936,447.2768652592837,456.08608953857936,793800
2022-09-21,444.0259094238281,461.3964440168631,443.7399078878167,456.76304456488975,725900
2022-09-22,441.2991943359375,444.19746885092337,436.1223636934496,440.75576240911016,873200
2022-09-23,432.690185546875,436.6562376174422,425.2061697888151,436.6562376174422,850400
2022-09-26,427.2464294433594,432.0800292496547,420.93504857393185,426.5123104524759,827700
2022-09-27,425.1871337890625,434.32047369681055,423.15643589056964,432.03237445285424,902800
2022-09-28,431.9751892089844,434.58743326985626,419.5049998884591,428.76231289300426,1120100
2022-09-29,435.4931335449219,437.39988774443754,427.2845415867315,432.6711163814113,1070400
2022-09-30,433.0620422363281,448.6688220647402,433.0620422363281,435.4645713578074,1120500
2022-10-03,448.1444396972656,449.3647612280074,432.73786218742543,433.88192635145344,908400
2022-10-04,456.8869323730469,459.1082882837125,447.84890670872807,450.318149983457,946200
2022-10-05,456.47698974609375,458.71743197534795,450.01309352186524,456.27678868149405,855800
2022-10-06,455.6665954589844,458.91758575857676,453.8837558467833,455.9621400316746,822100
2022-10-07,445.2843322753906,451.9007720674186,443.0915764538965,451.9007720674186,708100
2022-10-10,445.3701171875,448.7450803494303,439.3829100188907,446.9431836214872,784800
2022-10-11,448.783203125,455.2756987090725,442.3860219730737,444.5120633345567,751400
2022-10-12,443.53961181640625,452.739694454676,443.33938168931843,449.1645305464294,706900
2022-10-13,452.0342712402344,455.6856930472246,434.4253935170635,436.13191772537425,1087800
2022-10-14,448.82135009765625,459.5277859583095,447.7631154274287,455.7142773611451,872400
2022-10-17,454.83709716796875,457.4207698475974,450.1464985095559,452.74922825552494,868700
2022-10-18,455.9716491699219,462.9217762844121,452.5013717006558,462.9217762844121,1291800
2022-10-19,465.06683349609375,470.4915509706305,455.2279758425984,464.6664314479062,1416300
2022-10-20,478.8050842285156,485.5835819523097,466.5065245352723,468.09864811859046,1946500
2022-10-21,487.2138977050781,497.9298773334396,479.4343361775494,479.7680240201118,1581800
2022-10-24,501.95306396484375,504.3269637319607,490.58882475466044,491.21802806336314,1502600
2022-10-25,499.5218811035156,504.57476746765093,494.08762067096853,499.8650828513785,1411300
2022-10-26,508.6934509277344,515.1478328287528,502.4678702315014,503.9837654974898,1278600
2022-10-27,506.83428955078125,511.3342593688871,504.2125027311237,509.16053182016714,904600
2022-10-28,518.3035278320312,519.7621646607053,504.9848183521953,511.17222694782157,777200
2022-10-31,521.2780151367188,523.8998021594508,513.7749420213709,514.3755742490129,1131700
2022-11-01,519.1425170898438,522.488822198388,513.0694507629022,519.5905764449794,918500
2022-11-02,513.03125,522.2027325034327,512.7833626583639,517.0545313821732,1053600
2022-11-03,508.96990966796875,515.0810897656037,507.25384244148904,511.5535826842424,735000
2022-11-04,502.10565185546875,511.92548437494065,495.3843536804312,507.82591552605925,1109100
2022-11-07,503.8216247558594,506.46243944757214,493.35350584360026,493.4393353760304,1041900
2022-11-08,505.5854797363281,512.3163206954495,500.1131037115716,507.5017772911671,1262100
2022-11-09,495.7562255859375,507.30161141245986,495.26045073970005,502.7921551349931,873500
2022-11-10,497.5483703613281,508.1499174549458,486.10784689142315,505.82367535515135,969500
2022-11-11,468.45135498046875,495.2317431564964,458.2406944494308,494.7359684469297,2411400
2022-11-14,467.91748046875,476.22141616076135,467.4503349886654,471.75007512498934,1344500
2022-11-15,456.6771545410156,471.3019551410807,455.6379770376236,470.56783618468495,1922500
2022-11-16,453.9410400390625,465.8010257983539,452.37748744468394,459.14647147408397,1862100
2022-11-17,454.7704162597656,462.9885221429663,452.1390861738183,452.43463074494895,1868300
2022-11-18,472.2267761230469,474.0572439548883,458.75555236114093,460.9483081645322,1585900
2022-11-21,476.6027526855469,479.2340828091684,470.99689064553246,471.721466556619,1460500
2022-11-22,481.51263427734375,484.95434072674686,480.74994423765713,480.7880583733094,955600
2022-11-23,483.5147399902344,487.96699481367943,482.4660193472647,482.6185631766749,656500
2022-11-25,489.90234375,490.7317771737168,484.65876968812483,485.90772045913263,464000
2022-11-28,488.8727111816406,492.49553233041485,486.861070478711,487.14707195554524,722400
2022-11-29,491.3324890136719,493.4203875332826,487.271121684849,489.9024231287201,894300
2022-11-30,508.0735778808594,508.36912237868245,490.2835913486766,492.73377685169606,2586500
2022-12-01,500.7613220214844,512.0397894131015,499.6840012427925,510.5048080573106,900700
2022-12-02,500.4076232910156,504.3642600122001,498.65872336215597,499.1461427406348,630300
2022-12-05,499.2035827636719,502.3096277929012,494.1478598299774,494.3390127288804,714100
2022-12-06,504.99517822265625,506.77277775086486,500.15930719531906,500.2644208774688,1380600
2022-12-07,506.4286804199219,511.13073804981934,504.813534794567,505.1862158375946,1634300
2022-12-08,505.6832580566406,510.0699751647833,504.6510790314876,508.3018837021433,604500
2022-12-09,501.669189453125,508.5120772461685,500.7899562444937,505.6736000243009,873100
2022-12-12,510.5191345214844,510.8249675074455,502.24274443697453,503.4564516540052,769500
2022-12-13,496.31732177734375,519.9137088095584,494.88376256112576,516.0621850494493,1059400
2022-12-14,497.11053466796875,499.9393872973509,491.9401321736769,498.07574879817304,874400
2022-12-15,486.4353332519531,493.30683373006025,483.4917419375978,493.27819287764663,1250200
2022-12-16,479.8122253417969,484.1224690915689,469.7295378737104,482.11548049230873,2903800
2022-12-19,480.61505126953125,485.0495123763038,477.05025704174517,479.4968623073787,783000
2022-12-20,482.2970275878906,483.7019165760417,477.6905176631141,482.7653433611627,675000
2022-12-21,488.212890625,488.6334036336543,473.3230027249278,485.4700188407105,721300
2022-12-22,487.46746826171875,491.3285000427809,482.4691146823568,489.2833040827303,652400
2022-12-23,491.5101013183594,492.1217672619684,483.8358111658673,487.41014288059034,711000
2022-12-27,491.43365478515625,496.9671721059342,490.82198888142483,493.90890091894806,641500
2022-12-28,489.971435546875,498.7448112469617,488.79593561596744,494.02362040199034,576900
2022-12-29,490.16253662109375,492.74295469102566,488.6429674610974,492.74295469102566,301700
2022-12-30,490.2485656738281,491.2903110643176,485.93835068299137,490.2294912159811,468200
2023-01-03,479.9556884765625,489.292928001623,471.66970248958125,486.14864628539556,1075600
2023-01-04,463.93798828125,482.63159793946,462.2750689402293,480.0798497272872,1632500
2023-01-05,452.0489807128906,463.5078874025454,450.16623854836206,463.5078874025454,1845500
2023-01-06,454.4191589355469,456.76062144291774,444.0593080376922,453.7023793416062,2329400
2023-01-09,449.8603820800781,461.4053273802027,448.88557241863566,455.83354483217755,1254700
2023-01-10,449.83172607421875,452.96644081750884,447.2513371844533,451.3130879823724,855300
2023-01-11,459.25506591796875,462.10305173033447,449.82225038221463,449.82225038221463,1240200
2023-01-12,455.9482421875,462.47573102349025,453.549439768022,456.9326182797563,1386600
2023-01-13,461.60601806640625,467.9327873949031,450.5676249528909,452.2114405109823,1007900
2023-01-17,459.6564025878906,466.3845817700234,458.1272669784283,462.8006838568316,967800
2023-01-18,450.81610107421875,464.7789818909709,450.233134372463,460.63122105663086,1003600
2023-01-19,458.9491882324219,460.6503439375912,452.63195569393105,454.3044413825012,941000
2023-01-20,458.2515563964844,460.650388290985,451.7527659043578,459.3124054444694,987600
2023-01-23,456.7702331542969,462.80073706968165,455.55649675450803,459.58957816984383,926200
2023-01-24,457.3244323730469,460.650299809128,453.7214311916671,458.6433113419382,1269700
2023-01-25,473.63836669921875,477.73835389701753,459.1689919971853,461.6060308040405,2059500
2023-01-26,479.9460754394531,482.4213508764989,468.372458757226,477.7288301640865,1267900
2023-01-27,470.71392822265625,482.14416510829193,467.4645332885126,480.8921924400361,1145300
2023-01-30,467.416748046875,474.68012057401234,466.97713138709537,470.0258363195418,818100
2023-01-31,477.8434753417969,486.2441399819443,468.77383394272056,470.2073930679276,1293900
2023-02-01,476.6775207519531,481.39871121679,471.47847723736226,476.90691004860327,1242500
2023-02-02,459.13079833984375,471.81300854230517,452.0012385757481,470.0449463188588,1704700
2023-02-03,456.5503845214844,465.65826311938554,455.33664819002547,459.8762524797988,1172000
2023-02-06,457.46783447265625,462.78155785505305,456.5503356518459,459.216763736751,977700
2023-02-07,456.7032165527344,456.8561330109599,449.44941159206076,454.53377445618867,1007800
2023-02-08,462.1222229003906,463.7086988254443,453.97004949681155,455.32713608184235,1010600
2023-02-09,464.09088134765625,466.6234966432236,461.01350658308905,463.3262989791033,948100
2023-02-10,469.0414733886719,471.8512518643909,466.4706214556783,466.7477844116745,656600
2023-02-13,473.27520751953125,479.55420356853676,468.9458600723293,468.9458600723293,880800
2023-02-14,469.7104797363281,477.853085818982,468.4776106084806,475.33957392104014,670300
2023-02-15,465.5531311035156,469.27081277763097,463.62258605755824,464.25335560235095,769400
2023-02-16,465.4193115234375,470.21697488597215,464.40626537499446,465.3811042782466,640100
2023-02-17,473.1127624511719,473.53327547425226,463.5270313022835,465.1803842120062,798700
2023-02-21,457.6111755371094,475.24393457057204,456.63633670492567,472.2143627403229,1422100
2023-02-22,462.3897399902344,464.2629158109468,457.0282135138505,459.83799182783724,783000
2023-02-23,464.5878601074219,470.29342688069676,461.4627115562491,463.1256308924538,766400
2023-02-24,456.856201171875,464.1960172667749,455.0212325652318,463.92842071641405,1145400
2023-02-27,455.2027587890625,461.56776428609226,453.8265398077678,460.64072829405114,947500
2023-02-28,448.86651611328125,454.7058666356689,446.1236149890832,454.36182642448233,1533900
2023-03-01,448.2548828125,449.57376204972525,442.49197552894026,443.73438193644404,807700
2023-03-02,448.01593017578125,450.7396985507079,444.5562785612035,447.85344729646226,887000
2023-03-03,449.4112548828125,450.3382910236919,444.53717680449864,450.3382910236919,1236000
2023-03-06,451.8961181640625,452.7658143099199,448.4651363903534,450.5772389355279,1517300
2023-03-07,446.11407470703125,455.8718261742213,443.19915349719093,454.42870057800246,1221900
2023-03-08,445.9993591308594,447.2226617190448,442.49190506337266,443.63876399984906,1346400
2023-03-09,440.985107421875,450.8026931580103,439.2977331889445,449.77682720536495,1061400
2023-03-10,435.807861328125,445.3665663016601,434.5039799688208,439.66201220814185,1282900
2023-03-13,440.0168762207031,447.05407455203925,435.01221651940665,435.03138092319944,944600
2023-03-14,439.6619873046875,444.0914210162687,435.0791798901549,441.37815185001637,1610800
2023-03-15,437.6487121582031,440.6016391744465,432.3468439805225,432.8166205093588,1136400
2023-03-16,449.1728210449219,450.11240332749185,434.7340983377219,435.9229348620386,1230100
2023-03-17,444.0627136230469,449.5275521558531,441.8479818694543,449.11529810461957,1743100
2023-03-20,447.72509765625,451.425875013594,444.206513765358,444.206513765358,927900
2023-03-21,450.3233337402344,451.684737660475,447.02524277317303,448.6263333668418,847200
2023-03-22,446.19110107421875,455.29919391417184,446.0185044470122,452.48047652617004,717300
2023-03-23,427.8886413574219,451.00403955487394,424.85902752698945,447.4183362525044,1900400
2023-03-24,437.85003662109375,438.0226040065435,422.14576085536066,427.2367035365211,1668200
2023-03-27,444.8296813964844,450.9368928347683,443.1806359991657,448.5304293965989,1104200
2023-03-28,439.6141052246094,450.18907972332926,438.56907487532897,448.5783923551884,865100
2023-03-29,437.3514709472656,441.07138336132823,434.68615643827127,440.8508903579825,805000
2023-03-30,439.98809814453125,441.9055917611561,431.0525708689882,438.85675467416337,1034300
2023-03-31,440.8412780761719,442.75877130344776,438.55945645433366,442.2985623957967,1084000
2023-04-03,456.83319091796875,459.06708704141755,445.37618577937405,448.20447089755584,1224200
2023-04-04,455.81689453125,456.6893574588416,453.1611769502209,455.4046405103316,846800
2023-04-05,464.69488525390625,467.35060276484967,454.3500013953264,459.0190925892222,1428500
2023-04-06,463.5924377441406,468.36697810197643,460.88876473510675,466.68917119517346,815900
2023-04-10,464.92498779296875,465.01127147706165,459.7190007089911,461.41597168006746,826800
2023-04-11,469.4790954589844,470.5433195522368,465.34689936050347,467.46572145824257,1121500
2023-04-12,472.65252685546875,475.7396924036363,466.9863303404177,468.0313899923037,1152600
2023-04-13,475.7301025390625,477.8393276276563,470.6295633056955,474.64671413610995,932600
2023-04-14,464.4743957519531,477.0339827696594,462.60485733203984,475.0877282326043,941400
2023-04-17,464.292236328125,464.61820668276977,459.4218161499969,463.50608630039403,881500
2023-04-18,463.1513366699219,464.7908145708599,459.7190364043484,463.0746498087597,943800
2023-04-19,438.4636535644531,450.03573426179094,434.6478600921667,448.5400916204253,2960200
2023-04-20,436.1626892089844,438.4061532845678,431.6757610578175,438.4061532845678,1952900
2023-04-21,432.14544677734375,436.7378513288818,425.3479366795725,436.2201199561063,1456300
2023-04-24,443.8230285644531,445.9897761780073,431.5318890331927,433.1617408435098,1535600
2023-04-25,441.8575439453125,450.6780244303397,441.5603348379276,445.9130526247295,1125900
2023-04-26,433.71783447265625,439.4511209820078,429.3363550553735,437.1884928264331,1156300
2023-04-27,446.2006530761719,447.0731159761719,438.78956072839355,438.78956072839355,1122500
2023-04-28,449.31658935546875,452.8160086024449,445.38572243397005,445.77881205198236,1083300
2023-05-01,452.7969055175781,457.4851910822244,449.2495309049515,449.47965001654904,785000
2023-05-02,447.082763671875,455.09787195916385,441.8288212755832,451.95318398512023,809900
2023-05-03,439.27850341796875,448.5591633413344,437.6390549495679,447.77301337796524,937900
2023-05-04,437.85003662109375,440.563276932201,433.5356764330848,439.1059924684684,695600
2023-05-05,445.3090515136719,450.01650101085403,439.92090009685506,443.29567772489816,800300
2023-05-08,445.9993591308594,446.5362549173915,440.2660435963456,444.4941198592555,648000
2023-05-09,441.4837341308594,449.9878135102674,441.1481669013119,446.4500355005453,601900
2023-05-10,440.4003601074219,443.59297416226565,437.96513497844376,440.59209191732674,779100
2023-05-11,437.93634033203125,440.08392369435717,435.75999573748237,439.89219189908033,823600
2023-05-12,438.5882263183594,440.5920032692828,435.5490158781138,438.7512261196822,600500
2023-05-15,433.8807678222656,439.0580229371288,430.7648413313617,439.0580229371288,936800
2023-05-16,427.4859619140625,435.52983111058944,426.7860663249335,435.08881584304453,767700
2023-05-17,440.7742004394531,441.7713052042669,427.78319430060196,428.51185115857675,1175600
2023-05-18,436.2392883300781,438.4635581468949,430.7360630952712,438.05130414183117,954400
2023-05-19,438.9429626464844,442.73002358940147,435.60654305470234,437.0254693606784,891000
2023-05-22,438.1855773925781,442.25065382845406,436.12427794546653,439.76750351437886,709900
2023-05-23,438.6361999511719,441.14811155433546,431.46476430036114,435.29975099432113,1012900
2023-05-24,437.75408935546875,441.7904041902077,437.4952383167604,440.4577616831375,763100
2023-05-25,431.5126953125,435.6544880157045,427.6969022299394,433.9862781457861,979700
2023-05-26,427.49554443359375,435.46272650506006,427.07369358010607,430.58268046169695,1201400
2023-05-30,423.50714111328125,425.60679848299475,420.4679015536398,424.4850521005438,1635500
2023-05-31,429.345947265625,431.6852915164448,420.6788690455159,422.72100416483727,2453000
2023-06-01,445.27069091796875,448.23321449742036,429.5664164171157,431.24422302176026,1629900
2023-06-02,451.5888366699219,453.7843746914207,443.2477583678804,448.4441488274311,1618200
2023-06-05,460.6107177734375,462.20224097133814,451.64642934810445,452.8928177423938,1526000
2023-06-06,445.4337463378906,460.7640975226407,441.56040127168177,460.56276889735966,1359800
2023-06-07,441.14813232421875,446.4883585690539,440.58247527126287,444.45579094831265,1497400
2023-06-08,448.46771240234375,449.84313712380356,440.34014931546426,440.34014931546426,977400
2023-06-09,452.22857666015625,459.0383947236403,446.65951175099525,449.4392156298983,740700
2023-06-12,454.8351135253906,457.2012327970634,448.29458089910884,452.2285341428922,829400
2023-06-13,450.7472839355469,457.6725173971094,448.8236030818283,453.93097340020785,1566600
2023-06-14,419.6798095703125,427.6919565544027,412.50448839227835,423.200148962999,3353500
2023-06-15,434.4922180175781,438.96477045535016,421.16109347353273,422.85394214021596,1753200
2023-06-16,426.2972412109375,436.6755065118651,423.49828234947717,435.7521480209107,2487200
2023-06-20,421.21881103515625,423.8638724598581,415.23616183861793,421.0937670713198,2582300
2023-06-21,428.0478515625,434.13628865687554,420.73785831846004,421.2091800960254,1383900
2023-06-22,432.7030944824219,434.0304388033923,427.05709657331016,429.82720135567695,1146800
2023-06-23,433.21295166015625,436.26199893467015,430.18315998142657,431.2604166358156,1906500
2023-06-26,431.6451416015625,434.8384590395897,428.7884742021118,432.78973412089726,667300
2023-06-27,427.55731201171875,431.4239294586183,424.5660022614862,430.22162887996376,1372600
2023-06-28,420.4300231933594,425.74902853174154,419.6317086145992,423.8734280995755,1369700
2023-06-29,423.3059997558594,424.0369785582376,418.9584620143085,420.40122272966386,1380500
2023-06-30,427.33612060546875,429.59645163331356,419.37208250217884,421.6420119748793,1472800
2023-07-03,427.5188293457031,430.279306582925,422.42105764027207,425.65285663112064,754200
2023-07-05,426.1241455078125,430.0003610935677,424.12353041805204,426.903233873093,1659400
2023-07-06,422.5365295410156,425.9125991659509,420.68018437842824,425.3354889821864,1421000
2023-07-07,413.0142517089844,424.6525261327199,412.36983509457076,418.9776737832075,1497300
2023-07-10,415.9190673828125,418.83344282179024,412.9277282688219,413.55291870135375,1349900
2023-07-11,418.3236389160156,420.468524218136,413.84145913787245,415.3130737730515,1206400
2023-07-12,398.32696533203125,412.5525929162982,396.2782406052315,410.7058464525093,3284400
2023-07-13,401.6934509277344,405.1560825829668,398.9618274422295,400.3757341450726,1904600
2023-07-14,421.9882507324219,426.6820072442564,418.40057546080163,418.58332748568284,2512900
2023-07-17,420.48779296875,421.85358993927724,418.0639363034103,418.85265249937135,1351100
2023-07-18,426.7590026855469,432.8089874919296,421.4785078709614,424.4217373761115,1895300
2023-07-19,445.5340576171875,462.6067237267051,445.20703542252465,455.9123231499364,2649400
2023-07-20,457.605224609375,460.02905199071074,449.2468287008691,451.295553568053,1942900
2023-07-21,457.7686767578125,461.7507099486987,456.7779823583904,460.03863527727884,2300600
2023-07-24,453.1806945800781,457.1723260893193,451.50710179451113,453.959782901155,1372100
2023-07-25,457.6918029785156,460.23104660820854,454.1906895059035,454.89284363060887,990300
2023-07-26,451.6706237792969,461.673757932832,449.51611070553093,457.8071701444401,1291900
2023-07-27,452.7286682128906,456.7587819082474,451.132009598352,452.9691283171337,900200
2023-07-28,449.2179870605469,455.40261431684473,445.5629756160768,452.16121658806486,947100
2023-07-31,453.6328430175781,454.9120779765625,447.49629588636793,449.2853051399459,857500
2023-08-01,450.1221008300781,456.2009101181217,448.44847850012786,454.5465433829669,835900
2023-08-02,453.7193603515625,459.3557310767811,452.3343078099514,456.61450938483904,963700
2023-08-03,450.1510009765625,452.8152887079786,446.188222644216,451.38215569489387,1309700
2023-08-04,445.50518798828125,453.469224585379,444.3413694313857,452.45930400053334,663600
2023-08-07,452.8537292480469,453.9886939381624,446.89993449413146,447.48664308115957,621100
2023-08-08,445.0147399902344,449.17949628023536,439.07054361979897,447.24618755637715,938900
2023-08-09,442.7640380859375,447.1789119475846,441.6194748604864,445.15904096476794,711000
2023-08-10,448.32342529296875,452.4978385577686,443.6585227257458,444.2933409270328,665300
2023-08-11,455.9700927734375,457.3166635664801,449.18912917269785,450.7473060441501,1030800
2023-08-14,453.41162109375,458.35549551964874,451.3821516598872,454.13300149303564,864200
2023-08-15,449.9681701660156,453.6616336745298,448.66967979236455,451.7860332066962,648000
2023-08-16,447.40008544921875,453.32502622307277,447.226961210626,450.7473008272198,682300
2023-08-17,441.8502502441406,447.2557886274092,440.08046742010873,441.98489263735104,1065500
2023-08-18,445.1205139160156,447.1211290990993,441.3404880632471,441.3404880632471,619000
2023-08-21,448.477294921875,449.19867519321286,443.23528256197585,444.2163491639016,729300
2023-08-22,445.62066650390625,449.62192627815915,445.02433012439025,445.928462491089,734200
2023-08-23,442.2926330566406,447.3519223478497,439.67642630776515,445.8225998173247,671100
2023-08-24,438.5992736816406,445.49568307131585,437.4643089216685,442.15809531895883,827900
2023-08-25,435.2520446777344,440.9846350889935,431.95293886670174,440.68646688759065,935600
2023-08-28,437.0699157714844,438.5223042219081,435.09812526709453,435.91569550779076,628500
2023-08-29,440.3402404785156,440.51336474089646,435.4925556605347,437.6374707546263,698400
2023-08-30,442.03302001953125,445.5533595679374,440.17667500681307,441.8021583528378,875700
2023-08-31,425.1430969238281,443.3411013817699,424.37360696969336,443.3411013817699,2054900
2023-09-01,425.4989929199219,430.9430135166226,422.767369500394,428.8173249382131,1319600
2023-09-05,432.97247314453125,433.9631676349339,427.3168465961975,427.5573067089461,1053800
2023-09-06,428.9808349609375,436.3004265980536,428.3075349137287,432.9724669044278,1149900
2023-09-07,434.5877380371094,437.0775651074911,429.7142833760813,431.702269310941,980800
2023-09-08,433.06292724609375,435.00267256730774,431.31620225214857,433.6322989255397,993400
2023-09-11,433.5551452636719,437.7530579557863,431.4030891801102,434.06661677850246,766600
2023-09-12,429.7335510253906,432.51287902716206,420.35333374479666,430.4090927719323,1217100
2023-09-13,427.6972961425781,431.3837664934728,425.1013288047127,430.40906389762057,1372000
2023-09-14,428.826416015625,432.01107501181735,424.4161926834864,431.0074222265837,878600
2023-09-15,426.4717102050781,432.8795788283109,425.42944753002126,427.32092309672174,1581600
2023-09-18,427.24371337890625,429.81073054340646,424.14593449970346,429.81073054340646,786600
2023-09-19,423.4414978027344,427.42712945954645,418.56804322210337,425.5838940938909,1235100
2023-09-20,430.24505615234375,431.8566907274763,419.5620538056494,426.01819305772636,1085700
2023-09-21,435.0702209472656,439.97265473277855,429.0676537135313,431.0749591763576,1340400
2023-09-22,431.47064208984375,435.7843845870707,430.5634995011101,432.5611451667748,820700
2023-09-25,438.1680603027344,438.4286112678416,431.58646105098535,432.19444275367243,706200
2023-09-26,432.49359130859375,437.1643949969857,427.90963793942007,435.2729193266579,886000
2023-09-27,429.21246337890625,433.2463353860215,428.3535611140635,432.40675282649136,1001500
2023-09-28,431.64434814453125,435.6203198212674,429.80111283793383,431.7601485699478,1045300
2023-09-29,420.1989440917969,430.28362356511553,419.9190734368069,429.9844626566247,1374400
2023-10-02,424.80218505859375,425.3522665131578,416.30016049534925,420.7779436946363,1174800
2023-10-03,418.3556823730469,423.90467805816513,416.46417742191534,423.12299580467067,887400
2023-10-04,422.6405029296875,422.86244392356184,417.8538694723633,418.3460507209869,747600
2023-10-05,428.353515625,429.41506852750126,420.0927521395182,421.31834581513453,1088300
2023-10-06,434.2306823730469,437.318831343287,426.82882003836136,428.59483553551416,1112700
2023-10-09,437.1740417480469,437.63724343666325,430.49593271306424,432.77344900157965,712100
2023-10-10,439.2199401855469,443.27310232961815,437.2801947072027,439.67351148568014,898600
2023-10-11,437.7144775390625,438.0522484151388,433.46829503476386,435.9194825851892,922000
2023-10-12,437.6758728027344,440.39730064710983,434.3657829693823,438.26456424248096,852300
2023-10-13,438.2355651855469,450.3468698139919,434.91584509814527,442.55896746684886,1665100
2023-10-16,446.4481506347656,453.3675213248016,420.74905298051317,420.75871283395384,2759100
2023-10-17,449.4107971191406,455.23000419643284,445.19356467110435,446.9113397276465,1453600
2023-10-18,452.9042663574219,465.6331841517458,447.13329940026875,464.156669740653,2076700
2023-10-19,447.08502197265625,456.6872095005663,444.52766447274496,452.0164059373323,1238000
2023-10-20,437.9170837402344,447.90528176953893,437.6854829119776,447.538560824288,1159600
2023-10-23,435.9773254394531,438.8531632577997,428.7202150132545,437.2608487095243,1644200
2023-10-24,436.7687072753906,445.05842120269494,436.1993355705743,436.2379455279019,1180300
2023-10-25,434.3367919921875,439.34536615653553,432.0496454161331,437.14506989277555,640100
2023-10-26,434.06658935546875,437.9074406748665,431.1810914892512,431.1810914892512,676200
2023-10-27,426.02783203125,434.10523642328627,423.9433358251161,432.29098050293607,880100
2023-10-30,432.35845947265625,433.44896253571153,425.51630963673983,427.6587058050977,1114500
2023-10-31,434.3561706542969,436.4696170359371,432.6191051533088,434.2693203243248,1253700
2023-11-01,431.0460510253906,434.93517260603517,427.5718908098689,432.84101662379373,1556700
2023-11-02,435.7265319824219,436.1222031080382,422.1290809687865,430.6117869093355,1183900
2023-11-03,434.13409423828125,437.2125828027521,430.82400485040085,436.2668598066525,673100
2023-11-06,438.6312255859375,440.27181006165955,434.5008437425708,435.19567570924784,723000
2023-11-07,441.2561950683594,444.99090628525875,438.79534751559083,440.542072764576,1202400
2023-11-08,437.3477783203125,443.6687973053913,434.3175295880163,443.1090854020627,973800
2023-11-09,437.2222595214844,440.20423804098704,434.75175247392036,438.968984517205,793200
2023-11-10,442.2308654785156,443.40821887887876,435.39837537610583,438.4575445761287,762200
2023-11-13,445.2610778808594,446.7858324309558,439.8761229725686,442.57823082746114,581900
2023-11-14,445.6085205078125,448.78351962023413,440.41658544304823,443.8038951531254,687300
2023-11-15,440.7543640136719,446.08138985134195,436.8555827208282,444.7978958413602,1316000
2023-11-16,447.4035339355469,448.92831824134345,440.07886170797383,441.81595663416846,1082400
2023-11-17,446.7666015625,449.2660590231929,441.4009656440418,448.8896781733224,983400
2023-11-20,449.1019592285156,451.1285549810914,443.80388372671547,443.80388372671547,799600
2023-11-21,454.1491394042969,454.8536017871381,448.27203239206284,450.6942697499867,868300
2023-11-22,463.19158935546875,464.24348246306954,456.1081788069675,456.1081788069675,979800
2023-11-24,461.9949645996094,465.343664397678,461.2904727314452,462.9600074295915,310000
2023-11-27,460.7210998535156,464.9865726590294,459.23492565281254,462.2072740542188,1048100
2023-11-28,458.8681335449219,463.4231361631815,458.67514267977816,460.6341781381172,767700
2023-11-29,449.0922546386719,456.166034089071,446.5638474886004,453.19368609452096,1687800
2023-11-30,462.7283935546875,463.67414616392944,448.83178219965066,451.3119494289566,2083800
2023-12-01,466.2314453125,468.2580409630685,461.69576209060295,461.69576209060295,1361500
2023-12-04,466.212158203125,468.6633750332251,460.8851033770565,466.3761989781206,877800
2023-12-05,466.62841796875,469.58086119054605,462.55311104603976,465.7669058900928,1037800
2023-12-06,462.9983825683594,467.7900357233687,461.6238272527493,466.63810342212435,596900
2023-12-07,461.70123291015625,464.237409942812,459.4941751562688,464.237409942812,803800
2023-12-08,462.67901611328125,464.76022844488034,457.27754177265825,464.76022844488034,1099200
2023-12-11,460.8687744140625,465.13769471833143,453.5215946929803,463.0564531641067,1423100
2023-12-12,468.06109619140625,470.6553515897847,460.1427946416994,463.92771099605096,1178700
2023-12-13,472.4461669921875,473.35609723155807,461.6141508701514,467.1705095112373,822900
2023-12-14,464.5181884765625,470.44239518723026,459.55230063342276,468.5354174481571,1107500
2023-12-15,453.4731750488281,460.8300442820937,448.11043015794195,459.29091457878707,3222500
2023-12-18,454.35406494140625,456.2900816006218,451.6920420349848,454.01525611778953,926600
2023-12-19,450.8789367675781,454.1217707108058,447.4037902690815,453.22153001786745,1790600
2023-12-20,444.5384826660156,451.3822792100562,444.36421871264554,450.43364993888815,1386300
2023-12-21,449.24298095703125,450.28844649335946,445.5548715942613,446.42607318035493,1525100
2023-12-22,451.6629943847656,452.9310829091555,448.67185224806417,450.5691402664898,613400
2023-12-26,451.5855712890625,453.6861328025501,450.72402970355137,451.0918775921395,396200
2023-12-27,450.9079895019531,452.6988109464792,449.8238248228138,451.74049208568135,488700
2023-12-28,453.6764831542969,455.660888441124,451.83724366940913,451.83724366940913,489700
2023-12-29,456.4740295410156,457.0258014078006,452.5729569492879,454.88651115847154,606100
2024-01-02,463.5114440917969,465.2829159874864,456.08683628831426,456.6579576930997,1358900
2024-01-03,465.1183166503906,472.3783791819251,463.76311088609157,466.8220207776638,1205400
2024-01-04,469.3292236328125,473.0947907656014,467.52874205618764,469.7261106509584,1037600
2024-01-05,464.6730041503906,470.90697971190536,462.28202256507734,468.5740762589262,1044200
2024-01-08,464.6924133300781,469.19367595264146,453.6861627209526,466.221883121251,815800
2024-01-09,467.7803649902344,468.4773322127744,462.63058280614206,464.69241586243766,688000
2024-01-10,464.8763427734375,468.3418293752108,463.65667228219706,467.13181887986826,574100
2024-01-11,466.8800964355469,467.1801766552887,461.23662085582566,463.9179933017108,749600
2024-01-12,459.9201354980469,462.04007620764423,454.66385709919155,454.9832868655425,1218800
2024-01-16,458.148681640625,463.26942455803095,456.54178422977077,463.26942455803095,775600
2024-01-17,460.88812255859375,467.95460111084026,460.0653095676875,460.7429272169679,1111100
2024-01-18,454.3153991699219,455.2930971712508,434.65514963981457,440.1340810881006,2246100
2024-01-19,449.746337890625,455.7092727731592,448.6912123514923,455.7092727731592,2008800
2024-01-22,456.7450256347656,459.41673795448565,449.9689676399834,451.2951342637878,1727100
2024-01-23,457.0547790527344,461.9335489062937,455.20587974952264,455.20587974952264,1581200
2024-01-24,458.5165100097656,481.0904413876717,457.9743981772356,473.8400685861078,2378900
2024-01-25,464.944091796875,465.31193969930405,446.71650742451067,456.7160207586674,2233600
2024-01-26,468.32244873046875,470.1519987731022,464.4213760882165,465.55395890621895,1272400
2024-01-29,470.9651184082031,471.70081423406594,465.54426554353677,468.3127848863084,1256000
2024-01-30,476.59893798828125,477.0635631102991,471.12000694140323,474.08211025935447,1016200
2024-01-31,477.654052734375,481.3905508649417,476.81189017858776,478.79629552173543,1018600
2024-02-01,479.5803527832031,481.090443392475,472.775255505116,475.08880955957306,997300
2024-02-02,479.2803039550781,481.61320769376727,474.8855376422093,480.1128065226029,1005200
2024-02-05,474.64349365234375,482.2907828055981,472.94947913836666,479.9772288038433,916900
2024-02-06,478.03155517578125,479.9288728301243,470.9070278296406,474.6435259175167,773600
2024-02-07,481.86492919921875,486.0757718178037,480.03537906940204,481.7100443040009,852600
2024-02-08,486.0854187011719,487.953667848439,483.9945169840468,484.3430153742038,913300
2024-02-09,489.8896484375,490.6059946982289,484.1784051312615,484.9237904605828,800900
2024-02-12,489.0765380859375,490.760892733257,487.6148655392458,489.6863880839953,703100
2024-02-13,489.144287109375,496.81089654363143,487.4018839310267,488.4182808615182,1064800
2024-02-14,489.918701171875,491.0415944242191,486.2305916514164,489.26046257124017,649200
2024-02-15,492.5516662597656,494.8555308150618,490.07356729472514,490.96414795775684,690600
2024-02-16,496.23016357421875,497.89510970539516,489.92841927502513,494.25541811590165,620100
2024-02-20,492.62908935546875,498.8630353999184,492.02892895817445,496.23008128050265,611200
2024-02-21,493.0841064453125,495.1653185249951,489.87031157868654,494.4973903888207,647600
2024-02-22,495.7848205566406,498.0112279472891,490.131655332117,498.0112279472891,815900
2024-02-23,497.6434020996094,497.7885678919235,492.15478216004874,495.3975862613725,598100
2024-02-26,490.3446350097656,500.0827969877379,490.0058557084443,498.7566302285018,831000
2024-02-27,491.1770935058594,492.9098366289746,487.08240777485815,489.45403991891976,930300
2024-02-28,487.0146789550781,491.6030587367669,483.60730011281385,487.10182570507317,1083200
2024-02-29,485.2142028808594,488.82488479102005,482.69737517212576,486.91790709131374,1646000
2024-03-01,483.1426086425781,484.46880482881875,476.31816194112804,483.6363023289981,1443900
2024-03-04,488.22467041015625,496.0752038392463,482.91031409605574,484.1784026535505,1029800
2024-03-05,482.4069519042969,487.3631497732586,480.8097440854645,487.2469935015282,829000
2024-03-06,488.6215515136719,490.1122926055391,484.2848931246323,484.5849733420428,1104300
2024-03-07,487.1065979003906,493.36077024315347,486.786133286825,491.4864686532972,1120200
2024-03-08,488.45648193359375,494.5455464264015,485.2031423868853,485.863513441514,1055800
2024-03-11,492.1662902832031,494.01145875895565,485.4265456186425,487.69902001134517,940700
2024-03-12,490.9814453125,493.17621134194667,488.9031822235942,491.437884332411,689600
2024-03-13,494.788330078125,497.9639911003283,491.87489700056534,493.7200949925989,924600
2024-03-14,495.8371887207031,496.2450527599051,490.7289598443156,494.0696988522302,1062900
2024-03-15,498.2747802734375,498.682644320577,485.92179280880697,485.92179280880697,1444900
2024-03-18,496.54608154296875,498.3038504003503,493.6326485678205,497.17734906382907,724200
2024-03-19,500.9454040527344,501.1104819946709,496.55581264589324,498.98367350827056,659600
2024-03-20,499.45953369140625,501.52807592508447,496.4975552410901,498.9156952194595,577800
2024-03-21,499.81890869140625,500.96485205522544,497.4881975235205,498.51760829264316,649800
2024-03-22,499.0224914550781,504.383227137169,498.80886815346093,502.5380291961751,608600
2024-03-25,495.6332702636719,500.9454612596467,495.10887359613423,499.76063420104947,572200
2024-03-26,502.3147277832031,503.198502394358,495.9148896441221,496.7403683243534,983100
2024-03-27,504.956298828125,506.1410666273716,502.47983301601164,504.9951232682144,685900
2024-03-28,503.5771789550781,506.1410143108742,503.0139578992041,504.9562466340893,875600
2024-04-01,501.1104736328125,503.052762290304,499.78973157146527,501.54750043553724,647700
2024-04-02,484.8147277832031,492.3022431058354,479.39575485653364,489.3985307184944,1811500
2024-04-03,491.3990478515625,491.72923337866223,484.5719041627401,484.6884367444254,1085200
2024-04-04,484.21258544921875,493.4773109730793,482.42568337725584,492.64211140944855,1041900
2024-04-05,492.7101135253906,493.66181606249864,483.056935891746,484.26114545476827,1005900
2024-04-08,495.2835998535156,495.74975979327604,489.54413340465874,490.5832649329111,983600
2024-04-09,499.55670166015625,499.6537923903022,492.37020941085177,495.0797105775603,940600
2024-04-10,493.08880615234375,499.1390162810955,491.1853715889028,497.63375444416033,851300
2024-04-11,487.4756164550781,494.08910720024676,485.09633054643876,494.08910720024676,880200
2024-04-12,483.1346130371094,486.8443917193214,480.04638099016785,485.93151362187706,1188700
2024-04-15,485.6595764160156,491.30192274157224,484.105739522283,490.79693834682297,1031800
2024-04-16,492.341064453125,499.1779291441721,489.12657894626784,497.6435044366061,1127300
2024-04-17,494.2833557128906,498.8186130026103,491.8749069839143,494.33190107704576,1401400
2024-04-18,510.0352783203125,523.5535904069703,505.55831731399735,505.55831731399735,2595100
2024-04-19,516.0855712890625,520.5819748716531,510.724894187031,517.3189437184245,1791400
2024-04-22,516.8623657226562,521.4170346387958,512.230047943538,514.8132655751966,1525100
2024-04-23,517.5422973632812,523.1069955150084,514.8910919124397,519.1252676004967,811700
2024-04-24,518.328857421875,519.51368435696,511.84162024590955,516.6487966560514,915900
2024-04-25,524.107177734375,526.4282269656533,519.5234048360346,519.5234048360346,1067000
2024-04-26,521.7569580078125,524.4178837117045,514.6869995685043,520.9411707748386,700700
2024-04-29,518.5715942382812,525.0394482188934,517.3771057632607,523.5244655405959,640500
2024-04-30,513.3274536132812,519.1737017985058,511.89984071732425,518.280265668933,950300
2024-05-01,509.6954650878906,512.6380018673568,504.7425929658306,509.6274778654011,977600
2024-05-02,510.4432067871094,513.3566400609028,508.61745052694937,512.5020282253406,1339700
2024-05-03,511.7543029785156,513.0847661389955,503.92688104778574,510.1227874081598,819400
2024-05-06,514.6385498046875,515.2891999623351,512.1233189775378,514.3763218464627,757000
2024-05-07,520.6984252929688,521.3976800148557,516.9109980687241,517.03725157026,692900
2024-05-08,517.9598999023438,524.184969395286,516.8333983530172,523.1070132165935,807700
2024-05-09,523.0389404296875,523.8158440546158,518.2512058988005,518.2512058988005,456600
2024-05-10,523.62158203125,527.4576139111127,522.6892621548905,523.5535948166664,841400
2024-05-13,523.2234497070312,524.4664836271345,519.9020934207758,523.0874752750673,1090500
2024-05-14,519.2029418945312,524.6316059659245,518.1443684045763,524.0974883939449,656400
2024-05-15,524.408203125,525.7095625726272,519.4165071777226,519.4165071777226,693300
2024-05-16,528.1957397460938,530.5264507320351,524.4276947478411,525.2823065582046,943500
2024-05-17,531.9054565429688,532.1773461197391,525.7872001413466,530.6915261893045,897600
2024-05-20,525.9912109375,532.1676749284376,525.5639050421173,531.2159724098824,534700
2024-05-21,529.8660888671875,530.7304216203687,525.1560621744645,527.0498056343046,606400
2024-05-22,531.9928588867188,534.4596034516237,527.2828325358806,528.6618409053182,766400
2024-05-23,528.2443237304688,531.5656212107729,526.9429640641993,529.8370148820361,532700
2024-05-24,506.3643493652344,530.4584383136021,505.57772481282854,529.3707613837063,1533600
2024-05-28,504.20843505859375,505.83022951870475,498.8962446668096,504.99505960740896,1522000
2024-05-29,490.9328918457031,500.6249233393133,477.0066851195295,500.6249233393133,1412200
2024-05-30,492.70037841796875,496.6140890221315,486.0674754475045,490.4570373065265,1016100
2024-05-31,522.9417114257812,526.7194766009219,503.05269711744666,508.7533088467274,4148700
2024-06-03,527.0594482421875,528.4773403723274,517.9404475832953,518.5619349368557,1238200
2024-06-04,524.8355102539062,528.1082618236796,522.0288889834175,526.6612662913634,1246500
2024-06-05,524.4276733398438,529.2154079036244,517.4159802647654,529.2154079036244,650800
2024-06-06,525.4278564453125,526.748657655318,522.2813586024758,524.7577645510831,615000
2024-06-07,523.3885498046875,530.1477359671089,523.0874974205624,526.6321980851518,742400
2024-06-10,522.3560180664062,527.1972191972054,517.9044174539806,524.2457559691234,670900
2024-06-11,523.0184326171875,523.81719400377,519.6870595785284,521.6741828999836,597500
2024-06-12,516.862060546875,524.0606024215294,509.4297465034439,523.2813420410218,1282200
2024-06-13,524.7911987304688,535.7399652247916,508.2609133147585,516.0536364513595,1458300
2024-06-14,520.9533081054688,524.1386028833352,517.8654580442837,522.8527963624879,584300
2024-06-17,520.5344848632812,520.8753927559346,515.48870322017,516.5212367694744,668500
2024-06-18,513.6476440429688,522.0053569337754,513.0534631243793,521.1384021454151,688600
2024-06-20,520.933837890625,521.8007927058585,511.51439938823245,514.3587270055405,843900
2024-06-21,520.573486328125,522.2197018345796,515.4595106336905,520.7488155031957,1790600
2024-06-24,527.674560546875,528.3661267178986,521.605936597864,525.6581861752909,651200
2024-06-25,521.4208984375,528.3272264553499,517.9044458928537,528.3272264553499,441500
2024-06-26,520.4760131835938,521.8300131696856,515.3230961380788,519.0928214001378,659500
2024-06-27,521.888427734375,523.2618690258286,517.9433140883989,520.9337787227794,503600
2024-06-28,527.8206787109375,531.6780986013572,519.2486939637723,528.6291904954325,1711400
2024-07-01,520.7000732421875,532.4086602653313,516.4822446624312,527.3531281110324,678600
2024-07-02,522.0344848632812,524.4502693651036,517.1445917241731,520.5539079566073,1035400
2024-07-03,516.6478881835938,525.8822473418215,511.368274727703,525.8822473418215,656200
2024-07-05,516.5699462890625,517.2810133503478,509.2837681540586,516.5699462890625,785300
2024-07-08,512.9072875976562,518.5278082239382,512.439743231435,517.056922209148,658900
2024-07-09,515.5276489257812,517.8459890820586,509.29350537121445,513.5405257005862,644600
2024-07-10,520.739013671875,520.8461493470912,513.793744355889,514.9334134780973,632700
2024-07-11,519.989013671875,520.9533537836251,515.5666640706232,517.719366090737,896900
2024-07-12,521.6644287109375,523.5152245266854,516.706341134372,522.7457144000158,960000
2024-07-15,516.9108276367188,528.4051428566053,516.2972053321625,528.3758916044164,1486700
2024-07-16,538.8084106445312,540.9708629252408,522.1806793785181,529.7590722319547,1887900
2024-07-17,507.4329528808594,516.7939482404032,495.8120604453447,512.371598809924,4192800
2024-07-18,491.6429443359375,500.42922969382704,481.3663017446025,494.2340285593107,3225600
2024-07-19,487.162109375,496.299082519991,486.7530080345003,495.0035553059,1290300
2024-07-22,490.8344421386719,492.33452000087055,485.06781370035526,487.415375209128,921500
2024-07-23,489.4025573730469,494.2535089910891,488.05830773970126,490.96107837651977,956400
2024-07-24,498.8512268066406,501.042930452303,490.02596917159076,491.80857145045076,1444500
2024-07-25,500.7117614746094,512.1475742771988,497.8089313953446,503.61453210010916,943700
2024-07-26,513.8327026367188,520.378561798854,502.4260822800452,502.5624692093634,1434100
2024-07-29,516.131591796875,518.0505810489032,506.59526695144103,513.4625932684477,1055400
2024-07-30,522.3657836914062,527.9668040948078,516.3459115053327,516.3459115053327,1028400
2024-07-31,518.2454223632812,522.599578571445,515.1575125219517,518.9759902736794,1128500
2024-08-01,518.440185546875,524.7620235958016,503.6145561668904,519.9208221827934,1053200
2024-08-02,521.3040161132812,523.3008898236612,514.719154569623,520.1059037778068,874600
2024-08-05,509.92657470703125,520.0278874130652,505.83538313047353,517.7485491679361,1006400
2024-08-06,510.1116943359375,517.3589298697169,507.4426959390744,509.87792213384216,848600
2024-08-07,507.63751220703125,516.29719059051,506.205568327247,508.37783046283664,731500
2024-08-08,512.8781127929688,516.3945649802341,505.0951397613094,505.64062802455896,611300
2024-08-09,518.2843017578125,519.160947471766,509.2155222408298,511.3877248725699,664100
2024-08-12,512.2255249023438,517.8362963440507,511.70928779357905,517.8362963440507,605500
2024-08-13,517.8751831054688,518.4109209328175,512.8975359942588,513.5307185335178,448700
2024-08-14,525.2490844726562,525.7264387893562,517.4856112288304,517.4856112288304,805000
2024-08-15,527.6842651367188,528.4538346646494,523.7782122616017,526.2718815068114,857600
2024-08-16,529.613037109375,532.1748999792042,524.1873456812541,527.9278200510017,910200
2024-08-19,529.3110961914062,532.4671401678787,528.1129243456928,530.0319137102584,880200
2024-08-20,528.9700317382812,532.6326211709855,527.4699539190397,530.1973951602789,510400
2024-08-21,528.288330078125,531.3371790043307,527.2752377885334,529.369556391418,558700
2024-08-22,529.2427978515625,531.0643421246385,524.0801306750967,528.9310817922982,549400
2024-08-23,531.8143920898438,535.496422719049,528.9310632331393,530.8792439448636,429100
2024-08-26,530.5189819335938,536.2466395657975,530.0611284238095,532.7691288995471,358400
2024-08-27,534.2203979492188,535.8471122915167,530.2266510383046,534.0937614392559,458900
2024-08-28,536.8115234375,540.6201908748187,532.1261508280687,534.9996700453848,464800
2024-08-29,537.78564453125,540.5228364287142,531.7949642390568,538.282380739754,456100
2024-08-30,542.4613037109375,543.1528699549169,535.5549755129159,537.2498835668505,1226400
2024-09-03,547.7212524414062,552.5625124935863,541.7598241365997,541.7598241365997,902000
2024-09-04,533.1294555664062,547.5557331249622,522.4339611746602,547.2635178731755,1489200
2024-09-05,530.2948608398438,533.8892569519129,521.8787051451802,533.8892569519129,877400
2024-09-06,527.869384765625,536.6849518224193,527.6843051826324,533.9477597500154,1059200
2024-09-09,529.573974609375,533.7820523823177,526.7880902611283,531.2786328541342,721800
2024-09-10,531.6453247070312,533.0815151264183,525.2360774854193,530.9320597341742,881200
2024-09-11,530.9027709960938,531.7820529828366,521.1130141158218,529.5446992452573,788600
2024-09-12,533.3062133789062,534.2441738183993,525.8027087606234,531.4401318713053,731500
2024-09-13,538.1815795898438,540.2332971899456,531.3033224583506,534.5568148882744,471300
2024-09-16,540.7803955078125,547.0821844009445,539.8522148807924,541.386142941752,709200
2024-09-17,531.02001953125,541.2982864933663,527.9521631716942,541.2982864933663,792200
2024-09-18,527.0631713867188,532.0850083011397,525.7734979758656,531.5769985084243,851000
2024-09-19,525.6365966796875,532.026284026626,523.2038271767832,528.8705294895709,721200
2024-09-20,527.4539184570312,527.8740298338746,523.7119753914646,524.6303167971973,1677100
2024-09-23,521.630859375,529.7596110780562,521.1423495084314,528.1182250822918,964700
2024-09-24,515.2313842773438,522.4515751437863,514.9578497334599,520.2923994810552,1057100
2024-09-25,508.5290222167969,522.0705022279599,508.2261484664481,517.3319800877329,1157700
2024-09-26,508.3238525390625,511.86065918264666,505.2852758652498,509.06633744075305,726200
2024-09-27,511.9094543457031,516.3744412742125,509.54508350458843,510.32668729319573,776000
2024-09-30,508.0502624511719,511.5186705856261,504.03472565014914,511.49917074105196,1318900
2024-10-01,499.5111389160156,512.6227275786192,499.06168835250827,510.6882475096028,1233900
2024-10-02,493.5513000488281,493.95188172392494,480.7034963110145,487.6305627543981,2142100
2024-10-03,486.8000793457031,494.12772730374184,484.77764135337827,493.44380156781455,1086900
2024-10-04,480.7620849609375,489.9362843254755,478.8959737791729,488.285118667691,1473700
2024-10-07,480.7132568359375,482.2374052928956,475.50575457737693,480.73281631376847,1783900
2024-10-08,478.22186279296875,487.1322782274739,475.14425651432776,484.0644516876348,924300
2024-10-09,482.1690368652344,482.6868561513613,477.39139587186577,479.5896903572441,705700
2024-10-10,480.86956787109375,486.6926269818719,480.0781842679935,483.4098251551467,1088800
2024-10-11,490.3467102050781,493.92260631090704,482.1201902321691,482.6184798797215,1026700
2024-10-14,497.3226013183594,498.5145666513266,488.64669065419076,490.45415340738566,1184400
2024-10-15,472.75054931640625,481.67074454894123,471.6172028101025,474.88044524998594,2236100
2024-10-16,485.53973388671875,485.9110061678861,472.87756608554764,472.87756608554764,1828500
2024-10-17,434.13873291015625,436.96230448992003,388.83433176531594,395.60507149304186,8287000
2024-10-18,420.87078857421875,432.80997115727473,416.4155808825777,426.41050369694807,3318800
2024-10-21,412.5563659667969,425.5995556748084,411.09083635319774,418.3696155443078,2212400
2024-10-22,410.1919860839844,412.575916762863,403.66550102632937,405.53161240786096,2234200
2024-10-23,405.9908142089844,410.92475225021434,402.932737478176,406.0494330114177,1835600
2024-10-24,409.41033935546875,419.0242095296827,408.980448306452,409.2931017632414,2352100
2024-10-25,415.49713134765625,423.8799765515047,413.27930749989576,413.27930749989576,2089400
2024-10-28,407.6712646484375,418.1253579355096,407.4660690361265,416.9627020641854,1518300
2024-10-29,401.1350402832031,408.2184340776179,401.1350402832031,407.81785236784236,1650100
2024-10-30,401.3206481933594,405.56091039530276,400.01144528627543,401.183851114453,1930300
2024-10-31,396.435546875,403.5091603875588,396.29874979695404,401.1057001294495,1878800
2024-11-01,404.4959716796875,407.04597901271717,399.07349397042725,399.61087274320676,2410100
2024-11-04,408.2574768066406,409.96726144613064,404.11492242131374,405.4632145076303,1931000
2024-11-05,408.1695556640625,412.2339616553423,405.4632215217415,407.163226451491,2185200
2024-11-06,419.0730895996094,422.54152772923345,398.69247117806276,403.391933962821,3173000
2024-11-07,419.4736328125,423.4208007339303,415.3506085016497,420.909852958647,2263900
2024-11-08,412.9080810546875,421.22252864987644,411.921281568177,420.2455089020526,1569500
2024-11-11,415.61444091796875,421.144346400163,413.6994607625796,414.2368395085793,1620600
2024-11-12,403.4310302734375,415.4874510674781,400.89077282175526,414.38341391921125,2029400
2024-11-13,401.44769287109375,406.1862152007776,400.76376706254194,403.31377451090646,1448100
2024-11-14,397.6861267089844,404.83788860639316,395.8395450728271,402.1022452375785,1784600
2024-11-15,391.4820251464844,399.3079624680639,389.27395108796804,395.692977659235,2616500
2024-11-18,391.4918212890625,394.40332102845855,388.7757076076734,390.80789554534766,1465500
2024-11-19,385.1412048339844,390.8079075671979,382.8256429359759,388.0429547403219,2000100
2024-11-20,388.3457946777344,390.8371829450881,382.03422605222903,387.0365918793041,2389800
2024-11-21,394.3251953125,394.54989078298183,388.5998438080687,389.77227948883933,1380700
2024-11-22,393.29931640625,397.3832819120595,391.1401109537513,393.88553426119535,1180200
2024-11-25,398.2332763671875,400.3533926356668,394.24701888683325,395.17519962316715,2468000
2024-11-26,392.7228698730469,399.3666223928936,388.8734094814925,399.3666223928936,1611200
2024-11-27,393.4947204589844,398.36028974749553,392.23435658120974,392.2441363203195,1179400
2024-11-29,397.6079406738281,400.33383406703956,391.23778277286846,391.7946911744567,1580900
2024-12-02,400.95916748046875,402.737320844774,394.77461548873686,399.39592984716796,2030500
2024-12-03,398.69244384765625,402.8643073135024,397.43208006171733,402.0338345891818,1692000
2024-12-04,390.91534423828125,400.5780835408721,388.4630450263057,398.1648436498163,1903500
2024-12-05,385.5198059082031,392.54388638290817,384.41125267160515,392.06316802598764,1693500
2024-12-06,374.8855895996094,386.9030394780789,372.0896871096231,386.3634625409983,2731100
2024-12-09,388.1488952636719,390.23846467811273,376.2491632937267,376.40612948720366,2433000
2024-12-10,382.458984375,390.6799054157881,380.3400156011471,387.06977276773614,2201300
2024-12-11,378.2406005859375,382.4393486900956,373.15894389664237,380.21245271205976,2163900
2024-12-12,371.20672607421875,382.86117312420646,370.7946861065115,380.2909155271998,1730000
2024-12-13,374.1694030761719,380.34000353237394,368.16558855153824,371.0301391715941,1921100
2024-12-16,366.21337890625,377.5147060307094,364.78110346713333,373.5415719866759,2636300
2024-12-17,359.34625244140625,366.90008979483156,356.6386678586783,360.8472061566737,2964400
2024-12-18,359.3070068359375,367.2826734173757,357.78641374672776,358.5810344821692,2237100
2024-12-19,359.5228576660156,363.8589328653629,355.3338989830222,358.1690504072609,2362500
2024-12-20,359.0127258300781,364.93807281439604,357.9336018851828,358.7184329079441,3445400
2024-12-23,363.8491516113281,364.3788788603187,359.36589991378463,360.65102887784974,1458400
2024-12-24,365.8601989746094,366.1937409036516,360.7491127464422,361.45544563683734,468200
2024-12-26,366.5665588378906,367.75358019303764,362.98585528572914,364.96749745876093,1252200
2024-12-27,364.0257263183594,366.99820451548175,361.5437562721697,364.51623446929204,812100
2024-12-30,361.7987976074219,362.6032381544703,358.11019669636147,362.49534073238016,1303800
2024-12-31,361.8968811035156,365.62476073885404,360.93550435900283,362.97600494369885,1205800
2025-01-02,358.8851623535156,367.72412836568077,357.69814107111375,365.3010170253251,1218900
2025-01-03,364.50640869140625,367.2827015451373,359.26778531876283,359.8073323005596,1251300
2025-01-06,372.4428405761719,376.50426251869783,365.93869757265094,366.27223952946713,1908500
2025-01-07,373.5219421386719,378.06405222649767,371.78555413092187,373.89473310873177,1190500
2025-01-08,375.9646911621094,376.88684891333673,369.3722601843151,371.8836596103089,1517600
2025-01-10,373.9143371582031,383.3811379693416,371.81497795412906,374.0026250279864,1779900
2025-01-13,388.9631042480469,390.8662780744835,373.92413904818255,377.71084721654825,2012900
2025-01-14,385.69635009765625,387.9036366467365,381.4093139013387,383.72449786690777,1345400
2025-01-15,381.89984130859375,385.53940337505014,373.1491627970768,384.9311780631521,1857100
2025-01-16,377.9463195800781,378.01496796261307,368.00862045289296,370.23551650090593,2406700
2025-01-17,377.97576904296875,382.498239701147,376.5434637256871,379.67290803853876,2699400
2025-01-21,381.8311767578125,384.17579021615603,379.58464098177166,381.41913672681994,1999100
2025-01-22,383.3125,385.0979268678631,372.5801795538793,375.2191157293184,2450900
2025-01-23,393.74066162109375,402.2166562599511,381.91942796728614,397.03689173784034,3157700
2025-01-24,393.3482666015625,395.30050929400977,387.33463220835756,389.62041683269393,1551400
2025-01-27,403.43310546875,407.60242445269654,396.5856313332357,397.439110664537,1961100
2025-01-28,397.7040100097656,404.54169495545017,394.20177456333744,402.3932668202962,1885000
2025-01-29,392.7008056640625,398.5084352256595,392.1220096503381,396.72297840744733,1418400
2025-01-30,391.7394104003906,392.7007871508431,385.7846346648867,391.79826897946975,1484200
2025-01-31,388.1881408691406,393.3875150023546,387.8153499052045,390.74857890316486,1184000
2025-02-03,397.4096984863281,400.7451478294514,388.48244440749755,388.53148324588904,2031200
2025-02-04,394.3489074707031,400.5587269165812,390.75838454407756,392.57327052297353,1349600
2025-02-05,394.5255126953125,395.0160208377219,388.24701446012045,392.39669418442963,1205400
2025-02-06,383.05743408203125,393.85843307517695,381.527051056188,392.7106308366738,1453300
2025-02-07,383.9894104003906,387.2267521904892,382.213743367704,383.7049072928453,1078000
2025-02-10,388.61981201171875,388.9533539616098,382.8416116260459,384.9213613949207,858000
2025-02-11,383.7931823730469,390.7976229004361,380.3988744966997,388.6197955442969,1229500
2025-02-12,378.3387451171875,389.56157384383783,372.20739331889695,383.8128028298752,1443600
2025-02-13,384.1659851074219,384.92135687286805,377.7795594800199,380.74221789771195,1227300
2025-02-14,381.860595703125,387.5897273164609,380.71279345650896,384.5976395694851,1202200
2025-02-18,375.2191162109375,380.4184905010558,371.54030517408745,378.966575634079,1588900
2025-02-19,384.27386474609375,384.5583678397027,375.23871351705685,375.57225544759433,1123900
2025-02-20,383.0868835449219,388.6982982478984,381.2818170588359,382.5767658221942,1324900
2025-02-21,377.78936767578125,382.26279942587365,370.8241462428313,371.805162502733,1737100
2025-02-24,377.9463195800781,380.9972656626629,371.4323574902639,377.7893533918398,1299300
2025-02-25,394.29986572265625,395.5065265232544,378.7605714602453,379.6140508326173,2174400
2025-02-26,378.7998046875,391.5235864891501,377.5244656154308,389.198582795709,2209000
2025-02-27,385.411865234375,391.8473297045909,379.5551967829287,381.5564783981304,1327100
2025-02-28,389.34576416015625,389.7675939950575,382.2628250905955,384.9213709507137,1554600
2025-03-03,387.9919128417969,395.76157443360313,387.2855799698145,392.40648580712707,1526000
2025-03-04,389.72833251953125,396.15400721114247,385.3726177771011,387.9919444561165,1485300
2025-03-05,389.9245300292969,392.4261094911433,386.2751483822889,386.99130102245294,911200
2025-03-06,395.1239013671875,396.75239192295777,385.5982420315256,390.29731821763005,1393900
2025-03-07,401.6868896484375,405.04197826518026,391.6903320564425,392.46534324637014,1638100
2025-03-10,403.46014404296875,413.6464188540047,402.2681446746197,402.7607098755335,2139500
2025-03-11,415.76446533203125,421.17282190548167,405.87374715343907,418.8085148280266,3153800
2025-03-12,404.9280090332031,414.46406411342707,404.5437937456338,411.4692592721737,2135400
2025-03-13,411.0456848144531,413.00608481124823,404.9280330700685,406.7702222217618,1753400
2025-03-14,414.6807861328125,416.16834263266014,408.36609676544185,410.6220537620479,1451700
2025-03-17,424.1872863769531,425.5467711104717,414.9566195339499,414.9566195339499,1494400
2025-03-18,429.7631530761719,431.62506403244157,424.3350747487094,426.8373144761731,2135000
2025-03-19,424.0789794921875,428.86669919028765,418.6607618568021,426.86688552014266,1365600
2025-03-20,427.82244873046875,429.9601950255799,421.86242155985815,424.0296905019914,1331000
2025-03-21,420.8378601074219,429.8419363757429,418.6508694058202,425.85217026110183,3034700
2025-03-24,420.8772888183594,425.8915991516645,418.46370721418646,419.65570662904724,972100
2025-03-25,417.17315673828125,422.5716819597538,413.291740696295,422.45344106240486,1309700
2025-03-26,424.1282043457031,428.13769242548653,416.1781945317943,418.32580172537683,1224400
2025-03-27,425.527099609375,427.2806305654047,418.46370122567095,423.64549688773616,1075200
2025-03-28,425.57635498046875,430.1769274163138,425.06409796873646,429.80257303459587,1134100
2025-03-31,428.4923095703125,432.0486459408803,424.5124044076359,428.2657488195614,1560600
2025-04-01,426.2462463378906,431.4280422523098,425.56650390562663,431.4280422523098,1283500
2025-04-02,422.9460144042969,426.2462072024384,419.97093146849943,423.7538285342383,1156300
2025-04-03,445.95867919921875,447.702349168684,427.45793165496036,427.45793165496036,3314800
2025-04-04,422.5126037597656,451.9088921280986,422.098835751873,443.5943889094112,4515500
2025-04-07,416.84808349609375,423.45829992917766,405.893408415008,415.15365803964823,2422100
2025-04-08,424.49267578125,451.9285629450023,419.85272009781306,448.28356850445164,3101900
2025-04-09,429.2016296386719,435.59514673827385,414.78916626444106,424.07896930832845,2416700
2025-04-10,429.88134765625,437.7623908529218,421.92150725568087,431.67429219880336,1617600
2025-04-11,433.2702331542969,435.8906838336152,425.31039211957204,428.18695627980674,1350200
2025-04-14,434.6100158691406,436.69848762261415,428.5317477363957,433.1421510484556,1017100
2025-04-15,431.260498046875,434.90549232978367,428.0194408747461,434.90549232978367,1076300
2025-04-16,428.5711669921875,434.82675147347135,425.87188906789953,431.07337673366425,1170400
2025-04-17,418.2174377441406,431.47728546888834,384.200883775493,384.200883775493,3569400
2025-04-21,400.6426696777344,416.1683338168642,396.22927482914406,415.39007241234066,2294400
2025-04-22,409.71575927734375,412.2869654548967,396.51501690133796,404.31726350545455,1890500
2025-04-23,420.52264404296875,426.4925323588111,408.58286741128404,408.58286741128404,1801400
2025-04-24,422.4140625,422.8672140552664,412.1687125985483,418.9661061827177,1485400
2025-04-25,415.4097900390625,420.4142694294551,408.24790267847874,420.4142694294551,1534500
2025-04-28,407.6667175292969,421.1827094174316,403.617815473546,415.54776166083207,1534500
2025-04-29,407.49920654296875,409.3709483939976,402.47503521162093,408.7306196112503,1140700
2025-04-30,414.3261413574219,416.3949212648727,406.3071953225988,412.7893402978971,1356200
2025-05-01,402.23858642578125,413.14398703914196,402.0415483226116,412.12930394178477,1321800
2025-05-02,403.8837585449219,407.9523217056284,400.5047385388064,406.16923814708304,1048500
2025-05-05,410.10980224609375,411.70573885956713,401.9332313783756,406.17914129494056,1222000
2025-05-06,407.8243103027344,411.59734665920365,406.3761673536362,409.63694670436143,1080700
2025-05-07,411.2229919433594,412.67113489126547,407.5090610112333,409.1640729334702,822200
2025-05-08,406.24810791015625,413.74493635404457,405.7949563119515,409.29215745391167,897100
2025-05-09,398.5640563964844,407.5189184670566,396.1307830302748,406.48451347661745,948100
2025-05-12,410.4939880371094,417.9317105181114,400.51461229298934,400.94807207330723,2027900
2025-05-13,369.8179626464844,393.83544768021943,369.20718658144193,393.83544768021943,3575000
2025-05-14,368.7244873046875,382.70349089978833,367.74918770851593,378.2900956278305,2188600
2025-05-15,384.20086669921875,384.43728838138856,352.1348833117634,360.93209081343736,2954300
2025-05-16,397.2932434082031,397.3917624599636,384.3289238679116,385.4913705128223,2542600
2025-05-19,397.8055114746094,400.9480799114514,391.91442075515573,399.24379346625733,1329200
2025-05-20,406.3564453125,406.81945782155253,397.322816019265,399.4112877405077,1221200
2025-05-21,394.1703796386719,405.1939914659062,393.97337159254954,397.0272518497002,1540000
2025-05-22,378.79254150390625,394.1014479624934,378.03397177141056,389.6289770991272,1965000
2025-05-23,366.7344665527344,380.5460133751753,363.2668185249665,379.4820557557037,2479600
2025-05-27,370.38934326171875,372.1330132686283,363.34563676231613,370.1036470242722,1938400
2025-05-28,372.3300476074219,378.8712978460941,367.4339483050102,369.4239008948647,2158800
2025-05-29,374.8717041015625,377.2754249019098,370.51741410833756,372.6157468619339,1629200
2025-05-30,378.1324768066406,383.6097998264627,373.67969789567485,374.2707821916994,3195000
2025-06-02,371.4433898925781,380.1519687236155,368.6850369124708,376.625185202129,1767400
2025-06-03,373.32501220703125,373.37428676586734,363.5229826539586,369.83767219734744,1911600
2025-06-04,374.41851806640625,379.56089995315494,373.88653923293737,373.88653923293737,1083800
2025-06-05,378.930419921875,379.1274580365311,371.99509316635516,375.3642525186847,2130300
2025-06-06,387.5108947753906,388.28915623950286,378.92058621473944,380.417973657975,2749700
2025-06-09,383.816650390625,388.3975309171588,381.26516619794916,386.8114552999959,1605300
2025-06-10,379.8785705566406,385.924237415085,376.4450972876087,383.83646342255287,1676800
2025-06-11,376.9200134277344,381.8080133813969,376.4450856241884,379.15623249051424,1247800
2025-06-12,382.15435791015625,382.3423602424215,372.72467909270523,376.1581524608737,897900
2025-06-13,380.5019226074219,384.073936708202,378.38446557455427,379.78950066631205,958500
2025-06-16,372.56634521484375,381.03623344630597,367.73771113598053,380.8284525279238,1709300
2025-06-17,371.2404479980469,375.0598000113078,370.5873920700971,371.82423355568557,1279700
2025-06-18,371.952880859375,374.8619345348861,368.9745568115122,371.6065591939425,1155100
2025-06-20,370.5774841308594,375.99980802249235,366.9758174613645,372.8433861657554,2950400
2025-06-23,368.4996337890625,371.8836153274284,365.90718856023904,371.8836153274284,1419900
2025-06-24,372.45751953125,373.8922375700217,366.53055446130827,368.3808645352622,1068500
2025-06-25,369.9244384765625,372.457517665745,367.2331003434375,369.7661493362941,1228400
2025-06-26,369.2516174316406,375.28741025085253,367.02530263575875,369.37034938934204,1367400
2025-06-27,377.47412109375,378.0678110525253,368.97454993632147,369.97392753032113,1774400
2025-06-30,384.865478515625,385.80549011241413,375.010334126532,376.9991848753569,1728400
2025-07-01,391.59393310546875,396.31370951703656,383.6484643182631,385.0238163986306,1703300
2025-07-02,346.56298828125,370.6368579495642,345.9396153338716,363.33457109887286,4805800
2025-07-03,344.1783752441406,353.4794178518288,343.55500225873027,351.27291180697773,2006200
2025-07-07,343.2284851074219,346.8103734338715,340.10174602009363,344.3366903138011,2255800
2025-07-08,345.78131103515625,346.98846959943916,341.26931546289535,342.11037375868966,1619500
2025-07-09,342.71392822265625,344.33667878934835,339.0232124566835,343.34720557443643,1822100
2025-07-10,342.21917724609375,344.8314009180157,335.81731480288823,338.9935152344218,2218500
2025-07-11,337.0838623046875,340.715212189288,334.0560464065453,340.0720606218904,1698100
2025-07-14,336.49017333984375,336.6880498708509,331.6417604834278,334.19458816660676,1652700
2025-07-15,332.6707763671875,340.07204677943025,332.1463567786462,335.85688128143636,1739400
2025-07-16,340.9229736328125,342.71391768100875,332.66089669949474,334.04615311849665,2488100
2025-07-17,299.2662048339844,330.4840746580306,293.26999918852994,330.4840746580306,7408700
2025-07-18,274.17315673828125,290.222415086663,273.50032213240644,287.25399514698444,8394400
2025-07-21,273.5398864746094,278.1706139432575,271.5114482355909,275.41987957208687,3583400
2025-07-22,278.75439453125,280.4760682575451,273.08470215502433,273.08470215502433,3505400
2025-07-23,293.4777526855469,293.5173400679146,278.8236572326371,280.61460128163026,3249800
2025-07-24,277.47796630859375,292.56743283045165,276.81503616478915,286.9472322189369,3569400
2025-07-25,286.0567321777344,291.22178392326583,280.02093911167987,280.6739951020722,4807800
2025-07-28,282.9695739746094,288.43145550316814,280.5156694173179,285.74008702612593,2470400
2025-07-29,285.69061279296875,292.09250571431613,278.2893422597043,281.5051302147054,2661200
2025-07-30,290.4598388671875,291.49880382025077,283.20701377022147,287.8773283708995,2132900
2025-07-31,280.1000671386719,289.9156548132728,279.67460089920417,287.0857758851001,3261000
2025-08-01,271.76873779296875,285.05735684707753,270.9573624470408,282.9893612919649,3382600
2025-08-04,272.035888671875,277.50767484419873,271.15527313194843,271.51146902774013,3387400
2025-08-05,273.5002746582031,279.77353075158516,271.3926920354531,271.42237502184435,2012700
2025-08-06,273.3914489746094,277.8440786334553,270.82871686118847,273.1045234712839,2487000
2025-08-07,280.4958801269531,281.554593526356,275.27146271736177,275.98388464577545,2237000
2025-08-08,290.89520263671875,292.0726781046933,280.73332422437124,280.73332422437124,2405100
2025-08-11,287.7289123535156,296.29775365292795,286.91753710475797,291.88468156119234,1650200
2025-08-12,289.4011535644531,290.3114520650616,286.67019766997197,288.104945993395,1522800
2025-08-13,291.3305969238281,295.7634478810657,288.50071796994854,290.9941796479609,2471500
2025-08-14,292.320068359375,293.79440400188315,287.4122896058429,291.04366963722816,2153000
2025-08-15,306.3112487792969,308.7156615887831,300.89882876089683,307.7261883144601,3415600
2025-08-18,306.0638732910156,313.25733295615555,305.97482432197194,309.70512760810743,2509200
2025-08-19,308.71563720703125,312.66362559695085,305.28216400844616,307.0038377069689,2644200
2025-08-20,306.7366943359375,313.4849088584463,306.57837499917275,309.31920491336814,2135300
2025-08-21,306.3409118652344,310.3284876938111,305.3613128538008,306.73669510998207,1593100
2025-08-22,313.21771240234375,315.8596189895127,309.25981981689597,309.3686775650843,2961400
2025-08-25,310.6946105957031,313.7223964233817,309.3390370305675,312.9802914617678,1239000
2025-08-26,306.7663879394531,310.5362785749073,304.3619752090599,309.1411176804462,1843700
2025-08-27,306.5487060546875,309.2301701149825,303.619873681176,306.22219316762573,1462900
2025-08-28,307.1423645019531,307.9042479577362,302.1257283780161,307.8745649710517,1193700
2025-08-29,315.295654296875,316.7304026298779,307.1819915273147,307.4689170368528,3115300
2025-09-02,318.9368896484375,322.22194798525766,314.4051155881841,316.12678932779386,1950100
2025-09-03,318.2046813964844,320.54972803899096,314.1181522666402,316.2950053758122,1645600
2025-09-04,304.8072204589844,310.54618338677113,303.15481705294746,305.3514488604866,2826900
2025-09-05,310.3384094238281,311.9512254813566,300.958191998079,305.2525023459341,1862300
2025-09-08,304.9160461425781,314.7810945464157,303.47142381458616,312.29750730466316,2006100
2025-09-09,311.7731018066406,313.5442672603106,306.0440436184478,307.2808850979862,1926800
2025-09-10,305.1770935058594,311.2060175208039,303.06796898064374,308.6293017764249,1723600
2025-09-11,313.275390625,315.97148637966484,309.5446190533598,312.3998980384129,3594500
2025-09-12,310.16143798828125,317.6030643214851,309.7435782094776,315.7924195762615,1503300
2025-09-15,305.3363037109375,311.8527060379815,304.430966148667,310.20121414691516,2001800
2025-09-16,308.4104309082031,309.73359778515334,302.76949128077456,306.1122781906457,2068100
2025-09-17,306.89825439453125,314.1707693402732,305.6049020346422,309.9027581665038,1621200
2025-09-18,314.1508483886719,314.8771161742976,306.38089733471196,307.6444047201307,2309800
2025-09-19,312.1014099121094,316.5783356806838,311.79300189916194,315.1954788421607,3117400
2025-09-22,316.260009765625,317.3344586257731,309.4053241838524,310.38031009037513,1456200
2025-09-23,322.0700378417969,323.24397993194793,315.64314057992976,315.64314057992976,2118400
2025-09-24,324.7064514160156,327.3627436616436,318.2099360055887,322.94550787679486,2096500
2025-09-25,315.07611083984375,326.35796055680856,313.9021382975837,324.32841229776443,1860700
2025-09-26,316.9762878417969,318.52831675253015,314.6582484571145,317.7125140797196,1482000
2025-09-29,318.0507507324219,319.980805561162,314.3896276935913,316.6778220025866,1139300
2025-09-30,321.4631652832031,323.55240339706654,315.59342419080315,317.57321055281034,1854800
2025-10-01,330.9542541503906,331.06367554037774,321.4034730981084,322.3685005344961,2128400
2025-10-02,338.495361328125,339.6394888285581,327.2135124331444,327.31300574115096,2181800
2025-10-03,348.7027587890625,355.16942906617777,339.34100632916886,339.5300345046183,2683000
2025-10-06,348.1456604003906,353.408544053436,347.27016780467454,352.0953051598618,1725300
2025-10-07,355.65692138671875,357.36810311389274,350.54329308412065,352.09529158538356,1782100
2025-10-08,360.4820556640625,362.9592781825335,355.6668769729904,356.2737345533806,1833900
2025-10-09,356.29364013671875,362.99907007096067,356.27372325858613,362.0340426754637,1291600
2025-10-10,351.4287109375,359.78566324552963,350.22492385489545,358.3828895418403,1769000
2025-10-13,349.6180725097656,353.4682238437662,348.68289002396074,349.3494375304006,1173300
2025-10-14,348.6828918457031,349.62800241491016,342.60420565621257,343.3503599608427,1638300
2025-10-15,347.69793701171875,349.47876706606536,340.97262039474873,345.42962920862794,1764700
2025-10-16,346.3946533203125,349.7473683380198,345.2107527751566,345.9469789719942,1162200
2025-10-17,346.98162841796875,349.40911944968644,344.15619450718657,346.75282720208185,1440100
2025-10-20,352.2544860839844,353.9656678659189,345.8375468114559,346.98164402564015,1946900
2025-10-21,347.95660400390625,352.761824089882,335.28193999533994,342.9325107867437,4061800
2025-10-22,343.43988037109375,346.4742592987969,336.1773242563068,345.2008238869656,3056900
2025-10-23,344.5044250488281,346.89211281694554,333.3817585292555,336.9235019635341,2493900
2025-10-24,340.5945739746094,347.2403143543343,338.2964211476054,345.2306830259302,1318300
2025-10-27,340.73382568359375,340.97261569611493,336.34643492206845,339.27136209641867,1137700
2025-10-28,337.6596984863281,345.47941161596725,335.76944693137835,340.7338506682349,1368700
2025-10-29,334.63525390625,340.4751801884232,332.81465083833433,339.4703493848589,1572900
2025-10-30,320.2991638183594,333.6602921334385,320.14990867764,331.2924910930762,1709900
2025-10-31,315.57354736328125,319.1252188687064,312.41978839707275,318.3591780265749,1613900
2025-11-03,311.5840759277344,316.86684571468663,307.2464166633056,316.2898331064898,1530000
2025-11-04,314.9964904785156,317.2051083932518,308.41044013091465,308.86807292806657,1548700
2025-11-05,316.4490051269531,317.3841876280764,310.52953246084354,313.4743463148612,1299800
2025-11-06,312.8276672363281,321.4432655153052,312.8276672363281,316.5385520682806,1259200
2025-11-07,316.1505432128906,316.20027468737544,309.1167882105085,311.8726041299466,1151500
2025-11-10,302.2223205566406,311.8526775952926,299.26754846965713,307.9527949946922,1964900
2025-11-11,313.6335144042969,315.7227524519292,302.04325737481867,305.1870577049624,1449600
2025-11-12,325.9500427246094,330.86471471080915,312.38992732712484,313.3251097932338,2020700
2025-11-13,326.5967102050781,330.95425617415333,319.89127994570634,323.94038753862264,1759600
2025-11-14,324.1592712402344,330.08873279641784,318.7571212197952,327.98953617660567,1392800
2025-11-17,329.2132263183594,334.75467281900774,322.726669263581,323.82100460403717,1995800
2025-11-18,322.8659362792969,327.8104532837875,321.3537411728988,327.80049484431316,1416100
2025-11-19,314.7477722167969,322.746554709368,314.19064610896567,322.5077950520391,1497700
2025-11-20,312.3799743652344,317.41402626753165,310.2808081799043,315.95156262881073,1120600
2025-11-21,320.0802917480469,322.6868524444423,312.4694939899327,313.9220294793441,1173700
2025-11-24,327.9099426269531,334.61537275478514,322.1297365261593,329.3624478011191,2549200
2025-11-25,334.54571533203125,337.26172778667916,328.40736991405606,329.839988531772,1389500
2025-11-26,336.7841796875,340.1369250371536,330.5065375376437,334.43629549603384,1691000
2025-11-28,336.5255432128906,338.1869630963287,333.8493340640011,336.81403434502084,570800
2025-12-01,327.9895324707031,337.54031378458325,327.69108288883996,335.0730192504927,1583900
2025-12-02,329.2231750488281,329.9991742759356,324.52737629063796,327.86017441098875,1034800
2025-12-03,329.0540466308594,333.2524093775246,327.9397943995144,330.32748208969593,1691800
2025-12-04,331.7799987792969,334.724843048189,326.6265668503816,329.0440995818372,2357300
2025-12-05,330.75,333.94000244140625,328.010009765625,333.29998779296875,1324200
2025-12-08,330.6099853515625,332.07000732421875,323.0400085449219,332.0199890136719,1765500
2025-12-09,329.80999755859375,335.7900085449219,327.2099914550781,331.54998779296875,1296200
2025-12-10,341.0400085449219,341.0899963378906,325.2900085449219,328.8500061035156,1318000
2025-12-11,360.2200012207031,362.260009765625,341.54998779296875,343.2699890136719,2990500
2025-12-12,359.07000732421875,363.4200134277344,357.8800048828125,360.42999267578125,2090600
2025-12-15,360.6700134277344,363.5,354.82000732421875,359.0,1314900
2025-12-16,351.8999938964844,361.54998779296875,348.5899963378906,360.4100036621094,1206100
2025-12-17,345.9599914550781,351.0,343.0,349.57000732421875,1586400
2025-12-18,344.6000061035156,346.3800048828125,337.5400085449219,342.0799865722656,1860400
2025-12-19,340.69000244140625,346.6099853515625,337.6099853515625,337.6499938964844,4158300
2025-12-22,344.2699890136719,346.0,339.0,340.69000244140625,1354700
2025-12-23,343.2200012207031,345.3299865722656,341.7200012207031,342.7300109863281,806400
2025-12-24,343.29998779296875,346.8599853515625,342.5400085449219,344.3999938964844,458300
2025-12-26,349.8800048828125,350.0,342.989990234375,342.989990234375,624800
2025-12-29,348.3800048828125,350.4700012207031,347.29998779296875,348.3500061035156,1634900
2025-12-30,348.79998779296875,351.4200134277344,346.92999267578125,348.260009765625,787400
2025-12-31,350.54998779296875,351.739990234375,349.0299987792969,349.17999267578125,855500
