Date,Close,High,Low,Open,Volume
2019-01-02,27.309906005859375,27.475726114168506,27.10803577598197,27.230600138790198,2381700
2019-01-03,27.27386474609375,27.60550503702641,27.27386474609375,27.47573227096776,2756700
2019-01-04,27.843414306640625,27.908300676538907,27.475726710709164,27.475726710709164,2960400
2019-01-07,27.98040008544922,28.11017283412496,27.663176588580342,27.82178833701478,3403400
2019-01-08,28.1606388092041,28.18226668321319,27.648756205669844,27.648756205669844,3114600
2019-01-09,28.261577606201172,28.427397753797905,28.20389959821685,28.412978251801825,2241800
2019-01-10,28.376924514770508,28.427391385331518,28.045284293872975,28.110170663199725,2972500
2019-01-11,28.391345977783203,28.528327100177485,28.18947573133466,28.239942605387203,3552700
2019-01-14,27.836206436157227,27.951559679148964,27.67038632124649,27.92272068084147,5207100
2019-01-15,28.153427124023438,28.189474496733883,27.749692149285266,27.771320022863886,3528700
2019-01-16,27.692018508911133,27.872258151054588,27.62713212772994,27.69922688449185,3627300
2019-01-17,28.102964401245117,28.160642406287888,27.756904621704454,27.79295199973686,3817900
2019-01-18,28.1606388092041,28.275992054316408,28.05970231327232,28.15342768437554,5922500
2019-01-22,28.09575653076172,28.16064291248186,27.879466758202124,27.901097385601307,2807700
2019-01-23,28.1678466796875,28.477859036048354,28.002026564696063,28.384133666622496,2735400
2019-01-24,27.663171768188477,27.836202986351044,27.576657534226143,27.81457511541994,4394600
2019-01-25,27.699216842651367,27.800153315859536,27.583863623508286,27.655961104371265,2850000
2019-01-28,27.713640213012695,27.7496903336026,27.511772738851946,27.576659105580482,2520900
2019-01-29,27.91551971435547,28.06692037028981,27.85063332606375,27.92272809072611,2263800
2019-01-30,27.90829849243164,28.247149814297252,27.72085052197198,28.211102445005544,5768300
2019-01-31,28.261577606201172,28.297624986071977,27.84342029903122,27.929937311007702,4001700
2019-02-01,28.261577606201172,28.376930871931023,28.13180483847524,28.17506334446348,2313900
2019-02-04,28.218303680419922,28.24714266865312,28.074111489491226,28.225514802596866,2166300
2019-02-05,28.44181251525879,28.679727382942705,28.420181890750552,28.46344038952869,3197300
2019-02-06,29.328590393066406,29.386265639782327,28.73019355073893,28.78066042295471,5727700
2019-02-07,29.24929428100586,29.689079528676007,29.191619015047365,29.616984758668092,3674200
2019-02-08,29.62418556213379,29.710699814073703,29.357431681013267,29.41510693222705,3130100
2019-02-11,29.004159927368164,29.148352176433477,28.92485405287032,29.076257427020018,5360900
2019-02-12,29.220439910888672,29.278117896763387,29.004152964333965,29.025780833918112,3235400
2019-02-13,29.105093002319336,29.22044624885134,28.888806008851624,28.910433883126895,3065400
2019-02-14,29.45836639404297,29.537672273507,29.22044875565088,29.263707258150873,2940800
2019-02-15,29.732324600219727,29.782791466459372,29.58813237514733,29.710693978804205,3213900
2019-02-19,29.768369674682617,29.869303399382957,29.717902812332447,29.717902812332447,2676300
2019-02-20,29.818843841552734,29.99908346559477,29.66744321741464,29.689071092223394,2600400
2019-02-21,29.65570831298828,29.78006489903003,29.575240973541646,29.6483915782113,2457800
2019-02-22,29.663026809692383,29.743494161488503,29.37042155559037,29.40699686353848,2279800
2019-02-25,29.619140625,29.787389291406114,29.575248576604633,29.721552614071772,2203200
2019-02-26,29.62645149230957,29.77275551457255,29.50209488722217,29.575245503095097,1766100
2019-02-27,29.59718894958496,29.758123646708786,29.509407655934247,29.524038336628866,3308600
2019-02-28,29.5240478515625,29.75081649911901,29.450894424513695,29.480155795333218,3600700
2019-03-01,29.545988082885742,29.684978178313845,29.502098823712654,29.560618766115937,2323800
2019-03-04,29.465518951416016,29.619139720851692,29.341162337201354,29.619139720851692,2081900
2019-03-05,29.5240478515625,29.655721229732436,29.348482417163282,29.407005158802324,1990600
2019-03-06,29.399681091308594,29.6483971002322,29.297269109490145,29.6483971002322,1517300
2019-03-07,29.348474502563477,29.46551716375997,29.194856532965044,29.385049810965413,3026600
2019-03-08,29.348474502563477,29.385049810965413,29.129019861634692,29.370421920018366,1678100
2019-03-11,29.319217681884766,29.443574295984707,29.194858277267496,29.355792992471965,1759600
2019-03-12,29.29726791381836,29.392365946133182,29.12901926619497,29.12901926619497,1298100
2019-03-13,29.5167236328125,29.53867105062369,29.36310566072017,29.44357301482107,1164900
2019-03-14,29.575244903564453,29.684973615666618,29.516722179638748,29.604506265527306,1574700
2019-03-15,29.721553802490234,29.728867748923204,29.509413079206293,29.63376970218945,2115800
2019-03-18,29.619140625,29.750811189151268,29.48015053367338,29.721552614071772,1365000
2019-03-19,29.589874267578125,29.79469821116778,29.545982226587366,29.6849722944663,2210600
2019-03-20,29.853221893310547,29.977578494344684,29.670342569071853,29.816643796049185,2035000
2019-03-21,30.167774200439453,30.336022841903816,30.09462079729169,30.13851283918035,2568600
2019-03-22,30.17508316040039,30.445743731039958,30.17508316040039,30.32138715200867,2510400
2019-03-25,30.145828247070312,30.284818324537092,30.087308312229403,30.18240355516052,2105900
2019-03-26,30.431106567382812,30.628616495383405,30.36526992471595,30.613985820289,2450200
2019-03-27,30.526226043701172,30.687160792484875,30.379921980308527,30.59937947065645,3156700
2019-03-28,30.62862777709961,30.83345451335104,30.59205247114945,30.723725804983594,3448600
2019-03-29,30.570106506347656,30.709093779075744,30.460377802787637,30.672518474728022,2364300
2019-04-01,30.58474349975586,30.774936795935464,30.504276139269994,30.774936795935464,2336200
2019-04-02,30.635942459106445,30.87002775011734,30.621311779603666,30.78224646361745,3132900
2019-04-03,30.54816246032715,30.7164139018126,30.453067216638868,30.54084851485773,2817700
2019-04-04,30.49695587158203,30.621315266257273,30.379913212749685,30.5993706397628,2198600
2019-04-05,30.431106567382812,30.63593322818858,30.38721733261553,30.592041202905357,1954300
2019-04-08,30.482318878173828,30.613992190908117,30.40185433418423,30.613992190908117,2044900
2019-04-09,30.350650787353516,30.467693431325138,30.299442014506482,30.423801393392,1810200
2019-04-10,30.18971824645996,30.40185892573972,30.167773621195487,30.336022259429345,1916000
2019-04-11,29.948322296142578,30.218985751853285,29.882485616445045,30.204355068529665,2750800
2019-04-12,29.699602127075195,29.919059555867825,29.63376545654083,29.743494170937147,2756700
2019-04-15,29.823959350585938,30.006838667582034,29.809328670364216,29.89710996117761,2170500
2019-04-16,29.458200454711914,30.065358330672563,29.458200454711914,30.065358330672563,2585500
2019-04-17,29.24605941772461,29.69959933289324,29.202167377992087,29.684971443499258,3807300
2019-04-18,29.150962829589844,29.275322219699724,29.041236910628538,29.216799497173426,2670100
2019-04-22,29.02660369873047,29.194852325545938,28.98271166066335,29.107071039928467,1650100
2019-04-23,29.4216251373291,29.54598173228034,29.341157792117407,29.370419152288367,3824800
2019-04-24,29.209491729736328,29.39968503713746,29.1217104178987,29.36310972308158,2864200
2019-04-25,29.4216251373291,29.43625581741458,29.18022310169402,29.282635071775484,2036300
2019-04-26,29.553298950195312,29.560612895099045,29.348472216170602,29.50209296431837,1931100
2019-04-29,29.589874267578125,29.72154760003346,29.509406921020204,29.692286239372955,2065700
2019-04-30,30.087312698364258,30.10925732831405,29.699606562640188,29.84591060684639,5134100
2019-05-01,29.56061363220215,29.94831690365705,29.282636280140913,29.882480235814047,4365500
2019-05-02,29.59718894958496,29.65571167236345,29.465515613850382,29.58255826889034,2390000
2019-05-03,29.80933380126953,29.91906252656092,29.692291129866838,29.911745789932215,2170100
2019-05-06,29.648391723632812,29.70691444006894,29.450881741435957,29.46551242054499,2023000
2019-05-07,28.960777282714844,29.42894802566116,28.843734596978265,29.363111340526977,3161800
2019-05-08,29.070499420166016,29.150963981042494,28.96808465169965,29.019290640674278,2034000
2019-05-09,29.011974334716797,29.070497054792913,28.792519715465126,28.821781075503182,1680000
2019-05-10,28.9168758392334,28.94613719879523,28.62427061516557,28.836408495696773,2573500
2019-05-13,28.77788543701172,28.85835277179617,28.580375467227125,28.62426750179588,2329000
2019-05-14,28.682788848876953,28.93882154413851,28.64621354684435,28.814462168607655,2328900
2019-05-15,28.953453063964844,29.011972990813295,28.77788770238598,28.858355043504762,2248400
2019-05-16,29.142349243164062,29.364583165512588,29.112717299955555,29.19420373085013,2584400
2019-05-17,29.231243133544922,29.3942160002772,29.090495637821956,29.090495637821956,1924400
2019-05-20,29.17939567565918,29.28310467916772,29.083093247033357,29.097909222657208,1713400
2019-05-21,29.17939567565918,29.275698104285002,29.120134599022187,29.14976372441148,2231500
2019-05-22,29.7794246673584,29.786831240921764,29.09790403935478,29.112720012339413,2783400
2019-05-23,29.623865127563477,29.6534942516133,29.4979307533832,29.579417202701332,1858700
2019-05-24,29.764604568481445,29.868313539140104,29.690527539684545,29.742382025013875,1701900
2019-05-28,29.023826599121094,29.59422883478479,29.009010626341244,29.416439987284498,2790300
2019-05-29,28.80159568786621,28.905304682373135,28.712699841838994,28.80159568786621,2092300
2019-05-30,28.697891235351562,28.875677303827732,28.601588799842787,28.853454751732862,2171700
2019-05-31,28.623807907104492,28.71270093064443,28.468244409445035,28.579362808263657,2025300
2019-06-03,28.92012596130371,29.090505458653343,28.81641694777425,28.986796445123886,2122300
2019-06-04,28.809003829956055,28.905306255464115,28.668256304873744,28.890490280319927,2009400
2019-06-05,28.646032333374023,28.90530767231876,28.623809782497617,28.853453169701503,2087100
2019-06-06,28.87567710876465,29.1275430589533,28.860861132181952,28.95716356704018,2805900
2019-06-07,29.483110427856445,29.73497631319301,29.483110427856445,29.57200343860527,3377300
2019-06-10,29.720163345336914,29.734979319602694,29.542377305863877,29.683124822601545,2370600
2019-06-11,29.572011947631836,29.80906475426786,29.527566842397757,29.772023398761227,1529600
2019-06-12,29.853506088256836,29.94980851386306,29.80906098863728,29.838690113097545,2997900
2019-06-13,29.727567672729492,29.838683221975007,29.668303785779084,29.786828733822233,1705600
2019-06-14,29.720163345336914,29.742388719664657,29.572006428537286,29.594231802865025,1836600
2019-06-17,29.57942008972168,29.646090570592953,29.512749608850402,29.520156184121188,1367000
2019-06-18,29.79423713684082,29.89794610968022,29.668302794208998,29.89794610968022,1764500
2019-06-19,30.372055053710938,30.379461628639017,29.92017768492082,29.942400235563472,2525400
2019-06-20,29.93499183654785,30.4387236767149,29.93499183654785,30.37205320299108,3952700
2019-06-21,29.831287384033203,29.87573531524091,29.46089643487837,29.60905337971204,3336000
2019-06-24,30.068330764770508,30.142407807996477,29.89795130466433,29.912767278481134,1981800
2019-06-25,30.097970962524414,30.349836934732693,30.075745582778,30.290573023220706,1406800
2019-06-26,29.727567672729492,29.957208170018156,29.727567672729492,29.934985625340587,1452200
2019-06-27,29.601640701293945,29.727575079511944,29.527563650006915,29.542379625435995,1600500
2019-06-28,29.64609146118164,29.772023025577923,29.61645950749123,29.697945967210536,1970300
2019-07-01,29.949813842773438,29.994261776159842,29.742395805354537,29.964629820568906,2331100
2019-07-02,30.312789916992188,30.32019931747709,29.949808417264432,29.964624392375935,1859700
2019-07-03,30.61651611328125,30.660961217033044,30.520213678721394,30.57947475900998,1500300
2019-07-05,30.26093101501465,30.39427194576295,30.149815456629668,30.386865372213776,2112700
2019-07-08,30.0164794921875,30.19426554536181,30.0164794921875,30.142411044364437,2503700
2019-07-09,30.186853408813477,30.335010309733825,30.1275895181022,30.157221463457837,3444500
2019-07-10,30.45354461669922,30.483176571153972,30.364651579193673,30.379464730562336,1458000
2019-07-11,30.320209503173828,30.69060052781474,30.105382030675877,30.66837797061125,4163100
2019-07-12,29.942398071289062,30.246121312696758,29.801650550961625,30.231305338053097,4314000
2019-07-15,30.2979736328125,30.49798221147717,30.201671217481277,30.379457248707208,2753800
2019-07-16,30.505390167236328,30.735033508045944,30.438719702217917,30.735033508045944,2887500
2019-07-17,30.47576141357422,30.601695783292005,30.431316316145264,30.564654434290304,1759000
2019-07-18,30.675765991210938,30.683172563845268,30.372045647767564,30.46093864866726,1734100
2019-07-19,30.342418670654297,30.47575960675211,30.32760269710365,30.4387210858045,1733000
2019-07-22,30.468355178833008,30.609102698690176,30.468355178833008,30.609102698690176,1909300
2019-07-23,30.609098434448242,30.735032788025183,30.56465051685794,30.683175471240926,2493900
2019-07-24,30.69058609008789,30.846149569049356,30.57946770462517,30.78688850243172,2794600
2019-07-25,30.772066116333008,30.986893442999456,30.757250146301804,30.96466807502398,3152600
2019-07-26,31.046173095703125,31.05357967222702,30.801716508388107,30.86838417468027,2748500
2019-07-29,31.24617576599121,31.461003160806424,31.23135979126,31.4091486621763,2940400
2019-07-30,30.979490280151367,31.21654019664587,30.93504236111193,31.12023778498938,2378500
2019-07-31,30.5794677734375,30.883188158413404,30.416497720478826,30.51279730718143,2647700
2019-08-01,30.72763442993164,30.80171431920064,30.409097970722026,30.409097970722026,2282700
2019-08-02,30.409086227416992,30.705400018345603,30.283154703079862,30.62391358454735,2320000
2019-08-05,29.897953033447266,30.15722552558808,29.705348188549895,30.06833250340526,2421200
2019-08-06,29.86091423034668,30.060925647780603,29.69794133632092,29.846098255811775,2514400
2019-08-07,30.00906753540039,30.090553980271967,29.64608605933734,29.84609747151536,3136500
2019-08-08,30.34927749633789,30.461683371245865,30.049530402316716,30.124468605122082,1681600
2019-08-09,30.32680320739746,30.491661567586107,30.191917275406315,30.46918153178781,1539700
2019-08-12,30.154449462890625,30.34928310901606,30.05703121052757,30.266852499985834,1350200
2019-08-13,30.461692810058594,30.61156354490775,30.29683157140329,30.41672987444323,5184300
2019-08-14,29.73480796813965,30.131970564020108,29.73480796813965,30.019567512020515,2540500
2019-08-15,29.944625854492188,30.019564072506867,29.77976749206134,29.884678138681167,1987100
2019-08-16,30.116981506347656,30.266855093919762,30.08700907571397,30.13196915096496,1367100
2019-08-19,30.25186538696289,30.326803604940693,30.139462347897275,30.21439770727435,1718800
2019-08-20,30.16943359375,30.379257737261348,30.16194120154631,30.31930716522936,1528600
2019-08-21,30.491653442382812,30.634034587433113,30.4092257135536,30.47666580297752,1932600
2019-08-22,30.708974838256836,30.791405438872083,30.574088920631958,30.589076562434766,2200000
2019-08-23,30.866352081298828,31.271009982211766,30.77642905618532,31.03870573718365,3375500
2019-08-26,30.941282272338867,30.99373759489904,30.753941017880923,30.911306985561435,1802600
2019-08-27,30.91879653930664,31.09864538485868,30.911304147600497,31.06117770912713,1583700
2019-08-28,30.956262588500977,31.05367795956878,30.836364328371367,30.91879205959797,1754100
2019-08-29,31.263505935668945,31.29347836046816,31.158595302370784,31.27849357736873,2629600
2019-08-30,31.158594131469727,31.390895422585952,31.038693002377148,31.330947716639923,2086900
2019-09-03,31.78805923461914,31.803046876381384,31.29347849086666,31.330949024572455,3468700
2019-09-04,31.758087158203125,31.840517759499846,31.675656556906404,31.788059583456146,1994400
2019-09-05,31.54826545715332,31.675658994031842,31.40588713579556,31.630696064792254,2200900
2019-09-06,31.540771484375,31.623202087883254,31.503303807853197,31.52578384204618,1319000
2019-09-09,31.08366584777832,31.203564156542512,30.85885687617061,31.18108411696209,2189100
2019-09-10,30.641536712646484,30.656524356813346,30.13196824537648,30.17693117787707,2949100
2019-09-11,30.589067459106445,30.60405509644892,30.21438510134316,30.236865128057108,2793100
2019-09-12,30.74644660949707,30.858852508692614,30.55161295730566,30.56660060110512,1709300
2019-09-13,30.641536712646484,30.798902688497297,30.559106099029155,30.61905667569661,1899400
2019-09-16,30.42421531677246,30.574088875981268,30.30431704112549,30.506645917267324,1680500
2019-09-17,30.798904418945312,30.87384264399006,30.626550789243886,30.679006117474714,1322600
2019-09-18,30.768936157226562,30.888834474945362,30.656530233727086,30.73896086314652,1189400
2019-09-19,30.963756561279297,31.136110140359875,30.8663383266337,30.941276529668833,2023600
2019-09-20,31.19606590270996,31.360924259666394,31.008724651795344,31.271001259635554,2911800
2019-09-23,31.41337776184082,31.503303615263984,31.360922443310876,31.473328330789595,3346300
2019-09-24,31.52579689025879,31.80306124159766,31.47334154969743,31.570759835854957,2541800
2019-09-25,31.031198501586914,31.226032105916918,31.031198501586914,31.173576794804994,2071900
2019-09-26,31.503311157226562,31.952929097580046,31.495815905013355,31.645689504664897,2956800
2019-09-27,31.728113174438477,31.86299909870557,31.58573485820122,31.76558085149033,2372000
2019-09-30,31.9829044342041,32.38756229625194,31.97540918198035,32.19272575885062,3684400
2019-10-01,31.705646514892578,31.87050493518604,31.578252928854912,31.848024891191873,1818200
2019-10-02,30.866352081298828,31.143619268184413,30.5965830059583,31.008733301213432,2956200
2019-10-03,31.061176300048828,31.091151582714424,30.701481483862583,30.83636739725746,2015200
2019-10-04,31.465839385986328,31.503307066383584,31.158599832967585,31.21854754988304,1621600
2019-10-07,31.623210906982422,31.758096866958372,31.50331259351505,31.540780280485865,1447400
2019-10-08,31.383405685424805,31.578239319476886,31.32345511580847,31.518291608461052,1933200
2019-10-09,31.533279418945312,31.608214772764654,31.40588588713182,31.480821240951162,1581700
2019-10-10,31.660673141479492,31.72811610985271,31.510799560805584,31.548267241323863,2648400
2019-10-11,31.60821533203125,31.870491933640103,31.54826476103462,31.585735297207798,2981100
2019-10-14,31.600723266601562,31.90796568602744,31.593230873772054,31.77307974628954,1419500
2019-10-15,31.675661087036133,31.713128767911197,31.30847095381856,31.345941493294436,2319400
2019-10-16,31.68314552307129,31.855499098693475,31.3759060432926,31.810539036374703,2667600
2019-10-17,31.825538635253906,31.99039702336909,31.795563343377992,31.94543694415639,1624600
2019-10-18,31.870487213134766,31.95291780674562,31.750588947500827,31.862994822170204,1428100
2019-10-21,31.92293930053711,31.990382246804998,31.81053629582386,31.92293930053711,1931000
2019-10-22,31.86299705505371,32.290134834969926,31.848009413474156,32.11028599461557,2813600
2019-10-23,32.425018310546875,32.4549935914503,32.19271417144552,32.29762479600738,3328200
2019-10-24,32.98705291748047,33.04700064059346,32.829686928382664,32.852166967224896,3583900
2019-10-25,32.83717346191406,32.94208410259102,32.604869287128984,32.79221053365227,2956800
2019-10-28,33.27180862426758,33.504109955102216,33.22684569317019,33.234338085719386,3858200
2019-10-29,33.414180755615234,33.57154669737507,33.08446123117556,33.21185189109536,3174200
2019-10-30,34.201011657714844,34.350885201017206,33.64648326367622,33.92374746069553,6107700
2019-10-31,34.3209114074707,34.478277348385475,34.223493171313855,34.33589904831023,4147900
2019-11-01,33.92375564575195,34.21600755347547,33.90876800194552,34.19352751706621,2777200
2019-11-04,33.74390411376953,34.03615599841262,33.6839564018789,34.00618357176757,2794300
2019-11-05,33.17439270019531,33.50411230893841,33.12193737286348,33.42917694377891,3902900
2019-11-06,33.2418327331543,33.29428805584822,33.06198387063179,33.084466765072534,2311100
2019-11-07,33.12942886352539,33.24183476680375,33.05449350040706,33.23433951533139,1630900
2019-11-08,33.286800384521484,33.30928328408178,33.076979045967704,33.076979045967704,2020400
2019-11-11,33.166893005371094,33.18188064811539,32.96456697482454,32.994539401712565,1974200
2019-11-12,33.36172103881836,33.45164401387075,33.19685986905579,33.234327537110964,2159900
2019-11-13,33.46664047241211,33.496615758195695,33.32426215284098,33.45914808026651,1328300
2019-11-14,33.22343063354492,33.26131599225301,33.00371116037223,33.18554816508391,1808500
2019-11-15,33.405269622802734,33.42799852521369,32.8900599730098,32.90521353803277,2305400
2019-11-18,33.58711242675781,33.76894944231512,33.54165172774486,33.662877368198814,3209800
2019-11-19,33.71591567993164,33.86744846328419,33.55680755802281,33.81441242264792,2168800
2019-11-20,33.27647018432617,33.51134613800307,33.1628227669321,33.374966924932274,2537100
2019-11-21,33.35980987548828,33.41284590945193,33.140090402030495,33.3295056348284,2511500
2019-11-22,33.344669342041016,33.48862682498807,33.29921151816149,33.435590770296486,2151500
2019-11-25,33.70075988769531,33.78410305754939,33.61741671784123,33.70833811599873,2998800
2019-11-26,33.95079040527344,33.988672877173514,33.56438167724954,33.57195990577796,5265200
2019-11-27,34.43568801879883,34.49629938705326,34.246272796352464,34.2614263609778,6226500
2019-11-29,34.45842361450195,34.52661322343902,34.31446905796702,34.344776193105155,3491500
2019-12-02,34.04169845581055,34.35233925433561,33.91289462263132,34.2917250057227,2874700
2019-12-03,33.82956314086914,33.8447138167057,33.46588333535329,33.50376869568629,2641900
2019-12-04,34.14777374267578,34.17808086985964,33.715907296169306,33.72348263284191,3053900
2019-12-05,34.25385665893555,34.26901022733244,33.9810982082868,34.17051347787647,4666700
2019-12-06,34.48114776611328,34.5266084625519,34.29931076085298,34.39780749134645,2550100
2019-12-09,34.57207489013672,34.60237913587236,34.46600280444305,34.54934309302553,3592000
2019-12-10,34.96604537963867,34.98877427765702,34.72359416662149,34.85239510905405,2260900
2019-12-11,35.07212448120117,35.178196546959015,34.95089885029979,35.04181735091407,2106100
2019-12-12,34.79936599731445,35.0266636933741,34.685715704161126,34.77663709478259,2451300
2019-12-13,34.83724594116211,35.147886777663516,34.80693881315055,34.981200463846776,2397900
2019-12-16,35.519142150878906,35.80705119852345,35.44337433025127,35.71613270401711,3868300
2019-12-17,35.337303161621094,35.41307098415702,35.13273437614446,35.18577040679615,2132500
2019-12-18,35.519142150878906,35.54944638888313,35.27669090536411,35.27669090536411,2368200
2019-12-19,35.617637634277344,35.69340545841911,35.42822240929337,35.625215861815,1827000
2019-12-20,35.852516174316406,35.95858824562105,35.77675123488371,35.88282330618836,2710300
2019-12-23,35.49641036987305,35.632789556795565,35.40549187534031,35.534295725321286,2131200
2019-12-24,35.5342903137207,35.55701921133074,35.43579360699988,35.52671208768643,655400
2019-12-26,35.54186248779297,35.6024767296895,35.48125113614257,35.57974494385523,1157800
2019-12-27,35.82978820800781,36.04193235616776,35.807056413385496,36.0192034517927,2086400
2019-12-30,35.67068099975586,35.95859009661819,35.56460603274375,35.95101475838384,1594700
2019-12-31,35.60247802734375,35.64793582017688,35.43579174629897,35.43579174629897,2059400
2020-01-02,35.54944610595703,35.60248502509767,35.360030891265666,35.46610583930015,2462400
2020-01-03,35.2160758972168,35.44337357375466,35.06454314944263,35.087274940269154,2149100
2020-01-06,35.231231689453125,35.29184594849545,35.1706174304108,35.1706174304108,2034500
2020-01-07,35.011512756347656,35.09485592554984,34.882711778669545,34.98120562386555,1718900
2020-01-08,35.16303634643555,35.269108392177245,34.98119648927373,35.00392827782301,1766700
2020-01-09,35.344886779785156,35.40549815681141,35.23123647377083,35.344886779785156,2169400
2020-01-10,35.450950622558594,35.700977191366526,35.44337239578603,35.55702267540115,1933300
2020-01-13,35.57218551635742,35.632796895112776,35.3903455995965,35.481267003100676,1858000
2020-01-14,35.64037322998047,35.678255700970475,35.38276838090227,35.44337975643682,1767700
2020-01-15,36.072227478027344,36.20860663936269,35.958577213499126,35.97373077478598,2196700
2020-01-16,35.73129653930664,35.875251104509466,35.55703483714079,35.65553158714676,3086300
2020-01-17,36.28437805175781,36.534407522385635,36.21618845888175,36.48137149350946,3286700
2020-01-21,35.988895416259766,36.30711163051647,35.96616651245491,36.11012105363096,3622400
2020-01-22,36.20861053466797,36.246492996837326,36.06465313207919,36.238917660502096,2608500
2020-01-23,36.23133850097656,36.32983521227791,36.026769742233704,36.314681649751044,3319800
2020-01-24,35.784332275390625,36.55714691979953,35.784332275390625,36.541993351448646,6967900
2020-01-27,35.2160758972168,35.420644673174905,35.125157404651006,35.2009223334147,3583200
2020-01-28,35.45853042602539,35.473683991232846,35.14788956489017,35.17061846757784,2989600
2020-01-29,35.75402069091797,35.78432782384954,35.58733724028888,35.670680410727066,2207800
2020-01-30,35.59490203857422,35.6479380603766,35.481254659103286,35.564594914616734,2180900
2020-01-31,35.45853042602539,35.784324852368066,35.3676119250277,35.7615959496804,3258300
2020-02-03,35.405494689941406,35.69340665080427,35.39034112460683,35.52672032237097,2517700
2020-02-04,35.70098114013672,35.882821029584306,35.68582757516217,35.70098114013672,2584800
2020-02-05,34.14777374267578,35.125156917504846,34.06443058804353,34.85997389001615,9638500
2020-02-06,33.44314956665039,33.503763822168374,32.98855421125264,33.39011353819555,6782500
2020-02-07,33.2991943359375,33.42799529079976,33.261311872168996,33.32950146305099,4307800
2020-02-10,33.79925537109375,33.82956250268954,33.48861449785476,33.526496967225924,2296000
2020-02-11,33.65530014038086,33.69318550247483,33.49619202447658,33.66287836889859,3783800
2020-02-12,33.5113410949707,33.5113410949707,33.29919696889553,33.48103396546083,3180200
2020-02-13,33.1703987121582,33.359813968194274,32.9431009829644,33.034019496592435,2885100
2020-02-14,33.14008712768555,33.2006984932638,32.920364785689934,32.98097615126819,3229300
2020-02-18,32.996124267578125,33.10219630751272,32.81428731061778,32.821862646221824,5464100
2020-02-19,32.9506721496582,33.17796983013689,32.943093922502385,32.99612995160585,3540400
2020-02-20,32.85002899169922,33.003677988865206,32.65796847789445,32.79625228228275,4878600
2020-02-21,33.09587478637695,33.188063028144725,32.85003459064396,32.89613017683353,3832900
2020-02-24,32.2047119140625,32.69638938830674,32.173984453044035,32.419821724860434,4794100
2020-02-25,31.866682052612305,32.327629072371685,31.80522420834435,32.327629072371685,4105100
2020-02-26,32.1893424987793,32.55809832459376,32.0587398286681,32.10483540587396,3025400
2020-02-27,31.951190948486328,32.55810294677644,31.90509536473641,32.18166300601349,5460800
2020-02-28,31.136842727661133,31.152207917067127,30.261047445790933,30.798817352559894,11107700
2020-03-02,32.68870162963867,32.69638569198319,31.497926929405327,31.559387705717015,10632600
2020-03-03,31.7283935546875,32.66564971891843,31.528651927046955,32.50431960459985,8499400
2020-03-04,33.30329132080078,33.33402170580186,32.327626507208485,32.473591440047386,5179800
2020-03-05,32.71942901611328,32.93453585224805,32.389084700271546,32.396765831300286,5202800
2020-03-06,32.5580940246582,32.627235916030045,31.874359171431337,31.9895937033108,5125500
2020-03-09,31.282825469970703,32.16630230227174,31.175272023482894,31.497932362946326,7119200
2020-03-10,31.513288497924805,31.751444582816408,30.422383288788353,31.45951179014457,8875700
2020-03-11,30.62981605529785,31.090763139110457,30.407028041930452,30.852606999276706,8864100
2020-03-12,28.04852294921875,28.578611971473943,27.364787823144482,28.255948706108402,10242900
2020-03-13,29.07796287536621,29.07796287536621,26.79628578703503,28.286674434851616,8672200
2020-03-16,25.86671257019043,27.21113637356277,25.59782898176049,25.851350305661278,9431100
2020-03-17,28.309722900390625,28.424960398575323,26.396801530926137,26.588862074159753,6324800
2020-03-18,26.335336685180664,27.180404703327632,25.60550907804079,25.897438948652393,7556000
2020-03-19,25.859027862548828,26.873107156718515,25.213704408930763,25.574779118279835,9060300
2020-03-20,25.61319351196289,26.72714522053177,25.54405160093141,26.358389338567616,7013400
2020-03-23,24.46851348876953,25.44417993427537,24.145851717686426,25.14456595587879,7672900
2020-03-24,26.12023162841797,26.174008341439354,25.259801289464708,25.774522094272577,7154600
2020-03-25,27.21112632751465,27.54915463458604,26.18936613809216,26.44288443778547,7050900
2020-03-26,28.617013931274414,28.724567340239226,27.211129692521403,27.211129692521403,5785900
2020-03-27,27.994741439819336,28.54787669694211,27.18040667862311,27.395513531677047,6089700
2020-03-30,28.885900497436523,28.916630883410463,28.21753072086337,28.294356685798213,5506600
2020-03-31,29.108694076538086,29.5158614709959,28.686161487680387,28.77066859157416,5203200
2020-04-01,28.593975067138672,29.00882361982689,28.455691239372143,28.471056434747467,3653900
2020-04-02,28.96272850036621,29.04723560243552,28.171437124217196,28.448004756221813,3544800
2020-04-03,28.53251075744629,28.716890148539324,28.2175316177294,28.42495733372994,4358400
2020-04-06,29.124061584472656,29.23161502320442,28.70921009455466,28.739940485795564,4134800
2020-04-07,28.83212661743164,29.500499390222775,28.832126617431644,29.500499390222775,4121400
2020-04-08,29.254663467407227,29.446724011398256,28.778351208269314,29.024188470128927,2754100
2020-04-09,29.86925506591797,30.145822703754153,29.67719453193297,30.092043058076072,7976700
2020-04-13,29.915353775024414,30.107414347893215,29.72329320215561,29.88462631063035,2411600
2020-04-14,31.02161979675293,31.060031319318362,30.238012427850613,30.337884731009787,5908400
2020-04-15,30.59140396118164,30.952478730517882,30.31483630216762,30.499215718380768,3286400
2020-04-16,32.112518310546875,32.18934427680022,31.359641424929862,31.44414852250306,5748100
2020-04-17,32.3199462890625,32.56578353708386,32.02801345805795,32.496641627914656,4832000
2020-04-20,32.05105972290039,32.565780497080134,32.05105972290039,32.12788275675648,3304300
2020-04-21,31.65157699584961,32.03569806878319,31.474881653973505,31.843637532316404,3569100
2020-04-22,32.19703674316406,32.29690906914822,31.7898692358154,32.043387687175816,3700400
2020-04-23,32.427494049072266,32.780884664989216,32.34298696035068,32.34298696035068,3639400
2020-04-24,32.6502799987793,32.719421885412885,32.327619814896025,32.60418443082017,3694500
2020-04-27,32.750160217285156,33.01136263793166,32.68101831386076,32.71174869996292,2624800
2020-04-28,32.33530807495117,33.011361901053206,32.27384730411878,33.00367783939373,3401300
2020-04-29,32.15092468261719,32.63491793541184,32.1355624224362,32.58114123294693,4403900
2020-04-30,32.3199462890625,32.98831612395738,32.18166247072409,32.957588665913086,3477900
2020-05-01,31.65925407409668,31.682303328337028,31.21367521046476,31.613161426837664,3253200
2020-05-04,32.38140106201172,32.38908219244572,31.98191487539944,32.13556385957503,3823100
2020-05-05,32.25849151611328,32.627247423282235,32.204711865536254,32.55810550752484,3935000
2020-05-06,32.56576919555664,32.81160633531463,32.38139280604309,32.48894618836097,3808300
2020-05-07,32.03569030761719,32.20470154594663,31.759122733210198,32.1509248432131,3053300
2020-05-08,32.19703674316406,32.3430017345163,32.02802248851579,32.07411808449586,1629300
2020-05-11,32.3199462890625,32.45054897554263,31.797541404364313,31.83595292487806,2903500
2020-05-12,32.427494049072266,32.780884664989216,32.25079874111379,32.465905562870084,3861700
2020-05-13,32.83467483520508,33.172700367927625,32.6810258001088,32.77321404892193,5029500
2020-05-14,31.740896224975586,32.036088938833984,31.461240281671415,31.7952734402474,4829100
2020-05-15,31.77974510192871,31.841892200635346,31.430175080045814,31.538929539445654,2550700
2020-05-18,32.067169189453125,32.43227599926959,32.067169189453125,32.18369352209064,5614100
2020-05-19,31.7952823638916,32.32352085764657,31.77197868318785,32.05163174164329,3496000
2020-05-20,32.090476989746094,32.541031634608686,31.99725633494392,32.52549485880832,3304300
2020-05-21,31.872961044311523,32.137080272703066,31.70206245888401,32.05939936690298,2282900
2020-05-22,31.764209747314453,31.919574537690067,31.45348312990013,31.531164043419484,1619400
2020-05-26,31.655452728271484,31.98171609472569,31.577771821021436,31.779743957873563,2031900
2020-05-27,31.803043365478516,31.834116909539286,31.29811160950417,31.60883816010309,2614500
2020-05-28,32.26914978027344,32.64979046658798,32.1137849648372,32.362367484200234,2925500
2020-05-29,32.5643310546875,32.595404602221386,31.91180433649553,32.46334647020728,3696000
2020-06-01,32.50995635986328,32.541029909817,32.26914375606405,32.339057761791494,2187100
2020-06-02,32.64977264404297,32.6730792798053,32.27689906853907,32.385653490977404,1993700
2020-06-03,32.71969985961914,32.875064653090675,32.680859402085495,32.774077092833636,2638800
2020-06-04,32.354591369628906,32.727465042563004,32.31574795432067,32.424505368512584,2802300
2020-06-05,32.393436431884766,32.68085937338568,32.33128932921594,32.4167401137171,2779000
2020-06-08,32.91390609741211,32.91390609741211,32.44781466636062,32.6264831470416,5348700
2020-06-09,32.53326416015625,32.843990780725456,32.52549429072329,32.76630986641739,2937300
2020-06-10,32.94498062133789,33.22463667355138,32.820689371836025,33.139185883893134,3428300
2020-06-11,31.2359676361084,32.51772330473226,31.2359676361084,32.49441962603106,3837600
2020-06-12,31.399105072021484,31.896273027737042,30.964087185358885,31.803052369163254,4365600
2020-06-15,31.632143020629883,31.78750480552271,30.925236231357587,31.251499535635833,4211600
2020-06-16,32.09824752807617,32.30022267299854,31.748677441354634,32.26914911788166,4449100
2020-06-17,32.49443054199219,32.6497924033068,32.44782020559527,32.56434160158123,2895100
2020-06-18,31.81081771850586,32.098240633254136,31.725366941958264,31.981716308264378,1918000
2020-06-19,31.92733383178711,32.18368611928946,31.66321464011932,32.09046845262324,2284300
2020-06-22,32.02055358886719,32.22252568836067,31.84965206852462,32.18368524191994,2218100
2020-06-23,32.3079833984375,32.74300419682676,32.21476571426007,32.31575030406197,2381700
2020-06-24,31.593311309814453,32.1137829646073,31.50786348181721,31.88073723763705,2305300
2020-06-25,31.942880630493164,31.966187276977944,31.492325964061447,31.702068002401724,1886900
2020-06-26,31.50008773803711,32.22253143127063,31.437943605323426,32.14485052454437,2567800
2020-06-29,31.655452728271484,31.904035187475642,31.562235046904092,31.865194733850615,2373300
2020-06-30,31.686527252197266,31.787511842064518,31.22043290433501,31.30588368294326,2322700
2020-07-01,31.740896224975586,31.94286831550861,31.48454395583477,31.624371927486855,2473700
2020-07-02,32.02055358886719,32.06716093926162,31.810811622083886,31.966176371182936,2713900
2020-07-06,31.857425689697266,32.09824124974417,31.71760064569538,31.733134456878126,2162800
2020-07-07,31.368026733398438,31.717596708350232,31.274806097853713,31.29811273840808,2064900
2020-07-08,31.639917373657227,31.686527698100395,31.368031222747405,31.51562613847891,2253800
2020-07-09,31.36026382446289,31.849661897995727,31.166058568987307,31.686530194597125,2770600
2020-07-10,31.002918243408203,31.204890349064325,30.5678975253246,31.127209453812632,3433700
2020-07-13,31.127212524414062,31.59330386857506,31.049531621499394,31.189359617414993,3284400
2020-07-14,31.616615295410156,31.663222658878556,31.111680460031575,31.20489815030532,3781100
2020-07-15,32.587646484375,32.704167874042554,32.19146605482809,32.32352718578952,4900700
2020-07-16,32.23031234741211,32.42451764413146,32.0283371793549,32.3701374347794,2747000
2020-07-17,32.48665237426758,32.58763992900125,32.214766223065546,32.26137358422201,2624600
2020-07-20,32.30022048950195,32.937213509650526,32.168159370851235,32.766311931397986,2945300
2020-07-21,32.29244613647461,32.525491825069295,32.17592181050891,32.509955050718084,2905000
2020-07-22,31.981721878051758,32.276914712988315,31.849663719178967,32.129319777188634,2072600
2020-07-23,31.305885314941406,32.07493939917026,31.298118408907012,32.05940262376456,4425100
2020-07-24,31.29811668395996,31.46901527732997,31.189362225450846,31.36026081882085,3716000
2020-07-27,31.75644874572754,31.84189954448871,31.52340299850271,31.60108392646517,3000500
2020-07-28,32.08270263671875,32.362358635370256,32.04386218431417,32.08270263671875,4145000
2020-07-29,31.531171798706055,31.904045609316007,31.20490536233633,31.88074192219589,5061100
2020-07-30,31.267045974731445,31.321423208924887,30.77764790365346,30.917475923961454,3566900
2020-07-31,31.321422576904297,31.888501553005227,31.127217326321638,31.849661095556087,5236500
2020-08-03,32.07494354248047,32.276915722170614,31.81859116017733,31.904041954278377,2940200
2020-08-04,32.036094665527344,32.09823879551701,31.787509255559133,31.82635267055625,2188100
2020-08-05,32.012786865234375,32.362356844200995,31.93510596472464,32.307979621176905,2362200
2020-08-06,31.826353073120117,31.911803845856202,31.57777062334416,31.803046431159743,2896600
2020-08-07,31.686527252197266,31.733134612647767,31.515625694980763,31.546699244172263,2948300
2020-08-10,31.803043365478516,31.865190453600057,31.624374932133474,31.84965368156967,2171400
2020-08-11,32.07494354248047,32.26137894475794,32.01279643282979,32.23807526030758,2881500
2020-08-12,32.750762939453125,32.93720122467573,32.525484209115476,32.579861424943736,3314000
2020-08-13,32.37429428100586,32.665107055999734,32.311417869017525,32.633667350877914,2853300
2020-08-14,31.871261596679688,32.05203535045651,31.784803932209375,31.863403171843483,3258800
2020-08-17,32.327125549316406,32.42144163091335,31.997014766345846,31.997014766345846,2691100
2020-08-18,32.295692443847656,32.421448244380514,32.16207521926317,32.39786996873523,1989500
2020-08-19,32.02059555053711,32.47645910323085,32.00487570413331,32.47645910323085,1635100
2020-08-20,31.902711868286133,31.981308135720493,31.761236188299954,31.92629014886536,1867200
2020-08-21,31.604032516479492,31.62761378924146,31.328942653045182,31.438978598418906,2218100
2020-08-24,31.627613067626953,31.918422773515925,31.454697729839392,31.879124650815452,3578500
2020-08-25,31.549013137817383,31.79266629046845,31.462555470803956,31.73764832023345,1910100
2020-08-26,31.604032516479492,31.60403251647949,31.37609920205984,31.454698447508672,1691200
2020-08-27,31.242488861083984,31.635476142355483,31.140311328441992,31.619756291314022,2501300
2020-08-28,31.124584197998047,31.23462312955243,30.928090603318125,31.226761706742813,2110300
2020-08-31,31.124584197998047,31.383957182137614,31.038129534872503,31.11672577344275,2154600
2020-09-01,30.62156867980957,30.92809828391223,30.425075036332988,30.888800154867926,3711700
2020-09-02,31.360383987426758,31.39182068899183,30.967396734442737,31.045992985737623,2842700
2020-09-03,30.660858154296875,31.407534388396638,30.50366568248995,31.336796576781833,2763800
2020-09-04,30.23644256591797,30.668727978316923,29.851313708677605,30.590128722627547,3770800
2020-09-08,30.62942123413086,30.92808932697578,30.511523882886575,30.763035433837135,3045900
2020-09-09,31.242488861083984,31.541160034361727,31.242488861083984,31.383964522202128,3274000
2020-09-10,30.47223663330078,31.12459401429093,30.41721864929879,31.02241947157595,2627000
2020-09-11,30.73946189880371,30.81805814623947,30.535106858263294,30.731600475107342,2135400
2020-09-14,30.71588706970215,30.84950130498171,30.668727516997894,30.770905048729613,1527200
2020-09-15,30.86521339416504,31.14030322012515,30.833773700268388,30.998827595844453,1755800
2020-09-16,30.983108520507812,31.21104180955369,30.95953024862524,31.00668979064469,2089300
2020-09-17,31.022409439086914,31.23462287943239,30.84949411771187,30.990969744608854,2611900
2020-09-18,30.857358932495117,31.26606605058673,30.79448252877213,31.26606605058673,3683900
2020-09-21,30.032081604003906,30.299313024379487,29.631235972567755,30.28359317632746,4420800
2020-09-22,29.86703109741211,29.9692086222567,29.631239346294024,29.827732971934893,3299300
2020-09-23,29.70198631286621,30.362205218145984,29.670546603506292,30.346485363466023,3331700
2020-09-24,29.379730224609375,29.591943718000206,29.151796880050146,29.536925738038327,3502900
2020-09-25,29.709829330444336,29.71769075283441,29.30898373792091,29.324703584446908,3275200
2020-09-28,29.756996154785156,29.99278791389063,29.694116753287755,29.741276304410803,3012800
2020-09-29,29.419025421142578,29.756994691939408,29.293269622584788,29.552639645373784,2868200
2020-09-30,29.584075927734375,29.961343279834878,29.47403999148686,29.95348485506908,3739700
2020-10-01,29.191085815429688,29.63123251476035,29.065330043942943,29.560494705908173,3882900
2020-10-02,29.269697189331055,29.458329425690014,29.151799792915202,29.20681777837451,3344600
2020-10-05,29.623374938964844,29.7098326052607,29.371863363333887,29.3797247865905,2393000
2020-10-06,28.931726455688477,29.48976770886422,28.86098862090175,29.450469578039414,4072500
2020-10-07,28.758798599243164,28.892412785702593,28.68806079516056,28.798096713010416,3748300
2020-10-08,29.206809997558594,29.27754781691219,28.97887669094651,29.0181748131975,3299000
2020-10-09,29.52906036376953,29.78057195231378,29.458322542100547,29.536921787429772,3865200
2020-10-12,29.521207809448242,29.631243776538128,29.379732137974038,29.631243776538128,3551600
2020-10-13,29.230392456054688,29.607659880534182,29.136076349498556,29.46618721982747,5022300
2020-10-14,29.24611473083496,29.46618966204616,29.08891920804274,29.44260838476143,2933800
2020-10-15,28.27935218811035,28.389388099626725,28.06713878807718,28.287213609363647,6908000
2020-10-16,28.74308967590332,28.86884548669563,28.60947543867307,28.65663199381079,3950300
2020-10-19,28.436559677124023,28.900284785113524,28.357963420822745,28.78238740240662,3486800
2020-10-20,28.326522827148438,28.48371833305673,28.122167769991194,28.428697357472164,5306000
2020-10-21,27.784196853637695,28.21648521911889,27.752760152902013,28.043569872926412,7760100
2020-10-22,27.579843521118164,27.713457738217063,27.42264803174831,27.682021038946758,6901800
2020-10-23,27.737041473388672,27.90995382862008,27.49338829331757,27.831357576083516,5153600
2020-10-26,27.682022094726562,27.870654290561074,27.5012483244457,27.84707601564543,3600000
2020-10-27,27.784196853637695,28.12216612214769,27.752760152902013,27.870654526733933,6664700
2020-10-28,26.683834075927734,27.27331493328289,26.6209546786476,27.241875234642826,7482800
2020-10-29,26.69169807434082,26.825315322331306,26.314430606655527,26.675978221738685,6562100
2020-10-30,26.26726531982422,26.510918484632334,26.141509524690438,26.314424867344886,5682500
2020-11-02,27.037525177001953,27.061103453587446,26.738854014481102,26.88032967050388,4582000
2020-11-03,27.713457107543945,27.886372441741223,27.54054477160118,27.579842893485694,6187300
2020-11-04,28.74308967590332,29.175375088110943,28.538737607711454,28.562315885280317,10922000
2020-11-05,28.923860549926758,29.419025316727048,28.83740287655237,29.3875856176355,6602400
2020-11-06,28.95530128479004,29.19895446408324,28.884563458431035,29.14393648783233,4755200
2020-11-09,29.466190338134766,29.88275593457513,29.44260906030898,29.85917765500463,6280400
2020-11-10,30.519390106201172,30.76304027299375,30.291456790342913,30.70802229995964,6190900
2020-11-11,30.78661346435547,30.865212697322562,30.401487716706278,30.58226145514935,7565200
2020-11-12,30.05106544494629,30.385406967111408,29.9873796102247,30.242119912403314,4168000
2020-11-13,30.488903045654297,30.488903045654293,30.074954119903108,30.074954119903108,3449000
2020-11-16,30.2978515625,30.679957562394943,30.170482895868354,30.576469571785307,5164700
2020-11-17,29.573434829711914,29.85205277425516,29.47790607440465,29.676919759566353,9395700
2020-11-18,29.111724853515625,29.732646648387348,29.071922719407365,29.71672822411059,10821500
2020-11-19,29.565465927124023,29.629151749661062,29.334609375487993,29.589346592221833,5340500
2020-11-20,29.477907180786133,29.61323807086348,29.358500787232188,29.565473691417132,4273900
2020-11-23,29.247055053710938,29.39034212573046,29.04007910256742,29.38238291378253,5734400
2020-11-24,29.525671005249023,29.621196725638207,29.231131595969433,29.270933726405936,4958600
2020-11-25,29.637115478515625,29.653036936577763,29.294811721948722,29.390337433613926,3636700
2020-11-27,29.509756088256836,29.62120329287084,29.3346230314585,29.390346633765503,2804400
2020-11-30,29.28685188293457,29.73264055227973,29.239087509772922,29.708759884052682,7418700
2020-12-01,29.86797332763672,29.915737703841753,29.52566955660336,29.549550226352,5832600
2020-12-02,29.772445678710938,29.96349709770997,29.67691693250387,29.67691693250387,4170300
2020-12-03,29.668960571289062,29.788366960453857,29.517711263663855,29.70876270101066,5785600
2020-12-04,29.85206413269043,30.138644434237698,29.836142667414585,29.97147360390479,4021500
2020-12-07,29.89982032775879,30.0112675174136,29.708765833558992,29.931660212868614,3842000
2020-12-08,29.963502883911133,30.114755242926634,29.613239856969177,29.629161317744924,3467200
2020-12-09,30.122711181640625,30.154554099731865,29.86797391032632,30.13067039280953,5054000
2020-12-10,30.226205825805664,30.377455165097096,30.10679637493294,30.14659851298769,3419700
2020-12-11,29.9237060546875,30.13067900804451,29.820218059654653,30.066996190361074,4246600
2020-12-14,29.318695068359375,29.98737807853474,29.318695068359375,29.979418867954948,6061800
2020-12-15,29.31073760986328,29.398304124085513,29.111723909070232,29.3823826636171,5356000
2020-12-16,29.358501434326172,29.59731726340578,29.350539185888973,29.5256722110111,3476300
2020-12-17,29.724685668945312,29.828173640840372,29.55751489360499,29.780409260725424,3565300
2020-12-18,29.46198272705078,29.637115730515806,29.270931302095892,29.605272814120774,5842400
2020-12-21,28.83310890197754,28.888832500982232,28.498764271241,28.697777992460153,4164300
2020-12-22,28.729616165161133,28.880865475058005,28.642049656433723,28.753496836011195,3837700
2020-12-23,28.841066360473633,29.040080069588168,28.801264225992366,28.976397261759786,2683500
2020-12-24,28.769420623779297,28.94455365540757,28.6738948959403,28.94455365540757,1293300
2020-12-28,28.888824462890625,29.28685179458091,28.793295716855525,29.28685179458091,2876300
2020-12-29,29.438108444213867,29.756531603825465,29.342582711013712,29.62120069814263,4666300
2020-12-30,29.485864639282227,29.645076174866013,29.374417475385815,29.589349556210344,3076800
2020-12-31,29.29481315612793,29.34257753265273,29.032116677010944,29.302775403902615,2783200
2021-01-04,30.043102264404297,30.090863597427106,29.708757749707942,30.027180807827584,4826800
2021-01-05,29.995344161987305,30.043108541697478,29.71672620544789,29.955542030582812,3449000
2021-01-06,30.504819869995117,30.78343783692791,30.33764908983544,30.345608301730056,4372600
2021-01-07,30.305810928344727,30.425220382473707,30.130677872077843,30.194363724068914,3703500
2021-01-08,30.520740509033203,30.632187692806742,30.258040972960142,30.353569733372893,3361600
2021-01-11,30.194353103637695,30.32968093645625,30.09882739595945,30.106786606304514,4104800
2021-01-12,29.82021141052246,30.170477458161503,29.668962095128872,30.106791617969677,6253400
2021-01-13,29.995344161987305,30.122712804506463,29.89981843927493,29.94757978227713,3934000
2021-01-14,30.377450942993164,30.560543181964142,30.06699005792463,30.210280164372886,3326500
2021-01-15,30.624231338500977,30.775480668204718,30.417255375002924,30.576466953837976,3100900
2021-01-19,30.679950714111328,30.77547643358497,30.544619827874786,30.743633514857798,4135500
2021-01-20,30.266000747680664,30.369488711315647,30.051065609380824,30.218236371378115,7736700
2021-01-21,30.074947357177734,30.22619970253672,29.899817377873248,30.21027824319852,4304400
2021-01-22,30.536653518676758,30.664022127272304,29.83612465304768,29.963493261643226,5397800
2021-01-25,30.982444763183594,31.02224992407677,30.53665611357126,30.576458237757016,3915500
2021-01-26,31.237192153930664,31.292915747824914,31.014294741645543,31.070018335539796,3825500
2021-01-27,30.393375396728516,30.918771493214674,30.361532472890964,30.886928569377126,4903800
2021-01-28,30.27396011352539,30.64014759363537,30.26600090245481,30.40929099538746,3692500
2021-01-29,29.653038024902344,30.114751215527246,29.485867264175837,29.89981607886128,5113900
2021-02-01,29.724685668945312,29.93165857602743,29.660999828792047,29.907777904323957,3010800
2021-02-02,29.9237060546875,30.011272586122317,29.788375132458597,29.96350819532823,3827300
2021-02-03,28.196256637573242,29.191325034495637,28.108693169478585,28.74553633616737,26058900
2021-02-04,28.164417266845703,28.53856092590324,28.005205713113146,28.45099745622275,12525800
2021-02-05,28.06888198852539,28.06888198852539,27.68677617040487,27.861909142475273,10640400
2021-02-08,28.228103637695312,28.236065886578608,27.97336633417732,28.156458581286614,9004100
2021-02-09,28.45896339416504,28.55448913430063,28.20422606266444,28.236068988279147,8183700
2021-02-10,28.29178810119629,28.53060393200088,28.196259339508018,28.498761011438123,5264800
2021-02-11,28.116657257080078,28.17238085403586,27.869879158627125,28.10869804467566,7514400
2021-02-12,28.474882125854492,28.51468426070106,28.140537512385198,28.212182569792315,5970500
2021-02-16,28.37935447692871,28.578368174419914,28.323630884567816,28.538563005555247,8513200
2021-02-17,28.594284057617188,28.64204843398661,28.27586399194433,28.339546790395797,7901100
2021-02-18,28.11463165283203,28.365797848264766,28.090322953689995,28.276676253889605,7567500
2021-02-19,27.895877838134766,28.08222808722515,27.863468292881393,28.08222808722515,7347600
2021-02-22,27.903980255126953,28.017413669920625,27.741938701196467,27.985004122836717,6862200
2021-02-23,27.855369567871094,28.114639768103906,27.774345698582973,28.07412937883214,7992500
2021-02-24,28.098434448242188,28.1551496102695,27.88777548293115,27.9606954185012,6391900
2021-02-25,27.855369567871094,28.17945577278982,27.74193924161231,28.098434994246283,6108500
2021-02-26,27.231494903564453,27.74193437289122,27.166675819509734,27.74193437289122,7642600
2021-03-01,27.328723907470703,27.46646293319683,27.288213520166938,27.450258160126438,5473500
2021-03-02,27.620399475097656,27.839159242434462,27.596093864530445,27.69331939754326,5657900
2021-03-03,27.74193572998047,27.806751726461837,27.42594731587215,27.54748155904798,6310400
2021-03-04,27.774341583251953,28.26047545471634,27.450255426353152,28.0498165165252,7767700
2021-03-05,28.2847843170166,28.333398636973037,27.814858253748994,27.83916386835497,6448400
2021-03-08,28.333398818969727,28.57646423882424,28.066024693608608,28.187558948908116,6887100
2021-03-09,28.43872833251953,28.908657541145832,28.430627490290902,28.908657541145832,5805000
2021-03-10,28.84383201599121,28.96536625756537,28.616971395179878,28.851935947159706,4750000
2021-03-11,28.803316116333008,28.924850334632463,28.633170683308617,28.649375451798115,4871800
2021-03-12,28.795223236083984,28.80332407719592,28.633178597145537,28.714199371242554,5867700
2021-03-15,29.070690155029297,29.078790993900796,28.6169659096362,28.851930416576028,6019800
2021-03-16,29.451499938964844,29.508215099745684,29.05449381349897,29.095004201093218,5084200
2021-03-17,29.451499938964844,29.524419872932274,29.24084406902808,29.516319031711205,6140400
2021-03-18,29.55682945251465,29.76748841343256,29.45960390403032,29.500114291670084,4757500
2021-03-19,29.678354263305664,29.702659870007224,29.38667461991302,29.492004066858915,3715100
2021-03-22,29.710765838623047,29.767484081958983,29.435294006458832,29.443394846510245,3197700
2021-03-23,29.15982437133789,29.451501027241033,29.12741482376713,29.3704802490587,5362200
2021-03-24,29.062591552734375,29.20033056474664,28.76281100764056,28.908650860009253,5863500
2021-03-25,29.224632263183594,29.240837032470647,28.91674782821704,29.00587251392397,4759000
2021-03-26,29.710765838623047,29.726970609469884,29.12740954185693,29.14361431270377,3552800
2021-03-29,29.72697639465332,29.816101106283533,29.451501418134757,29.467706192135214,3082400
2021-03-30,29.467702865600586,29.564931498627438,29.38668209548914,29.451498093429443,3589200
2021-03-31,28.916751861572266,29.38668096421209,28.908651021170677,29.378577033066357,6166100
2021-04-01,29.02208709716797,29.103107880257074,28.876247215011766,28.96537193085664,7871500
2021-04-05,29.232736587524414,29.35426772270109,29.038282444200483,29.054487213706125,6518600
2021-04-06,29.184123992919922,29.338064676148434,29.119304911090694,29.257043914605838,8276300
2021-04-07,29.216541290283203,29.435301113417612,29.135517416486337,29.354277239620743,3764300
2021-04-08,29.540620803833008,29.710766264045066,29.516315192586728,29.58923511706962,4260600
2021-04-09,29.69456672668457,29.710768408188617,29.41909177995162,29.45149823370399,3803500
2021-04-12,29.216541290283203,29.329971622854064,29.176027808012392,29.20033651552383,7287300
2021-04-13,29.200334548950195,29.329969647549806,29.046390744476273,29.159824160152418,3300200
2021-04-14,29.273252487182617,29.427193190405525,29.15171823833946,29.394783645281436,4279900
2021-04-15,30.53719139099121,30.999016554373384,30.456170625421883,30.51288577946923,20171400
2021-04-16,30.58580780029297,30.707342047717685,30.480478325241172,30.634422117411717,7972500
2021-04-19,30.772157669067383,30.828872826304867,30.520988336484056,30.61821696952911,5082700
2021-04-20,30.54529571533203,30.634420413052425,30.342740708056283,30.383251091362606,5501300
2021-04-21,30.99091911315918,31.05573820531919,30.73974976715578,30.764058472087996,4294200
2021-04-22,30.529094696044922,30.747854501678745,30.456174760833647,30.634424178182208,5149200
2021-04-23,30.577701568603516,30.610108016891758,30.439962573089392,30.480472951507515,4946000
2021-04-26,30.610111236572266,30.683031161692366,30.464271386332065,30.610111236572266,3581100
2021-04-27,30.56960105895996,30.683031367520123,30.48047636202152,30.60201060161832,3471000
2021-04-28,30.54529571533203,30.642521253416035,30.439966246140287,30.488580560554354,2926800
2021-04-29,30.383262634277344,30.658737672457935,30.318443523766472,30.6263281172025,3016800
2021-04-30,30.253618240356445,30.691137830100608,30.22931262672989,30.56960358047911,3389700
2021-05-03,30.520986557006836,30.569600870694984,30.277921170054267,30.286025101041,4074700
2021-05-04,30.383262634277344,30.553408163250424,30.326547457952984,30.464283431670626,7518600
2021-05-05,30.610111236572266,30.634419938775018,30.423761003652913,30.423761003652913,2361200
2021-05-06,30.715435028076172,30.731639796302087,30.46426575668973,30.504779222626276,3108400
2021-05-07,31.071943283081055,31.128658449546545,30.83698177518606,30.86938823406294,3004000
2021-05-10,31.217777252197266,31.387925810108065,31.177266868216286,31.30690195140193,3411100
2021-05-11,30.94230842590332,31.02333230061354,30.70734691610566,30.76406208303042,4459100
2021-05-12,31.063838958740234,31.298803531040075,30.98281818451346,31.088144572859385,3692600
2021-05-13,31.323104858398438,31.36361523996773,30.95040440277056,30.966609173547074,4444000
2021-05-14,31.663406372070312,31.784937545598833,31.59048643165531,31.614792048212067,3641800
2021-05-17,32.07661819458008,32.165742912079914,31.801143199919135,31.801143199919135,4702600
2021-05-18,32.052303314208984,32.23865353751472,32.04419938364478,32.19003922636126,4470000
2021-05-19,31.801137924194336,31.955078625681722,31.703912380662526,31.841648309770562,4337100
2021-05-20,32.053253173828125,32.135379711919576,31.774029209931392,31.798668737762377,2543700
2021-05-21,31.905437469482422,32.053262146621066,31.839739353425234,31.971138718347586,3048500
2021-05-24,31.757614135742188,32.0039906966007,31.73297773277958,31.921864132045158,4602700
2021-05-25,31.749399185180664,31.913649161511962,31.69191216338587,31.905434939651144,2936800
2021-05-26,31.79046058654785,31.864372918536937,31.61799952284256,31.78224949757471,2832200
2021-05-27,31.60978889465332,31.757610427978623,31.363412362559753,31.5358765615868,6302000
2021-05-28,31.839736938476562,31.87258756041752,31.62621102866806,31.634425250557168,3873600
2021-06-01,31.494815826416016,31.90543925639697,31.4291177066793,31.88080285309672,2952700
2021-06-02,31.527660369873047,31.67548502677017,31.494809749938675,31.53587459126041,2931200
2021-06-03,31.79046058654785,31.798674808328695,31.478389080645236,31.544087190853478,4298600
2021-06-04,31.94650650024414,31.995779310537966,31.823318208892815,31.897230557141935,6033800
2021-06-07,31.823314666748047,32.02041528440989,31.80688935420889,32.0122010617363,4290300
2021-06-08,31.880802154541016,32.118964490585434,31.74940278513859,32.10253917780912,2909600
2021-06-09,32.48031234741211,32.48031234741211,32.23393891854536,32.275000634555134,3345900
2021-06-10,33.038753509521484,33.046967730681,32.71846780606452,32.72667889441657,6527300
2021-06-11,32.97305679321289,33.096241920527426,32.833443222887304,33.05518021142258,2873800
2021-06-14,33.252281188964844,33.252281188964844,32.98947935545139,33.07160590742672,3046400
2021-06-15,33.317970275878906,33.326184495256,33.16193456858864,33.202996267053784,2427700
2021-06-16,33.39188766479492,34.03245903013436,33.35082596008472,33.621835717417845,5022200
2021-06-17,33.317970275878906,33.383671499668566,33.05517164633384,33.235846878948614,2768700
2021-06-18,32.718475341796875,32.956637685357094,32.66919940191291,32.82523831180804,9967600
2021-06-21,32.6692008972168,32.775963872114616,32.54601574108084,32.6692008972168,3908200
2021-06-22,32.094322204589844,32.45566962100561,32.053257363772644,32.43924431124024,3606200
2021-06-23,32.72667694091797,33.32618973747846,32.65276461893156,33.24406319482285,14933200
2021-06-24,32.603492736816406,32.8334407970604,32.46387917680586,32.504944015684316,14114000
2021-06-25,32.6692008972168,32.73490215340263,32.52137620360699,32.60350277383929,6246500
2021-06-28,32.751319885253906,32.8991445446411,32.726680353484305,32.825232214947505,2418200
2021-06-29,32.808807373046875,32.931992502422936,32.734895042298184,32.82523268352521,1837500
2021-06-30,32.702049255371094,32.81702331290732,32.56243879487943,32.71026347822831,4975200
2021-07-01,32.989479064941406,33.20300496538932,32.76774520857968,32.817018006523355,3907000
2021-07-02,33.186588287353516,33.211224692733566,32.841666080799165,32.93200061146215,1923600
2021-07-06,32.89915084838867,33.15373537393009,32.77596256435958,33.12088787995611,1941600
2021-07-07,33.04697799682617,33.11267612247432,32.817026725036584,32.89915329810731,3025300
2021-07-08,32.82524108886719,32.86630280917361,32.537802781105334,32.751328739192246,3057300
2021-07-09,32.981266021728516,33.07160365634858,32.849866680319536,32.849866680319536,3042900
2021-07-12,33.15372848510742,33.3672543820161,33.03875444806778,33.055179758045945,2857200
2021-07-13,33.28512954711914,33.33440547959256,33.088032082840876,33.11266848267373,2840400
2021-07-14,33.21943664550781,33.317985393099605,33.03876133091603,33.12909898821192,3251300
2021-07-15,32.53778839111328,32.85807405378734,32.49672668896659,32.82522657175422,4034600
2021-07-16,32.72667694091797,32.8170145714355,32.472092490703766,32.603491826145465,4073800
2021-07-19,32.27499771118164,32.29963724480223,32.0204132152957,32.14359835216727,4834700
2021-07-20,32.10253143310547,32.29963200606283,31.92185616896183,31.987557404216727,6313200
2021-07-21,32.29142379760742,32.357125045095266,32.110748499823764,32.3406997332233,5783300
2021-07-22,32.217506408691406,32.406392766388585,32.19287001115055,32.33248044095861,5949000
2021-07-23,32.44746780395508,32.52138015975123,32.34070794887852,32.439256712337155,3755800
2021-07-26,32.04505920410156,32.225734551607964,32.02042279591752,32.1764586024311,3033300
2021-07-27,32.45567321777344,32.49673493033362,32.028624514970225,32.176449186433175,4152600
2021-07-28,32.43925094604492,32.52958860182752,31.971140486815255,32.11075094916425,4476700
2021-07-29,32.93199157714844,33.17836809459352,32.72667990114924,32.93199157714844,5388500
2021-07-30,32.964847564697266,32.98948396733019,32.80059757059232,32.899149446740125,3636900
2021-08-02,33.04697799682617,33.104465031571465,32.60350390066957,32.7841760958083,4951300
2021-08-03,33.37546920776367,33.3836834300763,33.06339454884948,33.08803408297948,3549900
2021-08-04,33.260494232177734,33.523292948325874,33.13730596337987,33.391893590251804,3853000
2021-08-05,33.60542297363281,33.613637197330405,33.3672637441459,33.49044890433394,4443600
2021-08-06,33.186588287353516,33.36726361429632,33.12910125292779,33.285137041682134,3557700
2021-08-09,33.32619094848633,33.4822266859911,33.21942800555812,33.41652544947917,2357000
2021-08-10,33.38368606567383,33.45759840828332,33.28513418698908,33.334410126331456,4963600
2021-08-11,33.761451721191406,33.83536404815281,33.6711140845933,33.83536404815281,3491300
2021-08-12,33.884639739990234,33.94212989503546,33.73681820624228,33.81894162863645,2010400
2021-08-13,34.46773147583008,34.47594256593711,34.114595077873226,34.14744570391761,2132500
2021-08-16,34.558067321777344,34.64019074978066,34.33633030679885,34.33633030679885,2393100
2021-08-17,34.76337432861328,34.78801072712469,34.48415032518961,34.492361413757564,2843800
2021-08-18,34.61555099487305,35.050810760183076,34.59091146261241,34.82086267780157,4081700
2021-08-19,34.7735710144043,34.97317834482707,34.62386393023656,34.690398649477046,2874900
2021-08-20,34.80683517456055,34.948226602033465,34.648812447574265,34.71535033643238,1928500
2021-08-23,34.507423400878906,34.790203076633965,34.47415445721335,34.72366518930285,4642400
2021-08-24,34.124839782714844,34.28286569215222,33.97513269624857,34.183058852707134,2774700
2021-08-25,34.191383361816406,34.24960244149072,34.07494520246779,34.208017837823625,2573500
2021-08-26,34.05830764770508,34.1913802710316,33.99176974969102,34.124842373017536,1939800
2021-08-27,33.950191497802734,34.249605749447404,33.950191497802734,34.11653310123891,4576200
2021-08-30,34.02503967285156,34.08325874892991,33.90028269685414,33.958504945634175,1199600
2021-08-31,33.8836555480957,33.99177488966512,33.742264079786494,33.81711764002029,2368900
2021-09-01,34.191383361816406,34.2745525691506,34.00009164678626,34.116529806134885,3187200
2021-09-02,34.4575309753418,34.499115581836286,34.191385686534545,34.21633581589082,2272800
2021-09-03,34.607234954833984,34.69872298443677,34.27455178767874,34.44920902271942,3020600
2021-09-07,34.04998779296875,34.34940197956169,33.991768720320295,34.31613303156214,2866100
2021-09-08,33.70066833496094,33.80047199138521,33.5260111430432,33.65076492039828,3611600
2021-09-09,33.0852165222168,33.61750709613268,33.07690087005652,33.61750709613268,3270400
2021-09-10,33.060264587402344,33.30977538371028,32.98541103123977,33.27650643148205,3031900
2021-09-13,33.068580627441406,33.2931412985662,32.95214246597713,33.2931412985662,9308900
2021-09-14,32.74422073364258,33.14343870137041,32.71095494919204,33.035319349677,3026700
2021-09-15,32.61946487426758,32.719268566815614,32.486392226636134,32.65273065664881,2833900
2021-09-16,32.527976989746094,32.57787724990773,32.26183169321002,32.51965816458436,1888400
2021-09-17,32.37826156616211,32.503018529998684,32.07884739111544,32.403211689848874,3460700
2021-09-20,32.31172561645508,32.48638601087333,31.862607499569556,31.929142224303806,5066300
2021-09-21,32.50302505493164,32.66936347650408,32.40321819474575,32.43648714814105,4447600
2021-09-22,32.669368743896484,32.97710185336679,32.53629608156157,32.644418611178224,4694300
2021-09-23,32.71927261352539,32.94383332905871,32.710956960077155,32.80244183881807,4075700
2021-09-24,31.92914581298828,32.186975435478566,31.91251133675969,32.05390279835176,4363200
2021-09-27,32.02063751220703,32.16202581728591,31.89588051255907,32.02895316492249,2829000
2021-09-28,31.646366119384766,31.82934218552622,31.521612306498994,31.787757581230963,3421300
2021-09-29,31.879243850708008,31.954094230677505,31.671317668032486,31.696267794688985,3766200
2021-09-30,31.779443740844727,32.095492493919316,31.762809261977385,32.00400444650017,2666800
2021-10-01,31.71289825439453,31.90418993750957,31.571506818273892,31.80438627081941,5687300
2021-10-04,31.945789337158203,32.15371558985325,31.779447700461603,31.829351143281432,4400200
2021-10-05,31.78774642944336,32.03725714038341,31.779427607881555,31.90418454970199,2370700
2021-10-06,31.71289825439453,31.771117324355572,31.438434205119894,31.60477576473773,4460400
2021-10-07,32.15370559692383,32.29509705461941,31.80439112385565,31.84597572693017,2864200
2021-10-08,32.19529342651367,32.428172937932786,32.137074341834435,32.270146988630145,5355600
2021-10-11,31.804391860961914,32.128756214243296,31.804391860961914,32.0539026578936,3534400
2021-10-12,32.13706970214844,32.65272573744786,32.08716944974309,32.60282548504251,7497900
2021-10-13,32.2701416015625,32.46975212478484,31.954092928419467,31.954092928419467,5158500
2021-10-14,32.20361328125,32.38658619350556,32.1703443253118,32.36163606290304,4477800
2021-10-15,32.44479751586914,32.46143198985754,32.19528675144617,32.24519017341136,3266200
2021-10-18,32.145389556884766,32.3117279671725,32.09548613017736,32.2867778401697,2742800
2021-10-19,32.57787322998047,32.727580337396766,32.31172796628523,32.33668126598915,3382000
2021-10-20,32.81906509399414,32.89391864023798,32.56955433074851,32.64440787699235,3452000
2021-10-21,32.893924713134766,32.90224353797629,32.66936403294472,32.74421759300807,5206500
2021-10-22,33.07689666748047,33.110165617298755,32.92718956599986,32.96045851581815,4841100
2021-10-25,33.110164642333984,33.16006489289037,32.98540767053986,33.110164642333984,4330100
2021-10-26,33.41790008544922,33.44285021490701,33.151754795559,33.20165505447459,4960800
2021-10-27,33.61750793457031,33.74226492900051,33.23492447161421,33.51770424264745,7619100
2021-10-28,35.03139877319336,35.08961784455076,34.34108556736928,34.366035691464894,9053100
2021-10-29,35.2060661315918,35.21438178370322,34.79852937868674,34.914967544459024,5219400
2021-11-01,35.422306060791016,35.68845133171876,35.20606421792543,35.23932999726498,6759400
2021-11-02,35.596961975097656,35.92964513772638,35.4555736932366,35.66349987670411,6417000
2021-11-03,36.204105377197266,36.270643277567025,35.80488749308385,35.88805986854605,5377100
2021-11-04,35.7633056640625,35.82984356959026,35.58032959656314,35.738355535840576,4247700
2021-11-05,36.170841217041016,36.1791568686082,35.60528172941674,35.7633044908081,5293700
2021-11-08,35.5720100402832,35.87142423689,35.56369121665434,35.77993621318219,3923100
2021-11-09,35.53873825073242,35.71339546055969,35.522103777505826,35.655176390617264,2848800
2021-11-10,35.91301345825195,36.16252426329772,35.91301345825195,36.07935505251647,3776200
2021-11-11,35.95459747314453,35.99618207785219,35.771621405188455,35.81320918259809,2319100
2021-11-12,36.06271743774414,36.212424542284914,35.95459493497542,36.16252111653741,3530900
2021-11-15,35.90468978881836,36.07935018421473,35.746667040575694,35.888058487067845,4149200
2021-11-16,35.305870056152344,35.513796260048764,35.139528458494794,35.25596662504445,6847100
2021-11-17,35.389034271240234,35.52210689603428,35.10625454696518,35.147839147331766,4846300
2021-11-18,34.945274353027344,35.07158385845412,34.71791917056965,34.98737645077488,4876700
2021-11-19,35.02105712890625,35.24841229653021,34.903169978030995,35.20631020152962,4355100
2021-11-22,34.7684440612793,35.063161961477654,34.76002171431123,34.88633122135864,3064700
2021-11-23,35.029476165771484,35.11368356772282,34.734758289401654,34.768441250182185,3300800
2021-11-24,35.029476165771484,35.11368356772282,34.87790605444302,35.08841974104545,2824800
2021-11-26,34.54108428955078,34.79370005791916,34.364253572911295,34.71791500619027,2812800
2021-11-29,34.827388763427734,34.928434445010744,34.625294188077405,34.734762216899846,4317400
2021-11-30,34.62529373168945,35.088423246040186,34.465304470276436,34.92843398462717,3969800
2021-12-01,34.83580017089844,35.15578183914518,34.76001512347641,34.86106399482817,3912100
2021-12-02,34.920005798339844,35.22314597270296,34.82737927704184,35.04631206286886,4586100
2021-12-03,34.73476028442383,34.95369311770403,34.54108806708793,34.877908057687016,4086200
2021-12-06,35.16421127319336,35.46735155168215,35.15579213753957,35.27367930979976,3095300
2021-12-07,35.686283111572266,35.71996286211239,35.20631213539618,35.315776945973795,5506900
2021-12-08,35.938899993896484,36.03152653809576,35.68628419019751,35.87995641343953,3563100
2021-12-09,36.039939880371094,36.15782702233743,35.87995064658588,36.12414727619255,2917900
2021-12-10,36.351505279541016,36.435712689412114,36.01468527660936,36.03994589347857,3837400
2021-12-13,36.30098342895508,36.41887058858716,36.17467392238688,36.267300465579005,2677600
2021-12-14,36.12415313720703,36.2588817801969,35.94731918338315,36.03994572772323,2798800
2021-12-15,36.76410675048828,36.80620884153641,36.039939220599386,36.10730513602331,4708500
2021-12-16,36.89884567260742,36.95778925897065,36.39361401458417,36.41887463382997,5905900
2021-12-17,36.29256057739258,36.907263407814256,36.29256057739258,36.71358797718685,5270900
2021-12-20,36.25888442993164,36.27572591305915,35.913642056278896,36.031529225986986,4557200
2021-12-21,36.51148986816406,36.587274914591426,36.13256463602725,36.26729325054439,4400600
2021-12-22,36.85673904418945,36.89884114182428,36.46097225961696,36.536757320233306,3135600
2021-12-23,36.84831237792969,37.126191971677486,36.83989324426329,36.86515385744626,3015400
2021-12-27,37.126190185546875,37.15145079751457,36.86515208387412,36.99146156807982,2046800
2021-12-28,37.143035888671875,37.17671884991543,36.94936367979738,37.04199021712518,2207700
2021-12-29,37.4209098815918,37.44617370699151,37.13461115380398,37.185135592419634,2736400
2021-12-30,37.15146255493164,37.521968779358794,37.15146255493164,37.41250073921581,2223000
2021-12-31,37.13461685180664,37.26934549660428,37.041993518407985,37.11777858186817,2257500
2022-01-03,36.77253341674805,37.201983185090015,36.60412501805676,37.143039603111205,2361600
2022-01-04,36.6630744934082,36.91569034423594,36.55360644691508,36.68833511483553,3164100
2022-01-05,36.713592529296875,37.235668882546484,36.705173393618125,37.00831367300576,3691300
2022-01-06,36.519920349121094,36.74727555904955,36.44413527914494,36.66307135338029,2599000
2022-01-07,36.92409896850586,37.058827598069605,36.671483189596835,36.71358528405102,2830700
2022-01-10,37.75773620605469,37.75773620605469,36.92410056618185,36.94094204712903,4072800
2022-01-11,37.926151275634766,37.95983424061292,37.49670150262409,37.61458866786331,4125900
2022-01-12,38.09455871582031,38.16192142621401,37.976668351309364,38.136660811339375,3605300
2022-01-13,37.94298553466797,38.26296400449105,37.90088023036897,38.25454487094149,3355300
2022-01-14,38.288230895996094,38.45663927794496,38.069294859968196,38.15350226312661,3396000
2022-01-18,39.42499923706055,39.458682194651885,38.98713042492405,39.046073994617075,9040600
2022-01-19,38.47348403930664,39.020820963865184,38.33033626000674,38.70083922894553,8369800
2022-01-20,37.791419982910156,38.13666231931215,37.71563492310561,38.03561343145002,5638400
2022-01-21,37.97666931152344,38.28823189304689,37.75773648197837,37.959831042637255,5467500
2022-01-24,37.370391845703125,37.58932467402839,36.68832632098662,37.5388034432832,9003000
2022-01-25,37.36197280883789,37.488282321258104,36.81463908344707,37.05883254877684,4537700
2022-01-26,37.17671585083008,37.623003808660776,37.05040636244824,37.46301457393634,4040000
2022-01-27,38.51559066772461,38.599794868758956,37.547226294907745,37.57248691278118,7915200
2022-01-28,38.10297775268555,38.153502194489704,37.74089395021569,38.09455861847684,3877900
2022-01-31,37.74089813232422,37.84194381494553,37.50512380214637,37.698796032247365,2914100
2022-02-01,38.05245590209961,38.09456121256226,37.76615713674822,37.89246664376779,3077500
2022-02-02,38.481903076171875,38.53242430584511,37.86720348840361,37.934566198695926,3909100
2022-02-03,37.825103759765625,38.21245144676808,37.825103759765625,38.16192699745877,4945300
2022-02-04,37.72404861450195,38.044030288860625,37.70720713562164,37.83351662113217,6726700
2022-02-07,37.88404846191406,37.96825266058904,37.673534753042354,37.69879537020799,3347600
2022-02-08,38.07771682739258,38.13666040292482,37.77457660340737,38.13666040292482,6895100
2022-02-09,37.269344329833984,37.80826210433721,37.21040075034185,37.59774840266982,3887500
2022-02-10,37.4209098815918,38.32190815770972,37.32828656240543,37.64826503708657,7592400
2022-02-11,37.30303192138672,37.63143282278462,37.26934895401653,37.36197550819226,3150100
2022-02-14,36.0988883972168,37.10093566558726,35.93047679468373,37.084094184115536,8090000
2022-02-15,36.73042678833008,36.873577764188774,36.36834299385585,36.385184474085335,5572900
2022-02-16,36.53675842285156,36.612543485754976,36.34308619813934,36.46097335994815,3667500
2022-02-17,36.47781753540039,36.671489774413004,36.267303813145226,36.57886322267122,2553800
2022-02-18,36.242034912109375,36.47780919925546,36.14098603574641,36.309397617500935,5180300
2022-02-22,35.94731521606445,36.18309272441335,35.74522387997554,35.905213122061255,8844400
2022-02-23,36.30940628051758,36.65464866000262,36.25046269466778,36.629388040976856,3740900
2022-02-24,35.19187545776367,35.54217077334722,34.66216130572951,35.31149127459516,6411800
2022-02-25,36.46489715576172,36.59305531357031,35.8326552413419,35.909549484187586,4373600
2022-02-28,35.76430892944336,35.96935808417599,35.362749717562096,35.82411520450684,5534500
2022-03-01,35.49944305419922,36.114596912264915,35.38837288333805,35.824107952533545,4657300
2022-03-02,35.90955352783203,36.05479967365057,35.37983938368884,35.43110330442439,4416500
2022-03-03,35.41401672363281,35.78140002202536,35.19187631757331,35.61906589624392,7513100
2022-03-04,34.328948974609375,34.50836778498325,34.03845998006236,34.166618135585004,7971100
2022-03-07,33.71379852294922,34.07263943993588,33.50874936398338,33.90176296799926,5725600
2022-03-08,34.15807342529297,34.67924515807025,33.85049645124753,34.064091209979374,6883900
2022-03-09,35.32003402709961,35.50799848216871,34.875756480062144,35.04663296110698,10465500
2022-03-10,34.884300231933594,35.1149797209357,34.55108964506891,34.79031800942286,4859000
2022-03-11,34.65361785888672,35.14061369062571,34.6365298855909,34.90138532368193,4686800
2022-03-14,34.833038330078125,35.50799864065915,34.82449271342895,35.046633117538114,4593700
2022-03-15,35.62761306762695,35.69596170841386,35.08081090453978,35.234599420307795,4228600
2022-03-16,35.9693603515625,36.08897616842719,35.516540452052624,35.77285354122429,4842200
2022-03-17,36.78102111816406,37.03733420688203,35.98644826169994,35.98644826169994,4556500
2022-03-18,36.75539016723633,36.78956611427514,36.40509485808275,36.45635551944327,4168700
2022-03-21,36.60159683227539,36.960434451212734,36.524702591189204,36.81519158427065,4729700
2022-03-22,36.93480682373047,37.182577536363546,36.80665191868397,37.182577536363546,5731500
2022-03-23,36.66140365600586,36.98606859651917,36.66140365600586,36.78956181281823,2854700
2022-03-24,36.994606018066406,37.16548245129103,36.798099260577,36.92625740029469,3130700
2022-03-25,36.97753143310547,37.16549590360732,36.87500683973994,36.87500683973994,9613900
2022-03-28,37.05442428588867,37.165494492349275,36.900635772081046,37.097142593235695,3014900
2022-03-29,36.9860725402832,37.592680927589136,36.789565735629076,37.51578667714207,4695100
2022-03-30,37.33636474609375,37.609765778496666,37.139857957753996,37.225294558180885,5154300
2022-03-31,37.216758728027344,37.56705406592007,37.1654948032633,37.53287811607737,3112100
2022-04-01,37.49869918823242,37.524329518980004,37.131315904594516,37.21675577241595,4057400
2022-04-04,37.379085540771484,37.40471587077049,37.16549076625279,37.336367237707265,3432200
2022-04-05,38.079673767089844,38.515408905100855,37.78064240508025,37.82336070548199,4885900
2022-04-06,39.06221389770508,39.079301870984985,38.25909544953783,38.42997192313922,5388900
2022-04-07,39.49795150756836,39.55775779307753,38.78027282226025,38.831536749495875,6415900
2022-04-08,39.84823989868164,39.93367976247666,39.506490221094225,39.54920852339296,3883400
2022-04-11,39.711544036865234,40.13019127060477,39.626107422239826,40.04475139678143,5113500
2022-04-12,39.75426483154297,39.984947616502566,39.60902192575256,39.96785964066873,5905300
2022-04-13,40.02766036987305,40.05329395966443,39.48940387221923,39.873871867915476,4754600
2022-04-14,39.57483673095703,39.9336776212602,39.52357281542876,39.865325733889165,3732500
2022-04-18,39.47230911254883,39.71153418148884,39.35269657807882,39.39541487478995,2432000
2022-04-19,39.20745086669922,39.51502782093915,39.156190213790666,39.2672571345573,3185600
2022-04-20,39.164737701416016,39.32706855555906,38.89133665275533,39.08784345278035,4461700
2022-04-21,39.036582946777344,39.275811329668464,38.86570972082381,39.096389227700655,5617700
2022-04-22,38.33598709106445,38.76317661640031,38.30181440602763,38.62647609866073,4446500
2022-04-25,38.56666564941406,38.60938394548214,37.942969401068304,38.03695160793632,4250000
2022-04-26,37.9258918762207,38.5923066041762,37.90026154336025,38.38725742289665,4734900
2022-04-27,38.8229866027832,39.17328191669784,38.37870906283332,38.583761488655476,5974800
2022-04-28,39.07930374145508,39.156197995296246,38.5324983479191,38.60085024431028,5107500
2022-04-29,38.68629455566406,39.010959609747374,38.62648826401693,38.916977363102326,4410000
2022-05-02,38.207828521728516,38.68627865829585,37.81481171915192,38.57521173899107,3831700
2022-05-03,38.549583435058594,38.77172382249613,38.32744630681862,38.64356565595928,5180900
2022-05-04,38.583763122558594,38.694833327048975,37.94297874612602,38.472692918068205,5436800
2022-05-05,37.9258918762207,38.25909924019845,37.71229707785569,38.17366262453164,4667400
2022-05-06,37.66957473754883,37.87462715607579,37.421804015761396,37.59268048800092,5681900
2022-05-09,36.875003814697266,37.19966880278527,36.781021587156175,37.122774549269636,4263400
2022-05-10,37.097145080566406,37.27656719817069,36.92627183972142,37.011708460143915,7844800
2022-05-11,36.33675003051758,37.17404134061274,36.328207671695466,36.75539731516432,8997200
2022-05-12,36.285491943359375,36.40510453057746,36.00354519417512,36.16587935614129,6191300
2022-05-13,37.01170349121094,37.02879146484096,36.55033798079362,36.64432020615986,6015800
2022-05-16,37.90879821777344,38.0113260522397,37.38762646642776,37.413260054643075,3631100
2022-05-17,38.19929122924805,38.37016771204917,37.934435777144245,38.139484949147324,4468400
2022-05-18,37.27655792236328,38.0027787928379,37.25092433525661,37.917342193675246,4792900
2022-05-19,37.517723083496094,37.689978131364285,37.087078892716754,37.10430505461446,7855100
2022-05-20,38.34455490112305,38.361781061115884,37.73304100637058,38.0603281895723,7484500
2022-05-23,38.54265213012695,38.87855404758353,38.482362210868295,38.62877964748098,6773400
2022-05-24,38.75796890258789,38.84409640814992,38.49958310034805,38.52542069490591,6592400
2022-05-25,38.732139587402344,38.835493273280385,38.43068668238926,38.732139587402344,6482700
2022-05-26,38.258426666259766,38.69768556164284,38.15507298492728,38.55126483466372,6379900
2022-05-27,37.94837188720703,38.08617791358568,37.77611353284501,38.08617791358568,5744600
2022-05-31,37.81056213378906,38.000043347910506,37.70720516002699,37.83639973445232,7944600
2022-06-01,37.069854736328125,37.68998017042265,36.871758792119,37.672757293147605,6125400
2022-06-02,37.37131118774414,37.37992591350743,36.768408520967206,37.28518364344252,4298900
2022-06-03,36.79424285888672,37.34546692956516,36.78562813465789,37.155982423186465,4991600
2022-06-06,36.87174987792969,37.21626319456871,36.75116676727452,37.21626319456871,3798800
2022-06-07,38.11200714111328,38.12923330131926,37.009559172363474,37.009559172363474,13604700
2022-06-08,38.06894302368164,38.50819860534443,37.801942471342876,37.89668470880354,11455900
2022-06-09,37.069854736328125,37.922528440291075,37.06124001213599,37.72443249608196,5830000
2022-06-10,37.72442626953125,37.87084698663875,37.00094397787212,37.319623009289714,10740600
2022-06-13,36.60475540161133,37.2076579123958,36.52723931757398,37.13014182835845,10286500
2022-06-14,35.51953125,36.26023643464824,35.364499091792325,36.11381899942664,7997300
2022-06-15,36.131046295166016,36.303304619204425,35.54536996476798,36.053530213626445,8438500
2022-06-16,35.864044189453125,36.079366263871606,35.588432197041804,35.69178587280752,5060500
2022-06-17,35.54537582397461,35.881277804163865,35.459245004980694,35.674567124133276,4304500
2022-06-21,35.97602081298828,36.21718054009389,35.881278552895395,36.165505333174046,4162900
2022-06-22,36.14827346801758,36.48417540224048,36.08798354574959,36.11382114513463,4946300
2022-06-23,36.82008361816406,36.837309782544416,36.47556690166688,36.6219876561224,6327100
2022-06-24,37.62968826293945,37.63830298667822,37.03540046158799,37.28517488114107,3936000
2022-06-27,37.638301849365234,37.80194545435808,37.43159119808881,37.56939720375498,3597300
2022-06-28,37.336849212646484,37.68136587198351,37.259333128573374,37.54355986535957,3869300
2022-06-29,37.69858932495117,37.853621481958704,37.388525010936114,37.44881492915525,3789900
2022-06-30,37.491886138916016,37.57801695745838,36.99234053358943,37.224888815321634,6023700
2022-07-01,37.681365966796875,37.698592128362506,36.957883608812196,36.98372120838346,3086700
2022-07-05,37.29378890991211,37.319629797368975,36.79424332165981,37.18182049241147,4736100
2022-07-06,37.13014221191406,37.37991662812063,36.92343155716101,37.10430461215283,4558500
2022-07-07,37.311004638671875,37.491874372514744,37.21626241078644,37.30239320229763,5088100
2022-07-08,36.46694564819336,36.83729986881311,36.363591975280926,36.54446172426619,5007600
2022-07-11,36.40666198730469,36.69088545803803,36.33775733648776,36.38082438602563,4086100
2022-07-12,35.6917839050293,36.34636481508308,35.63149399036039,36.30330105968442,5591600
2022-07-13,35.24391174316406,35.40755860473674,35.00275209733539,35.11472048385031,10258100
2022-07-14,34.64101791381836,34.675466950225704,34.330953587272425,34.55488710891434,8452300
2022-07-15,35.52814865112305,35.53676009000046,34.847729985392654,34.96830984300468,9194200
2022-07-18,34.80466079711914,35.700401436324825,34.744370877706665,35.50230551746179,4662600
2022-07-19,37.81917953491211,38.542662037541795,36.25163466014028,38.18953386873177,519500
2022-07-20,35.82958984375,37.63829713796073,35.82958984375,37.63829713796073,617700
2022-07-21,36.15688705444336,36.43249908277544,35.89850118857635,36.2946930686094,218300
2022-07-22,36.42388916015625,36.54446901687533,36.079372467626285,36.131050957172185,3341700
2022-07-25,36.31191635131836,36.76839812100011,36.191336509180104,36.69949676215866,4837000
2022-07-26,36.62198257446289,36.75978858482885,36.15688605739487,36.21717598158283,5246300
2022-07-27,37.50049591064453,37.63830191655671,36.24301569600158,36.415270739226045,4885100
2022-07-28,36.97511291503906,37.25933639115871,36.39804795295245,36.923434425947015,6326300
2022-07-29,36.32052993774414,36.673661332831436,36.13966016383685,36.44972451085191,5022600
2022-08-01,35.85543441772461,36.389432267133266,35.734854576137586,36.31191618531957,5712300
2022-08-02,35.46784591674805,36.096585865545,35.40755600970954,35.889875266017604,4398100
2022-08-03,35.15779113769531,35.45062931605976,35.11472737613821,35.36450179294556,2911400
2022-08-04,34.968299865722656,35.286978867690316,34.873560922883534,35.25252655090131,3254600
2022-08-05,34.942474365234375,35.002764297705866,34.51183011297804,34.52905627733488,3820900
2022-08-08,34.718544006347656,35.019993696547346,34.60657557046411,34.93386615236321,2889900
2022-08-09,34.47737503051758,34.73576418967747,34.408473664148346,34.63240721179165,6337100
2022-08-10,32.987342834472656,33.874472060720876,32.53947250246141,33.736662771898075,15665300
2022-08-11,30.77383041381836,30.99776721063048,29.714446204280083,30.127864191986184,35389900
2022-08-12,31.0322208404541,31.135577816850518,30.369028360239444,30.997771800543223,11969300
2022-08-15,30.102027893066406,30.343187574909862,29.645542842435827,29.740285084746972,15402900
2022-08-16,30.3690185546875,30.6101814695245,30.02450526793305,30.170922675554145,11687500
2022-08-17,29.88669776916504,30.084793638177384,29.499117466508995,29.78334411697455,11519100
2022-08-18,29.835311889648438,30.140196959321546,29.521713919128654,30.1314873814729,6992100
2022-08-19,29.6698055267334,30.044380538964784,29.652383046746092,29.861446160597207,4888900
2022-08-22,29.661088943481445,29.83531039873054,29.56526697694455,29.634956888243334,5461900
2022-08-23,29.382335662841797,29.486867205790844,29.20811420926149,29.39975814049961,6075100
2022-08-24,29.208120346069336,29.295232752661267,28.89452232833546,29.0077667954057,5800600
2022-08-25,29.382335662841797,29.391048563169623,28.97291574537775,29.20811420926149,6393300
2022-08-26,28.911943435668945,29.669806383509343,28.833543934961263,29.425894979641896,8173600
2022-08-29,28.842252731323242,28.946784276388428,28.72900828575385,28.81612067580642,3794600
2022-08-30,28.71158790588379,28.99905382956741,28.676742947316413,28.946786391716348,3994500
2022-08-31,28.293455123901367,28.641898023576594,28.27603264661783,28.563498537299555,4291800
2022-09-01,27.605283737182617,27.866614249029542,27.53559548992351,27.727237754511332,12390900
2022-09-02,27.74466323852539,27.849194789993206,27.41364278204618,27.52688723455188,8153500
2022-09-06,27.413644790649414,27.666265771287826,27.32653571187675,27.570443790838887,5613900
2022-09-07,27.43106460571289,27.518175337520766,27.143600353796202,27.187154888950634,4822000
2022-09-08,27.448486328125,27.474620045397042,26.856135361950457,26.925823613176934,6620900
2022-09-09,27.77950668334961,27.849194938532868,27.640130172983092,27.83177412086135,3556800
2022-09-12,28.267324447631836,28.65060899756319,28.154080001266557,28.180212056967033,7797600
2022-09-13,27.55301856994629,27.962436848552542,27.53559775282401,27.875327778444113,5225500
2022-09-14,27.17844581604004,27.500753369768297,27.047778885151185,27.387510579363543,5313700
2022-09-15,27.021644592285156,27.343952119344298,26.960667582382015,27.091332840960018,7691000
2022-09-16,26.85613441467285,26.978088434642846,26.55995894203237,26.795157404687856,9666000
2022-09-19,26.812580108642578,26.882268357999394,26.594804121715168,26.708046903857895,5832800
2022-09-20,26.559959411621094,26.67320385630878,26.359605900556957,26.620936422684185,5313900
2022-09-21,25.93276596069336,26.446717443345925,25.89792100386994,26.42929496493421,6286700
2022-09-22,26.141834259033203,26.272499541826594,25.732415929880784,25.74983674915381,7544500
2022-09-23,25.575611114501953,25.8108079054877,25.340412662017368,25.654010598663483,9076300
2022-09-26,25.1052188873291,25.497216381176713,24.800332132280865,25.314283663548114,12328900
2022-09-27,24.96584129333496,25.593035594947686,24.91357551690867,25.436238265668813,6661800
2022-09-28,25.662721633911133,25.784677317036593,25.070372342083036,25.24459213562109,8868400
2022-09-29,25.575611114501953,25.767253374953,25.322990185203953,25.62787688344336,7719000
2022-09-30,25.6365909576416,25.87178943614267,25.593034760790097,25.662723014253483,6652400
2022-10-03,26.350894927978516,26.490271429388404,25.924054184723367,26.04600820808228,6139600
2022-10-04,26.751604080200195,27.01293628723693,26.629650047149173,26.769026559635797,7889200
2022-10-05,26.490272521972656,26.64707150790065,26.281207761235006,26.3160510572751,5803800
2022-10-06,26.13311767578125,26.298627886280883,25.993741181096993,26.159251391596626,6232000
2022-10-07,26.228939056396484,26.49898080116227,26.167962049013774,26.29862730219084,5487200
2022-10-10,26.298629760742188,26.385740491503473,26.150542016897703,26.220230269206933,4554500
2022-10-11,26.5076961517334,27.065202204574614,26.429296655365214,26.51640739149643,5941800
2022-10-12,26.455432891845703,26.690629741829753,26.411876688886245,26.507698673897796,6058300
2022-10-13,26.6993350982666,26.88226778738204,25.92405313294122,26.11569539922983,6199500
2022-10-14,26.751604080200195,27.03907000639033,26.655783766302573,26.856137295314706,5553200
2022-10-17,27.265554428100586,27.50946414528036,27.187154935489197,27.326533103519793,5061700
2022-10-18,27.22199821472168,27.309108941308573,27.056488000356474,27.24813193114742,4094500
2022-10-19,27.27426528930664,27.544308720779245,27.091334250082287,27.483330046205467,6404400
2022-10-20,27.056489944458008,27.33524296036629,26.943247154807406,27.16102315617313,4433500
2022-10-21,27.762086868286133,27.901461722187012,27.091336349486667,27.16973584708656,7179500
2022-10-24,27.666263580322266,27.884037921506962,27.509464592550124,27.56173036797449,5601500
2022-10-25,28.084392547607422,28.145369557697627,27.814349129352355,27.823060368150802,3578100
2022-10-26,28.47638702392578,28.65060847910477,28.23247898047392,28.24118855788383,6537700
2022-10-27,28.502525329589844,28.580924826322754,28.337013434821365,28.44154831246405,6020300
2022-10-28,28.981630325317383,29.129716409494282,28.668032355298028,28.755141425637614,7602300
2022-10-31,28.894519805908203,29.155853679871594,28.807410729919237,28.868387747711164,8704100
2022-11-01,29.147136688232422,29.504289166464883,29.04260514711501,29.39104804817009,7927900
2022-11-02,28.850963592529297,29.704645115040947,28.82483153584975,29.704645115040947,7005900
2022-11-03,28.607053756713867,28.729007777632603,28.32830075947166,28.458964357742655,5478800
2022-11-04,28.737720489501953,28.972915629446753,28.485099548971228,28.964206052151614,5385900
2022-11-07,27.823060989379883,28.049548218699698,27.587862521067123,27.84919304485978,8028400
2022-11-08,28.066972732543945,28.302171217917,27.875328783795943,27.971150758169944,6438700
2022-11-09,28.241188049316406,28.441544879112826,28.049547442768667,28.084392397776547,5991700
2022-11-10,29.155847549438477,29.18197960214088,28.685450662809927,28.97291321152901,4680900
2022-11-11,27.509464263916016,27.78821727818131,27.195866292118044,27.709817785231817,13085500
2022-11-14,28.34572410583496,28.694163701566808,28.249902137034372,28.29345667112611,7709700
2022-11-15,28.127946853637695,28.493808911233305,27.936302924612683,28.432831901634035,5492700
2022-11-16,28.668027877807617,28.96420332290155,28.546073869180265,28.885803842641465,5308800
2022-11-17,28.665393829345703,28.70057768917255,28.27838143720299,28.357543444154633,3529000
2022-11-18,28.92926788330078,29.052408045106713,28.76214957160956,28.806127721494853,4007600
2022-11-21,29.41303253173828,29.536176041698795,29.175546509790777,29.51858411170444,4001000
2022-11-22,29.773658752441406,29.7824563951104,29.527378442790617,29.57135659018289,3355300
2022-11-23,29.6329288482666,29.791252874783822,29.421832383122187,29.6153369169516,3453700
2022-11-25,29.896804809570312,29.94957724880983,29.703296918177784,29.729683137797547,1645000
2022-11-28,29.694496154785156,29.949574102034884,29.650518008267014,29.703293797279287,7149300
2022-11-29,30.222240447998047,30.450928796364522,30.072710740925377,30.178262306618006,4067400
2022-11-30,30.424551010131836,30.424551010131836,29.808846794311265,30.24863504056624,4092000
2022-12-01,30.811561584472656,30.98747754333625,30.574075543304485,30.60925940614077,3865900
2022-12-02,31.093017578125,31.198569138802718,30.70600525492423,30.72359718170385,4894100
2022-12-05,30.9259033203125,31.216165116871483,30.811557459063444,30.820355101253504,5319100
2022-12-06,33.35354232788086,34.95437479156568,30.116703597963745,30.556491888291195,30761000
2022-12-07,32.438777923583984,33.10725449789261,32.35081827215021,33.02809248926102,14161500
2022-12-08,32.1924934387207,32.53553103763909,31.93741884432362,31.981396991266735,8568300
2022-12-09,31.63836097717285,32.10453534825417,31.611971406229724,31.998987130433697,4533000
2022-12-12,31.4096736907959,31.752707963619315,31.383287471445733,31.559203429521745,4446800
2022-12-13,31.796689987182617,32.34202644630867,31.603182094617488,32.13092662211781,7205900
2022-12-14,31.594371795654297,31.91981736739245,31.427253545127847,31.735107192286925,6694600
2022-12-15,31.339309692382812,31.796689846676998,31.304125829286832,31.708730188937043,3707800
2022-12-16,30.741199493408203,31.031457995034035,30.67083176251825,30.96109361946217,6353200
2022-12-19,30.67082405090332,30.908310049968286,30.547683908125318,30.802761835489605,3149700
2022-12-20,30.776376724243164,30.917108800366695,30.626847005995895,30.626847005995895,3714100
2022-12-21,31.049043655395508,31.532809963922748,30.917109219606665,30.96988165179524,5608300
2022-12-22,31.05783462524414,31.110607046095208,30.837940590853528,30.95228307290863,3333900
2022-12-23,30.978675842285156,31.101815977427663,30.793962284254356,31.013856341385132,3348200
2022-12-27,30.84674072265625,31.013859012555116,30.811556865208914,30.99627043914877,2503100
2022-12-28,30.5916690826416,31.075438833773205,30.574077150298812,30.969887239716485,3174000
2022-12-29,30.899518966674805,30.99627290469244,30.723603020762518,30.749989238288205,2395100
2022-12-30,30.90831184387207,31.05784156543631,30.662031544022074,30.78517169394707,2643400
2023-01-03,31.040252685546875,31.145800916520706,30.697218418393593,30.732398925173026,3145000
2023-01-04,30.811561584472656,31.30412559822715,30.732399570749934,31.286533666809007,2752300
2023-01-05,30.327796936035156,30.521304837303866,30.20465676443435,30.415756598120037,4352600
2023-01-06,30.71480369567871,30.758785196235944,30.10789723860731,30.195856884404375,2940400
2023-01-09,30.371768951416016,30.96108682467304,30.354177022554293,30.749987033649703,4339400
2023-01-10,30.55648422241211,30.67082673338226,30.38936256661068,30.547686579834387,3023000
2023-01-11,30.494916915893555,30.556490360353404,30.27502278172535,30.433346826751915,2899800
2023-01-12,30.9171142578125,31.031456783065767,30.319001989880206,30.556488039381378,3373600
2023-01-13,31.119409561157227,31.19857156015087,30.93469599329392,30.96108556316994,4433700
2023-01-17,31.27773666381836,31.409671105025627,31.1194126501156,31.216166586858126,3664900
2023-01-18,30.952293395996094,31.321717241745795,30.89952095754457,31.268941447976463,4844000
2023-01-19,31.321714401245117,31.427262623894023,30.987474448319826,31.005066377980896,3082000
2023-01-20,31.119409561157227,31.128203847571093,30.864331636031356,31.013857992287562,4141500
2023-01-23,31.10181999206543,31.251346359663117,31.0226579870674,31.10181999206543,3963100
2023-01-24,30.521297454833984,30.785169666627347,30.362973456694522,30.785169666627347,5041300
2023-01-25,30.934696197509766,31.013858197026,30.71480212722215,30.732394055483226,3763700
2023-01-26,31.084226608276367,31.145796680914493,30.758784316429516,31.057840392950688,4988000
2023-01-27,31.049043655395508,31.172183804258726,30.89071964819497,31.075433226807203,3476100
2023-01-30,30.890722274780273,31.339308118430086,30.873130344115804,31.27773803876328,4742700
2023-01-31,31.01386260986328,31.251348642202903,30.81156043905198,31.154594700658865,5839300
2023-02-01,31.216167449951172,31.480039694979034,30.87312984056555,31.013861928268252,5780900
2023-02-02,30.899518966674805,31.321715223673735,30.670827230393556,31.163391207884438,5445600
2023-02-03,30.635644912719727,31.251345654004634,30.574071483273844,31.119411218865324,3633200
2023-02-06,31.084226608276367,31.216164395539387,30.969880749669574,31.137002394245037,4932400
2023-02-07,31.814279556274414,31.814279556274414,31.462450978734463,31.655958877338126,4071900
2023-02-08,31.946218490600586,32.18370455031302,31.867056470696443,32.157318328784335,3415300
2023-02-09,32.04296112060547,32.3947929414825,31.93741291646913,32.315630949551014,6059300
2023-02-10,31.524023056030273,31.71753096686379,31.30412892292608,31.69993903357727,2983500
2023-02-13,31.867048263549805,31.867048263549805,31.682338049783723,31.717521906305997,2667400
2023-02-14,31.717527389526367,31.779097471425757,31.453651775308625,31.761505540123387,5505900
2023-02-15,31.286531448364258,31.321715308705752,30.6532353834878,31.00506727626752,10405600
2023-02-16,30.90831184387207,31.049043923117416,30.74119354830492,30.86433369822992,5585200
2023-02-17,31.559206008911133,31.576797941688337,31.005071870042585,31.075439601151395,2919800
2023-02-21,31.66474723815918,31.735114953685198,31.4096693023534,31.57679094906901,2672100
2023-02-22,31.43606185913086,31.72632032495104,31.383286067473705,31.72632032495104,1990200
2023-02-23,31.311737060546875,31.453820820909282,31.098613113775293,31.276218661114317,2981600
2023-02-24,30.698999404907227,30.992049046347717,30.663477620330713,30.956527261771203,3970100
2023-02-27,30.921003341674805,31.15189153793231,30.867720668489934,30.992046905921296,2897500
2023-02-28,30.432586669921875,30.78779428155609,30.432586669921875,30.681232336820138,3264100
2023-03-01,30.423709869384766,30.50363218884423,30.246107726180387,30.388191473270133,3258500
2023-03-02,30.707883834838867,30.761163128133067,30.281629163220767,30.317150950446287,2425200
2023-03-03,30.778921127319336,30.787799879518726,30.53915416741069,30.592436843238307,2876300
2023-03-06,30.592437744140625,30.84108346357091,30.548037206748624,30.707881851394912,2782700
2023-03-07,30.219470977783203,30.74340553927559,30.18395257428372,30.69012624025414,2984100
2023-03-08,29.8287353515625,30.157303382804415,29.784334815590956,30.095141954935503,2335400
2023-03-09,29.748811721801758,30.112901520805647,29.633367623324347,30.086261877904555,2336300
2023-03-10,29.748811721801758,30.07737973857512,29.7044111877854,29.757690473587587,2418100
2023-03-13,29.76657485961914,30.024102718912573,29.59785146260475,29.837615041898516,3699600
2023-03-14,29.944177627563477,29.961938518376858,29.713289434533078,29.748811216159837,3469600
2023-03-15,29.819856643676758,29.970819143712973,29.482406472213068,29.660012003906786,3803300
2023-03-16,30.032981872558594,30.041864012677078,29.517929534635357,29.553447932477578,2025500
2023-03-17,30.254993438720703,30.370437568397364,30.086270008842906,30.183953242604346,2776600
2023-03-20,31.018692016601562,31.027570769925692,30.530279282713924,30.672363048709315,2973800
2023-03-21,31.125242233276367,31.151885258269843,30.92099710855525,31.045319933381766,2321500
2023-03-22,30.992048263549805,31.365016829551262,30.992048263549805,31.151892902562928,2301400
2023-03-23,31.276208877563477,31.551494171659762,31.107482135976205,31.515975783337755,2980400
2023-03-24,30.530275344848633,30.698998736598266,29.979697858530084,30.48587480886649,5443800
2023-03-27,31.116374969482422,31.20517605212592,30.796685651895167,30.841086193216917,3057700
2023-03-28,31.169649124145508,31.249571440363056,31.045326273927905,31.196292154580426,3110400
2023-03-29,31.13413429260254,31.24957501670553,31.00092928781418,31.11637339946116,2446100
2023-03-30,31.32061767578125,31.33837856840462,31.125251244468064,31.134133384551696,2488100
2023-03-31,31.59590721130371,31.73799096825966,31.42718042098204,31.498223993232,2800000
2023-04-03,31.924476623535156,31.933355376672495,31.595908556747656,31.631426956841135,2816900
2023-04-04,32.45729064941406,32.4839336845394,32.075439892211435,32.128722574917916,3452900
2023-04-05,33.25651168823242,33.283151333999974,32.8213782779466,32.848021311258115,5253100
2023-04-06,33.74492263793945,33.93140692371755,33.49627692356865,33.567317104441535,5059700
2023-04-10,33.629478454589844,33.78932309561073,33.46075506130948,33.74492255922577,2681600
2023-04-11,33.16770553588867,33.593960171750105,33.14994803130959,33.593960171750105,2963100
2023-04-12,33.487396240234375,33.68276267433366,33.42523480893804,33.54955767153071,2524700
2023-04-13,34.02908706665039,34.02908706665039,33.73604084222765,33.77155923568798,2760700
2023-04-14,33.54067611694336,33.8514832474608,33.45187165997862,33.83372235606785,2693900
2023-04-17,33.20322036743164,33.46962691840207,33.15881984019375,33.46074816797172,2903600
2023-04-18,32.661529541015625,33.07002325441532,32.61712900777797,32.99010093957011,2495400
2023-04-19,32.79473876953125,32.90130074059173,32.661533765047665,32.856900201611865,2649200
2023-04-20,32.37736129760742,32.71481143981226,32.35072165580349,32.71481143981226,2999000
2023-04-21,32.59937286376953,32.60825500423652,32.36848802478842,32.49281089097394,2268100
2023-04-24,32.54609298706055,32.65265495794373,32.45728852170458,32.63489406487254,2480600
2023-04-25,32.776973724365234,33.141063517948986,32.58160731254933,33.07890209374275,3995900
2023-04-26,31.906713485717773,32.86577797167315,31.72022919505199,32.768098143855745,3765700
2023-04-27,31.977754592895508,32.08431995139426,31.702469218967014,32.01327637906176,2696200
2023-04-28,31.99551010131836,32.20863739490379,31.835665478015144,31.89782689957268,2559900
2023-05-01,32.14647674560547,32.306321372748656,31.92447069541143,31.959992476452914,2055100
2023-05-02,32.27967834472656,32.44840511090987,32.1020762145977,32.14647674712992,2631500
2023-05-03,32.714813232421875,33.052263393117315,32.60825127182361,32.679291449707904,4806700
2023-05-04,32.59937286376953,32.86577948953052,32.56385107698966,32.82137894982769,2735400
2023-05-05,32.83913803100586,32.90129946066827,32.3418432061627,32.39512588339213,2511000
2023-05-08,32.65265655517578,33.016746412085084,32.62601690803788,32.91906318918725,2112000
2023-05-09,32.36848831176758,32.49281117905535,32.208643657385,32.24416544447981,2132900
2023-05-10,32.43952178955078,32.483925708008094,32.119832546900994,32.359599478888335,2648500
2023-05-11,32.21751403808594,32.235274927017855,31.942228728499163,32.155352620595814,1435000
2023-05-12,32.43952178955078,32.96345618443941,32.36848161759714,32.732571391160874,2048200
2023-05-15,32.661529541015625,32.72369096505706,32.386244202416,32.52832794130264,2479300
2023-05-16,32.3862419128418,32.5638440332367,32.36848102329365,32.36848102329365,2117600
2023-05-17,32.093196868896484,32.47504757948739,31.88895169143639,32.466168827225545,2407700
2023-05-18,31.57134246826172,31.93897228738009,31.454779335222558,31.903108549780594,3261500
2023-05-19,31.930011749267578,31.983809073558245,31.526514714682882,31.526514714682882,2639800
2023-05-22,31.69687271118164,31.974838043392058,31.643075396901132,31.750673445942457,3494500
2023-05-23,31.7596378326416,31.956903768651625,31.696872020362093,31.804473487538594,1678100
2023-05-24,31.105077743530273,31.436843804451723,31.105077743530273,31.41891022652514,2879300
2023-05-25,30.585018157958984,30.97058153838701,30.423619374501655,30.934714381956425,3224300
2023-05-26,30.701587677001953,30.96161603508496,30.656752016884983,30.74641991663829,2207700
2023-05-30,30.360855102539062,30.755383581866486,30.280155706712943,30.755383581866486,4934900
2023-05-31,30.12771987915039,30.199454190617434,29.939422442269755,30.03805541029682,3342200
2023-06-01,30.30706024169922,30.486392647249858,29.885633022208527,30.055996926217006,2671300
2023-06-02,30.585018157958984,30.719514863853224,30.378787139203578,30.44155295271695,1990800
2023-06-05,30.73744773864746,30.871947861943987,30.638814770960703,30.647783270103258,1433800
2023-06-06,31.042312622070312,31.140945592622106,30.880913837618344,31.078179778721932,2273200
2023-06-07,30.809181213378906,31.114045186824267,30.69261467105212,31.087143110607236,2232600
2023-06-08,31.131980895996094,31.149914474542125,30.81814840216108,30.934714952470106,2523800
2023-06-09,31.1678466796875,31.221647418859185,30.871951165444692,30.96161564358358,1751200
2023-06-12,30.836076736450195,31.114042025919904,30.71951020596551,30.997475495435218,2700300
2023-06-13,31.060245513916016,31.078179091845467,30.818147342588812,30.82711584179366,3800400
2023-06-14,30.907817840576172,31.176814691258325,30.880915761171583,31.14991603233427,1954800
2023-06-15,31.62514305114746,31.66997528828853,31.284411892010553,31.311310550199106,3320800
2023-06-16,31.51755142211914,31.813446983946783,31.13198794725196,31.625149497285452,5945400
2023-06-20,31.042312622070312,31.302344377074075,31.033347543147567,31.20371140652228,2696200
2023-06-21,31.51755142211914,31.55341516685382,30.988522706869833,31.21268735874698,7023200
2023-06-22,31.096115112304688,31.2485454059577,30.98851705675665,31.087146612395383,4840500
2023-06-23,32.62043380737305,32.790797673345665,32.04657297411751,32.27970265494743,7620300
2023-06-26,32.52180099487305,32.68319978257806,32.26176923462827,32.629399046516255,3735500
2023-06-27,32.064510345458984,32.405241574535395,31.983810933848286,32.22590916868038,4939000
2023-06-28,31.858274459838867,31.974841019095283,31.696875661016325,31.938973859250137,3887300
2023-06-29,31.7596378326416,31.840337222783862,31.409941615518548,31.47270742779806,4049900
2023-06-30,31.956907272338867,31.98380593184199,31.607211016875862,31.607211016875862,4970000
2023-07-03,31.643075942993164,31.93000635904204,31.643075942993168,31.921037859520307,2389300
2023-07-05,31.140947341918945,31.445811349622357,31.123013762585742,31.409944190955954,3310900
2023-07-06,30.56708526611328,30.925749997512167,30.504319451190533,30.925749997512167,3185600
2023-07-07,30.316022872924805,30.558121060466725,30.226354977271978,30.504320323075028,3369900
2023-07-10,30.351884841918945,30.46845138923435,30.217388136998345,30.289119028859943,2911100
2023-07-11,30.593984603881836,30.62088668264701,30.39672207565979,30.40568715492788,2587900
2023-07-12,30.934715270996094,31.167844953534253,30.800215140756123,30.800215140756123,3051300
2023-07-13,31.203712463378906,31.490642885349438,31.203712463378906,31.436845569030236,2849000
2023-07-14,30.961610794067383,31.2754432593591,30.94367721715242,31.212677450396768,2875100
2023-07-17,30.943681716918945,31.02438111453138,30.880915898829336,30.96161529644177,2404600
2023-07-18,31.203712463378906,31.3830448322306,31.024380094527217,31.087145910553243,2806900
2023-07-19,31.553407669067383,31.687907796425925,31.490641855094818,31.53547409072089,2490200
2023-07-20,32.010711669921875,32.06450899507593,31.903113599132773,31.9300122617098,2862900
2023-07-21,32.055538177490234,32.10933891349672,31.80447491708739,31.858272232613494,3220400
2023-07-24,32.0376091003418,32.15417566782746,31.858276708936362,31.885178790959742,3149600
2023-07-25,32.010711669921875,32.14520840328801,31.876211516074747,31.885180017254424,3574700
2023-07-26,32.16313934326172,32.26177232525036,31.8134430765607,32.0555412813108,4243100
2023-07-27,32.16313934326172,32.620437092394376,32.154174263299446,32.49490545003819,2957000
2023-07-28,31.77756690979004,32.07346577189638,31.741703179624217,32.028633543829294,2865900
2023-07-31,31.894140243530273,31.95690606031078,31.741709951486328,31.86724158504734,2401700
2023-08-01,31.320281982421875,31.678946754092948,31.275449741083182,31.5892788509348,2612800
2023-08-02,31.051280975341797,31.266477073278132,31.01541381885897,31.06921455358321,2174000
2023-08-03,30.638818740844727,30.76435380174455,30.45948978052059,30.486388440473082,2554500
2023-08-04,30.827119827270508,30.9436829681614,30.52225580401608,30.52225580401608,3802000
2023-08-07,31.060245513916016,31.060245513916016,30.880913155101762,30.934713888890112,1985300
2023-08-08,31.365110397338867,31.3920090547644,31.015414168885574,31.078179983198712,2302200
2023-08-09,31.54444122314453,31.661007767105126,31.4099411016146,31.4099411016146,1547700
2023-08-10,31.454774856567383,31.74170523939181,31.436841280080863,31.544439318520027,1693600
2023-08-11,31.67894172668457,31.87620424136566,31.042311686976767,31.051280186109672,5244000
2023-08-14,31.77756690979004,31.849301211081183,31.400972089450782,31.54443727155332,5034700
2023-08-15,31.616174697875977,31.69687409329587,31.445810827758624,31.616174697875977,3432200
2023-08-16,31.427871704101562,31.625137618210136,31.374074396966392,31.374074396966392,2841900
2023-08-17,31.582801818847656,31.691519616261136,31.492200774272703,31.492200774272703,4810000
2023-08-18,31.229467391967773,31.42878278430524,31.193226972969477,31.26570435488949,3384500
2023-08-21,31.301942825317383,31.383482034949377,31.175104822795692,31.31100465754114,2819600
2023-08-22,31.3653621673584,31.528440588394215,31.3653621673584,31.45596321019852,2488300
2023-08-23,31.66434097290039,31.673399349303054,31.39254475182654,31.573739928491467,2987400
2023-08-24,31.229467391967773,31.754939643136744,31.20228534968076,31.56468262751056,2788400
2023-08-25,31.501264572143555,31.57374195624894,31.238526710598578,31.437845565022585,2429100
2023-08-28,31.80929946899414,31.899897058127262,31.48314261839251,31.48314261839251,3077900
2023-08-29,32.17169189453125,32.23511435148178,31.87271709842095,32.09921451756489,2568800
2023-08-30,32.1535758972168,32.434430491660045,32.11733547984463,32.34383290430605,1809900
2023-08-31,31.82741928100586,32.27135230072742,31.82741928100586,32.253232091911535,3957600
2023-09-01,31.736818313598633,32.03579657566832,31.664340934236453,32.026734743200265,1653900
2023-09-05,31.31100845336914,31.70058434038619,31.28382640947896,31.682464129818328,2375700
2023-09-06,31.175106048583984,31.365363059847322,31.093566835745907,31.347242850763696,2270400
2023-09-07,31.383481979370117,31.46502118885771,31.229465392602638,31.311004602090232,2431000
2023-09-08,33.11392593383789,33.1592247318497,32.09015650960261,32.21699798254313,11780400
2023-09-11,33.539737701416016,33.666575701121715,33.14110349433005,33.2951200779509,5942600
2023-09-12,33.394775390625,33.512554999913185,33.13203759147284,33.48537296326154,3129500
2023-09-13,33.3041877746582,33.37666862681866,33.20453178705345,33.26795080465523,4166000
2023-09-14,33.87495422363281,33.87495422363281,33.56691758835724,33.61221638199968,4262100
2023-09-15,33.911190032958984,34.24640520765406,33.85682941432899,34.15580763268002,4765900
2023-09-18,33.838722229003906,34.201119580499714,33.739066240615976,34.15582077558206,3366300
2023-09-19,33.95649337768555,33.95649337768555,33.71187574513482,33.77529474734318,2359700
2023-09-20,34.491024017333984,34.61786200917754,34.291705198107785,34.33700744325997,4369200
2023-09-21,34.08332824707031,34.40948506047093,34.074269871620785,34.31888748167124,4350600
2023-09-22,33.911190032958984,34.192048045100016,33.85682941432899,34.06520660163004,4456500
2023-09-25,34.16487503051758,34.173936864053736,33.66658132441163,33.86590018928476,5102400
2023-09-26,33.775291442871094,34.2101660395001,33.775291442871094,34.092389878965385,2930800
2023-09-27,33.55785369873047,33.78435108580709,33.34041468646354,33.69375005733093,2868900
2023-09-28,32.92365646362305,33.38570955841336,32.88741605648153,33.24075138592273,8135400
2023-09-29,32.84212875366211,33.22264279340843,32.6971705305097,33.09580478015966,4209400
2023-10-02,32.697166442871094,32.76058544156715,32.45254882386792,32.697166442871094,3187600
2023-10-03,32.51597213745117,32.805888585984135,32.40725433327048,32.778709998958135,2932200
2023-10-04,32.688106536865234,32.84212311046677,32.4706675114604,32.77870411473955,3414600
2023-10-05,32.760589599609375,32.79683001948575,32.515971949558825,32.56127074636596,2399300
2023-10-06,33.204524993896484,33.340421379779066,32.814949133428634,33.068625151937354,3767700
2023-10-09,33.612220764160156,33.64846118622948,33.258885289176376,33.47632436551548,2661800
2023-10-10,33.829654693603516,33.947434319371226,33.711875067835805,33.74811548439146,2095400
2023-10-11,34.02897262573242,34.15581062423563,33.838712171901356,34.07427141718696,2975600
2023-10-12,33.530677795410156,33.90213343991755,33.51256104247695,33.766237056459616,4382200
2023-10-13,33.23170471191406,33.675637759427154,33.18640591507674,33.431023565290275,2423700
2023-10-16,33.14110565185547,33.22264140890896,32.85118576155594,32.89648801246545,2737100
2023-10-17,33.22264862060547,33.512568573838415,33.059573615023,33.20453186360084,3456300
2023-10-18,32.87836837768555,33.32230141331136,32.814949372596146,33.177343193667504,2696200
2023-10-19,32.06297302246094,32.48878926207172,31.93613502497932,32.470669054420604,4049100
2023-10-20,32.2351188659668,32.371015262839464,32.18981661093242,32.198878444370024,2816700
2023-10-23,32.43443298339844,32.58845304102436,32.307594968928086,32.39819256324214,3782800
2023-10-24,32.59750747680664,32.60656930878843,32.35288985444228,32.416308854009756,2455900
2023-10-25,32.66092300415039,32.869300188587275,32.46160765073192,32.733403827994124,2316400
2023-10-26,32.32571029663086,32.796825319276905,32.28041150631562,32.724344489911594,4358600
2023-10-27,31.31100845336914,32.099218604648776,31.247589444420022,32.099218604648776,5294000
2023-10-30,31.95425796508789,32.171693563342146,31.872718751723415,32.0267353458138,3500000
2023-10-31,32.34383773803711,32.3528961156957,31.908963032809076,32.06297964554368,5726200
2023-11-01,31.32912826538086,31.61904471862487,30.70399310501112,31.030149978929813,8161300
2023-11-02,30.95766830444336,30.993908724142738,30.504673426431065,30.794593327949446,5188600
2023-11-03,31.20227813720703,31.392538564930685,31.09356036141907,31.10262219211227,4686400
2023-11-06,31.519384384155273,31.664342606612166,31.32006553224831,31.4016047483851,2831300
2023-11-07,31.691518783569336,31.791178201945012,31.62809978207143,31.691518783569336,2672800
2023-11-08,31.764001846313477,31.981437450685533,31.664342420944358,31.83647922907862,2780400
2023-11-09,31.22040367126465,31.77305793130132,31.202283462861242,31.7639995551378,4006500
2023-11-10,31.175106048583984,31.229466675834864,30.703990980639166,31.19322625766761,3927900
2023-11-13,31.35630226135254,31.365360637156424,31.102626265928933,31.256642847128624,4261500
2023-11-14,31.238525390625,31.43784423662686,31.166048009582124,31.39254544146549,3426100
2023-11-15,31.229467391967773,31.437844617093106,31.147928177259896,31.166048386759044,4420900
2023-11-16,31.513113021850586,31.568015174387828,31.37586287626492,31.494812304338172,4111600
2023-11-17,32.208526611328125,32.300026709197795,31.769319858644717,31.842519238839458,4817100
2023-11-20,32.12618637084961,32.336639462010076,31.99808479279595,31.99808479279595,2468900
2023-11-21,32.37324142456055,32.53794445339119,32.290889910145225,32.290889910145225,2758800
2023-11-22,32.208526611328125,32.36407747580756,32.14447584471836,32.300026709197795,1712700
2023-11-24,32.766693115234375,32.903943290654425,32.73009167225341,32.77584173072676,1808000
2023-11-27,32.601993560791016,32.931399601451105,32.50134132719976,32.86734532420623,2295500
2023-11-28,32.611141204833984,32.74839488118501,32.428137466534615,32.43728957322787,2368300
2023-11-29,32.4738883972168,32.60198995653231,32.34578334739558,32.53793917687455,2020300
2023-11-30,32.93140411376953,32.9497013491968,32.57454519381962,32.82159975816653,2890500
2023-12-01,33.46210479736328,33.480405519793365,32.93139780891445,32.96799576326872,2547400
2023-12-04,33.517005920410156,33.617658145386784,33.28825213291992,33.34315080799387,3358900
2023-12-05,33.24250411987305,33.3065549050727,33.06864899675455,33.17844984416738,2271400
2023-12-06,33.09609603881836,33.324849824512725,33.05949808589164,33.23334970643729,2330400
2023-12-07,32.9405403137207,33.01374318986038,32.76668871864685,32.97714175179054,2343700
2023-12-08,32.885643005371094,33.022896673117444,32.794142887210704,32.86734228363786,1507600
2023-12-11,33.27909851074219,33.32484856805498,33.068645454698846,33.15099695406412,2684200
2023-12-12,33.32484817504883,33.443801115063756,33.2150473406919,33.398051058290505,4075300
2023-12-13,33.61765670776367,33.66340676520411,33.288250709383504,33.434652987496285,2735800
2023-12-14,33.837257385253906,34.21241343004923,33.654253670364724,33.87385882633285,4002000
2023-12-15,32.83074188232422,33.315698755319005,32.82158977688724,33.21504653854525,5836300
2023-12-18,33.361446380615234,33.443797871021246,33.20589550457347,33.39804781868574,2469600
2023-12-19,33.39805221557617,33.46210299537928,33.19674777019169,33.23334921308082,1839600
2023-12-20,33.11439514160156,33.56275407546519,33.105246526443594,33.51700401866415,4426000
2023-12-21,33.681705474853516,33.690854089593,33.45295171080657,33.50785038025437,2818800
2023-12-22,33.846412658691406,34.00196356207767,33.75490904742961,33.76406115380872,1768300
2023-12-26,33.86471176147461,33.910465314886345,33.72746157275758,33.74576229602107,1325800
2023-12-27,33.94706344604492,33.98366489276072,33.69086030004651,33.73661036318821,1880400
2023-12-28,33.93790817260742,34.175810548582746,33.93790817260742,33.992810331911905,1709900
2023-12-29,33.910457611083984,34.011106330408595,33.80980540125411,33.80980540125411,1488800
2024-01-02,34.32221603393555,34.38627030438191,33.690856850018186,33.76405973595362,3120300
2024-01-03,35.612388610839844,35.63068933303368,34.80717777734608,34.87122855977158,4902500
2024-01-04,35.74964141845703,35.850293642838814,35.347036011435655,35.35618462705865,3474100
2024-01-05,35.87773513793945,35.96923872669709,35.55748130355025,35.62153207042809,2289100
2024-01-08,36.271202087402344,36.271202087402344,35.9051981005164,35.9509481625639,2260000
2024-01-09,36.381004333496094,36.6921096540914,36.381004333496094,36.50910939886391,2967600
2024-01-10,36.591453552246094,36.64635222157307,36.4541998979178,36.49994995252543,2165200
2024-01-11,36.271202087402344,36.47250654901851,36.11565117833967,36.426756486971016,2407200
2024-01-12,36.69210433959961,36.91170950077351,36.54570206231888,36.58230350426547,3568500
2024-01-16,36.490806579589844,36.76531043717257,36.417603689297955,36.73786109856608,2356500
2024-01-17,36.3993034362793,36.499955666476104,36.2071510825432,36.463354220857994,4021000
2024-01-18,36.17970275878906,36.26205426848761,35.923496122779106,36.17055065187474,3622700
2024-01-19,36.30780029296875,36.34440173554266,36.02414434877945,36.12479657060487,3401800
2024-01-22,36.17055130004883,36.27120353487363,35.98755104455588,36.06075044865183,3399700
2024-01-23,35.94179916381836,36.03330278633186,35.75879889980394,35.89604909781475,2817200
2024-01-24,35.713035583496094,36.35354680402402,35.31043022598113,36.115644431516394,5809900
2024-01-25,35.53919219970703,35.639844434980226,35.28298904847064,35.63069232786113,3936700
2024-01-26,35.74964141845703,36.106496766351896,35.72219208108228,36.02414526372187,3061400
2024-01-29,35.7404899597168,35.877740126178225,35.55748624726273,35.85943940588227,2178600
2024-01-30,35.7679443359375,35.87774518268275,35.621542043441835,35.83199512074773,2393900
2024-01-31,36.08819580078125,37.79927662269968,36.05159784803077,37.213664002117234,7553300
2024-02-01,37.17706298828125,37.2319616581396,36.46334886557355,36.54570036086653,5354900
2024-02-02,37.2594108581543,37.37836029161033,36.975754959633115,37.15875865253371,3925400
2024-02-05,38.03718185424805,38.32998644108205,37.89077956083104,38.2201855936458,7985100
2024-02-06,38.201881408691406,38.22018213002332,37.79012390498761,38.14697924469567,3671600
2024-02-07,38.448936462402344,38.6227880817906,38.33913562334164,38.36658496048038,6042800
2024-02-08,38.265933990478516,38.32998477290424,37.927379356155974,38.265933990478516,4303300
2024-02-09,38.34828186035156,38.48553551854365,38.22018030764189,38.39403191624708,3503400
2024-02-12,37.57966995239258,37.89077522663065,37.40581833962933,37.89077522663065,6688800
2024-02-13,37.87247848510742,38.06463083895771,37.588826007663464,38.037181499980804,7056800
2024-02-14,38.24763107299805,38.36658401517798,38.05547873674977,38.211029630711046,7442600
2024-02-15,38.22018051147461,38.44893428267771,38.137829014221275,38.229329126500296,4145000
2024-02-16,38.375728607177734,38.64108380018013,38.32082994000847,38.43063076485228,3765800
2024-02-20,38.448936462402344,38.988795532667254,38.4214871252636,38.66853814052375,4154300
2024-02-21,38.375728607177734,38.4214821504925,38.20187701029959,38.265927782333925,3660300
2024-02-22,38.95413589477539,39.02805435326719,38.46443844345856,38.48291805808151,6179400
2024-02-23,39.00957489013672,39.22208517218677,38.93565643135786,39.1296870987132,3440900
2024-02-26,39.12044143676758,39.35143128853767,39.03728494914533,39.28675441201208,3023400
2024-02-27,39.157405853271484,39.21284116928964,38.870977130216055,38.91717440177315,3733600
2024-02-28,39.12044143676758,39.212835967625445,38.926410807190805,39.1296794800032,4041100
2024-02-29,38.713905334472656,39.4438306772475,38.621507267609736,39.40687497512819,4381400
2024-03-01,38.83401870727539,38.889457549067444,38.603028820080795,38.81553909334471,2324500
2024-03-04,39.21283721923828,39.21283721923828,38.82477594769842,38.84325555938492,2404300
2024-03-05,39.36067581176758,39.52698881439238,39.259043220942196,39.38839699528905,2635200
2024-03-06,39.379154205322266,39.462310704057174,39.111208620177244,39.157405891779774,3247400
2024-03-07,40.26615524291992,40.506383153380774,40.17375718149217,40.358549779722026,4382300
2024-03-08,39.859615325927734,39.93353378342254,39.647105047569234,39.74874116431157,3308100
2024-03-11,39.65634536743164,39.69330459829931,39.480794307749605,39.619389661190226,2514700
2024-03-12,39.9797248840332,39.9797248840332,39.55470439294088,39.66557853743768,2196700
2024-03-13,40.06288528442383,40.07212332877307,39.80417774713492,39.97972878677727,1677700
2024-03-14,39.80417251586914,39.97048196467917,39.55470305571602,39.924284699752754,1843300
2024-03-15,38.981849670410156,39.20360149916504,38.63074760143473,39.06500616561502,4130000
2024-03-18,38.93564987182617,39.12968050649295,38.93564987182617,39.00032675004843,1346100
2024-03-19,39.10197067260742,39.1112122425594,38.87098076857518,39.02805573612274,1998800
2024-03-20,38.74162292480469,38.843259035864115,38.57530992936669,38.82477942252368,1799300
2024-03-21,39.148162841796875,39.305237788854754,38.94489414950977,38.96337023775116,2024400
2024-03-22,39.12968444824219,39.43459278311268,39.11120835942507,39.30523901363764,1482700
2024-03-25,39.573184967041016,40.14603883960503,39.32371549238598,39.34219510435586,3437000
2024-03-26,39.536224365234375,39.628618897238184,39.31447255394958,39.573183587886085,3041400
2024-03-27,39.72102355957031,39.75797926374238,39.27751986324498,39.34220027595472,2076400
2024-03-28,39.61014175415039,39.933529685566015,39.60090371022454,39.73025747294052,1854700
2024-04-01,39.194358825683594,39.610141289988185,39.018807796144166,39.49002909723125,1515100
2024-04-02,38.612266540527344,38.93565094051476,38.501388867995416,38.92641289678324,2581900
2024-04-03,38.38127517700195,38.56606776604401,38.18724454458926,38.344315954268446,3048500
2024-04-04,37.752986907958984,38.695426050221464,37.73450729442922,38.556830711061195,2634100
2024-04-05,38.057891845703125,38.11333068647605,37.448078695704545,37.50351753647747,6093000
2024-04-08,37.74374008178711,37.95625384546668,37.71602242766603,37.95625384546668,1856100
2024-04-09,37.77146530151367,37.84538022861946,37.57743112803121,37.78070334566723,3191300
2024-04-10,37.595909118652344,37.65134795505876,37.411120046548874,37.53123223849101,4370400
2024-04-11,37.69755172729492,38.11333426051671,37.58667755997785,37.88234435590752,2903800
2024-04-12,37.56819152832031,37.85462022998152,37.41112011183314,37.845378661584846,5264700
2024-04-15,37.42036437988281,37.93778303276638,37.36492553415829,37.78994963546054,3373700
2024-04-16,36.91218185424805,37.17088938023041,36.699671597244574,36.97685873574364,2422700
2024-04-17,36.58879089355469,36.81978074395497,36.44095753028352,36.69966855947711,3208300
2024-04-18,36.28388977050781,36.49640003127916,36.18225366217679,36.39476392294813,2636900
2024-04-19,36.727394104003906,36.7366321491694,36.3762884690703,36.3762884690703,1623800
2024-04-22,37.50351333618164,37.66058474717449,36.921417909449744,36.94913908904446,3800900
2024-04-23,38.104095458984375,38.12257154931537,37.512758354234016,37.56819719910547,2289900
2024-04-24,37.752986907958984,38.10409251577266,37.5497146837575,38.067133288713144,1816100
2024-04-25,37.79918670654297,37.98397932956904,37.706792157342996,37.937782054969055,3462000
2024-04-26,37.983978271484375,38.16877088936285,37.762226425105,37.8361448821068,2730500
2024-04-29,38.44595718383789,38.806300842002045,38.34432107007345,38.49215445610556,4043300
2024-04-30,38.288883209228516,38.83401949505129,38.27040359492296,38.57531194402558,3672100
2024-05-01,39.33295440673828,39.58242388691561,39.065005314181995,39.453070124888626,4684200
2024-05-02,40.053646087646484,40.2107210478932,39.49927175358692,39.637867099414834,6320400
2024-05-03,40.192237854003906,40.35855084433536,39.97972759405277,40.266156305096,4048100
2024-05-06,40.14604187011719,40.32159291014455,39.896572376630395,40.192239141216405,2045700
2024-05-07,40.79281234741211,40.95912533535637,40.61725779090112,40.77433273490434,3103900
2024-05-08,40.783573150634766,40.922168490190295,40.70965822093081,40.8667296494429,2127300
2024-05-09,41.27326965332031,41.3194704485584,40.931405621238554,40.931405621238554,4924600
2024-05-10,41.642852783203125,41.67057043925802,41.3933833048321,41.55969629041278,3771100
2024-05-13,41.73524856567383,41.957000394609636,41.707530908791504,41.8646058552514,2830800
2024-05-14,42.18798828125,42.28038281625793,41.855362315820535,41.89232153967394,3615000
2024-05-15,42.22494888305664,42.437459140210315,42.17875161404509,42.33582303360949,3788100
2024-05-16,41.811317443847656,42.10943706291636,41.755418682572454,42.03490538121609,4666300
2024-05-17,41.90447235107422,42.00695162146083,41.68088444647223,41.78336016299317,1882900
2024-05-20,41.54114532470703,42.10011872059791,41.36413791191036,41.9790100689368,5172400
2024-05-21,41.42002868652344,41.66225307165583,41.42002868652344,41.44797984103305,3475000
2024-05-22,42.64977264404297,42.66840556232918,41.38276263150699,41.48524190514825,6830600
2024-05-23,42.06284713745117,42.640453326064566,41.8672032936488,42.62182040980409,5218600
2024-05-24,42.03489685058594,42.34233464440835,41.951050502622145,42.31438349251011,2210200
2024-05-28,41.215065002441406,41.69019188254182,41.20574676828088,41.64361137333434,2647900
2024-05-29,41.2523307800293,41.326862444181444,41.14053683766643,41.21506850181858,2092200
2024-05-30,41.010108947753906,41.2057492304344,40.88899677348563,41.066007694462016,1597400
2024-05-31,41.70882797241211,41.932415855176444,41.51318768652698,41.58771579615999,3623800
2024-06-03,38.08481216430664,38.867376919527516,37.740108525958526,38.40156464984522,13483900
2024-06-04,38.52267074584961,38.6437829230785,38.187288918998256,38.51335606476986,5469400
2024-06-05,39.10028076171875,39.53814185291747,38.99780149977904,39.49156133945361,7230300
2024-06-06,38.69968032836914,39.12822672047527,38.643781582234126,38.83942186290885,3860800
2024-06-07,38.392242431640625,38.62514854232109,38.140703405641894,38.299081408914525,3025400
2024-06-10,38.466773986816406,38.67172894702158,38.159336215710844,38.28976306871374,2833900
2024-06-11,38.25250244140625,38.53198907472973,38.094124431741555,38.243184206438436,2379100
2024-06-12,38.29908752441406,38.550626590577906,38.168660650225206,38.531993672284386,2548600
2024-06-13,38.29908752441406,38.40156679809553,37.99164970336967,38.177975332439075,2020300
2024-06-14,37.87054443359375,38.08481768222873,37.71216639094505,38.02891892237635,2235400
2024-06-17,37.879852294921875,37.8984852115171,37.60036565372441,37.66557908487497,2131200
2024-06-18,38.1500244140625,38.27113659550448,37.99164639927445,38.22455252688916,2847600
2024-06-20,37.97301483154297,38.215239203031636,37.898486716068795,38.07549409995236,2538100
2024-06-21,37.712158203125,37.75873871595568,37.46993740408629,37.49788500101163,3490100
2024-06-24,37.777374267578125,38.06617915346268,37.76805958590823,38.01028040184663,3495700
2024-06-25,37.55378723144531,37.71216170053024,37.44198972564526,37.702847018646395,2779900
2024-06-26,36.21224594116211,37.740109663138945,35.72780073963141,37.488574157332984,10997000
2024-06-27,35.99796676635742,36.13771184991812,35.588053303839196,35.774378897298426,5542900
2024-06-28,35.8675422668457,36.361302101074465,35.820961753895595,36.03523495655837,7856000
2024-07-01,35.75575256347656,36.398572247664674,35.69053912684295,35.802333081948326,2872500
2024-07-02,35.59737014770508,35.699849408029095,35.22472249200404,35.50420912224615,3354100
2024-07-03,35.83028030395508,35.85823145783563,35.52284604219481,35.541478960159935,1349500
2024-07-05,36.18429183959961,36.24950526329301,35.37377960664946,36.174977159299864,3284300
2024-07-08,36.06319046020508,36.286781946798236,35.895497733726735,36.19361734660687,2075400
2024-07-09,35.9607048034668,36.21224384860302,35.88617669038874,36.10044990205319,2095200
2024-07-10,35.92344665527344,36.00729301329502,35.81164914200074,35.90481373639466,2376600
2024-07-11,36.240196228027344,36.361304860114096,36.08181820734109,36.1842974759265,2684100
2024-07-12,36.482418060302734,36.808485238625195,36.46378514241778,36.69669128518117,2512000
2024-07-15,36.02592086791992,36.454470876433184,36.02592086791992,36.43583795833558,2451400
2024-07-16,36.240196228027344,36.29609142626258,35.8302791536857,35.84891207105265,2118200
2024-07-17,37.11592483520508,37.20908587523767,36.463786893379314,36.51968564971839,3846500
2024-07-18,36.66874694824219,37.10661167283762,36.603533506774696,37.022765311827136,1592100
2024-07-19,36.659423828125,36.76190309502719,36.45446884818616,36.46378352978384,1994000
2024-07-22,36.69668960571289,36.87370054058599,36.61284325600077,36.70600784116176,2790200
2024-07-23,36.18429183959961,36.58489061592481,36.12839309620596,36.54762478699571,3470300
2024-07-24,36.61284637451172,36.61284637451172,36.20293282648547,36.20293282648547,2060100
2024-07-25,36.39857482910156,36.761907874361434,36.25882970990961,36.28678086606761,2479600
2024-07-26,37.13455581665039,37.37677664041783,36.87370207507534,36.9202825926615,3064100
2024-07-29,37.2742919921875,37.45130290889112,37.125232225095864,37.28361022667989,3603700
2024-07-30,37.05071258544922,37.274300510249226,36.78985882189388,37.23703822535988,4916800
2024-07-31,36.119083404541016,36.61284326752021,35.9141248709879,36.56626275185783,3969800
2024-08-01,36.929595947265625,37.022760532955004,36.07250308211672,36.24019578249204,4525500
2024-08-02,37.65625762939453,37.796002714975415,37.218396565380395,37.6842087788298,4545000
2024-08-05,36.6873779296875,37.255669507196565,36.59421333689414,37.02276335601192,6283100
2024-08-06,36.03523254394531,36.296086242093644,35.699847186974544,35.867539865459925,5179600
2024-08-07,36.678062438964844,36.733961198825085,36.30541470149484,36.4451562703463,5332300
2024-08-08,37.28361129760742,37.34882472546662,36.67805397735458,36.724634489558966,5598900
2024-08-09,37.507205963134766,37.59105232181735,36.957547290408016,36.97618020943369,5831800
2024-08-12,37.5630989074707,37.72147691774762,37.33951102149376,37.5630989074707,2751700
2024-08-13,38.364295959472656,38.4481423039285,37.75873863241763,37.77737154828174,3306800
2024-08-14,38.40156173706055,38.43882401487092,38.243183729371545,38.28044956104723,2482900
2024-08-15,38.56925582885742,38.84874246886195,38.53198999582604,38.811476635830566,2024200
2024-08-16,38.819400787353516,38.85701734785825,38.565494384915496,38.62191922567261,3145700
2024-08-19,39.04509735107422,39.214368289449105,38.81940157080346,38.857018132067374,1833600
2024-08-20,39.12032699584961,39.233176679957396,38.99807855236861,39.03569152642513,1647200
2024-08-21,39.35542297363281,39.4964832774057,39.21436625717246,39.23317453682968,2410400
2024-08-22,39.449462890625,39.57171491015021,39.33661680423148,39.505884140165556,1327000
2024-08-23,40.08892822265625,40.09833056805266,39.60932609925784,39.75038639138967,3780500
2024-08-26,40.004295349121094,40.10773909172528,39.92906223184079,40.0889308124052,1842800
2024-08-27,41.51832580566406,42.00732669577791,40.24879391600606,40.2676021944431,11513900
2024-08-28,41.283233642578125,41.292635989492524,40.96350003779627,40.99171066585229,3279700
2024-08-29,41.13277053833008,41.31144382628438,40.925883035310406,41.245616636653175,3274800
2024-08-30,41.29262924194336,41.358456421525915,40.93527913327217,41.142166604710056,3129100
2024-09-03,40.85064697265625,41.22680538975519,40.74720681590094,41.02932383506888,3441900
2024-09-04,41.621768951416016,41.621768951416016,40.89766990969771,40.89766990969771,2844700
2024-09-05,40.55912780761719,41.160978408097186,40.46508640922185,40.803628268819985,3811800
2024-09-06,41.06693649291992,41.330248817800836,40.841244314236285,41.00110930852782,3763200
2024-09-09,41.32084274291992,41.42428648584256,40.878860733131155,41.01991744749726,2494800
2024-09-10,41.4713020324707,41.555937489161956,41.19859097185417,41.21739924970914,3970500
2024-09-11,41.160972595214844,41.40547302188852,40.831833128282085,41.349051778131845,3411700
2024-09-12,40.54031753540039,40.88826172408049,40.4744903534153,40.84124282085005,3859700
2024-09-13,40.4462776184082,40.85064665811664,40.38985636739656,40.58733792056231,3696300
2024-09-16,40.95409393310547,41.019921123170725,40.65316861071778,40.662574544905844,2417000
2024-09-17,40.02309799194336,40.56852366616276,39.910248331915646,40.559121321483104,3095400
2024-09-18,39.900848388671875,40.3428339487681,39.85382948781981,40.28640911535831,3522300
2024-09-19,39.139129638671875,39.891442821125224,38.9886670021812,39.872638130462086,6510200
2024-09-20,38.368011474609375,38.800591143270864,38.35860912847001,38.7911887971315,5028100
2024-09-23,38.424434661865234,38.58429965055104,38.377415758564254,38.518472468467195,2736700
2024-09-24,38.537288665771484,38.61252179636162,38.27397988333223,38.33040114396172,3241100
2024-09-25,38.14231491088867,38.706548884535664,38.13290897851768,38.6595299846171,2667100
2024-09-26,38.46205520629883,38.46205520629883,38.085896766274715,38.17993458262437,2796800
2024-09-27,38.28337478637695,38.96045848076937,38.236355882558016,38.64072491256322,3137100
2024-09-30,38.443241119384766,38.49026002045821,38.23635364988698,38.35860566252769,2321800
2024-10-01,37.89781188964844,38.151718260669824,37.87900361172328,38.05768045835622,3120700
2024-10-02,37.09848403930664,37.71914293237731,37.02325091902529,37.70973699868583,5383500
2024-10-03,36.08285903930664,36.34617137735665,35.885377476253645,36.299148882742685,5360800
2024-10-04,36.50603485107422,36.52484313066973,35.66908613929274,35.80074050914881,6581300
2024-10-07,36.327362060546875,36.788152361190754,36.30855378070043,36.71292282911755,3853200
2024-10-08,35.753719329833984,36.09226116639649,35.67848621623685,36.026433985655146,4625700
2024-10-09,37.84139633178711,39.308406357359644,35.54683630235274,35.622069425362994,19967700
2024-10-10,36.87278747558594,37.963642585100004,36.7317307590502,37.88841305374345,7775000
2024-10-11,36.515438079833984,36.81636335644765,36.32735888512237,36.694111341788265,7244000
2024-10-14,36.79755401611328,36.89159181709863,36.52483937101875,36.83516698412012,4799200
2024-10-15,36.637691497802734,37.0514664999933,36.50603711976492,36.60948087031256,4291300
2024-10-16,36.87278747558594,36.938614660765126,36.581268109024556,36.581268109024556,4952600
2024-10-17,36.637691497802734,36.90100384119112,36.600074936274005,36.8727896263882,4990600
2024-10-18,36.25212478637695,36.52483943192625,36.09225980697285,36.48722287654452,3728100
2024-10-21,35.8853759765625,36.21451190122919,35.81954879162916,36.19570720894469,2872500
2024-10-22,35.73491287231445,35.78193177705237,35.47160413593213,35.47160413593213,3890200
2024-10-23,35.71610641479492,35.72551234860978,35.40577875784522,35.49041422561562,4865800
2024-10-24,35.490413665771484,35.91358741063547,35.424582892043915,35.76312475778519,4665500
2024-10-25,35.28352355957031,35.744313830346385,35.198888099403554,35.68789258177678,3375400
2024-10-28,35.622066497802734,35.81954804850574,35.42458135978728,35.45279557225375,4111600
2024-10-29,35.894775390625,35.97941084824188,35.62206432702592,35.67848557389568,6140700
2024-10-30,34.803924560546875,35.010812056786634,34.117438471666276,34.324325967906034,13420000
2024-10-31,34.568824768066406,34.8039228797808,33.91995527116719,34.1080344780012,12121300
2024-11-01,34.681671142578125,35.35875120047956,34.65345693248612,35.34934885532366,6877000
2024-11-04,34.76630783081055,35.03901889774595,34.738093619718256,34.822729078370564,3994500
2024-11-05,34.813323974609375,34.84153459615425,34.30551126292972,34.512398720424095,7088100
2024-11-06,33.76008987426758,33.98578204992531,33.50618348616829,33.788300499396684,14281700
2024-11-07,34.474788665771484,34.5406158533268,33.98578413870866,34.07041960661016,14931800
2024-11-08,34.1268424987793,34.2490909330793,33.9481656393505,33.96697391862261,8866800
2024-11-11,34.183265686035156,34.550021771652204,34.155055059184875,34.37134490209995,5054000
2024-11-12,33.40273666381836,33.50618039616858,33.148830299134765,33.383928386362676,7246000
2024-11-13,33.017181396484375,33.18645233422566,32.73506436268647,33.07360265085633,7279500
2024-11-14,32.3400993347168,33.34631907978454,32.31188870605732,33.289897822465576,7032500
2024-11-15,31.72089385986328,31.863568003759106,31.22629838529394,31.635290099196627,13747900
2024-11-18,32.04428482055664,32.13940212409558,31.62577957004771,31.663826491463283,8801300
2024-11-19,31.825525283813477,31.958685900576388,31.606760895080885,31.654317739874113,8988100
2024-11-20,31.72089385986328,31.892101381196593,31.56870979960636,31.768454326731355,7519400
2024-11-21,32.05379867553711,32.05379867553711,31.5496860327836,31.76845401886492,7030400
2024-11-22,32.30109786987305,32.48181894233574,32.11086688071173,32.177450811019376,4173100
2024-11-25,32.481815338134766,32.57692900798439,32.35816466464711,32.38669803993121,4148500
2024-11-26,32.3581657409668,32.61497701212773,32.19646814281923,32.55790663130728,4194500
2024-11-27,32.65302658081055,32.7861871851701,32.51986234809666,32.51986234809666,2959000
2024-11-29,32.46279525756836,32.52937555906427,32.23451734647216,32.38670141108486,2051800
2024-12-02,32.634002685546875,32.653026147110474,32.310611095674275,32.55790883929248,3144800
2024-12-03,33.1951789855957,33.37589641095012,32.89081088586513,33.004948016175604,5911000
2024-12-04,32.719608306884766,33.05250983227087,32.719608306884766,33.04299991512606,4394100
2024-12-05,32.84325408935547,32.87179109638485,32.538885955640694,32.73862686307457,4509000
2024-12-06,32.88130187988281,33.10006625498461,32.748141271416884,32.90983525930995,3702700
2024-12-09,34.231937408447266,34.5077685321281,33.20469224708368,33.24273917047218,7252400
2024-12-10,33.49003219604492,34.146328832764674,33.46149882170191,34.13681528908113,5383600
2024-12-11,32.76716232299805,33.27127134034512,32.73862531731604,33.10957736434859,3954100
2024-12-12,32.50083923339844,32.748140611296854,32.415239096842505,32.59595654349567,3386300
2024-12-13,32.291587829589844,32.41523851632462,32.10135684115657,32.358168131288345,3391000
2024-12-16,31.93966293334961,32.310611366058254,31.93966293334961,32.034776613609246,4916600
2024-12-17,32.55791091918945,32.871792612509104,32.36767991975523,32.453283688082905,4546200
2024-12-18,32.04428482055664,32.66253459432028,32.04428482055664,32.43425669418096,3075100
2024-12-19,31.796987533569336,32.05379881419144,31.758940611620687,31.968195053984072,3306300
2024-12-20,31.958681106567383,32.21549238395308,31.426038719415544,31.521152394734333,6812800
2024-12-23,32.396217346191406,32.44377418957508,31.987221962053606,32.20598634430215,3228800
2024-12-24,32.36768341064453,32.5388909657648,32.18696593728643,32.20598940211701,1383100
2024-12-26,32.453277587890625,32.48181459087214,32.23451324958614,32.339140461026076,1991900
2024-12-27,32.41523742675781,32.50083755890349,32.21549290002197,32.31061020521861,3174400
2024-12-30,32.00624465942383,32.415240033777636,31.911127346577313,32.415240033777636,5081300
2024-12-31,32.16793441772461,32.35816539004232,31.987216989617487,32.1774479619352,2413800
2025-01-02,32.291587829589844,32.51986211302632,32.18696060453383,32.282074284573305,1999000
2025-01-03,31.835037231445312,32.32012282934907,31.787476760685273,32.32012282934907,2902300
2025-01-06,32.30109786987305,32.45328193553123,31.787475287643797,31.901616058153184,3333800
2025-01-07,32.424747467041016,32.77667242672828,32.310610328722966,32.310610328722966,3031000
2025-01-08,32.101356506347656,32.2630504863992,31.768455001327244,32.06330958338696,2709100
2025-01-10,31.473594665527344,31.768452856029803,31.3975008247445,31.63528863465983,3841800
2025-01-13,31.102649688720703,31.25483375869625,30.959975535713564,31.1406966133032,4673700
2025-01-14,30.512937545776367,30.70316491618606,30.17052065949444,30.64609815640496,6251200
2025-01-15,31.1977596282959,31.311896759993243,30.92192490070282,31.188249712468618,4782300
2025-01-16,31.806499481201172,31.873079784686368,31.121672984159975,31.216786666751847,4534800
2025-01-17,31.796987533569336,31.958681509319817,31.6257800131546,31.958681509319817,3930400
2025-01-21,32.129886627197266,32.139400171150136,31.892098825330255,31.930145744433915,4111300
2025-01-22,31.796987533569336,32.082332191475835,31.77796407259501,31.996728431268465,3546100
2025-01-23,32.38670349121094,32.50084063991266,32.13940573096478,32.19647249113837,3738400
2025-01-24,32.59595489501953,32.634001817134276,32.29158677480997,32.348653529627896,3165900
2025-01-27,33.765865325927734,33.765865325927734,33.128595806456595,33.128595806456595,6505300
2025-01-28,33.385406494140625,33.8514721901402,33.12859885674226,33.77537835064885,4552900
2025-01-29,33.34736251831055,33.528079940862405,33.23322176141621,33.24273530533436,6057200
2025-01-30,33.63270950317383,33.85147385997174,33.21420062203508,33.35687476394222,5020400
2025-01-31,33.5471076965332,33.78489552798437,33.34736678891927,33.47101384885874,5112700
2025-02-03,33.1951789855957,33.48052362554887,32.89081088586513,33.16664198175262,3280000
2025-02-04,33.13811111450195,33.27127171466882,32.548398330182586,32.90032329181705,7121000
2025-02-05,35.85840606689453,36.05814697650478,35.22113278549189,35.249669792832215,10193200
2025-02-06,34.602882385253906,35.77279794996845,34.59336884117962,35.68719419506963,7168000
2025-02-07,34.27949523925781,34.73604744805221,34.212914935580784,34.70751406886332,5356500
2025-02-10,34.68849182128906,35.106997120249915,34.59337450673804,34.59337450673804,4539300
2025-02-11,34.30802917480469,34.57435039383163,34.222425407495386,34.545817014180024,4893000
2025-02-12,34.36509323120117,34.488740272480975,33.79440034482943,33.975121391606365,3619800
2025-02-13,34.76457977294922,34.8311600746071,34.250957192999046,34.40314125798195,4462600
2025-02-14,34.40314483642578,34.81214023392544,34.39363491878019,34.69800308040486,4541900
2025-02-18,34.821651458740234,35.049925750564796,34.688490850450165,34.802627996362446,4368300
2025-02-19,34.755069732666016,34.859696957286026,34.57434866164807,34.717022809467046,3408500
2025-02-20,35.15454864501953,35.40184999708485,34.83115708117919,34.92627438134047,6244700
2025-02-21,35.23244094848633,35.26128729776881,34.66510618096655,34.809345263683475,5644700
2025-02-24,35.655540466308594,35.71323316514033,35.30936960070913,35.40552654419686,2857800
2025-02-25,36.8863639831543,36.92482822471645,36.11709749267103,36.11709749267103,10536500
2025-02-26,35.9632453918457,36.37672683202438,35.915163254216296,36.357494710603035,7938100
2025-02-27,35.86708450317383,35.9440129882553,35.56899579386329,35.64592061079269,7167900
2025-02-28,36.14594650268555,36.24210344552297,35.722850818787734,36.19402497410426,6046000
2025-03-03,36.49211502075195,36.93444279842119,36.31902960024625,36.70366101502958,3978700
2025-03-04,36.953678131103516,37.68448045041379,36.886367535962535,37.17484203915995,6829600
2025-03-05,37.3190803527832,37.36715882429608,36.89598099990451,36.924831017334036,2465900
2025-03-06,37.790252685546875,37.90564174524041,37.11714311238913,37.126761007118965,5511200
2025-03-07,38.511444091796875,39.030700408001906,37.963341425186805,37.982573548174294,8122100
2025-03-10,38.77106857299805,39.24224637112583,38.559518908350626,38.819147041830995,7799300
2025-03-11,37.982574462890625,38.57875561725077,37.81910691578884,38.57875561725077,6015100
2025-03-12,37.38639450073242,37.809490225681174,37.29023388041275,37.809490225681174,5601000
2025-03-13,37.722938537597656,37.87679182539731,37.424846187669445,37.52100678513906,3937700
2025-03-14,37.972957611083984,38.08834667566131,37.549858260713386,37.70371156953391,4939500
2025-03-17,38.703758239746094,38.915307905796844,38.31912315022692,38.347973166239704,4160800
2025-03-18,38.838382720947266,38.838382720947266,38.56914033629605,38.68452940569623,3657700
2025-03-19,38.0306510925293,38.27104712177177,37.761408713586455,38.0306510925293,4421100
2025-03-20,37.896026611328125,38.13642261968929,37.73255908635549,38.05949780445275,3346100
2025-03-21,37.73255920410156,37.98256943959047,37.63639859956584,37.78063767229343,4021600
2025-03-24,37.08829879760742,37.434469663816465,36.992141853950365,37.28061635307381,4066700
2025-03-25,37.09791946411133,37.79987547607094,37.030605196740225,37.77102545629688,5837800
2025-03-26,36.83829116821289,37.01137661365105,36.309416935955994,36.54019875259105,4916100
2025-03-27,37.040218353271484,37.184453761076085,36.8479008080466,36.8479008080466,2248200
2025-03-28,37.25177001953125,37.48254815166775,37.10753093583173,37.319080613750415,3220400
2025-03-31,37.25177001953125,37.34792696322941,36.42480709837887,36.645971003406466,5357800
2025-04-01,36.415191650390625,37.280618874443974,36.23249197782493,37.24215462711882,5290700
2025-04-02,36.194026947021484,36.27095544000655,35.74208122111533,35.95363090867182,3720500
2025-04-03,37.51139450073242,37.665247811539146,36.9921418693549,37.58832299021192,10939900
2025-04-04,35.12666320800781,36.520960775846625,34.87665297586074,36.29018266434963,10603300
2025-04-07,33.501590728759766,34.347785777432236,32.86694535929348,33.18426620995048,7495400
2025-04-08,32.81886672973633,33.80929719008328,32.42461739102181,33.71314024626111,7228400
2025-04-09,33.15542221069336,33.51120733154633,31.136096892373452,31.33802869057493,9674200
2025-04-10,32.30922317504883,32.94386851236811,31.472646064071615,32.92464005900726,8484800
2025-04-11,33.30927658081055,33.443897783844925,32.241917516534194,32.47269934184503,9084600
2025-04-14,33.924686431884766,34.09777186618233,33.395815901821024,33.482358618969805,5892000
2025-04-15,34.30931854248047,34.77087843749096,34.15546524414364,34.4824039616284,3700500
2025-04-16,34.011226654052734,34.51125079777043,33.92468394325252,34.44394020805382,2897600
2025-04-17,34.549720764160156,34.72280621443751,33.7323756575247,33.79968625839337,4813900
2025-04-21,35.049739837646484,35.12666465526422,34.42470872929894,34.761265352313806,6612600
2025-04-22,35.22282409667969,35.568994934882255,34.69395361304886,34.7131820657028,6776500
2025-04-23,35.60745620727539,35.88631646220694,35.309367499312465,35.67476679734135,4458700
2025-04-24,36.05940628051758,36.069020508205284,35.424760876706564,35.61707844383316,4765100
2025-04-25,35.992095947265625,36.10748502113022,35.617078706091284,36.01132807093514,3909300
2025-04-28,36.5978889465332,36.732510121784436,36.3190287017117,36.328642927878825,5758800
2025-04-29,37.472930908203125,37.7133269162503,36.7613571103966,37.02098523926579,8255500
2025-04-30,38.319122314453125,38.8287643471731,37.7229412400385,38.63644680660813,8033100
2025-05-01,37.261383056640625,37.90564262877789,37.23253670808288,37.90564262877789,4449700
2025-05-02,37.569091796875,37.99218749501801,37.107531853041074,37.924876899135086,4287300
2025-05-05,37.3575439453125,37.703714837198284,37.33831548967667,37.60755788640892,2821000
2025-05-06,36.05940628051758,37.722946450080485,36.04017415698967,37.722946450080485,9185600
2025-05-07,35.7420768737793,35.95362653560483,35.501680864669176,35.761308994686345,5029400
2025-05-08,35.4536018371582,35.55937666640226,35.02088829395612,35.31898066108465,5942700
2025-05-09,35.21321105957031,35.72285316084808,35.18436470845831,35.48245711984144,3511500
2025-05-12,35.93439483642578,36.04978756322233,35.10743196847738,35.22282469527393,6018200
2025-05-13,34.95357894897461,35.28051767455957,34.78049352553833,35.270903447991806,5083800
2025-05-14,34.82857894897461,35.41514586505766,34.80934682587243,35.367063723226,7084200
2025-05-15,36.126712799072266,36.155559147030324,34.93435062021293,35.07858602815529,7527800
2025-05-16,36.61208724975586,36.65099577879691,36.07710796226688,36.10628750378689,7222100
2025-05-19,36.92334747314453,36.93307646051067,36.39809347101817,36.55372758470435,3866900
2025-05-20,37.35133743286133,37.39997124277343,36.94280526645158,37.3416084445658,2749200
2025-05-21,37.487510681152344,37.789042505564744,37.41942261044493,37.63341209958757,2996400
2025-05-22,37.85713195800781,37.98358282701754,37.263793564547335,37.34160691511523,5844700
2025-05-23,37.60423278808594,37.80849700145797,37.5555989816433,37.68204984681143,3666900
2025-05-27,38.36293411254883,38.56720205536879,38.23648694618639,38.4504764564654,3511800
2025-05-28,38.11003112792969,38.411566653549905,37.98358026744102,38.02248879536391,4221400
2025-05-29,38.90763854980469,38.956272355887634,38.1489407854504,38.18784560400382,5048100
2025-05-30,39.90951156616211,40.04568771597104,39.072996691025175,39.364806966926366,7372600
2025-06-02,40.52230453491211,40.52230453491211,39.90950820190705,40.24995225825274,4420000
2025-06-03,39.35507583618164,39.676065637988636,39.072994563779424,39.569069037386306,6328900
2025-06-04,39.685791015625,39.8414214231168,39.43289299489643,39.43289299489643,2939700
2025-06-05,40.0262336730957,40.30831122575497,39.73442342262103,39.89978281192477,3248700
2025-06-06,40.07487106323242,40.20132193571607,39.84142358407199,39.919240647299404,3225600
2025-06-09,39.7441520690918,40.17213474331827,39.71497252850314,39.93869099756617,3919700
2025-06-10,40.17213439941406,40.24022246721899,39.559338078648295,39.56906706577552,5087700
2025-06-11,40.483394622802734,40.61957075647744,40.191588091996756,40.22076763192095,4494300
2025-06-12,41.32963943481445,41.46581557194547,40.94056157685031,41.05728345003097,3558700
2025-06-13,39.7441520690918,40.784931069330035,39.695518264603564,40.48339554466869,7658600
2025-06-16,39.38425827026367,39.9873256214222,39.248078420176185,39.8122409532598,4651900
2025-06-17,38.63528823852539,39.286989436434574,38.557471176405144,39.10217947968162,4685400
2025-06-18,37.58477783203125,38.440746909658145,37.526418749582234,38.39211310411013,8171500
2025-06-20,37.03034591674805,37.6625965482862,36.787173167775165,37.6625965482862,8245800
2025-06-23,37.215152740478516,37.26379025460014,36.757990534010446,36.76771581052195,4858800
2025-06-24,37.623687744140625,37.84740622630509,37.35133545463983,37.438877792053894,4820900
2025-06-25,37.2346076965332,37.380512820568974,37.10816054692507,37.34160429275658,3829500
2025-06-26,37.49723815917969,37.75013990281336,37.3318824664761,37.46805861588418,4773200
2025-06-27,37.52641677856445,37.77931478044398,37.351332119370426,37.68204717445678,4919200
2025-06-30,37.35133743286133,37.66259826892502,37.17625274876027,37.45833033045922,4803600
2025-07-01,37.886314392089844,38.324026074951384,37.2832470237704,37.4291484443765,6553700
2025-07-02,37.45832443237305,37.80849374543845,37.234605973585985,37.45832443237305,4880200
2025-07-03,37.1373405456543,37.53614368434745,36.894167809609165,37.32215048926086,3002600
2025-07-07,37.14706802368164,37.32215270085081,36.981712334422824,37.14706802368164,3866100
2025-07-08,37.42914962768555,37.62368857183225,36.903895591645984,36.93307884510712,5121300
2025-07-09,37.97385787963867,38.05167123088277,37.62368852273591,37.65286806563723,3624200
2025-07-10,38.499107360839844,39.014632347229686,38.23648037422956,38.31429371626892,6087300
2025-07-11,37.2346076965332,37.6625940814267,37.10816054692507,37.6431398175205,6299600
2025-07-14,37.24434280395508,37.545874667747036,37.14707146843989,37.29297661645165,4798000
2025-07-15,36.78717041015625,37.9057664557886,36.56345194313406,37.9057664557886,8569200
2025-07-16,37.2346076965332,37.526417944604745,36.83580456275973,36.84553354997355,6323800
2025-07-17,35.47404098510742,37.1957044531833,34.48189574703717,36.91362318038928,14706000
2025-07-18,35.31840896606445,35.86311351154431,35.17250384251296,35.795025443359336,6134600
2025-07-21,35.2114143371582,35.61994276908911,35.2016853494332,35.29895667407506,3344200
2025-07-22,36.0090217590332,36.0090217590332,35.34759157312166,35.35731685062547,5146600
2025-07-23,36.99143600463867,37.83767981102998,36.11601636734905,36.1354706318028,13453900
2025-07-24,37.18597412109375,37.27351645395019,36.73853718005929,36.894167581746125,4735200
2025-07-25,36.93307876586914,36.93307876586914,36.485638082135175,36.680177025864495,4016800
2025-07-28,36.427276611328125,36.9525306118501,36.29110047279017,36.923347360362335,3731500
2025-07-29,36.641265869140625,36.87471332699029,36.08683233108431,36.407822121812416,6336400
2025-07-30,37.90576934814453,38.10030457916663,37.21515592013799,37.27351871575763,7846700
2025-07-31,36.13547134399414,37.17625039439253,36.07710854948261,36.43700317266632,8005800
2025-08-01,36.534271240234375,36.74826071332533,36.15491867550687,36.65099310833138,3678400
2025-08-04,36.650997161865234,36.650997161865234,36.02847551580308,36.106288866300005,3288100
2025-08-05,36.30082702636719,36.64126738468595,36.07710854654034,36.55372875870823,3405300
2025-08-06,35.74639129638672,36.35918761469934,35.74639129638672,36.12574016135883,3121300
2025-08-07,36.55372619628906,36.767715673436626,36.05765175406044,36.12573982095121,3709800
2025-08-08,36.76771926879883,36.93307866921863,36.64126839912742,36.680176929875806,3409800
2025-08-11,36.680171966552734,37.156792127423074,36.680171966552734,36.92334468504304,2605600
2025-08-12,37.17625045776367,37.22488426467871,36.76771831652982,36.84553537601118,2655500
2025-08-13,38.061397552490234,38.255936482754734,37.56532309478968,37.69177395603983,3493200
2025-08-14,38.15866470336914,38.15866470336914,37.5847769067787,37.69177350266324,2705200
2025-08-15,38.70741653442383,38.70741653442383,38.05835940509751,38.078028257677104,3038500
2025-08-18,38.42222595214844,38.707418703357945,38.37305569366927,38.5894093327179,2442400
2025-08-19,38.963104248046875,38.97294055009527,38.50089934092406,38.50089934092406,3447800
2025-08-20,39.405643463134766,39.87768466522831,39.14995588546118,39.14995588546118,4492300
2025-08-21,39.41547775268555,39.671165317305054,39.366303748591584,39.42531030263446,2140000
2025-08-22,39.52365493774414,39.89735564949733,39.41548187120393,39.69083831594301,3403700
2025-08-25,38.98277282714844,39.57282714805953,38.91393371909298,39.52365314106275,1877900
2025-08-26,39.16962432861328,39.42531190361573,38.95327070645354,39.41547935326754,2280600
2025-08-27,39.248294830322266,39.4646484461128,39.10078031929239,39.248294830322266,3757900
2025-08-28,38.78609085083008,39.21879813432914,38.756589445664346,39.20896183164036,4676900
2025-08-29,39.012271881103516,39.031940732427884,38.559899554992484,38.668076361551606,3591600
2025-09-02,38.314048767089844,38.874597961594965,37.9895220630633,38.51073355058029,4325800
2025-09-03,38.70741653442383,39.04177952537678,38.52056431064274,38.58940717039633,4207600
2025-09-04,38.95327377319336,39.031945436522456,38.530402797379956,38.70741872918325,2935700
2025-09-05,39.82851791381836,40.0350352545049,39.18929328622633,39.22863099439052,6540600
2025-09-08,39.3859748840332,39.41548003849063,38.71724890523206,39.1007821501283,2817300
2025-09-09,40.1038703918457,40.32022401384741,39.67116689929225,39.74983855637017,9420700
2025-09-10,39.82851791381836,39.95636358962683,39.710508540776104,39.86785562198256,3014100
2025-09-11,40.79226303100586,40.84143328298348,40.16287480221287,40.23171390527149,2653400
2025-09-12,40.153045654296875,40.70375852542409,39.8285152111397,40.55624775699362,4742000
2025-09-15,39.631832122802734,40.133378510594454,39.57282931349799,40.02520169160211,2793600
2025-09-16,39.3859748840332,39.74983927644117,39.36630603154493,39.631829912961564,3238700
2025-09-17,39.69083786010742,39.85801748493609,39.46465167574796,39.6121624473997,3929300
2025-09-18,39.631832122802734,39.69083868355771,39.38597708016568,39.43514733840305,2019500
2025-09-19,39.995697021484375,40.15304785207628,39.83834994234276,39.966195616473534,3691400
2025-09-22,40.231719970703125,40.418568456967726,39.8580192467236,39.97603237100155,3093500
2025-09-23,39.848182678222656,40.25138476689862,39.78917612203229,40.25138476689862,3389300
2025-09-24,39.51382064819336,39.70066912012368,39.2581293166571,39.44498154003745,3285900
2025-09-25,38.86476516723633,39.562992580378015,38.63857898064607,39.494153469304905,4638100
2025-09-26,39.189292907714844,39.562993628764644,38.805759635444126,39.26796832328335,4760800
2025-09-29,40.41856384277344,40.41856384277344,39.69083508338875,39.8186807443698,7271600
2025-09-30,42.44441223144531,42.60175930059585,41.05779001222807,41.15613052365339,11695600
2025-10-01,44.75544738769531,44.8341227968964,43.43766429517705,43.486838301652725,14144200
2025-10-02,42.96562194824219,44.21456590011978,42.92628799614084,43.96871088009939,13319100
2025-10-03,42.63125991821289,43.526172060913865,42.32640208754166,43.339323592068595,13115700
2025-10-06,42.72960662841797,43.29015581853286,42.63126236171787,42.97546166799293,6465400
2025-10-07,42.77877426147461,42.955790179224294,42.37557217136698,42.542751787325045,3867500
2025-10-08,42.63125991821289,43.172143975435986,42.62142736783155,43.0344620099474,2947900
2025-10-09,42.71976852416992,43.4966713168063,42.6607657180887,43.319655395662565,4429700
2025-10-10,42.818115234375,43.054133975091716,42.385407957310605,43.034465121456954,5318600
2025-10-13,42.96562194824219,43.02462850356904,42.493580759977014,42.52308591336539,3151500
2025-10-14,43.417999267578125,43.43766436846158,42.9852920191421,43.08363628080938,3693700
2025-10-15,43.054134368896484,43.2016488967814,42.50342146788675,42.50342146788675,4551800
2025-10-16,43.04429626464844,43.368822932098254,42.8967817557941,43.24098102597095,2609700
2025-10-17,43.181976318359375,43.61467981060905,42.62142716306663,42.65092856551889,4076100
2025-10-20,43.38849639892578,43.57534863021141,42.9852942834755,43.15247766139157,3216800
2025-10-21,43.21147918701172,43.70318925229999,43.10330612386637,43.614681290490104,3909800
2025-10-22,43.52617263793945,43.7326937131852,43.28031760919693,43.32949161610545,3044500
2025-10-23,44.78495407104492,46.092900906347666,43.25081730229084,43.26065360450183,7897600
2025-10-24,42.52308654785156,43.26065161891794,42.13954955967909,43.063966849676916,9860100
2025-10-27,43.07379913330078,43.48683752129465,42.926288370870765,43.122969387444115,5573100
2025-10-28,42.975460052490234,43.50650781835742,42.17888840368945,43.27048533859977,8410100
2025-10-29,45.16848373413086,45.93555018179519,44.74561280748262,45.256991689742115,13924300
2025-10-30,46.161739349365234,46.378092977481046,45.06030985899849,45.16848667305639,8724800
2025-10-31,46.08306884765625,46.338756436120406,45.79787610369419,46.07323254534023,5027400
2025-11-03,45.581520080566406,45.97488962068164,45.49301212161298,45.97488962068164,4764800
2025-11-04,46.04372787475586,46.24041264117088,45.22749115859089,45.32583166607345,5065300
2025-11-05,45.91588592529297,46.26008523220368,45.74870629876934,45.78804400552203,5525000
2025-11-06,46.319087982177734,46.42726479988542,45.84704675609435,46.063400391509724,4212600
2025-11-07,45.85688018798828,46.1519054668914,45.62085771399581,45.97488954925954,5552900
2025-11-10,46.57477569580078,46.584608245985365,45.788040380287235,45.97488884539361,2861700
2025-11-11,47.60736846923828,47.67620757840446,47.02715044094469,47.036986743082764,3916100
2025-11-12,47.27300262451172,47.50902509274713,46.73212233447414,46.96814105125969,3565900
2025-11-13,47.34184265136719,47.88272295193677,47.213996988939854,47.22383329067654,4035800
2025-11-14,46.80318069458008,47.190065217395336,46.72381782619241,46.94206193002865,5054200
2025-11-17,47.15038299560547,47.59678966225474,47.04126094551012,47.219823612169826,3735100
2025-11-18,46.991661071777344,47.100783121933226,46.58493583843346,46.654376455036335,4635000
2025-11-19,45.96989059448242,46.70398200766409,45.95004987691211,46.64445985495316,6213100
2025-11-20,45.74172592163086,46.22781023501295,45.44412274018043,46.22781023501295,6208600
2025-11-21,46.8130989074707,46.942061675787265,46.09885201699934,46.1186927339888,4235300
2025-11-24,46.61470031738281,46.96190341165664,46.48573754626828,46.654377967992744,5306100
2025-11-25,47.170223236083984,47.53726703196515,46.932142205761515,46.971819854662094,6602200
2025-11-26,47.636470794677734,47.973755409099695,47.59678936139756,47.656311511317824,4282100
2025-11-28,47.47774887084961,47.51743030415073,47.0412606729968,47.49758958750017,2851800
2025-12-01,46.8130989074707,47.69599378446737,46.75358054073215,47.67615306747791,3663200
2025-12-02,47.88447570800781,48.023356944991065,47.398387594336526,47.70591303639223,4840400
2025-12-03,48.57888412475586,48.91616873989252,48.410239925072645,48.559043408073734,3696000
2025-12-04,48.18207931518555,48.668167433052616,48.1423978802107,48.559045378986745,3326100
2025-12-05,48.02335739135742,48.45984182368038,47.6265506098057,48.38048273790799,2380400
2025-12-08,48.08287811279297,48.192000163683446,47.76543421069148,48.00351524515269,4354000
2025-12-09,46.89246368408203,47.9043175863507,46.823023063907414,47.626551321422255,3782600
2025-12-10,48.02335739135742,48.05311657549333,47.43806946989509,47.656313578171535,2988000
2025-12-11,48.48960494995117,48.57888628687955,48.06303898287444,48.072957449542066,3871100
2025-12-12,48.420162200927734,48.598724866930795,48.172158918615686,48.509443533929264,2972500
2025-12-15,48.84672927856445,48.995528980854026,48.50944465545295,48.51936312191365,4059100
2025-12-16,48.39039993286133,48.965769372567834,48.13247818059175,48.88640650465115,3800700
2025-12-17,48.320960998535156,49.04513016446303,48.29120181414482,48.95584882706206,5257600
2025-12-18,47.90431594848633,48.30111893817017,47.85471604780458,48.01343800052409,3470100
2025-12-19,48.22175979614258,48.53920370120121,47.76543465564953,47.82495302270436,3286400
2025-12-22,48.20191955566406,48.48960428003987,48.11263821996915,48.261441707537294,2602800
2025-12-23,48.459842681884766,48.83680875261183,48.33088369219208,48.598727706848415,2857600
2025-12-24,48.56896209716797,48.64832496426066,48.30111809707483,48.33088106434948,1064900
2025-12-26,48.68800735473633,48.73760725552922,48.45984099947529,48.57888530245406,1207500
2025-12-29,48.71776580810547,48.84672857561777,48.529280889996,48.529280889996,1820800
2025-12-30,48.906246185302734,49.00544976809646,48.747524237062514,48.906246185302734,1833500
2025-12-31,48.6483268737793,48.84673026506886,48.53920481935854,48.807048829964955,1584800
