Date,Close,High,Low,Open,Volume
2019-01-02,225.03060913085938,225.90669777873921,221.18652720924356,221.29379947280023,5980000
2019-01-03,219.407470703125,223.51974603421942,219.09458878851666,223.30518791263097,5831100
2019-01-04,227.12249755859375,227.59630157187274,222.2771715225264,222.65263808167606,6430100
2019-01-07,228.65121459960938,230.16201577061594,226.3626485388255,227.2834385767045,5961000
2019-01-08,230.90399169921875,231.3777956780284,228.42768590969814,230.98444589012735,5348500
2019-01-09,231.97669982910156,232.86175033372015,230.39437979527477,231.61911661760882,4097000
2019-01-10,232.8886260986328,233.0584829405035,229.82228177771177,230.4838395288396,4325600
2019-01-11,232.763427734375,232.897518044855,231.15428944490787,231.75323525900305,5111600
2019-01-14,231.6370391845703,232.26283040913378,230.60005581872946,231.00232679292898,3709900
2019-01-15,234.1402130126953,234.3994725351804,231.86951646255773,231.86951646255773,3781800
2019-01-16,234.75704956054688,235.57948851185927,234.3636997031853,234.54247773171147,4387500
2019-01-17,236.4823760986328,237.3137633845284,233.7915120577307,233.8809147005042,4446800
2019-01-18,239.64703369140625,240.09401960393612,237.52832483111152,238.29712750537246,6994200
2019-01-22,236.45555114746094,238.32394901503034,234.79277662409643,238.12727411939906,5992300
2019-01-23,236.79522705078125,238.10041808719177,234.45302557384898,237.45675737520762,6762400
2019-01-24,237.02767944335938,237.59085872091316,235.7135398986959,236.71478387903906,3731700
2019-01-25,239.13748168945312,239.82583022649254,238.43123625414185,238.8603525848102,3333900
2019-01-28,237.21548461914062,237.26912075861836,235.42754055158633,236.90258895094635,4425100
2019-01-29,236.88462829589844,237.87692377675396,236.08003194921994,237.32266569391385,4454100
2019-01-30,240.68402099609375,241.47964165685593,237.66239215463798,238.3954555279082,5117200
2019-01-31,242.7580108642578,243.18712711346512,240.40688814568477,240.58566612146552,6521800
2019-02-01,242.8921356201172,243.91124922952875,242.1143572801168,242.98151096972052,3901800
2019-02-04,244.63548278808594,244.65337969216696,242.24859233374488,242.95481071642945,2960200
2019-02-05,245.68130493164062,245.91371901799914,244.53702226652314,245.0555138396237,4051300
2019-02-06,245.31488037109375,245.82445100148357,244.56394710192794,245.34169844206886,3962600
2019-02-07,243.00833129882812,244.2151986301163,241.30979041272218,243.67881011822678,6678000
2019-02-08,243.2765655517578,243.29443516741065,240.89859714084432,241.68529673926452,2909300
2019-02-11,243.4106903076172,244.18844156730674,242.89219856177743,243.9113124352762,2770300
2019-02-12,246.5753631591797,246.91507688368705,244.94832757436046,245.00196371171845,4285400
2019-02-13,247.32630920410156,248.18451472824347,246.95977739188658,247.37994534424405,2994400
2019-02-14,246.7630615234375,247.90734445979365,245.43105212771823,246.23562137827443,7159700
2019-02-15,249.5612030029297,249.5612030029297,248.36328391095162,248.53314075730785,4844200
2019-02-19,249.90980529785156,250.58028414656536,248.68506829929768,248.71188636197206,4588400
2019-02-20,250.39254760742188,250.87529999794157,249.40917321260517,249.9097952169022,5534300
2019-02-21,249.60581970214844,250.12433854310115,248.55988813714555,249.8203914523375,3118300
2019-02-22,251.04515075683594,251.27756485774515,249.9008680200787,250.18691824287868,4962900
2019-02-25,251.43853759765625,253.04767605546556,251.3401865051127,252.51128747557698,4699300
2019-02-26,251.2507781982422,252.11793198632358,250.9021433623796,251.03623368386522,4881300
2019-02-27,251.12559509277344,251.48317831864154,249.5969111151228,250.5623885531518,3283800
2019-02-28,250.5982208251953,251.36702359847735,250.36577939054797,250.90216801104114,4166100
2019-03-01,252.37718200683594,252.65431108814187,250.81273132378743,252.27885820204892,4204000
2019-03-04,251.34918212890625,253.5036580198898,249.01590091711498,253.32485269908207,4811800
2019-03-05,251.0272674560547,251.64411017305625,250.43727008330478,251.4563837362722,2502400
2019-03-06,249.42709350585938,251.098816492938,249.13206751881276,251.08986804428335,3411700
2019-03-07,247.4156494140625,249.1141904141858,246.50378069808377,248.99796971259207,4553800
2019-03-08,246.91506958007812,247.03126301967657,245.0377229824991,245.46681206867066,5315800
2019-03-11,250.4998779296875,250.62504710070755,247.57659941095008,247.59446902887035,3843700
2019-03-12,251.38491821289062,251.9212795466504,250.86639921444512,251.0183864469159,2089500
2019-03-13,253.12808227539062,254.00418436589163,252.1357867802422,252.3056435863786,2804600
2019-03-14,253.00303649902344,253.5304767303186,252.48451743648806,253.1192572296559,2396400
2019-03-15,254.1383514404297,254.96973882782802,253.28906715317794,253.49469052847562,3132400
2019-03-18,255.1484832763672,255.38092466414278,254.1829784978016,254.39755027184563,3786200
2019-03-19,255.26473999023438,256.9275146030521,254.28136545917488,256.13189381100636,5845600
2019-03-20,254.3492889404297,256.1353525804616,253.27224939845118,254.9506145623359,4671800
2019-03-21,257.20330810546875,257.65206984174927,253.5413969988839,253.55936499809044,3615200
2019-03-22,252.3477783203125,256.4315003859875,252.26700447044814,255.90196466559834,6540600
2019-03-25,252.1234130859375,253.17350058981873,250.8848258637165,251.9977466070443,4726400
2019-03-26,253.9632568359375,254.97746283306037,252.60801489654995,253.88248300301336,4222700
2019-03-27,252.7246856689453,254.59155011345328,251.15401935382653,254.01712185660566,3437000
2019-03-28,253.72097778320312,254.0889657882499,252.16825191657884,253.32606516267728,2380700
2019-03-29,255.39935302734375,255.56090072673436,254.0261428020218,255.17497209255095,4331300
2019-04-01,258.3522033691406,258.55861629105686,257.0059178147316,257.26620735785394,4170400
2019-04-02,258.4150695800781,258.6304665313919,257.62524423825664,258.4599348148508,7162300
2019-04-03,258.8817443847656,260.0126330385788,258.19961759164016,259.60873640785974,3439000
2019-04-04,259.50103759765625,259.73440252978276,258.4419661815056,259.1509901994665,3422400
2019-04-05,260.6857604980469,260.7844749542724,259.8690106728002,260.15619743016,3928500
2019-04-08,260.9729309082031,261.04474813573097,259.66255410341273,260.3087721999287,2492300
2019-04-09,259.62664794921875,260.2997906648729,259.07917168780534,260.03952853579796,3990400
2019-04-10,260.47930908203125,260.58700753522794,259.62665067714477,260.0305472668799,2879200
2019-04-11,260.46142578125,260.98197754965764,259.860072764918,260.97299354649857,2581400
2019-04-12,262.2205505371094,262.47185609959786,261.36789199103123,262.0500188278937,2516100
2019-04-15,262.0050964355469,262.355116390035,261.21527129996355,262.29228316555765,3124800
2019-04-16,262.2026062011719,262.9565228779387,261.5922692235735,262.9026736431876,3759000
2019-04-17,261.5115051269531,263.3245207320451,261.12557646675634,263.31553672916755,4343000
2019-04-18,262.0768737792969,262.3281792749823,260.83828691118845,262.1576476110981,4367500
2019-04-22,262.3462219238281,262.43597979082205,261.21536044852195,261.2961343117399,2879500
2019-04-23,264.62591552734375,264.8682370943382,262.43595525069895,262.6603362020744,4574500
2019-04-24,264.0693664550781,264.8951001305047,263.925759407602,264.5450528166111,2568500
2019-04-25,263.90789794921875,264.55411616155294,262.6872513746978,263.988671801979,1839000
2019-04-26,265.1913757324219,265.2183003525835,263.16296304606215,263.9707290411663,2160500
2019-04-29,265.478515625,266.07984110369813,265.13745227159063,265.22721011042154,2986600
2019-04-30,265.6131896972656,265.96320972860417,263.7912175191132,265.20929304008445,4549100
2019-05-01,263.6923828125,266.5016356377424,263.66545820418503,266.32214737905696,2952100
2019-05-02,263.2077941894531,264.4822624330696,261.61915980024713,263.5488575586668,3279700
2019-05-03,265.676025390625,265.96321218634444,264.38358894400443,264.5810452730785,3160500
2019-05-06,264.6796569824219,265.0207202720663,261.07162261404795,261.3767772968241,2792400
2019-05-07,260.2010192871094,262.78589113214264,258.26236540333446,262.19352238513574,5263000
2019-05-08,259.8510437011719,261.52045197430533,259.22279356481425,259.8779683157265,5809800
2019-05-09,259.133056640625,259.59975912733404,256.0007075368017,257.76883040930176,4280900
2019-05-10,260.2818603515625,261.0896261642591,255.08519071182556,258.1188250528456,4329400
2019-05-13,253.81967163085938,256.15323854711994,252.95805661525074,255.17494107716118,5831700
2019-05-14,256.08148193359375,257.6072558685441,254.6723630778814,254.81597016415634,3202800
2019-05-15,257.6162109375,258.2175638318464,254.22357265226069,254.44795356369252,3135500
2019-05-16,259.8869934082031,261.33202099177254,258.2265688741402,258.28041811176354,3911200
2019-05-17,258.3970031738281,260.7664782969729,257.66102735010196,257.67001134973657,3833300
2019-05-20,256.6737976074219,257.9213411131769,255.83907987984637,256.73660344004963,2515800
2019-05-21,258.9176940917969,259.25873015223,258.0291268412539,258.28043242750994,3634900
2019-05-22,258.17266845703125,259.0253268674614,257.64313279853957,257.9034223222889,3147400
2019-05-23,254.95062255859375,255.893011644692,253.5235629243787,255.8840550315677,4419100
2019-05-24,255.57884216308594,256.79946117415136,254.90569942868274,256.3866079663202,1809900
2019-05-28,253.17347717285156,256.76357202856,253.17347717285156,255.8121990830173,2455600
2019-05-29,251.52207946777344,252.38372210020185,250.01424594640582,252.00675002473258,6641200
2019-05-30,252.0874786376953,253.02989496208315,251.01942323753894,252.1682524843143,3840000
2019-05-31,248.88327026367188,250.37316264831887,248.71273859740086,249.56539692875597,5428400
2019-06-03,248.05760192871094,249.8616333112476,246.72925700646388,248.74868530981112,5589700
2019-06-04,253.49664306640625,253.62228216479417,249.93347222049695,250.37325015023674,3598900
2019-06-05,255.66854858398438,255.70445719571342,253.29011662403602,255.12107235878202,4673700
2019-06-06,257.3739013671875,258.03806013099273,255.3365050670024,255.9827232175491,4294500
2019-06-07,259.9857482910156,261.0268518640428,258.2176251931566,258.3971135308058,3180200
2019-06-10,261.1794128417969,262.8039286479776,261.06273037114556,261.5025082464455,3862800
2019-06-11,261.13458251953125,263.3514675875136,260.44347160566826,262.9744955081106,2923100
2019-06-12,260.5421142578125,261.40372918086547,260.12923371134906,260.87419358283057,2310100
2019-06-13,261.73583984375,262.0499785961949,260.84730020391106,261.5383835470916,2305000
2019-06-14,261.40380859375,262.01411820839405,260.64090788031854,261.4576578309096,2000100
2019-06-17,261.6457824707031,262.286958217471,261.34779255624426,261.6548216542732,2511100
2019-06-18,264.0930480957031,265.3121253822947,263.00939322041256,263.3525515162042,4622700
2019-06-19,264.8063659667969,265.39336163113313,263.48794063451936,264.400016151274,7606200
2019-06-20,267.3168640136719,267.8135506408668,265.38438016754236,267.5877915080931,4409000
2019-06-21,266.91046142578125,268.38241509028325,266.8201522787998,267.10913052574745,3628100
2019-06-24,266.6396179199219,267.542654557037,266.53125793282663,267.208535410663,3549200
2019-06-25,264.0569152832031,266.76602487565395,263.95756693439955,266.711844888484,2975600
2019-06-26,263.7588806152344,265.4836835837675,263.7047006315934,264.9689737391785,4210200
2019-06-27,264.84246826171875,265.2488455944865,264.2374218531391,264.5805800348578,2722100
2019-06-28,266.1699523925781,266.58534137883476,265.2307869137326,265.7455242245069,5751100
2019-07-01,268.4908142089844,269.89954892024826,267.31685024394017,269.43899149439744,3919300
2019-07-02,269.3126220703125,269.3126220703125,267.6329596206685,268.4637654397864,3786000
2019-07-03,271.34442138671875,271.3805230051331,269.78215829794635,269.90859663785864,1853800
2019-07-05,271.001220703125,271.2359914200369,268.8700405351538,270.1704151152928,2198200
2019-07-08,269.60150146484375,270.05301965691916,268.87004419836023,269.7459905933259,2954400
2019-07-09,270.0350341796875,270.24274251934696,268.373450137882,268.4095793183641,1544300
2019-07-10,271.2721252441406,272.1661500073724,270.4593980072346,271.0192761580258,2498200
2019-07-11,271.75079345703125,272.10299095396516,270.8477568702135,271.859153438091,5142100
2019-07-12,273.15948486328125,273.15948486328125,272.0487676756635,272.36480838397034,4346100
2019-07-15,273.13238525390625,273.52071185522533,272.68990623107044,273.49359430674065,4400600
2019-07-16,272.21136474609375,273.258890546969,271.9856055879351,273.08731138208907,2233900
2019-07-17,270.44134521484375,272.3919071041864,270.44134521484375,272.2383787937337,2142400
2019-07-18,271.4978942871094,271.77783337276037,269.48414070700636,269.9085689269424,4370700
2019-07-19,269.9175109863281,272.5543887800884,269.72788110328867,272.51825961620744,3510300
2019-07-22,270.5316162109375,271.10053351785825,269.80015897589146,270.3058571246027,2571000
2019-07-23,272.4641418457031,272.5002710178313,270.8747889738652,271.7326845713876,2209200
2019-07-24,273.7735595703125,273.7735595703125,271.6604301269729,271.75977846213084,2390900
2019-07-25,272.4551086425781,273.38523504628665,271.6604321892185,273.35814505621687,3671000
2019-07-26,274.3154602050781,274.5051177623287,273.0783042823675,273.1686134679401,2711600
2019-07-29,273.8187255859375,274.23411465493973,273.2407690042939,274.1889738538367,2326300
2019-07-30,273.1503601074219,273.5296198237055,272.0125258416234,272.40082473730985,4701600
2019-07-31,270.21563720703125,273.5658950964793,268.1025349836913,273.4033551312582,8580600
2019-08-01,267.7682800292969,273.2587554745159,266.9916821371809,270.2967978859163,10111600
2019-08-02,265.8719787597656,267.1271849769441,264.2194067787499,266.8652967146689,7481100
2019-08-05,257.88018798828125,261.74518382638263,255.86640629685408,261.6729254601609,6926000
2019-08-06,261.3206481933594,261.60058724092033,258.2051619434317,259.65906471289156,5461900
2019-08-07,261.5735168457031,262.29593491445576,256.15529865460974,258.27743962448454,5787700
2019-08-08,266.6485290527344,266.6485290527344,262.49455700516324,263.01833343591255,5600900
2019-08-09,264.9147033691406,266.35055527055346,263.0725292452713,265.7364696707841,4104700
2019-08-12,261.708984375,263.8762662853769,260.69758798738974,263.307348927725,2768300
2019-08-13,265.7455139160156,267.1542483003974,260.9774834861511,261.31160249855856,3622700
2019-08-14,257.9072570800781,262.2508608979617,257.72663873765674,261.60971263179835,5805500
2019-08-15,258.575439453125,259.3881667013784,256.48038839121733,258.7379793910789,5784200
2019-08-16,262.404296875,262.7926234594441,260.14670594478514,260.2009134809147,3906300
2019-08-19,265.5559997558594,266.1881088887999,264.71618226807857,265.36634221333435,2828500
2019-08-20,263.4969787597656,265.51073214062706,263.3344112757266,265.0321239874983,2987200
2019-08-21,265.6552429199219,266.0074403458263,264.97796561639865,265.6281529301203,3004600
2019-08-22,265.5559997558594,266.96473475423113,263.77701641633337,266.35067643360594,4230200
2019-08-23,258.6929016113281,265.8991437593604,257.4557458513938,264.25561049706505,6060200
2019-08-26,261.5735168457031,261.5735168457031,259.3881567162297,260.89623957181647,2675200
2019-08-27,260.5711975097656,263.33448727566855,259.79459926898426,262.9732781506891,3416400
2019-08-28,262.33209228515625,262.52172222585386,259.0721438844879,259.8487420139543,3827600
2019-08-29,265.7455139160156,266.2512120253588,263.9574921703864,264.9779275705368,3544700
2019-08-30,265.73651123046875,267.2626449495596,264.698024883246,267.2626449495596,4786600
2019-09-03,264.0569152832031,264.8515918396801,262.738489664587,263.92146531527817,4419500
2019-09-04,267.08203125,267.09104287344707,265.53781929821827,266.26927651391213,2741800
2019-09-05,270.5768737792969,271.4528204254367,269.4661287872357,269.5925671453445,4005000
2019-09-06,270.7574462890625,271.371532109351,270.1885563914627,270.8567946435094,3937500
2019-09-09,270.88385009765625,271.7959257480058,269.92663364735284,271.75075738956605,2973000
2019-09-10,270.86578369140625,270.86578369140625,268.84296338212084,270.080118861262,2416700
2019-09-11,272.8254089355469,272.8254089355469,270.495586669551,271.136734929193,2935100
2019-09-12,273.6922302246094,274.74879482345005,272.91563223312994,273.63805025117966,4597600
2019-09-13,273.50262451171875,274.4779192366897,273.11432548163,274.1257218197604,4257000
2019-09-16,272.69903564453125,273.07829563002736,271.99466811297367,272.32878728636086,2277400
2019-09-17,273.3581237792969,273.42134293736717,272.30158669032664,272.42799744798504,3919700
2019-09-18,273.5568542480469,273.6200734203,270.92000296665094,272.9427960108438,3060100
2019-09-19,273.5207214355469,274.8842877246431,273.1594848115756,273.9180321166419,5068000
2019-09-20,272.0126953125,274.37864687827795,271.452817010185,274.1257977237328,5885200
2019-09-23,272.1571044921875,272.8163034021752,271.308248103164,271.5340071947451,4628800
2019-09-24,269.9909362792969,273.63908444913085,269.0471264189055,273.2216412722278,6186800
2019-09-25,271.5155029296875,272.0327856732483,268.59334562583626,270.0453542435764,3626300
2019-09-26,270.970947265625,271.7967771908109,269.6187785051946,271.5971256957686,3102400
2019-09-27,269.5281677246094,271.88767910896416,268.0217106691734,271.824147304843,3287300
2019-09-30,270.90753173828125,271.51557036423304,270.03633742916867,270.0817014587432,3805200
2019-10-01,267.63153076171875,272.3596104167433,267.3774312025851,271.7062075940033,4889900
2019-10-02,262.83978271484375,266.03417946902846,261.578341766025,266.03417946902846,6358200
2019-10-03,265.02685546875,265.0449955361462,259.9266993597324,262.631037224007,4787000
2019-10-04,268.63873291015625,268.85655222327654,265.6712113309889,265.7075191656362,4951200
2019-10-07,267.4317321777344,269.45547134739854,267.18671663938204,267.8401191030812,2631600
2019-10-08,263.2935791015625,266.3064926104222,263.2754113355747,265.58955822303506,3984900
2019-10-09,265.7891540527344,266.7238798778524,264.7273646714064,265.3263192333402,3371700
2019-10-10,267.6678466796875,268.49364950068235,265.5533505571121,265.7257782304474,3530700
2019-10-11,270.33575439453125,272.60450914545476,270.2359147842153,270.39020229297256,4203800
2019-10-14,270.15423583984375,270.6896586236254,269.7458489175014,270.05439623215057,1612700
2019-10-15,272.8132629394531,273.49388947969646,271.0254827859566,271.09809845931755,3190400
2019-10-16,272.3141174316406,272.99474389576125,271.87850652448924,272.27780959902094,3140300
2019-10-17,273.07647705078125,273.993063090551,272.4321582746378,273.4757802149521,2130900
2019-10-18,271.8875732421875,273.2034343728939,271.0254353641564,272.61356368018,2557200
2019-10-21,273.8387756347656,273.94767146234733,272.85868549176246,273.23982088829837,3784900
2019-10-22,272.88580322265625,274.5737432826455,272.7678235571126,274.3377839515582,4540200
2019-10-23,273.6753845214844,273.72983242585053,272.4230273315361,272.6045388092655,1767200
2019-10-24,274.1654357910156,274.7462504065845,273.29424156242743,274.5829066814927,1937800
2019-10-25,275.2544860839844,275.78990905086545,273.53932135207975,273.5665453098951,2515700
2019-10-28,276.79718017578125,277.2962951731606,276.37970933622427,276.37970933622427,4818200
2019-10-29,276.70648193359375,277.64120803372845,276.3888506443743,276.5431381944869,3443100
2019-10-30,277.5776672363281,277.89529851524816,275.5993192741365,276.90612453415235,4160900
2019-10-31,276.7609558105469,277.54139443378466,275.3815623929598,277.54139443378466,4214800
2019-11-01,279.4652404785156,279.4652404785156,278.1221276036671,278.2854713102027,2413100
2019-11-04,280.5179138183594,281.1078122402962,280.15491857815624,280.98983255590883,2509600
2019-11-05,280.18218994140625,281.0080201771038,279.900866505536,280.7448368131468,4949800
2019-11-06,280.3091735839844,280.5451329253919,279.30183213738616,280.2002777940296,2711200
2019-11-07,281.3074951171875,282.39648095912116,280.79021230251755,281.6160424904736,2772000
2019-11-08,281.93365478515625,281.9517948548008,280.2184627344261,280.899089225396,2031000
2019-11-11,281.4707946777344,281.5706065939766,280.4180891426948,280.59960060192105,2232400
2019-11-12,281.9518127441406,282.913762696831,281.22582218561513,281.779385139907,2528800
2019-11-13,282.1060791015625,282.496326038183,280.7811338389933,280.980785401416,2311600
2019-11-14,282.50531005859375,282.57792571443287,281.1803651344904,281.8065436160016,2317200
2019-11-15,284.6016540527344,284.6016540527344,283.15872937291533,283.83935578951446,3770100
2019-11-18,284.7287292480469,285.01005262949195,283.86659134054685,284.32034230349194,2866900
2019-11-19,284.66522216796875,285.38215650616615,284.02998738158044,285.38215650616615,3873700
2019-11-20,283.6125793457031,284.58361335251413,282.0607583285438,284.1026382913001,4099900
2019-11-21,283.2041320800781,283.81214286011493,282.3964420742025,283.7123309419564,2174200
2019-11-22,283.8121643066406,284.02089973505565,282.7957665060791,283.9210601145918,2164500
2019-11-25,285.953857421875,285.99016525281326,284.7287243042433,284.7287243042433,3510100
2019-11-26,286.52557373046875,286.8068970929633,285.7178837773489,286.0718227980893,3180700
2019-11-27,287.9050598144531,287.93228377142026,286.90680190104433,287.1972092385393,1999500
2019-11-29,286.82501220703125,287.60547814409995,286.63444458654334,287.3967427632516,1790700
2019-12-02,284.4201354980469,287.17894865703613,284.0026924347989,287.1607808968364,3528400
2019-12-03,282.4599609375,282.60516456207597,280.3091859070651,281.67952261200867,2573100
2019-12-04,284.21142578125,284.83760428003944,283.2403921446044,283.548967148298,2210900
2019-12-05,284.81048583984375,284.96477339884626,283.4583164302696,284.96477339884626,3006400
2019-12-06,287.3514404296875,287.805191419986,286.67081394423985,286.70709408323467,4750700
2019-12-09,286.4983825683594,287.6781240496486,286.4257669018037,286.9521335526648,3296100
2019-12-10,286.1989440917969,287.06108219858044,285.50923360637006,286.45304358199087,3497900
2019-12-11,286.9249572753906,287.24256086136603,286.2352468023237,286.62546606692024,4633900
2019-12-12,289.4659423828125,290.2282408140602,286.7434361163139,286.9793955217355,5009300
2019-12-13,289.56573486328125,290.8725399989781,288.4404412110616,289.2481313093421,3983000
2019-12-16,291.6471862792969,292.2499928888833,291.3457690380675,291.3549113401873,3948000
2019-12-17,291.6746826171875,292.33228751312885,291.61988453193254,292.06741151914207,4846300
2019-12-18,291.6929626464844,292.3231685501205,291.68382034058465,292.11309062461385,4238700
2019-12-19,292.94415283203125,293.00809321024946,291.665484632048,291.90296153807213,5208100
2019-12-20,294.4420166015625,295.32795590053865,293.921407061645,293.9670628291997,5678400
2019-12-23,294.65203857421875,295.04479520392897,294.5059289827816,294.9808548371306,4519500
2019-12-24,294.6886291503906,294.9443627874452,294.3780974391727,294.8895647132818,2716300
2019-12-26,296.2139892578125,296.2231036904932,295.026632322752,295.0631736721232,2847400
2019-12-27,296.15911865234375,297.00851667528093,295.6567658083654,297.00851667528093,5091400
2019-12-30,294.56085205078125,296.3692447091758,294.05849907787365,296.2961898824549,3511400
2019-12-31,295.2275085449219,295.51978353532985,293.7022489583202,294.05843645616716,3128900
2020-01-02,298.04071044921875,298.04071044921875,295.87610205061105,296.816839857222,4070500
2020-01-03,295.7481994628906,296.88987282725833,294.56087031310216,294.5791270526935,4290400
2020-01-06,296.91717529296875,296.9628589364146,293.8940274373122,293.99450915459244,4212000
2020-01-07,296.1044006347656,296.80766135902206,295.602047654968,296.3418497295276,3632500
2020-01-08,297.6113586425781,298.8534856354619,296.0221306838389,296.2687499198374,3912100
2020-01-09,299.62066650390625,299.73029053080523,298.6068742063293,299.2005386225311,2964600
2020-01-10,298.7895812988281,300.3970381646098,298.31462742265256,300.2417862226909,3494600
2020-01-13,300.8811950683594,300.8811950683594,298.9905770573753,299.4563887660524,3588100
2020-01-14,300.415283203125,301.46561680397207,299.675453445216,300.3969985962159,4298700
2020-01-15,301.09112548828125,301.84918405895263,300.22344290178273,300.31478231186804,4405100
2020-01-16,303.5937194824219,303.5937194824219,302.24199630697234,302.4703309377312,5493100
2020-01-17,304.5983581542969,304.73535334051064,303.7215610896523,304.3243677818692,4982400
2020-01-21,303.94073486328125,304.7353347677689,303.5114647240567,303.57540509801817,5892400
2020-01-22,304.004638671875,305.45684312831634,303.849358907056,304.8266375130664,4182400
2020-01-23,304.3791809082031,304.5161761011915,302.20543093652947,303.319704960964,7454900
2020-01-24,301.61175537109375,305.06417347119043,300.34220159294205,304.9728340549482,4793500
2020-01-27,296.7163391113281,298.2598837446895,296.0039360399986,296.3327524660119,6552900
2020-01-28,299.8763732910156,300.7623126204965,297.7483071633913,298.2323753822082,5559200
2020-01-29,299.6663818359375,301.47477431426296,299.50198758752254,301.2829810244455,3372400
2020-01-30,300.570556640625,300.81714799566237,296.7984642635571,297.58394984921426,4084500
2020-01-31,295.2275085449219,300.1412738137569,294.259372027963,299.98602188770576,6354000
2020-02-03,297.34649658203125,299.2279717681992,296.58843784839064,296.6614926684396,3119700
2020-02-04,301.95880126953125,302.76254353775954,300.68927536125705,300.99980707891314,3636300
2020-02-05,305.3199157714844,305.58476385135833,303.4110417712561,304.8541042464524,4106100
2020-02-06,306.4889831542969,306.58943700245527,305.3199110806821,306.4889831542969,4442600
2020-02-07,304.8266906738281,306.0871021241396,304.25128302278364,305.3564146811959,4679900
2020-02-10,307.0826721191406,307.10092885493594,303.8768450592422,303.8768450592422,3614300
2020-02-11,307.6489562988281,309.2016429954038,307.1192321996571,308.44355638402504,5850800
2020-02-12,309.6217346191406,309.7952711545096,308.6901394341685,309.0646115434974,5473300
2020-02-13,309.23809814453125,310.242775942656,307.8863751733047,308.2151636129407,7908300
2020-02-14,309.6856689453125,309.8592054772885,308.48005552512427,309.62172856555776,6510600
2020-02-18,308.94586181640625,309.3477329496678,307.5667118875824,308.75404068038836,3566600
2020-02-19,310.42547607421875,311.11047991001647,309.63999051527446,309.92312320424065,2678800
2020-02-20,309.156005859375,310.71783509583815,306.1785406681214,309.92320701820086,3567700
2020-02-21,305.9775085449219,308.08731803454833,305.1463672500878,307.79504305491685,4323700
2020-02-24,295.76641845703125,298.91744768970847,294.7343692805754,296.47882143056506,7492100
2020-02-25,286.89788818359375,297.80315221834087,285.94800832917804,297.18208872128724,12100900
2020-02-26,285.7926940917969,291.81159021342603,285.02549325569885,288.1856360057183,11655100
2020-02-27,272.8233337402344,284.0756706758837,272.8233337402344,280.1391839965466,11340100
2020-02-28,270.26605224609375,272.1383853916504,261.86332523775167,264.904758652121,19515300
2020-03-02,283.50030517578125,283.59164461335735,270.0285603833593,273.3987821578704,11780800
2020-03-03,275.3716125488281,287.8386799801932,272.9786696622942,283.82913766119316,12910300
2020-03-04,287.4732666015625,287.4732666015625,278.3033410952359,280.80590731007317,7188600
2020-03-05,277.4356689453125,282.96135487002766,275.1979788158371,279.7738129153329,6506600
2020-03-06,272.8142395019531,274.0381098297643,266.16513588835016,268.9690640891023,9896200
2020-03-09,250.9853515625,260.5662892018074,250.784416023289,253.17738576220992,14676500
2020-03-10,264.4571533203125,264.6306898663203,250.81187380789262,260.94993680125987,14213300
2020-03-11,251.5973358154297,258.50217204472716,248.41890807778614,257.43355382865366,9984000
2020-03-12,227.384765625,244.5737894419074,227.01942185263962,234.61840508045614,22444700
2020-03-13,248.01699829101562,248.4919520343082,228.8095093522114,241.79716684642995,24915800
2020-03-16,219.3108367919922,235.47693943770494,214.6345481181843,221.45718784774985,18004600
2020-03-17,233.2574920654297,234.72796743835707,217.21014371746716,224.49858020498473,18140900
2020-03-18,220.2698211669922,225.49411795152272,208.95355890162875,216.66213725935302,22014200
2020-03-19,221.08273315429688,226.73630116132207,212.75308981298605,218.58019437902868,18324900
2020-03-20,211.1273193359375,225.32059270945527,210.70717751712496,223.63092493970532,12619800
2020-03-23,205.18148803710938,211.4013349161894,201.19020325981003,210.27791852921595,14473200
2020-03-24,224.5717010498047,225.00097130982073,215.52051211367962,216.45212139461236,12474400
2020-03-25,227.4400634765625,236.3825385460336,221.02502058850837,225.69385290441284,11938200
2020-03-26,241.1340789794922,242.2921050495214,229.6733848635955,230.0685884660889,15886800
2020-03-27,233.662109375,240.45397064134835,231.4012127992472,233.44152965275873,9514700
2020-03-30,241.1248779296875,241.8969140033713,233.78158807036905,235.76676358658156,9539800
2020-03-31,237.48536682128906,242.72402596156337,236.19868697644608,240.24254993774565,9561000
2020-04-01,226.82431030273438,231.80562039718882,224.82074956489396,228.62566242793721,13680800
2020-04-02,232.14566040039062,232.95443872747367,225.57437856412284,226.0155240044587,7510800
2020-04-03,228.86459350585938,233.48746960499878,226.08902512442728,231.1346754897818,6419000
2020-04-06,244.28643798828125,246.13375984124028,236.69501210027798,237.6967853697748,9644800
2020-04-07,244.38755798339844,253.6608817813699,244.19456299187064,252.80616162851163,11723100
2020-04-08,252.74179077148438,253.89061709317295,244.83786006876352,246.99765916304156,5987700
2020-04-09,256.5283508300781,259.2395925169397,253.98256147093045,256.09639095567184,11460300
2020-04-13,254.06517028808594,255.78380949981445,250.25107357019755,255.4989028950632,7569700
2020-04-14,261.776123046875,262.6676133073008,258.0723084695418,259.0557104362258,8106500
2020-04-15,256.02288818359375,257.7598992870203,253.9458008723061,255.90340573860502,6012100
2020-04-16,257.38311767578125,258.16432542619197,254.2307440032985,257.3555469574151,6360000
2020-04-17,264.3035583496094,264.89177087091224,260.3791778533205,263.1179898165429,7982800
2020-04-20,259.5979919433594,263.9635321934272,259.41419655081535,260.56302293241214,5692100
2020-04-21,251.6940460205078,256.3353211576093,250.83015443609006,255.14052496253086,8689400
2020-04-22,257.3923034667969,259.1109435970563,255.31521596946527,256.59272462951253,7196100
2020-04-23,257.3186950683594,261.7577471192352,257.0337884174499,258.577804083188,7300700
2020-04-24,260.92144775390625,261.5464025874438,256.7765011528523,258.80761838560926,5011300
2020-04-27,264.8641357421875,265.7923961308102,262.4378017532169,262.87896103689604,5334600
2020-04-28,263.439697265625,268.69670003353116,263.1731616831022,268.3566519010986,6904700
2020-04-29,270.3234558105469,271.89504249626225,267.7960376922383,268.8253816746372,7104800
2020-04-30,267.5937805175781,269.45027347668565,266.1049063165347,268.97237189595364,11243800
2020-05-01,260.5814514160156,263.7062542522797,259.5796779564574,263.0261578598792,6341200
2020-05-04,261.5924072265625,261.80377336296186,257.4290608994683,258.7616828791315,4756600
2020-05-05,263.89923095703125,266.71155582032833,263.46727109645843,264.25765021930386,5939700
2020-05-06,262.1622009277344,265.9671276660602,261.98757706017716,265.6270514704078,3434800
2020-05-07,265.26861572265625,267.17107897367623,264.77231486423375,265.33295673250205,3779000
2020-05-08,269.70770263671875,270.08452110942386,267.2721959692569,268.4210225149958,4342000
2020-05-11,269.698486328125,271.11382020332064,267.3272930247128,267.63977042758137,6128100
2020-05-12,264.2024841308594,271.27926551429744,264.1932845450505,270.8748764039571,4748800
2020-05-13,259.6715393066406,264.79988806684895,257.2176337506813,263.73377379123696,8599000
2020-05-14,262.7780456542969,262.86992935551405,252.7418829084386,257.19013668192383,8721000
2020-05-15,263.9176025390625,263.9819435508063,259.40500893815596,260.4067822234459,7109700
2020-05-18,272.0788879394531,273.60453291082734,269.9190884905944,270.28670736438426,6010600
2020-05-19,269.2757568359375,273.1174543222005,269.2114438621255,271.4355564645427,5323900
2020-05-20,273.8709716796875,274.67974982740037,272.5934915058119,272.78648645776127,3890100
2020-05-21,271.8674621582031,274.4867919066668,270.83811821225004,273.68721323606104,3865500
2020-05-22,272.41888427734375,272.6118792410541,270.39693878484553,271.60090649480503,3699100
2020-05-26,275.8746032714844,278.65935748995616,275.45181493978697,278.46633445036866,7299600
2020-05-27,279.9000244140625,279.95516583185366,273.79747378253876,278.62254417187916,6809200
2020-05-28,279.3486633300781,282.9881378336064,278.751251111267,281.06730328875756,5877200
2020-05-29,280.47900390625,281.22344100518603,276.25131807873436,278.90741759155327,7085400
2020-06-01,281.85760498046875,282.3814764525653,279.4864400740272,279.9827408395668,6471000
2020-06-02,284.2012939453125,284.2012939453125,281.38896902624026,282.74916159904694,3188000
2020-06-03,288.0246276855469,288.8793479436019,285.84642889441966,286.13133564710466,4870400
2020-06-04,287.0594787597656,288.6954060433954,285.06513230906904,286.91242564974675,6997200
2020-06-05,294.54083251953125,296.3513847528034,292.5556563616645,292.6107978065333,7160800
2020-06-08,298.1434326171875,298.2812861807229,294.8440064414787,295.23002446689827,3822900
2020-06-09,295.94683837890625,297.3530005717712,294.5774184314318,295.45053759097874,4326400
2020-06-10,294.2006530761719,297.37142528221426,293.5481275089576,296.48913442608443,6002800
2020-06-11,277.17962646484375,287.7580284217452,276.7108963410137,287.270927173507,7901500
2020-06-12,280.64453125,285.03767097273834,275.3691286236503,284.2564632968009,7851700
2020-06-15,283.2203063964844,284.2908135284358,273.62241151399377,274.82216245621953,6281200
2020-06-16,288.66522216796875,291.1661981073619,283.7924577604271,291.06469567737156,5248800
2020-06-17,287.3638610839844,289.96636664074805,286.727077210227,289.72641093068995,3532000
2020-06-18,287.5853271484375,288.0560008137811,285.49962771326005,285.92416905070553,4008900
2020-06-19,285.83197021484375,291.25846309196845,284.59532488412447,291.00926958070187,3833900
2020-06-22,287.8806457519531,288.15749604009073,284.1983961006548,285.3243008787705,4186200
2020-06-23,289.0528259277344,291.396929461531,288.7390527246006,290.42792480961276,3794900
2020-06-24,281.7528381347656,287.68692708477863,279.9624640250056,287.0501430888423,5060800
2020-06-25,284.70611572265625,285.010651201523,279.1135116182932,281.16228933124603,6432400
2020-06-26,277.9137268066406,283.83855011077515,277.43381527409105,283.6447548493037,4969000
2020-06-29,282.0851135253906,282.0851135253906,276.96315603523345,279.2242041386124,4065200
2020-06-30,285.8043212890625,287.3916627518933,281.52218035162974,281.6421582553515,5475500
2020-07-01,287.7607421875,288.94201732817396,286.32106398992306,286.7732622985481,4022800
2020-07-02,289.2742614746094,292.46739094947793,288.6005547248424,291.15690021859683,3496500
2020-07-06,293.7132568359375,294.0731622770056,292.3658434145758,293.1687657261347,4464500
2020-07-07,290.6863098144531,294.165528038472,290.3356138552069,292.17212060998753,2861700
2020-07-08,292.8551025390625,293.04892603176825,289.72657957477423,291.47079386230104,3686000
2020-07-09,291.3691711425781,293.7778537272695,287.8345835056418,293.667113585052,3307500
2020-07-10,294.3039245605469,294.52543302911937,289.78185663436756,291.1477175625759,2754700
2020-07-13,291.6922302246094,298.98291515208666,291.05544613776067,296.56499443452213,5091400
2020-07-14,295.4759216308594,295.86351207419625,289.08039767763546,290.2616726351183,7143600
2020-07-15,298.2353820800781,299.30591720652654,295.8082236996798,298.7245032171445,3892300
2020-07-16,297.2017517089844,297.6262650073105,295.6420955400263,296.288089139423,2390900
2020-07-17,298.0785217285156,298.87220656918356,296.25125255912724,298.2261846794266,2251300
2020-07-20,300.5425109863281,301.18850451401653,297.0725031143558,297.80157990954564,2354200
2020-07-21,301.0870361328125,302.9050953779298,300.17340172524655,302.4713443449174,3105700
2020-07-22,302.8589782714844,304.6031920612901,300.6625379582427,300.77327811457013,3177200
2020-07-23,299.1951599121094,303.18194616384477,297.85698403974027,302.44365971525525,3024200
2020-07-24,297.28485107421875,298.3369108247309,295.82669710492365,297.3494588929224,3421400
2020-07-27,299.47198486328125,299.64733280860264,297.22017477329916,297.98617435840225,3434000
2020-07-28,297.6263122558594,299.86888515167806,297.29409175151306,298.70608522263893,2513100
2020-07-29,301.20697021484375,301.79759365426355,298.4198787282679,298.46603922691884,2339500
2020-07-30,300.1733703613281,300.5886458832755,296.14963360004634,298.263018468911,3287200
2020-07-31,302.5359802246094,302.60058803981957,297.74627111321263,301.9730135209313,4683200
2020-08-03,304.6492919921875,305.4060538650088,303.6802875635947,304.23401645014246,2832300
2020-08-04,305.74749755859375,305.83979039595295,303.8002510602671,303.8002510602671,3581600
2020-08-05,307.7317199707031,307.9624380009214,306.87342749378627,307.1595155981512,2433200
2020-08-06,309.81732177734375,309.9096146013324,306.8364635256013,307.17792162692524,3301100
2020-08-07,310.03887939453125,310.25112194319337,307.91625676116934,308.7929964824871,3050200
2020-08-10,310.9710693359375,311.14641734127605,308.54391046987973,310.4727385286037,2222100
2020-08-11,308.3685302734375,312.74293548684045,307.6671383893621,312.1522837604981,3603700
2020-08-12,312.6690979003906,313.4443353519103,310.8233534543108,310.8695139637579,2907300
2020-08-13,312.1337890625,313.42580431291947,311.17399423483687,311.9307560828755,2643200
2020-08-14,312.1060791015625,312.6598079257542,311.0539915192165,311.709250907022,1716000
2020-08-17,313.11212158203125,313.518187658504,312.73374054878036,313.1490443609365,1642600
2020-08-18,313.7764587402344,314.2009719456026,311.91226756551634,313.5180557242951,1634600
2020-08-19,312.5029602050781,314.69940040916015,311.9492312871362,314.1456714912182,1911500
2020-08-20,313.46270751953125,313.9149057880036,310.62948371461215,310.7586993135005,1804700
2020-08-21,314.56097412109375,314.7455316505475,312.80752269025896,313.0659257625523,2063000
2020-08-24,317.7910461425781,317.8556539555788,316.03759460395156,317.0250464485971,2084000
2020-08-25,318.8431396484375,318.9446702459062,317.20042809266596,318.35401845946694,4004400
2020-08-26,322.0823974609375,322.33156281569836,318.92616214817735,319.41528328710945,3674800
2020-08-27,322.7838134765625,324.2234919615741,321.1411019660325,322.69152061699475,3767600
2020-08-28,324.8510437011719,325.026391688094,322.69152593804495,323.82666898541027,2520700
2020-08-31,323.7157897949219,325.56153372931703,323.4758622348463,324.67558452667623,5757700
2020-09-01,326.7520446777344,326.8627848069857,323.65120840342865,324.5556049015259,3698900
2020-09-02,331.5326232910156,332.4739710256672,327.55504608407324,328.70863641471374,3596600
2020-09-03,320.0705871582031,330.2775528400823,317.4865277447199,329.81611667665624,7771400
2020-09-04,317.4495849609375,322.3500340198399,310.3250105521427,320.79037777101,5359400
2020-09-08,308.82073974609375,313.22283015725924,308.4515964857651,311.9769470103028,5003500
2020-09-09,314.8655090332031,317.36651280314703,311.91233509224446,312.83520722951073,5378500
2020-09-10,309.36517333984375,317.3849338010918,308.43306354603766,316.7850725943515,5060200
2020-09-11,309.5128479003906,312.179933611245,306.71654657752975,311.1186363341658,3490200
2020-09-14,313.62890625,315.3085405267559,312.22615055023846,312.72448129394076,2830700
2020-09-15,315.22540283203125,316.9327217028854,314.1548679084893,316.1021143532998,2553900
2020-09-16,313.97039794921875,317.90184321824296,313.7304702868397,316.49908736895156,2449700
2020-09-17,311.27557373046875,312.86291504870456,308.55308946176194,309.1068184172069,3097900
2020-09-18,307.63018798828125,312.12457069021116,305.1384501715884,312.0876760834965,3204600
2020-09-21,304.2063293457031,304.3078317562392,299.33356587209056,303.0896620107017,6177800
2020-09-22,307.28875732421875,307.8424862765578,303.16351746683847,305.68296870987757,2864800
2020-09-23,300.1372985839844,308.13787418952546,299.645955257742,307.8690174134973,4366100
2020-09-24,300.9254150390625,303.98471934451675,297.51382137770247,298.8117071954167,4232100
2020-09-25,305.8203125,306.5897642677458,299.2103322371379,300.128117851201,4178300
2020-09-28,310.90057373046875,311.5866212209393,309.0001013759441,309.9735085249865,3411200
2020-09-29,309.1855163574219,311.40118741960407,308.5087485929009,310.7615101838773,2536400
2020-09-30,311.5495300292969,314.710825768291,309.73249015211076,309.9549767475828,4750900
2020-10-01,313.5705261230469,315.0816469350256,311.6607740626449,314.11749119939645,3381600
2020-10-02,310.6131286621094,312.5043492552203,308.147160565759,308.5457917407846,4092600
2020-10-05,316.0364990234375,316.2404544849123,312.6063749972674,312.6156264102098,3208500
2020-10-06,311.5495300292969,318.3078432846077,311.0859974275403,316.24975740113706,3934700
2020-10-07,316.963623046875,317.79797616545426,314.53471646736716,314.53471646736716,3122000
2020-10-08,319.8188781738281,319.86522010484015,318.03890101288755,318.97524567025846,4166900
2020-10-09,322.62799072265625,323.1193341796021,320.84801297210925,321.49696997190335,3377000
2020-10-12,327.8936462402344,329.339865483307,324.7323509626082,325.1958834967156,2301100
2020-10-13,325.761474609375,327.810280907985,324.77875940738903,327.72684842977407,2664600
2020-10-14,323.7218933105469,327.3374418636053,322.9616930709391,326.2806022673809,2368800
2020-10-15,323.32330322265625,323.76827646010656,319.1978513191384,319.7633758641152,3019600
2020-10-16,323.0359191894531,326.2991789017032,322.9339272934329,324.72315655504497,2768000
2020-10-19,318.1873474121094,324.95491265808664,317.33443490376726,324.3616055889772,2973400
2020-10-20,319.43890380859375,322.71144325351196,318.8085061816028,319.53161599886613,2816200
2020-10-21,318.8177185058594,321.4969505297503,318.56742108542255,319.39249440657073,3689200
2020-10-22,320.63470458984375,321.1816978660708,316.9450037978488,319.0958015037211,2460100
2020-10-23,321.6545104980469,321.86774566359514,319.24413549483404,321.8399348412873,1796600
2020-10-26,315.7491149902344,319.0865551774582,312.24480986659506,318.2800130263339,4327200
2020-10-27,314.67376708984375,316.4073746692042,314.4234696446025,316.06436503587037,4227600
2020-10-28,303.96612548828125,309.63975967174895,303.42841185862636,308.9351811053528,7096200
2020-10-29,306.9976501464844,310.1404149063044,302.4643158112988,304.17011246665714,5163500
2020-10-30,303.72515869140625,306.69177925755133,300.10960932702284,305.3938933692843,6632500
2020-11-02,307.19219970703125,309.2039429099779,304.42956451947816,307.21075911104396,4658500
2020-11-03,312.68060302734375,314.67378789004215,309.9643083165848,310.43709241106967,6559400
2020-11-04,319.58721923828125,323.7219224017126,315.8882095896252,317.12122223643945,6499100
2020-11-05,325.8355712890625,327.671170369064,324.59330745213356,324.97340753751786,6900500
2020-11-06,325.8078308105469,327.031563794755,323.49944727035376,325.5575333649629,2871800
2020-11-09,329.87762451171875,339.0185028392944,329.4233715801246,338.64768238747547,9109200
2020-11-10,329.45111083984375,330.4245461426688,326.20638308065514,328.89486613705526,5174100
2020-11-11,331.82440185546875,332.6865656016922,330.4338042163543,331.5741044654695,2485800
2020-11-12,328.6631164550781,331.60192533652446,326.827545622556,330.8231940300329,3787800
2020-11-13,333.1315612792969,333.91957225287865,330.0258876138751,330.51723097287396,2685300
2020-11-16,337.2662658691406,337.3311672149763,334.60559360769093,335.9127587696977,3332400
2020-11-17,335.5511779785156,336.74707142248104,333.456002088137,334.92075229571736,2656600
2020-11-18,331.50921630859375,336.35777712158887,331.4535946641587,335.79225268078903,3179100
2020-11-19,332.8534851074219,333.27992716206336,329.5623867931992,330.8232101306302,3321600
2020-11-20,330.6192932128906,332.8535239183774,330.52658102712775,332.62175759986366,2697500
2020-11-23,332.6031494140625,333.7897916591698,330.1928026884072,332.49190612417476,2728500
2020-11-24,337.9245300292969,338.47149507788055,334.2997018639998,335.1525859665501,3756800
2020-11-25,337.44244384765625,337.89672502162114,336.3392340265449,337.8225439642545,3826500
2020-11-27,338.3602294921875,338.86082427478675,337.42388469028265,338.5549052409761,1354600
2020-11-30,336.8212890625,337.81325548049045,334.20695876699983,337.61855144510713,4093400
2020-12-01,340.5296325683594,342.07781577496866,339.55619702890897,340.14025269422166,3708500
2020-12-02,341.25274658203125,341.4103318414743,338.88871306429235,339.4542376156403,4121900
2020-12-03,341.1878662109375,342.57846426276456,340.12174669622806,341.1785865038859,3068500
2020-12-04,344.1174011230469,344.12668083023203,341.7348363032496,341.79045796278035,4091800
2020-12-07,343.4776306152344,343.9318834754981,342.1982762093345,343.41272926611595,3162300
2020-12-08,344.4324645996094,345.01652008694515,342.1426128761791,342.15189257971747,3491100
2020-12-09,341.4195251464844,345.2575881421783,340.5388020073427,345.12778545144965,3758200
2020-12-10,341.23419189453125,342.28178023698433,339.1297637948043,340.0012074624137,3151100
2020-12-11,340.80767822265625,341.0950661493259,338.02648283544113,339.55613464005296,4501600
2020-12-14,339.2620544433594,344.12262342556335,339.131680746405,343.07042698902734,3797600
2020-12-15,343.88043212890625,343.9176858068666,340.50969888736853,341.85986765518527,8472400
2020-12-16,344.42987060546875,345.37033434870915,343.2473289486236,344.16915164111566,5512900
2020-12-17,346.34796142578125,346.5714550811436,344.4018758583952,346.09656303175825,6485600
2020-12-18,344.9792785644531,346.83227308909005,342.99593875182666,346.7205120213632,6697600
2020-12-21,343.8432312011719,344.65334963588333,338.3588126577431,341.07773482513096,5221600
2020-12-22,343.18206787109375,344.21565139579747,342.12057960877536,344.0480240565011,3431600
2020-12-23,343.4801025390625,345.4168678602098,343.3125035857029,344.1784599276288,3234300
2020-12-24,344.8116149902344,344.8581607808881,343.41490027581864,343.98291236945585,2040700
2020-12-28,347.8099670410156,348.1917392163991,346.7950242209061,347.45612802889246,2342800
2020-12-29,347.13946533203125,349.55112261009543,346.5714816669245,349.3183368293993,5401600
2020-12-30,347.59576416015625,348.64796058016725,347.26988675536296,348.00546946381075,2727500
2020-12-31,349.5419006347656,350.1471381027652,346.94400284440337,347.5026945134179,4712800
2021-01-04,344.7278137207031,350.87336411535045,340.9473748533523,350.75231096080125,7103700
2021-01-05,347.0091247558594,348.0892257865857,344.001522198819,344.001522198819,4310500
2021-01-06,349.104248046875,352.316675285583,344.95132859399865,345.47276655302784,4343100
2021-01-07,354.27197265625,355.0075835709786,351.3016242606621,351.4785437011187,6051700
2021-01-08,356.2925720214844,356.49739620239967,352.42830582915525,355.7059473834689,3400200
2021-01-11,353.9647521972656,355.6221857810675,353.0242885716805,353.11740856506464,3360700
2021-01-12,354.0206298828125,354.97970617139146,351.7579304774414,354.0206298828125,3494600
2021-01-13,354.91455078125,355.92017294900825,353.1267433076138,353.94615388235394,3764900
2021-01-14,353.6854248046875,356.19020225147347,353.3036526879996,355.6594438148902,7004300
2021-01-15,351.13409423828125,352.82878162346566,349.25316685305495,352.0559168811496,10182500
2021-01-19,353.88092041015625,354.4023582678797,352.1117542202922,353.58297621733715,7103200
2021-01-20,358.7508239746094,359.5981676328216,355.7990877494914,356.18085984272324,3431200
2021-01-21,359.0674133300781,359.77509121012594,358.18284439625194,359.31884016442854,3556200
2021-01-22,357.8476257324219,358.9556883666969,356.86993678040704,357.30757520248403,3739800
2021-01-25,359.272216796875,359.58880201140994,353.7226123948441,358.60179269073353,3890100
2021-01-26,358.7415466308594,360.5386746843362,358.4901481853538,360.17551518014704,2219200
2021-01-27,349.98870849609375,355.4172880004205,347.7167173441295,355.3521011717114,5592600
2021-01-28,352.9497985839844,356.94441064206666,351.3202980763644,351.74864438376994,5677800
2021-01-29,345.93829345703125,351.9814318340319,344.1970603101143,351.096834473507,5001300
2021-02-01,351.5996398925781,352.67044877326373,347.0370443903751,349.3369689817306,4393200
2021-02-02,356.590576171875,358.15491827514774,354.7376103788793,354.79347669511395,3672300
2021-02-03,356.8699645996094,358.5925568477998,355.6129155517176,357.43794833198865,3247000
2021-02-04,360.91107177734375,360.94832545794395,357.74519091590514,357.9500435348576,1959700
2021-02-05,362.326416015625,363.04341442362465,361.23699444912654,362.85717442814155,2559900
2021-02-08,365.05462646484375,365.05462646484375,363.0154208836748,363.83483132567176,3315300
2021-02-09,364.7474365234375,365.3340613199427,359.7285607455482,364.1794243621634,4725500
2021-02-10,364.59844970703125,366.6190430682747,362.2054047280031,366.49798989884135,2566000
2021-02-11,365.2129821777344,366.0789385223074,362.76407104774466,365.7250995644212,3114200
2021-02-12,367.0379638671875,367.22420384532285,364.3004010027377,364.3562673129321,1945900
2021-02-16,366.7493591308594,368.40679285176674,365.9672022709493,368.25780653327416,2379300
2021-02-17,366.79595947265625,366.95423791117014,363.89076867941645,364.9150319318821,2418900
2021-02-18,365.24090576171875,365.9299426092852,362.41022258907213,364.09558944114934,2840100
2021-02-19,364.5518493652344,366.7120797916585,364.10489044102627,366.48861453767074,3051200
2021-02-22,361.77703857421875,364.1514421853661,361.48838647768656,361.7491054170135,2878300
2021-02-23,362.1587829589844,363.49963123471866,355.3428089600402,359.505019562584,4439600
2021-02-24,366.1348571777344,366.56320356495064,360.11035875612566,361.02288944026225,3386600
2021-02-25,357.3540954589844,366.24650063970165,355.8735813495538,364.8777191549478,6216300
2021-02-26,355.4824523925781,360.37095313587304,353.47118010538924,359.2256654338306,6449900
2021-03-01,364.1048889160156,365.3619377968968,360.361703846236,360.5199822617368,3900900
2021-03-02,361.3021545410156,364.551863454927,361.0693687537039,364.3656234585841,4502400
2021-03-03,356.4788513183594,361.5163393278273,356.3764392084391,360.60380878235816,5415300
2021-03-04,352.0652160644531,358.8811904590393,347.558486815726,356.27397269766954,7556100
2021-03-05,358.5552673339844,359.616755653049,348.2661194023782,355.5755981555484,6516000
2021-03-08,356.80474853515625,362.3357411599658,356.46952222225934,359.4957374819244,3885700
2021-03-09,361.8329772949219,364.42155457346456,360.1569306947462,360.63179446226064,3586900
2021-03-10,364.0490417480469,365.81820806562274,362.81063385061395,364.23528174620606,3426300
2021-03-11,367.792236328125,369.7942169022122,366.1534436510089,366.61901524196224,2818100
2021-03-12,368.36962890625,368.47206945727174,365.63209343779374,366.47011681925926,3389300
2021-03-15,370.6043395996094,370.7998717285039,366.45142018245866,368.5837462135753,2327600
2021-03-16,370.08282470703125,371.86128296526,369.27270636612684,371.162925662441,3722000
2021-03-17,371.2933349609375,372.13135812148965,367.6246286381188,368.7699449544883,4506200
2021-03-18,365.87408447265625,370.81845250644386,365.2409139274267,368.7233803424242,4822200
2021-03-19,365.19439697265625,367.1777082415717,363.0713914821205,365.6413275498824,6090800
2021-03-22,368.08087158203125,369.5334526059744,365.7157884680051,365.7716547830619,3791600
2021-03-23,365.2129821777344,368.95616756204805,364.45875846907586,367.5129069877596,5846500
2021-03-24,363.3413391113281,368.30434772033,363.3413391113281,366.6562062559369,6597400
2021-03-25,365.41644287109375,366.2386157540991,360.0162929935681,361.9502639553607,5574700
2021-03-26,371.3304138183594,371.7415002031382,366.01434664940365,366.5935969610395,3625900
2021-03-29,371.1435852050781,372.0311646550622,368.35941412536425,369.84491932689394,3798400
2021-03-30,370.2279052734375,370.8165074753258,368.57423645405555,369.8915774506573,3612900
2021-03-31,371.6761169433594,373.2270286719938,370.71380750769174,370.7231309406408,5233300
2021-04-01,375.6560974121094,375.76823520322364,373.39515091839496,373.60069410073487,7301000
2021-04-05,381.0469665527344,381.6355688474912,378.3001748518875,378.374904875844,5645400
2021-04-06,380.81329345703125,381.8877118981941,380.19666400536795,380.5423437331141,3624100
2021-04-07,381.28985595703125,381.63556428577664,380.24346456198333,380.6545509688989,2974600
2021-04-08,383.0650329589844,383.15843836424295,381.6262304664432,382.560512615257,4125500
2021-04-09,385.8398132324219,386.04535642494653,382.86877462919716,382.9995878026335,3052100
2021-04-12,385.9986572265625,386.29763435176136,384.70001988902357,385.2605663587365,2980500
2021-04-13,387.12908935546875,387.8017735594445,385.54082700720994,385.9145341178576,8665300
2021-04-14,385.8398132324219,388.20354569044264,385.3259409950974,387.1290985178668,3981200
2021-04-15,389.9880065917969,390.26827978814185,387.9606020981547,387.9606020981547,4443800
2021-04-16,391.36151123046875,391.9127343447535,389.90400466764225,391.2961046291048,2707100
2021-04-19,389.4461364746094,390.82888420906204,388.05406530759046,390.3430392826733,4418700
2021-04-20,386.6152648925781,388.87624006941553,385.0923805416375,388.1755285100522,6145200
2021-04-21,390.23095703125,390.42717680912875,385.8024688155965,385.93325348882087,3875800
2021-04-22,386.7647705078125,390.84757881188136,385.5875659123043,389.9973786609063,6300000
2021-04-23,390.8196105957031,392.24906131556776,387.1478881502513,387.2319701323572,4565600
2021-04-26,391.6977233886719,392.2209190208827,391.0810938552755,391.5015321545987,4583400
2021-04-27,391.5762939453125,392.14622083037824,390.47384795311916,391.95935301284254,3281000
2021-04-28,391.4267883300781,392.95902453340307,390.9970265829118,391.8191993249862,5500200
2021-04-29,393.9026794433594,394.52866102258486,390.539286548267,394.2296838948345,4089200
2021-04-30,391.3520812988281,392.5199338960424,390.4645019201347,391.6790857284534,4920000
2021-05-03,392.19293212890625,393.7344918652891,391.7257910868492,393.35143278935914,4672100
2021-05-04,389.81060791015625,390.68883553873786,386.1015060994117,390.23101783105216,6946800
2021-05-05,389.8665771484375,391.66038277531135,389.1565136437856,391.4081368780396,4242000
2021-05-06,393.0337219238281,393.1178038774663,387.9605778035033,390.0160094880659,5376900
2021-05-07,395.8833923339844,396.537372742753,393.1178965948683,393.8092847856618,4679900
2021-05-10,392.0340270996094,396.4531908943937,391.86586319503533,396.27567504666945,4645900
2021-05-11,388.5399475097656,389.4462024158696,384.5598960750363,387.4281493720082,10330800
2021-05-12,380.234130859375,386.9235939679294,379.63617664291087,385.66230745859673,7589000
2021-05-13,384.7467041015625,386.6993502426347,381.7289626951636,381.75699001730237,6956400
2021-05-14,390.6887512207031,391.5295993930566,387.50284589600733,387.50284589600733,3587500
2021-05-17,389.7545166015625,390.47390362879946,387.68973241788177,389.5863241369883,2985600
2021-05-18,386.40032958984375,390.18418872434944,386.1854629816678,389.95997017250556,3348400
2021-05-19,385.3539733886719,385.4847865638302,380.1500439443891,381.6168451205049,5670900
2021-05-20,389.42742919921875,390.71674291821694,386.10138756772795,386.2041449017233,3770400
2021-05-21,389.2032775878906,392.22101944550553,388.6987857139605,391.00646395518817,4147900
2021-05-24,393.11785888671875,394.21098146102076,391.17456471376954,391.3987832881797,2732000
2021-05-25,392.2677001953125,394.5753783073706,391.6697744297421,394.2296984646461,4238500
2021-05-26,392.9870300292969,393.52890102719454,391.8098256219726,392.83754149249194,3000800
2021-05-27,393.1925964355469,394.5659921545659,393.1085144746304,394.06147187704215,3719400
2021-05-28,393.9400329589844,395.0985621252724,393.753193650376,394.8743150381054,3280900
2021-06-01,393.6317443847656,396.47194146297807,393.1646033310038,396.3598321719996,3739600
2021-06-02,394.2857360839844,395.07052965541476,393.2673719789606,394.2296814368842,2669700
2021-06-03,392.7815856933594,393.92141112529833,390.4365282321664,391.95006084414445,3140800
2021-06-04,396.3597717285156,396.65874880021676,394.5659663223544,394.61266901579774,2586300
2021-06-07,396.02349853515625,396.53734228200466,395.0705125516549,396.3691783479845,4254700
2021-06-08,396.0422058105469,396.9578126006681,394.24840001246866,396.90175795147996,3667200
2021-06-09,395.40692138671875,396.9952125619072,395.2387574303898,396.929805963769,3653800
2021-06-10,397.322998046875,398.25999217488254,395.4021429275845,396.74206626267693,3075700
2021-06-11,397.9788818359375,398.07258696888704,396.59214880953436,397.9226644751261,2166700
2021-06-14,398.93463134765625,398.95336093619744,396.85450322792025,398.1475597070523,2158800
2021-06-15,398.1569519042969,399.10332522838854,397.28555413180567,399.0658374525883,4528500
2021-06-16,395.9549560546875,398.48485157447766,393.8279897318293,398.33492908639914,4771800
2021-06-17,395.83319091796875,396.7608059780394,393.3032952698586,395.4864790621316,4336300
2021-06-18,390.51104736328125,393.1721073571696,390.23933964402266,392.57244596161365,7290700
2021-06-21,396.0205993652344,396.22673923638575,391.41060383918693,392.24451382148493,4111000
2021-06-22,397.90386962890625,398.9626774085257,395.30840658113925,396.03926074661655,4447800
2021-06-23,397.6696472167969,399.0282714290921,397.5946716798988,398.19436159592715,2744100
2021-06-24,399.9747314453125,400.4526076637718,399.5718307800365,399.80607934284285,4817200
2021-06-25,401.4457702636719,401.8861586517656,400.47128835484483,400.80862111338917,4171500
2021-06-28,402.29840087890625,402.42956517654824,400.77109600302794,402.00793501113924,4015300
2021-06-29,402.47650146484375,403.2635731708363,401.95178699418204,402.682641335089,3324400
2021-06-30,402.83251953125,403.4883982500376,402.01731063758837,402.0266897290024,6888500
2021-07-01,405.1094665527344,405.22190128669183,403.52594399497826,403.57278226919556,3655400
2021-07-02,408.19219970703125,408.51077432917174,405.9059313883326,406.2245060104731,3920000
2021-07-06,407.1520080566406,408.407576604942,404.65960054620786,408.2201949588781,4966700
2021-07-07,408.8199768066406,409.1104427492584,406.1026990817796,408.12661018165585,4430900
2021-07-08,405.5404357910156,406.2806691760886,402.3359318109641,403.51652499555524,6456900
2021-07-09,409.8506774902344,410.1224138419846,406.824175627076,407.04907370205393,4312100
2021-07-12,411.3685607910156,411.59343024775717,409.33527080366554,409.75692962984954,4879900
2021-07-13,409.9255676269531,412.04318358776624,409.46644963696156,410.54398720652136,4525400
2021-07-14,410.46905517578125,412.09941592994807,409.2790542436673,411.62153973863974,3996400
2021-07-15,409.0635681152344,409.8506398183211,407.21768838228763,409.1666237525795,3978900
2021-07-16,405.971435546875,410.3659402948047,405.5310471629207,410.2816142546592,4009300
2021-07-19,399.9090881347656,401.5488278823106,397.10748480215074,401.0709803146274,10288400
2021-07-20,405.7090759277344,406.9178063522318,399.8060243942386,400.6399342939244,8433200
2021-07-21,408.9979553222656,409.07290227417826,406.69295766994674,406.8522306658084,4581700
2021-07-22,409.88812255859375,410.0380164665648,408.1452984843989,409.11978045497244,3918100
2021-07-23,413.9265441894531,414.33882390237426,411.0686948796683,411.73398131335006,4093700
2021-07-26,415.03216552734375,415.03216552734375,413.3830467745771,413.46737281150854,3114700
2021-07-27,413.1395263671875,414.02965376736387,410.3004348711127,413.9921659899977,4245800
2021-07-28,412.9145812988281,414.36693940979836,411.5559569180022,413.79535810050766,4454700
2021-07-29,414.75115966796875,415.76310090339626,413.8891123531412,413.90784194451714,3626700
2021-07-30,412.6521911621094,414.1326578361186,412.0056629529823,412.1087471720846,2730700
2021-08-02,411.81829833984375,414.9572057927513,411.48096558447855,414.41376178022983,3485700
2021-08-03,415.1072082519531,415.24778027406387,410.4128862108933,412.5773407759154,3191800
2021-08-04,413.130126953125,414.4512922410372,412.87714880663754,413.8890899873818,3126000
2021-08-05,415.6974792480469,415.8192930715983,413.99214290791554,414.28263742281194,2741200
2021-08-06,416.4189453125,416.8405755156197,415.8005257531328,416.0628829666711,2660300
2021-08-09,416.12847900390625,416.7000603332312,415.31329862787965,416.4189735121164,1690100
2021-08-10,416.61578369140625,417.32790851573617,415.8568205896007,416.54080813368887,2650400
2021-08-11,417.5994873046875,417.7494097790229,416.5594376696449,417.6931924254956,3293900
2021-08-12,418.5740966796875,419.03321473837065,416.6157820154551,417.5246676342421,4714000
2021-08-13,419.63287353515625,419.66098221839246,418.87391049298407,419.3424076101173,2944500
2021-08-16,420.7104187011719,420.7760151614931,416.8031400927718,418.4241504411365,3331500
2021-08-17,417.8525390625,418.75204541075067,414.8822551217383,418.0399207295403,7122900
2021-08-18,413.3456115722656,418.4241038339463,413.0926048520071,416.84996053034877,5144200
2021-08-19,413.9546203613281,415.13521345125844,410.4315134893312,410.58143597269174,4817200
2021-08-20,417.25286865234375,417.58082232852075,413.8328456745949,414.28261316719136,4661000
2021-08-23,420.8884582519531,421.84418211282485,418.93949415808675,418.94887325111745,4093700
2021-08-24,421.6192626953125,422.1345980446332,421.1039273459918,421.6098836033928,2899000
2021-08-25,422.5000305175781,423.0060153590238,421.4131138852983,421.8066640052653,3255100
2021-08-26,420.0075988769531,422.43441012732137,419.9138937494336,422.29386673343714,3621800
2021-08-27,423.69940185546875,424.13041117306307,420.7666054878087,420.7759845799716,4033900
2021-08-30,425.5827331542969,426.41664303693784,424.1959715872963,424.50516705967556,2433000
2021-08-31,425.1236267089844,425.8732392192192,424.41153056775306,425.5733942151253,3277900
2021-09-01,425.31109619140625,426.46360950175864,425.00187205201536,425.9107576882776,3788400
2021-09-02,426.58526611328125,427.3442289977719,425.3578062089921,426.6602416495308,2695200
2021-09-03,426.39794921875,426.94139326254145,425.0018084432637,425.50779330803033,2622100
2021-09-07,425.0205383300781,426.1730227964128,424.2334667010621,426.0980758485599,2433700
2021-09-08,424.4584045410156,425.0955537822114,422.4626021696621,424.36469939500546,4076800
2021-09-09,422.5656433105469,425.93879946451233,422.3313947668108,424.1678953431598,3851600
2021-09-10,419.3423767089844,424.93623301913794,419.11747866487264,424.514574206872,3024000
2021-09-13,420.3168029785156,422.5187448439059,417.9836968077355,422.28449631768973,3007400
2021-09-14,418.0774230957031,421.94721351980763,417.14980803527436,421.7223154788005,3663700
2021-09-15,421.5536804199219,422.0128270175444,417.38407343072544,418.4616110304147,5473300
2021-09-16,420.7666015625,421.9659529616382,417.908780769217,421.0102291981164,2269300
2021-09-17,416.7094421386719,420.50425722239765,416.41897622336415,420.1200861678437,4722800
2021-09-20,409.68194580078125,412.1743535695706,404.9407578826063,410.64704859215385,10006500
2021-09-21,409.4476623535156,413.4486165756021,408.9229479832351,412.1743184177175,6327300
2021-09-22,413.4862060546875,415.4726293157777,410.7970370968081,411.77149054143626,4929000
2021-09-23,418.44281005859375,420.0450905481258,415.0696541948832,415.32263230622436,4244500
2021-09-24,419.2451477050781,419.8659206643575,416.60217676391557,416.8185158675401,3435000
2021-09-27,417.9283752441406,419.2733689888537,417.2417561957971,418.1164987023089,3175900
2021-09-28,409.58563232421875,415.49234751425087,408.80498021484476,415.1913614489166,7588700
2021-09-29,410.2909851074219,412.65179932154706,409.66079743026114,410.92117278458267,4173900
2021-09-30,405.2120361328125,412.4073138601655,405.0051117999652,411.6830930470057,7695900
2021-10-01,410.037109375,411.7113048875977,403.44377513827015,406.980289629263,6783700
2021-10-04,404.7135314941406,409.71728839791655,402.5690560486336,408.8519893552019,7911000
2021-10-05,408.9554443359375,411.1845954715503,405.46597504755186,406.2936723749946,4738500
2021-10-06,410.6954345703125,410.8553423673173,403.69766729998497,405.362476531053,5125700
2021-10-07,414.10028076171875,417.03485164681285,413.752278204808,413.9686173067081,4110900
2021-10-08,413.4889831542969,415.34188750489204,412.83060837559407,414.9656692451171,3056500
2021-10-11,410.4039306640625,415.6992878464347,410.37571501332707,412.7741314366736,2829000
2021-10-12,409.3692321777344,411.74884728877606,408.65442625864495,411.39145868103475,4986700
2021-10-13,410.8271484375,411.7206630804883,407.4787576391077,410.43210066752835,5343000
2021-10-14,417.862548828125,417.9754401305045,414.1191386854542,414.62702037991204,3592600
2021-10-15,421.0697937011719,421.3707797184077,419.33916715747546,420.0069565615372,3719900
2021-10-18,422.2926025390625,422.584173817507,418.5491637301536,419.22636801961426,2692900
2021-10-19,425.6127014160156,425.6127014160156,423.30831854838164,423.93850621011035,2727800
2021-10-20,427.2492980957031,427.50323891372153,425.8666740126096,425.95132095194907,2735800
2021-10-21,428.35919189453125,428.5567301417568,426.1676999390786,426.5909346753967,4878900
2021-10-22,427.8419189453125,429.32799105164764,425.91375380628125,427.9547815478681,3756600
2021-10-25,430.0804138183594,430.4942624559826,427.17408727478437,428.9611452807342,2065700
2021-10-26,430.5694580078125,432.930272257586,430.19323983385345,431.6981412332963,2550500
2021-10-27,428.6507263183594,431.66994402925053,428.58490894521964,431.0209554524128,2507100
2021-10-28,432.7704162597656,432.84567712572897,430.08981480612266,430.1086443744186,2464700
2021-10-29,433.58868408203125,433.9649309918738,430.19327673849307,430.4942627849234,4175200
2021-11-01,434.4822692871094,435.02778143315044,432.67638153819206,434.66097797541516,2914800
2021-11-02,436.194091796875,436.4668335158994,434.463464932516,434.61392926540657,3282800
2021-11-03,438.8746032714844,439.2132197321276,435.1782100724751,435.61088825571966,2916100
2021-11-04,440.8874816894531,440.9909295074225,439.0910087196291,439.43901131259804,3039900
2021-11-05,442.43939208984375,444.4522041485242,440.9251043571453,443.1730276983061,4361100
2021-11-08,442.9002990722656,444.03836860157827,442.1384190874855,443.5398729644734,2963000
2021-11-09,441.35772705078125,443.4175554999549,439.93747243601143,443.2106311766349,3519000
2021-11-10,437.8681945800781,441.35766321977684,436.3068619487625,439.683468010902,4230300
2021-11-11,438.0469665527344,439.3543298699273,437.93407525525004,439.3073133570162,3460000
2021-11-12,441.2731018066406,441.7998130730656,438.27271332274955,439.2697045558833,2710400
2021-11-15,441.38592529296875,442.7027033423458,440.29487242245386,442.6180564002725,2947100
2021-11-16,443.14471435546875,444.3016131652992,441.09430101763405,441.1789479495331,3959200
2021-11-17,442.1007385253906,443.07890005543175,441.4423351808257,442.9284357458926,4846100
2021-11-18,443.55859375,443.85016499244267,440.43592831730274,443.13535906110286,2910900
2021-11-19,442.8344421386719,444.71556203693365,442.4393943304477,443.4269994992022,3349800
2021-11-22,441.5082092285156,447.23621535615183,441.34830142203896,444.6308748660304,4285400
2021-11-23,442.11956787109375,442.9566799287244,438.59246837714045,441.301285381074,8482500
2021-11-24,443.2671203613281,443.44582905951586,439.2885411857571,440.1914994619521,4664100
2021-11-26,433.2407531738281,438.0470298169284,432.28139228373084,436.6361897825191,7263800
2021-11-29,438.7711486816406,440.57703613538376,436.0435309900432,438.21622184156723,5483000
2021-11-30,430.42840576171875,438.18802447038166,429.95812583998156,436.33512043059295,9778400
2021-12-01,425.40582275390625,438.7805849740934,425.19889843868384,435.90247412829694,7936500
2021-12-02,431.9615173339844,433.48521966820476,425.23649157689823,425.6221245521874,10040900
2021-12-03,428.0863952636719,434.6232685616275,423.94790923768903,433.56043140966403,9923900
2021-12-06,433.2407531738281,435.1218732197072,428.31222783878144,430.78590529169065,6552900
2021-12-07,442.24188232421875,442.7685935965205,438.51727298333896,438.5642894990899,6659000
2021-12-08,443.4080505371094,443.8501147423144,440.8497270161874,442.62739861911956,4992000
2021-12-09,440.4171142578125,443.00365363679595,440.2196047422454,442.11011036988634,5550900
2021-12-10,444.6402587890625,444.7061048680928,440.57706201081845,443.1353859767693,5628000
2021-12-13,440.70379638671875,444.35532937620206,440.36410349742647,444.0911365933542,8930000
2021-12-14,437.5901184082031,439.80746638987057,434.6084973257056,437.3165096747208,10305900
2021-12-15,444.468505859375,444.66664322778996,435.10850924518735,437.6466313697238,7050800
2021-12-16,440.3924255371094,446.5632493070745,438.9110742315007,446.26130645955556,7865900
2021-12-17,436.0237121582031,440.38293570106606,434.08944690598355,437.35412061159735,8428300
2021-12-20,431.12677001953125,431.5796554766866,427.5224030171175,430.69271639661923,7001100
2021-12-21,438.8072204589844,438.9770524939415,432.4477047057634,434.57069152728275,6333000
2021-12-22,443.2324523925781,443.3456737445018,438.4203433718685,438.5618700617731,4833200
2021-12-23,445.9499206542969,447.45960600549694,444.1382924738862,444.2420979191756,4368800
2021-12-27,452.33770751953125,452.33770751953125,447.3180163479376,447.3180163479376,4128500
2021-12-28,451.9886474609375,453.75308093259895,451.13001371050547,452.75292047492076,4262300
2021-12-29,452.4604187011719,453.507773916059,451.01678870918977,452.0358097880021,3312100
2021-12-30,451.1866149902344,453.9323482330021,450.7903402182039,452.9416325080725,4030600
2021-12-31,450.06378173828125,451.89427053938124,449.8373390147977,450.6959727344768,3980100
2022-01-03,452.7528991699219,452.8095098501564,449.044755640295,451.3753246261265,5560300
2022-01-04,452.6019287109375,454.8570263928234,450.69596861770356,454.1965300622256,5452000
2022-01-05,443.7796936035156,452.9321367138494,443.74197234985974,452.21502976648503,7211400
2022-01-06,443.44952392578125,446.1575071136516,441.0906495398519,443.4212185849442,5959100
2022-01-07,441.6756286621094,444.64780451421535,440.326359476417,443.4872279951721,7673600
2022-01-10,440.84527587890625,441.3736613880128,432.7024376582398,438.4580963769192,8975900
2022-01-11,445.1950988769531,445.26115427511485,437.85428242954157,440.88309808387476,7552000
2022-01-12,446.3744812011719,448.4314414395304,444.3836051476952,446.98781154451945,8938600
2022-01-13,440.2508850097656,448.11067074185075,439.2129745007752,447.4501743829876,5351100
2022-01-14,440.40185546875,440.7132142233414,435.8256333219411,436.9956546180952,9652900
2022-01-18,432.6175842285156,435.8633978510704,431.51361829041014,435.6369551129379,9681700
2022-01-19,428.1451416015625,435.54256814863896,427.83375406052494,434.0328827973298,6260800
2022-01-20,423.3896484375,434.74055087112004,422.9084288467079,430.013357370572,8907300
2022-01-21,415.1429748535156,424.606776451411,415.03916942132395,422.31392897592514,13981000
2022-01-24,416.59613037109375,417.3509875478761,398.70643280677814,409.45347970268256,18241000
2022-01-25,411.8028564453125,416.69988196628583,404.7922886922678,410.4346977857125,14720000
2022-01-26,410.849853515625,420.8892365008242,406.4434923856355,417.718894423184,14881700
2022-01-27,408.7080078125,418.46430864433853,406.9812956674971,415.3411613163309,17529800
2022-01-28,418.7002258300781,418.8228919118643,405.42447316735985,410.1045009309054,13069600
2022-01-31,426.2674255371094,426.7108950353508,416.83192880418653,418.0962819110161,8537700
2022-02-01,429.21136474609375,429.87183230210206,423.55006617820396,427.1355437532594,8777800
2022-02-02,433.33465576171875,434.164984126596,429.3528747718593,431.7400544234551,8744100
2022-02-03,423.27642822265625,429.2679749594344,422.40834977345884,427.35257009785073,7835200
2022-02-04,425.3994140625,429.09811298795285,420.6344705087047,422.9367342213217,7108900
2022-02-07,423.8897399902344,427.3997463346021,422.5404707113811,426.0221717140545,6353200
2022-02-08,427.2581481933594,428.25830849248234,421.9365144857095,423.38014426046993,4955500
2022-02-09,433.56109619140625,433.8535943009178,431.2305272320109,431.44755403368333,7144600
2022-02-10,425.89947509765625,433.7686762678458,423.84254362907467,427.7960192397546,7476000
2022-02-11,417.3792724609375,427.9659026901502,415.9922530610323,425.86177620611954,9436900
2022-02-14,416.02056884765625,418.4926648535925,412.576617645611,416.9358133562138,8249000
2022-02-15,422.7103271484375,422.936769895056,420.0023437223198,420.48356335373995,6722700
2022-02-16,423.1915588378906,424.60688363429495,418.83236307214236,420.59679671114935,6315600
2022-02-17,414.31268310546875,420.5589775737509,413.6050208235059,420.04945266817913,6435600
2022-02-18,411.4537353515625,415.718569740965,409.23638773959624,414.53913258511614,8059100
2022-02-22,406.9907531738281,412.7086624601063,403.56566291133544,409.2647115684149,9939000
2022-02-23,399.574462890625,410.5856724691073,399.2819647684964,409.95351025477265,11345100
2022-02-24,405.8584899902344,406.30193071514776,389.11989839310576,389.4973125217707,19259900
2022-02-25,414.7939453125,414.9449167473679,405.500002111334,407.08515898516197,9651300
2022-02-28,413.95416259765625,415.27512653695356,408.1796425238321,409.434551067451,11174000
2022-03-01,407.53802490234375,414.30326055465633,404.8677629571242,412.33124501215457,14288700
2022-03-02,414.9731750488281,416.5489158258091,409.0005177072685,409.7930960543328,8947200
2022-03-03,412.9822998046875,418.02085210487604,411.16125566521794,417.4641611977516,9927000
2022-03-04,409.453369140625,410.6894168393086,405.4810045079038,409.2646476986744,8081100
2022-03-07,397.4231262207031,409.2080521977981,397.4136815098006,408.9721647840381,8790100
2022-03-08,394.4604797363281,404.7829182297381,393.3754030804649,397.6402383795802,14798500
2022-03-09,405.0753173828125,407.01902745152876,400.6878170586686,402.9334699406431,7703000
2022-03-10,403.21661376953125,404.08469235363884,398.4233929120947,400.41426939417255,8046600
2022-03-11,398.1874694824219,406.32086433855335,397.5741390624134,405.7735893168312,11299700
2022-03-14,395.1775207519531,402.2918652705121,394.02638888317733,399.0271911357298,8925100
2022-03-15,403.8770751953125,404.4809321100471,396.5173692826748,397.7440013322088,7882600
2022-03-16,412.8218688964844,412.8879242885719,402.5843773273209,407.54742934336855,7961700
2022-03-17,417.9548034667969,418.0680248334859,410.57626605397536,410.8593194706978,6514500
2022-03-18,422.4272766113281,422.93677279471285,415.69031690468046,416.4451452618211,5276000
2022-03-21,422.34228515625,424.43696673013176,418.9549450461842,422.4460906009382,5679100
2022-03-22,427.4941101074219,428.33385444688594,423.86143765829905,423.86143765829905,5356400
2022-03-23,422.1347351074219,426.3618195450312,421.87995824704063,424.93705021279067,5558000
2022-03-24,428.2417907714844,428.27021901510847,422.83623536164384,423.9154685616652,3491500
2022-03-25,430.4002380371094,430.69370763659646,426.34840456705007,428.9423372299706,6909400
2022-03-28,433.4201354980469,433.44853485014033,427.9009828776138,429.74702743516247,4230300
2022-03-29,438.9487609863281,439.3084764563737,433.62837532917746,437.37726287427853,5716800
2022-03-30,436.22235107421875,438.47546270054727,433.9976388007224,437.85064804774674,5738700
2022-03-31,429.5008850097656,436.15606956547015,429.29261346204197,435.3892581603264,6553400
2022-04-01,430.542236328125,431.1386516100076,427.03001942159165,430.9871787693319,5257400
2022-04-04,434.33837890625,434.44252911446245,430.02150445090496,430.9113892535012,4052100
2022-04-05,428.7436218261719,435.2757339904324,427.7306632695073,432.86167306874125,4425600
2022-04-06,424.5780944824219,426.84068202576566,421.6717979517289,424.86211688063696,6035500
2022-04-07,426.6797180175781,428.4878869941085,421.7001823851655,423.6787474603039,5313200
2022-04-08,425.5437316894531,428.43110495997036,424.02903223176816,425.97919803299743,4962800
2022-04-11,418.1880187988281,423.0634626211991,417.77147568906645,422.2398235924714,4955000
2022-04-12,416.588134765625,423.78293638975435,415.1775853512951,421.3215530853821,5272500
2022-04-13,421.4635314941406,422.2019435136145,416.2946184673342,416.5880880590168,7292500
2022-04-14,416.2568054199219,422.8362393418308,416.133731925025,421.69076023404523,4409800
2022-04-18,416.40826416015625,418.09338882334544,414.2025039264807,415.31958372052253,4631500
2022-04-19,423.1297302246094,423.85869514933296,416.14320003215346,416.3041489698371,5184900
2022-04-20,422.75103759765625,425.5342897685609,421.66235720615754,424.9473505430829,4293900
2022-04-21,416.6259765625,427.8725822046535,415.6130181901416,426.5377548793989,5260100
2022-04-22,404.9722900390625,415.67927873584586,404.5178715320451,415.4047324155339,7928900
2022-04-25,407.4715270996094,407.5756484177676,398.212963572564,402.7854321917587,7913100
2022-04-26,395.6095886230469,405.05747162888935,395.5622371129235,404.8965516097392,9574300
2022-04-27,396.8023681640625,402.08487807194234,394.59660840472014,396.6035727259555,9798300
2022-04-28,406.77093505859375,408.4749825911402,397.0674297629757,401.4884541558174,5563200
2022-04-29,391.5104675292969,404.8776353464846,390.96140375279793,402.7949487595846,8744800
2022-05-02,394.02862548828125,395.4107753719531,385.11085379993045,391.56724249797617,9393900
2022-05-03,395.8556823730469,398.29814187452195,393.025108077235,394.5966060851215,7359700
2022-05-04,407.7744445800781,408.4939332903893,393.32807390808654,396.5373159739191,9572600
2022-05-05,393.2997131347656,403.69428057175656,389.2763078351894,403.61855859558045,11436800
2022-05-06,391.1791076660156,394.34102730513905,385.75462933039677,390.8572387208882,8978400
2022-05-09,378.59771728515625,386.33210610339137,377.04514231674983,385.11087617243663,8724200
2022-05-10,379.34552001953125,386.0196557266301,375.3694668338529,384.5522790337779,10355200
2022-05-11,373.362548828125,384.0600616641697,372.6335839858198,378.46515827181156,8473100
2022-05-12,372.8134765625,376.2594188296729,366.15829182522106,370.18169723700186,7557400
2022-05-13,381.9016418457031,383.2932679199339,376.15526535010133,377.1398244022658,5360400
2022-05-16,380.292236328125,384.1073698343321,378.02967769317286,380.2733130579227,4944400
2022-05-17,388.16864013671875,388.45263363475783,382.7725325500713,386.4740685571172,5230400
2022-05-18,372.5767517089844,383.8801548815951,371.3365986493358,383.63400792944014,6217200
2022-05-19,370.2479248046875,374.64052124745683,368.0137367084997,369.36751607822885,7168700
2022-05-20,370.4373474121094,374.40395471715743,361.7941488654552,373.8548908427205,7447800
2022-05-23,377.3575134277344,378.1243536772612,371.1756710439609,373.53293271293734,4936500
2022-05-24,374.6500244140625,375.63458342036904,367.9096419895968,373.1921236207515,5415800
2022-05-25,377.96343994140625,379.7716091447413,372.6241303913916,373.02175022850633,5610200
2022-05-26,385.35699462890625,387.0042147228087,378.8627594937136,379.0804782152593,4283400
2022-05-27,395.0037536621094,395.0037536621094,387.65747928014054,387.8657508391291,4078600
2022-05-31,392.7506103515625,395.9977280818625,389.87268419265877,393.2144760586082,5773900
2022-06-01,389.56982421875,395.7611149043833,386.9569679243212,394.7576324792319,6646200
2022-06-02,396.9065246582031,396.9349240069542,387.04207009501727,389.32358074631003,4391500
2022-06-03,390.39337158203125,393.6688886143782,389.38988931841925,392.1257897871759,4039000
2022-06-06,391.5672912597656,396.1019140855185,390.3744606018888,394.473617032898,3028600
2022-06-07,395.2024841308594,395.7515767371847,387.5722174647238,387.98876051418176,4627500
2022-06-08,390.92352294921875,395.35399520517933,390.2135102585652,393.58370151896156,3379400
2022-06-09,381.743408203125,391.39169427877715,381.6484679761541,389.1505716804516,3994400
2022-06-10,370.4808044433594,376.1501219198203,370.4428109598494,375.3903971523038,8654200
2022-06-13,356.23626708984375,362.9026884602788,354.81181584979515,361.0224313709568,13018400
2022-06-14,355.2866516113281,359.18963430362953,352.20984604481106,358.20203559125133,12557900
2022-06-15,360.34814453125,364.88739433299145,353.68172363663535,358.6673026209564,9075800
2022-06-16,348.5062255859375,352.53269406734086,346.0086831478012,352.1528172249286,10548900
2022-06-17,349.1424865722656,352.5706518597042,345.69531005474755,348.9335659051271,13277800
2022-06-21,358.02154541015625,359.38902077185065,354.8117776578605,354.91622349356487,6635600
2022-06-22,357.404296875,361.4877411322184,353.3493694637615,353.8052042914216,5115400
2022-06-23,360.9844665527344,361.58274075794424,355.89441198092436,359.51251609948815,7789000
2022-06-24,372.25653076171875,372.33248873084915,364.0326967830437,364.0326967830437,4803100
2022-06-27,370.9080810546875,373.54806274348965,369.79702536573313,373.2442018509369,7858300
2022-06-28,363.3394775390625,375.2384202550831,363.23503170203884,372.38951804565534,5630500
2022-06-29,363.0830993652344,364.86841611527717,361.2408068874696,363.8713118996098,3905800
2022-06-30,360.0538024902344,363.31104085317594,355.65699149078563,359.1516673851575,7321100
2022-07-01,363.7953186035156,364.3176347392434,356.84399013722634,359.4554838742679,5267700
2022-07-05,364.5740661621094,364.6310418951918,355.9513714688518,358.8382675273488,5097000
2022-07-06,365.875,368.3250430599005,362.3708480909286,364.7639154271475,4982800
2022-07-07,371.2974548339844,372.1046496745467,367.62237523317333,367.660368714521,4786300
2022-07-08,371.0030822753906,372.86438617324967,368.14470304034984,369.6546179405826,3757200
2022-07-11,366.77716064453125,369.2651971581376,366.08391737189953,368.3155631312325,3602000
2022-07-12,363.4819030761719,368.6004150404567,361.77254456327455,366.2738292314285,3906600
2022-07-13,361.62060546875,364.5454943358393,357.613148941889,358.021513575642,4665200
2022-07-14,360.7470397949219,361.32630273865675,354.18506408144094,356.6351075338269,4885900
2022-07-15,367.6318664550781,367.7173300493631,363.24456139857875,365.18179416343963,3959000
2022-07-18,364.6595153808594,371.3544245788411,363.37750347599166,370.6991746936983,3743600
2022-07-19,374.4597473144531,375.0010457386511,367.88826620410856,368.48654035921845,4684000
2022-07-20,376.7768249511719,378.24874617552314,373.29165514374404,374.58317255589634,4862300
2022-07-21,380.6228942871094,380.7178635064361,373.8804854424268,376.2450943873542,8258600
2022-07-22,377.2326354980469,381.9808059337006,374.91552600700527,380.79376332478716,6173800
2022-07-25,377.6219787597656,378.4766436190102,375.38085628527847,377.78342930165473,3960300
2022-07-26,373.1396789550781,376.1405258589929,372.23754404752924,375.9220996070029,4115500
2022-07-27,382.7879943847656,384.5828166904692,376.22601947335403,376.4824392201871,4904500
2022-07-28,387.6501770019531,388.3149325484598,380.1006023379583,383.6237371811559,5250400
2022-07-29,393.4143981933594,394.28807428216027,388.32437352978985,389.18851502366533,4438300
2022-08-01,392.1514892578125,394.64900308163936,389.89135502450034,390.6225629903502,3757500
2022-08-02,389.65386962890625,394.24058956589397,388.3528755529264,390.5560046327193,4000300
2022-08-03,395.7315673828125,396.85212879027864,391.4487078410711,391.714604259462,4612000
2022-08-04,395.35162353515625,396.24428179034203,393.76572204504095,395.58903202897096,4000200
2022-08-05,394.658447265625,395.380178483054,391.0403435244129,391.087813639019,2971100
2022-08-08,394.31658935546875,398.6943887743712,393.14852894517577,396.4722483927799,4297800
2022-08-09,392.6641845703125,393.99369546032165,391.61010465725525,393.55684291964684,2491400
2022-08-10,400.8880310058594,401.08744605304986,397.8682015119862,399.805463197721,3837200
2022-08-11,401.030517578125,405.69322505348384,400.2423339307654,403.84145572174367,4909900
2022-08-12,407.63043212890625,407.84885840206016,401.9611154663429,402.92973180276647,4492300
2022-08-15,409.42523193359375,409.94751906085213,405.4937331163773,405.6171901778644,2596200
2022-08-16,410.2799072265625,412.16966973140757,407.62091447134776,408.3901157411858,3596400
2022-08-17,407.1936340332031,410.0615187243376,405.31334798902833,406.63335336410074,4063600
2022-08-18,408.39007568359375,409.1877937182848,406.23441701272156,407.5259342769811,2709800
2022-08-19,402.9866638183594,406.00652191477064,402.1415046418899,405.7406255582879,4063300
2022-08-22,394.5349426269531,398.267026358251,393.6992600507901,398.16255154596536,5263500
2022-08-23,393.661376953125,396.5672553425656,393.09159062606017,394.18366418095485,4201600
2022-08-24,394.8863830566406,396.30135774441686,392.74970607189164,393.4619317334746,2673800
2022-08-25,400.45123291015625,400.56518437294346,395.38018995238264,396.45328119452006,2383200
2022-08-26,386.7669372558594,400.8974959185161,386.7669372558594,400.4606723897947,5994500
2022-08-29,384.44036865234375,387.41272808950043,382.9874296056817,383.9560749571454,4601400
2022-08-30,380.03411865234375,385.7509061911393,378.04938662153,385.53250886932847,5693700
2022-08-31,377.1756286621094,382.9873841591153,377.0901650789805,381.75287153987995,6263400
2022-09-01,378.4671630859375,378.73305946119706,372.3135239978185,375.0104812270317,4934100
2022-09-02,374.4216613769531,383.31972658374315,372.5698636379796,382.1137019365338,4179500
2022-09-06,372.93084716796875,376.30206604403725,370.7846935332386,375.3429262061461,4866900
2022-09-07,379.68267822265625,380.48987293021554,372.52242964651094,372.6553923190518,6619500
2022-09-08,382.07574462890625,382.6455308317924,376.24500686939797,377.37507366128773,4018300
2022-09-09,388.1724853515625,389.0366559523083,384.2694737147993,384.41191304887036,2589100
2022-09-12,392.36029052734375,393.09149827061816,389.9671943120281,390.26157853208207,2797200
2022-09-13,375.23846435546875,384.80125853712343,374.1653730935828,383.59523355971754,5094900
2022-09-14,376.67236328125,378.1822780358638,373.3391672677011,376.4919304822207,4272500
2022-09-15,372.32305908203125,377.9828703636997,371.1360164234285,375.1624558476382,4178100
2022-09-16,369.502685546875,370.22438785658534,366.26442933739327,368.2016912856408,5107500
2022-09-19,372.3800048828125,372.41799835938366,366.330840617633,366.3688051136728,2901200
2022-09-20,368.002197265625,370.03442815727544,365.39070348163654,369.0847940540069,4101400
2022-09-21,361.72515869140625,373.1397510928605,361.7156530758426,370.09143349205476,7367000
2022-09-22,358.6672668457031,361.9055222549454,357.9360591005954,360.9653648906301,7497200
2022-09-23,352.7131042480469,355.1821296821423,348.2308302121253,355.1441651847637,6261200
2022-09-26,349.2347717285156,354.8187922096631,347.9366216201556,351.2106608284631,7292700
2022-09-27,348.3374328613281,355.0191583400986,345.87475257350053,352.7282868590939,10194700
2022-09-28,355.10516357421875,356.80423022749176,347.51664781803566,349.18707966204084,7013100
2022-09-29,347.802978515625,351.80247174678453,344.7580177190139,351.59247344598316,5705500
2022-09-30,342.3429870605469,350.647429322096,342.22844785087244,346.7815562155076,7337500
2022-10-03,351.4016418457031,353.2438827541449,344.27128222953576,346.0657790304393,5613400
2022-10-04,362.1591796875,362.2737189268128,356.87106147573706,356.8901707689693,4489600
2022-10-05,361.30963134765625,363.6768824340341,355.52516672910707,357.8351481958969,5384500
2022-10-06,357.73968505859375,362.94189877559893,357.2433386511259,359.9923968802212,4463400
2022-10-07,347.7648010253906,353.9215470920355,345.941669647101,353.62564435754746,4252700
2022-10-10,345.17803955078125,349.0725484812113,342.8203430999142,348.8529955184108,4113900
2022-10-11,342.8107604980469,347.91748524175597,340.93033061247036,343.345296281052,5748900
2022-10-12,341.7035217285156,344.8248322142788,341.5030489493253,343.31668382761495,4127600
2022-10-13,350.8002014160156,352.2415254895739,333.6376988776806,334.6685810224118,7341100
2022-10-14,342.7630920410156,354.82839753135687,342.13309705844824,353.21523518130294,5333400
2022-10-17,351.5829162597656,352.6424624020684,348.86252214497244,348.881602306719,3907100
2022-10-18,355.6109924316406,359.8204833195624,352.29876422531737,359.5627700884702,6820800
2022-10-19,353.2724914550781,356.3842476616621,350.3611497912546,353.63521847345794,4855600
2022-10-20,350.2656555175781,357.157380211078,349.4924866488211,352.71878150449066,4991400
2022-10-21,358.7227783203125,359.23823391438805,348.49974562956186,349.9506242265734,4183600
2022-10-24,363.13275146484375,364.2686473435002,357.6155553956624,360.307343736513,4184700
2022-10-25,368.9649963378906,369.2799792419524,362.99916828352553,363.07551806541267,4968300
2022-10-26,366.1777648925781,371.49451808161524,365.55732457341344,365.78640305925364,5089700
2022-10-27,364.2304382324219,369.01265458730586,363.5909178761093,367.208603608587,4389200
2022-10-28,372.7735595703125,373.365365033331,363.9441343358785,364.14457799560637,4090000
2022-10-31,370.15814208984375,372.92628033255505,369.27040478416615,370.387220553235,6356000
2022-11-01,368.6881408691406,374.1767021895227,367.44726039653943,373.9571492499012,7292200
2022-11-02,359.2383117675781,372.46811821920653,359.1142178819246,368.0486280887355,6802400
2022-11-03,355.6301574707031,358.6082940169111,353.4729048388907,355.98332981201366,3496800
2022-11-04,360.66058349609375,363.1041845499253,354.63748529738905,361.3001331365209,4572600
2022-11-07,364.1827697753906,364.76504972596166,359.93508865915834,362.0255170854367,3778200
2022-11-08,366.1587219238281,369.09866960083366,362.0255793318083,365.2805390888647,3781200
2022-11-09,358.6846008300781,365.3090574876985,358.1214302546339,364.0872572784264,8459100
2022-11-10,378.3289489746094,378.66304116393354,369.66177786480273,371.9144896336583,4527300
2022-11-11,381.9752502441406,382.82476894791955,377.1452894130371,379.2739071904001,3746200
2022-11-14,378.7680358886719,383.63615742475696,378.548482928665,380.24754959953174,6093900
2022-11-15,381.98486328125,385.6598197558354,378.1858420332057,384.58119321635724,6157300
2022-11-16,379.178466796875,381.2880045165914,378.4625674486501,380.33347205229154,4086700
2022-11-17,377.8994445800781,378.6153440188368,373.9954098029835,374.3772170109836,3340200
2022-11-18,379.69390869140625,381.3357056355636,376.7825964330543,381.2784360201875,2504900
2022-11-21,378.2430114746094,379.3979875018345,376.4580405788933,378.35755069978654,2302800
2022-11-22,383.4548034667969,383.5407078976286,378.8348695852717,380.2189242553657,3314200
2022-11-23,385.74560546875,386.28969589500724,382.87245379712544,383.02518246747917,2267600
2022-11-25,385.717041015625,386.2897663514085,384.99158698163126,385.2588549209941,1202500
2022-11-28,379.6080322265625,384.2566008404061,378.7775936124288,382.6052491287243,2506500
2022-11-29,378.95892333984375,380.88706833102754,377.04030386439655,379.6748226509787,4447800
2022-11-30,390.7091979980469,390.7091979980469,377.22165090363075,379.1497958107314,6014800
2022-12-01,390.54693603515625,393.21008965848694,388.0460657413551,392.0073694808503,5897900
2022-12-02,390.12689208984375,391.02415479124505,385.5833381046782,385.5833381046782,3624000
2022-12-05,383.1015930175781,388.22742745785604,381.74614416246817,387.2824496826144,4141000
2022-12-06,377.62255859375,383.3879425959627,375.42714566871115,382.90115086772556,4232500
2022-12-07,376.8971252441406,379.25482144533675,375.7230399013529,376.48668330195284,4078000
2022-12-08,379.8562316894531,380.9061941676732,377.1835231293829,378.7776052705336,2484500
2022-12-09,377.0498962402344,381.1830091928987,376.89716754297376,378.6057888929299,3540500
2022-12-12,382.3379211425781,382.44293484868683,377.1452628281486,377.8707167357575,4998200
2022-12-13,385.3903503417969,393.4718352595287,382.62940891294966,393.3663676012085,5899700
2022-12-14,383.0799560546875,388.8319072589443,379.9738825103519,385.00683981407656,9398500
2022-12-15,373.5892639160156,378.90980738373446,371.8444982622352,378.03742455684426,5857600
2022-12-16,369.02606201171875,372.21838243443744,366.96495177132584,370.9050247686596,6667300
2022-12-19,365.95831298828125,369.620395745489,364.29985238671384,369.3328098769911,4289700
2022-12-20,366.38018798828125,368.03867813046514,363.9260239693845,365.22021911164825,4451200
2022-12-21,371.8445739746094,373.07165604840554,368.54678541579267,369.2082623175052,3875500
2022-12-22,366.7828063964844,369.16026113152293,360.92538681504266,368.853512597155,6462200
2022-12-23,368.6904602050781,368.8534450188,364.0697193239327,365.67069185333537,3280100
2022-12-27,367.2716979980469,368.95894656850913,365.65159180983613,368.6521687818905,4339000
2022-12-28,362.8139343261719,369.2273628555291,362.5167524934701,367.2525284323126,4684700
2022-12-29,369.0931396484375,370.0997194288835,365.09552060119364,365.6036084651419,5327300
2022-12-30,368.326171875,368.38368904417877,364.45321262259955,366.61019423460857,5290000
2023-01-03,366.71563720703125,372.064938799024,363.9067748052854,370.1572177335824,6454700
2023-01-04,369.57244873046875,371.60480007520283,365.98704603640533,369.026006362516,3805600
2023-01-05,365.37359619140625,367.69353386956783,364.7983951183611,367.5880954550795,4329700
2023-01-06,373.7138671875,374.86426920378693,365.4694266758848,368.4604368111046,4838800
2023-01-09,373.455078125,379.1495131022063,373.3304478139525,375.95719252695625,3474700
2023-01-10,376.13922119140625,376.2159302519106,371.9978388581421,372.9373054298113,3649100
2023-01-11,380.8271179199219,380.97091085460715,376.96372504304225,377.76899473321765,6273800
2023-01-12,382.3130187988281,383.76060257411024,377.93197145111753,381.99667434931064,3988000
2023-01-13,383.818115234375,384.3453949852881,378.813916482006,379.1110982891289,3192700
2023-01-17,383.1087341308594,385.4478634134003,382.4280947287242,383.8181321202414,3510100
2023-01-18,377.06915283203125,385.32321812194203,376.8966013152647,384.2974464568236,4348500
2023-01-19,374.38494873046875,376.62820638475654,372.99488203268675,374.9313911638815,3000000
2023-01-20,381.258544921875,381.4310964520701,374.0590093229152,375.6791447313837,2645400
2023-01-23,385.7834167480469,387.79657645581057,381.16267515408623,382.0733832942795,5152200
2023-01-24,385.5246276855469,386.37784805401935,382.9841877357353,384.1825112267733,4309900
2023-01-25,385.5916748046875,385.92721117591935,379.0728078319247,381.30646956417496,4555300
2023-01-26,389.82891845703125,389.9822780765185,385.3040490278056,388.29505895872927,3067600
2023-01-27,390.7971496582031,393.1171162075791,388.6306012425353,388.71687700079343,4012900
2023-01-30,385.8313903808594,390.19327601470167,385.5725630490915,387.93085539525157,3457400
2023-01-31,391.4299011230469,391.51617688864803,386.0230816871328,386.33942616100364,6121200
2023-02-01,395.609619140625,398.40888559904516,387.50894305032637,390.26988423272246,5194600
2023-02-02,401.35205078125,402.8763145880743,397.65161302369887,399.5689304042489,4883300
2023-02-03,397.22015380859375,401.62998874293294,395.9643135188666,396.4244508733098,4386000
2023-02-06,394.77557373046875,396.1560443638609,393.078758652562,394.7180565587388,2579000
2023-02-07,399.8757019042969,401.1315424282891,392.5994860704998,393.78821346580446,5584800
2023-02-08,395.5138244628906,399.2429915700068,394.85234762345846,397.89127930055594,2872000
2023-02-09,392.1584777832031,399.30046674973494,390.87387877889194,399.1662697597608,3378800
2023-02-10,393.0116882324219,393.3951458375946,390.1069537207272,390.8547062903929,2655900
2023-02-13,397.6324157714844,397.69952889538797,393.23217627683874,393.6923429402561,3757200
2023-02-14,397.4214782714844,399.7606074276028,393.481405751918,396.07936217926965,4222800
2023-02-15,398.6869201660156,398.76359997696306,394.4304738879777,395.21658091588944,2966800
2023-02-16,393.3185119628906,397.67083089264685,393.12676850993654,393.759486797553,3347300
2023-02-17,392.2255859375,392.4652505827893,389.16746272313355,391.0847798854479,2039000
2023-02-21,384.4508361816406,389.2153703335474,384.11529983878637,388.1800319747306,6280600
2023-02-22,383.7989807128906,386.3202575404283,382.360992796586,384.7863979118489,4145700
2023-02-23,385.82177734375,387.34604118631756,381.64203939899005,386.7804360565051,4570000
2023-02-24,381.65155029296875,382.5718835869353,379.1303028220316,380.7887634288208,4450400
2023-02-27,382.98406982421875,386.4831674895733,382.1308497184321,385.1314554971285,4547700
2023-02-28,381.51739501953125,384.5275680535127,381.51739501953125,382.56232946719643,5191500
2023-03-01,380.15606689453125,382.0254629198524,378.86190115262843,380.79838104733614,6327400
2023-03-02,383.1470947265625,383.9715270779732,377.9032310253842,378.19081690240216,3003000
2023-03-03,389.2921142578125,389.54137488314456,384.33586513369244,384.97815008305156,3167200
2023-03-06,389.7330627441406,392.45564956876785,389.17702439092216,390.23155466776944,5754600
2023-03-07,383.5881042480469,389.77143521173343,382.97454864689416,389.5413664892718,3536200
2023-03-08,384.2591247558594,384.9877146745987,381.96794584941586,383.75103685356476,3423500
2023-03-09,377.1459045410156,386.65578200436454,376.10097011897886,385.0260798463009,3578700
2023-03-10,371.8445739746094,378.6222986017547,370.1477292024143,376.60910930332267,6751200
2023-03-13,371.0680236816406,375.84212520215544,366.56231616635426,367.64560515977047,5579100
2023-03-14,377.3088684082031,378.9194372166086,372.7456730095536,376.1009783718252,6004900
2023-03-15,374.9889221191406,375.0272766569138,369.51498940361984,371.56650370740897,7838400
2023-03-16,381.4407043457031,381.785807416901,372.0074774831316,372.5922744728038,6535500
2023-03-17,376.9158020019531,381.2585241441655,375.65993236258106,380.2039938683212,6487300
2023-03-20,380.65460205078125,381.0668182541336,377.11714924651295,377.8457391917426,4602600
2023-03-21,385.601318359375,386.16692350942327,382.45691883927805,384.06745851290117,8656700
2023-03-22,379.1398620605469,389.09074252941815,379.06318224885933,385.5053689002944,4659900
2023-03-23,380.1005859375,386.0498789649057,377.44360756945866,382.0740768914272,4743600
2023-03-24,382.61322021484375,382.68058479027917,376.4906234666473,378.8491768225587,4867500
2023-03-27,383.2774658203125,385.67450483130284,382.4591904063857,385.0006240484553,4509700
2023-03-28,382.5650329589844,383.3447932696522,380.63969305543804,382.6324269064138,2419000
2023-03-29,388.1003723144531,388.3121608719557,385.5011811578534,386.66600353494044,4369100
2023-03-30,390.2568054199219,390.940292894014,388.4181021944328,390.6899892929281,4066400
2023-03-31,395.734375,396.0809514805347,391.18096465236704,391.3061164542724,4224500
2023-04-03,397.139892578125,397.73674328142346,394.8872482890514,395.3781900149237,4455300
2023-04-04,395.108642578125,398.2469561913434,393.73203152360367,397.9870458665461,3496500
2023-04-05,394.1748962402344,395.156838557638,392.4324656859856,394.44444269673807,3698900
2023-04-06,395.6670227050781,395.9172969382981,392.2302836100511,393.31810545623824,2975500
2023-04-10,396.1194763183594,396.1387191428379,392.5383426153724,393.1255572347257,2777900
2023-04-11,396.1098327636719,397.5538377880547,395.35895132612706,396.63928952126923,3657000
2023-04-12,394.6273498535156,398.48766638309166,393.9534984057311,398.23736275423335,3959000
2023-04-13,399.7679748535156,400.1049152414333,395.1760493628288,395.69589940766286,3570000
2023-04-14,398.78607177734375,401.3275348336746,396.47566951236223,399.1615272018121,3546700
2023-04-17,400.2589416503906,400.326335602918,397.46720445474074,398.6801780868031,2482500
2023-04-18,400.489990234375,401.9339953332065,399.12301519269556,401.8569946544134,2653400
2023-04-19,400.4610595703125,401.3082138193837,398.5261129651461,398.5645986103911,2937000
2023-04-20,398.21807861328125,399.98938790072395,396.6874368275839,397.54419785705153,3279800
2023-04-21,398.439453125,398.9881526323431,396.61999293927573,398.5356966108947,3384000
2023-04-24,398.9401550292969,399.3637322611125,396.99557183113455,398.30478918157354,3398500
2023-04-25,392.60565185546875,397.4767885709158,392.567166211936,396.94730249962504,3686800
2023-04-26,391.0076599121094,394.29997463360843,390.4011731533188,393.2217890083607,5637900
2023-04-27,398.76678466796875,399.01705887812847,393.29879701477535,393.49134275645713,4156100
2023-04-28,402.06878662109375,402.1457873005336,397.8041652441982,397.84265089473854,3871000
2023-05-01,401.7799377441406,403.76306497541634,401.52966352102106,401.71257317158364,2813100
2023-05-02,397.2842712402344,401.08682936322464,394.29998846529526,400.9905564908029,4604700
2023-05-03,394.4252014160156,400.124221433742,394.27117067193,397.75603179408097,3746400
2023-05-04,391.67193603515625,393.7609430426372,390.4012338526064,393.39512371040337,4185900
2023-05-05,398.83416748046875,400.0182621514277,395.1086392975226,395.3493067964556,2992900
2023-05-08,399.0460205078125,399.5658706154129,397.6790453449615,399.2963241482056,2955600
2023-05-09,397.4190673828125,398.4298885714021,397.08215636497465,397.50573354104597,2571900
2023-05-10,399.0941162109375,400.7980315657258,395.3397090183105,400.1819380312637,3186100
2023-05-11,398.49725341796875,398.7475276376505,396.37936769231385,398.295071568004,2509600
2023-05-12,397.9774169921875,399.8642420078112,395.53222691238403,399.7679691300191,2281600
2023-05-15,399.2962646484375,399.72947790327765,396.668164951012,398.6512628167533,1934200
2023-05-16,396.62969970703125,399.14225445495805,396.62969970703125,398.2566144541278,3432000
2023-05-17,401.443115234375,402.07848110084956,397.0340692035449,398.738014284024,3131300
2023-05-18,405.33221435546875,405.7846704558381,400.9520773625158,401.2408666272798,3087100
2023-05-19,404.7450256347656,406.81476050702827,403.5609308167141,406.2660314904902,3873100
2023-05-22,404.8605651855469,406.4971162292897,403.56095457767606,404.81244342829183,3076600
2023-05-23,400.4322204589844,404.20589993139157,399.99903656924704,403.2913516446827,3221000
2023-05-24,397.4286193847656,399.1132916308968,396.3023121063725,398.7763513060001,3633800
2023-05-25,400.93280029296875,402.3671691493813,398.74752065558977,401.0098009642095,3487800
2023-05-26,406.1986083984375,406.8532169317534,401.52001703517755,401.60665380767324,5531300
2023-05-30,406.275634765625,408.5860369800366,404.9182664872981,408.0854591367275,3239600
2023-05-31,403.7726745605469,405.351467475888,402.4634574507728,404.42728311543397,4479600
2023-06-01,407.9314270019531,408.94221878654395,403.06995508047066,404.2828993463081,3786300
2023-06-02,413.7460021972656,414.5931566097435,409.98195847449176,410.45365743574666,4525700
2023-06-05,413.0335693359375,415.4595166413846,412.3115668051941,414.15990621037486,4318300
2023-06-06,413.90960693359375,414.4294569871138,411.94578118182204,412.5907536641605,3539900
2023-06-07,412.5470275878906,415.4440597442507,412.05455216100125,414.29490129795045,4047400
2023-06-08,414.9322509765625,415.43442207675645,411.7937994808901,412.4794516415188,3472100
2023-06-09,415.7626953125,417.7519881082908,414.73907977564187,415.7626953125,4140600
2023-06-12,419.53857421875,419.57718009772486,415.9848588539126,416.6801477872355,4287900
2023-06-13,422.2810363769531,422.9473560741015,420.32071262929225,421.00633526326646,5444500
2023-06-14,422.7735595703125,424.6276731698997,419.3357503380746,422.6287138524078,5958000
2023-06-15,427.9978332519531,429.311169720902,421.87544262954424,422.0106515989044,5928700
2023-06-16,426.4721374511719,430.1900015319923,426.1051753045262,430.10309409780837,6474300
2023-06-20,424.453857421875,426.3755460390467,422.290719981852,424.62767228299754,4505800
2023-06-21,422.2134704589844,424.38624459072673,421.6533905385503,423.3915980558901,4067600
2023-06-22,423.7392272949219,423.8358009280289,420.90013340835947,421.2767617364363,2511300
2023-06-23,420.5138244628906,422.33896868670234,419.82820183860946,420.2531022038313,2651400
2023-06-26,418.7369689941406,421.86575388780346,418.56315416007743,419.96339797589286,4936600
2023-06-27,423.37225341796875,424.0095745001223,418.6404110876764,419.72199441497304,5254400
2023-06-28,423.5074462890625,424.6566046661222,421.7113006060079,422.3389849747055,3445600
2023-06-29,425.1973876953125,425.4677761720108,422.8507988293092,423.1791255888619,3389400
2023-06-30,430.41204833984375,431.29081827481104,428.22963754357284,428.51932896383266,5137700
2023-07-03,431.0301513671875,431.1073925991345,429.68784551723604,429.9485972991007,1928100
2023-07-05,430.2865295410156,431.03975674579146,428.94425325884794,428.94425325884794,6217000
2023-07-06,426.7618103027344,427.21567986378705,424.27037555427955,426.6362675243379,3248800
2023-07-07,425.6705627441406,429.6877840438369,425.4677787529202,425.80577171837683,3441700
2023-07-10,426.8004150390625,426.96459315368304,424.78215293534925,425.36156523324087,2526300
2023-07-11,429.66845703125,430.01608671100684,426.5879441094984,427.5825905423123,4775400
2023-07-12,432.89385986328125,434.39064803198465,431.9281824718248,433.4056677019478,4714000
2023-07-13,436.582763671875,437.2394172389206,434.371354147706,434.79625456641446,4179500
2023-07-14,436.1481628417969,438.17609114110473,435.4915093262522,437.3552595116071,3437800
2023-07-17,437.7704772949219,438.7361545945971,435.9550287264437,435.9743316631895,4499600
2023-07-18,440.9476013183594,441.59461813096027,436.91107693566994,437.3070081985847,6453300
2023-07-19,441.7586975097656,443.0720338674068,441.1117102687546,441.7490607771515,3182200
2023-07-20,439.0065612792969,441.78771673300594,438.28230327448233,440.90894681741497,10647100
2023-07-21,438.99688720703125,440.9089093162304,438.977554800995,440.7061253437674,3502300
2023-07-24,440.93792724609375,441.7394559618811,439.5377127496894,440.13642800044073,2631900
2023-07-25,442.12567138671875,443.4003724375743,440.59024808596917,440.65785256672615,3987000
2023-07-26,442.1643371582031,443.59352073467187,440.14607509051797,441.2083260393347,5592100
2023-07-27,439.30596923828125,446.02707559063776,438.3788977295779,445.65044726457666,3413300
2023-07-28,443.4583435058594,444.4626561780797,441.7973773237821,442.5119691156774,4258700
2023-07-31,444.3854064941406,444.7716715493657,442.7534093759401,444.066745927867,3947300
2023-08-01,443.14935302734375,443.8446419342455,442.2126447704086,442.9948411069061,3752800
2023-08-02,436.9593505859375,440.2619802100844,436.2350925470586,440.0302270680864,3256300
2023-08-03,435.7039489746094,437.55803291129297,434.31337128703024,434.960388053249,3274500
2023-08-04,433.67608642578125,439.6536322532223,433.2511859863083,437.57743161087905,4359900
2023-08-07,437.5097351074219,437.6835499406155,434.93139333799047,435.617015937897,2223600
2023-08-08,435.67498779296875,436.08055576834414,432.2854509338079,434.9700327327338,3554600
2023-08-09,432.7296447753906,436.07090948291085,431.9764176532019,435.91639757706025,2838200
2023-08-10,432.9228515625,438.5141322019892,431.72542096514843,435.0956258064835,4508500
2023-08-11,432.6621398925781,433.6278173580744,430.40245815973344,431.01081020808056,3757800
2023-08-14,434.97967529296875,435.0472797752344,431.4259899841244,431.6867122398369,2387400
2023-08-15,430.0547790527344,433.56985901019414,429.38845927475586,433.28980430651745,5019300
2023-08-16,426.8390808105469,431.20393208821923,426.70387182767615,429.55263197113266,2896100
2023-08-17,423.55572509765625,428.52898698821826,423.03428055114176,428.22962936961903,3991000
2023-08-18,423.6330261230469,424.7628521915312,420.3497288170866,420.67805560066904,3164000
2023-08-21,426.4913635253906,427.2542568259154,422.59968527759054,424.7434900114985,3250900
2023-08-22,425.274658203125,428.3551418073379,424.7918195327902,428.30686972835787,4920800
2023-08-23,429.96783447265625,430.70175867951497,426.2789399709965,426.33687825362915,2857300
2023-08-24,424.1930236816406,432.18882991952347,424.096479535321,431.6577192342448,3583900
2023-08-25,427.2253112792969,428.46137708340535,422.3293201413298,425.9023380518683,4118100
2023-08-28,429.8036804199219,430.50863552492945,428.036503760427,429.3788094802081,2583100
2023-08-29,436.0130310058594,436.3703269439628,429.62025105888273,429.8037026602267,3983800
2023-08-30,437.92498779296875,438.53336920503165,435.7329109389931,436.4764718481075,2811800
2023-08-31,437.1524963378906,439.6729001588002,437.1042242568531,438.5430741253355,3881300
2023-09-01,438.0794982910156,440.4743885880818,436.6696176941788,440.0784573613411,2852900
2023-09-05,436.19647216796875,437.9829516950336,436.1192014764484,437.6546249314072,2289800
2023-09-06,433.1642761230469,435.46259317727356,430.9142606235706,435.3949886827052,6316100
2023-09-07,431.966796875,432.594481254986,429.88093027417216,430.1995908310428,2310300
2023-09-08,432.4979248046875,434.09128659259466,431.61915484975003,431.899209542455,2787800
2023-09-11,435.4239196777344,435.7232773044378,433.51189734848504,435.22113568193345,3671200
2023-09-12,433.067626953125,435.5107893052211,432.4689117516825,433.99469836516363,2648700
2023-09-13,433.4732666015625,434.70933246787945,432.1599300416499,433.2511501951435,3020300
2023-09-14,437.3456726074219,437.9829937879781,434.71902877583983,436.0709713060357,3546900
2023-09-15,431.7060241699219,436.0032999329507,431.6287829529603,435.7232452649669,5239500
2023-09-18,432.4496765136719,433.5698658759812,431.2715488628066,431.7060860269762,4152700
2023-09-19,431.4839782714844,431.9378478233782,428.70282267435925,431.3391325570789,3575500
2023-09-20,427.3991394042969,433.06766079464035,427.2156583482096,432.63312366453965,5467300
2023-09-21,420.39801025390625,424.8111631966838,420.2048924493385,424.5504408989559,5076600
2023-09-22,419.3936462402344,422.9956332354954,419.00738120814697,421.42157449635954,9350800
2023-09-25,421.1319274902344,421.2091687167423,417.76169326487167,418.1286553985905,4413100
2023-09-26,414.9689025878906,418.8007698253463,414.13460337039015,418.1605019435507,4887400
2023-09-27,415.0755920410156,416.69566781202974,411.47653878358426,416.113603419838,6664500
2023-09-28,417.5008239746094,419.208204915866,413.97936558577953,414.57114040952035,4871000
2023-09-29,416.58892822265625,420.750654446433,415.0464768765066,420.6536387833683,6239100
2023-10-02,416.44342041015625,417.5978387115093,413.6107229098134,415.6770351568576,4666900
2023-10-03,410.89447021484375,415.72556613439724,409.41022231260513,414.15401301497093,5467000
2023-10-04,413.8048095703125,414.5323827345896,409.8274036845922,411.22434652840644,3560200
2023-10-05,413.6106872558594,414.4546968090282,410.38998659011594,413.5330924949468,4030400
2023-10-06,418.47088623046875,420.0715409258634,409.8273153493121,411.19515615592826,4153500
2023-10-09,421.2259521484375,421.78862517701765,416.09415860323367,416.6083090024419,2675500
2023-10-10,423.4281005859375,426.01824392306224,421.47819544527704,421.8856493571395,4430000
2023-10-11,425.2228088378906,425.3877384331636,422.08941297293086,424.5437583753568,3875600
2023-10-12,422.67144775390625,426.1443834092765,420.2171025234707,425.78545210915706,4232300
2023-10-13,420.4499206542969,425.2713059505289,418.878367592008,424.1071772203028,4041200
2023-10-16,424.8250732421875,425.9503601918002,422.5065262086208,422.71023837647886,4656900
2023-10-17,424.951171875,426.89136675557074,421.41032213896324,421.7304708730711,4864000
2023-10-18,419.3827819824219,424.01984611985813,418.092565536293,423.0982714026294,7890000
2023-10-19,415.5800476074219,421.74985298291347,414.83305364744797,419.9066738075007,10020200
2023-10-20,410.4676208496094,415.5703428175084,410.2930104169877,415.0950045492525,7046300
2023-10-23,409.7497253417969,413.58159212916433,407.10134890613114,408.8475419072923,6870500
2023-10-24,412.83465576171875,413.8920583971078,409.9631756874043,411.8160653125434,8027900
2023-10-25,406.9656066894531,411.1758262350283,406.3350196381938,411.09820185716904,4730800
2023-10-26,402.056884765625,406.61632484491025,401.05768561417307,405.83054830857543,5082000
2023-10-27,400.213623046875,403.9582139612309,398.72937538516624,403.5701809682716,5604500
2023-10-30,404.9671936035156,405.99549453531057,401.6591577361283,402.9396638742905,4459800
2023-10-31,407.3826904296875,407.79011474477835,403.6284183583823,405.5006991703992,8151800
2023-11-01,411.83544921875,412.6503274844839,407.9065665794931,408.44010830901374,5645500
2023-11-02,419.7708435058594,419.89696090641803,415.6673503939726,415.6673503939726,4265200
2023-11-03,423.5348205566406,425.13547534655527,421.94387621433896,422.0505727179891,6222800
2023-11-06,424.5533752441406,424.94140822363386,422.60347029553736,424.4078369724393,3296900
2023-11-07,425.6787109375,426.3966031173581,423.41839710847665,424.572815338564,3054700
2023-11-08,426.0279541015625,426.8816445030055,423.75792986410096,426.3577836466616,3617300
2023-11-09,422.81695556640625,427.27940950477654,422.35129815895976,427.27940950477654,4047900
2023-11-10,429.4329833984375,429.67550772263627,423.35045440032025,424.87351426149314,3673600
2023-11-13,428.938232421875,430.0732297017957,427.2405621203524,428.0166281304688,3675000
2023-11-14,437.3489990234375,438.58104167205437,434.7103329039505,435.0207711780132,4063400
2023-11-15,438.2317810058594,439.86156710421886,437.36840973219574,438.6974384061082,5462000
2023-11-16,438.77508544921875,439.01760982313607,436.72819394376904,437.76620536934144,3578400
2023-11-17,439.2406921386719,439.9197721491646,437.8631408278237,438.9399643181738,3208800
2023-11-20,442.7718811035156,443.5382367560002,439.0466809276624,439.07578266630077,4520700
2023-11-21,441.7532958984375,442.0831254973726,440.48247053591274,441.6174976424178,3133200
2023-11-22,443.4315490722656,444.77028828631467,442.3353342200364,443.40244733304826,3391200
2023-11-24,443.7613525390625,443.9068612265871,443.1501864464362,443.5091177440045,1306500
2023-11-27,442.936767578125,443.90686497651467,442.5293432496143,443.1501901899716,3092000
2023-11-28,443.31512451171875,444.66354451527917,441.96667490313484,442.5390288216988,2447800
2023-11-29,443.11138916015625,446.6328475417687,442.64576134442166,445.5269518743751,3979700
2023-11-30,444.71209716796875,445.1195215283359,441.7920942968939,443.88750839385847,4075100
2023-12-01,447.3410339355469,447.9522000550307,443.6158633461005,444.1979277268006,5396200
2023-12-04,445.1291809082031,445.31350177556436,442.80095315814015,444.01357486182104,4123600
2023-12-05,445.03216552734375,445.94405941748005,443.3247846938934,443.72252816555044,4553400
2023-12-06,443.18902587890625,447.19553308353585,442.8009928199765,447.1664313442417,4045600
2023-12-07,446.5940246582031,447.2149012043426,443.1404802841159,445.27470640519147,6440900
2023-12-08,448.5245361328125,449.0289761199921,445.6142439501902,445.86644914126845,5019300
2023-12-11,450.27069091796875,450.44530134035364,447.8163457421511,448.0103770592604,7102000
2023-12-12,452.501953125,452.501953125,448.91258083117987,449.92149043677114,6803300
2023-12-13,458.7008361816406,458.84634486591517,452.3661015493611,452.68625025978736,7733800
2023-12-14,460.1365966796875,461.73725143670185,457.3815236713366,460.54402100073423,7208400
2023-12-15,459.3605041503906,460.55373459451005,458.4292189480419,459.42841807270327,6819900
2023-12-18,461.9118957519531,462.8723123606486,460.78657915526605,460.91269656080357,8393500
2023-12-19,464.57965087890625,464.75426131018827,462.3872508299763,462.47455604561736,5105400
2023-12-20,457.9222412109375,465.7338105928247,457.82483401812306,463.8734431907259,6341600
2023-12-21,462.5683288574219,462.85080083515334,458.80862475310096,461.2339363472335,8863900
2023-12-22,463.4546813964844,465.217641820456,461.6235329567887,463.7566229238272,4267600
2023-12-26,465.4513854980469,466.3669596985505,463.85402032822464,463.94167789322967,2235700
2023-12-27,466.3377685546875,466.4546453150562,464.759872840696,465.363755918939,3761000
2023-12-28,466.5520324707031,467.32151074273344,466.0844957248166,466.6981284148847,3429500
2023-12-29,465.2176513671875,466.80529669002505,463.18196856305116,466.289071191603,3990000
2024-01-02,462.54888916015625,463.51315218751967,460.4157990439524,462.0716027412175,5185100
2024-01-03,458.7696838378906,461.1073081309516,458.15605114450466,460.3767986815884,5996000
2024-01-04,457.3573303222656,460.89300063253893,457.07485836007606,458.28265413400527,6198300
2024-01-05,457.90277099609375,460.376771172971,456.4709713719152,457.4937023746163,10429500
2024-01-08,464.20465087890625,464.5845300520042,458.3216065862324,458.38979460055845,8460200
2024-01-09,463.766357421875,464.7695891758291,461.2923571814864,461.85727139095866,5361200
2024-01-10,466.366943359375,467.2240791531788,463.7663465151561,464.0098496509184,5500300
2024-01-11,466.11370849609375,467.8669489756502,462.1689694349755,467.3701930477668,7450200
2024-01-12,466.5130310058594,468.35392894727073,465.090981041139,467.67210828945093,3797300
2024-01-16,464.89617919921875,466.41563640244186,462.96765336986084,465.10074323679027,8024500
2024-01-17,462.28582763671875,462.6949259828826,459.8410466459986,461.7403829915029,8311000
2024-01-18,466.2500915527344,466.8442249680163,462.3442915343208,463.84427925372114,4871700
2024-01-19,472.08441162109375,472.4155723323917,466.7857807913155,467.45785185158365,5475100
2024-01-22,473.1071472167969,474.8701076311159,472.5129840786781,473.7304998192026,7017000
2024-01-23,474.5779113769531,474.7435066052951,472.58119734560404,473.7305251321903,2839700
2024-01-24,474.9382629394531,478.33758707831424,474.6752902419732,477.39279368062006,5547700
2024-01-25,477.5875244140625,477.86999635504327,475.05511575534405,477.2076750050555,6638200
2024-01-26,477.0908203125,478.6784654781244,476.17524616452647,477.1882275095297,4097700
2024-01-29,480.84075927734375,480.93813674679467,476.77911411306434,477.3148090930534,6073800
2024-01-30,480.4803771972656,481.14272831936887,479.65249031251847,480.0713085735442,4494600
2024-01-31,472.5909118652344,478.66874080320054,472.581162227672,478.18173451715825,10650500
2024-02-01,478.863525390625,478.863525390625,473.5259261271295,474.2661851476625,6417100
2024-02-02,483.8017272949219,485.47702993799504,478.8829761945073,479.23360641713805,4709200
2024-02-05,482.1849060058594,483.6459248460644,479.78884343078437,483.1686682034388,6850200
2024-02-06,483.4901123046875,483.772554547418,481.56155672158957,482.9738571087558,4469400
2024-02-07,487.4153747558594,487.92185058249896,484.8634368989142,485.7108527884422,5625000
2024-02-08,487.7367858886719,488.06794658973365,486.66536613552836,487.56147076302227,4063000
2024-02-09,490.5613708496094,490.97046916268704,487.8925862138931,488.272435617571,2628800
2024-02-12,490.2984619140625,492.77246221352556,489.587422023115,490.5224657858982,2628700
2024-02-13,483.714111328125,490.20103852504366,480.25637864038583,484.0063329299437,5465600
2024-02-14,488.0289611816406,488.46727870537495,483.8796880597367,486.25628098613385,4673900
2024-02-15,491.2432556152344,491.51597795140077,488.1945914532103,488.6523785594009,3963900
2024-02-16,488.9056396484375,492.15883818671415,488.16538055576774,491.03872963430996,4385800
2024-02-20,486.1881103515625,487.8341939469001,483.9381437282558,487.123154081176,5928500
2024-02-21,486.6263732910156,486.79196849562493,483.0517640438593,484.87316267204824,4236900
2024-02-22,496.79510498046875,497.6619904452011,492.33414043888854,493.28868346895825,4080100
2024-02-23,497.0776062011719,499.308103465463,496.32762717059677,498.4801867781097,4343200
2024-02-26,495.2074890136719,497.934712347932,495.12955136154727,497.54511326082417,3721000
2024-02-27,496.0841064453125,496.38604797449597,494.0289243947834,495.9282608617814,3729100
2024-02-28,495.4607238769531,496.06460693503453,494.23348820954766,494.6133376680643,4353500
2024-02-29,497.1847229003906,498.89899451699966,494.6230651129137,497.26263082637087,5996100
2024-03-01,501.996337890625,502.39565687496463,497.7885965786445,498.18794528748793,4582400
2024-03-04,501.4022216796875,503.2917490033305,501.13921926086687,501.14896889845426,4351500
2024-03-05,496.3373718261719,499.8340738045992,494.1653425584445,499.42500512189633,5068800
2024-03-06,499.0256652832031,501.2074440987244,497.6522741606916,499.7658649571011,4234100
2024-03-07,503.9833068847656,504.9573194352916,501.3242716455124,502.2495954583137,4647300
2024-03-08,500.9248962402344,507.2462876685754,500.3015733853713,504.52875458879464,4825800
2024-03-11,500.6813659667969,500.99305710184063,497.7398589066407,499.64891509090415,7239900
2024-03-12,505.9021301269531,506.4085762154919,500.0288060556684,502.5417750201738,7437900
2024-03-13,505.09368896484375,506.3307039117869,503.6034212461793,506.15532933982024,3854600
2024-03-14,503.9930725097656,506.17485118031277,500.9541580116449,506.0190353248494,20332600
2024-03-15,499.8924865722656,502.3957061827788,499.11328835261105,500.9152474001391,8081100
2024-03-18,503.4183044433594,506.14558682702454,502.91185840127974,504.6942583582736,13385200
2024-03-19,506.3307800292969,506.62297194482124,501.87953492759056,502.8827370790603,4569200
2024-03-20,511.0351867675781,511.17156280269563,505.7560549914363,506.4281260799295,5450100
2024-03-21,512.6131591796875,514.6064487816598,512.4568472972483,513.9322382395093,4520000
2024-03-22,511.92919921875,513.1505908814023,511.5383896696601,512.6229711529119,6940100
2024-03-25,510.3267822265625,511.4992705202397,510.1997527217033,510.35606461477187,6297200
2024-03-26,509.2519226074219,512.1344188836758,509.0272056238098,511.8315161342688,5932600
2024-03-27,513.68798828125,513.736891658082,510.07271669155307,512.261440996104,4777600
2024-03-28,513.6978149414062,515.0950799637968,513.3167860358595,513.8053427417976,4717000
2024-04-01,512.8672485351562,514.8996609567581,511.5578904343825,514.3133571768125,6170800
2024-04-02,509.5157775878906,509.5841826802315,507.1609009739663,508.85134765435134,7653100
2024-04-03,510.08251953125,511.5286282299657,508.30416604696245,508.3530097876523,5820200
2024-04-04,503.8094177246094,514.3817916984644,503.4772325714046,514.0496065452596,7222700
2024-04-05,509.0663146972656,511.0303222272988,504.7279286966503,505.16764166637375,5275900
2024-04-08,509.2030944824219,510.7762326924763,508.51910319683867,509.76983693484993,10802300
2024-04-09,509.8382568359375,511.30392693121587,505.0503773360539,511.06936961982547,4963300
2024-04-10,504.8939514160156,506.8188956123902,502.83225668389474,504.1708971223439,4616400
2024-04-11,508.6753845214844,510.07264923400624,502.8224263861989,506.3400696718139,4333400
2024-04-12,501.56207275390625,506.48670277874834,499.8912172033039,505.0992184611225,6513700
2024-04-15,495.3476257324219,505.95906242213727,494.46819986030056,505.8418135909566,6399000
2024-04-16,494.3998107910156,497.34090162149795,493.1295455773635,495.75798280646694,8287400
2024-04-17,491.5271301269531,497.0282833069043,490.10052310176275,496.89147311854316,7635500
2024-04-18,490.3936462402344,494.98606103167725,489.53378173279623,492.885273321401,4808700
2024-04-19,486.1431884765625,491.38053137307577,484.9413283591387,490.37407602799976,6355500
2024-04-22,490.628173828125,493.27614278300496,486.4559103603954,488.87913249921553,4210800
2024-04-23,496.5397033691406,496.9109813934552,492.15244415788226,492.6898743909737,4221900
2024-04-24,496.3442687988281,498.1812466649529,494.06760781738603,497.3800065626418,4457800
2024-04-25,494.2435302734375,495.1522386213695,488.5078791180909,490.1298611971555,3714400
2024-04-26,499.08013916015625,500.6630877214121,496.5787315495411,497.2040983617603,4026900
2024-04-29,500.8585510253906,501.52298093712534,498.1030544427827,500.9171754400065,3102700
2024-04-30,492.8950500488281,500.34064884448316,492.8950500488281,499.3635355155178,4931200
2024-05-01,491.3512268066406,499.00204137746385,490.85291925290164,492.2697157821818,5061600
2024-05-02,495.845947265625,496.73512401936273,490.4816043537096,495.0838000222975,3670300
2024-05-03,502.0799560546875,503.242723340729,499.3733329583287,501.9724282598097,3004000
2024-05-06,507.3074645996094,507.3074645996094,504.04387988539156,504.473812129691,5099700
2024-05-07,507.9621887207031,509.19336122174394,507.1316661354728,508.2162477622859,6597800
2024-05-08,507.913330078125,508.37260440250145,505.88091744334713,505.9493225400956,3693500
2024-05-09,510.6980285644531,510.825058068849,507.395440364956,508.0891526631403,3153100
2024-05-10,511.411376953125,513.2287934936262,510.238828990836,512.4079920285438,2421200
2024-05-13,511.58721923828125,513.2483237811311,510.4244520221126,513.1799186933256,2566800
2024-05-14,513.9225463867188,514.3719803481667,511.19636203882743,511.7142607279482,3288300
2024-05-15,520.2932739257812,520.5473329273809,515.7399521621348,516.4141627285866,3568800
2024-05-16,519.0719604492188,521.9544570626472,519.0133360275813,520.3422556484827,5526300
2024-05-17,519.9513549804688,519.9904180464415,517.8212549387138,519.2869250293196,4234400
2024-05-20,520.5570068359375,522.012895820679,519.6482988046207,520.0391082637806,2270000
2024-05-21,521.827392578125,521.9544220895399,519.5898243909065,519.7461362920419,2676000
2024-05-22,520.3421630859375,521.798052329508,518.1533792448641,521.0944997567404,3052600
2024-05-23,516.541259765625,523.4787412877233,515.3003066209125,523.3908344761458,2665000
2024-05-24,519.9708862304688,520.7330036215636,517.4205750953728,518.3488446933376,1920700
2024-05-28,520.3714599609375,520.9577040893483,517.674617693721,520.7427677883521,3431400
2024-05-29,516.648681640625,517.8212295833491,515.9256273067872,516.2383107340646,4272400
2024-05-30,513.297119140625,515.7496828422678,511.9389174642021,515.0949740513761,2718200
2024-05-31,517.8309936523438,518.0557106304474,509.03697382133174,514.137476696952,3933600
2024-06-03,518.1534423828125,519.6582351843035,513.2288123264111,519.540986347599,2958400
2024-06-04,518.9155883789062,519.6484233835512,515.5347547543693,517.0492685029822,2188900
2024-06-05,525.130126953125,525.130126953125,519.2576649874302,521.2998585436239,3201300
2024-06-06,525.1105346679688,525.7750243231641,523.1270252942351,525.452560172595,25007800
2024-06-07,524.446044921875,527.2699169008832,522.9901555290229,523.9868302600299,3081700
2024-06-10,526.009521484375,526.3612680273978,523.0390583078946,523.7328303551961,2460000
2024-06-11,527.3138427734375,527.4020732505066,522.4724121818799,524.5109250144495,3888400
2024-06-12,531.7044677734375,534.3505445310993,530.6558112122979,531.9494793115373,5384300
2024-06-13,532.8217163085938,533.6057413279518,529.9599980701632,533.4195899691174,4779600
2024-06-14,533.0078125,533.1058529920664,530.21470527819,531.2437416326851,5444600
2024-06-17,537.369140625,538.623628499194,531.9298960661441,532.4002991103298,5746800
2024-06-18,538.672607421875,538.8000182131854,536.9770868210808,537.418119574288,5221800
2024-06-20,537.0065307617188,540.2896616875962,535.5070313256167,539.6526675318977,5709600
2024-06-21,536.0950317382812,537.6239012758684,535.1051755972744,536.4184637031365,5104200
2024-06-24,534.7229614257812,538.9077775955673,534.6347907706318,536.3498715199185,3857000
2024-06-25,536.7516479492188,537.202490695381,534.5661642589195,535.9774330542236,4817500
2024-06-26,537.5750122070312,538.2120064076227,535.1150864388729,535.7227103556357,10241900
2024-06-27,538.3590698242188,538.8882733206331,536.6439887064172,537.3888335054847,6369100
2024-06-28,536.3106079101562,542.2105045709169,534.9777595709248,539.1331454622149,5968900
2024-07-01,537.4671020507812,537.8787645169589,534.6838043827712,537.633752970684,3912500
2024-07-02,540.8973388671875,540.9953793896854,535.6932952937939,535.7619057143584,2599500
2024-07-03,543.2691040039062,543.7395071052323,540.6033468560686,540.6033468560686,4554900
2024-07-05,546.630615234375,546.9246171509021,543.1416529179395,543.6806664011187,2759800
2024-07-08,547.267578125,548.100653294349,546.0817604932649,547.3166282893474,3145000
2024-07-09,547.7772827148438,548.953350262848,547.3950502937183,548.0517243968662,2257500
2024-07-10,552.9910888671875,553.441931670133,548.6200611187945,548.9238730593756,2124300
2024-07-11,548.2966918945312,554.0789288299727,547.679257976902,553.2361034182893,2863400
2024-07-12,551.80517578125,555.4215485527667,549.119858837655,549.4432908236217,2778500
2024-07-15,553.3439331054688,556.5487036828557,551.4622609378403,553.8143960103356,3680200
2024-07-16,556.6270751953125,556.901457033187,553.8828979129222,554.7649634418726,2379500
2024-07-17,548.855224609375,552.2657657623379,548.4828023205728,550.5996754941066,2759200
2024-07-18,544.5135498046875,551.3346917009824,542.4358570085153,550.3644557030002,3420300
2024-07-19,540.9658813476562,545.8955424369547,539.9270347702422,544.3372426621972,2999800
2024-07-22,546.58154296875,547.1401764350682,542.9847306409085,544.9546329123284,2352600
2024-07-23,545.670166015625,548.5612545263386,545.1801429029922,546.4345709663494,2344700
2024-07-24,533.3509521484375,541.1227111631412,532.4198963157351,540.8090892080587,6323800
2024-07-25,530.5382080078125,539.4467939942842,529.5973421716396,533.4587263869403,4419600
2024-07-26,536.467529296875,539.1724665083275,533.5763809058725,534.3212256240726,3520400
2024-07-29,536.8399047851562,539.0450086475404,534.8013920213165,538.0355323893591,2735200
2024-07-30,533.9487915039062,539.2900553938246,530.6558505439206,538.2707690367282,3670900
2024-07-31,542.2791748046875,545.2977338731401,539.5742377007613,540.8777159057956,4102300
2024-08-01,535.1542358398438,546.6893991927899,531.5280527988826,544.4842951591713,4487200
2024-08-02,525.079345703125,529.0877009648784,520.8553491830725,527.9312536842416,5429300
2024-08-05,509.8003845214844,515.8864924728147,502.7832806081461,504.1063189458287,10545200
2024-08-06,514.6419677734375,521.9629455858728,509.5555244956526,511.70182853349905,6335500
2024-08-07,511.084228515625,523.795457472874,510.46679469038787,520.767088719698,6968600
2024-08-08,522.9232177734375,523.481851242417,514.2302134354034,516.0922651813996,3865200
2024-08-09,525.1576538085938,526.6277228887528,520.8356770325222,522.1097249385406,3635600
2024-08-12,525.4125366210938,527.882272105279,523.2466728734823,526.422012886137,4646600
2024-08-13,534.1546630859375,534.3702445594356,525.2362058741746,528.764408441138,4299700
2024-08-14,535.8991088867188,536.9869459113444,532.3219160050154,534.9582429150738,4218200
2024-08-15,545.072265625,545.2879068889654,540.9070693718961,541.5343132814498,3944800
2024-08-16,546.3071899414062,546.9148138487999,543.2200800539598,543.386671172496,4186100
2024-08-19,551.3837890625,551.4523994759212,545.8269437481247,546.6599591075873,4642800
2024-08-20,550.5606079101562,552.6774815171085,549.208139282809,551.0015808743669,2874800
2024-08-21,552.7069091796875,553.9025369021197,549.8647511046603,551.5994521227979,4434000
2024-08-22,548.031982421875,554.9902858223653,546.9147155089375,554.3826620242276,3448300
2024-08-23,553.9515380859375,554.9022140797471,549.1787175016511,551.4132517258221,2450100
2024-08-26,552.3834228515625,555.7057936955529,550.9329736739116,555.0001293542156,5861500
2024-08-27,553.3928833007812,553.8633461715092,550.2665334039478,551.3446201578105,2258100
2024-08-28,550.15869140625,553.4908722370915,546.9441711450827,553.0204692274742,2890600
2024-08-29,550.2468872070312,555.4802998110645,549.0904400030792,552.1481790074564,2504500
2024-08-30,555.441162109375,556.0096056319619,549.041431961577,552.6284344108503,3016100
2024-09-03,544.180419921875,552.6186026862202,541.524473393869,552.2854205020128,7817800
2024-09-04,543.0435180664062,546.307088316121,541.4656582074099,542.2105028114065,3948900
2024-09-05,541.5343017578125,545.6603176102461,539.133176711311,542.8867702389515,6824000
2024-09-06,532.5276489257812,543.4845572352974,531.5867831278723,541.9066973575402,3525700
2024-09-09,538.5059204101562,539.7114178304358,534.7915670973858,536.722289085892,4313000
2024-09-10,540.4954223632812,541.1422264675457,535.5167714429044,540.3876316487816,5964600
2024-09-11,546.3267822265625,547.2675883231866,532.0768717762709,540.6915164107712,4692000
2024-09-12,550.9525756835938,551.2172073088132,544.7684863277947,546.9049799439703,3480300
2024-09-13,553.7750854492188,554.8629223595597,551.3347800167834,551.5504212826901,3952900
2024-09-16,554.6963500976562,554.9609817183982,551.795451571548,553.5987031174087,2453800
2024-09-17,554.9021606445312,558.3225122516147,552.7166169812223,556.9210533883346,3725800
2024-09-18,553.245849609375,560.4296044806226,552.6970261700669,555.5783641807512,5198300
2024-09-19,562.7327270507812,564.6045889634685,559.9199992567578,562.7620973316469,3623500
2024-09-20,561.556640625,562.7523280472617,558.7341028939059,561.350869214095,8763600
2024-09-23,563.1149291992188,563.800973462292,561.6350499535625,562.850297599268,31440700
2024-09-24,564.7516479492188,564.8496286466815,561.1842652658967,563.9676229176902,7326000
2024-09-25,563.4185180664062,565.3764543457636,562.4642005276378,564.618861212797,31448300
2024-09-26,565.8289794921875,568.150879888813,563.389020434729,567.8754296969307,8915300
2024-09-27,564.8057861328125,567.6097694113984,563.9006497136126,566.8522363437802,7128700
2024-09-30,567.5114135742188,567.8754377920067,561.6672695789464,563.9399889076532,6090000
2024-10-01,562.1492919921875,566.911211052125,559.5814262834011,566.8423334980355,5475700
2024-10-02,562.3755493164062,563.3791078690674,558.8041251085933,561.2441439375953,4400400
2024-10-03,561.3031616210938,563.2807339984795,559.0599272675889,560.929289228843,2553800
2024-10-04,566.3995971679688,566.8226506816911,561.706555549171,565.8486367721699,2433500
2024-10-07,561.3228149414062,565.3074440261001,560.1421685329342,564.7663319368502,2664300
2024-10-08,566.6455688476562,567.19652924943,563.0249633431177,563.8612221502132,2307800
2024-10-09,570.4924926757812,571.1024824571789,566.0454762098033,566.6456177608259,2048800
2024-10-10,569.4889526367188,570.9647458812534,567.9541300644099,569.193805997848,2197600
2024-10-11,572.9520874023438,573.6801958207154,569.380663066324,569.4790853094341,2591700
2024-10-14,577.6747436523438,578.5601836465343,574.2607104214374,574.6050982387776,1679300
2024-10-15,573.0899047851562,578.1863039664655,572.0273167552128,577.9797313288275,3872000
2024-10-16,575.6380615234375,576.1890219043614,572.3814803334776,573.1882544716478,1842500
2024-10-17,575.8052978515625,579.4259031976022,575.5396358667404,579.2881480906443,2731000
2024-10-18,577.979736328125,578.7274211925082,576.0021636067477,577.4287758726823,4120400
2024-10-21,577.123779296875,578.1961555131828,574.0245892126749,577.2024450401476,3512800
2024-10-22,576.6712036132812,577.812457437251,573.877008312932,574.4378170191701,2640900
2024-10-23,571.417236328125,575.0476898085277,567.9146897222489,574.6049999122787,2911600
2024-10-24,572.6373291015625,573.42440682955,570.0595549633678,573.42440682955,4080600
2024-10-25,572.5093994140625,577.8222189040231,571.5353254598997,574.9493582887031,3781700
2024-10-28,574.231201171875,575.9922929044501,573.9458426997095,575.9627482141501,3635600
2024-10-29,575.1166381835938,576.2579519660452,571.8896013870475,573.2669724397724,3912700
2024-10-30,573.2669677734375,576.6810008127692,572.7651884464599,574.6837317348283,3831000
2024-10-31,562.0214233398438,569.0855466018663,561.9623940109203,569.0068808634231,8318700
2024-11-01,564.4613647460938,568.9773184436508,564.1367334722217,564.7664196612379,3188800
2024-11-04,563.3298950195312,565.9764863071214,561.4310484897991,564.6777812092902,3496000
2024-11-05,570.13818359375,570.1775765060543,564.1071046998868,564.313737338971,2988700
2024-11-06,584.2960815429688,585.201217942698,578.8061137149025,582.5251416130003,5260500
2024-11-07,588.8514404296875,589.8647873823098,586.3032106261599,586.3917846560928,3892800
2024-11-08,591.4290161132812,592.8359316796592,589.4514437272657,589.4514437272657,5485700
2024-11-11,591.8816528320312,593.3574460460391,590.2681045060064,593.0720875925492,3995600
2024-11-12,590.0712890625,592.5013996031246,587.7099960240885,591.9111063686099,6449700
2024-11-13,590.5140380859375,592.4423693491075,588.280651926875,590.6025520458875,3592600
2024-11-14,586.608154296875,591.0552307631201,586.0178609828533,590.5731478816383,2687700
2024-11-15,579.1602172851562,583.4892343951453,577.2810671613819,583.0563326841465,5426600
2024-11-18,581.5706787109375,582.8202027235051,578.7175148119986,579.5833182151704,5775700
2024-11-19,583.5975341796875,584.3748237628836,577.5172728874016,578.1469591180409,3747700
2024-11-20,583.8631591796875,584.0894282590916,578.0190155818401,583.6565265092444,4696900
2024-11-21,586.8540649414062,588.3692510559283,580.7935006338545,586.7360062896485,4175400
2024-11-22,588.7923583984375,589.4121964019254,586.5294872992868,587.0115701797364,3302700
2024-11-25,590.53369140625,594.0264499638988,588.4971496669593,592.7473811708667,4637900
2024-11-26,594.0166015625,594.5282290795645,591.3306771982673,592.0390290986538,4413200
2024-11-27,592.1079711914062,594.046150949703,590.5731485230982,593.7313078318214,4669400
2024-11-29,595.3055419921875,596.5353698112542,592.6589501235485,592.9049156873618,3132700
2024-12-02,596.9190673828125,597.4995124628257,595.7088760215976,596.1909588999697,6048800
2024-12-03,597.1649780273438,597.4207317381303,595.6104590531404,596.6238058175272,4839900
2024-12-04,600.8446044921875,601.0610253329885,598.188164776729,598.857183807629,7524500
2024-12-05,599.8901977539062,601.6709856897794,599.5753546870446,600.7953940899491,3119000
2024-12-06,600.9725952148438,602.2122712583548,600.2051538354565,600.6183591665648,4985800
2024-12-09,597.8734130859375,600.9922396472233,597.2929679785692,600.8938774409468,2973800
2024-12-10,596.1417236328125,598.8965255804794,595.3939788076932,598.5718943144503,4489100
2024-12-11,600.7363891601562,601.6119807955387,598.6899391675495,598.9752375599575,4892100
2024-12-12,597.5487060546875,600.3232047710594,597.5487060546875,599.7919407807613,5830800
2024-12-13,597.4404296875,600.303502111381,596.0532105074992,599.6049383816313,9728800
2024-12-16,599.9885864257812,600.9822966639972,598.4832487262648,599.1818123714888,23494300
2024-12-17,597.3761596679688,598.363476702462,596.1025423874502,597.3959252921944,20235900
2024-12-18,579.8118896484375,599.6075868121333,579.2491116314214,597.1886476986263,33342500
2024-12-19,579.3872680664062,586.2688388221303,579.2885002070361,584.748392293901,19020700
2024-12-20,585.8048706054688,590.9784025570085,576.2673536929891,577.1164921956349,16782900
2024-12-23,590.0602416992188,590.5539002789964,582.9910170906116,586.1504440533996,16542300
2024-12-24,596.6949462890625,596.6949462890625,590.7216899043351,591.2943506936984,2365700
2024-12-26,596.4086303710938,597.662542334928,593.3775597314885,594.6907083091469,10375300
2024-12-27,589.9515380859375,592.9529599811505,586.0812121750827,592.7554845349158,7034200
2024-12-30,583.484619140625,587.0291139148918,579.7920629634039,583.2872039366858,3730600
2024-12-31,581.2138061523438,585.893679427336,579.8019499720734,585.2223110503506,7228800
2025-01-02,579.9993896484375,586.3774189667556,575.9316483876183,584.6594970109109,9400400
2025-01-03,587.0685424804688,587.8781496456894,581.7963034864114,582.8527398997709,5867300
2025-01-06,590.7117919921875,594.9177723597273,588.865513888848,591.5510476598294,4188000
2025-01-07,584.067138671875,592.9529918810724,582.1220928003386,592.6765141892606,3810700
2025-01-08,584.6793212890625,585.8443482465551,580.5226945654828,583.9881872604336,5303600
2025-01-10,575.931640625,581.2236452652753,573.9570066313706,581.2236452652753,5881200
2025-01-13,576.7709350585938,577.0967665966145,570.6693222013321,571.1728635979848,3658800
2025-01-14,577.5706176757812,580.2857396866247,573.7990591421197,579.6933735341346,4063200
2025-01-15,588.07568359375,589.2111223525519,577.5706152853486,585.6567446691631,5156300
2025-01-16,587.0785522460938,589.6258475108235,586.2887105334584,589.4580204588902,4562400
2025-01-17,592.64697265625,594.59195841981,590.9191677295927,592.1533141057765,4002700
2025-01-21,598.0179443359375,598.2746564086016,593.9699083074844,595.9544252034876,7109800
2025-01-22,601.5723266601562,602.9940657647488,600.6442461299214,601.1774359573039,3865300
2025-01-23,604.92919921875,604.92919921875,600.733101543774,601.0490502470985,4935900
2025-01-24,603.1421508789062,606.0053342799807,602.0264777476054,604.978546201541,4319400
2025-01-27,594.730224609375,594.8882290989782,589.9417605541336,590.0898219694482,4649800
2025-01-28,599.7853393554688,600.5751810937678,592.5384645737211,595.8756016595167,5644500
2025-01-29,597.2379150390625,599.3310825720914,594.5129706695208,598.9163660336632,5827800
2025-01-30,600.2295532226562,601.76976547035,595.9742189814541,599.2224705087998,2901100
2025-01-31,596.9910888671875,605.126631813972,596.3000151550011,602.6978102261038,5415400
2025-02-03,593.0616455078125,595.4904673378686,585.8147715309141,588.0263522569545,4540200
2025-02-04,597.0208129882812,597.5045887525602,592.5778857898816,593.0517787408394,3340800
2025-02-05,599.4692993164062,599.587772546056,593.8712283017686,595.8952162795142,2787600
2025-02-06,601.6710815429688,601.6710815429688,597.9291110630413,601.1774229792679,5303600
2025-02-07,596.14208984375,603.3396705155327,595.3423653536694,602.1055240641085,4828400
2025-02-10,600.0419921875,600.6935949854181,598.0377094668157,599.2817387057155,2091800
2025-02-11,600.515869140625,601.0391761365044,597.7020394693224,597.7908642634179,3962700
2025-02-12,598.5215454101562,599.7556918357269,593.8811427977992,594.4735089776508,4838800
2025-02-13,604.8995361328125,605.1364825893049,598.462269774244,599.7062386708293,3370400
2025-02-14,604.9094848632812,606.1436313428762,604.2775874030746,605.1464313455941,2797300
2025-02-18,606.6865844726562,606.6865844726562,603.6061599814077,606.0744526994628,3723600
2025-02-19,608.0391845703125,608.4044870599905,604.7810503391312,605.3142401162132,3210800
2025-02-20,605.6796264648438,606.8446535203971,602.2338388445266,606.7360630919013,2625900
2025-02-21,595.223876953125,605.4425852061944,594.7696893765898,605.3636432232753,3615100
2025-02-24,592.3902587890625,598.2154537715762,591.8175979991381,597.2379592252895,5666900
2025-02-25,589.5072631835938,593.1504653978907,584.926097748073,592.4296829957667,4592100
2025-02-26,589.7047729492188,594.7993025540374,587.2265974430317,591.2153367419819,4111800
2025-02-27,580.3252563476562,593.2590858606312,579.9598935915776,592.1434127506129,8190500
2025-02-28,589.4677734375,590.0799052121229,577.876680448216,580.9472221339937,5788200
2025-03-03,579.3477172851562,592.5876719224793,575.2997417136868,591.4818817099498,6730100
2025-03-04,572.3576049804688,580.7003860807141,567.638200422331,575.0727269449645,5683400
2025-03-05,578.6270141601562,580.1968747472071,568.5267802622477,572.0810974533509,6225900
2025-03-06,568.2404174804688,575.4873509410514,565.6042979032795,570.9160683056322,5006500
2025-03-07,571.1728515625,572.7624177043173,561.1910896827936,566.3547390709215,6534100
2025-03-10,556.2940063476562,564.9626200398918,551.1698276621285,563.0571050725841,7935600
2025-03-11,551.5548706054688,558.3080862077246,547.6056019806455,554.8623589743355,13308900
2025-03-12,554.3588256835938,558.5746892857361,549.2445299710407,557.6564915483741,11461400
2025-03-13,547.0328979492188,554.5266610877864,545.2755048857308,554.0132369235743,26587800
2025-03-14,558.3870849609375,559.3448139322167,547.0428205488535,551.6042209611109,9822900
2025-03-17,562.3856811523438,565.1699226169777,557.9230488197362,558.238937263292,11698400
2025-03-18,556.527587890625,560.4891318206122,554.5765565203207,560.3406101922556,18534400
2025-03-19,562.5491333007812,566.3225013534841,557.1515177819823,558.2805722729292,16095700
2025-03-20,561.291259765625,565.9856789627402,558.1616671169996,558.7757015002638,7660900
2025-03-21,561.1328735351562,562.044011659354,555.2598922618405,556.4582205424812,7306300
2025-03-24,571.1754150390625,572.2450489010366,567.3921935140264,567.9764874337689,19735400
2025-03-25,572.4035034179688,573.5226444125199,570.8485901737838,572.4232700327045,3640900
2025-03-26,565.92626953125,573.2947427259132,564.3713564818204,572.3538640720093,3437900
2025-03-27,564.1436157226562,568.0160584715704,562.2024375827936,564.3615320554251,3680200
2025-03-28,552.7542114257812,563.4107741093721,552.3283527134977,562.6481575708101,7466000
2025-03-31,556.4978637695312,557.8942812972263,544.1180399665817,547.0297769429698,6451200
2025-04-01,558.3598022460938,560.0533234800789,550.9219943251031,554.6359415201364,4466700
2025-04-02,561.7468872070312,564.559549275086,552.031204073306,552.2688870144534,3745500
2025-04-03,534.8777465820312,545.1777241797607,534.2339715360151,542.3452348740121,12111300
2025-04-04,502.7297668457031,523.1713461119471,502.54162133294847,521.0618193315097,17517100
2025-04-07,501.5116271972656,520.5072218963271,479.3467854633202,486.68554876022836,29219900
2025-04-08,494.00445556640625,522.3196139405217,486.7647373376566,519.2493815012318,12062500
2025-04-09,540.998291015625,543.5535035307674,490.57774185901104,490.884759066184,21339000
2025-04-10,521.9927978515625,530.7775160802224,507.0082541243389,529.5395336866868,10186400
2025-04-11,531.8173828125,533.7486473402586,517.4766148208432,520.3190174194931,11196100
2025-04-14,536.3137817382812,541.5826418801406,531.2826045361761,541.364725553128,5791300
2025-04-15,534.99658203125,540.4437046878583,534.1250375703238,536.9476133130403,4528700
2025-04-16,523.0624389648438,532.3819439579441,517.7143307697671,528.9948410068541,6763400
2025-04-17,523.5872802734375,528.5095294739592,521.2994913347038,524.9441040776708,4320700
2025-04-21,511.41552734375,519.0216845673864,505.9188669110907,518.6156529048034,4588600
2025-04-22,524.2904663085938,526.6475894683601,516.5753822955626,517.516200494737,6635100
2025-04-23,532.6790771484375,542.5730839021279,531.2133252360522,537.7399954658506,6854700
2025-04-24,543.939697265625,544.6032993198281,532.7978562535362,533.9962449149114,6140000
2025-04-25,547.87158203125,548.2974407172393,541.0280420146555,543.9298654668793,3718000
2025-04-28,548.1093139648438,550.7239474992788,542.3452602200791,548.6837547674917,5443400
2025-04-29,551.5953979492188,552.6551180369735,545.8808523890123,546.2275236971677,2676600
2025-04-30,552.5957641601562,553.6950780525472,538.8689690086222,544.841025277876,8939200
2025-05-01,555.7154541015625,561.2715048554862,555.1410737649023,557.6071251450737,5403000
2025-05-02,563.8663330078125,565.5697677348744,559.8255416238555,561.915241358225,3569400
2025-05-05,560.7267456054688,563.8663123054637,558.9836568195884,559.8552012125286,3189900
2025-05-06,556.1412963867188,560.5584394198822,554.0120028946876,555.2103311895357,4470500
2025-05-07,558.3499145507812,561.0140552132261,553.3187369255696,557.3991222634489,4836900
2025-05-08,561.8756103515625,567.5208216771777,559.0133807927506,562.4499906106507,5915500
2025-05-09,561.43994140625,564.638868884701,560.0434632768628,563.7178171464327,2782000
2025-05-12,580.0789794921875,580.1483137628442,574.2257646467752,578.6528212989849,5095700
2025-05-13,584.2682495117188,586.1896005402947,580.059109514179,580.6137231900382,7068500
2025-05-14,584.6051025390625,586.0807680715498,582.713431345647,584.9913071551144,6298100
2025-05-15,587.4771118164062,588.0911462499389,582.2874992757834,582.7034444359664,3084100
2025-05-16,591.2999877929688,591.6070050101708,586.4471330549891,588.3981643017727,3596500
2025-05-19,592.042724609375,592.656758989201,585.2288652509637,585.2981995129898,4753500
2025-05-20,589.8441772460938,591.1415804441068,586.7442643354798,590.250208895027,21340900
2025-05-21,580.039306640625,589.6955693905868,578.9795864491338,585.5557634859448,7124200
2025-05-22,580.1284790039062,583.7532649540117,578.5636522901502,579.8214617798491,6368600
2025-05-23,576.4046020507812,578.939987573139,572.7500756095352,573.1462541545494,6303600
2025-05-27,588.2297973632812,588.4378001613915,581.5347790815321,583.2283607132248,4533600
2025-05-28,584.7634887695312,589.9135078523415,584.1593678414047,588.7250326104065,5337400
2025-05-29,587.0809936523438,590.3195145002302,583.218464391714,590.1709928815039,3830400
2025-05-30,586.45703125,588.2693939130124,580.4156410282183,586.0509391824222,5930100
2025-06-02,589.864013671875,589.913520881307,582.2281159885296,584.8724296351753,3679000
2025-06-03,593.1718139648438,594.201793529245,589.051835258881,589.4876074685042,3773800
2025-06-04,593.0133666992188,595.0535591734014,592.6469287632021,594.0928534463952,3686300
2025-06-05,590.2501831054688,596.0934842311007,588.2199040527863,594.7564874142599,5139600
2025-06-06,596.2123413085938,597.9256896569186,594.0334801310828,595.7468889277689,3624600
2025-06-09,596.77685546875,598.3515352420802,595.6279739419971,596.8362762064538,3883600
2025-06-10,600.20361328125,600.5898178526226,596.2024154430451,597.321556378151,6921000
2025-06-11,598.5001831054688,602.1547099969043,596.4401632246736,601.3029925133983,20207000
2025-06-12,600.678955078125,600.8274766924281,596.6777574004889,597.1729503448809,6968300
2025-06-13,594.0235595703125,598.9557226429396,592.6370555271121,595.677547608419,7231400
2025-06-16,599.8224487304688,601.6106974852722,597.4579656018939,597.5473446892282,10221900
2025-06-17,594.8551025390625,598.8985666727654,593.9510032898759,597.3685712163283,11753100
2025-06-18,594.7160034179688,598.3819409450406,593.821848650544,595.5902692145734,4192000
2025-06-20,592.768798828125,598.3819760748281,591.8150983664619,597.3090024183475,7447400
2025-06-23,598.9978637695312,599.4548856166039,590.8315012544263,593.9708660001459,6750400
2025-06-24,605.5349731445312,606.7271592414211,602.3558304318595,603.2300961937718,7360000
2025-06-25,605.9820556640625,607.3629444395758,604.4818937044525,606.8065990079097,13558900
2025-06-26,610.750732421875,611.217638119368,607.2934473246984,607.9093990227676,4955900
2025-06-27,613.4331665039062,615.2710772046039,609.7870572847393,611.7939029643926,7933800
2025-06-30,616.8507080078125,618.0627224423127,613.9596521639008,616.2645291235661,6552400
2025-07-01,616.6221923828125,617.6256152212871,614.4464723642417,615.2611318901606,6039400
2025-07-02,619.354248046875,619.6324510871233,615.5393251885102,616.1552769066535,4920900
2025-07-03,624.0732421875,625.1462157220744,621.3213485497722,621.3213485497722,4229400
2025-07-07,619.7615966796875,622.9109059723226,616.8009900560298,622.2552369621513,7472300
2025-07-08,619.264892578125,620.9935352489975,618.4601775197151,620.2484264676141,4685600
2025-07-09,622.9407348632812,623.6261766867038,619.8211984117775,621.669053518552,3019800
2025-07-10,624.7488403320312,625.7622076597006,621.927395755891,623.0897484547957,2556800
2025-07-11,622.3545532226562,623.7255581376372,620.4470918511146,621.6789952501749,2739200
2025-07-14,623.6460571289062,624.0434727029757,620.6755667196117,622.086288924483,2590500
2025-07-15,620.9140014648438,626.745714314237,620.9140014648438,626.4079656444186,3813800
2025-07-16,623.1593017578125,623.6262074815367,616.9997237939647,622.6725070629998,4667300
2025-07-17,626.8153076171875,627.3021023219163,623.1593144517395,623.3480777696046,3575400
2025-07-18,626.5570068359375,628.2658212187425,625.3648206260681,628.1962704541467,3970600
2025-07-21,627.6100463867188,630.4613243445752,627.2424642553648,627.6795971463134,3558100
2025-07-22,627.6199951171875,628.6532513957488,625.1462437591953,627.997521736338,4955600
2025-07-23,633.173583984375,633.173583984375,628.6333805752791,630.4712912975455,5836500
2025-07-24,633.4219360351562,635.0214216072256,632.8953634099439,633.4914867953034,3952800
2025-07-25,635.8857421875,636.4619766015604,633.7994619338785,633.9882252434618,3306200
2025-07-28,635.7466430664062,636.9189402324665,634.4750223210771,636.3527109386854,9580900
2025-07-29,634.2366333007812,637.5548171920788,633.2629832378713,637.2468413142983,4958000
2025-07-30,633.3523559570312,636.5612714379507,630.4514163213044,634.9319524853372,4588300
2025-07-31,630.7593994140625,638.7469431482273,629.6665368974876,638.3793610267448,7730500
2025-08-01,620.5762939453125,625.2555383045242,618.2515278571955,625.2555383045242,6864300
2025-08-04,630.0341186523438,630.13350286494,624.490553378407,624.6295942566762,4654400
2025-08-05,627.0040893554688,631.5144595081367,626.0205554313695,630.7495223655651,3641700
2025-08-06,631.6436157226562,632.3589517083133,627.0736392968678,627.9776779685776,3085800
2025-08-07,631.2958984375,635.9056526314353,628.0571492463913,635.1803721874368,5354200
2025-08-08,636.0745239257812,636.5812075944535,632.6966732260377,633.0543715220522,2897600
2025-08-11,634.812744140625,637.8627297952451,633.5907852366328,636.4221741341621,3625800
2025-08-12,641.5286865234375,641.7770561057096,635.7366908864643,637.1871910762908,4491300
2025-08-13,643.8832397460938,645.0754258951453,641.6280851217422,643.7938606512511,3643600
2025-08-14,643.9031372070312,644.5588062472463,641.3002287431202,641.7770789541858,3210400
2025-08-15,642.45263671875,645.0357168476123,641.5088201454562,644.9661660856741,3112800
2025-08-18,642.1546020507812,642.9493726105536,641.121406386788,641.7870199089227,4463300
2025-08-19,638.7569580078125,643.048792030052,637.4753320468063,642.0751419517081,2958400
2025-08-20,637.048095703125,638.5582021817811,631.8919406999303,638.3495499013018,3875800
2025-08-21,634.5346069335938,636.9090346406974,632.815848228914,635.2399377239567,2680000
2025-08-22,644.2706909179688,645.4429880598403,636.2334246238781,636.7500527544707,4024500
2025-08-25,641.4293823242188,644.2309985733423,641.3399425915725,643.0089789584127,3811700
2025-08-26,644.0322875976562,644.4594760135108,640.5451688724662,641.131347781773,3301600
2025-08-27,645.562255859375,646.3371981215892,643.4263136695085,643.5355817412229,3679700
2025-08-28,647.886962890625,648.4333638364487,644.3402380296574,646.1980376277207,3385000
2025-08-29,644.0918579101562,646.8139787467445,642.1346741303612,646.446396627182,3709100
2025-09-02,639.223876953125,639.4424737398781,633.8889026141212,636.4620384382174,5796400
2025-09-03,642.6613159179688,643.177944092798,639.4424555854995,641.6082312334312,3886500
2025-09-04,647.9564819335938,648.1054672912874,642.4824069840006,643.3963900106658,5855400
2025-09-05,646.2278442382812,651.1654632532737,642.3234815326562,650.4302989636745,3575400
2025-09-08,647.8671264648438,648.8009985821592,646.2080345226409,647.5889840453823,5228300
2025-09-09,649.3572998046875,649.8440944834019,646.2079904837617,647.9465775575161,13556600
2025-09-10,651.2151489257812,653.5299705840337,649.6256077352265,652.5762094874351,18437500
2025-09-11,656.6395263671875,657.3250288529266,652.5761732427414,653.1722966339224,8344100
2025-09-12,656.4109497070312,658.1396528748141,655.9340995294928,656.5898291607111,6244800
2025-09-15,659.8385009765625,660.0471532601277,658.3681724174553,658.6165420057966,7453400
2025-09-16,658.9666137695312,660.7801992611609,658.2292345649798,660.4812699646935,10650600
2025-09-17,658.2391967773438,660.7104266752708,653.3066506080245,659.0263873800428,20473700
2025-09-18,661.358154296875,663.9190933796132,659.2954509698495,660.9197043990562,11498000
2025-09-19,664.5169677734375,665.3639442503884,661.2186494249149,663.1318577428415,6414900
2025-09-22,667.7156372070312,668.1540870981535,663.032209010906,663.042183457035,8709700
2025-09-23,664.1482543945312,668.1839518034126,662.8329047168601,667.58609323165,7513400
2025-09-24,661.9161987304688,665.4636350006509,660.5310886850845,665.3540377273663,17964900
2025-09-25,658.8869018554688,660.2421494127558,655.2498171194222,658.8072279201797,5037900
2025-09-26,662.5439453125,663.201589736908,658.7573658045733,660.3716447570041,4338500
2025-09-29,664.4073486328125,666.0714390121816,662.7233093610625,665.2144881169179,5026800
2025-09-30,666.9383544921875,667.4963760924563,662.5040442083725,663.7695824599687,4899400
2025-10-01,669.469482421875,670.2466986156203,663.919128511162,664.0187513396584,8195800
2025-10-02,670.1270751953125,671.4324504108566,667.6558453691937,671.3427412162927,5694900
2025-10-03,670.04736328125,673.5449880519623,669.0808150991508,670.8644772270404,5608400
2025-10-06,672.5086669921875,673.3855667800665,670.3363664148762,672.4687692074151,4122400
2025-10-07,670.04736328125,673.8638662371337,668.5526559993931,673.4353907813769,4028200
2025-10-08,674.0332641601562,674.1030244665494,670.3264192132934,671.1733956970174,5192000
2025-10-09,672.1400146484375,674.8005766782949,670.12712263929,674.4119381739906,2501800
2025-10-10,653.8846435546875,674.8105461136714,653.7152604206578,673.0467720070793,7643600
2025-10-13,663.8792114257812,665.4934904472017,660.6506533829404,661.4976906797274,6685000
2025-10-14,663.1318359375,666.6992209455411,654.0440207014328,658.0797181220887,6413000
2025-10-15,665.9219970703125,671.0936257206018,659.8335100384361,667.7156335898073,6901900
2025-10-16,661.6371459960938,669.529244291649,658.0698217145052,667.7156588114995,5132300
2025-10-17,665.3340454101562,666.5796347610851,659.0662616914075,660.3716368983892,6734100
2025-10-20,672.2097778320312,673.1165401928237,668.1740193497226,668.2139171368766,7433200
2025-10-21,672.05029296875,673.8838273618187,670.894412743843,672.359196713149,10108000
2025-10-22,668.7918090820312,672.8973277629734,664.2479013124229,672.88735331645,4929900
2025-10-23,672.58837890625,673.6147738054029,668.7121507652382,669.0210545157003,5702400
2025-10-24,678.1188354492188,679.3942874008696,676.5643422713899,677.3515328970262,7901100
2025-10-27,686.1702880859375,686.4791918350339,683.0314391812086,683.6691955728261,8293100
2025-10-28,687.9041748046875,689.8173830905612,685.7717111584624,687.9938231822625,5521400
2025-10-29,688.2728881835938,690.624546451635,683.7986798225414,689.6480237921494,6523100
2025-10-30,680.8192138671875,686.88775215546,680.7893513480248,684.8250488206224,6398200
2025-10-31,682.8121337890625,686.0108291397239,680.1715208550281,685.9709921755901,8120200
2025-11-03,684.2670288085938,686.7282842634027,680.8690876945107,686.5987989203343,5675400
2025-11-04,676.4148559570312,680.8591410015205,675.4881447063246,677.0226890107532,8949900
2025-11-05,678.5073852539062,681.7957898740366,675.0994697386335,675.8966347781403,8342700
2025-11-06,671.1434936523438,678.3081260581521,669.638811979695,677.3913285022302,7916200
2025-11-07,671.9606323242188,672.1997757581244,662.1154888298018,668.8316971510978,10021600
2025-11-10,682.4036254882812,683.1310302268738,675.9863465432045,678.1984840977269,8998000
2025-11-11,683.7388916015625,684.4962197103027,679.6833059167716,680.8889975669215,12258800
2025-11-12,684.2172241210938,685.9012634350695,681.8854539864368,685.7318194851712,8053600
2025-11-13,673.0667114257812,681.7758629227556,671.4624068489272,681.4470102862006,9741000
2025-11-14,672.9271850585938,676.5842185363638,664.1781966701174,666.3405228560702,6930200
2025-11-17,666.6294555664062,674.6211764169321,663.091993923871,670.6153415455543,6151300
2025-11-18,661.1090698242188,666.0316417721839,656.7644684116269,662.9924156727267,9412100
2025-11-19,663.6002197265625,668.2636991334848,659.6641450656108,661.6670625484122,6254300
2025-11-20,653.4561767578125,676.504568890646,652.788497019912,673.8738693658557,8500900
2025-11-21,659.9431762695312,665.4436576092081,651.7321999953235,655.8775555073228,6113500
2025-11-24,669.6886596679688,670.9840605039366,662.5240268740419,663.5902587185111,4876100
2025-11-25,675.986328125,677.1521827281913,665.4336683808348,669.5790238007476,5414400
2025-11-26,680.6498413085938,682.6627332628874,677.7102381291497,678.557275422099,3883300
2025-11-28,684.4563598632812,684.7054777423132,681.4968078340892,681.8057115712969,3784100
2025-12-01,681.2476806640625,683.978063669642,679.723110891473,679.7928711950259,8243600
2025-12-02,682.4136352539062,684.8051305052903,680.3210084866731,682.8819476934591,9107200
2025-12-03,684.8350219726562,685.8912793439792,680.6498294527705,681.5865151080792,6578700
2025-12-04,685.4229125976562,686.3297357424466,682.4036355100085,686.2599754374785,6652600
2025-12-05,686.678466796875,689.3689520344545,685.592346911424,686.4592722584515,16119000
2025-12-08,684.6357421875,687.6251568439504,682.5730387761735,687.6052079505724,6333500
2025-12-09,684.087646484375,686.3795187278284,683.599385189615,684.1872693046064,6793000
2025-12-10,688.4821166992188,689.9469615261464,682.323929725546,683.5495702882301,17850700
2025-12-11,690.146240234375,690.2658119517869,683.1808531862603,686.140405241692,27041100
2025-12-12,682.7523803710938,689.8871505765203,680.171553170539,689.1995827888437,14659500
2025-12-15,681.7360229492188,686.758217575398,680.2512292779028,686.758217575398,9028400
2025-12-16,679.8400268554688,682.0599975585938,675.9500122070312,680.1900024414062,40598500
2025-12-17,672.4099731445312,681.3499755859375,672.1599731445312,680.9000244140625,32809900
2025-12-18,677.5,681.75,675.8800048828125,678.5700073242188,37055700
2025-12-19,683.489990234375,684.1300048828125,679.4299926757812,679.5800170898438,10176200
2025-12-22,687.8300170898438,688.3800048828125,685.6900024414062,686.9299926757812,14978200
2025-12-23,690.969970703125,691.2100219726562,686.8599853515625,686.9199829101562,8736400
2025-12-24,693.3900146484375,693.8599853515625,690.8200073242188,690.969970703125,2348200
2025-12-26,693.27001953125,694.7000122070312,692.3599853515625,693.6799926757812,2763600
2025-12-29,690.9099731445312,692.1900024414062,689.0999755859375,690.5599975585938,5395400
2025-12-30,689.9199829101562,691.5599975585938,689.5900268554688,690.4600219726562,4574500
2025-12-31,684.9400024414062,690.3900146484375,684.760009765625,690.1699829101562,3845900
