Date,Close,High,Low,Open,Volume
2019-01-02,49.5673828125,49.86311181516664,47.464423453044326,47.784795494715866,2339000
2019-01-03,47.533084869384766,48.98024734648779,47.33461863908068,48.84793547476379,3081400
2019-01-04,49.145633697509766,49.73276738002502,48.20291129920334,48.57503939184103,2153200
2019-01-07,48.89755630493164,49.57565507921553,48.71562628832142,48.98852131323675,2224800
2019-01-08,48.517147064208984,49.41852254322014,47.93828468237342,49.28621069100582,2969400
2019-01-09,49.77412796020508,49.98086549590805,48.765250931078384,48.765250931078384,1725300
2019-01-10,50.824344635009766,50.873962769083036,49.360642802768226,49.64180592005582,2714000
2019-01-11,50.9814567565918,51.2708879266103,50.04700259336138,50.617596823353495,2684900
2019-01-14,50.6341438293457,50.82434193467551,50.121435756084345,50.47702447830726,1890200
2019-01-15,51.65129089355469,51.80014213050378,50.59279601263988,50.71683976161865,1646700
2019-01-16,51.353580474853516,51.43627734623336,48.83965552160482,49.79064588324991,3469100
2019-01-17,51.20474624633789,51.71745755527794,50.90704687430822,51.07243436280333,2758300
2019-01-18,52.0813102722168,52.32939463964047,51.55206278049594,51.78360776948284,1664700
2019-01-22,50.83261489868164,51.998614212613006,50.47702616457968,51.84149170176197,1525600
2019-01-23,50.543174743652344,52.04822324195829,50.40259478113173,51.287430882183145,2219000
2019-01-24,51.246089935302734,51.51898178122179,50.42740808841807,50.71684246661774,2933200
2019-01-25,52.70151901245117,52.77594463283095,51.833222211062804,52.24669717882523,2699400
2019-01-28,52.27149963378906,52.39554337399809,51.370124164685095,51.90764283283973,1510600
2019-01-29,51.75879669189453,52.8172916019758,51.73398920324065,52.627093494980805,2006700
2019-01-30,52.41209030151367,52.6519033968077,51.63475530605226,52.279778431689316,1611100
2019-01-31,52.73459243774414,52.957869276319705,52.13091942436429,52.46996873748348,2867400
2019-02-01,54.413307189941406,55.57930329490149,52.866908570236724,53.03229603037396,3795400
2019-02-04,55.51313781738281,55.5627590956018,53.95020319969994,54.41329937802818,2118800
2019-02-05,55.94316482543945,56.24913226606856,55.256794859544534,55.339488591900306,2519600
2019-02-06,56.36491012573242,56.51375505602312,55.62891888535174,55.94316389586034,1523200
2019-02-07,55.39738082885742,56.315295868307906,54.785439572266455,56.05067211066359,2066300
2019-02-08,54.57868957519531,55.00870071704478,53.578081023411926,54.33060209893015,4685800
2019-02-11,54.52081298828125,55.28987672986829,54.06598797100429,54.578699235104885,6766700
2019-02-12,55.52141571044922,55.83565440076265,54.95081826125639,55.405643229327055,3456800
2019-02-13,55.695064544677734,56.59644305525377,55.57929208410847,55.80257205029628,4505800
2019-02-14,52.64362335205078,52.94959389018289,50.44393704323329,50.857411937030285,10072000
2019-02-15,52.949607849121094,53.6028991106406,52.46170721963441,53.04057285446734,3104000
2019-02-19,53.131526947021484,53.263841949122444,52.31284522161985,52.949596973695954,3253900
2019-02-20,53.97502136230469,54.50427514354475,53.148071398487915,53.296922644340036,3043500
2019-02-21,54.115604400634766,54.206569395920994,53.569814428917375,54.082525646973664,3055100
2019-02-22,54.59523391723633,55.025251432178884,54.2231089566104,54.41331022459029,2757400
2019-02-25,54.57868957519531,55.364289401490666,54.49599585281579,55.033514511972584,2407400
2019-02-26,55.207176208496094,55.30640615706936,54.19829633715491,54.33060503829491,2481400
2019-02-27,54.644859313964844,55.42218804935991,54.62005182260824,54.97564058668497,2329600
2019-02-28,53.91712188720703,54.74407164810975,53.88404944880179,54.72753542890713,2706000
2019-03-01,54.760623931884766,55.05005513793685,53.79309405345617,54.06598272823265,3123600
2019-03-04,53.3796272277832,55.28987978773976,52.825569064532004,55.28987978773976,3514000
2019-03-05,53.503662109375,53.75174963132452,52.9413358608668,53.42096837176774,2173900
2019-03-06,52.875186920166016,53.73521891405962,52.445172500501315,53.54501761985676,2663600
2019-03-07,52.478240966796875,53.09845340444136,51.973801012782516,52.833829683411466,2334700
2019-03-08,52.254966735839844,52.32939235827866,51.55206053302283,51.800144889630964,2011200
2019-03-11,53.96675491333008,54.18175735540689,52.354201897553565,52.486513761923945,2186100
2019-03-12,54.115604400634766,54.1734906422599,53.57808569461444,54.00809687395441,2379900
2019-03-13,54.22311019897461,54.7275501939491,53.97502268012143,54.50427647428339,3108600
2019-03-14,54.36369323730469,54.47120077910924,53.80963823107274,54.190034487998915,1704400
2019-03-15,56.28219985961914,56.3318211364942,54.4215628595205,54.77715151634884,6191400
2019-03-18,55.33122253417969,56.563376156409596,55.107942521221396,56.16643741622109,3996700
2019-03-19,55.07487487792969,55.82740249020292,54.97564490470931,55.562778713067736,1843700
2019-03-20,55.87700653076172,55.967971527813106,54.90120536076913,55.083135354871914,3357400
2019-03-21,57.481300354003906,57.86169662395824,55.65374148114303,55.992787724505874,2889300
2019-03-22,55.27333450317383,57.40686699928269,55.124489561198,57.26628701466478,2347700
2019-03-25,55.29814147949219,55.43872144676418,54.3223403557994,55.12448275948673,1652400
2019-03-26,55.9266242980957,56.47241430763608,55.36429806514241,55.868738052459086,1684100
2019-03-27,55.54621887207031,56.19950999845455,55.23198020622949,56.07546626144778,2852800
2019-03-28,55.72816467285156,56.21606849455057,55.28161087827443,55.6868146457297,1880600
2019-03-29,57.34070587158203,57.41513464700661,56.22432471323228,56.22432471323228,2643500
2019-04-01,58.20072555541992,58.37438425901825,57.473011991418396,57.85340814822327,1966800
2019-04-02,58.51498031616211,58.655560293681994,57.63840907764309,58.06842658539825,2232300
2019-04-03,59.87945556640625,60.01176429237256,58.65556672829518,58.80441798821236,4120000
2019-04-04,59.44705581665039,60.05408549356645,58.98139338669274,59.921035459764376,2318600
2019-04-05,59.995872497558594,60.203758399252024,59.53852097616335,59.5551554010364,1717300
2019-04-08,60.67771911621094,60.72760968695382,59.68818050199522,59.94595690972982,1797100
2019-04-09,60.51972579956055,60.65277578472404,60.128899398358364,60.27857745958106,1926700
2019-04-10,61.74209976196289,61.86683254546811,60.41994875165719,60.42825961816407,2650900
2019-04-11,62.773231506347656,62.94785492029333,61.925059732300824,62.17451903329112,2785800
2019-04-12,62.88962173461914,63.37191840373303,62.51542976206284,63.28044812703307,2557500
2019-04-15,63.330360412597656,63.87917586182157,62.60691523334799,62.8896369978204,2080100
2019-04-16,64.38640594482422,64.61923708258489,63.471709470404676,63.77937646922871,2432400
2019-04-17,64.58599090576172,65.15144081642694,64.0621207134205,64.31989720334128,1673700
2019-04-18,64.60262298583984,64.82713696178696,63.96233087426735,64.61093385386354,1557400
2019-04-22,63.779380798339844,64.53608839159729,63.64633714380581,64.32820252674719,1707600
2019-04-23,63.72948455810547,64.12031096436371,63.07256452225029,64.12031096436371,2465600
2019-04-24,61.118438720703125,63.90410778811835,60.75255760162765,63.85421721521626,4488800
2019-04-25,61.12675857543945,61.41779750358047,59.80460123878053,61.32632721985432,4211500
2019-04-26,59.787986755371094,60.76920846774882,59.047913450902016,60.70268345642762,2724900
2019-04-29,60.6111946105957,60.918867935706515,59.5717654173228,59.796285675806246,2099200
2019-04-30,60.577938079833984,60.83572085918507,59.77965714209944,60.56131000254018,2157100
2019-05-01,59.688194274902344,61.27644548120692,59.646620904414405,60.72762369970678,1648400
2019-05-02,59.605045318603516,60.519742006957856,59.05622349908641,59.713143702368626,1762500
2019-05-03,60.00417709350586,60.17880045291109,59.57177095616374,59.896072387083876,1487000
2019-05-06,58.815067291259766,59.197576492774246,58.216355030046614,58.61549230807361,1927400
2019-05-07,57.492916107177734,58.07499400963421,57.118724076194766,58.025103430616035,2447100
2019-05-08,57.30996322631836,58.04172539713759,56.83598379484315,57.127022683613546,1854800
2019-05-09,56.99399185180664,57.29334801724221,55.79656719006438,56.39527952093551,2302700
2019-05-10,57.17692565917969,57.526172362738535,55.638571646117754,56.453480621088396,2377700
2019-05-13,54.86524200439453,56.22897281406666,54.79871700290484,55.3891121167359,2231900
2019-05-14,55.97949981689453,56.495058993901345,54.98165030339309,55.03154087581641,2055700
2019-05-15,56.37033462524414,56.60316579017203,54.88187099897123,55.272697459031654,2485400
2019-05-16,57.95026397705078,58.44087155817408,56.31212239611393,56.47842854533503,2373100
2019-05-17,57.45133972167969,58.16646766848872,57.0438851663683,57.21019767968068,1912900
2019-05-20,56.65304946899414,57.62596006703518,56.420218332427964,56.75283696073936,2978300
2019-05-21,58.199729919433594,58.5157205212736,56.910841253749,57.37650360066228,2398400
2019-05-22,55.796566009521484,57.52617796340445,55.47226456119009,57.36818267271927,6253700
2019-05-23,51.272979736328125,51.297925029983816,48.321000505121155,50.76573761808125,13771000
2019-05-24,51.555686950683594,52.20428973918916,51.19812306161358,51.48916196104913,2680600
2019-05-28,50.47469711303711,51.94652966448092,50.46637990067516,51.85505936102197,3128500
2019-05-29,50.150390625,50.59942171315031,49.643148572371445,50.208598417391464,2248000
2019-05-30,50.266807556152344,50.66594807413605,49.75956548993758,50.275121595822334,1614300
2019-05-31,49.22737503051758,49.73461706476802,49.011171947679685,49.460206191647615,4084900
2019-06-03,48.9862174987793,49.16915804665359,48.395822495112704,48.911378472111274,4325000
2019-06-04,50.84888458251953,50.915406410795654,49.55167562422578,49.56830687431646,2663400
2019-06-05,50.83225631713867,51.74695292122804,50.25017521813325,51.49749049939338,2104600
2019-06-06,50.79898452758789,51.06507815184072,50.32500506113214,50.832247023641045,2688400
2019-06-07,50.973628997802734,51.24803994583105,50.49964933492429,51.24803994583105,2479800
2019-06-10,51.8217887878418,52.29576831189446,51.09834685724877,51.20644839651468,1851200
2019-06-11,51.65548324584961,52.511975239604894,51.564012949926415,52.495343988338234,2864400
2019-06-12,51.156558990478516,51.65548384592688,51.00688089942663,51.56401354894108,1856500
2019-06-13,51.688743591308594,52.013045047257584,51.18981876247732,51.51412021842632,1991800
2019-06-14,50.707523345947266,51.472545031976665,50.52458275692325,51.42265127894645,1966500
2019-06-17,50.00902557373047,50.93203936610311,49.90092403056507,50.740784741786925,2786600
2019-06-18,51.09834671020508,51.6471652718492,50.399850070650146,50.47468910960555,2231700
2019-06-19,51.3228645324707,51.5556956914936,50.815622502810854,51.35612386084066,1711200
2019-06-20,52.11282730102539,52.76143335915211,51.55569470344456,52.237560089303834,1504400
2019-06-21,51.10666275024414,52.10451558469165,50.624369169714655,52.10451558469165,4932300
2019-06-24,50.93204116821289,51.68043161339688,50.873833374930456,51.18150359257861,1418900
2019-06-25,50.690887451171875,51.331176282012606,50.65762495219889,50.973612348269256,1584200
2019-06-26,50.416481018066406,51.33117755795469,50.29174822986047,50.99856207621648,1727000
2019-06-27,50.72415542602539,51.40602086814928,50.674261672179675,50.70752417474348,2183000
2019-06-28,51.30622863769531,51.68873784205922,50.86550847675865,51.04013500230421,2263600
2019-07-01,52.25419998168945,52.84459517673661,51.87169068676485,52.25419998168945,1557400
2019-07-02,51.49748229980469,52.378919433501274,51.20644338268549,52.254186656400876,2425100
2019-07-03,52.369049072265625,52.394189214734965,51.497487902197356,51.73213775688323,935700
2019-07-05,52.30200958251953,52.33553190702419,51.51425413784896,52.08412086696889,1174000
2019-07-08,50.63431167602539,50.73487865147321,49.44429790501012,49.645428659040874,3374700
2019-07-09,50.408042907714844,50.55889017083251,49.678946737024496,50.18177201303834,2293900
2019-07-10,50.51698303222656,51.019808282016456,50.22367070083095,50.927623493045076,2287500
2019-07-11,50.760009765625,50.969519465234434,49.880069666638235,50.609162526157064,1972900
2019-07-12,51.22092819213867,51.54776279752574,50.63430041989473,51.02817966067615,1845700
2019-07-15,50.969520568847656,51.547766201418966,50.44993739768803,51.31311635577224,1338100
2019-07-16,49.402400970458984,51.01143435768864,48.64816457215436,51.01143435768864,2954100
2019-07-17,49.712467193603516,50.0309228700937,49.46105616347534,49.6873270496501,2469600
2019-07-18,49.29343795776367,50.14823784798007,48.75709368081159,49.4526641659638,2065200
2019-07-19,49.79627227783203,50.43318366244472,49.24316670533409,49.57000457728434,2168200
2019-07-22,49.1928825378418,50.215287790143066,49.159360215637925,49.79626835318848,1637700
2019-07-23,49.5280876159668,49.98901147450866,48.89955856907958,49.628654565210866,1349100
2019-07-24,49.29343795776367,49.821403254016396,48.72357136428607,49.20963536331393,1627100
2019-07-25,49.218021392822266,49.88845183502874,49.050412983054514,49.29344501737452,1400400
2019-07-26,49.53647232055664,49.787883312764194,48.87442092348084,49.43590856304646,1698700
2019-07-29,49.64542770385742,49.8716954020994,48.1453372493706,48.70682179892594,2470000
2019-07-30,49.85492706298828,49.95549081871123,49.176114518913984,49.31020059216598,1478200
2019-07-31,49.01689147949219,50.14824259599994,48.379980192660994,49.92197173332552,2144300
2019-08-01,48.36321258544922,50.02252882699171,48.07827929971784,48.949840314527215,3081800
2019-08-02,38.58331298828125,40.225868518888305,37.5357643289352,40.142065904886536,17339200
2019-08-05,37.84583282470703,38.94366482517701,37.66984544049208,37.97153992592593,4534900
2019-08-06,38.558170318603516,38.801202379055056,37.9296411120415,38.11401070229645,3229400
2019-08-07,38.776058197021484,38.926905446641655,37.92125818146202,38.021821948920625,3408700
2019-08-08,40.0163459777832,40.16719319219201,38.700625538555975,38.784428125732525,3666400
2019-08-09,39.035858154296875,39.88227613767194,38.57493414680715,39.697906534676044,2257600
2019-08-12,38.64197540283203,38.88500745870432,38.14753230844504,38.876625279197114,2099700
2019-08-13,39.379451751708984,40.251009831963806,38.499508294826924,38.72577919543675,2784000
2019-08-14,37.46872329711914,38.80958762863536,37.33463718365403,38.53303322137695,4401900
2019-08-15,38.94366455078125,40.26776420913267,38.021819941021505,38.31513544284412,5101900
2019-08-16,39.18669891357422,39.40459082535937,38.633593348306626,39.253743562389595,2892000
2019-08-19,39.396209716796875,40.058261255954676,39.3543084085806,39.974458639522126,2507400
2019-08-20,38.62520980834961,39.36268487398191,38.52464604385661,39.3207803749841,2136900
2019-08-21,39.2956428527832,39.672760990853654,39.019091682774636,39.16155675889867,1914200
2019-08-22,39.20344924926758,39.65599091320202,38.80119105805827,39.27049387956776,1852500
2019-08-23,38.07209777832031,39.27049335560314,37.89611042142633,38.507878278865334,2541700
2019-08-26,39.01908493041992,39.26211373568442,38.62520569916766,38.893377840528835,2377200
2019-08-27,38.97719192504883,39.37945345252789,38.63359606784529,39.33754894563609,2693100
2019-08-28,39.23698043823242,39.706283365879216,38.75091954608454,39.04423187782338,1970300
2019-08-29,40.14205551147461,40.39346648525043,39.815217729015664,39.93254583385076,1765900
2019-08-30,40.27614974975586,40.97172035823674,40.09178017303977,40.60298440166919,2747000
2019-09-03,39.7314338684082,40.0666507893926,39.13642687068311,39.81523650022156,2351600
2019-09-04,41.18960952758789,41.248271989588865,40.36832866584537,40.39347200446323,2853700
2019-09-05,43.376888275146484,43.46907305760681,41.566724536857684,41.87680120456324,3424200
2019-09-06,43.56126403808594,43.804296099721654,43.150626744708916,43.37689444693265,2983600
2019-09-09,45.907772064208984,46.008339038650924,44.32387898069424,45.044592979870544,3968600
2019-09-10,45.68149948120117,46.13404125889493,44.96916768794838,45.773684272605244,4172100
2019-09-11,47.11454772949219,47.13130889102648,45.47198906464324,45.94967417620881,3431000
2019-09-12,47.231868743896484,47.48327975231848,46.35192861598729,46.97207555697059,4103200
2019-09-13,47.40786361694336,47.6425135022788,46.59496480436709,47.240255185904495,3102600
2019-09-16,47.63412857055664,47.776593641185805,47.013978412219416,47.466520160449456,3256100
2019-09-17,47.382720947265625,47.634131981999595,46.268127657563184,47.15645005694562,3020900
2019-09-18,46.033477783203125,47.36595978380031,45.50551237247393,47.131309910971666,2537000
2019-09-19,45.614463806152344,46.4608818040128,45.51390001955405,46.17594841126336,2242100
2019-09-20,45.33790969848633,45.92453765179767,45.09488081232941,45.60608192910892,4678500
2019-09-23,45.698265075683594,45.98319845999596,44.83508593947188,45.27924558092217,1917400
2019-09-24,44.382537841796875,45.75692107876593,44.10598667673095,45.689879631454176,2942800
2019-09-25,45.094871520996094,45.2959990540902,44.089224264932064,44.23168933446835,1855200
2019-09-26,44.994293212890625,45.36303225869816,44.31548396376983,45.36303225869816,1686100
2019-09-27,45.17867660522461,45.798826792822496,44.90212543283403,45.19543776671262,1459800
2019-09-30,44.00541687011719,44.55852236141319,43.80428934429922,44.189786432837316,3207400
2019-10-01,43.569644927978516,44.868604616709135,43.150625467299946,44.47472530067455,2325000
2019-10-02,43.058433532714844,43.30984452804962,42.34609864959135,43.10871381366325,2517500
2019-10-03,43.498321533203125,43.58291764109844,42.483194054551724,42.91462291027741,2184000
2019-10-04,44.039730072021484,44.06510729268753,43.29530040470364,43.6759748497532,1774900
2019-10-07,44.01435470581055,44.75032646021174,43.895923359680374,43.904384585553764,1670000
2019-10-08,42.77081298828125,43.498320130654115,42.753893767247725,43.48986213364308,1887200
2019-10-09,43.45602798461914,43.85362165065683,43.06689554343983,43.202246098067924,1401800
2019-10-10,42.110984802246094,42.74544119791037,41.2904233915552,41.48498963231746,3954800
2019-10-11,43.55754852294922,43.912842561151514,42.627010525111125,42.7116066487394,2056800
2019-10-14,44.15815734863281,44.310427112666936,43.312215649337205,43.57445551083149,1762900
2019-10-15,44.86874771118164,44.927963370923614,43.86207504154531,44.18353378515273,1735900
2019-10-16,45.02101135253906,45.37630526269359,44.75876830432191,44.94487648221866,1327600
2019-10-17,45.69776916503906,45.7146883855932,45.03793569848458,45.207121450003214,1582400
2019-10-18,45.249427795410156,45.66393746564392,44.86875334426866,45.64701824259187,1759400
2019-10-21,46.16304397583008,46.89055444342983,45.59626451624211,45.7992887420302,2665100
2019-10-22,46.679073333740234,47.02590937647902,45.80775422742352,46.239183167606036,1508300
2019-10-23,47.38119125366211,47.474245353167106,46.628303687865426,46.704438566823036,1689200
2019-10-24,46.907466888427734,47.770327790869935,46.34068428373027,47.64343524782995,1560100
2019-10-25,47.38119125366211,47.7111112138193,46.763654225233246,46.98360086533804,1437300
2019-10-28,47.254302978515625,47.91413645930754,47.093571993288876,47.6349773816692,2229800
2019-10-29,46.92438888549805,47.313521307559576,46.82287355425552,47.18662875701222,1645600
2019-10-30,47.68572998046875,47.71956842100364,46.52679082174482,46.77211467510582,1558800
2019-10-31,47.27122497558594,47.67727662045927,46.882089325613826,47.525006850255316,1983400
2019-11-01,48.29481887817383,48.3117381019012,47.093579809626426,47.75341662694591,2217000
2019-11-04,48.99694061279297,49.64831609438092,48.59088899316893,48.98848261586829,2201300
2019-11-05,50.35891342163086,50.51118320107132,48.85313807717723,48.99694663164221,2665900
2019-11-06,48.963104248046875,50.50271781308846,48.929265807120146,50.181259078307185,2771300
2019-11-07,49.85982131958008,50.333550010818236,49.276122489582555,49.37763462805763,1742100
2019-11-08,50.25740051269531,50.325077403376866,49.28456618472443,49.597566963608976,1597700
2019-11-11,50.64653015136719,50.92569246946799,49.834426870183805,50.096669966550174,1978100
2019-11-12,50.87493896484375,50.95953508043424,50.34199473116513,50.891858187961844,1997000
2019-11-13,50.815731048583984,51.551699617916626,50.67192247066217,50.7649733714874,4392100
2019-11-14,52.431461334228516,53.2943221757438,50.33352649931359,50.638065999496774,7650100
2019-11-15,53.184364318847656,53.35355333779044,52.24536832937674,52.86290873256971,2456800
2019-11-18,53.70884323120117,53.962625111289384,52.592197150192014,52.922117144019545,2389800
2019-11-19,53.209747314453125,54.08106644722028,52.448398306298714,53.97109309559525,2972800
2019-11-20,51.97466278076172,53.18435980711529,51.67012644491367,52.7275536898373,2471300
2019-11-21,51.348670959472656,52.321502151126715,51.306374512359355,52.15231636267353,2246900
2019-11-22,51.79701614379883,51.83931258849203,51.13718257095167,51.534773023481996,2502200
2019-11-25,52.99824523925781,53.27740430347834,51.82238364447656,52.253815689650935,2196200
2019-11-26,51.18794250488281,52.94750319057844,50.90878335835185,52.80369139078013,4633600
2019-11-27,51.22177505493164,51.53477261559827,50.88340027305232,51.23023628001044,1654900
2019-11-29,51.25560760498047,51.66165923273219,51.15409550479541,51.15409550479541,838700
2019-12-02,50.265865325927734,51.38251158449386,50.232030103011105,50.84110606666912,1802800
2019-12-03,49.555267333984375,49.63986021488515,48.76008005466629,49.42837478562166,2071900
2019-12-04,50.198184967041016,50.44350885583137,49.665240746188964,50.045915189654714,1625300
2019-12-05,50.82418441772461,51.13718197723455,50.21510529477612,50.75650752539174,1478000
2019-12-06,51.627830505371094,52.02542421084581,51.36559059496188,51.47556071293448,1937700
2019-12-09,51.204856872558594,51.915448124063815,51.18793764906896,51.4163423256612,1795300
2019-12-10,51.06104278564453,51.53476808402215,50.87493457441814,51.20485132922015,1250100
2019-12-11,51.3148307800293,51.36558845106034,50.96799476218042,51.1118033229171,1272800
2019-12-12,53.06591796875,53.133594847995624,50.815713366012545,51.45016958738977,2440000
2019-12-13,53.49735641479492,53.548110853297736,52.380710362559036,52.64295346053277,2444800
2019-12-16,53.75114059448242,54.55478269069802,53.725760147130494,54.097976589515895,2323300
2019-12-17,53.68346405029297,54.14027338143162,53.41276294154675,54.06413849290851,1459600
2019-12-18,53.268951416015625,54.072593472554736,53.20973575347088,53.68346105382883,1431800
2019-12-19,53.4889030456543,53.89495474836682,53.18436346186688,53.57349916726862,1957400
2019-12-20,52.50760269165039,53.87802738465061,52.245359594781355,53.539652630348066,5612700
2019-12-23,53.12514877319336,53.54811970805479,52.659881390248216,52.76985473687559,1693000
2019-12-24,53.17589569091797,53.505812437053855,52.78676328404033,53.20973413334511,541900
2019-12-26,52.88827896118164,53.53119327572059,52.63449707983763,53.26049217201875,1210500
2019-12-27,51.96620178222656,53.09976385241476,51.93236333785995,53.09976385241476,1130300
2019-12-30,52.050785064697266,52.2622704624599,51.55167939689699,52.000030634521316,1548000
2019-12-31,52.659873962402344,52.685251182270605,51.82239020962116,51.85622865411997,1727100
2020-01-02,53.512393951416016,53.55501907251434,52.685452943337694,52.83038225757794,1670000
2020-01-03,52.60019302368164,53.2736808702261,52.18245910876145,52.81332184204981,1429800
2020-01-06,52.472320556640625,52.86447684771133,52.10573868609121,52.11426566099035,1005400
2020-01-07,52.813316345214844,53.026445141400465,52.20803134454864,52.57460988206755,1575000
2020-01-08,53.82781219482422,54.032417285097175,52.83889463802804,53.052023449855554,1801500
2020-01-09,54.10062789916992,54.70591306828372,53.68289716356281,54.237030236605264,2009200
2020-01-10,53.819297790527344,54.313755028482646,53.58059126853583,54.2199778147097,1794500
2020-01-13,54.65475845336914,54.96166449321486,54.040946373677684,54.040946373677684,1627400
2020-01-14,54.3734245300293,54.79968217796515,54.22849849073324,54.59508032812509,1433300
2020-01-15,54.722965240478516,55.02134432764294,54.416059178201884,54.51836011493138,1470100
2020-01-16,55.73745346069336,55.73745346069336,54.72296457664095,54.97871528931814,2221600
2020-01-17,53.21400833129883,54.39900743841806,52.79627761726746,53.981273472298604,4240500
2020-01-21,51.628334045410156,53.36746299826672,51.50045543395403,52.992357391197295,2623100
2020-01-22,51.55160140991211,52.23361300185266,51.295844217357576,51.8585074393073,2119700
2020-01-23,51.63685607910156,51.67948119749629,50.366609989663154,51.653906776877065,2171100
2020-01-24,50.98893737792969,51.9267028356283,50.34955095165676,51.619796830683285,1486600
2020-01-27,49.58229064941406,50.20462643985529,49.24128322217248,49.786895756176584,2043200
2020-01-28,48.52516555786133,49.78689096600752,48.46548975164884,49.70163749135573,3157600
2020-01-29,47.34870147705078,48.7042009608886,47.314600083876634,48.7042009608886,2950100
2020-01-30,46.76047134399414,47.476584455329395,46.095510330642966,46.71784622171826,2411300
2020-01-31,45.52431869506836,46.62406096952209,45.32823731261922,46.53028701750496,2271200
2020-02-03,46.06993103027344,46.717841275702355,45.60104823070262,45.60957195342004,1764300
2020-02-04,47.63855743408203,48.11596393637424,46.97359326689405,47.15262395734152,1901000
2020-02-05,49.275390625,49.42031993748417,48.36319938577784,48.61895336135717,2237000
2020-02-06,49.57376480102539,49.838042456319684,48.88322625391691,49.497038295791114,1166900
2020-02-07,48.88323211669922,49.36064190120232,48.79798187936456,49.30948980754867,1252500
2020-02-10,49.497039794921875,49.53113793554608,48.491071474532305,48.491071474532305,1551400
2020-02-11,50.366607666015625,50.99746719416443,49.76131930521825,50.09379976628153,2268900
2020-02-12,51.8499870300293,51.96933866721948,50.48596367344409,50.6820418276977,4480500
2020-02-13,47.04180145263672,47.399856370446194,45.353821299917215,45.59252457845686,10365600
2020-02-14,46.24042892456055,47.17819440549184,45.76301921036432,47.109991623997686,3217300
2020-02-18,45.54989242553711,46.1551775038684,44.978705487384325,46.01025146486842,2635300
2020-02-19,45.36233901977539,46.18075293967396,45.22593669979229,45.31971390454714,1936000
2020-02-20,45.788604736328125,45.865331258080154,44.91051485012369,45.35382328112558,2462700
2020-02-21,44.33080291748047,45.48169746161819,44.21145127611369,45.39644721838144,3233200
2020-02-24,42.711021423339844,43.24810705081538,42.35296650641499,43.05202889362964,2601600
2020-02-25,41.602745056152344,43.47827932448902,41.2787883388363,43.17990027701879,2715800
2020-02-26,41.32994842529297,42.873002553060736,41.133870262994584,42.16541317199024,2239200
2020-02-27,39.95738983154297,41.48339294676576,39.54818289181224,40.40069816260651,3494600
2020-02-28,39.829524993896484,39.931825942780605,38.269420075993146,38.363197300840476,5519100
2020-03-02,40.55416488647461,40.59679001401212,39.053738933368244,40.10233268081718,3145600
2020-03-03,39.138980865478516,41.082714886232274,38.58484456906247,40.07674648024159,2557800
2020-03-04,39.505558013916016,39.57375754490005,38.653042738045656,39.57375754490005,2766000
2020-03-05,37.450992584228516,38.68714026104911,37.26343820162353,38.35465985704018,2353600
2020-03-06,37.510677337646484,37.63855594758735,35.592517701062285,35.9420488825341,4223800
2020-03-09,33.98126220703125,36.29157801385952,33.870434301482476,35.08953150625506,2770100
2020-03-10,37.075904846191406,37.09295229633994,34.45015523922324,35.41349877706171,3980900
2020-03-11,34.4842414855957,36.11254543450331,34.049456899879345,35.87384221228256,2799100
2020-03-12,30.61382293701172,33.248095227421715,30.571197824317167,31.977846055763194,3012000
2020-03-13,34.782623291015625,34.782623291015625,31.35551142418271,32.64281133730195,3833300
2020-03-16,34.143245697021484,36.08698328103003,30.69055851455209,30.801386441995007,4034800
2020-03-17,35.890892028808594,37.715277461879076,33.58910337180803,35.83974319328538,4520400
2020-03-18,36.0528678894043,36.68372730400243,33.22251774045426,33.79370135237655,3151900
2020-03-19,32.872989654541016,35.575461472522676,32.37000552016716,35.575461472522676,3054400
2020-03-20,30.89515495300293,33.998310029257944,30.886627979095945,33.21399428628721,3433200
2020-03-23,30.13641929626465,32.011953901805924,29.54818481745494,31.483395243219448,3639800
2020-03-24,32.634281158447266,33.16284292950747,31.33845765057255,31.730617118282122,5841800
2020-03-25,32.13130187988281,33.59762930015008,31.534543745669787,32.59166094235108,2901700
2020-03-26,36.18927764892578,36.29157858144646,31.901123180674457,32.24213062519407,2875400
2020-03-27,34.29669189453125,35.89089467702497,33.54647748132152,35.08100770199778,2146200
2020-03-30,34.71441650390625,35.51577954080333,33.836323724531844,35.51577954080333,2157900
2020-03-31,35.54136657714844,36.25747965777733,34.17734321027828,34.228495306069,3882100
2020-04-01,34.109130859375,34.927547902285575,33.17136546390093,34.211435022293394,2105500
2020-04-02,34.109134674072266,35.11869087091934,33.28078306591554,33.52238479540041,1638400
2020-04-03,32.219459533691406,34.92886185980741,31.995115522838848,33.86753565960396,2004900
2020-04-06,34.16953659057617,34.4283993594983,32.952894084634146,33.44472807906325,2604400
2020-04-07,34.281715393066406,36.16276625840521,34.204057209026644,35.31715674973744,1726900
2020-04-08,35.36030197143555,35.62779202252333,34.186801903096026,34.66137826531574,1450700
2020-04-09,36.87031173706055,37.81083703193294,35.714069661635556,35.74858513650241,2471900
2020-04-13,35.921165466308594,36.86169092474774,35.429331384439976,36.740890033282106,1214400
2020-04-14,37.22409439086914,37.50884217673227,36.68911759232393,37.06877801523061,2131300
2020-04-15,34.885719299316406,36.54242265502855,34.75628790958647,36.54242265502855,1628400
2020-04-16,35.55876159667969,35.73996294456076,34.27309112848243,35.179101159465404,1194300
2020-04-17,36.36985397338867,36.982488898387565,35.972932557861,36.23179535238079,1293900
2020-04-20,35.33441162109375,36.28356420089897,35.170464750554565,36.2749369774071,1617500
2020-04-21,33.60003662109375,35.29988550382646,33.55689393348439,35.18771188278125,1301500
2020-04-22,34.23856735229492,34.49742682822075,33.8761614527373,34.247194575142494,2753700
2020-04-23,35.41206741333008,35.86938593386507,34.22993708837546,34.247194825773725,4252500
2020-04-24,37.155059814453125,37.27586068603882,35.55012642549607,35.64504233647822,2355600
2020-04-27,36.844425201416016,38.06106766005206,36.75813651793814,36.766767032074284,2361900
2020-04-28,36.473388671875,37.74180422167867,36.37847277473644,37.707288751523485,2395000
2020-04-29,38.7254753112793,38.94981930285422,36.68910848428065,37.64689146575685,3852600
2020-04-30,37.767704010009766,38.25953813234865,37.457071239779374,38.25953813234865,1633800
2020-05-01,35.791717529296875,37.24133414056895,35.44657275473146,36.73224255337726,1700800
2020-05-04,35.0755500793457,35.9815599056761,34.523312352351326,35.80898582171391,2759200
2020-05-05,35.55012893676758,36.23179480781349,35.41207031783473,35.51561345914009,2124100
2020-05-06,36.75813674926758,36.835794919098035,35.52423654617068,35.92978513212716,1566300
2020-05-07,37.111907958984375,37.595114660531166,36.91344894537847,37.15505394194005,1571200
2020-05-08,38.742740631103516,38.81176829910821,37.370781579395626,37.370781579395626,1553000
2020-05-11,37.97478103637695,38.43210285467367,36.90482763582925,37.551977984920434,1770100
2020-05-12,37.12917709350586,38.397593017268704,37.12054986921175,38.00067486819236,1880100
2020-05-13,35.774471282958984,36.991113833950074,35.058293259399605,36.991113833950074,2011200
2020-05-14,36.10236358642578,36.171391250436194,34.350744233105985,35.16183821179684,1874700
2020-05-15,36.56830978393555,36.59419474445513,35.31715179078473,35.455210399517284,1539100
2020-05-18,38.52700424194336,38.90666445198481,37.64687970397961,37.79356548118574,1953400
2020-05-19,38.55290222167969,39.37262662351419,38.061068238894336,38.518386747763614,1318600
2020-05-20,39.67463684082031,39.812695472918186,39.1310295368698,39.174175533807045,1279200
2020-05-21,39.234561920166016,40.05428290299295,38.70821254528893,39.55382177531681,1410800
2020-05-22,38.55290222167969,39.05336342715567,38.035183279245665,39.05336342715567,1626600
2020-05-26,38.949825286865234,39.98526659596094,38.73410848461935,39.88172345252452,2733200
2020-05-27,39.95074462890625,40.08017600586268,38.75998715226769,39.21730893702421,3107400
2020-05-28,38.09558868408203,39.61423352721987,37.966157285795035,38.63919265710216,3456900
2020-05-29,38.432106018066406,38.60468011701088,37.56060829960653,38.06970008112529,3149200
2020-06-01,36.818538665771484,38.07832717062192,36.818538665771484,37.83672213720543,2648200
2020-06-02,38.086952209472656,38.42346984247351,36.65459299491988,36.99111062792073,3313400
2020-06-03,39.424400329589844,39.76954851874908,38.11284181899264,38.207757735590285,2787700
2020-06-04,39.05335998535156,39.63148260197668,38.71684237326934,39.12239092709996,2104600
2020-06-05,41.46938705444336,41.67647328042148,39.92485441456157,40.07154021699806,3646800
2020-06-08,42.289119720458984,42.8413574894238,41.83180116104302,41.94397481788024,2246700
2020-06-09,40.31315612792969,41.93534407349706,40.27001013521314,41.91808962630297,2414300
2020-06-10,39.881717681884766,40.58063791342258,39.64874317417993,40.57201069087501,1848200
2020-06-11,35.49835205078125,38.81176185423199,35.472467091024974,38.76861915744594,3755100
2020-06-12,36.6373405456543,37.137805101934156,35.57601428395895,36.68911376265547,2512100
2020-06-15,37.1378059387207,37.508839106646306,35.481099164703124,35.78310466664899,2194100
2020-06-16,38.26815414428711,39.018850882903266,37.46568748685379,38.639187256501515,2371100
2020-06-17,37.24997329711914,38.57016227530175,37.06014476233248,38.57016227530175,2392500
2020-06-18,36.92208480834961,37.26722968096949,36.36985037889633,37.12054385071083,1716600
2020-06-19,38.03518295288086,38.04381017549747,36.30081825661292,37.24997074012325,6242100
2020-06-22,36.49928665161133,37.603759049617096,35.9297943571621,37.43981215367207,3281200
2020-06-23,36.576934814453125,37.65551865914248,36.51653438247666,36.95659843439285,2208000
2020-06-24,35.35166549682617,36.43024935219356,35.317150023476,36.43024935219356,3337100
2020-06-25,36.09373092651367,36.10235814887416,34.480167144241385,35.0065165808004,2510100
2020-06-26,37.9575309753418,38.33719137236764,36.784031013436305,37.47432414056387,7400900
2020-06-29,37.98341369628906,38.311304146656084,37.18957417828107,38.225015453624195,1886500
2020-06-30,38.2854118347168,38.872161718830036,37.76769289771181,37.94889419650588,2387100
2020-07-01,37.54335021972656,38.535648810966094,37.43980707793073,38.27678931068795,1685600
2020-07-02,37.57786178588867,38.36307072022389,37.508834129069186,38.05243803559426,1646800
2020-07-06,38.87216567993164,38.94982385755348,37.91438258645458,38.345816175114365,2980600
2020-07-07,36.98249053955078,38.61330910119468,36.844431912416304,38.39759229057348,2875000
2020-07-08,37.75906753540039,37.78495578988655,36.89620032827758,37.215463564848584,2013000
2020-07-09,36.886634826660156,38.07314966408815,36.84301364283063,37.575860846648915,2509600
2020-07-10,37.46243667602539,37.63692470947669,36.60744897300468,36.947698807789386,1832200
2020-07-13,37.86375427246094,38.71001561196873,37.75905947179617,38.05568808418253,2705400
2020-07-14,38.13421630859375,38.16911458352425,37.05239641040988,37.36647422861896,1903000
2020-07-15,38.71874237060547,39.311999603466376,38.11675890686258,38.675121200441396,2338200
2020-07-16,38.683860778808594,38.84089972156008,38.28254051536965,38.52682183605711,1893600
2020-07-17,39.09389877319336,39.35562917815315,38.50936431830325,38.814719230825226,2469700
2020-07-20,39.39051818847656,39.547557060134054,38.24762491765414,38.94557360941972,1992900
2020-07-21,39.74821853637695,40.498511327067924,39.28582480731803,39.28582480731803,2358300
2020-07-22,39.25093460083008,39.85291481779414,39.233485464791386,39.85291481779414,1217000
2020-07-23,38.98920440673828,39.88781668936895,38.788544316309256,39.20731363478062,1568700
2020-07-24,37.68927001953125,38.97174983861715,37.567129401340424,38.95430403151752,1989800
2020-07-27,38.46574783325195,38.68385708535067,37.27923296934168,37.7067285678117,1762200
2020-07-28,37.47116470336914,38.49191425662688,37.35774697697964,38.42212103675205,1393600
2020-07-29,37.017494201660156,37.41881433646483,36.11015911838516,37.25305254028437,2993200
2020-07-30,37.3839225769043,37.76779697104492,36.17123572941364,36.485313568953096,2526300
2020-07-31,38.64894485473633,38.74491342351021,36.685962294447535,37.436258383317686,6109000
2020-08-03,37.314125061035156,38.64022949327229,37.0698438041776,38.53553467340546,3832600
2020-08-04,37.71544647216797,38.49191477418015,37.17453653055543,37.1832594351261,2810700
2020-08-05,37.60202407836914,38.10803901082701,37.34901994022242,37.95972302686852,2354400
2020-08-06,36.825557708740234,37.401365882059416,36.53765528612184,36.97387370009341,3683400
2020-08-07,37.340293884277344,37.38391505808835,36.2148496283095,36.89535258647358,2426400
2020-08-10,38.622779846191406,38.66640102318483,37.2879525273143,37.33157370430773,2351700
2020-08-11,38.0120735168457,39.57373628647683,37.82886257598372,38.701299431230275,1654300
2020-08-12,37.75906753540039,38.39594606575049,37.45371595512384,38.38722316120657,2921700
2020-08-13,36.41551208496094,37.49733181130561,36.15377839263941,37.270499716453386,3674400
2020-08-14,36.258480072021484,36.677249399780465,36.06654288210091,36.48531220985989,2375200
2020-08-17,36.04037094116211,36.52021058923906,35.71756687936687,36.05782007921181,3236300
2020-08-18,35.76991271972656,36.09271343923657,34.96727237325139,36.09271343923657,3545400
2020-08-19,36.197410583496094,36.860461202305366,35.691395554126686,35.94440306881139,2231400
2020-08-20,36.136329650878906,36.20612619041216,35.60414601330766,36.197403287011596,2017900
2020-08-21,35.98801803588867,36.42423643632369,35.63031908065525,36.08398661647754,11406800
2020-08-24,36.90407180786133,37.218149552894666,36.0229122037017,36.58127116016902,3406700
2020-08-25,36.441680908203125,37.462430237114425,36.00546256359176,36.93024665227732,2475600
2020-08-26,36.825557708740234,37.096014323512264,35.970570016725844,36.59872559783127,6808400
2020-08-27,38.30869674682617,40.67299949043819,38.03824016195317,40.41126913660606,10789000
2020-08-28,39.9052619934082,40.0186763848753,37.82886141005533,38.308701000035235,4883000
2020-08-31,41.34477615356445,41.44074472647679,39.73949243524712,40.29785141064758,5290900
2020-09-01,40.72535705566406,41.34478649086776,40.271689442701636,41.23136875560644,3165300
2020-09-02,42.00782775878906,42.287007232040295,40.69917272989323,40.86493450211057,3340800
2020-09-03,40.60321807861328,42.16488108042525,40.140824213489935,41.58034656990127,3174500
2020-09-04,40.48107147216797,41.440750683069204,40.04485304392514,40.75152476770573,2705500
2020-09-08,39.434139251708984,40.12336503901087,39.399240985194034,39.44286215429678,2120600
2020-09-09,40.6293830871582,40.795144887484156,39.46031759664684,40.09719608600329,2612600
2020-09-10,38.71002197265625,40.96963353969222,38.71002197265625,40.96963353969222,2395300
2020-09-11,38.46574783325195,39.320735702108934,37.93356072563781,39.18114591388908,2340100
2020-09-14,39.59119415283203,39.84419836729841,38.648960543923124,38.7274800113322,2788200
2020-09-15,39.59119415283203,40.21062365790184,39.381807797046754,40.14082709661234,3001600
2020-09-16,39.35563278198242,40.59449169867406,39.28583622595773,39.80057417834947,2391400
2020-09-17,37.67182159423828,38.59660580781042,37.38391585043554,38.46573895552149,3413600
2020-09-18,37.17453384399414,37.96845122585479,36.72958919714513,37.91610381796597,3702200
2020-09-21,36.110164642333984,36.47658989005296,35.52563348631932,36.47658989005296,2504300
2020-09-22,36.53765869140625,36.62490105109854,35.796085321691024,36.31082323127399,2487900
2020-09-23,35.935665130615234,37.174526928874684,35.83097366239444,36.68596119704139,2042900
2020-09-24,36.197410583496094,36.43296563169732,35.29879826031988,35.735016736086806,1711300
2020-09-25,36.607452392578125,36.69469808149478,35.84843320345829,35.86588234124162,1605100
2020-09-28,38.03824234008789,38.04696857162845,37.087286115181584,37.244325002089575,2296800
2020-09-29,38.37849426269531,38.62277548876462,37.950998788991924,38.13420970854391,1743900
2020-09-30,38.24763488769531,39.01538031280719,37.88993588191865,38.44829498087902,2564800
2020-10-01,37.4188117980957,38.71001779297326,37.18325347545099,38.71001779297326,2084800
2020-10-02,37.30540084838867,37.959728531610345,36.7034205779345,36.781940033044414,1882400
2020-10-05,37.820125579833984,38.08185922438272,37.57584439487547,37.84630094113778,2437300
2020-10-06,37.828861236572266,38.90195813116034,37.671822341941585,37.91610358777493,1662600
2020-10-07,38.9019660949707,39.032832976647455,38.134220600505394,38.291259527284275,1674500
2020-10-08,40.79810333251953,40.82456353516607,39.17535108260885,39.17535108260885,2943200
2020-10-09,40.45415496826172,41.17733777839446,40.14548060941171,41.000954352936276,1848700
2020-10-12,41.14207077026367,41.618310817667826,40.224861984235474,40.89512787291835,2011800
2020-10-13,41.34489440917969,42.13862967986031,40.806916374838856,41.900508089366966,2415600
2020-10-14,41.15969467163086,41.94461563980904,40.956851061078474,41.344902632829,1557700
2020-10-15,41.49483108520508,41.538926939187206,40.41887811798959,40.471791797048944,1398700
2020-10-16,41.58302307128906,42.032806131401884,41.17733249758794,41.70649279899463,1332100
2020-10-19,42.33266830444336,43.16168184759135,41.72413740871434,41.96225907164262,2792800
2020-10-20,41.67121887207031,42.71189719981824,41.662401046780076,42.52669259004058,2183800
2020-10-21,41.274349212646484,41.85642324312657,41.07150558914716,41.715314489201035,1660600
2020-10-22,41.1861572265625,41.50365276183805,40.85984386610621,41.371361834040556,1666100
2020-10-23,41.353729248046875,41.85642946894801,41.062693871666596,41.85642946894801,1803500
2020-10-26,39.625144958496094,41.17734144511462,39.007792821524525,40.930401936045385,2416400
2020-10-27,38.849037170410156,39.73978884378588,38.73438526541869,39.475207006990516,1340800
2020-10-28,37.296844482421875,38.26696676031315,36.9528920996113,37.923014377502575,2496900
2020-10-29,38.90196228027344,39.113623756458445,37.2174748399827,37.39386164633588,2725500
2020-10-30,38.70793533325195,38.88432213448502,37.98475247606494,38.31988706197793,1548200
2020-11-02,39.633949279785156,39.68686631268245,38.73437990631534,39.21062310949889,1576100
2020-11-03,40.82456588745117,41.08032655388477,40.136657772067764,40.136657772067764,1970400
2020-11-04,39.83679962158203,40.80692520358981,39.59868134386797,40.14547731943365,2129700
2020-11-05,41.194976806640625,41.35372458104102,40.41005912449322,40.63936296053743,1406200
2020-11-06,41.459556579589844,41.750595296341146,40.86866468455895,41.52129481756903,1696600
2020-11-09,43.7878532409668,44.18471929782364,42.66780103650653,42.98529657343046,2895300
2020-11-10,44.105342864990234,44.528672465958984,43.28515059439519,43.302786243829175,2474200
2020-11-11,43.45271682739258,44.5286731310206,43.19695617090757,44.28173029938428,1506300
2020-11-12,41.87406539916992,43.5761917635027,41.22143862491802,43.24987837637675,1995500
2020-11-13,43.946598052978516,44.06124659470083,42.07690298671849,42.288567785194324,1444100
2020-11-16,45.48997116088867,45.516427996030835,44.25526726836015,44.25526726836015,1658000
2020-11-17,45.33123779296875,45.56053828692419,44.15826838676613,44.72270347739354,1183400
2020-11-18,45.4547004699707,46.26607494531986,45.17248296860596,45.34004855869816,2065500
2020-11-19,45.842750549316406,45.8956675945765,44.81971122437472,45.22539847847443,1176400
2020-11-20,45.763370513916016,46.33662665215643,45.6310829649897,45.99267431493125,1320500
2020-11-23,47.2361946105957,47.359664331380586,45.87802095336685,45.87802095336685,1603700
2020-11-24,48.823673248291016,49.149986592824845,47.624247224352985,47.79181280899513,2638000
2020-11-25,47.200927734375,48.73548514699248,47.015723109455365,48.19751028855426,2576300
2020-11-27,46.971622467041016,47.65070943552297,46.76877883193055,47.20974413372676,739100
2020-11-30,47.015724182128906,47.06863786799983,46.15143254848659,46.9275290985133,4533800
2020-12-01,47.765357971191406,48.00347962100311,46.42482314500961,46.42482314500961,3997100
2020-12-02,52.23674774169922,53.29506510837108,50.173030054193454,51.028503791600414,9338800
2020-12-03,51.584129333496094,52.56306960745196,51.081425727547526,52.342586927279264,3475000
2020-12-04,52.90701675415039,52.98639064059175,51.59293871513191,51.72522964730023,1894300
2020-12-07,53.242149353027344,53.700753668510835,52.33376191206291,52.73944918042584,1910600
2020-12-08,53.40088653564453,53.95650364513518,52.83645160219899,53.06575203229965,1967900
2020-12-09,53.60373306274414,54.40628965845819,53.171589015058444,53.75366299256207,1409600
2020-12-10,53.903594970703125,54.247547351361035,52.46605057791739,52.46605057791739,1807600
2020-12-11,54.52095031738281,54.84726370273314,53.43617606530068,53.621380686907756,1877700
2020-12-14,54.38865661621094,55.55280806331945,54.08880345225196,54.87372112096371,2136800
2020-12-15,55.252952575683594,55.39406133491524,54.1946351992971,54.88253998001413,1867200
2020-12-16,56.50529098510742,57.36076470904701,56.381821244394104,56.452377304400635,3128300
2020-12-17,56.54938888549805,56.74340795309533,55.69391518151613,56.69931546306706,2537900
2020-12-18,57.16674041748047,57.26375332040145,56.27599200432073,56.57584853866822,4568400
2020-12-21,56.9197998046875,56.99035586516233,55.72037369100054,56.0731472647784,1695400
2020-12-22,58.36614990234375,58.80711507031897,57.77525819211964,58.02219760961064,2721700
2020-12-23,58.35735321044922,59.644971233982574,58.313260712300576,58.701305647556204,1421200
2020-12-24,58.03102111816406,58.44552274062109,57.72234010535887,58.304417380094065,509600
2020-12-28,58.11921691894531,59.424470192637216,57.96929036009878,58.815942768908585,1347200
2020-12-29,57.36958694458008,58.445536600611916,57.087369428005175,58.08394856152986,1146000
2020-12-30,57.61653137207031,58.66602427727764,57.3519494838282,57.3519494838282,1349400
2020-12-31,58.41907501220703,58.55136593423102,57.33430425452106,57.56360134219379,1032700
2021-01-04,57.2020149230957,58.84240625317714,56.6111230806997,58.621923619871524,2319900
2021-01-05,57.47541809082031,57.89874775784341,56.74341404607037,56.77869207903869,1860300
2021-01-06,57.52833557128906,58.657205654328905,57.034449863511796,57.0961847359094,2406400
2021-01-07,57.963687896728516,58.61227293857999,57.475034247887756,57.91926853509424,2014900
2021-01-08,57.72378921508789,58.478985949449,57.35951394151018,58.02586519744213,2670800
2021-01-11,57.945919036865234,58.35461375025054,56.87087292108447,57.03079752879846,1440400
2021-01-12,58.781070709228516,59.136452635030516,58.114719430636164,58.50564090471351,1550200
2021-01-13,57.928138732910156,58.76330122345876,57.61717613913445,58.65668257196017,981900
2021-01-14,58.49675750732422,58.79884029487082,57.7593338705149,58.09694942979536,928200
2021-01-15,57.44837188720703,58.56783722752476,57.25290774822185,58.09695004459293,1475800
2021-01-19,57.110740661621094,58.06140146186369,56.68427628864439,57.75043891570492,1306500
2021-01-20,57.31509780883789,57.68825290627221,56.88862999857304,57.5460947100253,1062200
2021-01-21,57.72378921508789,57.999212231760936,56.790894745392954,57.1462834375851,980600
2021-01-22,57.53720474243164,57.68824271540559,56.328887401690665,56.79977448124162,1466600
2021-01-25,58.32794952392578,58.336836105549885,57.084092457103104,57.634945283710834,1693600
2021-01-26,58.372371673583984,58.86991859125187,57.68825398219516,58.5056432904321,1968300
2021-01-27,61.20658493041992,62.761404564288725,57.84817560581943,57.874828572129644,4425000
2021-01-28,59.88277053833008,62.1927869849324,59.84723098949301,61.09996788823922,2843600
2021-01-29,59.02983856201172,60.486926094453054,58.22132912054188,59.598457756209534,5979700
2021-02-01,58.71000289916992,59.91832065891745,58.674463344062396,59.376354305862584,1955400
2021-02-02,57.821533203125,59.43854564662712,57.46614443761837,59.26084787463535,2336600
2021-02-03,59.22529983520508,59.70506674974535,57.768205594301655,58.061401758668055,1844800
2021-02-04,59.456302642822266,59.52738174039126,58.63002677439124,59.278611677375615,1102500
2021-02-05,59.864994049072266,60.309228217143826,59.21641595963405,59.74060902429027,1447800
2021-02-08,61.95290756225586,61.97067394860045,60.14043112367534,60.36254823460222,1105400
2021-02-09,62.077301025390625,62.54818827989429,61.419829407331534,61.95291596867181,1121000
2021-02-10,61.08219909667969,62.468207554343074,60.5668858265572,62.192784534801135,1847900
2021-02-11,61.446475982666016,62.05062796948369,60.65573289382506,61.81963107280955,1294200
2021-02-12,62.06840515136719,62.11283128432157,61.17105013780296,61.242129239139494,1048600
2021-02-16,61.17103958129883,62.25497196495625,61.12662023448624,62.09504740378589,1418900
2021-02-17,60.62907791137695,61.25100981941398,59.900534140258245,61.206583690812934,1490700
2021-02-18,60.4780387878418,61.073310940492306,60.007151658775705,60.26480828719355,1319400
2021-02-19,63.39222717285156,63.68542340955875,61.71302222222216,61.81964088424573,3231600
2021-02-22,63.14344787597656,63.587682068653606,62.13059445895096,62.69032710147274,2197000
2021-02-23,61.597503662109375,62.876893296664086,60.27368112644307,62.34381371739341,1691100
2021-02-24,63.58769226074219,63.58769226074219,61.0822112835942,61.15329039264957,2222300
2021-02-25,54.383148193359375,60.37142311789349,54.33872545264235,60.37142311789349,6272600
2021-02-26,55.618125915527344,56.81756040619734,54.48977391987091,55.39600879383716,4089000
2021-03-01,57.954795837402344,58.77218512619719,55.83135354658006,55.97350835285907,3143800
2021-03-02,56.61320877075195,58.09694940436883,56.577669220557546,57.52833015821055,2083100
2021-03-03,56.68428421020508,57.51056349669327,56.053472448849206,57.08409567488064,1495100
2021-03-04,54.26765441894531,56.85309746649698,53.3614161954726,56.399976660141554,2115500
2021-03-05,54.489776611328125,55.35158878137218,52.26860528471416,55.209433952038424,2175100
2021-03-08,55.60923385620117,56.11566054177664,54.62303345084754,54.9961919181987,2147100
2021-03-09,57.40394592285156,58.3279539053725,56.1778585379387,56.33778312680725,3685500
2021-03-10,59.22529983520508,60.45138364281662,58.70998659695053,58.763292525571636,3985700
2021-03-11,60.39807891845703,61.18881517498712,59.71395452129485,59.72284110240061,1701500
2021-03-12,60.02491760253906,60.3625399027708,59.46518500051458,59.84722664971472,1073500
2021-03-15,61.12662887573242,61.18882139284199,59.55403600549975,60.09600227394424,1674400
2021-03-16,61.39316177368164,61.87293549722698,60.41584794207843,61.02000669263824,1458700
2021-03-17,63.223419189453125,63.312264680210596,60.76235774676485,61.348750187021764,1780800
2021-03-18,62.468223571777344,63.99639061102481,62.15726092506473,62.299419151263244,1785300
2021-03-19,62.33493423461914,63.525478408466626,62.10393059697908,62.44154608393405,2952400
2021-03-22,62.672569274902344,63.12569011128465,61.57975002915132,62.37048645782188,986200
2021-03-23,60.797889709472656,62.86802260024539,60.33588914811863,62.53040028764475,1263400
2021-03-24,60.9755859375,62.24609606409854,60.78012857673392,61.5086724185157,1269300
2021-03-25,62.43267059326172,62.69032723899673,60.16708027272425,60.60242788452954,1891400
2021-03-26,66.41303253173828,66.49299145770574,62.61038774023,62.61038774023,1773700
2021-03-29,64.32511138916016,67.15044107889614,63.9075301704089,66.04873541881493,2415400
2021-03-30,64.1651840209961,64.1651840209961,63.178983630207284,63.85422146049409,1820800
2021-03-31,64.56500244140625,65.4268179465789,64.36953829238031,64.52946288899459,1659700
2021-04-01,65.43571472167969,65.50679383757443,64.08523863358974,65.50679383757443,1679100
2021-04-05,66.03984832763672,66.59069431841175,64.65383321305038,65.71111262653146,1478000
2021-04-06,65.22247314453125,65.67558718031128,64.35177106796749,65.48012303382903,1902700
2021-04-07,65.4534683227539,65.6933585974082,64.63607898510305,65.03588707155855,1275200
2021-04-08,65.89167785644531,67.19734817330631,65.11363849061243,66.30305287494139,1508000
2021-04-09,66.07054138183594,66.27623232494895,65.44453733398312,65.84696753289816,1704800
2021-04-12,66.3567123413086,66.68760407756518,65.48030671782344,66.15102823133908,1391600
2021-04-13,66.60712432861328,66.65183500480987,65.51608285001663,66.47297865415867,1319400
2021-04-14,68.36886596679688,68.52090133768307,66.62499303923754,66.7054763330029,2352800
2021-04-15,68.5835189819336,69.45098664414184,68.19002680783517,69.12009487747429,2046800
2021-04-16,69.49568939208984,70.44364026014132,68.02904559426489,68.02904559426489,1992400
2021-04-19,69.13796997070312,69.96966490282696,68.78919533687042,69.22740496229667,1611500
2021-04-20,67.24207305908203,69.07537452849954,67.09003765621921,68.87862844956258,1231100
2021-04-21,67.88597106933594,67.96645438504731,66.5802937046002,67.07215893261248,1020900
2021-04-22,67.519287109375,68.16318074036514,67.04531174848806,67.91277917785361,1996500
2021-04-23,68.80708312988281,69.12008512286458,67.29572187714435,67.68026913221672,984400
2021-04-26,68.99486541748047,69.38835060527992,68.66397378819175,68.98592055643758,854000
2021-04-27,68.56561279296875,69.28999655984349,68.37781161575857,69.07536079480525,950300
2021-04-28,68.50301361083984,68.83390530392154,67.89489257834963,68.75341518487737,1087300
2021-04-29,68.74446868896484,69.67453643736418,68.26154850289613,69.46884555660274,1219900
2021-04-30,66.79491424560547,68.57455987841557,66.5623955707425,68.57455987841557,1155400
2021-05-03,66.45506286621094,67.50139325831191,66.07946058336944,66.97375563180906,1265600
2021-05-04,67.4119873046875,67.44775994077078,65.54291312413176,66.24940733517799,1323300
2021-05-05,68.47618103027344,68.90544571481732,66.85750895268956,68.28837986295133,1223200
2021-05-06,69.6387710571289,69.71030948911586,68.37781152519082,68.4135841526498,1346900
2021-05-07,71.11434936523438,71.26638473052144,69.14690270798674,69.29893125034309,1226200
2021-05-10,70.52412414550781,71.11435546412912,70.0859213822811,71.09647256117205,1402900
2021-05-11,68.62821960449219,69.62983279956312,68.02904338931151,69.15585738089985,1514000
2021-05-12,66.48190307617188,68.60138519414744,66.1063007229907,68.00220903698731,1134500
2021-05-13,68.511962890625,68.84285460503953,66.86645600482804,66.86645600482804,837100
2021-05-14,70.20220184326172,70.43472060055255,67.89491764836126,69.16481571299006,743000
2021-05-17,70.14852142333984,70.62249681302221,69.6656011707584,69.97860314291361,2219600
2021-05-18,69.11112976074219,70.56883525693944,69.07535713513109,70.47046224224157,2079700
2021-05-19,69.49568939208984,69.51357911956171,67.82335466592993,68.48513812375067,1093900
2021-05-20,69.29894256591797,70.3363284140644,68.80708423275765,69.4867437647172,1673200
2021-05-21,69.9964828491211,70.62249358777359,69.54933524562543,69.90705469300815,1064700
2021-05-24,70.64038848876953,71.38265527415687,70.37210397486002,70.60461585566183,1260300
2021-05-25,69.94284057617188,71.25745587127459,69.87129530854929,71.07859952515041,1031200
2021-05-26,71.04281616210938,71.06069906484812,70.01437526988482,70.0769756638673,1211200
2021-05-27,70.63145446777344,72.13387102914791,70.04121622230052,71.543632783675,2779700
2021-05-28,69.1916275024414,70.64932633641853,68.92333619224446,70.38997988934318,1548800
2021-06-01,68.60139465332031,69.20057089309846,68.10059144669165,68.92334152127644,2641000
2021-06-02,68.91439819335938,69.0932613589502,68.08270323642537,68.47619537779306,2965300
2021-06-03,70.3631362915039,71.94603556131229,68.52089063297203,68.63714653567018,4066200
2021-06-04,72.20539855957031,72.22328828590364,69.31682864350246,69.59405799528574,2544900
2021-06-07,72.4647445678711,72.99238232459624,72.03548665951882,72.21434298417704,1683600
2021-06-08,73.19806671142578,73.45741315928011,72.35743379461782,72.75986393819056,1812200
2021-06-09,73.3411636352539,73.58262037789865,72.80458778931843,73.58262037789865,1338100
2021-06-10,74.7898941040039,75.29070398183305,74.26226328872504,74.65575530210582,2142800
2021-06-11,74.55741882324219,74.915131567448,74.05660870007421,74.36067272016903,1506100
2021-06-14,74.21757507324219,74.43221088677883,73.76148932107516,74.43221088677883,1153000
2021-06-15,74.69153594970703,75.02242764700831,73.68098477790278,73.95821412084658,1546100
2021-06-16,73.99398040771484,75.27282277290828,73.84195186641614,74.58421849454136,1825600
2021-06-17,72.85823822021484,74.52162800207607,71.80296950723763,74.06553549468016,2481900
2021-06-18,69.89812469482422,72.4379200998615,69.41520440874,72.33954706994074,4457400
2021-06-21,71.03387451171875,71.63305071306696,70.16640699663743,70.3363252835305,1697000
2021-06-22,72.21434020996094,72.40214139051683,70.13957553814618,70.70297907981387,2134100
2021-06-23,72.0802001953125,73.00132326749821,71.87451609607018,72.11597282625284,1118500
2021-06-24,72.428955078125,72.75090184591119,71.82977902477342,72.72407408575064,1502400
2021-06-25,73.72570037841797,73.91350155652415,72.71514240960184,73.85983920354305,2536500
2021-06-28,73.74359893798828,74.14603596760196,73.43059690802157,73.67205366744373,1327200
2021-06-29,74.25334167480469,74.62000604260086,73.86879440213329,74.04765756554559,1063400
2021-06-30,73.1712417602539,74.2265104956393,72.95661279695246,74.2265104956393,1690200
2021-07-01,73.29645538330078,73.64523006829583,72.83142474428503,73.54685702145795,1075000
2021-07-02,74.21757507324219,74.27123743809264,73.15336816191986,73.75254445644465,1131500
2021-07-06,73.22489166259766,74.38747820166887,72.66148811867119,74.0208138789246,1265400
2021-07-07,73.7972412109375,74.40536225536297,72.92978054754836,73.58261226082595,1427800
2021-07-08,73.42835998535156,73.80625211268716,71.9437759256469,72.50162158827955,1219800
2021-07-09,74.2921142578125,74.67900576709049,73.77925870965565,74.0131948666558,1095300
2021-07-12,73.98617553710938,74.81394086901567,73.90519476305187,74.23810351947019,991900
2021-07-13,72.1417007446289,73.6262843796386,71.9527547350129,73.59029368287506,965900
2021-07-14,71.83580017089844,73.13143810139985,71.31395210624659,72.87951002925239,1174000
2021-07-15,71.23294830322266,72.1057037460226,70.53114693897777,71.44889246493102,1715700
2021-07-16,69.61341857910156,71.67383975811171,69.55942909842354,71.42190486550338,1032400
2021-07-19,69.55043029785156,69.56842221343855,67.98486592537469,68.5067207162003,1656700
2021-07-20,70.39617919921875,71.1699619028323,69.67638596495387,69.91931455119418,1443000
2021-07-21,70.45018005371094,71.07100070310759,69.98230785453164,70.78308198996787,1472900
2021-07-22,69.3974838256836,71.03502309551308,68.38077218417416,70.71111362547869,4009400
2021-07-23,69.92831420898438,70.19823409867537,69.31648618201993,69.90132290646753,1525700
2021-07-26,70.67510986328125,71.51187461423707,69.95530971843989,70.24322840347185,1141700
2021-07-27,70.144287109375,70.42320652970034,69.19955671898626,70.27025116142683,1190900
2021-07-28,70.36920928955078,70.7291094483567,69.3524976906093,70.2432452636474,818800
2021-07-29,71.0890121459961,71.60186765963988,70.7111131902653,71.03502265830608,979500
2021-07-30,71.61085510253906,71.96176272177165,70.63013424054019,70.74709887060149,1161000
2021-08-02,72.09671020507812,73.05044650201792,71.68282749168003,71.97974558972328,984300
2021-08-03,73.53631591796875,73.81523525561998,71.80879668204702,72.27666890629472,1473700
2021-08-04,73.21240234375,73.61728567318494,72.65455683551815,73.26638495713503,924500
2021-08-05,73.3113784790039,73.96818985436964,73.23039769060912,73.35636170409087,624000
2021-08-06,73.93221282958984,74.21113908062253,73.35637527159196,73.68928414852284,1014900
2021-08-09,74.00419616699219,74.68800585911295,73.63529657501738,73.9322147542373,1220100
2021-08-10,74.30110168457031,74.67899374034893,73.97719224689602,74.25611159313392,826700
2021-08-11,74.40907287597656,75.12887320942163,73.14043319732242,73.30238792912132,1538900
2021-08-12,74.73296356201172,74.83193625460544,73.84221619319118,74.6519896487203,834800
2021-08-13,74.03118133544922,74.98491094944542,74.02218194347054,74.96691903001286,608000
2021-08-16,73.59929656982422,73.95918982551085,73.33836915428473,73.77924319766754,778800
2021-08-17,72.43862915039062,73.29338601042988,71.48489271177714,73.1674219860983,864000
2021-08-18,71.68282318115234,73.05044210925074,71.6468324867789,72.05172265008778,1005000
2021-08-19,71.3139419555664,71.47589667382678,70.22524901901994,70.22524901901994,1163200
2021-08-20,72.58258056640625,72.63657004812708,71.30494161957287,71.31394101061368,1430000
2021-08-23,72.6275863647461,73.24841405487582,72.22269605462975,72.82553182331067,1375000
2021-08-24,72.68157196044922,73.06846350038396,71.90778888057974,72.75355337823379,1991300
2021-08-25,74.02218627929688,74.31010505875624,72.52860975601563,72.52860975601563,1919700
2021-08-26,77.51319122314453,82.13788940677699,76.91935501695838,78.72784807772472,5095700
2021-08-27,78.33196258544922,78.34996136750644,76.65843280937827,77.29725914645266,2295000
2021-08-30,79.51065063476562,79.8165613420069,78.10704054496787,78.34997609674215,1563500
2021-08-31,80.01448822021484,80.16744353832857,79.07875066574603,79.79855089672934,2077800
2021-09-01,80.36538696289062,80.86924299343727,79.58260474584262,79.73556692470733,1900700
2021-09-02,80.75228118896484,81.07619060974822,79.86153371407246,80.66230787530809,1619600
2021-09-03,82.19186401367188,82.35381870280763,80.69828798232925,80.92322466921095,1899400
2021-09-07,80.97723388671875,82.37184454946676,80.90525247577786,81.83199083193516,1715700
2021-09-08,80.54533386230469,81.01320606187804,79.22271177754872,80.90523397016335,1470800
2021-09-09,82.85769653320312,82.95666925069065,80.61732846317368,81.00421994120906,2335700
2021-09-10,83.06465148925781,84.02738060578714,82.69575875006788,83.0916428037686,2001700
2021-09-13,82.5517807006836,83.67646436145584,81.77799779291034,83.57749165014594,1233700
2021-09-14,82.94767761230469,83.38855171750396,82.09291384889002,82.91168690878487,1301600
2021-09-15,83.94639587402344,83.94639587402344,82.20088453837516,83.0376495033017,1234700
2021-09-16,83.6404800415039,84.28829897785475,83.05564312038024,83.83842547922498,1055000
2021-09-17,80.9862060546875,83.24456543144979,80.79726006287808,83.01962874626864,2367300
2021-09-20,80.05049896240234,80.8782646301343,78.96180581721728,79.62761673565164,1645400
2021-09-21,79.25869750976562,80.58132649074312,79.24970498363326,80.57233396461075,1309800
2021-09-22,80.959228515625,81.4091019624756,79.99649961394567,80.22143633737097,1324000
2021-09-23,83.47853088378906,83.91940501982972,81.03121778943843,81.2561545537791,1714200
2021-09-24,84.2522964477539,84.38725985130303,82.92067492286296,82.92067492286296,788000
2021-09-27,84.45024108886719,84.87312321269347,83.73044085284072,83.87440364585552,867600
2021-09-28,82.60575866699219,84.30627971713622,82.47979465324255,83.77543235412331,1400400
2021-09-29,81.27415466308594,83.2625948685079,81.14819062216512,82.7947225469231,1241100
2021-09-30,80.76126861572266,82.542763301597,80.43735924292316,81.97592533145932,1364900
2021-10-01,81.49908447265625,82.14690340752385,80.32041124106804,81.06720289456958,1105000
2021-10-04,80.5633316040039,81.96693445557179,80.14044949756396,81.67901574590341,1012900
2021-10-05,81.24714660644531,81.67902126788337,79.96050828401596,80.80626568955049,811900
2021-10-06,81.12118530273438,81.20215923026385,79.10574726691638,80.17644829441193,1076600
2021-10-07,82.46927642822266,83.18404113245226,81.74546214720911,81.74546214720911,1064900
2021-10-08,82.7950210571289,83.12073690696863,82.26120628546666,83.12073690696863,672300
2021-10-11,82.95787048339844,83.51882013180582,82.57786409564402,82.76787074092435,598400
2021-10-12,81.64595031738281,82.9397638882395,81.52833341196153,82.55976443736553,1601700
2021-10-13,81.65499114990234,82.44213870195273,81.44689229034711,81.65499114990234,861800
2021-10-14,83.55498504638672,84.459749382358,82.83117771929214,84.459749382358,1788200
2021-10-15,85.4278564453125,85.67214670876011,83.69071038374999,84.06166711609455,2166000
2021-10-18,81.73641204833984,83.36499071881559,81.07593790622795,82.68641742325146,2665800
2021-10-19,82.16166687011719,82.9759563485873,81.66405050752292,82.48738266150524,1328600
2021-10-20,82.0621337890625,82.66833122360252,81.3111845331364,82.19784983867011,1314200
2021-10-21,83.9078598022461,83.94405121144754,81.76357230380239,81.82690554420357,1235900
2021-10-22,84.15213775634766,85.25595141541143,83.8897552551928,84.13403860299658,1922300
2021-10-25,84.23356628417969,85.06594789551474,83.51880156266219,84.34214049979916,930800
2021-10-26,82.02593231201172,84.74926780400487,81.37450093093575,84.27879341922979,1401900
2021-10-27,79.96308135986328,82.53261604368083,79.83641488630944,82.45118365193616,1227400
2021-10-28,81.16641998291016,81.63690137408406,80.0716557997474,80.26165551059663,1000300
2021-10-29,80.79545593261719,81.64592969314732,80.1621167716734,80.52402387752643,1118700
2021-11-01,81.5373764038086,82.21594975532989,80.6507041872532,80.8135620677305,905700
2021-11-02,81.6640396118164,82.3245137819835,81.39260752093922,82.11642182807516,1503100
2021-11-03,81.42880249023438,81.8902343037978,80.27070507037763,81.8902343037978,2091400
2021-11-04,82.0621337890625,83.1478552831184,81.26594354899885,81.63690029107266,1606500
2021-11-05,82.3788070678711,83.15690505780888,82.03499215434204,82.21594918851655,1265600
2021-11-08,83.13880920410156,83.8264321556574,82.5688100551308,82.63214329390532,939900
2021-11-09,83.05738830566406,83.9531032758098,82.18880826471617,83.09357281313167,697400
2021-11-10,82.71356201171875,83.31975251931844,82.41498809503062,82.9397531177907,874900
2021-11-11,83.17500305175781,83.79024320481378,82.85833684859787,83.11166981112582,716200
2021-11-12,81.2387924194336,83.41022825615474,80.96736035129186,83.22022856957722,1489100
2021-11-15,80.39736938476562,81.90832435593785,79.27546340226458,81.55546677351572,1815900
2021-11-16,80.28878021240234,80.59640365682264,79.664497553591,80.41544665928022,1260400
2021-11-17,79.58308410644531,81.31118760425562,79.5378500234043,80.30689846315434,1366000
2021-11-18,79.00403594970703,79.8816586201092,76.11783498267415,79.62832566428288,2394700
2021-11-19,77.80972290039062,79.37496803782956,77.77353150326336,79.37496803782956,1899600
2021-11-22,77.98162841796875,79.27544149694631,77.40257988359588,78.04496163570319,2371500
2021-11-23,78.49736785888672,78.9135586894483,77.3573626865106,78.38879363677299,1341500
2021-11-24,81.22975158691406,81.3926094647688,78.68736567971978,78.7778407445713,2624600
2021-11-26,79.90880584716797,80.68690392278488,78.85928254460926,79.32070750125204,1084000
2021-11-29,82.80403900146484,83.2473785497073,80.27975227339853,80.27975227339853,2677600
2021-11-30,80.41547393798828,83.55500815661145,80.31594928127988,82.45119425697733,3771300
2021-12-01,80.94023132324219,83.79929045593805,76.66974177976526,80.9764227315706,5918600
2021-12-02,81.5916519165039,82.31546618031265,79.58307389209878,80.71402936504721,1944500
2021-12-03,81.47404479980469,82.70452505411248,80.48784791970562,81.64594535839407,1897800
2021-12-06,79.80022430419922,82.33356760707751,79.61927416948156,82.33356760707751,1576500
2021-12-07,82.03498840332031,82.34261189594848,79.84546016096196,80.42450883823352,1238400
2021-12-08,81.25688934326172,82.46022766360672,80.98546416231174,82.46022766360672,890800
2021-12-09,80.80451965332031,81.95357449599393,80.4969030200412,81.14833459969779,1655400
2021-12-10,80.81355285644531,81.77260087505029,79.65545557296662,81.54640978365822,1405300
2021-12-13,78.88640594482422,82.18879030256862,78.81402314009668,81.8811737366829,2002100
2021-12-14,78.56974792480469,79.70070357943031,78.17165622828422,78.7145135619434,1302200
2021-12-15,80.25260162353516,80.3521262623696,78.44307277607953,79.3026031203038,1345600
2021-12-16,79.75498962402344,81.68213546525948,79.62832315010962,80.32498875663562,1001300
2021-12-17,79.6735610961914,80.60546744352816,78.91356221584877,79.56499377203129,3205100
2021-12-20,79.19403076171875,79.33879638625655,77.88212507766828,78.51545742800887,1405500
2021-12-21,81.33832550048828,81.36546732956116,79.36593872180165,80.15307937613481,1310300
2021-12-22,81.33832550048828,81.6368994258998,80.67784441422688,81.4288005649995,1348700
2021-12-23,81.9988021850586,82.60499963166438,81.42880304872736,81.55546952346764,1583300
2021-12-27,84.4507064819336,84.47785521251423,81.59165454371808,82.01689491968793,858200
2021-12-28,84.37834167480469,84.82167436000745,83.7902433520142,84.44167491554794,620400
2021-12-29,84.30593872070312,85.16546205447706,84.16117311769065,84.50498797344333,1150500
2021-12-30,82.95787048339844,84.48691800220591,82.8040552513712,84.20644317800222,618700
2021-12-31,83.22928619384766,83.78119310282007,83.0030950640329,83.04833605111804,671000
2022-01-03,83.59117889404297,83.98927742241601,82.88546379578477,83.29260499776319,1012800
2022-01-04,85.22880554199219,86.16071869228242,83.79023342856614,83.817375256698,1954500
2022-01-05,83.82643127441406,85.71738574280693,83.78119028884844,85.40071955226328,2026100
2022-01-06,84.81798553466797,85.30921023320158,83.3443183793276,84.24489352317566,1535300
2022-01-07,83.9083023071289,85.4183640193693,83.70817297752984,84.81797603057213,1776300
2022-01-10,84.78158569335938,84.87255861516942,82.04347286531313,83.2351431862219,3615400
2022-01-11,86.43719482421875,86.50087170774765,84.74520807041377,85.0544938074799,1883500
2022-01-12,86.1460952758789,87.88357534721703,85.91867685441116,86.5372552384138,1759900
2022-01-13,86.85565185546875,87.61067578599751,85.90959033187694,86.64642384129773,2413200
2022-01-14,86.79197692871094,88.07461332367798,85.92778269100376,87.92906913075194,1659500
2022-01-18,84.8907470703125,86.83744817952119,84.5450735723184,86.33713182244495,1292100
2022-01-19,81.33393096923828,85.87320090733441,81.22476762389823,84.91804072132324,1921200
2022-01-20,79.8693618774414,82.66206014699621,79.71471205788657,82.23451235343806,2587100
2022-01-21,76.66729736328125,80.12406015599808,76.2488482993645,79.17799868704127,2927300
2022-01-24,78.7049560546875,78.79592896601191,75.03897259269642,76.02142173682678,2951800
2022-01-25,77.97722625732422,79.43270270682503,75.75762033417351,77.83167514224456,2214200
2022-01-26,76.9947738647461,79.79657025173971,76.12148803118812,79.40541032147594,2354800
2022-01-27,76.25794219970703,79.37812303358334,75.87588094011215,77.8134832768511,2222400
2022-01-28,78.56851959228516,78.61399911291224,75.50291673943167,76.24884889225905,1504400
2022-01-31,78.69586944580078,79.0415429344877,77.69522981833093,78.2592230398591,2136000
2022-02-01,79.15070343017578,79.66921711472534,78.19554335535656,78.85050947063158,3235700
2022-02-02,80.65167236328125,80.91547162489498,78.66858344942379,79.36902913420057,2469900
2022-02-03,80.014892578125,81.5795323500813,79.7965728476978,79.90572924278186,1107000
2022-02-04,79.71470642089844,80.4697372820771,78.5503251575317,79.9057370712702,853800
2022-02-07,79.44180297851562,80.12405822854014,79.16889810240211,80.05128266954195,1301600
2022-02-08,81.06101989746094,81.21566275304416,79.3508359257106,79.6783120562507,952600
2022-02-09,83.41708374023438,83.74456685975053,81.37031771338856,81.37031771338856,1395000
2022-02-10,81.91610717773438,83.68086917173076,81.4976512310537,81.98887578822541,1321400
2022-02-11,81.03372192382812,82.85306903335139,80.4606231425629,82.14352477107867,1408200
2022-02-14,79.8602523803711,81.4703717237312,79.05064336870142,81.27934108572302,1404000
2022-02-15,82.29818725585938,82.37096282327524,80.96096570069835,81.17928546268584,1249000
2022-02-16,83.28062438964844,83.57171967638908,81.76146413859473,82.2344983172102,1154800
2022-02-17,82.843994140625,83.6718006444612,82.20722524556672,82.40734765525616,1483200
2022-02-18,82.68933868408203,84.05384920051817,81.90701876610456,83.2351415026046,1969700
2022-02-22,78.34110260009766,82.90766158203196,78.01361950845588,82.37095742311104,2857700
2022-02-23,76.49445343017578,79.12341664766436,76.0487152876696,78.9414777546196,2663600
2022-02-24,72.1280288696289,72.1917057513397,65.53289451136452,66.2333402101832,6421900
2022-02-25,72.90123748779297,74.3203259999662,71.89149929559021,72.32814565178263,2516400
2022-02-28,71.30022430419922,72.00067696132486,69.80835994545704,71.74596942791908,2399200
2022-03-01,70.34506225585938,71.96428017878858,69.67189878432562,71.21834809271134,1860600
2022-03-02,73.77452850341797,74.41130419561311,71.10918454415526,71.10918454415526,1739200
2022-03-03,73.46524047851562,74.9207168227124,72.9831145901497,74.0747201132326,1341200
2022-03-04,73.09226989746094,73.91097749779593,71.87331064605216,72.78298421525581,1185100
2022-03-07,71.51853942871094,72.91943757612523,71.08189305616598,72.67382182273786,1678500
2022-03-08,71.79142761230469,73.12864870549568,71.31840046803856,71.60949569687719,1883800
2022-03-09,73.48342895507812,74.3112352247486,72.85575197874594,73.32878611577435,1053100
2022-03-10,75.15724182128906,75.36646288081307,73.25602022415953,73.44705086382642,1932300
2022-03-11,76.5035400390625,76.74915577085457,75.048063825647,75.41193461406539,1991900
2022-03-14,73.128662109375,76.86742126083267,72.53737286547064,76.15787694425103,3206500
2022-03-15,74.6842041015625,75.03897626425834,72.97402016497081,73.49253385970003,1549800
2022-03-16,77.19490814208984,77.69523143637385,74.87523750896848,74.99349952775889,2042800
2022-03-17,78.60490417480469,78.64128501372234,76.31252266847511,76.79464859711527,1740600
2022-03-18,81.58863067626953,81.77966130709807,78.1045789829105,78.82322198855634,5351500
2022-03-21,80.50611114501953,82.05255344175828,79.86024374154589,81.74326775851397,1903300
2022-03-22,79.6965103149414,81.5977249427291,77.74071054789857,80.61528265950744,3273300
2022-03-23,79.34173583984375,81.27023951119801,78.80502478433316,80.26959989715922,1635200
2022-03-24,78.50484466552734,78.59581064930556,76.65820118755707,78.03181044546511,1711000
2022-03-25,77.9499282836914,78.83231273268946,77.5132819284239,78.83231273268946,1291700
2022-03-28,78.35929107666016,78.46845441791913,76.94020234159086,77.57697114828619,953400
2022-03-29,80.1695556640625,80.40607281353394,78.77775575341367,78.77775575341367,873400
2022-03-30,78.75045776367188,80.53341751488726,78.45026375477713,80.16954661988696,905000
2022-03-31,75.50292205810547,78.4957495604688,75.43924517253433,78.26833112053475,2216000
2022-04-01,74.7751693725586,76.11239071485568,73.5107235860927,76.01232606065255,2023700
2022-04-04,76.09420013427734,76.3216185405721,74.6296250425184,74.87523386760277,1455600
2022-04-05,73.82002258300781,76.18517282905182,73.69266881946956,75.8122032785044,1381300
2022-04-06,72.6010513305664,73.68356518816434,72.48279625530091,73.68356518816434,2125300
2022-04-07,72.14334106445312,73.95585295270462,71.63071454349868,73.0587495570218,2242300
2022-04-08,71.493408203125,72.54612945959366,71.19132169766637,72.28066013516151,1882900
2022-04-11,70.59629821777344,71.29200357225538,70.2118213824934,71.14554186015827,1738300
2022-04-12,69.92807006835938,72.07927911760497,69.61683446253447,69.68091279220513,2523600
2022-04-13,70.7427749633789,71.05401751674646,69.80906127130287,69.92806187417126,1292200
2022-04-14,69.11334228515625,71.21878464506409,69.0767251067912,70.74276831033116,937000
2022-04-18,69.70836639404297,70.02875800773319,69.06757618264915,69.11334940632491,1229000
2022-04-19,70.58715057373047,70.94415933294297,69.41542880154454,69.63512488782624,1834600
2022-04-20,72.08842468261719,73.14114593192787,71.11809383605917,71.39271221587079,1826900
2022-04-21,71.38356018066406,72.94890792752949,71.01739537217799,72.6559774775432,1275000
2022-04-22,69.5802001953125,71.14554785071923,69.5069658410916,70.93500082833722,1180600
2022-04-25,70.85261535644531,70.88923253249042,68.53663309768706,69.55273703489904,1790000
2022-04-26,69.12250518798828,70.75193137492684,68.994348542994,70.50476714242836,1204100
2022-04-27,68.25286102294922,69.00349577405306,66.88890420360472,68.88449517371198,2205400
2022-04-28,68.6556396484375,69.62597045391799,68.08808384643247,69.11334391276041,3966300
2022-04-29,67.0536880493164,69.68091356289993,67.00791482018218,68.6098800636812,2635600
2022-05-02,67.74022674560547,67.92330564590756,66.29387968757688,67.25506137419379,2475300
2022-05-03,67.79515075683594,68.18877668818726,67.0353670154939,68.10639327614311,2355400
2022-05-04,70.21182250976562,70.23929062873593,67.39236990451978,67.95076959537967,2003200
2022-05-05,66.9255142211914,69.78159117979243,66.3030361783173,69.00348838819049,2008800
2022-05-06,66.815673828125,67.90501233075207,65.94603842479296,66.80652477033122,1674900
2022-05-09,65.28694152832031,66.26642845779627,64.86585440746286,65.68056750842823,1624700
2022-05-10,66.84312438964844,67.84092326831177,65.33270597914118,66.58681113172024,2276700
2022-05-11,63.84059524536133,67.4564634871531,63.785672963009446,66.45866445900829,2091100
2022-05-12,63.785648345947266,64.74682982023351,62.45830915194323,63.675796839625434,1951400
2022-05-13,65.18623352050781,65.3967805325614,63.813120874279974,64.85668592669217,1993400
2022-05-16,65.45170593261719,65.94602734697298,64.53629745803512,65.29608816810122,1225200
2022-05-17,67.64866638183594,67.7219007129213,66.46778898312286,66.66002386421427,1269800
2022-05-18,64.74685668945312,67.09945663339771,64.36237974977851,66.93468279754107,1318000
2022-05-19,62.48579406738281,63.88636813205528,60.50850810501216,63.54766442997878,3338000
2022-05-20,61.002838134765625,63.181508431002094,59.11709835721654,63.007585518790954,2464800
2022-05-23,62.714656829833984,63.38290132132914,61.27746533934103,61.28661439855654,2069500
2022-05-24,61.69853210449219,62.668862845129766,60.069106149831974,62.430854688063285,1653300
2022-05-25,63.56597137451172,64.32575515632047,61.46968497580593,61.69853711124526,1395400
2022-05-26,64.52713775634766,64.89330252220593,62.925173016728216,63.089946812163845,2088800
2022-05-27,66.87061309814453,66.87976215730691,65.35103119543373,65.61650057545,1904400
2022-05-31,65.8636474609375,66.63259433395623,65.57071698169548,66.18404606536987,2918700
2022-06-01,66.37628173828125,67.46561325920415,65.24117000822451,65.54325653238543,2725500
2022-06-02,66.73328399658203,67.43814549977314,64.17929333060769,66.09249382784994,3853500
2022-06-03,65.0947036743164,66.90720872359643,64.99400817335494,65.5981811791237,1625900
2022-06-06,64.87501525878906,66.28474545522543,64.74685860311429,65.87280736140174,1279900
2022-06-07,65.41508483886719,65.50662428404205,64.06028428865048,64.65529417429306,1353500
2022-06-08,64.15184020996094,65.36933539711099,64.03283261505807,65.25948384428075,1273800
2022-06-09,62.0372314453125,64.21590816170155,62.00977030754502,64.02367321331651,1151800
2022-06-10,61.1584358215332,61.909070465182175,60.563425920991534,61.32320962057869,1718800
2022-06-13,59.016395568847656,60.77397846452709,58.888238919205214,59.748718283373954,1635500
2022-06-14,58.87907791137695,59.81279156345091,58.32067813474003,59.77618136722394,1747600
2022-06-15,59.895172119140625,60.77396334840123,58.979763715659345,59.28185016497102,2371900
2022-06-16,57.93620681762695,58.778380990747834,57.58835059776961,58.778380990747834,2143000
2022-06-17,58.36644744873047,59.2543983492025,57.4693474912733,58.08267303390608,3596800
2022-06-21,59.043853759765625,60.261348854541026,59.03469771838768,59.53817523397549,2022700
2022-06-22,59.2269287109375,59.97756342127907,58.384754544995786,58.53121976915984,2509600
2022-06-23,59.36425018310547,59.8585716974115,58.659388588121985,59.51986797908686,1952100
2022-06-24,61.1584358215332,62.000616896661356,59.739556925764084,60.13318283548319,4509300
2022-06-27,61.579532623291016,62.22947886650741,61.03944490885967,61.5154543015108,1452800
2022-06-28,60.08742141723633,62.33016974857143,59.87688134512623,61.76262087243678,1378900
2022-06-29,59.83110809326172,60.29796844601035,59.483255331142985,60.29796844601035,1104300
2022-06-30,59.721256256103516,60.21557774768419,58.97977751073924,59.04385583461006,1475300
2022-07-01,57.4693489074707,59.602252551745465,56.38001396628714,59.59309651052174,2066200
2022-07-05,58.78753662109375,58.81499775941485,56.077924731871335,56.636324491109754,2389000
2022-07-06,57.97282409667969,59.0346943637424,57.48765519941085,58.89738168692913,1393900
2022-07-07,59.78129959106445,60.10424083727818,58.66484154581634,59.02469136868179,1457900
2022-07-08,60.01197814941406,60.279560073783045,59.37531746592953,59.78130480491582,1495800
2022-07-11,59.421451568603516,59.86434042266103,58.96933029040993,59.68903347774266,1379200
2022-07-12,59.34763717651367,60.381056283420136,58.932424456756245,59.95661817868849,1219200
2022-07-13,59.31996154785156,59.62445206970745,58.249637308248374,58.572578601311186,1762500
2022-07-14,59.96583557128906,60.17805812762205,58.27730866327619,58.59102452593918,1347400
2022-07-15,60.85163497924805,60.95313182986748,59.92894145695714,60.16884374383879,1330700
2022-07-18,60.501007080078125,62.16185804676126,60.19651656292086,61.33143256341969,1326200
2022-07-19,63.02918243408203,63.20449642867035,61.09152774710685,61.183795677040564,1355400
2022-07-20,64.21946716308594,64.74540218445442,62.82619798593361,63.00151200625405,1360600
2022-07-21,65.06832885742188,65.12369524271732,63.76733495623498,64.08104730134697,968900
2022-07-22,63.90574264526367,65.26210298024749,63.49975532333885,64.57930484072092,1359700
2022-07-25,63.82269287109375,64.02568652024647,63.232169731517345,64.01645761630559,1234900
2022-07-26,64.0533676147461,65.21596315142301,63.6473873470172,63.92419111506992,1425200
2022-07-27,65.1144790649414,65.58505471417284,63.91497471657661,63.91497471657661,1076500
2022-07-28,66.16634368896484,66.37856627101448,64.71771531460188,65.17906202031737,1136300
2022-07-29,65.81571960449219,66.22169989933899,65.04988241983467,66.06484371633928,1043300
2022-08-01,66.39701080322266,66.48927872777794,65.31746130278395,65.69576190533802,1075300
2022-08-02,65.85262298583984,66.40623755481599,65.43740677941435,66.2124728076539,628100
2022-08-03,66.94141387939453,67.03368181822111,65.93567433928503,66.21248519535727,631100
2022-08-04,66.53541564941406,66.95985373046636,66.20324549213986,66.9414029615473,780800
2022-08-05,66.77532196044922,67.1536225829172,65.81572000745938,66.12021051015257,838800
2022-08-08,67.03367614746094,67.4027549111373,66.12943352843345,66.91372150150077,899900
2022-08-09,65.60350036621094,66.94141004105603,64.89302953443202,66.94141004105603,932100
2022-08-10,67.63343811035156,68.04864738022424,66.60924773576652,66.90450938179869,841700
2022-08-11,68.00250244140625,69.30350354649885,67.76260721999559,68.15013676805171,771700
2022-08-12,69.13741302490234,69.34040668831868,68.13167361241003,68.13167361241003,853500
2022-08-15,68.86058807373047,69.81096794285143,68.50996720678992,69.02667312430023,803100
2022-08-16,68.98977661132812,69.55262010110151,68.62992677879647,68.75910328075186,686500
2022-08-17,67.6980209350586,68.58380580197131,67.06136020213067,68.58380580197131,1676000
2022-08-18,69.65410614013672,69.8017404278405,67.58727538941598,68.03017121293699,931000
2022-08-19,68.54688262939453,68.84214418885392,67.90099312835841,68.62992164318428,1046200
2022-08-22,67.38430786132812,67.83642572324159,67.13518370383095,67.5965304721978,1024900
2022-08-23,67.6149673461914,68.3531248396757,67.33816356582848,67.38429400942651,1142300
2022-08-24,67.1905288696289,68.26085652514213,67.01521488201412,67.59651619269827,1607100
2022-08-25,72.4867935180664,72.97581990902404,71.07507369825521,72.97581990902404,2953600
2022-08-26,69.16510009765625,71.78555315360762,69.02669467237705,71.44415404319788,2291600
2022-08-29,67.77183532714844,68.81448349622607,67.07981519634872,68.6207187043533,1463000
2022-08-30,66.69227600097656,67.91023097406985,66.50774014186221,67.91023097406985,1034700
2022-08-31,66.55386352539062,67.09825621932316,66.17556294246688,66.64613848474909,1368600
2022-09-01,66.58155059814453,66.69226928662965,65.11446461939705,65.96334074920797,1259600
2022-09-02,65.76958465576172,67.58729178645572,65.52046053431062,67.12594508484169,1045800
2022-09-06,65.23440551757812,66.37855013818267,64.82842530214168,65.87106606939918,1193300
2022-09-07,65.23440551757812,65.84338640011832,64.79151672990376,65.15136650973557,1117600
2022-09-08,65.8895263671875,65.89874823090298,64.4132115801993,64.88378709454156,1121800
2022-09-09,66.84913635253906,67.11671829265009,66.21248267119152,66.43392712385187,1370200
2022-09-12,67.72570037841797,67.95637374003411,66.83068660901256,67.34739268636318,1888100
2022-09-13,65.56658172607422,67.2182035294791,65.14214366524926,66.41546488731514,1563000
2022-09-14,64.82844543457031,66.02794272664926,64.27483075825752,65.74191000246603,1563100
2022-09-15,63.739654541015625,64.80075323873179,63.4074843914768,64.80075323873179,1288000
2022-09-16,63.370582580566406,63.5551184435269,62.57706569857079,63.5551184435269,3334800
2022-09-19,62.38329315185547,62.946136615172136,61.589776368805445,61.59900527268027,1578000
2022-09-20,61.17457962036133,61.875821586114746,60.740912564944686,61.81123332506924,1118400
2022-09-21,60.29801559448242,61.92195803877755,60.25188514570349,61.47906208502711,1408200
2022-09-22,59.26459503173828,60.15037977404859,59.18154897236377,60.030425137128894,984800
2022-09-23,58.5633544921875,58.757119272248595,57.59452355228965,58.69253101222823,1203500
2022-09-26,57.76984405517578,59.163113294636446,57.57607925333182,58.30500448690623,1427100
2022-09-27,57.696014404296875,58.71097920742168,57.31771026926016,58.3419004572316,1620600
2022-09-28,58.775569915771484,58.904746427794926,57.5576149169848,57.78828826553979,1311200
2022-09-29,58.07431411743164,58.12967698168345,57.22543798434384,57.84364079607575,1323700
2022-09-30,57.06858825683594,58.65562211111538,56.97632032010646,58.0374191914763,1987200
2022-10-03,59.181549072265625,59.34763415170363,57.48379322007379,57.78828370564203,1664100
2022-10-04,61.41447067260742,61.552876091024494,60.26110391845183,60.362600755984886,2090500
2022-10-05,61.99576950073242,62.37407012012249,60.823944983995794,60.96235039678405,1454600
2022-10-06,62.28394317626953,62.414088161785585,61.30784869252933,61.772654238620895,2566200
2022-10-07,61.4286994934082,61.614618865271694,60.62923342813024,61.354328907715036,1313600
2022-10-10,59.532310485839844,61.884226018392226,59.14187188281952,61.679710390801304,2526200
2022-10-11,57.691673278808594,59.495117759259415,57.43137972720579,59.39285995822103,1713300
2022-10-12,57.94266891479492,58.93735263426887,57.663782712472205,58.026330520069294,1200600
2022-10-13,59.59737777709961,59.811184392772155,56.297258550375545,56.743471524625214,2147600
2022-10-14,58.01703643798828,60.08077094706347,57.896185985748915,59.98781124299343,2417200
2022-10-17,58.72354507446289,59.74611610262933,58.37958988079756,59.21624148288701,2190800
2022-10-18,58.32380294799805,60.49909310016045,57.7753322479943,60.12724723547876,1933400
2022-10-19,57.90548324584961,58.86298165941848,57.58011719394242,57.91477779764794,1281000
2022-10-20,58.08211135864258,59.20694013718135,57.747450736158356,58.165776514263634,1606600
2022-10-21,60.98249053955078,61.187006129067306,57.86829457907083,58.202955163303265,1703100
2022-10-24,61.67040252685547,61.85632901903143,60.7407913430871,61.2520803311079,1338900
2022-10-25,63.07411193847656,63.1577806258033,61.298558419260914,61.688993380466044,1393100
2022-10-26,62.71156692504883,63.920064249233384,61.78195578102076,62.05154386387332,1832600
2022-10-27,62.72087097167969,64.12458591817372,62.49776626181422,63.45526469620648,2391400
2022-10-28,64.5150146484375,64.56149095009751,62.925380447313884,62.95326764678392,1548700
2022-10-31,64.3941650390625,64.84038153803182,63.436666632850084,64.003730035196,1794900
2022-11-01,66.02098083496094,66.31845611963833,64.68234560009782,65.01700618190617,1444300
2022-11-02,64.0223159790039,66.29986022922162,63.882872902132114,65.63983723055595,1196300
2022-11-03,62.87889099121094,63.39017990676947,62.14449740903118,62.96255967392482,780700
2022-11-04,63.94794845581055,66.00238813687393,63.05552265039635,64.17105313407163,1298300
2022-11-07,64.50570678710938,64.83106921896088,63.42736171406306,63.75272414591458,1151800
2022-11-08,64.55219268798828,65.55616721788988,64.18034685466169,64.69162866966255,1016100
2022-11-09,63.222862243652344,64.24543318635399,63.00904853839967,64.0316194811013,1412100
2022-11-10,66.84833526611328,67.02495654612127,65.19362160842601,65.67702333523745,1528900
2022-11-11,68.32642364501953,68.82841454737354,66.59734623436816,67.33173993823584,1406100
2022-11-14,68.02892303466797,68.98642108591672,67.5176342245992,67.99173774917496,1155300
2022-11-15,68.7540283203125,69.69293741086905,68.26133562787629,69.03291445568384,876500
2022-11-16,67.23877716064453,68.45656551531667,67.20159186301869,68.45656551531667,815200
2022-11-17,67.73147583007812,67.78725023517988,65.87225334139605,66.43931676783374,929500
2022-11-18,68.53093719482422,68.81911439052088,67.83372881114227,68.22416380383525,1527800
2022-11-21,67.41539764404297,68.32641969393839,67.22018015314471,68.22416189979593,1116000
2022-11-22,68.6796875,68.80054152080363,67.28527040362911,67.64781828129578,1033000
2022-11-23,69.40477752685547,69.8509869435394,68.5588279069872,68.67038380734358,932000
2022-11-25,69.40477752685547,69.89747034178059,69.02363351991593,69.36759222673668,486200
2022-11-28,67.46187591552734,69.08869530850845,67.16440065307701,69.05151001415594,1669000
2022-11-29,66.73677825927734,68.16838013012233,66.64381857257197,67.88019588125537,1889900
2022-11-30,62.85101318359375,63.34370597998719,59.959921812530176,60.29458240864091,7561500
2022-12-01,63.27864074707031,63.67837388875296,61.27997503865708,62.60931947798576,3102100
2022-12-02,61.75407791137695,62.60002049221626,61.3450466766491,61.800561312549206,1707200
2022-12-05,60.10866165161133,61.596038105015346,59.690332369723386,60.69431413540999,1774900
2022-12-06,58.63987350463867,59.91343625102238,58.32380556930934,59.885549051082634,2081200
2022-12-07,58.546913146972656,58.853686546171296,57.92407534305102,58.268030495273635,2254800
2022-12-08,59.42074203491211,59.634555716561344,58.69564648453921,59.20693189944792,1716300
2022-12-09,59.76470184326172,60.95460298364171,59.28130361843607,59.411448612391986,3408900
2022-12-12,60.69432067871094,60.72220788203584,59.64386249670313,59.68104070622224,1531700
2022-12-13,60.341064453125,62.274650296654485,59.85766267296484,61.224192227736665,2333500
2022-12-14,59.857666015625,60.917422241287625,59.29990070091374,59.95062571934841,1440600
2022-12-15,57.05953598022461,59.11397586426424,56.71557728579659,59.10468131266212,3177300
2022-12-16,56.07414627075195,57.19897495101499,55.4977883302661,56.57613716061959,3720200
2022-12-19,55.023681640625,56.45528363535812,54.63324666725326,56.24147350048526,1755100
2022-12-20,55.283973693847656,55.53496911839689,54.06618186648323,54.23351214951605,1944600
2022-12-21,55.823143005371094,56.21358149152097,55.237487049238645,55.813848455165385,1865800
2022-12-22,54.819183349609375,55.2375056270692,54.30789426171682,55.228211073737484,1762600
2022-12-23,54.88425064086914,54.95861769900681,54.22422748533534,54.88425064086914,808300
2022-12-27,54.89353561401367,55.49778425704504,54.50310064800693,55.11664384186394,689600
2022-12-28,54.084774017333984,54.995792468707684,53.991814325918575,54.55887411744844,1046400
2022-12-29,55.86033630371094,56.12062630098893,54.410141577050844,54.54028657568984,1075500
2022-12-30,55.83244323730469,55.851035884612,54.94001389747806,55.55355707387987,1382200
2023-01-03,56.51106643676758,56.60402613950693,55.73019287672681,56.1485186314246,1482400
2023-01-04,57.57081985473633,58.360987928194845,57.22686471588575,57.39419500963688,2013900
2023-01-05,57.47710418701172,57.833229102606026,56.858563536134696,57.598934701534006,1221500
2023-01-06,59.65135955810547,60.04497245973779,57.6457963603415,58.1331291731118,1462600
2023-01-09,59.79193115234375,61.02900889381673,59.75444318971299,59.85753329942314,2574700
2023-01-10,60.17617416381836,60.447956531818114,58.86412763994002,58.88287162135886,1834000
2023-01-11,60.401092529296875,60.65413448145268,59.69821291517572,60.44795426861389,1425100
2023-01-12,60.02622604370117,60.53229563794141,59.6419798090736,60.26052043551874,1671200
2023-01-13,60.59790802001953,60.86031660821286,59.604494886019076,59.69821479255161,1497600
2023-01-17,60.700992584228516,61.366395000577384,60.410469803919824,60.73848054783253,2329100
2023-01-18,60.879058837890625,61.67565840450768,60.69162616930943,61.207069582956706,1663500
2023-01-19,60.45732879638672,60.89780341107896,59.7825597823984,60.7197373795827,1549700
2023-01-20,61.357017517089844,61.42261966191098,59.96999512293776,60.46669452297725,1077300
2023-01-23,62.80027770996094,63.2876069526377,61.591317656855374,61.816238295775555,1318100
2023-01-24,62.65968322753906,63.25010243144313,62.35041296116707,62.753399540049756,1047700
2023-01-25,62.20048141479492,62.462890005228765,61.506964825679404,62.18173385827946,1213300
2023-01-26,61.65690231323242,63.0626684202826,61.5256980485821,62.79088611490803,2337700
2023-01-27,61.4226188659668,62.30356807080417,61.31952876114126,61.66628703647239,1724200
2023-01-30,61.39450454711914,62.09738772386802,60.97277035101136,61.085234233326254,1699500
2023-01-31,62.06927490234375,62.09738908601482,60.19491972323154,61.450734261189886,4312900
2023-02-01,62.89398956298828,63.24074785042924,61.21644079417556,61.88183603486144,1952600
2023-02-02,64.71211242675781,65.36813384907522,63.2594843700728,63.42817661439688,2243000
2023-02-03,63.371944427490234,64.53404251269005,63.09078832054176,64.01859203331679,1349100
2023-02-06,61.928688049316406,62.87523213243069,61.75062204452816,62.64093776827628,1319300
2023-02-07,63.18452072143555,63.27823706423911,61.516345509196846,61.778754129086266,1865200
2023-02-08,62.23797607421875,62.94085936712085,61.90995815078555,62.80028127852071,1170400
2023-02-09,61.84434509277344,63.03456459630358,61.51633437726813,62.565975816982466,1826100
2023-02-10,62.17236328125,62.59409752338887,61.48822758526419,61.63817229461933,1641000
2023-02-13,63.465675354003906,63.47504913308552,61.778752624236546,61.900590302002136,1411900
2023-02-14,63.465675354003906,63.95300461477089,62.36917915470435,62.99708650130169,1580000
2023-02-15,64.39346313476562,64.41221068822823,62.92209479220509,62.96895652576491,1461400
2023-02-16,63.68121337890625,64.36535615488924,63.52189490713537,64.09357380005203,1318600
2023-02-17,63.175148010253906,63.43755660488084,62.44414344652437,63.30635230756737,1243100
2023-02-21,61.806861877441406,62.74403950803247,61.40387521028334,62.49100469381596,1736900
2023-02-22,61.69439697265625,62.39728010257384,61.05711598219376,61.72251115383744,2536900
2023-02-23,62.059906005859375,62.20048408536974,59.33271914874105,60.476073466899,4423200
2023-02-24,61.272666931152344,62.275446644698015,60.447953243875624,61.25392652580176,2131200
2023-02-27,60.700992584228516,61.825610042055175,60.54167410148491,61.703772372817625,2107200
2023-02-28,60.49481964111328,61.23518368608436,60.30737982268556,60.71974027312857,2111000
2023-03-01,60.54167556762695,60.96340980581186,60.16680307260642,60.372983302372624,1466300
2023-03-02,61.04774475097656,61.20706321771201,59.49203016821624,60.15742894265754,1247600
2023-03-03,61.64753341674805,61.91931574363502,61.010252445105394,61.197692230939545,1192300
2023-03-06,61.253929138183594,62.219220932098814,61.103977288594024,62.08801663875681,1314400
2023-03-07,59.904388427734375,61.197698047576225,59.73569975454708,61.09460794309325,1374100
2023-03-08,60.78533935546875,60.935284052548326,59.65135532405728,59.99810645798371,1310200
2023-03-09,59.417057037353516,61.1508340438257,59.3420811186711,60.71973323654755,1435300
2023-03-10,58.311195373535156,59.19214109030644,57.99255482490741,59.04219280713156,1775600
2023-03-13,57.495845794677734,58.47988515978504,57.36464149934314,58.11438288343292,2023200
2023-03-14,57.28029251098633,58.80789296266359,56.99913995286781,58.18935590478334,2842000
2023-03-15,57.21469497680664,57.24281273741826,55.97762076136588,56.28689110275058,2414900
2023-03-16,58.08626937866211,58.226847453908384,56.61490077796002,56.746105074830425,2036000
2023-03-17,57.608306884765625,58.54548446310872,57.552074943047494,58.28307231013951,7681400
2023-03-20,59.01407241821289,59.2483668094873,57.56144433227262,57.66453443644115,2150300
2023-03-21,60.15743637084961,60.16680299939258,59.332719027837435,59.36083321366259,1870100
2023-03-22,57.68327713012695,60.12931466752951,57.66453315023724,59.83878476676328,2247400
2023-03-23,57.66453552246094,59.08904587724356,57.11160060563775,57.973805840791144,2101700
2023-03-24,57.22407150268555,57.608314215701,56.05259938068121,57.53333828386911,1930900
2023-03-27,57.78636932373047,58.189355968324946,57.430240843032124,57.50521676530493,1433000
2023-03-28,56.96165466308594,57.748884007765504,56.49306585256355,57.44898745503509,1368700
2023-03-29,58.15187072753906,58.339306966940626,57.54270741829514,57.81448621162604,1256100
2023-03-30,58.639198303222656,58.789146566394216,57.973803108839384,58.52673799960613,1158800
2023-03-31,59.83879089355469,59.89502283898131,58.69543660360505,58.69543660360505,1313700
2023-04-03,60.15743637084961,60.39173078619008,59.501411292886495,59.78256387628524,1959300
2023-04-04,59.220252990722656,60.326126452151094,58.81726632492086,60.23240296932911,2217200
2023-04-05,59.33361053466797,59.5225381063233,58.62512133027314,58.96519312139021,1764800
2023-04-06,59.51309585571289,59.94763505583609,58.88962547184317,59.02187621939695,2875800
2023-04-10,61.44963836669922,62.11089213010106,60.3538381792042,60.760038978758324,2418500
2023-04-11,62.9138298034668,63.10276455189987,61.70467624199006,61.7708016021607,2061600
2023-04-12,62.72492218017578,63.47119845743472,62.422633693816245,63.442860037951945,2305800
2023-04-13,63.112205505371094,63.26335330321082,62.39427508700345,62.819365655961235,1394400
2023-04-14,62.67768096923828,63.6317818453309,62.280928718353366,63.25391947000582,1485800
2023-04-17,63.93406295776367,63.98129845192368,62.57376144575023,62.81937304255811,1954100
2023-04-18,64.19855499267578,64.47250496286732,63.62231664281141,64.08519414762718,1825300
2023-04-19,62.48875045776367,63.35782883531038,62.08254968456521,63.35782883531038,2558000
2023-04-20,59.85316848754883,61.241808479532544,59.43751918188707,60.297156208210275,4862200
2023-04-21,59.71147155761719,60.004315070545445,59.333612796340894,59.85317084532241,10264200
2023-04-24,59.79648971557617,59.93818900163694,59.276931672624244,59.295825151003186,1327400
2023-04-25,58.03943634033203,59.47530827681511,58.001652986827594,59.29582563609069,1818600
2023-04-26,58.91796112060547,59.01242850982262,57.54821460723747,57.66157547429805,1718400
2023-04-27,59.92873764038086,59.966524595360454,58.60622664815622,59.0596592972243,1624800
2023-04-28,59.4091796875,60.193242788162046,58.908515145935596,60.032650031102555,1967900
2023-05-01,60.16489791870117,60.287703714919154,59.371389918671944,59.371389918671944,1655300
2023-05-02,58.78571319580078,60.287710522473944,58.46453126419889,60.21214021104194,1763400
2023-05-03,58.98408889770508,59.97597670535875,58.634568552248,59.14468166414487,2166300
2023-05-04,59.05021286010742,59.163573729084206,58.133902592367946,58.79515991381589,1508200
2023-05-05,60.3160514831543,60.51442761303944,59.692581072399044,59.853173846755645,1152200
2023-05-08,60.45774841308594,60.58055061998493,60.089334585263714,60.334942602624324,898200
2023-05-09,60.22158432006836,60.63723363969475,59.72091975258663,59.97597630684031,1826200
2023-05-10,59.76814651489258,60.86394294820638,58.84238776981387,60.73169221370403,1417200
2023-05-11,59.560325622558594,59.83427564902419,58.965193676269095,59.36194950831625,1018600
2023-05-12,59.645347595214844,60.09878028160988,59.08800257585293,59.881510677934926,677200
2023-05-15,61.16623306274414,61.20402001752203,59.824828600190024,59.975972815739254,1275300
2023-05-16,60.504981994628906,61.25125096068529,60.410514603589334,60.85449872900658,1674000
2023-05-17,61.78971481323242,62.025877905090745,60.41051961807207,60.854503780343016,1274600
2023-05-18,62.85715866088867,63.046086219265355,61.43073181163429,61.43073181163429,1406800
2023-05-19,62.177001953125,63.17833088926254,62.016412823201755,62.894939578890394,1743800
2023-05-22,63.41451644897461,63.64123822637379,62.28093639048371,62.365951651663714,1368300
2023-05-23,62.781585693359375,63.83959877461092,62.75324727989162,63.131109609418914,1222700
2023-05-24,62.58320999145508,62.71546072656517,62.07309692440563,62.46040779660271,1260200
2023-05-25,64.93539428710938,65.01096819756428,62.91383902875175,62.97052306515533,2109500
2023-05-26,65.96507263183594,66.35237633178761,64.9637362809514,65.08654569398804,1807100
2023-05-30,65.27546691894531,66.71134232841929,65.24712850550331,66.44683365300341,2825900
2023-05-31,62.67768096923828,64.42528634710074,62.35650263484345,63.8584963876758,7420100
2023-06-01,67.97718048095703,68.75179509961428,66.1351113290054,66.40906136826685,6233100
2023-06-02,67.05142211914062,68.16611209971425,66.20123362427516,68.09053818747621,3129700
2023-06-05,66.39016723632812,67.1647818894114,65.90839251089658,67.1647818894114,1980900
2023-06-06,66.18234252929688,66.57910200087366,65.59666267428578,66.05009177447981,2046200
2023-06-07,67.04197692871094,67.5520900511228,66.33348768210423,66.43740001484323,1832900
2023-06-08,66.4373779296875,67.03250610443914,65.73833024961654,66.85301991535025,1639300
2023-06-09,65.8517074584961,67.27813437346792,65.66277989141525,66.93805898702266,2132400
2023-06-12,67.46707153320312,67.49540995158202,65.85171682147488,65.85171682147488,1987500
2023-06-13,69.2052230834961,69.46027600965435,67.57097158526174,67.57097158526174,2835900
2023-06-14,69.2430191040039,69.84759602240712,68.84625964551243,69.06353285390361,2117900
2023-06-15,69.67755889892578,69.98928869497449,68.82737034805334,68.82737034805334,1971600
2023-06-16,70.25379180908203,70.46160925418542,69.78146567479054,70.14043094228713,3141500
2023-06-20,68.79901885986328,69.80034784780248,68.68565800557572,69.68698699351494,2124500
2023-06-21,68.62899017333984,69.30914097392622,68.18500244478346,68.44950393231706,2246300
2023-06-22,69.30914306640625,69.375268440286,68.01496679804504,68.53452845504685,1595700
2023-06-23,69.1579818725586,69.57363111784193,68.29835217823258,68.47783118286725,5203300
2023-06-26,69.66810607910156,70.20655759373301,69.45083288222835,69.50751692022244,2048100
2023-06-27,70.83001708984375,71.12285693233456,69.43192882135425,70.26322006846041,1969900
2023-06-28,71.0661849975586,71.35902486017685,70.46160098605394,70.7166611046319,1589100
2023-06-29,71.93525695800781,72.02972072409014,71.14174546724483,71.2456577720724,1831600
2023-06-30,72.17142486572266,72.6248538564828,71.98249011363603,72.36035241068541,2175400
2023-07-03,72.21866607666016,72.55874148417097,71.76523700472919,72.1242022872683,1155400
2023-07-05,72.06752014160156,72.4170440644191,71.32124400831523,71.57629694158099,1990100
2023-07-06,72.01048278808594,72.1626205280735,71.1546853298039,71.1546853298039,1577400
2023-07-07,72.50492858886719,73.37023679262913,72.00096106565267,72.01997555978443,1608100
2023-07-10,73.97881317138672,74.03586391693737,72.10556964263203,72.10556964263203,1974800
2023-07-11,74.89164733886719,75.39561484258152,74.3116073522262,74.50178130487156,2195400
2023-07-12,73.55091094970703,75.54776684901617,73.44631307955855,75.54776684901617,2004900
2023-07-13,74.86312103271484,75.14838195810593,73.63647946592096,73.63647946592096,1605500
2023-07-14,74.04535675048828,74.72998729429355,73.48433128880946,74.3306176634061,1472500
2023-07-17,74.18798828125,74.57785431801743,73.32268735948904,73.42728521058902,1618900
2023-07-18,75.04378509521484,75.06280684329359,73.47482459359694,73.84567613441973,1699000
2023-07-19,75.41463470458984,75.6999029085368,75.00575414809083,75.11986288060396,1823200
2023-07-20,76.13731384277344,76.20387546078322,74.49228063385713,75.11986782195412,3314100
2023-07-21,75.60481262207031,76.5747114147033,75.55726550526602,76.12779463356021,9751100
2023-07-24,74.59687805175781,76.41307073248903,74.3876895783173,75.88057779160006,2805400
2023-07-25,75.1769027709961,75.48118542578267,74.5968628267669,74.5968628267669,1861500
2023-07-26,74.54933166503906,75.956636387077,73.48433862172723,75.5667775907845,2339900
2023-07-27,74.38768005371094,75.59529989136671,74.28308220304729,75.0247707770831,1671700
2023-07-28,73.4463119506836,74.94871110365828,73.05645310358176,74.94871110365828,2287400
2023-07-31,74.17849731445312,74.45425467305526,73.68403334224496,73.70305509369204,3511500
2023-08-01,74.9962387084961,75.20542713646066,73.60794866107318,73.69352475596725,1625300
2023-08-02,74.60636901855469,76.08974596072346,74.1879776739757,74.29257551012044,2325900
2023-08-03,75.42415618896484,75.79500055345825,73.89323160542115,74.14046359997435,1889500
2023-08-04,73.95978546142578,75.55727150020165,73.84568397951668,75.50973163429687,1982800
2023-08-07,74.4447250366211,74.7014605790766,74.00731917431165,74.60637360982162,1403100
2023-08-08,74.06437683105469,74.2830834099971,73.4748259590689,73.95026810447541,1780500
2023-08-09,73.13251495361328,73.99781589369157,73.0279171002991,73.89321804037738,2091600
2023-08-10,73.06594848632812,73.95027120403674,72.82822740366099,73.44630366952988,2166100
2023-08-11,72.98988342285156,73.56992344627952,72.74265146499577,72.80921307811022,1265500
2023-08-14,72.69511413574219,73.13252737187904,72.3147661551109,72.82823737989767,1408000
2023-08-15,72.54296112060547,73.37973665835418,72.38131253740478,72.96135251681541,1997500
2023-08-16,71.7061996459961,72.80922183232451,71.58258002486893,72.26721798760438,1718200
2023-08-17,71.3448486328125,72.21966045706617,71.28779789569599,72.21966045706617,2547300
2023-08-18,71.61109924316406,72.24819728158957,70.72677649307633,70.80284898343639,2160600
2023-08-21,72.7046127319336,72.8662613218669,71.8202900424488,71.87734077897315,2381100
2023-08-22,72.7521743774414,73.32270362063412,72.29574663008347,72.73315262502032,2401400
2023-08-23,72.77115631103516,73.42726863717508,72.2006273231468,73.0278990711202,3389700
2023-08-24,71.82029724121094,73.54139567580673,70.87892372084514,71.58257614230335,3427200
2023-08-25,71.05008697509766,72.80922174949167,70.49857225522459,72.26721790538816,2059800
2023-08-28,72.27671813964844,72.40033048776256,71.40189906446575,71.55404403568762,1376500
2023-08-29,72.66657257080078,73.04692772135249,71.95340938401799,72.17211595335331,1354300
2023-08-30,72.67609405517578,72.79020279340229,71.80128215945567,72.53345994606069,1784500
2023-08-31,72.93282318115234,73.12300439466716,72.44787740970042,73.03742103491761,3068800
2023-09-01,73.78861999511719,74.14044979668344,73.35121408906457,73.65549677391297,2306300
2023-09-05,75.58578491210938,76.01368716558542,74.70146229386394,74.87262174432018,2467500
2023-09-06,75.99467468261719,76.03271092676326,74.99625047880207,75.36709479088651,1718400
2023-09-07,74.98674011230469,75.30053368763258,74.29259134761011,75.30053368763258,2023400
2023-09-08,75.2054443359375,75.65236116838243,74.93919786248237,75.23397696209824,1263900
2023-09-11,74.67295837402344,75.81402412300353,74.00734212812313,75.6713899975469,1351500
2023-09-12,74.47327423095703,75.13889048338812,74.09291897756509,74.2735893552277,1285900
2023-09-13,74.14045715332031,74.63491384475998,73.81715268783609,74.35915650071149,1564500
2023-09-14,74.69196319580078,74.79656104711444,74.06437608791887,74.40669500955059,1487900
2023-09-15,73.90272521972656,74.72048625674876,73.61745704228306,74.34964197887487,3999300
2023-09-18,72.42886352539062,72.79020424296766,71.75373646711812,72.39082727855765,1937100
2023-09-19,72.30524444580078,72.94233519804375,72.0580124916947,72.34328068909953,1483800
2023-09-20,72.34326934814453,73.28464264453072,72.23867150913824,72.72362446683375,1923500
2023-09-21,72.17212677001953,72.71413058301945,71.69668457424163,71.75373531623988,1499900
2023-09-22,72.28621673583984,72.90429294280051,72.14358990357054,72.33376384971028,1145100
2023-09-25,71.80127716064453,72.70461436436281,71.54453433117739,71.73471554831445,1443100
2023-09-26,71.17369079589844,71.98194102712586,71.11664005747609,71.4874843665648,1618600
2023-09-27,71.2687759399414,72.07703340499336,70.77431929213375,71.6871673567051,1174700
2023-09-28,72.50492858886719,72.95184537501487,71.43043193096966,71.51600803656991,1887700
2023-09-29,72.1530990600586,73.06594712999446,71.89636348759946,72.88528404369787,1545100
2023-10-02,72.0770263671875,72.44787063050083,71.72519659611065,72.20063870340167,1284600
2023-10-03,71.18319702148438,72.47640020885662,70.85038897797047,71.86783485652512,1035100
2023-10-04,71.63011932373047,71.86784040956151,70.75530746899348,71.17369164687928,1163100
2023-10-05,72.29061126708984,72.62565041294606,71.52482524134557,71.6301220066467,1121200
2023-10-06,72.24275970458984,72.67351392313809,71.87900455696088,72.11831407907592,1636700
2023-10-09,72.77880096435547,73.09469124405835,71.81198857942213,72.01301497788474,1517000
2023-10-10,72.75009155273438,73.32443292015293,72.6160788104416,72.94153624082499,1380400
2023-10-11,73.75517272949219,73.81260465839759,72.66392226142204,72.70220534526261,1568100
2023-10-12,72.6830825805664,74.19552039305731,72.37676670869514,74.06150765556029,1460000
2023-10-13,71.75457000732422,73.44888560274516,70.98878387818064,72.98940808274106,1694000
2023-10-16,72.70220947265625,72.8745125722989,71.75454607619419,72.06086188632057,1585900
2023-10-17,73.63074493408203,73.6977513017076,72.26189430703448,72.27146873187995,1959600
2023-10-18,72.52992248535156,73.40101260015123,72.44377456796519,73.33400623002407,1657300
2023-10-19,71.83114624023438,72.9223970647619,71.6492686684308,72.62565559762719,1304400
2023-10-20,71.11320495605469,71.974720532604,70.43356691876181,71.83113338598817,4934300
2023-10-23,70.13681030273438,70.96003539393098,68.9019799690843,70.30911339863935,1617000
2023-10-24,70.68244171142578,71.62053804930325,70.16553968184026,70.17510680239688,1696500
2023-10-25,69.380615234375,70.74946590163906,69.16044727533892,70.06025335544365,1340100
2023-10-26,68.37550354003906,69.82093481499611,68.25106524207882,69.46675416259997,1243100
2023-10-27,68.7392578125,69.51462555152766,68.20320687442363,68.45209079702178,1087200
2023-10-30,68.1362075805664,69.3423296195953,67.791601283701,69.05515527115845,1274100
2023-10-31,69.66777038574219,69.86878946026323,68.1361912680971,68.23191359361017,1474500
2023-11-01,70.21339416503906,70.22296858832811,69.28487229092032,69.66776888788566,1005100
2023-11-02,71.53439331054688,71.91728263782639,70.48142575109088,70.5580065378051,2153900
2023-11-03,72.65436553955078,73.17127493506692,71.77370833377353,71.90772106929847,1043600
2023-11-06,72.5777816772461,72.72136883156307,72.13745309298116,72.66393689109469,1158700
2023-11-07,72.36719512939453,73.07554924161155,72.27147278501062,72.57778866892718,865200
2023-11-08,72.52992248535156,72.5682128830166,71.63012370123639,72.5586457609603,1563100
2023-11-09,72.5777816772461,73.19998781052226,72.0991626982869,72.79794962095158,906300
2023-11-10,73.8413314819336,73.94662823584146,72.50119695295264,72.79794566994102,996100
2023-11-13,73.45842742919922,73.7743176589731,73.17126046834152,73.7743176589731,737100
2023-11-14,75.33462524414062,75.4973612492727,74.04235544653238,74.41567767021596,1383500
2023-11-15,75.54521179199219,76.22484981091087,75.19103845014673,75.3441927134229,1652200
2023-11-16,73.50630187988281,74.78899720683403,73.14255409383976,74.78899720683403,1803400
2023-11-17,74.20508575439453,74.64542165646226,73.60202844996552,73.89876988979064,1227900
2023-11-20,74.60713195800781,74.98045419326073,73.78390669484847,74.00406734479438,1069100
2023-11-21,74.1189193725586,74.54967343936997,73.99448109402617,74.29122245991203,1251800
2023-11-22,74.65498352050781,75.26761520657092,74.14764859015672,74.32952613241306,814800
2023-11-24,74.99002075195312,75.0091696015459,74.40611229600661,74.6549889155424,466000
2023-11-27,74.7507095336914,75.25805179217558,74.42525212956743,74.7507095336914,1451100
2023-11-28,74.76986694335938,75.32506678199715,74.24338307859131,74.54013184925466,2572300
2023-11-29,85.71110534667969,87.44370407166987,82.56179093772109,83.17442277318106,8403200
2023-11-30,87.48198699951172,87.68300611867616,84.8400078703633,85.45263965347787,6731400
2023-12-01,87.3766860961914,87.85530511056858,85.50050043621052,85.58665565643463,2733500
2023-12-04,86.44815826416016,87.07036440190994,85.60579148426798,86.97464206605908,2450700
2023-12-05,86.70661926269531,86.96507030773094,86.16099389815672,86.44816091451337,1906700
2023-12-06,85.57707214355469,87.481973573607,85.41434344870233,87.10865136628884,2282500
2023-12-07,85.27076721191406,86.62046906422627,85.0984640708586,85.87382455403483,2161200
2023-12-08,85.56749725341797,86.36200648134094,85.12716868572646,85.27075583463899,1634100
2023-12-11,85.91209411621094,86.72574480041514,85.4047592414652,85.67278466184824,2211600
2023-12-12,84.42839050292969,86.28543460006044,84.23694582005182,86.15142186141662,2131700
2023-12-13,85.71110534667969,85.85469253067915,84.01678972115165,84.47626724932041,3973700
2023-12-14,85.39519500732422,86.34285851479025,84.72513137641809,85.95039476044406,3155400
2023-12-15,85.11759948730469,85.33776743624023,84.2082263269386,85.15588988290853,5992500
2023-12-18,85.8642349243164,86.14183478592481,84.83999068472801,84.99315225105491,2173000
2023-12-19,86.75447082519531,86.78319409769094,85.749375382223,86.14183913524671,1866000
2023-12-20,85.1271743774414,86.81191527749108,85.09845840636807,86.40030265143197,1417000
2023-12-21,85.72065734863281,85.79723083067306,84.87828331787935,85.69193407682887,1114200
2023-12-22,85.57707214355469,86.14183901503492,85.20374993623655,86.08440707641546,828400
2023-12-26,85.55792999267578,85.82596276788829,85.3664853135275,85.53878844601951,525400
2023-12-27,84.81128692626953,85.83553131330825,84.63898379091972,85.53878986476278,726800
2023-12-28,84.43795013427734,84.96443387467001,84.26564702861658,84.79213076900925,962700
2023-12-29,84.39009857177734,84.75384635241326,83.78703400788488,84.28480181627694,1169100
2024-01-02,82.52346801757812,83.57642811342004,82.38945531282432,83.46156425399944,1892100
2024-01-03,82.61920928955078,83.27013142046773,82.23631993277898,82.51391252549463,1824600
2024-01-04,82.85991668701172,83.37983804584097,82.50367957970894,82.55181595722782,1370500
2024-01-05,81.90672302246094,83.28354962805918,81.85857930404907,82.65771801720541,1486500
2024-01-08,82.78289794921875,82.8214041133886,80.51065228675016,80.7320957863809,1821800
2024-01-09,82.86955261230469,83.11025655359123,81.89710663271066,82.16669387163938,1684300
2024-01-10,83.43761444091797,83.69757145514052,82.81178274912904,83.06210954928378,1229000
2024-01-11,83.71681213378906,84.16933663381495,82.62883316775873,83.42797186585975,1348100
2024-01-12,83.44723510742188,84.29451762620755,83.12950416287725,84.03455327314346,1234800
2024-01-16,82.76363372802734,83.01396785786298,81.65639424352034,82.44590279543219,2321500
2024-01-17,82.25334167480469,82.57107260382364,81.42531962410709,82.35925198447767,1760600
2024-01-18,83.24504089355469,83.28355440135151,81.8778444224197,83.0909942080679,1693200
2024-01-19,84.54483032226562,84.79516441977387,83.19689444114346,83.533878411424,5403200
2024-01-22,85.32472229003906,85.63282299244878,84.88182798943134,85.41137216929484,1420900
2024-01-23,84.8818359375,85.60394771504846,84.7181516851897,85.30546985191852,1839800
2024-01-24,85.39212036132812,86.16236845597767,85.06475922818436,85.5943107616374,1428300
2024-01-25,85.92166137695312,86.00831860000083,85.50765037854745,85.88314787178749,1065800
2024-01-26,84.78553009033203,85.95053595712834,84.38114934563234,85.95053595712834,1551200
2024-01-29,85.19955444335938,85.21881486986837,84.30413559890253,84.78554342182126,1137500
2024-01-30,85.64244079589844,86.41269617922997,85.3824838278014,85.64244079589844,1696300
2024-01-31,83.95751953125,85.35360659441349,83.87086965096758,85.20918278157585,1649300
2024-02-01,84.19822692871094,84.4100475502293,83.25467169102079,83.80347632599992,942200
2024-02-02,84.57373046875,85.0936518461031,83.69757197140204,84.15972675539405,857300
2024-02-05,83.95751953125,84.41967426319039,83.19690165199228,84.36190767633543,1341600
2024-02-06,84.3426513671875,84.62186879344938,83.54351259675187,84.37153466202483,1122300
2024-02-07,83.98641967773438,84.70853147796618,83.56277840430738,84.62187424217379,1229500
2024-02-08,85.61356353759766,86.1623681495425,83.95751948872541,84.22711403387925,1385800
2024-02-09,86.50897979736328,86.98075738242133,85.47876740387734,85.7579848080913,1405500
2024-02-12,87.28885650634766,87.5680665363339,86.48971788066483,86.61488125085519,1461600
2024-02-13,83.99604034423828,85.78687814952302,83.35095558257682,85.63283145594308,1312200
2024-02-14,84.49668884277344,84.97809658426145,84.12119139206871,84.5929689219312,1536100
2024-02-15,84.02490997314453,85.28620334107332,83.23540151449966,84.5159479613565,1684300
2024-02-16,82.52293395996094,84.25600518332591,82.45553715381347,84.01530125484194,1195500
2024-02-20,82.28221893310547,82.73474343293019,81.65638733432023,82.09928162150825,1546400
2024-02-21,81.4542007446289,81.88747218510105,80.68395264884559,81.88747218510105,1367900
2024-02-22,82.83102416992188,83.37019855059313,82.10891247622287,82.47478710227837,1738400
2024-02-23,84.15010070800781,84.32340784237358,82.76364363308164,83.37021493051111,1602700
2024-02-26,84.17897033691406,84.8433154683883,83.80347283104608,84.15008704349349,1254300
2024-02-27,83.92864990234375,84.67002216762052,83.74571989895327,84.46783173500907,1301200
2024-02-28,84.75666046142578,85.09364446965543,83.21615689116135,83.33169741356885,1853900
2024-02-29,85.80613708496094,86.32605843994003,85.19955849796827,86.32605843994003,4798300
2024-03-01,101.39411163330078,108.29750528235854,101.02824433839393,101.94291624851121,12903300
2024-03-04,99.48773956298828,103.5123091397359,99.13149513990456,102.05845549987558,4380400
2024-03-05,98.86190795898438,99.84397665732486,97.78355182227504,99.57438945957257,2884200
2024-03-06,100.903076171875,102.41469634538234,98.56343400822223,100.0172802515962,2712500
2024-03-07,100.37352752685547,101.85626445046282,99.78620941602074,101.59630012169326,2354700
2024-03-08,99.42034912109375,101.86590182848637,99.41071890750264,100.8838257218126,1630900
2024-03-11,98.94855499267578,99.5166200107722,98.08202683788124,99.0255820028753,1635900
2024-03-12,98.71748352050781,100.09431013946039,98.1301654095469,99.86323644938238,1747600
2024-03-13,99.35295104980469,99.36257391757235,97.73542043506744,98.96782331378142,2420900
2024-03-14,98.33235168457031,99.3721942648823,97.7739242357656,99.17963408883926,2007900
2024-03-15,98.54417419433594,98.61157099182638,97.31177141411057,97.48507851418601,7019900
2024-03-18,98.01464080810547,99.22778329637161,97.97612729877468,98.78488895761878,1542500
2024-03-19,99.46847534179688,99.56476277647552,96.91701992821147,97.6680149062253,1574700
2024-03-20,100.55646514892578,100.56608801616856,99.1026115139467,99.17000831314705,1730200
2024-03-21,101.16304016113281,101.61556469243453,100.48907214368374,101.0956433593879,1432200
2024-03-22,100.83568572998047,101.36522992729458,100.38316120153176,101.34597684650333,1040000
2024-03-25,101.01861572265625,101.65407757436935,100.22910718748874,100.65274842196413,1214100
2024-03-26,100.8260498046875,101.8466319799147,100.74902279448544,101.50964799240572,1194300
2024-03-27,101.30744171142578,101.62517256940318,100.42165327012412,101.5481455712816,956300
2024-03-28,101.06675720214844,101.837005293742,100.90308030907609,101.06675720214844,1363500
2024-04-01,101.1341552734375,101.5674193712996,100.6238641617376,100.83568477694142,1473300
2024-04-02,100.8260498046875,100.85493309708826,99.72844061925824,100.33501179677441,991400
2024-04-03,102.5206069946289,102.91535756576118,100.38315521495181,100.45055201225244,1813300
2024-04-04,101.3791275024414,105.2679036510026,101.04054627761626,103.90393262604053,2552300
2024-04-05,101.62096405029297,102.01757700498989,100.7696842600743,101.91116703121256,1017100
2024-04-08,102.36582946777344,102.60766898242801,101.43716661714264,102.15300951402041,1581500
2024-04-09,100.75033569335938,103.41057015420951,100.12155152654182,102.57864169602428,1282100
2024-04-10,99.25093078613281,100.0441640626048,98.73823221943647,99.65721938083303,1109900
2024-04-11,101.43716430664062,101.53389863422782,99.41538217239462,99.92808813128333,1320500
2024-04-12,98.48672485351562,100.59556578647864,98.34162704419428,100.32470670193676,1346700
2024-04-15,99.0284423828125,100.23763989826972,98.52541208338297,99.44440662334402,1902400
2024-04-16,99.19290161132812,99.43474113913602,97.99337961990085,98.93171078829586,1362400
2024-04-17,97.61610412597656,99.95710882988523,97.25817899143601,99.95710882988523,1110800
2024-04-18,96.8712387084961,98.5641153689027,96.47462572870052,97.73218681964579,1031700
2024-04-19,94.75272369384766,97.4516536998816,94.5592550244569,96.5810299269099,1692500
2024-04-22,94.71402740478516,95.53628024679058,94.1336066877404,95.51692895336589,1830500
2024-04-23,96.17473602294922,96.590700281667,94.69467938017738,95.13966319967794,1746600
2024-04-24,96.7938461303711,98.02239501237074,96.04898366376722,97.00666608664545,1292600
2024-04-25,97.64512634277344,98.16750058833074,95.62334413050412,96.14571837606141,1581300
2024-04-26,98.02239990234375,98.71889892840325,96.96797571557124,97.8772947085219,2124800
2024-04-29,99.1348648071289,99.39604825591883,98.13847972973527,98.19652623641058,1378500
2024-04-30,98.87366485595703,99.86037419447877,98.49639580897995,98.49639580897995,1274700
2024-05-01,97.6934814453125,99.27994796013577,97.58707147587326,98.05140655891323,1012300
2024-05-02,98.78661346435547,99.05747255598253,96.96797548281943,98.67052783350528,1196600
2024-05-03,101.22434997558594,101.31141604149578,99.67657850722277,99.87972282053701,2463500
2024-05-06,104.42630004882812,104.57140523448851,101.70802625090595,101.81443622836647,3381900
2024-05-07,103.8555679321289,105.25823424829345,103.3622132264313,104.74553562763133,1325000
2024-05-08,105.90636444091797,105.9450522688911,103.3525323536664,103.50731318698433,1703700
2024-05-09,104.64878845214844,106.148196300235,103.70077436735616,105.88700550794223,1852000
2024-05-10,104.9583511352539,105.5484401514198,104.20381301762708,105.2872493381758,1703400
2024-05-13,104.6197738647461,105.72256144374053,104.36825870697447,105.46137063903565,1841800
2024-05-14,105.48074340820312,105.89670774674741,104.53272908534952,105.0841229871075,2814800
2024-05-15,107.00914764404297,107.2800067108482,105.65484492966077,105.925703996466,2873100
2024-05-16,106.16754150390625,107.19293863188841,106.11917065130653,106.467420125028,1545200
2024-05-17,106.86404418945312,107.20261802842678,106.28363083973312,106.95110287075086,2257700
2024-05-20,108.6149673461914,108.80844339629185,106.74796589977298,107.20262539206318,2097500
2024-05-21,109.26309204101562,109.42754852347153,107.86042577899194,107.88944534049698,1693700
2024-05-22,110.3852310180664,110.49164099721668,109.40819729148498,109.73710287622849,1746000
2024-05-23,110.31751251220703,112.16516254329885,110.11436820807795,111.7588739350407,1548900
2024-05-24,111.8943099975586,112.22321559034886,110.67544410169164,110.96564710436427,1351100
2024-05-28,114.15792083740234,114.49649466486319,111.94267010865,112.15549005172709,3238900
2024-05-29,113.66458129882812,114.20629949479344,112.5811375265406,112.67787924469746,2708700
2024-05-30,112.69721221923828,114.80605305211725,112.52308747595998,114.80605305211725,3664600
2024-05-31,116.49893951416016,117.51466849951632,112.70689742811567,115.59929616095685,6128500
2024-06-03,115.076904296875,115.27038032088954,111.26551149787875,114.08052675935605,3727900
2024-06-04,115.11560821533203,115.8121071937944,114.07085974763848,115.11560821533203,2622200
2024-06-05,118.26920318603516,118.30789839561693,115.73472231110267,116.08297181698215,2370800
2024-06-06,117.50498962402344,118.23050819924674,116.47959239942195,118.00801258882136,2398400
2024-06-07,117.0309829711914,117.56302548336532,116.0926444591051,117.01163167672318,1383600
2024-06-10,118.89797973632812,118.89797973632812,116.35382337845564,116.48925291305463,1651000
2024-06-11,121.3744125366211,121.6742911625559,118.35625284271211,118.80123664841912,2850500
2024-06-12,121.62593078613281,123.79281075007019,121.15192002811823,122.15797328503534,2239400
2024-06-13,123.14468383789062,123.46390638822517,121.19061642610706,121.32604596391111,1604400
2024-06-14,122.05157470703125,123.00926457913134,121.70332518633248,121.9258208058066,1398400
2024-06-17,121.92581176757812,123.14468499967009,119.53643615893326,122.20634649292067,1934000
2024-06-18,124.50865936279297,125.41796351803288,122.05156168427823,122.0902568913779,2575800
2024-06-20,123.30913543701172,126.59814699935343,122.46753125185829,124.78919211613677,3039700
2024-06-21,123.47357940673828,124.31517617655335,121.56788289060695,122.75773652496235,4282500
2024-06-24,122.25471496582031,124.15073597082942,122.24504669860235,122.60296447494001,1797100
2024-06-25,123.5606460571289,123.88955162947391,122.23536288153329,122.56426107352212,1783500
2024-06-26,124.23779296875,124.31518338758141,122.30308416046073,122.99958316923028,2023900
2024-06-27,124.8182144165039,125.13744436067276,123.89922717398257,124.08302757462947,1575100
2024-06-28,124.59571838378906,125.93066244041522,124.12170763079051,125.24384649867753,3197100
2024-07-01,125.98869323730469,126.7432311886676,124.4022269343481,125.23415528594178,2468400
2024-07-02,125.64047241210938,126.38532750752731,124.53768478907087,124.55702132299734,1751500
2024-07-03,126.008056640625,126.30795004074366,124.51833171041996,125.77590015113019,904000
2024-07-05,125.37675476074219,126.30914712070589,124.43465538344117,125.98863771008942,1435100
2024-07-08,126.37712860107422,127.28038510858762,125.53215865846016,125.99834743853611,1688200
2024-07-09,128.29046630859375,129.11602223567715,126.0566221704926,126.28001695821484,2164400
2024-07-10,130.74769592285156,131.12647711032272,129.05775592638406,129.2422930110271,1920300
2024-07-11,127.67858123779297,131.08761132981704,127.65915238493992,130.73796607782438,2266100
2024-07-12,126.42570495605469,128.2419103357918,126.29943961697118,128.0768021030771,1557000
2024-07-15,126.62965393066406,127.6203031941799,125.94007039715936,126.65878980195139,1537200
2024-07-16,127.80486297607422,127.85342771014324,125.09512272558607,126.97932177640541,1818400
2024-07-17,123.75479125976562,126.04690699594492,123.15263015937163,125.83323405970057,1834200
2024-07-18,122.46304321289062,124.86199535034866,121.49180800970511,124.62890838630292,1776500
2024-07-19,122.58931732177734,123.25947203120765,122.18140028557502,122.81269728496272,1220400
2024-07-22,124.64833068847656,125.18251304963763,123.50228018623467,123.83249662045276,1129800
2024-07-23,125.48358917236328,125.61956151222381,124.08501547523541,124.58034751897694,1045700
2024-07-24,122.08426666259766,125.32818880632719,121.86088670703808,124.93970063840848,1530000
2024-07-25,121.94829559326172,123.80335847714264,119.96697479448454,121.95801002054202,1466200
2024-07-26,122.52132415771484,123.24975057076911,121.60836068217377,123.24975057076911,1194900
2024-07-29,121.39469146728516,123.2886046452021,120.97706001461047,123.2886046452021,1032100
2024-07-30,119.04430389404297,122.86125871004909,118.30616303175363,122.18139700132001,1691200
2024-07-31,123.32745361328125,123.55083356815175,120.16122466694057,121.46267632731453,2086300
2024-08-01,118.98603057861328,124.43465342359283,117.87882300477393,122.7932709170762,1801000
2024-08-02,115.62555694580078,117.11154566018733,114.22697584523144,116.75218595797529,2385900
2024-08-05,112.28450775146484,112.69242477773912,109.92440579953958,110.5459957662252,2204600
2024-08-06,113.71222686767578,115.4410244577857,112.47875392870722,112.94495011735812,1561400
2024-08-07,112.88667297363281,116.43167560159331,112.58558501642874,114.77086426322248,1859200
2024-08-08,115.7906723022461,115.94606609526785,112.88668086386963,114.55719933605525,1186000
2024-08-09,118.96660614013672,119.27740113011994,114.61547628037141,115.39246005036098,1300100
2024-08-12,119.39395141601562,120.46230872546708,118.86948348375319,118.96660552826023,1169500
2024-08-13,122.24938201904297,122.9001078498222,120.1709392034631,120.27776826245267,1492200
2024-08-14,123.4537124633789,124.0655879995501,122.55046339001942,122.64758543243656,1163100
2024-08-15,127.6494369506836,127.79513112457995,125.08537658076416,125.12423428841916,1888500
2024-08-16,126.7461929321289,127.65915638649787,125.65841425622018,126.90159412007958,1374900
2024-08-19,127.91168975830078,128.15449859034763,125.86238262303044,126.20232091584603,1459000
2024-08-20,127.61058044433594,128.30016389282406,127.33863579926582,127.96022567655059,1404600
2024-08-21,129.57249450683594,130.0095473927041,127.8145611264257,128.11564167402656,1074000
2024-08-22,127.84368896484375,130.5048638208502,127.46490784490774,129.58219338201863,1177500
2024-08-23,129.2908172607422,129.70845607781288,128.4361404139559,129.18398080240988,1223800
2024-08-26,128.68869018554688,129.90273443258033,127.9602636373268,128.8537984247583,981000
2024-08-27,129.2908172607422,129.46564729250056,127.05698829176661,127.76598579531436,1878600
2024-08-28,128.11566162109375,129.8056016855502,127.22212685623587,127.46493569950842,1916300
2024-08-29,115.77123260498047,122.48247137803756,115.72267529105606,121.48210030996948,4074400
2024-08-30,117.24751281738281,117.62629394705641,114.88741101945075,116.25684877828537,3020400
2024-09-03,115.52842712402344,119.20940951833154,114.63489249483399,119.17055922011417,2571600
2024-09-04,115.65469360351562,115.8198018151398,113.33344198383104,114.94568862134005,1519400
2024-09-05,113.45970153808594,115.1205129253613,112.61472420353383,114.49892295854258,2455600
2024-09-06,110.89564514160156,114.1881321650725,110.41002749908446,113.28488305359322,1730700
2024-09-09,111.30355072021484,112.88666881414125,110.81793312770961,112.32335062845043,2272200
2024-09-10,111.66291809082031,111.98342750231578,110.26433695697605,111.39097340589214,1388300
2024-09-11,112.3233642578125,112.51760835440969,109.62333130145008,111.83774660638221,1717500
2024-09-12,113.11006164550781,113.90647429156657,111.67263755746872,112.49818607680785,1587100
2024-09-13,113.94532012939453,114.7223112994777,112.78954780162852,113.07120691553523,1529300
2024-09-16,114.46978759765625,114.67374611174755,112.67300386023932,113.13919263246602,1444300
2024-09-17,115.6158447265625,116.85902465750347,114.8874182910952,115.35360706022962,1218600
2024-09-18,115.91693115234375,117.78170114319146,115.53814997951335,116.27629087961704,1204000
2024-09-19,116.62593078613281,118.5004151180479,116.45110814445391,118.49070069074992,1219400
2024-09-20,118.70438385009766,118.75294117089364,116.21802376324185,116.33456726110224,3193700
2024-09-23,119.38423919677734,119.61734099983023,118.27703156705617,119.18999510417044,1321000
2024-09-24,119.41337585449219,120.18065262222544,118.14105999669941,120.04468027451951,1693400
2024-09-25,118.17991638183594,119.85044235101368,117.66516283759951,119.31625995042629,1511300
2024-09-26,120.8702163696289,121.4432489846024,119.58818621588287,119.94754590357597,1619900
2024-09-27,117.75255584716797,121.1033217978374,117.61658350933709,120.8702200101816,1302100
2024-09-30,119.95726776123047,120.12237597528912,117.6360161073198,117.77198844947833,1673000
2024-10-01,117.82054901123047,120.17094401171708,117.44176784622196,119.95727106531493,1366000
2024-10-02,119.48136138916016,120.60799787548176,117.77199262430534,117.77199262430534,1122500
2024-10-03,119.1802749633789,119.89898696349599,118.4129982374696,118.88890883843584,999200
2024-10-04,120.3507308959961,120.85792673495617,119.09250450967484,120.85792673495617,845000
2024-10-07,120.82865905761719,121.6674766459397,119.33634629558141,119.70699112479991,915900
2024-10-08,123.43289184570312,123.54018298053568,121.17003712813997,121.60894999502119,1222800
2024-10-09,124.13514709472656,124.3594851264569,122.31121274208009,122.95495208964026,1344400
2024-10-10,121.90156555175781,123.82303535858452,121.5211649683002,123.33535107998989,1438600
2024-10-11,123.80352020263672,124.22292894242224,121.9210587577581,121.9210587577581,891200
2024-10-14,123.7352523803711,124.65210118035506,123.54018165085044,123.9985986093711,824500
2024-10-15,122.29170227050781,125.0910125998194,122.15515127312396,124.16441548307589,1206500
2024-10-16,122.77938079833984,123.40361602623041,122.34046796173492,122.47701895274405,873900
2024-10-17,123.56944274902344,124.6033310204467,123.28658497936641,124.05712701916218,885200
2024-10-18,123.41336822509766,124.23268158892634,122.03810258643367,124.23268158892634,1027500
2024-10-21,122.23318481445312,123.85230015851153,121.78451618020681,122.55505821776181,1127200
2024-10-22,116.80038452148438,121.06274778796224,115.50314255671222,120.94570088237214,1786600
2024-10-23,116.07861328125,118.21466534669284,115.70796846950984,115.70796846950984,1524200
2024-10-24,116.8881607055664,117.12225450990934,115.31782422322593,116.04935061848714,1385700
2024-10-25,116.46875,117.72696874999201,116.4004670647974,117.50263817407466,1158100
2024-10-28,117.44413757324219,117.84403483265734,116.27369077963549,116.8979260929703,1112300
2024-10-29,118.25367736816406,119.31683292531106,117.11249798487782,117.62944211022264,929800
2024-10-30,115.83477020263672,117.64895628718807,114.49851262034676,117.10274484313221,1587600
2024-10-31,112.46974182128906,115.29831202164145,112.36245068861744,115.26905215663488,1630200
2024-11-01,113.24028015136719,114.76186005530454,112.71358027402015,112.71358027402015,1901500
2024-11-04,112.6063003540039,113.79625122037194,112.41122961325941,113.13300028378018,1780700
2024-11-05,113.53290557861328,113.98157423788362,112.61605672101155,112.61605672101155,1413100
2024-11-06,118.14639282226562,118.50728187398039,115.90304956443131,117.40511806305342,2337700
2024-11-07,119.80451965332031,120.02885025048201,117.56116903287483,118.5072777080934,1619400
2024-11-08,120.95545959472656,121.94057650189576,119.97033524608565,119.97033524608565,1367600
2024-11-11,118.92668914794922,121.22855955124435,118.62432727478242,120.58481272795449,1040500
2024-11-12,117.94155883789062,119.531414277052,117.4148589477517,118.37072336499743,1369400
2024-11-13,116.73210906982422,119.02422368793523,116.56629820127148,117.54166675718864,1422900
2024-11-14,115.16175842285156,116.17614255517196,113.21102142411335,114.10835865757987,1466700
2024-11-15,114.32294464111328,115.32757303754478,113.80600051024824,113.92304741291387,1973000
2024-11-18,116.40048217773438,116.90767800399834,114.20590288381204,114.54728783826619,1651900
2024-11-19,119.19001770019531,119.27780472737788,115.77622823727599,115.83475540255452,2545200
2024-11-20,120.40924072265625,120.47751622134368,118.28293705307068,119.38510824234494,2421600
2024-11-21,123.55967712402344,124.88617138683662,120.51652484217117,121.92105780940618,4469400
2024-11-22,119.32659149169922,132.1136744908413,117.63920797329295,131.77230440906385,5663700
2024-11-25,123.0719985961914,123.18904549604213,120.16539716907022,120.65308142290812,4724700
2024-11-26,126.40776062011719,126.75889386728747,123.23780562719907,123.2963327960414,2670100
2024-11-27,119.41437530517578,125.90057783733181,119.11201342725919,125.74451529294151,1779500
2024-11-29,119.61919403076172,121.14076653221014,119.56067430115868,119.91180756171927,935200
2024-12-02,120.25318908691406,120.92619576580694,118.90718317059978,119.3168361745035,1799100
2024-12-03,121.59918975830078,121.78451215556103,119.08273722891164,120.4385062973039,1764600
2024-12-04,125.87129974365234,126.55405467281338,121.92105459808612,123.09149374563948,2445600
2024-12-05,125.61770629882812,127.0320025722031,125.34460430134915,125.82254023840866,1864300
2024-12-06,127.88056945800781,128.06589186127476,125.60795898126017,125.68599025015904,2100400
2024-12-09,124.45701599121094,127.77327029635714,124.31070923158505,127.75375875962253,1656800
2024-12-10,118.23417663574219,125.36411834376129,117.64895699495659,124.27171033202056,2392900
2024-12-11,119.63871002197266,121.88205322409736,118.33171229423783,119.29732507598996,2043800
2024-12-12,120.46776580810547,121.22855204929833,118.8096348892382,119.1022484165298,1207500
2024-12-13,118.9461898803711,121.26757175648032,118.5267811126139,120.69210045119888,885900
2024-12-16,122.99397277832031,124.06687669599965,119.65821412024633,121.76500632059303,2130800
2024-12-17,119.47288513183594,122.27219539757536,118.819390024701,121.89180227900599,1608800
2024-12-18,115.42510986328125,120.50678652329654,115.0349683990672,119.87279548174155,1873800
2024-12-19,113.7084732055664,116.54679196279014,113.36709568376587,115.09349483199821,1620700
2024-12-20,115.53240203857422,116.86865963409976,112.26491887679849,113.08423233026183,3813600
2024-12-23,115.17151641845703,115.77624013721754,114.15713226652211,115.34708304939714,1457000
2024-12-24,115.91278839111328,115.93229992823997,114.6545695808709,115.09348242709767,441300
2024-12-26,115.43486022949219,116.31269336583041,114.54727876603489,115.58116699246041,733800
2024-12-27,114.07910919189453,114.84965126960992,112.78186718353297,114.18640033192274,995000
2024-12-30,113.62068176269531,113.95231094351251,111.70896027316041,112.29417992236961,2225400
2024-12-31,113.22077941894531,114.67407642796911,111.83575790856098,114.15713230377435,1378100
2025-01-02,113.0647201538086,114.4399933766385,111.97231214398548,114.09861587356878,1429100
2025-01-03,114.57355499267578,114.71072129534338,113.43702565628392,113.43702565628392,1091900
2025-01-06,115.61210632324219,117.0915514717354,114.7989007305271,116.15097930034331,1212200
2025-01-07,114.8086929321289,116.88579434630986,114.16204540200555,116.50368716032885,1374000
2025-01-08,115.70027923583984,115.73947067660303,113.28026943748706,114.50497393007578,1117900
2025-01-10,113.92691040039062,115.19080634348099,113.28027031032292,114.42659193021775,1359900
2025-01-13,112.59443664550781,112.75120241720526,110.57612592242548,112.03597166509167,1421000
2025-01-14,114.32861328125,115.56310999643243,113.20188368167632,113.20188368167632,1889900
2025-01-15,116.944580078125,117.30709528929731,115.96481651009447,116.32733172126677,1257600
2025-01-16,117.55204010009766,119.10006090818962,117.08175028276388,117.57163208311016,1206900
2025-01-17,119.61933135986328,120.26597890777613,117.81656996871754,119.24702389212742,1876200
2025-01-21,121.16736602783203,121.7846218972045,119.923069509817,120.3639601522231,1301600
2025-01-22,123.49920654296875,124.61613646500328,121.8042122016339,122.47045175819862,1483600
2025-01-23,123.74414825439453,123.74414825439453,121.58866380437546,122.81336832995339,1088200
2025-01-24,123.45021057128906,124.05766667938693,122.42145582652718,123.99887578182721,912600
2025-01-27,117.5030517578125,119.5899455865084,115.73947424412353,119.08047179088895,2104300
2025-01-28,117.11114501953125,118.2476744136904,115.36716696125548,118.02232549070945,1276300
2025-01-29,117.84596252441406,118.75714295527307,117.13073929508562,118.07131143742346,1341200
2025-01-30,119.9622573852539,121.55926935971347,119.26662612736037,119.58994243384396,1285900
2025-01-31,119.62913513183594,122.08834388276769,119.2666273806051,120.57950702831172,1316500
2025-02-03,117.29730224609375,118.32604956615862,115.26919184367647,116.84661187611249,1184800
2025-02-04,118.96289825439453,119.26663006293624,116.6506554877712,116.93478783769562,1373700
2025-02-05,121.21636199951172,121.38292002879406,118.55140363098002,119.46258413970588,965400
2025-02-06,121.52987670898438,122.21570823259484,120.55991284702017,121.74542589497709,1087400
2025-02-07,120.42274475097656,123.7049512365794,120.34436187087191,122.45085505491647,940300
2025-02-10,120.530517578125,120.59910073271533,114.41679466534742,118.30645744354995,2120800
2025-02-11,117.14053344726562,118.84532749069575,116.68984308894596,118.84532749069575,1106200
2025-02-12,115.51412963867188,116.45470179525866,114.57355748208509,115.03404756890428,1595000
2025-02-13,115.34757232666016,117.32669151668769,114.58335043694345,115.53372232831919,1306000
2025-02-14,116.6506576538086,116.75843225319505,115.38676164964293,115.46514453556098,1036100
2025-02-18,118.08110809326172,118.29665728547944,115.82765625417464,117.21891879939403,1902400
2025-02-19,122.00996398925781,122.19612147147969,118.13990062993149,118.825732182849,2198100
2025-02-20,122.02955627441406,122.9505289520492,119.40378959402314,122.15692284818199,1496100
2025-02-21,121.95117950439453,124.39078883573605,120.87344101273789,122.82316853196244,2975300
2025-02-24,121.00080108642578,122.81336219879273,118.71795017071359,121.87279006710507,2339300
2025-02-25,120.13861846923828,121.61805616198018,118.91391393716523,121.40251444333805,2192300
2025-02-26,121.97076416015625,125.19418718723037,120.86363402228692,121.92178046688932,1816600
2025-02-27,115.82765197753906,122.18631553816864,115.4553370319995,121.51027627390191,2845200
2025-02-28,97.79019927978516,103.12991520764061,95.5367475595458,97.3199169533886,10002100
2025-03-03,93.79277801513672,98.64260511909092,93.26370474425023,98.58382169177136,3429900
2025-03-04,91.66667938232422,93.74378089078542,90.71630750097641,92.09777775530746,3172300
2025-03-05,92.9501724243164,94.12588571638526,91.10821213173831,91.50011905409553,2077600
2025-03-06,90.00109100341797,92.18595979372864,89.34465114085852,91.37276163152977,2692300
2025-03-07,91.87242889404297,92.47008528421189,89.31525279143877,89.71695197786205,2480900
2025-03-10,90.18724060058594,91.14740472374643,88.29629659068492,90.70651410239765,2147300
2025-03-11,89.0801010131836,91.08861929965111,88.2571032114133,90.29501320865793,2577600
2025-03-12,89.63856506347656,91.26497614387868,88.50204323289665,90.90246093951127,2317800
2025-03-13,88.23751068115234,90.05987164242227,88.06115292764224,89.28585747285035,2203500
2025-03-14,90.11866760253906,91.02004840441177,89.06052102207784,89.63857801186455,1751600
2025-03-17,91.39234924316406,92.41130430458051,89.84432093014657,90.09906156425149,2073700
2025-03-18,90.39299011230469,91.67647801192838,90.05007435381778,91.16700423860539,2552900
2025-03-19,91.63728332519531,92.8032043377481,90.47136231264253,91.0788184025865,2075600
2025-03-20,90.2362289428711,92.20555593467898,90.16764578768392,90.98085139561992,2845900
2025-03-21,90.38318634033203,91.08861728337894,88.95273247248807,89.7953297127938,5417000
2025-03-24,93.19511413574219,93.32248070975183,91.11801266148998,92.029193087105,2170400
2025-03-25,92.4798812866211,94.1552760673695,91.97040752741799,93.43025313023338,2095300
2025-03-26,90.87308502197266,92.87180390759657,90.8240938459754,92.53868035582394,1900300
2025-03-27,89.24666595458984,90.00108813979902,88.94294161963731,89.83453011579302,2640200
2025-03-28,86.61109924316406,88.99192496668948,86.3563586273746,88.91354208875386,2662200
2025-03-31,86.06243896484375,86.84625290705695,84.65158433386522,85.42559854617473,2953400
2025-04-01,87.67903900146484,87.85539674148633,86.21919338823304,86.56210913966295,2838800
2025-04-02,88.65880584716797,89.37403656236361,86.25838802322937,86.5621123464616,1591200
2025-04-03,79.95850372314453,85.13165405882849,79.90951255576009,84.98468803167783,3334200
2025-04-04,75.03813934326172,77.72018710548831,73.78586356167548,77.37507232496753,3381900
2025-04-07,75.99459838867188,78.48929466371816,70.8375722273202,71.98138970208932,3676600
2025-04-08,75.07757568359375,79.93878495597386,73.75627705895258,78.7160894711968,2913300
2025-04-09,84.89859771728516,86.23962148917528,74.24930058649214,74.97897285201142,4518500
2025-04-10,81.13190460205078,82.57153158549602,78.69636854981329,81.97990519164613,3555600
2025-04-11,81.48688507080078,82.48279417782075,79.56409733624851,80.63888444865515,2738500
2025-04-14,82.11795043945312,83.94213494038645,80.76707156355833,83.94213494038645,2516700
2025-04-15,81.0333023071289,82.79832645873906,80.61916457938248,81.35869946018875,2539800
2025-04-16,80.21488189697266,81.06288249543144,79.10065205152698,79.55423254231738,1776400
2025-04-17,81.4572982788086,82.16725293033502,80.5205571553952,81.54603884878068,1602000
2025-04-21,80.54027557373047,81.0530164255119,79.5147863472301,80.36278690908738,1286200
2025-04-22,81.29953002929688,81.86157622725055,80.5895828763062,81.486881269594,1771700
2025-04-23,83.69562530517578,86.34809283216877,83.30121271837324,84.15906836990044,1722400
2025-04-24,86.93971252441406,87.10733861315984,83.93227540603112,84.25766501273253,1813000
2025-04-25,87.21580505371094,87.26511038513736,85.70715519648532,86.6636214518342,1699100
2025-04-28,86.7720947265625,87.85674440605693,85.9733994438059,86.68335414978422,1383700
2025-04-29,86.63404083251953,87.44259861251669,85.98324657101733,85.98324657101733,1207300
2025-04-30,88.4976806640625,88.69488697113017,85.49023558218084,86.87070230046977,2861500
2025-05-01,88.47795104980469,89.48371511622518,87.90604230471392,88.7441802805539,1386200
2025-05-02,91.04167175292969,91.25860317850409,89.592182248353,90.08520547995391,1528400
2025-05-05,91.79106903076172,92.35312278201003,90.10493034583108,90.46977027481557,1844400
2025-05-06,90.97264862060547,92.22492431629027,89.8781364467919,90.72613700529499,1865000
2025-05-07,91.72203826904297,91.79106122022759,90.33171667434196,91.56427474759415,2257100
2025-05-08,93.12223052978516,94.01952890069782,91.61358064252609,92.25450482620478,1839300
2025-05-09,92.14604187011719,93.8814858062621,91.92911796066959,93.73357732755049,1365000
2025-05-12,97.05654907226562,97.1650147799103,95.78454829229038,96.13952560404799,1532500
2025-05-13,98.14120483398438,98.40744159611273,96.74102063955502,97.05655521186216,1377700
2025-05-14,98.25953674316406,99.03851439291586,97.61860500370368,98.575071327107,1839800
2025-05-15,98.42715454101562,98.44687215956317,96.9086421329879,97.80594799711498,1894400
2025-05-16,99.12724304199219,99.55124329342826,97.98343313391575,98.58492203764919,1698600
2025-05-19,100.1133041381836,100.5274418800396,97.79609627063138,98.22995915615945,2036800
2025-05-20,99.64985656738281,100.28092572355118,98.71311540452163,99.08781036507855,1666100
2025-05-21,98.18064880371094,100.74436817561264,97.8059538454047,98.71311481158045,1777200
2025-05-22,98.3877182006836,99.11739050154928,97.50027484939412,98.18064933920567,1520200
2025-05-23,96.63255310058594,97.12557633069096,95.53804092791778,96.55366757826414,2840400
2025-05-27,98.96949005126953,99.0779557682558,97.73693192455075,98.46660422914569,2135600
2025-05-28,98.27924346923828,99.71887031908065,98.15106014473034,99.28501501608764,1812100
2025-05-29,97.82567596435547,98.82158507244911,96.82976685626181,98.60465363079129,3941500
2025-05-30,97.77637481689453,99.58083419936871,92.79683696917851,93.18139450338921,7014000
2025-06-02,97.39180755615234,97.72706727140604,94.78864544980787,97.63831917624509,3087600
2025-06-03,102.21358489990234,102.27274528319828,97.10586367407203,97.39181054196098,2701700
2025-06-04,102.31218719482422,103.54474532281672,102.0952557606275,102.5488362489762,2744800
2025-06-05,103.14045715332031,103.53487723786155,101.8290135694691,102.46009021849751,2673700
2025-06-06,104.76744079589844,105.48725805216523,103.37711161762037,104.02790591969209,2872700
2025-06-09,101.6219482421875,105.59571436936936,101.42474195454609,105.4280882725804,2317800
2025-06-10,101.07962799072266,102.14455248453811,100.57674217343293,101.62194904750305,1879700
2025-06-11,101.19795227050781,101.55292962175682,99.77805038844977,101.55292962175682,2800600
2025-06-12,101.50362396240234,102.25301384782883,100.49785237063605,100.72464636421077,1900900
2025-06-13,99.08781433105469,100.58660927914694,98.50605048562042,100.0640058185533,3516000
2025-06-16,102.74604034423828,102.82492586824881,99.7583207095125,100.23162633063806,2113900
2025-06-17,101.75999450683594,103.17990385625987,101.02045964116725,102.12483441549006,2124500
2025-06-18,101.31627655029297,102.78548370966055,100.98102435568651,102.67701799424371,1859600
2025-06-20,101.25711822509766,102.47981378752324,100.41897267568211,102.05581348853741,3005900
2025-06-23,102.81505584716797,102.90380393598365,100.31050458627999,100.60631399547907,2523200
2025-06-24,104.64910888671875,104.73785698072058,102.46009204815297,103.33767280238628,1905400
2025-06-25,103.71237182617188,105.50697616659266,103.58418848861962,104.93506738747429,1677000
2025-06-26,103.28836822509766,104.27441469980026,102.09525289346001,103.85041441476064,2115700
2025-06-27,104.24483489990234,104.97450718749431,102.02623032350694,103.82083461327372,2976100
2025-06-30,105.0632553100586,105.47739302558944,103.96874311691452,105.01394997695071,2006000
2025-07-01,105.20130920410156,106.59163093265954,104.14623969273552,104.57024001167355,1493500
2025-07-02,106.10845947265625,106.17748242349006,103.38696915432534,104.91534416656484,1400100
2025-07-03,106.27690887451172,107.25783289705801,105.87066310751209,106.46516228604115,940200
2025-07-07,104.53303527832031,106.92094994971521,104.2357819172492,105.89048120666017,1376900
2025-07-08,105.68241119384766,106.17782844288809,104.29524138464102,105.20680730860325,1270400
2025-07-09,105.69231414794922,106.08864945926977,104.63212153686042,105.68241124578,1201900
2025-07-10,105.4446029663086,105.91029637885728,104.74111139652102,105.86075163134342,1354700
2025-07-11,104.30514526367188,104.99873395450463,103.61156413230648,104.43395858768785,1538100
2025-07-14,103.71063995361328,104.42404196634646,101.77851580201668,104.04752759716702,1275000
2025-07-15,102.52163696289062,104.86000676043781,102.48200267960566,104.86000676043781,982300
2025-07-16,103.205322265625,103.52238899438943,101.44163055493911,102.69999456808989,1423100
2025-07-17,106.26699829101562,106.27690875249544,103.08642050804296,103.38366631723264,2577800
2025-07-18,107.3767318725586,109.30885602275673,106.77232225440083,107.18847090837167,1742700
2025-07-21,106.47506713867188,108.06040071772671,105.94001563834085,108.04058735525525,2159700
2025-07-22,103.98807525634766,106.98039960785798,103.95835143157555,106.48498236974396,1650300
2025-07-23,104.9095458984375,105.52386596159377,104.35468104104909,104.68165821463872,2082900
2025-07-24,103.70073699951172,105.3752420768932,103.6412817921694,104.7609295569356,1585200
2025-07-25,103.9781723022461,104.3745000449648,103.41339695345808,104.12679142603204,893200
2025-07-28,105.93011474609375,106.14809197528155,104.39431832382037,104.39431832382037,1177200
2025-07-29,105.11762237548828,106.93085121952166,104.42404128953027,106.67323970728975,1362900
2025-07-30,103.74036407470703,105.52386911164844,103.22513348596115,105.02845188577216,1363200
2025-07-31,103.17559051513672,104.94918512143165,102.94770282061339,103.9187163667396,1196400
2025-08-01,100.1733627319336,101.89741258149706,99.63831121459313,101.57044295378931,1415000
2025-08-04,102.28384399414062,102.37301546644039,100.30217508649798,100.88676378570841,1193800
2025-08-05,101.07502746582031,103.07650979013336,100.86695313206503,102.81889070856947,1255800
2025-08-06,102.38292694091797,103.30440329447038,101.19392104888456,101.74879348895364,1630400
2025-08-07,102.89816284179688,103.6511991896351,101.4218215315147,103.38366963735888,1330400
2025-08-08,105.23652648925781,105.51395892696078,102.94770131874134,103.55211094065152,1275300
2025-08-11,104.9095458984375,106.29671560137527,104.36459150192151,104.92936682018237,1334300
2025-08-12,106.7921371459961,107.05966668414072,105.31579591369797,105.47432549675621,1558300
2025-08-13,108.39729309082031,108.5062854878417,106.38590031582663,107.01012331374866,1306600
2025-08-14,108.55581665039062,108.84315953936427,107.0497516579587,107.79287747305604,1965300
2025-08-15,107.79288482666016,109.00170411119853,107.07948278598393,108.61527926574344,2066200
2025-08-18,107.90187072753906,108.38737748063737,107.3469983073885,107.5550801896117,1193400
2025-08-19,108.15949249267578,109.09087173783998,107.69379909036022,108.07031346100386,1731900
2025-08-20,107.42627716064453,108.2288582646471,104.88974320100057,108.17931351471414,2498800
2025-08-21,106.7921371459961,107.65416584967639,106.27690655172304,107.12902479412877,1509500
2025-08-22,109.50701904296875,109.84390668367712,106.57415000608887,107.47581297552975,1331300
2025-08-25,109.9925308227539,110.51767185460699,108.9323382982203,109.35839740019924,2293700
2025-08-26,108.4072036743164,110.24024594347296,108.38738275148994,109.78446299153713,3099400
2025-08-27,111.1022720336914,111.42924923964453,108.29821608659263,108.41711139096287,3377500
2025-08-28,116.14561462402344,116.34377848884701,107.6145294645918,107.6145294645918,4683700
2025-08-29,111.75621795654297,117.15626265790266,111.16171880144775,115.39257855535118,2552000
2025-09-02,114.31256866455078,114.54045634567196,109.19985947765873,109.89344810071151,2709900
2025-09-03,115.4024887084961,115.52138400351772,114.33238569650017,114.35220661864835,1982300
2025-09-04,117.74085998535156,117.89938956707178,114.14412607920369,115.92763112022469,2049800
2025-09-05,117.6615982055664,119.35592431259047,116.46268935414473,117.9093068333676,1412900
2025-09-08,120.05941009521484,120.2179472378757,117.29498103566922,117.74086107980261,3018300
2025-09-09,121.99153900146484,122.12034475728555,119.62344529409309,120.48546641902689,2000800
2025-09-10,122.39777374267578,123.47778718301225,121.61501364981785,122.53648995564133,2170200
2025-09-11,123.9434814453125,124.47853297152189,121.45649234391765,123.16072885862893,2106600
2025-09-12,122.86347961425781,124.11193321731163,122.61577098600326,123.9038588767139,1868600
2025-09-15,123.02201080322266,124.66679208420351,122.28878785630472,123.1607270235656,2477800
2025-09-16,122.23925018310547,123.41833805133629,121.54566152467915,122.92292082080336,1685000
2025-09-17,122.7842025756836,123.6165074401729,121.08987658234493,122.07080056596902,1770500
2025-09-18,125.20184326171875,125.38019376731248,122.74457046903487,122.74457046903487,1842400
2025-09-19,124.01284790039062,125.4990996294396,123.21026682626648,125.38019676970748,7250400
2025-09-22,123.46788024902344,124.06237940149536,122.6157620253425,123.37870121844588,1512700
2025-09-23,122.30860137939453,123.63631585362835,121.79336325546306,123.46787581904047,1974600
2025-09-24,122.12034606933594,122.45722615408653,121.19886972765111,122.09062224532464,1825500
2025-09-25,119.67298126220703,120.88180047648659,118.523617254173,120.75299472197706,1867700
2025-09-26,118.7812271118164,119.84141963494282,118.24617561984606,119.7324272443859,1475100
2025-09-29,117.48324584960938,120.03960066271875,117.06709717569872,119.56399677862994,1607600
2025-09-30,117.3742446899414,118.29572100452066,115.46193395364108,117.28507322053053,2056500
2025-10-01,117.41388702392578,118.08765477926877,116.00690386289013,116.35369442237536,1841300
2025-10-02,118.96949005126953,119.5540862975804,116.98782118554706,118.95957959029022,1589000
2025-10-03,118.14352416992188,120.78065789721168,118.07386437753375,119.30784109655823,1265300
2025-10-06,119.83526611328125,119.95468615388619,116.9991065819583,119.40735379154846,1636800
2025-10-07,117.41706848144531,121.72604492628554,116.78017676585092,121.09910677909522,1353000
2025-10-08,121.22846984863281,121.36778943350672,117.43697276020382,117.66585168149041,1433400
2025-10-09,119.72579956054688,120.91002362062116,118.17337699546307,120.55177109139446,1387800
2025-10-10,113.3867416381836,118.42216926300881,112.08309746921411,118.42216926300881,4304600
2025-10-13,118.28284454345703,118.81026977396249,114.83964639666567,115.71537059143436,2052400
2025-10-14,119.96464538574219,121.13891593391216,115.79498844402579,116.3721739456776,2309800
2025-10-15,120.88017272949219,123.05954105693795,120.1338145452818,121.02944588480388,2307000
2025-10-16,118.82022094726562,122.40273860755373,118.08381635304505,121.51706086241535,2093800
2025-10-17,118.49182891845703,119.40735983236783,117.67581091391074,118.66100162361153,1234700
2025-10-20,116.67070770263672,119.78551400973657,116.49158143707716,119.23818164487457,1414200
2025-10-21,118.50177764892578,119.06900956072779,116.09353041582591,116.09353041582591,1207800
2025-10-22,116.19304656982422,118.9993530949414,115.06852869066584,118.43212116727989,1597100
2025-10-23,117.2180404663086,118.48187030536084,116.57119519445673,116.57119519445673,1521200
2025-10-24,116.07362365722656,118.68090430176548,115.85469070944148,118.68090430176548,1709600
2025-10-27,116.62095642089844,117.67580689032161,115.56609835912721,116.79012912026856,1522400
2025-10-28,115.34717559814453,116.59110593152622,113.55591288113561,116.43187920452621,1667200
2025-10-29,113.56586456298828,115.68551908261146,113.23746513826765,115.39692633897951,2164700
2025-10-30,115.00881958007812,115.72532464807105,113.11804400450748,113.57580944409229,1302800
2025-10-31,117.20809173583984,117.9843030571609,115.41683659256391,115.56610216024235,1499000
2025-11-03,116.3721694946289,117.7156126959973,116.22289634062174,116.59110244152633,1637900
2025-11-04,112.78964233398438,114.99886371879577,112.4612505113256,113.82459323463242,2002100
2025-11-05,115.12824249267578,115.75518064662697,113.13795396189309,113.82459834221633,1588800
2025-11-06,113.21755981445312,115.50639466344039,113.05834067989696,114.82969625879315,1807900
2025-11-07,112.42144775390625,112.99863324423565,110.30178563067714,112.29207414159386,1764700
2025-11-10,111.95372772216797,114.18284870828967,110.08285927214504,113.73503683434022,2084100
2025-11-11,109.88382720947266,111.57557700445574,109.0379561081552,111.19741732709515,2071700
2025-11-12,111.02824401855469,112.25227479054365,110.38139873554745,110.46101209796178,2255900
2025-11-13,109.06781005859375,111.23722486263438,108.82897756055986,110.46101354976311,1842100
2025-11-14,108.9085922241211,110.69984736928068,106.82873673488423,107.67460785279417,1437300
2025-11-17,106.28141021728516,108.80906996146892,105.6146577915684,106.9581086191311,2757800
2025-11-18,105.88334655761719,107.21683616848249,105.5549471427571,105.88334655761719,2195100
2025-11-19,105.75397491455078,106.73917317743387,105.5250959913462,106.40082018822758,1952600
2025-11-20,102.73869323730469,108.56028575093981,102.09184793749004,107.78407442810158,2105900
2025-11-21,106.77898406982422,107.79402789278409,102.98747920772362,103.12679879926031,2974700
2025-11-24,108.43091583251953,110.12266560143902,107.0277663975699,107.35615822765511,3981600
2025-11-25,110.93868255615234,112.02338612697527,107.4656237127138,107.47557728091208,3625300
2025-11-26,108.7195053100586,115.95420040058461,106.0027582669408,115.95420040058461,5036900
2025-11-28,111.0182876586914,111.36659421240915,108.79912028171512,109.17727235515267,1370400
2025-12-01,111.72483825683594,112.01343099176435,109.04790546739956,109.50567089759184,2376200
2025-12-02,115.26756286621094,115.97411438836123,112.12290332186485,112.45130275384055,3135000
2025-12-03,114.10324096679688,115.77507598323399,113.1777565299275,115.00881826736698,1717800
2025-12-04,115.4267807006836,115.97411308114039,113.72508492555635,114.10324460381675,1392900
2025-12-05,116.7005615234375,117.17823409861275,115.12823939658753,115.44668524925501,1548700
2025-12-08,116.95930480957031,117.17823776369221,115.90445431318109,117.03891817331433,1700000
2025-12-09,116.73042297363281,117.35736111472781,115.23770660615591,116.48163691238666,1271900
2025-12-10,118.81027221679688,119.03915873650337,116.56124407047992,116.8000841586123,1976000
2025-12-11,118.53163146972656,119.09886338491883,116.04377086057664,118.69085060069118,1845200
2025-12-12,115.098388671875,119.13867193497312,114.41173670342502,118.53163332942856,1489200
2025-12-15,113.555908203125,116.20298789549197,113.14789542625701,116.1333281033862,1355800
2025-12-16,112.54086303710938,114.03357945785528,112.02339135188406,113.92412057196105,1755800
2025-12-17,110.42120361328125,114.17290163803911,109.88382481428351,113.18770337703593,2070900
2025-12-18,109.96343994140625,112.1527542607665,107.10737320244296,111.82436242750614,2405400
2025-12-19,111.35664367675781,112.24232145650916,110.20227269638411,110.2619865144936,3799800
2025-12-22,110.36149597167969,112.57071736396776,110.12266348375196,112.27217105979719,1791500
2025-12-23,109.306640625,111.00834397142063,109.11756838055733,110.06295237981493,1394000
2025-12-24,109.52557373046875,109.94354008567247,108.84887533674382,109.17727476142241,507200
2025-12-26,109.97339630126953,110.10276232418018,109.10761804605681,109.71465666309993,759200
2025-12-29,108.86878204345703,110.07290567017449,108.77921511328569,109.31659391726959,1186100
2025-12-30,107.89353942871094,108.84887701237956,107.80398008915523,108.7493641043127,1002100
2025-12-31,106.56999206542969,107.94329596346658,106.49038629712518,107.94329596346658,1079600
