Date,Close,High,Low,Open,Volume
2019-01-02,56.51444625854492,57.08961569919992,56.07140929628192,56.42117313438068,2175600
2019-01-03,55.62836456298828,56.61547978662267,55.57395673066212,56.3823059038001,2884800
2019-01-04,57.00410842895508,57.31501286707227,55.931494343960146,56.27348981888995,1681400
2019-01-07,57.330562591552734,57.66478383201225,56.75538729308164,56.93415927612191,2430300
2019-01-08,58.29436492919922,58.70631082589738,57.75028656186381,57.96014366640477,2361500
2019-01-09,58.71407699584961,58.77625906642711,58.05340880348741,58.24772332653562,1655900
2019-01-10,59.03275680541992,59.429160140351655,58.27104710458098,58.49645268993395,2050100
2019-01-11,59.468017578125,59.60015002900493,58.784026670024524,59.03274901933145,1928000
2019-01-14,58.90838623046875,59.53796333102268,58.73738851673605,58.93947726296634,1146000
2019-01-15,59.15712356567383,59.351438120565675,58.84621909184496,58.93171797039814,1177600
2019-01-16,58.03786087036133,59.08715811875507,57.74250492733462,59.05607301318064,2611400
2019-01-17,57.78913497924805,58.04563155960583,57.32278133405738,57.812451772006334,1949300
2019-01-18,59.07161331176758,59.16488641495763,57.99899931012011,58.24772165528511,2149300
2019-01-22,57.866859436035156,58.916162547279576,57.470462100240205,58.81511520559951,1832100
2019-01-23,58.4964485168457,58.550856348738506,57.7425071820391,58.04563737830026,1349800
2019-01-24,59.607906341552734,59.701173488234865,58.44201956797174,58.44201956797174,1654400
2019-01-25,59.38253402709961,60.18310911005625,59.15712841335287,59.84888781105386,1517600
2019-01-28,59.343658447265625,59.69342817206832,58.86953050231752,59.09493607696572,1294100
2019-01-29,60.229732513427734,60.3307798683522,58.80735460265677,59.03275424823652,1742400
2019-01-30,60.17531967163086,60.525089368781906,59.18043026908392,60.35409164084254,1300700
2019-01-31,60.53285598754883,60.602812297026496,60.074276575450206,60.19086647124071,1527400
2019-02-01,60.31521987915039,60.859304039547,60.043180763956066,60.70384888085884,1299300
2019-02-04,60.501773834228516,60.72717941784124,59.62347422636594,60.03542011262015,1210900
2019-02-05,60.905948638916016,61.20907884067865,60.15978153226882,60.43182069667004,1213600
2019-02-06,57.874637603759766,60.88262859540479,57.63368948957419,60.70385662261603,3201700
2019-02-07,57.96791076660156,58.01454435519619,56.51443597864534,57.39273550056037,4466200
2019-02-08,58.061187744140625,58.0767362296358,57.29947799514926,57.812465346305316,2022200
2019-02-11,57.423824310302734,58.48867000533583,57.36164817125634,58.02231634744116,3549300
2019-02-12,57.5870475769043,59.09493013075236,55.76826653897118,59.07161333744683,5467100
2019-02-13,57.12070846557617,58.83844852657552,56.81757821540041,57.843558892151464,3420500
2019-02-14,57.734745025634766,58.30214618843831,56.46004190016919,57.12848450620726,3182800
2019-02-15,58.29436492919922,58.48867947896321,57.83578543816072,58.224414537688716,2550900
2019-02-19,58.27104568481445,58.55085909912401,57.71141885619532,57.71141885619532,1842200
2019-02-20,58.333221435546875,58.55085274974074,58.022317016694835,58.29435615943716,1734700
2019-02-21,58.224395751953125,58.95501419092988,58.03008126488348,58.333211390311526,1265800
2019-02-22,58.784019470214844,59.05606450989421,58.410938956953274,58.50420612026475,1607300
2019-02-25,58.55860900878906,59.26591656435406,58.49643288182221,59.00942002684099,1715300
2019-02-26,58.69852066040039,59.071607103944544,58.13889989009593,58.62079604758098,1822300
2019-02-27,58.55860900878906,58.916152871387034,58.076712892257376,58.54306645954919,1255000
2019-02-28,58.83843994140625,58.8928477750373,58.23217952951471,58.72962427414413,1836800
2019-03-01,59.631248474121094,60.260825701850614,59.21930258782848,59.62347423192426,2130300
2019-03-04,59.42137145996094,59.94990713477715,58.87729323441832,59.90327355259004,1471000
2019-03-05,59.39030075073242,59.74783880416194,59.16489516552503,59.46025114096437,1270100
2019-03-06,58.46535110473633,59.708962790969395,58.2244030083435,59.49133148712964,2168200
2019-03-07,57.874637603759766,58.72185201913631,57.781364496651456,58.473129663522855,1599800
2019-03-08,58.007938385009766,58.015775107237666,57.49042757089416,57.56883666878815,1713400
2019-03-11,59.20761489868164,59.20761489868164,57.82759204403002,58.11771228653193,2231500
2019-03-12,59.00374221801758,59.583976679090554,58.93317582969248,59.31738456911091,1522900
2019-03-13,58.87828063964844,59.48988589296342,58.72146246119642,59.12919929673974,2240800
2019-03-14,59.309532165527344,59.59965233973167,58.75281992494278,58.995889865728195,2108100
2019-03-15,59.17625045776367,59.5447798005743,59.06647652359422,59.47420742447637,2119300
2019-03-18,58.47840118408203,59.34091325826043,58.33726240959968,59.035113577253824,1334100
2019-03-19,59.36443328857422,59.79569230151067,58.462713704763026,58.60385247424852,1606600
2019-03-20,58.25885772705078,59.356597187131364,57.92952990679521,59.356597187131364,1525000
2019-03-21,58.82339096069336,58.988057817357664,57.92167750291805,58.00792929174992,1469900
2019-03-22,57.294410705566406,58.85477412949136,57.25520315943381,58.73716345555683,1537400
2019-03-25,56.64358901977539,57.56099391390198,56.52597239414582,57.067005282703796,1215700
2019-03-26,56.925865173339844,57.31791659461936,56.73768216615006,56.80041182928997,1459000
2019-03-27,57.1297492980957,57.39634146640818,56.533829298848616,57.035654777509876,1370400
2019-03-28,57.44336700439453,58.00007921832958,57.11403931514406,57.2865428708874,1193000
2019-03-29,57.231689453125,57.7021501648425,56.957254536475844,57.66294859516834,1447400
2019-04-01,57.72566223144531,57.92168797199762,57.200308700269694,57.46690681818087,1642400
2019-04-02,57.66292953491211,58.02361616074638,57.45121839616839,57.96872919555922,1475200
2019-04-03,57.6394157409668,58.09419095447973,57.29440849147367,57.79623395497382,1561800
2019-04-04,57.992244720458984,58.305887049616295,57.52178421783795,57.52178421783795,1360900
2019-04-05,58.93317794799805,59.215449493674754,57.62372153378333,57.98440815672465,2302800
2019-04-08,59.06647872924805,59.097843566214934,58.46271608653968,58.776358473977574,1116000
2019-04-09,58.79204559326172,58.98807134333201,58.50976803458202,58.71363050744869,1776800
2019-04-10,58.95671081542969,58.96454753879897,58.4705647661129,58.792049891200996,1319400
2019-04-11,59.32523727416992,60.015245777114046,59.09784668084905,59.25466489171731,1440600
2019-04-12,59.92900085449219,59.94468028448864,59.23899227224095,59.52126987003281,1607100
2019-04-15,60.29752731323242,60.74446582409358,59.74865157458587,60.03092915852257,3292100
2019-04-16,63.70835876464844,64.54734860385983,61.55207585261418,61.94412729116586,6343300
2019-04-17,65.70782470703125,65.95089468910638,63.9200650891626,64.34348136848172,3650700
2019-04-18,64.53168487548828,66.13909257520544,64.36701796687964,65.7784058818704,3979800
2019-04-22,64.13177490234375,64.66496509695077,63.880862221483405,64.52382634007743,2322000
2019-04-23,63.159488677978516,64.24154848680172,62.88504788723126,64.24154848680172,2997500
2019-04-24,62.69685745239258,63.4652808075207,62.57140411858909,63.10459424727018,2249100
2019-04-25,62.336177825927734,62.72038655511342,61.83435247043578,62.66549959380118,1407400
2019-04-26,63.8416633605957,64.13178361754746,62.86937733791159,63.088925215721126,1964400
2019-04-29,63.38689422607422,64.5238473551394,63.3790575019729,63.896562457570184,1486700
2019-04-30,62.75175476074219,63.25358014320905,62.24992937827532,63.25358014320905,2128100
2019-05-01,61.920623779296875,62.68904147984461,61.834371958304295,62.673362049769594,1647900
2019-05-02,62.0695915222168,62.28129668356361,61.43446407371499,62.0695915222168,1723800
2019-05-03,62.75959396362305,63.17516752446036,62.09310772555017,62.18719624061969,1683900
2019-05-06,62.90857696533203,62.9399358163044,61.897083527911064,61.99901474914688,1172900
2019-05-07,62.030391693115234,62.4694874792201,61.63834017488406,62.27346172010451,1668500
2019-05-08,62.281288146972656,62.54004351710963,61.77946281337785,62.07741973575293,2219700
2019-05-09,62.179359436035156,62.422429409279836,61.48150836646227,61.983333720262316,1795200
2019-05-10,62.37541198730469,62.59495992626859,61.63051035755414,62.1637007731376,1633800
2019-05-13,61.34823226928711,61.94415237219667,61.089482761570935,61.44232680624103,2592800
2019-05-14,61.73243713378906,62.28130688812268,61.36390773492292,61.708909016690484,1140200
2019-05-15,62.06175231933594,63.48881950953071,61.21491966170888,62.493005370775464,1556600
2019-05-16,61.97549057006836,62.775272852477784,61.92060360933664,62.17935898802765,1502100
2019-05-17,62.34403610229492,62.65767852337849,61.19924635023674,61.38742940999424,1315400
2019-05-20,62.179359436035156,62.57141086758082,61.87355979800794,62.10094436394194,1248900
2019-05-21,62.79094696044922,62.98697263953487,62.187184518817205,62.48514737965393,1136200
2019-05-22,62.55574035644531,62.75960882441996,62.485173953433815,62.73608669008279,1001900
2019-05-23,62.093116760253906,62.14016102463372,60.36808661881192,61.967657412266426,2290700
2019-05-24,61.79515838623047,62.66551323523919,61.76379354690575,62.516537726236066,1170600
2019-05-28,61.473670959472656,62.18720151560501,61.3246894883352,61.865722424798086,2014200
2019-05-29,60.76797866821289,61.55992432330067,60.4308141601839,61.18355227485149,1689200
2019-05-30,60.79935836791992,61.403115155270115,60.681741700136,60.80720107436744,1250600
2019-05-31,60.65818786621094,60.91694320367703,60.29750132711991,60.47784160555087,1928600
2019-06-03,60.6268424987793,61.15219006245547,60.156381904707644,60.70525160075274,1957700
2019-06-04,61.18354797363281,61.56775671737145,60.36808024451282,61.457982790588986,2151800
2019-06-05,61.363887786865234,61.70888895648047,61.105132422981534,61.53639136278771,1352700
2019-06-06,61.57560729980469,61.74026821104636,61.05025972838156,61.512877624408496,1707600
2019-06-07,62.187225341796875,62.67337149866373,61.9441552544799,61.9441552544799,1981000
2019-06-10,61.62265396118164,62.853701455329535,61.30901753646842,62.50085150418015,2435300
2019-06-11,62.108802795410156,62.37540094713152,61.65402158391771,61.81868250899637,1506900
2019-06-12,62.5714225769043,62.892901700172196,62.22641533826744,62.27345960454293,2559600
2019-06-13,63.38569641113281,63.52799429906443,62.81650485940632,62.89555790128822,2629100
2019-06-14,62.73744583129883,63.48845870455817,62.690015216967474,63.45683628455063,1475800
2019-06-17,63.08527755737305,63.433112065870006,62.51608613992105,62.721622794055,1217300
2019-06-18,63.354061126708984,63.978590284104264,63.28291521286663,63.44892837652473,2267100
2019-06-19,63.970672607421875,64.09716225295323,63.63864633493948,63.69398404701988,1909100
2019-06-20,63.82048034667969,64.47662584937105,62.58723029959947,64.35014222201038,2056100
2019-06-21,64.34221649169922,64.41336841197936,63.28289304757583,63.73350177149292,3188200
2019-06-24,64.38175201416016,64.52404983664165,63.56749459771067,64.32641430715944,2163600
2019-06-25,63.4726448059082,64.35805439246725,63.44892950087383,64.16831988947358,2874200
2019-06-26,64.0260238647461,64.30271248368389,63.49636193258522,63.57541496208752,2045600
2019-06-27,64.033935546875,64.17623342267801,63.701909180454635,64.01812735239021,1391000
2019-06-28,64.78491973876953,64.93512466097897,64.02600008101612,64.18411211264639,2118900
2019-07-01,66.04979705810547,66.07351235687479,65.18019589417881,65.40945383454513,1614300
2019-07-02,66.20002746582031,66.2237427758759,65.51225934876547,65.89171637237628,1482400
2019-07-03,67.0142593383789,67.10912657324064,66.12885593843598,66.31858437680114,1057900
2019-07-05,66.99845886230469,67.01426705425594,65.970751476062,66.69805496435882,1127500
2019-07-08,66.59528350830078,67.06170661453018,66.37393262318551,66.91940875533332,1416600
2019-07-09,66.6031723022461,66.78499964007331,66.21580835983215,66.56364278447917,2800800
2019-07-10,66.22370910644531,66.91939001496843,66.0656030988851,66.60317196849043,1350400
2019-07-11,66.12884521484375,66.43715613895014,65.57546214825886,66.43715613895014,2244300
2019-07-12,66.95103454589844,66.99846515756785,66.12886976592442,66.30279005052502,1183300
2019-07-15,66.39763641357422,66.82452991713565,65.9233123089587,66.35811292314855,4160400
2019-07-16,66.42134857177734,67.23561204995259,66.40554038262658,66.46087809169113,3806500
2019-07-17,64.48451232910156,66.37390727436241,63.259169785578614,66.31066246523775,3315800
2019-07-18,64.31061553955078,64.53196642073898,63.1801397980318,64.01811874570602,3338800
2019-07-19,63.05366134643555,64.08926992481982,63.04575423392645,64.07346173116127,3460100
2019-07-22,63.48054504394531,63.970677378539115,63.14061163542443,63.16432693789075,2609100
2019-07-23,63.28292465209961,63.409408306027544,62.47656798678843,63.26711042575852,1927000
2019-07-24,63.796749114990234,63.96276827414387,62.990398775502925,63.50425237945601,1722300
2019-07-25,64.44499969482422,64.57148934620335,63.725609404520675,63.91533785023083,1033600
2019-07-26,64.57939910888672,64.91142541035214,64.41338595815401,64.58730018890343,1047900
2019-07-29,64.51614379882812,64.69006403267996,64.01810442754518,64.69006403267996,906000
2019-07-30,64.09716033935547,64.45290190191488,63.78094226632593,64.12878274979423,825000
2019-07-31,63.41727828979492,64.48450875129285,62.982477790383314,64.02599295761455,1356900
2019-08-01,62.65046691894531,63.946955594128404,62.35796414500643,63.480538609278994,1598800
2019-08-02,62.11289978027344,62.41330364192554,61.709721573598515,62.271005806120165,1482200
2019-08-05,60.70574951171875,61.64649686508587,60.18398865078448,61.37770932211256,1490900
2019-08-06,60.934993743896484,61.36188725229934,60.342087098563354,60.942894823256296,1628300
2019-08-07,60.66621780395508,60.76108505654664,59.6385163753306,60.389529189762314,1760300
2019-08-08,62.302642822265625,62.49237733538834,61.18007409407482,61.32237196323701,1889200
2019-08-09,62.09709930419922,62.65838360644601,61.82831178923991,62.35007259579438,1229000
2019-08-12,61.567420959472656,62.22357239670752,61.23539470136273,61.8520166182406,1301600
2019-08-13,62.14451599121094,62.80066739258773,61.18796075815501,61.36188098804839,1118200
2019-08-14,60.06540298461914,61.51209072252121,59.9389133291967,61.290739856890674,1400200
2019-08-15,59.84404754638672,60.50019907932781,59.69384861610975,60.20770229891131,1288900
2019-08-16,60.95079803466797,61.23539368872962,60.065394694349834,60.22350071044724,1497000
2019-08-19,61.7097282409668,62.231489039079044,61.417231458411976,61.82040367728898,1859800
2019-08-20,61.227500915527344,61.71763933037259,60.66621658618613,61.512096636229835,1361300
2019-08-21,61.10099411010742,61.662278226612464,60.97450449048864,61.6385629307732,1067900
2019-08-22,61.15633773803711,61.67019131266558,60.895457395806986,61.306542668052806,983100
2019-08-23,59.58317565917969,61.2828367887025,59.36181874758647,60.950810468351364,1371900
2019-08-26,60.16026306152344,60.43695163834932,59.90728978680282,60.104925346158254,1176100
2019-08-27,59.606895446777344,60.64250401349376,59.3222997132529,60.618788707593325,1505600
2019-08-28,59.76498794555664,59.88357047951048,58.998161061527775,59.38553107453421,988800
2019-08-29,59.73335647583008,60.389507837025334,59.67011769448867,60.28673953990789,1413800
2019-08-30,60.128631591796875,60.34208134131216,59.899373653711955,60.14444581172423,1915300
2019-09-03,59.52783966064453,60.07330976517929,59.27486635715265,59.662230408764735,1524100
2019-09-04,60.57925033569336,60.72154818168811,60.06540269921777,60.128641495269775,1247200
2019-09-05,61.6148796081543,61.938998871744744,60.95872793644466,60.99825747092747,1300600
2019-09-06,61.29865646362305,62.302642625785865,61.274941157397414,61.83622551972273,1539000
2019-09-09,62.03384780883789,62.136616124227814,61.2986433167265,61.64648381705914,1125000
2019-09-10,64.87190246582031,64.87190246582031,61.77297794171906,62.08128897169366,2893100
2019-09-11,64.81655883789062,65.32250540669389,63.82047992319853,65.0379097078222,2007200
2019-09-12,63.883705139160156,64.86398168524957,63.41728819544401,64.8323592775024,1584200
2019-09-13,63.34614562988281,64.76912403196955,62.579324746303335,64.01020422797612,3525300
2019-09-16,62.42912673950195,63.0536558837012,62.37378901945185,62.91135802766391,1308500
2019-09-17,62.6030387878418,62.713714213403506,61.64648344899656,62.342158414149914,1587000
2019-09-18,62.65046691894531,62.89553306140123,62.104990892077,62.58722209787343,1691000
2019-09-19,62.57078170776367,62.98526064333154,62.32368884701578,62.98526064333154,1200000
2019-09-20,62.0686149597168,62.690336318309555,61.74978177855106,62.66642489393862,2431700
2019-09-23,61.956993103027344,62.235969715798284,61.79757355199105,61.996843429860874,1543400
2019-09-24,62.730186462402344,63.14467142094908,61.972962980663986,62.25193973281827,2063200
2019-09-25,62.58671951293945,63.13670666410867,62.35557166225456,62.71425523313318,1359600
2019-09-26,61.279502868652344,62.88163523173144,61.12806181709607,62.522951695495145,1585500
2019-09-27,61.99687957763672,62.02876350643416,61.35921924540079,61.47080995557302,1285200
2019-09-30,62.411376953125,63.057009915962674,62.0845711790415,62.0845711790415,1311900
2019-10-01,62.275848388671875,63.40770643189712,62.22802554221054,62.770040099974075,1291000
2019-10-02,61.510650634765625,61.86934021641442,60.80125005395998,61.71789309874693,1884500
2019-10-03,60.56212615966797,61.526591992377476,60.3150272852852,61.4309402266903,2139500
2019-10-04,61.391082763671875,61.91715834418192,61.09616713329763,61.16790139542017,1392400
2019-10-07,61.37513732910156,62.17221703467431,61.32731449276257,61.44687158361005,1467100
2019-10-08,59.75706481933594,60.97659576156967,59.69329698518683,60.952684344072594,1897000
2019-10-09,59.6215705871582,60.466473216616414,59.58171416525553,59.948370138062614,1949900
2019-10-10,58.32231521606445,60.522256703210246,57.820157237130786,59.5418460800712,3761000
2019-10-11,59.50200653076172,60.02807602099825,58.402032547223,58.60130249134395,2213400
2019-10-14,59.90851974487305,60.522268505477285,59.52591877114587,59.597653033024365,3099400
2019-10-15,60.33893966674805,60.67371781136329,59.04767425621922,59.5338934307041,3070700
2019-10-16,60.19546127319336,60.538205815940195,59.22302906657855,60.12372701322207,2222800
2019-10-17,60.60197830200195,60.83313218168785,59.90852274418072,60.64183472586508,1238400
2019-10-18,60.083858489990234,60.40269154852551,59.70923618353867,60.235305561072316,1858800
2019-10-21,60.083858489990234,60.41863654613141,59.91647250253703,60.2193666447012,1265200
2019-10-22,60.95269012451172,61.19181040339476,59.90054508621286,60.08387002523293,1998100
2019-10-23,61.151981353759766,61.38313529401955,60.809236694924635,60.992561697767805,1396300
2019-10-24,60.968631744384766,61.27152595811618,59.72518921165734,61.19181311372188,1658100
2019-10-25,61.23167419433594,61.733832313547886,60.87299069221836,61.06428815459862,1118500
2019-10-28,61.37513732910156,61.94903569011163,61.255574157018536,61.36716482929988,1094200
2019-10-29,61.52658462524414,61.93309089795828,61.26354686202754,61.462816789088194,1066600
2019-10-30,61.66208267211914,61.678021589495,60.785296266802284,61.34324959348523,1142500
2019-10-31,61.52658462524414,61.781649888632366,60.681675999266766,61.71788205247642,1217100
2019-11-01,61.41500473022461,61.877306420395,61.223701188185174,61.70992038203797,1314000
2019-11-04,61.167911529541016,61.74181004654792,60.912846197675414,61.53456756402049,1138900
2019-11-05,62.969303131103516,63.00118705231064,61.231668953350194,61.46282282117474,1814300
2019-11-06,62.73813247680664,63.05696552233346,62.50697867083056,62.99319769698119,1290700
2019-11-07,63.981597900390625,64.13304502029277,63.033076999060036,63.12075627045215,1847600
2019-11-08,64.38014221191406,64.43593756284727,63.822188702582,64.08522653465447,1571900
2019-11-11,63.056983947753906,63.91783159784796,62.778007231863135,63.78232340906989,1454300
2019-11-12,63.04104995727539,63.32003280313132,62.507007853400246,62.92945925142797,1345500
2019-11-13,62.16425704956055,63.03307726578514,62.108461702187356,63.03307726578514,1780900
2019-11-14,62.61858367919922,62.77003077881981,62.02077386225808,62.02874636256335,1380400
2019-11-15,62.80190658569336,63.088855747254236,62.307715011619585,63.02508791552179,3382400
2019-11-18,62.36354064941406,62.63455102535591,61.430958461773834,62.63455102535591,1611600
2019-11-19,62.70625686645508,62.8019086171478,62.27583311019083,62.70625686645508,1108600
2019-11-20,61.773681640625,62.65046816379313,61.67006346066633,62.355552543435365,1518500
2019-11-21,62.13236999511719,62.33961245259309,61.375146593022535,61.76571400495919,1119100
2019-11-22,62.13236999511719,62.5627938308426,62.01281288622385,62.38743529615042,882200
2019-11-25,62.89757537841797,63.00119357213718,62.22005262481479,62.435267594925875,1275900
2019-11-26,63.18452453613281,63.24031988900835,62.65048243271874,63.112790260108845,1305400
2019-11-27,63.72652816772461,63.93377062039019,63.32798826403343,63.7345006685446,1218600
2019-11-29,63.35190963745117,63.83812275492581,63.335964634836905,63.76638848687169,984000
2019-12-02,63.26422882080078,63.62291231477964,62.969307092010766,63.36784701031463,1465900
2019-12-03,62.47510528564453,62.77002696666924,61.534550987529464,62.75408804826262,978400
2019-12-04,62.682350158691406,63.07291752786989,62.228014950926614,62.45916880487513,1187200
2019-12-05,63.20841979980469,63.32797688443941,62.60263755230275,62.777996051413986,1041700
2019-12-06,63.72652816772461,63.862036356719216,63.53523071669901,63.79029601181191,1247500
2019-12-09,63.8142204284668,64.00552399968669,63.415680443615045,63.575100086298285,1439500
2019-12-10,64.0772476196289,64.4120196917228,63.37581955220791,63.806243394001434,1479100
2019-12-11,64.43594360351562,64.87434003140136,63.91784647395321,64.39609325267729,1687400
2019-12-12,65.54386901855469,65.61560327542013,64.2286862448998,64.56345827274338,1205700
2019-12-13,65.39241790771484,65.94240483485103,65.20908690492432,65.63153816381748,1352600
2019-12-16,65.17720031738281,65.91051821726356,64.65113091052316,65.71124830472496,1460900
2019-12-17,64.5714111328125,64.99386228915634,64.37214126048173,64.88227164714982,1682700
2019-12-18,63.67074203491211,64.71492086887207,63.63885810825621,64.56347373756583,1800100
2019-12-19,63.97612380981445,64.0966679137928,63.64663700101551,63.839510019831984,1834700
2019-12-20,64.9565200805664,65.47083570921306,64.20111631862405,64.37791346555744,2851100
2019-12-23,64.8600845336914,65.14134993916363,64.57078122202682,64.98062860207264,1108700
2019-12-24,64.96456909179688,65.17351178734772,64.7074112092449,64.95653731471505,325100
2019-12-26,65.01278686523438,65.10118545733508,64.79580627330459,64.91635036536256,665100
2019-12-27,64.96456909179688,65.36637866647982,64.9243918130051,65.2538724760588,674300
2019-12-30,65.02082061767578,65.34226333445143,64.86009312816114,65.27797846977239,767100
2019-12-31,65.10922241210938,65.10922241210938,64.69134314168535,64.81992515174056,1148700
2020-01-02,64.1850357055664,65.22973646595334,63.45373965528317,65.2136667876627,1951400
2020-01-03,64.2332534790039,64.29754445702592,63.389451253058965,63.485887720091995,1018300
2020-01-06,63.91182327270508,64.02432945133998,63.453760650798124,63.79931709407017,1436600
2020-01-07,63.574310302734375,64.32167634402785,63.461804114249546,64.12880946821493,1598300
2020-01-08,63.7430534362793,64.24933115619652,63.686800356288494,63.76716102325737,1737400
2020-01-09,64.08861541748047,64.30558985035186,63.79931208623433,63.88771066695545,1838700
2020-01-10,63.686798095703125,64.36183503163208,63.630545017709046,64.08860754741103,1278600
2020-01-13,64.03236389160156,64.03236389160156,63.33321313554647,63.7028771497777,1622500
2020-01-14,63.992156982421875,64.15288440639253,63.710891654378635,63.839473593555155,1521200
2020-01-15,63.855567932128906,64.25737745055241,63.74306175746046,63.95200442375616,1181500
2020-01-16,64.04844665527344,64.20113626253506,63.7912887610647,64.0725603809946,1572100
2020-01-17,64.68329620361328,64.88420096793286,63.93593023509941,64.14487290670728,2673200
2020-01-21,64.50650024414062,65.09314486469111,64.40203197193387,64.61901255491394,2219000
2020-01-22,63.863609313964844,64.65919048701465,63.66270454382207,64.57079189766168,1806500
2020-01-23,63.284996032714844,63.63859035346125,62.529592213348025,63.54215386658685,1587000
2020-01-24,62.441200256347656,63.36536342742658,62.3447698903712,63.36536342742658,1715000
2020-01-27,61.77421569824219,62.21620261953999,61.1313178276455,61.549197151743414,2306800
2020-01-28,61.685787200927734,62.3447544400112,61.51702797116404,62.1759952102475,2490300
2020-01-29,61.24378967285156,61.87864927780036,61.1553911119647,61.806326526779316,1318500
2020-01-30,61.0670051574707,61.16344164319838,60.14284209540765,60.81788523324877,2364200
2020-01-31,60.520565032958984,61.364367715720626,60.3116284379613,61.147387080208915,3829200
2020-02-03,60.78573226928711,61.734002803486874,60.60090335826014,60.79377017489171,1944000
2020-02-04,61.661685943603516,61.983128625022985,61.2518385543297,61.452743295779946,2086000
2020-02-05,62.4974365234375,62.91532176727004,62.047411920348964,62.1599180711211,1801500
2020-02-06,61.54917907714844,63.437688718271346,61.533109394110376,62.93140480123555,1352800
2020-02-07,60.866085052490234,61.43665365404251,60.23926338123915,61.25986267150675,1867300
2020-02-10,61.878658294677734,61.88669620078191,60.793773953398826,60.81788154058544,3172400
2020-02-11,62.103660583496094,64.49040942739656,61.58130713137942,63.87965741579283,3727800
2020-02-12,63.365352630615234,63.7189469286188,62.24028488061608,62.68227775312053,2650800
2020-02-13,63.91182327270508,64.30559489792725,63.10820420752608,63.10820420752608,2695400
2020-02-14,62.79479217529297,64.08861933831844,62.336729561317455,64.08861933831844,1551900
2020-02-18,63.1724853515625,63.26892183154902,62.77067588164091,62.778713787754604,1902500
2020-02-19,63.18052291870117,63.54214898724003,63.076048533161476,63.301060854130185,1356000
2020-02-20,63.30910110473633,63.47786035171254,62.56977312813781,63.076050869066464,1405000
2020-02-21,62.89926528930664,63.14035347570543,62.256373677455315,62.98766388224438,2300300
2020-02-24,61.267906188964844,61.79829763161344,60.584831317081054,61.758114232215476,1946700
2020-02-25,59.483863830566406,61.42862608274239,59.05794682640757,61.356297198967674,2596900
2020-02-26,58.190059661865234,60.367866600598795,58.190059661865234,59.532102034071116,3233200
2020-02-27,55.86759948730469,57.86861554499393,55.84349189426968,56.839984034650946,4206900
2020-02-28,55.67471694946289,56.02027332504987,53.890681993228974,54.63804782270195,4338700
2020-03-02,56.54262924194336,56.63102781604145,54.284461977189856,55.779193699597265,3538400
2020-03-03,55.60239028930664,57.65161468166391,54.81484111725396,56.34975606633995,2445500
2020-03-04,57.04087448120117,57.1453427351378,55.74704751041462,56.37386929628619,2718400
2020-03-05,54.742523193359375,55.67471795502625,54.38089099965498,55.497920811143096,3066500
2020-03-06,52.894203186035156,54.26839096241619,52.05040077000442,53.207614110589084,4352400
2020-03-09,48.99835968017578,50.82453677527207,48.90096443535624,50.81642179492837,3560800
2020-03-10,52.09069061279297,52.131274805476465,48.23542761444094,50.33756061528267,2865900
2020-03-11,50.499881744384766,51.03556020133943,49.485338977717696,50.686557241914855,2809900
2020-03-12,45.897911071777344,48.37339463747562,44.923949461759065,47.62669269734939,3116800
2020-03-13,51.05990982055664,51.08425785694736,44.95641997545608,48.19484194939549,4004800
2020-03-16,46.44983673095703,49.298675232744735,42.886762180385354,46.157647849118334,4404900
2020-03-17,48.300350189208984,48.608772054104215,42.61079577305121,47.440019913224766,4066400
2020-03-18,45.475868225097656,45.80863815976545,41.66930452403054,45.281077729561886,3439800
2020-03-19,44.510009765625,47.52117123573571,44.250287127003695,44.842779589867185,2884200
2020-03-20,40.18401336669922,45.110636481861725,39.266868824685936,45.061937308602054,3724200
2020-03-23,39.201942443847656,40.95507269300918,37.635487742497354,39.59964467780349,3214800
2020-03-24,41.78293228149414,42.480938256317074,40.257058971146726,41.920911718817756,3357600
2020-03-25,42.334842681884766,46.003429891648075,40.34633813485714,41.896559440439205,5590100
2020-03-26,45.7355842590332,45.93037782221082,42.60267896235744,42.846168594225475,3272000
2020-03-27,42.188751220703125,45.386589299502496,41.59625854371472,44.031161482859,3339800
2020-03-30,44.574951171875,45.0457005193045,41.03622847057462,41.791048564805436,3251600
2020-03-31,44.5587158203125,45.613839590090514,43.86070995989577,44.712925193326534,2484900
2020-04-01,41.937137603759766,43.170821958587645,41.23913479291734,42.44035303669057,3258600
2020-04-02,42.29426574707031,43.909416341976495,40.72781123079813,41.49886446927572,2678700
2020-04-03,40.24894332885742,43.235757672020284,40.15966306431706,42.04265431159725,2310600
2020-04-06,43.58476638793945,43.86883717963358,41.46640018201083,42.05889290192958,2223700
2020-04-07,44.03927230834961,46.06024291945132,43.98245815948809,45.81675326773927,2827200
2020-04-08,44.37204360961914,44.7616307799132,42.935453690733155,44.18536810092852,2470600
2020-04-09,46.10082244873047,46.798828363803594,45.00511750511304,45.1268607787712,2532400
2020-04-13,45.248600006103516,45.88167359838429,43.77954120519691,45.75181226929751,2116600
2020-04-14,45.11875534057617,46.27939275250415,45.021360081824994,46.23069357505884,1997800
2020-04-15,42.17251968383789,44.10421028547685,41.21479091220996,43.78767338735461,3606500
2020-04-16,43.03284454345703,43.26010112281973,40.24082408221999,42.497166109145894,3334900
2020-04-17,44.29087829589844,45.703123174157824,43.51982518232562,44.41262466504001,2450700
2020-04-20,43.76331329345703,44.94830154374463,42.26990938157971,43.34126624644568,2649700
2020-04-21,41.6693000793457,43.04096076693277,41.26348297810398,42.302373766518386,2785600
2020-04-22,41.14174270629883,42.75689637090052,40.96318526066542,42.53775473221752,2179500
2020-04-23,41.79104995727539,43.32503823339249,41.23102032900856,41.360881688464524,1897700
2020-04-24,42.229331970214844,42.50528775822979,41.57191016357567,41.99396037443025,1593600
2020-04-27,44.10420608520508,44.45320906685617,42.659498084228304,42.659498084228304,3014600
2020-04-28,45.85734176635742,46.246925891242846,43.86072196526735,44.234073031265126,3392600
2020-04-29,49.8018798828125,50.78395661788108,46.936811867096736,46.936811867096736,6059600
2020-04-30,46.287498474121094,48.73863418467151,46.173870178953,48.43833039085029,3186500
2020-05-01,45.362239837646484,45.711242828998415,44.64800079765426,45.46775316195126,2367800
2020-05-04,44.047393798828125,44.558724274355775,42.98415175203171,44.51814008247551,2753900
2020-05-05,44.00682067871094,44.915850391845304,43.876959291120315,44.518148150770436,2330000
2020-05-06,44.10420608520508,44.44509099036809,43.276338763344754,44.23406744376323,1721800
2020-05-07,43.52794647216797,45.183678018686656,43.32503790604243,44.599303453619655,2703300
2020-05-08,44.72916030883789,44.98888299963901,44.087968561361954,44.46131954237122,1833700
2020-05-11,43.503597259521484,44.3801637900305,42.5945677100648,44.3801637900305,1937700
2020-05-12,42.091346740722656,43.99868571970941,42.08322866553427,43.6334497396949,1619100
2020-05-13,39.81877517700195,41.83162763210069,39.33991087262621,41.70988126300191,2630200
2020-05-14,40.776512145996094,40.91448850286725,37.84651157240642,39.27498670252751,3047600
2020-05-15,41.31217956542969,41.62871638925223,39.826887581476434,40.346332943250715,4187600
2020-05-18,43.15459060668945,43.8120154488751,43.016614273468385,43.21140785134747,1965400
2020-05-19,42.44035339355469,43.32503480233091,41.92090799686751,42.95168071434056,2297300
2020-05-20,42.562103271484375,43.422436778338216,42.43224190216108,42.87864326184046,2002100
2020-05-21,42.091346740722656,43.23575074734241,42.01018146953137,42.48093075402528,2300300
2020-05-22,42.02641296386719,42.74065184314738,41.547548718097495,42.091345178410116,2026800
2020-05-26,43.90129852294922,44.25841649311648,43.20329254368401,43.53606247610823,3991500
2020-05-27,46.92057800292969,47.11536849281086,45.045701735024046,45.18367807401163,3861700
2020-05-28,44.777854919433594,46.920571692942076,44.67234470832847,46.782592276371275,2083800
2020-05-29,44.46943664550781,44.59929798806835,43.138357110227595,44.24217697392289,3461800
2020-06-01,45.11063003540039,45.78428480712614,44.550600459431415,44.550600459431415,2155000
2020-06-02,44.85089874267578,45.68688396618461,44.656108293646916,45.6138367737642,2492800
2020-06-03,46.36867141723633,46.587813063910204,45.17556792850279,45.74371259438254,2904100
2020-06-04,46.96115493774414,47.00173602819697,44.980765523803264,46.003426341591464,2883500
2020-06-05,49.33112716674805,51.02744281953735,48.616891278518025,48.616891278518025,4737400
2020-06-08,51.863433837890625,51.94459603073297,49.81811499764381,49.81811499764381,3272900
2020-06-09,48.9740104675293,51.11672437896386,48.892848281484234,50.9543969107348,2670400
2020-06-10,47.17218017578125,48.79544862184801,46.522873416582314,48.79544862184801,2521300
2020-06-11,44.69332504272461,45.9327528637098,44.34037475551778,45.28430902152449,2879800
2020-06-12,45.16939163208008,46.92593302164319,44.21724755497312,46.08870553016437,2353600
2020-06-15,46.22825241088867,46.70432611809854,43.798643292379104,43.84789013715427,3217400
2020-06-16,46.261077880859375,48.38698628172443,45.858877640195416,47.68929249790441,2340800
2020-06-17,45.46488571166992,46.45806987294391,45.30072228994242,46.17899299535421,1693700
2020-06-18,45.48950958251953,45.72754638983962,44.48811864919665,44.69332214561254,2130800
2020-06-19,43.774009704589844,46.76177199854101,43.774009704589844,46.43344516421718,9272700
2020-06-22,43.30615234375,43.80684946660953,42.49354810432013,43.51956577209542,2868100
2020-06-23,44.40603256225586,44.898522801187035,43.527761903658764,43.95458552493645,3605400
2020-06-24,43.051700592041016,44.02846825337182,42.69054038057018,43.806848068466714,2753100
2020-06-25,43.338985443115234,43.667312347618704,41.91897737377894,42.69875142360662,3319200
2020-06-26,43.322566986083984,43.44569035295024,42.06672242114028,43.109156698827405,4731100
2020-06-29,44.56199264526367,45.37459674878482,43.6098485340614,43.67551202561488,2924000
2020-06-30,44.81644058227539,45.18580748736447,44.23366342711081,44.545573605981225,2381400
2020-07-01,44.7672004699707,45.9655882698131,44.488123558800545,44.70153384091551,2206200
2020-07-02,44.824649810791016,45.91633072391973,44.61944632557857,45.563380478861795,1689100
2020-07-06,45.35818099975586,45.908128016898885,44.8164438761942,45.65367454554531,1540000
2020-07-07,45.7275505065918,45.7357604006354,44.42245602664563,44.85748960739912,2534100
2020-07-08,43.99563217163086,45.546973368436014,43.593435037433224,45.52234681755657,3267100
2020-07-09,42.40325164794922,43.987422938361775,41.75480782831776,43.8642995843508,2627800
2020-07-10,44.17621612548828,44.58662318955351,42.29655102059177,42.4196743922743,1708300
2020-07-13,44.758995056152344,45.522352473966684,44.38142129476134,44.545584752674934,1953900
2020-07-14,45.02985763549805,45.36639125843168,44.176210303271304,44.57841055075639,1429200
2020-07-15,46.15437316894531,46.474490144083724,45.391015860004295,45.96558631517541,1740100
2020-07-16,46.1707878112793,46.76998165958018,45.49772057723409,45.98200096574534,1352900
2020-07-17,45.71113204956055,46.22003900087997,45.16939491683102,46.154372375745716,1517600
2020-07-20,44.29933166503906,45.32534914380201,43.544181172467965,45.32534914380201,1712100
2020-07-21,44.734371185302734,45.48951870052105,44.33217087400081,44.43887759024948,1283100
2020-07-22,45.12834930419922,45.38280274863607,44.43065871912191,44.627652308038414,1412000
2020-07-23,46.23645782470703,47.385595638014365,45.89171428890481,46.84385847988845,2647300
2020-07-24,46.42524337768555,47.37738754187604,45.67830272414953,46.46628345358503,2397600
2020-07-27,46.79460144042969,47.15576157873203,45.76858401326474,46.06407753327332,3765100
2020-07-28,44.865699768066406,45.358186988636525,42.8875378599632,43.50314845125454,5147800
2020-07-29,44.34036636352539,45.56337729652356,44.11874623923603,44.865686747993585,5704600
2020-07-30,43.716556549072266,44.03667667063459,43.002449175771886,43.82326325625971,2506700
2020-07-31,44.102333068847656,44.15978979473928,42.87111214632989,43.82325620116403,3417000
2020-08-03,44.077720642089844,44.80003797344999,43.667313565592096,44.19263412252401,2273000
2020-08-04,43.61805725097656,44.38141455283014,43.478520368199284,43.87251072864677,1988000
2020-08-05,43.256900787353516,44.225461610713715,43.13377742817022,44.01204820561694,2426300
2020-08-06,44.06129837036133,44.28291853917702,43.03528080982042,43.09273754271814,2069200
2020-08-07,43.72475814819336,43.74938156396631,43.05989774191393,43.64267487702246,1817500
2020-08-10,45.15298080444336,45.35818432281344,43.77401604166105,43.880719616780304,2002500
2020-08-11,45.75217056274414,47.09009503546609,45.637253980546944,45.858874120906485,1690100
2020-08-12,44.44708251953125,46.220040760616776,44.38962578592973,46.055877322687955,1753000
2020-08-13,44.58661651611328,44.90673347718591,43.80684258486946,44.02846274203288,1256700
2020-08-14,45.021644592285156,45.448468228539355,44.2747040116295,44.2747040116295,1118400
2020-08-17,44.184425354003906,45.11194305037285,43.92176195629779,44.898532757986,1962800
2020-08-18,44.42245101928711,44.83285800280532,43.91354723644843,44.17620745540754,1499200
2020-08-19,44.102333068847656,44.92314701719284,43.93816965294728,44.34857662711987,1075900
2020-08-20,43.38823318481445,44.020260408198965,43.36360976414923,43.84788707007064,1251500
2020-08-21,43.13378143310547,43.4867317556345,42.60025413314017,43.32256830520003,1960500
2020-08-24,44.72615432739258,44.906731270493175,42.96960981224523,43.2651033406094,1712200
2020-08-25,44.159793853759766,45.12835465232648,43.6755134544764,44.734364296645325,1083400
2020-08-26,44.04487609863281,44.32395296476836,43.355392260601256,43.97100271844526,1562100
2020-08-27,45.1119384765625,45.65367561278832,44.38141448859283,44.38141448859283,1839300
2020-08-28,45.23505783081055,45.35817804610077,44.55378074114227,45.12835113930027,1051800
2020-08-31,44.39783477783203,45.36639566596653,44.332168146900806,45.185815562062956,1704800
2020-09-01,43.51956558227539,44.20083968250479,43.494942160326566,44.09413609995492,1676800
2020-09-02,44.26649475097656,44.56198826179241,43.30614084082508,43.445680834779935,1719600
2020-09-03,44.56199264526367,45.924543754935144,44.02846229479094,44.76719614449827,1939300
2020-09-04,44.38962173461914,45.39922255867593,44.11875161708454,44.78361207099568,1320700
2020-09-08,44.184425354003906,44.60303917532931,43.78222505957511,44.29933882922432,1728500
2020-09-09,43.50313949584961,44.463490317614074,43.48672284105576,44.11054319859497,1387700
2020-09-10,42.51816940307617,44.01205080226197,42.33759243175255,43.511353704406574,1729100
2020-09-11,42.94498825073242,43.1337750950869,42.28012778318733,42.55099790627653,1517500
2020-09-14,44.184425354003906,44.783619282765585,43.12557439320323,43.42106797585991,1594800
2020-09-15,44.08592224121094,44.94777637465784,43.618058479306704,44.21725236505849,1927500
2020-09-16,44.2582893371582,45.29251672967401,44.03667231277602,44.38141268951001,2187600
2020-09-17,43.987430572509766,44.46350115291792,43.46211001571836,43.72477029411406,1799400
2020-09-18,42.832481384277344,44.35301524503232,42.72446453825616,43.688302287981536,3107100
2020-09-21,40.92143249511719,42.2508584758489,40.655547298970845,42.034827942580584,3091300
2020-09-22,41.303646087646484,41.57784200575536,40.788493866183536,40.98790936749925,1791700
2020-09-23,40.555843353271484,42.201009282695665,40.464444717814295,41.40335365078122,2032200
2020-09-24,40.630615234375,41.1873112867411,39.88281125549406,40.564142360874,1381200
2020-09-25,40.838348388671875,40.921436331656835,39.999145584355276,40.28995972400634,1422900
2020-09-28,41.2454833984375,41.78556453208449,41.054378595504424,41.47813217251223,1692100
2020-09-29,40.58906936645508,41.48643416903128,40.32318420338091,41.154076130387985,1470700
2020-09-30,41.1291618347168,41.52798969033756,40.65555355806701,40.863276597636286,1842500
2020-10-01,41.187320709228516,41.469824147034394,40.74694891514357,41.25379359793662,1618200
2020-10-02,42.649696350097656,42.87403444539383,40.555847713982786,40.68879033359633,1653600
2020-10-05,42.95711898803711,43.580288016385026,42.491818305814085,42.998662956006655,1726000
2020-10-06,42.558284759521484,43.829548370985776,42.40872396174908,43.355940234573545,1750300
2020-10-07,43.331024169921875,43.63014266267685,42.78263551213502,42.96542961832943,1518300
2020-10-08,44.16191864013672,44.21177014013966,43.6135299528904,43.812942292106165,1941100
2020-10-09,43.596900939941406,44.66044160481628,43.522120538842316,44.469336839696645,2161100
2020-10-12,44.41118240356445,44.7269222821187,43.89603020036671,44.2117669093192,2570600
2020-10-13,43.920955657958984,44.776773482228755,43.79632057868009,44.50258074525761,2054700
2020-10-14,44.18683624267578,44.50257608608484,43.646755181813035,43.646755181813035,2147000
2020-10-15,43.86279296875,44.06220528981266,42.32564074335033,43.29778610973631,1850400
2020-10-16,43.6052131652832,43.96249699020466,42.94050017808102,43.81293617188398,1748300
2020-10-19,42.24254608154297,43.71322518612649,42.09298527974796,43.67998874803845,1563700
2020-10-20,42.50012969970703,42.84079531401906,42.22593380131846,42.74939668122287,1464600
2020-10-21,42.79093551635742,43.339324077744166,42.00989822274638,42.6164489671892,2136400
2020-10-22,42.8574104309082,43.206383545831244,42.15115033657127,43.04020451365776,2141000
2020-10-23,43.80463409423828,43.85448559347753,43.05682990963026,43.397495556040155,2293900
2020-10-26,42.57491683959961,43.48058944559959,42.26748444986233,43.455660524787135,2665200
2020-10-27,40.564144134521484,44.037272686783034,40.28164074899204,44.037272686783034,6550400
2020-10-28,38.29581069946289,40.38134813185989,38.187793856790144,39.96590215038149,3626600
2020-10-29,38.05484390258789,38.54507019261514,36.974685193768714,37.99668173000845,4168400
2020-10-30,39.218101501464844,39.38428052889165,37.963452855513694,38.013307514622134,3068200
2020-11-02,40.48106002807617,40.888195340881836,39.600313350183995,39.8495803210285,2848500
2020-11-03,41.58614730834961,42.333951436291045,40.9546707322226,41.21224524437889,3219500
2020-11-04,39.7498779296875,41.353499925722275,39.567080654615616,41.353499925722275,3756100
2020-11-05,40.97959518432617,41.527983804277916,39.91605438674741,40.1819395861421,2040700
2020-11-06,40.18193817138672,41.2704046775847,39.924360506841396,40.91312402877878,2120800
2020-11-09,46.106204986572266,47.28607027180537,43.58859971566178,43.671690829158266,6214800
2020-11-10,47.360843658447266,47.70981677452188,46.20590429391258,46.67951247692894,5467900
2020-11-11,47.55194854736328,48.01724920614687,46.80414765277705,47.49378636121551,4448300
2020-11-12,46.72106170654297,47.55195379416337,46.33885210694201,46.903858980092025,5381700
2020-11-13,48.49085235595703,48.53239631752072,47.07002795111154,47.136497655693226,2410100
2020-11-16,51.41559982299805,51.48206953735922,49.81197794781497,50.46838341373997,3680200
2020-11-17,51.382362365722656,51.77288262728332,50.451764195843495,50.68441294591291,2070800
2020-11-18,49.604251861572266,51.29096156743607,49.58763364161285,51.19125541728093,2971700
2020-11-19,49.34667205810547,49.47130711757395,48.29143890863635,49.27189165634462,1684600
2020-11-20,49.562713623046875,49.70396375462019,48.88968990013414,49.080794697346015,1693600
2020-11-23,50.76750564575195,51.07493800246474,49.52947820139585,50.0778668563298,1679700
2020-11-24,53.542686462402344,54.10769331769337,51.51530780414573,51.65655793316765,4414700
2020-11-25,53.31834030151367,53.63408333153045,52.637009087187195,52.70348197131737,2841500
2020-11-27,52.34619903564453,53.401429147589845,52.329580814328644,52.877969439346565,1525600
2020-11-30,52.34619903564453,53.13554711534045,51.98060767549979,52.34619903564453,4237900
2020-12-01,52.65362548828125,53.85841952988445,52.22156126517382,53.085689711388675,2243100
2020-12-02,52.902889251708984,53.334956618248256,52.470828224372255,52.69516626296579,2093000
2020-12-03,54.057830810546875,54.406810263945346,53.05245226391489,53.35988458215553,2173600
2020-12-04,53.999671936035156,54.67269879948483,53.79194892591432,54.25725277924316,1997200
2020-12-07,53.426353454589844,53.90826595457161,53.17708334074915,53.650691485684604,2142400
2020-12-08,53.7171630859375,53.75870387778982,52.91119692141683,52.9859773198734,1593000
2020-12-09,53.47621154785156,54.19908989592836,53.21863704714513,53.89165756277321,1749500
2020-12-10,53.14385223388672,53.49282535690779,52.67855473652531,53.07738252123573,1516300
2020-12-11,53.66731643676758,54.22401894849817,52.78657285998122,52.80319108194345,1488900
2020-12-14,52.82811737060547,53.99136749325698,52.81980667523707,53.85842172417535,2026300
2020-12-15,53.4595947265625,53.708864892502184,52.578851128195275,53.56761475676473,1678400
2020-12-16,53.79194641113281,53.99136505575226,53.04414551141857,53.21032454566666,1832300
2020-12-17,52.6037712097168,54.29878840183177,52.454210403118225,54.08275471692215,1918800
2020-12-18,51.73067855834961,52.788464449651286,51.42006031518117,52.4106837741864,3142700
2020-12-21,50.824012756347656,51.12623732417233,49.573139562291374,51.03389057261687,2379300
2020-12-22,50.194374084472656,51.2689473671603,49.92573076380074,50.99191034380283,2542100
2020-12-23,51.44524383544922,52.058086609571504,50.278323813320426,50.31190502895258,1668400
2020-12-24,51.4620361328125,51.57117348595958,51.008699314337974,51.487223646604036,346000
2020-12-28,52.36871337890625,53.0655060605258,51.66352379128379,51.88179531013967,1277800
2020-12-29,52.09166717529297,52.586978891004065,51.789442643336244,52.4358666250257,803400
2020-12-30,51.95734786987305,52.59537817789366,51.81463250247541,52.133644454004624,666300
2020-12-31,52.36032485961914,52.49464655484856,51.5124197589488,51.80624746648758,978700
2021-01-04,51.10944366455078,52.50303215331489,50.6812911515226,52.24278252377852,1572200
2021-01-05,51.94895935058594,52.51143037584003,50.92475455536934,50.92475455536934,1660700
2021-01-06,56.22207260131836,56.77614672691961,52.81365558160872,52.81365558160872,3442500
2021-01-07,53.70353698730469,56.717379373379266,53.59439962546802,56.154908359454446,2758400
2021-01-08,53.38451385498047,54.232418702598274,52.4694465785513,53.779081915564184,2213500
2021-01-11,53.476863861083984,54.28279704366291,52.65414327275728,53.01513334347465,1273700
2021-01-12,53.669960021972656,54.14848122778713,53.199832520434924,53.653169410937565,1431900
2021-01-13,52.83884048461914,53.905020228301105,52.461062958633555,53.50205518543006,1755300
2021-01-14,53.21661376953125,53.40130725594412,52.51982114780451,53.099082715443444,1774600
2021-01-15,52.989952087402344,53.149461283172,52.12525647763335,53.065508232113906,1370900
2021-01-19,52.9731559753418,53.728717343984016,52.8472312155555,53.22501189987661,1391400
2021-01-20,52.780059814453125,53.384508806672166,52.55339144237098,53.25018716423244,1456600
2021-01-21,52.98154830932617,53.53562553102845,52.444261694642854,52.72969560900347,1535300
2021-01-22,52.52821350097656,52.931178477130246,51.87339581503694,52.52821350097656,1761900
2021-01-25,53.653167724609375,53.711933260144384,51.59636437343969,51.84821712608707,1443100
2021-01-26,55.046749114990234,55.27341432075413,53.334145498793355,54.0729194537972,1993100
2021-01-27,55.88626480102539,57.50652180291178,54.14847673412861,54.820088309870314,3680300
2021-01-28,54.140079498291016,56.24725455950686,54.123292091232926,55.8526832415342,2456400
2021-01-29,52.36871337890625,54.55983508091191,52.25957601823765,54.140079450243334,2105200
2021-02-01,52.77168273925781,52.9647699609444,51.831430945941776,52.368717684979515,2042800
2021-02-02,52.62056350708008,53.854646024835056,52.603772898388314,53.359334277112005,2010500
2021-02-03,53.871437072753906,54.16526473851967,52.30155188248286,52.4694547782696,1550400
2021-02-04,54.45070266723633,54.99638628558082,53.586007065149644,53.87143782876696,1628300
2021-02-05,55.3069953918457,55.575638718877975,54.593412154881435,54.635390276746094,1259100
2021-02-08,56.037376403808594,56.10453884155849,55.181077739866524,55.51687711869081,1070300
2021-02-09,56.02898406982422,56.31442125107169,55.47490992558153,56.31442125107169,1150300
2021-02-10,54.62700271606445,56.255656767591994,53.913419357032154,56.10454446997641,3132600
2021-02-11,55.424530029296875,55.44132384111301,53.52723600919588,54.62699690201946,1566900
2021-02-12,55.61762619018555,55.79392280272111,55.08873635257884,55.34898281799374,1060700
2021-02-16,55.32380294799805,55.76034606102558,54.56824140144681,55.693183611340196,2213800
2021-02-17,56.331199645996094,56.78453645781917,54.84526765582219,55.0047704267688,2346700
2021-02-18,56.04576873779297,57.50651641239733,55.802309724531895,57.128738939556186,2931100
2021-02-19,56.79293441772461,56.969231002546934,55.432923957000945,56.280832069209275,2055500
2021-02-22,59.252685546875,60.428002180850335,56.8768679747255,56.94403038922932,2597900
2021-02-23,59.353431701660156,59.7815841523967,58.387999068865554,59.56330947486965,1714300
2021-02-24,59.504539489746094,59.840345182676934,58.74898468685278,59.1519463944011,1363700
2021-02-25,57.98504638671875,59.915924977062296,57.83393409351827,59.487772412167104,2457900
2021-02-26,57.69961166381836,58.723810019888305,57.179112377320436,58.203317138352986,1812500
2021-03-01,59.64727783203125,60.08382087085577,58.161339308897745,58.295664185436145,1359800
2021-03-02,60.142578125,60.503568174806524,59.21911714327409,59.30306697707431,1237300
2021-03-03,61.41864013671875,62.0398766077653,60.310479245988596,60.503569632847864,1753100
2021-03-04,60.47838592529297,62.08184894187116,59.68924336977377,61.35986881766465,2047600
2021-03-05,62.55198669433594,62.79544573190576,60.51197404638734,61.09123246891704,1633400
2021-03-08,64.8690185546875,65.30556790455488,63.0388841378464,63.357902448509776,1976000
2021-03-09,63.92864227294922,64.94526915209565,63.471161146860574,64.4962552306182,2172100
2021-03-10,64.8690185546875,65.52982246599093,63.971003645840774,64.51320205837256,1840700
2021-03-11,64.6741714477539,65.3519227840142,64.23363760364576,64.61486869059482,1761100
2021-03-12,65.89411926269531,66.02967211122929,65.04693334990465,65.29261804023581,1348500
2021-03-15,64.94527435302734,65.97036851887631,64.47084585269329,65.6145455277469,1747300
2021-03-16,65.05541229248047,65.18249148240376,64.14044988125214,64.56404287198569,1682100
2021-03-17,65.18250274658203,65.72470135133695,64.19976373576549,65.39429927854933,1647600
2021-03-18,65.44510650634766,65.97883126166992,64.93679629220524,65.29261279575343,1705100
2021-03-19,64.75042724609375,65.55525137321077,64.403077878201,65.03846738808802,6519400
2021-03-22,65.36038970947266,65.7585680936789,64.18280189344551,64.91984944730251,1599900
2021-03-23,63.93711853027344,64.9029099032885,63.75073660503979,64.6148633469687,1679700
2021-03-24,63.445762634277344,64.9707001064839,63.31021622759043,64.53863341210594,1789300
2021-03-25,64.63182067871094,65.04694000868932,62.97133689528118,63.24243615658571,1772500
2021-03-26,63.979496002197266,65.17403159108746,63.30175095185282,64.79280040423853,2997600
2021-03-29,63.52201843261719,64.343783543687,62.29359467449126,63.88630872454181,1828600
2021-03-30,63.92017364501953,64.30988484737301,63.284784219269774,63.74226538143146,1620600
2021-03-31,62.81884002685547,64.2844681134239,62.76800447422636,63.94559890131469,1902200
2021-04-01,64.30989074707031,64.30989074707031,62.742591515626735,63.07299353024598,1961500
2021-04-05,64.49626922607422,65.26721160497316,64.2929463915306,64.87750681229942,1560200
2021-04-06,65.72469329833984,65.74163417487395,64.36072328251112,64.47085513877387,2397700
2021-04-07,65.77552032470703,65.97037594806699,65.02999897381947,65.74163210918721,1324100
2021-04-08,65.44510650634766,65.91106130636197,64.93679629220524,65.34344187811315,1684600
2021-04-09,65.79247283935547,66.2075922009726,65.32651791870184,65.67386084394813,1470500
2021-04-12,67.1649169921875,67.26658165713603,65.91108510874263,66.17371074712958,1826400
2021-04-13,66.5803451538086,67.31739930638992,66.0212057505012,66.6989571411633,2462800
2021-04-14,66.60575866699219,67.67320826139834,66.11438928724078,66.83449601907478,1906700
2021-04-15,67.30046844482422,68.46110930988269,67.02089546981064,67.03783634851574,2254000
2021-04-16,67.47836303710938,67.90195601730025,67.1055991462163,67.87654147265135,1642700
2021-04-19,67.19032287597656,67.78335698307416,67.15643465869815,67.47836949108489,2848500
2021-04-20,66.80908203125,68.61358571028317,66.31771264741408,67.77487346098782,2992000
2021-04-21,68.27471923828125,68.41027210593262,66.30078069536093,66.39397167599212,2451300
2021-04-22,68.31710052490234,68.65597632674283,67.36824957245264,68.03752750362007,3070000
2021-04-23,68.8169174194336,69.07954299506274,68.17305428898722,68.65595002094304,2215200
2021-04-26,68.40178680419922,69.34216365719229,68.13916124717939,69.13036718514007,1608200
2021-04-27,68.8338623046875,68.93552695126488,67.59697152381906,67.96973543108656,1880500
2021-04-28,68.91858673095703,69.76577281606656,68.78304031836828,69.21510056804199,1469500
2021-04-29,70.21475982666016,70.51974724498737,69.28285669888925,69.5200676990293,1468600
2021-04-30,69.68951416015625,69.99450160218441,69.35063850640101,69.9351988475409,1751300
2021-05-03,70.76544189453125,71.26528496976914,70.04533512439006,70.46045443318648,1860000
2021-05-04,70.78240203857422,71.35848885161106,70.3333879711567,70.79934291681776,1360400
2021-05-05,70.46044921875,71.01959501100771,69.80811892463144,70.69766023479312,1925200
2021-05-06,71.41778564453125,71.68041124819088,70.41810586037057,70.90100164386669,1521200
2021-05-07,71.97693634033203,72.34122665254341,70.82476263024571,71.13822384050307,1593500
2021-05-10,71.84137725830078,73.17992626092422,71.77360082528996,72.09552918681675,1406100
2021-05-11,70.94335174560547,72.18024249363853,70.50281788249733,71.61262944156125,1684400
2021-05-12,69.58785247802734,71.35847445069149,69.26592414823195,70.99418423856069,1339500
2021-05-13,70.68072509765625,71.12125895413283,69.50313712706678,69.5878544305989,2441200
2021-05-14,70.85863494873047,71.1636224190362,70.21477179324992,70.98571413861053,2164800
2021-05-17,70.40963745117188,71.39236996841935,70.28255824317412,71.07044157653978,1358700
2021-05-18,70.17242431640625,70.8925311892273,70.13853609770072,70.66379379236106,1820400
2021-05-19,69.60480499267578,69.79118048367074,68.41026962795374,69.55396943738965,2158000
2021-05-20,69.99451446533203,70.33338371784701,69.52008587748102,69.83354704592574,1683500
2021-05-21,70.22322845458984,70.85861778658108,69.61325366171594,70.053793884798,1535900
2021-05-24,70.48587036132812,70.85863425773695,70.0029746153058,70.62142321948262,1635000
2021-05-25,69.46076202392578,71.07041633875396,69.26591290923675,70.76542893327012,2135900
2021-05-26,69.359130859375,69.98604678641755,69.12191331338315,69.57939459966302,1941400
2021-05-27,69.99451446533203,70.31644284062794,69.50314500026195,69.9690934542284,3344500
2021-05-28,69.6725845336914,70.29950691473616,69.0964977149177,70.03687482296768,2540800
2021-06-01,70.3333740234375,70.90099351654722,69.67257002319194,70.58753239130847,2278800
2021-06-02,70.01991271972656,70.74849307742774,69.6132606624106,70.34184102011179,1734100
2021-06-03,69.57938385009766,69.81660135944094,69.09648808865938,69.61327206571812,2504900
2021-06-04,70.1469955444336,70.26560105409467,69.3506387251245,69.76575800893826,1294800
2021-06-07,70.13004302978516,70.65530057916384,69.91824656909432,70.59599782871099,1878300
2021-06-08,70.89253234863281,71.07891432280293,69.48620033517966,69.97756981917054,1168400
2021-06-09,70.76544189453125,71.30764038947397,70.67225092225836,70.83321832227807,1496300
2021-06-10,70.86795043945312,71.79919034269955,70.80814652039241,71.23531923315134,1080400
2021-06-11,71.60269927978516,71.6197898411389,71.05591864297384,71.20115582378386,1297400
2021-06-14,70.54330444335938,71.86754251496423,69.91962938894287,71.51725774730077,1304000
2021-06-15,71.06446075439453,71.51726283798476,70.69709191934489,70.69709191934489,1249900
2021-06-16,70.6116714477539,71.40621318741523,70.3211905283875,71.13282283173285,1046800
2021-06-17,69.04821014404297,70.84233457476316,68.46725488362371,70.63729345877388,1179900
2021-06-18,66.32286071777344,68.35620785077806,66.22888216029132,68.23659996273555,2647500
2021-06-21,68.1853256225586,68.3049334945314,66.78419924961418,66.78419924961418,1405300
2021-06-22,67.5958480834961,68.33058605861011,67.24556314548376,68.32204077476689,1225400
2021-06-23,67.53602600097656,67.94610826136827,67.32243958923172,67.68126319660945,1012600
2021-06-24,68.00589752197266,68.13405064499536,67.42494234665656,67.8008564360195,1020700
2021-06-25,68.55268859863281,68.62103781046758,67.8350414287865,67.98882389634494,1233300
2021-06-28,67.10030364990234,68.61249248138456,66.9123465765582,68.48434585695864,1384000
2021-06-29,67.4249496459961,67.99735960357543,67.0575807965674,67.40786560287492,957300
2021-06-30,68.33910369873047,68.47580212539741,67.13447977489183,67.20282898822529,1001300
2021-07-01,69.2020034790039,69.58645644663103,68.64667745609984,68.88589321534698,891800
2021-07-02,69.10800170898438,69.72313146502675,68.83461143053647,69.36430794671483,870800
2021-07-06,67.39078521728516,69.05676321221397,66.87817911043794,68.78337285401943,1436100
2021-07-07,67.78377532958984,68.05717217317286,66.83545773050419,66.8781710987094,1003800
2021-07-08,66.90382385253906,67.36517141043701,66.28015500959425,66.8269358519603,1330600
2021-07-09,68.39036560058594,68.42453368748062,67.5103841867713,67.74960642201007,1520800
2021-07-12,68.03153228759766,68.26220923112758,67.16864799434023,67.69833805195586,1307000
2021-07-13,66.54499053955078,68.1511582173452,66.4766413145874,67.98029167307759,1061500
2021-07-14,67.34807586669922,67.74961940512503,66.75002994120563,66.88672838753811,1477500
2021-07-15,67.09176635742188,67.74107091042995,66.63041890013774,66.67313879212604,1375000
2021-07-16,66.1690673828125,67.48476045401067,66.09217940371974,67.38224314855366,1354500
2021-07-19,65.23783874511719,65.74189958382678,64.59707946450234,64.83629521969608,3054500
2021-07-20,62.427032470703125,66.25450361070865,61.87170652939314,66.25450361070865,4855600
2021-07-21,62.96527099609375,64.26388001771876,62.54664345800277,62.63207671828706,3571300
2021-07-22,61.51289749145508,63.34974226184204,60.88922219057349,63.32411293078985,2713600
2021-07-23,61.76919174194336,62.05966612783917,60.846496895909816,61.74355589777031,1657900
2021-07-26,62.597896575927734,62.76876959952846,61.820445502497414,61.854620107217556,2511000
2021-07-27,62.76876449584961,62.83711369973248,61.521420856612046,62.04257212947595,1106200
2021-07-28,62.21344757080078,63.01653453660599,61.60686296489209,62.84566150231776,1004400
2021-07-29,62.56373977661133,63.435169540703804,62.529565165725664,62.82003958104298,1191800
2021-07-30,62.21344757080078,63.247204985220364,62.01694521090427,62.50392847002087,1915100
2021-08-02,62.38431167602539,63.725633982186835,62.264703815715926,62.555184703710005,1004400
2021-08-03,62.25616455078125,62.58081352355412,61.23949122821171,62.58081352355412,2304100
2021-08-04,61.10280990600586,62.40141919677547,61.000292579673356,61.83754782938152,1427600
2021-08-05,62.862754821777344,62.93964280197427,61.49580307822028,61.49580307822028,2052800
2021-08-06,63.28993225097656,63.85379703450745,62.845668828179576,63.39244956536007,1316800
2021-08-09,62.64915084838867,63.21301543287556,62.20488758241647,63.01651963757643,1124600
2021-08-10,63.95631790161133,64.35786141270339,62.777323213882916,62.785861977591935,899500
2021-08-11,65.14384460449219,65.34034693816554,63.64019469411616,63.88795567216565,1200100
2021-08-12,65.04131317138672,65.41722723443883,63.99901725516265,65.41722723443883,1157900
2021-08-13,64.46039581298828,65.35746161893636,64.34078790794747,65.02426723801666,720500
2021-08-16,64.73377227783203,64.98153331858467,63.57186809637292,64.1101035529552,1148300
2021-08-17,63.81107711791992,64.77648533219141,63.298464525991115,64.29805386574039,1271600
2021-08-18,62.33304977416992,63.64019740658578,62.30742045088949,63.62311336377855,1534400
2021-08-19,60.76106643676758,61.9400611156101,60.59873867355629,61.752104025184444,1745900
2021-08-20,61.205318450927734,61.23949305720967,60.094666560253486,60.658537786696016,2275000
2021-08-23,62.03404235839844,62.24762878532636,61.393283077614655,61.65812816120034,1039800
2021-08-24,62.01694869995117,62.61499457639609,61.85462745591996,62.2732550067333,954900
2021-08-25,61.99130630493164,62.38430444584951,61.025898253425055,61.897327780131846,1095300
2021-08-26,61.30784606933594,61.99131868291406,61.09425965544151,61.99131868291406,962600
2021-08-27,62.52956771850586,62.623546272742985,61.333482361239476,61.41037035026577,1305200
2021-08-30,61.623966217041016,62.85422637482121,61.58979159953136,62.84568109090834,1189200
2021-08-31,62.5551872253418,62.63207520229462,61.52996857232562,61.52996857232562,1788400
2021-09-01,62.70041275024414,62.973803036554195,62.17071621883278,62.87982451455962,1022800
2021-09-02,63.512046813964844,63.563311980716676,62.6833370827937,63.04216065935928,1177400
2021-09-03,62.99942398071289,63.58892435517977,62.572251307768816,63.51202988461823,1063700
2021-09-07,62.435569763183594,63.44369769871237,62.32450067824899,62.98235035349017,1009600
2021-09-08,62.153648376464844,63.016539340516346,62.102389721340685,62.444122779688755,985700
2021-09-09,61.61539840698242,62.47828264932266,61.40181203683388,61.931502063193484,1237400
2021-09-10,61.23095703125,61.9571495996222,61.188243655546145,61.931520270571745,1089900
2021-09-13,61.94861602783203,62.25618103849848,61.46163918063368,61.811917570584185,1155500
2021-09-14,61.905887603759766,62.375780338151756,61.401826777903175,62.110928743248856,1378900
2021-09-15,63.153221130371094,63.28137426576583,61.709381591465444,61.854618769781176,1519100
2021-09-16,62.62353515625,63.62311794499775,62.47829145030385,63.315553007207725,1095900
2021-09-17,62.44411849975586,63.17885625749762,62.13656007195077,62.521012995312,2135700
2021-09-20,61.65916061401367,62.4355017669073,61.167474812634985,61.77129717181228,1698400
2021-09-21,61.1157112121582,62.78917107826072,61.07258480621763,62.38374469163425,2051900
2021-09-22,62.48725128173828,62.978936993507894,61.40899256459713,61.62464430802536,2571600
2021-09-23,63.97092819213867,64.0485596509367,63.10832132815299,63.13419848108567,2041000
2021-09-24,64.4626235961914,64.85079411125776,63.815668350301436,63.996815029410335,1375600
2021-09-27,65.37699127197266,65.72203541962094,64.86804967342825,64.86804967342825,1214300
2021-09-28,63.75529479980469,65.95493898645853,63.556892268351916,65.47188110976654,1797000
2021-09-29,63.44474792480469,64.22108896528204,63.27222257490036,63.88467275943007,1305200
2021-09-30,62.50450897216797,63.66040589535554,62.43549882546457,63.66040589535554,1453800
2021-10-01,63.94505310058594,64.68689563037142,62.60801622940063,62.75465783661733,1209300
2021-10-04,63.74665069580078,64.66101189621855,63.62588625729913,63.651763411096866,1465500
2021-10-05,65.16996002197266,65.4028610110388,63.73802927510184,64.44536673600325,1393000
2021-10-06,64.90255737304688,65.0233218424359,64.01407309918336,64.41087158162873,1707100
2021-10-07,65.09233093261719,65.65302686347523,64.88530707148357,65.25622838748167,2085500
2021-10-08,64.88529968261719,65.87729905022132,64.78178447325331,65.41149047983758,836700
2021-10-11,64.92842864990234,65.29072860640919,64.48850380035088,65.04057177643732,1133700
2021-10-12,63.6345100402832,65.06644069651611,63.36710399917623,64.87666611979431,1560200
2021-10-13,64.08307647705078,64.28147240672696,63.10833291106294,63.47924761273313,1291200
2021-10-14,65.97217559814453,66.03255781514324,64.65238157317049,64.74726885433532,1658300
2021-10-15,66.04983520507812,66.97282467607587,65.90319355575392,66.39487941261868,1502300
2021-10-18,65.91179656982422,66.75714764870243,65.2734627236217,65.58400173497202,2101900
2021-10-19,65.96356201171875,66.42937060736618,65.4891255028641,66.19646301895772,1929500
2021-10-20,64.4626235961914,64.59200938043413,61.452120446874986,63.401614097217454,4816500
2021-10-21,62.44412612915039,64.59201592024733,61.81442664484968,64.59201592024733,2483600
2021-10-22,61.21059799194336,62.82367561090727,60.72754013008027,62.53901369323662,2539500
2021-10-25,60.537750244140625,61.270964765521136,60.011559528300566,61.07256887138558,2066100
2021-10-26,61.27961349487305,61.60740184676589,60.5032657338949,60.72754543843755,1691400
2021-10-27,59.53712844848633,61.31410323039002,59.51987920530047,61.305475318212736,1300800
2021-10-28,59.53712844848633,59.95981058997993,59.09720364497557,59.606138583567166,1584300
2021-10-29,58.726295471191406,59.6579127587076,58.47613861170075,59.63202901641257,1714400
2021-11-01,59.48537063598633,59.88216901758943,59.15758238540158,59.235213846921006,1249600
2021-11-02,58.545135498046875,59.407742439682735,57.80329300174653,59.26109425791644,2175800
2021-11-03,58.657283782958984,59.12309241450524,57.302990876511,58.346744695261485,3424100
2021-11-04,58.338104248046875,58.97643811404671,57.78603633989521,58.72628131485789,1255000
2021-11-05,59.34736251831055,59.554386349603625,58.86429813706811,59.15758793080483,1367700
2021-11-08,59.53712844848633,59.821790319818255,58.864296084369926,59.692397961833855,1525900
2021-11-09,59.51124954223633,59.683774874862536,58.79529080063523,59.381857188058795,1143600
2021-11-10,59.683780670166016,61.055322646586596,59.4940060764343,59.53713247790205,887600
2021-11-11,60.03744125366211,60.33073103325147,59.114452098090055,59.545755564827815,1550800
2021-11-12,59.45948791503906,60.22720745252497,58.93329723233509,60.20133030110801,1202800
2021-11-15,59.54576110839844,60.29623157960988,59.3128601103917,59.51988395097205,1140300
2021-11-16,58.70902633666992,59.554384035113955,58.66589993829308,59.54575612297111,1179000
2021-11-17,59.640655517578125,59.92531744554814,58.717666166026596,58.717666166026596,1738200
2021-11-18,58.4071159362793,59.75278067556582,57.855048013435145,59.56301267428776,1680000
2021-11-19,57.89817810058594,58.3122257314465,57.302977227409386,58.010314629533916,1558800
2021-11-22,58.74353790283203,58.89017951963979,57.803299391473494,58.07933338006374,1451700
2021-11-23,59.614776611328125,59.95119285047027,58.47613551396167,58.47613551396167,1571700
2021-11-24,59.4681282043457,59.95118601445933,58.90743234265292,59.519882517952425,1770100
2021-11-26,58.441619873046875,58.467497028121755,56.725033914337,57.648023071963465,1539800
2021-11-29,58.20009994506836,58.924686723402736,57.786045656613254,58.79530092810706,2081700
2021-11-30,58.062068939208984,58.43299017332823,57.01831536905213,57.708403528724176,5213000
2021-12-01,57.42374801635742,59.58889344000422,57.41512010358655,59.13171278068559,2497300
2021-12-02,59.59751892089844,60.20134781468491,57.64803169378139,57.73429108398814,2633000
2021-12-03,59.55439376831055,60.82242723263169,59.31286483818647,59.795922698434616,2654100
2021-12-06,60.07195281982422,61.33135828921118,60.03744774901192,60.64127661647317,2151900
2021-12-07,60.27898025512695,60.727539621244006,60.15821579067307,60.511887851694965,2033000
2021-12-08,60.365234375,61.38311079065539,60.356606463184626,60.39973285992461,2135800
2021-12-09,60.201351165771484,61.03808111780941,59.73554253532244,59.87356283227178,1557600
2021-12-10,61.167457580566406,61.391730632981506,60.49461867981627,60.6067617871921,2308800
2021-12-13,61.460750579833984,61.874804847875794,60.339358813979814,60.943187680658724,2338100
2021-12-14,62.20258331298828,62.43548427738176,60.986304440132656,61.22783989731441,3684400
2021-12-15,62.59075927734375,62.72877955071124,61.616015776069105,62.366486204874874,2831900
2021-12-16,63.56550216674805,64.08306497097126,62.97892923365024,63.22908601494455,2657200
2021-12-17,62.996192932128906,63.720786289261085,62.582145226198776,63.5741380864566,4007500
2021-12-20,61.36749267578125,62.41264273377002,61.02782073427133,62.11651455830562,2033500
2021-12-21,62.91780090332031,63.07457310291179,61.593951941661764,61.79426791372486,1811300
2021-12-22,62.334266662597656,63.1442553068105,62.16878303957595,62.88296607518267,2349100
2021-12-23,62.87424850463867,63.14424244944667,62.21232079219406,62.66521450395521,1324200
2021-12-27,63.53618240356445,63.53618240356445,62.48232735551358,62.76974418085323,958900
2021-12-28,64.04134368896484,64.18940449876574,63.17909978174943,63.30103299509861,944200
2021-12-29,64.05004119873047,64.4593911739102,63.7713358223107,64.16326297373027,1195300
2021-12-30,64.24166870117188,64.8600462044505,64.1807020922532,64.35489050491742,865300
2021-12-31,63.814876556396484,64.4593881076576,63.64939960770836,64.10229333102428,1141400
2022-01-03,64.35487365722656,64.68583421259005,63.8671409135624,64.13713487596789,1531500
2022-01-04,65.77452087402344,66.4451599675531,64.81647167098346,64.90356584492172,1735100
2022-01-05,65.99227142333984,66.9938712147528,65.79195545197368,66.23614445674757,2861000
2022-01-06,67.7428970336914,67.81257504717432,66.37549758217955,66.44517559566245,2720200
2022-01-07,68.27418518066406,69.01449585392947,67.89096272373824,67.93451314652039,2094500
2022-01-10,67.7254867553711,68.80546947903775,67.27258627312071,68.38740800656522,1941400
2022-01-11,67.51644897460938,68.48320984684801,66.84581634672648,67.86483240832028,2249400
2022-01-12,67.06355285644531,67.82999106836898,66.45388685205843,67.4816142914971,2483800
2022-01-13,68.70964813232422,69.10157527408558,66.85451613920154,67.15934909888928,1861100
2022-01-14,69.32804107666016,69.38900768232793,67.59484187708061,68.22193076101294,1685900
2022-01-18,68.70964813232422,69.51963665084317,68.31772099056286,69.06674291714425,2049600
2022-01-19,67.03742980957031,68.72708520041868,67.0113022140189,68.65740718237386,1619500
2022-01-20,65.79195404052734,67.72547557232802,65.67873226109113,67.0112926019644,1424800
2022-01-21,65.84420776367188,66.77612950487652,64.98196402897199,65.5742137945415,1652000
2022-01-24,65.85293579101562,66.05325180418285,64.32876389967853,64.8600472048193,1666100
2022-01-25,65.73969268798828,66.15774740733887,63.86713792773466,65.03421455118671,1617400
2022-01-26,65.85293579101562,66.54099132791696,65.15616883988811,66.18389643812702,1599300
2022-01-27,63.832298278808594,66.81967445347581,63.492626330962864,66.31451891493502,1977700
2022-01-28,64.99938201904297,65.01680484358478,63.109410892755136,63.61456648669751,1212300
2022-01-31,65.63518524169922,65.85292404447958,64.45068562298522,64.45068562298522,2155900
2022-02-01,66.54096221923828,66.73257337922018,65.50452366016846,65.78322898972598,1336200
2022-02-02,67.2029037475586,67.58611950180523,66.2187201580079,66.29710957821645,1342900
2022-02-03,67.65580749511719,68.08257372856173,66.75872460558904,67.51645145856135,2093400
2022-02-04,66.83709716796875,67.82128075221766,66.72387538923363,67.54257536660305,1773300
2022-02-07,67.42064666748047,67.76902343906332,66.68904082846234,67.03742424490616,2075900
2022-02-08,68.73577117919922,69.16254393941361,67.71675536208593,67.95191030262757,2904600
2022-02-09,78.49048614501953,78.80403055311788,75.27665928444202,77.77630313654241,5883400
2022-02-10,75.20697784423828,79.78820391384484,74.91085627501178,78.99563151704339,3863600
2022-02-11,73.85700988769531,75.4769872288047,73.36927041578555,74.97183157515524,2130300
2022-02-14,73.80474853515625,74.23152140647446,72.76831627090415,74.05732636363189,1829000
2022-02-15,75.2679443359375,75.6860057420499,74.48408335251463,74.6408555491992,1618000
2022-02-16,75.1982650756836,75.8340652641154,74.16183295722317,74.4492497538373,1682800
2022-02-17,73.56087493896484,74.57989092188623,73.14282016667643,74.35344735558868,1491400
2022-02-18,73.26476287841797,74.72796806119923,73.06444023390088,73.51734071504313,1594400
2022-02-22,73.2473373413086,74.00507082315126,72.78573210846682,72.97734333225655,1513500
2022-02-23,72.1150894165039,73.66538852760443,71.97573340231665,73.51732774617585,1699700
2022-02-24,71.53153228759766,71.74927103921019,70.02478384756022,70.59090593072466,2037900
2022-02-25,73.38668823242188,73.92667621268681,71.56638837883654,71.56638837883654,1739500
2022-02-28,73.06443786621094,73.84829894673908,71.77542777366374,72.07154937916245,2138900
2022-03-01,71.09606170654297,72.75958912036222,70.79994016505096,72.53313893607655,1518400
2022-03-02,72.92507934570312,73.35184551866375,71.80154637843648,71.80154637843648,1514700
2022-03-03,72.4721908569336,73.19508536208477,71.63607455314954,72.80315148399549,1728600
2022-03-04,69.44124603271484,71.65346591578918,69.1451178732985,71.19186082259196,3482100
2022-03-07,65.40872955322266,69.4064170930943,65.32163536837024,69.0928727117373,2778500
2022-03-08,65.22582244873047,66.88934976554857,63.753906303991904,65.86162255200713,2681100
2022-03-09,67.599609375,68.1534859334138,66.31601763899205,67.23035833605746,1921900
2022-03-10,67.64356231689453,68.17985830065257,66.48305440447118,66.56217674262074,2523200
2022-03-11,67.03692626953125,68.46118862597791,66.95780393684008,68.46118862597791,1780000
2022-03-14,69.93819427490234,70.07885842562455,66.65008339199106,66.86987657738352,3129500
2022-03-15,70.97562408447266,71.13387545898037,69.64807125985557,70.06128355482326,2154400
2022-03-16,73.90325927734375,73.92084648858896,71.21299280662252,71.33607645511593,3049500
2022-03-17,74.50109100341797,75.15168361586854,72.93616470668192,72.93616470668192,2060800
2022-03-18,74.04393768310547,75.09015550947814,72.54933983006501,74.90552331036588,7036500
2022-03-21,73.66588592529297,74.93189683854884,73.09442229319521,73.99118225927005,1517500
2022-03-22,73.96480560302734,74.91431384138198,73.49005148385002,74.16701829931915,1245100
2022-03-23,72.57572174072266,73.81535197625003,72.50538630262785,73.52522332477635,1152000
2022-03-24,73.84172058105469,74.00876555718143,72.51417450070404,72.88342546182584,1252200
2022-03-25,75.3275375366211,75.38907937393017,73.74502356644867,73.79777850382588,1377100
2022-03-28,74.5626449584961,75.04619269407968,73.49005304142439,75.04619269407968,1266800
2022-03-29,76.29462432861328,76.7605848993655,74.86157489492437,75.0374067945285,1464200
2022-03-30,75.90777587890625,76.93641314650394,75.82865354700587,76.19790451098653,1223300
2022-03-31,74.62418365478516,76.24186506882045,74.56264182807249,75.50335644071241,2060300
2022-04-01,72.70759582519531,75.53853362387555,72.28559659129483,75.45941128285304,1944900
2022-04-04,72.1273422241211,72.32954822564682,70.83495704698413,72.16250994342047,1651900
2022-04-05,71.49433135986328,72.65483917996707,71.30091227191997,72.16250456160671,1846200
2022-04-06,70.28106689453125,71.25694911577924,69.98214469238735,71.12507187093796,1505400
2022-04-07,69.3579330444336,70.28106705284664,68.31171539590618,70.28106705284664,1946600
2022-04-08,68.49636840820312,70.83496498960471,68.32932339968967,69.15574812699957,2213600
2022-04-11,68.72492980957031,69.8942311352309,68.02159565915791,68.2941370555316,1305600
2022-04-12,68.50515747070312,69.60412370338597,68.17986775866586,68.75132483361487,992300
2022-04-13,68.67218780517578,68.95352283230233,68.22380779997043,68.3732655658535,1709400
2022-04-14,69.18212127685547,69.81512687127336,68.82165714931746,68.90957310241834,1710800
2022-04-18,69.10298156738281,69.79752889262069,68.76010470787448,68.96231740562473,1624600
2022-04-19,71.05474090576172,71.3097018064427,69.25243409743838,69.49860810011899,2639400
2022-04-20,74.21976470947266,76.927618490139,74.02634562405991,75.60885931602233,4109900
2022-04-21,71.5822525024414,74.756067057042,71.1954210059848,74.54506744919689,2277900
2022-04-22,69.46343994140625,71.50312042625976,69.40189811801844,71.37124317398424,1577800
2022-04-25,69.54257202148438,69.58653334759362,68.32931588701469,69.28761108667531,1527200
2022-04-26,69.01505279541016,70.49206311079884,68.79525963364134,68.97988508462055,1670700
2022-04-27,69.04142761230469,69.86785205548001,68.19742266733108,69.13813714108286,1477000
2022-04-28,69.16452026367188,70.10523486005286,68.32930881449886,69.76235801607187,1277600
2022-04-29,66.9314193725586,69.19968668854798,66.79954882545347,69.02385482070395,1387100
2022-05-02,67.51168823242188,68.10073246941684,66.28963843012494,67.52926873921051,1153800
2022-05-03,68.76011657714844,69.24366438944041,67.291899339909,67.71389860558436,1426500
2022-05-04,69.99974060058594,70.16677887108949,67.86335043286579,68.75131012952087,1236000
2022-05-05,68.46998596191406,70.01733221012353,67.73148391399693,69.80633258322679,979100
2022-05-06,68.0303955078125,68.82165244676868,66.82593294676064,67.92489905432288,1478700
2022-05-09,68.02159881591797,68.61943656066862,67.07209062586296,67.15121295458961,1594900
2022-05-10,66.49183654785156,68.98869079148226,65.56870913101675,68.52273028000047,1396000
2022-05-11,65.73575592041016,67.87214637272095,65.5159626916027,66.37755509985304,1255500
2022-05-12,66.40392303466797,66.42151024756787,64.9884542362644,65.7797111278497,1543500
2022-05-13,67.70510864257812,67.91610826587068,66.72043255461777,66.89626445610205,1187100
2022-05-16,67.69629669189453,67.96883807761304,66.94020764678324,67.69629669189453,970500
2022-05-17,70.0173110961914,70.34260739971256,68.76888751114566,68.92713886048632,1279800
2022-05-18,67.69629669189453,69.55135159239373,67.46770991585838,69.1557265674762,1287700
2022-05-19,65.85005187988281,67.47652041148206,65.63025865378678,66.8347212399566,1594700
2022-05-20,65.80609130859375,66.79076738755099,64.54008687285675,66.41272276601497,1369600
2022-05-23,66.69406127929688,67.20398320588842,65.89401066610422,66.64131304811754,1223600
2022-05-24,61.076133728027344,63.76640027203328,58.38586718402141,63.75760666617113,4003600
2022-05-25,63.37076950073242,63.77518813575118,60.80358683971491,60.97941869579076,2088600
2022-05-26,64.21478271484375,64.61040779550515,63.669693159047924,63.669693159047924,1705500
2022-05-27,65.93795776367188,65.97312547938589,64.46094724146339,64.68074043400897,2049000
2022-05-31,65.5950698852539,66.21048803783117,64.97085812833846,65.87640485608277,3955100
2022-06-01,64.1092758178711,65.90278904670095,63.87190212485289,65.66541535368275,1431300
2022-06-02,64.40821075439453,64.75108766062027,63.801579286045694,64.08291435545033,1463200
2022-06-03,62.97515869140625,64.28513127246197,62.816907285325044,63.73124799739895,1349100
2022-06-06,63.94223403930664,64.03014996864387,62.79051323005596,63.19493187105157,1482700
2022-06-07,63.77520751953125,63.84554296636143,62.67624131614994,63.36199515385069,1768800
2022-06-08,62.869651794433594,63.62574097497649,62.71140041460935,63.423528270040215,1242800
2022-06-09,62.017303466796875,62.95844398012422,61.94627271600515,62.87853269201722,1185900
2022-06-10,60.36585998535156,61.0406383937313,59.1228492669247,60.4457712525669,2251700
2022-06-13,58.60789489746094,59.25603171749783,57.817696609333765,59.22939688569681,1627600
2022-06-14,57.66675567626953,58.687800482061334,57.107403876476134,58.04853741151816,2198900
2022-06-15,58.09294891357422,58.73221215577092,57.382654916941085,58.243884186352446,1466100
2022-06-16,55.07420349121094,57.20507847132762,54.7545719055002,56.707873406118416,2126900
2022-06-17,56.02421188354492,56.47702437850805,55.33167911116845,55.68682603322062,3406100
2022-06-21,56.397117614746094,57.2938586997541,55.81112755252993,56.876561566063216,1913500
2022-06-22,56.068603515625,56.78777106691644,55.624671590360926,55.90878775157539,1389800
2022-06-23,55.562522888183594,55.94430123821546,54.75456351098856,55.25176849997045,1351700
2022-06-24,57.356014251708984,57.64013046673077,55.97094855021089,56.157399181269106,2361100
2022-06-27,57.489192962646484,57.826578837967276,56.84104927384131,57.7821897030871,1282600
2022-06-28,56.52141571044922,58.4392015980194,56.42375013958861,58.084054683423,1273200
2022-06-29,56.21954345703125,56.46814427219965,55.51813014345515,56.37935923447725,1110600
2022-06-30,56.477020263671875,56.95646755743084,55.429340645575685,55.7134568077443,1437500
2022-07-01,57.0985221862793,57.33824921981642,55.81112230970785,56.35271980163853,1764000
2022-07-05,56.80553436279297,56.823292047989824,54.43493927339332,55.27840730518496,1902600
2022-07-06,56.31721115112305,57.20507510950502,55.251773723678234,56.88544354257835,1336900
2022-07-07,56.68123245239258,56.93871041359843,55.73121833457679,56.716747821845814,1333900
2022-07-08,57.23170852661133,58.24387287218282,56.71674920471185,57.258343360884645,2047300
2022-07-11,56.95647430419922,57.0097439740835,56.352726541341134,56.63684273716468,1126600
2022-07-12,57.009742736816406,57.46255524259881,56.43263320835754,56.69899171279487,964400
2022-07-13,56.97422409057617,57.16955522983443,55.828882248655184,56.02421000098149,1184300
2022-07-14,56.12187957763672,56.592449775181315,55.72234012196005,55.891036440430305,1259700
2022-07-15,57.70227813720703,57.72891297277655,56.67235944328623,56.80553700806613,1232700
2022-07-18,58.14620590209961,58.927530482645615,57.9508747569631,57.9508747569631,1908300
2022-07-19,59.850921630859375,60.11727679386278,58.874265711583895,59.202777863873415,1945500
2022-07-20,62.20375442504883,62.905167851504174,60.10839468304343,61.014019825602084,3694300
2022-07-21,61.466827392578125,61.73318252692495,60.36587116091082,61.5556124373604,2334800
2022-07-22,61.22709274291992,62.079441260299184,60.71213006350416,61.64438985300291,1342400
2022-07-25,61.617767333984375,61.67103701013357,60.57896800588383,61.36028594282125,950200
2022-07-26,60.170536041259766,61.21821575807057,60.0728772401266,61.21821575807057,1162900
2022-07-27,61.28925704956055,61.50234253448059,60.40139295955071,60.64112005721801,763400
2022-07-28,61.839717864990234,62.017287923600506,60.49904156873302,60.94297348912224,933900
2022-07-29,62.00840759277344,62.2747694554298,61.315874878503145,61.8042027020853,1830900
2022-08-01,62.25703048706055,62.42572005266918,61.41355556355651,61.60888674108092,1026400
2022-08-02,61.40467071533203,62.18598851052081,61.280363537094,61.93738770177274,1424900
2022-08-03,62.42571258544922,63.02946034654884,61.68879065002677,61.68879065002677,1272900
2022-08-04,62.41684341430664,62.94067993548034,62.0972118246917,62.31917783004291,1034400
2022-08-05,61.333648681640625,61.91076165462936,61.164952348679236,61.63551919971368,843000
2022-08-08,62.35468673706055,63.35797053860774,61.50233140390715,61.75093899416434,1084400
2022-08-09,62.50562286376953,62.85188925919716,61.99066015174639,62.434592122690965,1121400
2022-08-10,63.784141540527344,64.29023048401926,63.3135747409972,63.4822710554945,908900
2022-08-11,64.08601379394531,64.77854652209626,63.92619802792096,64.29909922402322,864700
2022-08-12,64.41453552246094,64.54770970256885,63.49115615514601,64.32574370390272,660000
2022-08-15,64.1481704711914,64.84070326927663,63.71311903180584,63.90845018487897,1105000
2022-08-16,65.41780853271484,65.53322839426008,63.99722773196617,63.99722773196617,980600
2022-08-17,64.82295227050781,64.94725268808824,64.20144340874099,64.82295227050781,1223200
2022-08-18,65.0093994140625,65.13369982498364,64.37013628711696,64.93836867243202,1009500
2022-08-19,64.36125946044922,64.97388778805863,63.97947766951165,64.5122014885797,967200
2022-08-22,61.9373893737793,63.242550428803604,61.85747809803078,63.242550428803604,1434700
2022-08-23,61.89299011230469,62.452341916761426,61.804205079292096,61.93738601574289,754400
2022-08-24,61.786441802978516,62.07943849793933,61.34250987989738,61.777568041698665,748700
2022-08-25,62.19487762451172,62.78974489518709,61.981785381453285,62.16823601373071,924900
2022-08-26,60.7742805480957,62.39019255659925,60.69437604946729,62.31028805797083,843800
2022-08-29,60.54345703125,60.854208121150045,59.93082861554298,60.30372992342303,751100
2022-08-30,60.36585998535156,60.94297283039226,59.96632397086525,60.854187802046795,1121000
2022-08-31,59.398101806640625,61.05840311927448,59.398101806640625,60.69438240872047,1380200
2022-09-01,59.167259216308594,59.202774590852,58.45696527317051,59.042958792339185,1054200
2022-09-02,58.82986831665039,60.13502943121657,58.59014125233259,59.82427162385168,715500
2022-09-06,58.55463409423828,59.185023559875006,58.119582586313264,59.04296205385393,843200
2022-09-07,59.779884338378906,59.87754991962258,58.385938138832046,58.55462769145454,738600
2022-09-08,60.2770881652832,60.53456954561033,58.97192696363343,59.32707392870067,878700
2022-09-09,62.514503479003906,62.550012075723835,60.80979956028197,60.80979956028197,1448600
2022-09-12,63.50893020629883,63.87295780878172,62.843032003200996,62.8785473868969,1815900
2022-09-13,61.173824310302734,63.25142259318676,60.87194706068183,62.12383841616119,1488900
2022-09-14,60.490169525146484,61.29812898512927,59.806517252277146,61.29812898512927,1714200
2022-09-15,61.21821975708008,61.65327799189352,60.392505970622054,60.47241725259655,1868000
2022-09-16,59.47800827026367,60.87195449822093,59.14950292108024,60.87195449822093,2633400
2022-09-19,60.37474822998047,60.454652733535866,58.98080210797814,59.04295231314266,1337100
2022-09-20,58.67922592163086,60.17737902295866,58.07816462506406,59.98001622506982,1836200
2022-09-21,58.302452087402344,60.033853134022664,58.302452087402344,59.15470009772818,1247100
2022-09-22,57.530941009521484,58.53569408458385,57.50402914181524,58.49980931286873,1015100
2022-09-23,56.7325325012207,57.18108192401854,55.88028791347271,56.92092243747727,1373800
2022-09-26,55.54834747314453,56.91193784917819,55.48555084061718,56.409564788959344,1260900
2022-09-27,56.364715576171875,57.19004477578955,55.85336614508339,56.24809178156151,1471200
2022-09-28,57.87184143066406,58.284506028297066,56.427511916788426,56.624871311826766,1417000
2022-09-29,56.92988967895508,57.62065959568915,56.72355736325027,57.27975766741803,1588200
2022-09-30,56.597965240478516,58.607468122549385,56.47237195200417,57.19901981308015,2691900
2022-10-03,57.028568267822266,57.396378624911854,55.853367652653,57.27078534524617,2460500
2022-10-04,59.99796676635742,60.07870921940439,57.52197894493136,57.99744022561852,2057700
2022-10-05,59.48662185668945,59.746781341461336,58.445990761922886,58.984248696755316,1270600
2022-10-06,59.02910614013672,59.79163878178996,58.70615001166602,59.36102832905537,1335900
2022-10-07,58.302452087402344,58.79585919044999,57.82699079409518,58.437018283171795,1324000
2022-10-10,58.140968322753906,58.78688052368245,57.49505612182537,58.750995752039714,781500
2022-10-11,58.09612274169922,59.190584420590035,57.53991899745214,58.14097357706562,1334900
2022-10-12,58.93042755126953,59.40588886204471,57.74625730477089,58.01538286187619,1544300
2022-10-13,60.88610076904297,61.22699586447939,57.51300721233357,58.20377030802133,1649800
2022-10-14,59.80957794189453,61.83702323405124,59.5583913621146,61.22699574987669,1489700
2022-10-17,60.572105407714844,61.50508894165154,60.141501834710446,60.62593598758068,1978500
2022-10-18,62.1510124206543,63.55048455328551,61.28979827408727,62.9135451379387,2975100
2022-10-19,61.370540618896484,63.69402354461584,60.608001058750126,63.69402354461584,3482400
2022-10-20,60.97581481933594,62.429110692512495,60.49138058016988,61.53201177057275,1537800
2022-10-21,62.95839309692383,63.03912870241775,60.85917837791456,61.01169037327069,2179000
2022-10-24,63.99901580810547,64.25917524362455,63.003242581559554,63.30825284396972,1575700
2022-10-25,64.3309555053711,64.58214207966302,63.31723630360132,63.667104295553756,1325700
2022-10-26,64.04388427734375,64.85127458502849,63.75681292842483,64.59111510564559,1854800
2022-10-27,63.82857131958008,64.96788361148646,63.711944112882506,64.51036822070559,1295000
2022-10-28,65.12039184570312,65.33570046325994,63.756804822776516,63.82857436196212,1483100
2022-10-31,65.26393127441406,65.44334827902122,64.40271733252371,64.79744295584345,1724400
2022-11-01,65.57791137695312,66.15205397793454,65.25495530836112,65.71247754625307,1010900
2022-11-02,64.25920104980469,66.1341415814024,64.20537729819216,65.05761863889504,1279400
2022-11-03,63.819610595703125,64.03491239976529,62.5636708574188,63.35312221284829,1149200
2022-11-04,64.78846740722656,65.16524720811097,63.55046685529247,64.62698937194472,939700
2022-11-07,65.36263275146484,65.45234128131565,64.24125901752443,64.98585281949816,1314900
2022-11-08,66.47502136230469,67.42595076806282,65.4433563478151,65.48821402665757,1190500
2022-11-09,65.81116485595703,66.92356538968953,65.39850025222273,65.83807672336923,1212100
2022-11-10,67.38108825683594,68.31407178641776,66.90562701021605,67.97316987803342,1465400
2022-11-11,69.53412628173828,69.937817982978,67.75786773877881,68.08979674144102,1618500
2022-11-14,68.52938079833984,69.85709011160719,68.52938079833984,69.14838119677839,1178800
2022-11-15,69.07660675048828,69.83913935224643,68.31407414873013,69.42647473063991,1506000
2022-11-16,68.34098815917969,69.04072414141335,67.7758183683727,68.82542234172318,1311300
2022-11-17,68.38584899902344,68.51144229167522,66.67238689391239,67.64125530378709,893700
2022-11-18,69.25604248046875,69.76738865455042,68.88823543667365,69.15736103947734,1184400
2022-11-21,68.69085693359375,69.18426402634432,68.27819229434822,69.16631821697837,943700
2022-11-22,70.06341552734375,70.10827320546655,68.89719118367921,69.00483866026073,856600
2022-11-23,70.14417266845703,70.41329826059096,69.70458923262393,70.04549123137794,715900
2022-11-25,71.00537109375,71.13993728205485,69.95576714474934,70.14415707064788,382500
2022-11-28,70.1082763671875,70.92463276013639,69.92885249092546,70.55682579136104,943800
2022-11-29,70.65550994873047,71.02331693175108,70.08136721109734,70.10827908249868,1215000
2022-11-30,71.5526123046875,71.77688703634584,69.34574976648801,70.4222657407194,2185100
2022-12-01,71.64231872558594,72.14469191957166,71.10406075426961,71.58849498175074,1611300
2022-12-02,70.55682373046875,71.22067494244527,70.0993014147656,70.87977985398616,1464000
2022-12-05,69.25604248046875,70.37741626962351,68.8433777473785,69.64179533771089,1015900
2022-12-06,68.29612731933594,69.69560606334561,67.65918801000765,69.26499563957636,1890600
2022-12-07,67.88346099853516,68.63702751012016,67.70404398565888,68.06288485573174,1620500
2022-12-08,67.82965087890625,68.32305802983753,67.61434905137337,68.02701373927876,1147100
2022-12-09,67.86552429199219,68.54732128337322,67.37211722369264,67.74889706985563,1160300
2022-12-12,70.2338638305664,70.43122665591741,67.66816078964423,68.03596772789982,2067800
2022-12-13,72.61117553710938,73.25708773684342,71.05021877297865,71.76790051586545,3792600
2022-12-14,72.56632995605469,73.52622551166559,72.11778050307161,72.1716042472467,2623800
2022-12-15,70.33255767822266,72.04601308028347,69.98268964208664,71.42701947098527,1801800
2022-12-16,69.19322967529297,70.1620980456674,68.62805988140164,69.45338915498542,3678900
2022-12-19,69.3547134399414,70.3504937617652,68.56526887564063,69.30986260174694,1473900
2022-12-20,70.4410629272461,70.61307133685116,69.33660096277744,69.57197980115404,1496100
2022-12-21,71.31014251708984,71.76279038782812,70.89370730483364,71.0295030474268,978700
2022-12-22,71.31920623779297,71.3373160227052,69.78925403509376,70.79413298508612,1254900
2022-12-23,72.87631225585938,72.92157980882395,71.18340661512363,71.3192023671585,1180500
2022-12-27,73.6729736328125,74.2342595451107,72.704307351608,72.88537066534572,1512500
2022-12-28,72.99398803710938,74.17087518135634,72.81293166423656,73.70012446777228,928100
2022-12-29,73.86308288574219,74.45152655208362,73.2927490037024,73.47381231242385,878300
2022-12-30,73.844970703125,73.85402559413482,72.96683276034206,73.24747912678141,1090900
2023-01-03,74.71405029296875,75.19385589138507,73.98981790347804,74.85890091498158,1217100
2023-01-04,76.44319152832031,76.56993240761113,74.94945184312424,75.13956316206048,1612900
2023-01-05,77.05878448486328,77.14025779527408,75.78231403355426,76.32549015687036,1575900
2023-01-06,77.92786407470703,78.3986148514056,77.17646690351351,77.17646690351351,1330600
2023-01-09,77.58385467529297,78.44388991119554,77.48427157527415,77.94597441110145,1540700
2023-01-10,77.67438507080078,77.71964571824016,76.81434988714392,77.63817240873384,1061300
2023-01-11,76.9320297241211,77.58383681025497,76.06293979556015,77.49330862386341,1458900
2023-01-12,76.36168670654297,77.41183297597789,76.2349458680743,77.19455704701072,1509200
2023-01-13,76.09915161132812,76.38884594869748,75.58313335704965,75.58313335704965,1404900
2023-01-17,75.75515747070312,75.97242654212029,75.01281514540685,75.97242654212029,1267600
2023-01-18,74.75932312011719,75.97241608430826,74.29762036340854,75.7551470427988,1262400
2023-01-19,74.3338394165039,75.03091415029375,74.1165703563025,74.50584783037858,1182100
2023-01-20,75.8456802368164,76.10821684493231,73.85403226009691,74.79554071121156,1651500
2023-01-23,76.53369140625,76.87770125026896,75.71892397898682,75.89998033755315,1013800
2023-01-24,77.982177734375,78.26281721525228,75.82757627003289,76.6151791762004,1425700
2023-01-25,78.54346466064453,78.57967732106127,77.45710556871843,77.7649097288314,1223200
2023-01-26,77.8825912475586,79.24053485477683,77.79206305511572,78.54346017542248,1455400
2023-01-27,77.20362854003906,78.17229481770813,77.02257213382134,77.76491445028867,1127100
2023-01-30,76.80528259277344,77.23077266978007,76.506540265964,76.72380929642303,1105900
2023-01-31,77.84638214111328,78.0093356576889,76.82340039680221,77.15836232166839,2309400
2023-02-01,79.33106994628906,79.50307836169019,77.22173594218306,77.47521766581063,2262600
2023-02-02,83.13330841064453,83.36868032713028,80.37215367581534,80.57131984119427,2857100
2023-02-03,83.02467346191406,83.93902411498878,82.72592420296016,83.05183122966287,2528300
2023-02-06,82.42716979980469,83.23288235722846,81.90209667723306,82.87076272418398,1617000
2023-02-07,82.30949401855469,82.96130811184905,81.576206617028,82.28233624914391,2094200
2023-02-08,84.0838623046875,87.37913810700329,83.98427922493141,84.27397357326055,3402200
2023-02-09,84.41883087158203,86.82692094417614,83.59500840247607,84.46409842299657,2550600
2023-02-10,82.50865936279297,84.20156500969325,81.9021128292686,84.01145371889571,2362200
2023-02-13,84.17440032958984,84.21060608089012,82.02884695498732,82.55392013799933,1960300
2023-02-14,84.35546875,84.61800537896671,83.13332071691029,83.9571363602768,1658500
2023-02-15,84.4007339477539,84.43693970320871,83.14236637963742,84.07482689378777,2308900
2023-02-16,84.3735580444336,84.70851994612417,83.31436371340577,83.42300168589254,1275000
2023-02-17,84.84431457519531,84.98915829642482,83.67648228695677,84.37355694076865,1945900
2023-02-21,82.78024291992188,84.62704701917185,82.73497537113872,83.73079928264437,1422900
2023-02-22,83.15141296386719,83.98428339329378,82.55392136253364,82.7349777491539,1954000
2023-02-23,83.22383880615234,83.92091349658101,82.67160784456172,83.22383880615234,1693800
2023-02-24,82.92510223388672,83.04279512010632,81.90212036353036,82.61730494624055,1299900
2023-02-27,82.40003204345703,83.73987305129607,82.2008727417459,82.97037289652098,1829400
2023-02-28,81.9926528930664,82.9341614981523,81.83875424113137,82.36382754323195,1730800
2023-03-01,82.8073959350586,82.83455370002692,81.36797223001665,81.69387922335227,1885800
2023-03-02,83.124267578125,83.124267578125,81.8115913124558,82.32760968872998,2032500
2023-03-03,83.015625,83.54069824000595,82.7530952868561,83.54069824000595,1663500
2023-03-06,83.10615539550781,83.62217371401206,82.43623154513769,83.25099912879143,2071200
2023-03-07,82.20085906982422,83.74891401506625,82.08316619877478,83.22384080832208,1499200
2023-03-08,81.53093719482422,82.32760191586249,80.7523822575507,82.2280188257327,1811400
2023-03-09,80.27183532714844,81.64041623640608,80.20796849648823,81.5218014359211,1525900
2023-03-10,79.79740905761719,80.9743897552915,79.32297062553717,80.13499493493845,1932500
2023-03-13,78.1368637084961,79.80653447774533,77.77190732206986,78.50182009492232,2955400
2023-03-14,79.71528625488281,80.18972461988834,78.59304673777046,79.62404194999128,2759600
2023-03-15,78.16423034667969,78.19160085613687,76.5128113071012,77.92701462407491,2691300
2023-03-16,79.66055297851562,79.77004198801022,77.00550888719285,77.17885778435374,2113800
2023-03-17,78.62042999267578,79.21348326581501,78.00913203217786,78.85765269412433,9950700
2023-03-20,80.90138244628906,81.32107978052109,79.05836311240382,79.13135576904318,1595600
2023-03-21,82.02362823486328,82.56193345686198,81.46707136681792,82.03275405788662,1459300
2023-03-22,79.96163177490234,82.46157132045917,79.9251354433148,82.16960762872235,1714100
2023-03-23,80.86489868164062,81.72254512799522,79.7974070160486,80.21710441548741,1827700
2023-03-24,79.9525146484375,79.99813680812525,78.19160648333954,79.6696767490733,2344900
2023-03-27,80.76454162597656,81.59481762502091,80.4908295417482,80.95614913419024,1411700
2023-03-28,80.95613861083984,81.63130335066367,80.36308539732164,80.57293060518953,1481600
2023-03-29,82.55281829833984,82.71704831531059,81.60393452928264,81.79553505558789,1646200
2023-03-30,84.61480712890625,84.69692561616196,82.9360176223849,82.9360176223849,1979800
2023-03-31,86.07463073730469,86.17499391606694,85.14399857901226,85.15312440279901,1673900
2023-04-03,86.85926818847656,86.95051248726021,85.74616152952039,86.05636987030424,2341300
2023-04-04,86.48521423339844,87.77167702250904,86.4213473851584,86.96877850735363,2463600
2023-04-05,85.44508361816406,85.76441782425313,84.55094088015105,85.76441782425313,1474400
2023-04-06,84.89765167236328,85.44508272866908,84.50532480583414,85.41771221999832,1294300
2023-04-10,85.04363250732422,85.18961783909022,84.37759357379214,84.60569043395371,1212400
2023-04-11,85.37210083007812,86.64944476317005,85.06189241140842,85.30823398147174,1675800
2023-04-12,85.39033508300781,86.22061097439412,85.05275619346867,85.57281674312965,1223500
2023-04-13,86.13850402832031,86.22061555901858,85.31735391651782,85.78266651240261,1241400
2023-04-14,86.68595123291016,86.80455911962554,85.81005993779249,85.87392679386465,1441700
2023-04-17,87.3246078491211,87.41584520803517,86.01076760567283,86.53082820854371,1770400
2023-04-18,87.7169189453125,88.3008462902599,87.21510312029692,87.77165995860037,2372700
2023-04-19,84.08563232421875,87.76255270353433,83.81191329965428,87.54357469949716,3264700
2023-04-20,84.17687225341797,84.76079969344939,83.10937359373676,83.13675106580176,1508800
2023-04-21,85.6275634765625,85.72792665608813,83.77541800871234,84.19511541356317,1647900
2023-04-24,85.56369018554688,86.24798074296291,85.372089664786,85.74617184410259,1488500
2023-04-25,84.93414306640625,85.59106313400642,84.59656417014106,85.30822525638668,1224400
2023-04-26,82.60755920410156,84.8246609496944,82.32472132674664,83.8027845164994,1867900
2023-04-27,82.35208129882812,82.67141546804056,79.85213503479288,81.59479815400805,2227500
2023-04-28,82.63494110107422,83.31010594697861,82.04188779437668,82.04188779437668,2034300
2023-05-01,84.10387420654297,85.17136583701692,82.86302673556062,82.86302673556062,1977700
2023-05-02,83.06376647949219,83.88491669725369,81.77729664483837,83.76630185632074,1813700
2023-05-03,79.41419219970703,83.63854293384698,79.04923588396488,83.40132724543292,2531300
2023-05-04,80.03463745117188,80.17149697663672,76.72266617097411,78.08212864003634,2529300
2023-05-05,81.88677215576172,81.93239431182172,80.19885679599726,80.6641763361472,1555800
2023-05-08,83.92140197753906,84.04000984187813,81.62218167077694,82.7809176478653,2246900
2023-05-09,83.6385498046875,84.37758831904152,83.61117929692685,84.1768619808457,1980300
2023-05-10,83.15499114990234,84.32284596531949,82.29734472440872,84.1494970842885,1291000
2023-05-11,83.14586639404297,83.48345225885089,82.23347893766208,82.73529482305712,1428200
2023-05-12,84.70604705810547,84.84290656705721,83.07287965709624,83.43782906634921,1668300
2023-05-15,83.68417358398438,84.75166517316747,83.01812771802844,84.73342048796037,1602500
2023-05-16,83.83015441894531,84.16774027341432,82.47069909964237,83.48344970208575,1101900
2023-05-17,84.78816986083984,85.07100775568733,83.72979702947067,84.47795449403834,1552000
2023-05-18,85.96514892578125,86.00164526006192,84.80641293550306,85.00713929356473,1386400
2023-05-19,85.1257553100586,86.46695906855871,84.96152528398207,86.09288381864026,1186500
2023-05-22,84.66956329345703,85.68231398142328,84.34110323460504,85.44509128092702,934500
2023-05-23,83.97613525390625,84.91589314114243,83.91226841577262,84.52356628947494,1059900
2023-05-24,82.92689514160156,83.7845415759157,82.73529461156701,83.7845415759157,1192300
2023-05-25,81.31196594238281,83.17323703589331,81.03824694355707,82.5893027076675,1637600
2023-05-26,82.0692367553711,82.52543041595895,81.5583020830208,81.71340625698959,1241700
2023-05-30,82.45245361328125,82.9998846728358,81.54006619370247,81.81377824299796,1536000
2023-05-31,80.46345520019531,82.64406075064012,79.59668290564368,82.34297120744962,3412100
2023-06-01,81.47620391845703,81.67692331480268,80.15323790935453,80.90139535689512,1368100
2023-06-02,83.31922149658203,83.70242255421954,81.68604712888259,81.7864103050682,1368100
2023-06-05,83.07286834716797,83.36483201139932,82.43419304599996,82.95425354044212,1063400
2023-06-06,84.67867279052734,84.92502128790048,82.7991569646238,83.16411331864404,1553400
2023-06-07,86.49433135986328,87.3519708127049,84.67867535783017,85.02538703709463,2212200
2023-06-08,86.82521057128906,87.30318517315217,85.88765579493287,86.40239120056027,1061000
2023-06-09,86.8528060913086,87.24805145027749,86.3196901523761,86.80685156890262,1242500
2023-06-12,87.59734344482422,87.63410425813669,86.27372975771088,86.88957506550832,1339000
2023-06-13,87.66168212890625,88.37863717852858,87.17451371130176,87.26643677940349,1071700
2023-06-14,86.97230529785156,88.81984123973626,86.5310983934824,87.82713797721084,1156900
2023-06-15,87.87308502197266,88.14884019032762,86.4575553823913,86.88956854019963,990500
2023-06-16,87.45946502685547,88.44298157322959,87.24805178219754,87.74440691019183,2586400
2023-06-20,86.08069610595703,88.09368355726326,86.07150239709172,86.94471539517826,1772600
2023-06-21,86.86200714111328,87.42270425616556,85.91525834404848,86.22777436870254,1207000
2023-06-22,87.45946502685547,87.88228450342562,85.74979970134596,87.34916154971928,1409400
2023-06-23,85.64868927001953,87.1745154551431,85.4464697365433,86.74250928505238,2137000
2023-06-26,86.62301635742188,87.1377589259592,85.61192565308345,85.85091302373485,1068600
2023-06-27,88.93013763427734,89.36215079443659,86.77927255528698,86.77927255528698,1153100
2023-06-28,88.68197631835938,88.93934410702862,87.66169186131611,88.79227279193404,1569700
2023-06-29,86.52191162109375,88.1948092875205,86.42080184350095,88.12128064151824,1303000
2023-06-30,87.45946502685547,87.69845238761101,86.61382607371516,87.08260007286611,1231900
2023-07-03,87.8363037109375,88.2131685823033,86.93551672308976,87.26642006920564,608500
2023-07-05,86.4115982055664,87.29400489932387,85.8325137723776,87.06421127034291,1390400
2023-07-06,84.70195007324219,86.47595752612793,84.41700114735362,86.47595752612793,1294100
2023-07-07,85.47404479980469,86.12665792969143,84.04932836562796,84.32507654026908,1338400
2023-07-10,85.60272216796875,85.92443886634696,84.82142521350421,84.92253497366677,1294700
2023-07-11,88.47975158691406,88.67277741711635,85.61192422516746,85.85091159183281,1280700
2023-07-12,87.49623107910156,89.39892219147437,87.42269542916793,89.19670266052968,1706000
2023-07-13,88.60842895507812,89.17831269391868,87.56057051806992,87.74440262490648,1149000
2023-07-14,88.50732421875,88.56247245138371,87.72602720120737,88.27753056578183,1010400
2023-07-17,90.29052734375,90.56627552618126,87.4043125425321,88.44298436665304,1785300
2023-07-18,90.00556945800781,91.20969287653973,89.67466606191074,89.9044596973812,2935800
2023-07-19,80.68514251708984,83.87467939246447,79.13173525193443,81.54916885573185,8150100
2023-07-20,81.04362487792969,81.6962380191415,79.94981184453748,80.8689864681168,4470500
2023-07-21,77.0360107421875,79.26041830820286,76.76026260648773,78.94789533911609,4334500
2023-07-24,76.37421417236328,77.10036294812552,75.20686551559719,76.33745335956768,2637500
2023-07-25,75.92381286621094,77.05440059528814,75.49179972593546,76.36501971512386,2284800
2023-07-26,76.20877838134766,76.81543004180007,75.58373929960325,76.0249392321602,1719500
2023-07-27,75.68482971191406,76.42936587228853,75.2252424330822,76.42936587228853,2488900
2023-07-28,75.87786865234375,76.40179791190575,75.39989391671946,76.25472660471492,2020400
2023-07-31,77.78055572509766,77.95519412717161,76.2914903762972,76.2914903762972,5232400
2023-08-01,76.15361785888672,77.52318611498639,75.67565012957708,77.2198638121293,1782800
2023-08-02,75.98815155029297,77.3485328478924,75.82269986562201,76.05249348251252,1874400
2023-08-03,75.29877471923828,75.90543326633143,74.95868463624215,75.68482633316391,1418800
2023-08-04,75.00464630126953,76.38340820758972,74.3979947091164,74.6645561858678,2134600
2023-08-07,74.92192077636719,75.84109534160824,74.49910131788575,75.42746257960253,1878500
2023-08-08,73.87406158447266,74.68293266910044,73.84648045708876,74.37041668620289,2030900
2023-08-09,73.82808685302734,74.58180957363189,73.39607376693498,73.69020929173811,1350200
2023-08-10,73.36852264404297,74.70132312434413,73.16630309249464,74.14063302152324,1128300
2023-08-11,73.45124053955078,73.87405998459099,72.87215609370068,73.00083996772399,1387600
2023-08-14,73.4880142211914,73.55235616947255,72.89055627832926,73.35014362683638,1589600
2023-08-15,73.589111328125,73.89244060897084,72.28388516616101,73.01003389330174,1395000
2023-08-16,73.0927505493164,73.99354461281925,72.92729886470342,73.13871207777626,1201900
2023-08-17,72.28388977050781,73.66265166645506,72.27469606096605,73.34094195994983,1230300
2023-08-18,73.45124053955078,73.70860828759741,71.70480751856196,71.98055567172113,1478400
2023-08-21,72.9181137084961,73.62587497760396,72.23791953920357,73.35931353494794,804100
2023-08-22,72.74346923828125,73.04679850579502,72.3666113405857,72.70670141681792,1018000
2023-08-23,73.61669158935547,73.95678872167932,72.74347850972785,72.85378198817645,865900
2023-08-24,72.89054870605469,74.3152651307715,72.8170130548737,73.35013600681734,657400
2023-08-25,73.40528869628906,73.73619213395159,72.78944335892952,73.46043693165078,1557100
2023-08-28,73.93840789794922,74.28769172528108,73.54316253500323,73.92002047860527,586400
2023-08-29,74.18657684326172,74.38879636563121,73.57992528889852,73.9567832065228,952800
2023-08-30,74.35202026367188,74.65534951345262,73.91082045739486,74.42555590229954,1106900
2023-08-31,74.46234130859375,74.57263777984127,73.94759872936949,74.57263777984127,2159500
2023-09-01,73.72698974609375,74.82080970366522,73.07437665772402,74.73808034761383,1461800
2023-09-05,73.23063659667969,73.9016371210251,72.74347519470413,73.35013377940646,1336200
2023-09-06,73.69022369384766,73.94759145175767,72.41257160083336,73.10195252926894,1022800
2023-09-07,73.13872528076172,73.72699648497031,72.85378338855797,73.59831259734631,1466600
2023-09-08,72.52287292480469,73.39608593651448,72.02651782951078,73.36851182223347,1054500
2023-09-11,73.0100326538086,73.59830378760091,72.57801950589187,73.0100326538086,875300
2023-09-12,72.67913055419922,73.11114370978233,72.29307893068696,72.52287256555071,778400
2023-09-13,71.48421478271484,73.1295383706029,71.28200223532204,72.79863491087421,1599000
2023-09-14,72.05409240722656,72.27469233563873,71.41985972370311,71.87026030234063,2143500
2023-09-15,71.15331268310547,72.37580963208525,70.88675119434785,72.34823551475618,3101600
2023-09-18,71.18087768554688,71.56692930421089,69.80211589367958,70.68452259894524,1444500
2023-09-19,70.56502532958984,71.64046485552181,70.50068339323025,71.13491606073562,1099500
2023-09-20,69.43331909179688,70.68562205422776,69.26634489165428,70.49082000027425,1738700
2023-09-21,69.28489685058594,70.01772761983273,69.12719389413982,69.38693702587832,1733100
2023-09-22,68.40362548828125,69.62810022906186,68.19954518527197,69.46112607907926,1064100
2023-09-25,69.01588439941406,69.57246268544222,68.09752987360375,68.09752987360375,1188800
2023-09-26,68.14390563964844,68.82108070759674,68.1346273298747,68.4407478569175,1311500
2023-09-27,68.07898712158203,68.75616234366554,67.42964683515537,68.41293557668098,1357900
2023-09-28,68.69122314453125,69.29417890342276,67.77286142349645,68.29234069081413,1209100
2023-09-29,69.09009552001953,69.24779140081016,68.6170008003709,69.11792337224414,1325700
2023-10-02,68.05113983154297,68.97877259143065,67.4017997305321,68.6262746904928,1385000
2023-10-03,67.2255630493164,68.18102388431029,66.97509818197592,67.83779713462363,1045700
2023-10-04,67.99549102783203,68.06042504451973,66.9750892266296,67.03075201041693,1357000
2023-10-05,67.63371276855469,68.2366684438811,67.51311597166796,67.99548900466125,1112500
2023-10-06,68.87673950195312,69.37766209305876,67.36470049572324,67.37397172863623,1202200
2023-10-09,69.47970581054688,69.9249656404577,68.44075441195929,68.58917907344784,899000
2023-10-10,69.83219909667969,70.26818766405529,69.27562080786532,69.85075571676376,1579200
2023-10-11,69.42403411865234,70.4908132351112,68.86745586401882,69.86002265925282,1426600
2023-10-12,70.10120391845703,70.79692845400237,69.73014941737766,70.66706044021599,1808600
2023-10-13,69.155029296875,70.2589075358962,68.98805510682385,69.88785299386291,1371900
2023-10-16,70.51864624023438,70.55575240355877,69.40548964961027,69.60957000925599,1580800
2023-10-17,71.00102233886719,71.2885862703989,70.26819150557537,70.3238472143164,1971800
2023-10-18,69.87858581542969,70.43516412213182,69.21996732681649,69.75798901283817,2458000
2023-10-19,68.84890747070312,70.44443701726763,68.83035085144915,69.8693021340968,1731800
2023-10-20,68.58917999267578,69.44260057584017,67.97693887174643,68.40364916332864,1904800
2023-10-23,70.11048889160156,70.79693518361931,68.45002532632455,68.58917166211539,2007600
2023-10-24,69.099365234375,70.62996076859017,68.33870662208238,70.49081443324758,1905300
2023-10-25,69.0066146850586,69.68378985354938,68.72832196874121,68.92313111653004,1408700
2023-10-26,68.90457153320312,69.66523023753483,68.45003338821012,68.75615394754881,1367900
2023-10-27,68.63555145263672,69.47970072924292,68.51496173195449,69.0344338546187,1333600
2023-10-30,69.12721252441406,69.36839910167726,68.25524226047249,68.63556813492731,1161200
2023-10-31,69.48898315429688,69.55391717347523,68.72831739066858,69.27562447569525,1079300
2023-11-01,69.09009552001953,69.82291921952343,68.3479864334051,69.64667379634199,1096600
2023-11-02,71.05667877197266,71.07523539326037,69.47042736118718,69.73016344099615,1011100
2023-11-03,72.03068542480469,72.3460771669674,71.41844440445163,71.79877723417574,730000
2023-11-06,71.48338317871094,72.06779638750065,71.10305740091654,71.88226557626709,793900
2023-11-07,71.1123275756836,71.19581112323074,70.55574228293202,70.70416691493936,924800
2023-11-08,70.1939697265625,71.48337870552247,70.06410170546411,71.10305295152757,900900
2023-11-09,69.55392456054688,70.62997514653983,69.13648546954221,70.62997514653983,905800
2023-11-10,70.2589111328125,70.34240177075075,69.02516480250931,69.47970292419996,923600
2023-11-13,70.2310791015625,70.33311927670768,69.41476477767777,69.97134304747539,940500
2023-11-14,72.56873321533203,72.97688692565882,71.01030948126004,71.18655493995276,1039100
2023-11-15,72.5130615234375,73.40358825115162,72.40175010577155,72.5130615234375,1345300
2023-11-16,71.39990997314453,73.20879141194266,71.33497594911788,72.50379545887549,1538000
2023-11-17,73.3386459350586,73.34792424457355,71.55759268111835,71.84515658059343,1666900
2023-11-20,73.44068908691406,74.0158239864703,72.6150964385066,73.21805919045998,1152200
2023-11-21,72.97686004638672,73.59837223330015,72.95831050709067,73.31080837192017,745000
2023-11-22,73.61695861816406,73.96945662553225,73.05110189760038,73.2737318455551,787000
2023-11-24,74.29411315917969,74.29411315917969,73.41286476361459,73.92306567301152,387500
2023-11-27,73.46851348876953,74.04364836131383,73.42213609604471,73.765355695859,942500
2023-11-28,73.4128646850586,74.02510577567978,73.19023477814049,73.46852039246883,1469600
2023-11-29,74.01581573486328,74.36831362139063,73.43140966784468,73.81173540366682,1113800
2023-11-30,74.7950439453125,74.96201816327604,73.92307376463881,74.31267791412778,1742000
2023-12-01,75.88964080810547,75.9545748241844,74.21990593295715,74.8970739467407,825600
2023-12-04,76.42767333984375,76.8729402416221,75.67629296269992,75.72267036089356,957900
2023-12-05,75.50931549072266,76.18648350871221,75.06404860821797,76.1029999492109,1145700
2023-12-06,76.0195083618164,76.58536496006157,75.59279810494377,75.86181247765678,1217600
2023-12-07,76.15866088867188,76.56682163590756,75.51859899001657,76.17721751024304,1235500
2023-12-08,76.01024627685547,76.25142574849829,75.54642980131162,76.11228646765734,1077500
2023-12-11,77.96754455566406,78.71892490601036,76.30708089036098,76.31635212330266,2116200
2023-12-12,77.8840560913086,78.49629719184122,77.57793554104228,78.05103029351956,1219500
2023-12-13,77.8562240600586,78.10668181129901,76.96569738847052,77.90260853268087,1543700
2023-12-14,80.17530059814453,80.18457890748238,77.59648262978159,78.41279691960234,2259400
2023-12-15,80.51853942871094,82.23465889696432,79.6001777520594,80.04544466291567,4376600
2023-12-18,80.07325744628906,80.4072057972554,79.32187719525284,80.29588732117458,1059600
2023-12-19,80.40721893310547,80.62984884436128,79.95268080008566,80.40721893310547,1114400
2023-12-20,79.52596282958984,80.7782656905377,79.47030004920163,80.2216874275916,1143800
2023-12-21,80.83534240722656,80.95692487228426,79.7971927011849,80.07777640275181,850200
2023-12-22,80.50799560546875,81.44326505125103,80.18065272655286,80.9849778852292,1227400
2023-12-26,81.08786010742188,81.36844380233549,80.29288248588632,80.80728354804803,865600
2023-12-27,81.03174591064453,81.62096310504664,80.62022506249971,80.9569226408837,822200
2023-12-28,81.11592864990234,81.42456216864655,80.83534493954562,80.98498435233975,718400
2023-12-29,80.91016387939453,81.29362065176429,80.49864302906035,81.11592430456162,763300
2024-01-02,81.60226440429688,81.76125850779856,80.58282406774369,80.66699489823044,1332200
2024-01-03,79.48854064941406,81.43390262440391,79.46048371039173,81.20008528516588,1435200
2024-01-04,79.58208465576172,80.42382869977827,79.13315925597993,79.7971997974984,1196800
2024-01-05,80.32093048095703,80.81662923815826,79.96553069112385,79.96553069112385,1117600
2024-01-08,82.50949096679688,82.51884566139603,80.31160868171958,80.44254586394266,900900
2024-01-09,82.66847229003906,82.70588392709848,81.41521455847901,81.92960851308075,1792900
2024-01-10,82.51883697509766,83.66921454575528,82.1821393603831,82.6778310888405,1959300
2024-01-11,83.3792724609375,83.9684896425786,81.73319623954794,83.39797471020279,1983200
2024-01-12,83.0145263671875,83.8095040490683,82.29436482549502,83.8095040490683,1245200
2024-01-16,82.71524047851562,82.98646950163473,82.08860446311753,82.71524047851562,2272700
2024-01-17,81.97637939453125,82.76200240977566,81.53680155410329,82.18213984201161,1426300
2024-01-18,82.24760437011719,82.56559258378309,81.21880218345648,82.3785415328667,1455800
2024-01-19,82.19149017333984,82.77135989620967,81.03175786314098,82.48142860254515,1578900
2024-01-22,83.03323364257812,83.29510798793366,82.29436980501599,82.39725003148293,1243900
2024-01-23,83.69725799560547,84.14619045468525,82.96774899319774,83.4447383930564,1269700
2024-01-24,83.3792724609375,84.68865111123512,83.30444919279715,84.17425006219476,1623700
2024-01-25,85.0908203125,85.12822481237326,84.03396123481436,84.1274867555772,1294800
2024-01-26,85.00664520263672,85.84838918883959,84.49224411786271,85.43686832102038,1312300
2024-01-29,85.4275131225586,85.53039333890473,84.36130645818957,85.10017022306636,1007900
2024-01-30,85.46493530273438,85.7735759898495,84.77283778191881,85.26852953880865,1009200
2024-01-31,84.5296630859375,85.801630300844,84.5296630859375,85.31529325304597,1974000
2024-02-01,83.99655151367188,84.89440937742893,83.26704244534051,84.66994669537466,1675300
2024-02-02,84.1368408203125,84.71671046157768,83.40733177405166,83.79078854697912,1818600
2024-02-05,83.05194091796875,83.54763264986096,82.42530488118861,83.34187220216067,1657800
2024-02-06,83.2389907836914,83.66921392473552,82.84617928128684,82.86488153283638,1806300
2024-02-07,80.73245239257812,84.97857622333446,80.4986350481678,84.08071847706347,4400800
2024-02-08,81.02238464355469,81.10656259909001,79.1237889245568,80.95691607171128,2633700
2024-02-09,79.11444854736328,81.47133183124922,78.98351137998523,81.05046338403982,1639800
2024-02-12,80.85404205322266,81.34974086143046,79.21732049639192,79.21732049639192,1316600
2024-02-13,79.62884521484375,80.97563558761509,79.06768493803571,80.38641123175759,1914800
2024-02-14,80.23677825927734,80.33030379032635,78.96481105749696,80.14325272822833,1286200
2024-02-15,81.3965072631836,82.70588605173965,80.33965524738082,80.51735160855276,1417400
2024-02-16,81.84544372558594,82.23825524040855,80.85405310914798,81.19075073200756,1234000
2024-02-20,82.64041137695312,82.73393689733963,81.5648500536588,81.70514190200846,1423400
2024-02-21,82.88358306884766,82.93034226106252,82.15406688778998,82.48141691099295,1114700
2024-02-22,82.59363555908203,83.16415044409,82.06988699666384,82.67781351263581,1290800
2024-02-23,82.86487579345703,83.22963032550346,81.85478302677157,82.83681885030576,1359000
2024-02-26,83.3231430053711,83.66919523382677,82.64040037545386,82.87421771306312,1484000
2024-02-27,83.38864135742188,83.62245875853326,82.75265774097728,83.3325203289874,753800
2024-02-28,82.39724731445312,83.33251688019162,81.76126372432932,82.93970537511117,1331100
2024-02-29,82.66847229003906,82.9771129441242,82.15407119989715,82.60300370907011,1649500
2024-03-01,82.71524047851562,82.9303484770147,82.00443362949798,82.64977189607586,1157900
2024-03-04,83.42603302001953,83.84690855855644,82.5375298867856,83.13610177064545,1583100
2024-03-05,83.29509735107422,84.54836216092792,82.85551955513014,83.35121837186995,1384200
2024-03-06,84.73542022705078,84.85700983590527,82.99581828449965,83.68792289255319,1261600
2024-03-07,86.73690795898438,86.82108594050455,84.87572329730362,85.02536987087664,1594100
2024-03-08,86.40705871582031,87.34001543155316,86.38820703843919,86.78400598574302,1628500
2024-03-11,88.97034454345703,89.06458136531137,86.45417754211347,86.45417754211347,1842300
2024-03-12,89.3849868774414,89.8373336824057,88.65935544946682,89.1870873970847,1941000
2024-03-13,90.15773010253906,90.52525869441784,89.28131410887246,89.38497675681856,1740600
2024-03-14,87.29289245605469,89.77136314807211,86.56726106074296,89.66770049305498,3133600
2024-03-15,86.9442138671875,88.16930683717706,86.61438142102908,86.61438142102908,6518800
2024-03-18,87.40599822998047,87.97142643016397,86.60497434723638,87.09501020344618,1797300
2024-03-19,87.97140502929688,88.75358423067107,87.20807750423488,87.52848410346311,1922900
2024-03-20,88.82898712158203,88.85725744960487,87.54734619261552,87.95257100383006,1154100
2024-03-21,88.8760986328125,89.47922290756391,88.42375902165318,88.80071349082495,1130700
2024-03-22,88.5556869506836,89.8467464073785,88.3766319703445,89.18708151635249,1317400
2024-03-25,87.99026489257812,89.55461625107216,87.91487255993036,88.46145618691382,1684700
2024-03-26,87.43425750732422,88.32009946249535,87.39656134010325,88.07507797046337,1525300
2024-03-27,89.67713165283203,89.71482062979442,87.76408893569732,87.76408893569732,1262300
2024-03-28,91.18495178222656,91.87288712479884,90.53470542050508,90.85511927621182,2248300
2024-04-01,91.01531982421875,91.49592980835878,90.28026249336065,91.49592980835878,1217700
2024-04-02,89.81848907470703,90.90223057228235,89.22479058690222,90.75145308529774,1106100
2024-04-03,89.3472900390625,90.28967261832419,89.0457279012911,89.68654834278139,1161200
2024-04-04,87.77352142333984,90.11063361151061,87.71698076380488,90.11063361151061,1278900
2024-04-05,87.28347778320312,88.0468053778201,86.49187267154119,87.59445857261207,963200
2024-04-08,87.71696472167969,88.14103397025434,87.51906525969099,87.85832353447387,1178000
2024-04-09,88.52742767333984,88.77244198355066,87.43426035771996,87.64158568928987,1081600
2024-04-10,86.4730224609375,87.61330445280119,86.03010152405488,87.36828298328587,1148300
2024-04-11,87.24578857421875,87.50965456921142,86.35994657119267,86.71804939442427,1108800
2024-04-12,85.37044525146484,87.23636615900455,85.10657924611384,86.7369044789031,1508600
2024-04-15,85.33274841308594,87.22693228700007,84.81443510043754,86.02068369371881,1647800
2024-04-16,85.7191162109375,86.03953001785531,84.57883418388167,85.08772162559232,2850600
2024-04-17,87.1232681274414,88.67820084885962,85.90760090558884,87.97141390183394,3503200
2024-04-18,86.22801208496094,88.1222032160394,86.18089007675047,87.70755255117611,1601500
2024-04-19,87.28347778320312,87.48137726366647,85.77565989238202,86.58610949226538,2378400
2024-04-22,88.3672103881836,89.15881548535073,86.90652171918357,87.92429661990913,1893700
2024-04-23,88.7912826538086,89.63000252585448,87.79235947807035,88.32009139131952,1436800
2024-04-24,90.44988250732422,90.55353797571586,88.02795958264747,88.3106700406226,2167700
2024-04-25,91.1378173828125,91.64670483283611,89.60173638371398,89.80906169925788,2094900
2024-04-26,90.36507415771484,91.12840182395523,90.12947848889407,91.12840182395523,1723200
2024-04-29,90.36507415771484,90.89280615513445,89.88445698017387,90.67606216611249,1702700
2024-04-30,87.49079132080078,90.51584559287535,87.4342506692956,89.76193668703473,1483400
2024-05-01,88.2541275024414,89.54518699822344,87.50021858432285,87.50021858432285,1224600
2024-05-02,87.29289245605469,89.13054273060628,87.14211498772592,88.84782509150351,1623000
2024-05-03,87.40599822998047,88.1693259407377,87.17040254741988,87.85834510401305,1436600
2024-05-06,87.82064056396484,88.34837254187612,87.07615741523489,87.93372187934071,1396600
2024-05-07,89.2436294555664,90.97761718043313,88.27297652672317,90.58181821349275,1864600
2024-05-08,89.59232330322266,89.87504099009882,88.85726594511593,88.91380660656739,1594800
2024-05-09,90.17659759521484,90.31794924010892,89.33787761640141,89.59231776701972,1810800
2024-05-10,90.29910278320312,91.16609307210456,90.0446626381288,90.23313628708691,1029200
2024-05-13,90.75144958496094,91.26032987498918,90.29910276183614,90.35564341854842,822000
2024-05-14,91.01531982421875,92.27810914855257,90.58182465960523,91.42996330917433,1153600
2024-05-15,92.0330810546875,92.41002831370967,91.01530619978821,91.36398313336453,1377500
2024-05-16,91.08128356933594,92.34407285548622,90.8645323986786,91.76921887005692,1369700
2024-05-17,90.59123992919922,91.4016895688287,90.28025912453913,91.4016895688287,1042700
2024-05-20,90.66661834716797,91.01530245621055,90.05406829173978,90.78912548233049,905500
2024-05-21,89.49807739257812,90.66662981283527,89.13054875080523,90.47815616724205,1287200
2024-05-22,89.77136993408203,89.86560675763711,88.77243947293364,88.97976479864008,1091900
2024-05-23,88.7912826538086,89.76193550416677,88.6216535117202,89.63942836425052,1117000
2024-05-24,89.62999725341797,89.67711925281819,88.546255975482,89.26246866548081,1002500
2024-05-28,87.8394775390625,89.62058000195826,87.40598242431729,89.52634318393685,1601500
2024-05-29,85.86990356445312,87.28347743916979,85.78508539326968,87.03845595440585,1586300
2024-05-30,85.4929428100586,86.34108851051711,85.1254142048279,86.23742585880507,1621800
2024-05-31,87.60388946533203,87.7829444679033,85.3515955279933,85.3515955279933,2055900
2024-06-03,85.1536865234375,88.01853029549612,84.92751672795629,87.43425053487748,1511200
2024-06-04,85.96414184570312,86.33167048419065,84.8144339243591,84.8144339243591,1241800
2024-06-05,86.0489501953125,86.41647882255319,85.23850060965138,86.0489501953125,1208100
2024-06-06,85.7191162109375,86.26569981756839,85.398709593828,86.02067834049105,919800
2024-06-07,85.84162139892578,86.70861879272252,84.99348287187196,85.3515856457434,1387400
2024-06-10,85.43325805664062,85.87011022304259,84.65452032601323,85.60420083875333,1339500
2024-06-11,85.13885498046875,85.27180966568636,84.2366541930784,84.88243719791552,1391400
2024-06-12,84.68302154541016,86.36396034790167,83.79981825397097,85.69917954777668,1287100
2024-06-13,84.8919448852539,84.93943181156449,83.0685599445357,84.31263916260578,1567600
2024-06-14,83.96126556396484,84.4455974545987,83.43893833427579,84.12270952750946,1233300
2024-06-17,85.54723358154297,85.63270136110022,83.7618293455835,84.103714954789,1375000
2024-06-18,86.57288360595703,86.81979533560028,84.82546760228165,85.42376374863093,1535700
2024-06-20,85.23384094238281,86.62037386429888,84.79698869949051,86.3354740078849,2010200
2024-06-21,85.9176025390625,86.02206798165915,84.426604330305,85.2718194600504,5277300
2024-06-24,86.16453552246094,87.79798028619233,85.68019632310167,86.67735673885436,1326000
2024-06-25,85.28131866455078,86.06954803644415,83.93276673940294,85.85112556133087,1474800
2024-06-26,84.22718048095703,84.77798975997823,83.67636395644737,84.48359107244202,1124000
2024-06-27,84.51207733154297,84.63554045069651,83.83780495293101,84.23666907906966,1041700
2024-06-28,85.18634796142578,85.63269900815116,84.52157443150801,84.68301839656118,2234600
2024-07-01,83.2774887084961,86.37344204609798,83.19201369240953,85.11037243693555,1398500
2024-07-02,84.59754180908203,84.78747501342453,82.88811398805036,83.26798764222265,981500
2024-07-03,84.74000549316406,85.96508712535639,84.5595638555674,85.27182432546388,633800
2024-07-05,84.42660522460938,84.825469330301,83.69534711868687,84.29365052271217,1748600
2024-07-08,85.10088348388672,85.38579057660581,84.30314797156625,84.77798829577252,1138700
2024-07-09,85.9555892944336,86.19300943382619,84.7684885974706,85.14836226959628,1263000
2024-07-10,86.57288360595703,87.63652119946687,86.01256830610079,86.64885254443081,1642900
2024-07-11,87.62702178955078,88.32029178404224,86.62036271788011,87.14268992232489,1717400
2024-07-12,88.6052017211914,89.45990845364028,87.79796742534185,88.32029464671652,2047200
2024-07-15,89.03255462646484,89.43141873227432,88.46274772595304,88.81412490443327,1869100
2024-07-16,90.55204010009766,90.73248172535898,88.85211102536321,89.38393706679456,2750400
2024-07-17,86.91475677490234,87.70299333428717,84.25565570374881,85.99357276972147,4684500
2024-07-18,87.45608520507812,89.65935120889918,86.81980092577885,87.30414007285938,2322600
2024-07-19,86.42093658447266,87.99740989450724,85.9271058491476,87.99740989450724,1654500
2024-07-22,87.13319396972656,87.49406998487677,85.26232205164348,86.43992395230698,1727100
2024-07-23,87.62702178955078,87.88343959736464,86.5348949456006,86.99073755539999,1328200
2024-07-24,86.18351745605469,87.7789812095235,85.74666523427597,87.7789812095235,1422800
2024-07-25,88.6526870727539,89.96325100456549,86.15502957601488,86.40194857331811,2262700
2024-07-26,90.6280288696289,90.92242756605462,88.96608765602033,89.19400899372124,2018300
2024-07-29,90.6755142211914,91.35927822236987,90.0487214965838,90.99840217351274,1709000
2024-07-30,92.99272918701172,93.12568390077165,90.93192387824446,91.14085478429249,1239200
2024-07-31,93.106689453125,93.74297373370047,92.61285147007527,93.23014532614336,1393900
2024-08-01,90.07720947265625,93.73347857757808,88.69067657357759,93.20165972464065,2366200
2024-08-02,87.37062072753906,89.4884117875367,86.48741742384331,89.26998204770295,1867800
2024-08-05,85.36679077148438,86.60137848174395,83.64787115939721,86.60137848174395,1582600
2024-08-06,86.7723159790039,88.16834032570243,85.0913773186413,85.43326290225784,1721800
2024-08-07,86.06954956054688,88.59570341650459,85.90810559860645,87.51306811980498,1134100
2024-08-08,88.86161041259766,89.00406394682251,86.39244238615514,86.39244238615514,1236700
2024-08-09,88.62419891357422,89.30797014814645,87.72200518464547,88.74765479101538,756000
2024-08-12,89.34595489501953,90.2196593306731,88.54821940275762,88.62419559163746,1807200
2024-08-13,89.65934753417969,90.37160797314017,89.06104412834064,89.62135944130992,1090700
2024-08-14,89.69733428955078,90.76097922349858,89.37444634712226,90.03921990240941,922900
2024-08-15,91.3592758178711,91.39726391340707,90.27664045430522,91.04588670930399,1185900
2024-08-16,91.72015380859375,91.98606321650878,91.00789336075509,91.22631584061902,2755800
2024-08-19,92.03355407714844,92.3944301110979,91.54921492318573,91.87210286216869,638300
2024-08-20,91.42575073242188,91.7961328426355,91.09336396221804,91.77713517263061,1010100
2024-08-21,92.39442443847656,92.45140295468396,91.48273195171907,91.8151187054086,653100
2024-08-22,92.41341400146484,92.93574121346131,92.08102725087062,92.66983181298593,701800
2024-08-23,93.50555419921875,94.09435879969871,92.44190928252571,93.03071388300569,735000
2024-08-26,93.88542938232422,94.8635992898756,93.258636677201,93.88542938232422,1025900
2024-08-27,94.12284851074219,94.65466734889483,93.79995332651504,93.80945216162155,772800
2024-08-28,93.78096008300781,94.48372170451344,93.25863285017306,93.94240404752472,887300
2024-08-29,93.66699981689453,94.5312126854518,93.2871333536268,94.20831749708822,1240400
2024-08-30,95.37641906738281,95.54736185824744,93.69548766178704,94.01837557481596,1426200
2024-09-03,94.33177947998047,95.07252921809517,93.74297487624116,94.99655302816335,958700
2024-09-04,93.78096008300781,96.99087793114418,93.401086390536,94.28428964620055,1663700
2024-09-05,94.8825912475586,95.08202330204803,93.2681298968775,94.18932122867714,1222900
2024-09-06,93.77145385742188,96.22163137298753,93.72397417803512,94.82559982933995,1063400
2024-09-09,93.92341613769531,94.37925878447395,93.09719137786273,94.0278815870588,1364100
2024-09-10,94.5217056274414,94.92056972646691,93.61001315303125,94.06586301298019,941900
2024-09-11,93.3441162109375,94.37926468876691,92.28047122609951,94.15134335111901,1038700
2024-09-12,93.59102630615234,93.83793804613431,92.19499466072818,93.03071098283452,1259800
2024-09-13,94.9395751953125,95.18649419163319,93.84744100497807,93.84744100497807,723300
2024-09-16,96.00321960449219,96.86743252940286,95.4334126269464,95.75630783636527,1199500
2024-09-17,96.61101531982422,97.57968639087203,95.9462345202333,96.84843548135919,949600
2024-09-18,97.44673156738281,98.36792295235153,96.86742579426823,96.99088166974786,900400
2024-09-19,98.67181396484375,99.52652793813931,98.37740805735493,98.66231513028274,1439400
2024-09-20,97.81130981445312,98.79611457207707,97.07509159152673,98.49015574160522,3964400
2024-09-23,97.82086181640625,98.66225403704495,97.49578376362031,97.9929641074793,929800
2024-09-24,97.26631927490234,97.84954713377739,96.62571182629443,97.70613463261442,1088800
2024-09-25,96.23370361328125,97.40017389744511,96.09028382029436,97.38104736790889,919400
2024-09-26,98.47102355957031,98.58576084989944,96.73088144339602,96.81693623480123,1251100
2024-09-27,98.16506958007812,99.61837948393742,98.06945881407961,99.04470029867862,1190200
2024-09-30,98.85347747802734,99.25504706676655,97.55315065242382,98.03121177081823,1440300
2024-10-01,98.18418884277344,98.88215394807187,96.93166382860913,98.88215394807187,1378700
2024-10-02,97.5627212524414,98.13639317871889,97.1420251023419,97.64876875879759,1180700
2024-10-03,96.58745574951172,97.70612420159168,96.09983870834752,97.10376258247946,1416100
2024-10-04,97.09420776367188,97.9834016596582,96.70219417867548,97.55314231310363,725500
2024-10-07,96.43448638916016,97.04640401811751,95.84168799470555,96.62570791272175,1336400
2024-10-08,97.02728271484375,97.50534380818829,96.19545378635627,96.56834085559431,1199400
2024-10-09,98.27023315429688,98.59531847766067,97.0942069978498,97.24718274824275,1240600
2024-10-10,97.25675964355469,98.18419942377244,97.03684830916563,98.00253385600035,884400
2024-10-11,98.34673309326172,98.65269191486448,97.4192933636626,97.57227642178084,696600
2024-10-14,98.72917938232422,98.93952743126647,97.97384197686495,98.42322057330823,836600
2024-10-15,99.45582580566406,100.737033318163,99.33153254851739,99.43670657173124,1735000
2024-10-16,100.86133575439453,101.28203188553618,96.38668325965672,98.46147411990479,3031200
2024-10-17,100.60317993164062,101.8365784557916,100.02950806554642,101.8365784557916,2171300
2024-10-18,99.8956527709961,100.87089422591113,99.082943048161,100.6892286697997,1531400
2024-10-21,99.0638198852539,100.01994206749194,98.73873455008363,99.73310249496718,1251700
2024-10-22,96.59703063964844,98.96821705111691,95.85125644492413,98.95865378603139,2043200
2024-10-23,96.30062866210938,97.53402716920198,96.02335235016142,96.18589137262397,1537300
2024-10-24,96.05204010009766,96.88386908141813,95.6217880066138,96.88386908141813,1144800
2024-10-25,96.1093978881836,96.70219626316373,95.5357260417114,96.70219626316373,1081700
2024-10-28,98.00253295898438,98.10770699255986,96.23370821328561,96.30063648059419,1647600
2024-10-29,97.23762512207031,98.30848461544137,97.02728436491365,97.85910601291393,1359500
2024-10-30,97.84954833984375,98.10770543438674,96.66395878293562,96.66395878293562,1373400
2024-10-31,96.56834411621094,98.06945570821223,96.52053508740886,97.73481439049863,1001000
2024-11-01,96.64482879638672,97.62007018099617,96.5683372735769,97.22806389220374,1070800
2024-11-04,97.46710205078125,97.7921801061906,96.71176461690025,97.06552517194766,1439300
2024-11-05,98.6526870727539,98.68136957108484,97.38104281943784,97.65831912769247,1073000
2024-11-06,100.45020294189453,102.30508247240607,99.36978740727287,102.30508247240607,1648200
2024-11-07,100.16336822509766,100.7370401120048,99.76179133909223,100.40239878586179,1238800
2024-11-08,99.87652587890625,100.36415025190982,99.39846477056687,99.89565240823464,1470500
2024-11-11,99.81916046142578,100.90913920029618,99.3889010889452,100.76571940946931,1100300
2024-11-12,99.274169921875,100.58405266922493,98.77698229215324,99.77135025696326,1349200
2024-11-13,98.80567169189453,99.57057242428901,98.42322862033129,99.04470225893856,1344600
2024-11-14,100.43107604980469,100.68922583233183,98.64312492243982,98.8152272090024,1359800
2024-11-15,92.60999298095703,99.83827417469674,92.01719461581848,98.80566049141015,9315200
2024-11-18,94.0155029296875,95.17240998097193,92.37097148666041,92.57175628452295,2822900
2024-11-19,93.73823547363281,93.79560047998517,92.39966273321275,92.56220178096748,1348400
2024-11-20,94.73259735107422,94.89513638813011,92.54307645225397,93.2028031604191,1310800
2024-11-21,97.46710205078125,97.70613260727649,94.24496752315731,94.69434613650975,1262000
2024-11-22,97.88778686523438,98.23199143607667,96.81693468451024,97.44797153463219,1549200
2024-11-25,100.01038360595703,100.58405548392255,97.6296413003516,98.48058949983775,2425100
2024-11-26,100.03907775878906,100.46933718835757,99.27418426394706,99.89566524356744,1061200
2024-11-27,99.77134704589844,101.1290387774754,99.68529955196607,100.73703248072803,967300
2024-11-29,100.2207260131836,101.33938720634505,99.96257623577453,100.29721753783565,794200
2024-12-02,100.40239715576172,100.69879271201424,99.49407666282492,100.16336659887841,1196000
2024-12-03,99.24549102783203,100.86133264653564,98.80566837993592,100.43108055813201,1165800
2024-12-04,98.73873901367188,99.51320297664581,98.50927172205877,98.97776957003701,949900
2024-12-05,98.61444854736328,99.64706233086007,98.49971125098567,99.10207293867573,1101700
2024-12-06,98.88215637207031,99.46539149881346,98.36584950767636,99.05425866020163,1115200
2024-12-09,88.74726104736328,95.51660787759664,88.6803327861025,94.53180319277372,10938900
2024-12-10,88.40306091308594,90.18144885255651,87.02624256133227,87.39913694379368,4966800
2024-12-11,88.05885314941406,89.32093416146162,87.79114010059087,88.64208827490752,3392000
2024-12-12,86.20398712158203,88.22139839453088,86.16574135553378,88.03017685892361,2304000
2024-12-13,86.35696411132812,86.76809698386347,85.16181126031073,86.09881430514737,2083100
2024-12-16,86.90193939208984,87.82937902084835,85.90757150634016,86.1944110618069,2912400
2024-12-17,85.06620025634766,86.80634251084031,84.34910854771661,86.0414417704469,3356300
2024-12-18,83.89972686767578,86.41432574202912,83.871044367512,84.9801423767697,2514100
2024-12-19,84.03358459472656,85.21917415105816,83.73718902930214,84.60725649007192,3738000
2024-12-20,85.64312744140625,86.55873299112955,83.77335616991428,84.4576521597535,6003400
2024-12-23,83.56131744384766,85.39253585487646,83.42638625754851,85.23833193619095,1809200
2024-12-24,83.26254272460938,83.62878346742085,82.85774916362855,83.62878346742085,823500
2024-12-26,84.26488494873047,84.46728170763085,82.59751066845956,82.77099465511667,1218300
2024-12-27,83.35891723632812,84.3805484875483,83.09869491722355,83.57095404984925,1164200
2024-12-30,82.71317291259766,82.9348497653147,81.49878495017776,82.68426013902538,1468500
2024-12-31,82.92521667480469,83.60951266843924,82.58788869951982,82.97340218373203,1098000
2025-01-02,83.31072998046875,83.78298910317275,82.63606673769391,83.5420395207241,1614900
2025-01-03,82.78064727783203,83.85046413260739,82.20236968548824,83.77335849277527,1492400
2025-01-06,82.01924133300781,83.41675340726852,81.83612463949638,82.636071712958,2429400
2025-01-07,81.56625366210938,82.98303844697051,80.9976161515586,82.23127689252127,2380000
2025-01-08,81.09400177001953,81.1903801453012,80.16875613155783,80.93015779672082,2038600
2025-01-10,79.09893798828125,80.61210125091439,78.7037844499878,80.12056198568239,3532400
2025-01-13,80.14947509765625,80.32295174327913,78.472460657989,78.88689424666109,2604100
2025-01-14,81.69156646728516,82.20237851796117,80.43862542158227,80.69885514567716,3707800
2025-01-15,82.4047622680664,83.20471669578713,81.39277101823194,82.9155742377778,2136400
2025-01-16,82.7324447631836,83.21434392611881,82.16380728045492,82.61679367012565,1880800
2025-01-17,82.28909301757812,83.30108413463546,82.02887072207042,82.84809777468021,2642200
2025-01-21,83.4552993774414,83.60951064996206,82.43367543318575,83.06014585970408,2086600
2025-01-22,83.01194763183594,83.35891561937697,82.30837896774275,83.35891561937697,1971800
2025-01-23,83.03123474121094,83.38783544793372,82.51078271586593,82.70353945716481,1468800
2025-01-24,83.42638397216797,84.05285437893711,82.88665924175662,83.29145278956513,2110100
2025-01-27,85.14195251464844,86.11539101914771,83.30110127781379,83.30110127781379,1764200
2025-01-28,84.05286407470703,85.4214561436633,83.92757292017964,85.07448810460413,1633200
2025-01-29,83.6673355102539,84.74679234939775,83.40711318152003,83.6673355102539,1759800
2025-01-30,83.3878402709961,84.13960925321929,82.89630834629475,84.05286356737868,1608900
2025-01-31,83.64806365966797,84.48657091122348,83.08905882529763,83.08905882529763,4052300
2025-02-03,84.58293914794922,85.22868223105864,82.46257851912199,82.79991379982445,2937400
2025-02-04,83.75408172607422,85.31543041489279,83.66733604714086,84.3805521514438,2675300
2025-02-05,81.85540008544922,84.9781049066182,79.85069760755376,83.97575366767047,6505600
2025-02-06,81.18074035644531,82.86738751258703,80.48680434997817,82.40476105720958,3158900
2025-02-07,80.76630401611328,81.75901513204889,80.60245270951205,81.38313436685381,1542500
2025-02-10,79.5904769897461,81.12291298076923,79.06038490613514,81.12291298076923,2406900
2025-02-11,79.42662811279297,79.57119198739368,78.55920809919822,79.12784561448927,1963200
2025-02-12,78.28934478759766,79.1182046204012,77.40264469925316,78.63630543566532,2826900
2025-02-13,78.97364044189453,79.01219325890796,77.54721562518976,78.404995582444,3358200
2025-02-14,79.19530487060547,79.73503692099042,78.65558017341803,78.82906416225649,3063800
2025-02-18,80.46752166748047,80.48680175214784,78.65558342823107,79.35915210143628,3088600
2025-02-19,80.65065002441406,81.50843000809839,79.96635404603657,80.30368201380038,2690100
2025-02-20,80.57354736328125,81.12291217483914,79.66758183829012,80.59282744969296,2692800
2025-02-21,79.32061004638672,80.50607794243881,78.88689636111063,80.33259393896799,2198600
2025-02-24,80.69884490966797,81.7011887952517,79.56156248039579,79.75431922303918,4521600
2025-02-25,80.83377075195312,81.64335784132875,80.40969712235757,80.92050907444427,3036100
2025-02-26,80.7277603149414,81.26748509447975,80.36151219751298,80.61210185366949,3430200
2025-02-27,78.80016326904297,79.66758334400183,78.08694712229978,79.16640403260399,3291300
2025-02-28,79.76396179199219,79.86998020976283,78.5206609089354,79.07966577478082,4299800
2025-03-03,77.78816223144531,80.32294918892022,77.18097193148073,79.99526128667836,3617900
2025-03-04,77.90382385253906,79.03146617836529,76.68943584992728,77.39301189399545,3717200
2025-03-05,79.2338638305664,79.3687950153286,77.64359503507133,78.02911585719106,5254500
2025-03-06,79.62902069091797,80.11091985603396,78.45318555152332,79.48444947074363,4693300
2025-03-07,81.92285919189453,82.15416873542333,79.33023929503364,79.359152068825,7341200
2025-03-10,82.41439056396484,86.03826669615178,81.43131222941419,81.70117456338586,7667300
2025-03-11,80.17937469482422,82.82254511536372,79.84897468531176,82.19090392585552,5423900
2025-03-12,77.74998474121094,80.67495687880884,77.07947258200127,80.67495687880884,4568200
2025-03-13,77.23495483398438,78.98410630952314,76.46726884439592,77.4390221354361,3330100
2025-03-14,78.54682159423828,78.83834313804213,77.02116919860778,77.59450009114457,5155900
2025-03-17,78.03179931640625,78.95496206110319,77.51676379775553,78.29416946668235,3415300
2025-03-18,79.14930725097656,79.36309417381815,76.9628622173707,77.61394259526726,3726700
2025-03-19,79.18817138671875,80.03359939517725,78.68286295168235,79.1784591920814,2731400
2025-03-20,78.41078186035156,79.5574511344227,78.31360059216209,79.12015766923965,3244000
2025-03-21,78.84806060791016,79.47970172318323,77.43902131636105,78.17754847173991,11642500
2025-03-24,77.18637084960938,78.770326181383,77.11834840993541,78.45936539803205,3727400
2025-03-25,78.11925506591797,78.68287381604692,77.5847877315043,77.7402718338392,2869400
2025-03-26,78.84806060791016,79.3630886604917,77.61393720345376,77.64308861565435,2743000
2025-03-27,78.35247039794922,78.88693770911868,77.90546474401191,78.82863488022375,2646900
2025-03-28,77.9734878540039,79.13959633917567,77.54592141527507,79.13959633917567,2136900
2025-03-31,80.56806945800781,80.61665267455142,78.53710121091923,78.58569184135213,8640900
2025-04-01,77.51676177978516,80.63609657007918,76.86568881199483,80.63609657007918,5537600
2025-04-02,77.17665100097656,77.95405666389146,76.69077431512721,77.25439305004602,2760100
2025-04-03,73.25076293945312,76.42840046267781,73.1147180671201,75.98139482302791,3259900
2025-04-04,70.5395736694336,73.23133465992026,70.49099044919876,71.37528216192716,3701800
2025-04-07,69.52894592285156,72.75516631977223,67.86724139084507,68.38227682560266,3892400
2025-04-08,68.38228607177734,71.90974807169961,67.61460003377756,71.58906768610039,4206400
2025-04-09,74.35855865478516,74.74726145443125,67.17730241875536,67.17730241875536,4340000
2025-04-10,71.89031982421875,73.7172135479834,69.7427382850961,73.18274621220355,3027400
2025-04-11,73.46455383300781,73.72693139662825,71.2586769288914,71.8708788875226,3018200
2025-04-14,74.37799835205078,75.31088062888378,73.68805439982708,74.73754974147269,2954300
2025-04-15,74.65980529785156,75.71901280042631,74.55291184534909,75.48579409218868,3296300
2025-04-16,69.22769927978516,74.92217390355671,68.63492920566672,73.03697764474839,6648400
2025-04-17,71.17120361328125,71.2295138478079,69.73301300236132,70.35493446879512,3692200
2025-04-21,70.05369567871094,70.77279849813281,69.34431988260063,70.66590503616172,2508700
2025-04-22,71.20036315917969,71.34612764131877,70.2966322665848,70.8116677586615,2664400
2025-04-23,71.1809310913086,73.3090732465514,71.04488621885275,72.35675172547097,3949000
2025-04-24,74.21280670166016,74.5140478705291,71.01573726063224,71.82229432799913,3279100
2025-04-25,72.80375671386719,73.21189132758157,72.18183518423878,73.04669504306233,2748400
2025-04-28,73.31877899169922,73.7463527897393,72.64827429755046,72.81347056901545,1881600
2025-04-29,73.71720886230469,74.29053977343499,72.73573591438969,72.92037142117587,2490800
2025-04-30,74.00874328613281,74.22252280872824,71.987494413402,73.22161798235496,2872400
2025-05-01,73.61031341552734,74.46545366145341,73.15358817246943,74.04759944055887,3328700
2025-05-02,74.89302825927734,75.16511800332145,74.33912916207628,74.46545442498547,2637000
2025-05-05,74.88330841064453,75.2622916120494,73.90184289618037,74.1253420078348,1330000
2025-05-06,73.82410430908203,74.67924460109415,73.46455289511056,74.09619406499999,1737500
2025-05-07,73.73663330078125,74.39742580159947,73.05640899724287,73.85324635876877,2757300
2025-05-08,74.30025482177734,75.33031092506039,73.57143986253614,74.05731650203028,1619100
2025-05-09,73.80465698242188,74.82500086891726,73.62974109941949,74.82500086891726,1733800
2025-05-12,75.4080581665039,76.8462563806893,74.96105251701256,75.7967609876802,2121900
2025-05-13,75.24285888671875,75.77732617133158,75.0679429948354,75.40805516963931,1646900
2025-05-14,73.8726806640625,75.10681147443341,73.28963018215072,74.99991802112919,2819700
2025-05-15,74.13506317138672,74.27110804582622,72.93009110611271,73.68805752481555,2015200
2025-05-16,74.79586029052734,74.8930341476276,73.49370688093569,74.31970320101304,1889000
2025-05-19,74.7861328125,74.8152842251741,73.37709349806427,73.76579629946046,1808900
2025-05-20,73.94071197509766,75.24286537448191,73.81438670324657,74.64037560295904,1756900
2025-05-21,71.45301818847656,73.42567617987756,71.42386677601475,73.38680515863206,2352200
2025-05-22,71.06431579589844,71.62793448634415,70.55900734459871,71.34612514112129,2553300
2025-05-23,71.06431579589844,71.22951949060788,69.9468054377355,70.21889517411915,2302000
2025-05-27,72.15267944335938,72.33731493491817,71.38499347948053,72.05550560028753,1932000
2025-05-28,71.96804809570312,72.66771166832925,71.77370039836894,72.30816768687207,3366900
2025-05-29,72.01663970947266,72.28872945500828,70.88940229066563,72.00692010030652,3021100
2025-05-30,71.36556243896484,71.81256805298278,70.16058304755396,71.41414565407537,6605700
2025-06-02,68.49888610839844,69.80103934888031,67.98385806015237,69.45120757763976,6180200
2025-06-03,69.44149780273438,69.97596514389666,67.7214975288042,68.56691825078254,3247700
2025-06-04,69.19855499267578,70.10228590249606,69.06251011712345,69.2374260162464,2666500
2025-06-05,68.23651885986328,69.46093011075641,67.97414131344148,69.39290767536731,2421700
2025-06-06,69.41233825683594,69.69414760245228,68.7612653275961,69.1305289112196,2310300
2025-06-09,69.52894592285156,69.95651229861492,68.93617586497525,69.59696835176088,3132700
2025-06-10,71.8449478149414,71.87438724616732,69.72522640814533,70.10795398836044,4110100
2025-06-11,71.93327331542969,72.69872847287688,71.5897933200949,72.13935682034707,3784700
2025-06-12,69.86260986328125,71.99214674039878,69.26398318543515,71.76643197369509,10728700
2025-06-13,68.18449401855469,69.65652533816207,68.02747375063677,69.18547202154679,3958700
2025-06-16,69.34249877929688,69.39156200225925,68.35132883493124,68.87144541859524,5504400
2025-06-17,67.9293441772461,69.32286545214164,67.0951945401404,68.72423874485825,5617600
2025-06-18,68.1256103515625,68.77330775146797,67.60549379613835,67.90971121826068,3439100
2025-06-20,68.9695816040039,69.47989005202412,68.16487134717764,68.41020993141906,8876300
2025-06-23,70.36310577392578,71.51129608422832,68.5279778823253,69.44063775161517,10537200
2025-06-24,71.1285629272461,71.2168812203807,69.73503413162956,70.333660853339,4701800
2025-06-25,69.37194061279297,70.38273438391865,68.92051851535527,69.70559749419238,5299600
2025-06-26,69.89205169677734,70.24533982986219,69.35230385813692,69.5191322856662,5988900
2025-06-27,70.0294418334961,71.08930624999026,69.55838848600793,70.38272997232748,4425800
2025-06-30,70.59862518310547,70.9813527310209,69.86260951601601,70.26496085404621,3081400
2025-07-01,72.4533920288086,73.15015270511343,70.13739520950327,70.13739520950327,3290000
2025-07-02,73.6211929321289,73.88616277383554,71.45240092655332,72.86555344995195,6545300
2025-07-03,73.31697845458984,73.95486024353795,73.17958945231045,73.71933730922171,2280000
2025-07-07,72.46319580078125,73.042198714175,72.10009951216006,73.02257492308962,3895500
2025-07-08,73.26791381835938,73.59175503911818,71.98233462592437,72.26692826433704,4835100
2025-07-09,71.14818572998047,72.40431801802961,70.29440480585066,71.22669586976829,6501900
2025-07-10,72.06084442138672,72.62021605638957,71.40333885670842,71.60942235516853,4393200
2025-07-11,71.39352416992188,72.07066102185098,71.30520587817756,71.63886274095253,3599300
2025-07-14,71.29539489746094,71.58979670965088,70.85378094846678,71.42296826736263,4001400
2025-07-15,69.46025848388672,72.94406936049569,69.46025848388672,72.01177825196824,7596400
2025-07-16,72.6692886352539,72.67909678747667,70.34347625767256,70.61825426269198,8622600
2025-07-17,69.53876495361328,71.74681208595797,69.46025481421655,71.5603523766755,6957400
2025-07-18,69.73503112792969,70.47104682090549,69.44062934302265,70.0392560389474,4789200
2025-07-21,69.09716033935547,70.10795407747192,69.06771342095297,70.04906772780609,4199100
2025-07-22,73.80764770507812,74.1707514506182,70.12756949389271,70.23551905372521,5436600
2025-07-23,76.42787170410156,76.5260131257589,73.40530609039351,73.92542268176452,4808600
2025-07-24,75.62316131591797,77.82140037801092,75.34838330494117,76.05495961153252,4014700
2025-07-25,75.0539779663086,75.83905689109604,74.18056577664954,75.4268898940472,2112500
2025-07-28,73.23846435546875,74.82826092223569,73.21884056497771,74.80863713174465,2648200
2025-07-29,72.93424987792969,73.70952065851982,72.68891130763429,73.4838058795069,1978000
2025-07-30,71.29539489746094,73.35623753134851,70.95192237300293,72.91463106949385,3777200
2025-07-31,70.70658111572266,72.00196850700105,70.39254803562908,71.16781135278258,5288800
2025-08-01,69.78410339355469,70.65750810307998,69.33268132357502,70.59862924221187,2435300
2025-08-04,70.70658111572266,70.96172784589048,69.29342851173195,69.86261580913256,3072000
2025-08-05,71.25613403320312,71.60942216882654,70.49067890173202,70.9519166058592,3863000
2025-08-06,71.58979797363281,72.51227347315532,70.85378219945369,71.44260080850869,3299200
2025-08-07,71.3248291015625,72.45338801674467,70.7752731027144,71.72718046153659,3562900
2025-08-08,71.5799789428711,71.75662300131548,70.46123573510286,70.93228156619554,5059700
2025-08-11,71.5799789428711,72.69872215063931,70.78507693630215,72.12953490819204,4608400
2025-08-12,72.30618286132812,72.98331970302787,71.19725523239191,71.85476079590792,4110700
2025-08-13,75.0441665649414,75.19137121138262,72.12954301653505,72.25711638364311,3429600
2025-08-14,74.0039291381836,74.34740163545844,73.16977201848037,74.21982078851427,2246800
2025-08-15,74.88714599609375,75.2895048623713,74.04318067929924,74.52404968833424,3126000
2025-08-18,74.73995208740234,75.28950813632336,74.52405292900062,75.2109979901519,1754300
2025-08-19,76.22178649902344,76.50638014378916,75.11285883808596,75.3680130518654,2595400
2025-08-20,76.26103973388672,76.82041137057972,75.64278923663834,76.10402694335937,3242300
2025-08-21,76.03533935546875,76.51620089704014,75.73111441162025,75.97645300242151,3049400
2025-08-22,78.1943130493164,78.54760120589222,76.2708594674811,76.55545312067491,4736900
2025-08-25,77.6741943359375,78.13543205484122,77.36996941170831,77.93915670257415,4316800
2025-08-26,76.45731353759766,78.10598149697992,76.41805846897348,77.83120350374953,5118600
2025-08-27,76.99705505371094,77.28164869020137,75.6624126487884,76.05495585384895,3655900
2025-08-28,76.28067779541016,77.31109538245384,75.59372525024143,77.22277708376707,2047100
2025-08-29,76.8694839477539,77.08538309122386,76.05495808362237,76.29048101870818,1767200
2025-09-02,76.17633819580078,77.43389303014347,75.88917833968914,76.31496604983379,4341800
2025-09-03,76.77045440673828,76.98830032379415,75.66143163576446,76.18623813340758,2740400
2025-09-04,77.77056884765625,77.7903695898028,75.83966786101824,76.83977531908249,2828400
2025-09-05,78.65184783935547,79.43410934712685,77.75075921678852,77.75075921678852,2729900
2025-09-08,78.1666488647461,78.60233316813029,76.89918988280766,78.4141996832388,4272000
2025-09-09,76.968505859375,78.13694605596075,76.68134599571857,77.86958693426438,2789600
2025-09-10,75.25544738769531,76.74075227034719,74.57220472418703,76.74075227034719,2964400
2025-09-11,77.0774154663086,77.09722376142824,75.07720827433589,75.35446396880229,2372400
2025-09-12,76.44368743896484,77.18633987219826,74.90887694307321,76.81006535903444,3292500
2025-09-15,76.09712219238281,76.89919200358216,75.88918040567236,76.74075584914468,2132600
2025-09-16,76.1466293334961,76.80015953203325,75.24554077464285,76.05750711503813,2342900
2025-09-17,75.84957122802734,77.68144582110578,75.55251477097907,75.9981032338773,2893000
2025-09-18,75.29505920410156,76.45359524222303,75.08711741941194,75.9485894481759,2408900
2025-09-19,74.275146484375,75.50299637570714,73.34435302959923,75.1465226081186,8425700
2025-09-22,73.79985046386719,74.69103494145993,73.74044068357821,74.16622840316965,2450700
2025-09-23,75.53270721435547,76.8793843191919,74.80986302927005,75.31486127759491,3390900
2025-09-24,76.3149642944336,76.50310532971567,75.25544711746585,75.2752478584502,2265700
2025-09-25,75.1366195678711,76.09711792499324,74.63162135188725,76.04761229549646,2613000
2025-09-26,76.295166015625,76.43379387094303,74.96828968731465,75.0772126528719,2556900
2025-09-29,78.35478210449219,78.39439114188527,76.04761422489358,76.57242074971195,2538700
2025-09-30,80.73126983642578,82.14726078738643,78.28546659797999,78.37458881897888,11008700
2025-10-01,76.69123840332031,80.88970560693991,76.57241884874226,80.17675806086672,6287800
2025-10-02,76.09712219238281,76.77046073943879,75.06730985249415,76.02780826347933,4480700
2025-10-03,76.84967803955078,77.72105421619057,75.81986571007563,75.98819845647452,3210300
2025-10-06,77.73095703125,78.75086519501771,77.09722754008071,77.3150734691673,5640400
2025-10-07,78.9786148071289,79.59253599859298,77.77056561087178,77.90919346408312,4009000
2025-10-08,78.84988403320312,79.84999145580689,78.49341024999093,79.117243147938,5064900
2025-10-09,76.83977508544922,79.22616868071907,76.83977508544922,79.19646379026372,5588400
2025-10-10,75.75054931640625,77.9289934644293,75.58221657548611,77.15663613112388,3332800
2025-10-13,75.76045227050781,76.72095062538388,75.4237792393213,76.22584900366641,3414000
2025-10-14,77.78047180175781,77.83988158193695,74.95838636882321,75.01780370365394,3958400
2025-10-15,78.53302001953125,79.14694877515274,77.55272088388612,77.85968148437112,4007200
2025-10-16,76.4535903930664,78.54291981031517,76.21594373344435,78.53301566272434,2481900
2025-10-17,76.76055145263672,77.51310802653397,75.89907947316925,76.52290479154064,2986400
2025-10-20,77.42399597167969,77.69134753009415,76.72095255769206,77.09722707999981,3123700
2025-10-21,77.93889617919922,78.89939453154885,77.17644300780637,77.47349944726476,4062400
2025-10-22,80.43421173095703,81.69176650954229,77.71115284730563,77.72104944026101,7381700
2025-10-23,79.54302978515625,81.07784030722243,79.54302978515625,80.71146993555601,3300700
2025-10-24,78.22605895996094,80.2856835912636,77.73095732097384,80.2856835912636,3301200
2025-10-27,78.4240951538086,79.05782463570452,78.04782063476142,78.32507633875947,3041500
2025-10-28,76.16643524169922,78.15674596958848,76.10702546179706,78.15674596958848,3346900
2025-10-29,74.50289154052734,75.74064562173132,74.21573168712986,75.50299895344254,4648700
2025-10-30,74.31475830078125,75.8396646857265,73.09680495684027,73.78994422272447,3958400
2025-10-31,74.28504180908203,74.55240090753442,73.35425592484853,73.76023531427303,3125300
2025-11-03,72.31454467773438,73.92858086688032,71.80953888720117,73.92858086688032,3438600
2025-11-04,72.81954956054688,73.16611919496464,72.10660199565807,72.4729799261291,2507600
2025-11-05,72.68092346191406,73.6414218681032,72.20562255562659,72.77994228061723,2419300
2025-11-06,72.27493286132812,74.80985831004288,72.05708693830994,73.02748944412245,2956300
2025-11-07,73.55229949951172,73.6018126860925,72.14621263457582,72.40366760642306,3037900
2025-11-10,72.02738189697266,73.3542581731566,70.4133533279475,73.3542581731566,3921500
2025-11-11,73.18592834472656,73.30474790382642,71.66101438084893,72.53239055107122,2344500
2025-11-12,73.3641586303711,73.83945953686037,72.60170541591619,72.99778824554865,3032700
2025-11-13,72.34424591064453,73.55229506573859,72.24522709810346,73.17602055622206,2128900
2025-11-14,71.52238464355469,72.19572316112584,71.1758074595619,72.18581901324428,2206800
2025-11-17,72.31454467773438,72.40366690178213,71.31443724481804,71.31443724481804,3384400
2025-11-18,72.81954956054688,72.96808156234061,71.4035585787959,72.10660199565807,2813000
2025-11-19,71.29463195800781,72.97797441293369,71.18570899925544,72.97797441293369,2535700
2025-11-20,70.80944061279297,71.40356108617942,70.45296681783076,71.29463811801588,2844700
2025-11-21,74.13652038574219,74.28504483019947,71.18571136321984,71.48277536143698,3434400
2025-11-24,74.09690856933594,74.76034291186139,72.97797409872481,73.8988633930702,6485300
2025-11-25,72.13630676269531,74.82966086786043,71.88875594500958,74.7702510891043,7564000
2025-11-26,70.79953002929688,72.95817334496358,70.5123701897528,71.88875205727894,11208700
2025-11-28,70.9183578491211,71.97787499999994,70.19550616924529,70.36383890474681,9216800
2025-12-01,71.3045425415039,72.6710203910302,70.91836385458014,71.00747852633867,7730600
2025-12-02,71.7600326538086,72.03728836247319,70.35394581435159,71.3441490908117,6023700
2025-12-03,70.30442810058594,72.32444356102005,69.60138472613819,71.63129677935045,6523900
2025-12-04,69.48255920410156,70.75001813647236,69.17559861866364,70.27472481415889,5546700
2025-12-05,72.72052764892578,73.91867265100109,69.60138596262753,69.62118670318655,8059700
2025-12-08,72.4333724975586,73.5919085389105,72.27493634421906,73.09680689170183,5848300
2025-12-09,72.5224838256836,73.02748959786611,71.94817168292347,72.76013804474081,5124400
2025-12-10,76.66153717041016,76.79026843354345,72.9878838580471,72.9878838580471,9950300
2025-12-11,79.28557586669922,79.76087676238399,76.5922217520056,76.84967671861199,9330100
2025-12-12,79.46381378173828,80.09754328104606,78.90930235850685,79.7905826795646,5126700
2025-12-15,79.69155883789062,80.38469807323312,79.02811693589017,79.67175054279451,5428100
2025-12-16,79.84999084472656,80.63225233219728,79.00831957872562,79.6321449172472,5994600
2025-12-17,81.88980865478516,82.39481444548164,79.46381362818407,79.55292829760911,5068900
2025-12-18,80.86000061035156,82.00863244609627,80.30548165600644,81.83039555981591,4879600
2025-12-19,80.2300033569336,81.2699966430664,79.94999694824219,80.9000015258789,13157100
2025-12-22,79.63999938964844,81.87999725341797,79.52999877929688,80.91000366210938,4104600
2025-12-23,78.69999694824219,79.97000122070312,78.11000061035156,79.73999786376953,3417600
2025-12-24,79.94999694824219,80.04000091552734,78.83999633789062,78.83999633789062,1271100
2025-12-26,80.02999877929688,80.25,79.55000305175781,79.73999786376953,2029400
2025-12-29,80.47000122070312,81.31999969482422,79.97000122070312,80.1500015258789,5412300
2025-12-30,80.7300033569336,81.12000274658203,80.13999938964844,80.30999755859375,3194500
2025-12-31,80.75,81.30000305175781,80.12999725341797,80.43000030517578,2902700
