Date,Close,High,Low,Open,Volume
2020-03-19,41.36531066894531,42.05092355296098,36.56602048083564,36.56602048083564,7000
2020-03-20,41.136775970458984,42.060066518980115,41.136775970458984,41.1459159418588,3600
2020-03-23,36.56603240966797,38.39433403015136,36.5477489749981,38.39433403015136,11900
2020-03-24,36.56603240966797,36.56603240966797,35.65188159942627,36.56603240966797,77800
2020-03-25,37.48932647705078,40.95395918823822,34.73773383160358,36.56603561221429,7000
2020-03-26,41.136775970458984,43.42215241326226,40.451163037618,41.136775970458984,29100
2020-03-27,41.35161590576172,43.42216710557962,41.127649915004056,41.136789889496484,263200
2020-03-30,45.7075309753418,45.7075309753418,40.45116491317749,40.45116491317749,118100
2020-03-31,45.7075309753418,45.7075309753418,40.9356636256096,42.50800380706787,210300
2020-04-01,42.69084167480469,44.33631236407078,40.22263389730132,42.04179546475553,1206100
2020-04-02,40.22262191772461,44.4825630995226,39.49130221666201,41.15871043764326,9264200
2020-04-03,43.257606506347656,45.0676242923405,38.211494730000425,39.99408911365041,22551600
2020-04-06,41.99607849121094,43.742106046890605,40.86253366812679,42.965079409892724,10294200
2020-04-07,40.47859191894531,42.95594296860133,39.24448986764408,41.27390553949856,12146500
2020-04-08,40.30490493774414,41.31961278365536,37.71785675494648,38.58630062676651,22265800
2020-04-09,44.921363830566406,45.93607164271703,40.22262989611044,40.26833673264167,17355600
2020-04-13,42.05093002319336,44.49171059198409,41.79496895635004,44.38201349008096,8545100
2020-04-14,41.95037078857422,42.325172397878156,40.19520329735808,41.96865421917536,10152100
2020-04-15,40.72541046142578,40.999654956973195,39.12564683565658,40.3963156718857,7935500
2020-04-16,41.703548431396484,42.422987280366705,39.81125701212285,40.29575919022247,8740200
2020-04-17,42.188053131103516,44.3911560183604,41.97779541665457,42.96507977469894,7878100
2020-04-20,41.49330520629883,42.946805151144325,41.04537325685579,41.136786944070266,5407500
2020-04-21,41.95951843261719,43.14791364256235,40.679706060548135,40.679706060548135,6939700
2020-04-22,43.01079177856445,45.29616863701324,42.05093419545763,43.248472924679795,6801900
2020-04-23,43.39472961425781,43.91579517147374,42.48971899597303,43.36730272526219,5174800
2020-04-24,43.742103576660156,44.336302844719896,42.33431434279639,43.89751098760821,6446900
2020-04-27,44.08033752441406,44.42771219809662,43.52270517033501,43.95235701440392,5541100
2020-04-28,45.57954788208008,46.57597214076811,44.473426531641415,44.857368096372454,5368200
2020-04-29,46.75880813598633,47.289013710904804,45.44242894020077,46.411429905186466,4343900
2020-04-30,46.539405822753906,47.1701684666706,46.16460422497018,46.59425611287142,6123800
2020-05-01,45.44242858886719,46.192031853023785,44.16261975389134,46.00920451031869,3089700
2020-05-04,45.27788543701172,45.405865983791045,43.431300507404075,44.65626264933357,5676600
2020-05-05,43.961509704589844,46.29259341952098,43.84266913067798,45.27788552912301,4103600
2020-05-06,44.16262435913086,44.79338712653811,43.778679227555024,44.43686888899452,2931800
2020-05-07,47.36214828491211,48.71509088138026,44.784243630029685,44.81166703469606,4803200
2020-05-08,48.4042854309082,49.51954703269098,47.63639862142719,47.64553859503153,4289400
2020-05-11,47.36214828491211,47.901497329002154,46.67653527058789,47.535835659812655,3150600
2020-05-12,45.45158004760742,47.80094738436827,45.424153151608216,47.70953020971867,3059800
2020-05-13,44.07120132446289,45.981776293183955,43.77410167032243,44.793381163830055,4567000
2020-05-14,43.87922286987305,44.24488445533825,43.17532658453729,43.5227047420085,4849900
2020-05-15,44.69282150268555,44.994492869325185,43.14790827081341,43.25760536449704,2981400
2020-05-18,47.6546745300293,47.84664533028062,45.817229764172325,45.817229764172325,4452600
2020-05-19,47.81922912597656,48.384174342633926,46.67196890701221,47.24331315130801,2050300
2020-05-20,48.614532470703125,50.00404189502413,47.970054580311356,48.03861657738402,4755100
2020-05-21,47.74280548095703,49.13756019724683,47.595989379261894,48.04561565966249,3813100
2020-05-22,47.449180603027344,48.37596023211137,46.72427445757994,48.13738184229127,2134300
2020-05-26,46.696746826171875,49.541314005926054,46.522403774979885,48.660413772627024,6247000
2020-05-27,48.0639762878418,48.311729157926386,46.586637044211024,47.33907013096901,5202300
2020-05-28,46.76096725463867,48.58699561011828,46.73344033231563,48.51358581676137,4260700
2020-05-29,48.31172561645508,48.5135955881029,46.0452485454475,46.28382342116668,7522700
2020-06-01,49.6239013671875,49.95423503721696,47.81622490713838,48.128209623587885,3073300
2020-06-02,49.6881217956543,50.238681286314474,48.898983958768675,49.69729627033749,2638100
2020-06-03,50.899356842041016,51.00029356812561,50.05516163327416,50.46808301254208,4134500
2020-06-04,50.83512496948242,51.991301329993135,50.1836252381848,50.74336271841207,3281300
2020-06-05,53.74391555786133,53.871462100821866,51.38568015915826,53.064892458823444,4615100
2020-06-08,56.212276458740234,56.26733381877534,53.551233730416236,53.84486598319168,5966500
2020-06-09,55.65252685546875,56.395781756513855,54.35870900880593,55.42312650322093,4610200
2020-06-10,54.1660270690918,55.93699862483189,54.15685259228319,55.615839430940234,2658300
2020-06-11,51.61508560180664,53.285120091470894,51.114994452598815,51.385685221354166,3293900
2020-06-12,51.422393798828125,54.120141205694324,50.55984606641974,52.97313922142553,4313000
2020-06-15,52.9180793762207,53.03736855707627,49.3944928066911,50.01845863643289,4464300
2020-06-16,53.083255767822266,54.872579743221664,52.647396370135766,54.59729993940005,3510300
2020-06-17,52.064720153808594,53.39523977137774,51.80778930665675,53.331007934682916,2441500
2020-06-18,52.7529182434082,52.9272612896512,51.60591622776974,51.789433749974,2137500
2020-06-19,52.303287506103516,54.10178567499602,51.33980659422339,54.10178567499602,7096100
2020-06-22,52.35833740234375,53.38604999530797,51.97294299224993,52.19316886949948,2027000
2020-06-23,52.11975860595703,53.10159181989656,51.927063152837285,52.93642328854491,2386900
2020-06-24,50.96358871459961,52.275759154163936,50.69748343656277,51.523326195859184,3022000
2020-06-25,51.56920623779297,51.8444859943256,50.24785780584109,50.51396308731718,2942900
2020-06-26,51.19300079345703,51.826144720055645,49.95607406707004,51.59674429007999,6634300
2020-06-29,51.908729553222656,52.11977753094437,50.77090536895144,51.28476009718767,2257300
2020-06-30,52.174827575683594,52.395049999642346,50.93606331451943,51.35816271112295,2518100
2020-07-01,51.18381881713867,52.303293948076345,51.15629188781151,52.303293948076345,2400200
2020-07-02,51.844486236572266,52.52351290620611,51.17463754240987,51.78025440976026,3162900
2020-07-06,52.174827575683594,52.83550184830448,51.780258607354156,52.65198082809064,1999100
2020-07-07,52.138126373291016,52.58775272971906,51.4958045071249,51.78026228367102,2537900
2020-07-08,52.22987365722656,52.44092507430011,51.63343480577513,52.33081037833866,6694900
2020-07-09,51.486629486083984,53.165838696626764,51.44992457974897,52.17483072818911,2424200
2020-07-10,52.28494644165039,52.58775669438743,51.422402070861594,51.59674514038203,2137300
2020-07-13,52.202362060546875,53.165843180680376,51.812382023870555,51.89955530867535,2882500
2020-07-14,52.642799377441406,52.71620918083081,51.41321317364561,51.587559706509396,2755100
2020-07-15,53.40441131591797,54.13849186142214,53.092426646532175,53.23006477985487,2358400
2020-07-16,53.51451873779297,53.73474463605464,52.9070676981612,53.22088654035867,2628800
2020-07-17,53.72557067871094,54.16601900780064,53.358532154655606,53.8907392396661,2983100
2020-07-20,53.734745025634766,54.73493079926296,53.211712451389666,53.606277875500446,2407800
2020-07-21,53.62464141845703,54.08344226272971,53.3126567043367,53.5695875573828,2314000
2020-07-22,53.66134262084961,54.074264052257924,52.92726202077506,53.18418935570805,2034300
2020-07-23,54.193546295166016,54.56792507796069,53.532872089621605,53.67968819081237,2566500
2020-07-24,53.340179443359375,54.31742384060312,52.88137866524777,54.30366037731932,3142100
2020-07-27,53.51451873779297,53.624629936737854,52.85384454337985,53.092422891527654,2670300
2020-07-28,55.31302261352539,56.735307875454744,54.78081551259233,54.89092672306602,4473600
2020-07-29,59.00178909301758,59.05684295196367,55.93699593135981,55.93699593135981,4885400
2020-07-30,58.16676330566406,59.20365056561799,57.94654088777228,58.2126426843605,2307000
2020-07-31,57.5703239440918,58.21264224170206,57.05646580563138,58.21264224170206,3156100
2020-08-03,58.0015983581543,58.56133591411531,57.57032797107368,57.827255308089576,3200500
2020-08-04,57.4510383605957,57.71714367220969,56.863773880049266,57.42351143193647,1739400
2020-08-05,57.8914909362793,58.40534914435938,57.20328966670887,57.570331743962164,2645000
2020-08-06,58.249351501464844,58.28605640703723,57.68502845487241,57.7079663955758,1557400
2020-08-07,59.102725982666016,59.15777984174973,57.95572041308241,57.95572041308241,1169100
2020-08-10,59.836795806884766,59.91938358618032,58.99260406710913,58.99260406710913,1572700
2020-08-11,59.06601333618164,60.51581844111157,59.029308434687394,60.12124950097861,2787700
2020-08-12,59.552345275878906,60.07537790816293,58.92837590747475,59.61657710788766,1496600
2020-08-13,58.726497650146484,59.607394274809394,58.57050707094186,59.607394274809394,1436200
2020-08-14,58.79072952270508,59.19447643460235,58.359455685131906,58.46039241310623,1633900
2020-08-17,58.68979263305664,59.212825221690004,58.46039225206405,59.148593395041836,1785500
2020-08-18,58.22181701660156,59.093539158767385,58.15299620267783,58.58885552357475,1680200
2020-08-19,57.73548889160156,58.35028376143104,57.43268219481024,58.2493470290432,1549000
2020-08-20,57.96562194824219,58.22336854300255,56.89781011226271,57.21999335571316,1291500
2020-08-21,58.573177337646484,58.67443594442341,57.615827706435766,58.02085862200902,2649500
2020-08-24,58.72966384887695,59.12549453407713,58.03006437422009,58.55476485809632,3199900
2020-08-25,59.18071746826172,59.65938870763831,58.826312392441764,59.29118330337997,1604100
2020-08-26,59.0794563293457,59.6409786766311,58.68178917235117,59.17150767644366,1161900
2020-08-27,58.204959869384766,59.746842900859974,58.14972694909701,59.34641564125962,1341700
2020-08-28,58.536354064941406,58.57317601412543,57.67105932832303,58.24178549453794,1129900
2020-08-31,57.90119171142578,58.76648645503816,57.84595878720331,58.55476551282027,1736400
2020-09-01,58.95978927612305,59.17150666853525,57.37187722922785,57.55137981108493,2334100
2020-09-02,60.147281646728516,60.3497988815907,58.59159447751095,58.66523487375687,1827200
2020-09-03,56.934627532958984,60.248525306603476,56.20741343760702,59.723824884302,3096800
2020-09-04,56.60324478149414,57.6250274878865,55.627484242165316,57.53297613069107,2697000
2020-09-08,55.811588287353516,56.84257819610186,55.65509677239488,56.548009650745186,2137900
2020-09-09,57.14635467529297,57.56058928303396,56.15218318903274,56.17979789313972,1888500
2020-09-10,55.139610290527344,57.05430606858117,54.98311875650595,57.05430606858117,3828900
2020-09-11,55.36052322387695,55.885223617345034,55.024532653225954,55.47098554051925,2273400
2020-09-14,55.22245788574219,55.756362122047754,54.372810515509684,55.756362122047754,2420100
2020-09-15,55.507816314697266,56.72291252568904,55.259273429057906,55.259273429057906,1629400
2020-09-16,55.03834915161133,56.161390499121545,54.67934392920446,56.02331345825276,2457000
2020-09-17,56.188995361328125,56.235021030678176,53.42741306192314,54.080986696680945,2219900
2020-09-18,56.041717529296875,57.6618444520452,55.59065749033936,56.299464116396095,3806500
2020-09-21,54.68855285644531,55.434181589500234,54.00736078422462,55.23166436314428,2512100
2020-09-22,56.142982482910156,56.262648548176855,54.18225762039562,54.25589800582633,1841500
2020-09-23,55.60908508300781,56.86100347143705,55.41577508490666,55.9404756577726,1733700
2020-09-24,57.14635467529297,57.7631064772427,55.65509744590263,56.01410264542968,2374800
2020-09-25,56.65847396850586,57.394895357777415,56.327083465450116,56.71370688952654,1557600
2020-09-28,57.54218292236328,57.88278068747738,56.980663995150266,57.32125824872998,1233900
2020-09-29,57.450130462646484,57.7723137353455,56.962251932121035,57.45933419406604,1435400
2020-09-30,57.459327697753906,58.5455504822377,57.026682139263315,57.72628152868536,2494000
2020-10-01,57.413307189941406,59.116285409101266,56.85178477487108,57.873571004060146,2342500
2020-10-02,58.140525817871094,58.39827243433739,56.62165380161633,56.72291240423789,1447800
2020-10-05,59.410850524902344,59.49369463556802,58.20956175877378,58.674429167312844,1447700
2020-10-06,58.75727462768555,59.834290165121466,58.439691502349056,59.309589747673115,2107000
2020-10-07,59.88032913208008,60.405029635231514,59.258970131185706,59.493702164177236,1648100
2020-10-08,59.56734085083008,60.30376574868171,59.35562343326885,59.640984745228906,1213200
2020-10-09,60.15647506713867,60.451043607500736,59.18992533613876,59.852699284652424,1187000
2020-10-12,60.46946334838867,60.74101731858058,59.99078503927109,60.616744119838906,1185800
2020-10-13,59.953956604003906,60.57071539798635,59.48080550106045,59.98157832978913,1415900
2020-10-14,60.395816802978516,60.75482200754125,59.40164530277327,60.294558204453814,1633600
2020-10-15,60.01839828491211,60.234722838431246,58.922975187868175,59.530519767807135,982100
2020-10-16,59.861915588378906,60.579926075258584,59.65939836939868,60.110462001879746,1047500
2020-10-19,59.245155334472656,60.23932680177464,58.987408736965044,59.74224106812365,910500
2020-10-20,59.27277374267578,60.51548464294023,59.22674455178623,59.53972759908449,720000
2020-10-21,58.65602493286133,59.67781122019615,58.646817689595835,59.14390347989944,1082600
2020-10-22,58.21417236328125,58.90456812725429,57.974833198644646,58.90456812725429,4980300
2020-10-23,58.40748596191406,58.9321829826635,58.103710121362916,58.42589693814759,2308600
2020-10-26,58.186553955078125,58.81251305996126,56.49278287919455,58.766487378153414,3026000
2020-10-27,57.045101165771484,58.21417173486325,56.943842559636344,57.91039591645782,1973200
2020-10-28,54.30192565917969,56.391520259129926,54.09940845979621,56.161388354933855,2570900
2020-10-29,55.95886993408203,56.327078842732114,54.1270185865443,54.209866205509,2122600
2020-10-30,56.40992736816406,56.4283383406225,55.047547010045115,55.55383646228337,2036100
2020-11-02,57.20158386230469,57.781517227047175,56.235030595423254,57.24760953948302,1819100
2020-11-03,57.72628402709961,58.77568491241808,57.146354176708286,57.92880121954144,1545600
2020-11-04,57.34886932373047,58.586980081209845,57.02668606527651,57.6986707982906,2042700
2020-11-05,57.65264892578125,58.867745168635736,57.61582697623187,58.287811753603336,1495700
2020-11-06,58.527137756347656,58.738858651356935,57.68945439432796,57.96561544232872,1145800
2020-11-09,58.45350646972656,61.94230714745959,58.38906981438347,61.67535328301858,2420100
2020-11-10,60.51549530029297,60.679350540111294,58.28781972106638,58.34305265294033,2174600
2020-11-11,60.86528396606445,61.058593908261976,59.5949514558124,60.62594483726702,1319500
2020-11-12,60.7456169128418,61.17826602673236,60.22091643969268,60.92051941158101,1774700
2020-11-13,60.359004974365234,61.436020768601125,60.04602890687219,60.97575688835644,1438500
2020-11-16,62.03437042236328,62.26450238179424,60.46026866262394,60.957354537763216,2338900
2020-11-17,61.859458923339844,62.549854701605106,61.03558971809367,61.82264399546644,1465000
2020-11-18,61.33475112915039,62.57746900090773,61.22429231250935,61.960710174699706,2182800
2020-11-19,61.08545684814453,62.03645356071598,60.56840468895327,61.51940140152472,1809900
2020-11-20,61.233192443847656,61.62097635252429,60.937737030920786,61.02083056383177,1811200
2020-11-23,62.091861724853516,62.35038433432904,61.445555201164694,61.52864873526206,1885500
2020-11-24,62.2303581237793,62.82126895931586,61.75023866727284,62.82126895931586,4738800
2020-11-25,62.21190643310547,62.29500703594897,61.32553991999241,62.26730918307276,1125400
2020-11-27,62.17495346069336,62.97822615479918,61.768706676501274,62.36885245640475,1645000
2020-11-30,61.805633544921875,62.507335670295575,61.28858134638999,61.7132980151831,1831000
2020-12-01,61.70406723022461,62.93205645888247,61.6486645061135,62.248810200467545,2928100
2020-12-02,60.651519775390625,62.11032699118378,60.531486384802264,61.78717371693255,1379600
2020-12-03,60.46684646606445,61.722533605815855,60.346820138077916,60.725369045858216,1061900
2020-12-04,60.162174224853516,60.97744329284594,59.90364455332184,60.61458882266071,2054300
2020-12-07,59.87593078613281,60.30064742440013,59.10036311039548,59.995964148481264,1917600
2020-12-08,61.039302825927734,61.07623563448387,59.7189848579511,59.81131335723495,2641500
2020-12-09,60.46684646606445,61.13162283936955,60.18986100666199,60.70690616624951,1668600
2020-12-10,59.09114074707031,61.06700020226344,58.952644477101785,60.20833178151406,2056600
2020-12-11,58.841854095458984,58.98035037606876,58.12168188934426,58.47253655067744,2023900
2020-12-14,57.96470642089844,59.54354676557442,57.72465024583256,59.54354676557442,1377800
2020-12-15,59.7651481628418,60.55917883270728,58.130904966388144,58.26940122706917,2041100
2020-12-16,60.23602294921875,60.31912351967294,59.405052465737484,59.94980252210214,1760600
2020-12-17,60.74385452270508,61.23320196606744,60.476096912443566,60.706921709819305,1873700
2020-12-18,60.57764434814453,61.122387344501206,59.589714758711516,60.92849541134653,4028700
2020-12-21,61.076236724853516,61.380927117721406,59.64512030565933,59.95904566188436,2201300
2020-12-22,60.392982482910156,60.92849047404244,60.102141084640344,60.7899942346658,1151500
2020-12-23,60.59611129760742,61.15932425545265,60.291427978878154,60.46685000015564,972500
2020-12-24,60.74385452270508,60.91928362285905,60.2822049279536,60.429929135282904,992100
2020-12-28,60.937740325927734,61.49171837459355,60.5130235871435,61.103934444948784,786400
2020-12-29,60.651519775390625,61.49171828844384,60.13446749237559,61.22396070571765,1008400
2020-12-30,61.602516174316406,61.704079637361794,60.74384774215917,60.74384774215917,1082200
2020-12-31,62.368858337402344,62.498119650590084,61.4640221008749,61.73177969082472,1238200
2021-01-04,60.55917739868164,62.80279422710611,60.5222516379727,62.36884961875951,2569600
2021-01-05,60.10676574707031,61.325520191043815,59.79192466465898,60.77154217909452,1366100
2021-01-06,61.777950286865234,62.16573424414472,60.24527029731262,60.77155053768152,1596000
2021-01-07,62.58121871948242,62.74279889735014,61.71793622065756,62.13803904774253,1542500
2021-01-08,61.70406723022461,62.75662741358518,60.79923120799998,62.29497796319154,1914000
2021-01-11,61.27012634277344,61.6671452213634,60.7623090407818,61.140865037577896,1506200
2021-01-12,60.22678756713867,61.6763664914758,60.07905636873454,61.18701217992054,1722000
2021-01-13,59.063438415527344,60.50840361099826,58.95263999912606,60.1898643275304,3172600
2021-01-14,59.95904541015625,60.35606430228947,58.90648148457338,59.27579900885802,3088300
2021-01-15,60.503780364990234,60.65151158138266,58.63871602330852,59.83900397964854,1841100
2021-01-19,60.35607147216797,61.35322925840251,59.94058260404084,60.937747434489275,2489200
2021-01-20,60.18986511230469,61.399384569219514,59.91287258979615,60.75307807564956,1737200
2021-01-21,58.64794921875,60.23602100396492,58.58331857457819,60.23602100396492,3945600
2021-01-22,59.90363693237305,60.20832729475553,58.35249784369215,58.64795324364148,3546500
2021-01-25,59.29426193237305,59.65434797291683,57.24453705899321,59.09113502863815,4500200
2021-01-26,58.63871765136719,60.09752823268459,57.49382886938737,59.645113697293034,2742100
2021-01-27,57.46613311767578,58.17707027058923,56.57976337298891,57.87238342249865,3241300
2021-01-28,58.934173583984375,59.848237570784725,57.54922516098484,57.798512777671505,3235000
2021-01-29,59.69127655029297,60.928493721113774,58.5833171425502,60.1159932079275,10353200
2021-02-01,59.59894943237305,60.94696504032006,58.167833256783304,60.92849511674972,3731500
2021-02-02,59.68204879760742,61.65790816032117,59.55278749681027,60.06060478152236,4327800
2021-02-03,59.13730239868164,59.89440727938649,58.12167140892936,59.68204541484915,3542100
2021-02-04,58.43559646606445,59.21116427020247,58.16783890200369,58.989574475336255,2303900
2021-02-05,59.026512145996094,59.27579980523684,57.82622401225855,57.927787477485964,3697900
2021-02-08,58.841854095458984,59.5804927071288,58.30634242278839,58.860320501014066,1787100
2021-02-09,59.42352294921875,59.63865318958132,58.36172771278877,58.6664180669683,2819100
2021-02-10,60.300655364990234,60.84540543734049,59.64511392106607,59.95903924368758,1934100
2021-02-11,58.744754791259766,60.38957177652295,58.24000928068437,60.235832997374224,4298900
2021-02-12,59.207820892333984,59.772763903588526,58.24463948078281,58.24463948078281,2021600
2021-02-16,58.522483825683594,59.587537218860184,57.9575443038728,59.55975429253726,3228400
2021-02-17,58.059417724609375,58.689189979130404,57.99366291303769,58.6336241250363,2178600
2021-02-18,58.40208053588867,58.88367121066902,57.70747921257712,57.84639735748441,2258400
2021-02-19,58.3835563659668,58.76790327256163,58.29094073809306,58.64287305816333,3852700
2021-02-22,58.559532165527344,58.89757309049003,57.90197697771023,58.20759977690911,2560000
2021-02-23,58.559532165527344,58.87441829578036,57.939023236075435,58.19833997878063,2571200
2021-02-24,59.596797943115234,59.65237085918165,58.37429977741521,58.42986916055625,2257300
2021-02-25,59.698665618896484,60.11543063889132,59.28190766475147,59.531961024068515,2431700
2021-02-26,59.00407791137695,60.09691782571639,58.89294266686341,60.09691782571639,3278300
2021-03-01,60.13395690917969,60.89338746643119,59.33748009720242,59.38378968207227,1896000
2021-03-02,60.5785026550293,60.981369178234644,59.57827501205361,59.94873047973168,2657500
2021-03-03,62.05107116699219,62.653060584021524,60.2636295805925,60.67113141350817,3210800
2021-03-04,59.22633743286133,61.958436549806194,58.66139448443418,61.89360737863503,3634400
2021-03-05,60.078392028808594,60.30066249489674,58.124242689154315,59.75423906119375,2168000
2021-03-08,60.40253448486328,61.430545047422065,59.81906482912162,60.171000701689685,1636700
2021-03-09,60.13395690917969,61.72691053313421,60.12469357903559,60.837821617267856,2547300
2021-03-10,61.35645294189453,61.58335859459333,59.837591879619815,59.89315772687243,1814900
2021-03-11,62.32890701293945,62.64378961573558,61.02305287982848,61.217540440235155,2214700
2021-03-12,61.12492752075195,62.65305212194102,61.11566418965892,62.65305212194102,1938200
2021-03-15,61.68985366821289,61.7176365880161,60.675734700299344,61.069344906443206,1495700
2021-03-16,62.6993522644043,62.94941273345964,61.662085328622325,62.16219920088194,2371800
2021-03-17,63.51435470581055,63.579183888191096,62.38446861359158,62.96793125501653,1729500
2021-03-18,63.1161003112793,63.56990447312141,62.477064913895084,63.1161003112793,2752800
2021-03-19,61.92140197753906,62.8753201328934,61.60651232542975,62.8753201328934,3149000
2021-03-22,61.88435363769531,61.99549240514359,60.791513821598414,61.87509030727858,1391500
2021-03-23,62.01400375366211,62.708605059683215,61.31013911845609,61.51388996542493,1364500
2021-03-24,62.2084846496582,62.9401321286888,61.939904658683744,61.939904658683744,1378000
2021-03-25,62.84752655029297,63.106843239913296,61.828779384277446,62.43076859423884,1738900
2021-03-26,63.94038009643555,64.2552626976499,62.625269704567266,63.12538359989423,1989400
2021-03-29,64.74612426757812,65.44998203048289,64.36640539092923,64.67203174542442,2038300
2021-03-30,64.58866119384766,65.28326253280972,64.29229823852451,64.89428747879501,2604800
2021-03-31,63.39393615722656,64.84796778407689,63.22723157923772,64.84796778407689,3783100
2021-04-01,64.14411163330078,64.49604038715277,63.273542478270436,63.801439141973056,1579200
2021-04-05,64.11634063720703,64.55161822981786,63.8292339310311,63.97741894916714,1126600
2021-04-06,64.57014465332031,65.2601108271667,63.80145077272113,64.36639378705542,1972800
2021-04-07,64.48678588867188,65.07951180044999,64.28304209750146,64.69980007533442,7225700
2021-04-08,64.28303527832031,64.5006705079416,63.82922403006027,64.35712071004588,1881700
2021-04-09,65.5240707397461,65.70929496850022,64.32009205529005,64.53310627762356,3557700
2021-04-12,65.43142700195312,65.852820044436,65.1258008129536,65.40364408765281,1986000
2021-04-13,65.86672973632812,65.97323329258012,65.0072750780178,65.24621385982749,1513400
2021-04-14,65.19992065429688,65.82505768591926,64.88503100644667,65.75560037102265,3099700
2021-04-15,65.72781372070312,65.97786710601301,64.9313369143819,65.42218742077394,1495600
2021-04-16,65.36661529541016,66.13530910353593,64.69053358162306,66.13530910353593,2548500
2021-04-19,65.78338623046875,66.11216735595967,65.15361397253577,65.48702323060918,2641300
2021-04-20,65.26473999023438,66.39462591442485,65.13508164475513,66.3483163342466,3682300
2021-04-21,65.79264831542969,65.82969457294192,64.67202552262647,65.2462248494382,3080300
2021-04-22,65.70929718017578,66.45020825183305,65.39441456752502,65.96862100135198,2415600
2021-04-23,66.01492309570312,66.66322204562888,65.51480918548094,65.82043553048086,2574700
2021-04-26,70.63633728027344,71.20128038700534,69.04339047572383,70.79378565367948,6077800
2021-04-27,73.16466522216797,73.40546230133697,70.49739895777444,70.84932771513733,6143800
2021-04-28,72.23854064941406,73.62774335421048,72.22927731961066,73.33138039315459,3492300
2021-04-29,72.87757110595703,73.27580946971062,72.25705523742248,72.25705523742248,2492200
2021-04-30,72.11813354492188,72.85903729052825,71.8217706335095,72.47006229414622,3659500
2021-05-03,72.6089859008789,73.2572775788937,72.15518172626854,72.69233465983109,2739900
2021-05-04,72.90536499023438,73.6833151763971,72.5904753440369,72.5904753440369,3402100
2021-05-05,72.29410552978516,73.38694525891175,72.01626923205143,73.06279937863061,2075500
2021-05-06,72.57195281982422,73.0526143750291,71.96070021320817,72.63678199938799,2983500
2021-05-07,72.41450500488281,73.11836258642204,72.15518831001573,72.31262957963503,2780700
2021-05-10,72.47007751464844,73.25729100099845,72.266326645413,72.85905259272482,4867400
2021-05-11,71.88661193847656,72.34041617755247,71.17348392550691,72.0440532160957,2939200
2021-05-12,70.50666046142578,72.20148933835928,70.48814086896661,72.01626515036811,2392700
2021-05-13,71.45133209228516,71.79863279228086,70.21957058049621,70.37701186869006,2658300
2021-05-14,73.05352783203125,73.57216824799566,71.69211528797952,71.91438571433599,3255300
2021-05-17,73.17393493652344,73.33137620493758,72.33114861880665,72.91461824364133,2234000
2021-05-18,72.79421997070312,73.80371093894557,72.76643704727587,73.67405258571814,2941000
2021-05-19,71.74768829345703,72.23853877252921,71.34018658289891,72.18297292685317,5465700
2021-05-20,71.86846160888672,72.33296820817488,71.40395500959858,71.64550042581472,6751500
2021-05-21,72.06355285644531,72.7417356037024,71.79413818083952,72.11000635106319,2245000
2021-05-24,72.58380126953125,72.76960816862909,71.72911079710661,72.0914253905868,1547500
2021-05-25,72.1750259399414,73.0297162427047,72.14715668256108,72.72314023590687,2288600
2021-05-26,72.24935150146484,72.67670379923798,72.04497455672261,72.24935150146484,1890100
2021-05-27,73.12260437011719,73.47562671983914,72.17501433254462,72.60235941519937,2818900
2021-05-28,72.76960754394531,73.122630017488,72.30510093190094,72.9089609451203,1915000
2021-06-01,72.84392547607422,74.16312246579199,72.71850671454654,73.54997037637482,2207600
2021-06-02,72.71385192871094,73.16907344911894,72.24934538056128,72.85320531071731,1898600
2021-06-03,73.52210998535156,73.79152468552458,72.15645933763027,72.69528873797628,1949900
2021-06-04,74.20027160644531,74.24671800422753,73.59641173282233,73.624280989053,1644000
2021-06-07,73.95872497558594,75.06889521924653,73.82866372352746,74.6926460909483,1723600
2021-06-08,75.11071014404297,75.2036100394828,73.74041719483435,74.09808923447576,2647600
2021-06-09,75.01782989501953,75.41730592905647,74.62764597930239,75.05499128048919,1947300
2021-06-10,74.71125030517578,75.7703249344595,74.12597445882717,75.29653323933361,1753200
2021-06-11,74.82272338867188,75.24077649025286,74.04234862116368,75.11071521030286,1527800
2021-06-14,75.06427764892578,75.06427764892578,74.44183334974976,74.85060147079508,1232700
2021-06-15,75.24076080322266,75.50088330888943,74.71400918534408,75.22218366187789,1341500
2021-06-16,74.90631866455078,75.53804781358446,74.59045763393745,75.2593481550092,2578100
2021-06-17,74.75767517089844,75.4265656463981,73.80543545474424,75.17572817418248,3734700
2021-06-18,73.85655975341797,74.47899698359898,73.32237992365845,74.09810520386479,4490800
2021-06-21,75.2872314453125,75.34296996985559,74.01448079504847,74.40466464246664,2582700
2021-06-22,75.59379577636719,76.00255670593803,75.01780512349876,75.28721976333365,1757800
2021-06-23,75.0828628540039,75.86323779721897,75.00854008078156,75.84465356000851,1276400
2021-06-24,75.59379577636719,75.90036470159352,74.96206660760438,75.14786638579048,1679100
2021-06-25,75.85391998291016,76.09546537015379,75.51018258905604,75.72385871773452,2532100
2021-06-28,75.86322784423828,75.94683563728705,75.00853023993409,75.80748222773026,1940000
2021-06-29,76.2533950805664,76.61570961366368,75.78888854194864,75.89108054746913,1844000
2021-06-30,75.96540832519531,76.55998331025755,75.46374742073175,76.03973108430414,1981700
2021-07-01,76.2533950805664,76.54138686641109,75.90036557502023,76.3555870860869,1576100
2021-07-02,76.79222869873047,77.05235124098228,76.03972324400755,76.35559139374737,1113100
2021-07-06,76.41133117675781,76.70861509964747,75.9003711118813,76.42990832102251,1570300
2021-07-07,78.1114273071289,78.64096451880512,76.47636217950445,76.9780301307463,1645300
2021-07-08,77.19170379638672,77.97207857419733,76.60642802888496,77.03377325262076,1478100
2021-07-09,77.86991119384766,78.04642602673702,77.32179663164878,77.88848834518893,1073300
2021-07-12,77.86991119384766,77.93494185525788,77.33108166341417,77.54475788679659,1506700
2021-07-13,77.60047149658203,78.39942341596324,77.38680242965928,78.04640095141666,1683000
2021-07-14,78.7617416381836,78.94940554538343,77.47970591395507,77.47970591395507,1772100
2021-07-15,79.1798095703125,79.35631728405075,78.50162671790048,78.50162671790048,1769100
2021-07-16,78.89179229736328,79.47707509803277,78.84534589413731,79.03114568265637,1654800
2021-07-19,78.0928726196289,78.41803301520096,77.12669772812998,78.32512599486007,2534100
2021-07-20,79.98805236816406,80.1645671823641,78.16718695366032,78.45517883972583,1839200
2021-07-21,80.64764404296875,80.74055104521821,80.03264193141978,80.12739885185563,1447700
2021-07-22,81.1307144165039,81.42799832020033,80.47111597667144,80.82413839737114,2123200
2021-07-23,82.23623657226562,82.51308633209851,81.42799971068695,81.82747562758252,1648700
2021-07-26,82.73792266845703,83.79699726904599,80.68480411511148,83.55545891298817,3098600
2021-07-27,81.95755004882812,82.8271036724048,81.30723652114472,82.70540599858845,1701900
2021-07-28,81.68810272216797,82.16190127497507,81.07495081996987,81.7717104791191,1670200
2021-07-29,82.56141662597656,82.62644727512094,81.63240330230867,82.07832572849613,2009900
2021-07-30,83.1931381225586,83.41609931462196,82.39418617253901,82.5335324876983,1545200
2021-08-02,83.54615020751953,84.23361793208235,83.31389692740164,83.31389692740164,1441000
2021-08-03,84.80032348632812,85.30199146323456,83.70408763037884,83.71337974693493,1683700
2021-08-04,84.35440063476562,85.16263757528303,84.14072448205604,84.54020043796756,1214800
2021-08-05,84.28936767578125,84.92109691221827,83.63905420685045,84.67955150445495,1547000
2021-08-06,83.74126434326172,84.8375003999507,83.57404165367156,84.56808567295491,1938600
2021-08-09,83.3603515625,83.66692050972885,82.62643033671897,83.44395934234213,1867200
2021-08-10,83.49042510986328,84.1314394463255,83.04449562171635,83.50900225662372,1269500
2021-08-11,84.01066589355469,84.11285791493194,83.43467514468361,83.52758213706905,1539600
2021-08-12,83.79698944091797,84.01066559972537,83.20242154833437,84.01066559972537,1344100
2021-08-13,84.22432708740234,84.56805738204126,83.70407495615872,83.85272044731607,2823900
2021-08-16,85.37631225585938,85.5621120558576,84.0385310148865,84.30794568634954,2660100
2021-08-17,84.29865264892578,85.23695793062296,83.76911542812796,84.93967400118923,1821700
2021-08-18,84.07571411132812,85.20911161240335,83.88991426333311,84.04784484290985,2377400
2021-08-19,84.01980590820312,84.66253177477279,83.19078619083452,83.43297388219705,1343500
2021-08-20,83.8521499633789,84.21543510298217,83.3398382509264,83.67517291313261,3291500
2021-08-23,83.75897979736328,84.75566668178226,83.70309307137933,84.33650202359492,2037500
2021-08-24,84.17815399169922,84.5414319343873,83.51213969233501,83.70309548716324,2585500
2021-08-25,84.8860855102539,85.20279358345327,84.41103406043713,84.55075089470392,2034500
2021-08-26,85.51950073242188,85.69648487749424,84.68117123959676,84.69048095811767,1527800
2021-08-27,85.70579528808594,86.3289565299522,85.4729244226957,85.79894221291107,1195500
2021-08-30,86.0411148071289,86.47890598766337,85.48688110767398,85.70578025126801,867900
2021-08-31,85.90140533447266,86.29728153875021,85.56607072222886,86.04112927401671,2124700
2021-09-01,85.23072052001953,85.8827559764184,84.72306383563374,85.87344626036518,1711600
2021-09-02,85.75235748291016,86.12495225534697,85.37045299348671,85.60332383792795,1547000
2021-09-03,85.52880859375,86.12030256398293,85.30525455953658,85.59401214983953,1313400
2021-09-07,83.2559814453125,85.29593230937381,83.14420798864339,85.29593230937381,2056300
2021-09-08,84.50418090820312,84.82088187445795,82.94115034952075,83.02311850643628,2312400
2021-09-09,84.28063201904297,85.00718802759981,83.94529738330054,84.61595954813012,1610300
2021-09-10,84.34581756591797,84.98853622493452,84.01979271821905,84.79292558030743,1494900
2021-09-13,83.78693389892578,85.42634676889134,83.27927712176401,85.07238561453771,2013200
2021-09-14,84.16883850097656,84.60663682516218,83.14886306625777,84.02911457311777,2113700
2021-09-15,84.15951538085938,84.3737596684345,83.33049580601647,84.3737596684345,2868600
2021-09-16,82.1568374633789,84.15952830260088,81.62123732218623,84.15952830260088,3171200
2021-09-17,79.19471740722656,81.45822240683026,79.07362712076875,81.28124538918492,11037500
2021-09-20,77.48079681396484,78.61720780635825,76.63314342871386,78.24461298983753,4458100
2021-09-21,76.38162231445312,78.35636925463645,76.31641877479227,77.61117985280993,4208800
2021-09-22,78.51473999023438,79.68841111419626,77.42490607131138,78.11420182687105,3488600
2021-09-23,79.86539459228516,80.86208166914443,78.27255863431314,78.73830039184843,4250200
2021-09-24,79.0456771850586,80.24262958731521,78.76622933903904,79.56730558386423,1874200
2021-09-27,78.45883178710938,79.30182293233705,78.2911645295697,78.75690612199628,1614400
2021-09-28,77.97447967529297,78.3899205029951,77.0523130386743,77.84407255927235,2440600
2021-09-29,77.61119842529297,78.60788540241936,77.41558775950045,78.15146051557014,1784600
2021-09-30,76.6424560546875,78.31912908384855,76.63313923045476,78.13282813246697,2354800
2021-10-01,76.8473892211914,77.31313097404711,75.49674098057193,76.99642999329971,2530400
2021-10-04,76.29780578613281,77.42955466263939,75.99041457029618,76.4840996163437,2474600
2021-10-05,77.6484603881836,78.0070835036535,76.24191839918792,76.64245656400173,2080900
2021-10-06,77.19203186035156,77.77886384352993,75.64576600628011,77.11751148280862,1916800
2021-10-07,78.59855651855469,79.27854243910834,78.03966797252143,78.18870870834546,2487900
2021-10-08,77.73229217529297,78.60323404606616,76.98710966859247,78.16078082229792,1942600
2021-10-11,76.02767181396484,77.7788579127671,75.97177798174245,77.52736054105469,2134100
2021-10-12,76.32573699951172,76.55394583919279,75.71095466570722,76.20463963316377,2368900
2021-10-13,75.7109603881836,76.65176049739328,75.52466657354861,76.60518349040778,1519300
2021-10-14,77.69502258300781,77.7695358431879,76.33505076158487,76.34436758410237,2166500
2021-10-15,78.33775329589844,78.88733220281136,77.76954784772863,78.17008599796876,1681400
2021-10-18,77.61119842529297,78.12258617823626,77.28797356420031,77.92790648418648,1452300
2021-10-19,78.6358413696289,78.93391582812592,78.03037562705994,78.24461997534951,1388000
2021-10-20,79.60458374023438,80.53606729503232,78.45886294756,78.83145068415475,2339900
2021-10-21,79.50210571289062,79.53936590119434,77.76954604336646,78.41227185496054,1917700
2021-10-22,79.762939453125,80.76894346366747,79.55801902726428,79.9771838116623,2678500
2021-10-25,76.25122833251953,78.19802514153977,75.53398216639857,75.53398216639857,3623700
2021-10-26,74.77014923095703,76.94050667336525,74.29509794183524,76.69366420745321,3657600
2021-10-27,74.25784301757812,75.29178995449182,74.04359875125647,75.14274922893712,2896600
2021-10-28,74.44414520263672,74.66770631614884,73.21458750493504,74.14607082460763,2435300
2021-10-29,74.80742645263672,75.89726738613454,74.09018739154794,74.10881393184137,2870500
2021-11-01,75.37562561035156,75.59918671522694,74.63975296344046,74.94714415265398,1846100
2021-11-02,75.5526123046875,75.86931322083058,74.65838917441717,75.75753977120536,1465500
2021-11-03,75.08687591552734,76.21396995380766,74.16004739298023,75.71096807523844,2306700
2021-11-04,76.23258209228516,76.2512157361123,75.25452899094633,75.39425289303841,1943200
2021-11-05,76.11150360107422,77.0429869501609,75.97177967738043,76.50272490209368,1500900
2021-11-08,76.60519409179688,76.74398705369997,75.81622752525521,76.4841038061918,2422400
2021-11-09,77.81612396240234,77.9372142458101,76.44684222956177,76.75423345665952,3078900
2021-11-10,77.6484603881836,78.66377393000542,77.49010990844793,78.19803220843842,2986300
2021-11-11,77.68571472167969,77.96515546955895,77.09887564849033,77.73228462633249,1743500
2021-11-12,79.762939453125,79.78157310516616,77.60189774899081,78.18873697513524,1737600
2021-11-15,78.39363861083984,79.72565291886457,78.18591112447912,79.64182283234007,1319100
2021-11-16,78.7289810180664,79.16677939304114,78.449540236585,78.7662412102616,1532800
2021-11-17,79.70704650878906,80.14949977048592,78.33310970387548,78.57995227429548,2657800
2021-11-18,80.54771423339844,80.72518897801142,79.09985156363727,79.20260347576955,2586400
2021-11-19,80.57575225830078,82.04229414704287,80.39827035164555,80.74389113654189,2901700
2021-11-22,78.6514892578125,80.69717761574353,78.34324060760211,80.56640373343801,1770400
2021-11-23,78.28719329833984,78.81496392992209,78.01630249304287,78.46467520134465,1683000
2021-11-24,78.89436340332031,78.97843640568482,77.40914258575872,78.13774201525253,1024700
2021-11-26,77.70806121826172,78.67952957310122,77.06352761585784,77.46519234789106,1170100
2021-11-29,78.07234191894531,78.78225517204804,77.5212173621341,78.56741544140742,1934300
2021-11-30,75.1019058227539,78.07235456532972,74.86838000062261,77.60530292106712,2602300
2021-12-01,75.14861297607422,77.84817113483344,75.12059101534517,76.31624218407191,2247400
2021-12-02,77.39044189453125,77.59501213073699,75.52691073532672,75.53157868532548,2224700
2021-12-03,77.3437728881836,78.09105141449204,76.5217572446069,77.85752553877488,2236400
2021-12-06,78.4740219116211,78.92238751431806,77.23166278557996,77.90421831626817,2046200
2021-12-07,80.0526351928711,80.5757377904968,79.13721811864836,79.52953972188668,2093000
2021-12-08,80.52904510498047,80.81488048838614,79.11854711833774,80.00594953447144,2923600
2021-12-09,80.51036834716797,80.90269003563654,79.5575789590096,80.37025142224552,2406900
2021-12-10,80.40762329101562,80.86533196672768,80.14140039821844,80.63180611408879,2379000
2021-12-13,79.75372314453125,80.93069509073753,79.21194874218098,80.56639543801867,2502400
2021-12-14,79.22129821777344,79.77242286802088,78.53473172538935,79.46416707008464,2178600
2021-12-15,79.32404327392578,79.75840497457128,77.97987308110643,79.44548125287538,2011900
2021-12-16,80.80928039550781,81.1408830839546,79.59494322604291,80.06199488712284,3345100
2021-12-17,78.61412811279297,80.95872199512006,78.48334710931388,79.80043603171467,2875700
2021-12-20,76.90471649169922,77.76408970659126,75.26536085034743,77.76408970659126,2440500
2021-12-21,78.63282012939453,78.72622903887745,77.35309597688537,77.83883370882529,1415100
2021-12-22,78.75424194335938,78.98776775353576,78.12839448248077,78.58610307496669,1014500
2021-12-23,79.63231658935547,79.94804115089946,78.86635206969075,79.25867379586556,933100
2021-12-27,80.8186264038086,80.83731246350841,79.94990992050239,80.08069095847011,674400
2021-12-28,80.7625732421875,80.99609907522412,80.45431743218488,80.79059520188903,730200
2021-12-29,81.09884643554688,81.48463297138746,80.53838589321391,80.53838589321391,1229700
2021-12-30,80.66917419433594,81.52294611258812,80.61313026808273,81.14556894741943,864300
2021-12-31,81.33238220214844,81.79850030871019,80.49168772251298,80.49168772251298,985600
2022-01-03,79.93122863769531,82.40660410352088,79.00646825576231,81.45381463286212,2209600
2022-01-04,80.53837585449219,80.76255861815358,79.37074690073683,79.77241154589433,1739200
2022-01-05,78.30589294433594,81.3650831301461,78.21248402583318,80.82796937712881,2656900
2022-01-06,79.12787628173828,79.38008812092771,78.25916007485289,78.64214578375484,1641400
2022-01-07,78.80094909667969,79.65097933059772,78.66083218677348,78.83831408109748,2351500
2022-01-10,79.0811996459961,79.10922160857692,77.02616782813118,78.28720603077352,1940000
2022-01-11,80.55706024169922,80.60376825367165,78.63280987602167,79.58559203113755,2334200
2022-01-12,81.22027587890625,81.5845755813974,80.45431148820148,81.00543611930497,2864100
2022-01-13,80.10869598388672,81.9021724971141,79.90319213050068,81.35104787879315,3365800
2022-01-14,78.63282012939453,80.00127811359451,77.56794288267476,79.26801069117852,2870400
2022-01-18,78.36193084716797,78.60479971792304,76.29756326235761,77.5772874400805,2640500
2022-01-19,77.62397766113281,78.87567970604638,77.39045185160676,78.65148979771904,2632200
2022-01-20,76.79261779785156,78.55807215113909,76.4469970726496,78.09102058409707,3534500
2022-01-21,77.63333129882812,78.37127381297934,76.19481126035346,76.79263684431136,2844000
2022-01-24,77.74542236328125,77.85751020049142,74.85903940219265,76.29755936841273,4451900
2022-01-25,77.50255584716797,78.11906035038386,75.58764113500474,76.34426969225362,4027200
2022-01-26,76.1480941772461,79.04381996774296,75.66236362058959,78.06300869978212,3633100
2022-01-27,77.16626739501953,77.92288872093593,75.94259446018843,76.87669767801785,3093400
2022-01-28,77.31573486328125,77.36244288368547,75.5129150259855,76.79263924264194,4367500
2022-01-31,79.80044555664062,80.04798236210289,75.21399491258828,75.9426014761872,4710600
2022-02-01,78.05365753173828,80.67849224947324,76.19479424445014,80.19275461683095,4970900
2022-02-02,77.78277587890625,78.75611131172468,76.99813255570169,78.2965355262252,2889900
2022-02-03,76.45634460449219,78.11904714087069,76.36293571090812,77.2223089345084,2902900
2022-02-04,77.00748443603516,77.74542695672059,75.63435133593966,75.90524216960722,3508500
2022-02-07,76.27887725830078,77.43716332993023,76.12941731272667,77.15692949530002,1790200
2022-02-08,78.53005981445312,78.7075417121894,76.49838239835728,76.63383136030617,3294300
2022-02-09,78.24981689453125,79.50525316795097,77.91354632067376,79.31470103053863,2132000
2022-02-10,76.17611694335938,77.83881945833903,75.84917513006019,77.41846875265793,1926400
2022-02-11,74.39197540283203,76.4469995127545,73.8969018662279,76.22281674887824,2494800
2022-02-14,74.49474334716797,74.96179502959535,73.48591000273046,74.31726142731976,3899000
2022-02-15,73.59799194335938,76.29754961976678,73.36913409389219,75.8304980200196,4126300
2022-02-16,73.67272186279297,74.093065451641,72.35563293155663,73.73810880165026,3305200
2022-02-17,71.4146728515625,73.17614473118,71.35939430908302,73.11055820237497,2253500
2022-02-18,71.5364761352539,72.07053992544135,70.59015006899345,71.25539406843697,6320300
2022-02-22,71.48961639404297,72.62333024628771,71.09609015281568,71.3022212438409,2481400
2022-02-23,69.98112487792969,71.95809919013912,69.4845402006401,71.92998455410844,2771000
2022-02-24,71.7613525390625,72.07992083424023,68.49138284278979,68.70219620738277,3807000
2022-02-25,73.56029510498047,73.81326965855207,71.63953564312554,71.84566676372208,3005300
2022-02-28,73.39163970947266,73.95381091858235,72.29540477944954,72.29540477944954,3918500
2022-03-01,72.7545166015625,73.53219053343835,71.73323250400603,73.40101033007541,3501600
2022-03-02,73.81327056884766,74.02408389082301,73.12929782213692,73.25109932744832,3266200
2022-03-03,74.18804931640625,75.46230786606819,73.73830806130421,74.64715496861842,2660900
2022-03-04,73.04497528076172,73.62588967057614,71.82693866446137,73.27921391640362,2967900
2022-03-07,69.6156997680664,73.16674988776309,69.56884919881092,72.89503946093964,2768400
2022-03-08,68.86615753173828,70.48709200396992,68.84742158654757,69.53139438614214,3249800
2022-03-09,70.51518249511719,71.39591467465509,70.04670534594388,70.21535740558203,3050200
2022-03-10,69.14723205566406,69.84994779952896,68.67875489308746,69.61570921824067,3981100
2022-03-11,67.83548736572266,69.44236043145949,67.71367874141818,69.32524115325499,3290800
2022-03-14,67.44197845458984,68.74902665073093,66.58934654973642,68.70686541984772,4014900
2022-03-15,69.0066909790039,69.25030111745627,67.41386425637786,67.92919202072046,4655600
2022-03-16,70.74005889892578,71.98620999646866,69.33462726517229,69.81247602219906,2692800
2022-03-17,71.57393646240234,71.62078703548829,70.26219904832793,70.30904962141388,1868200
2022-03-18,73.063720703125,73.42913241449972,71.69576073679353,71.81756940618249,3822500
2022-03-21,72.4546890258789,73.23704513049319,71.60205704877649,72.63270550971288,1805000
2022-03-22,72.64208221435547,73.62588731189254,72.42658667957024,72.42658667957024,2601700
2022-03-23,71.62078094482422,72.71701563723033,71.44275736030941,72.26727447839045,1675300
2022-03-24,72.53901672363281,72.5858673086687,71.16169244496709,71.56458317173056,1837900
2022-03-25,72.37035369873047,72.84820243004718,71.78944656300679,72.71702938982605,1531900
2022-03-28,73.09181213378906,73.1292911662572,71.50835696688372,72.10800718958507,2218200
2022-03-29,73.69146728515625,74.47850557444288,73.16676794390351,73.73831071757856,1812200
2022-03-30,72.84821319580078,73.69147368498113,72.8013626109147,73.08245182344001,1261600
2022-03-31,72.09864044189453,73.40569587326405,72.05179700948823,72.71703379617581,2413400
2022-04-01,71.47087097167969,72.38346352077052,70.9742863495447,72.06115674005389,2591900
2022-04-04,71.80818939208984,71.91125495477613,71.03051547305526,71.48962830625607,1872600
2022-04-05,70.412109375,71.74258261989601,70.1872423691399,71.54582309621928,1582900
2022-04-06,71.42403411865234,71.53646406705391,69.48453887638594,69.64381940221782,2666000
2022-04-07,72.65145111083984,73.07307776674948,71.00240922735289,71.00240922735289,3012100
2022-04-08,72.37035369873047,73.26982903813014,72.24855220378073,72.38909678927324,2107000
2022-04-11,71.55521392822266,72.38910281694777,71.35845435150725,72.14549265836887,1750400
2022-04-12,71.10546112060547,72.32350456765867,70.73067797163571,71.69573975506688,2814200
2022-04-13,71.05862426757812,71.67701765504754,70.51519610245106,70.51519610245106,1592600
2022-04-14,70.03734588623047,71.66296244623065,69.99049530387155,71.2366464513083,1717000
2022-04-18,68.97856903076172,70.33714972700274,68.51009194262438,69.98110971343988,1517100
2022-04-19,70.6182632446289,70.72132881150961,69.21283149450538,69.36274049735289,1380400
2022-04-20,70.75878143310547,71.5551982600253,70.54328595986807,71.18978667636746,2107800
2022-04-21,70.46833038330078,71.79880374230896,70.12165472705477,71.30221911876322,2256200
2022-04-22,68.79117584228516,69.92488956967352,68.69748185169972,69.18469489177998,2115500
2022-04-25,69.89678955078125,71.2366344895596,68.45387906683578,70.53391876254426,4038900
2022-04-26,67.80738067626953,69.30650602515317,67.63872862774554,68.744334912871,2231400
2022-04-27,68.9317398071289,69.66256314717785,67.75117517791395,67.75117517791395,2499900
2022-04-28,71.27412414550781,71.6957507852184,68.80993653548458,68.95047398312471,2837400
2022-04-29,68.24775695800781,71.13357830567712,67.99478240828384,70.81501723206952,2808100
2022-05-02,68.35082244873047,69.37210648921068,66.8329608551069,68.39767302934143,2627400
2022-05-03,68.69750213623047,68.98795573732649,67.89921937891616,68.322718914832,2297000
2022-05-04,71.77070617675781,71.98620883575232,68.64128188728891,69.27841117025312,2700800
2022-05-05,69.97174835205078,71.30222176035001,69.27371481573046,70.7306790577831,2377800
2022-05-06,69.87805938720703,70.14977701525791,68.18216709822705,69.55012678383343,2470400
2022-05-09,68.68811798095703,69.5126423463566,68.18216179720568,68.66938204010435,2718000
2022-05-10,68.18217468261719,70.08419829054898,66.96413814196796,69.21283033414515,2771000
2022-05-11,68.30397033691406,69.3158827030062,67.77927106464738,68.1259467312884,3214400
2022-05-12,68.39766693115234,69.6157104344895,66.76736837845337,67.94792570192797,2482100
2022-05-13,70.37464141845703,70.73068149610286,68.85209060796973,69.1753410007086,2601200
2022-05-16,69.65318298339844,70.14040324874851,68.94110282387817,69.85931408424698,2101000
2022-05-17,70.70256805419922,70.70256805419922,69.20344265828547,70.30904897809569,2742800
2022-05-18,67.657470703125,70.14977262974377,67.45133960863542,69.71877449962655,1899700
2022-05-19,68.28775787353516,69.13441842437679,66.98954981372347,67.03658930213288,1780500
2022-05-20,69.08739471435547,69.95286686197856,67.21533193631224,68.96509490015235,3017700
2022-05-23,69.49191284179688,70.34327461185909,68.7957656193604,69.60479614916105,2473100
2022-05-24,71.01587677001953,71.38276177968183,68.8898270158784,70.39499720644395,3071700
2022-05-25,69.17205810546875,70.47967567848032,68.4618076668736,70.29153205336958,2854900
2022-05-26,70.63018035888672,71.09113716029154,69.68944809148722,69.9716634653765,3380100
2022-05-27,71.77787780761719,72.07891185840204,70.91239863154505,71.35454396365172,2837700
2022-05-31,69.99048614501953,71.17110262453446,69.36019721223713,71.07232975003319,9765400
2022-06-01,69.58596801757812,70.71484388459922,69.21908300193539,69.91522288069113,2384000
2022-06-02,70.78070068359375,70.89359115047563,69.28493967780511,69.61419456802102,2133600
2022-06-03,70.73367309570312,70.85596572674503,69.69886168989176,70.3103391995388,1415400
2022-06-06,70.74305725097656,71.55208750207949,70.63017398249883,71.05350059372425,1019900
2022-06-07,71.95662689208984,72.02247787997976,69.97168074355471,70.31034501762267,1582500
2022-06-08,71.81550598144531,72.37995114758351,70.7336694931901,71.33573763833364,1926900
2022-06-09,71.49565887451172,72.58691184976641,71.26988511926595,71.67440031840785,2505100
2022-06-10,68.94627380371094,70.5831460596084,68.92745513773868,70.3573723084683,2314500
2022-06-13,66.88607788085938,67.92088217323456,66.27460033352246,67.1965213217377,1860400
2022-06-14,65.10810852050781,66.98487281817293,64.57189117506361,66.71676055684041,1859400
2022-06-15,65.62549591064453,66.57563049132727,64.68476348660462,65.29624099767433,1629300
2022-06-16,63.92277526855469,64.42607063863278,63.00086136908329,64.36492072486482,1818700
2022-06-17,63.8569221496582,64.66595270720015,63.2454517412167,63.91337098249534,3669400
2022-06-21,65.72897338867188,65.95474714823878,64.12032189447318,64.72239003813053,2506000
2022-06-22,64.68476867675781,65.02343295076331,63.84751732636074,64.42136472524675,2621800
2022-06-23,64.52484130859375,65.39972285564613,63.89455223093764,64.60951096913156,1791000
2022-06-24,66.66029357910156,66.69792373362482,64.41194388116826,64.86349138101112,3453500
2022-06-27,65.77600860595703,67.14007491137737,65.02812806002343,67.07422392954457,2327700
2022-06-28,65.65372467041016,66.65089886370835,65.37150203819913,66.03942127873091,1877800
2022-06-29,65.6443099975586,66.03941590875034,64.45898508676426,65.38090605676409,2728700
2022-06-30,66.48157501220703,66.70735601702584,64.67537003697994,64.88233236945358,2822500
2022-07-01,67.63866424560547,67.96321808755586,66.06764278464749,66.77319211855043,2096300
2022-07-05,67.14008331298828,67.25296662327379,66.01590822567071,66.20875293981501,1936800
2022-07-06,67.0365982055664,67.52577593479023,66.40630199237177,67.22474182975576,2440000
2022-07-07,65.93592071533203,66.04881117042794,63.36772566255386,64.58127114026898,4386800
2022-07-08,65.74781036376953,66.1993652351567,64.74216683902526,65.85129153893698,2485600
2022-07-11,64.9105453491211,66.01120069989955,64.62832271584573,65.78542689961108,2116900
2022-07-12,64.76002502441406,66.03942186120774,64.49662105987767,64.80706452260402,2430700
2022-07-13,64.34609985351562,64.8634983853413,63.80988265378711,64.0450657620403,1635500
2022-07-14,64.90113830566406,64.9293591345441,63.02908249201535,63.33011662876901,2793600
2022-07-15,65.39031219482422,65.99238036641754,65.15512909100748,65.78541808670381,3010100
2022-07-18,64.8729019165039,66.3065799683784,64.70356980661937,65.74778328803762,1525900
2022-07-19,67.58219909667969,67.66686872845344,65.61607220610581,65.66311168789314,2450500
2022-07-20,68.363037109375,68.4477067765078,66.88608719739824,67.77037814832632,1942400
2022-07-21,68.6264419555664,68.78166369957945,67.96793199055983,68.34422647508659,1520900
2022-07-22,67.63866424560547,68.9462817702614,67.14947935485681,68.74872881803485,3805300
2022-07-25,68.099609375,68.3536111105878,67.4599111356328,67.704503538772,1620800
2022-07-26,68.4100570678711,68.4759080447313,67.34702492784731,68.09961367243663,1897800
2022-07-27,71.90958404541016,72.06950682441202,68.48531882203046,68.48531882203046,3786500
2022-07-28,72.29528045654297,72.89734859298191,71.41099691833357,71.55210103060963,2118300
2022-07-29,73.53706359863281,73.8945465702299,71.86256076500419,72.52107069601996,2183100
2022-08-01,73.64053344726562,74.36490143736444,72.7186196854184,72.7186196854184,2425700
2022-08-02,72.86914825439453,74.10150569614923,72.81270659361809,73.53706755672374,2146700
2022-08-03,74.53423309326172,74.97637130356975,72.86819246828253,73.23601775503928,2483600
2022-08-04,74.7882308959961,75.07985566315715,74.35549482377611,74.86349121565672,2129600
2022-08-05,74.61888885498047,74.99047497097217,73.90393026759877,74.23319232807884,1492700
2022-08-08,74.5812759399414,75.3197544419483,74.33198238661649,75.07046088862339,1882400
2022-08-09,74.1861572265625,74.39311950176916,73.71579102917228,74.22378738361995,1276600
2022-08-10,75.1645278930664,75.77129719522964,74.6753429757264,75.25859970725661,1419700
2022-08-11,75.82303619384766,76.70732701874061,75.35266995545254,75.92651734047212,1665800
2022-08-12,76.9048843383789,77.00836549087111,75.77600817310707,76.25577659587681,1758800
2022-08-15,76.71673583984375,77.0836209291597,76.20873944450956,76.44392256213358,2015600
2022-08-16,76.50035858154297,76.91428313479743,76.10995377376318,76.42509826691149,1862100
2022-08-17,75.80422973632812,76.06763369896656,75.40912379237048,75.74778090346297,1623200
2022-08-18,75.91751861572266,76.08745514963623,75.53986506636038,76.04025295792991,1183100
2022-08-19,74.97340393066406,75.71926066170977,74.5768636596657,75.55876021088443,1212500
2022-08-22,73.00959777832031,73.90180062309051,72.7830013202111,73.70825218296734,2493900
2022-08-23,72.6036148071289,73.32115578575818,72.27788873120042,72.82076072231997,1680300
2022-08-24,73.04737091064453,73.3211695882837,72.49033023458053,72.66027399300678,1676800
2022-08-25,73.8121109008789,73.86875641675786,73.06624706151997,73.36836848477928,1881600
2022-08-26,71.02692413330078,74.0103720724465,70.97027141836433,74.0103720724465,1482100
2022-08-29,69.93174743652344,70.62096588657376,69.76180365453462,70.57375647924299,1441700
2022-08-30,68.7893295288086,70.20552488193563,68.19453007362638,69.98837175840698,2247000
2022-08-31,68.1850814819336,69.38412361881521,67.81687129484403,69.1103250073386,3350600
2022-09-01,68.65715026855469,68.6949163414664,67.33536652921244,68.10955301604774,1653600
2022-09-02,67.71304321289062,69.49744935016575,67.45812393434026,69.35582832909826,1565900
2022-09-06,68.05290985107422,68.11899868015944,66.96715862769513,67.6941357476326,1597300
2022-09-07,69.30859375,69.40300531889706,67.72245490185001,68.17563331381231,1751400
2022-09-08,68.83654022216797,69.12921829567082,68.37391121181173,68.8648629772628,1883900
2022-09-09,69.29915618896484,69.43133383702914,68.7043495695339,69.09144639825192,1803300
2022-09-12,69.67681884765625,69.96005361506504,68.7987773827182,69.85619870607239,1693800
2022-09-13,67.14655303955078,68.38336149220547,66.80666553753007,68.23229717879941,1756300
2022-09-14,65.94749450683594,67.19847137174744,65.43766332303684,67.08045509410346,2097200
2022-09-15,65.07890319824219,66.5234214342854,64.85231393848747,65.99471076047682,2129100
2022-09-16,64.01203918457031,64.48410434904902,63.275611477343595,64.36136279627318,3782500
2022-09-19,64.43689727783203,64.53130887350794,63.63438790987225,63.68159010613869,2338000
2022-09-20,63.84208679199219,64.21029699417261,63.15286857580163,64.04035326984766,1842500
2022-09-21,63.2850456237793,64.99391896647006,63.27560230497864,64.13476423729522,1579600
2022-09-22,61.7933235168457,63.36530128653739,61.70363719150636,62.860195335869115,1981000
2022-09-23,62.10489273071289,62.24651372261058,61.137157689745365,61.35902889631841,2551600
2022-09-26,61.71780014038086,62.86019693597273,61.226848351923636,61.821655049356714,2415500
2022-09-27,61.4912109375,62.548639588581985,61.00026629426328,62.255961466833746,1890500
2022-09-28,62.09543991088867,62.529746140438355,61.26932598819995,62.05768104175908,2264400
2022-09-29,60.89640426635742,61.708356899493594,60.30632282966791,61.576179233926545,1910800
2022-09-30,60.23550796508789,61.29293281444817,60.178862456282616,60.92472260092983,2625600
2022-10-03,61.783897399902344,62.32205145474865,60.528202204213116,61.104122340487315,1905500
2022-10-04,63.3039436340332,63.709919977694994,62.58168448357512,62.74690297498887,2424900
2022-10-05,63.66270446777344,64.08756020850733,62.62888066842632,62.70913087709195,1452500
2022-10-06,63.06792068481445,63.832664089701765,62.973501871695035,63.4644537685972,1670000
2022-10-07,61.61394500732422,62.794107874900924,61.245734768891694,62.47309982928596,1446600
2022-10-10,61.37791061401367,62.30315424100143,60.868079405959435,62.12377438858511,841300
2022-10-11,61.1324348449707,61.906621376503324,60.8775228420268,61.34014465640619,1449200
2022-10-12,60.9719352722168,61.68946909947287,60.957773894254004,61.43455709300024,1637600
2022-10-13,61.37791061401367,61.88774182206791,58.998701911331715,59.65015049835358,1946400
2022-10-14,60.53763961791992,62.40701364574886,60.2638409566434,61.77444805063214,1632800
2022-10-17,61.71780014038086,62.05768762373047,61.189082275646726,61.396792093598435,1688600
2022-10-18,62.982933044433594,63.25673170274799,62.31260137882638,63.18119954808,1637200
2022-10-19,62.576961517333984,63.209527154131656,61.99160528161094,62.75634859764564,1552300
2022-10-20,61.1324348449707,62.97821124742243,61.05690269478647,62.72801730268667,1923200
2022-10-21,63.058467864990234,63.200088860194256,60.7075852759184,61.39679640775865,2351000
2022-10-24,63.33226776123047,64.09701106574023,63.05846908603906,63.417236038112364,2518300
2022-10-25,65.00336456298828,65.0600172746356,63.23784565191326,63.23784565191326,2567100
2022-10-26,64.52186584472656,65.28661634038815,63.04902477672258,64.8523172358009,3656700
2022-10-27,66.09857177734375,67.5242035049257,64.57852124659512,64.68237616756379,3016900
2022-10-28,67.68470001220703,67.85464374554539,65.94749660439915,66.20241580597776,1918400
2022-10-31,66.693359375,67.52419139054808,66.31570583951739,66.73112544886247,2551900
2022-11-01,67.51476287841797,67.99626416732478,66.77834236301425,67.28816640972231,1885200
2022-11-02,66.28739929199219,68.51554777265947,66.27795597043219,67.23152975996497,1782900
2022-11-03,66.28739929199219,67.11823151067647,65.25830053941088,65.58874476257259,2035000
2022-11-04,69.12922668457031,69.74291286428448,67.30705478654443,67.30705478654443,2299000
2022-11-07,69.62016296386719,69.6484857190051,68.62883051832934,69.00647685769107,1777400
2022-11-08,69.07257843017578,70.05446763503471,68.54386054701007,69.80899893539137,1528100
2022-11-09,68.55329132080078,69.76177677004753,68.48720249789326,68.88373543533834,1743200
2022-11-10,71.3762435913086,71.85775202308633,70.35658121924114,70.35658121924114,2643400
2022-11-11,73.04737091064453,73.67049322277867,71.39041746520265,71.43290880716664,2984500
2022-11-14,73.42501831054688,75.11501259718298,72.43368570876146,72.47145178927852,4193900
2022-11-15,74.3125,75.03948441319817,73.8215553806715,74.08591072978247,2349100
2022-11-16,74.01981353759766,75.29438794302672,73.95372470777963,74.06701572852927,2169600
2022-11-17,73.29961395263672,73.35647700630786,71.74549211016495,72.9679429307469,3420800
2022-11-18,73.68814849853516,74.63578412706096,73.36594862529562,74.08615372734333,3697600
2022-11-21,74.09562683105469,74.4083410714839,72.78314955465034,73.41332807032629,2068800
2022-11-22,74.15248107910156,74.47467369267854,73.53651653150894,74.4462457832318,1916300
2022-11-23,74.0103530883789,74.41783676361503,73.45125144764577,73.88716303954463,1898000
2022-11-25,74.55049133300781,74.88026811877519,74.12405820258158,74.42730130707902,971100
2022-11-28,72.34249877929688,74.25672675447099,72.20509479741028,73.93452688850014,2065800
2022-11-29,72.8542251586914,73.5554807354825,72.15297681178646,72.45621992638478,1869000
2022-11-30,74.00086212158203,74.07193913103873,71.5654388665176,72.78788968433554,3462100
2022-12-01,74.7021255493164,74.77793814209588,73.29014312087425,73.55548719560238,1776700
2022-12-02,75.57394409179688,75.96247818380547,73.46071338306436,73.98191588944508,1998300
2022-12-05,74.37042999267578,75.10958445405166,73.76393668012993,74.69262256101526,2100200
2022-12-06,75.04327392578125,75.07170184019986,74.1524940479356,74.36097506018771,2674000
2022-12-07,74.86322021484375,75.32755968294731,74.25673394592455,74.83479230065795,2151300
2022-12-08,75.56446075439453,75.81084803487592,74.91533268165938,75.69712916006469,2376700
2022-12-09,74.35149383544922,75.81085363551934,74.25199613878898,75.68766360112072,1417200
2022-12-12,76.32257080078125,76.39838338267167,74.40834287241954,74.76844902145619,1681200
2022-12-13,76.71109008789062,77.70611024517925,76.36046958342294,77.70611024517925,2600900
2022-12-14,76.0477523803711,77.6492587627547,75.71608138605995,76.75847903813157,3025900
2022-12-15,74.69263458251953,75.40336125282892,73.9060953322046,75.1854018927844,2119400
2022-12-16,74.4841537475586,74.607350997779,73.63128029554862,74.11457645666853,4036900
2022-12-19,73.7923812866211,74.87742078677401,73.50998196576597,74.51257908354022,1532700
2022-12-20,73.83975982666016,74.16195967104431,73.4512330133008,73.82081029693659,1889800
2022-12-21,74.89163970947266,74.98640182273408,73.83029247312741,74.3325381803102,1621700
2022-12-22,74.04824829101562,74.65473452189553,73.06270635836424,74.44625352442691,1379600
2022-12-23,74.25672912597656,74.51258756692783,73.66919242802226,73.8208176003535,810400
2022-12-27,74.39887237548828,74.83478388035792,73.92505457934053,74.26620397095778,955400
2022-12-28,73.34700012207031,74.62630679253655,73.33752174128408,74.48416000028783,882800
2022-12-29,74.92955780029297,75.08118298929708,73.53653210333718,73.95349414321156,957700
2022-12-30,74.2093505859375,74.85374316183531,73.4891526474945,74.67369729216794,995900
2023-01-03,74.97693634033203,75.29912899575471,74.3041158864614,74.80636163161228,1317300
2023-01-04,76.54053497314453,76.63530433035389,75.14751651874161,75.60237762184427,1611900
2023-01-05,75.93404388427734,76.57843643119381,75.77294755501983,76.29415006718993,2136300
2023-01-06,77.56398010253906,77.75351157925786,76.19938961959666,76.7490128273647,1555400
2023-01-09,77.2038803100586,78.58269196505482,77.05699793586268,77.68717653312783,1652600
2023-01-10,77.39340209960938,77.48816421899858,76.54052856533404,77.11858689246031,1975300
2023-01-11,77.6113510131836,77.92407247188693,76.89114598916886,77.92407247188693,2683300
2023-01-12,78.55900573730469,78.64428948512801,76.52158741284292,77.70613210963614,2503600
2023-01-13,78.89065551757812,78.9380401846178,77.91648633749568,78.3125972831426,1272000
2023-01-17,78.63480377197266,79.11809271325319,78.53529885471741,78.900140578139,1946300
2023-01-18,77.50711059570312,79.03280437206764,77.48815383643353,78.86222968806771,1876300
2023-01-19,75.47917175292969,77.48815445851793,75.45074384368236,77.26072395465395,1552100
2023-01-20,76.57842254638672,76.60685045464406,75.01482975315191,75.84874639153615,1787600
2023-01-23,77.09014892578125,77.50237529768674,75.70660191945518,76.39837903756089,1104400
2023-01-24,77.81035614013672,78.20362576375909,76.05723180619384,76.05723180619384,1542900
2023-01-25,76.72057342529297,77.23229749097897,75.84875045259186,77.23229749097897,1448800
2023-01-26,76.83430480957031,77.1944037752407,75.96248169486095,77.14702632785303,1353100
2023-01-27,76.94800567626953,77.32706135164678,76.1804231752977,76.68266887247115,1457100
2023-01-30,76.72057342529297,77.25124702087008,76.16147191993645,76.54999873673097,1334300
2023-01-31,77.92408752441406,77.92408752441406,76.767970802768,77.25125980879116,2543400
2023-02-01,80.13206481933594,80.66274567693586,77.78193255670037,78.15150986598488,3058700
2023-02-02,79.46871185302734,81.06073974705686,79.40237765868798,80.95649926596859,2274200
2023-02-03,80.29317474365234,80.40688639868597,79.06598103728463,79.10863013780875,1580500
2023-02-06,79.2886734008789,80.40688376131304,79.16548336867099,79.57296698891105,1500100
2023-02-07,79.2507553100586,79.4308083710024,77.90511461743957,78.76746640418604,1641500
2023-02-08,79.156005859375,79.62034531037995,78.69166640837005,79.04229420681905,1724200
2023-02-09,78.47370147705078,79.83829905034719,78.17993675553286,79.62033968187896,1745200
2023-02-10,78.86224365234375,79.06124628060053,78.06622590943007,78.48318792856993,1906000
2023-02-13,79.96149444580078,80.17945382890821,78.98543087207754,79.29815237527615,1758700
2023-02-14,79.91411590576172,80.42584002310637,79.30762966962426,79.96149335021501,1887400
2023-02-15,80.14154052734375,80.2173531087422,79.56348224648052,79.8288190514894,1182000
2023-02-16,79.48542022705078,80.03694183601804,79.0147311898011,79.35229532209499,1427500
2023-02-17,80.59797668457031,80.64551714922833,79.27623133800472,79.74216851832843,1800700
2023-02-21,78.9814453125,80.17006570188755,78.79126895210324,79.78020198664525,2365600
2023-02-22,79.27622985839844,79.99890584772503,78.97194332216533,79.63756785306173,1671900
2023-02-23,79.84677124023438,80.0084218858186,78.66766174484981,79.34279731296371,1371600
2023-02-24,79.52346801757812,79.89431705510233,78.97195358662175,79.53297901347379,1889500
2023-02-27,79.87529754638672,80.36976048195876,79.60904771532763,79.64708444187376,1362400
2023-02-28,80.46485137939453,80.81667838423112,79.81824157417184,79.84676730377876,2963600
2023-03-01,81.04488372802734,81.35867395037977,80.17005373836622,80.32220060778972,1914600
2023-03-02,81.46328735351562,81.75331102614892,80.53141300702275,80.95931345626248,1415400
2023-03-03,82.66142272949219,82.78503664736554,81.43476552685223,81.77708880455471,1292300
2023-03-06,82.3951644897461,83.04177425329355,82.28105432390963,82.6233775666561,1704900
2023-03-07,80.95931243896484,82.5473075587837,80.81667653942279,82.5473075587837,1952400
2023-03-08,81.14948272705078,81.43475450477963,80.3507333570303,81.03537981976937,1703600
2023-03-09,80.01792907714844,81.54887277669974,79.87529317409916,81.45378459292135,1731600
2023-03-10,78.11614227294922,79.99891311992904,77.77381898172308,79.99891311992904,1962300
2023-03-13,77.91645050048828,78.91013546116365,77.24131495164247,77.36492886742657,2497000
2023-03-14,79.33328247070312,79.81824163870309,78.43943758355879,79.06703265447206,2293000
2023-03-15,77.17474365234375,78.57255505526257,75.74839926773204,78.26826854340257,2710400
2023-03-16,77.50755310058594,77.63116699775384,76.0812087673277,76.46156870714906,1854400
2023-03-17,76.1097412109375,77.2508138763541,75.70085550912333,77.18425142511752,3538700
2023-03-20,77.76428985595703,77.86888901804306,76.49009243383593,76.71830548985896,1624900
2023-03-21,78.26827239990234,78.85783071963897,77.83562009553843,78.59158091548792,1237300
2023-03-22,76.68028259277344,78.43943942394294,76.65175686247417,78.09711615082456,1464400
2023-03-23,76.33795166015625,77.50184777007182,75.71036389225168,76.35697364828953,1890300
2023-03-24,76.54715728759766,76.68979319312352,74.67389029010795,75.27295964236389,1766800
2023-03-27,77.01309204101562,77.46952547332295,76.55666586347158,77.10818022344036,1432800
2023-03-28,77.70723724365234,77.73576296838338,76.80388151685054,76.95602838843229,1217200
2023-03-29,78.76275634765625,78.98145847307826,78.10663546186154,78.47748450476351,1531400
2023-03-30,79.04800415039062,79.53296327842425,78.6324658474674,79.02898941712547,1189600
2023-03-31,80.2556381225586,80.32220056420475,79.29998282957057,79.48540729235359,2608900
2023-04-03,80.06546783447266,80.63601143450447,79.65658212365692,80.1320302871746,1382200
2023-04-04,76.6707763671875,80.55043553402753,76.30943833631315,79.97038813264764,2606800
2023-04-05,75.49166107177734,76.51863087671111,75.18737452825216,76.17630760839985,1723500
2023-04-06,74.63585662841797,75.215904014538,74.05580924229793,75.20639301917562,1826200
2023-04-10,75.24443054199219,75.26345253291821,73.11442460840375,74.12237248456576,1235800
2023-04-11,75.85299682617188,76.23335680799211,75.34902293353444,75.65330946803799,1407100
2023-04-12,76.76586151123047,77.28885012350982,75.93857911829879,76.21433991594269,1327500
2023-04-13,77.17474365234375,77.30786854785983,75.64380009914616,76.69929552413984,1565200
2023-04-14,77.26984405517578,77.97350536494014,76.79439585173103,76.99883509692562,926000
2023-04-17,78.3348388671875,78.36337185174919,77.48854169427624,77.5360894137823,1312700
2023-04-18,78.249267578125,79.15261627874919,78.01154347219611,78.73422678555386,2024100
2023-04-19,78.4489517211914,78.45846271637024,77.60740638957571,77.65970598091371,1143400
2023-04-20,78.68668365478516,78.75324611813942,77.7072614419592,78.23025015266711,1905100
2023-04-21,78.66766357421875,79.37132488970911,77.88792880441486,79.17163751320903,1042500
2023-04-24,78.9719467163086,79.3713214520112,78.43943981394153,78.52502426002842,1715400
2023-04-25,78.59159088134766,79.3570627927296,78.44895496681883,78.91489218316663,2137700
2023-04-26,77.85939025878906,79.3713192225716,77.54559997798732,77.87841224839121,2947600
2023-04-27,81.66297149658203,81.70100821909038,78.04956991544441,78.7627421392593,2353000
2023-04-28,81.11145782470703,82.38565539279068,80.82618603092794,81.97676969091428,1973800
2023-05-01,81.72953796386719,82.13842368247288,81.16851260251423,81.42525142360924,1347200
2023-05-02,82.02433013916016,82.11941833359083,80.56470060023626,81.65348110254556,1290800
2023-05-03,81.33966827392578,82.65190252235412,81.27785769449639,82.50926663008167,1370300
2023-05-04,81.11145782470703,81.95775495688511,80.90225947657078,81.81511905999557,1857800
2023-05-05,81.7390365600586,82.44269771740205,81.43475006595638,81.91970915975632,1478000
2023-05-08,81.54886627197266,82.10038059580127,81.24457975529512,81.82462706126837,1546200
2023-05-09,81.25408172607422,81.45377632292627,80.90225475633879,81.45377632292627,1293100
2023-05-10,81.25408172607422,81.81511428650292,79.96086224465105,81.78658855974194,1871500
2023-05-11,80.38877868652344,80.85471586893247,79.95136723398956,80.67404324003851,1323100
2023-05-12,80.2556381225586,81.1399718500073,79.75641618283139,80.72157521408171,1437400
2023-05-15,80.3602523803711,80.52190301834676,79.86578221686938,80.31270466107783,1390000
2023-05-16,78.86734008789062,79.91332454895881,78.72375382044903,79.91332454895881,1812900
2023-05-17,79.6375732421875,79.95137079431494,78.79127602930834,79.33328668536312,2546300
2023-05-18,80.67826843261719,80.80716474724179,79.15063403750571,79.8094220453234,2172300
2023-05-19,80.73554992675781,81.38479543496267,80.12449618778092,81.38479543496267,2092800
2023-05-22,80.27726745605469,80.97424724893317,79.8285232496158,80.50641079905105,1553300
2023-05-23,78.52047729492188,79.8189682946795,78.22450019261987,79.52299119237748,2892200
2023-05-24,77.43203735351562,78.39540523399708,77.26972779968742,78.27224169678645,1987500
2023-05-25,77.74711608886719,77.86169139814547,77.05012903834434,77.68983207639567,2541800
2023-05-26,78.09082794189453,78.22449548226169,77.25063093325315,77.69936779915169,2736400
2023-05-30,77.55615997314453,78.31997347050412,77.24108335437047,78.24358993546771,1823500
2023-05-31,75.9139633178711,77.41295584761278,75.50341085256166,77.24109650668473,6744600
2023-06-01,77.82349395751953,78.04308751221575,75.45565539532224,76.12400039090817,2415100
2023-06-02,81.72850799560547,82.06267684607926,79.37976899527374,79.37976899527374,3155200
2023-06-05,80.7069091796875,81.66168157227216,80.27726451675852,81.66168157227216,1683900
2023-06-06,81.65214538574219,81.82400473635738,80.63053904717867,80.67828058848042,1431500
2023-06-07,83.24659729003906,83.51393236251475,81.26066920259903,81.45162074455756,2151400
2023-06-08,82.19635009765625,83.53781140060465,82.10756133686172,83.26569777781029,1503700
2023-06-09,81.78580474853516,82.0817818523849,81.02198393844758,81.99584855119089,2064800
2023-06-12,82.58780670166016,82.7501162498277,81.33705727797475,81.81444344388031,1570700
2023-06-13,83.25614166259766,83.7526273379224,82.72147150547984,82.83604680386276,1724000
2023-06-14,83.55213928222656,84.06771728022996,82.87425171568573,83.72399861489437,1854200
2023-06-15,84.53555297851562,84.71696207367556,83.21796962951815,83.44711297622734,1495900
2023-06-16,84.6119384765625,85.26118404418122,84.1250024797645,84.85063159282915,3054200
2023-06-20,83.14159393310547,84.08204546098435,82.8265172489322,83.76219753650652,1541400
2023-06-21,83.06520080566406,83.69535410136048,82.41595526661419,82.8074154565472,2063700
2023-06-22,82.17725372314453,83.07474203965097,81.91946840049629,83.07474203965097,1542600
2023-06-23,82.46369934082031,82.64510115343829,80.96470688184083,81.41344381565223,2143100
2023-06-26,83.17976379394531,83.43086937019928,82.49232658571144,82.49232658571144,1023200
2023-06-27,83.77172088623047,83.95312995708433,83.01744988319058,83.54257757022299,1052900
2023-06-28,83.55213928222656,83.9244999556175,83.21797038102133,83.9244999556175,962000
2023-06-29,84.60240173339844,84.63104374626498,82.778782547968,83.11295878964282,1107000
2023-06-30,84.98429107666016,86.03453923153059,84.98429107666016,85.29936042408669,2777000
2023-07-03,84.60240173339844,84.64059351199947,83.90064328082043,84.43054237186224,689400
2023-07-05,83.58077239990234,84.40187720371577,83.408913085515,83.9435832705712,1549900
2023-07-06,82.48278045654297,83.31343500047059,82.1486116001358,83.03655015249471,1591800
2023-07-07,82.93152618408203,83.38981282887754,82.12951362918758,82.22499669082696,2034100
2023-07-10,83.33253479003906,83.62374066649998,82.64509748925686,83.03655767388827,1585500
2023-07-11,83.47575378417969,84.10589979965646,83.33253646291911,83.781280670179,1337900
2023-07-12,84.6978530883789,85.38529033608417,83.3038863513476,84.21091715719854,2499900
2023-07-13,85.03202819824219,85.37574684735465,84.52409149238427,84.81243462395862,1250200
2023-07-14,84.70741271972656,84.93655606754513,83.92449960403877,84.74560449175227,930300
2023-07-17,84.53555297851562,85.14660675929727,84.1345503006906,84.45916943483401,1373700
2023-07-18,84.5260009765625,85.31846383152285,84.19183208722244,84.65012605284271,1859900
2023-07-19,84.09634399414062,84.46870459981237,83.01744665803096,83.59031585229617,1783000
2023-07-20,82.93152618408203,83.55212966306354,81.92901231154768,82.57825779528704,2714300
2023-07-21,83.30388641357422,83.87674835897825,82.91242625887499,83.3325284181942,1788400
2023-07-24,83.28479766845703,83.92926465246744,83.06519681659304,83.57122501101661,1300200
2023-07-25,83.60942840576172,83.83857176853783,82.24410342514649,82.58782211147873,2330300
2023-07-26,86.62649536132812,86.91292268528112,81.3752476278418,82.04358533473345,4285500
2023-07-27,85.61443328857422,87.19935885666318,84.99382981571607,87.19935885666318,3478200
2023-07-28,85.97725677490234,86.71242831130621,85.08453963543342,86.42599368010013,2465400
2023-07-31,86.84610748291016,87.11344262282498,86.02500253355105,86.10138608333708,1961900
2023-08-01,86.14911651611328,86.81745427973375,85.79584810715086,86.09182521899203,1500100
2023-08-02,85.34710693359375,85.95338946624804,84.72650339723653,85.47122472713097,1594600
2023-08-03,85.56670379638672,86.05363246818794,84.87926651344944,85.18479338538432,1554600
2023-08-04,84.50691223144531,85.8340453642859,84.33505289776559,85.8340453642859,1135000
2023-08-07,86.12046813964844,86.19685168039747,84.91746015236035,84.91746015236035,1671100
2023-08-08,84.9174575805664,85.61443733687045,84.39232985923994,85.47122002338732,1651500
2023-08-09,84.01997375488281,85.1466055125149,83.95313997622395,84.81243661922053,1713300
2023-08-10,83.80992889404297,84.95566026477499,83.53304399489113,84.14409781221377,1628800
2023-08-11,83.45665740966797,83.89585183128125,83.07474699998919,83.37072410743103,1559200
2023-08-14,83.11294555664062,83.33253914321233,82.54962601738664,83.26570536238584,2050800
2023-08-15,81.86219024658203,82.950630289054,81.46118755395256,82.52098558757041,2251800
2023-08-16,81.41344451904297,82.29661195892763,81.11746738721247,81.73807094353663,2331600
2023-08-17,80.44525146484375,82.47747450793315,80.42608279211939,81.83521792597655,2218000
2023-08-18,80.26313018798828,81.00124482227649,79.73590022528492,79.73590022528492,1949600
2023-08-21,80.06182098388672,80.37815896980842,79.54418631501063,80.23436831134431,1660300
2023-08-22,79.51541900634766,80.74242623555122,79.33329100584187,80.52194625999616,1955700
2023-08-23,80.37816619873047,80.54112554668065,79.27578080268998,79.77425415506357,1663100
2023-08-24,79.40998840332031,80.82871190170867,79.37165104783489,80.01390779793395,1902000
2023-08-25,80.39733123779297,80.79993921206466,79.40518232244877,80.09058126022934,2107900
2023-08-28,81.13544464111328,81.48532961492648,80.61780269045327,80.675323338413,1158000
2023-08-29,81.96942138671875,82.19948202916729,80.78075888816005,81.05875218313768,1589000
2023-08-30,82.11321258544922,83.04304315472899,81.79687462901079,82.37202989576504,1583400
2023-08-31,82.00776672363281,82.98552994723984,81.98859073706434,82.22823937469799,1922300
2023-09-01,82.60209655761719,82.91364419686607,82.13238724212246,82.40079256526231,1188600
2023-09-05,80.85745239257812,82.688371574231,80.68490507343543,82.50623626138695,1814500
2023-09-06,80.89579772949219,81.46137234665414,80.52194642047682,80.74242639647132,2179300
2023-09-07,79.53459930419922,81.21213994219572,79.49625464056825,80.30147063632812,2377800
2023-09-08,79.28536987304688,79.9468025823415,79.03613319347973,79.57295121973952,1922700
2023-09-11,79.55377197265625,80.10017065820587,79.10323129424746,79.70715063487931,1346000
2023-09-12,79.17033386230469,79.54419252891549,78.94986117380043,79.01696251119267,883300
2023-09-13,77.92414855957031,79.24700634990158,77.42567531904268,79.20866169189978,1579400
2023-09-14,78.29801177978516,78.91151177442917,77.57906578792138,78.51849176856199,1538800
2023-09-15,77.76119995117188,78.39386861154223,77.3681726376793,77.94332795987872,3555100
2023-09-18,78.02001953125,78.5280735357023,77.58865485556328,77.73243820512756,1692200
2023-09-19,78.77729797363281,79.02653459669861,77.56946683023246,77.59822349568317,2322200
2023-09-20,78.31717681884766,79.31411609223242,78.19256215223575,78.99778542875657,1432000
2023-09-21,77.57906341552734,78.44180004208047,77.43527275885239,78.15421872873056,2768900
2023-09-22,77.47361755371094,78.15421886207054,77.36817155953584,77.58865154194649,1361500
2023-09-25,77.59822082519531,77.78994411076168,76.83134962341649,77.05182225994838,1074200
2023-09-26,76.00697326660156,77.37296630130949,75.9302839367486,77.1381152846932,3357400
2023-09-27,76.06449127197266,76.62047797725754,75.85359925869236,76.11242393444454,3145700
2023-09-28,77.13810729980469,77.62699258513949,75.8631747485866,76.23702605104961,1647900
2023-09-29,76.98473358154297,77.78995688617208,76.65881491279798,77.67492289594028,1763900
2023-10-02,76.20828247070312,77.19563389104445,75.88236376684182,76.74509318929704,1621100
2023-10-03,76.11241912841797,76.7642638039892,75.77691245279242,75.97821645816775,1645200
2023-10-04,76.74508666992188,76.82177599849138,75.5238423888635,76.26578933660785,1463200
2023-10-05,75.8631820678711,76.97515540242625,75.59477672877074,76.70674274982892,1197200
2023-10-06,76.24662017822266,76.76426217254237,75.16341084465355,75.74814685917543,2133500
2023-10-09,76.63964080810547,76.63964080810547,75.44139747268483,75.83442479718133,1506800
2023-10-10,76.97515869140625,77.56948273523778,76.63006400824723,76.8409560161219,1615900
2023-10-11,77.68450927734375,77.71326594593049,77.02307664586233,77.02307664586233,1576300
2023-10-12,77.1093521118164,78.01042606436246,76.75466947627925,77.99125739026421,1598400
2023-10-13,76.68756103515625,77.44485157799791,76.42394608139875,77.25312828731258,1767900
2023-10-16,77.17646789550781,77.6873961641004,76.77385252907602,77.31067057981915,1212200
2023-10-17,77.71327209472656,77.91457610425783,76.67319772206642,76.81219073573187,1172400
2023-10-18,75.58517456054688,77.16685694193154,75.54682990308048,77.11892429172465,2440300
2023-10-19,74.93334197998047,76.62047061051493,74.8317355692854,75.52767329540086,2441600
2023-10-20,74.31985473632812,75.19217952727801,74.2000303846151,75.00045617643836,2008100
2023-10-23,73.72552490234375,74.86624766881337,73.55297755674786,74.10895694722575,1822200
2023-10-24,74.07060241699219,74.77996769526109,73.47627843846523,74.37735240015024,2970400
2023-10-25,72.34513854980469,73.7111315217967,70.28415861398706,71.9904559006418,2910800
2023-10-26,72.3930435180664,73.30371255657637,72.14381424787999,72.61352344084092,1687000
2023-10-27,72.98738861083984,73.4379292204802,72.04797004535216,72.11507137145843,2331100
2023-10-30,73.37084197998047,73.78782834987199,72.64230793275262,73.52421333474045,1942500
2023-10-31,74.01309967041016,74.1952350129846,73.30374160414281,73.4091876115809,2165100
2023-11-01,73.62964630126953,74.47321420029787,73.0640790175993,74.18563290499345,2392200
2023-11-02,75.39347076416016,75.50849744164269,74.30067344709539,74.65534878732892,1974400
2023-11-03,76.50543975830078,77.25314244526345,76.26483301802939,76.34248041647498,2600600
2023-11-06,76.99430847167969,77.23395709208624,76.15074796070697,76.35205192422902,2205100
2023-11-07,76.56295776367188,77.02307910272978,76.24661977213405,76.6108831083463,1841700
2023-11-08,77.50238037109375,77.83788705486094,76.42875898303872,76.62047499847792,2355500
2023-11-09,77.31066131591797,78.14463399513488,77.15728265879947,77.83788399439479,1762100
2023-11-10,78.63352966308594,78.89235435263446,77.30108348651501,77.52156350674161,2053400
2023-11-13,78.39386749267578,78.74855013782667,77.84746884736022,78.45138083002585,1250800
2023-11-14,80.46443939208984,80.71366874197199,79.01695938448017,79.56335805690944,2133500
2023-11-15,80.13851165771484,81.13545097606689,80.10975498823782,80.66574164311629,1852100
2023-11-16,80.77377319335938,80.97589925139216,80.09039251809729,80.11926662019302,1426900
2023-11-17,81.37052917480469,81.48603292316125,80.89890171989975,81.2646525746518,1775300
2023-11-20,81.62078857421875,81.8902899933647,80.52352860006,81.37053410928483,1667500
2023-11-21,81.71702575683594,82.08277657882641,81.19246004884172,81.43789723083196,1346200
2023-11-22,81.75553131103516,82.18865750051535,81.4282743744412,81.94803020783476,1003300
2023-11-24,81.85179138183594,82.0539174527153,81.12028226101316,81.21653172190383,788800
2023-11-27,82.00576782226562,82.22714813403367,81.06251306900312,81.27426623416527,1423100
2023-11-28,81.13951873779297,81.96727713769826,81.08176319925342,81.95764999071474,1637800
2023-11-29,81.16839599609375,82.01540137958708,81.09139350395023,81.69777160701639,1714500
2023-11-30,82.57365417480469,82.65065666297771,80.84113490771908,81.38014498156875,2903000
2023-12-01,83.49766540527344,83.69979143744303,82.3282203598576,82.58328468688315,1662500
2023-12-04,83.96929931640625,83.99817341704343,82.88647648233797,82.90091353265656,1516500
2023-12-05,82.62178802490234,83.95968259829483,82.47741751640908,83.65167994123821,1803700
2023-12-06,83.20890808105469,83.68054282344005,82.7469078290939,83.08378454268231,2032700
2023-12-07,83.41104125976562,83.92116990250057,82.99716205735324,83.56503889560939,1678700
2023-12-08,84.21955871582031,84.47943298020665,83.449548384502,83.449548384502,3062900
2023-12-11,85.19168853759766,85.20130834205935,84.21955222152775,84.3639300654371,1447900
2023-12-12,85.70182037353516,85.98094892379498,84.97031132262534,85.36494362093276,1616400
2023-12-13,86.05795288085938,86.48145194415237,85.15319186422703,85.72106877918557,3047400
2023-12-14,87.27069854736328,87.617202411677,86.43332032807318,86.7798241923869,3603800
2023-12-15,86.80870819091797,87.13595779822454,86.36113758873398,86.885703346932,5291100
2023-12-18,86.13494110107422,86.8472031537026,85.52856298494551,86.77982780746608,3078700
2023-12-19,86.45257568359375,87.01083277963299,86.11569893369503,86.51995103357349,2702800
2023-12-20,84.96067810058594,86.51031839513523,84.91255704986148,85.97131562950484,1995800
2023-12-21,85.0858154296875,85.86544553805157,84.78743258181284,85.61519108790709,2394000
2023-12-22,85.76918029785156,86.11568413631066,84.99917013608442,85.34567397454352,1628300
2023-12-26,86.26968383789062,86.48625424965807,85.2109253475129,85.82693055440035,1788800
2023-12-27,86.25045013427734,86.81832703835096,86.0820080866691,86.27932423538448,1421600
2023-12-28,86.30819702148438,86.62582681554834,86.06756972477451,86.19270061881552,908900
2023-12-29,86.11569213867188,86.54881830531374,85.99056125332419,86.20231443465552,1091700
2024-01-02,85.11467742919922,85.80768513515068,84.75854642937377,85.06654903831203,1660600
2024-01-03,84.36392211914062,85.05692982994084,84.19067019144057,84.84517665793395,2146300
2024-01-04,84.3927993774414,85.10505406539161,84.29654993475005,84.68155504887726,2128300
2024-01-05,84.22917938232422,84.76818216674911,83.99817189468882,84.20992508667351,1930600
2024-01-08,84.27730560302734,84.64306380919906,83.95005599051858,84.24843150114276,3187600
2024-01-09,83.64204406738281,83.93079239760984,83.18003645831304,83.74792065814127,2953900
2024-01-10,83.73831176757812,83.97412919720111,83.23781014671388,83.42068192605251,5041500
2024-01-11,82.89129638671875,83.8682426542109,82.50629123136204,83.73830185381347,3190300
2024-01-12,82.97791290283203,83.42836941721072,82.50628547568635,83.27628838932146,2387800
2024-01-16,83.41104125976562,83.55541174856866,82.4292778757355,82.59290265861998,1929100
2024-01-17,82.24639892578125,83.08378447893993,82.21752482797605,82.66027812883279,1864200
2024-01-18,83.70942687988281,83.81530348008658,82.40041377132924,82.40041377132924,2168600
2024-01-19,84.48905944824219,84.71043980330596,83.16079934794767,83.87305412549435,2025200
2024-01-22,84.64305877685547,85.28793815847943,84.56605628083291,84.72005392951583,1599700
2024-01-23,85.02806091308594,85.38419196785814,84.373561693552,85.05694235809118,1760900
2024-01-24,84.71043395996094,85.57187643452774,84.67193271202468,85.56706653229652,2174100
2024-01-25,85.64407348632812,85.97132309577779,85.06656208058448,85.48044133824072,1747300
2024-01-26,85.30717468261719,86.03868361868538,85.17724124774503,85.75955511224672,1640100
2024-01-29,85.9713134765625,86.06756291896303,84.96067597295256,85.0088043658337,1485400
2024-01-30,86.62582397460938,86.62582397460938,85.47081592562608,85.81731980899349,2581000
2024-01-31,85.12431335449219,88.67115729647529,84.58530322574373,87.73752222652968,4270400
2024-02-01,86.22156524658203,86.22156524658203,84.28691993744692,85.7980589010261,3526400
2024-02-02,87.55946350097656,87.83377480568763,85.94244774381737,86.442949299036,2051500
2024-02-05,87.48245239257812,87.80008216118381,86.51994328288457,86.6258198724198,1580000
2024-02-06,88.49310302734375,88.53160427864843,87.45359127220591,87.80972233925208,1546500
2024-02-07,88.32945251464844,88.98395896406662,88.05033135158833,88.45458339122156,2226200
2024-02-08,87.46321868896484,88.36797239562813,87.07821351810077,88.2139747333002,1441200
2024-02-09,87.66533660888672,87.67495641332674,86.89532633867861,87.46321056521357,2087200
2024-02-12,87.91558074951172,88.2187734765105,87.5209558232332,87.5209558232332,1942000
2024-02-13,86.71244049072266,87.53057909283125,86.01944011356768,87.40544821123922,1871800
2024-02-14,87.42469787597656,87.51132016477347,86.83756677403802,87.38619663316865,1668500
2024-02-15,89.09609985351562,89.13474576022655,87.85946032257827,88.27489460602938,2604600
2024-02-16,88.1492919921875,89.64678952394091,88.07200755109893,89.14440011662434,1967600
2024-02-20,87.93675231933594,88.26523886912119,87.43437023084242,87.7338668198893,2790000
2024-02-21,88.57439422607422,88.63235940266448,87.73386231074902,88.30388024071529,2771000
2024-02-22,89.27967071533203,89.78205278682071,88.55024116598979,89.60814988304513,1785100
2024-02-23,90.35205078125,90.65638266324078,89.51152633910769,89.56949150864789,1671400
2024-02-26,90.64189910888672,90.73851019001879,89.83035718223377,89.94628753121104,1613400
2024-02-27,90.67088317871094,91.09598078778649,90.06222672376894,90.94139715868515,1356200
2024-02-28,91.70464324951172,91.8592268887385,90.5646147085518,90.67088911778183,1501700
2024-02-29,92.07178497314453,92.33263567689929,91.37617326852605,92.15873275074466,2401600
2024-03-01,92.43891143798828,92.58383177371212,91.44380310148142,91.96551188751457,1698900
2024-03-04,92.15872192382812,92.59347550266213,91.94617310894803,92.36160741868089,1292300
2024-03-05,91.33751678466797,92.25533317312966,90.8061447465353,91.99448249956221,1491400
2024-03-06,91.96549987792969,92.448562686624,91.55006556761444,91.78193365192072,1086800
2024-03-07,93.65621185302734,93.82045142517912,92.17804096175557,92.3905823881534,1659500
2024-03-08,94.32283782958984,94.3711470570263,93.51129587952046,93.8397750390381,2389600
2024-03-11,93.04755401611328,94.56437091064764,92.60797247079931,94.11029807103503,1880400
2024-03-12,94.14893341064453,94.337327601081,92.87364795900842,93.1634885770429,1450700
2024-03-13,94.97014617919922,95.03777467404734,93.53061377736304,94.16826018960508,2716500
2024-03-14,95.15370178222656,95.62710860098473,94.48708017599746,95.09573660889,3307100
2024-03-15,95.16336822509766,95.47252811129538,94.35182628793603,94.35182628793603,4137700
2024-03-18,94.71894836425781,95.82515885894456,94.65131987162569,95.50150768913707,1438100
2024-03-19,95.49185180664062,95.49185180664062,94.81556682765162,94.97015046339394,1596300
2024-03-20,95.96526336669922,96.07153777874282,94.94600050279288,95.34694353532943,1709600
2024-03-21,96.82511901855469,96.9265580895144,95.60683297536596,96.03289623787754,1816400
2024-03-22,95.97490692138672,96.95069577369765,95.78168476314526,96.95069577369765,1231000
2024-03-25,95.68507385253906,96.46763317703386,95.51117096143435,96.09084480813245,1658000
2024-03-26,95.28897857666016,96.20680244735907,95.28897857666016,95.68509366601486,1808600
2024-03-27,96.47730255126953,96.49662181995905,95.62711468081712,95.79135426301474,1501600
2024-03-28,95.90728759765625,96.65603643158988,95.73338469023265,96.61256254747236,1587500
2024-04-01,95.23100280761719,96.19712843511496,95.2213394874752,95.74304821083844,1226800
2024-04-02,94.43877410888672,95.18752289698412,94.39046488218891,94.97980206732727,1411900
2024-04-03,94.92183685302734,95.22133341976193,94.22622526620228,94.43877407006029,1374000
2024-04-04,93.8880844116211,95.7333804414858,93.8301192353703,95.54982159304056,1879900
2024-04-05,94.45809936523438,94.57403709408722,93.67553996560008,94.20691200915027,1595500
2024-04-08,94.70929718017578,95.0087937757851,94.09097734804143,94.7962523223889,1449500
2024-04-09,95.76237487792969,95.80102078755485,93.9750365697956,94.95082551770851,1718800
2024-04-10,94.0040283203125,95.01362785152685,93.95571908962272,94.44844523303432,1238000
2024-04-11,94.65132904052734,94.72862085986644,93.64655750197983,94.09097440674925,1475000
2024-04-12,92.90264129638672,94.02527435002686,92.39058853644234,93.84944025728804,1537300
2024-04-15,92.79637145996094,94.50158263939383,92.36161049568948,94.342171022923,1475800
2024-04-16,92.7287368774414,93.14417117376647,91.83506776307078,92.62246247343128,1192700
2024-04-17,91.74327850341797,93.34705040482794,91.26021574337199,93.34705040482794,2506100
2024-04-18,92.25533294677734,93.02823638744606,92.01380154293756,92.04278413204578,1967000
2024-04-19,91.88819885253906,93.02822726166777,91.72395928306824,92.66110221738838,2339700
2024-04-22,93.02822875976562,93.5885833397575,91.93650955746658,92.19736020900605,2007000
2024-04-23,94.16825103759766,94.40978240586031,93.17990214305924,93.35670180733987,2074800
2024-04-24,90.20716094970703,93.62724687618812,89.86901105161924,93.62724687618812,4222900
2024-04-25,89.8689956665039,90.76749272532872,89.4245787967883,90.4679961627048,2219300
2024-04-26,89.07677459716797,90.51630700341765,88.99949015349968,89.8496780014759,2314100
2024-04-29,90.20716094970703,90.64191457445668,89.0478056654509,89.3279830082056,1714800
2024-04-30,88.11064910888672,90.12985538476141,88.0430206137686,89.77238627002103,1997800
2024-05-01,88.33287048339844,89.68544789835246,87.5020018158247,88.19761347899842,1937400
2024-05-02,88.66133880615234,88.97049868845053,87.95607127979383,88.74829393886749,1958100
2024-05-03,88.99949645996094,89.98494136787622,88.73863840986765,89.36662154899729,1788700
2024-05-06,89.9366226196289,89.96561257731301,89.125080707343,89.5211957152108,1319600
2024-05-07,90.70952606201172,91.01868593895485,90.0815429888905,90.48732131627757,1705900
2024-05-08,91.31819152832031,91.45345589812933,90.46800362537869,90.4969862149972,1664900
2024-05-09,92.87364959716797,92.92195882467685,91.34717677866047,91.36649604709208,1800300
2024-05-10,93.810791015625,93.88808282995947,93.00890502654943,93.32772823246427,2485500
2024-05-13,93.31807708740234,94.16827241409347,92.7142485296747,93.97504285304818,1746900
2024-05-14,93.78180694580078,94.49673778971258,93.38569930276492,93.89774466547013,1606900
2024-05-15,93.97503662109375,94.90252371069668,93.3953627183071,94.00402658154363,2144400
2024-05-16,93.66463470458984,94.28544363746296,93.28148208220183,93.88774138388466,2517300
2024-05-17,93.88772583007812,93.92652730703297,93.26691700005063,93.89742804947309,1627100
2024-05-20,94.16903686523438,94.28058649305146,93.50942651708145,93.99443390835197,1288500
2024-05-21,95.20695495605469,95.25545125611532,93.37362755962276,93.87803200388218,1869700
2024-05-22,95.7404556274414,95.75015784739644,94.39213567808423,94.85774602779502,2101100
2024-05-23,94.21753692626953,96.0314673062801,93.73252951563175,96.0314673062801,2439700
2024-05-24,94.64434814453125,94.73165332891956,93.98473775380928,94.54734814014219,1345700
2024-05-28,92.3939208984375,94.82866041371086,92.25811940202797,94.69285891730134,2176200
2024-05-29,91.94770812988281,92.45696740409967,91.36570070247468,91.55970071140207,1668900
2024-05-30,93.49972534179688,93.65493126103786,91.93800093240588,92.04470315172767,2657000
2024-05-31,96.2254638671875,96.47766978387004,93.73252616173555,94.00413651849972,7140200
2024-06-03,95.86656951904297,96.26427175970446,94.50854724725481,96.10907323183993,2469100
2024-06-04,96.23517608642578,96.50677907078502,95.40096269125029,95.5367641834299,2059600
2024-06-05,97.75809478759766,97.76779700821227,96.1866754768247,96.53587401206518,1740700
2024-06-06,96.4291763305664,97.8162904116907,96.10906966540279,97.8162904116907,1508200
2024-06-07,95.70166015625,97.03057564635913,95.59495794017369,96.20606457719008,1916200
2024-06-10,94.81895446777344,95.89082416585859,94.63464927247456,95.61436637291028,2339900
2024-06-11,93.60643768310547,94.55220072879396,93.09233097112231,94.5182540556802,2041200
2024-06-12,94.5279541015625,95.05176306365904,93.78104584488193,94.62496151725306,1617000
2024-06-13,94.51825714111328,94.66375346010233,93.33968515291585,94.2369519233568,1307600
2024-06-14,94.21753692626953,94.30484210850973,92.8992930598867,93.49972803070084,1774300
2024-06-17,94.5473403930664,95.17785147087105,93.81206606283031,94.18843226554675,1590900
2024-06-18,93.60643768310547,94.56675036021791,91.79250715911411,93.93623919621679,2647300
2024-06-20,93.70344543457031,94.25635367624064,92.9371327135488,93.25723943257556,1557500
2024-06-21,93.04381561279297,93.78102891532251,92.69460970110136,93.75192965611912,2522400
2024-06-24,93.96533966064453,94.3824463354087,92.97592038533143,93.36392779916743,1355200
2024-06-25,92.7916259765625,94.05748827676656,92.36481706574584,93.89744233583646,1750900
2024-06-26,92.8789291381836,93.16993657615177,91.81191420001123,92.16112016532242,2094500
2024-06-27,93.12141418457031,93.4415208219798,92.34539943944885,92.72370459252366,1391000
2024-06-28,93.37362670898438,94.22723706865685,92.52000894868628,93.66462670857413,4754300
2024-07-01,92.1029052734375,93.83438529964135,91.93800452826356,93.71313344572656,2967400
2024-07-02,93.07291412353516,93.34452447537532,91.89919714114245,91.9574030597066,1793100
2024-07-03,93.61613464355469,94.27574503333724,93.33482945078887,93.47063093686535,1317700
2024-07-05,93.97504425048828,93.97504425048828,92.75283076068452,93.42213603349325,1640000
2024-07-08,94.47944641113281,95.05175161149455,94.08173677647393,94.42124048860597,1822600
2024-07-09,93.422119140625,94.53763759443035,93.34452358432247,94.19813390865271,2927000
2024-07-10,93.96533966064453,94.08076722236801,93.02442408729564,93.31542409720323,1860100
2024-07-11,96.26426696777344,96.78807584941535,94.06233662146222,94.40184032235264,2191600
2024-07-12,97.20519256591797,97.80563498809606,96.70078807250715,97.00149032431207,1393900
2024-07-15,96.45829010009766,97.4962058124508,96.3030841540206,97.24399985038899,2214300
2024-07-16,96.63288879394531,97.15669773773269,95.62407239116517,96.57468286644016,2564400
2024-07-17,95.96356964111328,97.47679044261211,95.84716519460336,96.38067632365797,1881100
2024-07-18,95.75016021728516,97.27308316039918,95.24575577652075,95.24575577652075,2870900
2024-07-19,94.79955291748047,96.12846850274012,94.52794254762273,96.00236923863271,2410600
2024-07-22,96.48737335205078,96.52617483213066,94.40184005166735,95.80835855159131,1739600
2024-07-23,95.43006134033203,96.73473253953824,95.29425984902537,96.29337399247848,2340700
2024-07-24,88.68846893310547,90.79339964019317,87.50020207591899,87.50020207591899,5838200
2024-07-25,90.24048614501953,92.14171448584982,88.08705185471005,88.75636451267826,4281200
2024-07-26,90.67699432373047,91.1911010265125,89.03766680679239,91.08439879756232,2466100
2024-07-29,90.24048614501953,91.17169957314294,89.93008166897839,90.60909654824908,1466500
2024-07-30,91.00679779052734,91.55970598852632,90.1725843829322,90.68669109678414,2026300
2024-07-31,91.6664047241211,92.53456477184655,91.36084767350701,91.7731069512998,2060800
2024-08-01,91.47239685058594,92.0835034986716,90.54603095815511,91.6663968466249,2687900
2024-08-02,91.46269989013672,91.83130286405736,89.8233724470241,90.80308950479784,3107000
2024-08-05,90.61878967285156,92.19021646625048,89.7651792298717,90.05617925786136,3733300
2024-08-06,90.58967590332031,92.27265206790986,90.41507295423645,90.94858402105524,3123200
2024-08-07,89.69727325439453,92.33571479786745,89.57116658905335,91.38509700034744,2143600
2024-08-08,89.85247802734375,90.55088994336592,89.44992095350801,90.38598918559025,2477800
2024-08-09,90.5993881225586,90.72063997834344,89.15406807377856,89.75547254207076,1554300
2024-08-12,89.52265930175781,90.67212437553651,89.3868578331521,90.63817770869758,1499000
2024-08-13,89.64877319335938,90.57029176726716,88.80486498642024,89.87187987143741,1722600
2024-08-14,89.34806823730469,90.2986786439513,89.20256452998605,89.58086972863893,1830200
2024-08-15,90.41508483886719,90.71578707934994,89.37716922750216,90.2210848257737,2539600
2024-08-16,89.73323059082031,90.83395031601279,89.53840800778515,90.03519630487274,1675000
2024-08-19,90.25923156738281,90.26896712178875,89.50917770175421,89.81114338619847,2293900
2024-08-20,90.3469009399414,90.65860962704755,89.52379321400076,90.25923635531217,1521800
2024-08-21,91.52554321289062,91.55476473904669,90.47839888978766,90.72678929383494,1360900
2024-08-22,91.29177856445312,91.8275239726463,90.99370705795681,91.66193034275325,974700
2024-08-23,91.75933074951172,92.32430507621272,91.31124996921413,91.73010922084123,1063300
2024-08-26,91.22358703613281,92.26586369068748,90.88265680926382,92.08078409679221,1085700
2024-08-27,90.71704864501953,91.31124446457028,90.60016253738397,90.99953579134046,1301400
2024-08-28,90.98979949951172,91.42813726303498,90.51248979146443,90.80471992162722,978500
2024-08-29,91.39892578125,92.32430890893171,90.83395143109485,91.56451940507148,1194900
2024-08-30,92.23662567138672,92.24149344814259,90.9508265944125,91.61320838750348,1765400
2024-09-03,92.56782531738281,92.80160497239005,90.89238835443486,91.54503468190033,2363200
2024-09-04,91.8177719116211,93.20097862747396,91.30150513962816,92.48988929793232,1443200
2024-09-05,90.03519439697266,91.91518955102424,89.48970603947673,91.72037440383899,1153000
2024-09-06,89.06110382080078,90.88752369509392,88.81271339331664,89.88907934413604,1861600
2024-09-09,89.30462646484375,90.14234497500226,88.99291777025371,89.723485719923,2121000
2024-09-10,89.762451171875,90.10338139893204,89.30949517386082,89.69426512646359,1326300
2024-09-11,90.09364318847656,90.40535190284348,87.99934678020416,89.72349141257897,1486900
2024-09-12,90.31767272949219,90.3956017534334,88.97829828635075,90.11311461543707,1763200
2024-09-13,91.7398452758789,91.99311089142245,90.32741699756933,90.65860420643938,1306700
2024-09-16,92.35352325439453,93.00616957515112,91.82751346224441,92.22689415750921,1829000
2024-09-17,93.6003646850586,93.80979803414375,92.39249438970138,92.39249438970138,1901200
2024-09-18,91.55477142333984,93.99974085708484,91.40865635017109,93.99974085708484,2484900
2024-09-19,93.88284301757812,93.96077204393282,91.92979417178519,92.71393734914184,2244800
2024-09-20,93.04512786865234,93.67828822476311,92.58243633478261,93.27891495602083,7946600
2024-09-23,93.75621795654297,94.38937831739895,92.81134890858084,93.09383606747724,2607700
2024-09-24,96.36678314208984,97.17528012191447,95.18813441050378,95.18813441050378,3969500
2024-09-25,96.96096801757812,97.33599493614749,96.01123127860954,96.53236582492742,1982600
2024-09-26,100.70148468017578,101.28106978274107,98.64615289662368,98.87019700708984,3515300
2024-09-27,101.72427368164062,102.50841685044465,100.94987349895493,101.30541445920393,3657100
2024-09-30,101.2469711303711,101.97753902111735,100.55536775227115,101.73401639086859,3276300
2024-10-01,101.08137512207031,101.39308380702609,99.36210586152535,101.39308380702609,2712100
2024-10-02,102.09442138671875,102.37690851926382,100.09266514214713,100.80862224338432,2778400
2024-10-03,101.59764099121094,102.65939605716038,101.21774629497942,101.9190852045233,2843600
2024-10-04,101.85091400146484,102.43537432545517,100.8378588533958,102.41588835107058,1506000
2024-10-07,101.32489776611328,102.25028826614071,100.82811692652386,101.39308380870719,1451800
2024-10-08,98.52925872802734,101.20800768912105,97.83765534260603,100.0196160518514,2269100
2024-10-09,100.23391723632812,100.37028931628022,98.26138242254255,98.50003727831921,1591800
2024-10-10,100.31185150146484,100.55537414720068,99.04845143744694,99.83454176498321,1817900
2024-10-11,101.33464813232422,102.63505824545915,100.58460160916947,100.58460160916947,2408400
2024-10-14,102.59121704101562,103.35392715189049,100.67225745698752,101.11060266613632,2794600
2024-10-15,101.77298736572266,103.2536017816914,101.72427986389181,103.04904365110026,2350400
2024-10-16,102.4061279296875,102.74706553787931,101.30540837944558,101.46126642110131,2132700
2024-10-17,102.48406219482422,103.57504624708078,102.22106102572246,102.8347353747738,1657100
2024-10-18,103.26334381103516,103.38997291021147,102.52303289405361,103.1074857519985,1135200
2024-10-21,102.78602600097656,103.49711533393388,102.2600236723701,102.81525495853978,1091000
2024-10-22,100.2923583984375,102.48406205425576,100.23878312291532,102.48406205425576,2339900
2024-10-23,100.19496154785156,100.67226386972203,99.60076567641785,100.1170325148094,1722000
2024-10-24,99.83453369140625,100.58945531848143,99.18189483722595,99.8734982033795,1430500
2024-10-25,98.63641357421875,100.34107207820195,98.50490926588665,100.32158610496393,1505400
2024-10-28,98.82147979736328,99.85402079707693,98.48054960337707,99.38645407980951,1492600
2024-10-29,98.74357604980469,99.35238273185057,98.0227435874224,98.24678771637305,2162900
2024-10-30,95.7336196899414,97.12656949735468,93.65880945864244,94.64264301172429,3765300
2024-10-31,95.65568542480469,97.1070856403307,94.75952393626194,94.77900990828986,2425500
2024-11-01,96.86357879638672,97.6428468749097,95.88948812444147,95.94793118660712,3060600
2024-11-04,96.86357879638672,97.71785524551473,96.57134862211433,97.16554452653868,1613600
2024-11-05,97.56492614746094,98.31497270165238,96.70772159213116,96.85383668058257,1622400
2024-11-06,97.95453643798828,99.96116788337656,96.15247053362181,99.96116788337656,2935000
2024-11-07,98.32469940185547,99.37671151465112,98.18832732368342,98.48055002045743,1662200
2024-11-08,97.43827819824219,99.07572420305513,97.34087062791612,97.79869438334201,2689000
2024-11-11,98.8896713256836,99.17215848258802,97.85713770037322,97.85713770037322,1612600
2024-11-12,97.14604949951172,99.08448752689033,97.01941297734415,98.87018642634904,2451400
2024-11-13,97.7889404296875,98.20779962366332,96.76614247666826,96.97070801264843,2324300
2024-11-14,97.13630676269531,98.17858331022967,97.11682079074842,97.65257354347577,1980700
2024-11-15,96.91139221191406,98.00665989227409,96.49088838882858,97.16565224610312,1855200
2024-11-18,98.54450988769531,98.78898868389084,96.51045197363314,96.51045197363314,1851400
2024-11-19,98.0653305053711,98.94545563665375,97.56659168749417,97.98709550239029,1755100
2024-11-20,97.48836517333984,98.50539784011231,96.54467315957235,98.25113780819404,1881900
2024-11-21,97.74261474609375,98.31958855533641,96.9602871147364,97.67416098508873,2564100
2024-11-22,98.96501159667969,99.56154044349674,97.70350760091311,97.73284386208434,1820000
2024-11-25,100.19718170166016,100.57368110966432,99.44907723619876,99.49308162571997,2311800
2024-11-26,99.71800231933594,100.16784236271356,99.19970851850738,99.94291861057475,1179800
2024-11-27,100.255859375,100.73014882662265,99.46375047929648,99.82558177606136,1373400
2024-11-29,100.7057113647461,100.93062768439695,99.71801491598545,100.03094748399167,1060600
2024-12-02,99.55177307128906,100.95019214403068,99.07258923831459,100.73504960039335,1444500
2024-12-03,98.8281021118164,99.86469723835818,98.34990315804191,99.71800847450882,1352200
2024-12-04,98.89655303955078,99.20948557837525,98.11422542293974,98.78898177987047,1210100
2024-12-05,96.93095397949219,98.35870922712812,96.81360147359996,97.54703784839997,1989300
2024-12-06,97.59593963623047,98.22180476538242,97.11675581789471,97.6252758983937,1475700
2024-12-09,98.64230346679688,99.37573982632551,98.06532965096609,98.29025341735108,1864500
2024-12-10,97.85018920898438,98.57385180431264,96.65713151166545,97.82085294772254,1915000
2024-12-11,96.80382537841797,98.60319325990633,96.62780034067346,97.94799185420774,1587200
2024-12-12,96.0997085571289,96.31485106159622,95.10223849020744,95.94324602899796,1780100
2024-12-13,95.63032531738281,96.35398045373543,95.18537212465965,95.91392161183602,1471400
2024-12-16,94.06566619873047,95.92369912429562,93.92386431553571,95.85524535820534,2225800
2024-12-17,94.21234130859375,95.03379390849712,93.39285092550743,93.83095499964233,1851200
2024-12-18,91.77733612060547,94.77953535835753,91.7382186189627,94.016762728575,2215200
2024-12-19,90.81897735595703,92.93127007677647,90.71727036632309,91.81644746783564,2299500
2024-12-20,91.49373626708984,91.98269382723615,90.63317364715643,90.91676992734932,4294200
2024-12-23,91.4448471069336,91.54263712904917,90.79062312972682,91.10257829907883,1220100
2024-12-24,91.92402648925781,92.02181651461943,90.8287588068658,91.27859889224983,442900
2024-12-26,92.07071685791016,92.26629691203253,91.37639796660467,91.4644067526895,605100
2024-12-27,91.45462036132812,92.28585419678824,91.1221327958644,91.59153534458422,789700
2024-12-30,90.5256118774414,91.19059452739086,89.91930175337245,90.84832569158623,1957400
2024-12-31,90.56472778320312,91.10258413061804,90.09532520174093,90.75053405974663,865100
2025-01-02,90.20289611816406,91.60131515506843,90.04643356555636,91.32750009232927,1278400
2025-01-03,90.83853912353516,91.21014420048913,90.1442202513603,90.23222903502021,1284700
2025-01-06,90.25178527832031,91.3470528738659,90.11487776148962,90.81897782570464,2037700
2025-01-07,90.08555603027344,91.161261319235,89.82151473316118,90.03665728313375,2160300
2025-01-08,89.7628402709961,89.88019278506172,88.37420242860793,89.47924395768001,2814100
2025-01-10,88.76535034179688,89.5330172765081,88.5208715668035,88.6577865448279,2227600
2025-01-13,89.1467514038086,89.17608766546901,88.12971872114333,88.48176878286979,2870700
2025-01-14,89.7530517578125,89.92418989434664,88.86315284617639,89.59658921263605,1856600
2025-01-15,90.21266174316406,91.34215241189551,90.03663673888776,90.65272052340502,1773000
2025-01-16,91.14168548583984,91.33727298484821,90.0268628546429,90.6722904100202,1425100
2025-01-17,92.67700958251953,92.8921520955668,91.59153069915386,91.91423700782472,1869800
2025-01-21,93.3908920288086,93.6255895637033,92.5303294269279,92.68679196322434,2041000
2025-01-22,93.2833251953125,93.97764405377792,92.18708016772801,93.08774515044072,1927900
2025-01-23,94.07544708251953,94.64263973632498,93.17576681428423,93.39090936992778,2471500
2025-01-24,94.5350570678711,94.79909834012865,93.92875444145861,94.0754357472677,1557500
2025-01-27,95.58142852783203,95.78678982230852,93.87985818724053,94.69152958510057,2136900
2025-01-28,93.75272369384766,95.45429388552772,93.35177492002929,95.06312635180008,3229300
2025-01-29,92.55966186523438,94.74040826961237,89.89973170989813,91.99246934016125,3861000
2025-01-30,93.25399780273438,94.8577781980772,92.54989763679828,94.78932442977236,2499600
2025-01-31,93.31267547607422,93.76251561558763,92.59880149022308,92.74548281546538,1789100
2025-02-03,92.46188354492188,92.97039615732906,90.82387262889641,91.9142459689825,2002100
2025-02-04,92.34452056884766,92.93126812000398,91.82622677431124,92.83347810496124,1575100
2025-02-05,92.46188354492188,92.77970299506377,91.40671073457355,92.00226221512843,1421000
2025-02-06,93.92874908447266,93.9385228637021,92.78458273811219,92.89215399683754,1756300
2025-02-07,92.7356948852539,94.26124012222674,92.44231735772816,94.24168510214524,2284300
2025-02-10,93.93852233886719,93.97275294867954,93.0975147540224,93.55713604584457,1870300
2025-02-11,94.54483032226562,94.82842659104188,93.51801650293437,93.71360399565935,1710400
2025-02-12,94.60350799560547,94.69152423735366,93.39089531822202,93.74294536341405,2178400
2025-02-13,95.85523986816406,96.05571426483964,94.62307214911047,95.11202972486522,2142500
2025-02-14,94.98141479492188,96.26760612106841,94.8243272418476,96.18905859917929,2267800
2025-02-18,95.83560180664062,95.88469588027462,94.92250746825755,95.16796285501962,1647000
2025-02-19,96.51306915283203,96.55233542618252,95.21706490183308,95.44287968176901,1767900
2025-02-20,97.22978973388672,97.38197088006275,96.07123997146716,96.40506320336983,1757200
2025-02-21,96.58179473876953,97.93670586765339,96.1546972435624,97.00397833186229,2744900
2025-02-24,96.88616180419922,97.87780377917679,96.38543065970691,96.5817994863239,2247400
2025-02-25,98.23125457763672,99.26216276847568,96.9548834948406,97.31816018534828,4859700
2025-02-26,96.93524932861328,98.42761485646221,95.89451334468149,98.42761485646221,2457300
2025-02-27,96.306884765625,97.73053069264748,96.21852441017444,96.64070803119422,1920300
2025-02-28,97.9661636352539,98.26071312833007,96.65052621177789,96.7977934676112,3727300
2025-03-03,98.89889526367188,100.1458054274964,98.31961661162099,98.37852351190584,2919100
2025-03-04,97.79925537109375,100.0967144416141,97.65198062512853,98.19198553009942,3177100
2025-03-05,99.51744079589844,99.79234965317754,98.13306870512282,98.13306870512282,2748800
2025-03-06,100.7054443359375,100.80853890304509,98.28034371020583,99.16398467575445,2251400
2025-03-07,102.11927032470703,102.62981427885181,99.78253004002059,100.16543987830532,3914600
2025-03-10,102.03089904785156,104.88604093970952,101.83453772379916,102.37453511029544,2896300
2025-03-11,99.3112564086914,101.97199204769706,98.94797971977977,101.68726288461028,2491800
2025-03-12,98.09379577636719,99.62543501483478,97.65197157939873,99.05597671156204,2619700
2025-03-13,97.79925537109375,98.90871114138288,97.5341593302154,97.84834944998373,2075300
2025-03-14,98.7908935546875,99.10016226959802,97.85815852642332,98.58471191451234,1613000
2025-03-17,99.54689025878906,99.83161941833866,97.8974296904804,98.30979295988149,1757600
2025-03-18,99.82179260253906,100.04761484909366,98.67796962756178,99.41924967264231,2183400
2025-03-19,100.90180206298828,100.94107582568866,99.48798405929625,99.82179980619298,1833100
2025-03-20,100.04762268066406,100.67108149494942,99.25234208985218,100.0083489177236,1812300
2025-03-21,99.37016296386719,100.45998553612674,98.45706857874984,99.64507181259854,7259800
2025-03-24,99.53707122802734,100.31762509387764,99.25234206480906,99.7236197292714,2161400
2025-03-25,99.55671691894531,99.82180546883026,98.830170994534,99.75307825288196,1392100
2025-03-26,100.8232650756836,101.0392670317122,99.36034546101884,99.51744051656856,1779000
2025-03-27,101.137451171875,101.34068897435725,100.05744884532005,101.06872395538618,1543700
2025-03-28,100.2538070678711,101.45163065294449,100.12617295284204,101.41235688892681,1327600
2025-03-31,101.32398986816406,101.63817249214657,99.12471150028657,99.81199114010771,2477700
2025-04-01,102.1683578491211,102.19781129992013,100.64653879576832,101.47126538096006,1970500
2025-04-02,102.050537109375,102.14381135770172,100.81343982497032,101.2847174778354,1922600
2025-04-03,102.40399932861328,104.02399903066463,101.34363016709617,101.75599345522906,4133800
2025-04-04,93.24359893798828,101.02944455797069,93.04723012274967,100.5974406551501,5319500
2025-04-07,90.28831481933594,94.23524190655374,89.68940303491087,91.64322595142465,4484200
2025-04-08,89.22794342041016,92.55631801192017,88.06939364435004,91.59413704832193,3422700
2025-04-09,92.56613159179688,94.0486841825474,88.62411879316292,88.85484744933186,4818800
2025-04-10,92.60540771484375,93.47922828960016,89.73357670284621,92.10467663009105,3937600
2025-04-11,95.32505798339844,96.21851925775866,91.72471826401004,92.45814063593636,2941400
2025-04-14,96.72906494140625,97.37707082111653,95.23669934043527,95.66870326024211,1736900
2025-04-15,96.99415588378906,97.9072502631415,96.68487968556677,97.07270340884621,1566800
2025-04-16,95.02069091796875,97.5832458303478,94.65742172893306,97.12178849115787,2005000
2025-04-17,96.72906494140625,97.43597772265213,95.28579341885137,95.49197506493064,1964400
2025-04-21,95.2857894897461,96.5817937050213,94.37269510007236,96.16942293916219,2114100
2025-04-22,97.1512451171875,97.49488867255764,95.63924643265828,96.12033692319031,2921600
2025-04-23,90.62213897705078,95.60978713874486,88.92849068148794,94.19596909252897,5327100
2025-04-24,91.05413818359375,91.77087128762466,90.43559323762267,90.9363243790496,5064300
2025-04-25,91.24068450927734,91.99668386957555,90.06740795933563,91.6137740325706,4901100
2025-04-28,91.94760131835938,92.2126898745737,90.81850489450295,91.24068851418127,4346200
2025-04-29,93.17487335205078,93.5479628714613,91.4370448876944,91.46650582852283,2802300
2025-04-30,94.51996612548828,94.81451561420205,92.53178329413666,93.61669201313289,3275600
2025-05-01,94.63777923583984,95.05014249181858,93.93086651661687,94.04868780005538,2219300
2025-05-02,95.5508804321289,95.84542991648642,94.92251519015711,95.35451910302693,2397400
2025-05-05,95.63924407958984,96.06142016957469,94.57887497124928,95.63924407958984,1411000
2025-05-06,94.44142150878906,95.3643287133226,94.2548730089335,95.09924017889487,4212700
2025-05-07,95.5508804321289,95.8257892891535,94.56415239372895,94.81451421193965,3436500
2025-05-08,95.5508804321289,96.4541545311253,95.12869683292556,96.26761351568977,5228900
2025-05-09,95.2366943359375,96.07124119022497,95.17778743749734,95.74723826739553,2082300
2025-05-12,96.21851348876953,96.7977846172966,95.6539690844793,96.7977846172966,3758900
2025-05-13,95.22687530517578,96.11051624720074,95.0501471167708,96.08106279758395,3216600
2025-05-14,94.29414367675781,95.56069439013059,94.0977748700116,95.11887019297968,4297700
2025-05-15,96.08106231689453,96.19888360547652,94.53469629411556,94.7261512063711,5922700
2025-05-16,97.5108413696289,97.53056665480125,96.06627643492537,96.48534470743688,3716200
2025-05-19,97.16572570800781,97.5502860222842,96.57409503396661,97.07697696925592,3165200
2025-05-20,96.84031677246094,97.57985692373286,96.64310907465168,97.20515928869867,2410300
2025-05-21,96.2684097290039,97.13614170693502,95.64719867270568,96.24869196722906,2165200
2025-05-22,95.8246841430664,96.57901450582105,95.38589061490853,95.86412718776495,2368400
2025-05-23,95.43025970458984,95.79510222001761,94.92737029640378,95.41054194404927,2286800
2025-05-27,95.7359390258789,95.79510735665616,94.97668107499598,95.78524471436131,2192500
2025-05-28,93.8328628540039,95.81482514529306,93.76383188091233,95.68664088739119,1988500
2025-05-29,93.8328628540039,94.3653251702066,93.14754838966753,94.3653251702066,2121600
2025-05-30,94.02020263671875,94.65127629445409,93.35954857674447,93.83285758154169,3846100
2025-06-02,92.89611053466797,94.06951674852728,91.98894301078968,93.43844303426481,2208300
2025-06-03,93.56661987304688,93.6849490062051,92.40307639412778,92.69889546552763,2359700
2025-06-04,93.94132232666016,94.69072516243503,93.64057568041439,94.00049065776861,1496400
2025-06-05,93.95118713378906,94.42449617860314,93.33983870785295,94.23714358459456,1707400
2025-06-06,94.72030639648438,94.94710203457171,94.19769919223016,94.19769919223016,1669500
2025-06-09,93.9906234741211,95.09500615121934,93.42857325519421,94.90765357057987,1646700
2025-06-10,93.9906234741211,94.47378760404278,93.72439232746794,94.41462679878465,1852300
2025-06-11,94.06951141357422,94.50336986565425,93.45815549624517,94.50336986565425,1781200
2025-06-12,95.59789276123047,95.59789276123047,93.57648741087526,93.96104771002061,2406000
2025-06-13,94.48365783691406,95.63733877008585,94.2568621935508,94.87808079063724,1873600
2025-06-16,95.10486602783203,96.20924876017828,94.71045060905799,95.2330578096263,2252800
2025-06-17,94.02020263671875,94.87807191660495,93.91173614651504,94.40476291180774,1925500
2025-06-18,94.33574676513672,95.24291427795252,93.67607816599354,94.20756250451883,1918100
2025-06-20,92.77777862548828,95.2379850395803,92.62987660545602,94.69072499648536,4536400
2025-06-23,94.64142608642578,94.72030465549196,92.56085242709516,93.19192611757545,2378500
2025-06-24,96.05148315429688,96.15008700802237,94.29137389718011,94.81891617524877,2929900
2025-06-25,95.28235626220703,96.07120214811276,95.15417200301891,96.012041339717,2146500
2025-06-26,96.15994262695312,96.69241246742767,95.44012772032426,95.64719807112127,2585300
2025-06-27,96.23883056640625,96.81074346414955,95.54859605050363,96.37687746958677,2998800
2025-06-30,97.63902282714844,97.89539886608149,95.57324688270103,95.8246878389867,2350400
2025-07-01,99.02935791015625,99.58154548847229,97.09669386305858,97.74748529136085,1853400
2025-07-02,98.40814971923828,99.08852156983563,97.81651155629552,98.83215305708498,1709200
2025-07-03,98.1221923828125,98.6152191654292,97.73763209421081,98.3095374445725,1052300
2025-07-07,98.388427734375,98.50675687553012,97.29884271116565,98.43773342393763,1914900
2025-07-08,98.28982543945312,99.2906692649373,97.97428858101958,98.60536229788667,1809400
2025-07-09,97.95455932617188,98.76313048632043,97.0769722391234,98.76313048632043,1706800
2025-07-10,98.56591796875,99.37448162816082,97.58479191836452,97.95456202217419,1590300
2025-07-11,98.10247039794922,98.21587197831892,97.58972583689992,97.82637659407713,1187200
2025-07-14,98.6447982788086,98.78284517429681,97.39250605446207,97.65874472646904,1897000
2025-07-15,97.9939956665039,100.00554574097299,97.96441526471618,99.82805580725538,2334000
2025-07-16,98.94061279296875,99.0096437657712,97.24953451111197,97.93484144958619,1899900
2025-07-17,99.66043090820312,99.94638733733635,98.6842400108114,99.00963948427247,1425500
2025-07-18,98.05316925048828,99.56183000648369,97.37278988092498,99.56183000648369,2211300
2025-07-21,97.12628173828125,98.37856652773445,97.02274279788534,98.220801860217,2498600
2025-07-22,99.58155059814453,99.73438770191419,96.96850706297734,97.02767539439832,2773200
2025-07-23,87.2558822631836,90.59860341536181,84.80061086888279,87.75877171314613,12607900
2025-07-24,87.95597076416016,88.6856557837664,86.77270955219045,87.43336360349035,6741700
2025-07-25,88.53775787353516,89.16883160582314,87.87710373551371,88.93218083696323,4084500
2025-07-28,86.67411041259766,88.46872761125204,86.6543851282984,88.21235157630377,4694700
2025-07-29,86.08248138427734,87.00936664289918,85.84582310621094,86.91076278853411,3457000
2025-07-30,85.224609375,86.29940414289202,84.84497664848226,85.78665960251057,3237200
2025-07-31,84.49493408203125,85.38731137252434,84.25827580514428,84.75130259750438,4071500
2025-08-01,83.74552917480469,84.80060618337586,83.0750124529002,84.80060618337586,3897500
2025-08-04,84.21884155273438,84.22869667217616,83.41027037899144,83.91315982122435,3632600
2025-08-05,85.07670593261719,85.29363893474267,83.9526053970507,84.48507525963359,5447400
2025-08-06,85.757080078125,85.89512697591108,84.51465047505857,85.27391593587372,3897100
2025-08-07,86.11206817626953,87.1079769591248,85.71764520655826,86.23038980108822,5760200
2025-08-08,86.25010681152344,86.65438486251753,85.8261034762906,86.02331118072796,3025000
2025-08-11,84.83019256591797,86.49662560759627,84.6724278971098,86.25011220015236,4171300
2025-08-12,86.9206314086914,87.04881567588247,84.8893557587125,85.29364136930276,4200200
2025-08-13,87.98556518554688,88.00528294723935,86.61001621400028,86.87131981362893,2417800
2025-08-14,86.31913757324219,87.5122615890493,86.07262416031529,87.33477163082223,2524000
2025-08-15,86.62628173828125,87.05232917570187,86.23986749960439,86.61637154878038,3697300
2025-08-18,86.80462646484375,87.47837571807443,86.78976496037437,86.98297207773598,1749400
2025-08-19,87.7756118774414,88.16203366486789,86.92352458503544,87.29011843473974,5778400
2025-08-20,88.30075073242188,89.34109387877395,87.71617048510602,88.5385423716938,6282400
2025-08-21,86.7649917602539,88.37010224841903,86.71544837337628,88.29083585311864,4050900
2025-08-22,87.76570892333984,88.30074575096265,87.19103889819763,87.19103889819763,5451400
2025-08-25,86.0615234375,87.87470262662393,85.78409860054856,87.76571321792731,3300200
2025-08-26,86.8244400024414,86.91361658925486,85.89308629119917,86.2695903396367,4398100
2025-08-27,86.91361999511719,87.04044170026232,86.46280084679238,86.54701856253547,3144900
2025-08-28,85.4571304321289,87.2207662333046,85.38777422284424,87.11177682453443,3786500
2025-08-29,85.58592987060547,86.14078708605234,85.41254313267676,85.55620686177538,2154700
2025-09-02,84.98153686523438,85.41749448629814,84.39201288489903,85.20942586513397,2126100
2025-09-03,84.88246154785156,85.17970676845788,84.46137297112925,84.684303106954,2058300
2025-09-04,85.704833984375,85.7147441742608,84.38705842218475,84.71402665507587,1740000
2025-09-05,86.20023345947266,86.94135839430129,85.76427583680649,86.38848926185298,3034900
2025-09-08,86.56683349609375,86.58169500033343,85.54629566299191,86.11106306113794,2529300
2025-09-09,87.2009506225586,87.32975284731961,86.09619506531205,86.27949955197381,3176600
2025-09-10,86.8244400024414,87.47342512643014,86.55692536052048,86.8541705708857,2483900
2025-09-11,88.55835723876953,88.55835723876953,86.98792851356072,87.1415024416246,3628100
2025-09-12,88.24129486083984,88.91504412065764,87.58736598001477,88.28092805956557,3610800
2025-09-15,88.8060531616211,89.05375497988214,88.12240128351709,88.59798454139295,3109900
2025-09-16,88.3899154663086,89.2618231407672,88.22148004498014,88.72679386822503,2736400
2025-09-17,88.81596374511719,90.52015347179815,88.18184769229539,88.855596943326,3800500
2025-09-18,89.51943969726562,90.98583785443567,88.9001851233232,89.08348961750691,3248700
2025-09-19,88.34038543701172,89.94548847851416,88.34038543701172,89.66806363476115,6994400
2025-09-22,88.50881958007812,89.0240360596485,87.80534729102052,88.58808597978431,2169000
2025-09-23,88.30075073242188,89.20238145926034,87.97378250388554,88.6475317812059,2640400
2025-09-24,87.91433715820312,88.42955364045407,87.65672513744767,88.02331900929123,2156400
2025-09-25,88.61780548095703,88.84568692201424,87.78552343551685,87.98368942693577,2089000
2025-09-26,89.54916381835938,89.5590740082582,88.70202778388138,89.0240371426226,1947500
2025-09-29,90.45079803466797,90.76785606377767,89.90585100373268,89.9950275902765,3035300
2025-09-30,90.58950805664062,90.78766648487661,90.14760886545199,90.78766648487661,2291000
2025-10-01,91.5109634399414,91.61995284840536,89.93557589167318,90.31208750609771,2540100
2025-10-02,91.39205932617188,92.2738771807119,91.17903939422837,91.7685709219931,2561500
2025-10-03,90.69850158691406,91.49114289518428,90.60932499866851,91.27317163791035,1892600
2025-10-06,89.99502563476562,90.92142800796604,89.65814723407304,90.66877487689125,2121200
2025-10-07,89.56898498535156,90.52511043933954,89.2519269391432,90.18328069779645,1789000
2025-10-08,90.41116333007812,91.56050339099275,90.33189693430617,91.501049814534,1808900
2025-10-09,88.89523315429688,90.63905613828682,88.26111707998415,90.46071051993262,1940900
2025-10-10,88.63761901855469,89.58879310729239,88.26606628580123,89.32127846578416,1723400
2025-10-13,88.36019897460938,89.24201690337712,88.05305111785614,88.4196449961074,1746900
2025-10-14,89.98511505126953,90.0742916354849,87.88460093872584,88.26111253545376,2210900
2025-10-15,90.62914276123047,91.352427839653,89.70769169201711,90.14364931249729,2397600
2025-10-16,89.83649444580078,90.7975787188339,89.5541183012424,90.7975787188339,1564100
2025-10-17,90.45079803466797,90.65886665759062,89.87612799463797,90.01484040991973,1435900
2025-10-20,90.66877746582031,91.11463772380314,90.21300701831838,90.55978805888944,1615100
2025-10-21,91.84783172607422,91.90728530310203,90.00492958266477,90.12382917746073,1714400
2025-10-22,90.57960510253906,91.95682669878599,90.50033870120943,91.49114604004953,2009100
2025-10-23,92.1153564453125,92.43241448085182,90.69850169540808,90.81740129345776,2550100
2025-10-24,91.10472869873047,92.31351482067936,91.00564948005233,92.31351482067936,1721600
2025-10-27,91.20381164550781,91.63976170123082,90.71831064363744,90.97592264878708,2821800
2025-10-28,90.46070861816406,91.6149924590883,90.32694751739552,90.76785645916024,3218000
2025-10-29,92.5215835571289,93.19335230182152,90.0495241654047,93.17552000784592,3921200
2025-10-30,91.63976287841797,92.9674485596202,91.34252523105123,91.69921645529901,2422000
2025-10-31,91.90728759765625,92.12526641392775,90.56969924966091,90.9462033036918,2303200
2025-11-03,89.34109497070312,91.56050882856644,89.24201574973387,91.50105524857688,2934300
2025-11-04,89.86621856689453,89.88603894596547,89.07357726703165,89.50952733621533,2318900
2025-11-05,90.40125274658203,91.07996086343786,89.72255218898573,89.9454823117701,1740500
2025-11-06,90.31208801269531,90.89666069840852,89.96530696530105,90.30217782298122,2445000
2025-11-07,90.18327331542969,90.44088531915475,89.58879047236067,90.14364767724997,1882700
2025-11-10,89.43026733398438,89.8959479657147,89.18256551363929,89.86621739749518,2021900
2025-11-11,89.48971557617188,90.15355465697412,89.08348851152417,89.89595020007943,1845300
2025-11-12,90.1436538696289,91.15427401634442,89.80677544788374,90.02475426914356,2429300
2025-11-13,89.75723266601562,90.55979174602449,89.65815344456985,90.16346730098135,1985000
2025-11-14,88.36363983154297,90.4739379753414,88.33377837576491,90.19522092878631,1901600
2025-11-17,87.6668472290039,88.50300596327119,87.29356384277939,88.07497404328828,2556600
2025-11-18,87.29853820800781,88.04510498034928,86.98000335558758,87.68177794426134,3360900
2025-11-19,86.18367004394531,87.34831238642487,85.77056885180703,87.34831238642487,2424500
2025-11-20,86.46238708496094,87.10941314000866,86.00449370917316,86.63658903632876,2159900
2025-11-21,87.65689086914062,88.0251998775169,86.18168027345273,86.7211990120151,2722900
2025-11-24,86.56192779541016,87.72657013772005,86.23343659287046,87.64694212045855,5058300
2025-11-25,88.03515625,88.2441940349792,86.80082705135621,87.06959534237942,2263600
2025-11-26,88.16455841064453,88.65231324219303,87.86592866387691,88.13469695486177,1682800
2025-11-28,88.44327545166016,88.75186154849253,87.93560791997523,88.1247405992141,940800
2025-12-01,87.7464828491211,88.69711302880314,87.70666504325028,87.75643919920628,2071100
2025-12-02,86.84064483642578,88.08492279038722,86.5370407118804,87.96547696726769,2185800
2025-12-03,86.54202270507812,87.62702943584924,86.30311586984142,87.10941314844291,2189600
2025-12-04,86.51216125488281,86.72119903987598,86.15380859647452,86.3628463814677,2294300
2025-12-05,86.05426025390625,86.81078337632877,85.63618468406878,86.3628463507129,2662400
2025-12-08,85.72577667236328,86.16375734803171,85.42714692554713,86.16375734803171,2297800
2025-12-09,86.69132995605469,87.21891018784648,86.10403440717788,86.10403440717788,2508200
2025-12-10,87.4478530883789,88.09487914335402,86.64156340441588,86.691329965894,2888100
2025-12-11,87.32840728759766,88.14465332185311,86.98995973489811,87.44785311075167,2774200
2025-12-12,87.73652648925781,88.60752105710117,87.50260162633657,87.59716796596047,2061500
2025-12-15,88.16455841064453,88.49304961319493,87.557350161495,87.99533843156219,2805200
2025-12-16,87.5573501586914,88.60254667787467,87.07955167724243,88.57268522209284,3681600
2025-12-17,88.59259033203125,89.05048370780423,87.50758360140026,87.55735016288236,4374400
2025-12-18,86.95014190673828,88.9877761624048,86.65151975445985,87.91570281415872,3430000
2025-12-19,86.66146850585938,86.9800033582895,86.34293365342926,86.68138120602559,6964300
2025-12-22,86.84064483642578,87.0297775156583,86.24339293741828,86.54202268415699,2496400
2025-12-23,87.42794799804688,87.5374450655759,86.72119903138582,87.13927460133124,1926800
2025-12-24,87.49762725830078,87.75145722694859,85.82531738407599,87.29853822894668,687600
2025-12-26,87.21891021728516,87.7066650489117,87.01982118791825,87.51753236963062,987100
2025-12-29,87.54739379882812,87.59716795477222,86.86055753251321,87.28858945243465,1717600
2025-12-30,87.60712432861328,87.9853820926932,87.25872802031995,87.49762726108253,1795500
2025-12-31,86.95014190673828,87.6071243117967,86.93023680104103,87.58721161162951,1697400
