Date,Close,High,Low,Open,Volume
2019-01-02,40.17216491699219,40.93877704289054,39.92716342488655,40.93877704289054,3355900
2019-01-03,40.164268493652344,40.804432067687166,40.14055973660006,40.20378409368848,3264000
2019-01-04,40.59894943237305,40.72540117170217,39.98249757999952,39.98249757999952,4473100
2019-01-07,40.685874938964844,41.02571446491016,40.338133500371576,40.401357846094676,3534200
2019-01-08,40.84394454956055,40.93088067191129,40.512006901934704,40.74910651374465,2977500
2019-01-09,40.53572463989258,41.033626662364725,40.35395045496425,40.69379006608811,2750200
2019-01-10,41.09685516357422,41.16798445656661,40.51991890479034,40.61475695716441,2884500
2019-01-11,41.002017974853516,41.247016533217725,40.749114486630695,41.00991988986475,3800500
2019-01-14,40.108943939208984,40.72539570889312,39.49249216952485,40.72539570889312,4364200
2019-01-15,40.677982330322266,40.80443406553742,39.982496279215326,40.0536255687018,3569000
2019-01-16,40.66217041015625,40.83603964009115,40.417168884768095,40.55942744598099,2908600
2019-01-17,41.2628173828125,41.333946666968416,40.67007435312888,40.71749488084847,4598300
2019-01-18,41.04943084716797,41.365561679079164,40.84394791681863,41.16798066284643,4101900
2019-01-22,41.66587829589844,41.737007569751086,41.08103726479372,41.11265094536079,3704400
2019-01-23,42.147987365722656,42.187502969314785,41.602661785670385,41.602661785670385,2906900
2019-01-24,42.076866149902344,42.10847682993529,41.67379907729155,42.10847682993529,2327100
2019-01-25,41.61056900024414,42.155891595394216,41.56314846442121,41.88718125542589,2559100
2019-01-28,41.41298294067383,41.83185373774355,41.16007947661131,41.60265903129717,2447700
2019-01-29,41.70539855957031,41.816043439099126,41.46039703000876,41.55523808233076,2496800
2019-01-30,42.084747314453125,42.26652144811426,41.49200439453125,41.49200439453125,2390100
2019-01-31,43.11217498779297,43.214917955264475,41.8318509106479,42.0294319170217,3429100
2019-02-01,43.080562591552734,43.175403648138186,42.71701425251613,43.06475876363548,2809800
2019-02-04,43.44411087036133,43.46781962540604,42.60636635223594,42.92249715545033,2583800
2019-02-05,43.388790130615234,43.507336925326435,43.072659315024914,43.36507835979548,3384600
2019-02-06,43.467811584472656,43.54684276323321,43.21490819462342,43.27023062272505,2733900
2019-02-07,44.01313781738281,44.01313781738281,43.27813633396962,43.46781540043123,3339800
2019-02-08,44.163307189941406,44.17120910362814,43.67330412565132,43.97362809814413,3049900
2019-02-11,44.24235153198242,44.35299644555403,44.03686855175627,44.179127159161986,2890000
2019-02-12,44.25815200805664,44.44783112890971,43.91041047048124,44.28186076759552,2685400
2019-02-13,44.250247955322266,44.266051784353095,43.98153763909008,44.123796219145184,3026400
2019-02-14,44.20282745361328,44.479439684548154,44.013148341795656,44.24234305591152,2847500
2019-02-15,44.511051177978516,44.61379415076658,44.29766331827118,44.416213134168714,3005600
2019-02-19,44.43201446533203,44.48733690192873,43.74443044217878,43.74443044217878,4177400
2019-02-20,44.740257263183594,44.819288483990285,44.25025706151691,44.4715468916539,3958700
2019-02-21,44.97733688354492,45.00895056581776,44.33717338432993,44.48733686770259,3939300
2019-02-22,45.28555679321289,45.54636511539565,44.84297735898219,45.08797582726096,3060900
2019-02-25,45.30927276611328,45.49894882272432,44.95362639140938,45.34878836000337,4385200
2019-02-26,45.30137252807617,45.498953532826974,45.048469083182894,45.40411549470372,5450300
2019-02-27,46.28137969970703,46.57379876824304,45.6254092592416,46.075893748419034,3402400
2019-02-28,46.47895812988281,46.66863421219747,46.11540677822694,46.23395659080883,4503600
2019-03-01,46.82669448852539,46.905725678347956,46.43153250971927,46.56588613538696,3221600
2019-03-04,47.08749771118164,47.111206462575865,46.581687900949824,46.96104299748895,3374700
2019-03-05,46.88992691040039,47.16653911946491,46.85831322512246,47.07960299237407,4108200
2019-03-06,46.75556564331055,47.142825712647564,46.61330708843954,46.976855388733604,4228200
2019-03-07,47.002532958984375,47.17779761368125,46.636073261882196,46.96270091173247,4472600
2019-03-08,46.90692901611328,47.12999088137858,46.54046633019029,47.05829199054474,2883600
2019-03-11,46.73963928222656,47.01846971068877,46.636076559846046,46.87507189924892,3506000
2019-03-12,47.1060905456543,47.16982120240948,46.64403036847226,46.835228416717555,2847300
2019-03-13,47.40882873535156,47.47256244756734,46.962704905803754,47.185766820577655,4637000
2019-03-14,47.51239013671875,47.75935369039843,47.24949619543815,47.4327260427526,2420800
2019-03-15,47.58409118652344,47.73545418749318,47.321197233366455,47.48849366164731,7124300
2019-03-18,47.488494873046875,47.69562335539395,47.25746472962816,47.663759538949435,2643900
2019-03-19,47.0981330871582,47.4725610378303,46.90693803416988,47.35306185046968,2539000
2019-03-20,46.914894104003906,47.32118883081747,46.7794645543927,47.16185762498842,2676900
2019-03-21,47.384918212890625,47.4725505256847,46.81132710295841,46.93879145638891,1808600
2019-03-22,47.50444030761719,47.870900120772795,47.3849410890271,47.52037373936196,1903700
2019-03-25,47.46458435058594,47.58408047002152,47.3132183447151,47.576115277655084,1611600
2019-03-26,47.73545455932617,47.73545455932617,47.38492827272294,47.54425950808461,2573400
2019-03-27,47.225589752197266,47.79918089541912,47.090160198375486,47.72748200251639,1991600
2019-03-28,46.835243225097656,47.32120217233979,46.65997854537339,47.20966816952108,2298100
2019-03-29,47.32916259765625,47.3769628797614,46.67590727050522,46.90693740886097,2613400
2019-04-01,46.636077880859375,47.25746638870642,46.30148196502509,47.25746638870642,2898800
2019-04-02,47.0423698425293,47.082201893876224,46.42098133234324,46.75557421044628,2768300
2019-04-03,46.86709976196289,47.09812683373342,46.63606965120219,47.08219340826818,2089700
2019-04-04,47.24153518676758,47.40086643805501,46.771509666914625,47.08220393548015,3443900
2019-04-05,47.5601921081543,47.5601921081543,47.01049950766863,47.20966278865839,2611800
2019-04-08,47.20169448852539,47.58408759818398,47.07423011863919,47.44068980218822,1737900
2019-04-09,47.48052215576172,47.631888185288645,47.01049671894874,47.1459293222628,2972400
2019-04-10,47.3769645690918,48.08598539781861,47.26543361252677,47.60002648222186,2297300
2019-04-11,47.42474365234375,47.64780851904053,47.25744728156327,47.44067707417848,1970500
2019-04-12,47.711551666259766,47.73545028577778,46.94676545178042,47.337123752529344,2436900
2019-04-15,47.791221618652344,48.03021694491741,47.61595696119575,47.791221618652344,1889600
2019-04-16,46.80336380004883,48.0541087682671,46.6201339745317,47.8071452439666,2022300
2019-04-17,46.7714958190918,46.85912813330378,46.484700259485294,46.75556239478144,2624000
2019-04-18,46.89897155761719,48.04615407448034,46.102318382680295,46.96270527032767,7421500
2019-04-22,46.55640411376953,46.954730647032754,46.341307421128555,46.76353561290096,3138200
2019-04-23,46.301475524902344,46.75556753116745,45.96688269459765,46.413006468337244,3724500
2019-04-24,46.7635498046875,46.98661175853279,46.30945766207891,46.30945766207891,1924200
2019-04-25,47.002532958984375,47.20169623423431,46.51657408113607,46.61217160233873,1971300
2019-04-26,46.95473098754883,47.52832217208445,46.87506689591457,47.24152657981664,1643600
2019-04-29,46.7635498046875,46.994579993450806,46.50065275423453,46.81134705823081,1597900
2019-04-30,47.52035903930664,47.56815628076387,46.67590565200717,46.83523688117561,2182600
2019-05-01,46.8272705078125,47.39289654577137,46.811337080363884,47.3132294085283,2183200
2019-05-02,47.19374084472656,47.39290416135203,46.604216090359124,47.00254272361006,2950700
2019-05-03,47.19374084472656,47.63189953350438,47.066276443645904,47.376970731343064,2137900
2019-05-06,46.93879699707031,47.36899038029974,46.75556715732228,47.36899038029974,2129100
2019-05-07,46.87506866455078,47.11406398746135,46.70777224241242,46.9308341385969,2162300
2019-05-08,46.02265548706055,46.875074163466095,46.0067220584653,46.83524211147337,2233800
2019-05-09,46.43691635131836,46.50064702785831,45.80755958591066,46.094355227817495,1831200
2019-05-10,47.2495002746582,47.28136409160135,46.2218169632232,46.26164901364511,1320600
2019-05-13,47.77528762817383,47.85495172299236,47.16186437330177,47.209661614596726,1788400
2019-05-14,47.11406326293945,47.823084026899984,46.99456712281699,47.77528678644715,3246300
2019-05-15,47.28933334350586,47.57612897510516,46.96270566062682,47.201701007295995,1931200
2019-05-16,47.83901596069336,48.054112652990725,47.13796041235273,47.24949439424009,1707500
2019-05-17,48.141746520996094,48.26124570021431,47.58408874962837,47.58408874962837,1592000
2019-05-20,48.09394836425781,48.6197393058424,47.958518791557324,48.27717821855345,1655100
2019-05-21,48.34886932373047,48.691430355771075,48.085975414833044,48.20547154106278,1636800
2019-05-22,48.61177444458008,48.755172251356846,48.26124816078716,48.51617691972574,1526400
2019-05-23,48.8985710144043,48.90653620871854,48.404643875184746,48.683474300032664,1691800
2019-05-24,48.723304748535156,49.09773268780322,48.63567241900514,48.97823350408221,1489900
2019-05-28,47.70357894897461,48.75516058777654,47.63188006273858,48.74719235653376,2607600
2019-05-29,46.93879699707031,47.807148957000706,46.84319948046053,47.807148957000706,2843700
2019-05-30,46.73963928222656,47.0901686164087,46.500643942823686,46.97863766062006,2027700
2019-05-31,46.811336517333984,47.00253460542714,46.31741242832989,46.90693708087582,2369200
2019-06-03,47.29729461669922,47.33712666467645,46.58827383013697,46.96270176690194,2389300
2019-06-04,47.32119369506836,47.51238873052459,46.38114282693605,47.50442353695987,1510800
2019-06-05,48.11785125732422,48.324979738228784,47.345096732852596,47.345096732852596,2158600
2019-06-06,48.43098068237305,48.53535865403137,48.10981910626609,48.278430618275316,1649500
2019-06-07,48.18207550048828,49.145557069856125,48.093758985553045,48.74410667118815,1872800
2019-06-10,48.06968307495117,48.158002676955284,47.70034934186516,48.12588590116755,1268300
2019-06-11,47.66822052001953,48.2222240424727,47.38720645995165,48.061643266938106,1422800
2019-06-12,48.318572998046875,48.41492024165869,47.860919762361206,47.868947423152335,1267000
2019-06-13,48.174049377441406,48.55141374433491,47.876976930537786,48.43097739576187,3234000
2019-06-14,48.94483947753906,49.22585663797648,48.27843330484544,48.45506942499221,1832000
2019-06-17,48.896663665771484,49.13753331153503,48.615646526694256,48.9127189877085,1287500
2019-06-18,48.647762298583984,49.265996316487154,48.22222583103419,49.23387954762431,1978900
2019-06-19,48.61564254760742,48.800309363005674,48.1740477227139,48.238281256499455,2557800
2019-06-20,49.081321716308594,49.19372732670218,48.47914617820883,48.78424624561336,1682500
2019-06-21,49.017093658447266,49.18570209285222,48.67184606638559,49.121471620955646,2885800
2019-06-24,49.07329177856445,49.20175577290009,48.83242217203802,49.12146692499903,1433800
2019-06-25,48.28645324707031,49.37839881664461,48.198133669704234,49.37839881664461,1931300
2019-06-26,47.43537902832031,48.28645188550765,47.43537902832031,48.1098127357563,2312900
2019-06-27,47.202545166015625,47.72442891906987,47.066050418843716,47.6682261004767,2061900
2019-06-28,47.22663116455078,47.523703642926485,47.00984755184725,47.331009140183724,5638200
2019-07-01,46.90546417236328,47.331003687307444,46.439783292031514,47.226625723699605,2277500
2019-07-02,47.210567474365234,47.47552621439617,47.033931377168166,47.033931377168166,2179600
2019-07-03,47.83682632446289,48.12586801062984,47.210561680709894,47.411286860528236,2059800
2019-07-05,47.828800201416016,47.828800201416016,47.01787174461137,47.53172776430819,1774400
2019-07-08,47.92515563964844,48.10179482520191,47.587938717581615,47.836839109695696,1436700
2019-07-09,48.19010543823242,48.25433590830425,47.5638438066208,47.78865504610735,2348600
2019-07-10,48.35069274902344,48.59156240432111,48.08573398421932,48.262373160755395,1911800
2019-07-11,48.463096618652344,48.65579111074183,48.069673847832064,48.25434067892771,2007800
2019-07-12,48.61564254760742,48.663817697946584,48.109814188928354,48.38280058187001,1902200
2019-07-15,49.017093658447266,49.041182765379055,48.479151587872366,48.53535439934068,2530900
2019-07-16,48.58352279663086,49.25795954583673,48.39885599257516,48.99300389230404,2428600
2019-07-17,48.88862991333008,49.13753026746648,48.71199075472854,48.74410752226037,2231100
2019-07-18,49.017093658447266,49.09738557684737,48.390832009044004,48.703962833745635,1741000
2019-07-19,48.318572998046875,48.96089306016504,48.28645622923506,48.76016784932664,3488500
2019-07-22,47.989383697509766,48.39886177931834,47.708366565094316,48.390834118540134,2101400
2019-07-23,47.73246383666992,48.13391432635962,47.47553576829445,47.97333351791891,2094500
2019-07-24,47.67626190185547,47.86092876301614,47.218608580104195,47.82881198816448,2053500
2019-07-25,47.893043518066406,47.909098841990904,47.38721505537004,47.70034593990738,2457900
2019-07-26,47.804725646972656,48.42295977638861,47.62808644918976,47.89304524586411,2203200
2019-07-29,47.62005615234375,47.86895348509565,47.07408326469745,47.51567817189912,2376800
2019-07-30,46.47992706298828,47.53172821905927,46.247085094703145,47.44340864054949,3048700
2019-07-31,45.88579559326172,46.688696632074176,45.61280911755251,46.391621042480004,3755300
2019-08-01,45.909873962402344,46.23103554931837,45.35587344093727,45.885787915372,3485900
2019-08-02,45.660972595214844,46.21497616756269,45.23543610512351,46.06242303879499,3693800
2019-08-05,44.665382385253906,46.038342326291584,44.60917956166693,45.65295022334193,3100200
2019-08-06,45.5806770324707,45.74928545891566,44.376325878738136,44.75369022034449,2822400
2019-08-07,45.9018440246582,46.35950036584338,45.02668496410602,45.476307518103624,3363700
2019-08-08,46.431758880615234,46.62445337464213,45.72520525592784,45.89381370390731,2420800
2019-08-09,46.34343338012695,46.664591850125404,46.07044699607542,46.52810018951132,2405400
2019-08-12,45.95001220703125,46.31934583827027,45.74928700794611,46.2149709399789,1943400
2019-08-13,46.271175384521484,46.45584220666154,45.773374667980214,45.958044552943846,1747700
2019-08-14,46.01424789428711,46.656567948854416,45.90183920476717,46.295261961027926,2691700
2019-08-15,46.37556457519531,46.60037895809595,45.942000324023454,46.030319932003216,1928800
2019-08-16,46.648529052734375,46.83319890746634,46.471892982938925,46.55218182713476,1843300
2019-08-19,47.00984191894531,47.13830592632207,46.55218870123916,46.76897228796685,1673900
2019-08-20,46.92955780029297,47.07408020603386,46.801093779948154,47.07408020603386,1640900
2019-08-21,47.26677703857422,47.33903824501201,46.77700697969852,46.86532657232516,1323600
2019-08-22,47.50763702392578,47.61201498146952,47.090131319397564,47.290856511615246,1783300
2019-08-23,46.9215202331543,47.89303249957705,46.704736656158644,47.68427658269677,2631800
2019-08-26,47.62005615234375,47.63611453878323,46.9616776224451,47.025908105378996,1260600
2019-08-27,47.740478515625,48.2703928953903,47.66821732461958,47.85288413211713,2219200
2019-08-28,47.78062438964844,48.07769988546772,47.49961033989877,47.75653834619088,1834900
2019-08-29,48.238285064697266,48.238285064697266,47.748515050799426,48.0696735566108,2136900
2019-08-30,48.551414489746094,48.87257298616564,48.20616688554795,48.47112256852349,1765000
2019-09-03,49.1214714050293,49.13752978863873,48.48717903516247,48.67987657565216,2170900
2019-09-04,49.29007339477539,49.45065414705275,48.99300099389728,49.41853738403266,2709200
2019-09-05,48.87257385253906,49.25796589276862,48.75214056280564,49.017096250478104,2284200
2019-09-06,48.88875198364258,49.204322498503714,48.759288344208514,49.04249217754697,1678200
2019-09-09,48.85639572143555,49.18005332526886,48.54891837413537,48.77547900548439,1877200
2019-09-10,49.47943115234375,49.47943115234375,48.67028266636368,48.85638644774031,1909700
2019-09-11,50.094390869140625,50.094390869140625,49.309515721132094,49.4227991205621,1923100
2019-09-12,49.72217559814453,50.34522030923048,49.66553545046913,50.215756673592914,2518200
2019-09-13,49.19623947143555,49.63318050249537,48.63792798951952,49.36615995462861,2262200
2019-09-16,49.19623947143555,49.325703137676534,48.969678827178136,49.21242281554783,1245500
2019-09-17,49.495609283447266,49.90018350908927,49.25286536539334,49.36614565470808,2187700
2019-09-18,49.78691101074219,50.02965805343907,49.4147034057037,49.633173892136774,1890200
2019-09-19,49.940650939941406,49.98919787888693,49.60080693403848,49.83546076113135,1317500
2019-09-20,50.005374908447266,50.312852191801625,49.84354459685779,50.11056507397889,3240200
2019-09-23,50.10247039794922,50.34521740157443,49.9244598383888,49.973006769788746,1887100
2019-09-24,50.2885856628418,50.65270005582813,50.1348454566275,50.191485610499015,2312300
2019-09-25,50.28048324584961,50.45040367636429,50.07819613714461,50.42613021104972,2412900
2019-09-26,50.377586364746094,50.59605683930771,50.03774546208806,50.4342296018458,1347700
2019-09-27,50.151039123535156,50.51515667814111,49.83547160509584,50.4585165126088,1730800
2019-09-30,50.231937408447266,50.43422452155476,50.00537374284053,50.151020711210435,2250100
2019-10-01,49.924468994140625,50.19148642577832,49.57653485090292,50.08629933068371,2067200
2019-10-02,49.59271240234375,49.989193439587936,49.398515403836804,49.85972980280216,2025100
2019-10-03,49.875919342041016,49.892102684482644,49.26096776254372,49.657448849064394,2199000
2019-10-04,50.39377212524414,50.45041227840646,49.738363756749656,49.916374343835436,1698700
2019-10-07,50.29668045043945,50.652704748710676,50.12675997308209,50.29668045043945,1352900
2019-10-08,49.495609283447266,50.17529410599208,49.48751915706323,50.17529410599208,2152800
2019-10-09,49.819278717041016,50.1024794904567,49.552261285914355,49.552261285914355,1363200
2019-10-10,49.770729064941406,49.89210258969459,49.37424797917399,49.68172531166695,1604900
2019-10-11,50.45041275024414,51.68841217710839,49.665540726230006,49.80309450329443,2190800
2019-10-14,50.04583740234375,50.644608697277675,49.9891972498488,50.48277836729633,1496000
2019-10-15,50.053932189941406,50.34522617573324,49.924468539218026,50.08629887428648,1606300
2019-10-16,49.98918914794922,50.16720279074317,49.705988431373676,49.94873234367505,3082300
2019-10-17,50.20766830444336,50.33713195257232,49.80309401820827,49.940650880589764,1261700
2019-10-18,50.40187454223633,50.466604834816394,50.01348352678371,50.070123690287794,1603700
2019-10-21,50.46659469604492,50.579875000295004,50.26430755655355,50.5151447207193,1267000
2019-10-22,50.47468566894531,50.79834322576621,50.3937689647476,50.53941594564683,1161400
2019-10-23,50.76597595214844,50.798339544825744,50.40994865279019,50.660785787642006,1688800
2019-10-24,51.1381950378418,51.20292532445163,50.66079721329796,50.66079721329796,1202800
2019-10-25,50.89544677734375,51.34856800544299,50.782163383662066,51.23528769841818,1454400
2019-10-28,50.320945739746094,50.879260198357194,50.207665439928384,50.66078972585589,1480300
2019-10-29,50.39377212524414,50.52323577342327,50.070114548124735,50.14293804314155,1683700
2019-10-30,51.162471771240234,51.178655115588704,50.401873106805986,50.498970086239495,1626300
2019-10-31,51.227195739746094,51.42948287696197,50.65269792419385,51.219102525729674,2445700
2019-11-01,50.96826171875,51.52657303252321,50.88734502255771,51.30810258278856,2092400
2019-11-04,50.539424896240234,51.25147658600206,50.33713772990563,50.91163254149818,1723300
2019-11-05,50.10247039794922,50.48277115608278,49.94873330408877,50.12674695030556,2658100
2019-11-06,50.1105842590332,50.64462233107774,50.053944091290425,50.18340777279644,2734100
2019-11-07,49.5765266418457,49.989190999376056,49.487519817152226,49.90018417468258,1860100
2019-11-08,49.705997467041016,49.72218080902379,49.26905649347666,49.487526980258835,1314800
2019-11-11,49.204322814941406,49.80309099367846,49.13958945147975,49.68981069427721,1138600
2019-11-12,48.91303253173828,49.32569695154717,48.87257571986006,49.2609666698734,1876300
2019-11-13,49.41469955444336,49.45515636285411,48.799748041292666,48.84020484970342,2438000
2019-11-14,49.03440856933594,49.51180641201607,48.94540480769832,49.398526091152526,2111600
2019-11-15,49.2690544128418,49.28523775414115,48.8644801403282,49.07486049056305,1631600
2019-11-18,49.35806655883789,49.932561346839776,49.252876372399335,49.43898018738627,1705100
2019-11-19,48.953487396240234,49.28523817909559,48.694560106531505,49.212414685948964,2769800
2019-11-20,49.52798080444336,49.56843761363158,48.86447925645517,49.058676261877984,2417000
2019-11-21,49.13150405883789,49.301424524313816,48.96158050670501,49.13959418672186,1662800
2019-11-22,48.87257766723633,49.30142544621575,48.54891698600019,49.21241860454296,1533100
2019-11-25,48.19289016723633,48.84020840895183,48.07960677411137,48.54082430090657,2034700
2019-11-26,48.16860580444336,48.39516946731741,47.95822856747783,48.26570583995639,2594000
2019-11-27,48.160518646240234,48.16860877303673,47.683120912176754,48.15242543278719,2400900
2019-11-29,47.99060821533203,48.55700980894499,47.90969149720362,48.32235904301556,1243300
2019-12-02,47.44038391113281,47.966328656110555,47.246186886429484,47.74785816081568,2359200
2019-12-03,47.32709884643555,47.64266627906115,47.27045560964897,47.343279100766935,4022700
2019-12-04,47.68312454223633,47.8206783148444,47.18145330293518,47.18145330293518,2898800
2019-12-05,47.529388427734375,47.699308886879145,47.40801490739849,47.658852075652796,3636000
2019-12-06,47.42420196533203,47.69931262454816,47.399928494025545,47.497025465908564,2039900
2019-12-09,47.22026443481445,47.51391315128922,47.138696729841904,47.40787264553811,1839200
2019-12-10,47.05713653564453,47.318156984408006,47.016352673951964,47.310001456713174,4211900
2019-12-11,47.53023147583008,47.58732949663143,46.93477846489536,47.10607252729944,3395000
2019-12-12,47.71784210205078,47.84019678798166,47.244740635500904,47.52207522688316,3998300
2019-12-13,47.758628845214844,48.00333512025017,47.65258831844286,47.742314678664606,3161600
2019-12-16,48.41117858886719,48.46012108714265,47.9217660525486,47.95439438473225,2915200
2019-12-17,48.32961654663086,48.88428581246609,48.313302378622836,48.40302874686227,2790800
2019-12-18,48.32961654663086,48.582481483341134,47.94624137746579,48.39487321866295,4181600
2019-12-19,47.8401985168457,48.73745587406778,47.83203987796405,48.41117877420028,3911200
2019-12-20,47.85651397705078,48.16647693929912,47.33447305849104,47.8891423123631,6090400
2019-12-23,47.79941940307617,48.12569655657815,47.497615058633045,47.89730441609249,2461800
2019-12-24,47.72600173950195,47.92992415921059,47.67706235020176,47.832042269001015,901800
2019-12-26,47.823883056640625,48.011491294924845,47.66074451112119,47.783099198163,2963700
2019-12-27,47.78309631347656,47.96254590226644,47.717839654564784,47.91360651969136,1953900
2019-12-30,47.85651397705078,47.8891423123631,47.66075018839554,47.68521988407512,2332500
2019-12-31,48.16647720336914,48.435656303757504,47.79941620811652,48.044125612691154,2877600
2020-01-02,47.88913345336914,48.24803885219217,47.693369700928166,48.22356604943049,2557800
2020-01-03,47.880985260009766,48.18278957301719,47.685218365977605,47.758630562288516,2992200
2020-01-06,47.416038513183594,48.00333292407759,47.39972434737974,47.889136875059556,3605300
2020-01-07,46.98372268676758,47.309999792046014,46.804273079312615,47.261057292771525,4094400
2020-01-08,47.277374267578125,47.38341479983402,47.04082350778007,47.07345184256793,3250900
2020-01-09,47.652587890625,47.67706069603519,47.19580367775576,47.301844203575726,2081300
2020-01-10,47.55471420288086,48.00334296570236,47.52208586444776,47.701538614220205,1499400
2020-01-13,47.51392364501953,47.668903563339,47.432355922032265,47.505768117364475,1484900
2020-01-14,47.619956970214844,47.6444266610874,47.30183854243681,47.50576093066465,2290500
2020-01-15,48.199100494384766,48.288826851790205,47.750471818966574,47.7912556782575,1528600
2020-01-16,48.142005920410156,48.35408387089248,48.1012220581954,48.264357507054456,2255300
2020-01-17,48.256195068359375,48.272509233230736,47.750468403782406,48.05227267488057,2976800
2020-01-21,48.5743293762207,48.631427416123124,47.9951903362906,48.23174113680621,2894600
2020-01-22,49.18607711791992,49.455256151364004,48.590624145535564,48.73744850712169,4059000
2020-01-23,50.36067581176758,50.39330102999813,49.104513117432134,49.15345250058235,3560600
2020-01-24,50.29542541503906,50.67880055936844,50.115972690185444,50.28726988736807,2549500
2020-01-27,49.283966064453125,50.458561125786176,49.18608417987837,50.30357810429973,2514600
2020-01-28,48.67219924926758,49.40632116876549,48.5824760027592,49.3247534495364,3555300
2020-01-29,49.02294158935547,49.10451241278328,48.73745148638001,48.74560701291841,1830100
2020-01-30,48.941383361816406,49.26766049553892,48.615106228093886,49.11267745679652,3091900
2020-01-31,48.28882598876953,48.9332215335201,47.99517722854856,48.77008298766301,3023100
2020-02-03,48.39487075805664,48.69667507183655,48.239887725665135,48.484594010124766,1778200
2020-02-04,48.18278503417969,48.64772786314791,48.10121731778871,48.460119626161514,1952800
2020-02-05,48.354068756103516,48.8027004350578,47.96253820033199,48.117521184555564,2582700
2020-02-06,47.57917404174805,48.61509705590989,47.48128905313359,48.39486361054928,2771100
2020-02-07,47.06529235839844,47.80756979857584,47.032664026353295,47.742313134485556,2728300
2020-02-10,46.853206634521484,47.399720251089505,46.63297008261575,47.10607151521519,2217300
2020-02-11,47.163169860839844,47.51391661871355,46.95924747191833,47.0245041299454,2396200
2020-02-12,47.48129653930664,47.70969177047505,47.12239419262666,47.12239419262666,1876800
2020-02-13,47.6036491394043,47.774943221520175,47.35894286329459,47.45682475141665,2190200
2020-02-14,47.70153045654297,47.86466900919972,47.579178875757215,47.75862848323147,2229000
2020-02-18,48.142005920410156,48.256201979255195,47.71784690783628,47.848357133889074,3242500
2020-02-19,48.04412841796875,48.16648001579079,47.89730401129468,48.12569614985011,2226500
2020-02-20,48.27252197265625,48.362248347323685,47.90546094520291,47.987031791086764,3453300
2020-02-21,48.908748626708984,49.0555730065121,48.06043067931518,48.12568734216499,4165300
2020-02-24,48.215415954589844,49.07188946912421,48.20725731554726,48.704828502435454,3336200
2020-02-25,46.82874298095703,48.248044350124836,46.82874298095703,48.182787684135924,3657800
2020-02-26,45.327880859375,48.125697055784094,45.28709699266659,47.88099074392406,3943100
2020-02-27,43.12550735473633,45.35233954152757,43.11735182801936,45.27077182792259,5723000
2020-02-28,41.85304260253906,42.53822212371328,40.898683967656275,42.334299684216305,6031800
2020-03-02,43.81069564819336,43.8514795132993,41.820413781894445,41.885667343742064,4264100
2020-03-03,43.2723388671875,45.083171034753775,43.14998727659558,43.81885259564794,5192500
2020-03-04,45.34419250488281,45.36050667298018,43.63940083382598,43.745441370654135,2751400
2020-03-05,44.039093017578125,44.993448575843075,43.57414697579694,44.56113398397361,3736900
2020-03-06,44.642696380615234,44.89556130480959,42.056961555711396,42.86449260667758,5261100
2020-03-09,41.7784423828125,43.21879456144735,41.062382464555235,42.189971576708174,4713600
2020-03-10,43.572715759277344,43.62210039946237,41.47391721705833,42.56035418337685,5151400
2020-03-11,40.12409210205078,42.510962426572895,39.63025837822053,42.469806999821834,5177400
2020-03-12,36.7001838684082,42.041835675785144,36.42034381295716,37.951233343382334,7155800
2020-03-13,36.32980728149414,38.815444710984195,34.75776543002918,38.61790925909249,7933100
2020-03-16,33.15280532836914,36.94710665484292,32.560205165468645,33.58079625362613,5742000
2020-03-17,35.457374572753906,35.67136847904582,33.0869643521935,33.92648470405281,7256000
2020-03-18,31.490219116210938,33.96762713943121,30.15686512846736,33.46556091560228,5646300
2020-03-19,32.21451187133789,33.49848436860057,29.819411562398134,31.424376399046672,5351800
2020-03-20,31.12807846069336,33.23510977349876,30.872929144231414,32.21451564737062,6740100
2020-03-23,30.337940216064453,31.366763456491388,28.601286083868697,30.675394113335713,5522700
2020-03-24,33.564327239990234,33.91001346957348,31.49845162553247,31.70421626656178,3875000
2020-03-25,33.65487289428711,35.67136752618744,32.56843555965968,33.49026051091809,4929600
2020-03-26,36.22279739379883,36.47794661817464,33.32563470142351,33.803006922204546,3358100
2020-03-27,36.609642028808594,37.786615945453114,34.89768196623777,34.93883426365994,3651700
2020-03-30,36.634334564208984,37.3915500604898,35.77012371736132,37.01294388220899,5166300
2020-03-31,36.963565826416016,37.72901066310605,36.01704707231379,36.35450101130576,6465800
2020-04-01,35.21867370605469,35.753659843236136,34.263925978759,35.43266753298347,3904400
2020-04-02,37.268089294433594,37.4820862708251,34.72483830699956,34.848298342588436,5214800
2020-04-03,36.5108757019043,37.71254036296465,36.156960294374066,36.905943406648014,4001000
2020-04-06,38.560298919677734,39.00475137213909,37.38332472504105,37.86892948464443,4289600
2020-04-07,39.11996841430664,41.0212346268257,39.095277664702145,39.803108457407575,4271100
2020-04-08,41.860755920410156,42.17351903033882,38.80720963106061,38.80720963106061,4300200
2020-04-09,43.58094787597656,44.576847899972236,42.4204355252721,42.43689707191488,3819300
2020-04-13,42.519203186035156,43.3340325055392,42.02536932796666,42.8237339605201,2013600
2020-04-14,44.01716995239258,44.124168440765814,42.716739103369804,43.292877564489245,4253700
2020-04-15,42.807281494140625,43.15296777989544,41.90191818238425,42.914280003983755,2886700
2020-04-16,42.93895721435547,43.473946455079535,42.22289725223394,42.85665262642197,3339200
2020-04-17,44.95545196533203,45.16121657923012,43.42456273557528,43.73732582782164,3143600
2020-04-20,42.6673583984375,44.40401256506172,42.4945168441519,44.20647711750717,2911300
2020-04-21,41.16115951538086,42.18175356856513,40.5274071515477,41.61384426057514,3086400
2020-04-22,42.05828094482422,42.50273321280644,41.185841092546305,41.967747162577595,2211500
2020-04-23,41.45745086669922,42.48627387011942,41.16114933935922,42.0912062135723,2066900
2020-04-24,42.280513763427734,42.47804918255664,41.408073773215754,41.82783222175109,2594400
2020-04-27,42.807281494140625,42.99658775760145,42.16529671452137,42.51098300027619,2105100
2020-04-28,42.700279235839844,43.959557835712936,42.54389609905297,43.32580236382956,1828700
2020-04-29,43.045955657958984,43.74555721374087,42.47804646632136,43.49863717068916,2176400
2020-04-30,41.737300872802734,42.92250726680061,41.25992851722423,42.84843186717574,2310400
2020-05-01,40.667320251464844,41.44922645233317,40.354557143173714,41.31753721827148,2240600
2020-05-04,40.44510269165039,40.93070743434262,39.449202450784526,40.93070743434262,2168900
2020-05-05,41.021240234375,41.39161722766706,40.44509859366728,40.494483239346,2276300
2020-05-06,39.5479621887207,41.24346391011906,39.523271437249775,41.21877315864813,2146800
2020-05-07,39.35866928100586,40.19818958505848,39.24344155804726,40.11588496572233,2169600
2020-05-08,40.14057540893555,40.32987854370081,39.580895210620874,39.82781220641383,2121800
2020-05-11,39.671417236328125,39.827797208842505,38.66728493987063,39.81133566335908,2481100
2020-05-12,38.51913070678711,39.696104415414695,38.51913070678711,39.64671978340485,2794800
2020-05-13,37.004703521728516,38.3545187447167,36.57671279302422,38.329827998353274,3538900
2020-05-14,38.33806228637695,38.38744378161048,36.10757160667562,36.64256082964236,4694800
2020-05-15,37.41623306274414,38.346289907822054,37.00470387426772,38.148754515877215,4422700
2020-05-18,40.617942810058594,41.095318330462355,38.28045613639913,38.44506849308042,4632800
2020-05-19,39.918338775634766,40.593246520251476,39.63026954551268,40.354558792596535,4613200
2020-05-20,40.12409210205078,40.79077045496804,39.803099867589296,40.305165932657054,2767700
2020-05-21,39.56441879272461,40.568551089998806,39.51503415623417,39.943024919995,1846100
2020-05-22,39.605567932128906,39.63026181826671,39.210500290827795,39.605567932128906,1168500
2020-05-26,40.65910339355469,41.46570058955982,40.57679563495011,40.634409496113335,1483500
2020-05-27,41.078853607177734,41.7949136927429,40.535635069900835,41.457459800490874,2633400
2020-05-28,42.000675201416016,42.24759526878285,40.99654594368594,41.663221334362966,3297000
2020-05-29,42.0088996887207,42.08297506713403,41.25991670241639,41.778441211591186,4433100
2020-06-01,42.9801139831543,43.39164321504288,41.8278308779787,41.910135468468866,2330900
2020-06-02,43.02126693725586,43.301106944814514,42.428663829550736,43.21057001005746,2032500
2020-06-03,43.41633605957031,43.737328373579864,43.05419144832962,43.36695141906153,1743300
2020-06-04,42.74965286254883,43.2270282493953,42.19820523262481,43.03772519107577,2370000
2020-06-05,44.01716995239258,44.98015006831346,43.128268369723195,43.441028351554,2329900
2020-06-08,46.10215377807617,46.29320736843773,44.02548018446914,44.02548018446914,3050500
2020-06-09,44.58202362060547,45.562213731886445,44.12515610030553,45.562213731886445,2731700
2020-06-10,43.3609504699707,44.399287391336124,43.30280385587446,44.35775454823207,4257500
2020-06-11,41.533470153808594,42.63826198090101,41.05168037902331,42.46381899800326,2992700
2020-06-12,41.29257583618164,42.6133403320471,40.64465470684278,42.54688842663528,2385500
2020-06-15,41.45040512084961,41.62484493768779,39.80567688886798,40.39545458240789,2653900
2020-06-16,42.13154983520508,43.294485007094345,41.87404119968751,42.538576036303105,2232100
2020-06-17,41.91558074951172,42.33922395425703,41.54177885378131,42.2063169656365,1739300
2020-06-18,41.8408203125,41.94050293039196,41.28427328865642,41.60823387492388,1723800
2020-06-19,40.46189880371094,42.463811589088756,40.46189880371094,42.43058722701431,4546300
2020-06-22,40.81078338623047,41.01014224270346,40.11302105107121,40.41206250453259,1826600
2020-06-23,40.73603439331055,41.5002488376882,40.51175324061204,41.267662383965046,1707000
2020-06-24,40.00503921508789,40.51174806923364,39.42356998625256,40.27916164520046,2430600
2020-06-25,39.84720993041992,39.88043429633252,39.09960624422453,39.85551522971004,2470100
2020-06-26,39.4567985534668,40.26254892740154,38.79226363263258,39.78906759826013,3910900
2020-06-29,40.877227783203125,40.95198813285367,39.5813859475954,39.83058605684678,2458300
2020-06-30,40.835693359375,41.334093558344726,40.37882598219422,40.95198652788452,3386800
2020-07-01,41.325801849365234,41.907271051850465,40.65295850764989,40.85232055403851,2616900
2020-07-02,41.624847412109375,42.031873675594454,41.4836319552607,41.71622156029042,1594000
2020-07-06,42.04848098754883,42.76285712497838,41.59992195343785,42.090013820683836,2351700
2020-07-07,41.77436828613281,41.84082019578953,41.11813864622776,41.591619989259875,1822500
2020-07-08,42.25615310668945,42.42228762679315,41.516857819418036,41.64145950168391,2636400
2020-07-09,41.35903549194336,41.890663469139014,40.75264713240752,41.840822157994666,2981900
2020-07-10,42.023563385009766,42.38905676558008,41.251040620535456,41.35902852544911,3166000
2020-07-13,43.036983489990234,43.1781957694016,42.13155370177188,42.33091258667642,3269200
2020-07-14,42.796085357666016,43.269566634389584,42.3973644493068,42.97883362894602,2643800
2020-07-15,43.527076721191406,44.19161159055074,42.86253868307986,43.35263374337341,3863100
2020-07-16,43.950721740722656,44.08362872980691,43.09513319653983,43.5187732340107,1951800
2020-07-17,45.75327682495117,45.761582125562754,44.050401843088196,44.158389763554496,4412900
2020-07-20,43.87596130371094,45.346246650948444,43.85104223352554,45.29640534182507,2038200
2020-07-21,43.41909408569336,44.21653602573273,43.269573325841904,43.48554599632035,2058500
2020-07-22,44.01716995239258,44.07531655299828,42.463815996920054,43.15327307374776,2923500
2020-07-23,43.784584045410156,44.41589457446454,43.51046478657912,43.900877256353766,1810200
2020-07-24,43.41909408569336,44.38267055542908,43.269573325841904,44.01717712509919,1694100
2020-07-27,43.18649673461914,43.46061594592421,42.372438061648225,43.33601428794349,1704000
2020-07-28,43.53538131713867,43.73474335910062,43.07020533172891,43.07020533172891,1553700
2020-07-29,43.684906005859375,43.751357913353,43.070209225593075,43.651678467736346,2133600
2020-07-30,43.518768310546875,43.651675284594795,42.82931437290837,43.16988869195317,1394200
2020-07-31,46.46764373779297,46.62547294718378,43.16988847088163,43.16988847088163,4457800
2020-08-03,45.24656295776367,46.25167216517121,44.82291979183007,46.102151420577265,2912900
2020-08-04,46.22675323486328,46.69192606942647,45.14688048319351,45.32962876463036,2686000
2020-08-05,45.337928771972656,46.45933098173127,45.18840805483794,46.45933098173127,1944200
2020-08-06,45.37946701049805,45.43761361089917,44.32451656661016,44.55710296821465,1777500
2020-08-07,46.22675323486328,46.467644951868245,44.97244067023232,44.97244067023232,1801200
2020-08-10,45.97754669189453,46.62547093171059,45.88617572626535,46.32642946237272,1511900
2020-08-11,45.24656295776367,46.7085396986517,45.205026953013586,46.32643253746818,1531000
2020-08-12,46.12706756591797,46.40118996988984,45.288092924409504,45.445918958702606,1987400
2020-08-13,46.06892395019531,46.23505846317655,45.429308134906535,45.79480469721571,1439200
2020-08-14,45.82802963256836,46.218445267598234,45.51237753962093,46.00247261617356,1016900
2020-08-17,45.45423126220703,45.81972466292569,45.21333637210157,45.72004522068466,1419500
2020-08-18,45.29639434814453,45.670196153964675,44.831221584236616,45.40438224065964,2050800
2020-08-19,45.13856506347656,45.48744461118073,44.97243058748582,45.47083401545807,1197800
2020-08-20,44.731544494628906,45.055508212039626,44.523877151257835,44.797999565508704,1121300
2020-08-21,44.2580680847168,44.905992422220024,43.867655590887495,44.905992422220024,2082200
2020-08-24,44.773075103759766,44.789685700726174,44.00055242599763,44.41588706269763,1390500
2020-08-25,44.52387237548828,44.89767418721151,44.06700490282738,44.88936888861848,1280100
2020-08-26,43.568607330322266,44.09192989953357,43.302793396159835,44.06700766468881,1475500
2020-08-27,43.435699462890625,44.02547391904146,43.12004423433373,43.83442035586944,2205300
2020-08-28,43.327720642089844,43.4938551744939,42.82932021363032,43.452322333581044,2792600
2020-08-31,43.394168853759766,43.61014149357223,43.12004644337057,43.36094131878796,1916500
2020-09-01,42.3641357421875,43.04528433787545,42.15646841011795,43.04528433787545,1463200
2020-09-02,43.959014892578125,44.10853561007002,42.10662285781924,42.305984870725666,2202000
2020-09-03,43.2197265625,44.63186513359526,42.81270034329595,44.24975798163778,1680800
2020-09-04,43.62675476074219,43.7181288964907,42.66317843887516,43.33601858620128,2271900
2020-09-08,43.60160446166992,43.78607381178881,42.86373025978901,43.70222265328266,2656000
2020-09-09,44.80064392089844,45.3540487118936,43.7609120597529,43.84476320905173,3619000
2020-09-10,43.8531494140625,44.75033597571885,43.836379183174266,44.41494095373763,2377100
2020-09-11,43.92860794067383,44.08792351336985,43.18235035886843,43.90345419702459,1606100
2020-09-14,44.00407409667969,44.24723762347621,43.73575682524703,44.10469227381839,1422300
2020-09-15,43.30812454223633,44.1801540221144,43.165579201238984,44.1801540221144,1762500
2020-09-16,44.440093994140625,44.58263615653235,43.148815023629346,43.34166787788579,2213800
2020-09-17,43.8028450012207,44.53233250390362,43.526140969992355,44.02923513765063,1931500
2020-09-18,43.03981399536133,44.00407828171879,42.79665044543856,43.601602336292046,3654300
2020-09-21,42.9056510925293,43.22427907429138,42.19293388977678,42.63733380218051,1681300
2020-09-22,43.99569320678711,44.2220865178049,43.215895090590614,43.49259589388278,2112200
2020-09-23,43.534523010253906,44.23047322379254,43.45906176639968,44.037620359444325,1890500
2020-09-24,44.83418655395508,45.22827577968307,43.31651426331702,43.48421337144961,3414700
2020-09-25,45.38758850097656,45.57205462951979,44.26400870572822,44.49040200759851,2392700
2020-09-28,45.57206344604492,46.259627000183016,45.521755946070584,45.75653280887046,1622100
2020-09-29,45.94938278198242,46.41055296127692,45.572060563070686,45.78168366262225,1802400
2020-09-30,46.04161834716797,46.45248103760929,45.722990334086624,46.268011682889345,2886800
2020-10-01,46.1757698059082,46.42731685129084,45.67267571514292,46.08353514292925,2277700
2020-10-02,46.91364669799805,47.29935240373679,45.4295148839048,45.77329661268836,3631400
2020-10-05,47.22388458251953,47.71021163642209,46.58663186210997,46.99749128486774,1907900
2020-10-06,46.87172317504883,47.75213949401315,46.58663565096001,47.28258263122144,2456000
2020-10-07,47.81922149658203,48.07915529722993,47.27420334493252,47.27420334493252,2112200
2020-10-08,48.96795654296875,49.043420985530986,47.89468411557306,47.90307083063253,1463500
2020-10-09,48.26362228393555,49.21111636523618,48.08753645415356,49.16919238618126,2202700
2020-10-12,48.43131637573242,48.666096407065986,47.9953031716725,48.230080004411604,1943700
2020-10-13,48.56547546386719,48.59901592559008,47.6263649257876,48.02884087067885,2469800
2020-10-14,48.64933395385742,49.19435214536085,48.5067885693384,48.565482786906536,1386400
2020-10-15,49.00988006591797,49.37043204384601,48.13784722634343,48.21331166820266,1445100
2020-10-16,49.89029312133789,50.1669971227143,48.85056123546126,49.20272967370448,2545400
2020-10-19,49.89029312133789,50.192150868805115,49.51297093700386,49.92383358185522,1946800
2020-10-20,50.21730422973633,50.376619816674534,49.88190922291857,50.125069563318284,1519800
2020-10-21,49.90706253051758,50.452080611282796,49.865138554857836,50.1250691231048,2199300
2020-10-22,51.03903579711914,51.055806030364934,49.588444206604954,50.03284419253617,1571400
2020-10-23,51.08095169067383,51.198343304801746,50.678475752304244,51.09772192126353,1845300
2020-10-26,51.131256103515625,51.1396428170778,50.29276386856405,50.68685624254138,1840200
2020-10-27,51.14802932739258,51.894286948427,50.955176485891094,51.114488868367744,1789900
2020-10-28,49.202735900878906,50.904874505129065,49.06019052493668,50.50239852376623,2509500
2020-10-29,50.074771881103516,50.5610958557675,48.7667224620644,49.06019355034483,2627700
2020-10-30,48.758323669433594,50.07475619346514,48.15460824999707,49.61358291551004,3240600
2020-11-02,49.04342269897461,49.62198131310197,48.63256000876031,49.37881774539544,3326100
2020-11-03,49.7393684387207,50.326313752853416,49.3704329377261,49.88191380863326,1702300
2020-11-04,48.96795654296875,50.44370173257025,48.84218140583348,49.83998619207233,1898400
2020-11-05,49.29497528076172,50.00769263265783,48.884112544728445,49.3704397343762,1721800
2020-11-06,48.98472213745117,49.58843766022084,48.9595683902006,49.13565101814359,1502700
2020-11-09,50.628170013427734,52.112301886801035,50.561089088744524,51.181574847686036,2495700
2020-11-10,50.92163848876953,50.930025203228325,50.192151061979075,50.65332120078696,1931500
2020-11-11,51.04740905761719,51.34926677928587,50.418539870338805,51.24864540633358,1655800
2020-11-12,49.621978759765625,50.535935571880195,49.28658053200825,50.410160436822544,1859900
2020-11-13,49.78968048095703,50.25085066932739,49.5968276094056,49.948992888257415,3022200
2020-11-16,49.90706253051758,50.737168123801055,49.689052739336034,50.67009040246434,4382900
2020-11-17,49.51298141479492,49.848379693755476,49.42074672815102,49.730991255697795,3758800
2020-11-18,48.481624603271484,49.789673744739275,48.43131391370162,49.789673744739275,2652000
2020-11-19,48.31392288208008,48.48162197295366,47.65989994612663,48.48162197295366,2496900
2020-11-20,48.80864334106445,48.99311269830177,48.08753934305831,48.46486157440975,5497100
2020-11-23,48.98472213745117,49.387201285027295,48.6325568815652,49.06018657779738,2038400
2020-11-24,50.04121398925781,50.225683293996546,49.009868982806815,49.19433508895169,2299100
2020-11-25,50.284385681152344,50.309539427315805,49.81482882833676,50.03283542514027,1982500
2020-11-27,49.76451873779297,50.28438628780172,49.34527257084073,50.150227642320786,898700
2020-11-30,48.86732864379883,49.538125021031746,48.783480695941805,49.538125021031746,3996400
2020-12-01,48.22169494628906,49.68905659850474,48.07915277825636,49.378815316214194,2521500
2020-12-02,48.381011962890625,48.666099505910296,47.80245016166546,48.07915418809396,3046900
2020-12-03,48.32231140136719,48.54031798863257,47.66828524238257,48.129458559164746,2688100
2020-12-04,48.32231140136719,48.582241963268885,48.03722389580831,48.28038742673087,3045000
2020-12-07,48.23846435546875,48.60740304026727,47.94499330946493,48.112692420864754,2085500
2020-12-08,47.98691940307617,48.129464773557935,47.51736251017605,47.99530611824285,2509500
2020-12-09,48.11377716064453,48.418241729636996,47.758570647631444,48.156063189400776,1597100
2020-12-10,47.86851119995117,48.26600694736723,47.2088401520837,47.95308647930407,1697100
2020-12-11,47.76702880859375,48.02074821927666,47.462564225287316,47.53868037111393,1626100
2020-12-14,47.7247428894043,48.51973123839363,47.55559553981453,48.096864477527895,2589600
2020-12-15,48.89185333251953,48.993340446139975,47.68245420563395,48.02074565977447,1990900
2020-12-16,48.333675384521484,49.204779939478414,48.257559233277455,48.73962711575047,2054000
2020-12-17,48.36750411987305,49.018719388407696,48.35058906048307,48.655053677067336,2246900
2020-12-18,48.0545768737793,48.54510384891212,47.6993703548629,48.350582306209624,4616500
2020-12-21,47.75856399536133,48.1306855132877,47.28495215109589,47.589416677679615,3160300
2020-12-22,47.69090270996094,47.94462206769414,47.48792851426105,47.75010378589146,2009200
2020-12-23,47.80931854248047,48.48590799166428,47.80931854248047,48.037666997647364,1527700
2020-12-24,48.333675384521484,48.36750227579405,47.792403183331935,47.817777384558326,773000
2020-12-28,48.47744369506836,48.798823326640225,48.3674974373327,48.74807815548132,1038700
2020-12-29,48.27446365356445,48.96796477819457,48.12223138462449,48.562009910210094,1946300
2020-12-30,48.511268615722656,48.77344390643292,48.1729739633145,48.1729739633145,1188100
2020-12-31,49.3062629699707,49.340093084650654,48.36749825801457,48.4436144029358,1860400
2021-01-04,47.13272476196289,49.82215738995379,46.972036567967145,49.170942246575656,3856800
2021-01-05,47.14118194580078,47.403357239528255,46.48150768863478,47.11580774953716,2882500
2021-01-06,48.13068771362305,48.24908987354808,47.24266828796843,47.564047883634146,2320500
2021-01-07,47.44564437866211,48.22372081593163,47.17500993775541,48.037658427976886,2791700
2021-01-08,48.4689826965332,48.621214967827505,47.46255787784122,47.52175895820935,2925800
2021-01-11,48.18989181518555,48.595843485904,47.876971340589115,48.24063698385677,2500900
2021-01-12,48.50282287597656,48.663514332065944,47.640177403805104,48.16453135631778,2356000
2021-01-13,49.62763595581055,49.80523919475162,48.55355415530229,48.69733051031426,2677500
2021-01-14,48.866477966308594,49.62763936580942,48.841106995064266,49.40774686096825,1894100
2021-01-15,50.21965789794922,50.37189019139571,48.47744566529349,48.80728122568842,3101300
2021-01-19,49.20476531982422,50.43107929163172,49.145564244915,50.43107929163172,2093700
2021-01-20,50.1181640625,50.27885548673876,48.68041974304409,49.052541308775936,2486000
2021-01-21,49.34854507446289,50.17736668710117,49.28088807670251,49.982845156274585,1749300
2021-01-22,49.35700988769531,49.55152821465898,48.74808070678826,49.10329047105651,1375700
2021-01-25,49.49232482910156,49.84753135067485,48.89185481812733,49.29780651116134,2284200
2021-01-26,49.33163070678711,49.70375224086779,48.86647475641515,49.63609202037119,1430100
2021-01-27,47.66553497314453,49.27242649852519,47.32724032242392,48.934135074021476,2233300
2021-01-28,48.24909210205078,49.10328468304901,47.65707804886511,47.750109243450765,1705400
2021-01-29,47.7247428894043,48.29138280038005,46.99741154452045,47.82623000867121,2096300
2021-02-01,48.333675384521484,48.629680847016296,47.12427610709828,47.800862325813256,1284700
2021-02-02,49.34854507446289,49.88981718763119,48.2998374125491,48.59584282690774,2613100
2021-02-03,49.13711929321289,49.61073125545796,48.93414504240611,49.21323544381982,1706900
2021-02-04,49.526161193847656,49.84753764167304,48.993348118026894,49.07792018825091,1423800
2021-02-05,50.168907165527344,50.3126835272805,49.45849095023718,49.889816809279615,1953400
2021-02-08,49.737586975097656,50.73555273668284,49.382377236901256,50.1942806010399,1643500
2021-02-09,49.66993713378906,50.025146946256214,49.23015524637242,49.88137054738065,1513900
2021-02-10,49.77141571044922,50.03359425965789,49.51769630301161,49.97439317212969,1615800
2021-02-11,49.53460693359375,49.86444245640807,49.272428407815106,49.70375426550846,1405300
2021-02-12,49.2808952331543,49.686846957319055,49.061002699512436,49.230150057802135,1251400
2021-02-16,49.01025390625,49.42466148866065,48.48590007237207,49.263973295144666,2307300
2021-02-17,49.060997009277344,49.25551854579072,48.54510230434412,49.07791206576621,1331500
2021-02-18,49.47541046142578,49.72912986983066,48.84956624289093,49.03562864795592,1113800
2021-02-19,48.84110641479492,49.52615166620681,48.60430208274901,49.51769252508114,3815100
2021-02-22,48.282928466796875,48.8411124803811,47.51331106585169,48.781911390017434,2013300
2021-02-23,48.85802459716797,49.29780640354913,48.63813208086875,48.66350627965237,1488400
2021-02-24,47.403358459472656,48.756533893285756,47.34415737702889,48.60430161665407,2955000
2021-02-25,47.27650833129883,47.741661154256505,47.073530852911674,47.327250281232445,3159900
2021-02-26,45.52583312988281,47.69090869557248,45.49200301761464,47.31032799809826,4100900
2021-03-01,46.59144973754883,47.12426264403626,45.89794865821705,45.89794865821705,1935300
2021-03-02,46.185508728027344,46.7352335884458,45.77109787754868,46.61683141008544,1895700
2021-03-03,45.881046295166016,46.236252846931265,45.475094567626776,45.99944847908776,2379700
2021-03-04,46.2277946472168,46.997412030908706,45.66961064614593,45.914874144278514,1832100
2021-03-05,47.580963134765625,47.893886838464766,46.45613930835977,46.56608556171939,2302700
2021-03-08,48.73314666748047,49.21109114712788,47.57242994101747,47.81140055297597,2643900
2021-03-09,49.10013961791992,49.535411243605495,48.74168369627811,48.78435655517874,2071300
2021-03-10,49.27937316894531,49.689038494112914,48.86970458804712,49.14281806055612,1982200
2021-03-11,48.46003341674805,49.45005864706753,48.44296362329234,49.040393371321215,2075100
2021-03-12,49.236698150634766,49.38178978788336,48.630735047123395,48.869705678202656,1692800
2021-03-15,49.83412551879883,50.01335348324197,49.373250819604586,49.373250819604586,1390600
2021-03-16,49.979225158691406,50.218195816247096,49.22817033471936,49.45860772124707,1816700
2021-03-17,49.91947937011719,50.38888738482292,49.782924252098596,50.13284694550441,1853100
2021-03-18,49.98775100708008,50.18404876888573,49.56101589296416,49.85972917055308,2264500
2021-03-19,50.27792739868164,50.713195751251874,49.50980294622792,49.97921414257759,4571100
2021-03-22,49.39885330200195,50.19258080370207,49.25376168320385,50.0133495974538,2108400
2021-03-23,49.77438735961914,49.79145715621221,48.92091706435032,49.287909551774376,2178400
2021-03-24,50.10722732543945,50.593705007765664,49.432985184766295,49.55247373008797,1978600
2021-03-25,50.71319580078125,50.841217628225344,50.12430255714513,50.44008560758215,1817200
2021-03-26,50.61078643798828,50.96924564492165,49.9109410759663,50.832690531740056,2054800
2021-03-29,51.387447357177734,51.686163923612355,50.52544376362495,50.53397703433181,1805500
2021-03-30,51.04604721069336,51.34476043964229,50.3120624130131,51.174065770644326,1505100
2021-03-31,51.387447357177734,51.54960880218624,50.63639581719958,51.020454857895515,3238100
2021-04-01,50.92656326293945,51.44718058532557,50.679059389055006,51.2679526317688,1855800
2021-04-05,51.771507263183594,51.99340810435621,50.969246368813955,50.99484943548329,1583400
2021-04-06,51.99340057373047,52.01047036761459,51.28502203405626,51.47278651105124,1401400
2021-04-07,52.25798416137695,52.3603996820155,51.85685209325748,52.06168639026527,1648800
2021-04-08,52.317726135253906,52.514023903797415,52.001943051573534,52.43721145039077,1484900
2021-04-09,52.27505111694336,52.5481613276265,52.11289294676604,52.420139491986674,1668700
2021-04-12,52.3091926574707,52.71885798876909,52.18970734280834,52.522560221005115,1827900
2021-04-13,53.26508331298828,53.2821531103234,51.75444043400551,51.94220494896083,1881700
2021-04-14,53.61499786376953,53.62353438900409,53.0943805192968,53.324817864673115,2225300
2021-04-15,53.25654602050781,53.71741749082935,52.96636599918574,53.35896154105363,2512100
2021-04-16,54.06733703613281,54.33191397591342,53.486977027132475,53.60646559252826,2298600
2021-04-19,54.17829132080078,54.25510377387238,53.58086149199173,54.11854866349294,1718600
2021-04-20,54.32339096069336,54.553825098128655,53.99907130485939,54.25511176757837,1810100
2021-04-21,54.23802947998047,54.75011354323264,53.87103704082205,54.52820947243759,1922900
2021-04-22,53.700347900390625,54.35752039989298,53.58939910926232,54.35752039989298,1679400
2021-04-23,53.71742248535156,53.973466194118515,53.36749977319854,53.674749619134076,1514300
2021-04-26,53.051692962646484,53.67472564721311,53.00902011548732,53.67472564721311,2036400
2021-04-27,53.0004997253418,53.41870156854827,52.718856243778696,53.04317584122062,2369400
2021-04-28,53.25654602050781,53.51258644973771,52.915156611047486,53.21386990252725,1686900
2021-04-29,53.845436096191406,54.263637934852014,53.521116502274836,53.597928951999016,2148700
2021-04-30,53.905181884765625,54.02466720112071,53.504049817804386,53.973461068814636,2371500
2021-05-03,54.32339096069336,54.87814800969375,53.88811924391309,53.973468235306825,2195400
2021-05-04,53.930782318115234,54.53674865191064,53.708881492250114,54.49407253609804,2424100
2021-05-05,52.32625961303711,53.939317784885546,52.02754308686451,53.879575130797114,3679600
2021-05-06,53.40163040161133,53.538185504016454,52.61643937671444,52.727388159103924,2173600
2021-05-07,53.89664840698242,54.36605640045354,53.15412693409813,53.15412693409813,2407100
2021-05-10,54.00759506225586,54.80985916137607,53.981991997213484,54.09294403861468,1713400
2021-05-11,53.128517150878906,54.14414546330671,52.79566431133241,54.07586954388371,1475500
2021-05-12,51.805641174316406,53.29921400653302,51.7800348547246,53.20533176473397,1824400
2021-05-13,53.04317855834961,53.299218988085485,51.805646016273734,51.805646016273734,1829600
2021-05-14,53.35895538330078,53.64913537113538,53.12851804686769,53.213863761518326,1887000
2021-05-17,53.162662506103516,53.66621008243307,53.060243732262144,53.46137579048095,1302400
2021-05-18,53.009033203125,53.20533095310565,52.79566565892033,53.085845649267895,1839000
2021-05-19,52.89807891845703,52.92368198083883,52.1299577454313,52.79566341319965,1450600
2021-05-20,53.41017150878906,53.649142144566135,52.77860207115299,53.0261092329111,1938700
2021-05-21,53.78568649291992,53.84542913990608,53.24799941431445,53.521109587888326,3944500
2021-05-24,54.161216735839844,54.878135071601825,54.144146941585475,54.64769447703305,1516900
2021-05-25,53.077308654785156,54.16121616044461,53.06023886071213,54.016127794419404,1885300
2021-05-26,53.17119598388672,53.521118656552574,52.86394617262292,53.17119598388672,1897600
2021-05-27,52.94076156616211,53.350426918692825,52.88101890573456,53.350426918692825,2843000
2021-05-28,53.01757049560547,53.36749316442577,52.93222477373929,53.188265195068425,1622800
2021-06-01,52.94076156616211,53.31629058111337,52.56523580694166,53.188268734065296,1900900
2021-06-02,52.63351058959961,53.06024572947597,52.39453995310269,53.051712459199976,2430400
2021-06-03,52.66764831542969,53.06024384882553,51.95073317561829,52.129964402369104,2699400
2021-06-04,52.292118072509766,52.957823767934435,52.27504827830268,52.84687173345354,1901800
2021-06-07,52.38679122924805,52.619162805736735,52.249089919076035,52.36957815509427,2192700
2021-06-08,52.50728225708008,52.63637867856836,51.72410539826179,52.395402193719164,1974800
2021-06-09,52.610557556152344,52.91177814417091,52.378185981227375,52.791289908963485,2291500
2021-06-10,53.040870666503906,53.1957850384217,52.62776676907578,52.71382884989324,1767900
2021-06-11,53.18718719482422,53.230218243593924,52.79990118977972,52.87735839078862,1239100
2021-06-14,53.22159957885742,53.600277306350485,52.894557783306574,53.367905763437335,1745500
2021-06-15,53.66053009033203,53.92732781970858,53.21300328688362,53.36791439081068,1782400
2021-06-16,52.696617126464844,54.10805629958334,52.68801223138593,53.824048799167066,2432100
2021-06-17,52.67079544067383,52.86013266656861,52.378179782773394,52.55030721972503,1424700
2021-06-18,51.07002258300781,52.33515563567572,51.052809508740296,52.05975301351183,3369100
2021-06-21,51.68967056274414,51.87900777854644,51.02698209979205,51.39705492044137,1964400
2021-06-22,51.310997009277344,51.90483655710826,51.181903882009216,51.6294339459332,3155500
2021-06-23,50.940921783447266,51.31099464070416,50.82043355700231,51.07862308267835,2835900
2021-06-24,51.0958366394043,51.199115077099236,50.742976851591514,50.98395658982174,1885600
2021-06-25,51.51755905151367,51.57780317738946,51.00117660864584,51.03560276144876,2148600
2021-06-28,51.844581604003906,52.14580212105668,51.47450880702055,51.5347529104311,1607200
2021-06-29,51.19911575317383,52.12859872329613,50.93231804352585,51.78434382588312,1939600
2021-06-30,51.41427230834961,51.67246183016356,51.018378206306465,51.147474608742385,2259500
2021-07-01,51.844581604003906,52.09416291110875,51.42286959707261,51.63802804726957,1203000
2021-07-02,51.724098205566406,51.9908959074477,51.50893972171121,51.90483382712879,1128100
2021-07-06,51.89622497558594,51.947864192941694,51.13886620299086,51.74131060657654,1201700
2021-07-07,52.36957931518555,52.438431613325875,51.62082862973002,51.84459531562781,1513600
2021-07-08,52.102779388427734,52.567522502827885,51.94786501696102,52.14581042871117,1159200
2021-07-09,52.059757232666016,52.52449714332078,51.68968431356751,52.421221972404,3131500
2021-07-12,52.240482330322266,52.28351337195919,51.638037898231296,51.91344050437722,1389700
2021-07-13,51.491729736328125,52.21465908759749,51.29378104284295,52.21465908759749,2172000
2021-07-14,51.97368240356445,52.21465885290444,51.42287721475426,51.54336543942425,1365500
2021-07-15,52.66218566894531,52.739642849075864,51.71548971895658,51.78433872181835,1864000
2021-07-16,53.13554763793945,53.41955516696259,52.584739088726124,52.885962975757245,2036900
2021-07-19,51.80155944824219,53.2043937921061,51.078626754545375,52.79128986471624,2590600
2021-07-20,52.214656829833984,52.61915581103188,51.741308844231334,51.74991702169303,2126400
2021-07-21,51.68106460571289,52.52448542668481,51.63803356768471,52.40399720698279,1137200
2021-07-22,51.81877136230469,51.982293920338556,51.59500797112426,51.59500797112426,1151200
2021-07-23,52.68801498413086,52.75686399753329,52.025326404459285,52.03393129998776,1215400
2021-07-26,52.97202682495117,53.0753019950171,52.42122154052159,52.74826340929858,2162900
2021-07-27,54.090850830078125,54.29740445464601,52.610562439065795,52.87735690377031,1823000
2021-07-28,53.78961944580078,54.185510256987996,53.28184530691011,54.06502203471866,1595300
2021-07-29,54.28018569946289,54.45231315474935,53.8928997458329,53.9703569365589,1492900
2021-07-30,53.55724334716797,54.69327975073416,53.35929795838602,54.28878407933521,3328000
2021-08-02,54.099456787109375,54.31461529912743,53.70356591293016,53.72077570480025,2333700
2021-08-03,54.65886306762695,55.45925622120754,53.94453856563589,54.17691013608352,2219300
2021-08-04,54.45230484008789,54.555579984266785,53.83264740889925,54.25435944580433,2036400
2021-08-05,54.99451446533203,55.02033243501261,54.22854743987337,54.55558928241294,1942500
2021-08-06,54.9600830078125,55.39039997056323,54.79656046081018,54.98590097499902,1429200
2021-08-09,54.93426513671875,55.20105955293384,54.64164947021409,55.14942361847048,1889700
2021-08-10,54.133872985839844,54.899836622531986,54.073628876193794,54.899836622531986,3091500
2021-08-11,54.67607116699219,54.839593710795796,54.14247906287527,54.18551010169702,1300200
2021-08-12,54.95147705078125,55.35597606269234,54.60722543650326,54.60722543650326,1956100
2021-08-13,55.70022964477539,55.88096198423304,54.98590189874097,55.13220809266632,1496000
2021-08-16,55.78629684448242,56.22522203265,55.39901416240993,55.82072299317365,2018900
2021-08-17,55.708839416503906,55.82071946809783,55.114999879784975,55.54531686207613,1494200
2021-08-18,55.080570220947266,55.69161950890202,54.925655854556226,55.68301133129262,1476500
2021-08-19,55.3043327331543,55.88095583359245,54.658854066172324,54.99450402358138,1322600
2021-08-20,55.898170471191406,55.94981297134422,55.0719659790772,55.269911386687724,3820800
2021-08-23,55.37318801879883,55.88957366805992,55.321552080319236,55.88096548960789,1908800
2021-08-24,54.91705322265625,55.562525398469425,54.71049963127199,55.34736691217905,2329600
2021-08-25,55.17524337768555,55.35597572029294,54.60722509873519,54.87401952361524,1354200
2021-08-26,54.89984130859375,55.34736808043297,54.89123313044798,55.25269781917767,1716700
2021-08-27,55.22688293457031,55.433439824906024,54.89984437404674,54.97730156639352,1539000
2021-08-30,55.2871208190918,55.40760904181102,55.106388485012964,55.23548488538804,895600
2021-08-31,55.028934478759766,55.364584482503766,54.856810312398366,55.21827828448497,2510600
2021-09-01,55.70022964477539,55.906779951853295,55.02032804427326,55.38179272318856,1797400
2021-09-02,55.665809631347656,55.97563840915296,55.390407002867015,55.89817793164333,2787100
2021-09-03,55.20106506347656,55.76047848509863,55.183855272309366,55.459257893799496,1567000
2021-09-07,54.63716506958008,55.38324312053666,54.5157111188424,55.175033984006376,1355300
2021-09-08,55.60879898071289,55.71290520178414,54.437632123322444,54.61113918240263,3210200
2021-09-09,54.932132720947266,55.6608631321826,54.86273187329821,55.63483160924104,3002100
2021-09-10,53.9084358215332,54.94080097876079,53.8737337486544,54.92344994232139,2083600
2021-09-13,54.06459426879883,54.78464742120696,53.77831042811784,54.48100923393516,2735000
2021-09-14,54.2814826965332,54.56776987520648,53.86506768976758,54.43763873774184,2679600
2021-09-15,54.48100662231445,55.04490372209379,54.09061657703428,54.307499567815285,3255100
2021-09-16,54.316192626953125,54.75863260142647,54.18606147067538,54.481022556781866,1990900
2021-09-17,53.70890808105469,55.0622592451786,53.68288317903933,54.61114219047063,4899900
2021-09-20,53.84771728515625,54.003873328204456,53.318522173645356,53.448653312642975,2438500
2021-09-21,53.526729583740234,54.203403541905715,53.29249552682782,53.97784665897463,3620700
2021-09-22,52.93680953979492,53.7175864500811,52.850054343514884,53.64818560242943,1892600
2021-09-23,52.65052795410156,53.47468420484086,52.572449923834206,52.980191116271826,1541600
2021-09-24,52.65919876098633,52.910783862463724,52.28615969586392,52.693900838991276,1807200
2021-09-27,53.10163879394531,54.012546832734216,52.73727690217868,52.79800388413978,2614600
2021-09-28,52.36423110961914,53.47467099068894,52.225426124485416,53.29249006820816,2175000
2021-09-29,53.1450080871582,53.40527033085201,52.32085534670082,52.32952921045039,1419600
2021-09-30,52.832706451416016,54.04724941125622,52.806678237925745,54.04724941125622,2607900
2021-10-01,52.45098876953125,53.197066887930106,52.372910749945966,53.171041984525765,1657900
2021-10-04,53.04958724975586,53.18839224817673,52.35555894827926,52.35555894827926,2173600
2021-10-05,52.78932571411133,53.231768927907176,52.65052071376547,53.0062087339875,1849200
2021-10-06,52.876075744628906,52.91077781866996,51.73960764007357,52.268802686398026,1920800
2021-10-07,52.45098876953125,53.28381877219275,52.31218376908767,52.91078302236558,1533900
2021-10-08,51.95649337768555,52.50303948984199,51.88709253531685,52.251454403839745,1257300
2021-10-11,51.42729187011719,51.982511777099404,51.158359089194256,51.94781301494179,1402600
2021-10-12,51.54875564575195,51.73961376620406,51.19306761814632,51.357900834672165,1438000
2021-10-13,52.19940185546875,52.30350808420765,51.37524905553802,51.59213206801919,1745100
2021-10-14,53.27513885498047,53.34454300200345,52.14734794083201,52.40760687342444,1517700
2021-10-15,53.88241958618164,53.995199686487574,53.23177050724892,53.45732739848843,2960200
2021-10-18,53.5527458190918,53.95180971396392,53.21440889477101,53.405266979001894,2834400
2021-10-19,54.17737579345703,54.272804846006586,53.79565958325882,54.01254259019069,2060000
2021-10-20,55.00153350830078,55.27914350063392,54.264129277301,54.3595583326728,2048100
2021-10-21,54.732601165771484,55.1056402392764,54.628498238789675,54.98418627290222,1228100
2021-10-22,55.383235931396484,55.478664968695,54.65450901219239,54.81933887974431,895300
2021-10-25,55.46132278442383,55.825684647485744,55.03623063481287,55.38324476957169,1282800
2021-10-26,56.051246643066406,56.38090644145381,55.417948639588936,55.54807646230854,1495500
2021-10-27,55.504703521728516,56.18138081206271,55.487352482553554,56.18138081206271,1523500
2021-10-28,55.80833435058594,55.85170697871949,55.383242220539984,55.53072437930479,1108200
2021-10-29,55.34853744506836,56.01653744003538,55.10562955939734,55.60879636676897,1759000
2021-11-01,55.83436584472656,55.97316753738641,55.04491177516148,55.22709271982136,1581900
2021-11-02,55.504703521728516,56.15535590798644,55.03623539212153,56.15535590798644,1852400
2021-11-03,54.97550964355469,55.67821185373647,54.37691367075922,55.36589976032235,1633500
2021-11-04,55.24444580078125,55.24444580078125,54.6458498278987,54.81067973972573,1700700
2021-11-05,55.6868782043457,55.851704774739,55.053576966143815,55.053576966143815,1515200
2021-11-08,53.9344596862793,55.77362980109273,53.865058851225605,55.77362980109273,1755100
2021-11-09,53.925785064697266,54.12531701305733,53.45731702452755,53.78698008716976,1410200
2021-11-10,54.411617279052734,54.411617279052734,53.934471951053624,54.04725205670546,1638900
2021-11-11,53.95180892944336,54.30749688437409,53.56142221282477,54.194720117488195,1617300
2021-11-12,53.9344596862793,54.09061570186481,53.42261901331448,53.873732714592904,1546800
2021-11-15,54.9494743347168,54.96682537099592,53.94313739612993,54.272800466689766,1473300
2021-11-16,54.411617279052734,55.21842243992259,54.37691519894871,55.036238174062696,1938800
2021-11-17,54.1860466003418,54.47233374183765,53.98651464234705,54.35087979430797,1503500
2021-11-18,54.13399887084961,54.42895988729523,53.847711718400035,54.05592085739718,1614600
2021-11-19,54.71524429321289,54.78464844338321,54.16869819342373,54.2641272452219,1780600
2021-11-22,55.03622817993164,55.29649042407783,54.43763229901358,54.68054019688667,1552700
2021-11-23,55.695552825927734,56.025219228277514,55.02755608530069,55.16636107560101,1911100
2021-11-24,56.03389358520508,56.34620566191617,55.52205283760575,55.84304208832117,1972500
2021-11-26,55.209739685058594,55.99051986162176,54.97550563208964,55.52205175568386,1064500
2021-11-29,55.73893737792969,56.01654738494547,55.07093726436912,55.32252236740602,1368500
2021-11-30,54.21208190917969,55.36589787117638,54.11665284951791,55.29649702465928,3285700
2021-12-01,54.168701171875,55.38324739166085,54.13400240425396,54.715247301715856,2141200
2021-12-02,54.802001953125,55.28782112745472,54.17738108255522,54.246781930675255,1715200
2021-12-03,55.0449104309082,55.2010664680524,54.15135014961147,55.19238929411539,1710300
2021-12-06,55.27046203613281,56.17269609585997,55.235759962442096,55.513373242595904,2400600
2021-12-07,56.05992126464844,56.26812709526975,55.10563406128938,55.28781499042603,1491600
2021-12-08,55.885032653808594,56.43592657256331,55.68391339298984,55.928753652126,1636500
2021-12-09,55.736385345458984,56.173598701615944,55.37786779156534,55.858805485466775,2143600
2021-12-10,55.788841247558594,56.26103267220757,55.68391019049195,56.01619242715268,2007600
2021-12-13,57.00431442260742,57.380321044483054,55.605219007161296,55.70140721308743,2402000
2021-12-14,56.427181243896484,56.97807850686692,56.25229724792299,56.66328197699719,2232300
2021-12-15,57.31910705566406,57.34533898796007,56.40094939692287,56.6457896602147,1402600
2021-12-16,57.37157440185547,57.97493556686596,57.08300978629418,57.231661859257066,1698300
2021-12-17,56.04242706298828,57.476503814419864,55.867543071333934,57.476503814419864,4058000
2021-12-20,56.04242706298828,56.14736146081888,54.80947957761283,55.570235615543886,1570400
2021-12-21,56.23480987548828,56.66328704532365,55.83257131165301,56.53212070091277,1467300
2021-12-22,56.48838806152344,56.54959812373424,55.88503030443201,56.06866382676263,979100
2021-12-23,56.47090530395508,56.79444136207228,56.31350703978568,56.57583303247016,1190300
2021-12-27,56.890628814697266,56.92560694754249,56.39220209659709,56.6545347572379,790500
2021-12-28,57.3453369140625,57.406546977671795,56.943098400144784,56.943098400144784,912800
2021-12-29,57.68637466430664,57.83502674683757,57.36283189227081,57.432788168072776,859500
2021-12-30,57.99242401123047,58.05363408363069,57.537721569314186,57.896235801544755,954400
2021-12-31,58.35094451904297,58.63076294403123,57.73009092568394,57.904981610925034,1221800
2022-01-03,57.852516174316406,58.517080746042666,57.17045252744369,58.517080746042666,1134700
2022-01-04,57.703853607177734,58.73568520394267,57.651389742198845,57.82627373972638,1846400
2022-01-05,57.563941955566406,58.41214326822447,57.493985695030524,57.61640581527022,2037400
2022-01-06,57.61641311645508,58.377172535545256,57.563949250103015,57.90497772418553,1570400
2022-01-07,58.5870361328125,59.12918722708779,57.35408187162743,58.036145508192035,2098500
2022-01-10,57.9399528503418,58.52582156550866,57.65138825759512,58.49958963369472,1521300
2022-01-11,57.58142852783203,58.16729720775409,57.11797996994156,57.97492749555895,1668600
2022-01-12,57.74758529663086,57.887491178191055,57.18794842759464,57.39781058563379,1467900
2022-01-13,57.97493362426758,58.30721589470899,57.152964142537186,57.31910861345639,1403900
2022-01-14,57.05677795410156,57.90497939877383,56.96933595052032,57.82627692557265,2630900
2022-01-18,57.03054428100586,57.371572754551025,56.12113279441973,56.75072587524067,1973900
2022-01-19,57.31910705566406,57.93995391512459,57.03928865884528,57.11798445573331,1610900
2022-01-20,57.35407638549805,58.27223401010419,57.27538059153576,57.46775698308345,1608400
2022-01-21,57.22291946411133,58.02739652958554,57.05677499594281,57.633904198172274,2197800
2022-01-24,56.26978302001953,57.292868407144276,54.92315823726967,57.17044827559415,2582200
2022-01-25,56.593326568603516,57.07426090052508,55.71889323267675,56.016197364621334,2869900
2022-01-26,56.56709289550781,57.41529427268304,56.2785283023952,56.63704248996811,2358100
2022-01-27,57.18794250488281,58.02739772149834,56.81193589699697,57.10924003414544,2698500
2022-01-28,57.738826751708984,57.78255108301105,56.69824904356568,57.083001810555736,1978000
2022-01-31,58.17605209350586,58.29847223381377,57.20543050149509,57.441531251658404,2382800
2022-02-01,57.9399528503418,58.5607996983928,57.214171603638356,58.438379568996645,1888500
2022-02-02,58.83186340332031,58.998007842706805,57.791285782145124,57.95743022153162,2605000
2022-02-03,58.66572952270508,59.16416293057355,58.51707745618129,58.76191772372563,2232000
2022-02-04,58.27223205566406,58.77940494884358,57.41529119474343,58.2022757935573,1983600
2022-02-07,58.40340805053711,58.65699453911934,57.98367707978782,58.31596604412193,1819100
2022-02-08,58.80564498901367,59.059231470574865,58.394660231704066,58.709456783200906,1869200
2022-02-09,58.963035583496094,59.513926141150996,58.77940539761113,59.321549754586826,1698600
2022-02-10,57.58142852783203,58.744426358528386,57.397798344784654,58.45586178314124,3010300
2022-02-11,57.66887283325195,58.342190202841216,57.46775691244227,57.80003916109111,2083100
2022-02-14,56.63703918457031,58.02739153389982,55.989960441648996,57.90497141149298,3337900
2022-02-15,56.3397331237793,57.34533266984591,56.12112481686899,56.93434798543117,2434600
2022-02-16,56.65452575683594,56.85564164949988,55.77134638914102,56.313497355018264,2391800
2022-02-17,56.60205841064453,56.77694236490502,56.01618315394195,56.58456601238135,1751200
2022-02-18,56.558353424072266,57.26664235380987,56.261042594502555,56.261042594502555,3219900
2022-02-22,56.558353424072266,56.87314998648842,56.17360058747529,56.654541633221505,1841400
2022-02-23,55.587730407714844,56.78570655527539,55.50028840288062,56.61081587420962,2282700
2022-02-24,54.49468231201172,55.50902479397991,53.3754087693429,55.264184540445676,4986400
2022-02-25,56.724491119384766,56.855650778531505,54.914411102097674,55.13301942920451,2819100
2022-02-28,56.689517974853516,56.969336391316915,56.17359880835698,56.269787014459766,3555400
2022-03-01,56.365970611572266,57.205425792321044,55.963732087759105,56.57583273891027,2237100
2022-03-02,57.17044448852539,57.32784274314877,56.287271693901864,56.30475742379496,2108500
2022-03-03,57.9661865234375,58.12358479044599,57.21417332232994,57.21417332232994,2795200
2022-03-04,59.1116828918457,59.199124877427664,57.59891719422981,57.73007683690482,1910600
2022-03-07,59.207881927490234,59.461468402125774,58.578288841691254,59.21662812906997,2102100
2022-03-08,58.307220458984375,59.73254452568513,58.298474256831085,59.470218503664036,2193300
2022-03-09,58.025108337402344,59.16233779996505,57.96339852435779,59.06536427577144,2170200
2022-03-10,57.654850006103516,58.219055938110685,57.19642848268192,57.69892460105909,3985400
2022-03-11,57.93695068359375,58.263128231668865,57.5931379175408,57.65484772873325,1940000
2022-03-14,58.65102767944336,59.15352382391665,58.21905896159997,58.21905896159997,2883000
2022-03-15,59.532596588134766,59.682462315892565,59.091810288236395,59.28575733633011,2980800
2022-03-16,59.69127655029297,59.708911767776335,58.65983828105414,59.48851863028779,2622100
2022-03-17,59.72654724121094,60.27312470738676,59.40918054805925,59.73536485098337,3415800
2022-03-18,58.8890495300293,59.52377612168863,58.077997665490145,58.42181042483827,6449600
2022-03-21,59.462066650390625,59.75298721022374,58.889049865456464,59.003651877270315,1726100
2022-03-22,59.15352249145508,59.691282337130026,58.93312933260028,59.691282337130026,2073500
2022-03-23,58.8890495300293,59.3827280099415,58.509973061278174,59.1006250605824,2297700
2022-03-24,59.541412353515625,59.66483197559593,59.01247015519073,59.02128103829292,1953600
2022-03-25,60.22023010253906,60.33483886022065,59.65602410213547,59.83234268092788,1731600
2022-03-28,60.405357360839844,60.44062107531106,59.858786601200485,60.158518085407124,2438500
2022-03-29,60.91666030883789,60.93429552587317,60.326008329583935,60.5375838529549,2339000
2022-03-30,61.65719985961914,61.70127446129364,60.854965434267655,61.075358620238994,2304100
2022-03-31,61.71009063720703,62.6004809710721,61.66600931069115,61.851145501364954,3043200
2022-04-01,62.6445426940918,62.67098879421844,61.251663189125544,62.03626221358476,2139200
2022-04-04,61.96574401855469,62.64455201767166,61.4632478637662,62.28311071903855,1692800
2022-04-05,62.203765869140625,62.97073651860753,61.91285199770523,62.08034623256422,1754100
2022-04-06,63.54376220703125,63.675999457988624,62.353640400146844,62.459424820219965,2939600
2022-04-07,63.12942123413086,63.640735011496275,62.9795554901718,63.54376147696608,2302000
2022-04-08,63.55256652832031,63.737702696061014,62.565209504984736,63.43796450978751,3573800
2022-04-11,63.23521041870117,64.03743804892397,63.01481725175805,63.852308595795634,3038200
2022-04-12,63.4027099609375,63.61429226154277,62.75916562606197,63.12942456332183,4185000
2022-04-13,63.07652282714844,63.56138372629374,62.67981111781293,63.47322781061871,2250000
2022-04-14,64.17848205566406,64.61045070661163,63.42914003403121,63.605458573300815,4180900
2022-04-18,63.85231399536133,64.69862302088576,63.76415806630246,64.34599257878402,2608900
2022-04-19,64.42533111572266,64.59282534625677,63.94046346607383,63.94046346607383,1793800
2022-04-20,65.87993621826172,66.01216675338323,64.92783601018796,65.10414787426096,2461100
2022-04-21,65.82701873779297,66.65569906243981,65.50084120854103,65.80939024669743,2812900
2022-04-22,65.1305923461914,65.9063806707161,65.0953286290888,65.8358532365109,2399400
2022-04-25,64.03742218017578,65.35978085414835,63.62308205285947,65.20991515197215,3894200
2022-04-26,62.82086944580078,64.28427655954695,62.73271352523919,63.76415192012762,5111900
2022-04-27,62.10678482055664,63.38506908163713,62.04507500973655,63.00599260778083,5887300
2022-04-28,62.72389602661133,62.741524520408646,61.930479288419306,62.353637124076926,3705200
2022-04-29,61.41035461425781,62.538766540902515,61.331009577549494,62.39771168713912,2958200
2022-05-02,60.6962776184082,62.03627185729164,59.95575979628771,61.68364144043464,3059900
2022-05-03,60.38772201538086,61.80705441395755,59.876408302356886,60.87258962701826,3187600
2022-05-04,61.06653594970703,61.26048301343035,59.99102294100941,60.749175976001084,2939900
2022-05-05,60.73154830932617,61.498519049657354,60.202605986210365,60.81089335702015,3500000
2022-05-06,61.20759201049805,61.40153907803975,60.36128303693358,60.36128303693358,4054400
2022-05-09,60.88139724731445,61.51613055003411,60.14087954471797,60.75797763021504,3174900
2022-05-10,60.23786163330078,61.78061379243166,59.744176368790264,60.713911678079334,2435300
2022-05-11,60.78443145751953,61.7453491423688,60.24667160356634,60.24667160356634,2394600
2022-05-12,60.202598571777344,60.987197711707196,59.62957498986328,60.79325064774868,4390600
2022-05-13,60.458248138427734,60.643377570024526,59.779433496707895,60.57285015059768,2760100
2022-05-16,59.999820709228516,60.63455396962016,59.841137394130605,60.57284416518565,2315500
2022-05-17,60.51996994018555,60.66101808112115,59.673660916973226,60.431814011367514,2357200
2022-05-18,59.823524475097656,60.75798939286548,59.682469613467646,60.7139147930056,3000800
2022-05-19,59.6560173034668,59.991019202061025,58.77444468757091,59.64720641993085,2471300
2022-05-20,59.55022430419922,59.99101054856527,58.85378123099714,59.90284791900061,2223300
2022-05-23,60.19377899169922,60.51114568126848,59.60312693505967,60.34364472681095,2329800
2022-05-24,60.56403350830078,60.75798055188755,59.708913756095995,60.21140985726851,2538200
2022-05-25,60.06153869628906,60.70508965237968,59.75298963208061,60.70508965237968,3153900
2022-05-26,59.929317474365234,60.66101773263097,59.85879004136949,60.4847058760078,2263300
2022-05-27,60.86376953125,60.872587139973625,59.65601271897576,59.65601271897576,1802200
2022-05-31,60.4229850769043,60.846136146274944,59.841143949188435,60.37890375782341,3606100
2022-06-01,60.035091400146484,60.87258938732561,59.576676617565774,60.38772177759743,2401300
2022-06-02,60.4229850769043,60.48469488809856,59.16233602605157,60.317193946629146,2438700
2022-06-03,60.38772201538086,60.56403384186807,59.90285440374346,60.23785629028023,1864300
2022-06-06,60.29075622558594,60.78443478375843,60.176154196257585,60.6874612489937,2210000
2022-06-07,60.78443145751953,60.925486309773405,59.435626380703205,59.94694013132518,2248400
2022-06-08,59.6471061706543,60.55341192997564,59.52271232587782,60.3757015953263,2289700
2022-06-09,57.89671325683594,59.611572468890856,57.8789388313987,59.531607891294485,2673800
2022-06-10,58.17214584350586,58.625298708881346,57.221417614710006,57.31915660094699,4033900
2022-06-13,56.06633377075195,57.67458032305834,55.80866222335314,57.31027917055542,3225900
2022-06-14,54.17375564575195,56.18183493686694,53.693947919648004,56.05744109442769,2699500
2022-06-15,53.773921966552734,54.63579852892905,53.151949294409356,54.62691131661762,2672900
2022-06-16,52.4233512878418,53.01866568399147,51.84580453650649,52.974239792999114,4270300
2022-06-17,52.565513610839844,53.000895456093644,51.70363713178452,52.45000358830671,5865800
2022-06-21,53.00978469848633,53.42739555301567,52.39669923523383,52.716571090662406,2165200
2022-06-22,53.15194320678711,53.4806988456109,52.61882577142539,52.69879372567745,2699400
2022-06-23,53.69395446777344,53.79169346717467,53.151949754350895,53.320769505466764,2661800
2022-06-24,55.54209518432617,55.57763725307255,53.89831348380586,53.93385555255223,3563800
2022-06-27,55.82643508911133,56.07522282143511,55.16892029578307,55.25777208890481,2007900
2022-06-28,55.64872741699219,56.528371682116784,55.58653048468958,56.15519008830116,2078300
2022-06-29,55.630958557128906,55.879746296072575,55.43548053968532,55.755352426600744,1542600
2022-06-30,56.22626495361328,56.28846187939998,55.02674893975173,55.38216284951424,4529100
2022-07-01,57.4613151550293,57.57682855775843,56.19960238843588,56.475048300195944,2130800
2022-07-05,55.58652877807617,57.345820643790326,54.795732939761756,57.26584928816671,2115400
2022-07-06,55.95970153808594,56.38619616046124,55.444355140436684,55.728684888686885,1796700
2022-07-07,55.799766540527344,56.28845809145551,55.702027552446104,56.057441438290965,2185400
2022-07-08,55.4976692199707,55.959705944629825,55.39993022578613,55.79088620252443,1509500
2022-07-11,55.51543426513672,55.71091223241708,54.84903580156589,55.17779142787369,1925000
2022-07-12,54.85792922973633,55.62206337407112,54.59136710251541,55.08894589858578,2415700
2022-07-13,54.200416564941406,54.946783092562356,54.111564778823016,54.46697531277495,4003800
2022-07-14,53.613990783691406,53.77392672466508,53.10752810043432,53.47182587943466,5241100
2022-07-15,53.800575256347656,54.09379224346734,53.054208749426415,53.916085286680705,3829400
2022-07-18,53.36519241333008,53.9693939833781,53.32965034697949,53.729490119728624,2850000
2022-07-19,53.67618179321289,53.84500153917303,53.42739408559199,53.56067176204105,2949800
2022-07-20,52.992008209228516,53.83611365429327,52.823188476006784,53.75614569866654,2954300
2022-07-21,52.95646667480469,53.19637054409677,52.361152302081365,52.81430179553657,2308400
2022-07-22,53.40073013305664,53.50735633019726,52.95646448007121,53.15194245201774,1468800
2022-07-25,53.92497253417969,53.969401818306885,53.40073884257664,53.40073884257664,1658000
2022-07-26,54.600257873535156,54.68910966208167,53.73838128882442,53.73838128882442,1815500
2022-07-27,55.000099182128906,55.16003511740255,54.333700581648245,54.59137213116373,2154500
2022-07-28,58.14549255371094,58.23434433114779,56.71495656642262,56.86600526596087,3961900
2022-07-29,58.349857330322266,58.731926116047724,57.994443402840496,57.994443402840496,4391200
2022-08-01,58.35873031616211,58.49201135384642,57.88780985810535,58.06551338904765,2546100
2022-08-02,57.887821197509766,58.27877039795528,56.42174305370871,57.86116634054263,3559500
2022-08-03,58.0921745300293,58.42982076591152,57.56794431172612,57.82561920475775,2553100
2022-08-04,57.51462936401367,58.37649896074383,57.461312880650716,58.20768263713447,1983200
2022-08-05,57.52351760864258,57.72788280155558,56.74161246232075,57.59460174347807,2499100
2022-08-08,58.14549255371094,58.37650581925552,57.82562073177343,58.10106327551447,1945500
2022-08-09,58.66972351074219,58.73192043361205,58.14549327211849,58.40316817513827,2086700
2022-08-10,59.16729736328125,59.327233272089174,58.758573769429,59.087332798355284,2264900
2022-08-11,59.25615692138672,59.98475234518632,59.14064350926393,59.36277634309254,1867300
2022-08-12,60.0736083984375,60.118037679947754,59.28281599604248,59.5849134176511,2537200
2022-08-15,61.15761947631836,61.246471262833225,59.89590648251972,60.064722843210916,3409300
2022-08-16,61.122074127197266,61.4152911080286,60.917708928114585,60.953250996605334,2333200
2022-08-17,61.13985061645508,61.45084206599801,60.8022110853847,60.88217566683924,1892800
2022-08-18,61.65519714355469,61.77070379232404,61.28201555926261,61.31755763095096,2246100
2022-08-19,61.66407775878906,62.14388550681164,61.33531871506351,61.83289410755079,2664400
2022-08-22,60.28685760498047,61.361979847401486,60.18911860303701,61.264240845458026,2179300
2022-08-23,59.8692512512207,60.260207288464606,59.54937936237706,60.260207288464606,1842000
2022-08-24,59.744842529296875,60.10025640398991,59.433857931048905,59.8958980018366,1771600
2022-08-25,60.2424430847168,60.25132351955637,59.45165053068994,59.762635224022205,1521400
2022-08-26,59.25615692138672,60.526757002044626,59.14064350926393,60.4201308013827,1652100
2022-08-29,59.01625061035156,59.54936806429203,58.50978801226468,58.89185676373066,2942900
2022-08-30,57.95001983642578,59.060684102597826,57.727886983191375,58.82077682488892,1484900
2022-08-31,57.185882568359375,58.163265771745266,57.14145328590499,57.976674987558965,3011100
2022-09-01,57.603492736816406,57.62126038221365,56.741616187482265,57.27473367583593,2300400
2022-09-02,56.87489318847656,58.36762611652935,56.64387314108753,57.64791111869357,2289100
2022-09-06,56.448394775390625,57.39912303516619,56.29734607499547,57.14144813386827,2146100
2022-09-07,59.7359619140625,60.038059300304276,56.688295913184895,56.999283899957504,4743200
2022-09-08,60.801883697509766,60.819802046019454,59.2791520988732,59.4762129293939,5641900
2022-09-09,60.909358978271484,61.22286166506691,60.43462536200326,61.01684854253536,3301000
2022-09-12,61.96631622314453,62.04692827154081,60.85561805310393,60.96310078429897,4444200
2022-09-13,59.870330810546875,61.679701406852494,59.62848776411093,61.45576987599225,2826100
2022-09-14,60.25548553466797,61.187041402793,59.95094197227848,59.96885348554082,2487400
2022-09-15,59.538902282714844,59.98676523735077,59.332882316689926,59.941976208348635,2854100
2022-09-16,59.44037628173828,59.789708865480534,59.28810450602435,59.28810450602435,3872700
2022-09-19,59.67326736450195,59.718049563281404,58.87607178745044,59.198526853742,1892100
2022-09-20,58.562557220458984,59.25226999440123,58.177394807877896,59.21644013813249,1815100
2022-09-21,57.756412506103516,59.40454498079736,57.756412506103516,58.98355268910911,1426200
2022-09-22,57.29959487915039,57.684757343029,56.92338817207016,57.666838995585024,1724600
2022-09-23,56.37699890136719,56.97713715875352,55.61563309127399,56.65467521949207,1925500
2022-09-26,54.460140228271484,56.30533702214704,53.90479106387147,56.10827620832749,2926900
2022-09-27,53.349430084228516,54.934865166385194,53.080709609652004,54.791545757585574,2754900
2022-09-28,53.63606262207031,54.18245591453368,53.15236986314312,54.18245591453368,2504900
2022-09-29,50.9847297668457,53.37632031484451,50.89515852046182,53.28674906846062,2772000
2022-09-30,50.36667251586914,51.468415084654914,50.20544156268844,51.325099061485794,4775300
2022-10-03,51.87148666381836,52.41788000880446,50.662258067184595,51.638599433572104,3027300
2022-10-04,53.5733757019043,53.600246389698455,51.916280477149655,52.122297056393464,2327600
2022-10-05,52.373104095458984,52.84783781632562,51.665479684297324,52.78513726515168,1965600
2022-10-06,50.7518310546875,52.22082103310928,50.53685532805158,52.00584872339662,2150600
2022-10-07,49.55155944824219,50.91306330687794,49.13056715690281,50.64434620435374,2073400
2022-10-10,49.632171630859375,50.26813619529432,49.56051533616683,49.73070202586935,2207800
2022-10-11,49.38137435913086,49.97255337075029,48.88872575226858,49.32762957010238,2082700
2022-10-12,47.90342330932617,49.30971277492875,47.88550838032778,49.20222661786169,2773800
2022-10-13,49.23805618286133,49.36345726818057,47.03456776609718,47.24954349587538,3305300
2022-10-14,48.19902038574219,49.86506798253067,47.96612969730728,49.820282363038956,2095200
2022-10-17,49.50677490234375,50.15169869585813,49.09474177511997,49.20222793506456,2626100
2022-10-18,49.882972717285156,50.62642683319064,49.70383027593626,50.20543457879004,3181600
2022-10-19,49.085784912109375,49.62322257097331,48.870812582102666,49.26493079839735,1931000
2022-10-20,48.163185119628906,49.07682600583211,47.921338701199524,48.799149729059856,3437200
2022-10-21,48.63792419433594,49.10370215384036,47.73324238053564,48.4050369230456,5527500
2022-10-24,49.46199035644531,49.9188091087785,49.032042290448345,49.39928981037847,4378700
2022-10-25,50.23231887817383,50.53686245707357,49.47094968015327,49.6948811942316,4305300
2022-10-26,49.77549362182617,50.85036550683435,49.65904828491171,50.644348936554,3598700
2022-10-27,49.703834533691406,50.303969280849955,49.47094387291097,50.1606532653402,3484300
2022-10-28,51.44154739379883,51.47737725590854,49.61426542928811,49.74862570373767,4898600
2022-10-31,50.22335433959961,51.60277313904321,49.38137316669262,51.504242736665326,4165700
2022-11-01,50.45624542236328,50.73391828563872,49.60530506929765,50.51894596677537,3098700
2022-11-02,50.70704650878906,51.755044228772476,50.21439792032874,50.45624433653799,3689500
2022-11-03,51.11012649536133,51.37884361042704,49.847152979321315,50.15169995424206,4131800
2022-11-04,51.85357666015625,51.97897775119181,50.680177808103316,51.18178217224559,3259500
2022-11-07,51.33406066894531,52.18499767483946,50.62643627609191,51.898365614910624,3265600
2022-11-08,51.817745208740234,52.16708120193682,51.07429444176038,51.4773718055077,5497800
2022-11-09,51.298221588134766,51.59380935191054,51.020545335077344,51.55798291355077,5133100
2022-11-10,53.31361389160156,53.41214430193457,52.05064032180985,52.76722046479032,4473200
2022-11-11,52.21186828613281,53.161335639772474,51.65651571737074,53.15237988340303,4936000
2022-11-14,51.37884521484375,51.7281778170302,50.21440206858104,51.05638329992591,7448200
2022-11-15,51.15491485595703,51.93419555652967,50.59060649219989,51.63860773917744,3622400
2022-11-16,51.764007568359375,52.39101646637999,51.25344400979546,51.30718538421886,3418600
2022-11-17,50.044212341308594,51.163869878852154,49.83819576443141,50.91306768385796,3139700
2022-11-18,51.67443084716797,51.683390020495565,50.69808938679171,50.69808938679171,3487600
2022-11-21,51.817745208740234,52.15812202889612,51.5221574199411,51.7102590507154,2140400
2022-11-22,52.26560974121094,52.614945744796174,52.014807559386774,52.14020865029885,2646200
2022-11-23,52.85679244995117,52.874707380894876,52.08647092091404,52.211872020596275,2166600
2022-11-25,53.04489517211914,53.28674160378539,52.88366421767497,53.01802106842941,1123100
2022-11-28,52.26560974121094,52.91053354238558,52.014807559386774,52.597030815105384,2738800
2022-11-29,52.21186828613281,52.247698145457484,51.5131996969955,52.02376665006346,2410000
2022-11-30,54.2362060546875,54.47805247329435,52.131251420887565,52.131251420887565,10096100
2022-12-01,54.10185623168945,55.26629944440396,53.976451711124305,54.639290509273444,2412900
2022-12-02,54.567626953125,54.57658612671271,53.45692861289852,53.465884369562666,3755700
2022-12-05,53.985408782958984,54.39744194085561,53.725647411575764,54.14663974334004,2970900
2022-12-06,54.28099822998047,54.29891316133038,53.34048654411461,54.039155199066094,3143200
2022-12-07,53.69877624511719,54.32578515024024,53.55546021682537,53.99436405856496,2314500
2022-12-08,54.232059478759766,54.268215012594496,53.40954004791784,53.68069965571534,2050800
2022-12-09,54.024166107177734,54.575525887112825,53.92474012089682,54.00608834167382,2021000
2022-12-12,54.79245376586914,54.81957213890189,53.97897498249406,54.34051995911143,2869000
2022-12-13,55.24439239501953,56.37422701053929,54.63880269613211,55.59690024338464,2884800
2022-12-14,55.298614501953125,56.14824871953171,54.82860298329872,55.39804047966591,1984900
2022-12-15,54.53937530517578,55.31670205247497,54.07840431093033,55.11785006186871,2469900
2022-12-16,53.54511642456055,53.93377630795811,52.72259707284815,53.80723539969177,5284000
2022-12-19,53.65358352661133,54.06032465318066,53.138379248950635,53.536079768273204,1995100
2022-12-20,53.518001556396484,53.96089821230439,53.17453433946856,53.581272014671704,1903300
2022-12-21,54.683982849121094,54.702060612580986,53.65357446777327,53.68972999469304,1692400
2022-12-22,54.34955596923828,54.59360061800393,53.39145513867471,54.467056266510575,1787100
2022-12-23,55.20823669433594,55.24438877920034,54.21398022896499,54.21398022896499,1341400
2022-12-27,55.86806106567383,56.00363914530203,55.08169372230807,55.33477901064737,1792000
2022-12-28,55.39804458618164,56.36518261711053,55.34381129032333,55.967478676778605,1819200
2022-12-29,55.88613510131836,56.103061393432995,55.614972064203194,55.72343865824176,1353400
2022-12-30,55.37996292114258,55.94035981362499,54.84668095068936,55.913244891595795,1815300
2023-01-03,56.084983825683594,56.11210219827956,54.53937105898268,55.560742411238806,2220400
2023-01-04,56.50075912475586,57.04308172442149,56.19344401933966,56.41037374880212,1960500
2023-01-05,55.24439239501953,56.256726693072004,54.97323277689111,56.0578746973864,2379500
2023-01-06,56.61827087402344,56.81712286680369,55.77767365651982,55.94941072227788,2248400
2023-01-09,57.38656234741211,57.63060359455823,56.45557626274348,56.49173179861019,2308300
2023-01-10,57.54924774169922,57.63059596263568,56.96173587758589,57.24193607147396,1416400
2023-01-11,57.82040786743164,58.07348967628564,57.48597439375337,57.576363216901974,1665800
2023-01-12,56.75384521484375,58.082531638302385,56.62730430746314,58.028294895166226,2546100
2023-01-13,56.63634490966797,56.95269719735471,56.25672216444388,56.48268906935765,2031800
2023-01-17,56.853275299072266,57.12443489844203,56.690578849854134,56.73577154175219,2883600
2023-01-18,54.98226547241211,56.907500897658274,54.918991570905405,56.80807491412346,2447200
2023-01-19,54.250125885009766,55.00937469663529,54.08742946480567,54.95514140724034,1959000
2023-01-20,54.62071990966797,54.656875441558014,53.30107402751294,54.14167118005939,2210600
2023-01-23,55.036502838134766,55.624018213112876,54.3043722193257,54.53033914078165,2013300
2023-01-24,55.09072494506836,55.23534360749162,54.09646862392512,54.611672824306815,1481500
2023-01-25,55.000343322753906,55.05457662125178,54.2049422993397,54.6026428110468,1358400
2023-01-26,55.16304016113281,55.29862168434753,54.66591365598113,54.80149517919585,1635100
2023-01-27,54.80149459838867,55.325736023434644,54.72918353397884,55.09976911912591,2075000
2023-01-30,55.2263069152832,55.66920353983014,54.4489837046602,54.53033192353694,2231000
2023-01-31,55.97652053833008,56.003635462876524,54.80149335224024,55.542664505680655,3245300
2023-02-01,55.86806106567383,56.29287651941996,55.13592702294824,55.59689801045448,2647100
2023-02-02,56.15729522705078,56.39229928708404,55.40708346036451,56.021713707197684,2533500
2023-02-03,55.000343322753906,55.83190332648137,53.91570493664702,55.68728464513503,2121700
2023-02-06,55.38900375366211,55.47035197312723,54.57552500699202,54.774373528365864,1798600
2023-02-07,55.144954681396484,55.34380663483513,54.24108718101117,55.07264707431572,1392000
2023-02-08,54.35860061645508,54.891882674713514,54.08744100757384,54.80149728774693,1577900
2023-02-09,53.8343505859375,54.84668124014729,53.76203952950347,54.53936614626456,2107000
2023-02-10,54.819576263427734,54.891883884998975,53.81628258526262,54.01513113056972,2335400
2023-02-13,55.41611862182617,55.461311308009265,54.828603357503155,55.02745531428589,1281800
2023-02-14,55.28055191040039,55.69633025133189,54.8828513383766,55.35286298603119,1800700
2023-02-15,55.82285690307617,55.9584384112036,54.98226327582142,55.0364931206876,1939800
2023-02-16,55.83189392089844,55.92227928852034,54.5935964549783,55.17207108291235,1859200
2023-02-17,56.24767303466797,56.52787319557809,55.32572778855619,55.931320794915266,2762100
2023-02-21,55.27150344848633,56.13921549074227,54.891877275011126,55.425159280810725,3013600
2023-02-22,54.95515060424805,55.6240141601336,54.62072055029594,55.35285456374051,2543800
2023-02-23,54.720149993896484,55.50651390746316,54.33148661694227,55.33478029010401,2813900
2023-02-24,55.27150344848633,55.407081515599415,54.13262837604189,54.44898409526808,3010200
2023-02-27,55.60593032836914,56.83519070910772,55.34380791965674,55.51554150744368,3602000
2023-02-28,54.62071990966797,55.75959158035407,54.55744945285104,55.28958000972735,3077200
2023-03-01,52.912410736083984,54.738223722703175,52.894332970119684,54.738223722703175,2830700
2023-03-02,54.11455154418945,54.13262930971256,52.67740194092358,52.76779076853914,2480900
2023-03-03,54.566490173339844,54.58456794046479,53.69877803923169,54.29533056242873,3152900
2023-03-06,54.32243347167969,55.27149707188486,54.11454436770526,54.54840033877982,2479200
2023-03-07,52.92144775390625,54.45802337696031,52.63221039521152,54.41283068616075,2951100
2023-03-08,53.35530090332031,53.51799733977546,52.59605201585666,52.91240773028883,2637400
2023-03-09,52.7164192199707,54.07631456974658,52.570390492886,53.519578959736315,2134400
2023-03-10,51.43867492675781,52.90809112851252,51.27439215379145,52.90809112851252,2767500
2023-03-13,52.08667755126953,53.20927418500463,51.18312577656563,51.28351771028835,4790300
2023-03-14,53.41006088256836,53.72037237791615,52.396985015944715,52.71642178397936,3673200
2023-03-15,53.50133514404297,53.91204210534937,52.56127525163066,53.00849027207544,3621600
2023-03-16,54.0124397277832,54.085452367434534,52.853334914915905,52.96285561519305,3150500
2023-03-17,53.419193267822266,54.01243703784583,52.96285297752725,53.820774951505946,6263400
2023-03-20,54.14021682739258,54.26799156357367,53.510468421242685,53.64736843217939,2959300
2023-03-21,53.419193267822266,54.44139802483517,52.53389547213801,54.286240515702815,2849600
2023-03-22,52.141441345214844,53.574349545270344,52.114058560938595,53.327925376384364,2195600
2023-03-23,51.785491943359375,52.73467699610836,51.5025597413132,52.04104136353029,2032400
2023-03-24,53.647361755371094,53.6929985682706,51.63033857017324,51.94977537086973,1906200
2023-03-27,54.0489387512207,54.751703133561364,53.93941458765613,54.103697351403284,2200200
2023-03-28,54.651309967041016,55.17153757972128,53.87552944382319,53.893783471833004,2047500
2023-03-29,55.98382568359375,56.06596707324884,55.02551179201767,55.13503248435778,3131100
2023-03-30,56.467552185058594,56.6135809532713,55.96557851192744,56.35803147929918,2277600
2023-03-31,56.99690246582031,57.09729788588105,56.34890009473747,56.74134953795659,3131600
2023-04-03,55.95644760131836,56.96952012035958,55.91081078704794,56.54968788923258,3470000
2023-04-04,56.06596374511719,56.257625815735146,55.50010280641663,55.956443059278335,1938400
2023-04-05,57.65403366088867,57.88220381813126,56.13898395606191,56.21200007754768,3073900
2023-04-06,57.78181076049805,58.32941773469216,57.371103789052356,58.01910618755544,3869100
2023-04-10,57.70878982543945,57.73616912738467,56.887379432683325,57.46236566313263,4334800
2023-04-11,58.09211349487305,58.20163417677718,57.5079950676517,57.626644503981,2916200
2023-04-12,58.037357330322266,58.411556223112576,57.80918718882573,58.411556223112576,3415700
2023-04-13,57.936954498291016,58.174253364782345,57.05165334844189,57.60838897951816,1885600
2023-04-14,57.95521926879883,58.11950205863998,57.343724925634746,57.50800423387564,2763600
2023-04-17,58.13774871826172,58.292902732552676,57.59013832768228,58.09211538944672,1730800
2023-04-18,58.2381477355957,58.38417648580287,57.77267870071034,58.09211898538854,2202200
2023-04-19,58.457191467285156,58.840515623540156,58.13775118880602,58.41155465493102,1485300
2023-04-20,58.37505340576172,58.68536844692094,58.101249907704,58.42069022343832,1733600
2023-04-21,58.493690490722656,58.97741700967342,58.14687440398785,58.80400548470617,1163900
2023-04-24,58.59408950805664,58.676234379799205,58.019103258659115,58.41155618027333,1855600
2023-04-25,58.320289611816406,58.75837238449326,58.26552752443177,58.45719308947797,1623100
2023-04-26,57.033409118652344,58.38417591526885,57.00602633465606,57.97346897132464,2965900
2023-04-27,57.909584045410156,57.936963348957256,57.04253678988389,57.04253678988389,1843100
2023-04-28,57.68141174316406,58.22901868324726,57.307212855067206,57.8639485503918,1846500
2023-05-01,57.62665557861328,58.31116606486212,57.471501539565054,57.526260150240724,2289200
2023-05-02,57.325469970703125,58.85877018181832,57.01515842618691,58.438937939708204,2923500
2023-05-03,57.69054412841797,58.438941996867975,57.389361318724895,57.900460264046586,2565600
2023-05-04,57.96434020996094,58.320288549074725,57.48062063247809,58.210764376301256,1923100
2023-05-05,58.24727249145508,58.49369317643892,57.964340267244,58.02823110889166,1739700
2023-05-08,57.94609069824219,58.53020222213859,57.6540297138939,58.201640142746875,1468300
2023-05-09,58.14687728881836,58.17426007294006,57.45324159933568,57.69966576683085,2091300
2023-05-10,58.53932571411133,58.67622917941532,57.91870270617278,58.40242573040708,1977900
2023-05-11,57.90045166015625,58.62147359716504,57.736168885971956,58.557586238493364,1961500
2023-05-12,58.2381477355957,58.5210799623221,57.86394884558984,58.229018980307735,1726900
2023-05-15,57.08816909790039,58.45719343787506,56.914761042548975,58.37504856550851,1439000
2023-05-16,56.36714553833008,57.35284213883496,56.211991526176405,57.10641798870874,2079900
2023-05-17,56.15723419189453,56.61357447554484,55.874305444255384,56.56794114349982,1746400
2023-05-18,56.04771041870117,56.16635986077818,55.46359544478341,55.73739890360738,2067000
2023-05-19,56.2028694152832,56.914759123522785,56.056837186311014,56.34889816265542,2119900
2023-05-22,56.796104431152344,56.960387191968756,56.202864222959406,56.202864222959406,2113000
2023-05-23,55.95644760131836,57.015156934630006,55.91993954254207,56.741349975407935,2056200
2023-05-24,55.4909782409668,56.13898061336754,55.363203517575116,55.91081046971093,1934800
2023-05-25,54.605674743652344,55.372323003871955,54.35925059646758,55.35407245809507,1936000
2023-05-26,54.368377685546875,54.578293784990706,53.866404101520345,54.578293784990706,1799300
2023-05-30,54.27711486816406,54.69694709676138,54.14021138937794,54.32274820055941,2262600
2023-05-31,54.53266525268555,55.06202166605542,53.99418356531971,54.194974409232444,5032400
2023-06-01,54.6695671081543,54.724325713702065,53.74775778996629,54.71520043997745,3059500
2023-06-02,55.71002197265625,56.002079472042126,54.61480460915921,54.66956669589406,3150700
2023-06-05,56.002079010009766,56.467544557815785,55.56399276454528,55.56399276454528,2445200
2023-06-06,56.19374084472656,56.513177642652415,56.00207876597105,56.3671488948006,2199300
2023-06-07,57.24333190917969,57.36197788781258,55.956452322342855,56.285014434249796,2093700
2023-06-08,57.23410415649414,57.44594544850569,56.71831788499835,57.04068430468322,3237900
2023-06-09,57.16963577270508,57.35384667697007,56.90253013719737,57.317003793410926,2576000
2023-06-12,57.059112548828125,57.32621819329225,56.80121586879719,57.32621819329225,2490200
2023-06-13,57.07752990722656,57.28937120934125,56.534109692747805,56.534109692747805,2126900
2023-06-14,57.040687561035156,57.878843813595125,56.97621427341752,57.27095030639263,3889800
2023-06-15,57.344635009765625,57.41832077792533,56.70911107027683,57.07753288401373,4529200
2023-06-16,57.602535247802734,57.98016604915257,57.501219067081635,57.620956690982126,5333000
2023-06-20,57.12358856201172,57.65779636286053,56.681484464006516,56.9025347562436,4075300
2023-06-21,57.639381408691406,57.92490501036509,56.386751309578706,56.976223470683216,4664800
2023-06-22,57.20648193359375,57.95253104398815,56.874902989626925,57.7867450855357,1798400
2023-06-23,56.64463424682617,57.777526510139026,56.54331807869134,57.381474314810475,3000200
2023-06-26,57.24333190917969,57.47359470283925,56.42359341238527,56.78280632186056,1786900
2023-06-27,57.76832580566406,58.007797544422544,57.418325405757585,57.501220144853036,2159400
2023-06-28,56.64463424682617,57.85121227370275,56.45121438776728,57.74989610556792,2493600
2023-06-29,56.957801818847656,57.26174686363939,56.09201502457258,56.27622243909789,1887200
2023-06-30,57.66701126098633,57.749906002436276,57.003853329386715,57.059117661530415,2626500
2023-07-03,57.9064826965332,58.06306321333646,57.3538534321796,57.48280002629336,899600
2023-07-05,58.62490463256836,59.002531934083294,57.58411589313649,57.73148393038542,2469000
2023-07-06,57.96174621582031,58.22885187904353,57.67621910890607,58.10911425181742,2097400
2023-07-07,57.602535247802734,57.92490171961441,57.48279762390224,57.55648339661979,2002000
2023-07-10,57.261741638183594,57.71305819506034,56.85648044426658,57.45516502743414,2183700
2023-07-11,57.98937225341797,57.98937225341797,57.16963739537909,57.34463582695599,1491000
2023-07-12,58.68016815185547,58.96569176080776,58.173590720088235,58.357801653512134,1586400
2023-07-13,58.98411178588867,59.048585080165104,58.53279521242262,58.560429133920394,1344500
2023-07-14,58.799903869628906,58.965689839423874,58.45911593769455,58.910429020669284,1402000
2023-07-17,57.95253372192383,58.77227215506831,57.94332475684631,58.606482675423905,1636200
2023-07-18,57.70384979248047,58.32095231060391,57.09595623892011,57.952530484523905,1883500
2023-07-19,58.39464569091797,58.661747860425855,57.91569866001245,57.95253803659643,2256900
2023-07-20,59.37095260620117,59.49989919704462,58.25648162701871,58.65253387805563,1501300
2023-07-21,59.988059997558594,60.292008569267985,59.37095740195183,59.536746893151246,2031900
2023-07-24,59.46305847167969,60.06174310925173,59.41701013159718,60.043325178631214,2049600
2023-07-25,59.75779724121094,60.07095829235699,59.27885372582976,59.463061148577275,2107600
2023-07-26,59.794639587402344,60.21832227751885,59.435430197367424,59.58280175587543,1585200
2023-07-27,58.30253601074219,59.80385034118055,58.173589414299244,59.45385344041577,2060300
2023-07-28,58.19200897216797,58.84595441209034,57.805165681848216,58.74463822858919,2383600
2023-07-31,58.13674545288086,58.58806204563381,57.91569515263828,58.41306008494967,5086600
2023-08-01,58.210426330566406,60.1446356193575,58.15516200339036,59.14989881137393,3966400
2023-08-02,58.15517044067383,58.330172412022215,57.28938360382405,58.053854249584,2686900
2023-08-03,56.35911560058594,57.84200843523639,56.101222416657556,57.79595658289648,2463300
2023-08-04,55.81570053100586,56.745964197523776,55.47491257557891,56.46964954410918,1894500
2023-08-07,55.723594665527344,56.37754013984222,55.71438569996616,55.96306641896261,1988700
2023-08-08,55.80648422241211,56.05516843182433,55.19859065947035,55.61306434182404,2548800
2023-08-09,55.917015075683594,56.44201395575725,55.57622713030082,55.57622713030082,2494900
2023-08-10,55.74201583862305,56.405173788799715,55.6314906847707,56.04596089009982,1616600
2023-08-11,56.06438064575195,56.27622198155871,55.64069797413845,55.843330344706295,1657000
2023-08-14,55.29990768432617,55.76043322430851,55.161748616919056,55.419641794979235,2237700
2023-08-15,54.73806381225586,55.11569459965979,54.67359052027452,55.078851714661624,2499500
2023-08-16,55.576229095458984,55.71438817974525,54.811754919196204,54.98675689442966,2289900
2023-08-17,55.63148880004883,56.12885373229996,55.594645912169135,55.668328174397345,2317200
2023-08-18,56.018333435058594,56.165701485812676,55.557807837260654,55.557807837260654,1977300
2023-08-21,55.48411560058594,56.05516625547379,55.032799049871905,55.96305904434295,1448200
2023-08-22,55.31833267211914,55.55780442230066,55.078857408406364,55.41964534604088,2482400
2023-08-23,55.953853607177734,55.99990545888072,55.20780096087751,55.815694538537706,1879100
2023-08-24,55.92622375488281,56.644642486478936,55.82490757201031,55.88938086774171,1831000
2023-08-25,56.29464340209961,56.570958035057096,55.843330321426336,56.08280206638117,1942000
2023-08-28,56.34990692138672,56.74595917787507,56.18411744129712,56.46964454890279,1249400
2023-08-29,56.948585510253906,57.003846322073365,56.257797254264595,56.709110280600385,1913100
2023-08-30,56.79199981689453,57.18805199518257,56.405160115420884,56.88410350385575,1890800
2023-08-31,56.257808685302734,57.077543686807296,56.23938723977627,57.0130703842304,2932300
2023-09-01,55.723594665527344,56.570960038408934,55.22622620047182,56.570960038408934,2235600
2023-09-05,54.23149490356445,55.81570055685651,54.03807148390635,55.70517539814578,3069100
2023-09-06,54.56306838989258,54.6275416854319,54.010435625015596,54.34201458123557,2504500
2023-09-07,55.948760986328125,56.190559257358764,54.91646113591665,55.05596245806209,2599900
2023-09-08,56.534664154052734,56.72996317584116,55.90226428073826,56.14406256280972,2143900
2023-09-11,56.54396057128906,56.94386058126605,56.292860317512854,56.35795998912157,1778900
2023-09-12,56.3858642578125,56.55326443256434,56.051063908308834,56.55326443256434,2244000
2023-09-13,56.62766647338867,57.297267218915046,56.44166587211286,56.53466794658396,4304100
2023-09-14,57.0926628112793,57.36236348972493,56.70206476470247,56.99036230927122,3745100
2023-09-15,57.05546569824219,57.65066833525145,56.85086822857209,56.971765604574195,5387000
2023-09-18,57.036869049072266,57.23216808582245,56.543966918845925,57.16706840690572,3329200
2023-09-19,56.37656784057617,57.32516774189168,56.37656784057617,56.925267679150835,3164200
2023-09-20,56.450965881347656,57.064765360749035,56.20916404383623,56.61836606188133,2562100
2023-09-21,56.209163665771484,56.971762906332835,55.8371660263836,56.385865826072006,2069700
2023-09-22,56.283565521240234,56.54396422449903,55.74416415287131,56.01386483705578,2077700
2023-09-25,56.06966781616211,56.14406592754043,55.54886684584839,55.93946846050027,1286600
2023-09-26,54.37706756591797,56.06036425623768,54.14456770945028,55.958063751765295,1722200
2023-09-27,53.84696960449219,54.52586877765583,53.68886785311635,54.349166611549514,2358200
2023-09-28,52.693763732910156,54.14456401544787,52.58216480276604,53.99576425936703,2788200
2023-09-29,52.926265716552734,53.32616574239972,52.461266016513555,53.23316722145835,2980300
2023-10-02,50.861671447753906,52.88907064435407,50.359474413290165,52.62867191924942,4150800
2023-10-03,51.64286804199219,51.893968317844624,49.95026933602364,50.50827113158449,3467200
2023-10-04,52.19156265258789,52.31246356172146,50.96396379148611,51.847463885617266,3469500
2023-10-05,52.60076904296875,52.712367981232816,51.70796689385735,52.08926651828701,3785900
2023-10-06,53.30756759643555,53.50286662732034,51.215068857242244,51.83817032658852,3146500
2023-10-09,54.321266174316406,54.33056460757647,53.2517654184299,53.261067399356214,2469900
2023-10-10,54.916473388671875,55.16757369595862,54.2933753854419,54.33057267166947,2388800
2023-10-11,56.51607131958008,56.571872568002725,54.94437340617525,55.08387120573192,2594100
2023-10-12,56.330055236816406,57.12985517290488,55.75345668545765,56.26495557203391,3886100
2023-10-13,56.54396057128906,57.00896025287477,56.23706262622883,56.72996115345655,2859700
2023-10-16,56.62766647338867,57.03686850572874,56.25566881850343,56.841565923172624,1976200
2023-10-17,56.55326843261719,56.813667146131046,56.18126722959761,56.32076856764655,1730200
2023-10-18,55.97666549682617,56.59046499058709,55.59536586506055,56.376565543271376,2330600
2023-10-19,55.64186477661133,56.49746250592002,55.586063536482726,55.75346370920244,1937600
2023-10-20,55.14896774291992,56.218468550187524,55.130367327839934,55.5860686281336,3233400
2023-10-23,55.01876449584961,55.697663633780145,54.15386476793366,54.34916379096857,2581100
2023-10-24,56.246368408203125,56.64626847043223,55.39077058517019,55.54886879468721,2782500
2023-10-25,56.348663330078125,56.5160635045313,55.91156248037636,55.9673637210828,2295200
2023-10-26,56.91596603393555,57.26936681197611,56.37656465968067,56.56256525589498,2576000
2023-10-27,55.90226364135742,56.88806071968084,55.64186494861782,56.72996252699354,2199100
2023-10-30,55.948760986328125,56.8043622366659,55.595360238514736,56.283561321344386,2451100
2023-10-31,57.33446502685547,57.53906248457567,56.199864611772554,57.129864021469054,3948100
2023-11-01,58.01336669921875,58.459766009613226,56.88806466820384,57.03686798600169,3482200
2023-11-02,58.980552673339844,59.24095488432303,57.83665398391072,57.83665398391072,3079200
2023-11-03,59.13866424560547,59.80826142675526,59.09216498336353,59.75246373113145,2538000
2023-11-06,58.60856628417969,59.36186712251624,58.38536485322821,59.15726610644958,3178900
2023-11-07,57.93896484375,58.73876493586817,57.66926415265595,58.73876493586817,2170300
2023-11-08,57.37166213989258,57.92036193192179,56.720665393134354,57.59486355854268,2613800
2023-11-09,56.75786590576172,57.81806472248307,56.664867378832845,57.520465179110985,1814700
2023-11-10,57.297264099121094,57.334464926883975,56.739262325676435,57.09266309409143,1826400
2023-11-13,57.046165466308594,57.353063434972604,56.60906459674712,57.194965233953695,1935600
2023-11-14,58.82246398925781,58.878265232257284,57.86456571093101,58.1063640019295,3442100
2023-11-15,58.47835922241211,59.25025682626013,58.152857326316166,58.682956663854156,2573600
2023-11-16,59.017765045166016,59.30606615573197,58.794567160835165,58.841066424431894,2766000
2023-11-17,59.28746032714844,59.52926215203844,58.90616072420597,59.278161894344706,2106000
2023-11-20,59.529258728027344,59.55715757249993,58.47835849834739,58.97125700491445,3404000
2023-11-21,59.65016174316406,59.95706325213304,59.21306088408687,59.743160265336726,2815600
2023-11-22,60.12446594238281,60.15236479066708,59.4176643727396,59.891966079570295,2003400
2023-11-24,60.533653259277344,60.626658868965826,60.05005672742371,60.338354250528845,1199700
2023-11-27,59.92916488647461,60.65456329871451,59.85476323000577,60.626664451371816,3378900
2023-11-28,59.89196014404297,60.60805652859116,59.88265816375917,60.096561138294454,2738300
2023-11-29,58.85966491699219,60.059365036003,58.79456524054971,59.89196485438911,3874200
2023-11-30,58.05986022949219,58.97125917501631,57.92966088694103,58.757359748301404,18266200
2023-12-01,58.980552673339844,59.1572548071616,57.901753649740094,58.04125496089772,3563900
2023-12-04,58.85036087036133,59.492062726579974,58.26446380294366,58.45976282541621,2563200
2023-12-05,58.21796798706055,58.831767522598675,57.938968843209864,58.831767522598675,3434900
2023-12-06,58.766658782958984,58.90616010721638,58.264461820497665,58.54346092134641,3935200
2023-12-07,58.5789680480957,59.395434959162344,58.45697020801726,58.991894829773244,3237800
2023-12-08,58.71974182128906,58.72912847399769,58.00651015367353,58.54143479937495,2835000
2023-12-11,59.10450744628906,59.207739137951116,58.35373638869068,58.522660324145164,2563200
2023-12-12,58.644657135009766,59.23588728271876,58.50388600653134,59.23588728271876,1612200
2023-12-13,60.549739837646484,60.75620321908825,58.419428099870345,58.86989073032248,3094600
2023-12-14,59.10450744628906,60.95328050438282,58.91681378689977,60.86882211661437,4457900
2023-12-15,57.75312042236328,58.73850767421896,57.17126971139728,58.50389149139814,6826900
2023-12-18,57.90327835083008,57.959583947145575,57.41527622966098,57.800046650972895,3116700
2023-12-19,58.34435272216797,58.35373937459507,57.64050414841196,58.01589148639875,2165000
2023-12-20,57.002349853515625,58.43819975939159,56.983580129130196,58.15666105352791,2762800
2023-12-21,56.636348724365234,57.34958397054787,56.33604027753857,57.058658596452446,2191100
2023-12-22,56.91788864135742,57.480966060579526,56.89911891672216,56.974194235304275,2063400
2023-12-26,56.98358154296875,57.23696745852057,56.77711814956528,56.77711814956528,1217200
2023-12-27,56.927268981933594,57.15250208678956,56.702035877077634,56.908499258199036,1592400
2023-12-28,57.218196868896484,57.33081163634229,56.73019477001946,56.73019477001946,1324300
2023-12-29,57.38711929321289,57.42465516139676,56.87096083114811,56.93665307541839,1981900
2024-01-02,57.75312042236328,58.00650632940483,56.99296270123864,57.11496411869395,2341500
2024-01-03,58.006507873535156,58.03466067063625,57.42465714708032,57.818814206290334,2830600
2024-01-04,57.98773956298828,58.38189305185176,57.58419942155623,57.96896983781016,2649200
2024-01-05,57.93143081665039,58.090971691866905,57.44342869828084,57.781276594072,2706000
2024-01-08,58.35374069213867,58.475742116732846,57.678044900489795,57.96897027299618,2010800
2024-01-09,58.01588821411133,58.212964944457084,57.678040344970746,58.081580457559916,1657300
2024-01-10,58.19419860839844,58.37250920524676,57.565428933084206,57.931429619306996,1976100
2024-01-11,56.598812103271484,57.997122619031394,56.195271961954695,57.96896982125177,2635400
2024-01-12,56.608192443847656,57.21819595266573,56.392345984716655,57.058655086376554,4836300
2024-01-16,55.716651916503906,56.51434911216428,55.52895824811564,56.382964618280184,2842100
2024-01-17,55.19111251831055,56.092037807400374,54.74064987376563,55.369419529705766,2479800
2024-01-18,54.74065399169922,54.99403633960015,54.252651861741946,54.84388211345631,2698300
2024-01-19,54.947105407714844,55.031567370744675,54.40279776371262,55.01279764785376,2802600
2024-01-22,54.459110260009766,55.18172857315317,54.412187736810125,54.62803420749571,2285200
2024-01-23,54.57173156738281,54.65619354570046,54.17757447524739,54.327728705594396,2034700
2024-01-24,53.473716735839844,54.88141374791693,53.35171532573808,54.83449123017275,2664000
2024-01-25,53.933570861816406,54.046185630542354,53.40802930783041,53.82095251313151,3079300
2024-01-26,54.12125778198242,54.308951438845895,53.82094936298436,54.15879722934687,1678000
2024-01-29,54.44972229003906,54.628029294144035,53.72710404188935,54.083721630058015,1992700
2024-01-30,54.66556930541992,54.91895520647357,54.05556581251757,54.32772143734839,1874800
2024-01-31,54.42157745361328,55.36004229028221,54.1400351386452,55.087886628458,2787200
2024-02-01,55.39756774902344,55.39756774902344,53.811563761984516,54.13064188966816,2304100
2024-02-02,54.618648529052734,55.097263970789406,54.064954189811324,54.89080416256911,3219500
2024-02-05,54.618648529052734,55.23803511363136,53.71772323874907,54.14002950735719,4118300
2024-02-06,55.350650787353516,55.62280642533164,54.36526351118192,54.48726493164779,3858200
2024-02-07,55.378807067871094,55.622809924151255,54.95650076577549,55.49142542305847,3738800
2024-02-08,54.618648529052734,55.172342868294145,53.98987529230658,55.05972452203704,2792900
2024-02-09,54.82510757446289,55.01280123565439,54.27141682288414,54.459106904116815,1436500
2024-02-12,55.679107666015625,55.71664353007623,54.62802471323316,54.81571835336991,1975400
2024-02-13,54.947105407714844,55.697876423558576,53.86787319117655,55.369415222864,2325600
2024-02-14,55.1535758972168,55.53834631623938,54.853267452124,54.99403502203428,2788300
2024-02-15,55.9324951171875,56.17649794583662,55.331878277372354,55.43510996795785,2639700
2024-02-16,56.11080551147461,56.401727278541664,55.38818725979796,55.65095623133174,2411600
2024-02-20,56.41111755371094,56.86158021097064,55.913732374229,56.185884435101606,2225300
2024-02-21,57.37773513793945,57.39650486282754,56.49557954795319,56.79588798624464,2725900
2024-02-22,56.65511703491211,56.927272676789315,56.3923480454908,56.82404097952838,3221200
2024-02-23,57.01173400878906,57.24635019812565,56.65511639860896,56.88973258794554,2624900
2024-02-26,55.970035552978516,56.84280803248333,55.641574331641785,56.84280803248333,3174800
2024-02-27,57.7906608581543,58.269276304104,55.99818975401849,56.29850176672209,4075600
2024-02-28,58.77604293823242,58.83234852692721,57.58419238475871,57.800038827992104,3925500
2024-02-29,58.560203552246094,59.23589575772314,58.30681763270756,59.00127956333106,4493900
2024-03-01,58.4100456237793,58.67281459923373,57.69681043331899,58.4100456237793,4148200
2024-03-04,59.461124420166016,59.611278630117596,58.175428773708184,58.21296464122701,3236800
2024-03-05,60.25881576538086,61.25358602711258,59.66758559924324,59.81773980365323,3883600
2024-03-06,60.89698028564453,60.97205918800818,60.27759724093994,60.66236408569678,3038800
2024-03-07,61.8157844543457,61.92944660661092,61.13378263379809,61.7873689162794,3531200
2024-03-08,60.86855697631836,62.12835817692058,60.74541335114549,62.043111568790344,3429800
2024-03-11,61.52214813232422,61.796843746210094,60.55598358239805,60.92540007737629,2571500
2024-03-12,60.63175582885742,61.3326989360684,60.25286512367288,61.11483443189707,2146300
2024-03-13,60.555973052978516,61.20955930432886,60.48966772506897,60.859084155813406,2515800
2024-03-14,60.612815856933594,60.79278696916529,60.05395400873322,60.79278696916529,2298900
2024-03-15,60.41389083862305,61.20008778087623,60.233919742461616,60.4328357350668,5536400
2024-03-18,60.65069580078125,60.66964431033731,59.968697604911654,60.13919805722142,2856400
2024-03-19,60.68859100341797,61.02959193843704,60.33811942614606,60.91592255118415,2319000
2024-03-20,60.518089294433594,61.1243115605337,60.186562621838135,60.44231331785594,3396000
2024-03-21,60.470726013183594,61.06747760915716,60.319170453786924,60.81172331179893,2588300
2024-03-22,61.5979118347168,61.91049716573595,60.878020316025506,60.9348586114078,3913500
2024-03-25,61.872615814208984,61.91050560738417,61.12430865916211,61.68317407507218,3792300
2024-03-26,62.052581787109375,62.68721947326355,61.692632416001324,61.92943816994585,3871700
2024-03-27,63.132423400878906,63.132423400878906,62.384116256927996,62.715642908871054,3376600
2024-03-28,63.25556564331055,63.482897193227174,62.92403896077804,63.16084476640693,3051400
2024-04-01,63.122947692871094,63.208201530973234,62.30833523728498,63.018752572267836,2973200
2024-04-02,62.9145622253418,63.94703925509418,62.84825689144866,62.97140053063548,3831800
2024-04-03,63.122947692871094,63.3408121886976,62.53566676099262,62.91455745166458,3777000
2024-04-04,62.620914459228516,63.691273870696584,62.3178033817582,63.60602726769156,2550400
2024-04-05,63.00927734375,63.1418952261634,61.98628188950805,62.32728278316827,1892500
2024-04-08,63.26503372192383,63.59656037208659,62.687227034466304,62.97139686417094,1852100
2024-04-09,63.65339279174805,63.852316012786105,63.122950140284196,63.53973063885672,2886600
2024-04-10,63.0566520690918,63.170321461809955,62.37465016626277,62.64934577861001,3182100
2024-04-11,62.94297409057617,63.45447544792611,62.51672657282071,63.45447544792611,1883600
2024-04-12,62.393592834472656,63.331341749660595,62.327287501615714,62.96192529135204,2017000
2024-04-15,61.758941650390625,63.028224329844605,61.53161013568938,62.9145549591247,1734900
2024-04-16,60.88750076293945,61.63580789206756,60.650694983851025,61.59791810020475,2226200
2024-04-17,61.5979118347168,61.84419184340505,61.001163933738695,61.33269054539319,2147300
2024-04-18,61.66422653198242,62.043117242935985,61.38953094720957,61.78737016841739,2150600
2024-04-19,62.27044677734375,62.44094723045574,61.81578372020443,61.82525074828804,2954800
2024-04-22,63.189247131347656,63.530247998491056,62.16624452991744,62.30832942901689,2685100
2024-04-23,62.98086929321289,63.67234541719835,62.79142754165665,63.01875908887205,2178800
2024-04-24,63.68181610107422,63.786003999868846,61.91050619373864,62.44094884973681,3465800
2024-04-25,64.49642181396484,64.70481206647187,63.08506132208435,63.47342628843641,2527200
2024-04-26,64.24066925048828,64.78058611915316,64.08911731499323,64.53430609389275,2973100
2024-04-29,65.01739501953125,65.23525951904384,64.4774781248789,64.51536791726105,2912300
2024-04-30,65.43418884277344,66.10671653443738,63.05665628017244,63.97546405913627,4890600
2024-05-01,66.12564086914062,66.74133731618012,64.68586496802637,65.2352560885686,4809900
2024-05-02,66.3245620727539,66.50453678459606,65.80359367402326,66.2203741743991,3572800
2024-05-03,66.73186492919922,66.81711876664619,66.03092185422302,66.76028769284073,2393500
2024-05-06,67.57489776611328,67.64121032596476,66.57084351420329,66.92131869021871,2064500
2024-05-07,68.18112182617188,68.40845334637963,67.73592581349175,68.19058885390726,3912900
2024-05-08,68.7304916381836,69.08096671447512,67.71696341943485,68.01060743401212,3921700
2024-05-09,69.71562194824219,69.76298599613455,68.56000855636367,68.73050901134147,2294400
2024-05-10,70.10398864746094,70.43551531072531,69.60196152498357,69.8482343452718,3060700
2024-05-13,69.61141967773438,70.558642724424,69.51669881841308,70.11344673620175,2838600
2024-05-14,69.84823608398438,70.04715208689456,69.30831915415975,69.92401567368523,1880000
2024-05-15,70.52075958251953,70.77651387620618,70.18923293027666,70.53023383736618,2344000
2024-05-16,70.30289459228516,71.15539676644453,70.16080969213556,70.58705716584613,2090000
2024-05-17,70.60601806640625,70.79545981536486,69.9145419519023,70.46393314131754,1906700
2024-05-20,70.38815307617188,70.66284866902629,70.17029578901317,70.60601759007001,2125400
2024-05-21,71.18379974365234,71.20274102118637,70.33129771988214,70.39760303135665,1640300
2024-05-22,70.4071044921875,71.08910637476203,70.23660402154387,70.70074138123053,2520100
2024-05-23,69.66826629638672,70.39762494969261,69.43146050642856,70.23659874693847,2147400
2024-05-24,71.07962799072266,71.10804352972295,69.592487893546,69.99979414827537,3021600
2024-05-28,70.60601806640625,71.4016820841198,70.4828816522571,71.10804520521211,2042400
2024-05-29,69.33673095703125,70.41656475848788,69.29884839096177,70.0376812838806,2268300
2024-05-30,70.00926971435547,70.28395808099444,69.34620914272982,69.58301494115196,2422500
2024-05-31,71.76161193847656,71.81844300230519,70.12291307295528,70.29341349117867,6511800
2024-06-03,70.60601806640625,71.7900470642463,70.53023847612701,71.52482572500844,2980400
2024-06-04,70.41657257080078,70.9375482462936,69.78193473101125,70.46393662375098,2758000
2024-06-05,70.90912628173828,71.25012719721772,69.93348758395955,70.1987089122793,2424400
2024-06-06,70.51128387451172,70.85228473962422,70.06608789912939,70.7480896293544,1596800
2024-06-07,69.59455871582031,70.24390453015639,69.26988945138255,69.89058883479301,1929600
2024-06-10,70.12931823730469,70.339401776335,69.36537942000548,69.55636048160002,1853400
2024-06-11,70.34895324707031,70.4444437880717,69.23169861788548,69.51817752635091,2687700
2024-06-12,69.74735260009766,71.16063001742256,69.52771781047318,71.16063001742256,2121200
2024-06-13,69.9096908569336,70.18661852537068,69.20305211170935,69.7187097751307,2397300
2024-06-14,69.36538696289062,69.74735641307609,68.64919697584085,69.57547052476569,2507100
2024-06-17,69.7760009765625,70.7404721731997,69.23169689241301,69.49907331473752,3219900
2024-06-18,69.98607635498047,70.0720156440595,68.99295884134806,69.3749282366621,2546300
2024-06-20,70.26300048828125,70.60677219841237,69.62320597210493,70.10066587112485,1895000
2024-06-21,69.71870422363281,70.74046822938686,69.68050655322155,70.51128220691928,4594000
2024-06-24,71.38026428222656,71.59989907023619,69.7473520872831,69.7473520872831,2183400
2024-06-25,70.25344848632812,71.23701470193876,70.1770531548054,71.23701470193876,1485600
2024-06-26,69.81420135498047,70.68317476121503,69.66141065889536,70.09112902753868,5257200
2024-06-27,69.8237533569336,70.14842266146594,69.53727444137797,69.9096926603234,4359500
2024-06-28,70.37759399414062,70.47309181288682,69.70915297568138,69.9956318609986,5941300
2024-07-01,70.31075286865234,71.67628868027624,70.24390876397682,70.98874515477875,4075400
2024-07-02,70.26300048828125,70.55902329432644,69.81418701752895,70.10066587112485,2209000
2024-07-03,70.6545181274414,70.9314457600226,70.09111890924748,70.44443459338254,1687100
2024-07-05,70.73091888427734,70.86460709156599,70.41579355904229,70.7786677949351,2004200
2024-07-08,71.22747039794922,71.49485408430786,70.66407116540823,70.73091526563276,1874500
2024-07-09,72.17284393310547,72.50706442315033,71.28476818215182,71.30386337352854,2918900
2024-07-10,72.85084533691406,72.96543835600359,71.9054766071744,72.57391767154363,2461900
2024-07-11,73.08003234863281,73.96810831192252,72.85085357001476,73.19462538067285,2567500
2024-07-12,72.8412857055664,73.71981022765819,72.75534641524585,73.4237874026069,3037400
2024-07-15,71.17974090576172,72.57392329480118,71.0174062469026,72.44978631193156,2434900
2024-07-16,71.17974090576172,71.75269147468096,71.09379431341986,71.51396146384279,2488600
2024-07-17,71.7622299194336,72.94632852213013,70.93144700708383,71.26566750557151,3060900
2024-07-18,70.59724426269531,72.3733962561447,70.39671191317197,71.38027846412746,2814800
2024-07-19,71.27523040771484,71.30387684292143,70.44444735941569,71.11289575123644,2242400
2024-07-22,72.40203094482422,72.53571915614552,71.32297401474197,71.32297401474197,1696700
2024-07-23,72.1823959350586,72.65031195875858,71.5807989858943,72.4020307304138,2136500
2024-07-24,72.52616882324219,73.14686826097073,71.91502062514488,72.56436649630592,2485000
2024-07-25,70.89325714111328,72.9749829849923,70.50174373849404,72.8126483372102,3312600
2024-07-26,72.58345794677734,72.76488775943598,70.85504810920973,71.17017340000749,2624600
2024-07-29,73.47154998779297,73.83441697913449,72.2969951365253,72.71716228420833,3690400
2024-07-30,74.48375701904297,74.7988823549419,72.92724010410333,73.51928581771342,2767100
2024-07-31,76.17395782470703,77.34851251667406,75.6964978709004,76.87105256286743,6495700
2024-08-01,76.15487670898438,76.85197157599907,75.57237487483104,76.39360673001568,2676000
2024-08-02,75.2763442993164,78.19839712724146,74.12089198967635,77.13843535917819,5215400
2024-08-05,73.81532287597656,75.29544458414031,73.41425091749967,75.29544458414031,2944600
2024-08-06,74.88481903076172,75.57236254482969,73.89170143104806,73.91080390947266,3670100
2024-08-07,75.4100341796875,76.36495418746279,74.53150952104501,75.1999506123031,2616500
2024-08-08,75.7824478149414,76.28855422276834,74.79888143211382,75.08535304583758,2769400
2024-08-09,76.25991821289062,76.3267623271083,74.56016163524504,75.78245817263233,2090400
2024-08-12,76.88060760498047,76.8997027984746,75.91613641065189,76.38404514859975,2974600
2024-08-13,76.51773834228516,77.27212602999856,76.22171546835186,77.25303083526093,3837400
2024-08-14,76.88060760498047,77.2243793715637,76.14531515988702,76.3458474761504,1821800
2024-08-15,76.77555847167969,77.05248610631094,75.9256803761212,76.64187027364535,2153800
2024-08-16,76.96653747558594,77.26256757943993,76.38403579164573,77.01428638166374,2132300
2024-08-19,77.23392486572266,77.28167377860181,76.57503503784993,77.08114145833957,2115600
2024-08-20,76.72782135009766,77.45356259766177,76.57503793693029,77.35807205374948,1998100
2024-08-21,77.45355987548828,77.66364343598866,76.5272863326246,76.69917221981024,1714600
2024-08-22,77.45355987548828,77.86417575679503,77.07159042780226,77.52040398242374,1282500
2024-08-23,77.38672637939453,77.892832870652,77.08115223643932,77.7686958794541,1315000
2024-08-26,77.38672637939453,77.86418643310343,77.18619403109226,77.64455160279395,1981000
2024-08-27,76.95699310302734,77.77822481970267,76.8233048966347,77.18617913009547,2201900
2024-08-28,76.8901596069336,77.74004515833094,76.71827370565103,77.0811479891708,2001200
2024-08-29,76.78511047363281,77.11933097204147,76.28854805988816,77.05248687235974,2149000
2024-08-30,77.10979461669922,77.22438764632622,76.34585565677628,76.7373763772388,4437700
2024-09-03,76.62277221679688,77.43445269039037,76.43179114729045,77.08113698325741,3984600
2024-09-04,77.33895874023438,77.63498885599525,76.72781060225007,76.83285237147804,2787000
2024-09-05,77.2530288696289,77.96921886418271,77.08114297951754,77.95011638446957,1871000
2024-09-06,76.3363037109375,77.6445393896239,76.28855479889242,77.45355831236579,2197200
2024-09-09,77.37541198730469,77.4042750556964,75.93219984326643,76.52873017206927,3383700
2024-09-10,77.59671020507812,77.99118438652742,77.04828986658545,77.57746326516931,1936400
2024-09-11,79.08802795410156,79.22272717615925,76.7692707682024,77.49087688946449,4477800
2024-09-12,80.156005859375,80.29070508186719,79.06878860910028,79.25159784272128,2950700
2024-09-13,80.97383117675781,80.99307077667824,79.54023507402583,79.87698312681096,2694800
2024-09-16,81.56072235107422,81.89747770981533,81.12776166205886,81.38753660735682,2081100
2024-09-17,81.52225494384766,81.8782426114543,81.01231376764825,81.53187107393188,2768300
2024-09-18,81.0508041381836,82.08029532873849,80.6659460404731,81.73392377485482,2359900
2024-09-19,80.28108978271484,81.38754664455479,79.24197519226067,80.79102360750518,3235400
2024-09-20,83.47539520263672,83.54274481127713,80.99306847179308,81.13739115903874,6091700
2024-09-23,84.5722427368164,85.13028659110819,83.57161465550068,83.86026005339157,4008800
2024-09-24,84.3990478515625,85.50551196990905,83.79289404956437,84.18737556137627,2848600
2024-09-25,84.89936065673828,85.20724563133757,83.97570573294043,84.98595720551515,2648000
2024-09-26,84.11040496826172,85.1687591098849,83.93721921122834,84.6010991699491,2910800
2024-09-27,84.90898132324219,85.1495166810984,84.20661484845716,84.39904753907608,1963800
2024-09-30,85.8326416015625,86.03469043397118,84.26435361254819,85.13028242326902,2827800
2024-10-01,87.29509735107422,87.59335885283541,85.51512978873271,85.87112476931236,2926200
2024-10-02,87.583740234375,87.74730252888105,86.43878949171827,86.58311218592362,1885000
2024-10-03,88.13216400146484,88.70944746000997,87.75692938638264,88.00708824328991,1935100
2024-10-04,88.5458755493164,88.6805747636728,87.34319874930819,87.34319874930819,1904900
2024-10-07,86.573486328125,88.41117258347086,86.47726631576187,88.37268604663687,3449700
2024-10-08,87.54525756835938,88.18027451474873,86.70819911791928,87.20850949401235,3368100
2024-10-09,86.63121032714844,87.78577704147615,86.11165310353412,87.26621981786184,2359400
2024-10-10,85.34194946289062,87.3143425052937,85.24573677948108,86.79478520621352,2488600
2024-10-11,84.34132385253906,84.98595686858866,81.97444940277931,83.7351700351746,3781500
2024-10-14,85.78453826904297,85.89999054920976,84.20661948137945,84.6492110238754,2304600
2024-10-15,84.8320083618164,86.62159201393338,84.64920648117673,86.47726933091299,3724200
2024-10-16,86.7947769165039,86.94872306770165,85.00519328189091,85.26497557689798,2174500
2024-10-17,86.30408477783203,87.03531433221445,86.26560557967841,86.57349054880416,1655800
2024-10-18,86.36182403564453,86.67932515527802,85.7268071152632,86.40031057693042,1581100
2024-10-21,86.75629425048828,87.21812538413575,86.29447045739767,86.70819158150964,1772600
2024-10-22,86.37142944335938,86.95833627913517,85.69793340585744,86.188627570641,2405700
2024-10-23,87.29509735107422,87.41054962759765,86.30408548738872,86.30408548738872,1838400
2024-10-24,87.06417846679688,87.81464762944205,86.77554043377161,87.55487266566364,1466300
2024-10-25,86.23674011230469,87.5837396821328,86.17901397120939,87.5452531412169,1951700
2024-10-28,86.99683380126953,87.41055494527991,86.55424958637239,86.70819575184471,1574700
2024-10-29,84.8223876953125,86.51575124112892,84.77427769002705,86.11165362273337,2969600
2024-10-30,85.01481628417969,85.61134660595724,84.73579439208486,85.53437353078147,2399200
2024-10-31,86.02507781982422,86.4003124297117,84.94747666238274,85.36119781438143,2940500
2024-11-01,84.00456237792969,86.1597643758581,83.92759664558359,86.0250651685571,2517400
2024-11-04,78.77052307128906,81.81088623300325,77.93345736806864,81.01230706860918,5443900
2024-11-05,80.60821533203125,80.79102456972095,78.97257768504713,79.07841383944039,2693100
2024-11-06,80.63706970214844,81.34905963497864,79.26120718405284,80.89685199510326,2757400
2024-11-07,81.04117584228516,81.72429537641104,80.48313205140263,80.73329087844593,2625700
2024-11-08,82.57098388671875,83.18675386432407,81.48376662575622,81.54149276723261,2639200
2024-11-11,84.6107177734375,84.68768350725914,82.54211227800546,82.81151069777216,2452000
2024-11-12,83.446533203125,84.83201193299821,83.01356513583714,84.44715387559464,2528900
2024-11-13,83.71593475341797,84.65882932152564,83.37918669337951,84.02381974267558,2372200
2024-11-14,83.70630645751953,84.48563868590449,83.15788612262702,84.29321333142025,1669500
2024-11-15,85.6209716796875,85.67870516237893,83.30221443709128,83.64858597101095,2473600
2024-11-18,86.04430389404297,86.79477299584077,85.16875171490807,85.31307438999754,2444700
2024-11-19,86.6793212890625,86.69856822912554,85.18800641867776,85.64021408292031,2318800
2024-11-20,87.06417846679688,87.39131037956031,86.04431087043874,86.77554043377161,1641000
2024-11-21,88.85377502441406,88.91150851181962,86.93911530153392,87.31434993715973,2162800
2024-11-22,88.9018783569336,89.47916180368462,88.4208075945482,89.26748949374588,1784900
2024-11-25,89.4983901977539,89.58498674122984,87.93010235135199,89.27710178547743,5326600
2024-11-26,90.93199157714844,91.08593039389116,89.45991631561655,89.53688205370952,2657700
2024-11-27,90.63372039794922,91.61510877406279,90.4509185165607,91.11479111628347,2502000
2024-11-29,90.72993469238281,91.32645764754267,90.36431627154946,90.95122309814981,1190100
2024-12-02,88.77679443359375,91.39382053107579,88.69982869115273,91.29760784760661,2078900
2024-12-03,87.70882415771484,89.8255325575532,87.6992006871949,89.67158639146311,2458400
2024-12-04,88.3245849609375,88.3823110969429,87.36244354454627,87.81464384418271,1725800
2024-12-05,88.05518341064453,88.75754990805463,87.97821767247427,88.25723957744229,2066500
2024-12-06,86.59272766113281,88.15139940163354,86.26560310232453,87.84351444134954,1646800
2024-12-09,84.5722427368164,86.58311502963548,84.5433796651388,86.41955272975741,2639300
2024-12-10,83.68097686767578,84.39786022637449,82.6734717122949,84.39786022637449,3115500
2024-12-11,82.88660430908203,83.95223980746123,82.63473354674491,83.95223980746123,3585600
2024-12-12,83.26441192626953,84.24285563660669,82.87691619913268,83.64222543393302,2129700
2024-12-13,84.0975341796875,84.33972268488509,83.31284578796944,83.46784997897907,2143200
2024-12-16,83.36129760742188,84.26223926303251,83.23535483761125,84.15567571519628,1984900
2024-12-17,82.78003692626953,83.59379423362434,82.31503908578743,82.78003692626953,1810800
2024-12-18,80.38721466064453,82.83816123493763,80.33877400153715,82.6637852095607,2963200
2024-12-19,80.59065246582031,81.56908874306568,80.39689721957848,80.39689721957848,2844400
2024-12-20,82.40221405029297,82.51846719271357,79.56376449416403,79.79627077900524,5833000
2024-12-23,82.56690979003906,82.60565344741646,81.18159122208465,82.3925337678138,1953600
2024-12-24,83.10941314697266,83.15784641621505,82.28597365978132,82.43128085851556,600800
2024-12-26,82.73159790039062,83.05128851286602,82.15034694471245,82.81878221778923,943300
2024-12-27,82.27628326416016,82.47972073145326,81.57877915286556,82.07284579686706,1356000
2024-12-30,81.8306655883789,82.09222596116764,80.98784680315701,81.63691032056528,1247000
2024-12-31,81.85002899169922,82.29565497527364,81.37534156869711,81.8984696514167,1784600
2025-01-02,82.44097137451172,82.67347028604796,81.76284646961142,82.48941203529337,1860900
2025-01-03,83.55503845214844,84.04910509682571,82.16971983782327,82.7025375321818,1685000
2025-01-06,83.022216796875,83.27409491228279,81.74346178242978,82.88659182496465,2532900
2025-01-07,82.74129486083984,83.84567399203902,82.44097605077161,83.63254689812206,1439800
2025-01-08,82.61534881591797,83.05129259737171,81.45284684738918,82.63472803696423,2174600
2025-01-10,81.5981674194336,82.89629446636344,81.42379137227802,82.26660277435678,2524900
2025-01-13,81.4819107055664,81.85972422609858,80.64878156003202,81.51097214699081,1984500
2025-01-14,82.40221405029297,82.95440354252933,81.60783605460193,81.78221207272955,1497200
2025-01-15,83.57440948486328,84.46566883702279,83.32253875084642,83.82628760988707,1834800
2025-01-16,85.71537017822266,85.72505239816715,83.35160769443073,83.51629412557817,1820800
2025-01-17,85.385986328125,86.01567797534862,84.74661246136473,85.54099053279856,2714200
2025-01-21,87.56568145751953,87.79818036924908,85.92848468303258,86.12223993531316,2396000
2025-01-22,85.45380401611328,88.13725719239089,85.3181790242806,87.75943626827672,2388700
2025-01-23,85.41505432128906,86.17068139952175,84.94036684232378,85.81224708297991,1593200
2025-01-24,85.2988052368164,85.57973743416439,84.41723541911374,84.93067393227791,2211300
2025-01-27,79.5250244140625,82.91566393003413,77.69407966671842,82.58629106759481,5554800
2025-01-28,79.18595123291016,80.59064899132704,78.13970251233864,80.19345629691057,3509500
2025-01-29,79.14720153808594,80.1740858389296,78.6240808643625,78.8953308110359,2915600
2025-01-30,81.21065521240234,81.74346551466095,79.26345746820363,80.11595838642158,2923200
2025-01-31,80.92972564697266,81.97598194249106,80.54222249407607,81.33660063156051,1854400
2025-02-03,80.86190795898438,81.14284754202558,79.42814860260295,79.93190488633456,2065500
2025-02-04,80.79409790039062,81.36565930341548,79.8059645246082,80.40659476069179,1574300
2025-02-05,81.47221374511719,82.15034601154437,80.90065240597812,81.32689916009659,1572300
2025-02-06,81.30753326416016,82.18909566653338,80.69722083174793,82.08253951348358,1607800
2025-02-07,81.0265884399414,82.07284459151764,80.9394041228135,81.29783839234854,1545100
2025-02-10,81.2687759399414,81.51096445028597,80.3290833372434,81.02658742959684,1536500
2025-02-11,81.15253448486328,81.2397262044715,80.0772241437529,80.92972516221268,2341500
2025-02-12,81.18159484863281,81.62722083844736,79.76720738795164,79.76720738795164,1704700
2025-02-13,81.25909423828125,81.80160158013517,80.51315680586742,81.62722554007632,2132600
2025-02-14,81.084716796875,81.85972304841083,81.06534496653993,81.57878346700427,1665300
2025-02-18,82.28597259521484,82.57659437993051,81.08471223383447,81.55940704691523,2637600
2025-02-19,83.11910247802734,83.56472846499865,82.063156694394,82.12127957369246,2514300
2025-02-20,82.02440643310547,83.48722716790564,81.70471581187635,82.97378868648093,2213100
2025-02-21,81.33659362792969,82.198784188605,80.7359634231079,81.76284779851335,4699100
2025-02-24,81.72409057617188,82.03409157018507,80.61002196327844,81.05564793023449,2279800
2025-02-25,80.62940216064453,83.34190904340299,78.00407220296837,82.64440495066297,3853400
2025-02-26,80.33878326416016,82.23754054217711,80.00940300446936,80.17409682981862,3602300
2025-02-27,78.17845153808594,80.8231534365969,78.08157760799183,80.32908678480773,4382800
2025-02-28,78.61439514160156,79.65096171250272,77.3647014903457,79.23439716208411,6051800
2025-03-03,79.20533752441406,80.13534057629866,78.17845314943143,78.75971152399065,3706000
2025-03-04,78.86627197265625,79.99971245476861,77.92657934712469,79.13752192827216,3373600
2025-03-05,79.10846710205078,80.03847019519591,78.30439938711021,78.44002437625589,4955900
2025-03-06,75.7565689086914,78.25595630161173,75.0590721536738,77.97501672107349,3705100
2025-03-07,76.6187515258789,76.73500466848256,75.12687684633484,75.49500071140322,4392000
2025-03-10,76.7457046508789,76.82382905835762,75.09536938242393,76.28674052023693,6025300
2025-03-11,76.70664978027344,77.96637045976334,76.18908116928301,76.82382894095889,3927700
2025-03-12,77.70271301269531,78.64018358752656,76.58946623943609,77.24374141400261,3191300
2025-03-13,77.86872100830078,78.61088799973899,77.09725922581369,77.69294481165367,2395100
2025-03-14,79.61671447753906,79.72413367682573,77.95661177096015,78.32769153645268,2287000
2025-03-17,80.30030059814453,80.89597879021501,79.00151010234227,79.45071432525454,2031000
2025-03-18,80.24169158935547,80.43700260301995,79.50929205140876,79.61671124633588,3348600
2025-03-19,81.17916870117188,81.54048851804995,80.01709973943079,80.10498411495698,3738400
2025-03-20,81.34518432617188,81.7260315179581,80.76902610631967,81.01315930363668,3100300
2025-03-21,81.0326919555664,81.2572903188685,80.37840934205794,80.95456754643797,5339700
2025-03-24,81.37448120117188,82.5756123905252,81.29635678794533,81.5111951991413,2446300
2025-03-25,79.5093002319336,81.81391827781754,78.83549765393695,81.32565186894982,2615200
2025-03-26,79.61671447753906,79.94873948906705,79.15774288974214,79.52883010558834,2168500
2025-03-27,78.81595611572266,79.85107843028815,78.63041251203506,79.85107843028815,2519300
2025-03-28,79.7143783569336,80.46631286601918,78.86479949776898,79.35306595029294,1907300
2025-03-31,80.36865234375,80.76902691718536,79.19680851465145,79.48977133451459,3169900
2025-04-01,81.30612182617188,81.42330099223327,80.15381284099358,80.3002942489242,2208200
2025-04-02,81.82367706298828,81.9994532496575,80.33934316436962,80.65183333507565,2352100
2025-04-03,79.6362533569336,81.56978414176841,79.44094232540469,80.80808974469082,2666600
2025-04-04,75.9059066772461,80.4272513865732,75.10514998584496,79.40188884681406,4819800
2025-04-07,75.3199691772461,77.14608812252692,72.91769947911871,74.81217541965852,4481400
2025-04-08,75.8765869140625,78.05425808750842,74.79263503383133,77.34138594676914,4259900
2025-04-09,79.90968322753906,80.2026386061819,73.40597100677947,75.69106170203567,5342700
2025-04-10,79.3237533569336,80.00732325694923,77.42927756210005,79.25539636693203,4349100
2025-04-11,80.21240234375,80.5346599508041,78.1128553664559,79.16751256207627,2495300
2025-04-14,81.70649719238281,82.06781700876114,80.56395560999869,81.05222200763505,2202400
2025-04-15,81.56978607177734,82.51702410863133,81.43307207164938,82.18500652270745,1651100
2025-04-16,81.0815200805664,82.04828550090943,80.62254845615837,81.6576783272768,1989600
2025-04-17,81.40377044677734,82.77091778366966,81.3061186620751,81.56977922580653,2125200
2025-04-21,78.36676025390625,81.27683138946576,77.40975479445655,81.05222555855724,1985000
2025-04-22,80.07568359375,80.68113656646413,78.98196425765934,79.44093583128983,1839900
2025-04-23,79.91943359375,81.96039083652039,79.27492587785373,81.28658088096005,2946600
2025-04-24,79.80226135253906,80.59325053389313,79.1772809585685,79.938975348073,2634500
2025-04-25,79.12844848632812,80.06591904349202,78.58159252390428,79.68507186246774,2886100
2025-04-28,79.00150299072266,79.4311723454992,78.38628257422167,78.92337858063463,3615000
2025-04-29,79.69483947753906,79.7729638867552,78.51323572697144,78.51323572697144,3076500
2025-04-30,78.05426025390625,78.81595457999804,75.9254186359391,78.76713241443132,4465600
2025-05-01,76.81407928466797,78.69878057521345,76.64806303416505,77.77107732699177,4684500
2025-05-02,77.61483001708984,77.96637496983534,76.44298618997357,77.57576781115057,2203300
2025-05-05,76.51133728027344,77.29256643803159,76.29649888937227,77.18514724258101,3537900
2025-05-06,77.82965850830078,78.5913603244522,76.12072616696109,76.17932319919042,2910400
2025-05-07,77.91754913330078,78.60111907918365,76.93124896822381,77.51716712903108,2510400
2025-05-08,77.61483001708984,78.42534657667933,77.00937700056207,77.65388477267513,3549400
2025-05-09,77.08750915527344,78.12263164039516,76.80431372153444,77.84920362171053,1793000
2025-05-12,77.15585327148438,77.67341442758949,76.60898987511091,77.15585327148438,3377800
2025-05-13,75.76918029785156,77.59529941050396,75.564109293279,77.02890856910105,2767500
2025-05-14,75.4762191772461,75.82777157275626,74.21649100172695,75.82777157275626,3171100
2025-05-15,76.59922790527344,76.8335936688058,75.7594091813997,75.82776617286137,3689500
2025-05-16,77.42928314208984,77.47810530969329,76.28674160528867,76.81407018774006,3990100
2025-05-19,77.89801788330078,77.92732012548734,76.54063789246155,76.8726629173902,3011700
2025-05-20,77.50740814208984,77.97613969649856,76.98007955561475,77.33163194659815,2810500
2025-05-21,76.06214141845703,77.48787845407364,75.91566000410614,77.1363260397732,3480200
2025-05-22,75.55433654785156,76.2183790719054,74.93911618785347,75.73987269182842,3150500
2025-05-23,77.10702514648438,77.25350654924607,75.40786024536813,75.95471620196793,2572100
2025-05-27,77.73200988769531,77.93708088296603,77.15585910817579,77.84919650657318,2953100
2025-05-28,76.2574462890625,77.9761461823433,75.98401828452212,77.52694196769063,2192900
2025-05-29,77.68318176269531,77.71247655258064,75.9547146559264,76.25743741854606,2544000
2025-05-30,79.12844848632812,79.47023346284303,77.43905098083145,77.76130112991481,12247500
2025-06-02,79.97803497314453,80.75925671522116,78.44487882954176,78.85502080290853,3701800
2025-06-03,80.37841033935547,81.43306752461383,80.28075855191018,81.29635353211965,4132600
2025-06-04,78.50346374511719,80.36864479226062,78.4351067536192,79.8510761990863,3314900
2025-06-05,77.95661163330078,78.60111937752903,77.8491924342038,78.50346759208277,2112700
2025-06-06,78.31792449951172,78.57182510362459,77.52693534673564,78.57182510362459,2017400
2025-06-09,78.43604278564453,79.13486970070721,77.42225152140793,78.32777308661514,2671500
2025-06-10,78.18013000488281,78.61320879047317,77.44193162544958,78.41635138368562,2346400
2025-06-11,79.53841400146484,79.65652844803482,78.52462274043533,78.88880331868596,3647500
2025-06-12,80.27661895751953,80.43410489915084,79.24314562560039,79.37109732116856,3360100
2025-06-13,79.72542572021484,80.06007205085243,79.23329346268265,80.0010185829381,2451100
2025-06-16,79.8829116821289,80.69000828446183,79.5187311080322,79.98133663181002,2525900
2025-06-17,79.76480102539062,80.27661529364683,78.74116497953554,79.52857963306796,2946300
2025-06-18,80.80812072753906,81.15261182957175,79.63685098062794,79.90259911381234,3579700
2025-06-20,80.80812072753906,81.27072628284417,80.43410288952398,80.92623518081149,5286100
2025-06-23,82.02860260009766,82.1368722995072,81.05418281475414,81.05418281475414,2569000
2025-06-24,81.82190704345703,82.44199849854594,81.47741596248673,81.73332684092568,1982900
2025-06-25,81.44789123535156,82.13687341427008,80.78843579133775,81.6053771673001,2787900
2025-06-26,81.7234878540039,81.78254132652098,80.81796623180854,81.31994327623238,2388100
2025-06-27,82.20577239990234,82.83570862423711,81.65458665161987,81.72348487015518,2756000
2025-06-30,82.85539245605469,83.03256038042487,81.910499362528,82.18609224280543,2842800
2025-07-01,81.56600952148438,83.26878306206325,81.34947010953957,82.61917233557173,2667900
2025-07-02,79.94197082519531,81.4478944393156,79.85338310765378,81.36915147024376,2221900
2025-07-03,79.89274597167969,80.53251938500614,79.33171551892863,79.82384775851173,2018400
2025-07-07,80.99513244628906,81.3199415569516,80.37504846994099,81.20182710507176,2275600
2025-07-08,80.31597900390625,80.75890251965356,79.51872718863982,80.41440394873611,2070100
2025-07-09,80.28645324707031,80.65063380764263,79.39077647608933,80.40456768790669,1848400
2025-07-10,80.86717987060547,81.05418503069068,79.40062026917914,79.40062026917914,1791800
2025-07-11,81.25103759765625,81.42820550828924,79.9124372749497,79.95180875612837,1870700
2025-07-14,81.69396209716797,81.98924448197926,80.57190104983383,80.72937948154832,2358700
2025-07-15,80.56204986572266,81.67427358490127,80.24708551811065,81.41836270579702,3581800
2025-07-16,80.87701416015625,81.11324305271671,79.961647852176,79.961647852176,2520300
2025-07-17,81.44789123535156,82.09750944062549,80.53252490659264,80.64079460747162,2510000
2025-07-18,82.98334503173828,83.44595058970712,81.83175726573681,81.89081073804164,3009300
2025-07-21,83.08177185058594,84.07587361041035,82.94396790900372,83.1309805710474,2445900
2025-07-22,84.44005584716797,84.44005584716797,83.13098220580416,83.25893389273094,2769100
2025-07-23,85.30620574951172,86.64480612261848,84.79439149360266,85.48337366681534,3649600
2025-07-24,85.56211853027344,85.74913119972669,84.47942901577375,85.46369357610848,2004400
2025-07-25,86.20188903808594,86.35936745747698,85.37510293092019,85.60148707613891,1918000
2025-07-28,85.57196807861328,86.18220733427262,85.10936250781147,86.18220733427262,1866000
2025-07-29,87.21568298339844,87.27473645381991,85.64086119430385,85.99519703551796,2072000
2025-07-30,87.48143005371094,88.28852668021393,86.98929778122515,87.18615519582498,2682700
2025-07-31,88.37711334228516,88.67238819665685,86.75307536054228,86.8908717944509,2448400
2025-08-01,87.57001495361328,88.48538125139588,87.2353611142187,88.37711155418077,2460300
2025-08-04,88.72160339355469,89.23342515011808,87.85545331774125,87.9932497500447,2475800
2025-08-05,86.78260040283203,89.82398165614958,85.86723410437827,88.0719920226094,3576800
2025-08-06,84.518798828125,87.22552631552566,84.49910933207573,86.81212950125871,4032400
2025-08-07,86.09362030029297,86.35936842131862,84.233360925086,84.233360925086,2691700
2025-08-08,86.3003158569336,86.80229287895925,85.71959586883675,86.58575347693474,2400800
2025-08-11,85.17825317382812,86.58575174956547,84.88297081162325,86.30031413525876,3115000
2025-08-12,86.44795227050781,86.80228808893224,85.14872343939898,85.3455733343716,2214900
2025-08-13,86.29047393798828,87.25505653062912,85.41447906241763,86.7727689889801,2343300
2025-08-14,85.43416595458984,86.19204635407539,85.2766800220854,86.19204635407539,1452800
2025-08-15,83.97745513916016,85.40463580147225,83.78060522344227,85.40463580147225,2922500
2025-08-18,82.79633331298828,84.19398711542597,82.64869213456913,83.9577657355607,2494200
2025-08-19,83.2589340209961,83.30815025184356,82.75696451119599,82.8750714502819,1780000
2025-08-20,83.8199691772461,84.22351372101227,83.23924921217288,83.31799217512217,2540900
2025-08-21,81.9793930053711,84.30225787993322,81.8908052934608,83.7707541364986,2507900
2025-08-22,82.38294219970703,82.66837982853424,81.70380474703532,82.36326021225193,3117000
2025-08-25,81.30025482177734,82.48137685266613,80.95576371210507,82.11719624567372,2457500
2025-08-26,82.15656280517578,82.16640755324559,81.08371054584285,81.3100946953932,6505500
2025-08-27,81.5364761352539,82.42231578011821,81.40852444018466,82.17624962928608,2546900
2025-08-28,81.2904052734375,81.82190902955409,80.85733397942373,81.40851972235536,2046100
2025-08-29,81.03450012207031,81.7923805019906,80.71953577453505,81.30024823963285,2254600
2025-09-02,80.52267456054688,80.71953196179696,80.00101558858267,80.64078900129692,2395300
2025-09-03,80.0699234008789,80.59158243538226,79.74511428188299,80.03055191590883,1589100
2025-09-04,80.4439468383789,81.16245577128493,79.60731594403174,80.57189852947845,2478700
2025-09-05,79.84354400634766,80.56205293167763,79.24314202252799,80.3356762875544,1798500
2025-09-08,78.92817687988281,79.90259668438902,78.49509807372779,79.89275193624661,3007500
2025-09-09,79.3547592163086,79.55317546239415,78.63056073231245,78.95793429294335,3116500
2025-09-10,81.0710220336914,81.28927611524597,79.36468019841654,79.5730115756807,4372900
2025-09-11,81.37855529785156,81.79521803983783,80.634511443388,81.17022392685843,2229300
2025-09-12,82.03331756591797,82.26148677620897,81.19006180870505,81.20990721669892,1703000
2025-09-15,82.31109619140625,82.995618988698,82.09284210712158,82.10276481153612,2281600
2025-09-16,80.57499694824219,82.27141616693287,80.48570774262367,81.92419718687444,1707300
2025-09-17,79.79126739501953,81.32896113487577,79.5829360132181,80.95197405168719,3405500
2025-09-18,80.54523468017578,81.25951803462449,79.51349289806164,79.96983891478033,2426300
2025-09-19,80.95197296142578,81.25951624653857,80.17816853406894,80.72380374249019,4629400
2025-09-22,81.08094787597656,81.39840630630428,80.04920608520999,81.00158137619313,2331400
2025-09-23,81.55712890625,81.64641810760867,80.8031623220893,81.26943103112545,1894200
2025-09-24,81.74562072753906,82.14244563554182,81.438077450214,81.6662542321774,2460300
2025-09-25,80.2376937866211,81.62657728747367,80.13848944416152,81.37856264692164,2627600
2025-09-26,81.64641571044922,81.67617625375975,80.31705341506984,80.54523019512645,2326300
2025-09-29,82.38053894042969,82.56903247788722,80.86269064289785,81.6563329034658,2906800
2025-09-30,82.79720306396484,82.82696360851746,81.94403213236272,82.36069489371096,2568800
2025-10-01,81.8944320678711,83.26347007085006,81.80514286723894,82.78727866135851,2213500
2025-10-02,80.93213653564453,82.0630826521284,80.485705656734,81.7357015213552,3159100
2025-10-03,81.34880065917969,81.69601963603694,80.87260922748544,81.21983577314873,3053000
2025-10-06,81.1900634765625,81.92419221130658,79.48372922550668,81.8448257153117,3741500
2025-10-07,79.88054656982422,81.59681109392844,79.52341247544986,80.94204885516322,3351500
2025-10-08,81.150390625,82.0134767003995,79.61269687894352,80.13848668782045,3850700
2025-10-09,80.7535629272461,81.87458630072223,80.44601964731108,81.62657167721643,2471600
2025-10-10,80.009521484375,81.67618010765582,79.55317547153459,81.04126325772083,2713200
2025-10-13,81.09085845947266,81.72577528448438,79.8706307612305,80.10872267840851,2235500
2025-10-14,81.78530883789062,82.6583176323583,80.84284867924796,80.86269408867112,2588800
2025-10-15,84.05712127685547,84.53330512535784,82.22180696970207,82.52935025603257,3361000
2025-10-16,83.67021179199219,85.2475887717098,83.2833095753985,84.5333054275966,2713700
2025-10-17,84.07695770263672,84.1265636550573,82.8468072844242,83.47180141337287,2546800
2025-10-20,84.15632629394531,85.40631458295942,83.84878300513205,84.31505172179222,2151800
2025-10-21,82.45990753173828,84.39441863286832,81.97379340371614,84.2952142938781,1959000
2025-10-22,83.12458038330078,83.4221933839976,82.44998031872699,83.35274959362111,2024700
2025-10-23,82.07300567626953,83.58093131451798,81.72577913505171,83.55117076956924,1838700
2025-10-24,82.44998168945312,82.83688389495505,82.01347353194095,82.83688389495505,3082000
2025-10-27,82.78727722167969,82.95593291576176,82.03331822557087,82.55910800955391,1847100
2025-10-28,80.62459564208984,82.80712900999099,80.60475780121347,82.4995932791674,2156700
2025-10-29,79.65238189697266,81.09086376711666,79.50357160069422,80.72380694761007,2535400
2025-10-30,80.10872650146484,80.76348876595877,79.36468260207043,79.52341560030142,2527000
2025-10-31,79.92023468017578,80.72380725562303,78.93809883108037,79.44405081283514,3539500
2025-11-03,80.71388244628906,81.21983441485168,78.92817406830686,80.1781699328944,3974500
2025-11-04,81.17022705078125,81.50753088023174,79.37460356825382,80.07896420266405,2344600
2025-11-05,79.22579193115234,81.60673383035744,78.66031889236163,81.60673383035744,3629000
2025-11-06,81.74562072753906,82.13252293142021,79.66229942153157,79.66229942153157,4687100
2025-11-07,82.64839172363281,82.64839172363281,81.04126178773866,81.56705158497839,3764100
2025-11-10,82.57894897460938,83.15434473194986,82.12260296427907,82.36069488949362,2173400
2025-11-11,83.08489990234375,83.1245831508523,82.17220789306423,82.50950415217832,1319900
2025-11-12,82.86664581298828,83.18410423222431,82.25157438317171,83.03529394253117,2209200
2025-11-13,81.73570251464844,82.97577568979337,81.52737112948081,82.64839455504166,2268200
2025-11-14,82.18212127685547,82.77736242299034,81.28927469526433,81.72577528194282,2378400
2025-11-17,81.8150634765625,82.3110927130458,81.06109691784236,82.3110927130458,2567500
2025-11-18,81.70594024658203,82.44006143152228,81.49760886580732,81.63649645299046,1857400
2025-11-19,80.46586608886719,82.14244738731065,80.37657688747973,81.74562247084522,2118000
2025-11-20,80.11864471435547,82.35077628739846,80.04920092372413,81.66625351631419,2962300
2025-11-21,80.62459564208984,80.91229353203705,79.69206574477782,80.51547616406062,2581500
2025-11-24,81.48768615722656,81.72577808255619,80.20792975927029,80.76348767678056,3715100
2025-11-25,81.50753021240234,81.90434755842581,80.86269067190563,81.78530538214106,1304600
2025-11-26,82.58887481689453,83.00553759405187,81.58689355570613,81.61665410138792,1529200
2025-11-28,82.85672760009766,83.13451035469204,82.32102263825242,82.58887511917503,1335000
2025-12-01,80.92221069335938,82.52934817127027,80.79324581448229,82.24165030103158,2889900
2025-12-02,80.0392837524414,81.15039204815422,79.45396527482642,81.11070879807811,2878600
2025-12-03,79.900390625,80.60475123522966,79.3944386825964,80.08888415759861,3278200
2025-12-04,80.1285629272461,80.84284626906367,79.83094991402598,79.97976020503894,2066500
2025-12-05,78.93809509277344,80.06904118515637,78.9083345485748,79.73174492583074,4567700
2025-12-08,78.1246109008789,79.18611324782749,78.08492765057728,78.93809861004692,3340100
2025-12-09,78.70000457763672,79.88054907519181,78.35278560776757,78.67024403290593,4204900
2025-12-10,78.69000244140625,79.08000183105469,77.9000015258789,79.02999877929688,2554600
2025-12-11,78.95999908447266,79.69999694824219,78.58000183105469,78.5999984741211,3297200
2025-12-12,78.88999938964844,79.55000305175781,78.52999877929688,79.16999816894531,3859100
2025-12-15,80.5999984741211,80.77999877929688,78.87999725341797,79.7300033569336,3003600
2025-12-16,79.93000030517578,81.08999633789062,79.72000122070312,80.7300033569336,3217000
2025-12-17,79.91000366210938,80.23999786376953,79.37000274658203,79.93000030517578,3462900
2025-12-18,80.66000366210938,81.26000213623047,80.20999908447266,80.58999633789062,3904100
2025-12-19,80.01000213623047,81.33000183105469,79.98999786376953,80.54000091552734,6336000
2025-12-22,80.72000122070312,81.08999633789062,79.51000213623047,80.06999969482422,2982900
2025-12-23,80.43000030517578,81.0199966430664,79.51000213623047,80.6500015258789,2571600
2025-12-24,80.72000122070312,80.86000061035156,79.62000274658203,80.44000244140625,749900
2025-12-26,80.38999938964844,80.80999755859375,80.1500015258789,80.70999908447266,910300
2025-12-29,80.69000244140625,81.04000091552734,80.30999755859375,80.4800033569336,2069400
2025-12-30,80.91000366210938,81.08999633789062,80.5,80.63999938964844,1269100
2025-12-31,80.30000305175781,81.04000091552734,80.2699966430664,80.94000244140625,1606200
