Date,Close,High,Low,Open,Volume
2019-01-02,29.294349670410156,29.46368016392478,28.8811786910595,29.20629661552244,26430315
2019-01-03,28.47479248046875,29.35531786573158,28.413833701075305,29.287586191218786,28503533
2019-01-04,29.12502670288086,29.362091655880928,28.62380521557752,28.74572550140015,27145348
2019-01-07,29.28080940246582,29.544968641478164,29.03020139978916,29.172437638249104,20995469
2019-01-08,29.41628074645996,29.59915983345733,29.226628763398942,29.50433384192682,19677231
2019-01-09,29.355310440063477,29.578826815738893,29.260484485740992,29.436590607573784,20107580
2019-01-10,28.65766716003418,29.280806095564134,28.468015232414146,29.274033201480403,39731162
2019-01-11,29.043745040893555,29.043745040893555,28.549296520328706,28.67121406522352,21064506
2019-01-14,28.69831085205078,28.874414290301136,28.562844783406423,28.82022840750724,17605173
2019-01-15,28.94215202331543,29.287588768029927,28.73895425857979,28.854098932378108,25865371
2019-01-16,28.522205352783203,28.982786728885905,28.468019468731082,28.847323380415247,30169380
2019-01-17,28.766054153442383,28.894747379176874,28.332566915853214,28.413844411241016,24177284
2019-01-18,28.806690216064453,29.043755217893608,28.623811111321967,29.03020942445193,38618455
2019-01-22,28.630586624145508,28.915064652334504,28.400297221314588,28.72541263354184,29444122
2019-01-23,28.556068420410156,28.583162720176187,28.142900093040225,28.440923773872054,24462813
2019-01-24,27.736509323120117,28.305462480675814,27.51299016325653,28.298689585425304,34394023
2019-01-25,27.526535034179688,27.939703376336368,27.43848196093741,27.838104514385744,35862455
2019-01-28,26.774703979492188,27.452028845084495,26.74083678305088,27.43171016121118,39329694
2019-01-29,27.614587783813477,27.668773666674635,26.734065144830204,26.754383829658423,51376808
2019-01-30,28.16321563720703,28.278362994233404,27.587489745349558,27.61458131877793,36067880
2019-01-31,29.003599166870117,29.119749413256958,28.25203309327337,28.272529226011294,40927452
2019-02-01,29.297405242919922,29.46138261156487,29.071933957317363,29.290570448843955,27239681
2019-02-04,28.996782302856445,29.270077951282815,28.668824777640737,29.270077951282815,19426485
2019-02-05,28.771299362182617,29.194910879934444,28.737139136874134,28.989938539671705,21127641
2019-02-06,28.921619415283203,28.94895034907826,28.552669665223373,28.6414917661778,16450410
2019-02-07,28.491172790527344,28.798631311835713,28.156383340899026,28.771300383515765,24248008
2019-02-08,28.85329818725586,28.86013023439893,28.34769922763052,28.375030163306608,27500125
2019-02-11,28.47751235961914,28.90795324592643,28.36135933321113,28.887457107379763,27102134
2019-02-12,28.607330322265625,28.702984475030686,28.27937558173149,28.498012075420913,30540177
2019-02-13,28.491172790527344,28.737140156994652,28.27936839768421,28.641486028529417,24757195
2019-02-14,28.675655364990234,28.77814157131843,28.436522714960397,28.49118184186184,19864949
2019-02-15,28.96944236755371,29.044600364469527,28.750805916713546,28.955778276152003,19168993
2019-02-19,29.106094360351562,29.283738554304637,28.82596397668816,28.860126955626097,24432985
2019-02-20,28.832805633544922,29.078770349716557,28.648329349312057,29.058274205736968,27354884
2019-02-21,28.79179573059082,28.914778025169404,28.60048749715505,28.709805702803287,19611883
2019-02-22,29.352062225341797,29.46821250960723,28.84646331522888,28.901122434124584,24779329
2019-02-25,29.434051513671875,29.632191863185156,29.338400109486162,29.406723325934163,25274815
2019-02-26,29.393062591552734,29.536541087782073,29.242749300504073,29.352067558156914,16548959
2019-02-27,29.331558227539062,29.529698529172162,29.249570937034264,29.36572120105951,16475074
2019-02-28,29.61851692199707,29.91231131520217,29.290559559527768,29.345221409191577,39002427
2019-03-01,29.625364303588867,29.91915884889248,29.57753722069981,29.796176491237265,26667781
2019-03-04,29.427221298217773,29.78250699064619,29.297406904176867,29.680020786043837,22805820
2019-03-05,29.304237365722656,29.550204792878425,29.276906430659245,29.44088654683225,26529812
2019-03-06,28.600494384765625,29.290566754267804,28.436517036804023,29.256406523715416,22410359
2019-03-07,28.27937889099121,28.620997765581322,28.183724727032676,28.600501622063383,29046132
2019-03-08,27.937755584716797,28.313537422948794,27.561973746484796,28.23838215414396,31306119
2019-03-11,28.354528427124023,28.36819252003788,27.876260451207298,28.081232833329253,29161545
2019-03-12,28.51167106628418,28.641488178116557,28.265703681356648,28.491174928833246,24170539
2019-03-13,28.702983856201172,28.7849739131189,28.388693216522718,28.607329705498394,23715316
2019-03-14,28.142723083496094,28.7508081636334,28.101728058983934,28.696149046651666,32119596
2019-03-15,28.54585075378418,28.61417399905502,27.91726645829394,28.17006603703238,74768652
2019-03-18,28.566341400146484,28.74398564957568,28.457023129930523,28.539013206144666,18994345
2019-03-19,28.9011287689209,28.989950886759033,28.525346900757903,28.6756574503398,26403227
2019-03-20,28.812299728393555,28.969445035294033,28.54583618600609,28.832798614487036,23499035
2019-03-21,28.935287475585938,29.133425078762855,28.60732999173726,28.648325020606308,24262553
2019-03-22,28.593656539916992,29.11975145476654,28.57999245046709,28.832791840804433,19620105
2019-03-25,28.620996475219727,28.79864069944918,28.4706831882194,28.56633734786542,19823316
2019-03-26,28.98309898376465,29.174407202460046,28.784961468233,28.83278852290685,20849279
2019-03-27,28.70981216430664,29.133420993307706,28.641488957175177,28.928448624809985,19455048
2019-03-28,28.894287109375,28.948946222069218,28.737141816991233,28.819129112480947,16915541
2019-03-29,29.01727867126465,29.092436692104563,28.825970342331143,28.969451589031273,21681834
2019-04-01,29.27007293701172,29.338398897741406,29.071932595682096,29.092431482742445,20345046
2019-04-02,29.317899703979492,29.502375950074764,29.201749417899137,29.345230637406175,18625129
2019-04-03,29.27007293701172,29.42721825132424,29.071932595682096,29.37255913100265,16200402
2019-04-04,29.201745986938477,29.324728305150217,29.037768646955072,29.235906215828823,12990972
2019-04-05,29.37255859375,29.57069893145544,29.304235381373605,29.365726547222714,15559043
2019-04-08,29.47504425048828,29.570698394339917,29.317898941904446,29.42721717856246,15410323
2019-04-09,29.27007293701172,29.3793911776549,29.092431482742445,29.365727084350404,18825072
2019-04-10,29.19491958618164,29.32473397527188,29.140260462285156,29.32473397527188,13202615
2019-04-11,28.8806209564209,29.263237501465888,28.689315431001685,29.235906570918413,20214877
2019-04-12,28.498008728027344,28.928449617806514,28.409186632735203,28.928449617806514,21338546
2019-04-15,28.757640838623047,28.778136977775535,28.33403198597699,28.600495530476817,18362788
2019-04-16,27.958248138427734,28.901122757354937,27.89675697237029,28.846463637847926,27506976
2019-04-17,27.247676849365234,28.01290726989366,26.912890085629805,27.944584057256616,42412117
2019-04-18,26.90605926513672,27.281841072419496,26.250147053780264,27.281841072419496,50579774
2019-04-22,26.632755279541016,26.98804087114612,26.516605013180627,26.66691825374829,31018904
2019-04-23,26.933393478393555,27.083706784356945,26.56444363543044,26.707924893000623,26672102
2019-04-24,26.899219512939453,27.08369573269656,26.75574106102079,26.988041600015332,21196994
2019-04-25,27.063199996948242,27.21351324380303,26.762573503238677,26.81723261599467,18130065
2019-04-26,27.30916404724121,27.32283088546558,26.95388119547075,27.104191692010396,20053193
2019-04-29,27.049535751342773,27.343330227508257,27.049535751342773,27.309167248597262,23229001
2019-04-30,27.746440887451172,28.135889478079815,27.193014954964312,27.6029596831615,34360400
2019-05-01,27.855764389038086,27.958250590490177,27.445819583229735,27.7327820461371,20703406
2019-05-02,28.01974105834961,28.026575852431417,27.72594930277368,27.883094624580625,20471210
2019-05-03,28.27937889099121,28.35453416432773,28.033411433255562,28.16322583641066,18664759
2019-05-06,28.457014083862305,28.53900413401301,27.90358811310371,27.95141518450771,25973406
2019-05-07,27.896759033203125,28.498012139300535,27.671290491968477,28.279375645121025,27603838
2019-05-08,27.978744506835938,28.033403621423123,27.63029093440306,27.87625832359705,23811968
2019-05-09,28.013216018676758,28.151074402430417,27.730601066191692,27.77885233194601,19732461
2019-05-10,28.068355560302734,28.137284741457297,27.48244782035089,28.006316248648808,17391527
2019-05-13,27.9649600982666,28.020103996883275,27.67545255192807,27.730596450544745,28010788
2019-05-14,28.027000427246094,28.171754219987204,27.958068466054122,27.97874916299906,26772759
2019-05-15,28.364761352539062,28.4612638975237,28.054575788575093,28.16486361956644,33520678
2019-05-16,28.7025203704834,28.936884090843883,28.36476146173688,28.36476146173688,25508486
2019-05-17,28.585336685180664,28.81969760774763,28.433690241150284,28.468153452428638,29187684
2019-05-20,28.66805076599121,28.750768014848763,28.454367773155784,28.537085022013336,24251591
2019-05-21,28.723190307617188,28.819692826122424,28.599117224663644,28.750763643533574,28785056
2019-05-22,28.943769454956055,29.095415877883397,28.640476609101366,28.7369791301886,25274604
2019-05-23,28.8955135345459,28.936872147123278,28.709401163681544,28.840369641598627,25495944
2019-05-24,28.91619300842285,29.164341925749504,28.861049112513356,28.992017597465814,15383341
2019-05-28,28.881731033325195,29.28152360279609,28.87483562100903,29.05405536893389,49440610
2019-05-29,28.75765609741211,28.84037333315464,28.454363261646908,28.74387081527771,26895761
2019-05-30,28.881731033325195,28.916194237566152,28.66115266884322,28.730084620261074,17344308
2019-05-31,28.61980438232422,28.936885376064097,28.571555878972056,28.736987633443533,22639288
2019-06-03,28.8955135345459,29.08162313394255,28.654257270734274,28.695615883311653,22643082
2019-06-04,29.109203338623047,29.467640113138497,28.97823482978524,29.281527698334344,18453537
2019-06-05,29.281526565551758,29.529675518534642,29.233275303264303,29.36424380703547,21418861
2019-06-06,29.440073013305664,29.702007290363216,29.281531147077636,29.502109568390853,24494222
2019-06-07,29.584814071655273,29.812285058860933,29.543458229861294,29.62617268491701,20023470
2019-06-10,29.688209533691406,29.80539273441944,29.412490061470884,29.80539273441944,15275727
2019-06-11,29.412490844726562,29.846749371471684,29.329773615123752,29.777820194447912,18813162
2019-06-12,29.69510841369629,29.75714773301612,29.267742449088,29.274635090908347,16296843
2019-06-13,29.29532241821289,29.73647376630712,29.20571251133038,29.68822249117569,14464042
2019-06-14,29.474531173706055,29.550353001041472,29.281526127443954,29.30909946468206,13197872
2019-06-17,29.5572509765625,29.57103626064263,29.191921548159907,29.43317510543598,14094931
2019-06-18,29.688209533691406,29.867429269235583,29.51588520998705,29.51588520998705,22833434
2019-06-19,29.984617233276367,30.046653783681567,29.702005049666695,29.757148957967814,21753611
2019-06-20,30.053544998168945,30.40508912905717,29.991508450710633,30.21208407343723,23500300
2019-06-21,30.101789474487305,30.32926045916697,29.853643340607988,30.019075020350105,38141203
2019-06-24,30.163835525512695,30.260335281676806,29.963937828483814,30.115584261696473,24624075
2019-06-25,30.163835525512695,30.529164939282204,30.163835525512695,30.225872072856887,28429015
2019-06-26,29.63306427001953,30.191398600501962,29.295308278589243,30.10868137692395,41009348
2019-06-27,29.93636131286621,30.02597118922454,29.646856532161834,29.653749173194313,21994977
2019-06-28,29.86054801940918,30.136267596805148,29.626184300020977,29.950155149894844,39726209
2019-07-01,30.17072868347168,30.246550515641083,29.874328453739192,29.99150890866845,21341392
2019-07-02,30.48090171813965,30.48090171813965,30.09489175903736,30.10867703715751,16541898
2019-07-03,30.60498046875,30.71526825720274,30.315472945460723,30.584302547715524,10297580
2019-07-05,30.27412986755371,30.57053015615594,30.17762731910327,30.54295681168341,18295227
2019-07-08,29.846752166748047,30.23965488695664,29.62617656243984,30.191403627080707,23955312
2019-07-09,29.895002365112305,30.19140255504445,29.846751106949675,29.92946834136219,14223308
2019-07-10,30.370624542236328,30.40508774955602,29.943255828258152,30.088009613405525,15298599
2019-07-11,29.626174926757812,30.02597026609454,29.212594305779945,29.860538571996983,38383518
2019-07-12,29.226381301879883,29.633069305894047,28.957554436768117,29.57792540462671,33580967
2019-07-15,29.467636108398438,29.481421390149475,29.11609202347113,29.136769946097683,20363912
2019-07-16,29.53656578063965,29.619283015459732,29.281524206657096,29.49520716322961,19553386
2019-07-17,29.46074676513672,29.770932268062758,29.453854123489688,29.702003080124182,16341532
2019-07-18,29.681320190429688,29.681320190429688,29.32977609213034,29.5434618247395,13728877
2019-07-19,29.481426239013672,29.784719116227503,29.481426239013672,29.770933832209177,23552579
2019-07-22,29.515886306762695,29.653747433729606,29.329773923930762,29.522778947390858,12552086
2019-07-23,29.702001571655273,29.79850132128105,29.467637910217412,29.536567094655297,19586904
2019-07-24,29.56414222717285,29.63996405751348,29.205705457680075,29.63996405751348,18117838
2019-07-25,29.412490844726562,29.639959068932512,29.31598833401257,29.52277863655174,17514634
2019-07-26,29.702001571655273,29.75714547349921,29.247062302841652,29.405601367076496,21062187
2019-07-29,28.571544647216797,29.639959373675513,28.49572005738999,29.06783971553275,64559186
2019-07-30,26.738006591796875,27.737492294683488,26.60703808528997,27.454880128069263,95739668
2019-07-31,26.7724666595459,27.34458633881643,26.544998424601083,26.607034963998032,56309423
2019-08-01,26.612449645996094,26.86987731468097,26.21587385186869,26.654195202587683,51624920
2019-08-02,26.438508987426758,26.814213343650277,26.264572458918767,26.612445515934752,29153640
2019-08-05,25.71493148803711,26.32023503500369,25.332269966015062,26.271532354303037,46030183
2019-08-06,25.707969665527344,25.958440149460994,25.374008087817007,25.8749490556843,31985843
2019-08-07,25.450544357299805,25.589695260374132,24.949603344149562,25.499247033505984,32017253
2019-08-08,25.652315139770508,25.707974947926306,25.464461538871557,25.534035599717058,23356429
2019-08-09,25.290523529052734,25.62448235872149,25.123541316821516,25.582736805663686,25391703
2019-08-12,24.622604370117188,25.26965068572849,24.198194488622853,25.262693559418302,44212665
2019-08-13,24.49040412902832,24.914811101367512,24.455618506637403,24.65042638421529,45549453
2019-08-14,23.822486877441406,24.33734212901928,23.794658375948877,24.302553704757006,38633421
2019-08-15,23.98946762084961,24.05904447326713,23.63463742258669,23.864233762332905,30713665
2019-08-16,24.10774803161621,24.358218555195656,23.996428420557983,24.15645071112879,30012334
2019-08-19,24.47649383544922,24.573899188676894,24.232980452380023,24.267768877788967,21997296
2019-08-20,24.079914093017578,24.462578361193856,24.052085591999123,24.42083281226961,19932510
2019-08-21,24.260814666748047,24.43475121989514,24.22602623715981,24.30951734921276,19208728
2019-08-22,24.40691375732422,24.511279019750912,24.21210587402486,24.32342546373773,16933142
2019-08-23,23.892061233520508,24.594767189055737,23.773781722326476,24.497361849200097,27765311
2019-08-26,24.239938735961914,24.253855785228353,23.98946821532491,24.08687357320579,17468680
2019-08-27,23.892061233520508,24.41387355603549,23.871187062182116,24.358213761460313,24715351
2019-08-28,24.40691375732422,24.455619224894477,23.850315808759863,23.905975603616298,26047924
2019-08-29,24.580862045288086,24.900906681999068,24.511287975645764,24.900906681999068,19610302
2019-08-30,24.733924865722656,24.852201611997227,24.54607125907721,24.782627549023438,18873346
2019-09-03,25.130502700805664,25.241822317165408,24.706092817013264,24.775669675285855,26624989
2019-09-04,24.928730010986328,25.325305717658082,24.838281791217007,25.255731670279776,20649441
2019-09-05,25.2835636138916,25.38097176932255,24.970476161952043,25.12354132494895,22096794
2019-09-06,25.394882202148438,25.443584873841232,25.123537546690113,25.297476858762845,20873416
2019-09-09,25.624483108520508,25.631440234667576,25.137459101653533,25.457503688800138,24675616
2019-09-10,26.007143020629883,26.007143020629883,25.06092087436074,25.45749937674547,32250397
2019-09-11,26.02802085876465,26.271534280118487,25.673187815476805,26.257620026726023,16963181
2019-09-12,25.937570571899414,26.174126847905995,25.784505404459136,26.13933841977055,16692303
2019-09-13,25.680137634277344,26.160204416277196,25.471412703199462,26.01409920243976,24099605
2019-09-16,25.624483108520508,25.756676897505546,25.290524269079768,25.367055454094427,19877070
2019-09-17,25.394882202148438,25.60360713871858,25.290519733863363,25.596650013819097,22091945
2019-09-18,25.311389923095703,25.54794614558102,25.227901630815698,25.443583682183792,19679550
2019-09-19,25.40183448791504,25.58272809303001,25.283554994967215,25.339217578352006,17746409
2019-09-20,25.52707862854004,25.916700085395973,25.380973379616087,25.666229548473876,45990658
2019-09-23,25.2139892578125,25.4575026500079,25.20703213194932,25.31139461469066,17295191
2019-09-24,25.053970336914062,25.4505489435725,25.033098956520327,25.234866823248502,24186560
2019-09-25,24.977434158325195,25.290521586110557,24.838283257955048,24.984391283734208,20269685
2019-09-26,24.89394760131836,25.213992212915077,24.747839548877124,25.095715464585233,17059728
2019-09-27,25.200071334838867,25.283559630430943,24.85219551058207,24.94960085326983,17583671
2019-09-30,24.998310089111328,25.262694889806472,24.991352962434764,25.24182350977678,17205391
2019-10-01,24.65043067932129,25.060923474228627,24.65043067932129,24.998306545618316,22013001
2019-10-02,24.14253044128418,24.539108950501067,24.11470194093015,24.53215182541256,22458000
2019-10-03,24.66434669494629,24.678260945744235,24.07295746727408,24.149491441456032,22076135
2019-10-04,24.998310089111328,25.033098519891286,24.664351224253398,24.69217973095966,18065349
2019-10-07,24.928730010986328,25.227903170287036,24.907855838595314,24.921772885988144,11759373
2019-10-08,24.65043067932129,24.963518119769592,24.64347355363089,24.803495836700243,14761270
2019-10-09,24.831323623657227,24.970471712571605,24.720004033567186,24.803492327436544,13634333
2019-10-10,24.900901794433594,25.053966955520856,24.76871080831998,24.817413486729418,12198680
2019-10-11,25.123538970947266,25.4505434415358,25.09571046977174,25.144413144225492,18446054
2019-10-14,25.255735397338867,25.290523824860074,25.033096174955624,25.15833003819698,8700981
2019-10-15,25.394882202148438,25.56186159192527,25.332265280656678,25.360093780254605,15178232
2019-10-16,25.2835636138916,25.56882256204818,25.269649362000113,25.485334253302405,14435795
2019-10-17,25.367053985595703,25.610567373630662,25.304437056500074,25.387928160225417,15312090
2019-10-18,25.367053985595703,25.534033395649633,25.290522805011435,25.346182608362746,14219198
2019-10-21,25.367053985595703,25.520119144160997,25.297479930755753,25.49924776692804,13237081
2019-10-22,25.346187591552734,25.534038415772056,25.220950911342545,25.332273337328484,14549416
2019-10-23,25.58274269104004,25.589702615981523,25.20008109433769,25.262698039631168,14000598
2019-10-24,25.3183536529541,25.631441124826917,25.227908212504214,25.56882418993176,19998385
2019-10-25,25.58274269104004,25.659276688819,25.262698039631168,25.325314984924646,17497665
2019-10-28,25.937570571899414,26.07672148704428,25.617525984723446,25.64535728671119,25800339
2019-10-29,26.584613800048828,26.96727523546137,26.382845996726996,26.43850579101616,32212032
2019-10-30,26.7724666595459,27.009022901901954,26.64723281190809,26.72376398604308,22019430
2019-10-31,26.69593620300293,26.8420442274388,26.56374242925716,26.709850453693033,24539860
2019-11-01,26.709854125976562,27.092518451738908,26.709854125976562,26.918579104611666,19263220
2019-11-04,26.459381103515625,26.953364998435767,26.459381103515625,26.932490824097375,17709730
2019-11-05,26.07671546936035,26.508079570148205,26.06975834481813,26.45937690095639,21688474
2019-11-06,26.167171478271484,26.250659795045152,25.986274996700498,26.167171478271484,18757722
2019-11-07,25.928319931030273,26.398977533150163,25.907246848243535,26.272533387566902,22727297
2019-11-08,26.026674270629883,26.10394791238731,25.87212981154727,25.90725445093085,26626886
2019-11-11,25.942378997802734,25.998576725956713,25.815931991132107,25.928327447440065,12542916
2019-11-12,25.970474243164062,26.054772240449033,25.78080516148888,25.87212752114226,13338370
2019-11-13,25.710554122924805,25.95642088408144,25.499811991770976,25.95642088408144,25855252
2019-11-14,25.675430297851562,25.822950359170324,25.513861513863848,25.68245748361762,25190600
2019-11-15,26.18824005126953,26.32171140588033,25.65436028169017,25.731633914473242,36378810
2019-11-18,26.14609146118164,26.300638729155835,25.963449568503705,26.26551409330425,18084532
2019-11-19,26.455181121826172,26.469232671236856,26.21634149946111,26.293612311275677,26475110
2019-11-20,26.026674270629883,26.47625892189718,25.998576818668813,26.391960917149486,19947582
2019-11-21,26.51138687133789,26.65187979754885,26.019653156301743,26.139072990910837,20942664
2019-11-22,26.92583656311035,26.982034282728797,26.47625480616279,26.546501249577894,25544006
2019-11-25,27.171710968017578,27.312206718660946,27.010142125772372,27.03121521737421,31592385
2019-11-26,26.89773941040039,27.108481567387905,26.729146249696747,27.073356933079374,34620633
2019-11-27,27.13658332824707,27.192781057413413,26.925841137765207,26.960965777656277,19201034
2019-11-29,27.05931282043457,27.31220401680234,27.052288457262176,27.073361546779356,9793873
2019-12-02,26.89773941040039,27.256001642165533,26.8696391380672,27.248977280190193,15645998
2019-12-03,26.72914695739746,26.8345180386811,26.581626878713983,26.66592204908175,20869832
2019-12-04,26.792367935180664,26.876663102068374,26.616750415102125,26.855590016454396,14501248
2019-12-05,26.715091705322266,26.95393410785774,26.546498563525677,26.95393410785774,13098058
2019-12-06,26.89773941040039,27.059308209128698,26.848566052141184,26.890715048425054,12868708
2019-12-09,26.91880989074707,26.96095888295117,26.764265468953077,26.764265468953077,15641571
2019-12-10,27.03120994567871,27.1014592195165,26.827494959958848,26.88369268436985,19171311
2019-12-11,26.848567962646484,27.094434771438056,26.83451923769612,26.953939048638297,15569372
2019-12-12,27.073360443115234,27.129558170635764,26.8134448941707,26.8134448941707,13414469
2019-12-13,26.92583656311035,27.171703351710928,26.743194680458355,27.059307912474036,16678496
2019-12-16,27.494850158691406,27.677494926976426,27.157663727995175,27.185764009436237,24187824
2019-12-17,27.326248168945312,27.705583487783024,27.284099172534045,27.705583487783024,29038016
2019-12-18,27.319223403930664,27.45269475319204,27.14360588331161,27.403521395509618,27339390
2019-12-19,27.375423431396484,27.501870429425058,27.26302798277023,27.396499343283935,22022276
2019-12-20,27.558067321777344,27.77583384997049,27.375422604949573,27.6423624934862,58199772
2019-12-23,27.621294021606445,27.76178693940528,27.487822642821886,27.69154048050586,17454345
2019-12-24,27.600210189819336,27.705581260159384,27.53698811250163,27.628310459978103,5187683
2019-12-26,27.663434982299805,27.796903497839814,27.536988003732233,27.607237266635863,9384078
2019-12-27,27.621294021606445,27.832036222737123,27.572120653047126,27.69856484395256,10117662
2019-12-30,27.333276748657227,27.6915390367876,27.31922802249627,27.607243855389573,11554264
2019-12-31,27.522937774658203,27.536986496697434,27.192773035716137,27.24897357273596,15175703
2020-01-02,27.494850158691406,27.642370281283288,27.312208214839135,27.6072484600229,16514072
2020-01-03,27.34732437133789,27.565090893283916,27.164679659749694,27.199804294539398,14922848
2020-01-06,27.312204360961914,27.396502368957513,27.185760173400872,27.270055356964118,15771951
2020-01-07,27.22087860107422,27.487818493920066,27.17170523993693,27.480794131533596,20108107
2020-01-08,27.43864631652832,27.55104176842475,27.220879775424972,27.227904138114486,16403507
2020-01-09,27.319223403930664,27.586163278021615,27.248976960569404,27.586163278021615,21971895
2020-01-10,27.740703582763672,27.839050283486085,27.37541704769387,27.382441408540984,21557357
2020-01-13,27.684513092041016,27.93740427065152,27.544017365161377,27.832033181599822,15392405
2020-01-14,28.148141860961914,28.155166222496195,27.607237778505645,27.698557302882964,20919160
2020-01-15,28.56963348388672,28.7101292239404,28.218395545968704,28.23244709707674,23925800
2020-01-16,28.527481079101562,28.660952439908332,28.32376326885715,28.653928077407773,16216422
2020-01-17,28.457244873046875,28.667987121649983,28.394022763352556,28.499393887654108,23083970
2020-01-21,28.337810516357422,28.56260137997825,28.232439445981207,28.365907962094216,23115696
2020-01-22,28.232446670532227,28.386988310494313,28.077899381705453,28.32376621697667,18097812
2020-01-23,28.597728729248047,28.6820267316582,28.19029591608473,28.232444917289808,27148510
2020-01-24,27.97252082824707,28.78036757547727,27.846076674915665,28.759294491399235,34143698
2020-01-27,28.21135902404785,28.4010280501548,27.57210834262246,27.68450375645207,31964026
2020-01-28,26.792367935180664,27.740707627582008,26.658896586330084,27.621287826905874,70202408
2020-01-29,26.39898109436035,26.960961113229782,26.377908008730866,26.7783192311455,34165726
2020-01-30,26.30672836303711,26.37769523651706,26.03706166235104,26.328019566394595,32316589
2020-01-31,26.427366256713867,26.576390387576545,26.18608406524666,26.21447138030061,33894005
2020-02-03,26.618974685668945,26.995091697543028,26.469947674917968,26.5834941021214,20875735
2020-02-04,26.74671745300293,27.137023904940225,26.704137892924415,27.023480313586983,31150865
2020-02-05,27.087343215942383,27.371204995095656,26.838967725787853,26.8602560752467,29443490
2020-02-06,27.151208877563477,27.321527072317256,26.98798965199397,27.278947523628812,21047748
2020-02-07,27.002187728881836,27.25056322606444,26.917028622069445,27.222178759316144,21903596
2020-02-10,26.83186912536621,27.122827025010885,26.76800122282685,27.115730908426926,19998385
2020-02-11,27.03056526184082,27.05895257459105,26.79638205810425,26.888637257938722,16027335
2020-02-12,26.782203674316406,27.101546128115288,26.76800858396116,27.03057923619254,22944315
2020-02-13,26.207380294799805,26.66865071337061,26.178992974297522,26.66865071337061,22099745
2020-02-14,25.909318923950195,26.285432980952518,25.845451037531497,26.235757324119533,21006747
2020-02-18,25.774492263793945,26.02287062582986,25.739011678705875,25.937711515050722,17988513
2020-02-19,25.710620880126953,25.902227426824307,25.69642864801115,25.831260559678288,17750941
2020-02-20,25.44095230102539,25.58997928694754,25.12870609812659,25.34160097707729,42953135
2020-02-21,25.34870147705078,25.41966835116468,25.213869552145177,25.377088797353096,32425256
2020-02-24,24.603567123413086,25.121612134102534,24.553891457184637,24.866137686825304,37969296
2020-02-25,24.078426361083984,24.653243162838354,23.922303243900284,24.610663612100332,41878898
2020-02-26,24.639049530029297,24.986776325846193,24.142292888457426,24.298415996768096,47920005
2020-02-27,24.19906997680664,25.341607649767717,24.19906997680664,24.440352234681587,55444827
2020-02-28,23.716506958007812,24.085523565630275,23.084918344492287,23.766182627232837,66057447
2020-03-02,24.752595901489258,24.802271571288742,23.7377955822061,24.064235494225304,42034469
2020-03-03,24.34099578857422,25.39127800893704,24.02874956882941,24.965488228063837,46174475
2020-03-04,25.831266403198242,25.873845962461456,24.80227512963871,24.908722601154665,38712155
2020-03-05,25.164194107055664,25.675143050805325,24.951299189373938,25.299026033169394,35096303
2020-03-06,24.851943969726562,24.958391411958534,24.213259316334735,24.624854000557228,40931036
2020-03-09,23.957792282104492,24.617765486418545,23.532002381699495,23.744897331901992,43183856
2020-03-10,24.546796798706055,24.596472467884382,23.42555046384107,24.532604565593303,40548329
2020-03-11,22.829444885253906,24.04294792304033,22.467522951644654,23.957788813973274,65350213
2020-03-12,21.303693771362305,22.708800310890375,21.289500113129513,21.63013221765779,62731445
2020-03-13,23.212657928466797,23.333297628832963,21.45272383081409,22.190761400785544,60553038
2020-03-16,21.417240142822266,22.907505974141205,21.041125983289355,21.24692478151593,50995050
2020-03-17,22.82234764099121,23.170075897031424,21.708196001059065,22.453328182094072,54220606
2020-03-18,22.964275360107422,23.141688246232714,21.509493117820195,21.835931572846007,43884976
2020-03-19,21.587554931640625,22.886214077924386,21.2965984797051,22.864924303072176,59820929
2020-03-20,20.586946487426758,21.764965847178964,20.51598105323206,21.488201652468774,52488989
2020-03-23,20.217931747436523,20.99144982536012,19.785044384214004,20.409536881116342,52853041
2020-03-24,21.07660675048828,21.32498366107145,20.508887486308844,20.941773407412644,44466784
2020-03-25,21.11208724975586,21.800449001836768,20.579850031802007,20.934675794865704,44601275
2020-03-26,22.53139305114746,22.701708421800827,21.204346391578284,21.21144393533698,43269967
2020-03-27,21.928186416625977,22.524291535437076,21.75786964936444,21.85722097804686,38290344
2020-03-30,23.184263229370117,23.31200043301757,22.034631249826134,22.034631249826134,29943508
2020-03-31,23.162979125976562,23.41845215341297,22.87911877996097,22.992662347710485,29466151
2020-04-01,22.53139305114746,22.907507231321787,22.375269914727557,22.65203274869977,26709625
2020-04-02,23.326204299926758,23.41845811554981,22.531396270045295,22.637843748571523,27186876
2020-04-03,23.872631072998047,24.050043980930074,23.155883324412393,23.155883324412393,32837370
2020-04-06,24.53260612487793,24.76678939925773,23.971981495170464,24.07133283984186,40503217
2020-04-07,23.851337432861328,24.958391402302183,23.837143774803106,24.837751728694855,24226295
2020-04-08,24.55389404296875,24.695824940465926,23.730700258724394,24.12100808687876,25523980
2020-04-09,25.11451530456543,25.384181976452496,24.73130221789336,24.8590408645452,30648107
2020-04-13,24.93710708618164,25.533215209641924,24.639055877735643,25.519020121023242,18270141
2020-04-14,25.859649658203125,25.99448443244012,25.079034038818726,25.49772774133928,21845309
2020-04-15,25.5261173248291,25.710624931257254,25.249351635260957,25.589985232697156,21312196
2020-04-16,25.46224594116211,25.731915506961215,25.24935101795094,25.63256416235815,20657451
2020-04-17,26.193178176879883,26.25704606426124,25.62545759878142,25.902223199572354,24404843
2020-04-20,25.604177474975586,26.193186586890334,25.604177474975586,25.81707240345764,22530620
2020-04-21,25.277738571166992,25.497729613399095,25.100327084624563,25.391282150816856,23975233
2020-04-22,25.724817276000977,26.257054599325304,25.632564899032996,26.22867013049945,20182624
2020-04-23,26.03706169128418,26.540914509759986,25.746106640201063,25.746106640201063,20185365
2020-04-24,26.526718139648438,26.562198717611064,26.10092837783043,26.143505071385583,17353794
2020-04-27,27.200883865356445,27.349910855416283,26.661550537478014,26.675745622209924,23394057
2020-04-28,26.902835845947266,27.832475619022855,26.52672169613394,27.71183593120892,35666728
2020-04-29,27.051864624023438,27.357011921805032,26.760906706974808,27.293144015445343,26518535
2020-04-30,27.222177505493164,27.32862495746393,26.51252592349898,26.966703050106602,29450973
2020-05-01,26.711231231689453,26.924126156648263,26.53381974531841,26.860258249817402,22679867
2020-05-04,26.697036743164062,26.909931650145182,26.54800973762055,26.682841656957304,19893512
2020-05-05,27.328622817993164,27.576998284291346,27.158307478830107,27.541517705267832,24123952
2020-05-06,27.328622817993164,27.683448581212076,27.328622817993164,27.65506126470987,24047432
2020-05-07,26.490055084228516,27.586641265421957,26.439884361622852,27.52930082668517,33546080
2020-05-08,26.676406860351562,26.79108487947606,26.54739805120052,26.697910249689595,19893618
2020-05-11,27.307117462158203,27.38595840421637,26.633400446047265,26.69790483754659,25620421
2020-05-12,26.776748657226562,27.407464802476166,26.762414985303433,27.321459889218062,19335314
2020-05-13,26.554567337036133,26.819754697396984,26.224875566148494,26.74091661380192,24596882
2020-05-14,27.178112030029297,27.206779371244053,26.361049579622822,26.375383250230204,22362507
2020-05-15,27.06343650817871,27.35729115995207,26.79824919720323,27.206778975606145,25460002
2020-05-18,27.285625457763672,27.565146495804473,26.970267354741374,27.47914157425632,22635177
2020-05-19,27.0060977935791,27.249781706848772,26.740910493908704,27.127939750213937,19476234
2020-05-20,26.970266342163086,27.378799069767467,26.912928769377146,27.199616633306846,17504200
2020-05-21,26.7050724029541,26.98459336158153,26.554560230856627,26.927255802932795,17652181
2020-05-22,26.87708854675293,26.89859193509495,26.490059255507298,26.597567552059925,15781226
2020-05-26,26.86992645263672,27.14228065984796,26.84125622369464,26.984601604965697,23260094
2020-05-27,26.812585830688477,26.905760462016445,26.497227756747147,26.812585830688477,25904158
2020-05-28,27.364463806152344,27.550813087786974,27.03477202665068,27.120779830746606,22521767
2020-05-29,27.371623992919922,27.543636659491842,26.934421169686516,27.428961548443894,48333067
2020-06-01,25.414976119995117,25.60848932346406,25.02077711412594,25.443643461967195,76884979
2020-06-02,25.91668128967285,25.916681289672848,25.264464660311692,25.46514758679796,42690900
2020-06-03,25.91668128967285,26.095863709058115,25.472314422498297,26.00985591721565,38751996
2020-06-04,25.809175491333008,26.00985843726308,25.586992036218785,25.5941588726135,27013388
2020-06-05,25.79483985900879,26.15320182355775,25.715998901217148,25.97401940042363,36705655
2020-06-08,26.224870681762695,26.23203751696201,25.572654097996985,25.658659002107758,30194149
2020-06-09,25.9525203704834,26.27504529242469,25.923850143730657,26.1603701488526,21675088
2020-06-10,25.74466896057129,26.12453143022521,25.723165571439626,26.060027026268745,29557217
2020-06-11,23.866853713989258,25.572654150817197,23.852520043561025,25.515316587385243,63166642
2020-06-12,24.189376831054688,24.440227557252967,23.687669615220834,24.425893888720186,37902472
2020-06-15,23.909860610961914,24.167881119682203,23.479827390334563,23.8668567125553,36247482
2020-06-16,23.938528060913086,24.339893914692833,23.451157296837124,24.07470514379138,55616945
2020-06-17,24.053205490112305,24.20371769963638,23.88119277139315,24.074707440167135,27509822
2020-06-18,23.823854446411133,23.988700323528047,23.63750661991817,23.84535639578719,32278855
2020-06-19,23.952861785888672,24.182213483213452,23.73784375916321,24.14637642499611,43986266
2020-06-22,23.730676651000977,23.90985761744882,23.58733274235841,23.88835567093756,23332503
2020-06-23,23.486995697021484,23.831022583235587,23.465493746471896,23.79518551869967,37690408
2020-06-24,23.0712947845459,23.45832554941283,22.935117693442635,23.443991877117593,30817695
2020-06-25,23.164466857910156,23.20747075176275,22.81327319431247,23.01395467028563,27418651
2020-06-26,22.96378517150879,23.135799315276365,22.65559538525046,23.114297367197967,42153992
2020-06-29,23.393821716308594,23.415322225278945,23.078463627759962,23.264811458187815,23956261
2020-06-30,23.436817169189453,23.565827388745475,23.09995867236689,23.314975224673823,25451676
2020-07-01,24.182212829589844,24.755588455255136,24.16787771851847,24.755588455255136,73503009
2020-07-02,24.73409080505371,24.977774753660746,24.39723222587607,24.81292888203854,45270881
2020-07-06,24.73409080505371,25.078116220164578,24.640916174483106,25.04944887643166,27150935
2020-07-07,24.390060424804688,24.619410654855937,24.339889701766136,24.404394093753208,25148018
2020-07-08,24.189376831054688,24.633743609320117,24.060366609963026,24.3757231671368,24256545
2020-07-09,23.981529235839844,24.28255359201872,23.723508770789227,24.175045305057534,20363702
2020-07-10,24.246715545654297,24.397227717597428,24.00303020121737,24.124872153006137,24459019
2020-07-13,25.23579216003418,25.60132091982254,24.741254605835323,24.89176678712688,56569129
2020-07-14,25.25012969970703,25.38630533449908,24.999276054407108,25.350471157827002,32854129
2020-07-15,25.60132598876953,25.802008936892587,25.422146431785105,25.794842100419554,26294454
2020-07-16,25.51531982421875,25.543987168711908,25.271632987429946,25.51531982421875,18421812
2020-07-17,25.981184005737305,26.038524451055313,25.608488401484443,25.701663022977417,23347365
2020-07-20,26.160367965698242,26.96309678543238,26.03135627865644,26.869922158410947,36815693
2020-07-21,26.296541213989258,26.57606506962001,26.17469925541315,26.475723616068294,23588520
2020-07-22,27.63680648803711,27.758651306660997,26.89141543570059,27.400289447959633,90705554
2020-07-23,27.52931022644043,28.253201093326144,27.364464333512732,28.117025429556158,59639536
2020-07-24,26.99176025390625,27.342955322884542,26.755243184189393,27.25694754386816,33870501
2020-07-27,26.905765533447266,27.056277762796288,26.683582048954843,26.776753816125293,27640307
2020-07-28,27.96650505065918,28.195855290125408,27.278451450541645,27.62247680974099,56393954
2020-07-29,28.138521194458008,28.274699716980614,27.557975807832822,28.167191418780366,37033660
2020-07-30,28.037199020385742,28.18194538587122,27.646387034447482,27.70428499866485,32273796
2020-07-31,27.849031448364258,28.044438917284044,27.40032144996703,27.70428797720127,28472124
2020-08-03,27.754941940307617,27.979296881913733,27.660856671284513,27.943109568470152,31036400
2020-08-04,27.78389549255371,27.993776718282305,27.56677738454266,27.72599752440972,29448549
2020-08-05,27.827320098876953,27.885218067858904,27.59572822294916,27.841793863651354,24292697
2020-08-06,27.697052001953125,28.29774528364545,27.610203588502745,28.058913601599162,20922111
2020-08-07,27.827320098876953,27.950352919228052,27.617438870110757,27.718761043300255,23097251
2020-08-10,27.78389549255371,27.979302953717383,27.689810203113108,27.8996914288417,19964552
2020-08-11,27.349658966064453,27.921404668615907,27.26281346977647,27.90692799433101,21326847
2020-08-12,27.740468978881836,27.89968910548981,27.36413076234336,27.378607435587046,19957595
2020-08-13,27.624671936035156,27.631908817422552,27.414790736264916,27.552300212277263,15340021
2020-08-14,27.545068740844727,27.783897513071413,27.45098344456199,27.508881416916477,12901276
2020-08-17,27.754941940307617,27.798363224579504,27.46544925252632,27.530586998701505,17494187
2020-08-18,27.762178421020508,27.834550136981257,27.624668959823087,27.827313256373547,10846398
2020-08-19,27.689807891845703,27.943113300009973,27.588488638464064,27.849028018422665,15690055
2020-08-20,28.022724151611328,28.073385232039012,27.595724863671137,27.63190927120234,21957455
2020-08-21,28.138521194458008,28.225369595754575,27.914166219306672,28.16023183984009,25467170
2020-08-24,28.109575271606445,28.25432166038465,27.892457143381428,28.239847894472206,25011947
2020-08-25,27.79837417602539,27.90693324924038,27.46546007281739,27.87074883142527,26221201
2020-08-26,27.537826538085938,27.697046658772642,27.25557070376589,27.639148697603293,24083689
2020-08-27,27.400320053100586,27.501642223679934,27.27005035371815,27.472691784992573,22156556
2020-08-28,27.436506271362305,27.54506531977962,27.067404924766592,27.40755583383841,32830519
2020-08-31,27.349658966064453,27.51611598632439,27.139777742718387,27.385846286950276,30032465
2020-09-01,26.691062927246094,27.371367559208842,26.423283784970558,27.349654006661027,36145560
2020-09-02,26.92266082763672,26.995032562724216,26.343678217283536,26.611457419957,29068688
2020-09-03,26.34368133544922,27.13254527180274,26.126563194603172,27.04569685151042,35956788
2020-09-04,26.314729690551758,26.510137150736814,25.960102091297028,26.40881497952118,26872257
2020-09-08,26.00352668762207,26.495660876760617,25.82259589907953,26.437762908031633,26736818
2020-09-09,26.184457778930664,26.52460867508106,26.15550734250652,26.26406638679997,27490533
2020-09-10,25.800874710083008,26.285771873430637,25.750213638695435,26.198926400968713,21650741
2020-09-11,26.104846954345703,26.133794481654444,25.656137001987155,25.86601530462793,24109301
2020-09-14,26.7851505279541,27.168725617563453,26.25682907834507,26.314727040368144,29565543
2020-09-15,26.748958587646484,27.03121146746465,26.640399563879225,26.915415563430713,22003726
2020-09-16,26.618696212768555,27.002271341131646,26.575272009392975,26.980557784501705,22208412
2020-09-17,26.647640228271484,26.756199267454782,26.45223279378799,26.618692703094027,17894390
2020-09-18,26.510135650634766,26.828573000870723,26.466711449730365,26.6186946979537,31694623
2020-09-21,26.06865692138672,26.40157381996707,25.605473253594624,26.32196230838791,26608968
2020-09-22,26.23511505126953,26.293015922133492,25.866013731344502,25.9166748109375,22727297
2020-09-23,26.054187774658203,26.329203853598965,26.032477127590912,26.300253414291568,23102521
2020-09-24,25.8804931640625,26.083134594161525,25.72127302691624,26.017999744848115,20859925
2020-09-25,26.090370178222656,26.162741898022396,25.70679511648158,25.72126887846477,14365598
2020-09-28,26.33643913269043,26.473948618731914,26.169982118988102,26.169982118988102,15044269
2020-09-29,26.17721939086914,26.444998575141884,26.07589722277846,26.365389963004464,13512491
2020-09-30,26.5607967376709,26.74896732560749,26.235119559981673,26.24959623512757,22629275
2020-10-01,26.32196617126465,26.843050783886284,26.16998291675965,26.71277817578875,22520396
2020-10-02,26.32920265197754,26.53184698822796,26.075897231664513,26.09761078762518,21461759
2020-10-05,26.59697151184082,26.691056761418224,26.30024200467612,26.4377514394341,19400029
2020-10-06,26.17721939086914,26.799626163459273,26.119321424800777,26.777912607506007,25233392
2020-10-07,26.394336700439453,26.481185101882506,26.075896441660422,26.242356362740292,22160034
2020-10-08,26.698305130004883,26.90818635712889,26.423289052021364,26.488423902880875,17857395
2020-10-09,26.625930786132812,26.86475951916188,26.481184424060746,26.6548783126168,23667465
2020-10-12,26.647640228271484,26.908182504288177,26.394334833549156,26.560791832971283,19413837
2020-10-13,26.705549240112305,26.87200630841964,26.510144634648107,26.539092171804974,21543233
2020-10-14,26.67658805847168,26.99502535374917,26.466706881893504,26.785147087054625,22120298
2020-10-15,26.452234268188477,26.58974375009768,26.350915014536103,26.510135141538512,16089205
2020-10-16,27.465457916259766,27.588493656824998,26.792392879129068,26.82857729410302,42993503
2020-10-19,27.356889724731445,28.116805833929334,27.241093815677566,27.805602509669765,31931352
2020-10-20,27.132537841796875,27.422030556906414,27.03121568249693,27.40755388423217,22384852
2020-10-21,26.8358097076416,27.103585944353835,26.821333035748232,27.03121422442219,18984859
2020-10-22,27.089111328125,27.190433478764525,26.799621547643287,26.83580886140989,19243616
2020-10-23,27.631914138793945,27.704288786373745,27.24833898220524,27.450983339613465,30557884
2020-10-26,27.443740844726562,27.5161125676222,27.125300608171482,27.407553528336784,33783124
2020-10-27,27.089111328125,27.588485200546046,26.683825635450603,26.80685842841987,36851529
2020-10-28,25.656139373779297,26.871999650598035,25.56205408155987,26.63317088868577,33857537
2020-10-29,25.533096313476562,25.79363855798401,25.040962256021853,25.67784265151038,27545341
2020-10-30,25.677852630615234,25.71403995665795,25.214665914830324,25.504158703402656,25631067
2020-11-02,26.220640182495117,26.23511394465862,25.721269198899787,26.00352211050725,21430666
2020-11-03,26.191692352294922,26.502895729053446,26.112083742597036,26.365389155061433,21636617
2020-11-04,27.01674461364746,27.58849030959835,26.748965425906047,26.82133715695791,40870536
2020-11-05,26.607288360595703,27.272652617344644,26.607288360595703,27.23609608003536,33926995
2020-11-06,26.614595413208008,26.848571913631815,26.38793315888673,26.607284106915003,23870676
2020-11-09,28.661869049072266,30.701834944352015,28.06230967544535,30.606782095655163,230153864
2020-11-10,28.28166389465332,29.641640336950314,28.12080633955112,29.57583564163793,80091668
2020-11-11,28.150053024291992,29.393039683149848,27.711351158857617,28.42789734307981,58980997
2020-11-12,27.455448150634766,28.033073800911037,27.228785851099172,27.98920301459219,46767877
2020-11-13,28.2377986907959,28.267046861045696,27.572434420571195,27.68942122195026,40175634
2020-11-16,27.294586181640625,27.747910707982275,26.94362288720706,27.682106008966493,75530167
2020-11-17,27.774356842041016,28.128856797496102,27.60481210690588,28.121151554903697,46984500
2020-11-18,27.990129470825195,28.83784698093154,27.97471605102936,28.460228485265876,63442700
2020-11-19,27.889951705932617,28.22904115901306,27.63563755593236,28.20591955278753,43261800
2020-11-20,28.282987594604492,28.753086759089978,28.082616013113878,28.282987594604492,60633800
2020-11-23,28.144269943237305,28.583542261901403,27.90536626790009,28.53730198737511,43673100
2020-11-24,28.205915451049805,28.31380940485538,27.75893797309386,27.843710324036273,42485300
2020-11-25,28.151966094970703,28.175087694672563,27.92847885645388,28.151966094970707,26955800
2020-11-27,28.691431045532227,28.71454971107693,28.321517697767156,28.34463636331186,25277000
2020-11-30,29.523740768432617,29.901359389900563,28.976574472726277,29.24630499929931,65425900
2020-12-01,30.3714542388916,31.211466669312404,30.063191663764602,30.363748997427834,72499700
2020-12-02,31.442665100097656,31.912764248646592,31.05733831470477,31.188350950439585,84347500
2020-12-03,30.895496368408203,31.61990953995371,30.45622414505056,31.581377456113657,68570100
2020-12-04,31.08816146850586,31.172933821587375,30.741366814904076,30.741366814904076,35368100
2020-12-07,31.789461135864258,31.905060352282383,31.111285141818964,31.334775392328577,48253700
2020-12-08,32.79901885986328,32.96085541319796,31.866525752960577,31.90506078549665,87039300
2020-12-09,32.25185012817383,33.19975658866041,31.696981567174134,33.192048406810265,86118500
2020-12-10,32.15937805175781,32.53699965244488,31.943595959828357,32.2287370012795,57749200
2020-12-11,31.689266204833984,32.42138750477498,31.357885015806055,32.34432334259565,60737000
2020-12-14,30.217327117919922,32.10542903634644,30.109436083691584,32.07460218662114,94809700
2020-12-15,29.83199119567871,30.194199219692795,29.44666451134349,30.101721638598946,65712800
2020-12-16,29.161527633666992,29.647040146431234,29.084463462032538,29.423549932957727,56515300
2020-12-17,29.307952880859375,29.377311816330916,28.753084336896965,29.153824526309215,52036400
2020-12-18,29.038227081298828,29.354194930981016,28.899509201944685,29.277130749033205,60259200
2020-12-21,28.807035446166992,28.822448872578825,28.44482727501513,28.729968314107822,40891800
2020-12-22,28.313812255859375,28.768497960489942,28.205918291189626,28.676017419344443,33634400
2020-12-23,28.853267669677734,29.015107148401313,28.421703565908114,28.521886410106077,36182000
2020-12-24,28.722265243530273,28.953460777575803,28.652906289335544,28.8224510528806,14790100
2020-12-28,28.375457763671875,28.96115599006104,28.267566758760555,28.791611302452168,26993700
2020-12-29,28.552719116210938,28.668318347617646,28.352350446891286,28.4371228246148,23152100
2020-12-30,28.313812255859375,28.69913902453579,28.282985408810877,28.537299547436138,24889800
2020-12-31,28.367759704589844,28.452529130044418,27.96701948503582,28.25216049017248,30796500
2021-01-04,28.367759704589844,28.467942554620745,27.951606060459493,28.413997038508676,33565700
2021-01-05,28.660602569580078,28.799320434585354,28.205916887576077,28.298397424119457,29909400
2021-01-06,28.41399574279785,28.884094881603207,28.336931563240586,28.383171834860953,34962500
2021-01-07,28.560420989990234,28.62977992554942,28.2598636426938,28.545007566553753,27809500
2021-01-08,28.614360809326172,28.922620397298147,28.437110884785188,28.6374794699765,33462400
2021-01-11,29.10757827758789,29.153818538341504,28.629774009037845,28.6837195100124,47286900
2021-01-12,28.652891159057617,29.122990162605202,28.375455488779753,29.053631245035735,47831100
2021-01-13,28.406288146972656,28.64518884769047,28.23674343822342,28.5141791653368,31027900
2021-01-14,28.321517944335938,28.483354484177745,28.213626917774732,28.344636610081913,30272000
2021-01-15,28.282987594604492,28.344638353656105,28.051792103493156,28.26757416988905,34287800
2021-01-19,28.30610466003418,28.514181472203134,28.221332298801272,28.329223325894063,33451300
2021-01-20,28.12885284423828,28.36775648837019,28.098025998580653,28.352343065541376,35400100
2021-01-21,28.113431930541992,28.19820426360785,27.85911787115345,28.04407301619802,33829700
2021-01-22,28.16738510131836,28.383170082413624,27.93618963711113,27.99013514743249,26271200
2021-01-25,28.72996711730957,28.737675300099635,27.990140319223315,28.167390305859996,31728500
2021-01-26,28.753089904785156,28.976577238084033,28.637490676677416,28.72226305198169,27718700
2021-01-27,27.928485870361328,28.54500812074028,27.874537417381312,28.50647603130597,50561200
2021-01-28,27.93627166748047,28.302420065755168,27.920690568427208,28.006385127324755,39466700
2021-01-29,27.967432022094727,28.73088799463615,27.74929962151819,28.73088799463615,60251900
2021-02-01,27.889530181884766,28.193354203681306,27.82720875341441,27.990805846413938,40395800
2021-02-02,27.258516311645508,27.873953517308227,26.697608507202077,27.858372414763526,84062400
2021-02-03,27.141664505004883,27.49223194706018,27.094921188800182,27.258521309620644,38524200
2021-02-04,27.18060302734375,27.328621973300557,27.032587053177537,27.11828160677556,34284900
2021-02-05,27.203975677490234,27.32862447361199,27.09491095267457,27.203975677490238,31749600
2021-02-08,27.126081466674805,27.274097499754504,27.063760021301377,27.23514622492214,31633900
2021-02-09,27.2429256439209,27.31303909485901,27.079325610538373,27.11048780468651,30170200
2021-02-10,27.063751220703125,27.32862396394031,27.032589022253855,27.266299567041766,29039900
2021-02-11,26.822254180908203,27.118289183744704,26.705397398480486,27.110497146627427,30885200
2021-02-12,27.04817771911621,27.227355952843173,26.76772379787691,26.830045240490286,25578600
2021-02-16,27.024799346923828,27.157237216004123,26.923526650805385,27.149445179815892,28730300
2021-02-17,27.18060302734375,27.266297580941774,26.845616847891787,26.931311401489815,26389400
2021-02-18,26.92352294921875,27.17281458072896,26.89236075233231,27.094909088512857,24052500
2021-02-19,26.83003807067871,27.01700829213793,26.79887884359455,27.001427192700422,28145300
2021-02-22,26.689815521240234,26.775510096294013,26.518429342924012,26.744350864103733,34322500
2021-02-23,26.417150497436523,26.635279955562975,26.237972303719655,26.487263962090168,37624200
2021-02-24,26.292505264282227,26.526215827828747,26.23018086238126,26.385988895342624,30686100
2021-02-25,26.347036361694336,26.57295785002282,26.128906909123884,26.347036361694336,37506100
2021-02-26,26.089962005615234,26.40936719836468,25.98868631860932,26.36262388779465,41462800
2021-03-01,26.24576187133789,26.432732104597775,26.105534939340735,26.16785934102438,30407800
2021-03-02,26.105539321899414,26.40157433601254,26.09775025627686,26.237977211815103,27670400
2021-03-03,26.791093826293945,26.837837136851547,26.05100775398588,26.105540130407267,46020200
2021-03-04,26.643075942993164,27.336418656403758,26.362622042784064,26.6898162785004,45449600
2021-03-05,26.791093826293945,26.91573968265592,26.456107530110206,26.71319128048957,30589900
2021-03-08,26.759931564331055,27.16503133962392,26.744353432635457,26.861207251102176,24352300
2021-03-09,26.837831497192383,27.14944458671963,26.830039461174373,26.907944962399437,25167100
2021-03-10,27.211767196655273,27.375364280773645,26.892362092132863,26.98584571565896,33501800
2021-03-11,27.040382385253906,27.3597875406657,27.001431116894672,27.320836272306465,24557900
2021-03-12,27.21955680847168,27.25071900753814,26.88457059798439,26.9235248327129,16342400
2021-03-15,27.585708618164062,27.601289719617778,27.235141264933574,27.274092532672242,21896100
2021-03-16,27.91290283203125,27.936272995826986,27.507803152756633,27.632448979318752,25022400
2021-03-17,27.881746292114258,28.014181209560736,27.359789744328,27.912908498028084,42540100
2021-03-18,27.86616325378418,28.021971300740535,27.671403938036562,27.679193003078286,24729800
2021-03-19,27.6791934967041,27.905115020230298,27.632453162037557,27.85058264859175,48348900
2021-03-22,28.045339584350586,28.053128648869258,27.546756245004268,27.640239878183923,25427500
2021-03-23,27.546754837036133,27.99080578668209,27.51559263697197,27.90511122240112,27970500
2021-03-24,27.74151611328125,27.990807788037092,27.554545871318776,27.640240441726945,22883400
2021-03-25,27.788251876831055,27.881738468339663,27.46105772192299,27.772673750036976,24875300
2021-03-26,28.240100860595703,28.271263064430418,27.764887653385962,27.796049857220677,27944500
2021-03-29,28.528345108032227,28.62183172376839,27.967440272572528,28.06871298193285,27004800
2021-03-30,28.131032943725586,28.536132632477983,28.060919478907078,28.504970432160647,26303300
2021-03-31,28.224515914916992,28.380323941080487,28.07649992454668,28.162194487526147,26582700
2021-04-01,28.279054641723633,28.39591143058937,28.060925139085292,28.279054641723633,21319900
2021-04-05,28.263469696044922,28.48939120551613,28.123242757186322,28.38811553372021,22096900
2021-04-06,28.08428955078125,28.356954344973698,28.045338286408324,28.24788664422213,20722900
2021-04-07,27.9752254486084,28.232309148453464,27.858368681080453,28.06870907955613,21933800
2021-04-08,28.014177322387695,28.162196294043888,27.944063854706105,28.014177322387695,18129400
2021-04-09,28.512754440307617,28.676354477067687,27.96743089040893,27.96743089040893,31686700
2021-04-12,28.801008224487305,28.847748557769744,28.30242485753277,28.419278662530143,29944900
2021-04-13,28.94902992248535,29.330759559467342,28.738689466000405,29.143789274216765,33967400
2021-04-14,28.95680809020996,29.12040814265042,28.793211009560252,28.95680809020996,23842900
2021-04-15,29.29179573059082,29.400863428190462,29.026922980002045,29.026922980002045,24945800
2021-04-16,30.047470092773438,30.148745779502192,29.45540301946487,29.502143358115354,52829500
2021-04-19,30.327909469604492,30.351279627723738,29.860488476478373,30.07082584313199,30905100
2021-04-20,30.405826568603516,30.569426669315064,30.187697063376948,30.187697063376948,26459400
2021-04-21,30.79534149169922,30.904406231036145,30.483728375278176,30.491517440177414,29365000
2021-04-22,30.102001190185547,30.77197375243404,30.00851754506458,30.756392649615297,33373600
2021-04-23,30.117576599121094,30.250014462146606,29.938398408267346,30.094206435206978,24375000
2021-04-26,30.133161544799805,30.179904850384684,29.98514553480133,30.17211281355821,19773400
2021-04-27,29.9539852142334,30.078631065171365,29.876079700027486,30.00072555096545,19061500
2021-04-28,30.23444175720215,30.335714476810107,30.008520203999602,30.024101308198926,21963300
2021-04-29,30.07083511352539,30.382451186202893,29.84491658121487,30.374662121691955,23569400
2021-04-30,30.109790802001953,30.304550113860202,29.985144961284323,29.9929340261705,28413200
2021-05-03,31.029056549072266,31.036845614349378,30.35129197009868,30.4136163794812,46638600
2021-05-04,31.122539520263672,31.293925698787216,30.717439783386613,31.161490789392143,52802200
2021-05-05,31.13811492919922,32.01063567967506,30.32791560357625,31.301712012702666,76627500
2021-05-06,30.83130645751953,30.862775723363406,29.86364904087824,30.27274049362547,54944900
2021-05-07,31.138118743896484,31.366263355904756,30.721158588694717,30.721158588694717,33807800
2021-05-10,31.3583984375,31.688816644302214,31.295459921305124,31.334797994463738,30831900
2021-05-11,30.957168579101562,31.5236031415101,30.862763819057875,31.216785420563212,30568600
2021-05-12,31.224658966064453,31.405602718071727,30.925709985047543,31.02798058330777,26208600
2021-05-13,31.547210693359375,31.688819365886232,31.075183785652438,31.075183785652438,25415000
2021-05-14,31.48427963256836,31.720293119853043,31.405606469423923,31.65735759041181,18041100
2021-05-17,31.555076599121094,31.783224217271936,31.47640345437583,31.523607341222988,18095000
2021-05-18,31.507877349853516,31.743890816680413,31.334802408086617,31.61015095253899,15805500
2021-05-19,31.33480453491211,31.389874247540398,31.020117890401096,31.389874247540398,20209500
2021-05-20,31.562942504882812,31.665216092812386,31.24825892820711,31.256124742167714,18621100
2021-05-21,31.42919921875,31.940561100259917,31.397729964206018,31.63374337113931,21144800
2021-05-24,31.319061279296875,31.578675138624156,31.29545783675917,31.531474255695613,16922300
2021-05-25,30.94144630432129,31.358403538175814,30.870641962622017,31.32693427495967,25916300
2021-05-26,30.61888885498047,30.917840833829175,30.50874944200303,30.909975019076754,28036500
2021-05-27,30.40647315979004,30.82343028841063,30.367135090161156,30.658221199833417,38471200
2021-05-28,30.46941566467285,30.697563316177526,30.430080587086472,30.485150295922214,16154100
2021-06-01,30.28846549987793,30.681822194681537,30.272730871956973,30.634618310918675,23642400
2021-06-02,30.51661491394043,30.62675431484923,30.31993655486797,30.398606698067514,19629000
2021-06-03,30.65821647644043,30.71328616414846,30.390733849970186,30.49300441224344,17376300
2021-06-04,30.79983139038086,31.075179885136205,30.69755780615451,30.721158248255396,19375300
2021-06-07,30.673961639404297,31.153854368426494,30.658227008786103,30.744765976649198,24110700
2021-06-08,30.563812255859375,30.76835940618073,30.272729158480946,30.736890152120022,18880300
2021-06-09,31.319061279296875,31.342661720761146,30.6660877221,30.681822350100656,29824000
2021-06-10,32.00350570678711,32.03497496732675,31.382001315961684,31.389870131633526,42613700
2021-06-11,31.5865478515625,31.995636225775442,31.42920455321009,31.98777041134103,21386900
2021-06-14,31.177444458007812,31.52359718008927,30.98076616115122,31.49212793233478,23408300
2021-06-15,31.145978927612305,31.342657247943006,30.988635671133146,31.2403836810706,20206900
2021-06-16,30.917837142944336,31.34266311463471,30.902102514243925,31.169585200003766,19177500
2021-06-17,31.059450149536133,31.145989118969954,30.736897718693513,30.894241026657372,19580100
2021-06-18,30.5323543548584,31.027981737061552,30.445815383055734,30.917842318794186,37775900
2021-06-21,31.012250900268555,31.059454800047718,30.587427806553833,30.587427806553833,19488100
2021-06-22,31.161724090576172,31.22465961380542,30.886372548360402,31.00438078089202,15975900
2021-06-23,30.721162796020508,31.201058530269254,30.66609308891727,31.17745808467471,22025400
2021-06-24,30.83130645751953,30.95718051982065,30.74477047806044,30.791971375751878,13436500
2021-06-25,30.66608428955078,31.004371251015854,30.59527997200988,30.776223672153716,22774300
2021-06-28,30.77622413635254,30.847028454961382,30.60314924725447,30.689685191266936,19225700
2021-06-29,30.760496139526367,30.902104807264244,30.666091361392382,30.784099584865206,14516600
2021-06-30,30.807695388793945,30.89423433949612,30.540212723475104,30.791960761295975,21248100
2021-07-01,31.12238121032715,31.17745090474826,30.768359602567667,30.815560482886756,20035900
2021-07-02,31.256128311157227,31.334801465114687,30.98077977499104,31.04371529708304,16592700
2021-07-06,30.909976959228516,31.19319432527539,30.713298566259752,31.059451457498092,18931900
2021-07-07,30.957168579101562,30.965037393064573,30.658219672117685,30.85489800616807,17665200
2021-07-08,30.878507614135742,30.933577323934898,30.626759511889862,30.681829221689018,23021200
2021-07-09,31.161724090576172,31.547212048174625,31.043715858044553,31.098785566272905,21578700
2021-07-12,31.279726028442383,31.665216946524676,31.15385199416374,31.20105588242087,24513000
2021-07-13,31.193195343017578,31.31120058200453,31.09878755053896,31.287600134421982,12222000
2021-07-14,31.42919921875,31.492134726764675,31.201051624916058,31.248255506732036,15888600
2021-07-15,31.539339065551758,31.61800920197827,31.35839535091211,31.429199674125307,20250800
2021-07-16,31.7438907623291,31.7438907623291,31.41347250955199,31.578681635940544,24270400
2021-07-19,31.5865478515625,31.74388814884111,31.21679155059541,31.523609331792017,29818400
2021-07-20,32.29458999633789,32.81382080915059,31.62588469233216,31.665219768848853,48804100
2021-07-21,32.27098846435547,32.44406639649164,31.877631710281523,32.44406639649164,27530200
2021-07-22,32.625003814697266,32.68793932258257,32.176577442123815,32.349652339613364,18913300
2021-07-23,32.790218353271484,32.90822657666112,32.585671166205955,32.6171404259197,21609200
2021-07-26,32.89249038696289,32.99476097457195,32.56206917778556,32.7430129109481,23720000
2021-07-27,33.120635986328125,33.199309134209315,32.71154762164085,32.90035717440825,32544100
2021-07-28,34.18270492553711,34.41085257915147,33.23864804936402,33.31731820526425,53822400
2021-07-29,33.96836853027344,34.37322505200757,33.83341433752526,34.31765656918632,29015000
2021-07-30,33.98424530029297,34.285901909947995,33.88898244942334,34.03981378250601,24763300
2021-08-02,34.89714813232422,35.0400393389758,34.33352338845091,34.37321471735317,43066900
2021-08-03,36.2625617980957,36.4054530447355,34.9844806632926,35.06386334331243,45643300
2021-08-04,35.873565673828125,36.35780771015314,35.73067448185504,36.00057973022042,43391200
2021-08-05,35.77037811279297,35.833883643333735,35.48459565472264,35.72274669369633,23505400
2021-08-06,35.7783088684082,35.9688314829914,35.42902094130229,35.794186005311325,20413000
2021-08-09,36.50071334838867,36.5404046889227,35.81007433268011,35.81007433268011,32374300
2021-08-10,38.255088806152344,38.55674838327307,36.42926026132504,36.6753513674307,81189400
2021-08-11,36.76268005371094,38.16777525116469,36.72298568664185,37.92962116177029,50878200
2021-08-12,37.50094985961914,37.62796395873343,36.78649365944186,36.91350775855616,29676400
2021-08-13,38.48530197143555,38.50117910971669,37.56444914891065,37.63589475704855,35379200
2021-08-16,38.82665252685547,38.87428394127323,37.71527708314355,38.28684194313876,38045800
2021-08-17,40.02535629272461,40.080927802286155,38.66789248665874,38.72346096796517,68817000
2021-08-18,39.14419174194336,41.16848004649356,39.033051767845464,39.87452197363016,88598000
2021-08-19,38.73932647705078,39.66017921280451,38.31065286861693,38.50117548178338,57741600
2021-08-20,38.67582702636719,39.477602876158016,38.6281956085387,38.88222378044795,35157500
2021-08-23,39.636375427246094,40.7715652652311,39.374407143901095,39.922157907893364,88652400
2021-08-24,38.40592956542969,39.73163916929284,38.294792596034604,39.48555103084811,52624100
2021-08-25,37.71528244018555,38.32653871822391,37.254857481766784,38.13601909000059,51036800
2021-08-26,37.612083435058594,38.231276734019936,37.548574877085784,37.86611161044041,29029300
2021-08-27,36.992881774902344,37.70733780782602,36.93731330881431,37.604137930124985,32924500
2021-08-30,37.119903564453125,37.43744031807233,36.643601462279236,36.67535574329214,25774400
2021-08-31,36.57216262817383,37.42157011917505,36.46102565226794,37.0881591914574,34547800
2021-09-01,36.54834747314453,36.72298999004293,36.05616512375752,36.66742150354043,32900100
2021-09-02,37.18340301513672,37.20721720593356,36.6197782924142,36.89762061255793,26106300
2021-09-03,37.18340301513672,37.334231270607006,36.78648368450044,37.23103442498458,20817200
2021-09-07,37.11196517944336,37.70734429996919,36.945259752477284,37.30248783044374,26236900
2021-09-08,36.92144012451172,37.143717040915654,36.71504337526657,36.92144012451172,15839600
2021-09-09,36.54039764404297,37.088148333875374,36.397506423065344,36.88968864121252,21695300
2021-09-10,36.19110870361328,36.79442482068091,36.12760015010379,36.73091929542592,20801500
2021-09-13,35.389339447021484,36.38163806729568,35.08767981854671,36.31019244550574,37086200
2021-09-14,35.49253845214844,35.92914926560746,35.365524342264806,35.46078416761372,24100200
2021-09-15,35.5401725769043,36.01647476806153,35.30202148132568,35.37346711282482,28674600
2021-09-16,35.30200958251953,35.71480608890554,34.95271860036359,35.627483343366556,22424200
2021-09-17,34.841583251953125,35.29407111016644,34.381158338444216,35.06385713928469,56370500
2021-09-20,35.08768081665039,35.44490893576182,34.44467020224982,34.44467020224982,41873000
2021-09-21,34.86540603637695,35.50841669091252,34.80983755085287,35.12737434949508,23645600
2021-09-22,34.88922119140625,35.23850922655253,34.79396136877639,34.920975475034595,22616700
2021-09-23,35.079742431640625,35.50047913820794,35.04799117482381,35.15118805892524,19719200
2021-09-24,34.88127136230469,35.25437652007305,34.77807451172331,34.98447124114038,16150700
2021-09-27,34.58755874633789,35.03210959628967,34.539927324761116,34.86540113489843,19955900
2021-09-28,34.16682434082031,34.357343966265475,33.682582164743685,34.19063853693724,28512200
2021-09-29,34.555809020996094,34.68282313369097,34.19858391096729,34.30972088104339,18037200
2021-09-30,34.14301681518555,34.96861016864729,34.111265554095255,34.76221334440971,21103300
2021-10-01,34.07950210571289,34.214453256781034,33.103080682659346,33.75402829802837,38483000
2021-10-04,33.67464065551758,34.41291098644943,33.507935233243856,34.079500141901995,28906500
2021-10-05,33.59526062011719,33.96836585677025,33.56350633864566,33.76196605546027,19342600
2021-10-06,33.35710525512695,33.499996475029214,33.09513700922128,33.38885953249513,30483800
2021-10-07,33.92867660522461,34.103319107546305,33.5079399204945,33.75403107464776,19778300
2021-10-08,33.698455810546875,34.063620911663364,33.611133062833254,33.920729693269166,12778600
2021-10-11,33.38886260986328,33.83341042097246,33.34916824536724,33.69845927210142,11984200
2021-10-12,33.2221565246582,33.50793901120878,33.07132822486987,33.46824767213343,16222300
2021-10-13,32.88079833984375,33.269780645205884,32.499756117506735,33.142766571093546,28205700
2021-10-14,33.079261779785156,33.30947576160999,32.960187775163675,32.991942054364635,17590300
2021-10-15,32.93637466430664,33.36504533461441,32.84905190775631,33.261848466195694,23550300
2021-10-18,32.801422119140625,33.10308173997875,32.57914820286779,32.90462202094801,21733000
2021-10-19,33.41267395019531,33.49999669941543,32.9760632323493,33.02369162046603,17159800
2021-10-20,33.9763069152832,34.22239808329366,33.420619037093495,33.436496179699525,22788300
2021-10-21,34.023929595947266,34.206512146593774,33.682578688313285,34.18269795293474,22142300
2021-10-22,34.262081146240234,34.28589534026691,33.841347567744485,33.992175843671085,17183000
2021-10-25,34.25414276123047,34.32558836879155,33.79371483955804,34.29383409248563,22846200
2021-10-26,34.57960891723633,34.738374207337905,34.07154969284837,34.397026411016476,29729100
2021-10-27,34.11125183105469,34.57961681158882,33.8810378682954,34.50023112016088,22317500
2021-10-28,34.277957916259766,34.66693721303239,34.08743528133217,34.095375364758695,18023400
2021-10-29,34.72251510620117,34.793960728923494,34.02393602050015,34.206518605622726,30307500
2021-11-01,34.643123626708984,35.15912004131741,34.4843552661945,35.040043013867894,32681500
2021-11-02,36.079978942871094,36.548344019313944,34.174764354026074,35.786259395077984,69248000
2021-11-03,35.579856872558594,36.50864989803958,35.30995154350697,36.13554467098898,44593100
2021-11-04,35.11538314819336,35.611885651198214,34.68294972163913,35.46774015740146,38172500
2021-11-05,38.92722702026367,39.08738902407801,37.27756357419744,38.51080703228085,173959100
2021-11-08,38.7030029296875,39.07137340846863,38.11841114421961,38.927227907234936,57423300
2021-11-09,37.878173828125,38.743046930687974,37.75805460043784,38.70300718812558,29920400
2021-11-10,39.25556182861328,39.407714067872284,37.95825526722956,37.95825526722956,42696200
2021-11-11,40.18449401855469,40.44075200469258,39.02332330052202,39.423726785717,42370400
2021-11-12,39.824134826660156,40.432749904488304,39.69600581893368,40.37669059969874,27780600
2021-11-15,39.76007080078125,40.12043152530045,39.53584275205085,39.824133775535344,27763200
2021-11-16,39.720027923583984,40.16848096529063,39.15145565889557,39.61592520796707,31297200
2021-11-17,40.737056732177734,40.91323527350092,39.79210410026794,39.992305877285496,36889800
2021-11-18,41.16948699951172,41.40972848417784,40.52884202212331,40.92123573428286,32872600
2021-11-19,40.680992126464844,42.31463902467198,40.58489614858091,41.60992805890567,47966200
2021-11-22,41.001319885253906,41.21753814644477,40.344658375638566,40.80111813098493,27287900
2021-11-23,40.90522384643555,41.2015215870219,40.28059229662356,40.504820338407804,24946200
2021-11-24,40.75307083129883,41.10542789311127,40.6089253159822,40.98530561206857,18556800
2021-11-26,43.24357223510742,43.99632961501467,42.64296706517538,43.27560524399774,66561300
2021-11-29,41.9622917175293,44.604954439299824,41.73005693391581,44.16451116147749,72660800
2021-11-30,43.0273551940918,43.61194387570226,41.56988685257837,41.890210840644684,64598400
2021-12-01,43.78813552856445,44.18052932424292,41.529859593335814,42.01835244720387,59810400
2021-12-02,42.47481155395508,44.10845885714646,42.25859325898826,43.09944014730133,46361700
2021-12-03,43.45979690551758,43.57190939841783,42.52285111301234,43.011343879080265,37574800
2021-12-06,41.22555160522461,43.155496709372436,41.041366327797355,43.067407434334,53724000
2021-12-07,41.41774368286133,42.04237223567217,40.36067856817993,41.04136337291807,41575400
2021-12-08,41.16147994995117,42.50683591930048,40.865179168185726,42.24256814986149,37429200
2021-12-09,41.70602798461914,42.32264665617689,41.249565206515726,41.249565206515726,38325700
2021-12-10,42.266597747802734,42.32265400039903,40.92925135752457,41.001324118696466,26079400
2021-12-13,44.20454788208008,44.6289746228964,42.79512582359712,42.79512582359712,54923200
2021-12-14,44.4768180847168,44.80514880721435,43.49983264247898,43.86019637566801,48685700
2021-12-15,47.08744812011719,47.18354409890815,44.757100014292675,44.93327852110619,75202900
2021-12-16,49.049434661865234,49.19358018362581,46.24660982404436,46.735102641695576,75183600
2021-12-17,47.63199234008789,49.00137135690045,47.00736395799847,47.992356043153244,104192100
2021-12-20,48.865238189697266,49.41779385983425,47.91227906312701,48.528897697778625,55712200
2021-12-21,47.20756912231445,48.08044879798319,45.77412398482282,48.056422512800886,63877900
2021-12-22,47.68805694580078,48.520896971304715,46.62298520853059,47.447815453207504,62594900
2021-12-23,47.015384674072266,48.11249261376775,46.69506366311645,47.90428105455162,39203200
2021-12-27,47.40777587890625,47.55192138593216,46.63099209713732,47.127491590873056,27362600
2021-12-28,46.45480728149414,47.60797118144166,45.71005966922592,47.28764719704826,36901700
2021-12-29,46.1104621887207,46.47082284532232,45.702048964146286,45.89424396185822,26170200
2021-12-30,46.76713562011719,47.03941015490281,46.070431247237224,46.24660978587399,24559000
2021-12-31,47.28765106201172,47.88825629071171,46.79915832056194,46.871231070199386,28579600
2022-01-03,45.36571502685547,46.887246401885854,45.1174637721361,46.84720666527591,57219200
2022-01-04,43.66801452636719,45.18954938955337,43.19553816820618,45.02138061499698,66993100
2022-01-05,44.548892974853516,45.197544670968036,44.34068145017671,44.71706170682127,52956400
2022-01-06,43.916255950927734,44.54889421334993,43.635974723189435,44.17251394624169,37000400
2022-01-07,44.6209716796875,44.66101142290373,43.74809183629281,44.33268064079214,27703400
2022-01-10,45.037384033203125,45.05339748388376,43.8361736129753,44.612954274100765,34044700
2022-01-11,45.39775085449219,45.99034941940226,44.69304284547692,45.445800377539975,33576600
2022-01-12,45.36571502685547,45.77412522801461,44.76510981319809,45.1174637721361,27608500
2022-01-13,44.4768180847168,45.44579374686373,44.22056010885705,45.269615242896634,28117900
2022-01-14,44.00434875488281,44.348696036610654,43.65199169181068,44.02837198924263,27072500
2022-01-18,43.331661224365234,43.68401515555503,42.78711229581273,43.64397542209825,35598000
2022-01-19,42.87520980834961,43.63597711004214,42.80313705229797,42.963299071838996,27300400
2022-01-20,43.28362274169922,43.66000305274839,42.49883215757447,43.21154998117569,35105300
2022-01-21,42.27460479736328,43.94028186869946,42.010337005200014,43.57991808612975,41059000
2022-01-24,41.27359390258789,41.690013913097275,39.89620487204425,41.441762641013895,59036400
2022-01-25,42.074398040771484,42.314639515687084,41.03334961291316,41.12944559191218,43983200
2022-01-26,42.450782775878906,42.939275592764524,42.01033948445039,42.098428753703416,39644800
2022-01-27,43.06402587890625,44.04037208850444,42.76547530935895,42.78161359393759,36957200
2022-01-28,43.838645935058594,44.11298752485556,42.8461614909899,43.38678322385914,28590400
2022-01-31,42.51533889770508,43.68533843167835,42.27327077158794,43.572373511361235,38644600
2022-02-01,42.82194900512695,42.89456973184137,42.27325975396519,42.55567505921569,27883300
2022-02-02,43.45940017700195,43.677262371746714,42.32167743426553,42.636366245098195,32039300
2022-02-03,43.072086334228516,43.483601720062985,42.83808588048817,43.03174217139178,22635800
2022-02-04,42.76546859741211,43.11243396623989,42.466918074721654,42.78160687945788,24932200
2022-02-07,42.93491744995117,43.233471061191324,42.15223075064466,43.00753818267679,32358500
2022-02-08,41.71650695800781,41.797195294176134,40.09464492968505,40.861196435535035,67922000
2022-02-09,41.53092575073242,41.73264969072539,41.0709954137935,41.66809655245738,38522200
2022-02-10,40.82890701293945,41.45021685558762,40.65945971350679,41.183942967630834,34200600
2022-02-11,40.974159240722656,41.34533357106681,40.40933476032135,40.61105866848255,34997800
2022-02-14,40.18339920043945,40.748226721096835,39.11829728288547,40.19953748137965,42973100
2022-02-15,40.17533874511719,40.37706267565736,39.707337748793776,40.18340634799112,29150000
2022-02-16,40.08657455444336,40.974158503150285,39.884850649913375,40.01395382569006,27672600
2022-02-17,39.45719528198242,40.312502630914175,39.33615971317846,40.19147014017259,21231700
2022-02-18,39.15864181518555,39.95746979990934,38.892367872319205,39.360365711745224,26955300
2022-02-22,38.351749420166016,38.98113012288493,38.20650795631263,38.35982010041489,34814800
2022-02-23,37.81919479370117,38.86009082570839,37.746574068722474,38.40016059353075,25793000
2022-02-24,37.084922790527344,37.73043868543289,36.633063203124756,37.00423445793762,44227300
2022-02-25,38.505062103271484,38.75519778936062,36.907409056582495,36.96389150686473,31199200
2022-02-28,37.87567901611328,38.061264637980756,37.391542878899216,37.778852404282965,35296100
2022-03-01,36.915470123291016,38.037054406131666,36.66533140342427,37.67395080569998,29854500
2022-03-02,38.488922119140625,38.67450774444422,37.117198934219985,37.20595794590052,36516200
2022-03-03,38.59381866455078,39.20705797635803,38.31140335303676,38.47278309132156,30553300
2022-03-04,39.25547409057617,39.35230070545291,38.25492214330786,38.327542873981066,33217300
2022-03-07,38.71485137939453,39.408782103312944,38.34368013387712,38.93271356560584,33171300
2022-03-08,38.27912521362305,39.069882512790365,37.49643859397203,38.39209318041469,32913300
2022-03-09,39.3361701965332,39.71541220699795,38.730998347355765,38.835895663070886,24718900
2022-03-10,39.69926834106445,39.77188907587986,38.77133707154118,38.98113167348026,24542300
2022-03-11,40.562644958496094,41.07099008315752,39.489472259551164,39.650852006212546,33701900
2022-03-14,42.16029739379883,42.69284839565063,40.65947100365396,40.925748043611165,42314500
2022-03-15,42.12802505493164,42.70092028082982,41.2969234433311,42.45885217899172,30172100
2022-03-16,42.70090866088867,42.98332393456691,42.103807710711045,42.39429058509457,29891400
2022-03-17,43.76602554321289,43.774093146127164,42.596026124616266,42.700920352816425,30598600
2022-03-18,43.983882904052734,44.37926314826674,43.338366964781414,43.878988680089314,51815000
2022-03-21,43.72567367553711,44.621328329493075,43.49167627898619,43.7660209200352,34592500
2022-03-22,42.79774475097656,43.830570167498614,42.36202037410787,43.7337435542153,32253600
2022-03-23,42.111881256103516,43.16891562531179,42.08767537250858,42.78160609748023,29183700
2022-03-24,42.43464660644531,42.64443814210834,42.19257850281476,42.394302435517375,25177500
2022-03-25,42.58795166015625,42.96719360275687,42.37008946407053,42.555678173303384,17429600
2022-03-28,42.991390228271484,43.217323055957806,42.362012738282544,42.38621861772459,21863700
2022-03-29,42.55567932128906,43.6369196506251,42.45884962393045,43.57236651905269,39970000
2022-03-30,42.313602447509766,43.34643086689236,41.93436362390378,42.92684480246542,27599600
2022-03-31,41.77299499511719,42.668649805447394,41.74878910664225,41.958580655572334,26055200
2022-04-01,41.611602783203125,42.08767127528769,41.23236089413478,42.05539471492821,19073100
2022-04-04,41.103267669677734,41.85368095014609,40.643337346560095,41.78106021080841,20462800
2022-04-05,41.345333099365234,42.07960799357228,40.94995288953258,40.998367735041434,21176700
2022-04-06,42.66057586669922,42.838093910129935,41.28078492384112,41.28078492384112,31717500
2022-04-07,44.508365631103516,44.7100895513094,42.362023243235434,42.362023243235434,36305700
2022-04-08,44.51643753051758,44.847267746528885,43.94354228056916,44.25823113397567,24612200
2022-04-11,43.51588821411133,45.44436857167132,43.394852619912264,44.75043773146447,22054300
2022-04-12,42.85423278808594,43.51588704160345,42.48306149036889,43.00754186895265,22810700
2022-04-13,42.84615707397461,43.42712291733022,42.523400666159056,42.87036603615615,15777800
2022-04-14,42.86228942871094,43.49973763223405,42.797739387299394,43.08822226880674,17240100
2022-04-18,41.829471588134766,42.85422945674159,41.660024236444414,42.6282996544878,17065000
2022-04-19,40.490020751953125,41.861743863773334,39.836434219186984,41.68422584987237,33441500
2022-04-20,40.14305877685547,40.47388587179348,39.70733438506512,40.344782690307,24751800
2022-04-21,39.626644134521484,40.35284834098939,39.47333199775257,40.28829829239918,19105600
2022-04-22,38.83589553833008,39.61858236766926,38.65030987454602,39.497549845060455,22156800
2022-04-25,39.49754333496094,39.691196570441825,38.020922793621445,38.60995625847505,27390600
2022-04-26,39.562103271484375,40.54651721165307,39.473344233854284,39.52982977621625,25366500
2022-04-27,40.13499450683594,40.27216530190139,38.900441960932355,39.62664934087564,25819200
2022-04-28,40.75629425048828,40.966088824277584,39.933263470429786,40.699811806328626,28225400
2022-04-29,39.594364166259766,40.619121878278165,39.537881724327136,40.23987998696286,28343300
2022-05-02,39.00533676147461,39.34423146497488,38.29526771091722,38.472785743072244,36228400
2022-05-03,39.771888732910156,40.37706049179901,38.48892448094329,39.43299094733978,33716900
2022-05-04,40.0704345703125,40.239881904183676,38.65836729859459,39.44912460138914,28613700
2022-05-05,39.09409713745117,39.98168117297573,38.36788977888539,39.90906043711916,28333000
2022-05-06,39.57016372680664,39.71540519119711,38.763268070443026,38.80361223764868,19891400
2022-05-09,39.247398376464844,39.67505202554222,38.54540012203955,39.037606891463355,25012300
2022-05-10,39.93327331542969,40.26410046052384,39.2877542320686,39.57016960055485,27335900
2022-05-11,39.9009895324707,40.538437819119125,39.562091767164716,39.59436833111054,29699500
2022-05-12,40.99104690551758,41.02358668373758,39.63254374805518,39.860315989267065,33468400
2022-05-13,40.60871124267578,41.31643743682982,40.41347878461975,40.98291247641713,22423700
2022-05-16,41.21882247924805,41.52794419100224,40.56804237805313,40.56804237805313,19435600
2022-05-17,41.76384735107422,41.91027324211756,40.82021555499705,41.4465922882016,19918200
2022-05-18,40.99918746948242,41.82893017426884,40.80395188395574,41.666237473355025,22276000
2022-05-19,41.20255661010742,41.39778909323413,40.34027101733208,40.67379602057421,19865500
2022-05-20,42.683074951171875,42.87017400723469,41.59301728742394,41.706903399534895,31250400
2022-05-23,43.0166015625,43.68365147628855,42.69120999828727,42.77255944092242,24035800
2022-05-24,43.4477424621582,43.61043824319648,42.878308780106224,42.878308780106224,26729800
2022-05-25,43.69178771972656,43.96836963640433,43.154893775959614,43.27691639629198,24003900
2022-05-26,43.919559478759766,44.676089112188166,43.8300766449231,43.976502536080574,23516300
2022-05-27,43.854488372802734,44.261226348103506,43.53723324857445,43.86262176691638,21407500
2022-05-31,43.14676284790039,43.52096102032506,42.25193748838764,43.37453510882596,66058200
2022-06-01,42.60173797607422,43.34200102454481,42.17059668175012,43.31759773714222,17430600
2022-06-02,42.85390853881836,42.90271820754124,41.51980862536777,42.60172990516304,21903400
2022-06-03,43.276912689208984,43.54535808651546,42.67493923865247,42.67493923865247,18125000
2022-06-06,43.32572555541992,43.69992683202935,43.114223184435744,43.268782490033246,16544400
2022-06-07,43.89515686035156,43.903293356760464,43.12235416920622,43.34199302478421,15091200
2022-06-08,43.496551513671875,44.38324024949693,43.447741849099934,43.97650235422239,12789800
2022-06-09,42.12177276611328,43.64297463209382,42.05669632064812,43.33385298243418,17572700
2022-06-10,40.64939498901367,41.788259478814,40.63312509732394,41.73945290690934,23826000
2022-06-13,38.97362518310547,40.0880861524769,38.81092940360301,39.713888031835964,26989000
2022-06-14,38.98175811767578,39.42917228184202,38.41232755085302,38.84346872377993,23290300
2022-06-15,39.46171569824219,39.844050375441725,38.37979433323102,38.94922810052529,25748000
2022-06-16,38.62382888793945,39.04683665744139,38.28217055670545,38.794658053556454,20424500
2022-06-17,37.851036071777344,39.0712500326023,37.64766707830652,38.542492511476894,45047700
2022-06-21,39.13632583618164,39.404771268100404,38.19269392135532,38.49367913385947,19622100
2022-06-22,39.917259216308594,40.33213363243642,38.85974124505369,39.07124359803905,20382900
2022-06-23,40.74700164794922,40.812078096230685,39.844043042210764,40.04741198573154,20061700
2022-06-24,41.96722412109375,42.00789729770545,40.91783940742388,41.20255785003468,24343200
2022-06-27,42.203125,42.487840286218834,41.698767774178236,41.877733441609436,16154300
2022-06-28,41.21068572998047,42.27634019234022,41.00731677096889,42.16245407179998,16417900
2022-06-29,41.43846130371094,41.845199254445625,41.21068904431209,41.2676321091618,13925700
2022-06-30,42.65053939819336,43.02473754736822,41.56048162651921,42.048565899080835,33495700
2022-07-01,42.55292892456055,42.601735496525016,41.690643282935234,42.3332900412268,16143300
2022-07-05,42.00789260864258,42.211261572164794,40.99918428734429,42.09737544909861,18406800
2022-07-06,42.91085433959961,43.08168353628692,41.95908901248661,42.007895581160504,21305500
2022-07-07,43.45587921142578,43.55349854948746,42.943391650840724,43.07354766509213,17847600
2022-07-08,43.25251007080078,43.862616966987346,42.91898509167869,43.15489383629689,11322700
2022-07-11,43.024742126464844,43.71619853987657,42.91085599095724,43.11422497669638,12921400
2022-07-12,42.33328628540039,42.935256709428444,42.06483775075449,42.862043754812674,14633500
2022-07-13,42.12991714477539,42.55292498052657,41.90214178511598,42.186860208899176,12927300
2022-07-14,41.80452346801758,41.96721925877892,41.1862831869214,41.28389942011256,14023800
2022-07-15,42.097373962402344,42.22752997033345,41.02358612117969,41.519806871155794,19885700
2022-07-18,41.28390121459961,42.27634278853456,41.096802133198864,42.268206291902565,15742900
2022-07-19,41.78825378417969,41.9021399073236,41.170013500042415,41.51980836579249,13402100
2022-07-20,41.34084701538086,41.8614711203843,41.08866835688537,41.80452805284733,12774400
2022-07-21,41.58488464355469,41.60115453295803,40.820218460582375,41.13747354603723,15103800
2022-07-22,41.67436218261719,41.91840428629636,41.446589966271794,41.69876546203599,10932100
2022-07-25,42.11365509033203,42.20313795150857,41.76386014382272,41.76386014382272,12995800
2022-07-26,42.5447883605957,42.992199478771184,42.06483746211111,42.17059019653361,16632500
2022-07-27,42.260074615478516,42.50411677056179,41.641831179225576,42.25193811851593,19203500
2022-07-28,41.57965087890625,42.899510139199776,40.25159198686003,41.68622107374547,38984900
2022-07-29,41.40749740600586,41.57145565878379,40.39915837320042,41.448489314633015,25037900
2022-08-01,41.48946762084961,42.055120166513035,41.112365923740654,41.25172837070766,19709900
2022-08-02,40.73526382446289,42.194488563414794,40.686078546827844,41.727209662423896,17802000
2022-08-03,40.8746337890625,41.046788533723216,40.4483436161574,40.8172488741756,16500100
2022-08-04,40.8746337890625,41.03039239700649,40.341770291120305,40.907426062495965,17026300
2022-08-05,40.39095687866211,40.96480912887988,40.218802141769736,40.694277576126275,16376600
2022-08-08,40.63688659667969,40.83363707178381,40.12041933586873,40.48932452216227,16071800
2022-08-09,40.80904769897461,41.0795792537054,40.59590418420388,40.78445505845116,12095600
2022-08-10,40.94841384887695,41.03039140323177,40.4811349091194,40.93201771255735,17355100
2022-08-11,39.587562561035156,40.276184593783135,39.19406470335674,39.530177652243076,44048800
2022-08-12,41.0795783996582,41.30911804575349,39.80070795589205,39.80070795589205,25835500
2022-08-15,40.78445816040039,41.04679010341344,40.48933394269985,40.96481254393815,15797800
2022-08-16,40.8746337890625,41.13696572204359,40.46473975287414,40.481135889590874,12874800
2022-08-17,40.39095687866211,40.874631944628675,40.37456074268524,40.7024772077363,13607200
2022-08-18,39.82530212402344,40.59590171014617,39.66134390029181,40.48932839563416,18916300
2022-08-19,40.29258346557617,40.538519252424656,39.94827086219374,40.03844804706159,15350200
2022-08-22,40.0876350402832,40.497529046309644,39.95646908344447,40.34176732258402,13601200
2022-08-23,39.35802459716797,39.77611827190497,39.15307757585389,39.69413758703332,16248900
2022-08-24,38.88254928588867,39.35802475102955,38.84156050691429,39.267850688183266,15551500
2022-08-25,39.267845153808594,39.30883392700605,38.7513778552404,38.95632484847063,14460000
2022-08-26,38.38247299194336,39.31703078923549,38.28409930992392,39.03830275081126,16546700
2022-08-29,37.89879608154297,38.27589778331128,37.808618907806455,38.021765523409634,13400500
2022-08-30,37.5872802734375,37.99717429224158,37.546291497005726,37.988977787852505,16303000
2022-08-31,37.07900619506836,37.94798249143856,36.99702865628968,37.718439753821485,26416800
2022-09-01,38.226722717285156,38.24311885572902,37.005236984787786,37.005236984787786,19947600
2022-09-02,37.46430587768555,38.366071273997754,37.324940315132565,38.316886003767,14667700
2022-09-06,37.51350021362305,38.07095634406769,37.32494933527313,37.6774584509144,17153500
2022-09-07,37.81681823730469,37.88239964579992,37.2019772873533,37.4643091758198,15378900
2022-09-08,38.59561538696289,38.628404525879475,37.60366966272404,37.72663909719974,18271000
2022-09-09,39.21866226196289,39.34163172608204,38.612017700748254,38.69399838590881,17501700
2022-09-12,39.15306854248047,39.63674352627821,39.095683639931806,39.4154035463006,13744800
2022-09-13,37.866004943847656,38.79236621910135,37.726642490998266,38.6366076316974,16603200
2022-09-14,37.83321762084961,38.04636112582014,37.52989380787204,37.87420639558513,17162500
2022-09-15,37.66106414794922,37.94799185898867,37.46431675541577,37.80042975096688,15802000
2022-09-16,37.734840393066406,38.2185154350002,37.41512357551141,37.78402879855295,30629500
2022-09-19,37.25116729736328,37.61187603529089,36.71010731771505,37.4479178023459,16256200
2022-09-20,36.70191192626953,37.11180595743996,36.431380364620274,36.890462805338736,15369000
2022-09-21,36.005088806152344,36.87406524447497,35.98869579751283,36.734702780337,17505200
2022-09-22,36.5379524230957,36.89046152787485,35.677175612893926,35.80014194164094,18508100
2022-09-23,36.13625717163086,36.52975504322798,35.72636316447848,36.431378229896374,18871700
2022-09-26,35.931312561035156,36.34120659548597,35.800143467857325,35.914916424387926,18680200
2022-09-27,36.14445114135742,36.54614861618691,35.857526607366985,36.251024451372245,21562700
2022-09-28,36.423179626464844,36.734699929574035,36.25102490392145,36.619926987302186,16532600
2022-09-29,36.20183563232422,36.57893733759233,36.029680913907406,36.406782619175516,13559900
2022-09-30,35.87392044067383,36.57074209636515,35.84932780212055,36.21003338562138,22962300
2022-10-03,36.185447692871094,36.300217531140405,35.65258728272879,36.12806277373644,22834300
2022-10-04,36.44777297973633,36.75929328895645,36.14445230160364,36.27561825381586,28198800
2022-10-05,36.169044494628906,36.37399148788739,35.80833891230144,36.169044494628906,15673400
2022-10-06,35.324668884277344,35.890321539946626,35.28368010527117,35.87392540289548,22068200
2022-10-07,34.69342041015625,35.2918651455215,34.3655040301446,35.2918651455215,20095000
2022-10-10,34.22614669799805,34.93936133440019,34.22614669799805,34.71801821401825,17888000
2022-10-11,34.365509033203125,34.8983724464877,33.98021082692501,34.15236554423499,20981200
2022-10-12,34.455692291259766,35.36565756806637,34.36551510134295,34.504880702280765,18803600
2022-10-13,35.2344856262207,35.382047707025265,34.18515805360414,34.23434332904377,23135200
2022-10-14,35.13611602783203,35.56240618551573,34.72622200627961,35.16070866840735,16980500
2022-10-17,35.78375244140625,35.91491841460933,35.40664753210936,35.40664753210936,16678400
2022-10-18,36.14445114135742,36.36579426496842,35.759149800933514,36.111658872546265,18442800
2022-10-19,35.341060638427734,36.12805635582136,35.037739958707,35.99689040292242,23054700
2022-10-20,35.17710876464844,35.58700283234522,35.103327707373275,35.47223299374909,17715000
2022-10-21,36.84947204589844,37.02162677919312,35.24268828066189,35.50502019632324,36575700
2022-10-24,37.33314895629883,37.60367738959436,36.88226614931076,36.956047199708316,24972000
2022-10-25,37.37413787841797,37.56268875744282,36.800285609465696,37.111805948710064,23127000
2022-10-26,37.759437561035156,38.24311262092263,37.39872882856394,37.644664610639595,21407900
2022-10-27,37.49710464477539,37.80042533035091,37.44791623877271,37.55448955482365,20377700
2022-10-28,38.88254928588867,38.95633033893991,37.65286715319705,37.693855932171424,27854000
2022-10-31,38.16112518310547,38.849747127296894,38.15292868029337,38.595614885968416,29961700
2022-11-01,39.35802459716797,39.69413758703332,38.85795649204606,39.34982809230249,30614500
2022-11-02,38.58742141723633,39.489186978197125,38.489047731570786,39.16127365023096,25813100
2022-11-03,38.504737854003906,38.69490474553032,38.16574415101405,38.33110762531187,20124600
2022-11-04,39.042171478271484,39.306751796682065,38.537814260661875,39.24887504915763,24528500
2022-11-07,38.93468475341797,39.39770188783963,38.65356777074164,38.992561500964904,20304400
2022-11-08,39.149654388427734,39.480381357755135,38.653567088482774,38.89334398354283,18054500
2022-11-09,38.62876510620117,39.273679250921504,38.61222844171523,38.992562262753054,15348100
2022-11-10,39.174461364746094,39.48038176439486,38.73624765276686,39.29848161398665,20480600
2022-11-11,39.35634994506836,39.439033247593734,38.28976215187769,38.91813948084309,20909800
2022-11-14,40.71232986450195,41.191880428226376,39.629202199709496,39.67881218383781,26143000
2022-11-15,40.15837478637695,40.95211584610646,39.83591767798975,40.79502224700789,25440500
2022-11-16,39.728424072265625,40.56350823083331,39.728424072265625,40.34853475961851,15822200
2022-11-17,39.959930419921875,40.10048731512571,39.29847655952855,39.521716764304436,13231100
2022-11-18,39.877254486083984,40.373344973136334,39.579600824661846,40.21624823291557,20666500
2022-11-21,39.835914611816406,39.91859478307352,39.4555807775595,39.76976795157363,14736000
2022-11-22,40.580047607421875,40.7206045253438,39.8855234649902,39.96820363388001,16358600
2022-11-23,40.389869689941406,40.69579319426425,40.11702266240923,40.480819750467354,10710800
2022-11-25,40.68753433227539,40.69580424222956,40.38161389894792,40.45602731830287,6760200
2022-11-28,40.98518371582031,41.125743783896574,40.56350981968388,40.66272665041372,20704000
2022-11-29,40.91904067993164,41.067864350700276,40.59658045680198,40.92730743506748,17160900
2022-11-30,41.44819641113281,41.44819641113281,40.5469688138854,41.04305606846096,35572700
2022-12-01,42.233680725097656,42.2998242364596,41.57222668719858,41.59703326375009,23592600
2022-12-02,42.093109130859375,42.440372721227334,41.73757878659859,41.8037254339242,16881600
2022-12-05,41.94428253173828,42.19232615232016,41.63009226351016,42.09310933489656,17959800
2022-12-06,41.10093688964844,42.04350465933511,40.66272633280544,41.89467783737973,21787100
2022-12-07,41.53915786743164,42.29155886381122,41.13401741366723,41.13401741366723,15929900
2022-12-08,42.812442779541016,42.88685619154673,41.357251021930246,41.489541181713044,26116800
2022-12-09,42.7628288269043,43.68885979132995,42.68841542727795,42.78763224209785,19933500
2022-12-12,43.12662887573242,43.4821592367757,42.78763517730115,43.09355555050842,18532200
2022-12-13,43.87903594970703,44.681046853781766,43.72194236350579,43.90383937014766,29461800
2022-12-14,45.044837951660156,45.41690497836812,43.738473135052764,43.93690677993306,36260300
2022-12-15,44.32551193237305,45.003499357175556,44.15188169886056,44.705845725984986,21627100
2022-12-16,42.49824905395508,43.93690392501761,42.49824905395508,43.829417201164894,65689500
2022-12-19,42.465179443359375,42.83724647842131,41.9194821766172,42.59746959426517,16081900
2022-12-20,42.43210983276367,42.589203415081116,42.03523934529361,42.34115975466811,12433800
2022-12-21,42.713226318359375,43.12663346551889,42.33289249994372,42.67188623445267,12925000
2022-12-22,42.69668197631836,42.74629196051333,42.126181351281645,42.50651510130612,14822300
2022-12-23,42.85378646850586,42.95300330087644,42.36596590778502,42.630546230137384,10666500
2022-12-27,42.2750129699707,42.93646373109325,42.20886631683544,42.8785869866229,12033800
2022-12-28,42.002159118652344,42.4899796041091,41.96081904104667,42.20886266072647,10053900
2022-12-29,42.440372467041016,42.721486254353955,42.15925552568235,42.18405894125802,8971300
2022-12-30,42.365970611572266,42.498260787436294,41.96083017383747,42.407310700146034,11396200
2023-01-03,42.38249206542969,42.44037195782134,42.018694973819954,42.1757885273239,15603800
2023-01-04,41.44819641113281,41.86160350796106,40.94383924835502,41.58048655595602,21808400
2023-01-05,41.05958557128906,41.332435721561026,40.44774178688985,41.11746230242943,20057400
2023-01-06,42.101383209228516,42.66361719312638,40.97691839547909,41.32417889221502,29635900
2023-01-09,40.00954055786133,41.55568230309983,39.943397058783596,41.382052069719,30839100
2023-01-10,39.372894287109375,40.07568830248341,39.174460630425635,39.97646832009543,29212000
2023-01-11,39.232337951660156,39.47211484821072,38.74451740359521,39.43904152026317,23022200
2023-01-12,39.44731140136719,39.45558131103253,38.51301346815311,39.08351422725213,23345300
2023-01-13,39.56306076049805,39.81937431448872,39.265410278695875,39.273677033448955,18737500
2023-01-17,38.0995979309082,38.645295149260214,37.793674421404205,38.47993168678021,29391400
2023-01-18,37.20664596557617,37.90943690552958,37.18184254422732,37.6613932299017,33835000
2023-01-19,37.17356491088867,37.4298784430764,36.908984624651055,36.975131273233366,26614900
2023-01-20,37.29759216308594,37.562172476727675,36.98340185786908,37.43814907481293,25197600
2023-01-23,37.19010925292969,37.471226259364585,37.05781908249247,37.23971924961106,19398600
2023-01-24,36.96686553955078,37.16530235365999,36.50385156337288,37.14049578061749,18853100
2023-01-25,37.26451873779297,37.29759206542312,36.86764826836956,37.23144541016282,20828000
2023-01-26,36.92241668701172,36.964136295255386,36.38839806228781,36.88069707876805,38465500
2023-01-27,36.5385856628418,36.997507650000486,36.53023983265619,36.89737996878442,23798600
2023-01-30,36.33832550048828,36.83062442048072,36.2131667002877,36.53858403701125,24402200
2023-01-31,36.847320556640625,36.94744825421514,35.629090156643954,35.879410992081304,49722500
2023-02-01,36.688785552978516,36.86400982322282,36.22151764932484,36.638720111622064,24482300
2023-02-02,36.99750900268555,37.09763668756243,36.29660884254394,36.40508235791156,35279200
2023-02-03,36.76388168334961,37.03923365000794,36.61368854408065,37.01420252113049,23742000
2023-02-06,36.513553619384766,36.96413298729855,36.48852249327904,36.872347947575165,18071200
2023-02-07,36.371700286865234,36.630366884671794,36.0880025671101,36.56361298214058,22999500
2023-02-08,36.69712829589844,36.79725599586617,36.32164544226671,36.33833392276169,19362300
2023-02-09,36.16310501098633,36.98916718296142,36.07966580222196,36.81393975175339,20809200
2023-02-10,36.613685607910156,36.697124819478475,36.096352310580535,36.29661087454715,18619600
2023-02-13,36.70546340942383,36.722148702044414,36.30494636050198,36.44679681178707,17878000
2023-02-14,36.48017501831055,36.88068889801278,36.36335886793923,36.78890387043493,17506900
2023-02-15,36.14642333984375,36.38840154703303,35.97119905863871,36.229862564321664,18994700
2023-02-16,35.83768844604492,36.02960117691758,35.68749532049208,36.00457005032606,17832000
2023-02-17,36.054630279541016,36.188134918871114,35.52895755261718,35.78762100088081,18293400
2023-02-21,35.629085540771484,35.820998262510564,35.56233162903526,35.72087057790793,17356600
2023-02-22,35.36207580566406,35.7876208470111,35.30366772514587,35.645773560895975,17394200
2023-02-23,35.29532241821289,35.67080521497082,35.22857168934576,35.28697977073014,21104300
2023-02-24,34.836402893066406,35.08672371438027,34.63614432621416,35.07003523522575,16806100
2023-02-27,34.02702713012695,34.819712336154794,33.98530752623112,34.57773417735651,26370300
2023-02-28,33.851806640625,33.968622817697565,33.45129266937531,33.79339855208872,31086900
2023-03-01,33.52638626098633,34.010339406315204,33.493009303928666,33.84346098703051,21104400
2023-03-02,33.893524169921875,34.02702881881514,33.217658277463045,33.426259490296395,19110600
2023-03-03,34.33576202392578,34.360793151720465,33.99365615105638,34.13550345256227,20922000
2023-03-06,34.30238342285156,34.4275422388358,34.060405255746105,34.28569494411996,19434800
2023-03-07,33.659889221191406,34.31906976657334,33.45963067187223,34.26066168614726,23205800
2023-03-08,33.476322174072266,33.85180499859366,33.30109791696293,33.64320378308199,16756100
2023-03-09,32.92561340332031,33.851803261957855,32.80045459023527,33.7182986181994,18585100
2023-03-10,32.86720275878906,33.31778208997923,32.73369812543659,32.78376355656934,26328100
2023-03-13,33.25938415527344,33.80174550111407,32.75873924026381,32.75873924026381,35299400
2023-03-14,33.29275131225586,33.50135250297676,32.97567661111965,33.417910116887455,24583600
2023-03-15,33.609825134277344,33.81842633929744,32.92561343645157,33.17593424587533,25498400
2023-03-16,33.68492126464844,33.78505213353892,33.14256004833287,33.4262578108524,21095900
2023-03-17,33.459625244140625,34.035366490661985,33.36784340621801,33.90186187377319,57457800
2023-03-20,34.052066802978516,34.09378641344631,33.32613221222952,33.49301383710293,20825400
2023-03-21,33.926902770996094,34.135503993932126,33.63486233208648,34.093784385945334,19982000
2023-03-22,33.3845329284668,34.08543305169662,33.36784763436745,33.96027424794223,15444200
2023-03-23,33.52638626098633,33.793395551444014,33.376193137228654,33.518040430221006,16958100
2023-03-24,33.70160675048828,33.7600148273209,33.26771590615921,33.451285966491135,17218100
2023-03-27,33.559757232666016,33.893517194711166,33.35115606276232,33.82676647550264,20262800
2023-03-28,33.367855072021484,33.626518567237255,33.25938153818783,33.54307934613583,13537500
2023-03-29,33.58479309082031,33.601481568726264,33.36784924404632,33.509696531744375,14429500
2023-03-30,33.69326400756836,33.78504903747257,33.58479050104507,33.72663777780507,12634500
2023-03-31,34.04371643066406,34.0687507400077,33.609825537062235,33.83511522314406,23393600
2023-04-03,34.50263977050781,34.60277064570924,33.91855891350922,33.95193268890775,20817200
2023-04-04,34.127159118652344,34.65283187438819,34.0103397677092,34.57773531171137,19514500
2023-04-05,34.66952133178711,35.22857424371875,34.352446593422926,34.452577468486524,29697600
2023-04-06,34.62779998779297,35.12844160598203,34.519326470084685,34.986594314595784,25931800
2023-04-10,34.8197135925293,34.82805942341065,34.31072613083015,34.33576044047234,15137300
2023-04-11,34.869773864746094,35.03665544463819,34.79467731294472,34.878116511390076,15304100
2023-04-12,34.51932907104492,34.869780776584506,34.43588985606036,34.736276122808,17035100
2023-04-13,34.6027717590332,34.7946845015077,34.4609212727682,34.652834015242696,22880900
2023-04-14,34.369136810302734,34.80302774184336,34.15219293603347,34.636146124635104,20627500
2023-04-17,34.36079406738281,34.444233284256626,34.1772239706579,34.310728627457266,17608600
2023-04-18,33.83511734008789,34.48595531271217,33.81842886048193,34.444232522196266,18541500
2023-04-19,33.57645034790039,33.84345962763306,33.54307339218339,33.73498611305364,17214300
2023-04-20,33.25102996826172,33.534727727252985,33.20096771744083,33.442945873080795,20131600
2023-04-21,33.551422119140625,33.62651869161056,33.301101271908244,33.45129441684813,19227100
2023-04-24,33.30109786987305,33.54307604344488,33.134216261099304,33.53473021235512,17633700
2023-04-25,32.817142486572266,33.3094382655118,32.77541969994875,33.167590976597374,24492400
2023-04-26,32.23305130004883,32.70031584923242,32.04113861977685,32.67528472924073,22401400
2023-04-27,32.32484436035156,32.39994092201301,31.966050030524862,32.224713489468435,22434000
2023-04-28,32.44999694824219,32.46668542352068,32.22470730648438,32.29146120759834,21015300
2023-05-01,32.71701431274414,32.97568096930494,32.42497388033839,32.541790053300694,23917800
2023-05-02,32.59185028076172,33.476317267782456,32.23305598802639,32.78376298894549,38834100
2023-05-03,32.082862854003906,32.86720216285314,32.00776630016717,32.70866640830957,27721900
2023-05-04,31.899301528930664,32.06618315904874,31.72407724965774,31.849236084994537,23675100
2023-05-05,32.116241455078125,32.124584102376204,31.78247826912551,32.02445641979107,19225100
2023-05-08,32.26642990112305,32.3164953316102,31.999420637861217,32.14961374632119,20101700
2023-05-09,32.10789489746094,32.266430656546326,32.03279834147279,32.10789489746094,15987900
2023-05-10,31.95770263671875,32.308154301665354,31.77413574841496,32.26643151600382,15858200
2023-05-11,31.696245193481445,31.755285304777658,31.384172356693174,31.713111038899143,28566400
2023-05-12,31.502243041992188,31.81431578430054,31.401031912903854,31.72153757536799,16541300
2023-05-15,31.341995239257812,31.510682617773313,31.215478901010155,31.46007543898542,16650400
2023-05-16,31.215484619140625,31.409477231308188,31.06366948985535,31.223920759206027,25451700
2023-05-17,30.996187210083008,31.249216666268335,30.79376171466829,31.19017656707323,23206400
2023-05-18,30.768455505371094,31.021484926779273,30.506989946697903,30.96244483569882,27772400
2023-05-19,31.013059616088867,31.75528222277685,30.802201176940134,30.91184846618192,33068300
2023-05-22,32.68305587768555,32.78426702080948,30.996188477546937,31.088966699345637,85718600
2023-05-23,33.433712005615234,33.855428863844374,32.050481225414735,32.514369125977936,75379500
2023-05-24,32.58183670043945,33.85541985782488,32.55653150781512,33.82168174595473,39326400
2023-05-25,31.9070987701416,32.48063073246989,31.755280445058027,32.48063073246989,30266600
2023-05-26,31.713104248046875,32.42158864933561,31.679369346990512,32.084217116663496,20234600
2023-05-30,31.215484619140625,31.510688389979947,31.139575445775627,31.510688389979947,24371100
2023-05-31,32.067344665527344,32.23603202274273,31.09739477462168,31.291384109314066,46166300
2023-06-01,32.067344665527344,32.22759588528791,31.797446180960222,32.15168673541317,20256100
2023-06-02,32.3541145324707,32.60714397775417,32.18542716313374,32.26133631846317,22736400
2023-06-05,32.59871292114258,32.91078248092163,32.44689460180268,32.455327522901946,18392200
2023-06-06,32.362548828125,32.77583273968819,32.29507580798976,32.733661699923154,19508200
2023-06-07,32.80113220214844,32.944517587275804,32.16012408157086,32.345677285782244,25295100
2023-06-08,32.969818115234375,33.05416018457957,32.66618151768172,32.927647080561776,17347600
2023-06-09,32.86861038208008,33.39153834438663,32.78426508658287,33.13007275451134,19775100
2023-06-12,33.65300369262695,33.79638586777664,32.88547920505552,32.90234504658982,28334600
2023-06-13,33.973506927490234,34.04941608588354,33.27345866003559,33.45901187809605,26533800
2023-06-14,33.19755554199219,34.024120296311864,33.16381741713555,34.00725123388354,22056400
2023-06-15,33.526493072509766,33.593969319922174,33.130078162573305,33.23972545589618,19905900
2023-06-16,33.78794860839844,34.04097802569443,33.610825120592,33.619261257719906,60338600
2023-06-20,33.18067932128906,33.62769811814505,33.17224640061652,33.4927488652766,26881200
2023-06-21,32.8095703125,33.09633788255194,32.691486898701164,33.06259976432371,17982900
2023-06-22,32.66619110107422,32.88548569361688,32.39629253905606,32.84331142912776,18039800
2023-06-23,32.30351257324219,32.78426956215307,32.286643511839856,32.64932028837887,23492200
2023-06-26,31.11426544189453,31.24921469116017,30.498559291029803,31.22391271237408,56135500
2023-06-27,30.71785545349121,31.207048570043582,30.59977524396323,31.173310448051474,32414900
2023-06-28,30.60820960998535,30.81906803405396,30.388915047185243,30.78532991401637,30062000
2023-06-29,30.464826583862305,30.5491718905326,30.161189914738166,30.355182511357615,26284900
2023-06-30,30.93714714050293,30.99618723975455,30.48169218846689,30.540732287718512,30867900
2023-07-03,30.911842346191406,30.987751497954076,30.6588096953533,30.785326020772352,14115800
2023-07-05,30.75160026550293,31.22392442381351,30.692560147894746,30.852814653498477,26829400
2023-07-06,30.051544189453125,30.591341252677307,30.043108050527835,30.53230114997743,30177300
2023-07-07,29.967201232910156,30.169626756184915,29.815382894815222,29.958768310769123,22903300
2023-07-10,30.093711853027344,30.37204327487126,29.97563166088484,30.000933639931397,17777500
2023-07-11,30.38047981262207,30.397348871356396,30.043105072823508,30.059974131557833,17731300
2023-07-12,30.355180740356445,30.574472090016254,30.29613742040975,30.532301047863708,17229700
2023-07-13,30.41421890258789,30.667248356805466,30.296135487671886,30.37204464568157,16664400
2023-07-14,30.633514404296875,30.776899818901274,30.3720487761621,30.616645342729036,17915100
2023-07-17,30.245534896850586,30.464826256951262,30.178058652238423,30.464826256951262,20557300
2023-07-18,30.5660343170166,30.768456574197373,30.26239771380168,30.296132611702628,22808300
2023-07-19,30.73472785949707,30.954022458868273,30.540738463096236,30.650385762781838,18589700
2023-07-20,31.013059616088867,31.266089099578455,30.667251904582724,30.700990027033185,22358400
2023-07-21,31.544422149658203,31.56972413146321,31.0383599914481,31.0383599914481,24149700
2023-07-24,31.637195587158203,31.881792123962807,31.519115387995736,31.55285350702619,19414700
2023-07-25,31.257652282714844,31.814318364004322,31.249216144431223,31.544419852921184,21771000
2023-07-26,31.384170532226562,31.502250747954587,31.004624683497497,31.09740291512511,20983700
2023-07-27,30.87247085571289,31.563261615211584,30.855413851945034,31.42680883835955,25346300
2023-07-28,30.7616024017334,31.08567897141721,30.71896151834389,31.00039395134733,24054100
2023-07-31,30.75307273864746,30.863938374752188,30.633673721372986,30.85541150016358,40265200
2023-08-01,30.369300842285156,31.486506943877522,30.16462004893822,30.59956551481639,40931600
2023-08-02,30.147560119628906,30.608089420003083,30.08786223846453,30.38635489757692,34301600
2023-08-03,29.849071502685547,30.087863033654035,29.780843491957057,30.002581273534037,25676500
2023-08-04,29.86612892150879,30.139034461644066,29.55910937553394,29.806431037934864,25746500
2023-08-07,30.428993225097656,30.573972851971863,29.763786460304942,29.857595084775763,31069100
2023-08-08,30.394882202148438,31.017448152593992,30.18167455117569,31.017448152593992,25225500
2023-08-09,30.565448760986328,30.75307253359031,30.284013102080355,30.360767986028296,17210500
2023-08-10,30.463111877441406,30.77865830721047,30.36076985701029,30.548393641176585,18955200
2023-08-11,30.73601531982422,30.94069284008386,30.352240902724226,30.37782477943405,16609400
2023-08-14,30.7616024017334,31.136846730168273,30.548394731494994,30.548394731494994,20295500
2023-08-15,30.18168067932129,30.625153073782947,30.156096797062943,30.5995691915246,20484300
2023-08-16,30.25843048095703,30.40341338033814,29.84054529245702,29.968467935485506,22215600
2023-08-17,31.136842727661133,31.315939620140313,30.35224016362071,30.360767037886173,31113600
2023-08-18,31.2647762298584,31.42681290669314,30.97481363484959,31.085682547047696,24145100
2023-08-21,31.563262939453125,31.716772726513543,31.247716489736025,31.30741437878275,28496500
2023-08-22,31.41827964782715,31.68265830680996,30.463110280251797,31.56325928923378,18524100
2023-08-23,31.2647762298584,31.66560773706531,31.179494453269847,31.631493725113398,19370900
2023-08-24,30.838354110717773,31.247712404935957,30.7530723527396,31.11125964019656,19380800
2023-08-25,31.025978088378906,31.29035349184227,30.667787545251322,30.821297313264495,16421300
2023-08-28,30.88099479675293,31.14537345009819,30.72748503071897,31.07714544150954,15101900
2023-08-29,30.829830169677734,31.50356392970797,30.701904267247865,30.923638811063352,21076500
2023-08-30,30.616626739501953,30.91511621543794,30.54839871455013,30.85541832025074,16833000
2023-08-31,30.17314910888672,30.6933763224816,30.17314910888672,30.6507321876303,27919500
2023-09-01,30.5142822265625,30.753077041230032,30.36077243616588,30.394886445874246,17522500
2023-09-05,30.17314910888672,30.94922486513577,30.147561977317793,30.667789190912675,25856100
2023-09-06,29.311786651611328,30.087862363257557,29.217974765595212,30.07080536095549,35370200
2023-09-07,29.23503875732422,29.54205836558175,29.030361187346745,29.397078691288648,26777700
2023-09-08,29.20945167541504,29.3288474537077,29.03888488358654,29.19239467090309,19467700
2023-09-11,28.945068359375,29.252087884939815,28.60393808352888,29.20092013287264,27574400
2023-09-12,29.124168395996094,29.17533615358781,28.783034830027596,28.970658616639348,17987200
2023-09-13,29.064470291137695,29.52499637245013,28.99624227714132,29.175335933945647,23853300
2023-09-14,29.124168395996094,29.3203190577762,28.979185491807705,29.200923285674463,23759900
2023-09-15,29.05594253540039,29.354431987781727,28.834207978387262,29.047415659599938,58063800
2023-09-18,28.689218521118164,29.0985767853009,28.51865176438612,29.0985767853009,25421900
2023-09-19,28.987714767456055,29.004768517291048,28.586883327229046,28.61246720527223,30323300
2023-09-20,28.672168731689453,29.073000222832647,28.61247083981167,29.064473346832013,24651400
2023-09-21,28.015485763549805,28.64658188078164,27.998432013316393,28.54424311292729,26980600
2023-09-22,27.879030227661133,28.220163757779343,27.716993590164734,28.21163688350709,28570800
2023-09-25,28.126358032226562,28.126358032226562,27.640244760018835,27.87903633140757,19443700
2023-09-26,27.631715774536133,28.109298880855967,27.597601766001596,27.904621336230583,26015500
2023-09-27,27.375865936279297,27.716999539621874,27.205300761253586,27.657301647030593,26430100
2023-09-28,27.36733627319336,27.563486936488214,27.094430719627404,27.341752394199933,28197600
2023-09-29,28.288393020629883,28.339564034290742,27.546431215647758,27.58907210038632,42421400
2023-10-02,28.945068359375,28.962125361160872,27.93872802704163,28.100767917362194,44620600
2023-10-03,28.910959243774414,29.090052892716706,28.748919344291807,28.859788235523492,31059900
2023-10-04,28.407791137695312,29.064471152053386,28.151939330921127,28.945072124023028,23722300
2023-10-05,28.544240951538086,28.808616352917372,28.18605041123413,28.527183949305467,21279400
2023-10-06,28.25428581237793,28.621003323097813,28.203114792292116,28.58688930970727,23760400
2023-10-09,28.313976287841797,28.544240937936646,27.947258873241537,28.19458052556088,17468100
2023-10-10,28.288393020629883,28.484546946351024,28.151940237491896,28.21164138007505,19212100
2023-10-11,28.237218856811523,28.424842611062303,27.989897226806445,28.34808773462246,24221200
2023-10-12,28.07518196105957,28.331033745247066,27.9472593222564,28.23722185815039,21809900
2023-10-13,27.384389877319336,28.134881683101373,27.307634996576965,28.092237552351953,32388100
2023-10-16,28.37367820739746,28.928016218784805,27.76816918205349,27.99843386492183,63317400
2023-10-17,27.93020248413086,28.30544678143533,27.46114629917762,28.143410136681474,40015800
2023-10-18,26.787412643432617,27.87050804250078,26.77035563872788,27.751112262858637,30307600
2023-10-19,26.599788665771484,26.864165714164457,26.360995496053235,26.761825319529382,26880300
2023-10-20,26.139257431030273,26.531560350880113,25.9942761647057,26.48891784511096,39407900
2023-10-23,26.30129623413086,26.77035242060632,26.0369191995708,26.2415983514862,29412100
2023-10-24,25.951637268066406,26.463335989868764,25.85782537485311,26.335410089434127,26923800
2023-10-25,26.20748519897461,26.43774986236428,25.77254137700924,25.97722053558494,28857900
2023-10-26,26.574203491210938,26.753298777390107,26.01133538032569,26.105147274355033,27162700
2023-10-27,25.67873191833496,26.548617962913564,25.60197702813017,26.48892007645326,33877100
2023-10-30,26.05397605895996,26.164844955879758,25.67873173907322,25.789599009347622,33063500
2023-10-31,26.062503814697266,26.284239975543958,25.329070572899354,25.832240778927357,42648200
2023-11-01,26.01986312866211,26.505976335199076,25.98574912213197,26.062504010179424,23568300
2023-11-02,26.011333465576172,26.139257731061424,25.7640118092121,26.019861966827893,29640900
2023-11-03,26.65948486328125,26.770352126023443,26.301295944709516,26.352465325463967,28071000
2023-11-06,26.59126091003418,26.78741157638871,26.403637119046863,26.71065668492034,27381200
2023-11-07,26.650959014892578,26.770354790752755,26.343939446514472,26.505977732785745,18086400
2023-11-08,26.284238815307617,26.693597112656878,26.053974163056676,26.369522200583365,29398300
2023-11-09,25.653282165527344,26.370675090772178,25.61006473112913,26.35338811701289,28737700
2023-11-10,25.480417251586914,25.774289228794057,25.09147021016098,25.713786465588466,33844100
2023-11-13,25.048246383666992,25.376692226681403,25.005030606280155,25.359405256296174,35519900
2023-11-14,25.290264129638672,25.67921115038044,25.056894928047672,25.143328148849143,40084300
2023-11-15,26.094087600708008,26.23238008035741,25.247044102134947,25.247044102134947,43614600
2023-11-16,25.731069564819336,26.318813430708776,25.4717699276806,26.163233978140816,32407200
2023-11-17,25.860719680786133,25.938509410444173,25.705140221470057,25.860719680786133,27009200
2023-11-20,25.912578582763672,26.050871067173336,25.722426828844494,25.843432340558838,26335700
2023-11-21,26.189165115356445,26.24102603653906,25.72242836474876,25.94715407747711,25988700
2023-11-22,26.206449508666992,26.431175199267734,26.05087005759137,26.266952262179426,19226800
2023-11-24,26.362028121948242,26.534894539555488,26.25830794166863,26.25830794166863,11129700
2023-11-27,26.050870895385742,26.57811201908108,25.955795843341335,26.57811201908108,26066700
2023-11-28,25.661922454833984,26.024940615662782,25.618705025820823,26.024940615662782,29497700
2023-11-29,25.99901008605957,26.120015589807704,25.696494678112888,25.731068621227408,26185200
2023-11-30,26.336097717285156,26.37067166030613,25.895289835225803,26.197805242353947,45356600
2023-12-01,24.987747192382812,25.41126813564294,24.46050606062513,25.039606462343357,103624000
2023-12-04,25.30755043029785,25.61870770889873,25.082824721622675,25.082824721622675,47410400
2023-12-05,25.143325805664062,25.584133706952386,25.126038833399484,25.24704434209872,39853000
2023-12-06,24.8840274810791,25.41126693944122,24.82352307896742,25.143325467252183,33410500
2023-12-07,24.74573516845703,24.979104362275866,24.633373139160838,24.90995811765286,35782900
2023-12-08,24.875383377075195,25.039604661569356,24.711160444004683,24.763019710235664,31890700
2023-12-11,24.754377365112305,24.90131333335116,24.58151258685134,24.87538452332905,37833900
2023-12-12,24.702518463134766,24.944531134583862,24.50372322332468,24.737092408445974,48587500
2023-12-13,23.043006896972656,23.10350965240598,22.265111265473656,22.7145626609447,158100700
2023-12-14,22.58491325378418,23.613465098286404,22.481194709803763,23.129441379699223,101889800
2023-12-15,23.01707649230957,23.32823540507243,22.541696285434263,22.584912068395127,138388400
2023-12-18,23.388734817504883,23.59617351350373,23.094862919362463,23.267729323649608,63329400
2023-12-19,24.339502334594727,24.408648582476893,23.570250120833556,23.578893607890897,70094700
2023-12-20,23.88140296936035,24.425931012638436,23.864117647037837,24.36542826306893,56184300
2023-12-21,24.469148635864258,24.5123660663691,24.01105541254776,24.080201652779103,51056600
2023-12-22,24.546937942504883,24.884027300373646,24.35678619726391,24.581511886317628,35162300
2023-12-26,24.555580139160156,24.65930031657616,24.417287668323016,24.572867110158874,30119100
2023-12-27,24.728450775146484,24.83216932169936,24.469151111611144,24.607443606066028,35000700
2023-12-28,24.8840274810791,25.091466199732846,24.70251757189683,24.728448029944698,30472900
2023-12-29,24.8840274810791,24.95317372063035,24.6679452764094,24.875383995063146,30363100
2024-01-02,25.69649887084961,26.171880774781293,24.9186031581883,24.961818945556356,57948700
2024-01-03,25.69649887084961,25.96444202797672,25.419913875110176,25.929868079220984,43426500
2024-01-04,25.143325805664062,25.88664912727689,25.091466537446735,25.748356646313074,45558200
2024-01-05,25.471769332885742,25.48905630467327,24.84945318572211,25.08282235912461,33612800
2024-01-08,25.56684684753418,25.653280060662166,25.212472157428213,25.376695097513746,32972100
2024-01-09,25.41126823425293,25.8088603683639,25.342121991178388,25.58413466622752,39856900
2024-01-10,25.05689239501953,25.402623594698508,24.961815696891662,25.376694785082837,37413300
2024-01-11,24.546937942504883,24.996389320612316,24.434575922266212,24.918599595610015,46884700
2024-01-12,24.806236267089844,25.01367497329686,24.581510589888165,24.59879591230653,30373500
2024-01-16,24.477792739868164,24.823523949752314,24.391359525253012,24.719805411075292,38826000
2024-01-17,24.330856323242188,24.65930220303908,24.140704573438377,24.33949980940278,33312600
2024-01-18,24.278995513916016,24.313567807787738,23.85547461038545,24.23577973443228,50321100
2024-01-19,24.443220138549805,24.529651703511373,24.140704715455037,24.22713792899303,35549300
2024-01-22,24.469148635864258,24.737091759265066,24.140704406909478,24.477792121965226,41663900
2024-01-23,24.5728702545166,24.76302201410552,24.330857575295383,24.581513741121984,33466700
2024-01-24,24.48643684387207,24.875385495163478,24.48643684387207,24.667946764000224,42720700
2024-01-25,24.10040855407715,24.495210247108677,24.082863113686205,24.40747635161446,47605500
2024-01-26,24.10040855407715,24.486436690220767,24.003902775079897,24.24078211751394,47073800
2024-01-29,24.109182357788086,24.240782365684254,23.960035235936456,24.144276585699004,67082700
2024-01-30,23.70560646057129,24.890009762664764,23.64419324111347,24.468887435810938,86072400
2024-01-31,23.75824737548828,24.13550194161398,23.495047371550957,23.837207711346444,81192100
2024-02-01,23.942485809326172,23.977578358009854,23.451176740677713,23.775791601270992,53883000
2024-02-02,23.626646041870117,23.863527036093465,23.416085715910935,23.845979923917355,51718500
2024-02-05,23.310806274414062,23.63542117783164,23.266940164426337,23.63542117783164,42633400
2024-02-06,24.126726150512695,24.3285129130683,23.31080387113563,23.38976419968081,56958700
2024-02-07,24.179367065429688,24.2583273980689,23.951259623736938,24.170593509204803,36843000
2024-02-08,24.188140869140625,24.293421871531695,24.04776731487571,24.179367312825974,29048400
2024-02-09,24.179367065429688,24.20568773410434,24.021446400151266,24.179367065429688,29062700
2024-02-12,24.26710319519043,24.582944554913006,24.144276743469383,24.161823857539503,30323700
2024-02-13,23.661741256713867,24.416250431383315,23.56523547564992,24.16182396972484,37927500
2024-02-14,23.78456687927246,23.83720654280247,23.60909910299279,23.696832991132624,25270200
2024-02-15,24.135501861572266,24.398701864636728,23.88107374167645,23.907394411336817,36111600
2024-02-16,24.232011795043945,24.46889115273782,23.872302633006612,24.17059689287222,35935300
2024-02-20,24.205686569213867,24.68822042466749,24.144273351979916,24.223233680819185,34232000
2024-02-21,24.275875091552734,24.28464864798761,24.003901535610726,24.214461869893388,27348300
2024-02-22,24.170595169067383,24.302196848093356,23.85475549020569,24.20568939637694,31957500
2024-02-23,24.354835510253906,24.64435618006627,24.293422288382313,24.34606195378871,33182600
2024-02-26,23.84598159790039,24.2758758360853,23.749474147541694,24.2758758360853,45685500
2024-02-27,23.591552734375,23.863527963520564,23.52136595632755,23.79334118547311,38598400
2024-02-28,23.723155975341797,23.89862209536498,23.53014106791593,23.65296751927065,31010200
2024-02-29,23.302032470703125,23.8547548216438,23.293258914121626,23.74947381605064,54643200
2024-03-01,23.32835578918457,23.600329380552047,23.258169001948286,23.538916150893424,46392100
2024-03-04,22.714218139648438,23.214299163711612,22.468565242710657,23.073925601637207,86777700
2024-03-05,22.880910873413086,23.1792050916289,22.53875054744161,22.6966712127776,73646100
2024-03-06,23.854755401611328,23.95126117958447,23.503821496743413,23.600327274716555,84919500
2024-03-07,23.503820419311523,23.968807194426862,23.477499750133667,23.863527864484997,46423800
2024-03-08,23.881072998046875,23.951259774904184,23.556459782601113,23.58277877805713,45906600
2024-03-11,24.890012741088867,24.907558182044415,23.96003576166281,23.96003576166281,52600100
2024-03-12,24.574169158935547,24.863689825887434,24.354835269627,24.83736915675189,48758200
2024-03-13,24.758407592773438,25.170756355154957,24.73208859833015,24.81982248437205,39273000
2024-03-14,24.6794490814209,24.81105075687445,24.363609411132895,24.784730087106777,36428000
2024-03-15,24.512758255004883,24.811052506534786,24.442571470726374,24.530303696035812,75727900
2024-03-18,24.319740295410156,24.591715514616816,24.223234524987053,24.574168402399987,36226500
2024-03-19,24.240779876708984,24.372381544477552,23.968806331864396,24.275874101016527,29026600
2024-03-20,24.30219841003418,24.33729096621433,23.872302464786337,24.10918349419597,34468000
2024-03-21,24.26710319519043,24.60049166898313,24.240782524085247,24.346063535121072,29633700
2024-03-22,24.003904342651367,24.425025060462975,23.986357227729638,24.100410127950912,28830100
2024-03-25,24.065317153930664,24.109183267088877,23.77579645628559,23.898622911836544,31110600
2024-03-26,24.205686569213867,24.24077911903984,23.96003202689339,24.08286013474596,38220300
2024-03-27,24.37238311767578,24.512756677197405,24.161822778393347,24.310968221173347,34247600
2024-03-28,24.346059799194336,24.670674666139504,24.319739132128085,24.40747301563094,40466700
2024-04-01,24.319740295410156,24.45134196365164,24.19691385666181,24.354834519843813,26596600
2024-04-02,24.170595169067383,24.34606295884544,24.04776872025366,24.18814228272216,32451500
2024-04-03,23.881072998046875,24.34606144059201,23.863527558871116,24.135501110020087,36828600
2024-04-04,23.380992889404297,24.038994574885006,23.37221933279171,23.960034238756535,41922700
2024-04-05,23.389766693115234,23.424860919936336,23.117793128791057,23.30203279944732,39880500
2024-04-08,23.319580078125,23.53014042038934,23.26694041090513,23.33712719165991,24431400
2024-04-09,23.49505043029785,24.056544737601897,23.380995853261073,23.486276872573097,45127800
2024-04-10,23.091472625732422,23.32835363833407,22.95109906420215,23.266940414337682,44541600
2024-04-11,23.109018325805664,23.20552577097416,22.92477699170078,23.117791882037775,32814500
2024-04-12,22.68790054321289,23.09147414074432,22.661579871179768,23.030060912718668,43034100
2024-04-15,22.73176383972168,22.959871282254365,22.591390286376143,22.73176383972168,35660200
2024-04-16,22.53875160217285,22.801951607793136,22.5299780455342,22.652804491705687,28885300
2024-04-17,22.301870346069336,22.538751352534803,22.161496788175313,22.538751352534803,43828900
2024-04-18,22.27555274963379,22.33696598051204,22.135179172373487,22.24046019201123,35788400
2024-04-19,22.81072425842285,22.81072425842285,22.240456486639232,22.275549038415193,38372800
2024-04-22,23.03883171081543,23.249392041707743,22.749311046665404,22.8107242673359,35678700
2024-04-23,23.091472625732422,23.22307263049394,22.977419734508395,23.10024618250117,24297800
2024-04-24,23.047605514526367,23.10901873585614,22.84581873776147,23.030058401750782,24547800
2024-04-25,22.1614933013916,23.187975827855286,22.152719746230513,23.047602292046967,47661400
2024-04-26,22.284324645996094,22.407152771980286,22.10885852419497,22.222911419696455,46526500
2024-04-29,22.494882583618164,22.67912391614216,22.407150368819316,22.442242920061908,39995300
2024-04-30,22.477338790893555,22.661578463526233,22.451018120495377,22.503657787906874,38017700
2024-05-01,23.84598159790039,24.08286260875274,22.828272447629008,23.10024601191235,97388900
2024-05-02,24.30219841003418,24.51275876726998,23.793343795034758,23.872302464786337,69649000
2024-05-03,24.39870262145996,24.486436516331135,24.1442761670569,24.44257040558798,60568900
2024-05-06,24.705772399902344,24.854919531139643,24.530304596075528,24.547851711135205,59899700
2024-05-07,24.36360740661621,24.99528836860546,24.038992533061865,24.819822271411898,65606400
2024-05-08,24.802278518676758,24.863691744681,24.14427679997148,24.30219748020233,39087800
2024-05-09,25.096166610717773,25.158505999822935,24.33027880486357,24.72212857746583,47831100
2024-05-10,24.94476890563965,25.185222278302852,24.86461778141858,25.149598801484213,25849800
2024-05-13,25.32771110534668,25.514729250354847,25.087257748661248,25.105069485887004,39609800
2024-05-14,25.274276733398438,25.541447704799165,25.1050703199942,25.425673107605938,23530900
2024-05-15,25.666128158569336,25.817524542723724,25.36333539026056,25.372241259754457,38376300
2024-05-16,25.755184173583984,25.85314703566342,25.532542540582263,25.710656526431986,40077800
2024-05-17,25.50582504272461,25.746278415068776,25.39005214045938,25.73737254587593,26106400
2024-05-20,25.407865524291992,25.56816608428185,25.345524435904803,25.523638434054828,22423300
2024-05-21,25.434581756591797,25.53254462667512,25.220845975281733,25.354430626272897,28119900
2024-05-22,26.360769271850586,26.387485180272574,25.309900508858107,25.354428155308636,46987500
2024-05-23,25.55035400390625,26.209373026664164,25.532542265788805,26.209373026664164,42031300
2024-05-24,25.719558715820312,25.81752157035379,25.42567185084061,25.532540573842653,22589100
2024-05-28,25.20302963256836,25.719558101053554,25.051633269463007,25.648312853628724,32371200
2024-05-29,24.775562286376953,25.087260932907572,24.659789376956365,25.078355063164302,24241700
2024-05-30,25.113975524902344,25.113975524902344,24.748843402400652,24.855710429238783,23298600
2024-05-31,25.523637771606445,25.603788898831592,25.14959974409607,25.238656740859668,78290100
2024-06-03,26.10250473022461,26.29843045552977,25.5058250823442,25.523636820757552,38177200
2024-06-04,26.262807846069336,26.476543618225904,25.977826816527244,26.093599722795872,46309500
2024-06-05,26.316238403320312,26.37857948281126,25.977823893473094,26.325144271819017,27346700
2024-06-06,25.6483154296875,26.307336157833593,25.63941125915818,26.14703391037216,35360400
2024-06-07,25.452390670776367,25.870956317047508,25.425673064095772,25.60378704472479,27526200
2024-06-10,24.998201370239258,25.247560601613255,24.60635163482892,25.247560601613255,36977900
2024-06-11,24.96257972717285,25.229748999016035,24.837899261508007,24.891334474773284,29573500
2024-06-12,24.633071899414062,25.140694587147472,24.544014900126225,25.08726106702316,32507900
2024-06-13,24.624162673950195,24.686502055370052,24.223408779699373,24.490578042533254,33945200
2024-06-14,24.517295837402344,25.13178548638487,24.428238849563776,24.713219851750587,29461900
2024-06-17,24.027484893798828,24.47276816476747,23.929523729247922,24.44605225562671,32194600
2024-06-18,24.410429000854492,24.454956648908404,24.00076920317164,24.02748511255563,29817800
2024-06-20,24.704313278198242,24.900237286956038,24.17887893342613,24.223408275385204,29693400
2024-06-21,24.704313278198242,24.837897906834044,24.54401104438699,24.731030883373688,52487000
2024-06-24,25.256465911865234,25.300993556409008,24.69540807833743,24.891333791019857,35414100
2024-06-25,24.926956176757812,25.336617650789915,24.873522662273906,25.29208830653599,24721600
2024-06-26,24.41933250427246,24.873521604625076,24.107633902231953,24.855709867680883,30745800
2024-06-27,24.75774574279785,24.784463346843275,24.10763266527833,24.374803609870636,28399600
2024-06-28,24.918052673339844,25.042733150465757,24.615259898152704,24.739940375278618,33189200
2024-07-01,25.13178825378418,25.496920415370333,24.882430698722967,24.891336568349576,26209000
2024-07-02,24.784465789794922,25.185221396874685,24.65978702253491,25.131786183516844,21989800
2024-07-03,24.668691635131836,24.980388537408157,24.597446386237145,24.864615644937054,15180100
2024-07-05,24.980390548706055,25.016014025331987,24.641976013863985,24.722127137651476,17268700
2024-07-08,24.873525619506836,25.042733750547434,24.74884683801429,24.98039266118016,25694400
2024-07-09,24.68650245666504,24.88242817130748,24.312464463444925,24.828992958975483,36867800
2024-07-10,25.247562408447266,25.300995926629646,24.757749779475855,24.784467387877502,29873600
2024-07-11,25.523637771606445,26.03126044495176,25.309901998546362,25.630506507446952,47322600
2024-07-12,25.755184173583984,25.951108199121993,25.639411271816268,25.737372435274843,28397000
2024-07-15,25.915483474731445,26.06687983590484,25.675030130758294,25.853144096357813,30534400
2024-07-16,26.271713256835938,26.32514677428684,25.933298714819042,26.00454397096054,26912100
2024-07-17,26.74371337890625,26.984165049899087,26.10250439326976,26.200467254657745,45395000
2024-07-18,26.458730697631836,27.331487184905136,26.38748544342798,26.6368446824519,47279700
2024-07-19,26.690279006958008,26.716996615076607,26.316240986402097,26.663563097460305,30021200
2024-07-22,26.360769271850586,26.921825430783084,26.16484355077826,26.81495839985348,46483200
2024-07-23,26.271713256835938,26.396392030428338,26.120316875207642,26.378581990358633,25528300
2024-07-24,26.69918441772461,26.708090286944504,26.10250476895877,26.28061875611488,29579400
2024-07-25,26.87729835510254,27.545223257769617,26.690278499072907,26.690278499072907,42296200
2024-07-26,27.78946304321289,27.888806717129864,27.103080269110063,27.229518611873427,35657100
2024-07-29,27.744306564331055,27.933965809973376,27.49142986693237,27.717213616805942,41713700
2024-07-30,28.349407196044922,28.48487882458441,26.89536101241913,28.006216652808394,89857500
2024-07-31,27.581743240356445,28.231999808753592,27.51852234449316,28.177812192035482,40978700
2024-08-01,27.681087493896484,27.82558895655057,27.01276779847303,27.744306668483482,39753100
2024-08-02,27.482398986816406,28.286188604924995,27.10308220878666,27.88880871303827,42364700
2024-08-05,26.859233856201172,27.1030807120239,26.05544428248172,26.27219646901528,37838000
2024-08-06,26.479917526245117,27.13920565290997,26.41669835281058,26.850202732870212,29031800
2024-08-07,26.055444717407227,26.922453478013857,25.956099317615237,26.759888904751794,32866100
2024-08-08,25.974164962768555,26.19994873151036,25.77547586640941,26.12769799441672,32094400
2024-08-09,25.784503936767578,25.96513162843752,25.69419181352594,25.87481778260255,25795600
2024-08-12,25.694189071655273,25.8386905205339,25.576780567820673,25.811595852896726,21141600
2024-08-13,26.055444717407227,26.145758560618738,25.567750997621037,25.784503187772692,34620700
2024-08-14,26.082536697387695,26.353478216975432,25.892879184010173,26.010285970016273,23677700
2024-08-15,25.92900276184082,26.199944271767514,25.757408367073054,26.12769354697236,28676800
2024-08-16,25.558717727661133,25.874815296414553,25.152308044343737,25.874815296414553,50332900
2024-08-19,26.01028823852539,26.091570529231493,25.54065933094869,25.603878507588245,26382500
2024-08-20,26.100601196289062,26.36251117354334,26.010287351629195,26.010287351629195,21301300
2024-08-21,26.21800994873047,26.344448298844164,26.127696103252116,26.172852164694632,16729700
2024-08-22,25.992223739624023,26.308319585031832,25.775471564518742,26.208975914729304,20241500
2024-08-23,26.100601196289062,26.136727423190333,25.865785889210738,26.028350465079832,21885300
2024-08-26,26.118663787841797,26.236070577738307,25.983193884855588,26.118663787841797,16506000
2024-08-27,26.028350830078125,26.22704163563475,25.79353551970696,26.172852294522944,16184600
2024-08-28,25.965129852294922,26.26316431734797,25.865784456412836,25.992224520970005,19874100
2024-08-29,25.938037872314453,26.091570898868476,25.76644345403138,26.07350950713942,19229800
2024-08-30,26.199947357177734,26.2360718625329,25.89288130998872,25.938037372331014,37137600
2024-09-03,25.558717727661133,26.11866213996089,25.41421627724697,25.874815296414553,44499600
2024-09-04,25.64000129699707,25.775472920835462,25.468406892630075,25.54968917789581,23510500
2024-09-05,25.748380661010742,26.01028893158089,25.60387918981478,25.676129925412763,25927200
2024-09-06,25.793535232543945,25.9831944791371,25.54065853387749,25.793535232543945,31214500
2024-09-09,26.561199188232422,26.72376375758033,25.694190448501242,25.775472733175196,36558400
2024-09-10,26.859233856201172,26.877296969060616,26.362510310719248,26.570230940823087,32378800
2024-09-11,26.7869815826416,26.823107806277214,26.317351010937603,26.805044694459408,31943100
2024-09-12,26.33541488647461,26.832138417716994,25.974161252608035,26.71473163268281,32511800
2024-09-13,26.43475914001465,26.47991519632518,26.181880745933537,26.335413749019725,19987700
2024-09-16,27.157268524169922,27.220487697041364,26.588294245733692,26.705701034981615,29224600
2024-09-17,26.940515518188477,27.220486870659514,26.732794892890393,27.13920458726579,27055300
2024-09-18,26.86826515197754,27.22048723635346,26.85020203929333,27.094048892750457,25812800
2024-09-19,26.7869815826416,27.410145159610636,26.660543245103277,26.994702200766895,22653200
2024-09-20,26.57023048400879,26.687637270390123,26.398634359980782,26.6786074367089,56877400
2024-09-23,26.47088623046875,26.6153876919123,26.353479439018354,26.579263187848063,23126200
2024-09-24,26.64248275756836,26.723765046161628,26.326385159993798,26.416699005385578,21446200
2024-09-25,26.127695083618164,26.832139261153035,26.109631970708744,26.732795585337733,30712700
2024-09-26,26.163820266723633,26.199946493481235,25.567751305969626,25.72128432450283,32310400
2024-09-27,26.272197723388672,26.398636074255105,26.11866470193943,26.208978547955457,25013000
2024-09-30,26.13672637939453,26.362510120730644,25.99222492274688,26.290259392406817,27464700
2024-10-01,25.892879486083984,26.263164683506517,25.766441142357237,26.236070014453684,30725100
2024-10-02,25.83869171142578,25.9831931669644,25.630969361819936,25.829660155130462,24957200
2024-10-03,25.594844818115234,25.75740938598334,25.52259409046199,25.739346273421724,25678900
2024-10-04,25.81159782409668,25.820629380665466,25.50453179113106,25.549689573974995,28769000
2024-10-07,26.37154197692871,26.94954781009101,26.290259691316106,26.5250749916866,51426600
2024-10-08,26.35348129272461,26.633452678640538,26.190916706517484,26.380574242030185,29126600
2024-10-09,27.265647888183594,27.48240009543084,26.281230536981468,26.38960577930838,44244800
2024-10-10,26.49798011779785,27.166299787882604,26.443792502005373,26.994703661514293,34347700
2024-10-11,26.33541488647461,26.58829329147781,26.14575737466711,26.5160425647045,29617600
2024-10-14,26.263166427612305,26.34444871757543,26.055445785525816,26.335417160624708,23594200
2024-10-15,26.588294982910156,26.859234794897805,26.254134273704963,26.272197387195693,29009900
2024-10-16,26.7960147857666,26.93148468754149,26.57926259840812,26.642481771063522,28414800
2024-10-17,26.43475914001465,26.669574422534296,26.389601361110987,26.624416643630635,23779200
2024-10-18,26.389604568481445,26.525076199064408,26.26316621737024,26.461855300915467,24244900
2024-10-21,26.127695083618164,26.38960333043175,26.08253730134461,26.38960333043175,23395700
2024-10-22,26.046411514282227,26.181881409239015,25.82965933783273,26.100599127746307,29036400
2024-10-23,26.06447410583496,26.290257833785457,25.892877990266506,26.073505661664157,22217600
2024-10-24,25.865785598754883,26.172851633594288,25.739347251206876,26.06447639929408,31473600
2024-10-25,25.694189071655273,25.947065745896293,25.685157515776215,25.901909689094154,26091100
2024-10-28,26.06447410583496,26.136724829875394,25.793532598738484,25.82965882205527,37922500
2024-10-29,25.70322036743164,26.344447090584776,25.314873778094476,26.199945633484145,102267000
2024-10-30,25.757408142089844,25.829658866253908,25.45937368958893,25.567748914538456,47104000
2024-10-31,25.558717727661133,25.86578374043952,25.54968789427927,25.694189344693434,37909600
2024-11-01,25.369062423706055,25.775473864920468,25.33293619666774,25.721284524363,46894600
2024-11-04,25.071025848388672,25.414216363640666,25.04393118037147,25.378091862210905,41347800
2024-11-05,25.27874755859375,25.287779114988865,24.9084623593603,25.052963816495634,44175800
2024-11-06,24.709774017333984,25.278748306309804,24.456895598570675,25.224560688929557,65749500
2024-11-07,24.800085067749023,24.917493576694643,24.691709837668846,24.863305961654554,48484800
2024-11-08,24.506593704223633,24.90097405760816,24.497421864685677,24.864288448805855,55951300
2024-11-11,24.066356658935547,24.607482963236635,24.04801297928307,24.50659447449758,54329300
2024-11-12,24.020498275756836,24.24978901445423,23.80037937652928,24.057183884286676,53035200
2024-11-13,24.506593704223633,24.534109222837504,23.827893322560538,24.05718406296089,47983100
2024-11-14,23.864582061767578,24.6258272939764,23.699492439229584,24.52493880256993,45262200
2024-11-15,22.74563980102539,23.571087831581103,22.45214794542756,23.571087831581103,131074400
2024-11-18,22.80067253112793,23.158365538062576,22.653926592418866,22.901559270646924,64221700
2024-11-19,23.02079200744629,23.029963847510704,22.571382340387668,22.653927151617783,52381200
2024-11-20,22.87404441833496,23.020790350101624,22.608066323664445,22.993274831889316,46170800
2024-11-21,23.048303604125977,23.13084840756958,22.727297978900253,22.809842782343857,45048400
2024-11-22,23.52522850036621,23.616945142049882,23.02078959513016,23.094162558607213,41897000
2024-11-25,24.002153396606445,24.258959640871932,23.607773065871715,23.61694490488292,57707600
2024-11-26,23.635290145874023,24.06635611180994,23.488544210689472,23.992983144217668,33001000
2024-11-27,23.690319061279297,23.800379385609823,23.571088646824947,23.626117934315456,28242100
2024-11-29,24.03883934020996,24.05718301848946,23.635288914157623,23.69031819964668,22023000
2024-12-02,23.681148529052734,24.048013381490307,23.59860371858558,23.910439280494916,43866400
2024-12-03,23.442686080932617,23.754521644748163,23.40600047013941,23.690320513847833,49064300
2024-12-04,23.14002227783203,23.38765670989839,23.09416482716031,23.34179925922667,42541500
2024-12-05,23.571090698242188,23.653635511336667,23.057478139132172,23.14002295222665,43647900
2024-12-06,23.598604202270508,23.937955291074218,23.47020193862298,23.607776042438136,31830700
2024-12-09,23.937955856323242,24.249791431987468,23.4610306524427,23.626120280659016,37464800
2024-12-10,23.451858520507812,23.94712739899964,23.396829228236385,23.93795555872946,43280500
2024-12-11,23.14002227783203,23.396828549902658,23.084992987156046,23.277596379196805,39569400
2024-12-12,23.26842498779297,23.369311723500918,22.98410321160367,23.094163536152678,38705100
2024-12-13,23.461027145385742,23.534400108141583,23.16753529436237,23.240908257118214,29043600
2024-12-16,23.158363342285156,23.616944794607633,23.13084782538002,23.470198869812393,40194000
2024-12-17,24.240617752075195,24.26813152179021,23.717835135295292,23.754520744698496,71440300
2024-12-18,23.74534797668457,24.323161609003947,23.717834208045208,24.02049790852458,47575100
2024-12-19,23.635290145874023,23.92878201624312,23.461028691836294,23.571089017899475,50324700
2024-12-20,24.176416397094727,24.29564681322499,23.571088978142086,23.571088978142086,116340100
2024-12-23,24.497421264648438,24.534108621901645,24.020497865803055,24.176415635430242,35350400
2024-12-24,24.52493667602539,24.55245219384574,24.19475745957907,24.38736258562258,19716400
2024-12-26,24.35984992980957,24.506595876726823,24.286476956350945,24.433222903268195,31406000
2024-12-27,24.414878845214844,24.62582590686477,24.231445552871723,24.24061739242383,35218300
2024-12-30,24.2314453125,24.378191245178993,24.066355700898754,24.286474599917245,32859100
2024-12-31,24.332334518432617,24.44239309652924,24.176416741671098,24.213102351253454,27085500
2025-01-02,24.40570640563965,24.634997140756596,24.35984720900657,24.534108657513304,32899200
2025-01-03,24.387361526489258,24.616652250319095,24.32316040371281,24.488250004766194,33417000
2025-01-06,24.662511825561523,24.992691056187414,24.35984811393764,24.49742221024858,43951000
2025-01-07,24.882631301879883,25.28618350977743,24.708371592240823,24.77257272203938,35030000
2025-01-08,24.634998321533203,24.891802837589374,24.057184661707684,24.809258029042873,35430700
2025-01-10,24.506593704223633,24.809257411578116,24.479079934959284,24.64416954794346,32836900
2025-01-13,24.579967498779297,24.589139338626065,24.176417041618887,24.442393399776904,28359600
2025-01-14,24.222272872924805,24.64416873093645,24.093870622349264,24.589137695533104,25856900
2025-01-15,24.04801368713379,24.442394064522745,24.038841847037578,24.32316364197125,35949700
2025-01-16,24.29564666748047,24.369019634508835,23.809549667574085,23.91043815324416,29981100
2025-01-17,24.121383666992188,24.359846231870403,24.048010704671924,24.213100307229872,35380300
2025-01-21,24.4332218170166,24.4332218170166,24.203931066483488,24.258962106143148,39745600
2025-01-22,23.855409622192383,24.396535927201462,23.818722262839426,24.313991118006886,41890400
2025-01-23,24.24979019165039,24.286475801961117,23.708663882107825,23.855409822049918,40987000
2025-01-24,24.32437515258789,24.42693153808257,24.203171828226914,24.25911264482581,31300200
2025-01-27,25.042266845703125,25.144821455185117,24.408285136454438,24.464224176014614,50648600
2025-01-28,24.939708709716797,25.042265090279752,24.697303850921557,24.967679116671206,40589600
2025-01-29,24.81850814819336,25.238053599435357,24.77189080143095,24.986325261728187,34418200
2025-01-30,25.088882446289062,25.182115364516644,24.781215060927046,24.85580103985511,32289600
2025-01-31,24.725276947021484,25.182116307343858,24.63204402530323,25.135498957349693,37307000
2025-02-03,24.426931381225586,24.678657941224305,24.38031403435919,24.520162518418466,49626200
2025-02-04,24.119264602661133,25.098205793604134,23.867536258154647,24.333699068750363,68748300
2025-02-05,24.65069007873535,24.883771485513147,23.960769328065474,24.19385073484327,50426800
2025-02-06,24.08197021484375,24.678658030738273,24.035354646078225,24.63204246197275,45182000
2025-02-07,23.99806022644043,24.203171213954136,23.802272708123244,24.109940078528766,36512800
2025-02-10,24.119264602661133,24.35234600795899,23.783626809985815,24.035355154492304,39632700
2025-02-11,23.80227279663086,24.156555736066448,23.737008512012526,24.081969760486857,36593300
2025-02-12,23.7463321685791,23.886182429880307,23.466635202516567,23.755655637883844,31671600
2025-02-13,23.904829025268555,23.99806194564298,23.615808572550876,23.76498053384194,30612500
2025-02-14,23.80227279663086,24.081969760486857,23.746331981243717,23.98873684644488,33214600
2025-02-18,23.830244064331055,23.998062972532068,23.699719037183655,23.876861415648072,40499700
2025-02-19,24.137908935546875,24.16587934340029,23.774302524802163,23.839565031523527,37292400
2025-02-20,24.147232055664062,24.315050943818033,24.00738357495906,24.109939957335357,37139000
2025-02-21,24.520160675048828,24.77188899439314,24.100615254411462,24.13790735083109,54611500
2025-02-24,24.846477508544922,24.93038695691451,24.128586351725108,24.6133961026894,43823300
2025-02-25,24.93038558959961,25.200760859132803,24.743921542103873,24.911738651369063,43560100
2025-02-26,24.632041931152344,24.967679709495002,24.566779424979032,24.87444679570316,30103300
2025-02-27,24.33370018005371,24.706630089907737,24.249790728052798,24.510842554085652,28268300
2025-02-28,24.641366958618164,24.697305999122747,24.15655719885835,24.296405689254826,51531700
2025-03-03,24.473546981811523,25.079558265707153,24.21249517382835,24.58542683616716,54048600
2025-03-04,24.007383346557617,24.529485166081745,23.932797372339884,24.47354612998592,51315000
2025-03-05,24.184526443481445,24.408284372993283,23.923474636582657,23.960768513969604,37062400
2025-03-06,24.464223861694336,24.669334856293023,24.147233011142742,24.175203419698466,46998300
2025-03-07,24.921064376831055,25.0702363396416,24.40828597695357,24.613396981250553,54337700
2025-03-10,24.837154388427734,25.396550126006833,24.743923247389574,24.837154388427734,53013500
2025-03-11,24.231142044067383,24.81850816580081,24.119263968298124,24.77189081900533,44841400
2025-03-12,23.970090866088867,24.212495740979175,23.774303339217848,24.1845271104376,37331000
2025-03-13,23.867534637451172,24.305727009478886,23.802272132922564,24.016706584450816,36717900
2025-03-14,23.979413986206055,24.016707864077947,23.774302992720557,23.886182848066266,30298300
2025-03-17,24.287080764770508,24.380313678873932,23.85821184947266,23.99806033149283,32676900
2025-03-18,24.52948570251465,24.613395147628342,24.333698182762653,24.436252788136105,32958700
2025-03-19,24.43625259399414,24.70662786571683,24.315051051053917,24.54813244601351,42522700
2025-03-20,24.4176082611084,24.520162869141444,24.25911283603553,24.47354729987824,35378900
2025-03-21,24.50151824951172,24.725276187802734,24.249789902083066,24.361667982093564,349996500
2025-03-24,24.37099266052246,24.445578643652002,24.13791124095887,24.33370055809274,37944400
2025-03-25,23.820919036865234,24.426932116479776,23.783626936519575,24.38963823786411,47607600
2025-03-26,23.50392723083496,23.914150987661213,23.42934125489109,23.79294944360365,49487400
2025-03-27,23.31746482849121,23.522575832269276,23.149645926186402,23.49460720073185,51302000
2025-03-28,23.50392723083496,23.513250700111687,23.13099735111561,23.336110118663704,32352500
2025-03-31,23.62512969970703,23.709039141896405,22.94453247152198,23.121673046570777,53498100
2025-04-01,22.879270553588867,23.634453774378084,22.86062361523113,23.57851473757479,54444200
2025-04-02,23.0284423828125,23.065734481061952,22.664834199828363,22.84197655675551,41965000
2025-04-03,22.646188735961914,23.186937490347283,22.63686526695718,23.065734171555626,53501800
2025-04-04,21.41551971435547,22.469048703248177,21.39687455268919,22.319876740297538,80002600
2025-04-07,21.098527908325195,21.59266112499841,20.27808214865739,20.641688569862783,86106100
2025-04-08,20.361989974975586,21.43416399238119,19.989060113913183,21.350254551358418,72406000
2025-04-09,20.968002319335938,21.0146196658282,19.50425142660775,19.681393786738468,95954400
2025-04-10,20.128908157348633,20.762889796677694,19.66274539646195,20.753566328067585,72960700
2025-04-11,20.427255630493164,20.511165084463943,19.839891230967822,20.128911695606,55078100
2025-04-14,20.6230411529541,20.725595750274795,20.38995977444466,20.58574727882309,61900900
2025-04-15,20.921388626098633,21.378227993045332,20.63236638675411,20.669660267290215,51814700
2025-04-16,20.548458099365234,21.145145943989835,20.464548648931142,20.968003573265637,37641200
2025-04-17,20.64168930053711,21.023942674378905,20.604397199276228,20.651012770419843,54073700
2025-04-21,20.548458099365234,20.66965965095334,20.389962668353068,20.632365771529276,32021000
2025-04-22,21.005294799804688,21.023939958891862,20.65101010310104,20.678980509136537,36052600
2025-04-23,20.87476921081543,21.499427421852765,20.734920729176906,21.2383773969995,50781000
2025-04-24,21.238378524780273,21.31296450416608,20.725598360516607,20.884093788995195,35009600
2025-04-25,21.36890411376953,21.546046486384164,20.958680327077253,21.229055620976958,35847700
2025-04-28,21.49010467529297,21.71386438736293,21.350256188951732,21.471459514512123,55888900
2025-04-29,22.18002700805664,22.48769438673588,20.940032245622483,21.284993502090703,98540200
2025-04-30,22.758068084716797,22.786038493300765,22.357167786363174,22.56228055943897,53941700
2025-05-01,22.3105525970459,22.683482493168288,22.189349269387364,22.655512084107855,46891700
2025-05-02,22.562280654907227,22.655511794041644,22.34784441139609,22.636866633176755,41685800
2025-05-05,22.254613876342773,22.60889683817222,22.23596693670174,22.562281267339678,40811800
2025-05-06,21.331607818603516,22.2732568382482,21.303639190173882,22.217317803119073,60872600
2025-05-07,21.247703552246094,21.527400550881122,21.18243925951245,21.43416762524606,48270500
2025-05-08,21.41551971435547,21.527399575703484,20.986650765439904,21.275671221373006,55669800
2025-05-09,21.16849136352539,21.472526846804232,21.149488692771854,21.387016640607754,39059800
2025-05-12,21.938081741333008,21.99508794226769,21.073480143013402,21.120985008426565,77480900
2025-05-13,21.72905731201172,21.833568376029575,21.36801381902082,21.7575595057464,41193200
2025-05-14,20.92146110534668,21.757558645400316,20.873954430676715,21.719555117858686,59394000
2025-05-15,21.47252655029297,21.47252655029297,20.987969325935588,21.092482201442397,51800100
2025-05-16,21.69105339050293,21.710056062366096,21.330011686075423,21.520032968123495,37786800
2025-05-19,21.852569580078125,21.881073584094256,21.510528780661684,21.605540315187838,31513700
2025-05-20,22.346630096435547,22.517650511347185,22.004589266612268,22.014090602128963,57047500
2025-05-21,21.89057731628418,22.30862521447418,21.89057731628418,22.29912387876152,42984700
2025-05-22,21.89057731628418,22.004589720447093,21.67205021928203,21.89057731628418,38602800
2025-05-23,22.156606674194336,22.223114209607303,21.738556978777154,21.805066326384544,35405400
2025-05-27,22.432140350341797,22.479645215829198,22.204113734052253,22.37513233712357,36155400
2025-05-28,22.023591995239258,22.460642556983526,21.95708445864291,22.43214036255335,36737200
2025-05-29,22.280120849609375,22.280120849609375,22.004587577360702,22.166106644356123,26091400
2025-05-30,22.318126678466797,22.4416422312468,22.004589846924908,22.30862534269953,56618600
2025-06-02,22.289623260498047,22.38463480848833,22.061596632638107,22.36563394864591,30443900
2025-06-03,22.185110092163086,22.36563183506563,21.909576810248968,22.21361228533049,37887100
2025-06-04,22.223114013671875,22.365632230808167,22.18511048471143,22.2421166842493,24500100
2025-06-05,21.96658706665039,22.270622572813927,21.92858172228267,22.270622572813927,33173600
2025-06-06,22.185110092163086,22.403635363353633,22.090098553151517,22.109101223392706,30426200
2025-06-09,22.774179458618164,22.93569853898543,22.251618687415245,22.27062135856303,42542600
2025-06-10,23.08771514892578,23.201729358013793,22.764677004069853,22.774178339176718,40439200
2025-06-11,23.25873565673828,23.45826007045394,23.106717918761774,23.116219253909602,38558700
2025-06-12,23.60077667236328,23.638780201080788,23.306242529073597,23.306242529073597,42465400
2025-06-13,23.315744400024414,23.70529009235001,23.239733716454115,23.553272349598284,46368400
2025-06-16,23.182727813720703,23.363249565129838,23.0687154112898,23.27773935720943,35102100
2025-06-17,22.802682876586914,23.106718358323633,22.71717267082416,23.059213493875177,40408800
2025-06-18,22.688669204711914,22.87869229141614,22.5841581379996,22.764678076954713,37076200
2025-06-20,22.774179458618164,22.888193673310425,22.584158183723677,22.802683465339847,63098100
2025-06-23,22.831186294555664,22.8881924928645,22.584157018958212,22.67916855760252,31959100
2025-06-24,23.097217559814453,23.18272776756461,22.90719628540979,22.935698479863536,34404200
2025-06-25,23.049713134765625,23.154226015611936,22.869191380265946,23.002206456110713,25603300
2025-06-26,23.03070831298828,23.21123005063313,22.954699446431658,23.1067171795449,31835300
2025-06-27,22.983205795288086,23.201731082404024,22.878692913539375,23.13522354390739,39528800
2025-06-30,23.03070831298828,23.163723376413788,22.91669591925051,23.002204308456676,44730900
2025-07-01,23.790800094604492,24.085334242129065,23.04971224591634,23.06871491664552,59259900
2025-07-02,24.05683135986328,24.094836703097076,23.781299870196282,23.87630960389176,36772100
2025-07-03,24.11383628845215,24.246853170547915,23.961818547937913,24.085334094727237,27104600
2025-07-07,23.98082160949707,24.256354901292497,23.885810067078147,24.094835822838665,34905900
2025-07-08,24.34186363220215,24.66489995732702,23.952316150686602,23.98082015534218,51275800
2025-07-09,24.28485870361328,24.550890677563878,24.075834746205746,24.40837426059535,38362200
2025-07-10,24.493881225585938,24.75041001723846,24.265854626231295,24.303858153359908,39499200
2025-07-11,24.370365142822266,24.43687267296351,24.151839883159806,24.370365142822266,34864400
2025-07-14,24.08533477783203,24.351364925179844,24.075833442256116,24.303860059494724,25918000
2025-07-15,23.382253646850586,24.170846424649966,23.3062447699131,24.075834875429468,54458000
2025-07-16,23.382253646850586,23.714791350830478,23.3062447699131,23.448761187646564,44218200
2025-07-17,23.353748321533203,23.543771409259005,23.23023458304756,23.26823811327604,47393900
2025-07-18,23.249235153198242,23.543771116733144,23.173226281491207,23.477261768319345,36309400
2025-07-21,23.049713134765625,23.42025616730147,23.049713134765625,23.363249965110068,33663400
2025-07-22,23.88581085205078,23.88581085205078,23.125722112109074,23.15422611942983,48091600
2025-07-23,24.09483528137207,24.256354356196198,23.99032240584046,24.11383613967331,42073300
2025-07-24,24.08533477783203,24.265856529385523,23.999824569843245,24.123338307941236,25672400
2025-07-25,23.95969009399414,24.13365966519543,23.79538396275043,24.13365966519543,35643400
2025-07-28,23.495765686035156,23.901698372070157,23.42811054560671,23.853373798468215,31096600
2025-07-29,23.486099243164062,23.515095091972356,23.12849299184957,23.49576452610016,38499800
2025-07-30,23.01251220703125,23.582751015016107,23.00284692377303,23.50543059241465,35649500
2025-07-31,22.509929656982422,23.041507314816386,22.36495225624204,22.8095460544817,62768300
2025-08-01,22.703229904174805,22.732225753167256,22.335958367591605,22.519593214151087,51332700
2025-08-04,22.74188995361328,22.88686550474599,22.616243124091223,22.654904254240826,57010700
2025-08-05,23.92102813720703,24.056338413529136,23.45710560970474,23.45710560970474,113955100
2025-08-06,23.12849235534668,23.88236596897324,23.06083722012011,23.853371964427094,65689200
2025-08-07,23.41844367980957,23.65040493566105,23.138157853621436,23.36045382671275,45494400
2025-08-08,23.75672149658203,23.785717345221403,23.350788832951896,23.47643566692496,36377000
2025-08-11,23.75672149658203,24.085333740638053,23.708396925647293,23.776052062341613,38115700
2025-08-12,23.824377059936523,23.94035861310686,23.650405651913147,23.834042342989406,34402700
2025-08-13,24.31729507446289,24.355956206101457,23.91136240957906,23.9210276924887,40176500
2025-08-14,24.268970489501953,24.336625626366537,23.988682815675283,24.249639923693724,32514000
2025-08-15,24.29796600341797,24.45260685255706,24.13365987077464,24.375286427987515,31844800
2025-08-18,24.230308532714844,24.3849493669859,24.172318680729237,24.29796366727541,35623300
2025-08-19,24.47193717956543,24.578253453605022,24.259306474950563,24.297965765124033,29170500
2025-08-20,24.529924392700195,24.829542615706952,24.49126510669346,24.53958967506791,38111000
2025-08-21,24.87786865234375,25.0228442094875,24.520262400953452,24.558921689241814,37068100
2025-08-22,25.013179779052734,25.23547760727805,24.897200066770587,25.032510345587855,34560500
2025-08-25,24.29796600341797,25.02284567505659,24.268971996369597,25.013180391552353,32684200
2025-08-26,24.08533477783203,24.39461646944716,24.037010204816276,24.29796547995136,43938700
2025-08-27,24.230308532714844,24.326959515000294,24.01767784645818,24.172318680729237,31840300
2025-08-28,23.776052474975586,24.230309717424102,23.689066771012044,24.230309717424102,44306800
2025-08-29,23.930692672729492,24.046672379249866,23.689066133437148,23.85337225389451,37030000
2025-09-02,24.14332389831543,24.230309601864114,23.882366787669373,23.901697353672247,44725000
2025-09-03,23.95969009399414,24.278637073059652,23.89203311004082,24.046673957862627,30957600
2025-09-04,23.718061447143555,23.9500226984196,23.53442476525096,23.9500226984196,41695500
2025-09-05,24.046672821044922,24.056338104009892,23.689066568662117,23.74705642298772,34613200
2025-09-08,23.727725982666016,24.13365865202258,23.495764720671442,24.066003514373858,49242900
2025-09-09,23.882368087768555,23.959690355989284,23.689067947609754,23.727727238255778,32751300
2025-09-10,23.74705696105957,23.824377383067077,23.63107724978045,23.814712099883106,32975900
2025-09-11,24.02734375,24.02734375,23.71806207346476,23.776051926949066,36784100
2025-09-12,23.07050323486328,24.008013562042585,23.041507385932867,23.97901771311217,81378200
2025-09-15,23.167152404785156,23.31212980614248,22.886866571987085,23.186482970761364,50760200
2025-09-16,23.099496841430664,23.408778517490596,23.07050283646517,23.15748669482585,57010800
2025-09-17,23.244474411010742,23.573086681167926,23.099498843227128,23.17681926894268,46351600
2025-09-18,23.341123580932617,23.428109283501527,23.157486892902227,23.244472595471137,34419000
2025-09-19,23.225143432617188,23.437774121827903,23.02217618265153,23.437774121827903,86577600
2025-09-22,23.23480987548828,23.969352963425884,23.225144592296434,23.466771141699777,67863300
2025-09-23,23.321794509887695,23.544092343735873,23.244474085255735,23.292800502815922,38955200
2025-09-24,23.28313446044922,23.370120165758134,23.176818188746257,23.360454882561115,39669400
2025-09-25,22.809547424316406,23.34112511407444,22.790216857261555,23.283135256374226,56738300
2025-09-26,22.964187622070312,23.012512194871583,22.81921206020222,22.93519177231098,33374500
2025-09-29,23.051172256469727,23.060837539273596,22.848205004516846,22.993182403110705,39184300
2025-09-30,24.626577377319336,24.771552937706648,23.01251195982159,23.05117309243915,164867300
2025-10-01,26.298633575439453,26.53059669237651,24.723229235138078,25.10016607409821,150879900
2025-10-02,26.17298698425293,26.25997268694496,25.72839503135076,26.02801142758762,69684100
2025-10-03,26.45327377319336,26.762555441989992,26.13432682181381,26.288967656212126,70524000
2025-10-06,25.544757843017578,26.443608857597233,25.50609671214938,26.356623156607963,62945600
2025-10-07,25.390117645263672,25.68973404317355,25.17748510706731,25.5350932027385,47744200
2025-10-08,24.81987762451172,25.612412353320583,24.771551212106214,25.535091936935917,48693300
2025-10-09,24.394615173339844,25.032509089270263,24.36561932499239,24.91652938280884,47278700
2025-10-10,23.950023651123047,24.56858701246488,23.79538281078759,24.413946172129425,64963900
2025-10-13,23.901697158813477,24.114329696183102,23.785717450670248,24.008013427498287,45356600
2025-10-14,23.698732376098633,23.959689491535364,23.660071243383143,23.824377370495426,42277000
2025-10-15,23.57308578491211,23.756722480303758,23.399114372800476,23.66973677424794,47729800
2025-10-16,23.41844367980957,23.785717050839224,23.399113114289232,23.621410930844736,44390000
2025-10-17,23.68906593322754,23.70839649863896,23.35078841238439,23.389449543207235,40101900
2025-10-20,23.863037109375,23.901696396368134,23.689065709245487,23.74705556146727,35856800
2025-10-21,24.017677307128906,24.123991726137813,23.77605077857321,23.89203047994004,40726900
2025-10-22,23.892030715942383,24.09499796053539,23.79538157833671,23.95968769311614,48662900
2025-10-23,23.843706130981445,23.9500223944326,23.6890652987602,23.93069182953891,34219900
2025-10-24,23.930692672729492,23.998347808777076,23.85337225389451,23.872702819469307,27429200
2025-10-27,23.940357208251953,23.96935121224494,23.805045096916164,23.911361360794825,34974900
2025-10-28,23.679401397705078,23.95002379161169,23.563419845041032,23.95002379161169,50152400
2025-10-29,23.476436614990234,23.805047028852545,23.418444915369573,23.70839788308002,65438400
2025-10-30,23.476436614990234,23.87270401174332,23.34112449267298,23.495765338066168,157478000
2025-10-31,23.824377059936523,23.901697480895333,23.3507892511308,23.466770804301134,132697400
2025-11-03,23.834043502807617,23.92102921105223,23.59241694512022,23.76638836160944,140871300
2025-11-04,23.486099243164062,24.35595627277062,23.389450100731537,23.57308494612472,166162000
2025-11-05,23.78571891784668,23.843708775495287,23.35079037682128,23.5634210838424,107240900
2025-11-06,24.017677307128906,24.288297839294252,23.718060927889795,23.921026327013806,124137200
2025-11-07,24.02751350402832,24.224217357629197,23.712785837527026,23.92916063926545,117794500
2025-11-10,23.98817253112793,24.47993499794679,23.51608101320381,24.2537247134321,148958600
2025-11-11,25.0897216796875,25.0897216796875,24.037350284171172,24.086525781262136,139673800
2025-11-12,25.443790435791016,25.522472354137502,24.834004161662058,24.98153252407111,96008000
2025-11-13,25.365108489990234,26.043739331522325,25.247084674635797,25.512636852239606,123083100
2025-11-14,24.64713478088379,25.34543847254041,24.558617385097385,25.24708560211941,96507600
2025-11-17,24.666805267333984,25.148732259837097,24.538947851333134,24.69631169068415,88042200
2025-11-18,25.030710220336914,25.08972119088139,24.568452302617867,24.637298747573915,66511800
2025-11-19,24.4700984954834,25.079884754127956,24.312734662786387,24.932356395465117,62000200
2025-11-20,23.99800682067871,24.58812212690951,23.879984884987458,24.479933789255156,51983200
2025-11-21,24.627464294433594,25.09955579425616,24.1848773408969,24.1848773408969,73079400
2025-11-24,24.80449867248535,25.05037991106404,24.637299355214843,24.696312203139712,63074900
2025-11-25,25.296260833740234,25.54214206924833,24.94219313023754,24.95202860476886,39130300
2025-11-26,25.28642463684082,25.38477750341936,25.158567223436144,25.276591038515374,33461000
2025-11-28,25.31593132019043,25.43395513648458,25.237249401302638,25.42411966213299,22627600
2025-12-01,24.853675842285156,25.512637631318288,24.81433394399066,25.335602840842977,53198600
2025-12-02,24.73565101623535,24.902850325329663,24.62746455218013,24.902850325329663,43827000
2025-12-03,25.148731231689453,25.463458897524582,24.883179060169244,24.902850008265155,56121200
2025-12-04,25.27659034729004,25.315930367290704,24.932356261641175,25.207742029420388,35454000
2025-12-05,25.601154327392578,25.68967172021284,25.217578333196478,25.345437623236815,47443700
2025-12-08,25.34543800354004,25.758518550924478,25.335602529087442,25.61099018598538,45209300
2025-12-09,24.91268539428711,25.699504556094794,24.71597966587276,25.571647145772864,43483800
2025-12-10,25.35527229309082,25.36510776708379,24.804497005033756,25.07004917506932,43635400
2025-12-11,25.374942779541016,25.61099041667973,25.18807439103322,25.374942779541016,35570200
2025-12-12,25.42411994934082,25.610990212282186,25.296260657250695,25.414284474878123,51599700
2025-12-15,25.994564056396484,26.210938864467778,25.384777777759325,25.394613252115963,60360000
2025-12-16,25.109392166137695,26.07324614838687,24.509441357874977,26.00439970335835,111695500
2025-12-17,24.627464294433594,25.07004937204542,24.61762882036335,24.981531981338083,61255300
2025-12-18,24.627464294433594,24.81433267399365,24.568451450012127,24.59795787222286,47062500
2025-12-19,24.774993896484375,25.099557053384828,24.568452682497746,24.597959106188682,87590000
2025-12-22,24.794662475585938,24.98153273672138,24.715980556569686,24.784828877143212,38758900
2025-12-23,24.4700984954834,24.922520921430948,24.420923001237405,24.84383900508244,43692900
2025-12-24,24.617630004882812,24.725816473011353,24.49960618628582,24.509441660829314,19328500
2025-12-26,24.676639556884766,24.696310504840337,24.509440251112107,24.607793114965116,21617800
2025-12-29,24.588123321533203,24.784829058475445,24.558616898214385,24.637298817806297,33067700
2025-12-30,24.57828712463379,24.637298093611903,24.509440681505172,24.597958072934787,28821700
2025-12-31,24.489770889282227,24.60779470873484,24.47009994005263,24.55861733566085,29409200
