Date,Close,High,Low,Open,Volume
2019-01-02,65.85787200927734,66.09702882144119,63.526088814218795,63.76524562638264,3147800
2019-01-03,64.94609069824219,66.11197954922562,63.60082994560846,65.90271803258231,3182000
2019-01-04,67.89070892333984,68.1223962068152,65.73082214151472,66.10450505466022,3307200
2019-01-07,68.3615493774414,69.10143990924917,66.93407798883459,67.71881434514022,3474000
2019-01-08,68.30177307128906,69.18366511206412,67.38998570856151,68.97440356034625,2357300
2019-01-09,68.75017547607422,69.19859379696916,67.50207601063296,68.98186274172944,2588600
2019-01-10,69.46019744873047,69.4975623273367,67.53946706830887,68.57083008943154,2323700
2019-01-11,69.27334594726562,70.0207118348764,68.66050614750276,68.94450313209313,2102600
2019-01-14,69.37798309326172,69.61713997120478,68.24945890267897,68.60072181445933,2178600
2019-01-15,69.0939712524414,70.05060433978026,68.71281877047915,69.84881236514238,1953500
2019-01-16,69.49755859375,69.78156130604022,68.65303711687845,68.84735386182182,2316100
2019-01-17,69.81890869140625,70.34953770255365,68.9893322326122,69.16122886814223,3069200
2019-01-18,71.22396850585938,71.56775611610122,69.43028930733536,70.49154745659702,4014900
2019-01-22,69.5050277709961,71.29870704741164,69.3705016827162,70.70828731006927,4733500
2019-01-23,69.22847747802734,70.095424361088,68.91458527634566,69.721741539482,2542400
2019-01-24,68.2569351196289,69.52745498247072,68.2569351196289,69.13135193235944,3194000
2019-01-25,69.51995849609375,69.96838250081466,68.466175769675,68.94448938622577,2044800
2019-01-28,69.13134765625,69.54240119336426,68.69040450002696,68.75766469594595,2349500
2019-01-29,69.7666015625,70.02070891871843,68.67544809626554,69.30323838072654,2056500
2019-01-30,70.64849853515625,71.18660290247902,69.9908185872892,70.2822908359308,3093300
2019-01-31,71.30619049072266,72.19555212463253,71.05208309392707,71.82186913671832,4044500
2019-02-01,70.40935516357422,71.7097704991498,69.8114657423897,71.42577345173343,2618100
2019-02-04,70.82038879394531,70.82038879394531,69.6619694579107,70.10291826976314,2758500
2019-02-05,71.1268081665039,71.40333558988897,70.55133895799332,70.82039112616553,2849300
2019-02-06,70.5662841796875,71.32860056128904,70.50649354153266,70.7381808388954,3127800
2019-02-07,68.56334686279297,71.15670747811235,68.27934987020863,70.55881817236383,5291500
2019-02-08,69.89366149902344,71.12681646333344,68.54840620318957,70.9399749748607,4248400
2019-02-11,70.42427825927734,71.2613242634367,69.40786036684247,69.49754060903197,4229500
2019-02-12,70.25238800048828,71.36596149033333,70.18512781274237,71.18659528772882,2486000
2019-02-13,71.83682250976562,71.99376868670497,70.31966472878506,70.4541908378688,2627100
2019-02-14,71.48554992675781,71.91902351996265,71.06702114278964,71.42575928591245,2701500
2019-02-15,72.34473419189453,72.91752462584054,71.75687289786347,72.35227249695805,2647300
2019-02-19,72.9175033569336,73.07577321685078,71.8925126688639,71.93019843314718,2108000
2019-02-20,73.445068359375,73.95756369505527,72.405006832571,72.91750216825129,3586900
2019-02-21,72.9627456665039,74.06310249493201,72.65374414792475,73.31697126710216,2054000
2019-02-22,73.37728118896484,73.93499514735278,73.10595964163161,73.69382107750583,2102500
2019-02-25,73.3244857788086,73.63348719711745,73.11345929800443,73.2189725384065,1661000
2019-02-26,73.7390365600586,74.07819135609876,73.24161757592678,73.35466917460684,2274400
2019-02-27,73.58830261230469,74.49270387319255,73.3546668657513,73.93498995397981,1881900
2019-02-28,72.62359619140625,73.90483208922443,72.3070563695983,73.80685712058164,2351200
2019-03-01,73.46772003173828,73.75411242879963,72.6989737685078,72.97029530258408,2879000
2019-03-04,73.31697082519531,74.16862107257508,72.08849156354233,74.16862107257508,2386200
2019-03-05,73.4526138305664,73.77669187961015,72.97026590873952,73.46015213404392,2511900
2019-03-06,73.55813598632812,74.43239529427991,73.13608294113291,73.45262272502933,2644600
2019-03-07,72.69142150878906,73.64104669577434,72.26936842570316,73.54307173006997,3638000
2019-03-08,71.07856750488281,71.93775026037285,70.7243419258569,71.79455696781909,3334100
2019-03-11,72.85721588134766,72.95519657848335,71.46292871095125,71.70410267691149,2257400
2019-03-12,73.39986419677734,74.04048205239864,72.9175162290125,73.1360810503499,2362600
2019-03-13,73.919921875,74.1234101538477,73.39234966124556,73.89731270513283,2294500
2019-03-14,74.21382904052734,74.36456062518738,73.59582034335496,74.04802084737646,1663000
2019-03-15,74.25150299072266,75.2162046038117,73.78423166645672,73.85959745262468,3785800
2019-03-18,74.40225219726562,74.81676696241975,73.67119187957923,74.31180978939328,2530800
2019-03-19,74.5303726196289,75.67595342162252,74.28166031721747,74.83184155436626,2932600
2019-03-20,73.99525451660156,74.84689878335469,73.74654225948265,74.34194171590038,3292600
2019-03-21,74.27411651611328,74.71877867123827,73.76162112967384,73.8897435387735,2124000
2019-03-22,72.33718872070312,73.84452746191349,71.96035403540053,73.64857181554466,1856900
2019-03-25,72.24674987792969,72.32965397277518,71.54583709880775,72.17138408717231,1357500
2019-03-26,73.87467956542969,74.09324440364608,72.8496943673044,72.8496943673044,2284700
2019-03-27,73.30941009521484,74.07815599928948,73.08331275581205,73.67117388831592,1657400
2019-03-28,72.1035385131836,73.30940820909494,71.71917132107578,72.96272103089794,2524800
2019-03-29,71.72671508789062,73.03810397788504,71.2066871143119,72.81200085890913,2900400
2019-04-01,71.65135192871094,72.5708295462418,71.34235045481037,72.35980302747237,2635300
2019-04-02,71.23683166503906,72.18645675247102,70.74695113783152,71.85484036478717,2594800
2019-04-03,71.62874603271484,72.63112779262597,71.47047613641966,71.56845109601906,2096100
2019-04-04,73.00044250488281,73.00798081136864,71.27453832238567,72.02066966327625,2146800
2019-04-05,73.70133972167969,73.95005203205534,72.6009829621884,72.98535025999601,2705200
2019-04-08,74.08570861816406,74.50776166663665,73.26420593448243,73.76916308176808,2332400
2019-04-09,73.3847885131836,74.0404771840412,73.07578131194282,73.5882767127502,2352800
2019-04-10,74.31934356689453,74.86951903532106,73.58828329374232,73.7842389571744,1792100
2019-04-11,74.24400329589844,75.1107245955241,73.98022005254543,74.43995327665012,1486200
2019-04-12,73.23405456542969,75.16345214861121,73.07578468068377,75.03532397997203,2223700
2019-04-15,72.53313446044922,73.2265146117023,72.38240289498239,72.98533490689034,1934400
2019-04-16,72.33718872070312,72.62358101151834,71.3121979166768,72.46531113369618,1829600
2019-04-17,72.69895935058594,73.2642114761348,72.30705374022386,72.84969670075748,1591600
2019-04-18,71.91515350341797,72.91753547444648,71.48556205155472,72.69897059542232,2400100
2019-04-22,73.21147918701172,73.3923583173256,72.22417365274545,72.4954952232382,1927300
2019-04-23,73.40740966796875,73.79931527377515,72.79693346944387,73.39233305810586,2461000
2019-04-24,71.05596160888672,73.37726511648478,70.87508253363193,73.37726511648478,2974100
2019-04-25,71.7644271850586,72.382436086934,70.49072359763939,70.95800086492794,2745400
2019-04-26,71.53832244873047,71.99806139941589,70.84494774443361,71.4855658027523,2091500
2019-04-29,71.86991882324219,72.29197187294591,71.50815495918076,71.78701472418732,2651200
2019-04-30,71.04841613769531,72.83461479456167,70.58114476124602,71.9754320862061,3303300
2019-05-01,69.21701049804688,71.51570498487904,69.17179216389361,71.03335692043598,3350700
2019-05-02,67.15194702148438,69.3074421141529,66.97860626755208,69.14917221924192,3708800
2019-05-03,67.4986572265625,68.25986524185878,67.4760480553234,67.74736961027963,2811100
2019-05-06,65.59182739257812,66.85045353505534,65.55414738384474,66.5640613185157,3427500
2019-05-07,65.23009490966797,65.31299901134736,63.94885336101316,65.11704333919229,3421700
2019-05-08,64.74021911621094,65.56925451757404,64.42367926751565,65.3205421721523,3095300
2019-05-09,64.6271743774414,64.86081013576,63.09722586320686,64.40860948254458,3393700
2019-05-10,65.30545806884766,65.65968362534426,63.722753396241266,64.63469272783809,3094900
2019-05-13,64.65730285644531,65.27531157593054,63.85841507882921,64.51410382081919,3065600
2019-05-14,65.50896453857422,65.87072850026507,64.8532756236965,64.9211031321143,2450300
2019-05-15,65.79533386230469,66.05911697400104,64.92861299526757,65.35066597398175,2059900
2019-05-16,66.54901885986328,66.90323869328364,65.9460809624753,65.9460809624753,2645700
2019-05-17,64.57691955566406,66.04648066918298,64.50839359835282,65.90942294530673,2562400
2019-05-20,64.3560791015625,65.23172500910943,64.18856933433094,64.43983688980404,2106500
2019-05-21,65.60484313964844,65.93986855048163,64.47792364161131,64.493149692864,2722600
2019-05-22,65.17843627929688,65.70382507557532,64.95001066166678,65.27742594193049,2111600
2019-05-23,62.64289474487305,64.22667183358747,62.44492696572471,64.18860378802263,3020000
2019-05-24,63.15302276611328,63.74693739375361,62.620018139556805,63.20632264784379,2661600
2019-05-28,62.83323669433594,63.39669939669407,62.71141084602416,63.14542595990624,3105100
2019-05-29,63.00836181640625,63.03881972768763,62.09464771497511,62.25454739226293,2232000
2019-05-30,62.48298645019531,63.21395905038915,61.92714542521899,62.75710190142473,2449600
2019-05-31,61.5235710144043,62.26215353104311,61.097166092989106,61.47788124577811,2785000
2019-06-03,62.58957290649414,62.64287279901593,61.37128549938709,61.6149429808085,3144800
2019-06-04,64.051513671875,64.14288158245684,63.29769355406472,63.3281514606759,2781800
2019-06-05,64.59213256835938,64.63020059711566,63.04643001695438,64.47030093413433,3097000
2019-06-06,64.64543914794922,65.44493754561793,63.89923483420577,64.5464494825812,2837200
2019-06-07,65.11751556396484,65.43732069941754,64.325633177921,64.98807380944345,2623700
2019-06-10,65.4068832397461,66.06932407837505,65.23175166297688,65.33074134911969,3026700
2019-06-11,64.5007553100586,66.38910487235978,64.5007553100586,65.90940010043659,2736700
2019-06-12,63.38907241821289,65.03376465318053,63.15303088438504,64.21902865602833,3232800
2019-06-13,64.90432739257812,65.28504260268588,63.97538135043473,64.0286812474797,3029700
2019-06-14,65.1707992553711,65.39161468075206,64.4169850854503,64.88907383722174,1830500
2019-06-17,65.41448211669922,65.85610729089323,65.09467696464183,65.09467696464183,2003400
2019-06-18,66.0921630859375,66.78506175053643,65.74189997897184,65.74189997897184,2336600
2019-06-19,66.7012939453125,66.99064118082208,65.74950605850938,66.18352110252151,2901700
2019-06-20,69.16072845458984,69.50336982985547,67.46273601252675,67.82060924981717,4082600
2019-06-21,68.97038269042969,69.99069686971694,68.52875156390793,69.59475552786401,6129800
2019-06-24,68.34598541259766,69.47289900437288,68.02618027129458,68.80284243113496,2360800
2019-06-25,68.39927673339844,68.98557543538377,67.81297222216166,68.08708756079808,3343800
2019-06-26,70.6302719116211,71.20134460150653,68.9322798909576,69.29015303943277,3816200
2019-06-27,69.86125183105469,70.7749661525549,69.70135211525485,70.55415640877463,2086400
2019-06-28,71.22419738769531,71.30033926271733,70.0592098530257,70.15057777935104,4442600
2019-07-01,71.62013244628906,72.58715218434874,71.28510706323684,72.22927901243305,2668700
2019-07-02,72.88414001464844,73.211555414242,70.85873177314994,71.36127877174899,4112200
2019-07-03,73.87394714355469,73.88917899902322,72.99069123165465,73.09729098293137,2035500
2019-07-05,73.70645141601562,74.12523457303448,72.85364743436065,73.61507769357878,1956000
2019-07-08,73.82828521728516,75.0313465511174,73.51610179807065,73.51610179807065,3044500
2019-07-09,74.406982421875,74.8790655697459,73.54656231952394,73.85113565285388,2369900
2019-07-10,74.70393371582031,75.35114836544076,74.24707665780898,74.78769152086853,1954600
2019-07-11,75.83084106445312,75.87653083291083,74.58971176226832,75.12271645975885,2446600
2019-07-12,76.39431762695312,76.63797513598112,75.57197135551365,75.57197135551365,1842400
2019-07-15,76.91207885742188,77.01867863832386,75.67855963794582,76.40953205381048,3089500
2019-07-16,77.19380950927734,77.49076689149152,75.99836405006178,76.904468057422,2625600
2019-07-17,76.74456024169922,77.69634811183253,76.35622916409423,77.20141725751279,2254400
2019-07-18,77.60498809814453,77.61260402904196,76.01360128651694,76.29532682793729,2468000
2019-07-19,77.63543701171875,78.32834141172364,77.51361117774961,77.91716832972939,3972900
2019-07-22,78.08468627929688,78.5415433365917,77.30802405356826,78.13037024225055,1966800
2019-07-23,77.9095687866211,78.6253153179616,77.65068520420228,78.42734176071245,1873800
2019-07-24,77.98570251464844,78.29027584564129,77.1785881253825,77.69636104529442,2924400
2019-07-25,77.3384780883789,78.30549204768988,76.12780665677485,78.20650819650132,3649000
2019-07-26,77.9095687866211,78.15322631506092,76.50092351878914,77.93241077221643,2267300
2019-07-29,78.28264617919922,78.5948353862342,77.1557326042851,77.59736356627268,2275200
2019-07-30,78.89180755615234,78.92226547055505,77.35371482970879,77.94001951576759,1465900
2019-07-31,78.0923080444336,79.53902711596108,77.26996754238685,78.90703842435511,2415900
2019-08-01,77.65829467773438,78.88419824130753,77.21666940498886,77.62783676077716,2153200
2019-08-02,75.77754974365234,77.58975778706997,75.70902379709597,77.48315799736926,2075600
2019-08-05,72.82320404052734,74.88667975714843,72.32827311154558,74.54403839591266,3034800
2019-08-06,74.17094421386719,74.26992808275878,73.12778238788003,73.52372367269983,2164500
2019-08-07,74.11001586914062,74.41458916486523,72.38156575622364,72.81558081462416,2349800
2019-08-08,76.68363952636719,76.70648150431123,74.52879053178492,74.8562057705704,2311900
2019-08-09,76.47805786132812,76.87399904401904,75.80799550857931,76.54658379690366,2005600
2019-08-12,74.85621643066406,76.24963537620208,74.47550125270848,76.1963354836584,1967400
2019-08-13,75.9450454711914,77.01866482678537,73.93487023572955,74.55924275872526,2267800
2019-08-14,74.26229095458984,75.15316294808973,73.95771769437357,74.32320676848344,2529800
2019-08-15,74.21662139892578,74.96281993152498,73.38665924903154,74.55926275236888,2089900
2019-08-16,75.25216674804688,75.4577503970301,74.36890470826039,74.65063604355494,2118400
2019-08-19,75.88995361328125,76.62764381592955,75.3827883012252,76.29721952970411,2747900
2019-08-20,75.82848358154297,76.60459758810585,75.35205605879963,75.92069706219553,1904500
2019-08-21,76.3049087524414,76.8428060497332,75.52110884765526,76.54311957515051,1988300
2019-08-22,75.659423828125,76.78901398066623,75.4673168188531,76.26648268094105,1946100
2019-08-23,73.13897705078125,75.97447823815267,72.79318679689514,74.90636379043116,3305100
2019-08-26,74.00728607177734,74.07644762845182,73.07748905525601,73.79212720681564,1568100
2019-08-27,72.63182067871094,74.91405305004996,72.50118931010041,74.5221589442184,2586000
2019-08-28,73.89973449707031,74.42995180177145,72.64719871094154,72.64719871094154,2318100
2019-08-29,75.39816284179688,75.65942556634144,74.56825913564215,74.62204886496843,2372500
2019-08-30,75.7900619506836,76.65070353957348,75.40584789785365,75.82079977842693,1932500
2019-09-03,76.43553161621094,76.54311106370668,74.56056548104493,74.75267247480735,2140100
2019-09-04,76.6045913696289,77.31154374265434,76.15890170994919,77.1040648936887,1664100
2019-09-05,76.68912506103516,77.99545045763371,76.65070131181243,77.3038640101117,2668700
2019-09-06,77.54207611083984,77.90323236399874,76.3971141133815,76.94269731671933,2117500
2019-09-09,78.51029205322266,78.94829580493946,77.61891856843089,78.03387041679008,2396100
2019-09-10,79.11736297607422,79.84737324866707,78.57177968374322,78.70241106444747,2367200
2019-09-11,78.74083709716797,80.08558642163858,78.45651655801457,79.37094797469996,1924500
2019-09-12,78.52567291259766,78.84841132193863,77.38071077149914,77.94935181192818,1868500
2019-09-13,78.97134399414062,79.47850929471815,78.44881271292763,79.09429528978626,1688400
2019-09-16,79.93956756591797,80.68494369810391,78.39502557358631,78.46418714532925,4654400
2019-09-17,78.53334045410156,79.86272349396222,78.34891937282487,79.70904023667173,2464500
2019-09-18,79.14042663574219,79.26337797417573,77.72652141961154,78.1107355582526,1814700
2019-09-19,79.20956420898438,79.90883068068453,78.83303024619742,79.50925067723311,1332700
2019-09-20,79.35556030273438,79.94725317058477,79.04819377997849,79.47082568008815,9381800
2019-09-23,80.1163101196289,80.54662795150378,79.15577505730768,79.15577505730768,2413000
2019-09-24,79.62451934814453,80.21620638712089,78.63324642655682,80.07020317663125,2599700
2019-09-25,80.73107147216797,81.08454776979478,79.07126947189239,79.44779767939711,3043400
2019-09-26,80.34683990478516,80.72337389322233,79.23262150976697,80.40062963704173,1762600
2019-09-27,79.65525817871094,81.05379706019653,79.13272684592286,80.538945787164,2297000
2019-09-30,78.68704223632812,79.87810232859572,78.64093256160865,79.4554703717168,1801600
2019-10-01,77.63426971435547,79.53997348383966,77.48058647957883,79.27102489166074,1897900
2019-10-02,75.49038696289062,77.19629855545158,74.69122090769801,77.15019473813115,2066700
2019-10-03,75.97447967529297,75.98984565597486,74.49909343629079,75.12152411275625,1639800
2019-10-04,77.50365447998047,77.59586795758764,76.23574701042574,76.28185081790892,2097300
2019-10-07,77.88788604736328,78.57178670468116,77.40377837186116,77.81104439670864,2377200
2019-10-08,77.47293090820312,78.03388607390103,77.14250654761766,77.51903472416885,1904300
2019-10-09,78.92523956298828,79.58608811523575,78.19523530446953,78.34891856016598,1827300
2019-10-10,81.91442108154297,81.99894862792706,79.49387178424642,79.62450899579287,3782100
2019-10-11,81.86065673828125,83.14393044923672,81.77612916568974,82.22181893705552,2388900
2019-10-14,81.95285034179688,82.36780218034802,81.28431584702437,81.45337095117195,1409000
2019-10-15,82.45234680175781,83.08245768052795,81.57633913767839,81.83760190716372,1606400
2019-10-16,81.6531753540039,82.81349761799358,81.40727858504647,82.06044132796703,1865400
2019-10-17,82.38317108154297,82.42159482935325,81.75306031088351,82.2218018934932,1767600
2019-10-18,82.37549591064453,82.97487479645231,81.99896775605269,82.22181262462709,3015900
2019-10-21,83.1439208984375,83.42824141564358,82.65981328954845,82.99023761827502,1638800
2019-10-22,83.58191680908203,84.39645453247985,83.04401951662753,83.52044702040207,1571400
2019-10-23,83.75868225097656,83.91236556142594,83.2438367120644,83.58194116758152,2329600
2019-10-24,85.01117706298828,85.27244559939425,83.89695894522546,84.1505415610384,3471800
2019-10-25,87.92354583740234,89.90609183358717,85.98710951593345,86.24069220762622,6245900
2019-10-28,90.09818267822266,91.38145602660587,88.36921968439749,88.36921968439749,4706800
2019-10-29,91.41219329833984,92.04230401778112,89.40659576859521,89.51417521855052,3838400
2019-10-30,89.48345184326172,91.6120010095666,89.26061284854651,91.6120010095666,2286700
2019-10-31,89.76777648925781,90.09051490608945,88.2923958443347,89.63714511044142,3940600
2019-11-01,90.98188018798828,91.12787752751544,90.21345215576311,90.39018732009615,2248800
2019-11-04,91.08946990966797,91.87326401131277,90.37483152465009,91.80410829468586,2031600
2019-11-05,91.3814697265625,92.1268459336701,90.55156595807314,91.4429453825931,2268900
2019-11-06,90.99725341796875,91.74262960662679,90.49009392487262,91.58126041052161,2130300
2019-11-07,91.8809585571289,92.05001369716013,90.98189898075397,91.55822012396484,2386400
2019-11-08,91.98084259033203,92.14989771286412,90.75135878460947,91.35841769613775,1577600
2019-11-11,90.98957061767578,92.07305114821818,90.94346094686227,91.17399171300708,1634300
2019-11-12,90.7513427734375,91.88093283593554,90.33639096297044,91.33534967661039,2178400
2019-11-13,91.00494384765625,91.38147199055003,89.99830487144085,90.1750400586059,1542200
2019-11-14,91.78105926513672,91.88863873613272,90.96652144705662,91.17400032872138,1507500
2019-11-15,91.6417007446289,92.29982262192792,91.22359832787161,92.29982262192792,1636700
2019-11-18,91.86622619628906,91.88170884366774,90.99905026426407,91.47909503314175,1365000
2019-11-19,90.91387176513672,92.1062363362126,90.61190996091352,91.25454904463045,2781500
2019-11-20,89.86087036132812,90.79772692822775,88.60656935948573,90.79772692822775,4337000
2019-11-21,91.64942169189453,91.88944109133513,89.73699305116568,90.09315296577664,2401300
2019-11-22,90.30220794677734,92.0752692838443,89.9692749287752,92.04429808366359,2261000
2019-11-25,89.36534881591797,90.58868460695926,89.17178325051849,90.58868460695926,2758900
2019-11-26,88.52140045166016,89.6285956553086,88.30460797662163,89.45051274672585,4118100
2019-11-27,88.8001480102539,89.2879311487899,88.29687631720093,88.98596931438865,2290500
2019-11-29,88.82335662841797,89.1485453204207,88.39751007425853,88.591075615758,1105700
2019-12-02,88.52140045166016,89.86087077549907,88.31234634562163,88.9395027565853,2418300
2019-12-03,87.29808044433594,88.0181446700964,87.04257244970897,88.0181446700964,4128900
2019-12-04,87.15869903564453,88.2658942613493,87.05030279596592,87.90973434424069,2128900
2019-12-05,87.13545227050781,87.65420642899838,86.84897318393881,87.3212735094752,1688600
2019-12-06,87.92520904541016,88.51364994132109,87.45290865499041,87.53807796520718,2142600
2019-12-09,86.6864013671875,87.70842730757505,86.60123204655919,87.64648490945406,1585300
2019-12-10,86.66315460205078,87.15868185925706,86.47733335738614,86.9496336974032,2215800
2019-12-11,86.87995910644531,87.22063635827679,86.3147510191631,86.67091091555434,1652500
2019-12-12,88.05684661865234,88.24266790111932,86.65542795591446,86.81802231646707,1618800
2019-12-13,87.4839096069336,88.7769323440538,87.25937279518402,88.17300269151004,1621900
2019-12-16,88.3742904663086,88.7536773050347,87.32903763715998,87.60002823625007,2097700
2019-12-17,87.5148696899414,89.00145193690992,87.26710598211332,88.38978989817242,2672000
2019-12-18,87.5226058959961,88.21944310598654,87.17418433742476,87.71617145948498,3074800
2019-12-19,87.34453582763672,87.97169236246481,87.09677210620866,87.80909797407325,1850500
2019-12-20,87.76261138916016,88.38202345697411,87.37548032356426,88.10328861717296,4666900
2019-12-23,87.23612213134766,88.01038434443956,86.87996222218361,87.80133614605158,1937500
2019-12-24,87.646484375,87.67745557387164,87.1741839297238,87.22064368160734,1190800
2019-12-26,86.76382446289062,87.64648294126103,86.6012301018384,87.15869985810436,1147700
2019-12-27,85.6333999633789,87.03481859210572,85.57920184451004,87.03481859210572,1427500
2019-12-30,85.45533752441406,86.13668626447033,85.26951030763723,85.55598950313683,1712000
2019-12-31,86.26055145263672,86.26055145263672,85.19981014999564,85.33917757729775,1695900
2020-01-02,86.8722152709961,87.6309948156079,86.23732051209711,86.77930758886318,1607900
2020-01-03,83.99969482421875,87.04254515875725,83.76741973505503,86.13665990600141,2236900
2020-01-06,83.47322082519531,83.96100987903864,83.00866460351587,83.80615386704359,3917100
2020-01-07,83.72872161865234,83.79066401812679,82.64475325645884,82.94671506995635,2687900
2020-01-08,80.60070037841797,83.9610016707879,80.3761636133411,83.86808807267435,3452600
2020-01-09,81.77757263183594,81.816282196097,79.14508006886909,80.04322111555686,3127700
2020-01-10,81.19688415527344,82.65249505638964,81.15042440348365,81.79306348768077,1910700
2020-01-13,81.52982330322266,82.08728720234514,80.94138229580422,81.23559984593713,2243100
2020-01-14,82.36602783203125,82.58282625510775,81.28980362287325,81.50659613879674,2753400
2020-01-15,81.21236419677734,81.84725898412428,80.61618488348834,81.73886274534446,2386300
2020-01-16,80.36067962646484,81.81629052971086,80.25228338405036,81.73112120964917,2568200
2020-01-17,79.98904418945312,80.48457163761493,79.37737620343866,80.36069272915104,2782000
2020-01-21,79.23799896240234,79.74127062623064,78.90507185260547,79.36188376273343,2102000
2020-01-22,78.86636352539062,79.74127785522323,78.64182673479934,79.59417202543462,2505400
2020-01-23,79.03668212890625,79.07539169233051,77.4262154302409,78.57986438614908,3520300
2020-01-24,77.67398834228516,78.96700487638496,76.93844157087923,78.89732410962431,2120500
2020-01-27,75.04150390625,76.14869927886785,74.80922875061195,76.08675687450325,2472800
2020-01-28,74.86344146728516,75.80029836405461,74.801499050849,75.45187670196673,2926900
2020-01-29,74.17433166503906,76.58228792184691,73.98076608752817,75.2428115263243,2395600
2020-01-30,74.64663696289062,74.75503322071818,73.16779301986,73.73300714180625,2610400
2020-01-31,70.74433898925781,73.50071051728108,69.84619200628515,73.47748359654071,6451000
2020-02-03,68.88611602783203,70.75208505175488,68.47575796439122,70.68240428195658,4306800
2020-02-04,68.69254302978516,70.34946365799223,68.35186577298124,70.12492691211253,3427900
2020-02-05,71.7276382446289,72.23090977543495,69.9236061899192,69.97006593133955,3100700
2020-02-06,69.85391998291016,72.06056554563473,69.72229685799246,71.99862316667921,2606100
2020-02-07,69.93911743164062,70.06299633226955,69.11065697784704,69.66038252128457,2481500
2020-02-10,69.88491821289062,70.48884187350659,69.38939080381328,69.57521210542912,2171400
2020-02-11,69.89263153076172,70.44236277571683,69.33516782573004,70.41139158535664,2682900
2020-02-12,70.56626892089844,71.46441606724277,70.03202601808489,70.91468460968379,2361400
2020-02-13,69.94686126708984,70.82178154574021,69.81523807890194,70.45787727838862,2727700
2020-02-14,69.9703369140625,70.56469932383017,69.29777033720327,70.00943601431052,2254900
2020-02-18,68.8207015991211,69.68095917579129,68.09339167310299,69.37595881648635,4542600
2020-02-19,69.10224151611328,69.39160343303637,67.81967436890925,69.21172851892868,2441800
2020-02-20,70.53338623046875,70.61159036403913,69.14133236650001,69.21953650007039,2905900
2020-02-21,69.79826354980469,70.5099349832971,69.36031557017473,70.00941533524235,2406900
2020-02-24,67.69454956054688,68.72685994965816,67.20185799981014,67.7414768281847,3732700
2020-02-25,64.7618408203125,68.27326491889278,64.33953126391552,67.90569886240314,4211800
2020-02-26,62.82235336303711,65.48915245242728,62.78324830496222,64.98863873535825,4156400
2020-02-27,58.075279235839844,61.5788746488174,58.05963482868042,61.54759180109168,6900500
2020-02-28,58.54451370239258,58.94336257775133,55.83078764900698,56.0732222758949,7137800
2020-03-02,58.740028381347656,59.005923659938524,56.47989464695077,58.865153816392294,5279400
2020-03-03,56.980403900146484,60.67169642981794,56.38604172165875,59.01374128628612,5710300
2020-03-04,58.36463928222656,58.47412627374844,56.63630209709568,57.88758626205542,4201800
2020-03-05,56.29220962524414,57.731185100816184,55.94028199485726,56.42515727897963,5724800
2020-03-06,54.19630813598633,55.65092807498472,53.19527467730574,54.743743181160134,6374400
2020-03-09,48.55769729614258,54.03989049483738,47.07961679965512,48.99564828829692,7993800
2020-03-10,49.5509033203125,52.29591239277187,47.14999964912834,51.576418738596985,7047200
2020-03-11,43.13024139404297,48.22922636817479,42.32472445322091,47.73653492908661,8448500
2020-03-12,36.28728103637695,40.048956197004486,35.04381593966441,39.900367116461695,11492100
2020-03-13,42.512420654296875,42.551522725202794,36.48279003172235,39.65792472871293,6997200
2020-03-16,37.74972152709961,45.03845966208507,35.44266318341599,36.576641316748336,7192800
2020-03-17,36.49842834472656,39.673566013816,35.943171183249106,38.38317977869079,6274500
2020-03-18,33.60483932495117,36.701770420604504,31.31342236706543,35.067278511793475,6970800
2020-03-19,35.72419357299805,36.47496399538169,32.697648256747634,33.82380389032311,4936100
2020-03-20,37.812278747558594,39.85343849366974,35.47394087274001,36.905096969653286,7605100
2020-03-23,32.916629791259766,37.53856555601184,32.38483320721916,37.296127912808956,6075800
2020-03-24,35.645999908447266,36.224717826931595,33.15906954351851,35.778947571264865,5476000
2020-03-25,39.49369430541992,41.37062354493681,34.14444925442325,36.12304328180219,6516900
2020-03-26,42.535888671875,44.373716155926296,39.93165211201393,40.197550416871266,6014400
2020-03-27,40.917030334472656,42.496778432486146,39.14176890229854,40.72933920432462,4191500
2020-03-30,42.35600662231445,42.95818802150405,38.07817411528131,39.6266392917846,5207900
2020-03-31,41.957157135009766,44.18600765527595,40.70587017249318,43.568184885343804,4743800
2020-04-01,38.71945571899414,40.549460472825054,38.3518927142107,40.25228238100805,4142800
2020-04-02,40.44779586791992,43.87318702466614,39.14958756582835,40.27574319476315,5169000
2020-04-03,40.36959457397461,41.72254656115692,39.36856720387368,41.448829071925225,3587300
2020-04-06,44.90549850463867,45.3043473534052,41.79292676671382,42.301262598813416,5347800
2020-04-07,45.85177993774414,48.14319605172924,45.366904805914466,47.05613959808236,5281100
2020-04-08,49.81679916381836,50.2078228568729,46.44614813968308,46.626020052809075,3754800
2020-04-09,48.11193084716797,52.741689038532954,46.453978291121814,52.4836099560069,5316800
2020-04-13,48.14320373535156,49.89500151177262,47.68961137511068,49.34756358790479,3438100
2020-04-14,47.7599983215332,48.807949940302834,46.985767167967936,48.338719118947935,3496900
2020-04-15,44.16254806518555,45.67191107918704,43.05985309994421,45.60152616722285,4093100
2020-04-16,41.86331558227539,44.09998867861317,41.57395667318109,43.77152769801372,4363300
2020-04-17,46.555633544921875,46.680761957757525,42.73139325787961,42.97383086294098,5601700
2020-04-20,45.45294189453125,47.14217708656354,44.19383546752953,44.57704293877667,3468500
2020-04-21,44.42062759399414,45.35909216651234,42.551520652736,43.41177810395465,3287100
2020-04-22,45.499855041503906,46.821523864677815,44.850749458845264,46.665112629301355,3071800
2020-04-23,46.89973831176758,47.42371260146712,45.64063199577159,46.977942450043244,3419800
2020-04-24,47.33769226074219,48.19013060252216,46.5556388456522,47.705258320489534,3399900
2020-04-27,49.65256881713867,50.15307950366941,47.05614893413894,47.43153716980639,3234300
2020-04-28,52.663475036621094,52.92155410013314,50.23129436207982,50.95078208466419,3851900
2020-04-29,57.48091125488281,57.715529605825466,54.35269839747423,54.7437250046503,5191400
2020-04-30,57.22285461425781,59.14670555705763,56.315675633879906,57.488755913630634,5993400
2020-05-01,51.89704895019531,55.81513701097175,51.036791654662714,55.17385364885558,6626600
2020-05-04,57.46528244018555,58.192592290006644,51.38090240157579,51.62334299591183,7575800
2020-05-05,58.81040573120117,60.03822917265722,57.80156222552641,59.045024107670244,6934400
2020-05-06,56.237457275390625,59.662848679385384,56.16706937374904,59.29528266321786,5972000
2020-05-07,57.332332611083984,59.14669625302743,56.72233191622452,57.70772086685576,3586900
2020-05-08,60.265018463134766,60.5622025016025,57.699884888570544,58.364628923860636,3275800
2020-05-11,59.96002197265625,60.79681872164042,59.31873853854309,59.56117910626627,3441800
2020-05-12,57.50437545776367,60.50746308947788,57.47309261126121,60.31194977378218,3117400
2020-05-13,55.54924392700195,57.37142951461234,55.15039508066048,57.08988985444107,3687400
2020-05-14,56.112327575683594,56.92566377151748,53.07796274116733,54.43091168845939,3159700
2020-05-15,56.17568588256836,56.94391489209158,54.75010565434111,55.81137227810727,2830600
2020-05-18,60.4128303527832,61.56913185274343,59.193168376619994,59.39908690308588,4530900
2020-05-19,59.57331085205078,60.83256829094471,58.69420409409663,60.19106024036751,3736700
2020-05-20,61.9730339050293,62.654143770635216,60.70585486752512,60.8325697500824,3501500
2020-05-21,61.054344177246094,62.64624154463638,60.840510103364124,62.28984940737038,2299500
2020-05-22,60.55538558959961,60.85633877399988,59.51788352012616,60.4603448797108,2036100
2020-05-26,62.543277740478516,63.295663736022114,62.1393622692687,62.6937573565422,2747400
2020-05-27,64.72917175292969,64.87964534051983,62.654161342909084,63.35903006903607,3328100
2020-05-28,62.218544006347656,64.96674194883576,61.93342798657227,64.87962282932739,4129200
2020-05-29,61.9809455871582,62.80461334075328,61.04640006311622,62.03638447238165,4305200
2020-06-01,62.4323844909668,62.543262272522156,60.43657233819857,61.798791988605416,2470200
2020-06-02,64.60242462158203,64.72914553073086,62.630377301441136,63.073888398691004,3151900
2020-06-03,66.31314086914062,66.81209100574799,65.44987102878993,65.61618774099239,2562400
2020-06-04,65.83793640136719,66.2418518268344,64.6895566345602,65.38650364668737,2586300
2020-06-05,69.2197494506836,70.05925476124666,68.22976449298615,68.72079316487535,3767300
2020-06-08,71.06504821777344,71.11256553901384,69.21179413838361,70.13841815688566,3355700
2020-06-09,67.84956359863281,68.83163239015039,67.42188964923994,68.55443194789567,3809900
2020-06-10,66.78831481933594,68.91875732456613,66.05968768775078,67.35854685010199,3201700
2020-06-11,59.399070739746094,63.24020943910582,59.367390510265245,61.78295513730263,4387200
2020-06-12,61.188987731933594,63.08975992793591,59.65252925012025,61.56122301710596,3025700
2020-06-15,59.87425994873047,60.65832596249257,57.498297204396835,58.15564834716838,4308900
2020-06-16,61.01474380493164,62.527437434469796,59.54164594188704,62.487841667976234,3419100
2020-06-17,57.72006607055664,61.196891871456735,57.68838583490717,61.01473806945617,3665500
2020-06-18,60.38114929199219,60.72170429395868,57.10232022300671,57.42703812733202,3760200
2020-06-19,59.16147994995117,62.099759692702925,59.09020395587885,61.77504182889769,7484400
2020-06-22,58.923885345458984,59.27235582024194,57.7359038104392,58.68628662150041,2455400
2020-06-23,59.16147994995117,59.76339230579333,58.74172742738285,59.201081752693625,2749700
2020-06-24,55.43122100830078,58.385337978590314,54.900590665230155,58.211099706564255,3560200
2020-06-25,55.49458694458008,56.59544954366264,54.56004106452572,54.979793647176066,2655200
2020-06-26,53.91059875488281,55.241138240213516,53.82347963053961,55.22530114596302,3797700
2020-06-29,54.37787628173828,55.24906150960724,53.7126034973966,54.52042826154037,2364900
2020-06-30,56.943904876708984,57.30029684988981,53.26908320404146,53.87098937908528,3502500
2020-07-01,54.73427200317383,58.09229825579806,54.51251640758357,56.84095620366811,2251700
2020-07-02,54.18779373168945,56.21528623083026,54.07691594373483,55.65296968027805,2624100
2020-07-06,53.92645263671875,55.39955059843174,52.49295648653954,55.1302776156439,3592400
2020-07-07,51.17033767700195,53.26118520771295,51.0673814273248,53.213667868229344,3120400
2020-07-08,50.67137145996094,51.922710424725956,50.40209552761506,51.22576344081342,3798000
2020-07-09,46.71142578125,50.94856102681227,46.663905440168115,50.687203682651074,6096200
2020-07-10,48.358768463134766,48.406285790012156,46.50551718508622,46.51343573250138,4247900
2020-07-13,47.733097076416016,48.92107857750792,47.123266209978986,48.58052363883279,3481400
2020-07-14,49.07155227661133,49.26954918187964,47.04406590022737,47.22622269053106,3423300
2020-07-15,51.84352111816406,52.04943963984075,49.657636100294496,50.663460977670134,3635500
2020-07-16,51.376243591308594,52.36622820314861,50.584252880643305,51.53463871224837,1857300
2020-07-17,50.56049728393555,52.39791161447306,50.36250034955629,51.72471720367405,2122100
2020-07-20,49.364593505859375,51.130722647137894,49.31707315746708,50.56841211986525,2079600
2020-07-21,52.60383224487305,52.9839890765683,50.29122914235816,50.473385987732094,3241200
2020-07-22,51.67720031738281,51.89895591901266,50.615936619135944,51.605924320739064,2585400
2020-07-23,51.621761322021484,52.0335922896641,50.663456878234115,51.336645251197005,2104700
2020-07-24,51.52671813964844,52.65134527265482,51.281203884729294,51.835592861123054,2040600
2020-07-27,51.154483795166016,51.50296032458092,50.37041764636925,51.281204730366625,1826600
2020-07-28,50.354583740234375,51.44752468482849,50.212025700297126,50.79809495675596,2428300
2020-07-29,51.938560485839844,51.94647601318554,50.45754114991105,50.81393927924782,2449100
2020-07-30,49.96651077270508,50.85353626898165,48.54885187569237,50.69514112482755,3118400
2020-07-31,49.119075775146484,49.9744208898018,47.98653316260255,48.6042825799199,5838600
2020-08-03,48.40629196166992,49.10324204959843,47.550946735697586,48.55677157248259,4331600
2020-08-04,48.98444366455078,49.36460046287871,47.614305148673026,48.11325830293397,3412600
2020-08-05,49.07155227661133,49.99025779620856,47.93900973678116,49.99025779620856,4538200
2020-08-06,48.28749465942383,49.855630060558326,48.05781748410175,48.39045089289079,3187800
2020-08-07,49.792266845703125,49.887307546857,47.630140744143105,47.99445436831951,2914000
2020-08-10,51.376243591308594,51.41583935035027,49.81602687626688,50.1882590359073,3387100
2020-08-11,50.77433776855469,53.43541722992337,50.489221680380375,52.580068965400436,3544200
2020-08-12,51.01193618774414,51.88312154371534,50.53674170351051,51.748479027904395,3442200
2020-08-13,49.60219192504883,50.916891424053084,49.5942703559525,50.56841489245625,2875500
2020-08-14,50.41794204711914,50.49713961678804,48.99236464472355,49.18244002040636,2638100
2020-08-17,50.09661102294922,50.723219346591925,49.91184198045249,50.36974853457893,2816100
2020-08-18,49.253089904785156,50.20906948454425,49.07635299955367,50.01626530933551,2658800
2020-08-19,49.34145736694336,49.8797002079922,48.4979455770498,49.405726449553946,3100800
2020-08-20,48.97995376586914,49.47802689053052,48.69878113045757,48.8112489588148,2598700
2020-08-21,48.97995376586914,49.63066136265556,48.65861448668977,49.00405313922612,3124900
2020-08-24,51.13291549682617,51.15701486854687,48.74697963189241,49.20488608169529,3011200
2020-08-25,49.510162353515625,51.37392285262552,49.34145754331904,51.17308656552731,2303900
2020-08-26,48.22480010986328,49.6788556854173,48.20873284187441,49.34144918668695,3003400
2020-08-27,48.40958023071289,48.54615050777486,47.453600549354,48.34531420849217,3160200
2020-08-28,49.63869857788086,49.863634243874664,48.4818795767273,48.4818795767273,2469100
2020-08-31,46.971588134765625,49.74312622841716,46.963552967779535,49.68689231758771,3657000
2020-09-01,47.228660583496094,47.72673370239584,46.36104637845932,46.89928920518068,3194900
2020-09-02,48.24087142944336,48.50597677674809,46.45744743614659,47.06798834841106,4491700
2020-09-03,47.951663970947266,49.59048857561095,47.5580266204608,48.30513774715989,3365700
2020-09-04,47.38128662109375,48.71483916723917,47.04388319997501,48.20069886961943,3420100
2020-09-08,46.56188201904297,47.903469951447974,46.4895808362844,46.851086750077265,4119800
2020-09-09,46.48958206176758,47.10012607993824,45.91920775192488,46.626152328142,3057100
2020-09-10,44.47318649291992,46.80288551055877,44.4651513255608,46.722552224078214,3100900
2020-09-11,45.84690475463867,46.1280743147071,44.08758008338548,44.73828765512051,3002100
2020-09-14,46.8912467956543,47.33308593278575,46.136103598820874,46.208404771407324,2889700
2020-09-15,46.63418960571289,47.83117533697351,46.36105210717469,46.79485926329751,3397700
2020-09-16,48.61041259765625,49.59049463951806,46.682386119221306,47.19652651347062,5347700
2020-09-17,48.48188018798828,48.53811410519573,47.20456123445584,47.2527630482845,4187000
2020-09-18,48.05611038208008,48.77912229937067,47.341133633047605,47.59820385596897,7292400
2020-09-21,44.92306137084961,46.77878985541756,44.649926949300095,46.52975174430521,6187500
2020-09-22,44.47318649291992,45.64606963683924,44.079546034320956,44.75435606012029,4135900
2020-09-23,42.28005599975586,44.842725918797726,42.22382208455409,44.56155634278884,3725300
2020-09-24,42.456787109375,43.26013220559416,41.010766549084195,42.014947919358136,2981000
2020-09-25,42.480892181396484,42.80222840110694,41.53294466389138,41.83018150986614,2824300
2020-09-28,43.36457443237305,43.89478215284669,42.92273517606481,43.33243988821857,2126600
2020-09-29,41.926578521728516,43.23603185706278,41.58113989299298,43.187830049151444,2464600
2020-09-30,41.64540100097656,42.61744762395796,41.444564769888615,42.15150916138313,2670300
2020-10-01,40.39219284057617,41.452608184993316,39.96642089510341,41.12323679868979,4047100
2020-10-02,41.018798828125,41.58113790427057,39.21930459090482,39.33177240613393,3453200
2020-10-05,42.215782165527344,42.6817237699212,41.549007361244314,41.637375807906466,2711600
2020-10-06,41.018798828125,42.970927519653536,40.92239521691308,42.970927519653536,2926500
2020-10-07,41.71771240234375,41.918548682707616,40.68943162752665,41.33210711178734,2621200
2020-10-08,43.091434478759766,43.10750174992075,41.82215070222834,41.870349451192666,2398000
2020-10-09,42.60942077636719,43.78230377503988,42.215780366515574,43.41276579976241,3185700
2020-10-12,42.94683074951172,43.669842606379675,41.71771365735473,42.304155245917165,2769000
2020-10-13,41.187503814697266,42.94682848773029,41.06700082339268,42.47285475419376,2885600
2020-10-14,41.838218688964844,42.86649954470586,41.39637638577736,41.54901393215801,2111400
2020-10-15,42.18364715576172,42.36841921372518,40.504655881520875,41.01076412022992,3502000
2020-10-16,40.63319778442383,42.17561894931566,40.54482933058802,42.14348440891747,2938700
2020-10-19,39.32374572753906,40.9143687576922,39.26751181216889,40.89830148694093,3683200
2020-10-20,39.83787536621094,40.239547832873875,39.42817079860254,39.66113850023358,3471300
2020-10-21,39.13897705078125,40.022655498150115,39.090775238108584,39.26751215338979,3798400
2020-10-22,40.17529296875,40.31989535302538,38.19906446967822,39.1068454232917,3408600
2020-10-23,40.55287170410156,41.32408248186913,39.69329245011744,40.609105631781325,3291400
2020-10-26,38.67303466796875,39.886087549222104,38.48023354990738,39.878052381667075,3215000
2020-10-27,37.81345748901367,38.85780561319147,37.773290842798886,38.56056875377965,3525700
2020-10-28,35.523921966552734,37.35554784813813,35.4596528863828,36.736971741835355,4911700
2020-10-29,36.93781280517578,37.09848246189389,34.76074799697591,35.041917597843494,4436300
2020-10-30,37.48408126831055,37.54835034560747,36.07822737988235,36.455800547706055,4578900
2020-11-02,38.52843475341797,38.946174621873915,37.36358360967793,38.062496134633186,3732600
2020-11-03,38.17496109008789,39.396046060060016,37.63671825739746,39.05863951063109,3287300
2020-11-04,38.49629592895508,39.56474638869474,37.443915803562774,38.28742755021503,3709000
2020-11-05,38.713199615478516,39.29160907334929,38.10265868235143,38.32759433173746,3211600
2020-11-06,37.500144958496094,39.27553667837745,37.10650455891851,38.64892855712944,3617000
2020-11-09,45.81476974487305,46.778784470886,42.014947816776136,42.11134837002193,8912800
2020-11-10,46.70648193359375,47.22062228866654,44.746321063749164,47.14832110970204,5192400
2020-11-11,47.38128662109375,47.38932178703538,46.344970859912635,47.31702061615024,4588500
2020-11-12,44.063472747802734,47.01978264151266,43.862636494504606,46.33694060610623,5068000
2020-11-13,47.204559326171875,47.79903608128526,44.58565550439213,44.641889419326276,5655700
2020-11-16,51.08795928955078,51.512196955949904,48.21619877928566,49.921306484999754,6020300
2020-11-17,52.491207122802734,52.56463604971513,49.154420409663174,49.970261412313185,5370200
2020-11-18,49.562339782714844,52.9072865725585,49.53786554909215,52.83386387169043,4151000
2020-11-19,50.1334228515625,50.435283106672415,48.5670067388414,48.9504529495121,2673700
2020-11-20,50.24764633178711,50.98190446230169,49.774457067191854,50.01105169948948,2651600
2020-11-23,53.714962005615234,53.78023077163139,51.07163922568218,51.16954237470642,4504300
2020-11-24,55.248748779296875,56.056429557228135,54.33500469686004,55.59956062819588,4207300
2020-11-25,54.0576057434082,54.848972206868105,53.65783932464011,54.563422986499326,3755900
2020-11-27,53.217315673828125,54.04947082555004,52.77676074960827,53.53549319281357,1936000
2020-11-30,49.42364501953125,52.62173997039422,49.195207442908064,52.42593989007282,6423000
2020-12-01,50.48423767089844,52.36067118936002,50.19869147779779,51.21849264132975,4021100
2020-12-02,52.564632415771484,53.25809597520829,49.79893210593856,49.92946653285089,4410700
2020-12-03,53.04597854614258,54.57976359426823,52.08328903906581,52.82570421708879,2732700
2020-12-04,56.55410385131836,57.04360725820615,54.269746320010654,54.44923235489,4437500
2020-12-07,54.702144622802734,56.138020382181296,54.10657792051209,55.73826001247491,3059500
2020-12-08,54.979522705078125,56.35829594206386,53.894452716496126,53.894452716496126,3050800
2020-12-09,56.10538101196289,57.19045100062712,54.645031146765355,55.8524723019632,3602200
2020-12-10,57.81049728393555,58.4958007780347,55.59956878601104,55.59956878601104,3352600
2020-12-11,56.70911407470703,57.45152620592259,55.84431831470119,57.27204017602754,2557000
2020-12-14,54.81635665893555,57.55758281072637,54.54712764551245,56.87227316059236,2816400
2020-12-15,55.68114471435547,56.04011672336076,54.0494628179641,54.79188106852096,3028500
2020-12-16,54.8979377746582,55.885104568282735,54.59607438512114,55.84431003140364,3395200
2020-12-17,54.800025939941406,55.371118243920435,54.17183125237306,55.36295809296277,3162500
2020-12-18,54.53897476196289,55.08558678979735,53.89445956409714,54.73477487765203,8457000
2020-12-21,54.245262145996094,54.87346315299207,52.050651146351136,52.83386081095491,3479200
2020-12-22,55.077430725097656,55.62404273173872,53.96788640525635,54.26974360849561,3573900
2020-12-23,56.58673858642578,57.08440215003268,55.48535435812514,55.78721157828524,2988100
2020-12-24,56.072750091552734,56.5214588703013,55.5098178557051,56.44803617399371,1295200
2020-12-28,56.562252044677734,57.86759626181578,56.32565743276331,56.65199504314087,2442000
2020-12-29,55.78719711303711,57.00280450533627,55.29769383009215,56.66014660534005,3847500
2020-12-30,57.59837341308594,57.851288355913994,55.87694840340386,55.95853125861139,2906000
2020-12-31,57.05992889404297,57.71259804363087,56.913077246120295,57.516797921191866,2003500
2021-01-04,57.010963439941406,58.16130216905132,55.93405363312717,57.606530073154744,2714200
2021-01-05,58.536590576171875,60.19274677706149,57.10886885480183,57.10886885480183,3907000
2021-01-06,58.104209899902344,59.899058008142056,57.38626567710707,59.56456636064591,5097800
2021-01-07,58.626346588134766,59.80931378709606,57.74523663648649,58.33264327091867,2568200
2021-01-08,57.6881103515625,59.230049182931644,57.38624697224459,59.15662648828179,2683600
2021-01-11,58.960819244384766,59.393220150884844,56.03195339412352,56.29302223376901,4944300
2021-01-12,60.16010284423828,60.42933181996614,58.4468382953395,59.32794791170061,2648600
2021-01-13,58.55289840698242,60.127471586307216,58.35709833463356,59.964305896745174,2520600
2021-01-14,60.4864387512207,61.14726783295603,58.740539869709615,58.76501409875588,3028700
2021-01-15,58.52842712402344,59.93167453267711,57.86759795632795,59.67876583380547,3413700
2021-01-19,61.00859451293945,61.32677203382413,58.80582610306505,59.32796389243341,2976200
2021-01-20,61.50625228881836,61.97128140830687,60.32328533247632,61.5144124416158,2566800
2021-01-21,59.68693542480469,61.52257782479768,59.25453443099937,60.82910793863496,2698600
2021-01-22,59.18927001953125,59.6298187042618,58.047091317155655,58.495800155121415,2563600
2021-01-25,58.80582809448242,59.71956614463341,57.94919244809223,58.74055931250774,3003600
2021-01-26,58.17761993408203,60.43750299811665,58.136831618554396,59.43401582566892,2056800
2021-01-27,58.0878791809082,59.70324716833887,56.864117628857834,57.288358452550916,3080400
2021-01-28,58.29184341430664,59.246382220516274,57.565745341863106,58.49580368688906,2654500
2021-01-29,55.31401443481445,58.2510403728639,54.97951668461624,56.53777576103272,5732800
2021-02-01,54.971370697021484,55.84432041900887,53.33968850830685,55.75457740067968,2968800
2021-02-02,56.01564407348633,57.231245377819334,55.1590085639284,56.4235645591096,2324900
2021-02-03,58.16130828857422,58.24289114741911,56.01564860152504,56.01564860152504,2598900
2021-02-04,58.6834602355957,59.230072368758655,57.712607174922205,58.38159673811222,1997000
2021-02-05,58.77317810058594,59.97246519739998,58.21024589815356,59.67876198085891,2466500
2021-02-08,61.832576751708984,62.118119795021435,59.189254226746996,59.39321443259468,2678800
2021-02-09,60.804622650146484,61.64493780016706,60.24169042467272,61.555194801196684,2644900
2021-02-10,62.5913200378418,62.64026850410456,60.73935755551419,61.02490687370727,2231600
2021-02-11,63.015560150146484,63.031880456585974,61.06570056362973,62.330256664643954,2308000
2021-02-12,63.00740051269531,63.46426946163703,62.19971347519428,62.868702818018626,1954700
2021-02-16,64.76961517333984,65.75678201631636,63.717179557842705,64.3616946816451,2763700
2021-02-17,65.78941345214844,66.0096939934335,63.823240007029746,65.26727574414507,2135800
2021-02-18,65.30806732177734,65.74861593563895,64.37800918251897,65.40596424735895,2075000
2021-02-19,67.91543579101562,68.46826943366474,65.6051100108784,65.81963608011395,3401800
2021-02-22,69.2768783569336,70.44029728556538,66.96655267339145,67.22233713494246,3213900
2021-02-23,70.57232666015625,70.95188010474995,67.98145718977575,70.34129467606873,2557200
2021-02-24,71.99151611328125,72.5608493153294,70.57231272537165,70.83635012578635,3540700
2021-02-25,69.83798217773438,72.6516373844655,69.48318121051037,72.61037896926375,2767000
2021-02-26,68.52603912353516,69.67295241741398,66.14144906977417,69.2438876153711,4790700
2021-03-01,69.88748168945312,70.75385797868057,69.39241222210164,70.17627798262882,2227400
2021-03-02,67.88243865966797,70.41555005474018,67.8164340199585,69.52442761474467,2354100
2021-03-03,69.1778793334961,70.64659443287466,68.32800893296931,68.58379975386798,2352400
2021-03-04,69.648193359375,71.09214944385529,68.31150031777392,69.68119253014633,2829300
2021-03-05,72.07402038574219,72.14003130392258,69.40064115091289,71.4634351304427,3367100
2021-03-08,72.99817657470703,74.34311639249295,71.99153179906071,73.33647161684662,2892300
2021-03-09,70.46505737304688,74.74741423089071,70.40729938213642,72.35457778304435,3497500
2021-03-10,72.97341918945312,73.49324112966997,70.05250146434369,70.58882928560502,2554600
2021-03-11,72.3875961303711,73.84805204337407,72.23907465657842,73.10544467441069,2667700
2021-03-12,73.15494537353516,73.54274544208833,72.18955278692454,73.41898281124641,1864100
2021-03-15,72.47832489013672,73.53448067586476,71.66971319053806,72.9899000537637,2200800
2021-03-16,70.0772476196289,71.60371412970873,69.78845767909736,71.49645109326804,3064000
2021-03-17,70.51455688476562,70.72908924635928,69.02109588343107,70.09374510110263,2490300
2021-03-18,67.13984680175781,70.29179697548486,67.08208879969278,69.86273213573034,3516700
2021-03-19,67.87418365478516,68.93033330185199,66.512738192959,67.3626084153597,5098200
2021-03-22,66.4880142211914,67.610175276877,66.30648724230826,67.17286371601372,2946100
2021-03-23,65.16780853271484,66.71902777613637,64.12815831146082,65.28332452450424,3348500
2021-03-24,67.68441009521484,67.87418995338422,66.28171239537679,66.39722838029762,3417400
2021-03-25,68.022705078125,68.26198996610549,65.29156121541565,66.65300667695709,2613300
2021-03-26,69.56566619873047,69.67293552080173,68.12996326808607,69.26862334478363,2370000
2021-03-29,68.09696960449219,68.79831846081386,67.09857784276267,68.61679783653048,1880600
2021-03-30,67.91543579101562,68.74055349002502,67.32960298013677,67.46162483364954,1960600
2021-03-31,67.28009796142578,68.17122658757278,67.0573126573148,67.65139840807946,2665200
2021-04-01,68.6167984008789,68.73231438780437,66.4384816449224,67.3213574279379,2732900
2021-04-05,67.70915985107422,68.79006837310897,66.98305850482889,68.51777800758617,3060200
2021-04-06,66.71076965332031,68.41876316513297,66.43847928161784,67.81643072546875,2905200
2021-04-07,66.0094223022461,66.78503502874518,65.27506798274553,66.72727703603668,2707200
2021-04-08,64.70572662353516,65.32456488036732,64.07864172245199,65.15129092387211,2908500
2021-04-09,65.20904541015625,66.52923236152535,64.44168576105609,64.78823365545024,3592000
2021-04-12,64.045654296875,66.31472854428814,63.91363240989894,65.72889558491948,1846300
2021-04-13,64.045654296875,64.227174948742,63.253541860468786,63.748611346328914,2000600
2021-04-14,65.50609588623047,66.44672959202052,64.53245671592076,64.64797269416523,2237300
2021-04-15,65.20079803466797,65.40707746014422,64.56546017406644,65.20905097432859,2143800
2021-04-16,64.92851257324219,66.38071516468351,64.4829482684312,65.6463609294807,2422300
2021-04-19,64.30968475341797,65.72063546686891,63.91362543088731,65.0605386943676,2352600
2021-04-20,62.230384826660156,63.93837847194536,61.55378846222712,63.756851543291475,2283800
2021-04-21,63.55055236816406,63.822842676656556,61.33099038917468,61.570275239503154,2553200
2021-04-22,61.84257888793945,63.67434147917028,61.817826360244354,63.67434147917028,2625700
2021-04-23,63.113250732421875,63.3690414985911,61.86732754538965,62.13961160044631,1992800
2021-04-26,63.12152099609375,63.87238132634681,62.91524151571436,63.11326805423653,1582100
2021-04-27,64.44170379638672,64.64798326199305,63.03900594832358,63.27829088384488,1955100
2021-04-28,66.0919418334961,66.46324866166765,64.68924393635888,64.78000740801305,2670500
2021-04-29,66.93354797363281,67.89068120188846,66.32295636243448,66.83453158651054,2814500
2021-04-30,66.7602767944336,68.06395798912163,65.92690614648129,66.05067506174527,3061400
2021-05-03,69.26038360595703,69.4831626210536,67.65140027080919,67.8411801167533,3078200
2021-05-04,68.50952911376953,70.23402856878239,67.8494386586924,69.68944780557334,2867600
2021-05-05,70.12674713134766,70.20101099313456,68.30323788493325,69.02934544396935,2899900
2021-05-06,70.6383285522461,70.73734494495487,69.40065197155515,70.3495386091146,1661100
2021-05-07,70.9931411743164,71.19942063857403,69.52443239602619,69.72245891907158,1894900
2021-05-10,70.621826171875,72.56910459226188,70.58882700115225,71.89250827976467,2567400
2021-05-11,69.00457763671875,70.14324387135377,68.19596597241718,69.43364228300499,2450700
2021-05-12,70.4155502319336,72.26381864173277,68.92208902410545,68.97159407779944,3060600
2021-05-13,69.59867858886719,71.12514511547597,68.68279741387218,69.43365756253328,2265300
2021-05-14,72.36282348632812,72.44534029668249,70.32478795064036,70.32478795064036,2818200
2021-05-17,73.18794250488281,73.42722740975562,71.57896539729708,72.18955077464386,3022200
2021-05-18,71.58721160888672,73.5179839565126,71.44693681911225,73.18793562580822,2147700
2021-05-19,70.73734283447266,71.57070717476705,69.16961795334156,70.30002516775126,2669700
2021-05-20,70.21751403808594,71.06738425008697,69.27688037673057,70.74558885515742,3492300
2021-05-21,70.2925796508789,71.76031116117608,70.2425454461037,71.05145932719658,2675100
2021-05-24,71.30998992919922,71.45175776234883,70.23420990350867,70.88468006731283,1683300
2021-05-25,69.40859985351562,71.15152564543052,69.33354219283365,70.90968308035615,2433200
2021-05-26,69.5253677368164,69.99237067444732,69.25850800639334,69.72551094402425,2529100
2021-05-27,70.39263916015625,70.46769045104624,69.6420944390781,69.7588451331974,2903500
2021-05-28,70.23419189453125,70.96805433893151,69.75050679228667,70.88466189154629,1722900
2021-06-01,72.42744445800781,72.81105480604144,71.63520666396121,71.68524085991989,3599900
2021-06-02,74.73745727539062,74.84586682544071,71.8019946458464,72.7193243316654,3142100
2021-06-03,74.39553833007812,75.44630100448589,73.71171006695728,74.4205554285866,2995900
2021-06-04,76.28858184814453,76.6138168641713,74.65405925165584,75.05435192807752,3267400
2021-06-07,77.06414031982422,78.21497137451423,76.40532916308415,76.5721140594383,3160000
2021-06-08,77.1892318725586,78.19829520834595,75.27117996411687,76.48872761793722,2778100
2021-06-09,77.09750366210938,78.37343312226042,77.0891688697587,77.9898163512742,3670900
2021-06-10,76.4220199584961,78.67364830900601,75.62144084803842,78.35675439937813,2248500
2021-06-11,75.86327362060547,77.25594731892984,75.81323942094527,76.98908765001477,2518300
2021-06-14,76.25521850585938,76.77225549045475,75.42961610879469,76.23020140820938,2030900
2021-06-15,76.80563354492188,77.88141355829991,76.03007150562317,76.7806164408215,2450100
2021-06-16,75.67147064208984,76.68887519057078,74.86255042362755,76.36364014473662,2188600
2021-06-17,72.26901245117188,76.00504814622087,71.72695191133876,75.47966991604,3044100
2021-06-18,70.1925048828125,72.02717086139572,70.1341295230925,71.20990946287861,3990400
2021-06-21,72.84441375732422,72.9861815555264,70.84296318808204,71.05978864337924,2828400
2021-06-22,73.36146545410156,73.7951100515463,71.62687433944923,72.48582874227549,2689400
2021-06-23,73.60330200195312,75.08770925942719,73.53658549629591,73.89517876115822,3452400
2021-06-24,74.79582977294922,75.04600711638733,73.41149096200184,74.07030211586326,3097500
2021-06-25,75.08769989013672,75.4296108047037,73.84513534888761,74.88755676057471,8032600
2021-06-28,71.23491668701172,74.7791499158748,70.86798863212718,74.7791499158748,4141800
2021-06-29,70.97639465332031,72.14390799021889,70.62614256098149,71.8520312466032,3392700
2021-06-30,71.5684814453125,71.67689097749928,70.95136977471022,71.3266389235711,3103500
2021-07-01,72.62760162353516,73.26139579857484,71.76031236813829,73.04457030350706,2358100
2021-07-02,73.30309295654297,73.9368871120854,72.01048754341932,72.36908085166132,2080300
2021-07-06,70.4260025024414,73.38648246503985,70.07575036311579,73.38648246503985,6464400
2021-07-07,68.83318328857422,70.40098307160271,67.64899388769835,69.55871100668428,5109200
2021-07-08,67.37379455566406,68.52462572765992,66.48982306249782,67.03187721211917,2484200
2021-07-09,68.96660614013672,69.07502205162503,67.31541399334859,68.04927646276153,2376600
2021-07-12,68.7164306640625,69.36690070099294,67.54891724171837,67.88249341416474,3251800
2021-07-13,68.09099578857422,68.65807352342617,67.61565168453936,68.22442247548398,3340600
2021-07-14,65.49742889404297,68.69140991860856,65.2972857461727,67.95754110569099,4263700
2021-07-15,64.35494232177734,65.57249006183801,64.05472437355012,64.71353562869115,3481000
2021-07-16,62.11166763305664,65.02210771877598,61.89484210215489,64.87199871468064,3305400
2021-07-19,58.83427429199219,60.718967856300516,58.433981620960125,60.04348073402234,5171600
2021-07-20,59.31795120239258,60.46878861921537,58.15044420334912,58.79257305282302,4956500
2021-07-21,61.51122283935547,61.96154978738227,60.360385184696796,60.46045996062629,4450100
2021-07-22,60.30201721191406,61.25270543120832,59.5264551001279,61.110937586431014,2807100
2021-07-23,60.18524932861328,60.55218375168535,59.55146160458949,60.285324088297365,2126000
2021-07-26,61.978233337402344,62.03660870657857,60.26865895626734,60.36039258817827,2167800
2021-07-27,62.161685943603516,62.27843665442635,60.710636850207926,61.31940750486461,1932500
2021-07-28,62.728755950927734,63.304174643431075,61.52788437089842,62.47023746006312,1958000
2021-07-29,62.36183547973633,63.71281630894489,62.26176706734569,63.521007914467475,1938400
2021-07-30,61.236019134521484,62.461908042387954,60.85240872158997,61.99489880550164,3301000
2021-08-02,61.2777214050293,63.50433267985215,61.085913008397426,61.502881697874535,4061200
2021-08-03,63.437625885009766,63.462642992222555,60.97751278503244,61.29440674712484,3148500
2021-08-04,59.743255615234375,61.602938218684606,59.70989736646897,61.51120462518859,4259700
2021-08-05,61.18598175048828,61.99489558385546,60.14356012959399,60.527170522590694,2182900
2021-08-06,61.6779899597168,62.270084564173146,61.20264604557942,62.00322493452472,1807900
2021-08-09,60.88576889038086,61.644648585188385,60.518834413257075,60.71897759967133,2220700
2021-08-10,61.90317153930664,62.12833182160394,60.96915942815555,61.085910146744816,2823800
2021-08-11,62.053279876708984,62.16168943930193,61.24435964734887,61.69468656974843,2021300
2021-08-12,62.07828903198242,62.22839798690008,61.21099355495109,61.91983892333709,1790000
2021-08-13,61.619606018066406,62.511918376696045,61.53621358839192,62.245058784276935,2214700
2021-08-16,59.91838836669922,60.860741503269054,59.634852764060014,60.78568384452355,4751400
2021-08-17,59.09077072143555,60.222418784726266,58.643178384667,59.40323743940536,3161400
2021-08-18,57.55374526977539,59.741037803055875,57.46929498983305,59.065429120373764,3895000
2021-08-19,55.96604919433594,56.79367736489657,55.18909634402552,56.44742285628295,4008600
2021-08-20,55.69580841064453,56.16029462767975,54.42903484761416,55.06242162912935,4518600
2021-08-23,58.10268783569336,58.2631414514354,57.04704311806189,57.11459948320085,3549900
2021-08-24,59.90150451660156,60.14641486591129,58.4067144213973,58.76140950254488,3351900
2021-08-25,60.957149505615234,61.354072954729816,59.40323711367134,59.8170544866152,2229500
2021-08-26,59.69037628173828,60.58556095713438,59.50458177707627,59.960621076752815,2518500
2021-08-27,61.32029724121094,61.79322406201619,60.16330819100414,60.21398352405092,2349900
2021-08-30,60.44198989868164,62.07190549805705,60.4251024192436,61.80166072504296,1790300
2021-08-31,60.03662872314453,60.965601313269154,59.69038057485276,60.01974124111708,3333500
2021-09-01,58.44894027709961,60.349100909423306,58.195589392009815,60.349100909423306,3334500
2021-09-02,59.04854202270508,60.09574623307366,58.83741307687749,58.97253869491631,2336500
2021-09-03,58.79518127441406,59.487683842643584,58.31380761653676,59.031644623105656,1606200
2021-09-07,58.0520133972168,59.453912696416424,58.035125916459364,58.34759263405282,2108700
2021-09-08,56.57410430908203,58.803625216809365,56.53188239043816,58.4235957332976,2498400
2021-09-09,56.36298370361328,57.587535501566954,55.78027217245055,56.14341423072035,3575700
2021-09-10,56.0589485168457,57.21593731793555,55.864713518612966,57.207490357055725,2477500
2021-09-13,56.80213928222656,57.38485085182361,56.33765297596211,56.852808172675495,3545100
2021-09-14,55.09620666503906,57.460853382602195,54.85129632018728,57.275058883532296,3572200
2021-09-15,55.763370513916016,56.514988969763785,55.29044378479206,55.63669187057397,4584500
2021-09-16,55.535362243652344,56.11807377933521,55.01176011462318,55.73804423679663,2427000
2021-09-17,55.75492477416992,56.261639358637716,55.11309746862628,55.52690836567429,6201900
2021-09-20,54.27702331542969,55.16376741218202,53.364947999166645,54.302364199655976,2989700
2021-09-21,54.336143493652344,55.16377181285455,53.67742542195342,55.02020567317122,2170000
2021-09-22,56.590999603271484,57.44395583239472,55.26511019460818,55.28199767384653,4003600
2021-09-23,57.94223403930664,58.153363005652125,56.481218757212204,56.65856631576504,2520300
2021-09-24,57.46084976196289,57.840879254737125,56.92036022225825,57.41018088109794,2424700
2021-09-27,60.07040023803711,60.39132033201136,58.33914689538934,58.719176388297896,3136300
2021-09-28,59.88461685180664,61.607423367265895,59.76637871531037,61.02471186235681,3790400
2021-09-29,59.08231735229492,59.825488845662306,58.854300949229476,59.77481996567964,2351900
2021-09-30,59.141441345214844,59.867725459744804,58.347594419299696,59.21745111880926,3435400
2021-10-01,61.286502838134766,61.46385035833128,59.19210110997636,59.19210110997636,2859400
2021-10-04,63.93829345703125,64.12408797268732,61.050050831317336,61.64965630438815,6312000
2021-10-05,65.32329559326172,66.64918513649998,63.90450879692475,65.11216664406362,5064900
2021-10-06,66.20158386230469,66.44649418350522,64.41120829515422,65.04459505728354,4437300
2021-10-07,66.97010803222656,67.54437905551828,66.25226442075356,66.47184034107981,2746500
2021-10-08,69.36007690429688,69.79922870673958,67.25723447037238,67.56970762045108,3274000
2021-10-11,69.2840576171875,71.37001209037095,69.25872318118,70.06101038941559,2671900
2021-10-12,69.7823486328125,70.38195416698308,69.08984583134767,69.25030591906415,2217500
2021-10-13,69.1405029296875,69.57964826029959,68.03418297733118,69.0813870881985,3511800
2021-10-14,69.38542938232422,70.54241204080456,69.02228728788306,70.1792699463634,2283100
2021-10-15,68.59156799316406,70.39038416205413,68.56623355239914,70.09480494789054,2092900
2021-10-18,68.2959976196289,69.7907878065468,67.89907414788189,68.97160641900842,2534500
2021-10-19,69.90901184082031,70.00190908755823,68.45644373889334,68.74358244057703,2880000
2021-10-20,70.36505889892578,70.37350586133036,69.14895403844481,69.53743054817747,2016900
2021-10-21,69.8667984008789,71.1420126824543,69.13206729925659,69.82457003154694,2536000
2021-10-22,70.00194549560547,70.8126802535005,68.84495601193753,70.03572691591116,1880200
2021-10-25,70.71131896972656,71.00689824537751,69.95125337294913,70.55930585037108,1939200
2021-10-26,69.43606567382812,70.72817336225982,69.21648983901181,70.71972640315175,3262700
2021-10-27,65.32329559326172,68.27910088203504,65.13750108706432,67.98352164178655,5417200
2021-10-28,64.81657409667969,65.86377166562747,64.18318737912256,64.60544519082731,3380000
2021-10-29,63.152889251708984,65.60198631219626,62.553283818672654,65.02771532175885,5110900
2021-11-01,65.9904556274414,66.02423702828327,63.59203415596012,63.68493139748938,5824600
2021-11-02,65.49219512939453,67.53592157757488,65.49219512939453,65.95667489863,4552600
2021-11-03,66.66608428955078,67.17279251874103,65.0192744907516,65.24729738193126,4270800
2021-11-04,64.92638397216797,67.67106081202263,64.44501013798082,67.42615041313508,2859200
2021-11-05,65.67798614501953,66.19314126093138,64.6899042773763,65.87222759984849,2682400
2021-11-08,65.8637924194336,66.77587112646789,65.38241862013409,66.3789476274912,1640600
2021-11-09,66.86031341552734,66.91098874416501,65.25573212907642,65.72021838991415,2363700
2021-11-10,65.47529602050781,67.35856871779751,65.12060100086711,66.7842978294132,2910300
2021-11-11,65.76243591308594,66.48027292617199,65.17971805341766,65.44996280339628,1510500
2021-11-12,65.42463684082031,65.99046085265145,64.6561244078889,65.17972649768208,2146500
2021-11-15,66.64073181152344,67.18966181943753,65.24727972596106,65.95666976623691,3721000
2021-11-16,65.78624725341797,67.07651062065459,65.45300141645234,66.6834515954938,2950000
2021-11-17,63.812416076660156,65.42737894414854,63.6329764824003,65.13685955891343,2299800
2021-11-18,62.98357391357422,64.14566453938495,62.37689530319728,63.63297903250373,2548600
2021-11-19,59.50584411621094,61.77875860003213,59.39476432923186,61.53095921140241,4692200
2021-11-22,61.68477249145508,62.75287005353652,59.446037654438335,59.48021755872296,3782400
2021-11-23,63.086097717285156,63.350983749907996,62.24015999910232,62.513599154259154,3452500
2021-11-24,63.120296478271484,63.9064147268725,62.49652462763468,62.70159753615011,2305200
2021-11-26,59.17259216308594,59.7878172690728,57.31837676026075,59.70237078638546,5044500
2021-11-29,59.69382858276367,61.44551094315061,58.97606373315198,60.445766812650426,3400500
2021-11-30,59.10422897338867,59.59128106778611,58.113038096697544,58.113038096697544,5819900
2021-12-01,58.6769905090332,61.37714355744197,58.64281061383391,61.00971783298504,3976800
2021-12-02,60.99263381958008,61.29170631786775,58.044687495125316,58.81371895515899,3617500
2021-12-03,59.81346130371094,62.274355650455355,59.36058899690397,61.94965635027204,3219500
2021-12-06,60.727752685546875,61.78730360611747,59.420402356613415,60.753385983110284,3866000
2021-12-07,61.93257522583008,63.308278961868076,61.522422871593236,61.55660277770885,2572900
2021-12-08,61.39423751831055,62.522148116907495,61.274611130516114,62.12054244967652,1947700
2021-12-09,61.77876663208008,62.248725655768766,60.89010866326203,61.5309672112332,3913400
2021-12-10,61.966739654541016,62.55633154128729,60.941368695907954,62.38543855456497,2268800
2021-12-13,59.50584411621094,61.49677931098975,59.39476432923186,61.12080692559992,2527800
2021-12-14,60.437232971191406,61.88129638595221,59.23241583881976,59.34349563406293,3360000
2021-12-15,60.25778579711914,60.693571403244384,59.164054998267375,60.01853299976404,2666100
2021-12-16,60.63375473022461,61.86420506801579,60.49704164777527,60.9755472150721,2965600
2021-12-17,61.35151290893555,61.4284127870856,59.41184451748948,60.531208427109405,5988200
2021-12-20,59.32639694213867,60.6850135842765,58.591545475108,59.61691627977245,5883100
2021-12-21,61.64204025268555,62.18035902705255,60.01853080537056,60.163797014867626,5058500
2021-12-22,61.197731018066406,62.35982189135492,61.078104591623585,61.7958631502805,2320700
2021-12-23,61.436981201171875,62.5221655993605,61.394254685377014,62.01802661256646,2970100
2021-12-27,62.19746780395508,62.24018780167007,60.37743161868672,61.14645676906836,2229500
2021-12-28,63.17155838012695,63.40226457016485,62.342713682582,62.46234008025346,2316200
2021-12-29,62.24871063232422,63.17154828327607,62.19744404698757,62.88956902562711,2693100
2021-12-30,61.90693664550781,63.21429363377305,61.84712343839638,62.30854240146341,2469200
2021-12-31,61.915489196777344,62.419634721536646,61.565156526959285,61.73604955821425,2317800
2022-01-03,64.71817016601562,64.81216327956051,62.28290885860431,62.28290885860431,3710300
2022-01-04,67.1363296508789,67.29013593664291,65.33338072520327,65.3931939186032,4484400
2022-01-05,66.9227066040039,68.58039576007091,66.52964756559449,67.71737128489545,4196400
2022-01-06,68.76838684082031,68.96491311447112,66.99107117753437,68.57185404802024,3631300
2022-01-07,70.03300476074219,70.14408453586664,68.26423584783691,68.76838117618364,3771000
2022-01-10,71.6565170288086,72.03248938995657,70.0415543235488,70.34916688827914,5816300
2022-01-11,73.61327362060547,74.10887237549413,71.79323149089522,72.31446354014895,4409600
2022-01-12,73.74144744873047,74.33103278326797,73.06640910647374,73.91234042587048,4263400
2022-01-13,74.15161895751953,75.18553682238321,73.32277404028422,73.32277404028422,3706600
2022-01-14,75.68965148925781,75.74091807546571,73.91233595036432,73.91233595036432,3389700
2022-01-18,75.75801849365234,76.8175693307305,74.48484164902959,76.53559004145303,3862500
2022-01-19,74.54466247558594,76.51851118342677,73.91235055057311,76.49287136610928,3086500
2022-01-20,73.05787658691406,75.43332463053561,73.03224328731606,73.86962816355292,2943500
2022-01-21,71.29764556884766,72.75880214939066,70.27226806939926,72.75880214939066,3592700
2022-01-24,70.77640533447266,71.01565810108606,67.9566256841885,69.40069540729662,3803800
2022-01-25,73.450927734375,73.69872713544723,69.41779055126106,70.27226854703436,3122800
2022-01-26,72.67333984375,75.15986686363445,72.12647457067753,74.27120916510462,3907700
2022-01-27,73.33129119873047,75.06588024728606,71.77614172218247,74.5361081354014,3917900
2022-01-28,71.98976135253906,76.21942424867855,70.05009943437389,73.62181723168125,6742900
2022-01-31,72.45118713378906,73.30566509524078,71.10111039009948,72.13502794115811,3778700
2022-02-01,74.9035415649414,75.02316795854753,71.30618359429441,71.84450888467151,3360100
2022-02-02,74.93771362304688,75.15133311059165,72.42555288254192,74.3566683561591,4159500
2022-02-03,74.52755737304688,75.19404903735972,73.71579952308629,74.98042957986722,2829400
2022-02-04,75.91181945800781,76.47577804541156,75.10861460206092,75.236787600939,3256300
2022-02-07,77.15082550048828,77.92839715199156,75.19406994352356,75.51876926229467,4104900
2022-02-08,75.89473724365234,77.10809446374759,75.07443912925768,76.43305604771294,3048400
2022-02-09,76.43306732177734,76.98847941883429,75.87766174387129,76.0571013716926,2605900
2022-02-10,76.44161224365234,77.92840235507924,75.93747327933575,76.04855308863837,2660100
2022-02-11,79.63733673095703,79.93640920774095,76.80047039725724,76.90301009093878,4821300
2022-02-14,77.34735107421875,79.05630719314594,76.34761330924239,78.98795390294303,3951800
2022-02-15,75.55294036865234,76.52704473067504,74.98044169466786,75.74947316972514,3397400
2022-02-16,75.45040130615234,77.5267828674544,74.98043585269238,76.50995207859505,3426300
2022-02-17,74.37376403808594,75.60421441337206,73.9721583450884,75.15988221378558,2670700
2022-02-18,73.46697998046875,74.85738650490227,73.01790765058611,73.57061509757666,2488000
2022-02-22,72.62928009033203,75.41873101494329,71.6965838131748,75.08192512410191,3562000
2022-02-23,72.52565002441406,73.31152822343932,71.99884972657406,73.27698318552282,3261800
2022-02-24,72.0938491821289,73.44107275892823,70.53935537136624,73.40652771993433,3775000
2022-02-25,73.1388168334961,73.75197649218335,72.18884466911436,72.56883353486705,2999700
2022-02-28,72.75018310546875,73.18198619752911,71.62749901938717,72.1197542807843,4639400
2022-03-01,70.9625244140625,74.45149447600042,70.02982807706276,73.47562177951298,5324500
2022-03-02,72.81063079833984,73.54470128074496,71.3338651049414,71.713853911006,3644200
2022-03-03,71.67931365966797,73.74333192348755,71.16978917097258,72.54291984833867,3894300
2022-03-04,72.802001953125,72.96608264321308,71.07478963242255,71.21296319190685,4030100
2022-03-07,71.33386993408203,74.23558725787046,71.13524420022314,73.59652052251002,6183500
2022-03-08,72.81063079833984,76.25642400506143,72.36155850927506,73.02653233109619,16579800
2022-03-09,68.52713775634766,69.39074379382852,67.46490601996926,68.65667997972803,14161400
2022-03-10,70.13347625732422,70.23711139921691,67.6117471037487,69.26123193224443,10788600
2022-03-11,69.75345611572266,70.90205371646637,68.91576380154717,69.5720996401512,7198200
2022-03-14,67.59445190429688,69.92619251234522,66.71357651156228,69.12303851214949,5807200
2022-03-15,65.06407928466797,66.99856165909861,63.7773080628126,66.41994716342845,5925300
2022-03-16,66.06588745117188,66.35951045500053,65.16773603372945,65.41818267223881,4031800
2022-03-17,66.97266387939453,67.344014811352,65.70316170296337,66.73084860724231,4840500
2022-03-18,68.01762390136719,68.08670738759412,66.06587210922626,67.13674191685388,8269500
2022-03-21,69.63255310058594,70.29753344557214,68.89848927941739,69.08848366369915,4278900
2022-03-22,68.90715789794922,69.58940776887476,67.6290174814115,69.2612331083722,3541700
2022-03-23,69.32166290283203,69.93482906871975,68.96758780678167,69.52029521680569,3446700
2022-03-24,70.05572509765625,70.23708157737106,68.91576537602653,69.63255338953043,3946900
2022-03-25,72.41337585449219,72.41337585449219,69.58938658476814,69.77074308935664,4290900
2022-03-28,71.066162109375,71.8693162194015,70.3407294025157,71.24751863889156,4214600
2022-03-29,72.08522033691406,72.15431042358706,69.6153057430975,69.95211167963673,3546000
2022-03-30,75.51373291015625,75.5655471769496,73.09563276497673,73.09563276497673,4512500
2022-03-31,74.60693359375,76.6191374727981,74.53784352153048,75.13373386403799,4830800
2022-04-01,74.23558807373047,75.55690450396423,73.00063094563629,74.6414840414582,3204400
2022-04-04,74.84873962402344,75.13373122030703,73.87286709623044,74.85737752994493,2410900
2022-04-05,74.19239807128906,76.1355116616104,74.17512226076313,75.11645627069024,3003100
2022-04-06,73.99378204345703,75.12510409624409,73.59652396834701,74.74512183545643,2563300
2022-04-07,71.7484130859375,74.83148731770977,69.23531558679215,74.40832207497839,7514600
2022-04-08,72.7588119506836,73.34606434630011,71.80884658421931,72.25791884496537,4686200
2022-04-11,71.23888397216797,72.71564999866783,70.96253021145677,72.18884961281313,3973800
2022-04-12,70.78980255126953,73.17335755133325,70.56526309033788,72.11111900701155,2943900
2022-04-13,71.80021667480469,72.0161182179906,70.50480741568919,71.18705708281175,2659600
2022-04-14,71.5497817993164,72.62065178384684,71.49796752888868,71.95567782111567,3014900
2022-04-18,75.27191925048828,75.28918847534985,71.34250842084788,72.26656678756258,3679600
2022-04-19,77.33592987060547,78.16499094645728,74.95237515953669,75.09918661708726,5120900
2022-04-20,76.74869537353516,78.2772756477842,76.45506580107556,77.52593578384871,2816600
2022-04-21,74.22694396972656,78.16499238867291,73.87286888387797,77.51728779351372,4574000
2022-04-22,72.2147445678711,74.89192216433554,72.11110946374264,74.2614868112728,3458600
2022-04-25,69.96937561035156,70.8243505434249,67.43900902943868,70.19391508064491,5577500
2022-04-26,70.71207427978516,72.05930445113538,69.99528613117376,70.31481621284615,4847000
2022-04-27,71.68793487548828,72.64653804882688,69.67573134307187,70.72069379741225,4482600
2022-04-28,75.3150863647461,75.790072350056,71.72248845429957,72.2320128850942,4228700
2022-04-29,74.92647552490234,78.00954938580598,74.6760289370226,76.54141489707563,6279900
2022-05-02,77.01638793945312,77.25819657967635,74.34784181403815,74.85737281061533,4280400
2022-05-03,78.40682220458984,78.80408033948159,77.180502754864,77.19777198299249,4292000
2022-05-04,83.05300903320312,83.29481772186897,78.5449834868703,79.22723319491612,5874800
2022-05-05,81.6280517578125,83.56253430994654,79.8490251676101,83.43299206753161,5448500
2022-05-06,83.21709442138672,83.37254380180195,80.39309844197524,82.8457434897721,4093600
2022-05-09,77.2754898071289,81.78350887759521,76.99913607190346,81.4121579281867,5173000
2022-05-10,77.35320281982422,79.91811414708695,75.85052995925925,78.07863541413315,4186100
2022-05-11,78.76087188720703,80.29809624471348,77.81090651664302,78.89905202267384,2981700
2022-05-12,78.75225067138672,79.1754158601454,76.64504945678111,78.95087640560733,3910600
2022-05-13,81.6971435546875,81.94759013829193,80.04765917212406,80.04765917212406,3329000
2022-05-16,83.8388900756836,84.61613696044799,81.80077895065354,81.80077895065354,4561900
2022-05-17,84.3916015625,85.20339352434993,83.27754873893761,84.94430902071493,3747200
2022-05-18,82.49166870117188,85.13430838985029,81.44670589638847,84.80613378767842,4002600
2022-05-19,82.32757568359375,83.26027190489614,79.92675164596844,80.48809037122648,4660600
2022-05-20,81.83026123046875,83.67992939198594,79.81482566360357,83.26113421439814,3838800
2022-05-23,82.95576477050781,83.68864799802353,82.17052798636712,83.02556507499219,4220300
2022-05-24,84.43025970458984,84.67456077542654,81.75173453647317,82.04838250851309,3076300
2022-05-25,86.4457015991211,86.92556372350386,84.41281262767954,84.6222068882007,3422100
2022-05-26,86.09671783447266,87.79805890167657,85.92222370428101,87.15242263213821,3262700
2022-05-27,88.75777435302734,89.22890971782786,86.03562267088962,86.1141430128488,3621300
2022-05-31,87.95508575439453,90.45038984161944,87.7369648142981,89.26381139497306,5541800
2022-06-01,90.02288055419922,90.74704372027603,88.30408636871317,88.85374877737935,4086100
2022-06-02,89.86585998535156,90.78197092936573,88.68800781199424,89.4732448130742,3031400
2022-06-03,91.1396713256836,91.47121282563297,89.66517134100704,90.0403397004474,2940200
2022-06-06,92.50074005126953,93.32087704648953,91.35778827356634,91.5061089388437,3046000
2022-06-07,95.9034194946289,95.95577305004518,92.0732160734141,92.0732160734141,3477600
2022-06-08,96.19135284423828,97.09001022300001,94.9611473134117,95.75511088122586,3611100
2022-06-09,94.46382904052734,96.32222400999255,94.39403538739951,95.73766139383798,2946100
2022-06-10,92.7537612915039,94.02758698689397,91.47120889328598,93.27725695679409,3015000
2022-06-13,88.50476837158203,90.9040990810074,87.3007363372224,90.13630899381602,4227500
2022-06-14,90.85173797607422,93.97523165597221,89.29871783817055,91.54972769618799,4522800
2022-06-15,89.32489776611328,91.6631548445973,87.35308897835364,90.91281817083964,4747200
2022-06-16,84.1947021484375,88.1906802832038,83.70611326087634,86.6987335102372,6847800
2022-06-17,78.968505859375,84.95374490045347,78.72421147508979,84.57857662272328,14918000
2022-06-21,83.74100494384766,84.36918774006087,81.6208688691225,81.76046282721755,5764900
2022-06-22,78.968505859375,82.0396457220676,78.94233241199055,80.26850477947713,5178900
2022-06-23,73.62890625,80.31213525333247,72.55575491967801,79.94568700384696,6160600
2022-06-24,73.46314239501953,75.55710510563917,73.21012791942674,75.23429031983679,5269800
2022-06-27,76.08059692382812,76.86583380132326,74.22220852752646,74.5537500284581,3796200
2022-06-28,77.52019500732422,79.65778460652443,76.27254273471279,77.71214253488353,3791400
2022-06-29,73.79469299316406,79.19536403706047,73.48059824330451,78.76784877173327,4246300
2022-06-30,71.53495025634766,73.48059220495203,70.57521933576567,72.13696625352779,4829100
2022-07-01,73.6114501953125,73.90809145024286,70.36580985313077,71.87520288608293,4093300
2022-07-05,70.13895416259766,72.86110531686019,68.16713941643593,72.4684837136327,5205700
2022-07-06,69.38864135742188,70.56649325471425,66.89333694802016,69.78126309420179,4624400
2022-07-07,72.01482391357422,72.72153376219963,70.86314539971009,71.44770803145023,3711300
2022-07-08,71.55239868164062,73.08796538509506,70.53158757126438,72.91347128677806,2219400
2022-07-11,71.33428955078125,71.70073121188129,69.5718682457347,70.3832785847558,2444000
2022-07-12,70.24366760253906,70.78460325986552,68.95238874157003,69.33628371633539,2565200
2022-07-13,69.49334716796875,71.0201940633129,68.44636244581824,69.18797912020476,3591300
2022-07-14,68.53361511230469,68.56850861163525,66.0906574546709,67.3121362834878,4199000
2022-07-15,71.22957611083984,71.31682315856924,69.10071353232274,69.84233007933024,2792200
2022-07-18,72.19804382324219,73.56784330081797,71.83160217723379,72.8873069135098,2709600
2022-07-19,74.51883697509766,74.75440464827193,71.97990618015768,71.97990618015768,2767400
2022-07-20,75.77521514892578,76.16783684480968,73.82958004237125,74.4228692804981,3590900
2022-07-21,74.34435272216797,74.4315997813349,71.1336116865478,73.6812630907562,3628000
2022-07-22,73.75106811523438,75.10342091660469,73.34099958875984,74.21348354925054,2706700
2022-07-25,76.11549377441406,76.28999454879205,73.90811056659281,74.80676792093675,2756600
2022-07-26,74.98998260498047,77.25844589059164,74.46649363773304,77.00542478084198,1870000
2022-07-27,77.0752182006836,77.4852866650485,74.63226747523738,75.4698511516638,2277100
2022-07-28,76.78730010986328,78.59334128627133,75.64434182019265,77.86045144234701,3257100
2022-07-29,77.65106964111328,78.0611381525765,75.69670750498392,77.05778030343707,4750400
2022-08-01,76.3336181640625,76.95308096363142,74.72825090712742,76.46449208656844,2910900
2022-08-02,76.37723541259766,77.4591134998921,75.1906568691689,76.4470357166872,2455900
2022-08-03,74.60610961914062,78.38396032653088,74.03026697694399,77.63363020132806,3539700
2022-08-04,72.11079406738281,74.20475671225789,71.92757325122825,74.073882798855,2989700
2022-08-05,73.07925415039062,73.71616367690616,71.11616535329453,71.29065947264904,1796200
2022-08-08,73.11414337158203,73.99534719602227,72.65172137705075,73.28863746484151,1680200
2022-08-09,74.62355041503906,74.89401830668434,73.67254611439972,74.0826146317485,2062300
2022-08-10,74.71080780029297,75.3389973897044,72.99201979037989,75.1296030787423,2191600
2022-08-11,77.0665054321289,77.30207315915479,75.22556384797188,75.93227368557352,2803200
2022-08-12,78.52355194091797,78.55845209611904,76.47321608265435,76.68261035733676,2795200
2022-08-15,77.79065704345703,78.04367148199333,75.20809919613578,76.15038327638626,3082700
2022-08-16,77.96514129638672,79.39601398289739,77.04903078012904,78.15708876886144,3420100
2022-08-17,79.27059173583984,79.86156925549106,76.80964796418964,77.14482773737132,3063900
2022-08-18,78.22978210449219,79.8968723780267,76.43920416103462,79.64107456759372,5466000
2022-08-19,78.0092544555664,78.7325421430516,77.49765891989898,78.09745895802614,3167500
2022-08-22,77.82404327392578,78.89133350999728,76.10402474439653,77.40947460173811,2694600
2022-08-23,80.62898254394531,80.88477362444776,78.42383597043721,78.591422533914,3128000
2022-08-24,81.47575378417969,81.76682800227225,80.17030411952929,80.62897835153062,3200700
2022-08-25,82.74591827392578,83.11638801455547,81.51985731144876,81.722733758212,2766000
2022-08-26,81.30815887451172,83.5750491197104,81.2728757243267,83.01053217589559,2750000
2022-08-29,82.20784759521484,83.28396001690554,80.98178684711075,81.29932843808743,2576400
2022-08-30,79.517578125,81.13174685607885,78.80310613689889,81.09646370719722,2836400
2022-08-31,78.90896606445312,80.3467192420902,77.23305328262514,77.46239041603069,2841700
2022-09-01,76.14812469482422,77.95634088542998,74.44575123504853,77.40946883061214,4004200
2022-09-02,78.02690124511719,79.30589022494058,77.3565348394709,77.86813043140025,2641600
2022-09-06,76.52740478515625,78.69726809858669,76.20986315591541,78.67080741774544,2556200
2022-09-07,76.1393051147461,76.5274130880536,74.11938992664584,75.04555423401199,2633200
2022-09-08,75.79529571533203,76.6508936334784,74.97498094871028,76.45683966487947,2477400
2022-09-09,77.64762878417969,77.98281540789847,76.69500374241164,77.12721736462017,2474400
2022-09-12,78.99716186523438,80.32907216474736,78.36207863024613,78.70608765717535,2454500
2022-09-13,75.9981689453125,78.87367501263945,75.86585881507497,77.61233099957751,3004000
2022-09-14,75.85704040527344,78.37972856641932,74.89559975126217,76.58915066614281,3872100
2022-09-15,72.2141342163086,74.34871424211339,71.58787346805542,74.15466028893614,5077600
2022-09-16,71.20860290527344,72.27589314111061,69.69146084124904,72.27589314111061,6839900
2022-09-19,72.2670669555664,72.46112093930421,69.28571107966565,69.32098750436927,3124400
2022-09-20,73.40491485595703,73.96060932926027,71.31443363426295,71.56140895573105,3482700
2022-09-21,71.68489074707031,74.89558985198933,71.62314692175873,74.84266176631351,2872300
2022-09-22,72.56696319580078,73.55487132035111,71.57023932991925,72.50521935861472,2963900
2022-09-23,67.02763366699219,70.0883782015857,66.63070997379621,70.02663436643135,5632400
2022-09-26,65.41345977783203,67.60096102866406,65.2899654000471,66.15438566710904,4717500
2022-09-27,67.23050689697266,68.30661945495196,66.49839665119028,66.63070678578286,4147800
2022-09-28,71.79957580566406,71.9583466326204,67.23051170722435,67.35399938046001,5401100
2022-09-29,71.12037658691406,71.80838789059779,69.98252027989454,71.20858782324422,3118000
2022-09-30,71.19976043701172,71.82602114018903,70.00898285408101,70.40590647186723,3259300
2022-10-03,74.6045150756836,75.21313090969238,72.61106083362448,73.76655540082054,3891800
2022-10-04,79.70281219482422,79.78219423520345,75.40718457555394,76.28042739716211,5402400
2022-10-05,81.68743896484375,82.7370907428346,78.90013084934861,79.03244097146406,5443400
2022-10-06,82.3489990234375,82.71946205448089,80.75247496376933,81.070016627399,3237500
2022-10-07,81.59040832519531,83.3545252619563,81.02589144379756,82.8252915268424,3283500
2022-10-10,80.36434936523438,82.8076484155323,80.09091338746788,82.17257195713,2786000
2022-10-11,79.68517303466797,81.12293290183092,78.18567606244738,79.49112578980893,2939500
2022-10-12,81.97853088378906,82.67535800613189,78.5296784246766,79.28824938167901,2838800
2022-10-13,85.47147369384766,86.35353223201002,80.98179223522348,81.11410236186235,3690000
2022-10-14,83.00171661376953,86.00071733336036,82.84294578950963,85.11865869404384,3905200
2022-10-17,84.20130920410156,86.43291628083185,83.38981694521287,84.47474520382927,3667600
2022-10-18,84.774658203125,85.824310160158,82.88705321238272,84.64234805844103,2756500
2022-10-19,86.39765167236328,87.20032836321653,84.32481496053587,85.08338602216067,3343500
2022-10-20,86.21239471435547,88.11764427822163,85.9742418836583,87.12091388006912,3033400
2022-10-21,88.59396362304688,88.80565579245727,86.2300464209838,86.67107569950622,3260100
2022-10-24,88.55867767333984,89.44073620249748,88.13528661833229,88.47047316633859,1996100
2022-10-25,88.39990997314453,88.84976172309213,86.97097268308475,87.89713686305228,2627300
2022-10-26,90.19931030273438,90.83439354317898,88.54985837155593,88.80565616171127,3171700
2022-10-27,91.34599304199219,93.4629351803856,91.2489660506377,91.73410100741016,3394200
2022-10-28,91.91050720214844,93.5511368038809,90.58741924782055,92.19276569655545,3561000
2022-10-31,91.98989868164062,92.91605623913858,90.56096122633494,90.56096122633494,3581600
2022-11-01,94.71544647216797,97.00880412930839,93.78928901485153,94.38026663945908,5810800
2022-11-02,91.06373596191406,94.27442900898161,90.86086623469242,94.12448064893542,3682200
2022-11-03,90.9578857421875,91.68117352888146,89.58186974270227,90.47275081775791,3073700
2022-11-04,91.27542877197266,93.33944270835703,90.31398137876054,92.73964257880057,3059200
2022-11-07,92.99543762207031,93.45410512888995,91.61942837203843,91.61942837203843,3226700
2022-11-08,92.71318054199219,93.26887504068813,91.39891510436794,92.854306419463,2488600
2022-11-09,91.81349182128906,95.71219660074347,91.0549274894473,94.01863869062053,4702300
2022-11-10,93.70991516113281,93.85104778446896,92.00754158719036,93.64817132081672,3457300
2022-11-11,98.17312622070312,99.42564783481492,94.78601765078713,94.78601765078713,5586800
2022-11-14,97.25577545166016,100.14010388521865,97.22931477247828,97.9084968799126,3977400
2022-11-15,98.00553894042969,98.51713458192638,96.41783064943084,97.65271412803288,3785700
2022-11-16,95.81655883789062,98.41485170163827,95.55850822768524,96.88434837978023,3021700
2022-11-17,97.64070892333984,97.76528414648682,94.14368892765005,94.34834531331701,2446000
2022-11-18,96.98223114013672,97.25808209330125,95.11359602312616,96.07461069661974,3696400
2022-11-21,97.017822265625,97.231378812924,94.23266661466795,95.64748807517923,3047200
2022-11-22,99.9186782836914,100.41697924941029,98.3703811481781,98.61953163103753,3494100
2022-11-23,98.51273345947266,99.518235393864,97.39154968536633,98.30807707801442,2662300
2022-11-25,98.57501983642578,99.4915404287663,98.19239400974728,98.80637672412075,1409400
2022-11-28,95.94113159179688,97.96103557307862,95.7453685967535,96.32375741242524,3598700
2022-11-29,96.96442413330078,98.1656889140441,96.46612331493958,97.09789950645882,3854100
2022-11-30,96.49282836914062,98.21019450716098,95.21147549841531,98.02333167832025,3987300
2022-12-01,96.13688659667969,97.58730181120067,95.08689071958388,97.06230726707257,3214200
2022-12-02,94.90894317626953,96.72418413094738,94.3661482083568,95.38944374208145,2676000
2022-12-05,92.67546844482422,96.25256942019222,91.830128858004,95.9233378282068,3015200
2022-12-06,91.7233657836914,93.75217019099607,90.72675713236585,91.96361607872863,3627000
2022-12-07,91.66106414794922,93.39622376016581,90.69114936788047,91.42970727004034,2817100
2022-12-08,89.78352355957031,93.20935530861051,89.4008977721914,93.10257365090956,2899700
2022-12-09,87.20304107666016,90.09497866338613,87.14965363210352,89.39201455841336,3212200
2022-12-12,90.82461547851562,90.8958032473492,87.22081445017712,87.79920319148123,3692400
2022-12-13,90.87803649902344,92.83566013244419,90.53100448374664,92.5153218431361,2984000
2022-12-14,90.12166595458984,91.80343822652131,89.91700957249977,90.9403050606309,2646800
2022-12-15,90.29075622558594,90.344143678744,88.69796491423155,89.6500796323214,2445400
2022-12-16,89.55216979980469,89.8280139390443,88.14624180778638,88.76022448038016,7235200
2022-12-19,89.52548217773438,91.10937292443552,88.60006141575208,90.14835827289541,2451200
2022-12-20,91.33182525634766,92.05258281596835,89.51657770911781,89.87250979876208,2442300
2022-12-21,91.963623046875,93.12930108341384,91.0026082162273,92.75556856782315,2471800
2022-12-22,89.45429229736328,92.08817896320969,88.0661645814167,92.0080978052159,2287700
2022-12-23,92.48860168457031,92.5597826705299,89.91700272228891,89.91700272228891,2216300
2022-12-27,93.05809783935547,93.24496067170271,92.26615244990457,93.04919766957501,2474900
2022-12-28,90.89584350585938,93.18269897900068,90.7534679051329,92.89795456639001,1910700
2022-12-29,92.63986206054688,92.8089313128747,90.4686826515171,90.76232710382146,1827300
2022-12-30,92.61318969726562,93.32504717713519,92.10598861218274,92.39962634334803,2088900
2023-01-03,89.89920806884766,92.96021469038487,89.46319480109996,92.00810020596585,2877200
2023-01-04,89.58776092529297,90.76233200915195,88.43098339003265,88.58225910289933,2959100
2023-01-05,91.66996002197266,91.71445408045624,89.16064855128636,89.16064855128636,3348400
2023-01-06,94.05470275878906,94.61529806342782,92.38183059263233,92.73776271851521,3101300
2023-01-09,90.77122497558594,95.18476466137194,90.37079888107262,94.94450764689613,4707400
2023-01-10,90.37971496582031,92.05258703839057,89.48988809531353,91.15386678714371,3259200
2023-01-11,90.24623107910156,91.41190878610641,89.45428578203423,91.18055192068596,3551100
2023-01-12,91.527587890625,92.33732677231082,90.51318585181336,90.70894883980156,2231600
2023-01-13,91.67887115478516,91.99030923489282,90.33523053621668,91.52760219999587,2133200
2023-01-17,91.2161636352539,93.44073103683371,91.08268823339093,92.14158448897201,2600800
2023-01-18,91.39412689208984,93.88564511321384,91.02930136611182,91.84794054576878,2908000
2023-01-19,92.88011932373047,93.27164528977669,90.61106504766023,91.36741647301697,2696800
2023-01-20,95.1758804321289,95.42503086750293,92.39072479549758,93.25385793864345,2986400
2023-01-23,95.15808868408203,96.70638555382837,94.85554401479808,95.65638956426699,3070100
2023-01-24,95.22037506103516,95.44283177807132,92.86233250268377,95.15808745181864,2360500
2023-01-25,96.85765075683594,96.86655092616449,93.91232607120928,94.64198381282954,2889100
2023-01-26,99.20679473876953,99.3669638451526,96.35045133230506,97.48053524646338,2723600
2023-01-27,96.7508773803711,99.51823266653462,96.72417687197142,99.16230735395447,2506700
2023-01-30,94.69537353515625,96.9288408716906,94.22376638196857,96.43053999871347,3110000
2023-01-31,89.22293853759766,93.16487189935138,88.20853643446829,93.16487189935138,7890100
2023-02-01,87.19412994384766,90.39750520247931,86.33989699413522,88.80472113683759,4467800
2023-02-02,88.07505798339844,88.09285153197204,85.72590903014675,87.20302474882081,4668700
2023-02-03,87.92378234863281,89.52547327525974,87.65683838675473,88.34200202329872,3525100
2023-02-06,87.27423095703125,88.53778362670356,85.5568646312109,87.71914444259257,2666300
2023-02-07,91.01148986816406,91.100471196116,87.63904526471664,87.96828364586295,3628400
2023-02-08,91.42080688476562,92.23055256111304,90.0860666358026,90.54878039052683,3683600
2023-02-09,90.86022186279297,92.7911445333804,90.69115258576376,91.7945427879625,2897400
2023-02-10,95.54960632324219,95.68308171076517,92.07928698068635,92.30174369694456,3003300
2023-02-13,96.33264923095703,96.37713649671207,94.09918210933093,95.21146558580055,2608800
2023-02-14,96.05680847167969,96.84875384757777,95.30045698545392,95.65638909333673,2267500
2023-02-15,94.90003204345703,95.79875903568285,93.65427313332182,95.21147007378086,2626400
2023-02-16,93.36064910888672,95.47844175680407,93.2716677648458,94.73988370246582,2876500
2023-02-17,89.46874237060547,92.19217192329572,89.14516590320984,91.69781708214471,3537600
2023-02-21,89.56761169433594,90.50238737659738,88.52497490576712,88.92045877142668,2569200
2023-02-22,89.40582275390625,90.61024090617423,88.56092790487398,89.27099808645914,2087700
2023-02-23,90.19678497314453,91.23043162910574,89.09123776993917,90.82596447817062,2738000
2023-02-24,91.6798324584961,91.68882259745527,88.17442572829553,89.07324761514353,3005800
2023-02-27,93.16290283203125,93.77410207394371,91.68883528226608,92.06633888117645,2699500
2023-02-28,92.18317413330078,94.26844071820882,91.56299167014879,94.04373523769085,4104500
2023-03-01,96.38965606689453,96.57840783796782,92.23710338834879,92.57865323255758,4581100
2023-03-02,95.10435485839844,96.48854157923704,93.79207554428416,95.72454424082727,4644000
2023-03-03,95.29309844970703,95.85037051761738,93.61230582147718,94.34034939381344,3755700
2023-03-06,93.45951080322266,94.44821359180354,92.40788389401384,94.44821359180354,4000200
2023-03-07,91.4910888671875,93.45052103004652,90.9967340422243,93.24378896029808,3119900
2023-03-08,89.26200866699219,92.27306778689659,88.40813052871533,91.52704389747387,3876200
2023-03-09,90.90684509277344,93.54039349569794,89.9271325276332,90.16981141981164,5194700
2023-03-10,90.97877502441406,93.40559197717347,90.41251270662664,91.14955341961578,4367100
2023-03-13,85.85547637939453,88.37218077973827,85.45999935345945,88.22837282234401,6037700
2023-03-14,88.03961181640625,90.2417298223673,86.06220616704347,86.6284615561644,3521200
2023-03-15,84.17466735839844,85.38807548057649,83.23090167588968,85.01057195055958,6810300
2023-03-16,85.43302154541016,85.66671029439534,82.11636664843331,82.22422774159571,5801500
2023-03-17,85.13641357421875,86.69137165955718,84.02187631069984,85.63076151698475,10256800
2023-03-20,85.88243103027344,87.0688756051555,85.19932450004845,85.57682803354125,4692800
2023-03-21,85.88243103027344,88.36317441391176,85.50492063931408,87.6171574855712,7228900
2023-03-22,85.10945129394531,87.49132393780391,85.09147101504799,86.06220035148876,3012600
2023-03-23,84.07581329345703,86.79924294017707,83.3207992243102,85.60380799755085,2856300
2023-03-24,84.24658203125,84.43533381256746,81.4871989963321,82.36804064248025,3718400
2023-03-27,86.49363708496094,87.06888256985948,84.25556554851457,85.57683487889524,3475300
2023-03-28,88.78562927246094,89.76534874341496,86.29589554016208,86.42173006194082,3350700
2023-03-29,90.13386535644531,90.86190895211807,89.20807983170901,89.65749081322896,3053600
2023-03-30,89.87320709228516,91.16751292681697,89.59457447525523,91.03268825947532,2336700
2023-03-31,91.1225814819336,91.1854987542569,89.1272021921934,89.76536505646371,3920500
2023-04-03,92.49776458740234,94.36730891897214,91.83263144714111,94.36730891897214,4212300
2023-04-04,88.33619689941406,92.50672910116546,87.64410719735221,92.00339113602958,4202300
2023-04-05,93.86397552490234,94.0527273095197,88.22836497500143,88.44408032064023,6353400
2023-04-06,92.4348373413086,94.68189200469085,92.09328750116248,94.20551751324848,3808300
2023-04-10,94.34036254882812,94.78977357860958,92.57867213498098,92.58766227566767,2887700
2023-04-11,95.68858337402344,96.47056093430773,94.52910224289869,95.0953644566266,2484100
2023-04-12,95.30209350585938,96.59639935231345,95.1492954149495,95.8773390248462,3192500
2023-04-13,95.51780700683594,95.58971440968024,94.14261050040875,94.90660779759415,2765300
2023-04-14,95.50883483886719,96.08408041362769,94.61001277112037,95.44591756842364,2111500
2023-04-17,93.40557098388672,95.454883835842,92.99211372932267,95.16726109973366,3326700
2023-04-18,93.756103515625,94.23247799149439,92.71347375178252,93.14490439286686,2932200
2023-04-19,92.63259887695312,93.83702399761626,90.59227582755997,93.75612644671034,3676700
2023-04-20,91.00572204589844,92.36294510464909,90.42148640941897,91.41917931822324,3784400
2023-04-21,90.01702117919922,91.63489660195165,89.41481210835472,90.93381656634553,3111000
2023-04-24,90.50237274169922,91.0955915867932,89.39681886759415,89.49568981802088,2897800
2023-04-25,89.27098846435547,90.13385664255802,89.02830957508185,89.49569393339155,2738500
2023-04-26,89.22605895996094,90.25072237222672,88.3721807834519,89.45975460538772,2716000
2023-04-27,87.8508529663086,89.40581791272722,86.58351761885176,89.08224147136227,3132800
2023-04-28,88.9833755493164,89.52266736297028,87.01495322913891,87.2037050210444,2710500
2023-05-01,88.44408416748047,89.51367766016705,87.70705041847927,88.26431565707317,2546600
2023-05-02,85.1454086303711,88.25533183810178,83.68931456352807,87.99467264269651,4207200
2023-05-03,86.2419662475586,88.17443487626599,83.6263978513522,84.44432228735963,6286000
2023-05-04,82.97025299072266,86.23298109656336,82.56578585142923,86.07119286935253,4619500
2023-05-05,83.9859390258789,85.26226475916091,83.80617049180992,84.6780290240064,2720800
2023-05-08,84.45331573486328,85.65774080125097,84.30051763805425,85.22630321662028,3352800
2023-05-09,84.47128295898438,85.49593934945425,83.67132518014148,83.86008380875087,3274100
2023-05-10,84.69599151611328,85.3161739703465,83.63538138902233,84.79485561724974,3323800
2023-05-11,83.94995880126953,84.39037957005041,83.00619315355858,83.39268680788724,3428400
2023-05-12,83.78819274902344,85.16338939080407,83.32979158260721,84.74993206995596,2777000
2023-05-15,84.68699645996094,85.19932464412945,83.17697546596956,83.81513816151514,3344000
2023-05-16,82.59274291992188,85.01057599830642,82.1702955344455,84.62408231132451,4389600
2023-05-17,85.19932556152344,85.370103910574,82.97024431497557,83.78817550520026,3408600
2023-05-18,86.53858184814453,86.76328735018375,84.25557312453006,84.83980880132555,4405000
2023-05-19,86.2750473022461,87.16560107910757,85.82976348073808,86.79302443905495,3206500
2023-05-22,86.83846282958984,87.64723408211059,86.28413553070558,86.38409664578818,2398100
2023-05-23,86.91114807128906,88.83766285376063,86.70214354536395,87.62904734966654,3113600
2023-05-24,87.7471923828125,88.04707571844189,86.73849893247915,87.35643719995294,2780400
2023-05-25,86.456787109375,86.7748420154063,84.83015552358404,86.69305943945982,3091700
2023-05-26,86.24778747558594,87.24739163698942,85.73889266392004,87.12016966734228,2440600
2023-05-30,85.04825592041016,85.23909581190345,83.76694693302487,84.98464493427156,2943500
2023-05-31,83.24897003173828,84.26675274611954,82.96726522556708,83.59428582424097,4851700
2023-06-01,84.55755615234375,85.8025151555754,84.12136153142956,84.40306636870184,3100900
2023-06-02,88.1742935180664,88.30151548478301,85.63892958179609,86.1023849937364,4658500
2023-06-05,87.25646209716797,89.1102766023443,86.42043014377758,89.1102766023443,2996100
2023-06-06,87.98345947265625,88.30151438548818,85.89337244591422,86.02060134412412,2888000
2023-06-07,91.82740020751953,91.96370450385984,88.26516437982167,88.41965413746924,3871100
2023-06-08,90.09171295166016,92.23632157444108,89.7373079357247,91.78195545831083,3653600
2023-06-09,89.74639892578125,90.50973068768764,88.53778336968594,90.346158605411,3247700
2023-06-12,87.94711303710938,89.80092780644857,87.81989106664194,88.25608563187127,2883900
2023-06-13,88.03799438476562,90.19169271683393,87.95621179481428,89.13755978138435,2733400
2023-06-14,86.96568298339844,89.31021410660671,86.19326187374296,88.91036965465806,2297500
2023-06-15,88.16520690917969,88.37421839398172,86.65671485850324,86.94750892448167,2123000
2023-06-16,88.26517486572266,88.91037403299924,87.8471587967721,88.6286692096599,4964900
2023-06-20,84.94829559326172,87.94710792240713,84.93920632930624,87.85623608208338,3273300
2023-06-21,84.76654815673828,86.29321870386124,84.19404930147114,84.51210422106399,2902800
2023-06-22,82.52198028564453,84.66658912913536,82.4129368437203,84.0213900097997,3515500
2023-06-23,82.56742095947266,83.04904799033606,81.5496382428581,81.78591059249813,4192000
2023-06-26,83.16717529296875,83.91233548594383,82.576504856877,82.75824853981645,2846000
2023-06-27,84.12135314941406,84.53936919738749,82.85821574075504,83.23079239811236,3763800
2023-06-28,84.87557983398438,85.42990697163788,83.40343133074586,84.2122023480287,2574100
2023-06-29,85.9024658203125,86.02968779153264,84.87560078601354,85.13913399299167,2254400
2023-06-30,86.67488098144531,87.12924711416366,85.6661876121644,86.39317619774457,2574200
2023-07-03,86.92932891845703,87.81988262613653,86.69305659612142,86.92023965484654,1348800
2023-07-05,87.35643005371094,87.52000213857517,85.911549081641,86.92024244945762,3854700
2023-07-06,86.69305419921875,87.4200358071934,85.89336541744713,86.69305419921875,4692900
2023-07-07,90.36434936523438,91.14585976044897,86.80211319489989,87.02021395617685,5340900
2023-07-10,91.1731185913086,92.02732228817558,90.38251894871658,90.43704067128236,3785200
2023-07-11,92.25450897216797,92.4089987472554,90.69149508871266,90.74601681340356,3060700
2023-07-12,92.65434265136719,93.7448255497384,92.26358749273933,92.97239756348822,2374100
2023-07-13,93.2177734375,94.44456081959473,92.33630187957858,92.95424020336321,2886300
2023-07-14,91.2912368774414,92.89060750642494,89.64643379785716,92.74520702511893,2865000
2023-07-17,90.0008544921875,91.64565785846727,89.97359363046009,90.87323673285357,3078300
2023-07-18,91.92736053466797,92.72704244308976,89.86453438188566,89.99175634611011,2367000
2023-07-19,93.10870361328125,94.06287522964597,91.90008808137307,91.92735587210419,3052100
2023-07-20,94.55359649658203,95.00796263653085,93.70847519895412,93.7629969171633,2520300
2023-07-21,96.08026123046875,96.28926575976253,94.5717624086105,94.88981730084667,2711700
2023-07-24,97.0980453491211,98.28848938250755,96.14388058924332,96.32562427691225,3691800
2023-07-25,97.87955474853516,98.56110397038437,95.92577892595199,96.78907876680731,2744600
2023-07-26,99.58797454833984,99.90603641615128,97.07987826322936,97.18892170766519,2687600
2023-07-27,98.95184326171875,100.73295744380118,98.8700606960929,99.942364910447,2925800
2023-07-28,100.27861785888672,100.57850121155235,99.1245307740374,99.48802511668562,2141100
2023-07-31,101.36908721923828,101.38725881403555,100.50578740521273,100.61483777322732,3800800
2023-08-01,101.87798309326172,102.18694876068491,100.55123471011748,101.04195100521098,2694200
2023-08-02,99.042724609375,102.90483661818503,98.23395347276445,101.01467883359987,4886000
2023-08-03,100.3331298828125,100.65118477999596,97.60693316453691,99.54253033860493,3510700
2023-08-04,100.39674377441406,102.85031811880114,100.36947598265587,101.39634788016151,2650300
2023-08-07,101.26913452148438,102.5231826589038,100.90564019767253,100.94199032336147,2982000
2023-08-08,102.39596557617188,103.08660413109294,99.02456925462037,99.88786224846329,2865000
2023-08-09,103.9771499633789,105.22211573257312,102.69584100264208,102.95937420632892,3864800
2023-08-10,104.20433044433594,105.58560741314658,103.83175380915593,104.47695290564987,2587700
2023-08-11,105.9945297241211,106.58520707679614,104.54055950197423,104.54055950197423,2559000
2023-08-14,104.20433044433594,106.28532822867243,103.8681039328696,105.84005134606507,3043900
2023-08-15,103.07749938964844,104.08619274174396,102.21420652542253,102.45047191859533,5087600
2023-08-16,102.93209838867188,104.76774140695225,102.88666593624674,103.59547597838551,3904400
2023-08-17,104.188720703125,106.19746760041427,104.0878312908378,104.31714004174488,4704400
2023-08-18,104.784912109375,105.28021979084039,103.28982175457999,103.28982175457999,4896500
2023-08-21,103.95024108886719,105.83974289243656,102.9321097097921,105.3902997154409,2662600
2023-08-22,103.5925064086914,104.76656589940393,103.29899153601328,104.28959985758536,2217200
2023-08-23,102.96880340576172,103.13390598623495,101.0426112988725,102.66611417523617,2027400
2023-08-24,103.08802795410156,103.84933458659899,102.31755401129463,102.3817601731952,1713600
2023-08-25,104.46388244628906,104.986706060598,102.50100031551891,103.45492545351094,2262100
2023-08-28,103.76679229736328,105.28023143625653,103.29900748919171,103.88603732520703,1702200
2023-08-29,103.36321258544922,104.12451230372278,102.75783413699939,103.81265576818018,1933200
2023-08-30,104.24376678466797,104.56479765859154,103.41825382461576,103.5099759317442,2113400
2023-08-31,104.7115478515625,105.12430079013443,102.79452311951991,104.28961360588998,3086400
2023-09-01,107.472412109375,107.60082443620344,105.5737361364723,106.51848696868736,2787700
2023-09-05,107.07801055908203,108.93999646538754,107.05049462910867,107.95855530796774,2327000
2023-09-06,106.98628234863281,108.22454811233582,106.041531484459,107.19724946295719,1764200
2023-09-07,108.92166137695312,109.14179582788952,107.1055329123708,107.54580881219161,3348800
2023-09-08,112.11363220214844,113.33354938009768,109.5453715158342,109.94895713744148,4711200
2023-09-11,112.21453094482422,113.79217632641027,111.24226404601104,112.72818732358701,3105400
2023-09-12,113.99396514892578,114.49844720017865,112.45301006267343,112.70983474405755,4229600
2023-09-13,112.97582244873047,114.82864089010285,112.26038033693308,114.42505528941837,2779400
2023-09-14,112.79237365722656,113.73712445846004,112.54471632221684,113.65457667875462,2526300
2023-09-15,111.012939453125,112.33375995591368,110.38004512921425,111.87514250332838,9312900
2023-09-18,112.31541442871094,113.65458358529332,110.98542657880495,112.38879490265053,2237500
2023-09-19,110.26998138427734,113.26016913360945,109.2151598440766,113.18678866171183,2970100
2023-09-20,110.13240814208984,111.71922779960009,109.6554490126465,109.81137728593107,2491400
2023-09-21,110.01316833496094,113.59037924296352,109.7838595845532,112.287907220155,2730800
2023-09-22,108.7657241821289,111.62749280352838,108.71068532544606,110.52681364113589,2426300
2023-09-25,110.30667877197266,110.65522553916401,108.65565303696644,108.69234327529408,2499100
2023-09-26,109.53618621826172,110.3250087642981,108.78405390668595,109.33439342770171,2350800
2023-09-27,110.80199432373047,111.48074628589585,109.82055312242926,110.49013077487746,2793800
2023-09-28,113.16844940185547,113.2510041890529,110.42591876893083,110.51764086741322,3294300
2023-09-29,110.2057876586914,113.2234916760768,109.59124188257175,113.2234916760768,2841900
2023-10-02,109.16930389404297,110.34337054299289,108.40800418149917,110.15074503961037,2445800
2023-10-03,106.05987548828125,108.72903257039508,104.68402305369409,108.23372485419002,2988400
2023-10-04,101.34529876708984,103.9227340175174,99.66676394316887,103.79432167028735,4464100
2023-10-05,100.41889190673828,101.9690143139971,99.6025463102723,99.77682320139903,3206000
2023-10-06,100.15288543701172,101.64797587142962,99.24481780699148,101.36363527909147,2625500
2023-10-09,102.00569152832031,102.4184514286048,100.29045976053595,101.86810489489216,2769800
2023-10-10,103.08802795410156,103.63836748438463,101.20769364452538,101.68465970259835,2662300
2023-10-11,102.84954071044922,103.17974581467712,101.04259394302261,102.19830480987376,2035900
2023-10-12,101.58377075195312,103.64754939025465,100.79494813481098,103.57416891471881,1976800
2023-10-13,101.44617462158203,103.40905667192087,101.33611091651979,103.15223202951341,3393200
2023-10-16,102.52852630615234,103.33569757795678,101.87729030145861,102.2717016280137,2750200
2023-10-17,104.48223876953125,104.54644493749971,102.43680170776865,102.43680170776865,2471900
2023-10-18,106.6285629272461,107.1055220221034,104.54644267004313,104.73906116977093,3249700
2023-10-19,105.65630340576172,106.72946669165671,105.1426470397851,106.53684817864591,2091400
2023-10-20,104.14286041259766,106.42677355213642,103.78513933042703,105.80305348615605,2667200
2023-10-23,103.69342041015625,104.1887211560748,102.74866247403577,103.931896473614,2463500
2023-10-24,102.66610717773438,104.28960994344358,102.62941694035797,104.13368168305429,2331600
2023-10-25,101.57460021972656,103.54665683590608,101.32694985301917,102.8495562882908,2581100
2023-10-26,100.9875717163086,101.39115735411684,99.14392741389547,100.76743727657123,3517900
2023-10-27,101.7488784790039,102.78535150616813,98.92379300923969,101.94149698858588,5214900
2023-10-30,103.13389587402344,104.11533695117696,100.76742811858699,102.93210307345873,3194600
2023-10-31,104.62899780273438,105.69299377835208,103.11555862952882,104.95920296772279,3618600
2023-11-01,106.4818115234375,107.39904655558887,104.32631059747136,105.34444204299523,3343100
2023-11-02,108.34379577636719,108.71068416127073,106.39925514582045,106.54601609813977,2566900
2023-11-03,107.1238784790039,108.5455885566359,105.7296773342634,108.01359756519729,2525000
2023-11-06,107.17890930175781,108.33462737144161,106.71111748818021,107.53663039509722,2484500
2023-11-07,104.43637084960938,105.91311966314738,103.8401667388979,105.78470733135688,2180700
2023-11-08,102.55604553222656,104.46389605678249,102.38177563671611,103.69342199760482,2898600
2023-11-09,101.47368621826172,103.58332911593345,101.3911384429871,102.55602359218912,1802200
2023-11-10,104.05113220214844,104.18871184263436,102.49182862981908,102.73031166990657,2429400
2023-11-13,104.70238494873047,105.15182817492983,103.87687198370739,104.10618075188334,1487900
2023-11-14,105.50037384033203,105.97733999182171,104.71155812446496,104.84913778552144,2407900
2023-11-15,105.93147277832031,107.24311916504381,104.79410328848776,105.0784439114589,3203500
2023-11-16,105.08911895751953,106.20915541567041,103.58031091465264,105.00581378743216,4559600
2023-11-17,107.71797180175781,108.65287390057622,105.68153607550214,105.68153607550214,3354300
2023-11-20,109.32859802246094,110.17093643536919,107.9123536684503,107.9123536684503,2876700
2023-11-21,108.68064880371094,109.35636983955386,107.77350803768327,108.76395397436794,2039400
2023-11-22,109.23603820800781,109.4211655182713,106.39429091632267,107.27365623330553,2212000
2023-11-24,109.8099365234375,111.11510735896648,109.22677914326843,109.5044771693418,1173600
2023-11-27,109.5322494506836,110.03210167808055,108.59734026265478,109.43968579275551,2447200
2023-11-28,109.2267837524414,110.3653372328021,108.98611259049888,109.73589446767474,1926400
2023-11-29,113.13302612304688,114.6603511424047,112.28142920076822,113.8550325163768,6873900
2023-11-30,119.3071060180664,120.10316610403656,113.30889404721422,113.5958434751266,9147400
2023-12-01,120.05689239501953,121.50090522027288,118.25187636345284,118.94611438515608,4757300
2023-12-04,118.89057922363281,121.60272901904837,118.39072699373561,119.3256361864408,4842900
2023-12-05,118.20558166503906,120.87145997754195,118.02971284903363,119.03867569985,3484500
2023-12-06,115.7063217163086,118.35368292215001,115.36382846165309,117.40951538213902,2952000
2023-12-07,115.35458374023438,117.31695855073566,114.84547307025309,116.5764422860356,3702200
2023-12-08,116.0025405883789,117.00224499747186,114.12347087593722,116.0951042420755,4102700
2023-12-11,117.0114974975586,117.89086275593687,115.48417257213247,115.74335361409011,2976800
2023-12-12,115.90998077392578,116.16916183772263,114.66035375224568,115.78039024202737,3484900
2023-12-13,117.70574188232422,117.94640597033235,114.2067764384632,115.71559154130851,3054600
2023-12-14,120.43641662597656,120.67708073018737,116.87266274031458,118.48329302750393,4260100
2023-12-15,120.21424865722656,120.50119810662244,118.22410535545565,118.42774963392532,9648400
2023-12-18,121.53793334960938,123.13005359990868,121.0103056986612,121.54718477137217,2987700
2023-12-19,123.85205078125,123.87981916878445,121.64899787480357,121.74156858278974,2873100
2023-12-20,124.10200500488281,126.52720549256293,123.8798437362419,124.3056351790831,3365700
2023-12-21,124.30561828613281,125.2775542834262,123.37071622406826,124.35190364301495,3235100
2023-12-22,124.09270477294922,125.72185870567067,123.96311426687419,125.54598284936044,1402200
2023-12-26,125.62931823730469,125.9718044877123,124.51854018588571,125.05541930433856,1542400
2023-12-27,124.68514251708984,125.87923979189269,124.23158272800903,125.1572333986991,1799000
2023-12-28,122.96342468261719,124.67588397532451,122.91713932686422,124.129753500639,1827500
2023-12-29,123.24113464355469,123.94462409657186,122.82459465000099,123.4262619602109,2023900
2024-01-02,124.30561828613281,125.19424911562308,123.34294783480055,123.57436049490337,2500300
2024-01-03,125.65706634521484,126.30501892692179,124.04642924985164,124.04642924985164,3094700
2024-01-04,125.2220230102539,127.79533077378758,124.8610198095944,126.24949583125537,3125200
2024-01-05,125.18502044677734,127.20293242996854,124.64814128284223,126.21249340935289,3126500
2024-01-08,123.89834594726562,124.21306378045121,121.95447392006879,123.56511114615496,3636500
2024-01-09,123.30593872070312,123.84280370932392,122.02853620634205,123.84280370932392,2172600
2024-01-10,119.78845977783203,123.62065308849768,119.34413727492247,123.62065308849768,3619900
2024-01-11,120.5937728881836,121.18618877524995,119.603333977072,120.27905503787217,3540000
2024-01-12,122.99120330810547,123.06525705861243,121.80637154861168,122.65796849297855,2909900
2024-01-16,119.843994140625,123.60213362494947,119.49224236399871,123.11153989665934,3169400
2024-01-17,118.73321533203125,120.53823131270157,117.99269197156671,118.61287622521712,2437000
2024-01-18,118.17782592773438,118.918349329851,117.21514832984458,118.918349329851,2337300
2024-01-19,119.49224853515625,119.5200169269231,117.61317869594976,118.46478272900946,2880300
2024-01-22,120.01988220214844,120.28831471069421,118.48329853444548,119.31637857754187,2307900
2024-01-23,121.36207580566406,121.6490252910617,119.52002564632636,119.8532604961485,2309600
2024-01-24,123.73171997070312,123.75948836009692,121.83413332438181,122.15811669972007,2649200
2024-01-25,127.41583251953125,127.44360091479581,124.74070215599552,125.32386670517299,3167700
2024-01-26,129.79473876953125,129.8502755501381,126.97150138611346,127.41580975527658,3389100
2024-01-29,128.74876403808594,129.387465338347,127.46211001448397,129.27639176414857,3099600
2024-01-30,131.82191467285156,131.97927359108053,126.90671189859425,127.55466453962764,3664500
2024-01-31,133.58067321777344,136.70011209318287,132.22923087309218,133.74729771705444,8307900
2024-02-01,134.72845458984375,137.66276544796693,131.79414373172057,134.52481031741684,5090500
2024-02-02,134.65440368652344,136.72786626578696,133.2659276857338,135.06169223997773,3702200
2024-02-05,136.29278564453125,137.24620453616092,133.0159749423254,133.62690766637135,2899800
2024-02-06,135.0616912841797,138.4032907340714,135.00615450443044,136.99629777508852,3323300
2024-02-07,135.63558959960938,136.5427232883912,134.93210018525116,135.41342835724504,2607800
2024-02-08,135.90403747558594,136.9314961548583,134.84878215767935,135.7744328230922,4018700
2024-02-09,134.83029174804688,136.79266681991558,134.54334227519547,135.9133014315391,2889100
2024-02-12,133.71022033691406,135.4134139745479,133.51584162926048,135.3949111328805,3753800
2024-02-13,134.36746215820312,135.54302840531554,132.84012999273995,133.85835143638207,3226300
2024-02-14,134.4137420654297,135.63559362391555,132.4235846198434,135.33939274961628,3086700
2024-02-15,135.4874725341797,136.42238867098635,133.55286618811962,133.75651044815828,2810900
2024-02-16,134.07965087890625,135.590035298804,133.520256091637,135.4968099474402,2690100
2024-02-20,131.59031677246094,133.93048237880924,130.98430215500008,133.93048237880924,3483200
2024-02-21,133.83724975585938,134.21951211294734,131.88866490099005,131.88866490099005,2403100
2024-02-22,136.6995391845703,136.74615897969207,133.03545375509907,133.771995303112,2633700
2024-02-23,137.1563720703125,137.66916129533948,135.4501902268748,136.08418805773422,2189700
2024-02-26,138.2751922607422,139.92543624365493,136.86736551822665,137.06314873784788,2584700
2024-02-27,135.50611877441406,139.07697811184352,135.15183970173362,138.58283968231768,2106200
2024-02-28,131.68353271484375,135.27302843585557,131.33855769675583,134.95603666905964,2594700
2024-02-29,132.86761474609375,133.73469734187177,131.41316830296978,131.68355455730304,3370200
2024-03-01,134.4432830810547,135.01201044910414,133.52959482998594,133.5389130986422,2063600
2024-03-04,134.4991912841797,136.1121476645631,133.37106929356736,133.6134722620917,3479200
2024-03-05,136.2147216796875,137.17502962760733,134.0889900836744,134.49920725765838,2886800
2024-03-06,136.8394012451172,138.11670114351236,135.31036582923448,137.16571136462056,3210200
2024-03-07,139.11428833007812,140.23309212299733,137.35216844398076,137.67847851096943,2947200
2024-03-08,139.23548889160156,140.56874092569345,138.2938317174648,138.80662096134628,2398500
2024-03-11,139.3753204345703,139.3846387002848,136.31725056975645,137.85560376787785,3230900
2024-03-12,140.19580078125,141.17475950602233,138.3870609752896,139.38467046210073,2367700
2024-03-13,144.0183868408203,144.91342419207783,141.7155086865548,141.78077923631432,4028600
2024-03-14,143.9344940185547,146.23737240100445,143.06741138309792,145.29570094115843,3637300
2024-03-15,148.26986694335938,148.9318338791705,143.7853187229929,143.7853187229929,11726000
2024-03-18,146.1534423828125,148.80129569875368,145.7338927186634,148.6241490296687,3470600
2024-03-19,146.36788940429688,147.51466227082838,145.7059225240158,146.2373625270198,2877200
2024-03-20,148.01809692382812,148.35373944763384,144.99732843593728,145.61266120761397,2388900
2024-03-21,148.3164825439453,148.65212513651784,146.37721581201112,148.24189372044438,2488000
2024-03-22,148.66143798828125,148.98776230091323,147.4027889817641,148.64278722649468,2078500
2024-03-25,145.87376403808594,150.49815744279914,145.84578078024558,149.17423778958027,2306200
2024-03-26,146.00428771972656,147.02985204618233,145.34232079447702,146.02292425605884,2351200
2024-03-27,148.20458984375,148.2418771381478,145.35162101283416,145.35162101283416,2211300
2024-03-28,152.28822326660156,152.70777290085914,148.09269847130233,148.55886789300223,3177300
2024-04-01,152.28822326660156,152.763725181607,150.07858476017972,152.13904563733075,2214100
2024-04-02,158.02210998535156,158.21789316863595,152.9688353436912,153.21123831273513,2999400
2024-04-03,161.0242462158203,161.80740742174265,157.6585024573619,158.68406663853784,3210500
2024-04-04,159.131591796875,161.99387896171572,158.4976081927578,161.46243897618027,2781100
2024-04-05,159.1968536376953,162.3015436178515,159.09429579836183,161.18273987826151,2182800
2024-04-08,157.14573669433594,159.81222672532058,157.08046613759214,158.5255943905543,2624200
2024-04-09,154.21817016601562,157.9475255073297,152.6518335249557,157.42541803576356,2358100
2024-04-10,153.985107421875,155.45820469898248,152.50269187657523,154.2648119576434,1802400
2024-04-11,154.21817016601562,154.72162687749392,152.1204077865265,154.33936454068242,1997100
2024-04-12,151.49574279785156,155.20644738700966,150.92701553803101,155.0945712789668,2002400
2024-04-15,149.9387664794922,153.8359367142654,149.09033456571032,152.71713274707085,1589900
2024-04-16,147.19766235351562,150.22776361937267,146.93660861333535,149.92940835838843,1864200
2024-04-17,146.6102752685547,149.04368008848942,145.7059055008083,147.90622562238286,1946700
2024-04-18,142.93687438964844,147.22563901739906,142.3867978533339,146.73150053883003,2347100
2024-04-19,144.24212646484375,146.57297321368426,143.09533962143536,143.26316798505883,2760800
2024-04-22,146.423828125,147.6172207873243,142.73175979530984,143.98109051581142,1625500
2024-04-23,148.0927276611328,148.47499007659943,144.4006730803093,145.6406856936073,1756400
2024-04-24,147.11373901367188,147.66382974022116,145.71523075643182,147.27224913535733,1945000
2024-04-25,146.60098266601562,147.41211300586968,145.09058388230642,146.8993237344364,2617500
2024-04-26,141.16543579101562,145.29569027554257,139.43128487376325,142.18168177428845,4206700
2024-04-29,141.28663635253906,141.8926651978323,139.90677870819232,140.50347505923656,2822000
2024-04-30,133.52027893066406,140.69928662632535,133.3431322385006,140.69928662632535,3763900
2024-05-01,130.72325134277344,134.54583252838043,129.2594723525001,133.36175807031333,2537100
2024-05-02,134.13558959960938,134.86281278511612,131.83271143671723,131.97257080399916,2310300
2024-05-03,133.8931884765625,134.8814654231142,132.44806035271165,134.31273813152242,1806100
2024-05-06,135.301025390625,136.5037506163918,134.1356016900405,134.86282494109614,2239100
2024-05-07,135.38494873046875,136.61562877895165,134.7229817990533,135.6366700105716,2212400
2024-05-08,136.99789428710938,137.80902466082964,134.3127534273953,135.00268940561742,2919000
2024-05-09,137.72508239746094,139.13290879981102,137.02582832932856,137.02582832932856,2187000
2024-05-10,135.74853515625,139.01172096071406,135.58070677431263,138.34043588568684,1808800
2024-05-13,135.26373291015625,136.69952859467432,134.95605935782459,136.0096068952303,1748000
2024-05-14,135.04931640625,135.43156460279704,133.3431342461367,134.25682252717561,1836000
2024-05-15,136.31727600097656,136.57832975328262,132.63452598724555,134.32207133614455,1870400
2024-05-16,135.9816436767578,136.88601361052426,135.3289950204503,136.12148883090165,1630500
2024-05-17,138.21823120117188,138.70690450727614,136.35753291561784,136.73342663451268,1886300
2024-05-20,135.71849060058594,138.5095450796491,134.70356039552428,138.07725441586473,1969300
2024-05-21,135.4553680419922,136.71462777483865,135.24862219457845,135.6433149016157,1804300
2024-05-22,134.29006958007812,135.74668278204,133.1623741248071,134.65657096152685,2441800
2024-05-23,133.62286376953125,135.6057340084344,133.0872001523715,135.32380654358332,1696800
2024-05-24,134.08334350585938,135.58694722748734,133.51011053960215,134.53443322600444,1250600
2024-05-28,134.15850830078125,135.51174861264812,133.38792188617293,134.2806802104272,1590100
2024-05-29,129.86387634277344,134.16792714912575,129.4973749199767,134.16792714912575,2220900
2024-05-30,130.0518035888672,130.43710394272608,128.73616133108698,129.39398245997708,1950100
2024-05-31,133.54769897460938,133.85781779105776,129.68533093619345,130.28676957855228,3669900
2024-06-03,130.5592498779297,133.73560433951505,129.64770704156632,133.70741303217514,2345700
2024-06-04,128.7361602783203,130.78480525431416,128.0407411823662,128.95229843188272,3147000
2024-06-05,129.112060546875,129.72289140567705,127.91857580090215,129.2624237654627,2190400
2024-06-06,130.03302001953125,130.1833832495122,128.26630225524923,128.83954952255306,1567600
2024-06-07,129.75111389160156,130.96338344262273,128.3696821128637,129.55376034917003,1687300
2024-06-10,129.79806518554688,130.71902908927453,128.65157080696747,129.59131935731617,1861500
2024-06-11,129.9578399658203,129.99543794348065,127.31714844254802,128.6891878386104,1692600
2024-06-12,127.81520080566406,131.2546840930372,126.73449566088846,131.0479382556918,2217700
2024-06-13,129.3751983642578,129.92964664103567,125.98270507399002,127.89039373705253,3486400
2024-06-14,128.52000427246094,129.5819247038756,127.96555607918721,129.215423349407,2107800
2024-06-17,129.01809692382812,129.39400501975123,127.81521969572947,128.23811809607142,1790800
2024-06-18,127.66486358642578,130.21157447261672,127.17619025903926,129.54436094160658,2588800
2024-06-20,129.64773559570312,131.20770752330648,127.60846831948783,127.6648652860126,2740500
2024-06-21,129.76988220214844,130.79420474628648,128.9241141883406,130.3807274027215,6463600
2024-06-24,130.20216369628906,131.14191224070194,128.76434957049133,128.77374189374254,1919200
2024-06-25,131.7903594970703,132.07227262835588,129.1684526606999,130.02362739740434,1934300
2024-06-26,131.3580780029297,132.14746350470688,129.31882495362467,131.64939781862643,1517600
2024-06-27,131.00094604492188,132.12865581012665,130.26794330119398,132.1192491471139,1847200
2024-06-28,132.664306640625,133.62285421682148,130.8317997592387,132.22262365646708,10211500
2024-07-01,132.4387664794922,134.05513525726684,131.28287968891328,133.1717835972781,1422900
2024-07-02,132.00648498535156,134.42163139418932,131.395654140394,133.23755333835635,2622100
2024-07-03,131.91250610351562,132.3823804024831,130.6814377345289,131.78094187338175,1081600
2024-07-05,130.06121826171875,132.03469632693148,129.20605781692566,131.7151852007702,1605500
2024-07-08,127.75880432128906,130.82239357528914,127.65543141383341,129.31879025582938,1647000
2024-07-09,124.8080062866211,127.15737773043047,124.05620455671703,125.00535979724822,2594100
2024-07-10,125.89811706542969,126.75329170556033,124.4227049276598,124.51668552042642,2052300
2024-07-11,128.67039489746094,129.0368963300268,124.7798357135204,125.83234970664745,1900200
2024-07-12,130.28675842285156,130.54049458538853,127.46751233954743,129.619530540455,1810100
2024-07-15,131.63059997558594,132.4951670108,130.08939842739946,130.6908513278194,1627300
2024-07-16,131.3580780029297,132.26024310455207,129.72291002973876,130.97277757726658,1570500
2024-07-17,132.26022338867188,134.4310403646719,131.45203901749096,131.86553069661966,2074700
2024-07-18,129.40338134765625,131.64937996271496,128.69856988678728,131.44263412037267,2405600
2024-07-19,130.12701416015625,130.87881604884356,128.23812428258637,130.2585784152194,1787000
2024-07-22,131.66819763183594,131.91252714407733,129.0556972600268,129.70412619033695,1688600
2024-07-23,128.81137084960938,131.47084725130875,128.30389848348221,131.10434580440725,1745900
2024-07-24,129.84507751464844,130.3619421729331,127.85281483845368,129.2154475998025,1857600
2024-07-25,133.92355346679688,134.39342771642492,128.97108920010248,129.74167551299197,2014800
2024-07-26,133.6416473388672,134.45922398712403,132.58911921415304,134.03634000835066,1813600
2024-07-29,131.95010375976562,133.65104642362382,131.01035516409365,132.77707277314758,2124000
2024-07-30,138.30279541015625,139.43049082695603,134.39343791512016,135.01367541315886,3978300
2024-07-31,136.714599609375,141.07503181568038,136.66760931929335,140.0507094532472,2273900
2024-08-01,132.45758056640625,138.27462749681447,131.62120477065722,136.79922944787634,3315700
2024-08-02,125.7007827758789,131.0009649472983,125.00537790501006,130.70025281543195,4079000
2024-08-05,123.70852661132812,124.93959519678432,120.62615181525472,123.060097670426,2323700
2024-08-06,125.0617446899414,126.92244289220791,123.97163287874464,124.04681448704362,2082800
2024-08-07,124.89257049560547,127.68362470075176,124.8174032339488,126.4807477623063,2146800
2024-08-08,127.2607650756836,127.6648644663346,125.03356528306034,125.03356528306034,2546700
2024-08-09,127.25135040283203,128.5106099768656,126.52774002814284,127.38291462191876,2056900
2024-08-12,127.69303894042969,129.29060862478255,127.42991049074452,128.19110453014986,1576600
2024-08-13,126.54655456542969,127.25136604131693,125.92631702518663,126.60293718919247,2463300
2024-08-14,129.40338134765625,129.80748070838925,126.82847932118088,127.11979909736523,2134400
2024-08-15,130.3243408203125,131.59300728148978,129.72290223517837,130.39013011122148,1935000
2024-08-16,130.5498809814453,131.5272276093521,129.33761153002555,129.66651495448485,1644500
2024-08-19,130.94454956054688,131.8561067319002,130.20215457183403,130.6250385192995,1833900
2024-08-20,125.44868469238281,131.08671849041784,125.2875996648685,130.94458889518708,3026500
2024-08-21,126.86055755615234,128.30085219852575,125.97931076194654,126.41519891605772,3332300
2024-08-22,126.17829132080078,127.76072981337605,125.89401772947618,126.92686446782531,1813500
2024-08-23,128.27243041992188,128.36719311784228,126.44362891187131,127.13535033866559,1911900
2024-08-26,128.13978576660156,129.76013554769506,127.17327554087075,128.96418084694287,1923600
2024-08-27,127.33434295654297,128.4335121469505,127.05953981487309,127.90287575321776,1505300
2024-08-28,127.89340209960938,129.3905630069933,126.5004743711812,126.81317390804844,2070900
2024-08-29,129.34320068359375,129.58009299253806,126.89847032023738,128.3956314478165,1594200
2024-08-30,132.95343017578125,133.46512563313178,128.5282838121616,128.54723924433412,3981500
2024-09-03,127.92182159423828,131.427824183218,126.30147215885852,130.83086551439914,2845500
2024-09-04,125.35391235351562,129.16314425921905,124.66219094530263,127.921831027098,1984300
2024-09-05,122.13218688964844,126.09303344626775,121.92372052041806,126.08354850118417,3864500
2024-09-06,121.4215087890625,123.35454346911271,120.59712103626255,122.1511410739194,4244600
2024-09-09,121.26042938232422,122.54912404824857,121.03301480286085,121.60155486620886,4074600
2024-09-10,120.2275619506836,121.07089785130874,118.5787937800587,120.97614238943436,4468900
2024-09-11,118.4461441040039,120.57817469787598,117.28063086509378,119.76326464809011,4052700
2024-09-12,119.1283950805664,119.91487921266483,118.20925184538861,118.92940642594733,3041000
2024-09-13,120.05701446533203,121.19410184028004,119.5074298249554,120.05701446533203,2614600
2024-09-16,120.66344451904297,122.0089908925565,119.18523905120435,120.32232629747735,2908800
2024-09-17,121.57311248779297,121.9237084108782,120.52131025978093,121.11827616106689,3693600
2024-09-18,123.47772979736328,124.94646482610872,121.69629522375534,122.23641656272439,2884300
2024-09-19,125.60027313232422,126.63311986638908,123.82830928037906,125.07910729351683,2744600
2024-09-20,123.15556335449219,124.71904666559827,122.35960874006572,124.70010569293889,6418500
2024-09-23,124.23578643798828,124.42529736800427,122.35960365094273,122.90919546911914,3613700
2024-09-24,122.6817855834961,126.00774827312985,122.6817855834961,125.74243005360823,3661700
2024-09-25,123.04185485839844,124.52006035829599,122.11322671922612,122.88075538580699,8126500
2024-09-26,123.82833862304688,126.61419444085568,121.83845193801118,122.11324064972129,4192800
2024-09-27,124.1789321899414,124.66218722089788,123.18398175325986,124.43477989280395,2564300
2024-09-30,124.55795288085938,125.2023073748817,122.96604376402202,123.99889059283365,2137500
2024-10-01,126.0172348022461,126.28255302510163,123.33561219525149,123.33561219525149,2071900
2024-10-02,127.41963195800781,128.11135342814657,125.60030082224371,126.97427327563884,1925600
2024-10-03,131.645751953125,132.1479768164946,126.37727071763862,127.42907286779905,2766800
2024-10-04,131.35203552246094,133.22823291513268,130.3760404206582,132.9439592684771,2468500
2024-10-07,131.2383270263672,132.40383303020693,130.59398694579164,130.8877310683339,1812900
2024-10-08,125.39183044433594,129.968591286663,125.26864182499794,129.66536221098738,2528900
2024-10-09,127.65650177001953,128.21556403152331,124.05573653911591,124.33053965663882,1494300
2024-10-10,129.2673797607422,129.89277886042342,127.17326006769112,128.3198106250158,1416400
2024-10-11,129.20103454589844,129.8359040192879,128.72725006198792,128.78410188665637,1460600
2024-10-14,128.31980895996094,128.81254895259707,127.54280979730144,128.60408258874168,1445900
2024-10-15,124.51056671142578,127.55226970728701,124.39686305284425,126.5288934037848,2338300
2024-10-16,125.37287902832031,126.0835559310963,125.00332761722713,125.68557860059278,1461800
2024-10-17,126.35835266113281,127.0500740961502,125.05070259982614,126.3488677159734,2219200
2024-10-18,125.64767456054688,126.89845831488651,124.84223500283197,126.53837741255406,1712400
2024-10-21,124.4347915649414,126.45310408487958,124.17894383808003,126.27306362741263,1289000
2024-10-22,124.53900146484375,125.00331553493184,123.69566553341322,125.00331553493184,1946200
2024-10-23,122.3501205444336,124.32106605547712,121.35518453221243,124.0747032886307,1850600
2024-10-24,121.75315856933594,122.96604585769845,120.41708267146946,122.72915358327207,3200000
2024-10-25,121.44994354248047,123.33561146981731,121.43098810988549,122.82391600106361,1346900
2024-10-28,122.13218688964844,122.38803460802347,118.51247303398881,118.92940577244956,2509700
2024-10-29,116.80683898925781,121.6489248653701,116.41833942015158,120.95719624610308,4171100
2024-10-30,115.66976165771484,116.82579713550338,115.10122163420306,116.36149029306293,3339500
2024-10-31,115.43286895751953,117.2332517165517,115.22440259613768,116.02983489562143,2700900
2024-11-01,113.7177734375,116.56995131670655,113.49035164090337,115.81190034952071,2064400
2024-11-04,114.68428802490234,116.20987486766955,113.88833344400393,113.88833344400393,2185500
2024-11-05,115.45181274414062,116.20987089665519,114.37158457590326,116.0772118043719,2078600
2024-11-06,121.194091796875,122.8049636372129,117.71651486430925,119.1852426615065,2626200
2024-11-07,120.0380630493164,121.19409859634996,119.22315298269862,121.05196177461355,1630500
2024-11-08,119.82010650634766,119.99066922882969,117.84916832690652,119.63059558331354,3126000
2024-11-11,121.23200225830078,121.32675050030782,118.73989070750972,119.92435217328371,3010400
2024-11-12,121.00457763671875,122.12271675295169,120.81506669835524,121.75316536257762,2719000
2024-11-13,123.09870910644531,123.998896887887,120.15176853479943,121.506785450034,1962000
2024-11-14,122.95655822753906,123.8946568189304,121.53520461202552,123.31663910360463,2257200
2024-11-15,124.04627990722656,124.81380859920363,122.47331166067048,122.77654072645569,2275000
2024-11-18,125.53759765625,126.73255644636706,124.2087894782165,124.89708690827587,2356600
2024-11-19,125.17430877685547,126.7325394985958,123.96978114188177,124.22789629036147,2448700
2024-11-20,125.66184997558594,126.05379991756817,124.6485273641374,125.53758419383131,2502600
2024-11-21,125.62361907958984,127.29656122450108,125.38462734460252,125.82436396831638,2218800
2024-11-22,127.4017333984375,127.64072516198914,124.9640144928309,125.42287459451815,2480800
2024-11-25,127.4112777709961,129.30408830474028,127.27744297743637,128.04221947787698,4455800
2024-11-26,128.33856201171875,128.47239680017313,126.6847432857688,127.41127291067852,2705500
2024-11-27,127.47820281982422,130.3365347589399,127.12448511757256,128.09002110451806,2151900
2024-11-29,128.0804443359375,128.48194869341032,126.05379912577064,127.55465961059299,1402400
2024-12-02,130.42257690429688,130.63289082107895,126.14941763451444,127.5451213510869,3319700
2024-12-03,128.5584259033203,131.92343350904164,128.3959132791354,131.10130138340796,2313600
2024-12-04,124.84929656982422,128.090024130237,123.59696754146213,128.08045512458077,2594900
2024-12-05,124.11318969726562,125.37505847416625,122.44024755055865,125.15519016207332,2928300
2024-12-06,123.01382446289062,125.1073944911329,122.53584097103253,124.87797175065609,1926100
2024-12-09,124.35218811035156,127.28699919156158,123.04251799869192,123.53961033212703,3475700
2024-12-10,120.08857727050781,125.24123152808197,119.70618901148401,124.63898223664724,3124100
2024-12-11,119.81134796142578,121.11146368770041,118.55902620991961,120.18417451448767,2596800
2024-12-12,118.53034973144531,119.69663067228068,117.81337446061534,119.41939935901246,2646000
2024-12-13,117.31626892089844,118.6163845968236,116.90520282787138,118.36783113992486,1825800
2024-12-16,111.16940307617188,116.00659375230201,110.95908916965328,115.75804029064828,3653200
2024-12-17,110.72966003417969,111.24588309253465,109.3721886363478,110.5575856813947,3608800
2024-12-18,106.93446350097656,111.16939737687801,106.7910669999336,110.39506648207461,4211600
2024-12-19,105.49095916748047,107.63232324948879,104.57323170376263,107.35509923200541,4445000
2024-12-20,105.51007080078125,107.11609550616633,105.11812086564292,105.62478216252028,8178700
2024-12-23,105.61524200439453,106.07410210020147,104.11437404026192,105.25196986064351,3365100
2024-12-24,106.66679382324219,107.09697603252297,104.56366216127753,105.27108295418013,1448600
2024-12-26,107.25948333740234,107.66099497870324,106.02629245377736,106.62854897555574,1794800
2024-12-27,107.63231658935547,108.60740697346505,106.4278034703247,107.0396217416115,2615000
2024-12-30,107.0587387084961,108.13898605018736,106.52339954029812,107.64187914247567,2567500
2024-12-31,108.9133071899414,109.11405936000646,107.24992685693913,107.35508379746585,2989000
2025-01-02,109.37218475341797,110.41418525190937,108.81772215930091,109.70677173488544,2538200
2025-01-03,110.97819519042969,111.3223438618448,109.33393823010596,110.35682253307621,2046000
2025-01-06,110.09871673583984,112.45039466132243,109.73545190446345,110.6436176296291,2324800
2025-01-07,110.11783599853516,112.11580343577387,109.62072909707017,110.96864600592234,2526300
2025-01-08,111.13114929199219,111.29366191042166,108.78903336407797,109.02802508298548,3037100
2025-01-10,108.9133071899414,110.75832356448048,107.52715812801425,110.07002624228684,4525800
2025-01-13,110.87305450439453,112.13493063712427,108.71256706882188,108.98023665857527,4153700
2025-01-14,112.10624694824219,112.13493208475693,109.47733769666259,110.94952775276109,3284000
2025-01-15,113.76006317138672,114.44836051887128,112.64158362844869,113.23427844943357,2643000
2025-01-16,114.3623275756836,114.5822031909394,112.97617836740986,113.23428624375867,1985900
2025-01-17,115.22269439697266,115.6528838971088,113.51151269491547,114.44836350755617,2722200
2025-01-21,115.18445587158203,115.60508366388102,114.09465413103378,114.92634800395705,3605800
2025-01-22,113.32988739013672,115.4999292063515,113.13868961976479,114.3049704919614,2166300
2025-01-23,117.22067260742188,117.27802829177703,114.180697347962,114.38144953665426,2233100
2025-01-24,116.49413299560547,118.50166212993612,116.07350520411656,117.07727341800638,2196700
2025-01-27,117.6604232788086,119.11348994881929,116.5228201842712,117.49791063486028,3029900
2025-01-28,115.84407806396484,118.60682203207939,114.90722722143589,117.69865632523383,3025400
2025-01-29,116.78092956542969,117.88028575567243,115.71980563608213,115.87275656001056,1720100
2025-01-30,115.51904296875,119.07524119683171,114.53439817522772,118.97008424864495,3878900
2025-01-31,112.67982482910156,115.50948607081517,111.5804613993082,114.67779221486043,7253700
2025-02-03,112.67027282714844,113.17693417749796,110.17519833771638,112.22096716372167,5210100
2025-02-04,118.16706848144531,118.19574632134524,112.24963106714026,112.86144929650071,3756000
2025-02-05,117.88983917236328,118.78845040260369,116.89563270971297,117.89940088363889,2495300
2025-02-06,115.49993133544922,119.37160055882222,115.08886523838356,119.00832843514368,3106800
2025-02-07,115.0028305053711,116.37941799575668,114.54396314627641,116.21690535973431,2263000
2025-02-10,118.26266479492188,118.49209480967026,115.81539185507599,116.05438358102808,2465200
2025-02-11,123.84552764892578,126.18764387930587,122.03875060412986,124.27570988113457,7531200
2025-02-12,119.53411865234375,123.17635800673008,119.10392911152901,123.08075546869371,3896000
2025-02-13,120.0120849609375,121.42691188223692,117.4309699664881,119.24730852700095,2990200
2025-02-14,122.4020004272461,123.30061168363298,120.17460300283547,120.50918997272986,3285900
2025-02-18,124.54338073730469,125.75746292279088,122.11522365978179,122.76528151749224,4402600
2025-02-19,124.23747253417969,126.81858040868255,123.97935737065994,124.3139370545058,3631100
2025-02-20,125.75746154785156,126.46486779100144,123.54918011561024,124.17055282976602,3154300
2025-02-21,123.10942840576172,126.1111641855279,123.06162713864882,125.43243578798038,12517500
2025-02-24,122.57891082763672,123.8618048589587,121.70113890331126,123.10942576989416,5831100
2025-02-25,121.78795623779297,124.72992283639529,121.39247463464493,122.79112100766876,2689400
2025-02-26,120.99700164794922,123.0804920692129,119.69481185559712,121.83618212131708,3947000
2025-02-27,122.897216796875,124.24762373875716,120.67867849092708,121.66254745703635,2701700
2025-02-28,125.09647369384766,125.63663653245113,121.48893656698374,122.4438767613007,5739900
2025-03-03,120.56292724609375,126.36005871807735,120.1867414004755,126.11891356785202,6055200
2025-03-04,117.95856475830078,119.81055778023065,115.15163162514192,119.46330816872305,4322300
2025-03-05,115.4988784790039,117.87174586154073,112.55691207735222,117.10008580041045,4202700
2025-03-06,118.44084930419922,118.63376247490885,114.08094099817049,114.67898360203553,3058500
2025-03-07,121.71078491210938,122.5499727145035,118.21900036142874,118.21900036142874,3463700
2025-03-10,121.66255187988281,124.34409220564905,120.4954102038746,122.07732184401516,3571500
2025-03-11,119.17394256591797,122.39563841302699,117.54379890817935,122.23166146829382,4125200
2025-03-12,119.58870697021484,120.47611936302134,117.9199792810068,118.62412636259924,3194500
2025-03-13,118.16112518310547,122.08696798665915,117.40875348185511,119.29933060168487,5283100
2025-03-14,122.24130249023438,122.57890422788805,118.03573049189329,119.21251264040525,3469800
2025-03-17,124.61417388916016,125.22186439565598,122.09661785724757,122.57890817203287,3865400
2025-03-18,123.8617935180664,125.60768198062469,123.1576464696641,125.33760060068923,2627800
2025-03-19,124.43090057373047,125.17363177580748,122.6560757568615,123.9486102614292,2194200
2025-03-20,124.25729370117188,124.7202883192518,122.85864726096494,123.42774634551459,2134200
2025-03-21,121.04522705078125,124.47913926384706,120.37002352080101,123.97755319086185,4624600
2025-03-24,121.99051666259766,123.0804901538702,120.54364567953687,121.10310422585364,4032700
2025-03-25,121.04522705078125,123.43739036687766,120.85231385912019,122.4438734474068,2331800
2025-03-26,122.08697509765625,124.0740162819287,121.63362100532629,122.41493635219629,1714700
2025-03-27,120.30249786376953,121.40211919792257,119.3379172296587,120.78478818082495,1762300
2025-03-28,117.44734191894531,120.57258116210039,116.94575586017784,120.11922707946428,2433200
2025-03-31,119.10641479492188,119.94559520049539,116.5020427797819,116.94574896921333,2179300
2025-04-01,119.94560241699219,120.22533168873517,116.26090462647494,119.24146266326532,2000900
2025-04-02,119.6658706665039,119.81055923291409,118.19971134615733,118.64341755309334,2216600
2025-04-03,103.38375091552734,114.57288461075387,102.87252436553342,113.29963848955855,6785500
2025-04-04,95.31021118164062,99.7183444351147,92.28142854494288,99.00455681835038,6421200
2025-04-07,93.16883850097656,98.41615942575719,89.70599760952474,92.0595766759336,5958300
2025-04-08,89.58061218261719,96.44842205094817,87.95046844606107,95.63817779603274,4682400
2025-04-09,99.4771957397461,102.06227207098506,87.7864834470405,88.35558247499702,11450700
2025-04-10,93.55467224121094,97.52874704355047,90.37156061180013,96.59310266500414,4512400
2025-04-11,93.93086242675781,94.79898649633655,90.18829209911068,93.28459514796948,3572000
2025-04-14,94.35527801513672,96.61240054200783,92.73478224377185,96.20727107979192,2524000
2025-04-15,92.80229949951172,95.64781671127683,92.71549077711009,94.2781066536676,2347800
2025-04-16,93.14955139160156,95.33914618947138,92.70584518372557,93.23636747529805,1951900
2025-04-17,95.5899429321289,96.73779628444578,94.24917638946457,94.38421709454109,2437300
2025-04-21,93.57396697998047,94.23952259624438,92.31036137741305,93.99837744389046,2326600
2025-04-22,97.32618713378906,97.71202085799874,94.96296017248369,95.86002045362554,2908600
2025-04-23,99.13960266113281,101.0880597862939,98.26183805539195,99.66047711956696,3055100
2025-04-24,100.98194122314453,101.33883132062628,99.09136420786162,99.90160834619759,2536800
2025-04-25,100.28744506835938,100.37425378901526,97.94351394149423,99.62188210666746,3056400
2025-04-28,102.03334045410156,102.51563078134475,99.38074365426405,99.63153668499709,2295500
2025-04-29,102.24555206298828,102.59280169646384,100.63470409385627,100.63470409385627,1564400
2025-04-30,100.37425231933594,100.82760636723208,98.54155511344241,100.6636294356169,3211100
2025-05-01,99.79551696777344,101.96582351295481,99.6894125034979,100.57682496910542,2608600
2025-05-02,103.35482025146484,103.68277414683044,99.718347004814,101.51246763955866,2588700
2025-05-05,103.1136703491211,104.72451822768335,101.96581704971672,102.08156937408926,2710900
2025-05-06,101.65715026855469,104.38691517097358,101.64750240185315,103.40303882406553,2348500
2025-05-07,101.81149291992188,102.57350517508455,101.11699365829698,101.73432469992656,1748000
2025-05-08,105.32256317138672,106.44147289482709,102.57350244087304,102.62173441687607,2679800
2025-05-09,106.99127960205078,107.23242475479206,105.51547244474072,106.67296623423245,2396800
2025-05-12,114.47642517089844,115.4602941385788,113.1453066007036,113.37680388265794,4529700
2025-05-13,121.12239074707031,122.20272371385371,116.91681856527605,119.23181357457405,11117000
2025-05-14,120.283203125,121.40212020222461,119.45366318406899,119.70445621157904,3215900
2025-05-15,120.3507308959961,120.59187607138686,118.305824518549,118.67236253584295,2372000
2025-05-16,121.2767333984375,121.36354212814231,118.69165685472794,120.9005401588834,3242800
2025-05-19,118.98811340332031,120.90664939994997,118.04345294365346,119.57243723948186,3770000
2025-05-20,117.74156188964844,119.73800241776553,117.44939623671364,119.11472262624709,2831700
2025-05-21,108.85980987548828,113.8947447822173,108.49948067033759,113.61232740577847,7211900
2025-05-22,110.0284652709961,111.06077099853806,106.8828439077112,108.72346814233046,3588100
2025-05-23,110.17454528808594,110.4180141910359,108.49948547705849,108.6066049586817,2248700
2025-05-27,111.34319305419922,112.55079665186648,110.12584862064088,111.17763599445466,2832700
2025-05-28,109.82394409179688,112.44367173679154,109.57074179479494,112.2586330019909,2006400
2025-05-29,111.68404388427734,112.04438049812984,109.35648200769401,109.93106499267125,2609900
2025-05-30,110.5154037475586,111.95673544067796,110.20376386012082,111.35292990810682,4559900
2025-06-02,111.29449462890625,112.32680031539299,108.28522280090367,112.07359802668384,2841300
2025-06-03,112.94034576416016,114.69331725019755,110.1842762466282,111.50874755434388,2065500
2025-06-04,109.5415267944336,113.64154203050066,108.89876535524733,112.40471590239893,3686100
2025-06-05,109.29804992675781,110.49591262315911,108.46051640777267,110.08688669902601,2836300
2025-06-06,111.30422973632812,111.99568043698159,109.99923272672503,110.46669622734949,2821100
2025-06-09,113.06695556640625,114.61542163257516,111.5477120094777,112.72610059274679,2804000
2025-06-10,115.59902954101562,116.87481161615058,114.08952683482482,114.39142589004676,2314600
2025-06-11,117.79024505615234,118.09215152976262,115.16078403747694,116.46577371087088,2413800
2025-06-12,118.34535217285156,118.81281570058117,115.93988583395186,116.58263982573926,2442400
2025-06-13,118.95890045166016,120.205459972434,117.83894207812463,118.8128176324893,3074600
2025-06-16,120.39049530029297,121.12090194540782,118.4037883339709,119.00758640534758,4164300
2025-06-17,121.28646087646484,122.47459022636275,120.37101548947845,121.24750496318025,5513800
2025-06-18,121.55915069580078,123.08813507300081,120.29310945833889,121.28646671975203,5788600
2025-06-20,121.52018737792969,123.01021574919945,120.70213549961711,122.06555529680472,8494400
2025-06-23,117.86815643310547,122.18242540968653,117.28383259008626,122.18242540968653,4503100
2025-06-24,116.33917999267578,118.77386902842593,115.68668511431424,117.48835351475311,4171300
2025-06-25,116.50473022460938,117.82920157671238,115.4042535198818,116.09570427383426,2866900
2025-06-26,117.03062438964844,117.7318159824263,115.75484978228259,116.86506732748724,3066300
2025-06-27,116.1346664428711,117.17671304792253,114.91732193089132,116.51447733620229,10132700
2025-06-30,116.18335723876953,117.03062422041687,115.09261393712781,115.41399465503308,2060700
2025-07-01,119.93276977539062,121.17932923140438,115.76458380806446,116.16386890096865,2731500
2025-07-02,123.15630340576172,123.23421523440096,119.74773891864484,121.2864640989056,2128400
2025-07-03,123.9646224975586,125.084580891791,122.03634559504637,122.7472780321062,1290900
2025-07-07,123.0978775024414,125.04562127515176,121.96817823838335,123.1173517452336,2091000
2025-07-08,126.60382080078125,127.15893699409297,123.32185754057808,123.32185754057808,3821500
2025-07-09,127.10049438476562,128.76582813606237,126.27270907226519,126.60382319726536,3160600
2025-07-10,130.87913513183594,131.1420856923098,126.42853157651766,127.27579855340248,2711700
2025-07-11,128.26914978027344,130.05132888412672,127.99645096650865,129.62283614286423,1680000
2025-07-14,125.63967895507812,127.91855902853179,125.09431102644358,127.29527927292638,1933200
2025-07-15,124.91902160644531,126.67200057755834,124.80214643493001,126.37008667295864,1995200
2025-07-16,120.4391860961914,125.18195521473882,120.33205919252049,124.17887202870163,3438000
2025-07-17,121.90974426269531,122.19216906986657,119.78669522092606,120.2346770919312,2609000
2025-07-18,122.6109390258789,123.98409975263549,122.02661515427863,123.14656614564535,3256700
2025-07-21,122.75701904296875,124.42234538246812,122.33825224905387,123.01022134248493,2505300
2025-07-22,122.86414337158203,124.23730403810211,122.5232809838601,122.7083197166142,2224900
2025-07-23,124.5099868774414,124.71449985017529,122.86414225970277,123.37055427360372,2281300
2025-07-24,121.07221221923828,123.7795851520124,119.3581891121993,123.41925594144153,3508200
2025-07-25,121.70523071289062,123.47768394640532,119.53348493074238,122.52328262216776,3666300
2025-07-28,124.35417175292969,124.49051373595718,122.27981206957554,122.27981206957554,2690400
2025-07-29,125.05535888671875,125.16248578815136,122.78622714558139,124.03278662034579,2395700
2025-07-30,121.15011596679688,124.25677381782836,120.53656963499475,123.89644463129625,3193800
2025-07-31,120.3515396118164,121.76365615630354,119.75747494494318,121.09167966392023,3925900
2025-08-01,116.47550964355469,119.19262321118025,116.05674287657124,118.69594462008814,2162500
2025-08-04,118.28692626953125,118.832294213083,116.4755171083561,117.13775279556079,2102200
2025-08-05,118.88098907470703,119.43609784559578,116.67029482715522,119.29975586187439,1512700
2025-08-06,116.70923614501953,120.05937023665908,116.16386824361975,119.68930022214928,2080700
2025-08-07,116.18335723876953,119.14393240164691,115.95936259081351,118.35509557595294,1587400
2025-08-08,116.01779174804688,117.68311804911004,115.7743228602292,116.54368543734275,1694200
2025-08-11,115.27764892578125,117.54677325919131,114.98548329534496,116.660550392341,1699600
2025-08-12,116.90402221679688,118.53039260629542,115.5405949572447,116.1151853968769,1749200
2025-08-13,119.37767028808594,119.37767028808594,116.41708763554627,116.77742427469914,2359200
2025-08-14,119.52375030517578,119.73799668631402,116.67029462774518,117.99476597884421,2095600
2025-08-15,120.38075256347656,121.58835611723934,119.36792113996954,120.312581574879,2303700
2025-08-18,119.63086700439453,120.30284350033584,119.05628400589681,119.23158189918234,1857900
2025-08-19,120.15211486816406,122.05023733553443,119.23747538899845,119.54236021764015,1600400
2025-08-20,121.52899169921875,122.23710064629616,120.11277380506394,120.83071968290066,1720300
2025-08-21,122.39445495605469,122.64032570325719,120.23079538202454,120.93890433450852,2174700
2025-08-22,127.79378509521484,128.4920496305769,122.81735594772398,122.93537661048683,2674100
2025-08-25,127.3807144165039,128.76741395487102,126.84962522584526,127.31186340755386,2051200
2025-08-26,127.74461364746094,127.9413072574688,126.0235182980612,126.51525982646113,2777500
2025-08-27,130.4295196533203,131.12779923445362,127.08568322540594,127.60692805081446,2031700
2025-08-28,130.63604736328125,131.14746271997691,129.32801318576242,130.62621793581462,1982300
2025-08-29,131.3736572265625,132.12109888299705,129.87875890693417,130.62621557012795,1530700
2025-09-02,131.62936401367188,131.73754774632184,129.82958828327318,130.5376972593894,2114000
2025-09-03,128.37403869628906,131.62936512427746,127.52824269027842,129.32801843586248,2290900
2025-09-04,129.4066925048828,129.99677328971944,127.78393658137348,128.48221610120345,1832200
2025-09-05,129.37718200683594,130.06561705416414,127.70526403282221,128.62972537822947,1828500
2025-09-08,128.059326171875,130.26231845553252,127.70527169675012,129.8590868297704,2802400
2025-09-09,130.10496520996094,132.98657833067261,127.99048266932988,129.18050375483259,2830700
2025-09-10,129.24932861328125,131.48183913110734,126.2398731611659,129.79024724184163,2424700
2025-09-11,130.33116149902344,131.15728355488395,128.94444697234135,129.26899813859197,2155900
2025-09-12,128.61990356445312,131.09828488828936,128.53139369743454,130.49835966723106,1380600
2025-09-15,129.01329040527344,129.94761124379644,128.01014856826882,128.62973264247535,1730000
2025-09-16,130.84255981445312,131.38347841659842,129.3280027352046,129.9672606243483,1767500
2025-09-17,130.94093322753906,132.53417097307775,129.8197631460932,130.1344849266621,3287600
2025-09-18,129.1804962158203,131.88507442736253,128.77726458993175,131.88507442736253,3180300
2025-09-19,127.57740783691406,129.82957716053056,126.25954430245274,129.54437371166543,9244700
2025-09-22,127.4299087524414,129.07232368071215,126.50543226433149,127.095513103059,3361900
2025-09-23,130.09512329101562,131.74738244882275,127.98064095340433,128.137986820105,3815500
2025-09-24,134.3339385986328,135.41577589513767,130.4491837722447,130.82291211226632,3000800
2025-09-25,136.78280639648438,137.26471843000658,132.74069099258867,134.21591537347385,5158900
2025-09-26,137.1565399169922,139.99880506516234,136.38940940358236,137.47124666001764,2891100
2025-09-29,135.29776000976562,137.3138881021511,134.14707172361375,137.3138881021511,2810500
2025-09-30,133.7733612060547,134.9437083713985,131.97358552406712,134.0585646716822,2239900
2025-10-01,132.36697387695312,134.1962528642519,132.0129193953224,133.11443056415115,2258200
2025-10-02,132.71119689941406,133.9503800627721,131.06878210905714,131.78672048893256,1829300
2025-10-03,130.8130645751953,135.85833701877795,130.72455470942418,134.7273376047891,2000400
2025-10-06,130.72454833984375,132.94721434365417,129.59354898096308,130.88190920916443,1610000
2025-10-07,130.1836395263672,130.70488431429902,127.18402839056449,130.40985142057127,1917800
2025-10-08,129.13131713867188,130.64587431156588,128.24617346040776,130.3606708528505,1772500
2025-10-09,128.92477416992188,130.8425628891782,128.31501955322463,129.93776039103568,1577000
2025-10-10,124.66630554199219,129.54438025745588,124.64663168035814,127.87246218078806,1963600
2025-10-13,127.64624786376953,127.82328260159368,125.44325561891206,125.88581995333367,1219100
2025-10-14,128.6789093017578,130.77373284806782,125.56127006081017,126.02350826123313,1941300
2025-10-15,127.4299087524414,130.13448719853457,126.6037715674057,129.74108496595548,1864600
2025-10-16,126.23987579345703,128.48221578519164,125.56127013681852,127.85278727885841,2161400
2025-10-17,127.13484954833984,128.68875446392923,126.26937972022438,126.89880822973761,1756900
2025-10-20,128.18716430664062,128.92477652032176,127.23318464307233,127.23318464307233,1997900
2025-10-21,126.47592163085938,128.48222037688532,124.82366236346166,128.40353993493687,2315000
2025-10-22,129.2296600341797,129.2886816197833,125.63995309141455,127.02666772128653,2144700
2025-10-23,133.5668182373047,134.70766207116696,129.9476081520632,130.07545073211466,2824200
2025-10-24,132.75051879882812,135.08138349676872,132.72101551211125,134.57979760906542,1697900
2025-10-27,133.18325805664062,133.88153754765753,131.875223944425,133.07507433287066,2501700
2025-10-28,131.4523468017578,133.49799332691651,131.4523468017578,131.85557845000648,2366800
2025-10-29,135.7206573486328,136.48777290701906,128.63958257527355,130.35083343316902,4455900
2025-10-30,134.8060302734375,139.03499542715815,133.81270277824552,135.0027238841379,3093600
2025-10-31,133.89137268066406,135.37642658228688,133.01607342622583,134.44212074996102,1917700
2025-11-03,135.6419677734375,136.6352801586347,132.35713829517283,134.46179122512936,2636900
2025-11-04,133.5078125,134.32410516176873,131.16711824111516,133.11442531669996,2665400
2025-11-05,133.68484497070312,135.65181108817458,132.8292195117664,133.7438665599061,2206900
2025-11-06,135.91734313964844,138.0908471013172,134.0979086533939,134.36343824981577,2073800
2025-11-07,135.6714630126953,138.4350475597798,134.39293224172962,136.39924576090854,2123900
2025-11-10,136.3599090576172,137.55975949273125,133.49798499340315,135.3862705125763,1927400
2025-11-11,138.52359008789062,140.57906600872502,137.25488858172736,137.29423630651695,2215800
2025-11-12,135.74032592773438,139.40871326357097,135.57313562092781,137.7859723393972,2057800
2025-11-13,137.1958770751953,138.26786993244014,136.05503320542087,136.05503320542087,2444200
2025-11-14,139.96929931640625,140.88393124796562,137.23520293518408,139.24151653789286,2633700
2025-11-17,135.53573608398438,139.58246916920427,135.0794954455575,139.58246916920427,2812900
2025-11-18,137.28140258789062,137.9062552496454,134.66292986588368,134.9108913552191,2387500
2025-11-19,133.3933563232422,134.7422673099822,131.9650958508861,134.65298967968477,2927200
2025-11-20,130.9137420654297,135.8927974450521,130.87405975531274,133.7206676987086,2155100
2025-11-21,132.629638671875,133.44294446277345,129.6045055653093,130.8343999641139,2324900
2025-11-24,132.11387634277344,133.12556344043432,129.56484014372595,132.59988630234056,3034200
2025-11-25,133.0363006591797,133.5322236287472,130.00125450692536,131.60804008532637,1791600
2025-11-26,133.85952758789062,135.2679469315091,132.78833221365252,132.84784054538235,1128400
2025-11-28,135.8432159423828,136.8052925050735,134.12731170407883,134.32567784964016,942700
2025-12-01,138.62037658691406,139.5626422929591,135.71427538429967,135.85313320397464,2064200
2025-12-02,136.4482421875,138.60054588698927,135.13899838816087,138.2335526275199,2037800
2025-12-03,138.70965576171875,139.1361422360456,135.9622383693509,137.2119587603211,2186600
2025-12-04,138.2831573486328,139.4337022563876,136.05150401252104,138.5807141536546,2179000
2025-12-05,138.22364807128906,141.36779782280954,138.09470325864038,138.57080019717355,2346000
2025-12-08,137.92608642578125,138.90801930086712,136.42840458694363,137.281392653908,2525900
2025-12-09,138.73941040039062,139.4237864981448,136.76563159586155,137.4500076936157,1309100
2025-12-10,142.63735961914062,142.67704193126593,137.76739250994683,138.68981708726392,2110200
2025-12-11,142.2604522705078,143.77799044350587,140.29660159716855,140.8421198770871,2923500
2025-12-12,140.28668212890625,142.87540045229798,139.63206022313665,142.4984941790912,1932200
2025-12-15,140.35610961914062,140.62391225311876,138.34266362766368,140.20733878602363,2992400
2025-12-16,130.70545959472656,139.82052640234116,130.3880767569205,139.0171335950312,4971400
2025-12-17,130.9137420654297,131.91550094756164,128.9399633322031,130.95340924117968,4603900
2025-12-18,128.0770721435547,131.36999282195129,126.89677304361032,131.17162665917022,2677700
2025-12-19,127.83901977539062,129.58466314283135,126.95627751367803,128.39445106801415,4842500
2025-12-22,127.9382095336914,129.99132269999836,127.88861421125804,129.41605025537993,1485700
2025-12-23,128.067138671875,128.68209342559945,127.55138969696738,127.93820899533183,1708200
2025-12-24,127.3629379272461,128.9994776377444,127.3629379272461,128.06714005358458,972000
2025-12-26,126.70831298828125,127.92827920056514,126.33141427265878,127.1744817693202,1317400
2025-12-29,127.54145812988281,127.73982427909172,126.12312578539037,127.49186280898881,1599500
2025-12-30,128.50355529785156,128.7019214554784,127.60097187612655,128.0076323366006,1482600
2025-12-31,127.98778533935547,129.11848903402932,126.94635170856823,128.74159789204938,1339000
