Date,Close,High,Low,Open,Volume
2019-01-02,35.3027229309082,35.543972026240475,34.69513678266305,34.73087473833576,3838100
2019-01-03,34.3019905090332,34.85596805045657,34.10541640367989,34.62365598743525,4245600
2019-01-04,36.294525146484375,36.70554403448029,35.222308036401714,35.35633645334363,6018000
2019-01-07,36.54471206665039,36.67873707792872,35.919251788565276,36.17837158224807,2376200
2019-01-08,36.41961669921875,36.634061485697366,36.0979546322272,36.54471147961375,3312500
2019-01-09,37.82243347167969,38.197707558993976,37.32206461344331,37.32206461344331,6503500
2019-01-10,37.92965316772461,38.036873845818455,37.34886796178881,37.66159976824805,3390500
2019-01-11,37.62586212158203,37.67947076168082,37.27739232700297,37.38461301568478,2886800
2019-01-14,36.9378547668457,37.37567795910286,36.571514303317926,36.7680883988396,3006300
2019-01-15,37.61692428588867,37.72414838080282,37.33100018308592,37.43822427800008,3156300
2019-01-16,38.09049606323242,38.37642022017677,37.51864774934373,37.53651502672854,5530100
2019-01-17,38.33174514770508,38.6980856862274,37.670543405538425,37.670543405538425,3583300
2019-01-18,38.8499755859375,39.332473805935,38.5193764685989,38.87677990644259,5836100
2019-01-22,37.715213775634766,38.42109044131376,37.473964659194436,38.42109044131376,4023800
2019-01-23,37.69734573364258,38.33174311769352,37.482904331880405,38.063686252763866,2764100
2019-01-24,38.27812576293945,38.42108781381428,37.849239610314974,37.89391461212258,2730000
2019-01-25,39.37715148925781,39.40395581158697,39.046552349421624,39.14483940927457,6127600
2019-01-28,38.8499755859375,38.8499755859375,38.20664462594083,38.45683078176414,4462500
2019-01-29,39.03761672973633,39.36821929013991,38.939333074775845,39.180578801524355,4655700
2019-01-30,39.895381927490234,40.100889637839316,39.243114027424525,39.3235303843858,3364100
2019-01-31,39.85964584350586,40.01154153316053,39.53798037307927,39.57372173834538,4195900
2019-02-01,39.54690933227539,39.67200409590971,39.16270163080611,39.58265069331377,4137400
2019-02-04,39.770294189453125,39.94006397773427,39.403953700482084,39.49330711759963,2207700
2019-02-05,40.65487289428711,40.6906142599227,40.01154194678344,40.06515399523682,2912700
2019-02-06,40.04728698730469,40.96760508172535,39.886454235670165,40.94973780575222,3830700
2019-02-07,39.225250244140625,39.806032066304994,38.867843423974826,39.40395024573948,2144500
2019-02-08,39.520111083984375,39.62733177507927,39.010808540678234,39.13589991503633,1806300
2019-02-11,39.931121826171875,40.395749310322586,39.904317508706,40.14556659135063,2945700
2019-02-12,39.86857604980469,40.16343717515037,39.72561400952663,40.029408771177984,2992200
2019-02-13,39.18950653076172,39.654134005726206,38.96612813367209,39.5111719679282,3377500
2019-02-14,38.33174514770508,38.644473628705306,38.15304169778289,38.43002880710171,5024300
2019-02-15,38.304931640625,38.6980798528877,38.260256636999955,38.349606644250045,2446200
2019-02-19,38.63553237915039,38.894648751584754,38.188775546594684,38.33173759667314,3154400
2019-02-20,38.79636001586914,39.252053874009626,38.73381433471009,38.81423069741229,2882100
2019-02-21,38.4836311340332,39.0822870286296,38.26918977513595,38.97506294069703,3531200
2019-02-22,39.47543716430664,39.53798285320358,38.9571975608927,39.31460441900469,2688400
2019-02-25,39.45756149291992,39.797097624358805,39.350340812433316,39.53797785540587,3973500
2019-02-26,39.33247756958008,39.44863531702422,39.00187842060711,39.091228436496685,2560300
2019-02-27,38.957191467285156,39.02867419112013,36.27665067618341,38.8231664728204,4333900
2019-02-28,38.25132751464844,38.62660167957531,38.21558614413597,38.34067753244492,3352500
2019-03-01,38.099422454833984,38.44789224179534,37.911785401621586,38.37641292039812,2850300
2019-03-04,39.13589859008789,39.52904679159963,38.6534003837694,39.475434743625065,2941500
2019-03-05,41.61093521118164,41.807509327588086,40.494043019753136,40.842512838121316,7615900
2019-03-06,41.03908157348633,41.55731770994615,40.96759884653517,41.55731770994615,2347400
2019-03-07,39.71668243408203,40.33320562568122,39.54691265910997,40.33320562568122,4581000
2019-03-08,38.98400115966797,39.135896842754455,38.644465021290344,38.849972749957736,5227100
2019-03-11,40.681671142578125,40.753153863180586,40.252785044414516,40.36894276115166,4059700
2019-03-12,40.860382080078125,40.87825276352839,40.35107953144078,40.690615700027124,3464900
2019-03-13,40.76209259033203,41.05695373692072,40.73528827100002,40.78890031814819,1884000
2019-03-14,40.65487289428711,40.82463926832981,40.342144466186284,40.80676858551202,1686700
2019-03-15,41.065887451171875,41.14630381780342,40.84250903369359,40.86037971610995,3000400
2019-03-18,41.852176666259766,41.986205068071065,41.71814826444846,41.95046370645687,2734500
2019-03-19,42.04875564575195,42.16490997180544,41.86111517965738,42.093430648732856,2876000
2019-03-20,41.995140075683594,42.432963248546,41.45903326789824,41.959398712902185,3969400
2019-03-21,41.90579605102539,41.99514606223211,40.44043064445036,40.50297974247639,4916600
2019-03-22,40.4404296875,41.35181409587689,40.36895036192295,41.20885203623842,4217500
2019-03-25,40.19024658203125,40.583391390460704,39.993672473574364,40.11876725708241,2739000
2019-03-26,40.04728698730469,40.342148168129484,39.81497490632401,40.234924061383445,2416600
2019-03-27,40.19024658203125,40.53871638630714,39.922193148625524,40.40469137384644,2237000
2019-03-28,40.270660400390625,40.28853108261621,39.8060328879779,40.11876471419937,2966300
2019-03-29,41.083763122558594,41.28927088257617,40.806772624195126,41.00334674616175,3690100
2019-04-01,42.14704132080078,42.18278268830227,41.46797238069454,41.46797238069454,3604900
2019-04-02,41.87897872924805,42.093423478907674,41.843240778041164,41.95046144862914,2229200
2019-04-03,42.88865661621094,43.17458072097361,42.70995319861322,42.88865661621094,3994200
2019-04-04,42.93333435058594,43.06736277443427,42.62953954388285,42.736763646355286,4026700
2019-04-05,43.48731231689453,43.54986141482694,43.06736317467023,43.192454553566165,2445200
2019-04-08,43.43370056152344,43.558791931456305,42.98694372120081,43.201385095804525,2294300
2019-04-09,43.46051025390625,43.71069302470009,43.42476888422581,43.63921369382383,2124900
2019-04-10,45.03309631347656,45.78364803231733,44.2825445946358,44.2825445946358,9060400
2019-04-11,44.318275451660156,44.59526590880851,44.193184086652536,44.479108180522545,2357400
2019-04-12,44.845455169677734,45.301149103978666,44.72930083296025,45.211795681329185,4097900
2019-04-15,44.05022430419922,44.425501826997966,43.81791224416894,44.23786136135647,1730400
2019-04-16,44.9437370300293,45.033090442339926,44.613137925690374,44.77397065936535,2406900
2019-04-17,44.91693878173828,45.21179656100715,44.77397671120209,45.077771537152074,2318800
2019-04-18,45.00628662109375,45.140315046951706,44.64888316627996,44.93480729352478,2289400
2019-04-22,44.4880485534668,44.56846492391319,44.21999512147357,44.4165658204103,3040300
2019-04-23,44.85438919067383,44.96160988213641,44.514853024477276,44.657815082588826,1719200
2019-04-24,44.3004150390625,44.7203641996997,44.21999866217715,44.7203641996997,2041300
2019-04-25,43.469444274902344,43.66601497749333,43.15671242469295,43.62133997274467,2815800
2019-04-26,44.094905853271484,44.237867928779444,43.6124109787351,43.916205815250095,2535200
2019-04-29,44.40762710571289,44.58633050943791,44.14850734073581,44.50591414818585,1383700
2019-04-30,43.99661636352539,44.371890483805345,43.87152158161445,44.1485120574051,1320500
2019-05-01,43.87152099609375,44.720359686782714,43.87152099609375,44.059161462213716,1983700
2019-05-02,43.97874450683594,44.26466861231971,43.7017540384367,44.05916087453351,2868000
2019-05-03,44.46124267578125,44.73823316518311,44.18425559486385,44.202126278872136,2016000
2019-05-06,43.15671157836914,43.19245294486092,42.21852286310805,42.415096970328506,5470600
2019-05-07,42.406158447265625,42.88865665264407,42.05768865732036,42.84398165032774,6144300
2019-05-08,43.83577346801758,44.18424318711141,43.523041698419995,43.862577782260644,6302500
2019-05-09,42.65634536743164,42.995878117967415,41.74496098805214,42.31680920841161,5542800
2019-05-10,43.299678802490234,43.57666931312631,42.44190635524168,43.067366709542185,3782900
2019-05-13,41.7092170715332,42.0308825279358,41.21778525024436,41.691346389679275,6897100
2019-05-14,42.05769348144531,42.263201242460056,41.77176934364352,42.00408142742575,4197100
2019-05-15,41.57518768310547,41.78963245182008,40.61019474509964,41.55731700167225,8520900
2019-05-16,41.93088912963867,42.30719376419942,41.73378043326214,41.814413478725456,3543800
2019-05-17,40.12104415893555,40.54214599557297,39.99561044193183,40.54214599557297,5606000
2019-05-20,38.257450103759766,38.795024138323775,38.14097447640636,38.571034387620045,4912400
2019-05-21,38.830867767333984,39.04589945648191,38.31120984561726,39.036937951452174,4226100
2019-05-22,38.49040222167969,38.64271704636159,38.23953476668918,38.51728331886634,3363200
2019-05-23,37.200225830078125,37.34357916319196,36.76120432489715,37.21814542394399,5497400
2019-05-24,36.608890533447266,37.29877947245607,36.599929028188036,37.253982199598425,6120000
2019-05-28,36.84183883666992,37.442133237029665,36.6447301502135,37.442133237029665,3005600
2019-05-29,37.13750457763672,37.13750457763672,36.671605445547,36.80600067477366,2844300
2019-05-30,37.262939453125,37.451090045604126,37.05686926834128,37.05686926834128,3161000
2019-05-31,37.41524887084961,37.54068601030969,36.850797123435854,36.96726934050134,2840100
2019-06-03,38.329132080078125,38.526244190567226,38.176820662200534,38.31121248659612,3087500
2019-06-04,37.97970199584961,38.30224778722358,37.442127955434586,37.76467374680856,5930200
2019-06-05,37.46005630493164,38.078266937743436,37.19126580406172,38.04242774858569,3168800
2019-06-06,37.72883987426758,38.00658501984049,37.28981839250461,37.61236422925897,2292100
2019-06-07,38.35601043701172,38.6158359793926,38.07826188461722,38.35601043701172,3266900
2019-06-10,38.920467376708984,39.502842238185764,38.89358969374683,39.3684469877486,4475500
2019-06-11,39.33260726928711,39.717869969544246,39.081736388167414,39.57451322729708,3455400
2019-06-12,38.329132080078125,38.60688065232977,38.167859156553035,38.60688065232977,2363400
2019-06-13,37.97970199584961,38.45455917880996,37.82739060426323,38.42768150213293,1984400
2019-06-14,37.42421340942383,37.75571733176915,37.29877967760738,37.63028359995269,2616400
2019-06-17,37.55860137939453,37.94386404066724,37.50484602430416,37.79155264416117,2567500
2019-06-18,39.269893646240234,39.467002347480985,38.29329797482084,38.39185061653465,5141800
2019-06-19,40.00457763671875,40.04041340537988,39.287807578489115,39.64619260760393,3332200
2019-06-20,40.75718307495117,40.963253268492586,40.40775613688052,40.81093843633673,2275900
2019-06-21,40.703426361083984,40.766143231091384,40.318163635145325,40.35400282309615,2958200
2019-06-24,40.45254898071289,40.85572778414005,40.40774829783232,40.85572778414005,2746800
2019-06-25,39.368446350097656,40.02249616148426,39.243012607888325,39.8433070542213,3252900
2019-06-26,40.27336120605469,40.569025924285384,40.27336120605469,40.30023888467221,2638700
2019-06-27,40.640708923339844,40.69446428670206,40.138970552476664,40.1658516519708,1847900
2019-06-28,40.551109313964844,40.65862687196503,40.282322254590156,40.434637086183976,1633200
2019-07-01,41.64418029785156,42.459502976205094,41.402270920606504,41.77857553559199,3366800
2019-07-02,41.40227508544922,41.71586286578449,41.30371902356708,41.697943271095625,1979800
2019-07-03,41.35747528076172,41.36643336865222,41.06181053099315,41.07076861888365,609400
2019-07-05,40.90053939819336,41.11556769511517,40.694465771741314,41.07972850635715,1678200
2019-07-08,40.174800872802734,40.36295143866916,39.96873071716633,40.32711225912919,2360800
2019-07-09,40.336082458496094,40.398799327305284,39.87914136538569,39.88810287110873,2150400
2019-07-10,40.81989669799805,41.366428862927165,40.67654338267338,40.94533042168055,3305000
2019-07-11,40.631744384765625,40.972209804503336,40.53319175335332,40.963251717215954,1415800
2019-07-12,40.69446563720703,40.78406360880588,40.55111230046202,40.70342714327349,1547200
2019-07-15,41.30371856689453,41.438113816668455,41.07077067414133,41.1962044177633,2001200
2019-07-16,41.30371856689453,41.527708371308954,41.21412401225403,41.321638161385266,1414400
2019-07-17,41.1872444152832,41.626262497557114,41.14244372223185,41.617304409634656,2530100
2019-07-18,40.810935974121094,40.98117038907248,40.61382729791122,40.82885556610612,2525500
2019-07-19,40.97220993041992,41.54562321733233,40.88261538601966,41.3753922158467,2366200
2019-07-22,40.77509689331055,41.142439985401175,40.74821921417136,41.079723122201266,2854900
2019-07-23,41.35747528076172,41.509790117404265,40.99013215661713,41.17828276263467,2614400
2019-07-24,42.02048873901367,42.10112520543771,41.769617833576,41.79649893425947,1948800
2019-07-25,42.262393951416016,42.54014253466973,41.9398515094024,42.531184446480374,2527300
2019-07-26,42.4326286315918,42.656618433559395,42.29823338328598,42.450548225886784,2321500
2019-07-29,42.58493423461914,42.78204632710376,42.33406678441157,42.66557068901624,2498600
2019-07-30,42.262393951416016,42.45950606971304,42.11904061569448,42.334072328183346,1997900
2019-07-31,41.66210174560547,42.145920521636015,41.06181073734807,42.12800092795195,1910300
2019-08-01,40.92741012573242,42.58493301926345,40.7034203607789,42.25342912411976,5596000
2019-08-02,40.219608306884766,40.60487103981318,40.09417456459424,40.25544749548582,4900600
2019-08-05,37.92595291137695,38.2574568438343,37.567567879986925,38.16785887708031,7300400
2019-08-06,38.33808898925781,38.768148927825884,38.078260041639844,38.75918742325281,4398800
2019-08-07,38.88462448120117,39.0369358804989,37.970745831977084,38.320169317719,3722200
2019-08-08,39.27884292602539,39.35051786918142,38.99213631777656,39.11757003165888,4670200
2019-08-09,38.51728057861328,38.92045941178941,38.23057054183387,38.64271429718474,3389400
2019-08-12,38.32017135620117,38.4814442686323,37.96178634684026,38.33809094845049,4262300
2019-08-13,38.84878921508789,39.55659776248264,37.97074965993778,38.01554693378783,5033500
2019-08-14,37.16437530517578,37.415242707143435,36.931427491607536,37.415242707143435,10273500
2019-08-15,37.433170318603516,37.58548514373813,37.12854408614703,37.451089910843635,3962200
2019-08-16,37.53172302246094,37.639237148508,37.04790432853048,37.2450164077938,4240200
2019-08-19,38.293296813964844,38.83982904218715,38.09618470088639,38.82191286628277,4409700
2019-08-20,37.827392578125,38.09617961235802,37.764675717397715,37.95282629957957,2580000
2019-08-21,38.07826232910156,38.257454835389304,37.93490900763393,38.21265756327056,2143100
2019-08-22,37.719879150390625,38.0155473128121,37.52277045992259,37.899071665390345,2856900
2019-08-23,37.05686950683594,38.114101534922064,36.83287972830604,37.648202385442346,5718000
2019-08-26,36.9672737121582,37.406295207654615,36.91351834955949,37.28981955900243,2729000
2019-08-27,36.94935607910156,37.49588827823845,36.9314364863378,37.28086000069902,3395200
2019-08-28,36.358028411865234,36.537217529617095,36.151954774386574,36.31322771461392,4941400
2019-08-29,36.64472579956055,37.08374381154873,36.6268062087715,36.931432416560476,3974500
2019-08-30,36.976234436035156,37.08374857677247,36.78808383529164,37.00311211676626,2222300
2019-09-03,37.92595291137695,38.060344734788494,37.3973368698738,37.43317263876243,4442700
2019-09-04,39.08173370361328,39.19820933978188,38.72335212605142,38.97421957212598,4464600
2019-09-05,39.162376403808594,39.42220539601202,39.072781849579286,39.27885205855723,3185000
2019-09-06,39.225093841552734,39.38636677574402,39.17133847536444,39.26989453712726,3890900
2019-09-09,39.2071647644043,39.40427684025721,39.00109460229097,39.01005610636377,3543500
2019-09-10,38.83982849121094,39.126535150996226,38.7412758538828,38.956304139815266,4004700
2019-09-11,39.53867721557617,39.84330345534602,39.42220157212548,39.583474488345566,3606400
2019-09-12,39.82537841796875,40.2554383298226,39.735780466866466,39.98665131214049,2741700
2019-09-13,39.9508171081543,40.03145356528461,39.807463786346275,39.9149779232491,2823900
2019-09-16,39.395328521728516,39.71787439207397,39.225094080261066,39.55660145690125,3232300
2019-09-17,39.54763412475586,39.60139290116519,39.216130214763496,39.24300789406179,2331600
2019-09-18,38.94734573364258,39.29676925878647,38.66959716395266,39.26989157771784,4042200
2019-09-19,38.66959762573242,39.05486034211046,38.63375843867098,38.723356406324584,2629200
2019-09-20,38.32017135620117,38.678552947749324,38.13202076430243,38.535199627567515,2857700
2019-09-23,38.40976333618164,38.51728088250188,38.13201821938566,38.14993781043903,2350400
2019-09-24,37.872196197509766,38.34705348486722,37.79155973193839,38.30225620795271,1718000
2019-09-25,37.85427474975586,37.91699161792805,37.40629516691851,37.567568090165,2780000
2019-09-26,37.6213264465332,37.89907159736192,37.52277039256961,37.764679774713066,2944300
2019-09-27,36.635772705078125,37.92595619555458,36.349066022264076,37.60341032293547,5930500
2019-09-30,37.29878234863281,37.657163976942265,37.289820842682545,37.54069174209357,3637600
2019-10-01,37.16437530517578,37.56755749963237,37.02998351889826,37.379406948156635,2266000
2019-10-02,36.81495666503906,36.89559311442008,36.4386520953235,36.67160335700753,3348800
2019-10-03,37.34357833862305,37.415253294690814,36.77016501882901,37.08374936002482,2675000
2019-10-04,37.11062240600586,37.173342684223904,36.644726705225835,36.82391578192005,2473900
2019-10-07,36.73432159423828,37.003108629657994,36.662643228626315,36.922472177250825,1749300
2019-10-08,36.42970275878906,36.77912631742949,36.37594397368543,36.56409801264151,3577800
2019-10-09,36.3400993347168,36.617844445451304,36.19674602723086,36.42073578379092,3148800
2019-10-10,36.67160415649414,36.94935269215345,36.411775211956,36.60888729647632,4892000
2019-10-11,37.325660705566406,37.47797554915636,37.19126545638781,37.227104645210524,1631900
2019-10-14,37.1733512878418,37.48693566244703,37.12855059048675,37.253987758142195,3517700
2019-10-15,37.71091842651367,37.73779610565024,37.37045301359539,37.46005097373846,4626200
2019-10-16,37.522769927978516,37.77363739473391,37.37941660157359,37.77363739473391,3409400
2019-10-17,37.67508316040039,37.809478405684814,37.54964942096856,37.737800030116304,2424800
2019-10-18,37.31669616699219,37.83635064384545,37.280856984364355,37.70195883570994,3268800
2019-10-21,37.22710037231445,37.22710037231445,36.886634953203334,37.101666643645295,2249000
2019-10-22,36.9941520690918,37.40629243492611,36.94039329266495,37.34357557133448,2324200
2019-10-23,36.36697769165039,36.42073646464225,36.026512298326935,36.31321891865852,3758200
2019-10-24,36.18778610229492,36.420737373258774,36.11611115433015,36.33113941603706,5436500
2019-10-25,36.393856048583984,36.42969523124755,35.98171570139069,36.02651297081386,5175600
2019-10-28,36.823917388916016,36.97623221212818,36.77016203068689,36.90455384407241,5281400
2019-10-29,35.97276306152344,36.21466903659979,35.96380155559433,36.21466903659979,4333500
2019-10-30,36.169864654541016,36.23258151247116,35.87419995541496,36.09818971025474,2229400
2019-10-31,36.28634262084961,36.537210068725805,36.16090889691151,36.46553511982374,2433200
2019-11-01,36.81495666503906,36.9224707916096,36.68952294773803,36.770159397119045,3218000
2019-11-04,37.60340881347656,37.621328407659774,37.3883771010911,37.621328407659774,3684300
2019-11-05,37.97074890136719,38.16785758593222,37.94386780334385,37.97074890136719,2907300
2019-11-06,38.07826232910156,38.23057373786783,37.94386709493256,38.13202110633171,2183800
2019-11-07,38.27537536621094,38.35601182512678,38.12306053589752,38.20369699481336,3161400
2019-11-08,37.44213104248047,37.59444244662468,37.27189662865731,37.59444244662468,2835300
2019-11-11,37.3525390625,37.47797622564367,37.029996610713084,37.09271348337831,3286400
2019-11-12,37.80947494506836,37.89011140129593,37.567565576385654,37.70196080936918,3586100
2019-11-13,36.50137710571289,37.18230455272021,36.08923330108469,36.10715289413921,5947000
2019-11-14,36.62681198120117,36.77912340019389,36.52825592523505,36.66264775061457,3649400
2019-11-15,36.698486328125,36.78808429470242,36.59993027379631,36.626811372676016,2863800
2019-11-18,37.54965591430664,38.06035246619963,37.47798094415668,38.03347477962011,4090700
2019-11-19,38.36497116088867,38.48144680929295,38.32017388621409,38.39184884213082,4271600
2019-11-20,38.0334587097168,38.3291233906083,37.91698308739605,38.3291233906083,2880900
2019-11-21,37.92595291137695,37.970750185847464,37.71987929674926,37.854274537973765,1679700
2019-11-22,38.16786193847656,38.21266263435344,38.03347010428563,38.09618697713738,1880500
2019-11-25,39.08173370361328,39.14445056513192,38.66063526453277,38.714390621370114,3442800
2019-11-26,38.51728057861328,38.52623866516303,38.248490132745864,38.42768262405331,3366700
2019-11-27,38.4366455078125,38.50832045622022,38.26641109694551,38.35600905472093,2121500
2019-11-29,37.764678955078125,37.97074914625088,37.701962088973936,37.97074914625088,1557400
2019-12-02,37.540687561035156,37.91698874152186,37.540687561035156,37.90803065438239,3318800
2019-12-03,37.3525390625,37.36150056877402,36.92247904230422,37.316703290843606,2734900
2019-12-04,37.890113830566406,38.04242524775441,37.65716253416798,37.6661240397749,3100800
2019-12-05,37.81843948364258,37.96179282830003,37.67508613898513,37.88115635831688,2574500
2019-12-06,38.293296813964844,38.49936701499549,38.275377220247435,38.481447421278084,3043100
2019-12-09,38.12306594848633,38.499370616124374,38.09618826430267,38.284338889215014,2507800
2019-12-10,38.59791946411133,38.74127278263953,38.34704859332744,38.499363416783304,2703600
2019-12-11,39.3863639831543,39.45804235674079,38.938384401677624,39.01006277526412,3482200
2019-12-12,41.017005920410156,41.115561966857214,40.01353269968247,40.04041037859979,7248600
2019-12-13,41.070762634277344,42.11007498659571,40.954287001795,41.19619635334486,5258300
2019-12-16,41.53666305541992,41.832327771423714,41.34851247088909,41.34851247088909,3050000
2019-12-17,42.719329833984375,42.97019728636142,42.450542789607155,42.4863785557948,6892000
2019-12-18,43.39130401611328,43.51673775635748,43.194191899836355,43.23003108785272,3425200
2019-12-19,43.265865325927734,43.28378491788578,42.96123909826633,42.97915869022438,3783100
2019-12-20,43.14043045043945,43.301703355951624,43.09562976283183,43.15834662410738,4489100
2019-12-23,43.41817855834961,43.44505965632447,43.18523068871548,43.35546169276301,1739200
2019-12-24,43.310665130615234,43.40922118324373,43.283787450012156,43.310665130615234,572600
2019-12-26,43.73176956176758,43.78552492609597,43.38234260456757,43.445062892639186,1584300
2019-12-27,44.11703109741211,44.22454524097745,43.97367776672065,43.99159394247071,2065900
2019-12-30,43.56153106689453,44.03639172035023,43.471936522822844,43.91991607880682,2571800
2019-12-31,43.0150032043457,43.39130787636886,42.72829651033443,43.39130787636886,1931300
2020-01-02,44.69044494628906,44.69940303426955,44.081192429224785,44.081192429224785,4293200
2020-01-03,43.92887878417969,44.15286858571895,43.722808576901144,43.722808576901144,2728500
2020-01-06,43.695926666259766,43.722804346143505,43.274824786412914,43.30170588410945,4712100
2020-01-07,44.6008415222168,44.78003402022656,44.07222553288495,44.38581325885518,4667000
2020-01-08,44.484375,44.78900126028105,44.063273088425674,44.09015077033449,2925200
2020-01-09,45.228023529052734,45.236985035726164,44.708368929835295,44.789005400829275,2874000
2020-01-10,46.079185485839844,46.2942137964605,45.78351728646973,45.8551956685522,5373200
2020-01-13,46.86762237548828,47.04681146362413,46.554034635625,46.580915733095594,4920700
2020-01-14,46.0433349609375,46.23148554086944,45.899981649873276,46.186688272001724,3395200
2020-01-15,45.846221923828125,46.07917318559944,45.756627387954524,46.034375917662636,3149400
2020-01-16,46.18669509887695,46.339009936915964,46.01646408489268,46.02542217286531,2269800
2020-01-17,46.23148727416992,46.24940686595135,46.00749750362101,46.09709546252817,1846200
2020-01-21,44.09014892578125,44.63668455381592,44.03639356421254,44.53812850052273,6423300
2020-01-22,44.69044494628906,44.98610969902767,44.44853555705945,44.78900100313961,4748200
2020-01-23,44.6635627746582,44.71732155468987,43.901998855514265,43.91991844885815,4581700
2020-01-24,43.83928298950195,44.52021046306496,43.63321278805771,44.466455099617875,4248300
2020-01-27,42.48638153076172,42.73725241851786,41.4470690466661,41.55458660619571,9271000
2020-01-28,43.203147888183594,43.43609574491355,42.46846171674182,42.602853527920104,7210600
2020-01-29,44.376853942871094,44.40373504047657,43.92887438465818,44.36789585554446,6089200
2020-01-30,43.97367477416992,44.09014699768398,43.07771566386797,43.10459334347694,5431100
2020-01-31,42.9254035949707,42.98812046329515,42.584938154200145,42.94332318846526,5588800
2020-02-03,44.29621887207031,44.38581683720482,43.58841374547863,43.68696638040725,5344100
2020-02-04,45.78350830078125,46.231487847433954,45.78350830078125,45.99853998701214,4850900
2020-02-05,45.550559997558594,46.18669012734651,45.02194400093462,46.097095586012,5240500
2020-02-06,46.07021713256836,46.24045155580859,45.649118662761126,45.95374490571363,3259800
2020-02-07,45.73871612548828,45.94478632976955,45.55056551520709,45.783513401581935,4114900
2020-02-10,46.554039001464844,46.65259505986982,45.6939189936247,45.747677775794614,3547500
2020-02-11,47.217044830322266,47.70982164734261,47.082649599401854,47.24392250938127,5289400
2020-02-12,47.924861907958984,48.15780980971229,47.31560934298779,47.60231603029032,4969300
2020-02-13,47.95172882080078,48.15779899239819,47.62022492891039,47.84421469166573,3460700
2020-02-14,47.75461959838867,47.88005332620042,47.53959132722932,47.76358110341108,2513300
2020-02-18,47.351444244384766,47.378325345571476,46.948265322529785,47.019940284130115,2692100
2020-02-19,47.66502380371094,47.79045752822972,47.378317171150094,47.396236762911734,3497100
2020-02-20,46.82282638549805,47.30664517477896,46.616756179207236,47.30664517477896,3589000
2020-02-21,46.11501693725586,46.48236003924274,45.882065652398154,46.35692630946373,4103500
2020-02-24,44.26934051513672,44.56500866884435,43.62424884727487,43.65112994531101,4669900
2020-02-25,45.16530227661133,46.00750267818682,45.075707725439926,45.82831357584402,7824400
2020-02-26,45.73871612548828,46.195657227957554,45.70287693748813,45.85519177758224,6239400
2020-02-27,44.65460205078125,45.49680238134828,44.4933291380197,45.03090323534968,8508600
2020-02-28,44.484375,44.5291722757857,43.149394307582526,43.19419158336823,7163400
2020-03-02,44.99507141113281,45.01299100498899,44.206626370526266,44.48437494857744,6001300
2020-03-03,44.96818923950195,45.85519031626685,44.69044408588465,45.684959305410665,5335900
2020-03-04,45.899986267089844,46.025419999662226,45.452006697723974,45.49680397109798,4213600
2020-03-05,46.30316925048828,46.545078631674734,45.78351130175896,46.285249657310075,6867200
2020-03-06,44.87858963012695,45.3355272487019,44.36789323732624,45.02194294358307,4817400
2020-03-09,42.7910041809082,43.57049104176951,42.558056323815414,42.99707777709865,6861700
2020-03-10,44.40373229980469,44.70835851729994,43.52569283003896,44.439568064712155,5071600
2020-03-11,42.674537658691406,43.48089888811132,42.567020093851596,43.28379018819789,6092900
2020-03-12,39.135494232177734,40.1748066639669,38.9742213188128,39.0817354551185,11802900
2020-03-13,41.42914962768555,42.647651113306665,39.99561303984058,42.62973493926735,8499900
2020-03-16,37.684043884277344,38.95630426390038,36.555133417190575,36.95831572686442,9104500
2020-03-17,39.90602111816406,40.497354016849094,38.66063845410111,38.90254441545203,8603800
2020-03-18,37.88114929199219,39.287804792113455,36.913515250509576,37.26293874931754,8460300
2020-03-19,40.58694839477539,41.00805028465253,39.19821241009462,39.50283865467987,7809200
2020-03-20,40.54214859008789,41.87712913037256,40.389837186211125,41.832328441879234,8911100
2020-03-23,41.59041976928711,41.93088518417511,40.40775403105799,41.276835451503906,8613400
2020-03-24,43.38234329223633,43.445063581302136,41.13348717977311,42.84476913355258,11939500
2020-03-25,44.12598419189453,44.88754803417274,43.53465134248216,43.84823564981727,5177200
2020-03-26,45.78350830078125,45.87310626079942,44.75315739416765,44.88754920747584,7463400
2020-03-27,43.49881362915039,44.224541730691655,43.18522931121988,43.4092190862596,3762200
2020-03-30,44.47541046142578,44.48437196665969,43.58841284078789,43.90199716771789,3769000
2020-03-31,43.98263168334961,44.37685245091057,43.454015685718055,43.454015685718055,2589900
2020-04-01,42.16383743286133,43.427139655805696,42.092159062685255,43.01499586291891,4189200
2020-04-02,43.74072265625,43.92887324554545,43.00603647325688,43.17626747055095,3199500
2020-04-03,42.835811614990234,43.812407303244065,42.602860303399495,43.561536397083785,2865200
2020-04-06,44.744197845458984,44.76211743824606,43.92887517161797,44.33205746479492,2822300
2020-04-07,44.323097229003906,45.38032922750793,44.06326827290436,45.3534481307238,3282500
2020-04-08,44.932350158691406,45.01298661427213,44.260380834789615,44.43061183309882,3214300
2020-04-09,44.323097229003906,45.34449004367088,44.23349926941129,45.15633945524543,4217800
2020-04-13,44.61876678466797,44.68148365427056,43.90200011934334,44.67252556624721,3764500
2020-04-14,46.09709548950195,46.141892760075415,45.532640310400865,45.58639908577662,3212600
2020-04-15,45.658077239990234,45.873108938774216,45.03986665993225,45.24593685328491,2991100
2020-04-16,47.584388732910156,47.78150083020529,47.03785313063747,47.03785313063747,5469800
2020-04-17,46.903465270996094,47.50375974448711,46.79595111821162,47.485840149387485,3703900
2020-04-20,47.00201416015625,47.55751127000675,46.76906629504777,47.082650616888564,2532200
2020-04-21,45.75663375854492,46.312127477488794,45.70287497884857,45.91790667982104,2480400
2020-04-22,47.36039733886719,47.503750654419584,47.20808251857316,47.39623652220845,2719900
2020-04-23,47.00201416015625,47.84421791220769,46.993056072880556,47.56646935728244,2240600
2020-04-24,47.351444244384766,47.44104221865173,46.993062600756645,47.1812132199974,1635600
2020-04-27,47.75461959838867,47.89797291843249,47.53959132722932,47.77253919062074,1963700
2020-04-28,47.88005447387695,48.56098532376644,47.75462074305858,48.39075090238765,2918100
2020-04-29,48.42659378051758,48.53410792687292,48.15780670572267,48.45347488046623,1942400
2020-04-30,47.1453742980957,48.3549213239711,46.903464892920624,48.14885110870638,3097800
2020-05-01,45.73871612548828,46.17773763395748,45.61328238530082,46.13294035786382,5653000
2020-05-04,46.204612731933594,46.31212687210795,45.604321746662755,45.78351084101573,2443600
2020-05-05,46.742183685302734,47.01993223124173,46.68842832776224,46.769064781885646,2653000
2020-05-06,47.091609954833984,47.378316583840764,46.99305391027304,47.26184094774032,2884800
2020-05-07,47.2618408203125,47.36935495144701,46.93033692225708,47.03785105339159,2647100
2020-05-08,48.89249038696289,48.96416875928569,48.16676224735262,48.39075203414201,5009800
2020-05-11,50.137874603271484,50.17371379053985,49.63613965276642,49.72573420312432,4730200
2020-05-12,49.591339111328125,50.62169353265788,49.51966415438537,50.44250101358144,4110200
2020-05-13,51.813316345214844,52.5569606202585,51.21302197151223,51.822274432368886,9222800
2020-05-14,50.30854415893555,50.380415152692876,49.10473242948111,49.58985135635027,6025700
2020-05-15,48.52080154418945,48.67352572057869,48.15247120077784,48.37706295717512,4853900
2020-05-18,50.039039611816406,50.263631348469985,49.23949357764935,49.50900297623405,3471400
2020-05-19,49.769535064697266,50.30855391440949,49.74258172331287,50.02107673762987,3537400
2020-05-20,50.865535736083984,51.56626428725858,50.33549909864325,51.206916136553765,5423800
2020-05-21,49.544944763183594,49.82343635869229,49.149661063238284,49.42815608574536,5413200
2020-05-22,47.32597351074219,48.02669866931415,47.074431849100584,47.981781005020736,8033300
2020-05-26,48.43096160888672,49.4550993723905,48.37705835875571,49.419163872303166,5106100
2020-05-27,48.13450622558594,48.51181872627562,47.61345171282607,48.439947720240525,4612200
2020-05-28,46.939674377441406,47.739220435742254,46.939674377441406,47.55954635559646,4071300
2020-05-29,48.79929733276367,48.898118255471495,47.16426959432043,47.29004043158555,6098200
2020-06-01,49.5718879699707,49.751562043176776,49.122704500454475,49.24847532359935,2425100
2020-06-02,50.631961822509766,50.721797146661245,49.96716877199581,50.29058142213785,4676700
2020-06-03,50.56907653808594,50.757732775479894,50.34448480014134,50.47025562507064,3266900
2020-06-04,49.87733459472656,50.443306745489124,49.54493977532545,50.14684400037606,2938900
2020-06-05,50.30854415893555,50.7936630858047,50.30854415893555,50.38939731341374,4014800
2020-06-08,50.11090850830078,50.23667933582713,49.544939784432216,50.03005534389126,4141200
2020-06-09,50.290584564208984,50.40737323450102,49.81445114786183,50.01208955874279,2140700
2020-06-10,52.0963020324707,52.302926024070324,51.260820477264645,51.56626538375931,3594600
2020-06-11,50.200748443603516,51.072162094982865,50.08395977515132,50.874523687215415,2407500
2020-06-12,50.982322692871094,51.647115721326784,50.308547503097465,51.63813013301102,1975100
2020-06-15,51.054195404052734,51.18894839032914,50.12887511536461,50.12887511536461,2104300
2020-06-16,52.177154541015625,52.81499425841559,52.015448214491975,52.68023784397989,3410400
2020-06-17,52.47361373901367,52.644302226856766,52.10528342430111,52.195118749061066,2587600
2020-06-18,53.19231033325195,53.36300226001483,52.967718578667714,53.08450725061102,2364300
2020-06-19,52.958736419677734,53.560640677042024,52.64430590704119,53.479787508306714,2540600
2020-06-22,55.8335075378418,56.058099276245024,54.872255171635814,55.21363214657019,7277000
2020-06-23,57.49549102783203,57.94467455148697,57.11817851292108,57.782968208811326,4458900
2020-06-24,56.57016372680664,56.983411670563136,56.004191630880676,56.59711363666103,2786700
2020-06-25,56.345577239990234,56.507283568132905,55.869440417348805,56.10301774777623,3143200
2020-06-26,55.87842559814453,56.192852663349534,55.62688051898255,56.15691716246953,2026100
2020-06-29,56.48033142089844,56.66000550340465,56.09403334295941,56.20183984866199,2531000
2020-06-30,57.49549102783203,57.8907747219273,57.32480252256255,57.567362036576014,4062800
2020-07-01,58.41181564331055,58.44775114352556,57.630240789120585,57.630240789120585,2695800
2020-07-02,59.91209411621094,60.31635650229768,59.36408972814034,60.28940659042468,3891200
2020-07-06,61.0799674987793,61.08895308746985,60.19957171899173,60.36127804544192,3609900
2020-07-07,59.74140167236328,60.29839164411555,59.409003436221404,59.87615808452868,2524800
2020-07-08,63.68523406982422,63.71218398233345,62.51735426511976,62.768902774530055,4969700
2020-07-09,64.03559875488281,65.49095576440152,63.34385917965251,65.47298458613793,5876300
2020-07-10,63.245033264160156,63.936772784735666,62.85873520996986,63.74811655185144,3181900
2020-07-13,61.214725494384766,63.21808687637774,61.08895466545206,63.16418019683792,4878100
2020-07-14,60.67570495605469,60.8823255174427,59.76835241249237,60.729604780069664,2870800
2020-07-15,62.714996337890625,63.40674274694924,62.36463376592445,62.95755925940326,2901600
2020-07-16,60.26245880126953,60.42416513219944,59.831239634124394,59.840225223063875,3036400
2020-07-17,60.69366455078125,60.88232077413147,60.46907282955545,60.666714640873415,1377600
2020-07-20,61.98732376098633,62.09513026974847,60.63977324444315,60.63977324444315,2399800
2020-07-21,64.2242431640625,65.33822297518937,62.86771417705329,65.3292373877139,3606200
2020-07-22,62.741947174072266,63.1102809292,62.27479935590626,63.1102809292,3103800
2020-07-23,63.280982971191406,64.42190621306958,62.74195720879501,63.98170823750998,4844500
2020-07-24,61.825618743896484,61.87951857242933,60.442132694915784,60.9811515422338,3280200
2020-07-27,61.385414123535156,61.52017053416727,60.70265333592933,60.846395335002455,3742600
2020-07-28,62.09512710571289,63.011458394512516,61.92443518903613,62.6610958263836,3521600
2020-07-29,63.263004302978516,63.33487530999156,62.688049954867104,62.840770704272465,2203200
2020-07-30,62.04122543334961,62.19395303880354,61.62797741846677,61.789683759420626,2107300
2020-07-31,61.52914810180664,62.20292328819435,60.83740859287334,62.09512364492952,2433300
2020-08-03,62.526344299316406,62.88569248431178,62.274802626018605,62.44549455604063,3002200
2020-08-04,63.954750061035156,64.00864988871523,63.20011820353218,63.209103792810986,2025400
2020-08-05,65.08667755126953,65.25736945132023,64.85310709793161,65.0507489076755,2474000
2020-08-06,65.19448852539062,65.53586549496232,64.20628626273925,64.35900699749534,1856000
2020-08-07,60.38822937011719,61.493216915044755,60.05583112075079,61.02606910214776,9096500
2020-08-10,58.2950325012207,58.3489323264806,57.59430735685775,58.15129734919563,9031000
2020-08-11,59.2473030090332,59.92107828292212,59.06763234426143,59.85819286485235,2973300
2020-08-12,61.088951110839844,61.160822110046865,60.66671755799325,61.088951110839844,3888700
2020-08-13,58.681331634521484,59.41799229369168,58.411818795363224,59.40900670465408,4239400
2020-08-14,58.27707290649414,58.79812058561227,58.160280803625554,58.79812058561227,3080100
2020-08-17,59.37307357788086,59.435965849664015,58.618448564440854,58.88796141438171,2043800
2020-08-18,59.3551025390625,59.51680885993612,58.94185457549563,59.38205245020882,1630600
2020-08-19,58.30401611328125,59.004741233885916,58.16925970070438,59.004741233885916,2362700
2020-08-20,59.52579879760742,59.543763121685636,58.321983464480574,58.321983464480574,1669900
2020-08-21,62.481422424316406,62.840763711401465,59.78632164720419,60.14566293428925,3435700
2020-08-24,62.84975814819336,63.78406070494254,62.813822643626466,63.74812520037565,2968500
2020-08-25,63.936767578125,64.08050956518605,62.840758915767594,63.27197802295558,3723500
2020-08-26,63.972713470458984,64.22425513469618,63.78405722228109,64.22425513469618,3335300
2020-08-27,63.882877349853516,65.05075718105957,63.68523551497284,65.05075718105957,3050900
2020-08-28,63.173160552978516,63.22706037405756,62.508370961686545,62.732962688176656,2338000
2020-08-31,61.39439010620117,61.67288850342374,60.67570070503545,61.66390291538548,3600500
2020-09-01,63.343868255615234,63.36183258245649,62.30175909489333,62.64314299085263,2989300
2020-09-02,63.002479553222656,63.51454850409882,62.17598350163249,63.478619853157284,3754600
2020-09-03,60.38822937011719,61.493216915044755,60.05583112075079,61.42135276582714,4544800
2020-09-04,60.235504150390625,60.43313911354043,58.654376467223024,60.01091242254278,3439900
2020-09-08,58.16027069091797,58.98677344090653,57.85482923744048,58.03449987431012,3321900
2020-09-09,59.58868408203125,59.76835473840374,58.5735249969377,58.81608792243638,2705000
2020-09-10,58.37588882446289,59.47189077234811,58.37588882446289,59.202384793292815,3028900
2020-09-11,59.46290969848633,59.8671720781653,58.950840819028265,59.63359475564182,2406300
2020-09-14,61.502201080322266,61.68187858419749,60.963182276688485,61.2237095168106,1971700
2020-09-15,61.96935272216797,62.158008951563616,61.7447609937452,62.032238131966515,1466500
2020-09-16,61.376434326171875,62.14903050909764,61.27761340598395,61.76273241763476,2134600
2020-09-17,59.88514709472656,61.61898881286918,59.813276090265745,60.81944273673224,2331800
2020-09-18,60.20854949951172,60.5948475591321,59.91209361738116,60.019893263975604,4876800
2020-09-21,59.804290771484375,59.85819059807546,58.699296348393254,58.699296348393254,3414600
2020-09-22,59.63359832763672,59.74140483387332,59.15746491958509,59.74140483387332,1825900
2020-09-23,58.84303665161133,60.05583069271556,58.84303665161133,59.741403623391655,2045100
2020-09-24,58.950843811035156,59.5257981310468,58.124340978771805,58.483689142278116,2265300
2020-09-25,58.67234802246094,58.852025539286124,57.78296658966473,58.16926468334332,4351300
2020-09-28,58.968814849853516,59.166456704987816,58.41182479029294,59.166456704987816,1191700
2020-09-29,58.88795852661133,59.283235338745286,58.61844568988695,58.932872763401285,1647900
2020-09-30,60.77452850341797,60.86436383200175,58.95084460258189,59.49884901713806,3734900
2020-10-01,61.556095123291016,61.70882270074015,60.864355646826716,61.538130801588636,2571200
2020-10-02,60.397212982177734,61.61000699223036,60.235506657237664,60.60383354215924,2560300
2020-10-05,61.439308166503906,61.60101447325134,60.657726541558766,60.657726541558766,1506200
2020-10-06,61.81663131713867,62.23886490542023,61.26862689668767,61.42135449631883,3583300
2020-10-07,62.27480697631836,62.625169596314905,61.5830673264269,62.16700045708979,3890000
2020-10-08,62.49040222167969,62.55328763338885,61.72679169264109,61.96036901641618,2187000
2020-10-09,63.73014831542969,63.76608381291457,62.589218545769526,62.93060234487824,2119400
2020-10-12,65.65265655517578,65.68859205467236,64.37697716602818,64.43986257664825,3195100
2020-10-13,66.51509094238281,66.69476159386896,65.08668390328265,65.6885949791529,3768600
2020-10-14,65.5807876586914,66.68578202815085,65.54485215804274,66.45220470093254,2627200
2020-10-15,64.63749694824219,64.84412435494765,63.442674157452785,63.50555956749433,1904000
2020-10-16,65.32925415039062,65.49994608624678,64.6464932609628,64.96990595311298,3445100
2020-10-19,64.79920959472656,65.84131861030833,64.65547443802346,65.47298484838834,1837200
2020-10-20,65.356201171875,65.92216993107931,65.20348042234318,65.25738025064935,2161300
2020-10-21,65.4819564819336,65.9131755681334,65.20346496305146,65.29330027359458,2154500
2020-10-22,64.86209106445312,65.67062269045239,64.69140600462809,65.41908104102949,1583400
2020-10-23,65.60774230957031,65.60774230957031,64.25120619158267,64.9609169591657,1593600
2020-10-26,65.21245574951172,65.53586841043914,64.47579510050952,65.07770618578873,2334000
2020-10-27,68.94966888427734,69.3000314742621,67.55719725967381,67.55719725967381,3302900
2020-10-28,68.23097229003906,68.99458973869889,68.02435171409303,68.94068305688985,4517200
2020-10-29,70.54875183105469,70.8362289659979,69.74920583530648,69.93786206255089,3842000
2020-10-30,68.58132934570312,69.35392546733475,68.12316713826725,69.17425481979078,3582300
2020-11-02,69.60548400878906,70.44994439883848,68.88678760696286,70.41400889334749,4204400
2020-11-03,67.35057830810547,68.1860599322275,66.64985311122827,67.82671174424014,5947700
2020-11-04,70.71046447753906,71.39322530439543,69.33596408886491,69.60547692562288,5321500
2020-11-05,72.61499786376953,73.08214563402886,72.04902233261448,72.9653604049629,5021100
2020-11-06,71.65375518798828,72.12090302102389,71.53696308923207,71.91428244537222,5905800
2020-11-09,70.57571411132812,72.61501117781806,69.44377654946692,72.61501117781806,5604900
2020-11-10,66.29949188232422,68.68015911217455,65.98505792759221,68.59032377682115,6034200
2020-11-11,65.97607421875,66.44322203977332,64.01763389808242,64.54766713451266,6282600
2020-11-12,65.85029602050781,69.35392142118249,65.45501239417715,68.27588389082035,5667700
2020-11-13,68.68913269042969,69.80310573280724,68.41962673149726,69.353922280591,7311100
2020-11-16,68.12316131591797,69.02152818484794,67.70991337868962,68.90473610533006,3108100
2020-11-17,67.39547729492188,68.10518792072622,67.37751297388667,67.67397567593058,1772700
2020-11-18,67.79975128173828,68.79693909261867,67.37751774059129,68.79693909261867,3060700
2020-11-19,67.53923034667969,67.79975759535012,66.52407811896073,66.81155528059772,3049200
2020-11-20,68.6352310180664,69.04847896047889,68.23994739749996,68.23994739749996,2661300
2020-11-23,67.0810546875,68.32978412849491,66.88341287312748,68.32978412849491,2595800
2020-11-24,68.08723449707031,68.14113432279768,67.29667401908553,67.78178615862419,1635200
2020-11-25,67.15293884277344,67.24277417945603,66.55103454760348,66.90139715846341,1783000
2020-11-27,68.23097229003906,68.53642064030228,67.85365978735781,68.53642064030228,1095200
2020-11-30,65.5807876586914,66.12879204909056,65.26636059551056,65.59875198201777,3566800
2020-12-01,67.01818084716797,67.42245013380305,66.71273933877393,67.15293727604633,1883200
2020-12-02,66.9283447265625,67.4224493419814,66.17371970010083,66.58696771754364,2092100
2020-12-03,68.6801528930664,69.1113720593105,67.83569259241575,68.22199066805246,1487600
2020-12-04,68.03333282470703,68.36572421299856,67.6290635807364,68.34775988957577,1436000
2020-12-07,68.12316131591797,68.23096095363259,67.53922148031444,67.58414256535904,2157100
2020-12-08,68.12316131591797,68.24893212924854,67.38650075755521,68.05129032144471,1515200
2020-12-09,67.00919342041016,68.13215220694872,66.56899549520607,68.13215220694872,1659100
2020-12-10,68.13214111328125,68.24893319462227,66.74866214504868,66.92833278004125,2123000
2020-12-11,67.50328826904297,68.00637153940193,67.39548177368226,68.00637153940193,1197900
2020-12-14,65.72452545166016,66.79357739800272,65.67061877714191,66.73069198939434,2448100
2020-12-15,65.6885986328125,65.8323337911969,65.04177328509172,65.35620036967921,1873100
2020-12-16,66.53305053710938,66.64085703273635,65.9491175342843,66.42525089547793,1218200
2020-12-17,67.62905883789062,67.85365056190275,67.01816907441784,67.5122736088427,889300
2020-12-18,67.65602111816406,67.7728132225614,66.92834599259733,67.5931356981027,1231500
2020-12-21,66.38033294677734,66.82053083023798,65.63468673826536,65.8502997397119,1617600
2020-12-22,65.8413314819336,66.63189213334175,65.67063952435777,66.47917135761477,3708800
2020-12-23,66.16472625732422,66.29948266862546,65.85927793477501,65.85927793477501,1090600
2020-12-24,62.66109848022461,64.58360331896843,61.87951671991433,64.47579681113368,5695300
2020-12-28,60.4421272277832,61.44830067803018,60.307370814643605,61.22370894079615,6858000
2020-12-29,62.759918212890625,62.79585371482311,61.57407406510324,61.951386554400095,4625500
2020-12-30,64.4308853149414,65.1046605960865,64.32307880251942,64.69141257946377,3000800
2020-12-31,64.58360290527344,65.32924915819585,63.784056825777064,65.01482207985394,2562000
2021-01-04,65.44602966308594,66.66780923962912,65.35619434063337,66.37134650693943,3019600
2021-01-05,68.86881256103516,68.90474120693662,67.33259906991007,67.46735548102579,2203000
2021-01-06,66.13777923583984,68.86881566516452,65.40111858973225,68.53641741662965,4378100
2021-01-07,65.44602966308594,65.76045671866784,64.49376290789624,65.58078607376268,6867700
2021-01-08,69.12035369873047,70.02769936198852,65.58977139420378,65.74249212714872,10876700
2021-01-11,68.05130004882812,68.47353363421934,67.82670829949207,67.92552921751964,3591200
2021-01-12,68.4735336303711,68.95865263138928,68.27589179432707,68.27589179432707,2343600
2021-01-13,70.45891571044922,71.33931828157587,68.72506733234908,68.81490265087332,3355200
2021-01-14,72.58804321289062,73.5313242798854,72.55210771691058,72.87552032673594,3177600
2021-01-15,73.89067840576172,74.60038908770079,73.4684448610895,74.20510545371052,2698500
2021-01-19,77.16972351074219,77.27752315977024,75.91200839144567,75.95692948120468,4152400
2021-01-20,79.11917877197266,79.60429775824134,78.31963271701021,78.47235345694774,4412100
2021-01-21,79.45158386230469,80.02653822429903,78.47236021659778,79.06528575777756,4149800
2021-01-22,81.16744995117188,81.61663341172512,79.76599974752438,79.86482065716574,3690300
2021-01-25,86.24323272705078,88.21065866691546,84.90466780488532,87.95911700143431,6672400
2021-01-26,82.9731674194336,86.03659498388016,82.4521129725556,83.3954009590073,3567900
2021-01-27,79.24494171142578,80.74521275699655,78.83169376884915,80.07143759657905,2607400
2021-01-28,80.68234252929688,81.17644714816329,78.83170860044568,78.83170860044568,2099200
2021-01-29,80.23314666748047,80.71826562213786,79.0562882067719,79.92770520750855,1535700
2021-02-01,84.36563873291016,84.36563873291016,82.34431321116878,82.34431321116878,2423200
2021-02-02,84.98551940917969,85.23706108017656,83.27862068656263,84.14105906426114,2597900
2021-02-03,84.44648742675781,85.4885963061973,83.99730398299846,85.29993322830241,2317700
2021-02-04,85.69522857666016,85.78506390690396,84.81483274467608,85.65929307376337,1979100
2021-02-05,85.70421600341797,86.06356418609407,84.71601364155605,85.3538534101578,1532200
2021-02-08,85.43470001220703,86.10847525970708,84.85974568266002,85.87489792145477,2598300
2021-02-09,87.85130310058594,88.26455106681622,86.5576525252593,86.86310084620955,2401100
2021-02-10,87.81536865234375,88.93832733076246,87.10565794510362,88.20166671187962,2089600
2021-02-11,88.65984344482422,89.25276211426538,87.86029734491336,88.12980333866064,2041300
2021-02-12,89.02816772460938,89.29768056437763,88.42626348365603,88.94731798507664,960300
2021-02-16,86.33306884765625,87.14160053267624,86.10847709370606,86.79123794483364,1839100
2021-02-17,87.42008209228516,87.86028681443901,86.53968635596867,87.45601759127703,1878300
2021-02-18,86.00965118408203,86.15339318818971,64.58360047099423,85.88388035748582,3150500
2021-02-19,85.79405212402344,86.72835466596884,85.57844595403499,85.65929569753195,1660500
2021-02-22,81.11355590820312,83.09894612282015,80.86201424901127,83.09894612282015,3129900
2021-02-23,81.50885009765625,82.1017688202972,78.45440058315077,80.2062136886775,3564400
2021-02-24,80.13433837890625,80.55657199041833,78.36456104201017,79.51446977310889,3019000
2021-02-25,77.95130157470703,79.95466300047735,77.84350192126401,79.61328600791397,2521600
2021-02-26,78.33760070800781,78.8047553925049,76.90021485954826,77.25956303516223,4191300
2021-03-01,82.02090454101562,82.35329592297728,80.40384130391946,80.73623953987696,3492300
2021-03-02,80.77217864990234,81.5447679488259,80.62843664284931,81.5357892138822,1160600
2021-03-03,81.1584701538086,83.323537878079,80.57453709662006,83.323537878079,3812900
2021-03-04,78.06808471679688,80.8260708163104,77.37633836789867,80.1522956435889,4579900
2021-03-05,78.38251495361328,78.46336468771622,75.91200588630741,78.08605222057759,5211100
2021-03-08,73.84576416015625,78.15792847266013,73.63914358978826,74.99567966975452,3068100
2021-03-09,77.14277648925781,78.01418671887154,75.44486341348018,75.63351966034477,2716000
2021-03-10,75.99286651611328,77.52009463454341,75.63352517436196,77.52009463454341,2199500
2021-03-11,80.20620727539062,80.40384911846652,78.6071150599533,78.83170681726746,1911800
2021-03-12,74.17816162109375,75.01364319067065,73.22589481099395,75.01364319067065,5212000
2021-03-15,74.22308349609375,74.52852498407127,72.40837833035788,72.70484108327457,2639700
2021-03-16,73.3516616821289,73.89068047283371,72.85755712581863,72.92942812564482,2062600
2021-03-17,72.8575668334961,73.35167145564179,71.46510200980708,71.9502141882816,2070800
2021-03-18,72.7677230834961,73.49539812105236,72.57008125749417,73.26182764850091,1986900
2021-03-19,74.24105072021484,74.24105072021484,71.95919764432193,72.49821649086437,2503300
2021-03-22,74.35783386230469,74.42970486754223,73.33369602665687,73.57625895583448,1853100
2021-03-23,72.70484161376953,73.61219420325801,72.68687728952058,73.35166695067237,1861000
2021-03-24,69.00357055664062,72.91147268691708,68.81491429960606,72.70484525073829,5983900
2021-03-25,69.55155944824219,70.24330575666498,68.99457639127301,69.45273854703893,4747400
2021-03-26,72.74977111816406,72.74977111816406,69.9109277788061,71.36628495513484,5923100
2021-03-29,70.69249725341797,71.68968511291764,70.13550727883387,71.14168072692247,3468900
2021-03-30,70.8182601928711,71.33931460908184,70.0995639736842,70.58468289353608,1715900
2021-03-31,71.68968963623047,72.2826082945892,70.71046603812796,71.2405061343844,3769500
2021-04-01,75.31907653808594,75.86708088763508,74.65428696063114,75.32806212607727,2013100
2021-04-05,74.88787078857422,76.04676499648954,74.69921454830838,76.00184390661843,2212200
2021-04-06,76.0467758178711,76.34323860361636,74.56446874314177,75.63352777743694,2199800
2021-04-07,70.31517028808594,70.88114578977533,68.6711641626897,68.70709965914578,20574000
2021-04-08,72.25566101074219,72.58805928164402,71.73460648467874,72.25566101074219,3793400
2021-04-09,71.34831237792969,71.96818786100717,71.04287085838232,71.77953159528727,2922200
2021-04-12,71.1955795288086,71.24050061711277,70.74639606174986,70.97098779527923,2808600
2021-04-13,71.8154525756836,72.33650017152307,70.53078762743272,71.03387090093105,2735300
2021-04-14,71.28541564941406,72.48024533012459,71.21354464892113,72.27361791720638,1916400
2021-04-15,71.85139465332031,72.45329888979617,71.60883172853404,71.77952364938392,2162900
2021-04-16,72.7677230834961,73.27080638314034,72.35447510821747,72.90247949704249,2130800
2021-04-19,71.51898193359375,72.27360676029012,71.24049041716934,72.12987163548858,2154400
2021-04-20,70.61164093017578,71.59086447018319,70.14449313172905,71.24948064247607,2979000
2021-04-21,71.68069458007812,71.84240089354572,70.25228766878179,70.61163579359817,1760800
2021-04-22,72.66889953613281,73.1719828175395,71.81545370460424,71.97716002419862,1693100
2021-04-23,73.48641967773438,73.9176319779972,72.90247978604903,72.96536519875386,1640000
2021-04-26,72.13887023925781,72.38142630474948,71.21354650528112,72.38142630474948,1903000
2021-04-27,72.29158782958984,72.74975688222182,72.14784583111874,72.14784583111874,1812400
2021-04-28,73.00130462646484,73.26183187996988,72.29159387119174,72.67789195687213,1132900
2021-04-29,72.8575668334961,73.27980044623938,71.41119532575694,73.2708148565649,2571500
2021-04-30,71.56391906738281,72.09395231159341,71.27643504530695,71.65375439728335,2002500
2021-05-03,71.98615264892578,72.8126555829985,71.87835298439232,72.00412382901268,2080100
2021-05-04,70.70148468017578,71.59985173763162,70.09958039663958,71.49205207729482,1784200
2021-05-05,70.70148468017578,71.13270388351314,70.4409642650307,70.70148468017578,1176900
2021-05-06,70.39604187011719,70.83623980101959,69.8480374268728,70.38705628058955,1513700
2021-05-07,70.23432922363281,71.31236683429034,69.89295224619032,69.89295224619032,1472500
2021-05-10,67.28768920898438,68.94966677677849,67.19785388040019,68.68015393702971,3196300
2021-05-11,68.7250747680664,68.9856020177713,65.78741772511131,66.35338646164499,1961900
2021-05-12,68.12316131591797,68.96762151199535,67.73686328811827,68.76998655818679,2945600
2021-05-13,66.37134552001953,68.37470676550193,66.17371055516094,67.6290605776411,2630100
2021-05-14,68.7879638671875,69.01255562682361,67.27870696827299,67.60211965046871,2847200
2021-05-17,70.14450073242188,70.4050279987458,69.22816250548995,69.70429594415218,1981000
2021-05-18,71.01589965820312,71.46508306691031,70.0726117583201,70.4768740845586,1869400
2021-05-19,70.73741912841797,70.92607538518631,70.07262943494904,70.11755052874958,2873000
2021-05-20,69.35393524169922,71.17762615587125,69.00357263181319,71.0698196397537,4594100
2021-05-21,67.19747924804688,68.36848367002683,67.02633752286543,68.23336671790088,3301500
2021-05-24,68.224365234375,68.79185512659483,67.62986019530481,67.91810652050071,1787700
2021-05-25,70.48529815673828,71.05278115028578,70.28712752880082,70.71049080260646,2316400
2021-05-26,70.91767120361328,71.863476194766,70.26911528263189,71.78241014081041,2521300
2021-05-27,70.63842010498047,70.80055906790979,70.08894955684966,70.75552466685542,1168800
2021-05-28,70.6023941040039,70.75553032236263,69.83674050154626,69.98986984757099,1333600
2021-06-01,73.15157318115234,73.27768050429776,72.60210261359003,72.79126359830815,2345000
2021-06-02,73.13357543945312,73.25067315658431,72.53005384659296,72.60211715205911,1219900
2021-06-03,70.57537841796875,71.54821236057514,70.30515134880116,71.08881740895524,2090500
2021-06-04,71.65631103515625,71.90852572841914,71.02576742966406,71.20592569080539,1123300
2021-06-07,70.2601089477539,70.2601089477539,69.46743326956326,69.71964794569962,1610300
2021-06-08,69.89079284667969,70.26011211936114,69.2782753897472,70.20606807841646,1394700
2021-06-09,69.65658569335938,70.60239061232565,69.44940545072848,70.26010029008076,1444600
2021-06-10,70.62042236328125,70.87263705295344,69.50346864944662,69.50346864944662,4021400
2021-06-11,69.53948211669922,69.66558944102118,69.03505281941138,69.3593307597632,2809300
2021-06-14,69.50346374511719,69.78270043578853,69.25124220090748,69.52147613353641,1477200
2021-06-15,69.06208038330078,69.6926239278943,68.95399230939023,69.58452898164944,1821500
2021-06-16,68.98101043701172,70.00788831524697,68.51260590203856,69.46742735917587,1849000
2021-06-17,70.53033447265625,70.70147619828809,69.17016906305389,69.296276386081,1884400
2021-06-18,69.70162200927734,69.73765365560813,69.26925599797566,69.62956558894962,1264400
2021-06-21,68.44955444335938,68.5936810348659,67.65687880707594,68.5936810348659,1838800
2021-06-22,66.8011474609375,67.05336211602184,66.49488189952513,66.8461818651546,2877500
2021-06-23,67.48572540283203,68.29642024162034,67.39564972570747,67.53076667756113,1937000
2021-06-24,68.0081787109375,68.278412633557,67.38664481231314,67.52176177362288,2212600
2021-06-25,70.06192779541016,70.14300071333507,69.08909401431212,69.23322059180819,2398300
2021-06-28,69.44940948486328,69.55750442716709,68.85490448302747,69.06207786535887,1242900
2021-06-29,68.9990234375,69.13414039580223,68.17031617266943,68.56665741773361,1567300
2021-06-30,67.82803344726562,68.0982605218661,67.58482152055699,67.86405822601122,1997100
2021-07-01,67.34161376953125,67.91810641906201,66.87320919657847,67.82803073113554,2028000
2021-07-02,66.82817840576172,67.28756650075077,66.56695408600244,66.78313712319346,1847200
2021-07-06,64.52218627929688,65.10768845914771,64.26997164732009,65.10768845914771,4442200
2021-07-07,62.981876373291016,63.55836898618303,62.65759841949751,63.36920799185915,5021400
2021-07-08,60.99117660522461,61.49560594293698,60.62186423220928,60.774993585109925,4282700
2021-07-09,63.747528076171875,64.08982527958068,62.18018926121385,62.67561580702458,2889200
2021-07-12,61.603694915771484,62.31530444666282,61.360489900766574,62.09011181811494,3149000
2021-07-13,63.91868591308594,64.74739328005512,63.702502876558064,63.92769554403892,5503300
2021-07-14,64.70236206054688,65.58511351209435,64.60327673218245,65.30587678979559,4100000
2021-07-15,65.42295837402344,66.01747019759166,64.99059238627697,65.35090195762133,3174400
2021-07-16,64.3780746459961,65.62113557609828,64.24295768412247,65.62113557609828,2487700
2021-07-19,63.026920318603516,63.387229934997094,62.60355703476614,63.27913498837872,3485100
2021-07-20,62.91883087158203,63.22509647760359,62.23424322782937,62.693638200694245,2671900
2021-07-21,62.954864501953125,62.99089615510765,62.16218874955893,62.20722316175073,2493300
2021-07-22,62.72966766357422,63.20707500962217,62.25226031752627,63.14402133886744,1759400
2021-07-23,60.25254440307617,61.19835627445726,59.64002012507402,61.07224894125101,5678300
2021-07-26,54.2083740234375,57.108856403674174,53.4877582434254,56.127016329605475,18457100
2021-07-27,53.05538558959961,53.595846533113836,50.2359728686721,51.7492676339122,19200300
2021-07-28,55.60456848144531,56.29816225273911,53.46073350073421,53.46974313094824,26054200
2021-07-29,55.82075119018555,57.55923859877071,54.99204051063448,57.53221314610947,8651400
2021-07-30,55.12715530395508,55.66761622965231,54.49661526653046,54.676770053818466,5876700
2021-08-02,55.23524856567383,55.71265584649019,54.47860118383582,55.082119225097586,4191500
2021-08-03,51.19078826904297,51.911403969206184,50.893532359881874,51.71323336309879,9570600
2021-08-04,53.271568298339844,53.550808398107954,52.623012420771,52.83019266534638,6281400
2021-08-05,51.70423126220703,52.71309332228009,51.11872902664214,51.44300697642165,7475700
2021-08-06,51.98347473144531,53.21753302790644,51.39797585550096,53.046384400832345,8702000
2021-08-09,54.541656494140625,55.08212088959514,53.19050065975481,53.19050065975481,7100100
2021-08-10,55.74869155883789,56.658471783781586,55.42441359494378,56.08197571676588,5027300
2021-08-11,56.13602066040039,56.38823531599195,55.44242692135663,56.29815963504267,3202300
2021-08-12,54.97402572631836,55.5685341535954,54.54165627340478,55.5685341535954,4516800
2021-08-13,54.25341033935547,54.52364081973802,53.62287026101819,54.40654312114468,4990400
2021-08-16,51.81232452392578,52.42484879735667,51.38896124889255,52.019501346385184,7833000
2021-08-17,49.67749786376953,51.03765990033922,49.58741874587839,49.90269050424688,11977800
2021-08-18,51.524078369140625,52.46088060621904,50.73139928883065,50.73139928883065,9629400
2021-08-19,48.40741729736328,49.236124664054536,48.16420880422543,48.3803918406808,11676200
2021-08-20,50.4972038269043,50.79445635430816,49.23612354366395,49.24512973824156,10451800
2021-08-23,51.470027923583984,51.596135248950795,50.57826701639473,50.63231104945656,7368200
2021-08-24,56.352210998535156,56.43328049145717,54.63173925867216,54.63173925867216,13260200
2021-08-25,54.84791946411133,55.32532676669531,54.39753417905715,55.11814994791043,8768300
2021-08-26,54.01020431518555,54.892959090254905,53.911118999465096,54.541659106276676,6935400
2021-08-27,53.10943603515625,54.21738350846066,52.920275025701976,54.21738350846066,8778000
2021-08-30,52.5239372253418,52.73111406008308,51.343926450597316,51.7943117703394,7845800
2021-08-31,55.541507720947266,56.009908783406715,54.793870008524834,54.94699934093464,7179900
2021-09-01,58.153743743896484,58.532072592893705,56.60442075486987,56.72152188695627,8588600
2021-09-02,57.081825256347656,57.97358955753496,57.081825256347656,57.80244096448719,6234100
2021-09-03,56.847633361816406,57.081832206916445,56.163045778599994,56.55938704346228,4724700
2021-09-07,60.43268966674805,60.95513820714956,59.225660493062016,59.225660493062016,6740800
2021-09-08,58.649173736572266,60.396670882461095,58.5681008097591,60.30658832548331,7551000
2021-09-09,56.98274230957031,57.51419706059074,55.57754247960687,56.01891811577907,9448200
2021-09-10,56.181060791015625,56.676483928765826,55.75770094989599,56.631446086455284,5982600
2021-09-13,55.33433532714844,55.64059745251253,54.82089638700378,55.39738899094396,4239400
2021-09-14,53.9921875,54.766850751051955,53.8210423262755,54.65875924323475,5311400
2021-09-15,52.4428596496582,52.541944954520616,51.34391853924486,52.46988166510549,7854400
2021-09-16,52.49690628051758,52.659045253564955,51.71323686823321,52.24469162740696,4761700
2021-09-17,53.05538558959961,53.54179906429566,52.5149212099185,53.46072957915184,7374300
2021-09-20,51.0556755065918,52.42484716720603,50.49719872271197,51.79430708932004,6056800
2021-09-21,52.33476638793945,52.65003813495528,51.560106618972476,51.78529925134084,4352300
2021-09-22,53.03737258911133,54.09127251589876,52.61400931792301,52.74011664904283,5906700
2021-09-23,53.86608123779297,53.95616035956855,53.23554113003247,53.61386656915563,3951000
2021-09-24,52.48789978027344,52.95630087343251,52.379808277595785,52.65904494586031,4061600
2021-09-27,54.35249710083008,54.47860443262892,52.85721807090493,53.46974234207109,4828000
2021-09-28,53.14546203613281,54.17233990534935,53.04637672661772,53.82103994337179,5645800
2021-09-29,52.514923095703125,53.6589021221826,52.35278411959315,53.59584845771395,5530200
2021-09-30,53.83905792236328,54.00119690148627,53.127448340230984,53.145464164152095,3972200
2021-10-01,52.98332595825195,53.7940208656979,52.37981131083884,53.64088807821717,4776600
2021-10-04,52.0915641784668,52.96530930258967,51.59613761160113,52.6770629925044,6627000
2021-10-05,52.69508361816406,53.13646275354609,51.722249655853005,51.722249655853005,3800200
2021-10-06,52.343780517578125,52.469887852759385,51.244839277569156,51.92942686307766,5788200
2021-10-07,56.42426300048828,57.13587251298307,52.42484325789112,54.46959268458496,10784800
2021-10-08,56.91969299316406,56.98274666028862,55.48746760131014,56.56839300885092,6036500
2021-10-11,56.0999870300293,57.55923775021516,56.02792717505108,57.16289652125102,4637700
2021-10-12,55.199222564697266,56.01892369250003,54.965023715111,55.62258585621281,4467700
2021-10-13,57.198936462402344,57.514204816468336,55.5865561689395,55.5865561689395,5323500
2021-10-14,56.6224365234375,57.153891277881534,56.08197213936716,57.153891277881534,5398800
2021-10-15,57.64030838012695,57.90152922530179,57.06381234801059,57.32503662935235,5533800
2021-10-18,57.712371826171875,58.08169106935052,56.80259503588351,57.316034000846656,5918400
2021-10-19,59.06352615356445,59.117570188758066,57.73939231264842,57.883518902943486,5777100
2021-10-20,58.82032012939453,59.45085677045057,58.559095843147325,59.27970816544938,5140200
2021-10-21,58.57711410522461,59.135594380694805,58.27985814220009,58.30688703438521,4823900
2021-10-22,58.18076705932617,59.486888492204294,57.84748635106352,58.7662692966623,3703800
2021-10-25,58.58611297607422,58.69420790795814,57.51419390330885,58.41496438534136,4175200
2021-10-26,56.55037307739258,58.46000908528377,55.19921727513949,58.46000908528377,5703800
2021-10-27,56.595420837402344,57.234967165730474,56.027934373310416,56.262133227287165,4820500
2021-10-28,56.49633026123047,56.64045341246148,55.75769868165063,56.49633026123047,4767500
2021-10-29,54.75784683227539,55.532510115513894,54.343493171620864,55.46945644698678,6116900
2021-11-01,55.78472137451172,56.11800552148973,54.05524010262063,54.226388709145645,10868400
2021-11-02,52.5239372253418,53.82104570917877,52.298744565470756,53.80302988404901,15451100
2021-11-03,54.595699310302734,54.667759161853446,53.739966667575416,54.05523496092231,5596600
2021-11-04,54.226383209228516,55.793721909365075,53.89309909605388,55.68563041463727,10560500
2021-11-05,52.776145935058594,54.04623225561896,52.42484597518377,53.83004581468305,16666600
2021-11-08,53.86608123779297,54.18135300975679,53.42470556767763,53.42470556767763,8536000
2021-11-09,53.91111755371094,54.253411334429316,53.2445492522861,53.88409553602716,9963000
2021-11-10,55.70365524291992,55.7847247361152,53.95616147824837,54.04623716572436,8969500
2021-11-11,56.26212692260742,56.69449636807556,55.33433436896748,55.66761850556787,8530100
2021-11-12,56.47831726074219,56.70350991055682,55.86579297835303,56.41526359368746,5979200
2021-11-15,56.28915786743164,57.09084317388446,56.2261007624086,56.748549374262076,7274100
2021-11-16,58.207801818847656,58.59513347285381,57.25298369378199,58.13573851755938,7662800
2021-11-17,57.85649871826172,58.55008905711117,57.487179473181016,58.37894044379726,4492900
2021-11-18,56.20808410644531,56.73052924246777,55.622581870187076,56.21709030009786,5005800
2021-11-19,56.9286994934082,57.60427740645616,56.532358251939876,56.84763000639577,3183300
2021-11-22,55.478458404541016,56.74854474471413,55.181202473184754,56.388235149645986,4672700
2021-11-23,54.28043746948242,55.667625085256994,54.055244808590466,55.20823356895103,8318300
2021-11-24,54.037227630615234,54.19936317081461,52.586986473208746,53.154469454324065,6254900
2021-11-26,53.42470169067383,53.4967615466978,52.54194697833706,53.05538590861286,4134200
2021-11-29,52.84820556640625,53.32561628589314,52.280722604176894,53.02836036039186,6306800
2021-11-30,52.65003967285156,53.505772388080466,52.12759110113626,53.04637748037674,5091300
2021-12-01,53.35264205932617,54.82990528893387,53.18149688287991,54.35249797199574,4350700
2021-12-02,53.785011291503906,54.48761469074406,52.8932503285523,54.00119774577021,5062100
2021-12-03,51.12773513793945,52.415837305174065,50.65032784384794,52.343777447654105,9461600
2021-12-06,52.65003967285156,52.71309333686314,50.63231211598027,51.15476068769557,4911100
2021-12-07,53.80302429199219,54.03722655816977,53.3706548423185,53.73096443513004,3396300
2021-12-08,54.35249710083008,55.02807503789567,53.28058134437283,53.28058134437283,3354300
2021-12-09,53.604854583740234,54.739827415076995,53.262564244533145,53.6408862308674,4268100
2021-12-10,53.541805267333984,53.94715274001427,52.83019907770335,53.532799072904325,3684800
2021-12-13,53.12744903564453,53.694935470003095,52.56897223144798,53.694935470003095,3892200
2021-12-14,52.938289642333984,53.04638115438786,52.172632555187086,52.22668002929763,3086200
2021-12-15,51.92041778564453,52.4969104304219,51.091710467818864,52.415840937489634,4541500
2021-12-16,51.15476608276367,52.66806105097596,50.99262709072897,52.43385875751813,5902600
2021-12-17,50.65933609008789,51.145749564522376,49.731540108126005,50.75841796195095,6797900
2021-12-20,49.38024139404297,49.92070235086699,48.98390358811649,49.54238036832357,4770400
2021-12-21,52.190643310546875,52.226674956454104,50.569257042557254,50.76742765888014,5353100
2021-12-22,51.307891845703125,51.60514778897531,50.52422239660741,50.89353820008168,4464300
2021-12-23,54.28043746948242,54.75784824716713,52.95630696003152,52.99233861045438,5446600
2021-12-27,53.487754821777344,54.2534083947795,53.32561585212588,53.73996946960547,2640600
2021-12-28,51.46102523803711,52.244694696355644,51.424993589428475,52.01950204680239,3437200
2021-12-29,51.18178176879883,51.61415121532843,50.803459791648024,51.280867077909825,3476400
2021-12-30,53.32561492919922,54.04623065064107,51.13674231295491,51.33491292491397,4636900
2021-12-31,52.514923095703125,53.6589021221826,52.514923095703125,53.32561797625299,2469200
2022-01-03,52.460880279541016,52.677063295263935,51.74927069410498,52.343779141593636,3388700
2022-01-04,51.67720413208008,52.460876964006914,51.199796852711,52.460876964006914,4111100
2022-01-05,49.36222839355469,50.794453790827156,49.290168532068485,49.85765153833646,6705100
2022-01-06,50.73139572143555,51.56911258504668,49.803603179740854,50.3710861367676,3958200
2022-01-07,51.47903823852539,51.74926871593273,50.83048234381422,51.07369080433091,6232700
2022-01-10,52.37080001831055,52.451869506481835,51.35292831930814,52.019500048290624,5479500
2022-01-11,54.67677307128906,54.748832928481,52.965307651851845,53.14546244908212,4789900
2022-01-12,56.352210998535156,56.69450135872392,55.70365505515905,56.099992889351554,6737300
2022-01-13,53.63187789916992,55.30731162595613,53.54179878494295,55.12715683366905,5104600
2022-01-14,54.64974594116211,54.883948201224605,53.95615566278518,54.69478721621272,5770900
2022-01-18,51.83934783935547,52.36179644172043,51.001630898437284,51.506063676289614,6745000
2022-01-19,53.12126159667969,53.76683320485757,52.807698445169414,53.01981769543768,5555800
2022-01-20,55.7957763671875,57.179142723398755,55.638996535496524,56.32145530110117,5855700
2022-01-21,55.02108383178711,55.98021855697514,54.7167451028437,55.76810283241892,5418200
2022-01-24,54.59685516357422,54.73518967720109,53.03826027623587,54.08962157744445,7616400
2022-01-25,55.4268798828125,55.68511067379783,54.04351346126394,54.06195876905452,6320300
2022-01-26,54.80896759033203,56.48745158454037,54.4124023426593,56.42289477846175,5377600
2022-01-27,54.7720832824707,55.334652815656405,54.24640436216857,54.8366400959757,5798700
2022-01-28,54.50463104248047,54.57841226747099,53.3426048935393,54.45851953590262,6262200
2022-01-31,57.67715072631836,57.77859814701481,55.611322255822465,55.675879065705246,6697900
2022-02-01,57.87082290649414,57.89848910640012,57.133028258314674,57.83393229456457,5281300
2022-02-02,57.2898063659668,57.87082117316681,56.76412747500373,57.75092844702788,6016300
2022-02-03,56.8840217590332,57.50192367589813,56.450565865178326,56.598124794435805,7105200
2022-02-04,57.04079818725586,57.40047635411587,56.081666963209,56.31222799633143,4810800
2022-02-07,56.21078109741211,56.487453636094905,55.84188203378024,56.10011278555543,6642400
2022-02-08,56.77334976196289,56.94857487969854,55.80499061351039,55.84188122295437,5175900
2022-02-09,58.07371139526367,58.10137759214036,57.13302200255442,57.21602411126647,6214400
2022-02-10,56.56123733520508,57.81548646674791,56.34911807756586,56.358342489506185,5068000
2022-02-11,55.51909637451172,56.75490362817519,55.24242384388779,56.469006686283954,4203300
2022-02-14,55.46376037597656,55.74965731742875,54.901190904325354,55.47298478722972,4309500
2022-02-15,56.321449279785156,56.35833988967997,55.66665678552206,55.79577040207172,4995000
2022-02-16,56.266117095947266,56.920913151712064,55.86033091444321,55.9248877269988,6189000
2022-02-17,55.91566467285156,56.93013184646257,55.52832029439927,56.25689402861784,3098800
2022-02-18,54.50463104248047,55.31620692696399,54.25562820334357,55.23320480789088,2350500
2022-02-22,51.9592399597168,53.1489358584851,51.913128451921345,52.614032517426786,2746100
2022-02-23,51.47966766357422,52.56791603128243,51.21221601837358,52.36502119449819,3625900
2022-02-24,51.25833511352539,51.31366751480418,49.23861803286998,49.35851076577816,3429300
2022-02-25,50.25308609008789,50.67731756157454,49.45995554543232,49.99485533163673,3425000
2022-02-28,49.607513427734375,50.11474700411174,49.16483666009146,49.62595873281311,2954300
2022-03-01,50.326866149902344,50.72343144079515,49.85652315177125,50.07785979156854,3282200
2022-03-02,49.75507354736328,50.040966987756526,49.19250404221459,49.75507354736328,3849700
2022-03-03,48.14114761352539,49.284728443557995,47.975143377217044,49.01728030113446,3080600
2022-03-04,46.471885681152344,47.45868671506849,46.18599222453594,46.77622796242046,4110700
2022-03-07,45.05162811279297,46.75778200689829,44.92251448668301,46.48110944836518,3524700
2022-03-08,44.91328811645508,45.807862496037195,44.627391180582514,45.30062894755789,4997000
2022-03-09,46.803890228271484,46.803890228271484,45.669530355253684,45.946202894365946,2188200
2022-03-10,43.539154052734375,44.682738571933655,43.529933157374394,44.415286871416,5173000
2022-03-11,41.27964401245117,43.585254242590096,41.132085098445565,43.55758804561467,6244100
2022-03-14,37.59067153930664,38.87259391528326,37.00966023412734,38.18091077457063,9795600
2022-03-15,36.354862213134766,37.28633076217587,34.97149600682525,35.14672464453039,11952700
2022-03-16,48.510040283203125,48.83282784256295,43.44692193240722,43.52992404560464,10796100
2022-03-17,44.8026237487793,45.22685522530504,43.59448261197878,45.042405686529655,7013800
2022-03-18,47.680023193359375,48.14114526772826,44.083269606049164,44.33227594837823,7336100
2022-03-21,44.27694320678711,45.14385502031489,43.37314429840819,44.56284017989898,3723900
2022-03-22,46.674774169921875,47.02522791077759,45.81708688087728,45.97386668821045,4281100
2022-03-23,44.138607025146484,45.06085120530222,42.607681826811266,43.3546973611647,11072000
2022-03-24,42.616905212402344,43.336258107279285,42.25723052400515,43.21636537178603,5545900
2022-03-25,42.12811279296875,42.58001045354862,41.51020738688649,42.275671715333104,4759400
2022-03-28,43.732818603515625,43.88038105398215,42.8382441150983,42.93046712855742,5205200
2022-03-29,45.54042053222656,46.19521308356287,45.0792984225955,45.30063506509221,5332200
2022-03-30,44.57206726074219,45.39286409820351,44.35994798271532,44.86718514571518,2268900
2022-03-31,42.81057357788086,43.981824120441345,42.699905260229855,43.89882200268249,2832900
2022-04-01,45.31907653808594,46.48110612618579,44.84873357400508,45.65108499182875,2831900
2022-04-04,46.44422149658203,46.57333513008905,45.54964343859387,45.80787070560791,3843700
2022-04-05,44.83951187133789,46.259768779002584,44.77495505899699,46.18599107264831,3534900
2022-04-06,43.861934661865234,44.664286116961115,43.46536938125963,44.535172494081586,4618500
2022-04-07,43.317813873291016,43.99105175867226,43.05036219444455,43.76049069444242,2717800
2022-04-08,43.096473693847656,43.52992962028739,42.884357936974475,42.9673600608016,3005400
2022-04-11,43.317813873291016,44.24005813021042,43.197921134828356,43.8527137129013,5743800
2022-04-12,42.71834945678711,43.723595737723585,42.53389992010401,43.62214831664377,2895000
2022-04-13,44.28616714477539,44.47983758347907,43.363922939806514,43.60370488514214,2485900
2022-04-14,43.20713806152344,43.80659818070283,43.13336035714822,43.64059394825568,1954500
2022-04-18,42.773685455322266,43.059578895551674,42.25722745523469,42.68145892776254,2273500
2022-04-19,42.94891357421875,42.96735888101639,41.91600102012908,42.54312737891845,3828400
2022-04-20,41.362648010253906,42.884352238865894,41.270425004069864,42.74601421150765,3767500
2022-04-21,39.27838134765625,41.03986766162283,39.075486494104524,40.938420234846966,4728700
2022-04-22,39.342933654785156,40.440402880930435,39.06626112495918,39.794834817363856,3437700
2022-04-25,39.140045166015625,39.149269578750896,37.98723983989271,38.11635699160791,4554300
2022-04-26,38.3653564453125,39.167711414190315,38.328469351889176,39.06626399159089,3664700
2022-04-27,39.315269470214844,39.71183473990011,38.909479788816554,38.96481570484785,3816300
2022-04-28,39.89628219604492,39.905506608090626,38.82647907409967,39.69339086611071,3084500
2022-04-29,43.41002655029297,44.48905390323779,43.170244648572904,43.991041278801724,6244300
2022-05-02,43.56681823730469,43.77893398445211,42.257229623420955,42.93046747777994,4237100
2022-05-03,44.39683151245117,44.8856197717902,44.046377760694554,44.37838620782376,4263700
2022-05-04,44.17549514770508,44.240051955232055,42.50623200916513,42.97657496658771,6898400
2022-05-05,41.5009880065918,42.69990473427687,41.049086811452675,42.524679606980904,3567700
2022-05-06,40.05306625366211,41.08597878204321,39.93317352150282,40.94764426162784,3633400
2022-05-09,38.56825256347656,39.49972118528549,38.27313469785536,39.19537890744223,4917000
2022-05-10,39.61038589477539,40.025396454876606,38.76191946989267,39.67494270211534,4673900
2022-05-11,39.80405807495117,41.08597690315595,39.665720042779625,40.219068653383516,4737200
2022-05-12,40.63408279418945,41.08598050514724,39.56427960826481,40.38507642529976,4041900
2022-05-13,42.367897033691406,42.42323295187744,40.90152862354452,41.10442347214422,2269100
2022-05-16,41.63010025024414,41.96210870619732,41.049085452326075,41.049085452326075,2126200
2022-05-17,43.133358001708984,43.991045316488275,42.2664497936672,43.55758945342632,5949400
2022-05-18,40.12684631347656,41.639329859168186,39.93317586269112,41.408768793542855,6142200
2022-05-19,41.57698440551758,41.68818013634063,40.08514193030206,40.261200070070466,5243100
2022-05-20,41.00249099731445,41.89203571637705,40.196341316585,41.73451371882361,2918900
2022-05-23,40.437255859375,41.14148136960067,40.214871460688364,41.113680668712625,3095300
2022-05-24,38.95468521118164,40.27046971325306,38.398717090869944,39.9739547963148,3898000
2022-05-25,39.44578552246094,39.5199160155737,38.84348763749739,39.140006075211964,3782000
2022-05-26,40.79863739013672,41.00249272235796,39.46432025540586,39.5569798420137,3740400
2022-05-27,40.641109466552734,40.770834282803875,40.020279015547246,40.594779679996776,2118100
2022-05-31,42.197818756103516,42.89277623152787,42.07735847063707,42.58699324566763,2612600
2022-06-01,41.98469543457031,42.81864221564557,41.62331460789453,42.624054986868295,2018500
2022-06-02,43.37461471557617,43.50433954805357,42.346077065596,42.485066442648964,2389800
2022-06-03,42.61479187011719,43.078096831139504,42.41093655615174,42.62405641405364,1852700
2022-06-06,43.27268600463867,44.013973268529774,42.92057322876422,43.59699807798587,3576000
2022-06-07,44.31975555419922,44.44948038149219,43.1707576622367,43.30048248952967,2281000
2022-06-08,47.6740837097168,47.794543995659936,45.52434886000932,45.941324053861315,6693500
2022-06-09,45.57994079589844,46.942058512510165,45.5428790854138,46.61774645366753,4504800
2022-06-10,45.82086181640625,46.23783699249926,45.18149870148485,45.959851185279675,2480300
2022-06-13,43.29121780395508,44.42167953434252,42.84644545408742,44.273422084386645,2970400
2022-06-14,44.33828353881836,44.74599416843089,43.71745658516124,44.10663105735173,3266800
2022-06-15,45.116634368896484,45.33902229826003,44.291952130575716,44.551405303955896,2875400
2022-06-16,42.80010986328125,43.56919777434526,42.4016673248542,43.07809566012709,2716600
2022-06-17,43.30048370361328,44.644068874187454,43.068831209884515,44.393883756792,3264400
2022-06-21,44.644065856933594,45.11663535691776,44.34755096777955,44.81085592392478,3623500
2022-06-22,43.912044525146484,44.74599488568874,43.44873955478666,43.44873955478666,3540600
2022-06-23,44.47727584838867,45.051773005037525,44.02323543548573,44.23635882616054,2349200
2022-06-24,45.570674896240234,45.75599758209542,45.04250753913152,45.38535221038505,3029300
2022-06-27,43.75452423095703,44.986913661906925,43.63406394425961,44.78306187065346,6179300
2022-06-28,42.299747467041016,43.87498162261097,42.086624058724205,43.26341917046096,6372500
2022-06-29,42.99470520019531,43.17075982681507,42.559197371244224,42.7167193737877,3858000
2022-06-30,42.0588264465332,42.170018654459554,41.169281713649276,41.84570657520079,3544100
2022-07-01,41.9568977355957,42.30901050909732,41.26194026761793,41.966165814621164,3450400
2022-07-05,40.743038177490234,41.141480714759496,39.844225449035925,39.98321834705496,4468500
2022-07-06,40.668914794921875,40.91909993422654,40.177812596325786,40.75230984135676,3394300
2022-07-07,41.99396514892578,42.25341481924159,41.35460551790326,41.37313814217391,3151400
2022-07-08,41.36386489868164,41.8086372214406,41.07661809518893,41.428727308162976,2484000
2022-07-11,39.76083755493164,40.427997929611905,39.61258008664012,40.150015618407416,3010800
2022-07-12,39.88129425048828,40.15927653658571,39.64964175628433,39.84422900307888,1793400
2022-07-13,39.36239242553711,39.77936763301098,39.01954771483044,39.03808033902223,3934700
2022-07-14,38.55624008178711,39.28826278106884,38.31531951847941,39.2234003681944,3082900
2022-07-15,38.37091827392578,38.50064310267232,37.69449342779278,38.15779840745126,1968000
2022-07-18,39.149269104003906,39.603309519902375,39.07513861376076,39.2604613046323,3611900
2022-07-19,39.983219146728516,40.0758787241036,39.24192838878265,39.47358086695665,2865600
2022-07-20,39.61257553100586,39.93688760099086,39.334593251770656,39.80716277299686,2557800
2022-07-21,39.99248504638672,40.06661553858898,39.45505311686601,39.52918007433185,2060900
2022-07-22,38.7415657043457,39.37166079252171,38.639638037914786,39.08441041755608,2872900
2022-07-25,38.528446197509766,38.68596820370152,38.29679369329598,38.454315699487736,1896200
2022-07-26,38.08367156982422,38.75083193569128,37.991011978892374,38.68596951509163,3424400
2022-07-27,38.07440185546875,38.222659301673666,37.42577420279611,37.89834724270552,2885400
2022-07-28,37.675960540771484,38.16706268465693,37.203391020111056,37.86128323828523,2348500
2022-07-29,35.82274627685547,36.508439305225664,35.405771025463935,36.35091375037241,14785800
2022-08-01,34.58108139038086,35.554021084205786,33.88612396125787,34.8405310328045,14887700
2022-08-02,35.04438781738281,35.83200485629463,34.386495605140105,34.784938164044604,17385400
2022-08-03,36.34164810180664,36.41577506939504,35.35944015441782,35.60962529766036,14432900
2022-08-04,36.786415100097656,37.75935482420348,36.67522289770349,37.064397373451264,5435300
2022-08-05,35.67448425292969,35.95246654016105,35.11851967846697,35.813477163913646,3840200
2022-08-08,35.035125732421875,35.57255769987988,34.79420515049438,35.32237257314132,2976600
2022-08-09,34.97952651977539,35.3038385967926,34.83126906531945,35.062921558827895,3395000
2022-08-10,35.44282913208008,35.55402133178789,34.90539368647577,35.25750644274286,2628200
2022-08-11,36.165584564208984,36.95320512832588,35.822739878627196,35.84127250146086,3367000
2022-08-12,35.61888885498047,35.8134796508178,35.16485191241258,35.32237392337868,5965400
2022-08-15,35.4984245300293,35.702276292857626,35.118514633945885,35.21117420480094,3508100
2022-08-16,35.95246887207031,36.17485683712162,35.36870355670532,35.66522202168599,3868300
2022-08-17,37.07366180419922,37.75935470879634,35.73934477533826,35.76714194216775,15760800
2022-08-18,36.68449020385742,36.86054483213194,36.32311286781482,36.489902951332425,3028600
2022-08-19,36.675228118896484,36.9810076026962,36.5547678205575,36.7493550861334,2536700
2022-08-22,36.2026481628418,36.554760911189284,36.07292334364436,36.47136587960004,4049300
2022-08-23,36.86981201171875,37.045866635696186,36.50843468449653,36.74008717986837,2896200
2022-08-24,37.16632843017578,37.65743060916344,36.15632336800762,36.46210283623533,4805300
2022-08-25,39.19559860229492,39.19559860229492,38.092934078629824,38.20412627843342,5450100
2022-08-26,38.23192596435547,39.84422887407902,38.03733871819092,39.79789908233553,2968100
2022-08-29,37.75935363769531,38.63963375460111,37.72228839314983,38.00953873627294,2004000
2022-08-30,37.06439971923828,38.037339504920965,36.65669259483184,37.759357213974,4607800
2022-08-31,38.26898956298828,38.862019355124374,38.13926473780056,38.417247011022305,3986700
2022-09-01,38.157798767089844,38.41724842702824,37.72229095099052,38.268990973529654,3356000
2022-09-02,38.38018035888672,39.09367040600971,38.3616512714558,38.769358354924826,3404600
2022-09-06,36.38797378540039,36.971739053649046,36.23044825313294,36.87907593621628,3289700
2022-09-07,36.93467330932617,37.04586551401171,36.369440672175294,36.50843357908456,3022300
2022-09-08,35.73008346557617,35.933935265338924,35.46136571277903,35.58182600450476,3248000
2022-09-09,35.98026657104492,36.45283609703641,35.80420841578935,36.06365807439357,2545800
2022-09-12,36.59183120727539,36.67522625037869,35.92467086244899,35.971000656453775,2034200
2022-09-13,35.48916244506836,35.93393482280512,35.32237236157499,35.55402486256726,2523700
2022-09-14,35.46136474609375,35.65595199568235,35.41503495353503,35.48916191468167,1521500
2022-09-15,35.01659393310547,35.4891634938105,34.933198888894374,35.220445736381784,2759000
2022-09-16,34.2938346862793,34.69227727070298,34.219707724036354,34.4698928492375,1571700
2022-09-19,34.321632385253906,34.377226718384826,33.98805224752303,34.043650115390285,3181500
2022-09-20,34.49768829345703,34.81273582039558,34.19190884554588,34.6088804986305,4046800
2022-09-21,33.28382873535156,33.821264219624624,33.191169151384194,33.69153938817569,2705500
2022-09-22,33.07997512817383,33.53401201332654,33.00584463727914,33.2838269086615,2600300
2022-09-23,32.31088638305664,32.3757487935985,31.986574330347363,32.199694184232925,2081600
2022-09-26,33.35795974731445,33.96025765664672,33.04291220831146,33.052176752957166,2703700
2022-09-27,32.690799713134766,33.459887710849394,32.46841529228626,33.08924229645303,2252000
2022-09-28,33.16337203979492,33.28382879221096,32.42208476257999,32.53327697047809,2424800
2022-09-29,31.754924774169922,32.153367352557275,31.319416947854307,32.06070423273661,3375200
2022-09-30,31.337949752807617,31.801254750376906,31.18969229497491,31.198956839642186,2244300
2022-10-03,31.319414138793945,31.449138960171165,31.022899251435653,31.07849711834144,2339100
2022-10-04,32.718597412109375,32.8668548573055,31.829049206196323,31.968042107514826,3995900
2022-10-05,32.62593460083008,32.86685516070797,32.255292751786435,32.61667005686693,1896300
2022-10-06,32.570343017578125,33.08924235699853,32.570343017578125,32.7093323971786,2516900
2022-10-07,31.2823543548584,31.958782815379596,31.097035168962236,31.606669999650475,2221500
2022-10-10,30.72638702392578,31.08776435325553,30.457669279390526,30.985836689139635,2386600
2022-10-11,29.697851181030273,30.170424282569265,29.49399760775544,29.855376726455535,2705800
2022-10-12,29.80904197692871,30.10556042862383,29.58665755657816,29.88317247353665,1738200
2022-10-13,29.16041374206543,29.419865157661125,28.46545629739627,28.67857792362796,4376000
2022-10-14,28.734174728393555,29.642252054176268,28.697109482099624,29.475461980590012,2863100
2022-10-17,29.58665657043457,29.827573606907173,29.317938831292288,29.373536701895127,3684500
2022-10-18,29.56812286376953,30.133355489281815,29.271607967555934,30.031427830945322,2581600
2022-10-19,27.946556091308594,28.61371462241487,27.742702537534846,28.57665114325975,5691600
2022-10-20,27.548112869262695,28.428393012091554,27.464717833947617,27.52958024644419,4584400
2022-10-21,27.72416877746582,27.779764877602947,27.01994502871232,27.47398367579652,3293200
2022-10-24,23.795345306396484,24.165988956405958,22.93359771551925,24.1196591629179,11228100
2022-10-25,23.925071716308594,24.647828206910123,23.804613184892563,24.249385594169603,7933200
2022-10-26,25.815353393554688,26.306455528729003,24.749750552804553,24.749750552804553,7229500
2022-10-27,24.981403350830078,25.66709626766394,24.92580724881076,25.203791293643782,4591300
2022-10-28,23.934337615966797,23.980667411703635,23.396903855524727,23.832409944503645,5048700
2022-10-31,24.35131072998047,24.731220677572303,24.147455404777254,24.416173145320304,4446900
2022-11-01,26.334253311157227,27.038477044098247,26.269390901225627,26.825357192217812,4368800
2022-11-02,26.269392013549805,26.83462287215024,26.148931732260657,26.714164358229286,4006800
2022-11-03,26.621503829956055,26.853156320855156,25.630031451686833,25.731959113240276,3816000
2022-11-04,28.622982025146484,28.69711075365073,27.84462949216778,28.298669942545608,5699800
2022-11-07,28.72490882873535,29.37353650923474,28.613714855627254,29.216012744963074,4148000
2022-11-08,29.002891540527344,29.243810346360526,28.40986172147229,28.86390039760735,2784100
2022-11-09,27.177473068237305,27.835367131784466,27.13114327204978,27.650044412297493,3223600
2022-11-10,29.206745147705078,29.41059869416758,28.521054017929576,28.53958487315841,4266700
2022-11-11,30.948774337768555,31.245289244679444,30.485469353878226,30.578128936761686,4283700
2022-11-14,30.948774337768555,31.551068695984075,30.83757859662459,31.078499167700006,7116200
2022-11-15,34.284568786621094,34.83126880866208,33.71933614106761,34.1085141653571,8100900
2022-11-16,36.063655853271484,36.78641398374099,35.59108635638505,36.721551573084746,5236500
2022-11-17,36.24898147583008,36.258249555094814,34.06218135457916,34.12704730522261,6033300
2022-11-18,33.54328155517578,34.36796386130091,33.3764914781239,34.25677165484515,4215300
2022-11-21,33.35795974731445,33.80273211977692,32.95025262290801,33.38575691598817,4363800
2022-11-22,33.13557052612305,33.218965563690546,32.57034142120609,32.78346128727048,1810200
2022-11-23,33.626678466796875,33.886128141224496,33.30236283902564,33.4784210050187,2958300
2022-11-25,32.04217529296875,32.477679586579164,32.04217529296875,32.27382779149604,2807000
2022-11-28,32.718597412109375,33.07070663523997,32.05143714135866,32.06996976385022,4029300
2022-11-29,33.682273864746094,33.960259707214846,33.478422057602316,33.67300931954099,3301700
2022-11-30,35.01659393310547,35.35943865497919,34.48842649801412,34.52548821286825,5791300
2022-12-01,35.1092529296875,35.51696359883131,34.64594792183259,35.11852100929715,2054600
2022-12-02,36.40650939941406,36.823484625271696,34.86833687104563,35.01659433637981,5648700
2022-12-05,36.063655853271484,37.24971893684923,35.952463654251666,37.18485652619298,2958500
2022-12-06,36.90687561035156,37.21265505251745,36.29530965654698,37.01806781343585,2761800
2022-12-07,36.3138427734375,36.573295963811645,35.794943462162124,35.8876030435366,2112300
2022-12-08,37.87982177734375,37.972481373203394,37.38871602202403,37.66670187907697,2587500
2022-12-09,37.73155975341797,38.32458957878039,37.666697337189994,38.204129290898464,2504100
2022-12-12,37.48137664794922,37.85201854135687,37.01807163013709,37.79642420145095,2896200
2022-12-13,38.03733825683594,39.14000637453385,37.814953845269905,38.68596593758709,3218200
2022-12-14,38.68596649169922,38.86202111460539,38.23192604824909,38.537709036952826,2049700
2022-12-15,37.44430923461914,39.01954691110901,37.175591491478045,38.63963695984409,3313100
2022-12-16,37.351646423339844,37.99100598323558,37.26825139076768,37.99100598323558,2056400
2022-12-19,37.58330154418945,38.268990940502455,37.52770367364928,38.22266114908722,2545800
2022-12-20,36.564029693603516,37.055135396444605,36.452837483506336,36.4713701076453,1948300
2022-12-21,37.675960540771484,37.82421799183519,36.64742292756981,36.888343494758615,2408400
2022-12-22,37.54623794555664,38.0836699120939,37.34238261269596,37.953945076541345,2706600
2022-12-23,37.30531311035156,37.87981379477285,37.110725879210285,37.703755651109184,1836800
2022-12-27,38.76009750366211,39.075141506307716,37.06439952855706,37.184859816751114,4433500
2022-12-28,38.055870056152344,39.24192965145091,37.7778877803463,38.71376226699849,5272400
2022-12-29,40.11294937133789,40.41872884564692,39.62184364784646,39.90909403197402,4546700
2022-12-30,39.251197814941406,39.770097121634905,38.95468291547757,38.95468291547757,1505500
2023-01-03,41.30827331542969,41.512125101044575,40.72450805652859,40.72450805652859,3207300
2023-01-04,44.89478302001953,44.94359156137801,42.91312347095899,43.245026765590836,4527100
2023-01-05,43.99668884277344,44.2114508866573,43.00097899002036,43.235265194607564,3052700
2023-01-06,44.523826599121094,44.562874917536185,43.586689300274514,43.92835277677506,2483900
2023-01-09,45.26572799682617,45.763584768622096,45.060729902017385,45.480490033589334,4229200
2023-01-10,45.82215118408203,45.91977197937498,45.01191906433976,45.46096355112957,2514800
2023-01-11,47.32548141479492,47.56952783528614,46.78858003448481,46.78858003448481,4435700
2023-01-12,45.36334991455078,45.763585895925836,45.02168269093368,45.705013414315026,5857400
2023-01-13,46.66167068481445,46.71047921978201,46.134529569918804,46.27119868122149,3980000
2023-01-17,46.632389068603516,46.92524401959437,46.378578713586094,46.632389068603516,3051300
2023-01-18,46.75929260253906,47.71595406153767,46.68119596563178,47.67690574308403,3490400
2023-01-19,48.02833557128906,48.09666827008524,47.34500485947454,47.364529019680994,3859800
2023-01-20,49.21928024291992,49.25832856388013,48.45785660346025,48.487140982253976,2899200
2023-01-23,49.951419830322266,50.019756254376034,49.297377207298574,49.355949689122,2852200
2023-01-24,49.67809295654297,49.88309107335064,49.21928445562308,49.29738110422781,2623200
2023-01-25,49.883087158203125,49.94165964005953,48.96547395223674,48.96547395223674,3088400
2023-01-26,51.09355926513672,51.10331948356085,50.46880101811106,50.6933232803951,2491600
2023-01-27,51.298553466796875,51.62069650809612,50.908081454017534,51.40593448056329,2404100
2023-01-30,47.842857360839844,48.26261749081731,47.50119387078969,48.16500041476092,3932000
2023-01-31,47.589054107666016,47.81357637761931,47.305959353608515,47.73548345600004,4471400
2023-02-01,48.125953674316406,48.29190717768227,47.110719665057225,47.85262287330542,4646200
2023-02-02,47.1400032043457,48.13571295658869,46.9545255583131,48.12594901529618,4588100
2023-02-03,47.1009635925293,47.950244173176834,47.01310672392071,47.57929626025454,3724400
2023-02-06,46.720245361328125,46.8764349148914,45.997866348690046,46.74952973891727,3606100
2023-02-07,47.13024139404297,47.227862192119446,46.38834194792519,47.159529495392256,4123500
2023-02-08,47.08143615722656,47.57929295268343,46.817865569723445,47.569529010265015,3208700
2023-02-09,49.03380584716797,49.43404182364791,48.77999921099771,49.199759347775796,3487300
2023-02-10,47.432861328125,48.204048892595594,47.18881491333198,47.68666796101452,2548800
2023-02-13,48.438331604003906,48.67261780185431,47.852621695157076,47.950238772013954,2862300
2023-02-14,47.28643035888672,47.374287214136295,46.57381529913022,46.89595834299621,2715500
2023-02-15,47.29619598388672,47.29619598388672,46.60310505883383,46.79833921180163,2103700
2023-02-16,47.608577728271484,47.92095685890643,47.07167633023349,47.24739005669726,3729300
2023-02-17,46.07596206665039,46.35905679053064,45.8221517197741,46.27119993566617,2857400
2023-02-21,44.514068603515625,45.13883061005127,44.41645151829139,44.74835482144813,4717500
2023-02-22,43.713592529296875,44.51406447013726,43.53787881312677,44.309066375889714,4041000
2023-02-23,43.489070892333984,44.80692378231551,43.06931075595315,44.660494442144405,4034200
2023-02-24,42.56169128417969,43.05954803271599,42.31764488066065,42.952167019351194,4360100
2023-02-27,43.54764175415039,43.674546929323725,43.18645411203686,43.66478298762049,3542700
2023-02-28,42.913124084472656,43.31336008749899,42.78622261989696,42.98145678812205,3777700
2023-03-01,45.441444396972656,45.73429936740126,45.158349645222046,45.39263585587672,3466400
2023-03-02,46.115013122558594,46.241914579676845,44.74835168217731,44.82644460010755,4220300
2023-03-03,45.99787139892578,46.163824912474404,45.578111229415455,45.6952562003391,2861700
2023-03-06,45.04120635986328,45.539063138489105,44.91430117968475,45.14858737971798,3447500
2023-03-07,43.723358154296875,44.2212112200412,43.65502545358398,44.172402680082406,2058300
2023-03-08,43.42074203491211,43.635504093136625,43.176695595603576,43.30360078672289,2289200
2023-03-09,41.23408508300781,42.26883952860521,41.07789552194483,42.21027077061464,3771100
2023-03-10,41.53669738769531,41.84907648819813,41.04860457767809,41.38050783744391,2637200
2023-03-13,42.56169128417969,42.83502578834078,41.97598140527503,41.98574162292065,3138800
2023-03-14,43.332881927490234,43.36216630638445,42.425028943241045,42.49336164322945,2513100
2023-03-15,42.122413635253906,42.19074633503281,41.59527247365703,41.97598429352605,4994600
2023-03-16,42.25907897949219,42.28836335825828,41.31217767829138,41.31217767829138,4762800
2023-03-17,41.90765380859375,42.220032945193296,41.45860926521353,41.78074862064611,4950800
2023-03-20,42.00526809692383,42.40550407179747,41.360985705082044,41.37074964711834,4772300
2023-03-21,42.92288589477539,43.176692535170666,42.571458451264334,42.76669633364302,3920300
2023-03-22,43.73311996459961,44.55311612685442,43.53788207380503,43.586694339393446,6725800
2023-03-23,46.73977279663086,47.31572251398163,46.26144016065359,46.60310739316677,5021600
2023-03-24,46.710479736328125,46.98381423810363,46.0857215445885,46.22238693354998,4918800
2023-03-27,45.09001541137695,45.35358599296608,44.816684611441346,45.26572913243637,4149100
2023-03-28,48.71166229248047,48.75070688584191,47.74523692262445,47.83309377442954,6448300
2023-03-29,48.11619567871094,48.399290435037535,47.59881470794262,47.92095778731835,4083400
2023-03-30,48.73118591308594,48.984996267717094,48.32118972709325,48.61404467763842,5117700
2023-03-31,47.72571563720703,48.272380939554964,47.58905024258323,48.0478586878369,3094200
2023-04-03,48.25285720825195,48.5847604797939,48.04785911449589,48.11619181241458,3890700
2023-04-04,48.29190444946289,48.369997363688704,47.73547893663807,47.91119264846198,1858100
2023-04-05,47.28643035888672,48.20404723012733,47.00333935761821,47.97952498312344,2905300
2023-04-06,48.11619567871094,48.43833503423361,47.38405637887852,47.74524405745033,2109300
2023-04-10,47.81357192993164,48.15523913631098,46.95452752891114,47.842856307333165,1744500
2023-04-11,46.28096008300781,46.90571828382619,46.24191176449351,46.85690974760962,3235400
2023-04-12,43.77216339111328,44.79715754831125,43.37192743548921,44.76787317131642,5731200
2023-04-13,45.64643859863281,45.79286793324593,45.002156229269886,45.002156229269886,3303500
2023-04-14,44.78739929199219,45.470730001333784,44.76787513185639,45.34382482237753,3393200
2023-04-17,46.08572006225586,46.16381669563764,45.6659599674599,46.06619590391042,3831500
2023-04-18,45.392635345458984,45.949060900172505,45.33406286249068,45.90025235962539,2757900
2023-04-19,44.494544982910156,44.5531137403141,44.182162140060164,44.46525688035535,2541600
2023-04-20,44.09430694580078,44.64097228662297,43.879548620785584,44.51406710103241,2752600
2023-04-21,43.04978561401367,43.40121304332851,42.94240832070322,43.391452825337645,4801100
2023-04-24,42.3469352722168,42.64955044568584,42.0540803169214,42.5226489901646,4359300
2023-04-25,41.36098861694336,41.93693835048981,41.12670612551775,41.927178131619186,3656600
2023-04-26,42.942413330078125,43.56717162225009,42.76669959492311,43.479314754672586,2868900
2023-04-27,43.225502014160156,43.371931360089526,42.51288689326667,42.63002813569839,2163400
2023-04-28,43.3036003112793,43.38169323459699,42.69836619111806,42.69836619111806,2618700
2023-05-01,43.0302619934082,43.655020166462364,42.51288110571762,42.63002233220216,2798400
2023-05-02,42.25907897949219,43.04002677869514,41.87836716012155,43.04002677869514,2406200
2023-05-03,41.87836837768555,42.288364587742436,41.76122341150962,42.20050772503697,4781700
2023-05-04,42.0247917175293,42.17122105537109,41.644079907763924,41.71241260572936,2349700
2023-05-05,42.85455322265625,42.93264614134727,42.22979125386371,42.26883957513566,1682100
2023-05-08,42.20050811767578,42.503127030666434,42.03455833316196,42.34693746483161,1983400
2023-05-09,40.86313247680664,40.941225393496346,40.48242066379399,40.61908606089055,3302200
2023-05-10,41.22431945800781,41.39027295453029,40.84360765119817,41.19503508020791,3251000
2023-05-11,41.53669738769531,41.57574570622132,40.706941100207075,40.77527379570128,5160200
2023-05-12,40.28718185424805,40.853367589671244,40.10170792302975,40.843607371755624,4823600
2023-05-15,43.274314880371094,43.46954904585409,42.34693769891482,42.40550645901852,6503500
2023-05-16,42.83502960205078,42.913122521726336,42.5128865332752,42.57145901592156,5143800
2023-05-17,43.586692810058594,43.733118430127085,42.66907587267658,42.75693273425884,5113300
2023-05-18,41.87247085571289,42.560516926018856,41.43015900652639,42.560516926018856,5663600
2023-05-19,41.754520416259766,42.029737338874256,41.65622972948298,41.823324646913385,3282000
2023-05-22,42.766929626464844,43.29770834500033,42.67846650670893,42.84556517715874,1813200
2023-05-23,41.42033004760742,42.000254143532594,41.34169824199111,41.90196344912479,2834100
2023-05-24,40.9780158996582,41.53828112697205,40.83057985273601,41.50879466749757,3566000
2023-05-25,39.72970199584961,40.58484676138874,39.65107019243253,40.58484676138874,2856100
2023-05-26,40.5455322265625,40.643822926079686,40.01475345025008,40.211338598834296,3131100
2023-05-30,38.8647346496582,39.61175367891104,38.72712617712871,39.41516853977619,4169500
2023-05-31,38.85490417480469,38.95319862128298,38.216007145669636,38.7762723671718,3954900
2023-06-01,40.5848503112793,40.71262747170221,39.40534316045712,39.41517073066278,5536900
2023-06-02,42.06905746459961,42.46222773277933,41.990425660693404,42.029739687871725,3540000
2023-06-05,42.19683837890625,42.34427816691245,41.9019625524434,42.15752060216465,3186200
2023-06-06,42.432735443115234,42.60966168015868,41.33186399560554,41.53827668897309,4017800
2023-06-07,41.71520233154297,42.531029274011516,41.6758883068542,42.157517917848246,3471700
2023-06-08,42.06905746459961,42.30496037541736,41.803668096010725,41.892131218873686,2503200
2023-06-09,41.90196228027344,42.29512879648694,41.85281693444044,42.196838104820955,2234200
2023-06-12,42.19683837890625,42.41308240143547,42.09854768660182,42.265642613429264,2294000
2023-06-13,43.219078063964844,43.57293055543426,43.07163827600273,43.15027382946241,3812100
2023-06-14,44.3592643737793,44.45755505947675,43.47463320430491,43.49429209135426,4563000
2023-06-15,44.86055374145508,44.89987151631747,44.48704237936115,44.67379993518281,4551900
2023-06-16,45.027652740478516,45.66654971371146,44.703286719806094,45.469964587505395,3508000
2023-06-20,42.94385528564453,43.74002335268855,42.91436882930751,43.592583571904676,2565700
2023-06-21,42.66864013671875,42.87505283876667,42.39342320065486,42.6293223602669,2614500
2023-06-22,42.59983825683594,42.64898360534183,42.22632685900159,42.42291200257492,2022600
2023-06-23,41.71520233154297,42.08871368770624,41.577593871258955,42.08871368770624,2462300
2023-06-26,41.68571472167969,42.01008072584078,41.61691049344235,41.65622826659203,1456300
2023-06-27,42.825904846191406,42.92419553169681,42.452393492082145,42.629319725631305,3410900
2023-06-28,42.01991271972656,42.09854827430753,41.70537800050194,42.09854827430753,2971900
2023-06-29,41.479305267333984,41.70537685622708,41.28272013582492,41.685717968121224,2461000
2023-06-30,41.76435089111328,42.01008135264136,41.48913022450833,41.53827556690409,1821000
2023-07-03,42.295127868652344,42.737443470545244,42.177178291330726,42.265641411709304,1203700
2023-07-05,41.744693756103516,42.128032692246634,41.666058205330856,42.000251797015785,2359000
2023-07-06,40.48655319213867,40.860064577675374,40.33911715147523,40.516043399911055,2109200
2023-07-07,42.1476936340332,42.432738145602315,41.14511281011704,41.16477169876829,3959400
2023-07-10,41.68571472167969,41.86264095130406,41.24339914761875,41.29254448928125,1589500
2023-07-11,42.32461929321289,42.354105751004525,41.58742785202545,41.83315833242126,3823900
2023-07-12,44.04473114013672,44.28063029345022,43.24856306121742,43.24856306121742,3929800
2023-07-13,44.59516525268555,44.752432605644046,44.13319451249152,44.14302208162354,2214900
2023-07-14,43.89729309082031,44.47721717748106,43.779343509505296,44.42807183106226,3140300
2023-07-17,43.710540771484375,43.94643994219282,43.150275554114685,43.69088188233372,1108700
2023-07-18,41.94127655029297,42.40325105280962,41.734863846868336,42.18700703043169,5084500
2023-07-19,41.970767974853516,42.62932388094115,41.96093665561508,42.03957221132387,1997900
2023-07-20,41.754520416259766,41.9412742209554,41.53827640589161,41.57759418042206,2230000
2023-07-21,41.43998718261719,42.00025236603989,41.312206285655144,41.842985011913335,1989000
2023-07-24,42.38359069824219,42.95368719222599,40.89938029935064,40.94852564376834,4373500
2023-07-25,42.83573913574219,44.01524244181961,42.82590781678012,43.54344036947873,3717200
2023-07-26,43.3370246887207,43.553268696435914,42.70795530214841,42.70795530214841,2415500
2023-07-27,42.6588134765625,43.46480916325588,42.50154611695281,43.44515027461097,3418900
2023-07-28,45.17509078979492,45.214408566701344,44.33960865305614,44.4280717763208,3301300
2023-07-31,45.155433654785156,45.361850116784495,44.56568197648633,44.91953448328552,1950700
2023-08-01,44.329776763916016,44.65414279489786,44.241313641789105,44.65414279489786,1986300
2023-08-02,42.639156341552734,43.39600671253588,42.57035210324061,43.39600671253588,2794700
2023-08-03,43.84814453125,43.916948761104315,43.26822048708556,43.26822048708556,1843700
2023-08-04,42.757102966308594,43.41565884439671,42.63915338730988,43.20924614376158,1764400
2023-08-07,42.30495834350586,42.86522351154516,42.04939655659883,42.81607816777054,1031100
2023-08-08,41.76435089111328,41.8331551203772,41.282717536716575,41.675887774981206,1861700
2023-08-09,42.02973937988281,42.30496006541166,41.58742751835878,42.0493982681027,1375600
2023-08-10,42.68830108642578,43.47463790568852,42.4523981658721,42.825909561103046,2279900
2023-08-11,41.41050338745117,42.08871819267922,41.15494157709876,42.06905930345597,2566200
2023-08-14,41.51862335205078,41.842985634333836,41.017331075500316,41.74469494262371,1946900
2023-08-15,41.12545394897461,41.577597139607,40.91904124232282,41.5284517927208,2134200
2023-08-16,39.91646194458008,40.447240710172885,39.50363276593575,40.270314454975285,4686400
2023-08-17,41.39084243774414,41.86264450696589,41.282720427173615,41.66605937406945,2776700
2023-08-18,40.38826370239258,40.54553106685171,40.07372897347431,40.45706793999659,2064900
2023-08-21,40.08355712890625,40.18185157659777,39.6510728077129,39.95577997123195,2647700
2023-08-22,39.739532470703125,40.08355363375148,39.592092686796995,40.08355363375148,2554500
2023-08-23,40.201507568359375,40.28997069013032,39.660897518898324,39.660897518898324,1583100
2023-08-24,40.28997039794922,40.781431348768294,39.96560437062488,40.62416399448817,1640300
2023-08-25,40.05406951904297,40.230995770256705,39.64124409924404,40.11304618596411,1462500
2023-08-28,41.017333984375,41.25323691057847,40.6831403594908,40.751944598477266,3008300
2023-08-29,41.61691665649414,41.6562344354664,41.02716497010935,41.20408747638496,2932100
2023-08-30,41.33186721801758,41.37118499588137,40.86006513230111,40.93870068802869,2590500
2023-08-31,40.702796936035156,41.08613588847493,40.53570200786381,40.77160117111155,2083200
2023-09-01,41.52845001220703,42.10837407951924,41.29254710789806,41.33186488354113,3812600
2023-09-05,41.06647872924805,41.33186811123945,40.9288702533006,41.20408720519549,1269100
2023-09-06,40.909210205078125,41.44981652365026,40.80108819145377,40.98784576027753,2315700
2023-09-07,39.68055725097656,40.16219064631757,39.48397211513228,39.99509196850757,3834300
2023-09-08,39.601924896240234,39.759192252821066,39.31687664070325,39.592093577332314,2073700
2023-09-11,40.49638366699219,40.61433324697389,40.26048075747923,40.27031207638161,1954400
2023-09-12,40.60450744628906,40.820747727416354,40.36860452650055,40.36860452650055,2037500
2023-09-13,40.06389617919922,40.4079211041044,40.03440972118291,40.388262215577,2680400
2023-09-14,40.17201614379883,40.2997970379393,40.00492122415694,40.260479262888474,1995400
2023-09-15,39.70021438598633,39.82799528107356,39.50362925882507,39.74935973038929,2861600
2023-09-18,39.30704879760742,39.31687636689736,38.93353742224803,39.17926789954114,1401600
2023-09-19,38.94336700439453,39.218587702881756,38.90405297565325,39.12029325715427,2237700
2023-09-20,38.70746612548828,39.169436876595476,38.687807237210386,38.864733482161924,1625700
2023-09-21,37.64590835571289,37.81300702996835,37.55744523394224,37.80317571113299,3537600
2023-09-22,39.10063171386719,39.434825307556196,39.021999912172426,39.375852393672496,3037100
2023-09-25,38.24549102783203,38.31429526095589,37.989932983307625,38.06856478564225,1585300
2023-09-26,37.58693313598633,37.930954283137446,37.56727424907065,37.7048827079311,1230700
2023-09-27,37.87198257446289,37.92113167295337,37.478816033387474,37.79335076606772,1937600
2023-09-28,37.56727600097656,37.62624891492444,37.242909976065405,37.35103198436912,1685100
2023-09-29,38.009586334228516,38.383097689013745,37.90146807979663,38.35361123321862,1285500
2023-10-02,37.79335021972656,38.06856716945579,37.645910425486065,38.039080710427584,925100
2023-10-03,37.37069320678711,37.53778813947729,37.24291230266834,37.47881522184532,2527600
2023-10-04,37.282230377197266,37.439497741382354,37.046327456144766,37.33137572546453,1835900
2023-10-05,37.734371185302734,37.78351653045044,37.410008907688265,37.547617373921646,1673200
2023-10-06,38.6386604309082,38.71729223149829,37.97027325292014,38.03907748451749,2911100
2023-10-09,38.64848709106445,38.727122639354796,38.20617150580457,38.33395239700172,1990700
2023-10-10,39.366024017333984,39.53312270144271,38.82541768554645,38.82541768554645,2654700
2023-10-11,39.474143981933594,39.857482929103455,39.30704905605937,39.56260710432276,1637000
2023-10-12,38.795928955078125,39.61175218992941,38.73695229068967,39.60192462063943,3867100
2023-10-13,38.333953857421875,38.628829675646,38.029246720512255,38.4322445469801,1659600
2023-10-16,38.4912223815918,38.609171962560325,37.82283517352083,37.84249406194051,2249200
2023-10-17,38.03907775878906,38.13736844762273,37.66556639203217,37.70488416738541,1918500
2023-10-18,37.252742767333984,37.64590929087613,36.91854916007087,37.547618597378,3349200
2023-10-19,36.584354400634766,36.85957133340166,36.505718848673084,36.545036624653925,2764700
2023-10-20,35.79801559448242,36.25999011051913,35.79801559448242,36.122381637542155,1415500
2023-10-23,36.122379302978516,36.19118353502024,35.53262767132109,35.72920904884061,1148300
2023-10-24,36.84974670410156,36.908719623228265,35.77836159521889,35.78818916522341,2624600
2023-10-25,36.24032974243164,36.3975970979221,36.00443058397071,36.12238016320118,1382100
2023-10-26,36.328792572021484,36.39759680514827,36.004430294359416,36.05357563951434,1715400
2023-10-27,36.25999069213867,36.849746120920834,36.22067291364325,36.50572118341047,938000
2023-10-30,36.90871810913086,37.2330841492205,36.6728189432017,36.957863456236964,2169900
2023-10-31,36.3779411315918,36.43691780071867,35.984774586062095,36.368113561512224,2403900
2023-11-01,36.318965911865234,36.33862480032916,35.96511341861379,35.96511341861379,1890800
2023-11-02,36.64332580566406,36.83008335910549,36.39759534023005,36.56469400649083,1502500
2023-11-03,38.4912223815918,38.658321058384324,38.176687665976,38.19634655439568,2470400
2023-11-06,38.97285842895508,39.31687962586143,38.91388175967835,39.16943982744452,1743700
2023-11-07,38.9237060546875,38.99251028827948,38.4912217650308,38.71729335391154,1447400
2023-11-08,38.95319747924805,39.189096644780335,38.62883143970411,38.697635675446826,1416600
2023-11-09,38.46173858642578,39.149784730549555,38.4027619170838,38.75661443403602,2784400
2023-11-10,38.40275955200195,38.44207732914184,38.03907948733202,38.216005734911896,1450600
2023-11-13,39.17926788330078,39.454484817899136,38.93353740610953,38.96302386351664,5403800
2023-11-14,39.98526382446289,40.1032134044548,39.434826201918085,39.67072911145144,5731300
2023-11-15,42.06905746459961,42.35410572155243,41.58742782310648,41.60708671147043,5489600
2023-11-16,40.39809036254883,40.8797237644811,40.16219119594703,40.476725917782524,3167400
2023-11-17,40.25065231323242,40.37843320933904,40.0638947536421,40.1425303049537,3093100
2023-11-20,41.46947479248047,41.58742812351617,41.07630827101024,41.1745989639904,2792600
2023-11-21,40.653648376464844,40.968183068969275,40.51603991718782,40.928865295018895,1783600
2023-11-22,40.61433410644531,40.98784549209935,40.466894316185936,40.958355284317705,1827300
2023-11-24,40.94852828979492,40.98784606768951,40.31945884168021,40.31945884168021,1063700
2023-11-27,40.64381790161133,40.72245345114387,40.49638187056188,40.62416276377757,2628400
2023-11-28,40.55535888671875,40.56519020617978,40.18185123729429,40.39809152129009,2046000
2023-11-29,39.965606689453125,40.299800305382185,39.90663002209516,40.02458335681109,2447600
2023-11-30,40.909210205078125,41.213917357151345,40.65365214977936,40.97801444110278,2281400
2023-12-01,40.339115142822266,40.35877403050842,39.72970087319987,39.87714065607129,2123000
2023-12-04,39.995094299316406,40.280142575424996,39.827999361318156,39.985266729248785,2332200
2023-12-05,38.97285842895508,39.06132155809526,38.59934702263544,38.8843952998149,5369400
2023-12-06,39.002342224121094,39.3660222859392,38.94336555887374,39.100632916650454,1067600
2023-12-07,38.87456130981445,38.92370665606096,38.63866214801142,38.687807494257925,2156500
2023-12-08,38.25531768798828,38.471561700981546,38.19634477502605,38.41258878801931,2070700
2023-12-11,38.94336700439453,39.04166145012201,38.62883227716603,38.72712672289351,1539200
2023-12-12,39.09080505371094,39.13995039960662,38.766439021610275,38.99251061237003,1048100
2023-12-13,39.04166030883789,39.04166030883789,38.27497865277442,38.53054045464545,1749700
2023-12-14,39.35619354248047,39.434825344248395,38.45190345007785,38.4813936565966,2691900
2023-12-15,39.395511627197266,39.76901925023663,39.297217187279415,39.55277898151634,2376400
2023-12-18,38.9237060546875,39.10063229808104,38.628830232214774,38.95319626161943,2032200
2023-12-19,39.67072677612305,39.84765301047042,39.41516499337714,39.47414165467604,2084700
2023-12-20,38.77627182006836,39.46431793750963,38.75661293105007,39.45448661822564,1369600
2023-12-21,39.759193420410156,39.80833876774435,39.21858710063467,39.26773244796887,1628800
2023-12-22,35.847164154052734,36.04374554132939,34.5103897230936,34.72663374855746,16675800
2023-12-26,37.08564376831055,37.459155149563635,36.82025439870043,36.8792310640192,8162200
2023-12-27,35.994598388671875,36.122379283630664,35.699722573001104,36.08306150832805,5344300
2023-12-28,36.76128005981445,36.98735164379362,36.56469493257839,36.61384027700005,4494400
2023-12-29,37.14461898803711,37.22325078918571,36.761280052257774,36.761280052257774,2173500
2024-01-02,36.76128005981445,37.075814763572374,36.721962284457355,36.948033868436525,2813700
2024-01-03,38.08822250366211,38.127540278396445,37.429666649834104,37.46898067501907,3182800
2024-01-04,37.17410659790039,37.46898242306608,37.11512993304743,37.390350619478355,3255600
2024-01-05,36.721961975097656,36.94803355717231,36.63349885606414,36.74162086261059,2920000
2024-01-08,36.6236686706543,36.653158877610814,36.02408945593133,36.171525492515855,3054400
2024-01-09,35.6407470703125,35.699723735186375,35.424506798207375,35.49331103245213,4345100
2024-01-10,35.21809387207031,35.34587102082885,35.08048165490419,35.27706678702055,3246200
2024-01-11,36.16169738769531,36.1715249568356,35.73904067322319,36.01425760374477,2746800
2024-01-12,36.29930877685547,36.71213420589082,36.24033210861481,36.250163428096464,1558600
2024-01-16,35.070655822753906,35.53263034367796,35.01167915533284,35.5129714545376,3424500
2024-01-17,34.6381721496582,34.69714506861806,34.303978527203135,34.40226922516943,3502600
2024-01-18,34.8838996887207,34.98219037835969,34.638169215073766,34.8838996887207,4062200
2024-01-19,34.608680725097656,34.80526586367552,33.87148926759291,34.117219753427825,5288200
2024-01-22,33.537296295166016,33.58644164335842,32.908226839383964,32.96720350694468,4511300
2024-01-23,35.40484619140625,35.699722002363615,34.795435682154434,34.80526325104829,6449000
2024-01-24,35.778358459472656,36.309133432842884,35.758699571636804,36.25016051888478,8089700
2024-01-25,36.36811065673828,36.7023042559984,36.09289372189449,36.4270873211546,5157100
2024-01-26,35.9257926940918,36.043742265648376,35.581771548072915,35.758697780182416,3940000
2024-01-29,35.1099739074707,35.483481555748234,34.7757802882673,35.483481555748234,4463000
2024-01-30,34.303977966308594,34.441586441031305,34.15653817222013,34.20568352039971,4044800
2024-01-31,34.24500274658203,34.59885526771483,33.91080911546215,34.00909981597687,3748800
2024-02-01,34.28432083129883,34.40227042287471,34.08773567897242,34.32363486212418,4963600
2024-02-02,34.68731689453125,34.81509404975211,34.4907317524726,34.74628981246404,4409100
2024-02-05,35.43433380126953,35.52279692239176,34.765946608245876,34.982190626444556,4001900
2024-02-06,37.10530090332031,37.10530090332031,36.201014575129065,36.33862303815387,3979100
2024-02-07,36.63349914550781,36.8988885047052,36.3975962430381,36.63349914550781,2330100
2024-02-08,35.61125946044922,36.11255172178402,35.591600572793986,35.98477082679974,3867900
2024-02-09,36.42708969116211,36.436917261096134,35.68006689148422,35.699725780902035,2060400
2024-02-12,36.84974670410156,37.33137637486867,36.37794085378919,36.41725863290685,2181600
2024-02-13,36.16169738769531,36.7612803430883,35.98477114677445,36.250160508155744,2569200
2024-02-14,36.60401153564453,36.64332556019312,36.25015906786209,36.35828107185665,2753600
2024-02-15,36.00442886352539,36.11255086829909,35.83733019717986,35.95528352032353,2101000
2024-02-16,36.27964782714844,36.6924769822893,36.25998893885129,36.66298677506881,2314400
2024-02-20,35.375362396240234,35.74887003509315,32.4364241353839,35.670238229379244,3671500
2024-02-21,36.112552642822266,36.41725603537612,35.9749404257259,36.10272132396919,1974700
2024-02-22,36.30913543701172,36.505720576671784,36.07323626905937,36.407429881616586,3543900
2024-02-23,36.318965911865234,36.554865074333144,36.10272188831166,36.42708792364202,1665400
2024-02-26,35.9061393737793,36.21084654288434,35.8864804838806,36.00443382327279,2692700
2024-02-27,35.79801559448242,35.88647871990329,35.72921135799393,35.807846913723445,1958500
2024-02-28,34.382606506347656,34.88389875897437,34.32362984440647,34.88389875897437,3087100
2024-02-29,34.34328842163086,34.6971408909843,34.26465662263528,34.6479955479184,5149600
2024-03-01,34.66765594482422,34.82492329921367,34.43175303846529,34.5497063664195,2146400
2024-03-04,34.136878967285156,34.54970813718451,34.02875695256033,34.53004924818457,1631700
2024-03-05,33.47832107543945,33.753538006034844,33.439003299768835,33.714220230364226,3115200
2024-03-06,34.382606506347656,34.63816829187679,34.32362984440647,34.4317518498573,4304200
2024-03-07,34.0385856628418,34.12704878178615,33.88131831244621,33.969781431390565,1908100
2024-03-08,33.920631408691406,34.09755764173355,33.79285426781042,33.881317384331496,2277500
2024-03-11,35.00185012817383,35.30655352328818,34.83475145221312,34.88390054779245,2476100
2024-03-12,36.348453521728516,36.36811241081546,36.07323657361068,36.28947685446768,2302100
2024-03-13,36.40742874145508,36.8693994932067,36.34845207653911,36.36811096484443,3836400
2024-03-14,35.93562316894531,36.24032653411139,35.778355827377574,36.19118119291194,2377000
2024-03-15,35.522796630859375,35.729209328600746,35.463823716961535,35.59160086343984,1071700
2024-03-18,36.220672607421875,36.41725774868726,36.12238191156403,36.29930816374791,2485900
2024-03-19,35.94545364379883,35.99459898897201,35.62109136601625,35.94545364379883,1842700
2024-03-20,36.57452392578125,36.810426837559994,36.289475667667226,36.45657434466667,2529900
2024-03-21,36.21084213256836,36.45657260204845,36.11255144459608,36.41725482703978,3420800
2024-03-22,36.27964782714844,36.3681109497108,36.01425845946136,36.24033005055416,2444400
2024-03-25,36.318965911865234,36.36811125825025,36.13220834623276,36.21084390008845,1818400
2024-03-26,37.40018081665039,37.645911313145525,37.351035467261326,37.459157485647154,1871100
2024-03-27,38.24549102783203,38.2553185970428,37.83266562908888,37.911297431423506,3088800
2024-03-28,38.363441467285156,38.4617359093468,38.09805209804308,38.18651522112377,1469500
2024-04-01,38.75661087036133,38.87456044864998,38.52070796423454,38.64848886128445,2339800
2024-04-02,38.77627182006836,38.99251210017013,38.65832223550833,38.727126472297485,1241800
2024-04-03,38.805755615234375,38.88439116591006,38.61900180670378,38.75661027083679,1239600
2024-04-04,38.72712326049805,39.149779965464326,38.60916993617069,39.1006308722199,1315800
2024-04-05,38.74678039550781,39.100632887630184,38.65832102202679,38.72712525665619,2597100
2024-04-08,38.85490417480469,39.20875668302705,38.46173763754075,38.50105166658232,2806900
2024-04-09,38.422420501708984,38.49122474061993,38.265153134262576,38.37327515242257,1755800
2024-04-10,38.668148040771484,38.923706087248426,38.52070825463703,38.74677984370688,2154800
2024-04-11,39.19892501831055,39.41516527887416,38.98268100819758,39.36601993554377,2922700
2024-04-12,38.03907775878906,38.6288293908899,37.96044220808259,38.43224426367314,3522400
2024-04-15,37.81300735473633,38.20617387188864,37.70488534391584,38.09805186106815,2526500
2024-04-16,37.724544525146484,37.901470771581245,37.6164225134864,37.71471320615034,2418000
2024-04-17,37.55744552612305,37.92112933487031,37.48864129193833,37.81300732413732,1850100
2024-04-18,38.27497863769531,38.39293196907374,38.03907947403764,38.314296414821456,3833600
2024-04-19,38.31429672241211,38.43224630518785,38.176688250915475,38.23566491707816,3189800
2024-04-22,40.3194580078125,40.41774870096649,39.94594662463805,39.97543308267432,3885000
2024-04-23,41.754520416259766,41.842983534178614,41.439985719114816,41.518621268175735,4314300
2024-04-24,43.10112380981445,43.11095512856094,42.757102644677076,42.84556576564804,4274900
2024-04-25,42.69812774658203,42.786590871211295,42.1771803179595,42.27547101219217,1733500
2024-04-26,43.63190460205078,43.98575710269313,43.543441476890195,43.64173592126288,3161500
2024-04-29,43.65156173706055,43.681048194412796,43.356685914889546,43.51395327001738,2602200
2024-04-30,43.00283432006836,43.592585976638034,42.99300675059702,43.58275840716669,2803600
2024-05-01,43.366512298583984,43.6319016561474,42.90454156464714,43.10112294102056,1687400
2024-05-02,46.34477233886719,46.669134638876194,45.09646098827243,45.1161198775987,4724500
2024-05-03,46.33494186401367,46.393918533067485,45.96143045910583,46.19733338577126,2915700
2024-05-06,46.60032653808594,46.87554346674012,46.45288675513581,46.59049896901233,1366300
2024-05-07,46.0007438659668,46.08920698636392,45.81399005603929,45.92211206425238,1872500
2024-05-08,45.469966888427734,45.51911598462841,45.125945712320636,45.214408836112405,1986300
2024-05-09,46.81657409667969,46.93452368223757,46.521698258010126,46.68879319175465,2586000
2024-05-10,46.74776840209961,46.90503576112439,46.52169680784833,46.73793708303891,2026700
2024-05-13,48.36958694458008,48.487540275049035,47.60290904427971,47.67171327894515,5809800
2024-05-14,50.630306243896484,51.210230324324634,49.9029461257965,49.922605014062654,7031500
2024-05-15,50.728599548339844,50.89569447053305,50.1290165930829,50.777744893129054,3138300
2024-05-16,50.787574768066406,50.83672386463649,49.932433731351765,50.129018868983195,3868600
2024-05-17,50.6329460144043,50.87084339976475,50.15714368106187,50.345483207558885,3195100
2024-05-20,49.839942932128906,50.28600524097589,49.76064506683979,50.2562690141563,1902600
2024-05-21,48.74957275390625,48.90817226902682,48.60088405415728,48.75948356927785,2551100
2024-05-22,48.323333740234375,48.828868490970954,48.2539466917276,48.531494885754704,2308100
2024-05-23,47.87727355957031,48.789223608058215,47.77815028055043,48.39272292935726,2926500
2024-05-24,48.03587341308594,48.21429834162687,47.7484106080688,47.847537669097505,1820700
2024-05-28,47.907012939453125,48.323335243444454,47.837622107477245,48.22421196572576,2725400
2024-05-29,46.98515319824219,47.054540250547454,46.78690285680823,46.8067282690827,1666100
2024-05-30,47.262699127197266,47.34199699115854,46.65803731658643,46.82655142213382,900700
2024-05-31,46.122764587402344,46.172330008536704,45.646966038736196,45.83530556390101,3015600
2024-06-03,47.14374923706055,47.60963315655203,46.90584808862899,47.49068447299149,1703400
2024-06-04,47.758323669433594,47.96648481893555,47.50059710035541,47.72858744273635,1915600
2024-06-05,48.62070846557617,48.63062306205443,48.125084518360694,48.15482452648485,2187400
2024-06-06,48.57114791870117,48.670271197847704,48.29359971204231,48.57114791870117,1004800
2024-06-07,46.895938873291016,47.431209858224406,46.816637227339044,47.183397886590406,1926900
2024-06-10,47.22304916381836,47.341997852579915,46.7670760391402,46.93558636644318,991900
2024-06-11,47.04462432861328,47.599724512730276,46.78690153892614,47.599724512730276,1145900
2024-06-12,47.19331359863281,47.67902295698362,47.08427572352652,47.361823928298406,1787400
2024-06-13,47.83761978149414,48.25394584655333,47.68893487214552,48.03587010860278,2762900
2024-06-14,47.708763122558594,48.07552379168694,47.520423599005916,47.946660504199954,2384700
2024-06-17,48.491844177246094,48.590971233424646,48.00613483655812,48.333244668670964,2141000
2024-06-18,48.28368377685547,48.31342378482357,47.8475360668663,47.897097705065654,1863600
2024-06-20,48.838783264160156,49.07668063667083,48.67026915909709,49.066769821695615,1966800
2024-06-21,48.29359817504883,48.53149554995346,48.2638581672028,48.3332452166592,1377700
2024-06-24,48.521583557128906,48.91808043278278,48.22420995506088,48.29359700283307,1098000
2024-06-25,48.125083923339844,48.34315966743775,47.907011960552516,48.07552228549321,1374600
2024-06-26,47.996219635009766,48.224209970690005,47.81779849875952,48.07552127895254,1210300
2024-06-27,47.13383483886719,47.63937336341507,47.03471156570236,47.579897130729876,1665000
2024-06-28,46.945499420166016,47.30234925603415,46.846372365030135,47.084273516045734,2130400
2024-07-01,47.04462432861328,47.451035815515354,47.00497350518121,47.00497350518121,1744800
2024-07-02,46.98515319824219,47.074365662821926,46.677864979954016,46.78690285680823,1441500
2024-07-03,48.34315872192383,48.46210740669143,47.90701102356893,47.90701102356893,2693200
2024-07-05,48.016048431396484,48.05569925616348,47.61955152765885,47.807887273335915,1440600
2024-07-08,47.91692352294922,48.07552303531846,47.74840941406966,47.976399758079175,1196700
2024-07-09,48.640533447265625,48.640533447265625,47.986309993976604,48.075522454939225,3504700
2024-07-10,48.214298248291016,48.24403447588669,47.91692462840204,47.98631168033245,1987500
2024-07-11,49.0667724609375,49.255108206081346,48.83878589113892,48.89826212812102,3067800
2024-07-12,50.00845718383789,50.57346818289336,49.958895545226305,50.16705669618135,2678500
2024-07-15,48.98746871948242,49.542568897009325,48.93790708143605,49.33440774842821,1878600
2024-07-16,48.10525894165039,48.14490976480613,47.58980958455769,47.73849828073639,2335800
2024-07-17,46.76707458496094,47.21313688058517,46.65803671477384,47.08427359933583,2692100
2024-07-18,46.22188949584961,46.836462119926125,46.142587850776216,46.67786261108991,3936000
2024-07-19,46.251625061035156,46.350748334649595,46.14258719127298,46.22188883521293,1803100
2024-07-22,47.77814865112305,47.83762110398244,47.45103503515405,47.45103503515405,1843400
2024-07-23,46.568824768066406,46.69768805073369,46.301187387746936,46.63821181689251,2134700
2024-07-24,45.87495040893555,46.39039975728782,45.795652545279346,46.09302615128358,1451600
2024-07-25,44.675540924072266,44.95308911594865,44.58632846506764,44.606153876103164,2161900
2024-07-26,45.1612548828125,45.369416030599176,44.794490443785776,44.94317913866803,1347100
2024-07-29,45.2108154296875,45.319853299128546,45.07204133451181,45.2702878811568,1143000
2024-07-30,44.69536590576172,44.94317786935957,44.63588967322646,44.75484213829698,2459100
2024-07-31,45.64696502685547,46.19215061545142,45.60731420335123,45.99390406055155,2223000
2024-08-01,45.78573989868164,46.42014174149856,45.70644203164872,46.33092927776733,2636900
2024-08-02,45.4090690612793,45.56766857892014,45.121606253895635,45.260380359167534,2222400
2024-08-05,45.260379791259766,45.47845554327115,44.566505492295946,44.58633090441614,3440700
2024-08-06,45.02247619628906,45.260377347575954,44.655715545144346,44.982829155500006,1899200
2024-08-07,45.76591491699219,46.36066594123051,45.656880821460376,46.211977239843236,1316700
2024-08-08,47.34199905395508,47.579900218825934,46.75716262917958,46.75716262917958,2524800
2024-08-09,47.13383483886719,47.16357484586503,46.7373379648974,47.004971558704526,1576900
2024-08-12,48.125083923339844,48.472022950887485,47.50059669880255,47.86736113775097,2568700
2024-08-13,48.55132293701172,48.600884577024345,48.1250860265438,48.38281260470664,2167400
2024-08-14,46.92567443847656,48.30350837633214,45.70644000897896,48.30350837633214,5787800
2024-08-15,47.203224182128906,47.480776166848365,46.78690187701573,46.91576516344581,3478000
2024-08-16,47.698848724365234,47.76823577607524,47.21313936239519,47.223050177792025,2018700
2024-08-19,47.579898834228516,47.75832375736172,47.351912272738446,47.49068637266191,2660200
2024-08-20,46.60847473144531,47.34199602874532,46.51926227298337,47.213136529764,1925300
2024-08-21,47.56998825073242,47.62946070452602,47.213138402728255,47.37173791502892,1724700
2024-08-22,47.56007385253906,47.99622156785686,46.6679530101194,47.74840959252184,1905800
2024-08-23,47.946659088134766,48.174645647687136,47.44112433109439,47.460949742530765,1704400
2024-08-26,48.10525894165039,48.25394763782909,47.86736156533722,48.02596107664954,2288300
2024-08-27,48.323333740234375,48.422457014869615,48.224210465599135,48.37289537755199,1495400
2024-08-28,47.36182403564453,47.53033814700275,47.133837469592216,47.312262396295885,2468000
2024-08-29,47.82770919799805,47.946657882314206,47.78805837612249,47.847534608935824,1137600
2024-08-30,48.08543395996094,48.57114709468447,47.8178003545436,48.30350970795648,1305600
2024-09-03,47.71867370605469,47.90701322869224,47.65920125158867,47.81780076568253,1775400
2024-09-04,47.441123962402344,47.67902133516876,47.36182231727316,47.36182231727316,1416100
2024-09-05,47.40147399902344,47.629460560936415,47.332086948933,47.36182317574015,1301200
2024-09-06,46.78689956665039,47.42129758957818,46.73733793010487,47.33208513127206,1253100
2024-09-09,47.10409927368164,47.441123701002546,46.886023532088544,46.886023532088544,1072900
2024-09-10,46.55891418457031,46.74724992070461,46.29127680292016,46.598561226017665,1320600
2024-09-11,47.213138580322266,47.36182349667619,46.727425445087206,46.92567578153643,1603700
2024-09-12,47.13383483886719,47.272608933822134,46.96532451822489,47.21313648244744,1278200
2024-09-13,47.40147399902344,47.560073510845974,47.302350722125844,47.36182317574015,1131100
2024-09-16,47.82770919799805,47.97639788937612,47.768232965184716,47.768232965184716,1155600
2024-09-17,48.08543395996094,48.41254758195425,48.08543395996094,48.25394806922403,942300
2024-09-18,47.97639846801758,48.37289534762376,47.90701141955373,48.075521742591484,1243300
2024-09-19,49.63178253173828,49.780471230704265,49.13615857693258,49.284847275898564,2438700
2024-09-20,49.03703308105469,49.55248242450143,48.987467662766896,49.55248242450143,1577900
2024-09-23,49.69125747680664,49.95889485920685,49.22536976137176,49.22536976137176,1541100
2024-09-24,53.170536041259766,53.4084371978609,51.66383879961417,51.7629658570774,6837500
2024-09-25,51.94139099121094,52.47666197845477,51.87200394135876,52.09007590604676,3562500
2024-09-26,56.768768310546875,56.798504537854214,55.45040677403127,55.906383686837756,9591200
2024-09-27,56.54077911376953,56.74894025785588,55.57926747492711,56.05506599625755,6504400
2024-09-30,54.91513442993164,56.85797938014487,54.756534919328736,56.85797938014487,7334000
2024-10-01,56.7291145324707,56.798501580115015,55.00434537486853,55.6090033927246,5536800
2024-10-02,60.12909698486328,60.19848403480697,58.70170138147954,59.52443516565921,5550000
2024-10-03,58.90986251831055,59.52443515252354,58.404323975905974,58.513361849025024,3015000
2024-10-04,60.238136291503906,60.41656121883671,59.633474457910594,60.25796170357541,4627200
2024-10-07,61.80430603027344,62.02238178174299,60.40664662041368,60.89235976287477,4517300
2024-10-08,56.83815383911133,57.413075645745025,55.62883021020132,56.927366299954045,6079800
2024-10-09,56.06498336791992,56.43174403727279,55.281896608473744,55.36119447529917,4742200
2024-10-10,55.6585693359375,56.20375490742031,55.08364375710471,55.78742883631544,3136100
2024-10-11,56.20375442504883,56.421826382984015,54.91513296315532,55.12329410626594,3036600
2024-10-14,55.37110900878906,56.411918560868635,55.133207845962815,55.64865721432743,1888500
2024-10-15,52.655086517333984,53.596772763003024,52.377538319949224,53.527385713656834,4515400
2024-10-16,53.289485931396484,53.63642496838064,52.98220149960304,53.03176313879772,2042800
2024-10-17,52.27841567993164,52.66500175422229,51.94139124416096,52.585700107541825,1713400
2024-10-18,54.558284759521484,54.95478164663633,54.52854475153767,54.95478164663633,2046300
2024-10-21,53.666160583496094,53.82476009589644,53.230012869722806,53.527386482809625,1114200
2024-10-22,54.062660217285156,54.27082136431869,53.616597915562885,53.69589577958542,2137700
2024-10-23,53.93379592895508,54.51863231779843,53.93379592895508,54.369943626225684,1446800
2024-10-24,53.73554611206055,53.88423480504844,53.30930922555981,53.74546070829202,1616800
2024-10-25,53.57694625854492,54.11222101227583,53.56703544368791,53.72563495057368,1604700
2024-10-28,53.606689453125,53.7751997848872,53.06150007081027,53.19036335947655,2068500
2024-10-29,53.14080047607422,53.77519852649226,53.12097506433483,53.77519852649226,2512900
2024-10-30,52.437015533447266,52.714563736014966,52.13963813776968,52.32797765920691,1638000
2024-10-31,51.7530517578125,51.95130209333273,51.505239783739874,51.89182585828347,1961900
2024-11-01,53.13088607788086,53.64633544109729,53.041673615375885,53.477825112649384,1739500
2024-11-04,53.20027160644531,53.75537177740643,53.160624565263525,53.329134888890145,1514700
2024-11-05,54.4393310546875,54.449245650893964,54.03291958036483,54.07257040256962,1958800
2024-11-06,53.220096588134766,53.5075593769182,52.58569855861995,52.972284621523634,2526800
2024-11-07,55.57926940917969,55.856817610953954,54.71688479558773,54.73671020733027,2849300
2024-11-08,52.704647064208984,53.438172146654715,52.39736264669715,53.438172146654715,2593000
2024-11-11,52.0405158996582,52.48657822077457,51.95130343543493,52.48657822077457,2274100
2024-11-12,50.593292236328125,51.3763789618239,50.34548026861254,51.34663895440686,2982700
2024-11-13,49.69125747680664,51.47550291149747,49.532657966641025,51.45567750006295,3511100
2024-11-14,51.20786666870117,51.44576782989925,51.108743390633194,51.19795585341864,3337400
2024-11-15,51.19795608520508,51.37638101158375,50.67259212139646,50.96996573825735,2717100
2024-11-18,51.7530517578125,51.8026133963649,51.26734240616411,51.54489060710605,1383700
2024-11-19,51.4061164855957,51.5250651743349,51.10874287309239,51.485414350984954,849900
2024-11-20,51.95130157470703,52.23876436927611,51.64401336865278,52.09007567379263,2853400
2024-11-21,51.743141174316406,51.8620898636369,51.56471624968034,51.78279199786013,1921200
2024-11-22,50.75189208984375,51.019529470555455,50.68250504091596,51.019529470555455,2064600
2024-11-25,50.23644256591797,50.41486748577511,50.06792846102598,50.157140920954554,2295700
2024-11-26,49.94898223876953,50.523907849182535,49.81020813454867,50.23644504397603,1524200
2024-11-27,51.01953125,51.336730279393215,50.851017138647585,51.098829116692954,1763900
2024-11-29,51.14838790893555,51.27725118911314,50.47433906366729,50.80145267150798,1153200
2024-12-02,51.09882736206055,51.23760145999101,50.851015392524545,51.19795441866129,1601500
2024-12-03,51.24751663208008,51.56471565414509,51.158304170792384,51.24751663208008,1392800
2024-12-04,50.851016998291016,51.584542115057374,50.7419791232423,51.495329651954854,1336700
2024-12-05,51.66383743286133,51.84226235026435,51.52506333739465,51.52506333739465,1560000
2024-12-06,52.228851318359375,52.60552658510246,52.18920427552646,52.38745083362319,1204400
2024-12-09,54.816009521484375,55.351284308745484,54.37986179555537,54.37986179555537,4561100
2024-12-10,52.58570098876953,52.69473886412709,52.367629019365104,52.496488525414314,2411800
2024-12-11,52.31806182861328,52.32797642493436,52.05042444760268,52.189202326923805,1926500
2024-12-12,52.52622604370117,52.72447259170399,52.149550796136886,52.318061118201385,1118000
2024-12-13,52.17928695678711,52.33788646377723,52.02068744979699,52.28832482683854,1219600
2024-12-16,51.346641540527344,51.72331680919358,51.277254488577086,51.455679416823685,1552600
2024-12-17,51.81252670288086,51.84226292900982,51.27725194469622,51.36646440439365,1376400
2024-12-18,51.069091796875,51.891825580104104,50.900577689127445,51.881914764971015,1915200
2024-12-19,52.615440368652344,52.92272479773981,52.56587494858345,52.853337747216145,2931800
2024-12-20,54.20143508911133,54.498808700734756,53.97344852748968,54.13204803910955,4376900
2024-12-23,53.69589614868164,53.80493402110888,53.18045057571569,53.2993992632224,2308200
2024-12-24,53.497650146484375,53.62650965039505,53.47782473481105,53.62650965039505,545300
2024-12-26,53.63642501831055,53.96353486234851,53.37869844416118,53.75537370875065,725100
2024-12-27,53.13088607788086,53.40843806195781,52.91281411055478,53.32913641470421,1366300
2024-12-30,52.76412582397461,53.27957519120964,52.68482795741344,53.27957519120964,2182000
2024-12-31,52.714561462402344,52.88307178346173,52.575787367103906,52.65508522956994,1196700
2025-01-02,52.744300842285156,53.08132528586857,52.53613968688941,52.53613968688941,2106000
2025-01-03,52.704647064208984,52.9326374002675,52.476660509460984,52.744297886246166,1647600
2025-01-06,48.581058502197266,52.78395131275482,47.52042353888714,52.66500262208463,23441400
2025-01-07,47.68893814086914,48.80904935169438,47.49068780017191,48.76939852729278,9127400
2025-01-08,47.252784729003906,47.332086374608245,46.69768833501586,47.01488735481205,3195200
2025-01-10,46.430049896240234,46.98515005890384,46.41022448529041,46.86619759320489,3575300
2025-01-13,46.53908920288086,46.707599529192024,46.35074968369707,46.47961296819483,2698600
2025-01-14,47.27260971069336,47.718672009886575,47.23296266956217,47.67902118744483,3595200
2025-01-15,48.42245864868164,48.47202406898218,48.20438668086409,48.43237324526602,3439200
2025-01-16,48.34315872192383,48.57114527660779,48.12508298209112,48.57114527660779,3631800
2025-01-17,48.908172607421875,49.40379656826672,48.17464748159478,48.27377454255019,4331600
2025-01-21,48.79913330078125,49.28484643195024,48.63062297406199,49.195633970360454,2430000
2025-01-22,48.8189582824707,48.908170743274844,48.53149548862283,48.640533360862406,1505700
2025-01-23,48.80904769897461,48.83878392561354,48.27377293161021,48.37289620794705,3181000
2025-01-24,49.90932846069336,50.50407944812775,49.51283158371429,49.52274239858179,3592800
2025-01-27,50.662681579589844,50.97988061012873,50.32565713697844,50.33556795235934,4918600
2025-01-28,52.1396369934082,52.1396369934082,50.831190093863036,51.098827475312355,3467800
2025-01-29,52.17928695678711,52.6848254849691,51.7431392578919,52.15946154574953,5553000
2025-01-30,53.9536247253418,54.02301177741344,51.941392652642904,52.04051593237074,4768400
2025-01-31,52.555965423583984,53.963535661688624,52.4271021346005,53.963535661688624,4563100
2025-02-03,51.971126556396484,52.51631213314296,51.15830359877943,51.346639334365136,2966400
2025-02-04,53.97344970703125,54.3203849646221,53.329137050007425,53.329137050007425,4018400
2025-02-05,53.16062545776367,53.47782448040667,53.10114922302663,53.24983791921393,1788000
2025-02-06,53.52738571166992,53.72563604464193,53.428262435839216,53.53729652672876,3392200
2025-02-07,54.47898483276367,55.22242077354258,54.379861553184114,54.38977236861778,4292100
2025-02-10,56.0055046081543,56.0055046081543,55.45040444014681,55.50988067356886,4765000
2025-02-11,54.84574890136719,55.271982025618,54.36994657505283,54.7168856137691,4269900
2025-02-12,56.967018127441406,57.234655514689265,55.87664316665633,55.906383175002084,3350100
2025-02-13,57.2743034362793,57.30404344508164,56.015418127887195,56.372267983029616,5410400
2025-02-14,60.99148178100586,61.20955752796701,59.8713743819851,60.56524488356941,9022200
2025-02-18,63.88592529296875,64.331991393662,63.340743475616726,64.32207679694753,8847800
2025-02-19,62.71625518798828,63.291177004634726,62.696429776199004,63.291177004634726,4947500
2025-02-20,64.62935638427734,65.68999127453291,63.97513673999733,64.03460919058074,7830100
2025-02-21,66.12614440917969,67.00835440725587,65.62060587864153,65.9774557163601,6712400
2025-02-24,61.100521087646484,63.1920548005651,60.80314746837656,63.1920548005651,9964600
2025-02-25,61.82413101196289,62.12150462833534,61.4078087053036,61.70518232167605,3388900
2025-02-26,63.38039016723633,63.8264524841464,63.1524036011069,63.73724380207509,4780900
2025-02-27,62.71625518798828,63.43986570239899,62.468443212588284,62.91450552457041,2783200
2025-02-28,61.07078170776367,61.39789153768263,60.5454215481278,60.783318918739674,3025700
2025-03-03,60.5454216003418,62.00255339520011,60.426469133622746,61.79439225040757,3124000
2025-03-04,62.84511947631836,63.509253765953915,61.74483368298355,62.012471074441535,4619800
2025-03-05,66.95880126953125,67.10748241020632,64.42120140443375,64.77805126729713,7491600
2025-03-06,68.34654235839844,69.3774411223131,68.13838119875533,68.74304304646125,5461900
2025-03-07,67.62293243408203,68.26724507670949,67.0281852111264,67.55354538411423,4737600
2025-03-10,64.8771743774414,65.86842231330833,64.37164337523681,65.71974117302555,9445700
2025-03-11,66.41361236572266,67.17686995640206,65.50166607065536,65.93781002420575,6675400
2025-03-12,65.74947357177734,65.94772012235606,64.7978765162815,65.79903142811145,5461700
2025-03-13,65.73956298828125,66.13606367626267,64.50050306497783,64.82761669975912,5112100
2025-03-14,67.45442199707031,67.88065889263864,67.03809213532315,67.50397985403983,6490800
2025-03-17,69.17919158935547,69.3873527400611,67.47424399772314,67.83109384539601,7001200
2025-03-18,68.8818130493164,69.51621108737456,68.31680206033896,69.50630405366384,7386800
2025-03-19,68.9809341430664,71.19142017264673,68.60426268320172,71.0229098534405,6520800
2025-03-20,65.5611343383789,66.03693664949476,65.08533958988421,65.70982303326643,4220300
2025-03-21,65.14481353759766,65.7990332224448,64.54015171043605,64.8970015613059,3549300
2025-03-24,64.77804565429688,65.4025366415066,64.62935696388404,65.2637549845326,2027300
2025-03-25,64.26260375976562,64.97630346431242,64.11391506088148,64.20312374263914,2700000
2025-03-26,64.38154602050781,64.91682077689994,64.10399782740546,64.43111143897083,2640800
2025-03-27,65.90807342529297,66.23518706058285,64.45093774320318,64.87717465998712,5266700
2025-03-28,64.48067474365234,65.12497978682383,63.965221633970174,64.93664784060454,2945300
2025-03-31,63.28126525878906,63.48943018885991,62.56756557011324,62.944240825948874,4865500
2025-04-01,64.0147933959961,64.32207783551277,63.43986777921776,64.19321832663,2258000
2025-04-02,63.459686279296875,64.3617254848351,63.340741373157286,63.59846794082838,1278900
2025-04-03,63.69758987426758,64.02469592187823,62.458526262644,62.458526262644,4297900
2025-04-04,59.38566207885742,60.1687488345073,57.59150200223757,59.48478535723635,13776400
2025-04-07,54.78627014160156,58.06730194735977,53.45799784665977,55.28189407581401,13330500
2025-04-08,53.51747512817383,56.838154039908346,52.91281331158268,56.59034206794873,10180900
2025-04-09,55.757694244384766,55.80725588300653,51.84226429229473,54.14195911240272,15323900
2025-04-10,55.569358825683594,56.49121967834726,54.68714501535968,56.08480818920709,7521100
2025-04-11,56.89762878417969,57.17517697548547,54.57810863613852,54.86556764228644,8147900
2025-04-14,58.53318786621094,59.17750051513838,57.39325504751479,57.4923783252064,5242300
2025-04-15,58.27546310424805,58.67195998291356,57.938438677661566,58.05738736313017,2092900
2025-04-16,57.29412841796875,57.91861565977667,57.0264910286225,57.175179727585096,3216600
2025-04-17,57.49237823486328,58.36467744615922,57.47255282309398,58.087125462699674,1344800
2025-04-21,57.512203216552734,58.17633748995991,56.808418119903465,57.8393130550234,1864800
2025-04-22,59.573997497558594,59.811898658214155,58.39441385347272,58.483626316054725,3008500
2025-04-23,60.892356872558594,61.625878177812254,60.594983268231154,60.68419572766044,4387000
2025-04-24,60.713932037353516,61.1005181016429,60.41655843261634,60.41655843261634,1722700
2025-04-25,61.43754577636719,61.76465940578713,60.76349688663282,60.96174722737424,1832300
2025-04-28,61.23929214477539,61.67544362723093,60.96174395143862,61.62587820872605,814400
2025-04-29,60.386817932128906,60.66436990475302,60.277783843620355,60.46611957611023,983600
2025-04-30,60.525596618652344,60.713932353661285,60.01014726981093,60.713932353661285,2025900
2025-05-01,60.82297134399414,61.1500811825344,60.406645262484886,60.5751593706443,2441800
2025-05-02,63.39030456542969,63.61829113084533,62.56756698555913,62.94424224991618,4218400
2025-05-05,63.08301544189453,63.32091660050554,62.478353620847564,62.61712772115789,805100
2025-05-06,64.32207489013672,64.6194522817832,63.380388639647606,63.410128647598626,2598300
2025-05-07,61.94308090209961,63.033452043794554,61.74483057234311,62.93432876957157,2573800
2025-05-08,63.82645034790039,64.1039985441058,63.05327821200784,63.42995346493703,2274600
2025-05-09,62.726165771484375,63.58855416523392,62.696429544565646,63.47951629145106,1995800
2025-05-12,65.64043426513672,65.92789705102611,65.30340606137568,65.58096181378752,3880800
2025-05-13,65.03577423095703,65.5313981726271,64.5798011121351,64.77804766375466,2367700
2025-05-14,67.28590393066406,67.93021657053929,66.06667326320623,66.85966703621932,5539100
2025-05-15,65.58096313476562,66.1360595255285,65.2241132942406,66.1360595255285,3261600
2025-05-16,64.89700317382812,65.17455138415184,64.46085166467856,64.92673940170259,1563600
2025-05-19,65.98999786376953,66.0,65.12999725341797,65.30999755859375,1141600
2025-05-20,66.4000015258789,66.48999786376953,65.7699966430664,66.16999816894531,1572300
2025-05-21,66.19000244140625,67.13999938964844,65.94999694824219,66.75,3232500
2025-05-22,65.37000274658203,66.18000030517578,65.26000213623047,66.18000030517578,2720800
2025-05-23,65.76000213623047,65.9000015258789,64.97000122070312,64.97000122070312,1432200
2025-05-27,65.27999877929688,65.5,65.06999969482422,65.3499984741211,1457600
2025-05-28,63.849998474121094,64.55000305175781,63.7400016784668,64.52999877929688,1740200
2025-05-29,64.25,64.87999725341797,64.0999984741211,64.87999725341797,1714800
2025-05-30,62.779998779296875,63.540000915527344,62.13999938964844,63.279998779296875,2661600
2025-06-02,64.19999694824219,64.27999877929688,63.310001373291016,63.400001525878906,2481000
2025-06-03,64.26000213623047,64.63999938964844,64.05999755859375,64.5,1707400
2025-06-04,65.7300033569336,65.94000244140625,65.25,65.79000091552734,1641300
2025-06-05,65.76000213623047,66.1500015258789,65.43000030517578,65.62999725341797,1275500
2025-06-06,66.0199966430664,66.08000183105469,65.05999755859375,65.73999786376953,1565700
2025-06-09,66.12999725341797,66.2699966430664,65.61000061035156,65.72000122070312,1801300
2025-06-10,65.7300033569336,65.83000183105469,65.02999877929688,65.4000015258789,2593900
2025-06-11,65.66999816894531,66.2300033569336,65.44000244140625,65.95999908447266,1219500
2025-06-12,65.6500015258789,65.72000122070312,65.0199966430664,65.05000305175781,2475600
2025-06-13,64.80999755859375,65.22000122070312,64.4000015258789,65.02999877929688,1802600
2025-06-16,64.87999725341797,65.4800033569336,64.80999755859375,65.1500015258789,3176800
2025-06-17,65.12000274658203,65.45999908447266,65.11000061035156,65.19999694824219,1158100
2025-06-18,64.62000274658203,64.91999816894531,64.36000061035156,64.69999694824219,1921100
2025-06-20,64.0,64.80000305175781,63.84000015258789,64.80000305175781,1635600
2025-06-23,64.48999786376953,64.51000213623047,63.61000061035156,64.13999938964844,2178600
2025-06-24,65.76000213623047,65.94999694824219,64.58000183105469,64.63999938964844,3600400
2025-06-25,65.05999755859375,65.80000305175781,64.8499984741211,65.5999984741211,2252200
2025-06-26,65.19999694824219,65.86000061035156,64.75,65.0,1456900
2025-06-27,65.01000213623047,65.45999908447266,64.93000030517578,65.37999725341797,1194100
2025-06-30,64.5,64.51000213623047,63.81999969482422,64.3499984741211,1617900
2025-07-01,64.5,64.68000030517578,64.20999908447266,64.20999908447266,646900
2025-07-02,63.790000915527344,63.81999969482422,63.349998474121094,63.81999969482422,1412300
2025-07-03,63.56999969482422,63.83000183105469,63.380001068115234,63.4900016784668,846900
2025-07-07,63.83000183105469,64.23999786376953,63.630001068115234,63.650001525878906,1296800
2025-07-08,63.97999954223633,64.4800033569336,63.900001525878906,64.22000122070312,706200
2025-07-09,63.470001220703125,63.68000030517578,63.150001525878906,63.349998474121094,1411200
2025-07-10,63.189998626708984,63.45000076293945,62.709999084472656,63.45000076293945,1449400
2025-07-11,63.119998931884766,63.4900016784668,63.0099983215332,63.189998626708984,1114600
2025-07-14,63.65999984741211,63.720001220703125,63.279998779296875,63.279998779296875,1035900
2025-07-15,66.0,66.02999877929688,65.36000061035156,65.91999816894531,2796600
2025-07-16,66.26000213623047,66.3499984741211,65.41000366210938,66.0,2985700
2025-07-17,66.2699966430664,66.5,65.68000030517578,65.80000305175781,1187300
2025-07-18,66.02999877929688,66.73999786376953,65.80000305175781,66.26000213623047,3021000
2025-07-21,66.63999938964844,67.0199966430664,66.05999755859375,66.05999755859375,2252000
2025-07-22,67.69000244140625,67.80000305175781,66.8499984741211,67.02999877929688,2299800
2025-07-23,70.3499984741211,70.63999938964844,69.91999816894531,70.19999694824219,3042500
2025-07-24,70.4000015258789,70.94000244140625,70.23999786376953,70.69999694824219,1418000
2025-07-25,70.18000030517578,70.44000244140625,69.61000061035156,70.30000305175781,1007100
2025-07-28,70.0999984741211,70.5199966430664,69.95999908447266,70.31999969482422,1125800
2025-07-29,70.12999725341797,70.70999908447266,70.11000061035156,70.27999877929688,1466000
2025-07-30,69.44000244140625,69.87000274658203,69.16999816894531,69.52999877929688,1356900
2025-07-31,70.06999969482422,70.31999969482422,69.69999694824219,69.69999694824219,1470500
2025-08-01,67.91000366210938,68.05999755859375,67.36000061035156,67.9800033569336,1763700
2025-08-04,70.20999908447266,70.48999786376953,70.04000091552734,70.11000061035156,1803400
2025-08-05,71.51000213623047,71.6500015258789,70.8499984741211,70.9000015258789,1676600
2025-08-06,73.27999877929688,73.33000183105469,72.3499984741211,72.41000366210938,2997900
2025-08-07,71.94999694824219,72.38999938964844,71.80000305175781,72.38999938964844,1333900
2025-08-08,71.68000030517578,71.87999725341797,71.31999969482422,71.4000015258789,1413000
2025-08-11,71.16000366210938,71.5999984741211,70.91999816894531,71.5,2576000
2025-08-12,71.7699966430664,72.0199966430664,71.2300033569336,71.3499984741211,1845500
2025-08-13,77.08000183105469,77.19999694824219,74.0,75.30000305175781,4511200
2025-08-14,74.79000091552734,75.3499984741211,74.37999725341797,75.29000091552734,2245100
2025-08-15,75.61000061035156,75.9800033569336,75.36000061035156,75.69000244140625,900200
2025-08-18,75.0199966430664,75.5199966430664,75.0199966430664,75.33999633789062,1376800
2025-08-19,75.48999786376953,76.16999816894531,75.3499984741211,76.0,1122400
2025-08-20,75.72000122070312,75.87000274658203,75.06999969482422,75.5,1878700
2025-08-21,76.45999908447266,76.4800033569336,75.73999786376953,75.73999786376953,1090600
2025-08-22,77.87999725341797,78.19999694824219,76.77999877929688,76.83999633789062,1420600
2025-08-25,78.1500015258789,78.73999786376953,78.11000061035156,78.66000366210938,1794900
2025-08-26,78.30000305175781,78.9800033569336,78.19999694824219,78.69999694824219,1317700
2025-08-27,76.12999725341797,76.4000015258789,75.8499984741211,76.38999938964844,1674900
2025-08-28,76.9000015258789,77.19000244140625,76.26000213623047,76.4800033569336,1663200
2025-08-29,77.58999633789062,77.8499984741211,76.63999938964844,76.86000061035156,2052700
2025-09-02,77.27999877929688,77.31999969482422,75.94999694824219,76.38999938964844,3006000
2025-09-03,77.08000183105469,77.33000183105469,76.5999984741211,76.5999984741211,1441700
2025-09-04,76.19999694824219,76.19999694824219,75.5999984741211,76.18000030517578,1713800
2025-09-05,77.66999816894531,77.75,77.08000183105469,77.7300033569336,1456300
2025-09-08,79.4000015258789,79.47000122070312,78.83999633789062,79.0,1698100
2025-09-09,81.16000366210938,81.25,80.1500015258789,80.1500015258789,2352100
2025-09-10,80.61000061035156,81.87000274658203,80.51000213623047,81.87000274658203,1458300
2025-09-11,82.06999969482422,82.19999694824219,80.80999755859375,80.80999755859375,2174100
2025-09-12,82.30000305175781,82.81999969482422,82.26000213623047,82.41999816894531,961600
2025-09-15,82.88999938964844,83.16999816894531,82.69999694824219,82.87999725341797,1262200
2025-09-16,83.83999633789062,83.93000030517578,82.73999786376953,82.91000366210938,1753700
2025-09-17,85.04000091552734,85.2699966430664,84.58000183105469,84.81999969482422,1727000
2025-09-18,82.6500015258789,82.93000030517578,82.1500015258789,82.43000030517578,1869000
2025-09-19,82.36000061035156,82.83000183105469,82.25,82.66000366210938,1229700
2025-09-22,82.75,83.05999755859375,82.4000015258789,82.5999984741211,1552900
2025-09-23,81.52999877929688,82.18000030517578,81.51000213623047,81.9800033569336,1176400
2025-09-24,82.70999908447266,83.37000274658203,82.69999694824219,83.36000061035156,1941000
2025-09-25,83.30999755859375,83.51000213623047,82.83000183105469,83.48999786376953,1307200
2025-09-26,83.38999938964844,83.48999786376953,82.5999984741211,83.0,969700
2025-09-29,84.9800033569336,85.3499984741211,84.5999984741211,84.5999984741211,1215200
2025-09-30,85.1500015258789,85.75,85.0,85.61000061035156,1784700
2025-10-01,85.7699966430664,85.94999694824219,85.23999786376953,85.41000366210938,2481200
2025-10-02,86.56999969482422,87.12000274658203,86.36000061035156,86.66999816894531,1877600
2025-10-03,86.51000213623047,86.80000305175781,86.30000305175781,86.62000274658203,1250000
2025-10-06,87.33000183105469,87.68000030517578,86.81999969482422,86.81999969482422,1175200
2025-10-07,86.12999725341797,87.5,86.0,87.33000183105469,1031600
2025-10-08,86.83000183105469,86.94000244140625,86.1500015258789,86.62000274658203,1210000
2025-10-09,85.36000061035156,86.93000030517578,85.01000213623047,86.93000030517578,2044700
2025-10-10,79.95999908447266,84.22000122070312,79.41000366210938,83.79000091552734,5225200
2025-10-13,81.62999725341797,82.30000305175781,81.51000213623047,81.80000305175781,2237600
2025-10-14,80.25,80.98999786376953,79.41000366210938,79.44999694824219,1853200
2025-10-15,80.26000213623047,80.95999908447266,80.0,80.5199966430664,1698000
2025-10-16,79.68000030517578,80.19000244140625,79.41999816894531,79.98999786376953,1596000
2025-10-17,80.20999908447266,80.44000244140625,78.87999725341797,78.9000015258789,2522800
2025-10-20,81.7300033569336,82.0199966430664,80.54000091552734,80.75,2720500
2025-10-21,80.80000305175781,81.05000305175781,80.51000213623047,81.05000305175781,1622500
2025-10-22,79.94999694824219,80.55999755859375,79.1500015258789,80.26000213623047,1694700
2025-10-23,81.81999969482422,82.5,81.19000244140625,81.37999725341797,1888800
2025-10-24,82.16000366210938,82.52999877929688,82.04000091552734,82.30000305175781,1360800
2025-10-27,84.68000030517578,84.8499984741211,84.41000366210938,84.69999694824219,1905400
2025-10-28,83.83999633789062,83.8499984741211,83.0,83.1500015258789,1539000
2025-10-29,84.30000305175781,84.7699966430664,83.87999725341797,83.87999725341797,1610700
2025-10-30,83.47000122070312,83.8499984741211,83.2699966430664,83.41000366210938,2714200
2025-10-31,81.37000274658203,81.43000030517578,80.56999969482422,81.19999694824219,1886300
2025-11-03,80.62999725341797,80.80999755859375,80.12000274658203,80.5999984741211,965800
2025-11-04,80.25,81.08000183105469,80.20999908447266,80.4000015258789,1895100
2025-11-05,81.30999755859375,81.68000030517578,80.66000366210938,80.66000366210938,1598800
2025-11-06,82.38999938964844,82.91999816894531,82.08000183105469,82.69999694824219,1828400
2025-11-07,81.4800033569336,81.56999969482422,80.4800033569336,80.97000122070312,1967600
2025-11-10,83.56999969482422,83.83000183105469,83.06999969482422,83.44999694824219,1628400
2025-11-11,83.7699966430664,84.31999969482422,83.30999755859375,83.45999908447266,1537100
2025-11-12,84.0,84.62999725341797,83.37999725341797,84.5,1724500
2025-11-13,83.33999633789062,86.0,81.52999877929688,85.94000244140625,4079900
2025-11-14,81.87000274658203,83.0,79.70999908447266,81.6500015258789,2915200
2025-11-17,80.93000030517578,81.8499984741211,80.58000183105469,81.18000030517578,1955000
2025-11-18,80.16000366210938,80.48999786376953,79.44000244140625,79.97000122070312,2466300
2025-11-19,79.55000305175781,79.9000015258789,79.04000091552734,79.66000366210938,2061700
2025-11-20,77.83000183105469,79.97000122070312,77.72000122070312,79.87000274658203,2766100
2025-11-21,79.04000091552734,79.33999633789062,77.70999908447266,78.08999633789062,2827200
2025-11-24,80.83000183105469,80.97000122070312,80.0,80.0,3078800
2025-11-25,79.98999786376953,80.83999633789062,79.87000274658203,80.79000091552734,2471900
2025-11-26,78.94999694824219,79.87999725341797,78.2699966430664,79.55000305175781,3181500
2025-11-28,79.04000091552734,79.27999877929688,78.45999908447266,78.8499984741211,1125700
2025-12-01,79.80999755859375,80.36000061035156,79.41999816894531,79.5,1661700
2025-12-02,79.16000366210938,79.23999786376953,78.55000305175781,79.0,2041000
2025-12-03,78.51000213623047,78.80000305175781,78.0,78.33999633789062,1637900
2025-12-04,78.12000274658203,78.62000274658203,77.8499984741211,78.58999633789062,1725500
2025-12-05,78.19000244140625,78.61000061035156,77.95999908447266,78.23999786376953,1132100
2025-12-08,77.7699966430664,78.04000091552734,74.58000183105469,77.76000213623047,1960900
2025-12-09,77.30999755859375,77.38999938964844,76.91000366210938,77.23999786376953,1359900
2025-12-10,77.33000183105469,77.93000030517578,77.27999877929688,77.5,2056400
2025-12-11,77.66000366210938,77.98999786376953,77.30999755859375,77.61000061035156,2050700
2025-12-12,77.80999755859375,79.04000091552734,77.55000305175781,78.91999816894531,1919400
2025-12-15,77.1500015258789,77.80000305175781,76.83999633789062,77.52999877929688,1756900
2025-12-16,76.9800033569336,77.05000305175781,76.22000122070312,76.58000183105469,1671500
2025-12-17,76.5199966430664,77.93000030517578,76.37999725341797,77.93000030517578,2190400
2025-12-18,77.5999984741211,78.4000015258789,77.58000183105469,77.8499984741211,2013900
2025-12-19,78.80999755859375,79.36000061035156,78.7300033569336,78.83999633789062,2689100
2025-12-22,78.93000030517578,79.12000274658203,78.69000244140625,78.76000213623047,1275600
2025-12-23,77.58999633789062,77.58999633789062,76.61000061035156,77.16999816894531,2155400
2025-12-24,77.41999816894531,77.87999725341797,77.25,77.25,584300
2025-12-26,78.08000183105469,78.38999938964844,77.75,77.80000305175781,1255000
2025-12-29,76.94999694824219,76.97000122070312,76.5,76.6500015258789,2282100
2025-12-30,77.05000305175781,77.47000122070312,76.95999908447266,77.47000122070312,1031200
2025-12-31,76.55000305175781,77.27999877929688,76.51000213623047,77.0,1014800
