Date,Close,High,Low,Open,Volume
2019-01-02,43.7946662902832,44.2707860159682,43.359593744127025,43.54019131338136,2122600
2019-01-03,44.730491638183594,44.97675908086017,43.49094060409016,43.49094060409016,3135800
2019-01-04,45.28048324584961,46.002870369333095,44.87824407156334,44.976753541670206,5558900
2019-01-07,46.01108932495117,46.60213376617823,44.87825518975292,45.067063488503315,3740100
2019-01-08,47.2424201965332,47.29988249089211,45.95361765483741,46.24913981523189,2976200
2019-01-09,46.421531677246094,47.111082414970866,46.2573523337001,47.0700383619495,3440600
2019-01-10,47.250640869140625,47.63645876543615,46.45437300554501,46.520042870919646,2440200
2019-01-11,47.47228240966797,47.88272924441262,47.08646138294053,47.3984018541555,1390300
2019-01-14,47.42302322387695,47.73496366589758,46.864815330349735,47.40660497624844,2027700
2019-01-15,48.096153259277344,48.17003380409646,47.275259708602846,47.685706483940095,1495400
2019-01-16,48.022274017333984,48.4901831033963,47.973019275631465,48.00585577009981,2189600
2019-01-17,48.75285720825195,48.7692754515837,47.90733803115482,48.11256137561217,2313800
2019-01-18,50.04166793823242,50.46032538462886,49.376746195012586,49.499878343424285,3630200
2019-01-22,49.31106948852539,49.99241255785568,49.00733978761744,49.99241255785568,3158700
2019-01-23,49.66405487060547,49.9595770204559,49.03196652374982,49.40136921106287,2235600
2019-01-24,49.32749938964844,49.78720095944491,48.99093311952661,49.30287358229781,1648600
2019-01-25,49.84465789794922,50.06629953462513,49.327494079038765,49.62301626127331,3254700
2019-01-28,50.731224060058594,50.75585299755196,49.639437195977216,49.77898760544377,2313900
2019-01-29,50.714805603027344,50.81331508967331,50.20585244786546,50.64092505377315,1355400
2019-01-30,51.0267448425293,51.289430537792576,50.238687756739466,50.7476408998795,2194800
2019-01-31,50.829734802246094,51.355109384149664,50.2469010451275,51.108838776726394,5050600
2019-02-01,50.829734802246094,51.273018137854955,50.452124463672995,51.0185431029935,2046300
2019-02-04,50.714805603027344,51.084208349298294,50.517792892656544,50.94465794040736,1507600
2019-02-05,50.64092254638672,50.854356625424636,49.70510438980923,50.81331257375132,4069100
2019-02-06,49.99241256713867,50.87897586849571,49.910321342918564,50.68196319328748,2950300
2019-02-07,49.35212707519531,50.78048345364501,47.77601271555787,49.50809887824712,5132600
2019-02-08,48.6707763671875,49.36032703245493,48.01406219347094,48.90062554512325,5437500
2019-02-11,48.785709381103516,49.45063435826574,48.34242606299536,48.605111777845956,3582300
2019-02-12,50.386451721191406,50.649137431414246,48.9252589351836,49.007350176791164,3243500
2019-02-13,49.82002639770508,50.61629411091555,49.59017721511247,50.44390722397109,2326400
2019-02-14,50.22227096557617,50.591673713832606,49.49167615872489,49.63122656836588,2304300
2019-02-15,51.396148681640625,51.68346018841133,50.501374534391125,50.599880889360996,3170000
2019-02-19,51.66703414916992,52.167779669565824,51.05957473175792,51.27300565725022,3840900
2019-02-20,52.20883560180664,52.47973201311458,51.552121299112756,51.65883835188201,2754500
2019-02-21,51.76554489135742,52.24166148981606,51.12524583624385,52.05285636185314,2858600
2019-02-22,51.97898483276367,52.0200288883124,50.977493593778966,51.17450944445787,2841100
2019-02-25,51.1580810546875,52.290914925738655,50.81330729867111,52.25807843522469,2893100
2019-02-26,50.70659637451172,52.04465377516621,50.698385685164745,51.2648042546083,2915700
2019-02-27,50.60807800292969,50.73942081814259,50.06628849874399,50.525986786259296,2937700
2019-02-28,50.92606735229492,51.08299052590131,50.48833213338639,50.810439419045494,2450800
2019-03-01,51.363800048828125,51.66939174383734,51.041692778987084,51.041692778987084,3865100
2019-03-04,51.421607971191406,51.80153231080621,50.82694967774421,51.55375460869349,3881800
2019-03-05,52.83393859863281,53.09823192214853,51.39684089521929,51.66113421873501,3535100
2019-03-06,52.478790283203125,53.0899673707579,52.338382692413695,52.916525479745715,2525900
2019-03-07,52.94955825805664,53.17255315503713,52.0823457288982,52.43749041760704,3891200
2019-03-08,51.85108947753906,53.098226422415536,51.68590853041932,52.85045185111131,3164300
2019-03-11,53.0404167175293,53.04867765592303,51.70242825398264,51.85109363882116,2505900
2019-03-12,52.7017822265625,53.213850052697495,52.478784185191365,53.114737711671864,2554100
2019-03-13,53.222110748291016,53.59377099826564,52.7430772207136,52.858705134094535,2005300
2019-03-14,53.58552551269531,53.635084847898135,53.147790242781845,53.147790242781845,2115200
2019-03-15,53.86632537841797,54.50227890401432,53.44510580620554,53.65984606083817,4769600
2019-03-18,53.95718765258789,54.45273685436411,53.725931778508986,53.866336230449754,2373100
2019-03-19,54.320587158203125,54.46925254918479,53.8993738014634,53.97370334632924,2855200
2019-03-20,53.58552551269531,54.36188998461762,53.24690261193698,54.271038554871375,4015300
2019-03-21,54.94002151489258,55.286911604514614,53.56074099832854,53.66811429086019,2932400
2019-03-22,55.01435470581055,55.32820102761227,54.56835858456645,55.00609376803308,1502600
2019-03-25,55.71638488769531,56.137604509714315,54.57662118833447,54.95654242145475,3137600
2019-03-26,56.03850173950195,56.3688700034352,55.62554298489803,55.95591124883127,1736900
2019-03-27,56.16238021850586,56.5092639957909,55.526426626816615,56.104566255625016,1824900
2019-03-28,56.89744567871094,57.20303736634548,56.22019370445949,56.22019370445949,2315000
2019-03-29,57.34344482421875,57.434296241510985,56.624894424157375,56.98003915504983,2215900
2019-04-01,57.56643295288086,57.57469389018225,56.790074980269885,57.401252014346326,2775400
2019-04-02,57.20302963256836,57.85550500633141,57.19476869584394,57.71509428701012,2653400
2019-04-03,56.93048095703125,57.54991894526186,56.74877813895042,57.20303518415249,2547700
2019-04-04,57.8389892578125,58.13631999889322,56.6827037426374,57.021332870465095,2401500
2019-04-05,57.6490364074707,58.020696712889716,57.41777424496039,57.89680784400017,2063600
2019-04-08,58.1776123046875,58.29324021399421,57.50861505655755,57.682056920517624,1932400
2019-04-09,57.459068298339844,58.1858732790542,57.31040292714269,57.979393946905326,1818600
2019-04-10,58.35106658935547,58.483210099013526,57.34344633555736,57.54992568916354,1488100
2019-04-11,58.78054428100586,58.91269409957712,58.384107427792415,58.43366045913155,1423100
2019-04-12,58.50799560546875,58.85488576179129,58.03722285894256,58.615368918646276,3212800
2019-04-15,58.97876739501953,59.09439533248036,58.30976998399617,58.47495725269021,1814200
2019-04-16,59.51559066772461,59.65600137890881,58.86311533177387,59.0365634866927,1777800
2019-04-17,60.523223876953125,61.14266190457137,59.84597188547382,59.91204678738631,2771700
2019-04-18,60.69667434692383,61.10137845239837,60.32501399832514,60.64712131411077,2033200
2019-04-22,60.16807174682617,60.81228620802266,59.98636893956589,60.69665829453861,2351900
2019-04-23,61.489540100097656,61.78687083043551,60.2589250947403,60.2589250947403,3630100
2019-04-24,60.919677734375,61.84470131934073,59.87901990003797,61.53911587127194,3742100
2019-04-25,60.804039001464844,61.09310882049443,60.523223819229344,60.754479674453016,1529900
2019-04-26,61.25003433227539,61.32436386994228,60.49844651142454,60.91966612861842,1953100
2019-04-29,61.2830696105957,61.522586416853734,60.853595327779445,61.13440422399588,1601600
2019-04-30,61.95206069946289,62.27416795412438,60.96095612252441,61.423474112262035,2854800
2019-05-01,61.77861404418945,62.398051993959065,61.646464256972564,61.943794976961875,2403400
2019-05-02,62.04292297363281,62.43109889372737,61.580404902908,61.90251221397067,1781100
2019-05-03,62.01814270019531,62.52195288457403,61.64648234180142,62.15029252618014,3075200
2019-05-06,63.63694381713867,63.98382764350945,61.57215013457415,61.770368563750274,4517000
2019-05-07,63.47173309326172,64.11594747602807,62.74492825395443,63.71124982810396,3468500
2019-05-08,64.00032043457031,64.54542879729411,62.926631882649154,63.529547894603404,3491800
2019-05-09,64.37202453613281,64.4793915636479,63.190962028460255,63.86821425865526,2663300
2019-05-10,65.91645050048828,65.99078632602246,63.595625157252904,64.3306909699057,2767700
2019-05-13,65.71826171875,66.02385349240582,64.91712065636261,65.24748894926735,2749400
2019-05-14,67.37007904052734,67.758261209295,66.09816554549585,66.25509186084858,3415600
2019-05-15,67.92344665527344,68.22903836821827,66.77542194897366,67.47745049364441,3438800
2019-05-16,68.22078704833984,68.68330515223161,67.98127020732909,68.05560606203967,2979800
2019-05-17,68.12992095947266,68.84847132793122,67.56004226845317,67.70044670672976,2664900
2019-05-20,67.61782836914062,68.46852188743085,67.51871605877066,67.98948850584617,2500700
2019-05-21,66.57718658447266,67.74172657011518,66.1972654252649,67.62609866519317,3985400
2019-05-22,67.11404418945312,67.34530003430555,66.16423799702424,66.72586203505834,2260600
2019-05-23,67.4857177734375,67.49397871273922,65.94124978903668,66.51939581639948,2388300
2019-05-24,67.27920532226562,68.00601009222814,67.0809869852299,67.63434992263025,1526000
2019-05-28,66.32945251464844,68.08866135570715,66.23034641740729,67.56007449957981,2531600
2019-05-29,63.000980377197266,65.7512869237575,62.81927753490201,65.69347295586809,5743700
2019-05-30,63.694007873535156,64.23350752768731,63.054912569764994,63.146212803500525,2631900
2019-05-31,62.988521575927734,63.15451857409336,62.10872608736669,63.09641899149743,4132700
2019-06-03,64.78961944580078,65.15482046585636,63.12132860210329,63.17942818871395,4202000
2019-06-04,65.84371948242188,65.8935173183792,64.8311212687566,64.8311212687566,2968600
2019-06-05,66.9061050415039,67.51199972524995,66.07610746632821,66.38320884879964,2928600
2019-06-06,67.8938217163086,68.20921859667206,66.83972097747544,67.13021893733396,3755200
2019-06-07,68.43331146240234,68.81511599715121,68.0349160914004,68.15111526897432,2231600
2019-06-10,68.46650695800781,69.0143084672132,68.20090795328454,68.48311045776664,1850800
2019-06-11,68.31712341308594,68.78192653147418,67.70292675552226,68.55782355794848,1883300
2019-06-12,67.96852111816406,68.79851893993417,67.72782098996502,68.44992137456214,1321500
2019-06-13,68.49970245361328,69.96880178474781,68.10960255966931,69.07240283683988,4521200
2019-06-14,67.985107421875,68.5910021323548,67.33770396547439,68.27560531952828,3795300
2019-06-17,65.1797103881836,68.22580005449444,64.94731207381578,68.06810481681865,4043100
2019-06-18,64.05923461914062,65.38722991894262,63.685738117827306,65.25443355515296,3769900
2019-06-19,64.54061889648438,64.60701389573131,62.822524018021895,63.818518662900615,3091200
2019-06-20,65.26273345947266,65.73583201542709,63.56953696121952,64.54893474945275,3236400
2019-06-21,65.81050109863281,66.20889634380632,64.82280206882734,65.47850083940273,4573000
2019-06-24,67.08041381835938,67.74441451089218,65.88521510475229,65.90181860487456,3249700
2019-06-25,66.37491607666016,69.01430897597092,64.22521877338859,67.387514268501,6808300
2019-06-26,66.00139617919922,66.52429863921792,65.37889807527462,65.94329660946138,2476700
2019-06-27,66.10931396484375,66.28361271113093,65.09671582056436,65.80221255526376,1572500
2019-06-28,67.0140151977539,67.07211478577598,65.94331736216407,66.18401746464987,3029000
2019-07-01,67.19660949707031,67.9187097377392,66.68200867048539,67.64480899137726,2962300
2019-07-02,67.46220397949219,67.88550452896415,67.113606506929,67.26300632836738,3162200
2019-07-03,68.19261169433594,68.40011111210248,67.47881319062868,67.47881319062868,1758200
2019-07-05,68.58271026611328,68.81511495010524,67.58671552138262,68.0598139749867,1762200
2019-07-08,67.99343872070312,68.73213647844385,67.69463891618075,68.49143628411291,2580400
2019-07-09,68.18431854248047,68.71551661235556,67.93531667681006,68.18431854248047,2028700
2019-07-10,68.08470916748047,68.73210634936146,67.95191283056171,68.6076117623688,1314200
2019-07-11,67.58671569824219,68.13451090956347,66.98911631688794,67.85231471969072,2220400
2019-07-12,67.54521179199219,67.9851159003039,66.85631850089655,67.64481379748578,1663900
2019-07-15,67.85232543945312,67.99342355668111,67.38752866158153,67.65312772499118,1368100
2019-07-16,65.677734375,67.7361320418691,65.56153517058773,67.60332933260838,3635600
2019-07-17,65.68601989746094,66.01802025619904,65.22122319465568,65.9516189179754,2272000
2019-07-18,67.19660949707031,67.47051024343226,65.59471376704681,66.23381550855802,2896300
2019-07-19,67.06379699707031,67.85229204754624,67.05549524944207,67.32109418214345,1900900
2019-07-22,67.50370788574219,67.65310771048547,66.8480090067233,67.08870907616411,1442600
2019-07-23,68.08470916748047,68.3586099236239,67.52031048772119,67.62821423962122,1351400
2019-07-24,67.26301574707031,68.12621413265524,67.00571848115618,67.76931486104205,1917400
2019-07-25,67.78589630126953,68.71549580829897,67.14680099369706,67.27959730477065,1657300
2019-07-26,67.2132339477539,67.93532808113135,66.98082921233679,67.93532808113135,2419300
2019-07-29,67.43730926513672,67.72780717703371,67.08871177086033,67.22980985201322,1859600
2019-07-30,67.50370788574219,68.33370550489836,66.94761100067859,67.7195027074097,1711800
2019-07-31,65.98480987548828,67.66970400755592,65.28761492389306,67.32110653175832,2377400
2019-08-01,66.7235107421875,67.68631105811458,66.20061450104889,66.22551341742984,3001300
2019-08-02,66.20063018798828,67.44562696108736,66.20063018798828,66.51602709084953,3184200
2019-08-05,69.57870483398438,72.4504959560883,68.54120776679164,69.00600442653253,9458300
2019-08-06,70.56639862060547,71.25529820162909,68.0598084610904,70.15970153823355,4440900
2019-08-07,71.55411529541016,71.90271287949234,68.75702020626045,70.09331727762331,2885600
2019-08-08,73.62080383300781,73.86980571105357,71.37981226011918,71.37981226011918,2877300
2019-08-09,73.3469009399414,74.1519934107215,72.76589873537361,73.52949511950035,2119100
2019-08-12,73.26387786865234,73.53777856839505,71.7366854804721,72.28448054757901,3065100
2019-08-13,72.89041137695312,74.60020493198849,72.84890895124833,73.38011340426917,2502000
2019-08-14,71.18062591552734,72.76591870608549,70.9897236009122,72.3177190535116,2316500
2019-08-15,72.92359924316406,73.64569952988687,71.38810474748821,71.54580000623137,2422000
2019-08-16,72.79080200195312,73.26390047824623,72.43390270703865,73.26390047824623,1712800
2019-08-19,72.59989929199219,73.43819873582109,72.3923998685361,73.33859673290542,3064700
2019-08-20,73.23899841308594,73.67060078171204,71.9774046412762,72.23470191293933,2999400
2019-08-21,74.52549743652344,74.58359702471797,72.9568022228906,73.53779810483603,2378300
2019-08-22,76.07759094238281,76.13569052711074,74.61679324187811,74.6997917440066,2773300
2019-08-23,74.64169311523438,75.32229097321228,74.26819668468279,74.99859237809962,2241500
2019-08-26,75.89501190185547,75.91991082629761,74.79941489973022,75.18121318340006,1692900
2019-08-27,74.67488098144531,76.05267362889198,74.10218064255655,75.8368788240639,2471100
2019-08-28,75.18120574951172,75.24760709637941,73.82000980062887,74.93220386494836,1918300
2019-08-29,76.4438705444336,76.85225838532465,75.16869580543336,75.42706271475348,2080600
2019-08-30,77.54402160644531,78.40247223854414,76.81058947659602,76.91059919143152,2033400
2019-09-03,77.75239562988281,77.88574405643197,76.74392391153754,77.17731424620501,2495800
2019-09-04,71.72654724121094,76.41052823045044,71.6348674341139,75.8437832223528,6912100
2019-09-05,71.0597915649414,72.80169515889978,70.78475214735698,72.01825821613556,5304400
2019-09-06,71.70989990234375,72.11828783109067,70.60141202275268,71.03480874439586,3076500
2019-09-09,69.64292907714844,72.25162599473732,69.36789600566021,72.0182615177388,2917000
2019-09-10,67.8926773071289,69.20119048968441,66.67584391865788,69.20119048968441,3677400
2019-09-11,68.60948181152344,68.61781807714934,67.37597520589946,67.80103573091478,2211400
2019-09-12,69.56790924072266,69.88461720826666,68.78446604468269,69.09284411005466,3509900
2019-09-13,70.98477172851562,72.12659789176925,70.00963899714442,70.00963899714442,3417800
2019-09-16,71.95989990234375,72.1765981707143,70.33467878632428,70.54304079395261,2168500
2019-09-17,74.07687377929688,74.46859545096696,72.5099934513217,73.0267336248213,3288500
2019-09-18,73.56846618652344,74.5602715303764,72.84337035786878,74.16021997498862,1907600
2019-09-19,73.48511505126953,74.12687362818748,73.15173455041513,73.9185116099915,1269900
2019-09-20,72.83503723144531,74.06020709513643,72.28496472942987,73.74349907026118,2949500
2019-09-23,71.50150299072266,72.98503937821724,71.40982320419627,72.60165407033577,1666800
2019-09-24,71.909912109375,72.4266522999762,71.3181646304168,72.00992818588969,1269100
2019-09-25,71.65154266357422,72.91005122411791,71.52652416202132,72.07660302537204,1897000
2019-09-26,72.05992889404297,72.39330943785006,71.59319994793603,72.04326272826985,1176700
2019-09-27,71.00980377197266,72.1849691117669,70.80977792898678,72.17663284701965,1637900
2019-09-30,71.79322814941406,71.89324422353717,70.66807434002614,71.15147582689671,2116300
2019-10-01,69.44290924072266,71.99325889886673,69.25954960488382,71.60987345970625,2543100
2019-10-02,68.651123046875,69.9429638009676,68.1927240433136,69.4428962071671,2356800
2019-10-03,68.42611694335938,69.05953955014908,68.11774508431331,68.90951857377013,2137900
2019-10-04,68.55110168457031,69.14284903333186,67.38427315011343,68.46775815183139,3369300
2019-10-07,67.64266204833984,68.60112243507665,67.64266204833984,68.47611028634084,2644900
2019-10-08,67.03424072265625,67.67599305550597,66.1674538090827,67.50930595465562,2405300
2019-10-09,68.11769104003906,69.25117419051533,67.50093509386419,67.50093509386419,2007400
2019-10-10,68.45108795166016,69.31787471069181,67.88434300762808,68.25939845572964,1516400
2019-10-11,69.67627716064453,70.21801983168059,68.35109740531749,68.39276600542429,2378100
2019-10-14,70.05965423583984,70.3763686240269,69.51791798832973,69.80962358899791,1535100
2019-10-15,69.7929458618164,70.87643099348709,69.72627484285114,70.02631032495663,1865800
2019-10-16,68.22605895996094,69.91795751080757,68.19272027438957,69.86795266180255,2511000
2019-10-17,67.81768798828125,68.24274202752042,66.14245518590332,68.15939847229934,3388100
2019-10-18,68.69279479980469,68.85115198263583,67.926024030094,68.00103131120049,1880800
2019-10-21,67.48429107666016,68.38441651609988,67.33427017008687,68.05937227830844,1848000
2019-10-22,65.98408508300781,67.62597887064078,65.90074154407661,67.62597887064078,2617400
2019-10-23,64.59223937988281,65.96743026422787,64.57557321271199,65.90908914107169,2614800
2019-10-24,64.85892486572266,64.95894091757008,64.2005001648106,64.75057891191578,3203800
2019-10-25,65.40901947021484,65.61738152638324,64.80059946837277,65.61738152638324,1593300
2019-10-28,68.40941619873047,68.75112658635386,67.02588940926478,67.8510075416972,4049600
2019-10-29,68.58444213867188,69.25119677648746,68.19272053011936,68.34274143640108,2756700
2019-10-30,68.167724609375,68.72613334098291,67.74266427457127,68.50110513944254,1565900
2019-10-31,69.00116729736328,69.0595084086076,68.0427007337458,68.50942962370037,1754100
2019-11-01,69.75959777832031,70.15131937099665,68.91781984374337,69.26786649131223,1629400
2019-11-04,68.38442993164062,69.95131031757967,68.00103814952587,69.73461199697249,2292900
2019-11-05,68.28443145751953,68.92618396331888,68.0844056108519,68.5511347059787,2199300
2019-11-06,69.56790924072266,69.86795104521865,68.61777897938667,68.75112735988269,1520200
2019-11-07,69.38455963134766,70.70973915951579,69.01784040451655,69.56791924476322,1940400
2019-11-08,68.8678207397461,69.49290687397894,68.44276674673534,69.41789959004939,2290200
2019-11-11,68.95116424560547,69.32621334785681,68.15938473383518,68.60944747175942,2416000
2019-11-12,74.07687377929688,74.36024947402412,69.70127072619988,69.70127072619988,6482700
2019-11-13,74.06852722167969,75.37704034804604,73.85182895781222,74.41857386113224,3967300
2019-11-14,75.293701171875,78.43580418952045,74.81030608806422,77.56068110768068,5239700
2019-11-15,75.28536987304688,75.86044474938687,74.78530227499729,75.2186924976524,2513200
2019-11-18,74.99366760253906,75.81044323158008,74.47692745856071,75.01033376776846,2070200
2019-11-19,75.46041107177734,75.6437707181511,74.56028536705492,74.91866839622925,2405900
2019-11-20,75.52706909179688,75.96879556729108,75.0603338319974,75.26869585694405,2185400
2019-11-21,73.78515625,75.66041439810384,73.61846918031685,75.18534925493236,2410800
2019-11-22,72.01826477050781,73.9435281514071,71.9099124307896,73.83517581168887,3142200
2019-11-25,73.8685073852539,74.0518669959939,71.4931814249966,72.15160622778806,2927100
2019-11-26,74.76029968261719,74.8769819198701,73.37677900145903,73.75182814138554,2413000
2019-11-27,75.43856048583984,75.66465366452181,74.47559137001366,74.91102038327803,1285700
2019-11-29,75.2711181640625,75.79028937684363,74.95292016252445,75.36322928872721,1081200
2019-12-02,75.01152801513672,75.43858167058582,74.33325467723502,75.26273492035041,2156200
2019-12-03,74.48395538330078,74.60956198638468,73.45399529297073,74.08202191977298,2252300
2019-12-04,74.72682189941406,75.48883090002018,74.43374397172698,74.61796620873591,1777900
2019-12-05,74.91102600097656,75.08687271501753,74.25787923779065,74.63469271236156,1423500
2019-12-06,74.90265655517578,76.51877902518116,74.84404097910797,75.80701663332378,2060700
2019-12-09,75.08686828613281,75.54742373999265,74.6179437430157,74.81891049169192,1535900
2019-12-10,74.19924926757812,75.11197818551976,74.09876271250418,74.99474706557528,2102600
2019-12-11,74.09876251220703,74.5760624674385,73.42887131270888,74.01502691084687,2312400
2019-12-12,73.27816009521484,74.63469373311753,73.23628909141514,73.7889556762038,2497300
2019-12-13,73.66336059570312,74.3667475717004,72.56640912134675,73.09394935334471,2376700
2019-12-16,75.32133483886719,75.81538584369063,74.20763898566288,74.26625455688416,2856200
2019-12-17,75.68140411376953,76.17545512100328,75.24597506666117,75.5055573992478,2907700
2019-12-18,74.40861511230469,76.1754643383229,74.29138395510509,76.04985770171793,3040200
2019-12-19,75.14549255371094,76.47691259079828,74.63469695070103,74.63469695070103,4102300
2019-12-20,76.08335876464844,76.55228342755407,74.94453625020384,75.673049684606,5095900
2019-12-23,76.52714538574219,77.10493198715007,75.21247643176697,76.04984535502807,2818400
2019-12-24,76.32618713378906,76.95421389618127,76.15870949731332,76.94583841720284,564200
2019-12-26,76.45179748535156,76.9709622121507,76.16708868379364,76.32619084903538,1083400
2019-12-27,76.55228424072266,76.71976189969611,75.93263287406954,76.5606597208262,1026500
2019-12-30,75.64791870117188,76.51041420952838,75.45532739273949,76.40992762124691,1092900
2019-12-31,76.23406982421875,76.28430991676183,75.5558030204148,75.66465868379751,1125100
2020-01-02,75.33810424804688,76.71138915754663,75.18737754390081,76.26758452551094,2672200
2020-01-03,75.84888458251953,76.66950261439054,75.28784889296836,75.4971911402891,2506100
2020-01-06,75.48881530761719,75.61442193314434,74.9612687581268,75.5474308810474,2262500
2020-01-07,74.3918685913086,75.89913554324576,74.36674854021285,75.03664638298922,2088700
2020-01-08,74.8524169921875,75.25435693710492,74.25788574822406,74.55933910975745,2166400
2020-01-09,74.70166778564453,75.72325871516297,74.55094115032843,75.36318988571986,2427600
2020-01-10,76.970947265625,77.36451166830295,75.40507152129058,75.96610714745728,4461600
2020-01-13,78.2605209350586,78.91366785774699,77.34779161710165,77.423151774972,3770000
2020-01-14,76.98770904541016,78.4447293381918,76.73649578623947,78.28562718147582,2812800
2020-01-15,76.02473449707031,77.31428356136807,75.73165661623415,76.73649689013489,2814400
2020-01-16,75.37993621826172,76.11682484758688,74.03177833399081,75.07848932917597,2982000
2020-01-17,75.24598693847656,76.04986049824213,74.57608911102902,75.45532921097653,2684900
2020-01-21,73.24466705322266,75.57255183836395,72.83435803427074,75.06175624005672,4196700
2020-01-22,73.36189270019531,74.84403289998663,73.29490165231533,73.89780830599923,3197500
2020-01-23,73.65498352050781,73.98993243027866,72.13934752985311,73.07719681086859,3024200
2020-01-24,71.95513153076172,74.0066833989643,71.10101780619377,73.95644329417196,2688000
2020-01-27,70.4646224975586,71.63694070585625,70.18828911636881,70.92517174425463,2323000
2020-01-28,70.81629180908203,71.15124066663125,70.02916295213409,70.4729738618422,1680300
2020-01-29,70.68231201171875,71.17635659685453,69.46812327189589,71.16798111903017,3641800
2020-01-30,70.96703338623047,71.22661577077763,70.24689542720984,70.40599760541329,2267500
2020-01-31,69.19178009033203,71.0172442888842,68.93219781251861,70.82465304683451,2486700
2020-02-03,69.72771453857422,70.91678338619504,69.53512324421308,69.54349872311269,2030100
2020-02-04,70.24687957763672,71.05075299010825,70.0375373434946,70.30549514765178,2428400
2020-02-05,70.43109893798828,70.87490343437152,70.17151662243229,70.37248337032668,2586500
2020-02-06,66.79692840576172,68.78987089608096,65.71672791931458,67.82689518060778,7576700
2020-02-07,67.28258514404297,68.05296294503773,66.79690968265255,66.79690968265255,3268900
2020-02-10,68.31256103515625,68.62238346048451,67.29096988558948,67.49193664642647,3145000
2020-02-11,67.8185043334961,69.91192654989037,67.66777767837101,68.73960883098606,3463600
2020-02-12,67.29096984863281,68.02785223037586,67.19885875233767,67.818509991272,3468000
2020-02-13,67.97761535644531,68.27069322734586,66.74668191004459,67.21560650348546,2472200
2020-02-14,67.41656494140625,68.41302948488217,67.2490873455914,68.11157620103249,2071800
2020-02-18,67.11511993408203,67.41657325510644,66.72155552115473,67.14861545737561,2263200
2020-02-19,65.17243194580078,67.3998302027675,65.16405646684078,67.21560799735897,4346700
2020-02-20,65.98467254638672,66.24425486366852,64.71186822781878,65.18916825012732,2471300
2020-02-21,65.17243194580078,66.17727220796917,64.97983426143225,65.88419433055493,2197600
2020-02-24,63.296722412109375,64.50253586921048,63.11250659049116,63.891260050099156,2612600
2020-02-25,60.04772186279297,63.9582330150557,59.74626855367548,63.464188440379445,4152800
2020-02-26,59.52857208251953,61.35403715484509,59.52020299050574,61.16982130124367,3479400
2020-02-27,58.28189468383789,60.39617753313115,58.163966812825,58.804144847870134,4438600
2020-02-28,57.13630294799805,57.46481721417761,55.35895323785382,56.48769324440168,4495700
2020-03-02,59.41905212402344,59.43589620626397,57.04363807976863,57.54904409260423,3780600
2020-03-03,57.70066452026367,60.244545004262164,56.97624690413057,59.1158051626416,3953200
2020-03-04,59.29269790649414,59.46958968635269,58.03760493897238,58.627244205167564,3904300
2020-03-05,56.44559097290039,58.13028248680744,55.78856231073073,58.12185722979323,3365100
2020-03-06,54.4576416015625,55.40948976838355,53.3457457222386,54.870389125474176,4823100
2020-03-09,51.281986236572266,53.3036131655028,50.540721422651465,50.540721422651465,3992600
2020-03-10,52.8656120300293,53.62372440679818,50.29645841832491,52.6044869328151,3535300
2020-03-11,49.319332122802734,51.69474635589471,48.561223043282304,51.56839644928797,3764700
2020-03-12,43.63351058959961,45.94153943156463,42.06674693083933,45.394013391402034,4591300
2020-03-13,44.23155212402344,45.916242793910016,41.46866045366303,45.82358750623191,4585500
2020-03-16,37.947669982910156,40.407320893038374,37.172713545812194,39.228035725905265,5660900
2020-03-17,40.314666748046875,41.847735704224775,37.76236023997044,38.646822604950934,7030700
2020-03-18,37.21482467651367,40.74425118648906,35.85864789902519,37.90554773370892,5831000
2020-03-19,45.66355514526367,48.26640323140182,35.95131120549111,37.063207163327455,6611100
2020-03-20,45.16657638549805,51.38308866837823,44.795945427298825,48.14848099088627,8209500
2020-03-23,48.51909637451172,49.5551841001537,44.64430861060642,44.93070619060241,5383300
2020-03-24,50.53230285644531,54.49974577635686,48.6117531253299,52.24226302053154,5800900
2020-03-25,53.22781753540039,55.31683424676073,50.330149815763825,50.5407362166666,5593400
2020-03-26,51.576820373535156,55.45161203680437,50.97875577253903,53.46367591935311,4810500
2020-03-27,49.353023529052734,50.43122475293525,48.434866795186174,50.07744118133372,4273900
2020-03-30,49.82474899291992,50.14483804247414,48.25798549086154,49.64785395540502,3884600
2020-03-31,48.74654006958008,49.98478915770742,48.316945217758864,49.98478915770742,3815700
2020-04-01,46.61540603637695,48.50226161057255,46.371125039070236,47.50829353689799,2965500
2020-04-02,45.613014221191406,47.14608291229582,44.36633994113694,46.0426090510597,2875700
2020-04-03,45.335044860839844,45.58774792563874,44.07995157991135,44.720132891621475,2874700
2020-04-06,47.550411224365234,47.93788944108594,46.29531482793426,47.381941456527755,2765600
2020-04-07,48.32536315917969,50.212218599382915,47.760993184749154,49.22667263791934,2889000
2020-04-08,49.20140075683594,49.9089711086806,48.106352244367386,48.58648892455201,3366700
2020-04-09,51.33252716064453,51.92216957918427,49.698378252844826,49.698378252844826,2866000
2020-04-13,52.377052307128906,52.806647170949915,51.39993149037156,51.94745423001427,3072200
2020-04-14,51.72843551635742,53.47209039339137,51.517849147505075,53.03407036058334,3332300
2020-04-15,50.667091369628906,51.18934476504008,49.521500788757734,51.08826418828487,3050900
2020-04-16,51.281986236572266,51.40833611215337,49.58887026946962,50.66707451152511,3110800
2020-04-17,52.511810302734375,53.034063530506934,51.745276147362894,52.343340586690545,2884600
2020-04-20,53.79218292236328,54.72718692025374,51.87163625423779,52.124339255839615,3442500
2020-04-21,52.14960861206055,53.30362102157145,51.78739979808458,52.890873535231485,2811600
2020-04-22,50.473350524902344,52.98354342537289,50.20380017012454,52.38547556324681,3986600
2020-04-23,51.29884338378906,51.76213277650251,49.647843724723955,49.69838561264099,2910300
2020-04-24,49.6815299987793,51.34937346128628,49.40355769500777,51.31567887498287,4385800
2020-04-27,50.271183013916016,50.7092030884114,49.66469318564651,50.178524488675585,3546700
2020-04-28,52.89929962158203,53.665833939554425,50.64181330228664,51.34938368912987,3887900
2020-04-29,53.32048034667969,53.82588967739847,52.43601803453898,52.8993075110609,3267400
2020-04-30,52.38547134399414,53.18570030110436,51.28200067215298,53.067772432048976,2816900
2020-05-01,50.54915237426758,51.947445784950546,49.917393245104314,51.56839287808706,2774800
2020-05-04,46.59855651855469,49.16770985575205,45.72251635751174,49.06662928741427,11134500
2020-05-05,48.00527572631836,48.6791515435645,46.25319538818503,46.581709648261686,5994300
2020-05-06,46.14368438720703,48.426443081151604,46.135262346252105,48.426443081151604,5470900
2020-05-07,48.23271179199219,48.780237764417556,46.792301463252734,46.884960001351836,5000600
2020-05-08,50.8692512512207,51.467315867567876,48.704423274521254,48.82235114666931,5188100
2020-05-11,51.18091583251953,51.534702645688085,50.161678455781924,50.39753740232542,3789900
2020-05-12,50.608123779296875,52.11591991915263,50.50703999654406,51.602088603352605,3008200
2020-05-13,48.95711898803711,50.6670825180893,48.43486568386359,50.54072940924896,3783400
2020-05-14,49.83316421508789,49.88370610650192,47.67675838082313,48.26640092748001,2968600
2020-05-15,49.032936096191406,50.21222120927607,48.82234969837582,49.47938144459998,2438000
2020-05-18,51.23988342285156,51.61893636505938,50.0353289805329,50.119562253625,2691500
2020-05-19,49.15929412841797,51.18934707751544,49.15929412841797,51.130383137303404,2121200
2020-05-20,51.088260650634766,51.36623302078659,49.52149735959949,49.78262243257645,2764800
2020-05-21,49.90897750854492,51.037720757101134,49.20982910823843,51.037720757101134,3178800
2020-05-22,49.858428955078125,50.330143591550126,49.479376050964504,50.29644900038218,1390500
2020-05-26,51.92218017578125,52.62132853796451,50.734473056214824,50.92821215080585,3193500
2020-05-27,52.85718536376953,53.269936113526946,51.39992788993332,53.03407716511125,3844200
2020-05-28,52.7813720703125,53.573175731064644,51.913757181477145,52.84876125673903,3091400
2020-05-29,52.10295104980469,52.49304722613825,50.66978181657204,52.23863569179726,3933300
2020-06-01,53.09514617919922,53.51067896870118,51.4923703783092,52.19623342857815,2183900
2020-06-02,53.001861572265625,53.36651463868097,52.382800217298794,53.09514536622912,2437500
2020-06-03,50.96658706665039,54.05341809738753,48.97371843306196,53.43435352842379,10554800
2020-06-04,54.3332633972168,54.43502929185528,51.63652865385292,52.39127458005022,6634500
2020-06-05,55.05409240722656,56.62294622454246,54.46047414228126,56.51270468103943,6777200
2020-06-08,58.23420333862305,58.26812530615855,55.30002108131595,56.16501507858704,5001900
2020-06-09,56.62294387817383,57.77626486223614,55.46962936406509,57.71690303820147,4056700
2020-06-10,54.73184585571289,57.16569379037583,54.72336374584881,56.79255859580551,3598700
2020-06-11,50.754581451416016,53.32411390547905,50.44929344551598,53.15450730110553,3842400
2020-06-12,52.747440338134766,53.0781713555795,51.068342163816524,52.15381898721997,2918800
2020-06-15,53.22235107421875,53.23931205913289,50.48321509263786,51.43301083796735,3009700
2020-06-16,54.99473571777344,55.444190513208866,53.35803781159353,54.57920289349693,4551200
2020-06-17,53.84141159057617,55.67315576675471,53.59548218056251,55.41874424744301,2393800
2020-06-18,54.29085159301758,54.909916041500004,52.68807941789209,52.959448628333845,1564200
2020-06-19,53.61244583129883,54.97777434828982,53.28171472171259,54.97777434828982,3908600
2020-06-22,52.08598709106445,52.72200942064586,51.63653234668618,52.603285770053624,3058600
2020-06-23,51.86549758911133,53.38347156557331,51.82309675007125,52.70504843600212,2558600
2020-06-24,50.406890869140625,51.37364757236342,49.54190007255834,51.32276461904316,3444100
2020-06-25,50.771541595458984,51.17011662389675,49.31293258592048,50.033756598862496,2177200
2020-06-26,49.423179626464844,50.78002935500526,49.16029243801166,50.6952244272968,3445600
2020-06-29,50.254241943359375,50.42384854164312,49.168764890306264,49.84718804846446,1698700
2020-06-30,50.635860443115234,51.17859901747145,49.85567455122246,50.169444682963935,2132800
2020-07-01,49.66909408569336,51.348192328230255,49.601253398962456,50.6104074720344,2139200
2020-07-02,49.56733703613281,51.12771182688368,49.40620932136906,50.30512197565244,2424900
2020-07-06,50.415374755859375,50.68674404651178,49.88959715959248,50.466254475996,1664600
2020-07-07,49.7708625793457,50.57649145187758,48.98219468923284,50.067674919213566,2644500
2020-07-08,49.126373291015625,49.830236439083556,48.719319319546685,49.796317701027526,2505200
2020-07-09,47.13349533081055,48.965239472021885,46.87908381635545,48.965239472021885,3927200
2020-07-10,49.626712799072266,49.69455351252425,47.15894578705568,47.226786500507664,2522100
2020-07-13,49.20269012451172,50.41537301555617,48.99068267132181,50.144003734271244,2288200
2020-07-14,49.87263488769531,50.11008220214505,48.558186078479025,48.88892042571878,2673000
2020-07-15,51.32276153564453,52.01814568102528,50.40688784076638,50.86482468820546,2077900
2020-07-16,51.195560455322266,51.814621849361465,50.669782861134216,50.881790320804235,1467200
2020-07-17,51.577171325683594,52.06903015435215,51.11923446484948,51.288841069044736,1371900
2020-07-20,51.01747512817383,51.34820624871667,50.78850668280329,51.28036554359417,1041700
2020-07-21,51.3736457824707,52.11143078753593,51.254918895526636,51.43300760845429,1459300
2020-07-22,51.1786003112793,51.3058060831623,50.56802101718151,51.23796214216412,1462500
2020-07-23,51.65349197387695,52.28951428675591,51.1446754175645,51.178594149002365,1476800
2020-07-24,51.577171325683594,52.17927169734869,51.187078400518345,51.670455119739835,1194400
2020-07-27,51.71286392211914,51.78070786823111,50.847873019055946,51.356692909963506,1108200
2020-07-28,51.50933837890625,52.00119404663897,51.1955649816695,51.34821062492592,1255400
2020-07-29,52.577842712402344,52.577842712402344,51.17011350466289,51.83157565198123,1554900
2020-07-30,52.213191986083984,52.2725538103968,51.13619380430222,52.009666655576275,1493100
2020-07-31,52.11143112182617,52.39976137915759,51.3990859704766,52.060548169952305,2036100
2020-08-03,52.942501068115234,53.82445284309516,52.01814844981409,53.341076112283986,5171500
2020-08-04,55.22370147705078,55.232177116464776,53.01882211308469,53.510677702176864,5640800
2020-08-05,53.366512298583984,54.977770113718705,53.17146584474797,54.65551466871965,4045200
2020-08-06,52.96794509887695,53.60396750371931,52.671135937274755,53.04426791685713,3140500
2020-08-07,53.25626754760742,53.7650873375865,52.645688328599995,52.7474509926051,2653800
2020-08-10,54.74879837036133,55.14737338645771,53.52763669984337,53.714204279288786,2644900
2020-08-11,55.300010681152344,56.063238632278136,55.130407345325516,55.401776564619965,2494100
2020-08-12,55.72404479980469,56.410946958862496,55.36787378917877,56.29222328865386,1462900
2020-08-13,54.78272247314453,55.613794504007664,54.774240363760704,55.342425233309164,1871500
2020-08-14,54.223018646240234,55.09649144979595,54.19757879006076,54.52831309527698,2907800
2020-08-17,54.002532958984375,54.324781924180435,53.49371641974464,54.10429561983699,1528000
2020-08-18,53.99406051635742,54.350231510592714,53.2477965565376,54.011021502032044,1388100
2020-08-19,53.83292007446289,54.23997390526506,53.612433795894496,53.90076399708473,1039200
2020-08-20,53.341068267822266,53.892285619888675,53.188422666332734,53.54459357982397,1712400
2020-08-21,53.358028411865234,53.68028061115152,53.09514126913772,53.341070664250324,1586300
2020-08-24,53.89229202270508,54.20606213638895,53.086663082456894,53.46827713151939,2522100
2020-08-25,53.88381576538086,54.392632365525884,53.29019424189362,54.392632365525884,1666800
2020-08-26,53.80748748779297,54.138218567799704,53.35802952716368,53.99405183024639,1767200
2020-08-27,54.2399787902832,54.94384499348382,53.87532576078978,54.03645347404015,2123600
2020-08-28,54.19758224487305,54.613118253826826,53.55308104575547,54.32478476885551,1753400
2020-08-31,53.60856628417969,54.17196829050743,53.38662142075582,54.043924304200964,2048800
2020-09-01,53.47199249267578,53.66832924100934,52.51591690102365,53.66832924100934,1730700
2020-09-02,54.112213134765625,54.27440674108359,52.62688207048249,53.06223682894434,4824500
2020-09-03,52.618350982666016,55.196346543194636,52.251285648395545,54.57318669189673,3187800
2020-09-04,53.28418731689453,53.506135457492036,52.41347770801803,52.82322436407078,3191100
2020-09-08,52.558597564697266,53.30980143386767,52.09763133204426,53.2329737284255,2825300
2020-09-09,52.276893615722656,53.07077549461287,51.67080698918013,52.77200291956692,4607100
2020-09-10,54.16343307495117,55.213409388380164,52.76346465704585,52.97687455627231,4495600
2020-09-11,54.39391326904297,54.76951675582135,53.71099902267372,54.300012397348375,5104800
2020-09-14,55.7512092590332,55.86218659324414,54.56465054307714,54.56465054307714,2195700
2020-09-15,55.69999694824219,56.07560054431188,55.31586164335624,55.75121325215903,2965800
2020-09-16,55.665836334228516,56.758493956628605,55.563397239846076,55.8194917194256,2847600
2020-09-17,54.419525146484375,55.478036439488186,54.103679402517706,55.324381049152684,2916000
2020-09-18,52.951271057128906,54.641480576881605,52.77200749655357,54.34270471954559,3826600
2020-09-21,51.09033203125,52.54152009551554,50.71473175547763,52.16591981974316,3029900
2020-09-22,50.69766616821289,51.559844172220735,50.39035532545276,51.01351197599309,2841900
2020-09-23,48.73429489135742,51.35496874043883,48.5635662850597,51.124485610393506,2804200
2020-09-24,48.572105407714844,49.084287979735045,48.034311427629476,48.580640372818316,7799500
2020-09-25,50.51839828491211,50.53547146987283,48.28186315709085,48.28186315709085,2640100
2020-09-28,51.01350402832031,51.91836322921024,50.86838685094626,51.26106030823975,2406100
2020-09-29,50.330596923828125,51.19277486141579,50.01475114037995,51.00497308166856,1156400
2020-09-30,50.774497985839844,51.29521881637151,50.35621628209899,50.35621628209899,1563600
2020-10-01,50.55254364013672,51.06472615316946,50.228159645148246,50.71473400944245,1314100
2020-10-02,50.629371643066406,51.687883044647116,50.01475001867953,50.09157772172789,2321000
2020-10-05,50.36473846435547,51.47446933856591,50.12572040859909,51.20984313580043,3921400
2020-10-06,50.031822204589844,51.12447995379592,49.66475688139525,50.56107789481442,1999700
2020-10-07,50.16840362548828,50.57815027492498,49.63914794367967,50.45010302231112,1750200
2020-10-08,50.356204986572266,50.82570614839354,50.10011048341804,50.3647399503682,2093400
2020-10-09,49.49402618408203,50.77448565048891,49.442806633130104,50.544002555770454,2455600
2020-10-12,50.339134216308594,50.88546310399662,48.819653334002105,49.630611701328974,2019800
2020-10-13,50.330596923828125,50.569618258881995,49.698905356931775,50.270842404158934,1756700
2020-10-14,50.603755950927734,51.090330276888444,50.32205656786578,50.330591531313885,1404300
2020-10-15,51.636661529541016,51.66226967584404,49.77572691606539,49.83548142835689,1674800
2020-10-16,50.970829010009766,52.35372775825731,50.91107448764593,51.70495972062525,1687300
2020-10-19,49.77574157714844,51.14156405521415,49.59647473109547,51.0220549954306,1711300
2020-10-20,49.39158248901367,50.25375695990104,49.37450930807638,50.24522199762054,1630200
2020-10-21,50.50986099243164,51.0561931520831,48.785511612613476,49.18672006924343,3395100
2020-10-22,50.7403450012207,50.85131907926737,49.79280762465622,50.29645194541122,2101900
2020-10-23,51.26106643676758,51.380575480981626,50.50132757879779,51.06472968464775,1320100
2020-10-26,49.05013656616211,50.78302737805881,48.708682638695656,50.78302737805881,2212600
2020-10-27,49.229400634765625,50.2623071612746,49.2123307061351,49.28915841048077,1843000
2020-10-28,48.45259094238281,49.12696712871249,48.32454693327261,48.70868547335769,1991200
2020-10-29,48.86233901977539,49.51110377435759,48.0343074490946,48.418445974481415,2140300
2020-10-30,48.853797912597656,48.87087109675913,48.119667275538696,48.52941392628341,2488700
2020-11-02,49.195255279541016,49.82694681415385,48.7513622587006,49.38305379331344,1638500
2020-11-03,48.222110748291016,49.80987794259963,48.21357252724846,49.54525170507013,2466300
2020-11-04,48.26478576660156,49.08427903504758,47.65016418707866,48.12820355519389,2727500
2020-11-05,49.26354217529297,49.9805995934311,48.53794979367628,48.64892385715796,1612400
2020-11-06,48.93916320800781,49.91231189813768,48.580632857952295,49.34890985351634,1528900
2020-11-09,51.51715850830078,52.985419945944905,50.81717416160469,51.909835274994926,3378100
2020-11-10,51.61104965209961,52.30249890331086,51.51714877468339,52.30249890331086,2034200
2020-11-11,52.16591262817383,52.41346887543931,51.86713683639178,52.07201175808165,2621000
2020-11-12,51.926910400390625,52.661037890253134,51.30375048313869,52.19153665330683,3045800
2020-11-13,53.224430084228516,53.378085479455905,52.10616424342304,52.10616424342304,1838000
2020-11-16,55.26463317871094,55.50365125623529,52.976881744455575,54.50489435539962,4746800
2020-11-17,54.44514465332031,55.153667240639045,53.65979761118025,54.19759158957108,2329100
2020-11-18,54.16343307495117,55.315848484600046,54.16343307495117,54.57317969070078,1682900
2020-11-19,53.21588897705078,53.77929094238259,51.93542966889881,53.54027291356801,3569700
2020-11-20,51.85008239746094,53.13054208542574,51.66228060118534,52.88298576422197,2865400
2020-11-23,53.89027786254883,54.16344231967281,51.95251525606628,52.07202429901087,2763500
2020-11-24,55.315860748291016,55.34146889983507,54.13783367522675,54.72684721175888,2949100
2020-11-25,55.47804641723633,56.3914407038513,54.846354815693005,55.332929220473794,2997700
2020-11-27,55.48658752441406,55.96462373285053,55.05976762038011,55.614634798175224,1329300
2020-11-30,56.04097366333008,56.04097366333008,55.05252610685195,55.482288194937766,5085800
2020-12-01,57.3818359375,57.75143159620477,56.204285453336205,56.281646039304164,3449300
2020-12-02,56.81454849243164,58.086647197916264,56.74578498237317,57.37324053577049,3895100
2020-12-03,59.41889953613281,59.4532812875505,57.33025568046026,58.11242577050343,3534600
2020-12-04,60.25265121459961,60.34719941079326,58.88601074577304,59.41032108551969,2808500
2020-12-07,59.0493049621582,59.977592594102106,58.44764069570308,59.84866266339068,2849700
2020-12-08,58.800052642822266,59.16105122668218,58.44764457930488,58.70550445786146,2186300
2020-12-09,59.44468688964844,59.52204090705509,58.62813510146096,59.13525770472554,1986200
2020-12-10,59.65957260131836,59.92602298134119,59.135262361006646,59.135262361006646,1638500
2020-12-11,59.556427001953125,59.97759198418888,59.350143049501746,59.444691227218755,1776400
2020-12-14,59.97758865356445,60.57925943813838,59.73692296279418,59.87444996189048,3153700
2020-12-15,58.66252136230469,60.287021429264314,58.456237409040405,60.19247325117472,2226600
2020-12-16,56.07535171508789,58.44764012084007,56.049567040728945,58.00069046410492,4096300
2020-12-17,55.86907196044922,56.565284451047106,55.508073377002106,56.513715098454405,3315000
2020-12-18,55.82609558105469,56.977861448207335,55.31038235952116,55.869074415203066,4710000
2020-12-21,54.88060760498047,55.14706451154389,54.27894341141383,55.14706451154389,2145800
2020-12-22,53.70306396484375,54.88061103286253,53.694470166752,54.88061103286253,2602000
2020-12-23,55.48228454589844,55.67137434379466,54.00390201089181,54.124234863029685,2315000
2020-12-24,55.688575744628906,55.82609621168828,55.19864719499021,55.69717282308557,1074300
2020-12-28,55.33616638183594,56.07535772842097,55.061118896431,55.84328907665558,1594500
2020-12-29,54.57978057861328,55.71435213305962,54.26175757835199,55.52525578104381,1452900
2020-12-30,54.65713119506836,54.983751232564856,54.5797739040514,54.674322068497005,1173400
2020-12-31,55.38773727416992,55.55104240037207,53.728852154995785,54.4766405120696,1906700
2021-01-04,54.57978057861328,55.56823460928322,53.85778020043613,55.4822835104529,2177400
2021-01-05,54.53680419921875,55.10408996780856,54.05546952815119,54.32192317658891,2297100
2021-01-06,56.178489685058594,56.5566823470095,54.74308288677235,54.75167996299335,1942200
2021-01-07,55.53385925292969,56.359001700482985,54.87202522348861,56.26445351358789,2969400
2021-01-08,55.03532791137695,55.877664427562074,54.58837497911572,55.86906735028966,2672400
2021-01-11,55.6713752746582,55.86906871084664,54.83763909426614,55.00954457683361,2021800
2021-01-12,55.01814270019531,56.56528223624023,54.700116403811364,55.88625737054401,3261500
2021-01-13,55.08690643310547,55.654195589878775,54.45086031964876,54.75169577661868,2496400
2021-01-14,55.66278839111328,56.05816873167047,55.018145248490846,55.40492851100464,1720100
2021-01-15,55.6541862487793,55.99799720508911,54.880613236494355,55.636998651905664,1653600
2021-01-19,54.923587799072266,56.152707445997684,54.58837066723658,56.06675635300845,2639000
2021-01-20,56.943477630615234,57.218525109317525,55.224429249313644,55.52526140451159,2788100
2021-01-21,56.642642974853516,57.9834985546272,56.5051159627491,57.063807973537756,2040300
2021-01-22,57.1755485534668,57.64828950020904,56.29883672945778,56.62545357415733,1911000
2021-01-25,57.244300842285156,57.802992790451114,56.6856088941192,57.00363515572705,1755800
2021-01-26,57.21851348876953,57.6740601680733,56.16129606361445,57.28727698389217,1609100
2021-01-27,55.679969787597656,57.27868512783916,55.310374164689165,56.548090959107995,2227600
2021-01-28,55.834693908691406,56.23007427263522,55.47369530130568,55.48229237985759,1391200
2021-01-29,55.2759895324707,55.67996688501474,54.2789450448911,55.43070412370782,3402200
2021-02-01,55.17284393310547,55.74012632482502,53.79760365866916,55.49086359473784,1917900
2021-02-02,55.19863510131836,55.66277887154554,54.19299026582612,55.439300784181036,2028300
2021-02-03,56.273040771484375,56.6426363763987,55.086893382032386,55.3963225655722,1597200
2021-02-04,56.917686462402344,57.106782812002095,56.1784952181388,56.30742514356122,1324900
2021-02-05,56.883304595947266,57.725641090363155,56.74577759373716,57.106782695714486,1667600
2021-02-08,58.4046630859375,59.42749891792017,58.07804627127652,58.44764191628842,2478200
2021-02-09,59.73693084716797,60.03776300033611,58.47342924621264,58.47342924621264,2515700
2021-02-10,59.547821044921875,60.65660778018612,58.997726215315254,60.06353412797213,3334000
2021-02-11,56.16130065917969,57.05520649597697,54.33911379285878,55.86906561746723,6044200
2021-02-12,56.35040283203125,57.0810036271271,55.662787426407384,55.94642542043209,2705000
2021-02-16,56.44493865966797,56.762964895651756,55.69715698777688,56.728583149249644,2594400
2021-02-17,57.7772102355957,58.15540293270435,56.195682503944575,56.3847788524989,2260100
2021-02-18,58.129615783691406,58.774258894860026,57.67406903435606,57.81159604574347,1907700
2021-02-19,58.035057067871094,58.619533644871915,57.78580088086349,58.25853514198402,1673200
2021-02-22,58.757080078125,59.29857801167641,58.043673354648675,58.301533260711146,1832300
2021-02-23,58.61095428466797,59.350145583295856,58.3788790903098,59.118070388937696,2031100
2021-02-24,59.195430755615234,59.63378335197329,58.696905173226874,58.748474523939855,1379200
2021-02-25,58.71408462524414,59.745517399950465,57.95770583657787,59.1782283902148,1667800
2021-02-26,58.54539108276367,59.28942940738053,58.24258632289605,58.99527809798018,2087800
2021-03-01,59.298099517822266,59.860455144514006,59.07315594701546,59.07315594701546,1614400
2021-03-02,59.41920852661133,59.91234962411235,59.05584279174723,59.57493764164581,1811000
2021-03-03,60.526607513427734,61.08896297018664,59.42785695076067,59.69605450371475,2573800
2021-03-04,62.45591735839844,63.11343436222883,60.362224644221904,60.80345819728724,4588300
2021-03-05,62.90578079223633,63.84015514645151,61.867591465761755,62.516461444970055,3362900
2021-03-08,63.75365447998047,64.35061050360052,62.95770211407337,63.563318188147214,2851000
2021-03-09,62.628936767578125,63.99589125858662,62.38669300474573,63.57196467362993,3763500
2021-03-10,64.06512451171875,64.47174431868687,62.48187953762676,62.97502065735138,2146500
2021-03-11,64.00454711914062,64.9821756561649,63.15668731663234,63.15668731663234,2469400
2021-03-12,65.3282470703125,65.74352026054223,64.35061184204366,64.45443343992527,1506300
2021-03-15,66.25397491455078,66.46161153071085,65.30229993978068,65.40611494753621,2337000
2021-03-16,65.97711944580078,66.60868270257502,65.3195958381884,65.63105404176014,2025700
2021-03-17,66.08092498779297,66.44429724037958,65.62239119834888,66.4096900448643,1682000
2021-03-18,66.5567855834961,67.60362880853187,66.0722979026596,66.12420541113505,1793100
2021-03-19,66.40104675292969,66.85092716214947,65.93385944298107,66.15880294791529,5884500
2021-03-22,65.29364013671875,66.12419312120633,64.77454534649505,66.06363217235771,1976700
2021-03-23,63.51140594482422,65.43205581730588,63.217248079249224,65.42340896879463,2267400
2021-03-24,63.64982986450195,64.35060745059702,62.90579163207967,63.251857000753645,1736800
2021-03-25,65.18981170654297,65.25902609815871,63.04421837163629,63.952632509164154,2099700
2021-03-26,65.73487854003906,65.86464729670558,64.33331656220084,65.14656930743833,1671800
2021-03-29,66.09823608398438,66.40104081316562,65.46666627685089,65.74351725790918,1439900
2021-03-30,65.70891571044922,66.5048681250021,65.52723285731771,66.17610301877963,1439400
2021-03-31,64.28141784667969,65.78679503563329,64.26411094299242,65.47533677576017,2346900
2021-04-01,64.7745361328125,65.06003393640421,63.42488194943083,64.177573578612,1985800
2021-04-05,64.55825805664062,65.2849894738498,64.13432479595329,64.88701656433307,1832300
2021-04-06,65.65701293945312,65.94251741521882,64.4803944338573,64.56690914148805,1856700
2021-04-07,65.50991821289062,66.38373168717267,65.1378991377525,65.89923758426085,1755400
2021-04-08,66.03766632080078,66.07227351389332,64.77453347583531,65.15519939855892,1349100
2021-04-09,66.23666381835938,66.54812202320076,65.72622246082125,66.21936351837867,1547200
2021-04-12,67.10181427001953,67.24889650137737,66.3577760667651,66.40969016045219,1431300
2021-04-13,66.59136962890625,67.08451058985759,66.35777272071243,66.86822057890267,1415100
2021-04-14,67.70742797851562,67.91506454422753,66.95473635191978,66.97204324944009,1726900
2021-04-15,67.7420425415039,68.26113731257155,67.53439935255834,67.89777163288902,1390900
2021-04-16,68.27843475341797,68.47742448433306,67.81124749881755,68.07079817381151,1264800
2021-04-19,67.9583511352539,68.58126107022923,67.43924962179958,68.46013914392987,1067400
2021-04-20,67.94103240966797,68.58990258793524,67.6036204450209,68.07080776545118,1486500
2021-04-21,68.84945678710938,68.94462494612795,67.82856739089586,68.08811151496084,1064200
2021-04-22,68.38225555419922,69.01381873506759,67.96697579913207,68.70236716957696,1742600
2021-04-23,68.08810424804688,68.57259844242746,67.9323751499689,68.15731864733672,1319400
2021-04-26,67.4392318725586,68.23518423673298,67.35271717663588,68.23518423673298,1156400
2021-04-27,66.34912872314453,67.35271098475337,66.07227776125441,67.30080349210134,2474900
2021-04-28,66.90283203125,67.18833644803885,66.60002731676836,66.7038423042205,1229300
2021-04-29,66.87687683105469,67.43057875425914,66.5135045809256,67.07585995311226,1774800
2021-04-30,67.00665283203125,67.2229428755183,66.5221652468277,67.04126003106697,1847300
2021-05-03,67.91505432128906,68.39089492176048,67.25753092808667,67.27483782300186,2105200
2021-05-04,67.29215240478516,68.19191971266805,66.66923606850871,67.7593396569925,2797400
2021-05-05,67.37003326416016,67.58632333378878,66.5394801888641,67.26621165450473,2746300
2021-05-06,67.81990814208984,68.04485164423542,67.4132817884358,67.69878624108419,1973700
2021-05-07,68.19190979003906,68.28707791649155,67.20562793466485,67.28348916504588,3070200
2021-05-10,68.19190979003906,68.67639726969043,65.75215889506389,66.05496356984598,3637600
2021-05-11,68.72833251953125,68.73697936958258,66.98935856512196,67.742050360469,2751000
2021-05-12,68.48609161376953,69.82708610070772,68.18328023224072,68.88406455444695,2824300
2021-05-13,69.69730377197266,69.93954757246733,68.21788061839571,68.39091661921228,1954400
2021-05-14,69.50697326660156,70.76145962468361,69.45506576235302,70.09528251713164,1391200
2021-05-17,69.74055480957031,70.06931326483422,69.23876037734045,69.7924623023363,1296100
2021-05-18,69.0916976928711,70.0952801447209,69.05709049099367,69.61944597036627,1077000
2021-05-19,68.90135192871094,69.18685635453811,67.85450896799257,69.10898851083618,2206400
2021-05-20,69.71461486816406,70.29427065432708,68.98787682229266,69.1176521805535,2601300
2021-05-21,69.80976867675781,70.50189277748764,69.38583548685658,69.87897646637751,1714900
2021-05-24,69.69730377197266,70.22505202332829,69.68865692241822,69.9309007229129,899600
2021-05-25,69.39451599121094,69.82709619806351,69.13497182748948,69.68867396420876,1207600
2021-05-26,68.86676025390625,69.53293739765697,68.53800170805295,69.44641608500923,1741700
2021-05-27,68.78888702392578,70.3461713708735,68.65045822829579,69.28202805722313,2281800
2021-05-28,69.1673583984375,69.68937487011108,68.99335512047949,69.11515874261,1453100
2021-06-01,69.68936920166016,69.87207461999489,68.993349508642,69.39356232563222,2194200
2021-06-02,69.83727264404297,70.46369501425782,69.31525621479693,70.03738237145012,1901200
2021-06-03,68.88023376464844,69.75896541622548,68.07980821954771,69.58496217174212,2136200
2021-06-04,68.42781829833984,69.18473967970512,68.14940913688864,68.95853679951213,1461000
2021-06-07,68.14939880371094,68.70621704218557,67.557778595607,68.35820398368968,1401300
2021-06-08,68.14070892333984,68.28861234255257,67.44468268100043,68.06240945592072,1869500
2021-06-09,67.34028625488281,67.86230263993804,67.26198014633538,67.84490497014886,1415500
2021-06-10,66.94007110595703,67.55779124751744,66.9226667989845,67.49688944871002,1189200
2021-06-11,67.3141860961914,67.34028591964446,66.65296180492071,67.11407638672057,1306900
2021-06-14,67.2967758178711,67.42728156135587,66.54854996887609,67.12277258508996,1204000
2021-06-15,65.8786392211914,67.65350031678501,65.81773741761805,67.42729077302734,1643700
2021-06-16,64.9389877319336,65.94822492645005,64.78238218926025,65.85252117049428,1941900
2021-06-17,64.27777862548828,65.13041047674757,63.92106997351342,64.93900292006904,2285600
2021-06-18,63.3033561706543,63.86887674371778,62.80743955933998,63.84277027971249,3017900
2021-06-21,64.00807189941406,64.05157603079073,63.268548130600415,63.51215533559329,1591900
2021-06-22,64.56488037109375,65.11299649833892,64.11246800797356,64.30387553622354,2017000
2021-06-23,64.23428344726562,64.81720165430649,64.22558129315792,64.72149787251784,1067800
2021-06-24,64.62578582763672,64.79109354555325,63.73835871828019,64.09506733750267,1873900
2021-06-25,64.81719970703125,64.86939935451186,64.06027162956987,64.64319645689687,1653600
2021-06-28,64.03417205810547,65.06950932253987,63.799267005718754,64.86939961007832,1337600
2021-06-29,63.79054641723633,64.5648719438728,63.651345184367386,64.23426320773703,1279000
2021-06-30,64.17337799072266,64.2516774598383,63.60785748629355,63.8601668386634,1423700
2021-07-01,64.24298095703125,64.7824016858692,64.0776798506478,64.32128707083302,1298000
2021-07-02,64.05157470703125,64.34738155332384,63.799265353417844,64.2777775996791,1047400
2021-07-06,63.538246154785156,63.77315781045028,63.198935219088916,63.52954400218338,1911300
2021-07-07,63.85147476196289,64.21688561776766,63.164150549682866,63.36426028755655,1531000
2021-07-08,63.19894027709961,63.57305321534684,62.9118289584405,63.303346203284214,1364100
2021-07-09,63.99068069458008,64.18208163369867,63.49476408065639,63.49476408065639,1430900
2021-07-12,63.12063980102539,63.94716513058726,62.73782471560407,63.79926171587374,1624100
2021-07-13,62.4420166015625,63.65136375802157,62.30281532807422,63.22504450805455,1518200
2021-07-14,61.92000198364258,62.642128109082876,61.49368935926164,62.52032450211689,2256900
2021-07-15,62.4420166015625,62.511620557205916,61.47628992765394,61.554589399403866,1478200
2021-07-16,62.1201171875,62.8509388938262,62.02441339674785,62.72043312118243,1475200
2021-07-19,61.702476501464844,62.076589366816684,60.98035058777228,61.51977114459024,1750100
2021-07-20,62.06789779663086,62.79872598651861,61.615485403117816,61.772090969679624,1756900
2021-07-21,62.180999755859375,62.546410495954404,62.0156920524747,62.43330906815279,1374100
2021-07-22,61.528480529785156,61.963495231904346,60.797652378570184,61.94609092665293,1436000
2021-07-23,62.05048751831055,62.25929268536011,61.38056789836977,61.6676725138892,1278100
2021-07-26,61.989601135253906,62.36371408130141,61.75469609368838,61.82429340813113,1699800
2021-07-27,62.4420166015625,62.633424160682615,61.693797310690705,61.85039625419056,2789100
2021-07-28,62.30280685424805,62.59861366880195,61.53718335969884,62.54641402806836,1102600
2021-07-29,62.572509765625,63.16412999392768,62.494210309633594,62.78132159052986,1238300
2021-07-30,62.172298431396484,62.93792189290307,62.12009879291571,62.61601527187515,1692700
2021-08-02,62.42461395263672,63.111938024748554,62.09400514639729,62.44201162126068,1817100
2021-08-03,62.38981628417969,62.86833517684466,61.93740385294974,62.51161988634923,1981400
2021-08-04,61.215267181396484,62.0591967347866,60.98035553365009,61.980890639605356,1634500
2021-08-05,61.02387619018555,61.65900072482462,60.93687455692243,61.51979280136433,1426100
2021-08-06,61.87650680541992,62.08531204835188,61.33708607023012,61.42408770163519,1369300
2021-08-09,67.25328826904297,67.37509187755269,64.38218803920226,65.25221760729958,5240600
2021-08-10,69.21082305908203,69.41092605081535,67.47076472083027,67.50556004633502,3303400
2021-08-11,69.75897216796875,69.82857612761815,68.75843682085514,69.55886244342645,2132700
2021-08-12,69.63716888427734,70.1243833285117,69.04554850007892,69.71546836090116,2207900
2021-08-13,71.26411437988281,71.73392443466052,69.95907022421672,70.14177560947424,2690900
2021-08-16,70.56807708740234,71.2293012142982,70.05475634850521,71.2293012142982,1651000
2021-08-17,70.26358795166016,70.7247025487175,69.8111688708426,70.22008381926663,1183100
2021-08-18,69.73286437988281,70.56809188690573,69.62845845233062,70.26358289545959,1998700
2021-08-19,69.85467529296875,70.77690451731276,69.02814321498975,69.48056231063694,1609000
2021-08-20,69.55015563964844,69.87206228463712,69.26304433103864,69.32394612639848,1453100
2021-08-23,69.19345092773438,69.75026932382552,69.07164731845187,69.75026932382552,1122300
2021-08-24,68.83673858642578,69.48926073187086,68.6888285220647,69.43705444653226,1223200
2021-08-25,68.48002624511719,68.95854516085046,68.30602298728625,68.70623579053645,1384900
2021-08-26,67.94930267333984,68.4887233533513,67.53169223019407,68.28861364757014,1411500
2021-08-27,68.3060073852539,68.64531830698012,67.6360810562477,68.0275982536376,1198600
2021-08-30,68.01890563964844,68.53221985144262,67.8883998888844,68.25381068078515,1039600
2021-08-31,68.70579528808594,68.79330164531285,67.97954192400614,68.24204096829354,1889400
2021-09-01,68.55703735351562,68.93329194902395,67.98827947531042,68.7495406362125,1308400
2021-09-02,68.6795425415039,68.99454671918933,68.34704109874592,68.53079242309619,1426500
2021-09-03,68.45204162597656,69.62455193102457,68.09328428811143,68.68829141067528,1477300
2021-09-07,67.62953186035156,68.61829087635498,67.55077747943595,67.98828253221933,3170500
2021-09-08,66.64952087402344,67.80453399373964,66.33451668902833,67.72578628538966,3435000
2021-09-09,66.13327026367188,66.69327623851711,65.37200901233639,66.52702216992944,2156600
2021-09-10,65.45075225830078,66.31701031009513,65.12699614715899,66.14200430037118,1391700
2021-09-13,66.87701416015625,67.42826805351571,65.62574960073701,65.62574960073701,1797800
2021-09-14,66.00199890136719,67.14825976671635,65.65199359625262,67.14825976671635,1697300
2021-09-15,66.68451690673828,66.84201898701528,65.8007548631953,65.92325573943329,1288400
2021-09-16,66.32576751708984,66.83326829587352,66.1332642290904,66.54452003967154,1112100
2021-09-17,66.33451080322266,66.65826693012923,65.87950850737812,65.97576014846395,2566200
2021-09-20,66.2382583618164,66.68451535820452,65.57325552790904,65.67825246179078,1628300
2021-09-21,66.08076477050781,66.72827709964332,65.81826572629954,66.43952214279622,1244400
2021-09-22,66.04576110839844,66.78076634153159,65.94950946942193,66.57951109390883,914700
2021-09-23,66.5970230102539,67.26203259307474,66.27326685166271,66.36076653145022,1497800
2021-09-24,66.69327545166016,67.20078294656282,66.33451808174001,66.66702621499239,1125600
2021-09-27,67.25328063964844,68.1107868479032,66.93827645169429,67.1395317234752,1234900
2021-09-28,68.07579040527344,68.33828943733334,67.33202645827672,67.41953281142747,2008600
2021-09-29,70.42955017089844,70.88455909086828,68.30327569020658,68.40827928922951,2810500
2021-09-30,69.07330322265625,70.70956792698348,69.05579928124874,70.63082021804262,1981200
2021-10-01,68.52204132080078,69.2483013327656,68.11078549051233,69.23080406747137,2249500
2021-10-04,68.32079315185547,69.44080505995186,68.08453667623658,68.79329942729568,1690500
2021-10-05,68.52204132080078,68.88079867940901,68.18953987383019,68.47829481966643,1381500
2021-10-06,68.79329681396484,68.82829801923792,67.65578100788045,68.41704220202591,1070200
2021-10-07,68.8458023071289,69.53706116124548,68.70579747175432,69.03830561786998,2016000
2021-10-08,68.74956512451172,69.30957123230328,68.65331344887885,68.86331407035084,858400
2021-10-11,68.54827880859375,69.6507932555082,68.51328428400276,68.95953456839973,1269300
2021-10-12,69.3357925415039,69.51079855205697,68.42578131401815,68.7582893961706,2028200
2021-10-13,69.39703369140625,69.67703659503198,68.31202327433101,69.5457904494229,1335900
2021-10-14,69.73829650878906,69.86954934804962,69.31829543411136,69.80829891316758,1059000
2021-10-15,69.72080993652344,70.18456425399859,69.61580631385449,70.00081292117623,1413800
2021-10-18,69.5020523071289,70.15830988021304,69.30079704736565,69.46705110213541,1290800
2021-10-19,70.08831787109375,70.11456710978484,69.14330522342459,69.80831486539158,1236000
2021-10-20,71.07707214355469,71.62832609383054,70.0883064749715,70.1758061483141,1457300
2021-10-21,71.04206848144531,71.3745698989636,70.7095603881301,70.99831530838902,1156800
2021-10-22,72.1883316040039,72.26707930682566,70.93706692250262,71.14706747249107,1283200
2021-10-25,72.87958526611328,73.29084104307204,71.71582033893141,72.1883265501736,1671300
2021-10-26,72.17958068847656,72.90584066771834,71.96958013542014,72.80083705329152,1203900
2021-10-27,70.55206298828125,72.24083277293347,70.0883086966478,72.24083277293347,1520600
2021-10-28,70.88455963134766,70.95455535543374,69.62454313664993,70.60455670761442,1389800
2021-10-29,69.97455596923828,71.56707402057606,69.94830673541465,70.93706570562098,1771200
2021-11-01,70.72706604003906,71.09456866974057,70.00080607482148,70.1320589213712,977000
2021-11-02,71.33956909179688,71.52332040321913,70.48206297182632,70.74456198423086,1269400
2021-11-03,71.50584411621094,72.0308489708315,71.04208971669946,71.34834199224487,1152200
2021-11-04,70.93706512451172,71.90832682281149,70.52580932918518,71.52332026109355,835100
2021-11-05,71.36581420898438,71.62831988204421,70.86705877080797,71.28706651254437,1143000
2021-11-08,71.19956970214844,71.70707045419529,71.06831686035481,71.66332395746197,1051100
2021-11-09,71.33081817626953,71.46207102231024,70.58706094976829,71.05956719003659,1169900
2021-11-10,72.22332000732422,72.47707368665824,71.10330837150231,71.71581264865618,1574100
2021-11-11,72.7396011352539,72.84460477064322,71.76833920424812,71.89959207953511,1580900
2021-11-12,71.07707214355469,72.75708990460247,70.37706140521954,72.73958596445564,2804700
2021-11-15,73.59711456298828,74.218371055443,70.4645761848657,70.87583208111849,4097500
2021-11-16,73.13336181640625,74.90963164125351,73.09836060362616,73.98212286787681,2434700
2021-11-17,72.26705932617188,73.83332773750693,71.93455799097154,73.12457190488203,1859000
2021-11-18,72.2408218383789,72.88833403038383,71.97832284976285,72.27582303868698,2875000
2021-11-19,71.32207489013672,72.555835655742,70.89331513594587,72.31958586685495,2018200
2021-11-22,72.7396011352539,72.92335249033628,71.47959088957498,71.47959088957498,1730000
2021-11-23,72.8358383178711,73.37834697915903,72.3195855670593,72.62583776464234,2131600
2021-11-24,72.8358383178711,73.8246039960927,72.57333929528446,72.63458973480105,1314300
2021-11-26,71.17330932617188,72.72208074569829,71.1645640328522,71.7508191234994,1171500
2021-11-29,71.64583587646484,72.17084735984717,71.35708757156256,71.68958905867947,2027500
2021-11-30,69.48114776611328,72.10341291286318,69.29635828298039,71.01226542172463,3299900
2021-12-01,68.86518096923828,70.80107649488295,68.82998201432476,70.00032208952132,2427300
2021-12-02,71.09143829345703,71.68100547930355,69.47232049400633,69.75390532258317,2993600
2021-12-03,72.68416595458984,73.10654663617125,71.83941130494023,71.92740532216168,3070800
2021-12-06,73.45853424072266,74.6816692868785,73.28253948121349,73.38813633691899,2744500
2021-12-07,73.88970184326172,74.66405856271727,73.41452611308004,73.46732117859592,1874300
2021-12-08,73.50253295898438,74.76966846068768,73.42334034688496,74.21529332193545,2074700
2021-12-09,73.69612121582031,74.26809245452645,72.60498052476696,73.37053593507648,3182200
2021-12-10,74.0129165649414,74.40009839525712,73.537740695058,74.13610956303916,1973200
2021-12-13,74.7344741821289,75.1392521119393,73.22975403647035,73.66973092280962,2564400
2021-12-14,75.45602416992188,76.05439291001399,74.664064556048,75.01604735260455,3078000
2021-12-15,75.59681701660156,75.90479943397273,74.82245355176757,75.4824187519257,1892800
2021-12-16,75.85201263427734,76.52077938230919,75.50883119949451,76.02800741718809,1821900
2021-12-17,75.1744384765625,76.22158543897488,75.13923952592953,75.9400005474245,3392500
2021-12-20,74.65524291992188,74.91043021047135,73.90728387576604,74.54085139526659,1721600
2021-12-21,75.03364562988281,75.39442985294833,74.41768075332415,74.79606109564266,1548700
2021-12-22,74.7344741821289,75.26244510303313,74.41769028688347,74.92806508628051,1599600
2021-12-23,74.9896469116211,75.45602124574171,74.74326097763385,74.98084549583207,1182200
2021-12-27,75.81681060791016,75.81681060791016,74.7256632352072,74.87525374624249,726000
2021-12-28,76.26557922363281,76.29197675827471,75.6232168356353,75.6232168356353,960600
2021-12-29,76.04557800292969,76.39756073704233,75.85198716349211,76.26556637256105,975500
2021-12-30,75.95758056640625,76.33596081361942,75.73759220671282,76.21276786927206,752600
2021-12-31,76.69676208496094,76.99594309851443,75.91359717301225,76.02799544226437,1258500
2022-01-03,77.25993347167969,77.28633100712558,75.81681001685315,76.45037100809533,1781700
2022-01-04,78.7910385131836,79.17822020798211,77.53270471860094,77.62069872736991,3471400
2022-01-05,78.94943237304688,80.17256725176445,78.88783589402918,79.19581828911765,2289900
2022-01-06,79.93498229980469,80.49815878374748,79.03743257615542,79.495005497062,2135200
2022-01-07,80.0845947265625,80.68296356048941,79.50382201414176,79.90859994392841,1751500
2022-01-10,79.87338256835938,80.79733650195692,79.38941213312829,80.47175126430066,2050000
2022-01-11,80.06697082519531,80.77973775867756,78.57985390591959,80.59494160715468,2027000
2022-01-12,79.85578155517578,80.11977029530865,79.25741289591882,79.89098050142766,1680300
2022-01-13,82.02046203613281,82.07325709594652,80.24295898277913,80.34854910240652,2218400
2022-01-14,82.50444793701172,82.7684299777731,81.46610246425269,81.6068915432895,2076600
2022-01-18,82.46925354003906,82.79483207963017,80.91173188819035,82.21406618709455,2507200
2022-01-19,81.58049774169922,82.54844536245308,81.35170792509852,82.25806577568616,1880400
2022-01-20,79.60061645507812,81.25492710973754,79.41582697079551,81.16693307629549,2142700
2022-01-21,79.13423156738281,80.22537220745407,78.77344735042811,80.22537220745407,3056200
2022-01-24,79.76780700683594,79.9789940223569,77.61191633915627,78.79985924605784,2760200
2022-01-25,79.45101928710938,79.95259262067812,78.46546873978403,79.48621824024748,1837600
2022-01-26,79.70619201660156,81.14931526252771,79.00222651021741,79.55660152838652,2513300
2022-01-27,79.21340942382812,81.64208291172815,78.65023973294005,80.13736326449478,1811100
2022-01-28,80.33977508544922,80.37496732537737,78.3598792705522,78.72065679468398,1633800
2022-01-31,79.9789810180664,80.26936731313833,79.30141970974499,79.81178768814382,1443000
2022-02-01,80.1285629272461,80.72693157104892,79.22221190358425,79.97897244467349,1407300
2022-02-02,80.4013671875,80.57735523159143,79.11663566779463,79.89979387697451,3364100
2022-02-03,79.47740936279297,80.5245563014326,79.16942694363814,80.19897105060423,2053700
2022-02-04,77.69111633300781,79.3806258987106,77.2775370019889,79.31902940559168,2948900
2022-02-07,87.19458770751953,87.58176938969353,84.05315403095841,85.70747088132927,10139300
2022-02-08,86.86021423339844,88.6289227510954,85.85706772211067,87.83696321231223,5491200
2022-02-09,86.8690185546875,88.30334047426179,86.73702417488929,87.26499498056913,2237300
2022-02-10,86.1298599243164,87.86336967044554,85.83067890900148,86.51704167450137,2687300
2022-02-11,86.22664642333984,87.2385943478221,85.79547106393035,86.56982777051455,2172000
2022-02-14,83.4900131225586,86.297067859108,82.926843234416,85.54030706313239,2725300
2022-02-15,82.68043518066406,83.68358169577935,82.4692482073537,83.33159893125351,2092800
2022-02-16,83.11161041259766,83.42839422882406,82.31965758554448,82.37245265041126,2242200
2022-02-17,82.02046203613281,83.49878413252597,81.6684793058464,82.89161409061973,2017900
2022-02-18,81.19332122802734,82.78604191730216,81.00853176510867,81.80929281793657,3475800
2022-02-22,81.3429183959961,81.89728678436738,80.66535031891756,81.32531556324636,2338000
2022-02-23,80.94692993164062,81.89728143261462,80.68294787926776,81.43090709792735,1793300
2022-02-24,79.4862060546875,79.97017648073562,77.64709963786875,79.4686032240601,2743200
2022-02-25,82.16127014160156,82.24046274320462,80.0493801565152,80.27816997255712,2120200
2022-02-28,81.94020080566406,82.6211168110489,80.64026350317677,80.94977077835169,3255100
2022-03-01,82.97484588623047,83.71766337873109,81.80755643604887,81.98441581614343,3512600
2022-03-02,84.04484558105469,84.93800080788883,83.2931832303237,83.39045789595671,4114800
2022-03-03,84.31014251708984,85.19445283548224,83.66459976284469,83.79724765995401,3093400
2022-03-04,82.69184875488281,83.576158955565,82.20547544580704,83.1251588641267,2768100
2022-03-07,81.85174560546875,82.81564718058168,81.4095905289539,82.55919642659293,2869100
2022-03-08,81.63953399658203,83.12517570457649,80.71985039194234,81.88713982345564,2646500
2022-03-09,80.15386962890625,83.50540583060781,79.14575662062937,83.00134932646937,4479900
2022-03-10,79.54370880126953,80.21578651848662,78.83626460918768,79.96818071392038,3852300
2022-03-11,77.50096130371094,80.41034326878629,77.33294017224598,79.88859663533066,3017000
2022-03-14,75.60853576660156,77.06764920969351,74.44124636147852,76.71392371640567,5338900
2022-03-15,75.785400390625,76.09491443541678,73.52156787153844,75.36093516667282,6695300
2022-03-16,77.12953186035156,77.73970801883952,75.28132015057325,76.11257384512196,3465400
2022-03-17,78.3498764038086,78.78318647971889,76.84655187699688,76.98803798991108,2624400
2022-03-18,77.05879974365234,78.19956085123802,76.40441200444701,78.19956085123802,4899500
2022-03-21,76.56359100341797,78.08460587061862,76.32482343297816,77.25335199046187,2748800
2022-03-22,76.74044036865234,77.1472222631922,75.66158081294806,76.62548246804921,2647700
2022-03-23,75.81192779541016,77.22682297846306,75.07794860000533,76.76697782725061,2295400
2022-03-24,76.3425064086914,76.67854187885295,75.75002015337293,76.19217528362586,1693900
2022-03-25,76.87310028076172,76.8996285122249,76.05953636437877,76.25408572411223,1978100
2022-03-28,76.73159790039062,77.11185158012186,75.9445623127437,76.87309077971007,2517200
2022-03-29,78.54444885253906,78.62404029623693,77.04996212910086,77.1207085797761,2039300
2022-03-30,78.4471664428711,78.67708901154288,77.79277870546147,78.57096934598232,1607300
2022-03-31,79.26072692871094,79.75594526681157,78.21724054211768,78.21724054211768,2024400
2022-04-01,80.50760650634766,80.52528974289476,79.40221868647812,79.58792303060599,1680900
2022-04-04,79.45527648925781,80.44570642147461,78.10228285429105,80.20693887015581,2231500
2022-04-05,79.75595092773438,80.28653577708955,79.33147900019878,79.33147900019878,1955500
2022-04-06,80.3838119506836,80.94977003343902,79.4729733720851,79.5879312884486,2378400
2022-04-07,80.86134338378906,81.22390713162568,79.80016687871864,80.3838149685203,2021900
2022-04-08,81.74563598632812,82.15241786344005,80.98512868445543,81.1708330144358,1853200
2022-04-11,82.96599578857422,83.45236917403864,81.78102317199179,82.14358690290415,2183200
2022-04-12,82.62993621826172,83.54961951312086,82.20546441034577,83.08092950240619,1646300
2022-04-13,83.55848693847656,83.59386016371928,82.19664812701996,82.80682445563926,1376200
2022-04-14,84.40740966796875,84.9556844453309,83.63806407746657,83.7972401904587,1357200
2022-04-18,84.0802230834961,85.15023771321877,83.63806794327589,84.29245566171123,2081700
2022-04-19,86.20257568359375,86.50323796344458,84.10675773019776,84.38089177909146,1911700
2022-04-20,87.01612091064453,87.70588175451608,86.14949398709368,86.42363472390882,1784400
2022-04-21,86.47671508789062,88.02425829258426,86.36175716437302,87.26375080653744,1705300
2022-04-22,83.93872833251953,86.52091267473061,83.88567187583428,86.52091267473061,2085800
2022-04-25,83.57615661621094,83.94756527088113,81.51571228707432,83.7264877268987,2246100
2022-04-26,81.86945343017578,84.00948284770729,81.84292519928321,83.68228559094321,1582200
2022-04-27,82.78913879394531,83.68228740486666,81.57763116515487,82.22318070012781,1407900
2022-04-28,84.61965942382812,84.68156087836539,82.98367988137431,83.19591922271854,1710600
2022-04-29,82.38233947753906,84.61964314993648,82.22316337551962,84.5754249423056,1642500
2022-05-02,82.15243530273438,83.7530349247813,80.58720215859493,83.5850137943334,2042100
2022-05-03,79.67636108398438,81.50688323627857,78.27914911354657,80.72869255810244,3090600
2022-05-04,81.55994415283203,81.79870497174609,79.64983061451012,80.31306335752429,1892200
2022-05-05,80.3838119506836,81.7810239191903,79.70288920481212,81.18853085873326,1572100
2022-05-06,80.31307220458984,80.817128874936,79.7205858414511,80.41919188399281,2232000
2022-05-09,82.09937286376953,82.31161221372507,79.4641316959732,81.93135847849574,3452800
2022-05-10,81.4361343383789,83.8060862719028,80.85249303399927,82.61226868620378,3243300
2022-05-11,79.76477813720703,82.09935654876176,79.55254557617972,81.79869431620239,2650000
2022-05-12,79.18114471435547,80.06545501036558,78.11113006579349,79.94165210866433,1831300
2022-05-13,79.58792114257812,79.90627336688857,78.77435734567439,79.33147036484183,1825100
2022-05-16,80.28652954101562,80.68446646043508,79.59676861575426,79.59676861575426,1641700
2022-05-17,81.15314483642578,81.65720138522029,79.36684118446583,80.38379927322711,1382600
2022-05-18,74.94529724121094,80.49876479506163,74.37933919411482,80.4368633444965,4041700
2022-05-19,74.38817596435547,75.7323244909584,73.35352790961849,74.28205631222181,2783800
2022-05-20,75.41397857666016,75.85613371066661,74.21131607242245,75.16637278109685,4322900
2022-05-23,77.23566436767578,78.10229149761626,76.42210044765177,76.58127658389583,1982100
2022-05-24,78.4825439453125,78.58866361666104,76.81119791540041,77.07649372039546,1993000
2022-05-25,78.75666809082031,79.21651319540916,78.20840005802432,78.65055517957038,1543600
2022-05-26,79.37570190429688,80.10967439499805,78.98660317663399,78.98660317663399,1941800
2022-05-27,80.50760650634766,80.51645149799712,79.4464301512218,79.49949335436679,1761700
2022-05-31,79.6454849243164,80.38319162973053,78.88111526490201,80.25875999038547,4010100
2022-06-01,78.33892822265625,79.94765603985331,77.9478535696745,79.62768710214355,2124300
2022-06-02,78.22339630126953,78.28561211465772,76.06360909220047,78.28561211465772,2500400
2022-06-03,77.69012451171875,78.43671434521626,77.38792854505375,77.814556150635,1474400
2022-06-06,77.75232696533203,78.71222704610275,77.37902533173914,78.10784199768399,1322300
2022-06-07,78.55223846435547,82.05411695434962,76.90795779209924,76.97017359761118,1481900
2022-06-08,77.6012191772461,78.4811371180311,77.46790444168535,78.21449408488158,948200
2022-06-09,75.82362365722656,77.77010033848005,75.79696070778714,77.68122158001042,1776400
2022-06-10,74.78372955322266,75.41477756726354,74.6770709721538,74.85483527393524,1623100
2022-06-13,74.04601287841797,75.02369945258897,73.37941209476347,74.05490278755057,1778200
2022-06-14,74.58819580078125,75.1214751697562,73.94825784560527,74.16157501800733,2132500
2022-06-15,74.75706481933594,76.46356138962827,74.12601682035329,74.97037519536883,1979000
2022-06-16,73.37053680419922,74.05491069821097,72.68615612917291,73.95714203035007,2033100
2022-06-17,73.83271026611328,74.25933779602103,72.7039358044432,73.42386255633457,3493000
2022-06-21,74.6681900024414,75.18368953998038,74.09046787171822,74.65041018124164,1688200
2022-06-22,74.49042510986328,74.79262103874879,73.69050946855172,74.60597360370843,1719700
2022-06-23,74.62374114990234,75.65475370300035,74.17045068045309,74.91704714666447,1184800
2022-06-24,76.25912475585938,76.54354079060843,74.44596999145428,75.05035491292264,2292000
2022-06-27,76.26802062988281,76.4635579578932,75.61030971104138,76.17025196587761,1315900
2022-06-28,76.09915924072266,77.28125965294689,75.89473198629946,76.65910154124992,1207400
2022-06-29,76.70355224609375,77.08573706309897,75.4147863371154,76.3924663770543,1213900
2022-06-30,76.4902114868164,77.05016045371296,75.90360635603602,76.03692786153584,1573700
2022-07-01,75.77030944824219,76.33914172742516,74.75707652713405,76.33914172742516,1666500
2022-07-05,76.250244140625,76.43689155045676,73.53051505305648,74.83704692187882,2572000
2022-07-06,76.15247344970703,76.86351699477797,75.13035089654772,76.33023094546786,1480600
2022-07-07,76.49911499023438,76.8812997573787,75.85028716470485,76.41912614132761,1729400
2022-07-08,74.75706481933594,76.79242025431553,74.72151195982802,76.58799300739868,1874400
2022-07-11,72.71282958984375,74.917059718879,72.65061377230325,74.25934867902004,2510900
2022-07-12,73.5216293334961,74.3037718736983,72.12621185388805,72.45506392665922,2299100
2022-07-13,73.79714965820312,74.19711419693576,72.54394371127403,73.16610173017304,1518300
2022-07-14,72.47284698486328,73.15722089049545,71.88623496773742,72.20620392598522,1732600
2022-07-15,72.8194808959961,73.66383930397973,72.62394355157508,73.36165015788532,1920800
2022-07-18,72.77503967285156,73.8682681303653,72.57061919461879,73.05057265540421,1367600
2022-07-19,74.21488952636719,74.35710095280146,73.48607291842666,73.48607291842666,1402300
2022-07-20,73.19277954101562,73.45942262098899,72.42840994484153,73.18388963007912,1650700
2022-07-21,73.07723236083984,73.21055389086159,72.33063586132693,72.50840016169415,1252000
2022-07-22,72.95278930664062,73.77048461712208,72.56171468814357,73.49495847100658,1335100
2022-07-25,74.38377380371094,74.45487274538038,72.93502352333,73.13945078079388,1677200
2022-07-26,74.845947265625,75.01482166135521,73.83271445327357,73.87715722510202,1349800
2022-07-27,76.15247344970703,76.3569006727444,73.93936075671976,74.9970293842202,1211900
2022-07-28,77.50344848632812,77.81453427718915,76.08136816915963,76.18802673582745,1399200
2022-07-29,78.22339630126953,78.33893801727187,77.01462611457157,77.36125804359371,1443400
2022-08-01,78.36558532714844,78.889981461909,77.965627575342,78.09005917728238,1339200
2022-08-02,77.77899169921875,78.6500130418862,77.51234863782234,78.56113428175897,1078200
2022-08-03,77.82342529296875,78.09895825619998,77.13905140194146,77.84120511305568,1053200
2022-08-04,76.94351959228516,77.8945366047915,76.86353073919365,77.53013163901626,1287700
2022-08-05,77.72566223144531,78.01007834421881,76.4191301634332,76.85464085277057,1847000
2022-08-08,71.19298553466797,73.84161649502909,69.93088926716753,73.15723567011989,9660500
2022-08-09,71.03299713134766,72.1706616921716,70.79302376783647,71.29964022948512,3350400
2022-08-10,70.5352554321289,71.63736689109568,70.46414971709513,71.40627670774299,2561100
2022-08-11,71.71737670898438,72.67727692785256,70.79302257365362,70.90856429768913,2149200
2022-08-12,72.69503784179688,72.74836373424786,71.8240098393525,71.91289536812253,1516800
2022-08-15,72.92613983154297,73.0327916337324,72.17954331114252,72.55283818083531,1528300
2022-08-16,72.96167755126953,73.31719934019817,72.66837834784145,73.05944621275026,1743400
2022-08-17,72.0728759765625,72.92613097656164,71.82401276031861,72.82836231574953,1782200
2022-08-18,72.6861572265625,72.88169456523646,71.56626587480281,71.98400350178542,1248400
2022-08-19,72.65950012207031,72.90836338003362,72.29508836504175,72.72171593656114,1161500
2022-08-22,71.5040512084961,72.20620494449895,71.14853616633015,72.17065208407939,1245600
2022-08-23,70.95299530029297,71.46850157924905,70.65968930216128,71.38850595202477,1319400
2022-08-24,70.68634796142578,71.09519563961078,70.03752697815911,71.08631251124726,1632900
2022-08-25,71.1396484375,71.71737057025791,70.58858925562069,70.79301651404825,1456100
2022-08-26,69.60201263427734,71.42405761904438,69.53979682792509,71.2551832385107,1357500
2022-08-29,69.02430725097656,69.62868558175482,68.588789762953,69.13095905945966,1498300
2022-08-30,68.20661163330078,69.2465143348586,67.75332784086926,69.0065341802622,3044700
2022-08-31,67.40185546875,68.34072727181467,67.35715151073711,68.03670897655377,2237400
2022-09-01,66.90113067626953,67.26773998779598,66.09638435259598,67.08890368147544,2683100
2022-09-02,66.72230529785156,68.07248367864506,66.40040674857296,67.41974988065253,1867200
2022-09-06,65.32740020751953,67.07995494166154,65.22010525398262,67.07995494166154,2203500
2022-09-07,66.06062316894531,66.40934547096857,64.54055194586485,65.13069475624722,1983900
2022-09-08,66.1142578125,66.34673473009825,64.96973297479552,65.26480088127117,2190400
2022-09-09,67.57174682617188,67.95623633092048,66.29309631706906,66.63287504283711,2063300
2022-09-12,67.56280517578125,68.16189824992773,67.4733904372527,67.8221126928491,2534600
2022-09-13,65.47941589355469,66.52558267202191,65.31846663364378,65.98014389242981,2183300
2022-09-14,64.63888549804688,65.54198982243155,64.09344686051901,65.4168078553175,2221200
2022-09-15,64.46900177001953,65.54199898051824,64.20969428136334,64.6210074910539,2014900
2022-09-16,64.38853454589844,64.62995501060651,63.852039318397324,64.25440903354642,2992300
2022-09-19,64.77301788330078,64.84454557076718,64.14710115914923,64.2454594040601,1299200
2022-09-20,64.22756958007812,64.56734821591256,63.673187448227466,64.37957527332733,1517300
2022-09-21,63.77155685424805,65.12174176020291,63.753676637399195,64.71042855361468,1473600
2022-09-22,63.49436569213867,64.08450832269601,63.270825473218785,64.03086085316518,1607000
2022-09-23,62.53760528564453,63.08304389105676,61.68814847663779,62.81479293623249,1888400
2022-09-26,61.652408599853516,62.47504204298565,61.33051003991229,62.421387735056655,1554500
2022-09-27,61.303672790527344,62.65385774048096,60.76717758279488,62.05477153887815,2006100
2022-09-28,61.330501556396484,61.60769611361362,60.48999483006441,61.375212336501356,2833000
2022-09-29,59.774662017822266,60.856596018826416,59.211343038693286,60.794005021145416,2506100
2022-09-30,58.952030181884766,60.18596980508886,58.88049567047704,59.75677638045547,2494900
2022-10-03,59.65842819213867,59.68525193296287,58.58543080581723,59.35440987834659,3448900
2022-10-04,60.32009506225586,61.05330674642563,59.90878185620028,59.98031636731598,3710300
2022-10-05,59.58688735961914,60.17703688289714,58.92521014235249,60.03396785110602,2645300
2022-10-06,58.585418701171875,59.2560393708469,58.218816282474094,59.077209921029386,2807000
2022-10-07,57.1279411315918,58.30823328341572,56.72556803188972,58.254585810757604,2766300
2022-10-10,57.31571578979492,57.98633650532741,57.101119070958404,57.414074040492224,2036300
2022-10-11,57.18159484863281,58.066815711841336,56.71663073382114,57.25312595270585,2505400
2022-10-12,57.02958679199219,57.69126401377715,56.940172057465624,57.4140762901727,2197700
2022-10-13,58.52283477783203,58.89838758284456,56.27849216648118,56.55568330469251,2781400
2022-10-14,57.97740173339844,59.667372467680586,57.700213978832515,58.889449864401996,2346600
2022-10-17,58.844730377197266,59.41699284373059,58.59436640082727,58.889441153794785,2621900
2022-10-18,58.74637222290039,59.72101121469543,58.379769777442846,59.595829226304396,2066500
2022-10-19,58.138343811035156,59.193454038370916,57.79856509514655,58.88049906032787,2212800
2022-10-20,57.76279830932617,59.02356857362366,57.64655983707672,58.335060794396725,1912800
2022-10-21,58.22777557373047,58.37978132943988,57.3693817026615,57.63762595004726,2308600
2022-10-24,58.22777557373047,59.17558419392803,57.93270076188887,58.576497870667616,3942900
2022-10-25,59.93560791015625,60.2396261832014,58.16517303397034,58.22776402814042,3848000
2022-10-26,60.64199447631836,61.18743319365756,60.221737744410454,60.26644852002445,1969900
2022-10-27,60.257503509521484,61.321557181265405,60.06973053602074,60.88341342119062,2129400
2022-10-28,61.37520980834961,61.58086983769036,60.36481034552785,60.48999233837632,1687500
2022-10-31,61.115901947021484,61.72393168956497,60.88341818083831,61.366265931261694,2302000
2022-11-01,60.80294418334961,61.759696120417225,60.64199494057624,61.562979621260155,1584900
2022-11-02,60.30221176147461,61.7149807632728,60.257500988837265,60.57045593158034,1688000
2022-11-03,59.515350341796875,59.96243081448923,59.21133889488125,59.837248827887905,1884400
2022-11-04,60.17703628540039,60.811889758379486,59.35440300458319,60.23962728071081,2240700
2022-11-07,60.141265869140625,60.820823261989496,59.04144492712742,60.33798236461506,4330600
2022-11-08,60.561527252197266,61.402033949422226,59.97137772040494,60.18597444928078,2103700
2022-11-09,57.32466125488281,59.1129832236593,56.88652087171305,58.585424695478636,5160700
2022-11-10,59.42593765258789,59.801483625289784,58.379770947815395,58.66590218728924,4080200
2022-11-11,60.275390625,60.37374204961088,58.63907451138306,59.51534838883799,4794400
2022-11-14,57.96846008300781,61.48251313533494,57.870101825871124,60.43633956596351,5535600
2022-11-15,57.53031921386719,58.97886258413343,57.19054046761547,58.737442100042806,3819900
2022-11-16,57.700199127197266,58.46023449280053,57.306766166313054,57.65549517740059,3867700
2022-11-17,58.46918869018555,58.54966672956743,57.378311151703116,57.378311151703116,3187000
2022-11-18,58.585418701171875,59.14874442971888,57.52137187751706,59.01461893140263,3592900
2022-11-21,59.68524169921875,59.721008954820846,58.15622733723833,58.68377900807962,4043500
2022-11-22,60.19491958618164,60.686710875884536,59.71207181681167,60.02502680939206,5249300
2022-11-23,60.033966064453125,60.203858829172226,59.65842010003831,60.01608584696482,2230700
2022-11-25,60.20386505126953,60.68671283623685,60.1055067901517,60.150210749445996,2009700
2022-11-28,58.59436798095703,59.64053469124677,57.93269076529175,58.89838626182393,4496600
2022-11-29,59.4169921875,59.57794143080407,58.18305253677326,58.612252792886316,3505700
2022-11-30,59.696205139160156,59.73223264222373,58.165074052448205,59.40799198619519,3600400
2022-12-01,58.97567367553711,59.99342483398715,58.48931270812797,59.99342483398715,2605500
2022-12-02,59.462032318115234,59.5611062378414,58.4622982699088,58.63342032726355,2896600
2022-12-05,58.3361930847168,59.06573795881191,57.921887128234054,58.92162795401274,2464400
2022-12-06,57.77779006958008,58.33619921802839,57.43553564374159,58.0389843270824,4098200
2022-12-07,57.40850830078125,58.35420783528516,57.381485958123555,57.65168877007165,3476700
2022-12-08,57.51659393310547,57.89487241580188,57.1923532703532,57.2373859322306,3188700
2022-12-09,57.41752624511719,58.0119698151727,57.021233967519095,57.1473268087652,2311600
2022-12-12,58.12004089355469,58.18308730921687,56.8320867979895,57.3544753115013,2630500
2022-12-13,58.16507339477539,59.51607382243732,57.95791697238808,58.67845328242518,2618200
2022-12-14,57.95792007446289,58.642428918480675,57.55262267308903,58.201104012522315,2983000
2022-12-15,56.35472869873047,57.741756574927166,56.23764103755241,57.525595003196244,3535700
2022-12-16,55.69723892211914,56.25565141493022,54.98571127606078,55.77829907718618,5231500
2022-12-19,54.769561767578125,55.90440068124024,54.49935891767442,55.643206425411705,4014300
2022-12-20,55.28293228149414,55.535117900350556,54.58040980132482,54.58040980132482,2908500
2022-12-21,54.724517822265625,55.76028610299465,54.62544735204735,55.50810047740002,3078100
2022-12-22,54.832603454589844,54.85061720541483,53.48160306466112,54.33723733210365,2402300
2022-12-23,55.25591278076172,55.30094887424862,54.72451917386889,54.90465324050183,1303100
2022-12-27,55.562137603759766,55.70624416457015,54.850613392379934,55.26491932523835,1707900
2022-12-28,55.11180877685547,55.83234507688625,55.02174345723748,55.55313708883573,1352100
2022-12-29,55.6522102355957,55.90439587567107,55.10280286048437,55.16584927050321,1737000
2022-12-30,56.06652069091797,56.06652069091797,55.34598777883164,55.55314077632072,2183300
2023-01-03,57.28242111206055,57.50758786711703,56.30970251681799,56.6969896103769,3444600
2023-01-04,58.10203170776367,58.399246603645196,57.54361567849838,57.65169819525607,3380300
2023-01-05,57.96692657470703,58.246131135722095,57.50758449727609,58.03898158127338,2868000
2023-01-06,59.50706481933594,59.750241871162295,58.264146908196885,58.39924145279849,2387800
2023-01-09,59.182823181152344,60.155545115305195,59.182823181152344,59.579118829483505,2153800
2023-01-10,59.065738677978516,59.45302573116271,58.660434438203424,59.44401713786727,2030700
2023-01-11,59.272891998291016,59.46203124028241,58.408252518525906,59.31792809609344,2142000
2023-01-12,58.39023971557617,59.67819372227441,58.36322080666292,59.48004589485261,1975700
2023-01-13,58.52534103393555,58.56136166473074,57.993943963869775,58.075007562017596,2132000
2023-01-17,58.86758804321289,59.24586648503501,58.525337101308544,58.525337101308544,2580300
2023-01-18,57.525596618652344,59.20984283803364,57.480563958710505,58.79553686933393,2213000
2023-01-19,57.183349609375,57.48957652823911,56.75102642387229,57.31844759854413,2136300
2023-01-20,58.27315139770508,58.291168585536624,56.92215435095017,57.35447409306612,2603600
2023-01-23,59.57912063598633,59.75024268532792,58.300175205011925,58.50732475725268,2569000
2023-01-24,58.75951385498047,59.6241533606811,58.5973935181901,59.44402270715579,2053400
2023-01-25,59.272891998291016,59.3899831039598,58.31818719446483,58.489316120261506,2133600
2023-01-26,58.98467254638672,59.36295786156101,58.41725488093983,59.2999045827461,1651000
2023-01-27,59.191837310791016,59.20084590497114,58.183087780481536,58.975679151276125,2699100
2023-01-30,57.73275375366211,58.966670026564884,57.642688427303234,58.966670026564884,3362000
2023-01-31,59.21885681152344,59.21885681152344,57.534610439128215,58.002957703770555,2940600
2023-02-01,58.660438537597656,59.083753122002996,57.705733727862246,58.894613878840914,2575900
2023-02-02,58.660438537597656,59.272892365165085,58.33619787173586,58.63341962736648,2639700
2023-02-03,57.66970443725586,58.82255704836612,57.61566661846744,58.72348313289162,3338300
2023-02-06,55.01272964477539,55.99445315578689,54.13908175168525,54.68848904792663,12387500
2023-02-07,55.30995559692383,55.58015498663494,53.72478332438613,54.301209605308934,7809500
2023-02-08,54.021995544433594,55.5171023307801,54.01299038795742,55.07577751225122,4929800
2023-02-09,54.616451263427734,55.2108913996888,54.0850575479995,54.0850575479995,4239300
2023-02-10,54.391273498535156,54.99472210766217,54.139087866180226,54.74253303953569,4672600
2023-02-13,54.90465545654297,54.94968811607591,54.39127557916975,54.39127557916975,3353900
2023-02-14,54.84160614013672,55.228893175987764,54.36425378999211,54.73352707583014,2661800
2023-02-15,55.16584396362305,55.29193677153077,54.49034383345623,54.49934899011907,2189000
2023-02-16,54.66147232055664,55.0307456080483,54.28319387590389,54.71551357083768,2312800
2023-02-17,55.273921966552734,55.40001477205174,54.382263735797565,54.67047684430138,2691000
2023-02-21,54.68849563598633,54.97670877106684,54.12107452314651,54.9136623625037,3157100
2023-02-22,55.60718536376953,56.534871328909276,54.769564729620626,54.769564729620626,4217700
2023-02-23,56.165592193603516,57.18334682075086,55.72426387132029,56.20161969660047,3403500
2023-02-24,55.14783477783203,55.8413487144819,54.64346006869441,55.652209486969646,2439300
2023-02-27,54.40928268432617,55.53511621399338,54.26517612995962,55.42703715716129,3922200
2023-02-28,53.78285598754883,54.70889128477206,53.728381896945635,54.51823716259611,3556300
2023-03-01,53.8282470703125,54.073375272794856,53.120097775377914,53.555883555317656,3091400
2023-03-02,53.61943435668945,53.69206301038065,52.87497247408245,53.53772495673064,2826500
2023-03-03,53.773773193359375,54.10061079795384,53.456016335164755,53.701144538610606,2800500
2023-03-06,53.33799362182617,53.891801428877095,53.14733949709099,53.76469867905364,2629600
2023-03-07,52.99300003051758,53.59220120533456,52.77511058328794,53.25628628726952,3264300
2023-03-08,53.120094299316406,53.283513090277545,52.784179434913966,53.05654293208594,2237300
2023-03-09,52.33024597167969,53.29260081522604,52.23037853487041,53.29260081522604,2797800
2023-03-10,51.731040954589844,52.62984435552558,51.51315152988964,52.19406204283521,2766500
2023-03-13,51.93985366821289,52.266691272151995,51.431442696120946,51.4859133212508,3434600
2023-03-14,52.02156448364258,52.64800439598851,51.476837437793165,52.62076561939297,4005100
2023-03-15,52.784183502197266,52.81141881502615,50.90487072462356,51.50407184988923,4129500
2023-03-16,53.13825225830078,53.782850138824934,52.82049542256264,53.11101694760602,4802300
2023-03-17,53.147335052490234,53.773771465642625,52.67523669027645,53.773771465642625,8118600
2023-03-20,53.17456817626953,53.682982575416254,52.94759801896489,53.39246105112949,3038400
2023-03-21,52.86589431762695,53.46509545891548,52.593530792184914,53.22904799374308,2899800
2023-03-22,51.93077850341797,53.05654867036259,51.912620473204,53.04747138690068,2224700
2023-03-23,50.9139518737793,52.15774747662616,50.668823666510484,51.87630320977159,3790500
2023-03-24,51.803680419921875,52.07604397107628,50.84132551166648,50.85040279594576,3173000
2023-03-27,52.648006439208984,53.01115666277209,52.0851178782573,52.30301078302734,2404700
2023-03-28,52.52088928222656,53.092855007704784,52.45733791976115,52.61167941666966,1688000
2023-03-29,52.88405227661133,53.09286442794562,52.71155618549781,52.87497499320119,1918100
2023-03-30,52.947608947753906,53.31983994403325,52.75695480745508,53.18365989951571,1565300
2023-03-31,53.8554801940918,53.95534762029887,52.87497088730112,53.156411673932126,2782600
2023-04-03,53.93719482421875,54.13692969600982,53.35615170259766,53.764698729765676,2778400
2023-04-04,54.18231964111328,54.19139692412965,53.45601578465533,54.13692629945153,2234500
2023-04-05,54.4365234375,54.89046376662517,54.064292506148966,54.31850144549616,2279600
2023-04-06,54.118770599365234,54.85415177048988,53.964429075124556,54.645339619226704,1957100
2023-04-10,55.426116943359375,55.52598437610924,53.87364175231165,53.91903509539157,3439800
2023-04-11,56.3339958190918,56.88780359114192,55.54414059275783,55.616769246656716,3421100
2023-04-12,55.90729522705078,56.89688186633087,55.83466310859534,56.52465091747184,3013300
2023-04-13,56.00716018676758,56.17965973950885,55.398881768737034,55.743877410929485,2298600
2023-04-14,55.21730422973633,55.96176613116007,54.881389338432946,55.90729550533738,2031200
2023-04-17,55.78018569946289,55.99807857856919,55.226381414010284,55.33532612191852,1596000
2023-04-18,55.2626953125,55.88913519016428,54.95401574673077,55.73479367563471,1806000
2023-04-19,55.94361114501953,56.08887192726622,54.98125976136908,55.32625195464856,2055600
2023-04-20,55.253623962402344,55.834667098405646,55.15375652403485,55.82558981459509,2012900
2023-04-21,55.38072204589844,55.56229887641184,54.944939730640264,55.453354163419796,1726600
2023-04-24,55.299015045166016,55.52598522733519,55.044809549389385,55.34440838894182,1992700
2023-04-25,55.38072204589844,55.47150872951015,54.845072300693396,55.299012645331906,2082700
2023-04-26,54.79059982299805,55.407958986915496,54.60902645043769,55.13559546478488,2489400
2023-04-27,55.63492202758789,55.6621608006091,54.572703388580926,54.77243822871816,3348100
2023-04-28,56.733463287353516,56.88780133532479,55.752950523924845,55.88913400660877,2942600
2023-05-01,56.58820724487305,57.45069116288798,56.5700492147804,56.77886136591065,2185100
2023-05-02,55.32624435424805,56.40662452062597,54.82691070032629,56.3884664924283,1932500
2023-05-03,54.981258392333984,55.69848153871736,54.85415218065413,55.39888269798307,2757700
2023-05-04,54.59086608886719,55.017567652107076,54.164161062337364,54.77244291696221,2312100
2023-05-05,55.099281311035156,55.3988836200462,54.38205815271427,54.500080156303284,3649400
2023-05-08,46.05678176879883,49.70646214459981,45.412187383135986,49.40685988847253,25258600
2023-05-09,44.32273483276367,45.66639783303417,43.85971720654957,45.66639783303417,12081300
2023-05-10,42.92460250854492,44.803915460897336,42.77026443710755,44.48615857070842,8770000
2023-05-11,44.794830322265625,44.840223661005865,43.10617180012659,43.36037726770373,7014100
2023-05-12,44.368125915527344,44.940091688557395,43.88695028448846,44.6677281891635,5088900
2023-05-15,44.91285705566406,45.49390012002047,44.685886892194226,44.903776309682954,4676300
2023-05-16,44.6677360534668,44.89470625347091,44.17747959026823,44.73128743240471,4047000
2023-05-17,45.502986907958984,45.53022568830245,44.42260995094392,44.59510606442985,3603900
2023-05-18,45.366798400878906,45.67547796865791,44.94917065862031,45.24877294350431,3395500
2023-05-19,45.35772705078125,45.866141580470284,45.12167955042352,45.394043116464175,5735100
2023-05-22,45.49390411376953,45.748109610918796,45.20338255608747,45.39403667894942,3001300
2023-05-23,46.91019058227539,47.173476796684405,45.60284371928029,45.6663950864425,3718900
2023-05-24,47.00098419189453,47.23703164973203,46.06586818039481,46.99190344546423,3686000
2023-05-25,46.99190902709961,47.2007246603191,46.537968623786746,46.82849366813418,3690300
2023-05-26,47.218868255615234,47.3368937027701,46.74677339357505,46.98282082459514,3318600
2023-05-30,47.55479049682617,47.663735207579464,46.57427771017681,47.12808547338174,3570600
2023-05-31,46.40028381347656,47.62809558558511,46.272005545473085,47.52730451920505,6173800
2023-06-01,46.37279510498047,46.840094993996985,46.17121297877071,46.840094993996985,3327900
2023-06-02,47.04167556762695,47.417349111596835,46.308654444676016,46.63851482383404,4291500
2023-06-05,46.28116226196289,47.23409143883026,46.061257679806,47.04167405561291,2634300
2023-06-06,46.217018127441406,46.546878460262626,45.77720551545309,46.207856893894125,2432400
2023-06-07,47.03251266479492,47.23409128188222,45.850514179838115,46.052092796925415,3303800
2023-06-08,46.60186004638672,46.92255567579496,45.997117219988176,46.79427742403166,2541500
2023-06-09,46.152889251708984,46.45526245568948,45.9604718466236,46.40944928714354,2533000
2023-06-12,46.40944290161133,46.72097729830833,46.0887437752737,46.3086518474858,2576000
2023-06-13,46.052093505859375,46.803444074039504,45.97879314269567,46.34530544447523,3386300
2023-06-14,45.593955993652344,46.501072040360974,45.584794758777505,46.372793780190555,3423700
2023-06-15,46.006282806396484,46.21702616784655,45.49316975080348,45.593957318637436,3062500
2023-06-16,46.17121124267578,46.26284106719871,45.77721173552825,46.143724042979116,4116900
2023-06-20,45.65810012817383,46.116238784108205,45.58479626547046,46.09791281843236,2918200
2023-06-21,46.244510650634766,46.35446293415747,45.19995521886892,45.52981206943702,3409500
2023-06-22,46.189544677734375,46.57438301232905,45.768057902723854,46.50107914085541,2689800
2023-06-23,45.3557243347168,46.15288457160697,45.19079414841947,46.134558606982786,3336100
2023-06-26,46.02460861206055,46.07958650867755,45.236609570486166,45.26410026645493,2209100
2023-06-27,45.777217864990234,46.446099944627456,45.75889189763185,46.097917050780715,2520800
2023-06-28,45.65810012817383,45.74056173073428,45.06251847733091,45.548144334118774,3897900
2023-06-29,46.44609451293945,46.620189434823985,45.584795119746055,45.68558618076963,3182900
2023-06-30,46.76679611206055,46.92256158157233,46.07042337866963,46.56521397944939,2366000
2023-07-03,47.472328186035156,47.802185078068206,46.91339847361056,47.08748990234916,1491800
2023-07-05,47.536468505859375,47.747211870754924,46.98670001475218,47.19744337964773,2755900
2023-07-06,47.73805236816406,48.058751563594704,46.81261370833264,47.08749623632963,3379000
2023-07-07,47.426509857177734,48.04957867908854,47.197440540161125,47.618930739915186,3355800
2023-07-10,46.638511657714844,47.51813694554141,46.464416749799874,47.39901992886067,3325300
2023-07-11,47.34404754638672,47.35321227698555,46.803447281955584,46.904234851298625,2669200
2023-07-12,47.81134796142578,47.92130025452251,47.188279141677036,47.71055690303696,2507200
2023-07-13,48.53520584106445,48.7092972559092,47.82967195671433,47.82967195671433,2403000
2023-07-14,47.94879150390625,48.48023050612118,47.838835714217296,48.48023050612118,1993600
2023-07-17,47.536468505859375,47.82051223904352,47.09665581016598,47.64642080595257,2230800
2023-07-18,47.179115295410156,48.08622778005638,46.904229334903846,47.609763209251014,2361600
2023-07-19,47.89381408691406,48.31530079896577,47.573114940102194,47.63725756572093,3403800
2023-07-20,48.10455322265625,48.22367023789723,47.756366906355,48.22367023789723,2332700
2023-07-21,48.25115966796875,48.49855494399854,47.97627719304241,48.28781159671101,1957700
2023-07-24,48.993343353271484,49.213247925466625,48.35194860961538,48.40692650032424,2670700
2023-07-25,49.68971633911133,49.72636826908803,48.96585645101344,49.167438570564855,2591700
2023-07-26,50.43190002441406,50.73426969542359,49.67138823902959,49.74469209583207,2983800
2023-07-27,50.77092742919922,51.045809932999255,50.32194999324665,50.761766193711516,4581700
2023-07-28,51.63222122192383,51.714686313569906,50.82589976507359,50.8900388924294,3836200
2023-07-31,51.05496597290039,51.86128738074714,50.79840598374908,51.67803473962203,6102500
2023-08-01,50.68846130371094,51.21990382959092,50.58767023878056,51.05497363158131,2510600
2023-08-02,50.77092742919922,51.22906610063951,50.21199769079077,50.39525385843102,2419500
2023-08-03,51.55892562866211,51.91627322707204,50.514370034749824,50.67930023329604,3207500
2023-08-04,51.7330207824707,52.365254420799644,51.64139444127679,51.80632465168252,3901800
2023-08-07,49.75386047363281,49.81799960988356,45.90549482198436,46.62019354713957,10321100
2023-08-08,50.44105911254883,50.505198236861695,48.727621728882134,49.36901646733088,4331800
2023-08-09,49.31404113769531,50.51436558918584,49.26822797442444,50.51436558918584,2751000
2023-08-10,49.24990463256836,50.221159824102756,49.231578667220106,49.387347625020006,2424600
2023-08-11,50.61516189575195,50.61516189575195,49.15828078256985,49.1949292197958,2315800
2023-08-14,49.854644775390625,50.63347903574299,49.74469248464777,50.53269147483221,2620900
2023-08-15,49.2315788269043,49.469812881883804,48.929209135978624,49.469812881883804,2210300
2023-08-16,48.9292106628418,49.25906756451212,48.810093631634935,49.11246333199622,1842200
2023-08-17,49.57059097290039,50.10203338217325,48.81924401141242,49.02998733033516,2541500
2023-08-18,50.05623245239258,50.49604515957641,49.350698475664124,49.49730271139207,7036600
2023-08-21,50.22115707397461,50.395248492268955,49.662227395081835,50.065388124704675,2358400
2023-08-22,49.51561737060547,50.48686889976714,49.51561737060547,50.11119541304387,1915400
2023-08-23,48.993343353271484,49.63473460160744,48.68180896322824,49.552273008524374,1877900
2023-08-24,49.643898010253906,49.86380257659838,49.06664240678954,49.13994625911774,2113600
2023-08-25,49.48814392089844,49.992099318569174,49.3873563366854,49.79967839613075,1851100
2023-08-28,49.74468994140625,50.211989774662484,49.570595036700496,49.7813418682201,1474400
2023-08-29,50.09288024902344,50.16618411361002,49.625580345906236,49.98292794746421,1471400
2023-08-30,49.8179931640625,50.1478535337127,49.671388943698,50.1295275692521,2367500
2023-08-31,49.24484634399414,49.84572933885101,49.143157530253596,49.63310887669056,2616700
2023-09-01,48.61622619628906,49.679331998646724,48.42209493631351,49.30031231307157,4751000
2023-09-05,48.209468841552734,48.62546334242174,48.03382327087623,48.533020903662624,2545000
2023-09-06,47.6270751953125,48.31115775721029,47.358987165657815,48.04307325400886,3876100
2023-09-07,47.45143508911133,47.969118448818435,47.07241187724948,47.617830792979035,4957700
2023-09-08,48.117034912109375,48.15401330744382,47.3959738353571,47.488416297239326,2061600
2023-09-11,48.588497161865234,48.893560085424284,48.12627783260019,48.12627783260019,2908800
2023-09-12,48.893558502197266,49.170889385485296,48.57000639277015,48.83809444141177,1751000
2023-09-13,48.84733581542969,49.06920263129797,48.21871728466518,49.06920263129797,2019400
2023-09-14,49.88270950317383,49.93817709258171,49.0599596557853,49.06920601724677,2870800
2023-09-15,50.418880462646484,51.13069858484085,49.68857314587461,49.790261952824274,3967800
2023-09-18,49.82724380493164,50.62225806829771,49.633109011602215,50.62225806829771,1548100
2023-09-19,49.75328826904297,50.00288712976503,49.65159945247618,49.86421992054601,1878200
2023-09-20,49.29106521606445,50.11381499491858,49.069201929821254,50.07683660506026,2595100
2023-09-21,49.041473388671875,49.365029056530744,48.828852906255165,49.28182943067605,2487200
2023-09-22,47.257301330566406,48.46831719391879,47.12788048782486,48.329649990150855,3405800
2023-09-25,46.79507827758789,47.21107632916947,46.42530497453452,46.961477498220525,2442000
2023-09-26,47.395965576171875,47.497654382394444,46.3328598175128,46.3328598175128,2255400
2023-09-27,46.3236198425293,47.50690014843297,46.29588781237639,47.479168118280064,2342100
2023-09-28,46.15721893310547,46.647170255772465,45.66726761043847,46.46228183307347,2244000
2023-09-29,46.67490768432617,47.01694898784995,46.20344201120225,46.32362001974706,2321300
2023-10-02,45.51935577392578,46.45303715820248,44.96469052780666,46.45303715820248,2820100
2023-10-03,45.37145233154297,45.667272428490044,45.1495854956058,45.29749554407934,2214500
2023-10-04,44.69660186767578,45.33446671533998,44.15118298961307,45.075621526908975,3053600
2023-10-05,44.53021240234375,45.16807738972016,44.511726730827675,44.71510085558987,2300400
2023-10-06,43.84611892700195,44.37304859697478,42.99563366180434,44.28060615631231,2912100
2023-10-09,43.652000427246094,43.89235295899645,42.893960907901175,43.69822166106877,2275800
2023-10-10,44.69660186767578,44.93695786218648,44.05874054646474,44.06798338019831,2393200
2023-10-11,44.56718444824219,45.07562497738471,44.20665395533119,44.79829410025729,1743600
2023-10-12,43.55030059814453,44.59491714569409,43.25448054464517,44.56718159124194,2071400
2023-10-13,43.004878997802734,43.78140747081889,42.672080577016814,43.71669705860529,2743700
2023-10-16,43.790653228759766,43.98478800481935,42.77377223195698,43.235991508040655,1957300
2023-10-17,43.633506774902344,44.06799056023409,43.29146544778065,43.448618332028495,1646100
2023-10-18,43.383907318115234,44.012525899495955,43.208265239314684,43.49483897175487,2705400
2023-10-19,43.06959533691406,43.72594590908976,43.05110614138684,43.328437021388204,2618000
2023-10-20,42.79226303100586,43.43012438639977,42.7552846411836,43.18052554477954,1707100
2023-10-23,41.75688934326172,42.76452754562593,41.544268891114655,42.63510670748888,3177800
2023-10-24,42.03422164916992,42.283820478779106,41.73840159773383,41.79386565334485,2057700
2023-10-25,41.94178009033203,42.172889750227,41.673695564958564,41.89555886364375,2242700
2023-10-26,42.45022201538086,42.88470931855851,42.02498107371327,42.07120230190259,1952400
2023-10-27,42.17288589477539,42.699815589047645,41.932533422097244,42.29306389434108,1508000
2023-10-30,42.77376937866211,42.930922229349875,42.20986133522394,42.51492772978675,1945900
2023-10-31,42.84772872924805,43.0233743243998,42.57039784787318,42.930928346305855,2370100
2023-11-01,42.95866012573242,43.134302178987,42.51493004925781,42.986392153495466,2981000
2023-11-02,43.9662971496582,44.03100756374905,43.10656904650483,43.29145745524429,2362400
2023-11-03,43.50408172607422,44.62265158419686,43.38390372083149,44.36380990501566,2701100
2023-11-06,43.06035232543945,43.42088282060512,42.755285890174065,43.032616769035855,3038100
2023-11-07,43.18977737426758,43.633507528960955,42.92168930379018,43.0603565199554,2333000
2023-11-08,42.8384895324707,43.476350966444855,42.52418023316741,43.32844091538764,4331500
2023-11-09,42.893951416015625,43.41163476259936,42.67208460572737,43.08808267098453,3154100
2023-11-10,43.40239715576172,43.49483961408431,42.7275573359363,43.17128748350149,3048100
2023-11-13,42.17288589477539,45.288246364399406,41.71991297760609,42.52417353310797,8059900
2023-11-14,44.1327018737793,44.28061191394324,41.95102613652097,42.29306744319006,3877200
2023-11-15,44.65963363647461,44.75207609334698,43.846126615473764,44.206657134311165,3009600
2023-11-16,44.67811584472656,44.96468953207815,44.06798302957076,44.53944865465422,2737300
2023-11-17,45.0571403503418,45.121850772286024,44.2528762036861,44.983183567289245,2364400
2023-11-20,44.752071380615234,44.936959801343505,44.39154089974443,44.78904977005155,2062600
2023-11-21,44.35456848144531,44.66887778106059,43.818395868250896,44.55794612427101,2561200
2023-11-22,44.38229751586914,44.76131721687887,44.16043421727755,44.6688747635413,1744200
2023-11-24,44.650386810302734,44.96469609743338,43.938568615140575,43.938568615140575,1687600
2023-11-27,43.99403381347656,44.83527281177334,43.975544618008634,44.71509480445853,1822000
2023-11-28,44.363807678222656,44.520960539422155,43.541054404423306,43.910831235938815,2502000
2023-11-29,43.53181076049805,44.345317658822474,43.4208791236889,44.28060724347937,3071100
2023-11-30,43.756011962890625,44.223091508368306,43.44773775237897,43.93350090729986,2765600
2023-12-01,45.02647018432617,45.12922825743518,43.69996238419917,43.69996238419917,2507000
2023-12-04,46.53980255126953,46.68926785340534,44.76489897031464,44.83963340314949,3081000
2023-12-05,46.65190505981445,46.81071396287742,46.17548547769402,46.390341647162785,2557300
2023-12-06,46.885440826416016,47.03490612992937,46.17548152561105,46.567826611008385,3342000
2023-12-07,48.14655685424805,48.7537580804923,46.63321667270274,47.03490533728816,4361300
2023-12-08,47.99708938598633,48.2866763890994,47.81025687729595,48.23996915281023,2986100
2023-12-11,47.86631774902344,48.071830344552154,47.73553247100677,47.89434138397407,2743300
2023-12-12,46.86676025390625,47.791579329231396,46.80136940210423,47.707504867838196,2807200
2023-12-13,48.8471794128418,49.015328333234656,46.67993062059392,46.894786782532776,2972200
2023-12-14,48.88454055786133,49.96816481935101,48.772438915838016,49.17412755758738,3536800
2023-12-15,48.39878463745117,48.996645896023985,47.71684891667067,48.82849697160861,5916300
2023-12-18,48.30536651611328,49.03401304199806,47.913021402088866,48.38944097819483,3129800
2023-12-19,48.36141586303711,48.45483034536041,48.109192484523284,48.25865779436102,1781500
2023-12-20,47.79158020019531,48.60429763278456,47.763556567064924,48.24931973468557,2484200
2023-12-21,48.2586555480957,48.408120850976374,47.61408709758542,47.93170131164858,1597500
2023-12-22,48.520225524902344,48.95928147077155,48.18393122041219,48.258662100231874,1946600
2023-12-26,48.97796630859375,49.07138080159215,48.30537055569495,48.30537055569495,2417600
2023-12-27,49.342281341552734,49.445039408479445,48.77244374389302,48.90322544233282,1909400
2023-12-28,50.13631820678711,50.21105264680437,49.18347904130672,49.258209917789735,2129300
2023-12-29,50.21105194091797,50.538006202561434,49.85607048289493,49.977512164448584,2000800
2024-01-02,51.87385559082031,52.471716866646844,49.977513688395355,50.08027176334072,3122900
2024-01-03,51.014427185058594,52.03266070995179,51.00508359881576,51.873851815629855,2804600
2024-01-04,50.59405517578125,51.26665084767035,50.3698554306402,51.07047473434666,2426300
2024-01-05,51.304019927978516,51.64966138677203,50.31381348801449,50.40722797964091,3627900
2024-01-08,51.285335540771484,51.85516959312901,51.08915942330112,51.247968321869116,2251800
2024-01-09,51.68702697753906,51.78044146621722,51.07047852353964,51.2292874305337,1787800
2024-01-10,50.91166305541992,51.752407540464155,50.80890500018856,51.58425864345531,1874500
2024-01-11,50.706153869628906,50.87430278960096,50.21105069611902,50.72483747890737,1635200
2024-01-12,51.25730895996094,51.28533615624113,50.56603321964185,50.99574555157363,2140200
2024-01-16,51.03311538696289,51.416120496106686,50.724841156817355,51.37875327484038,1524100
2024-01-17,50.73418045043945,51.322698099675,50.32314817836301,50.67812962328338,2203400
2024-01-18,50.042903900146484,50.55669070474178,49.54780070562264,50.547350681473176,1815000
2024-01-19,49.603851318359375,50.14566535637737,49.13677172566848,50.14566535637737,2089100
2024-01-22,49.09006118774414,49.55714074911855,48.70705608995849,49.51977352896038,1856500
2024-01-23,49.84673309326172,49.94949117050257,49.11809009251298,49.360969904917766,1863100
2024-01-24,49.6785774230957,50.13631335150368,49.547795729264855,49.865409941511444,2727300
2024-01-25,50.481956481933594,50.5660309399154,49.725286360097336,50.34183119745258,1551300
2024-01-26,51.369407653808594,51.817803569541674,50.696811998442,50.74351923816824,1844500
2024-01-29,51.061134338378906,51.50953026184962,50.93035263947503,51.472163044010216,1491000
2024-01-30,51.4348030090332,51.472166665967755,50.41656941423039,50.93035622330683,2063500
2024-01-31,51.1545524597168,51.677682856093455,50.88364901993812,51.50019390402683,4236300
2024-02-01,52.90142822265625,52.929451853943704,50.678128676479254,51.33204072694708,4048900
2024-02-02,52.649208068847656,53.05089677168117,52.19146853647894,52.65854809200309,4093200
2024-02-05,53.71415328979492,57.179883020722976,52.61184516328681,56.52597087666205,7486400
2024-02-06,51.743072509765625,54.80711324887454,51.54689995200091,54.5548934251966,4373800
2024-02-07,50.38854217529297,52.00463704211872,50.295127687732695,51.873855334120634,4187000
2024-02-08,50.416568756103516,50.855621118511,50.04290368336151,50.44459238932218,2562800
2024-02-09,49.11808776855469,50.323150313499866,48.716399065728226,50.30446670365512,3629200
2024-02-12,49.09006118774414,49.50109348241555,48.735079723309994,49.19281926141199,3101200
2024-02-13,48.21195602416992,48.968622682041925,47.79158367894409,48.763110084902785,3336500
2024-02-14,48.55759048461914,48.61364131452368,47.86631473346765,48.17458538910704,3417900
2024-02-15,49.108741760253906,49.183476195947634,48.58561140099991,48.80047112185236,3436500
2024-02-16,49.622528076171875,49.762653360039806,48.622978170947015,48.819150717534924,2569300
2024-02-20,50.491302490234375,50.61274418027901,49.30491991519608,49.40767799419274,2815000
2024-02-21,50.13631820678711,50.86496474281844,49.63187499080756,50.62208137629658,3392500
2024-02-22,49.59450912475586,49.93080698694616,49.44504380417509,49.74397444533662,2918800
2024-02-23,50.26710510253906,50.3324959579019,49.31426234270791,49.52911851940499,2745100
2024-02-26,50.55668640136719,51.201258421596876,50.14565770538448,50.44458831401444,2330800
2024-02-27,50.56603240966797,50.83693583678652,50.33249263776755,50.66879047946961,1737100
2024-02-28,50.341835021972656,50.79957456432276,50.10829523911805,50.575374804827256,3032300
2024-02-29,51.133724212646484,51.23742158800063,50.53037343216125,50.784911199811376,2749400
2024-03-01,50.15328598022461,51.14315273323414,50.10615015317332,51.14315273323414,4510700
2024-03-04,50.32297897338867,50.54923238684817,49.12571023877994,49.33311219797878,4488000
2024-03-05,50.63407516479492,50.982888182872806,50.15328399394017,50.29469146949371,2374300
2024-03-06,50.341835021972656,50.775490403228744,50.040161400556826,50.718925250625816,4375300
2024-03-07,50.59636688232422,50.718922909189494,50.07786559421693,50.520950278568485,3148700
2024-03-08,51.011173248291016,51.11487423015698,50.520952713436714,50.671789524450865,2343100
2024-03-11,52.538394927978516,52.547824251282236,51.00174248668857,51.048881910740874,2913900
2024-03-12,52.21786117553711,52.60438067996155,52.07645370585956,52.47239893643605,2076100
2024-03-13,52.67037582397461,52.97204943256904,52.29328561134811,52.65152077390832,2287800
2024-03-14,52.84006881713867,53.23601768459797,52.396987717847495,52.670376959117995,2791300
2024-03-15,52.93434143066406,53.226585707838495,52.00103625807668,52.48182743434516,18216800
2024-03-18,52.877777099609375,53.113459828062574,52.14244813762996,52.85892204978516,3298200
2024-03-19,53.89592361450195,53.91477866397563,52.6892292180499,52.726939316997274,3566000
2024-03-20,54.395572662353516,54.86693810380159,53.87707139600723,53.92420722090545,2381900
2024-03-21,54.744384765625,55.11204925257997,54.01848151866358,54.35786522853989,1761200
2024-03-22,54.72553253173828,55.08377131018015,54.602976497702045,54.800952736140054,1651400
2024-03-25,55.10262680053711,55.3383095468215,54.734962291730795,54.895224833012186,1694600
2024-03-26,54.838653564453125,55.29116755154671,54.78209201324111,55.17803725665686,1795600
2024-03-27,55.44200897216797,55.67769171182757,55.08377020094008,55.08377020094008,2799100
2024-03-28,55.366580963134766,56.07362908242665,55.347725915072395,55.630544443542604,3405400
2024-04-01,54.53697967529297,55.24402783147862,54.433282299888035,55.14975618248035,2231300
2024-04-02,54.30129623413086,54.90464700688449,54.11275293864274,54.57468904731461,3592300
2024-04-03,54.49927520751953,54.96121133957799,54.046764802219535,54.74438366180297,2927500
2024-04-04,56.07363510131836,56.130200251577136,54.79152046531753,55.02720319704612,2901600
2024-04-05,55.66826248168945,56.007646202765635,55.35716313485843,56.007646202765635,1901400
2024-04-08,55.705970764160156,55.998218646928905,55.38544210430295,55.621124836661686,1997000
2024-04-09,56.00764465332031,56.16791078216508,55.630550841171654,56.00764465332031,1715500
2024-04-10,54.838653564453125,55.74367794240738,54.819802111537726,55.74367794240738,1403100
2024-04-11,55.941650390625,56.120767962629074,54.8009468924368,54.895218541653065,1863300
2024-04-12,54.47099304199219,55.84738295964772,54.367292062281855,55.84738295964772,1331200
2024-04-15,54.7915153503418,55.017772334021934,54.24473333381665,54.7915153503418,2365100
2024-04-16,54.81980895996094,55.809675788393385,54.67839787179914,55.809675788393385,2149800
2024-04-17,55.225181579589844,55.61170113085648,54.64068579280949,55.196897205240326,1556900
2024-04-18,55.49856948852539,55.64940629523281,55.11204994657307,55.34773268181797,1525000
2024-04-19,56.5167236328125,56.56385946311843,55.347735621565384,55.508001760085556,1607900
2024-04-22,57.13892364501953,57.402887161103216,56.33760017711333,56.705268269672565,1705200
2024-04-23,57.48773193359375,57.713988940134975,56.884384711127964,57.00694073951418,1426100
2024-04-24,57.80826187133789,58.07222538793613,56.5638572984702,56.91266674486547,1797100
2024-04-25,57.402889251708984,58.1759283737365,57.15778077730919,57.90253552427392,1452000
2024-04-26,57.15777587890625,57.78940386018948,57.1389208292247,57.43116510870613,1402800
2024-04-29,57.46887969970703,57.53487058063363,57.15778034622923,57.15778034622923,1835600
2024-04-30,57.1766357421875,57.38403411367898,56.42244807636399,57.12949631589854,1878100
2024-05-01,56.837249755859375,57.5254429168096,56.54500186714085,56.90324063456466,2370400
2024-05-02,57.459449768066406,57.685703172907935,57.01636508892163,57.072930238248524,2474200
2024-05-03,58.46817398071289,58.4870290312706,57.318041070324895,57.70456061617498,3879800
2024-05-06,55.14975357055664,57.72340830563469,53.0003284283448,57.21433279419524,11587900
2024-05-07,55.517425537109375,55.705972447942045,54.79152226795517,55.328878626276705,3953400
2024-05-08,55.74367904663086,56.34702624639676,55.19689339919739,55.51742204860216,2857600
2024-05-09,56.23390197753906,56.26218275492838,55.43257852125452,55.80967233553349,2417700
2024-05-10,56.23390197753906,56.64870229625942,55.96050914199846,56.252753431643185,1715400
2024-05-13,56.23390197753906,56.84667493045097,56.2056176039166,56.36588373366676,1873600
2024-05-14,56.818389892578125,56.90323581461713,56.26217853615194,56.469580478076814,2052500
2024-05-15,57.23318862915039,57.308608822800196,56.59213136805813,56.959795821519,2565900
2024-05-16,57.44059371948242,57.62914061772716,56.99750904804225,57.374602844531715,2041300
2024-05-17,56.799537658691406,57.49716011850169,56.68641095577702,57.450020695740406,2253100
2024-05-20,57.148345947265625,57.22376614518851,56.60156389725659,56.63927399621803,3954700
2024-05-21,57.5443000793457,57.72341767151507,57.08236031522123,57.30861733353865,1742300
2024-05-22,56.846675872802734,57.55372408912176,56.8183950949446,57.36517717885671,4329500
2024-05-23,56.86552810668945,57.280328411739376,56.44129847866508,56.5732802304431,4060200
2024-05-24,56.29046630859375,57.47830936479439,56.2621855298096,57.17663573698576,1675500
2024-05-28,54.47099304199219,56.17733735305953,54.29187545645908,56.06421064620879,2541100
2024-05-29,54.08446502685547,54.48041383317316,53.697945542434624,54.20702103788626,1921200
2024-05-30,53.80165481567383,54.225884460739934,53.471700422974166,54.08447338030685,1759900
2024-05-31,54.438751220703125,54.81911075878563,53.81116052203116,53.96330361178869,10303900
2024-06-03,54.22004699707031,54.70500197321837,53.49736458364569,54.70500197321837,2182500
2024-06-04,53.953800201416016,54.2771047442169,53.6780396975081,53.98232589927626,1564600
2024-06-05,53.6209831237793,53.90625097626527,53.22160885577444,53.877725279229935,2874300
2024-06-06,53.61147689819336,53.97281449285537,53.32620903968949,53.64000259583046,1949100
2024-06-07,53.117008209228516,53.83968698908514,53.012409153388525,53.43080174937105,1545000
2024-06-10,53.20259094238281,53.24062762365363,52.2992397127775,52.93633780086465,2412700
2024-06-11,52.983882904052734,53.13602599440141,52.603523364492354,52.9078095451897,1768300
2024-06-12,52.04249572753906,53.117008357748716,51.79526456271662,53.117008357748716,1640200
2024-06-13,51.21522521972656,52.356300389450496,51.03455277786534,52.06152151883027,2651500
2024-06-14,51.319820404052734,51.48147086360367,50.97749751632405,51.18669564268662,1771300
2024-06-17,52.87928009033203,53.04093052535881,51.26275760317853,51.34833831212716,2840300
2024-06-18,52.451385498046875,53.31670009071934,52.13759192992804,52.774690050659544,1486000
2024-06-20,53.36423873901367,53.63049186727161,52.356292127178826,52.356292127178826,2034100
2024-06-21,53.535404205322266,53.60196658556111,52.74616299932842,53.46884182508342,3264200
2024-06-24,54.84764099121094,55.03782077598267,53.53540446640149,53.53540446640149,1866000
2024-06-25,54.324649810791016,54.800097463470216,54.21053976243605,54.77156813769261,993400
2024-06-26,54.10593795776367,54.35316911201242,53.56392798769229,53.74459676859032,1423700
2024-06-27,53.66852951049805,54.20103218519098,53.45933501078608,54.06790742336218,1555600
2024-06-28,54.33415603637695,54.35317437737342,53.44982313061824,53.73509099080997,3135600
2024-07-01,54.54335021972656,55.0187978281588,54.39120713012334,54.48629520085884,1263100
2024-07-02,54.41022872924805,54.952238745140285,54.22004894900675,54.58139016872745,1371200
2024-07-03,53.8206672668457,54.44825795838923,53.601961804514495,54.36267724466159,716100
2024-07-05,53.2691535949707,53.63049481414733,52.936338073205164,53.56393243526974,3195000
2024-07-08,53.90625,54.01084905707195,53.13602717497469,53.421295022294345,1538400
2024-07-09,53.164554595947266,53.76361963391413,53.12651791443688,53.76361963391413,1594600
2024-07-10,53.659019470214844,53.69705615094318,52.91732233289982,53.18357184324316,1363900
2024-07-11,54.08692169189453,54.44825926754155,53.55441905729941,53.79214286477229,1200000
2024-07-12,54.50531768798828,54.75255249451737,54.039381027601216,54.32464888889215,1011800
2024-07-15,54.64794921875,54.95223539764901,54.220045646117825,54.55285752073319,1054400
2024-07-16,56.16938018798828,56.18839852761695,54.46727687868503,54.94272448726958,1468700
2024-07-17,57.491127014160156,57.747869171722634,56.1884015130862,56.350051967452806,1856000
2024-07-18,57.46260070800781,57.73836120328746,57.053715457042145,57.101259494447504,1509500
2024-07-19,56.79697036743164,57.614740827107795,56.20741635383756,57.614740827107795,1418500
2024-07-22,56.5877799987793,56.90157720162949,56.10282497218463,56.7113974084516,1166200
2024-07-23,56.32152557373047,56.63532274933016,55.998221041617555,56.587775084631396,818500
2024-07-24,56.46416473388672,56.50219778962137,55.77951894737442,56.321528985904074,1565900
2024-07-25,57.329471588134766,58.052150332864166,56.549737826435695,56.61630019921167,1970200
2024-07-26,58.014122009277344,58.30890086500468,57.39604222629637,57.39604222629637,1223200
2024-07-29,57.871490478515625,58.16626570987621,57.24389970457083,57.84296477932017,1185900
2024-07-30,57.91903305053711,58.137738536036466,57.31046063395145,57.671801866565836,1276600
2024-07-31,57.90951919555664,58.39447415205165,57.35799823780023,57.86197153360174,2043600
2024-08-01,57.77639389038086,58.57514604680905,57.47210770006322,58.270859856491406,1874700
2024-08-02,58.22331619262695,58.54662072533418,57.17733286012699,57.966574037767316,3074700
2024-08-05,59.440460205078125,60.762207643429605,58.95550522587909,59.54505926247218,5787600
2024-08-06,58.518096923828125,59.725734375487136,58.23282906275869,59.497517910205,4195300
2024-08-07,58.137733459472656,59.09813966777901,58.04264538795085,58.68925443095589,2950900
2024-08-08,58.841400146484375,59.05059463863912,57.6908141164342,57.81443151682853,2423900
2024-08-09,58.66072463989258,58.79385301729005,58.175769675194076,58.65121728376717,2051300
2024-08-12,57.367515563964844,58.60367873654451,57.14880645144729,58.58466039513525,2705500
2024-08-13,58.166259765625,58.18527810560435,57.55768739579564,57.671797435671735,1741800
2024-08-14,58.98402786254883,59.240770000821264,58.28987480457253,58.28987480457253,2393100
2024-08-15,58.9935417175293,59.25028386829943,58.679744546351095,59.25028386829943,2725800
2024-08-16,59.449974060058594,59.50702908340474,58.46104208632474,58.84140165387704,1484700
2024-08-19,59.40243148803711,59.687699357057845,58.98403522792079,59.411938845140774,1638200
2024-08-20,59.34537887573242,59.40243390280702,58.54662663357762,59.307342191016026,3590700
2024-08-21,60.201175689697266,60.22970138459149,59.28831355193196,59.430949281157645,2730800
2024-08-22,59.9159049987793,60.43890026105497,59.56407479019347,60.296264530002084,2412400
2024-08-23,60.343814849853516,60.391358889364135,59.697205755851634,60.134620350531286,2184400
2024-08-26,60.98091125488281,61.161583678301454,60.46743056419312,60.505467245689424,1950400
2024-08-27,60.79072570800781,61.19009991986986,60.67661930852966,61.00943477912507,1557100
2024-08-28,62.464317321777344,62.48333203652004,60.676633063601564,60.80024684631839,3043700
2024-08-29,61.47538375854492,62.38824239323783,61.27569661233918,62.38824239323783,1371200
2024-08-30,61.619102478027344,61.72450038098516,61.08253665217742,61.264585249507846,2055800
2024-09-03,62.09817886352539,62.38562900809325,61.3795608122666,61.3795608122666,2584300
2024-09-04,62.97010803222656,63.20006377063744,61.96403979766712,61.98320704012868,1777700
2024-09-05,62.404781341552734,63.37252224626551,62.280223526158,63.238380811175816,2798600
2024-09-06,63.11383056640625,63.49708767825785,62.50061041525071,62.50061041525071,3443300
2024-09-09,63.027591705322266,64.08156336828925,62.970104601391924,63.40127250119092,2037000
2024-09-10,60.53638458251953,63.10424669666549,60.49805740945338,63.02759235053318,2414600
2024-09-11,59.07040023803711,60.62261407296226,58.73504298300037,60.23934968294316,2287200
2024-09-12,59.09914779663086,59.37701431548804,58.5721619659199,58.92667917493195,2149200
2024-09-13,58.83086395263672,59.52073477326086,58.31345809585838,59.06081967448467,2146500
2024-09-16,59.26203155517578,59.789021029918494,59.19496083204131,59.19496083204131,1421300
2024-09-17,59.2141227722168,59.95190436127123,59.003330643258515,59.2141227722168,1429000
2024-09-18,59.22370910644531,59.72195138377232,58.80211751904842,59.01291331274687,1399000
2024-09-19,59.089569091796875,59.290784937238996,58.62007398095345,59.03208198316826,1532900
2024-09-20,57.62358474731445,59.29078021118502,56.96245746521908,59.29078021118502,6068200
2024-09-23,57.891868591308594,57.901452212192986,57.0391090866194,57.12534339917676,1954000
2024-09-24,57.9876823425293,58.591322486894725,57.70023587309629,57.891864415998185,1707800
2024-09-25,55.5348014831543,56.72291825575928,55.189864237718,56.195932421933996,3450800
2024-09-26,56.83789825439453,56.93371253502382,55.39108214844133,55.52522360335455,1957000
2024-09-27,57.192413330078125,57.68107564613762,56.88580325748723,57.0103647416899,1759500
2024-09-30,57.06785583496094,57.48944377347078,56.742082174041386,57.38404587507322,1582400
2024-10-01,57.259483337402344,57.85354354379739,56.78040464809815,56.85705899282538,1890600
2024-10-02,56.73249816894531,57.44153624558402,56.46421526944545,56.943293964312566,1754000
2024-10-03,55.640193939208984,56.81872697579978,55.400654614981256,56.46420979936515,1612400
2024-10-04,56.10011672973633,56.253421772153445,55.65936518967221,55.65936518967221,1040000
2024-10-07,55.79350280761719,56.05220573423097,55.47731277847609,56.02346218296731,1276300
2024-10-08,55.85099411010742,56.02346272953255,55.12279246029462,55.5443840433695,1393100
2024-10-09,55.84141159057617,56.06178735194673,55.668942967750446,55.95639310918024,1551300
2024-10-10,55.75517654418945,56.531285336674415,55.68810582009474,55.985135923285846,2143500
2024-10-11,56.36840057373047,56.588776333122475,55.8222475029655,56.013879710504746,1434500
2024-10-14,57.34572219848633,57.41279292790505,56.531289824070114,56.531289824070114,1819000
2024-10-15,57.3648796081543,58.284713443411526,57.173247406847366,57.24990174940223,1720200
2024-10-16,58.064334869384766,58.552997172484226,57.393627637805565,57.393627637805565,1457500
2024-10-17,57.28822708129883,58.17931368194732,57.211572741205146,58.026008656840055,1297900
2024-10-18,57.499019622802734,57.594837548613754,56.68458735634983,57.479859692720666,1277300
2024-10-21,56.70375061035156,57.57567362719888,56.301322634455815,57.39362505184135,1149900
2024-10-22,56.4258918762207,56.7612491781392,56.25342324210962,56.713338381378975,1944600
2024-10-23,56.41630935668945,57.05827306732028,55.649784159264414,55.75517840415749,2684700
2024-10-24,56.56003189086914,56.94329632468177,56.01388244848849,56.67501341406125,1703400
2024-10-25,56.21509552001953,56.943297224757764,56.16718837880584,56.770828592324,1809500
2024-10-28,56.72291946411133,57.230741722332546,56.397145798157226,56.47379649039795,1235000
2024-10-29,55.92764663696289,56.569613998157365,55.80308880612551,56.464216098925405,2934000
2024-10-30,56.36840057373047,56.454631229288765,55.831831123636654,56.013879710504746,2326900
2024-10-31,56.1384391784668,56.933707876848445,56.12885921321988,56.492956373886074,2109200
2024-11-01,55.918067932128906,56.42589019797397,55.7935064434022,56.128863735346336,1890000
2024-11-04,55.879737854003906,56.483378024069715,55.793503543994504,56.042626508501804,1611100
2024-11-05,56.7804069519043,56.78999057292421,55.19944940610293,55.764762428622085,2413300
2024-11-06,56.68458938598633,57.920613260104254,56.579191491360426,57.393627442054985,1825600
2024-11-07,56.25341796875,56.90496526874046,56.10969655718404,56.579191618745234,1925700
2024-11-08,57.09660339355469,57.63317288891916,56.167189484376415,56.20551666013402,2462000
2024-11-11,56.34923553466797,57.58525574851421,56.234254020060675,57.0965971042141,2693100
2024-11-12,60.03813934326172,63.19047424366982,59.55906066875274,59.99981217208175,7041800
2024-11-13,60.651363372802734,60.67052695962845,58.50509281944946,59.71236954882562,2709500
2024-11-14,61.33165740966797,61.78199255868016,60.72801722238702,60.756760774849774,3539100
2024-11-15,61.62868118286133,62.27064486045684,60.97713388480842,61.64784111361559,3430300
2024-11-18,61.8394775390625,62.59642273860678,61.65742529950509,62.500608463635736,2921700
2024-11-19,60.28725814819336,61.59035271691559,60.22977104697809,61.51369837518831,2070100
2024-11-20,60.603450775146484,60.73759221576482,60.33516789390982,60.33516789390982,2480200
2024-11-21,61.1016960144043,61.67659263030769,60.36391439979714,60.59387377717456,3172700
2024-11-22,61.1016960144043,61.87780480108774,61.06336884232801,61.42746966689213,3870400
2024-11-25,61.111270904541016,61.77240177516843,60.862151616895325,61.45620811441967,3868400
2024-11-26,61.14002227783203,61.17834579425846,60.40224067418961,60.842992181275655,1670000
2024-11-27,61.753238677978516,61.78198953919698,61.32207079178795,61.47537947764446,1838400
2024-11-29,62.28434753417969,62.49679144872569,61.67598775939839,61.67598775939839,1131600
2024-12-02,62.129844665527344,62.274693469271526,61.521488530581216,62.033281252136625,1755600
2024-12-03,61.98500061035156,62.34228596153423,61.70496156622824,62.12984204066027,2186900
2024-12-04,61.4249267578125,61.888434101394445,60.83588034288497,61.48286333393115,1695300
2024-12-05,61.51183319091797,61.791872244724544,61.15454414372294,61.415266094609805,1760900
2024-12-06,60.48824691772461,61.56011779339492,60.439965209128104,61.51183608479842,1376100
2024-12-09,60.48824691772461,61.154547020794396,60.41099692070185,60.536528626321115,1879900
2024-12-10,60.256492614746094,60.91313415905529,59.43568884253049,60.6330950949938,2150500
2024-12-11,59.79297637939453,60.642748418083734,59.648131258805606,60.295114234817326,3045800
2024-12-12,59.09770584106445,60.10198145240548,59.068733872890746,60.04404119971582,2100900
2024-12-13,58.40243911743164,59.15564400440827,58.16102691687166,59.039767179563675,1625600
2024-12-16,57.687862396240234,58.547289260657,57.60095385468922,58.499007556163754,1937800
2024-12-17,57.35954666137695,58.04515650260905,57.30160640072674,57.41748323836892,1745300
2024-12-18,56.934654235839844,57.65889085965155,56.722213997742486,56.78980912127228,1800400
2024-12-19,56.200767517089844,56.94431762271777,55.83381989843982,56.7029053942798,2321900
2024-12-20,56.026947021484375,56.61599341254946,55.77587625628055,56.33595436045982,5593700
2024-12-23,55.843475341796875,56.00763387984053,55.003358181365456,55.215802109335435,1823000
2024-12-24,55.75656509399414,55.97866388297064,55.45721263042166,55.66965655190264,682800
2024-12-26,56.08488845825195,56.239392130988534,55.42824692820694,55.5248103422955,1821400
2024-12-27,55.97866439819336,56.355266856170076,55.611716807801024,55.78553389358382,1543400
2024-12-30,55.17717361450195,55.97866391239572,54.964729692909295,55.766219990803066,1514800
2024-12-31,55.46686935424805,55.688968150657615,54.89713637783809,55.128893725724375,3708700
2025-01-02,56.15248107910156,56.18144936530383,55.45721274098347,55.47652615967097,1665600
2025-01-03,56.181453704833984,56.61599644972245,55.84347806084198,56.08489028759577,1764200
2025-01-06,54.848854064941406,55.95935171836807,54.61710040327579,55.92072488020445,2620600
2025-01-07,53.6707649230957,55.157861354508896,53.54522954100319,54.84885401678734,2407700
2025-01-08,53.55488586425781,53.78664321567685,52.917557752428124,53.6707663817964,4011600
2025-01-10,52.405765533447266,53.52591809489094,52.15469476000783,53.01412536361095,3204800
2025-01-13,53.71904754638672,54.057023176648755,52.60854987496902,52.95618405675745,2507800
2025-01-14,53.55488586425781,54.06668227424123,53.34244561608667,53.63213954261687,2303900
2025-01-15,53.84457778930664,54.00874000788842,53.38106678735608,53.902518045922214,1663000
2025-01-16,54.09564971923828,54.250153389891814,53.40038135946835,53.52591674301749,2081500
2025-01-17,53.79629898071289,54.30809539923067,53.70939043293879,53.93148923643744,1908400
2025-01-21,54.520530700683594,54.62675265872496,53.63213556735193,53.64179043460212,2166600
2025-01-22,53.6900749206543,54.39500182716017,53.58385664076604,54.36602985659242,2060200
2025-01-23,54.1439323425293,54.51087994791727,53.661107903103385,53.690076190698335,2721600
2025-01-24,54.501220703125,54.83920001661955,53.95080114387243,54.02805482135396,2831700
2025-01-27,56.065574645996094,56.55805394825126,55.13854893241174,55.167520903361876,2613900
2025-01-28,54.53984451293945,56.20076164997065,54.28877744238394,55.85312748792618,2178700
2025-01-29,54.655723571777344,55.11923826254333,54.2694662410164,54.60744186588948,2057300
2025-01-30,54.81022644042969,55.109578906415905,54.20187032454186,55.04198378242837,1605400
2025-01-31,54.54951095581055,55.30271596010412,54.38534871835826,54.46260240272602,2933500
2025-02-03,55.75656509399414,56.59667854510664,54.24049304114071,55.44755407926819,4991300
2025-02-04,55.051639556884766,55.78553474892197,54.29843462938273,55.78553474892197,3100500
2025-02-05,55.12889099121094,55.206140980902546,54.57847146139835,55.051637317861434,1977400
2025-02-06,55.44755172729492,55.71793589325373,54.984040750354126,55.70827734250996,1580300
2025-02-07,55.94969177246094,56.02694544686263,55.19648686533416,55.515152746754225,1660800
2025-02-10,55.727596282958984,55.87244508920782,55.29305354787063,55.814504829976656,3102800
2025-02-11,56.751182556152344,56.770495974918916,55.68896662593842,55.83381542485876,1775600
2025-02-12,55.795188903808594,56.58702065943985,55.75656574971433,56.152481627529966,1757400
2025-02-13,55.5924072265625,55.843478004983915,55.273745003068534,55.843478004983915,2449100
2025-02-14,55.1385498046875,56.29732920225593,55.0902680972176,56.171793815907655,3151500
2025-02-18,55.90141296386719,55.99798006187215,54.55916161269245,55.18683485692119,3160500
2025-02-19,55.621368408203125,56.345604995203985,55.582745256476315,55.611713541185864,2370700
2025-02-20,57.079505920410156,57.18572788665915,55.40893379904746,55.40893379904746,3642300
2025-02-21,58.37347412109375,58.5859143646688,57.205039888627795,57.205039888627795,3323500
2025-02-24,58.77904510498047,59.570876875867775,57.82305479597026,58.141717004420975,3830700
2025-02-25,59.23290252685547,59.67710012817977,58.750078086200844,59.165307399856474,2379100
2025-02-26,58.2286262512207,59.049430002705115,57.87133719996599,59.049430002705115,2043800
2025-02-27,58.894927978515625,58.99149139496496,57.6202680427035,58.11275104410646,1835700
2025-02-28,59.722511291503906,59.85881900438756,58.924134361093955,59.488838273627195,2619900
2025-03-03,60.19959259033203,60.71561571247628,59.615411896971764,59.69330414172913,2747700
2025-03-04,58.904659271240234,61.24137451309732,58.82676702992864,60.5890399914854,2710700
2025-03-05,59.138336181640625,59.64462092713295,58.56389386345196,58.63204772204157,1920400
2025-03-06,58.933868408203125,59.82961063408637,58.719672167708076,59.52778376297558,1545200
2025-03-07,59.625144958496094,60.34562958760985,58.846237436926394,58.914391287947794,1699700
2025-03-10,60.29695510864258,60.618251337936826,59.634885874458824,60.10222820786382,3577500
2025-03-11,59.693302154541016,60.40405215081117,59.64461764613504,60.092490610366895,3878000
2025-03-12,58.55415344238281,59.74198416073897,58.41784572993669,58.9630802938278,2904000
2025-03-13,58.4178466796875,59.0604428445998,58.1062851278577,58.6417813129335,1900900
2025-03-14,58.3010139465332,58.66125630630668,57.931033198759295,58.43732166568496,2224600
2025-03-17,58.992286682128906,59.22595969392375,58.23285589348207,58.291271360850885,2614600
2025-03-18,58.91439437866211,59.22595963209884,58.6417789602748,58.98255194736545,2603000
2025-03-19,59.18701171875,59.42068100911801,58.31074259460394,58.709931036913495,2140700
2025-03-20,58.8267707824707,59.29411683193917,58.67099000401679,59.29411683193917,2251800
2025-03-21,58.83650588989258,59.34279432016648,58.583359817702366,58.8072981562193,5366400
2025-03-24,58.7780876159668,59.313583788181994,58.46652607161954,58.690460699487474,2453500
2025-03-25,58.36916732788086,58.78782886990641,58.14523268909388,58.778090481985764,1639900
2025-03-26,59.965919494628906,60.150908004534635,58.456792538369214,58.456792538369214,1791000
2025-03-27,60.73509216308594,61.02718066901321,60.24827674850485,60.33590367169372,2226500
2025-03-28,60.72534942626953,61.11480321568783,60.52088785817289,60.90060326009711,1339500
2025-03-31,62.127384185791016,62.45841881435157,60.70588036073288,60.74482648505926,2674700
2025-04-01,61.445838928222656,62.31236972546027,61.15375043795589,62.18579668450557,2630100
2025-04-02,61.09532928466797,62.03975229638729,60.861656271523714,61.61135239130725,1528500
2025-04-03,61.88397216796875,62.66287602968979,61.35821066851708,61.69897994736173,2595600
2025-04-04,58.23285675048828,61.33873751955901,58.164702894817296,60.38457982605866,3322600
2025-04-07,56.69451904296875,57.93103056114309,55.954561295218205,56.6458382475034,3223900
2025-04-08,56.12981414794922,58.02839113662058,55.77930648416172,57.7265679815531,2694700
2025-04-09,58.184173583984375,58.28153889012272,55.29249270264872,55.302227376209224,2717200
2025-04-10,58.5444221496582,58.87545677647461,57.20081058033198,58.359429917136,3125800
2025-04-11,58.943607330322266,59.28437661200086,57.54157665345808,58.86571508644909,2121800
2025-04-14,59.94644546508789,60.2580070104786,58.719672344375304,58.90466085129273,2528900
2025-04-15,59.38174057006836,60.111963626338174,59.245429146381845,60.111963626338174,1520000
2025-04-16,59.06044387817383,59.87829389456632,58.89492842578935,59.87829389456632,1911600
2025-04-17,59.5959358215332,60.21905889164911,59.27463961342627,59.40120893359536,2520400
2025-04-21,59.18701171875,59.537519368408425,58.59309639172949,59.44015406899975,1590100
2025-04-22,59.77119064331055,60.08275218355002,59.157802236042464,59.29411365974045,2634600
2025-04-23,60.39431381225586,60.54035990937865,59.50830998450704,59.8393445857597,2365500
2025-04-24,59.80039978027344,60.35537273308571,59.53752274223949,60.102226654384445,2125100
2025-04-25,59.0214958190918,59.946445786856856,58.69046121107398,59.79066501332534,1462900
2025-04-28,58.52494430541992,59.27464042001298,58.32048274165086,58.96307888071541,1956000
2025-04-29,58.9825553894043,59.06044392172892,57.80445930382372,58.33995549866576,2263500
2025-04-30,59.625144958496094,59.74197960108902,58.67098361598384,59.556987393368374,2959500
2025-05-01,59.01176452636719,59.313587703190564,58.44705686864749,58.99229146429684,2780700
2025-05-02,59.18701171875,59.907496363842185,59.021492566808455,59.40120794923628,3934900
2025-05-05,54.601219177246094,56.87951177259989,53.05314599627784,56.081134782576704,11981000
2025-05-06,54.279911041259766,54.66936480343152,53.5010072310226,54.464899535532865,7290500
2025-05-07,53.72494888305664,54.425964261166115,53.598375836652025,54.34807201288425,4068000
2025-05-08,54.85435485839844,55.27301636470744,53.773624166024334,53.83204334624411,5335200
2025-05-09,53.84177780151367,55.165916168289606,53.67626236271989,54.78620078366254,2804200
2025-05-12,54.513587951660156,54.60121486872899,53.754153432361406,54.27018026136969,3291300
2025-05-13,53.90019607543945,54.74725374337675,53.880723015772276,54.55252686081133,2958100
2025-05-14,53.0628776550293,53.832046864717164,52.96551606240586,53.802835415644786,3379300
2025-05-15,54.182552337646484,54.22149474464843,53.13102935235667,53.15050241291092,2677900
2025-05-16,54.46490478515625,54.62068556221868,54.055981638157384,54.13387016963525,5641700
2025-05-19,54.57200241088867,54.84462154456387,54.153340894204476,54.52332161655234,2752900
2025-05-20,55.25354766845703,55.331439914901864,54.6985784119112,54.6985784119112,2906800
2025-05-21,54.82514572143555,55.545630355164555,54.80567266186093,55.292488008907256,3120200
2025-05-22,54.017032623291016,55.058817210513844,53.92940570875328,54.718047939592914,2369600
2025-05-23,54.08518981933594,54.221497536126606,53.24786674292845,53.91967436726348,2629600
2025-05-27,54.34806823730469,54.42596048017535,53.52048358439002,54.42596048017535,2141200
2025-05-28,53.90019607543945,54.47463833624897,53.724942252541204,54.42595754413421,2327900
2025-05-29,54.64015579223633,54.64989417948311,53.71520585143611,53.909932741200336,2930800
2025-05-30,55.1706428527832,55.44570896200284,54.22755583760615,54.522270061412144,4838700
2025-06-02,55.1706428527832,55.190290967369556,54.42403323597504,54.95451733982796,1749000
2025-06-03,54.80716323852539,55.00364064096977,54.24720507743051,54.75804482478799,2597300
2025-06-04,54.64015579223633,55.02328466347857,54.36508967903569,54.74821855027793,2682800
2025-06-05,54.26685333251953,54.6303340921084,53.93284287175024,54.61068597706377,2691500
2025-06-06,54.33562088012695,54.78751629214156,54.227558119102845,54.522272355308246,1762800
2025-06-09,54.2864990234375,54.659805723396346,54.02125883260592,54.30614713896111,3480600
2025-06-10,54.699100494384766,55.10187748313045,54.286497574392136,54.47315279313668,2246900
2025-06-11,54.394561767578125,54.669631637325324,54.17843999187764,54.65980570581925,2398200
2025-06-12,54.689273834228516,54.70892194896579,53.83460145437789,54.29632278196711,1924400
2025-06-13,53.84442901611328,54.895578827674875,53.65777379420386,54.61068677659879,3090000
2025-06-16,53.93284606933594,54.22756031748906,53.45147659093968,53.98196448611229,3781000
2025-06-17,53.765838623046875,54.39456334788689,53.71672020657406,53.88372357208064,2389400
2025-06-18,53.372886657714844,54.03108167201272,53.30411637880061,53.84443019351666,2285100
2025-06-20,53.451473236083984,53.85425022436198,53.33358829372072,53.39252889115498,3954800
2025-06-23,54.13914108276367,54.37491096231871,53.57918293445213,53.74618628684572,2362900
2025-06-24,54.5320930480957,54.91522566693034,54.06054953356237,54.139141993065294,2398200
2025-06-25,53.67742156982422,54.31597219785078,53.67742156982422,54.23737973701898,1802600
2025-06-26,54.05072784423828,54.237379316022796,53.736365498340795,53.834602326123225,2427400
2025-06-27,54.26685333251953,54.52227133311028,53.73636546879864,54.09002404461257,3262400
2025-06-30,54.95452117919922,55.05276175899453,54.090026561970085,54.11949686216121,2489500
2025-07-01,56.33967590332031,56.703160391208776,54.83663078297983,54.89557512500097,2985700
2025-07-02,56.43791961669922,56.56563049111065,56.005668579458906,56.310208742287784,1878000
2025-07-03,56.34950256347656,56.62456866814659,56.1628473517408,56.44773938728882,1483600
2025-07-07,54.76786422729492,56.23161686630319,54.443675967600534,55.917250789859594,3480200
2025-07-08,54.728572845458984,55.209942312252636,54.207910894688325,54.55174355133029,2402900
2025-07-09,54.10967254638672,54.88575248497542,53.69706962248995,54.88575248497542,2702200
2025-07-10,53.67742156982422,54.21773162181103,53.43182575096704,53.68724750117559,2972500
2025-07-11,53.26482391357422,53.67742310223586,52.63609919894986,53.67742310223586,3170100
2025-07-14,53.36305618286133,53.64794821591194,52.950457029473206,53.34340806877219,2250100
2025-07-15,51.820716857910156,53.382706387982026,51.78142062819263,53.26482144632416,2679400
2025-07-16,52.68521499633789,52.744155593220455,51.82071668294475,51.84036479773717,3105700
2025-07-17,53.02904510498047,53.18622626832168,52.439616679324565,52.655738436734644,2884900
2025-07-18,52.469093322753906,53.16658458522712,52.361030557230876,53.14693646899612,1818000
2025-07-21,52.370853424072266,52.85221912732733,52.23331661850462,52.488738367064045,2218900
2025-07-22,53.51041793823242,53.54971042095265,52.49856062141743,52.49856062141743,2035300
2025-07-23,53.431827545166016,53.88372296763876,53.10764300208598,53.4121794292983,2295900
2025-07-24,53.04869842529297,53.64795284043713,52.96028377801768,53.41217919853807,1696600
2025-07-25,52.98975372314453,53.17640894808419,52.636098883906236,53.048698070098354,1866800
2025-07-28,52.508384704589844,52.970102277133385,52.12525584221545,52.68521398683874,2214300
2025-07-29,52.704864501953125,53.372885432545054,52.33155780603532,52.52803521164968,2657500
2025-07-30,51.98772048950195,52.79327821301733,51.80106901859294,52.54768239721849,2707000
2025-07-31,51.37864303588867,52.02701582859607,51.309876508442024,51.79124594806321,2486800
2025-08-01,51.604591369628906,51.918953712548245,50.93657045405163,51.75195035740129,4369900
2025-08-04,52.86204528808594,54.54191978611646,52.665567883916886,53.68724738760011,5957700
2025-08-05,53.82478332519531,54.10967538910371,52.901340600457054,52.93081464853051,3637700
2025-08-06,55.08222961425781,55.229588603662506,53.814954297360686,53.94266517167844,3465700
2025-08-07,55.34747314453125,55.56359866142248,54.53209323807413,55.23941038608563,2557400
2025-08-08,56.0351448059082,56.30038874885369,55.376946040637186,55.58324938348029,2497300
2025-08-11,55.68148422241211,56.27091268730918,55.19029258583296,56.03514280034826,2137700
2025-08-12,55.445709228515625,56.074437655817135,55.01346194802211,55.652012558916674,2794300
2025-08-13,56.67368698120117,56.72280914051623,55.1608196606602,55.1804640273927,2587500
2025-08-14,55.30817794799805,56.50668674952225,54.96434529878773,56.26109092937351,2392000
2025-08-15,55.79936981201172,56.08426186392523,55.3081781697449,55.5144777600982,1971800
2025-08-18,55.08222961425781,55.92707982552256,54.866104095796196,55.80919488249567,2706900
2025-08-19,55.71095275878906,55.8681339276216,55.14117242708162,55.26887955035547,2222700
2025-08-20,55.583248138427734,56.5165092624299,55.308178269963406,56.005669503847386,2398800
2025-08-21,55.96637725830078,56.1726768499045,55.12152702888191,55.494833728565915,1841300
2025-08-22,56.59510040283203,56.73263346010586,56.13337906984584,56.32003428828438,1986800
2025-08-25,56.4477424621582,56.53615710740328,55.95655082135106,56.388801863658024,2159800
2025-08-26,56.22179412841797,56.47721587737867,55.87796148269561,56.241442243529924,4071100
2025-08-27,56.41827392578125,56.536158873959906,56.01549691763382,56.084263449695946,1869000
2025-08-28,55.13134765625,56.42809326328086,54.53209326637314,56.40844514832648,3289900
2025-08-29,56.28115463256836,56.37036408331954,55.24038022792658,55.36923916371896,2591500
2025-09-02,56.04326629638672,56.40010410583312,55.656693263214144,56.22168520110992,2675000
2025-09-03,55.85493469238281,56.04326786440611,54.92319443812403,55.87475943581596,3287100
2025-09-04,55.68642807006836,56.07300110034702,55.478273943177236,56.00361639138332,1946100
2025-09-05,55.70625305175781,56.182035535771185,55.21064582492933,55.61704359968136,2013500
2025-09-08,55.40888977050781,55.577394413569735,54.873633055164504,55.280030832106696,2860600
2025-09-09,55.34941482543945,55.58730795624105,55.111521694637865,55.21064540796479,2235400
2025-09-10,54.933101654052734,55.19081952218183,54.33837451114136,55.11152055316274,2197200
2025-09-11,55.58730697631836,55.93423051388926,55.06196075790431,55.28002914219629,2932600
2025-09-12,54.645652770996094,55.57739297714785,54.625828028586525,55.52783301171543,2357200
2025-09-15,53.52558135986328,54.89345838667995,53.43637190634952,54.79433467100736,2712000
2025-09-16,53.86259460449219,54.140133446904244,53.317427400675726,53.575141499889334,2944500
2025-09-17,53.64452362060547,54.32846399379135,53.5850531750644,53.87250248460644,2303200
2025-09-18,53.535491943359375,53.832859309763464,53.27777784448338,53.47602149502506,1995600
2025-09-19,53.11918258666992,53.803119196715556,53.11918258666992,53.74364874960562,3710800
2025-09-22,53.188568115234375,53.694085829372646,52.821819821401384,53.09935866201196,3168100
2025-09-23,53.376895904541016,53.68417374114804,53.08944659159322,53.376895904541016,1988700
2025-09-24,53.981536865234375,54.1599557648478,53.16874133641008,53.18856607872079,2245900
2025-09-25,53.27777862548828,54.26899311154388,53.22821865742214,54.26899311154388,2543500
2025-09-26,53.71390914916992,53.84276808511747,53.396720830824435,53.51566928609125,2311400
2025-09-29,53.485931396484375,53.72382453079338,52.494716935699195,53.42646094879444,4082700
2025-09-30,53.82294464111328,53.97162832319246,52.97049959704993,53.56523054418355,4233000
2025-10-01,53.991451263427734,54.29872531706287,53.81303236336341,53.9319770363453,2493400
2025-10-02,53.94188690185547,54.259078994828656,53.57513862531979,53.67426233599358,2850500
2025-10-03,54.20951843261719,54.358202116768574,53.941890069854594,53.961714813153655,1619500
2025-10-06,53.67426300048828,54.19960543942289,53.614788773347705,54.04101128156435,3232600
2025-10-07,53.733734130859375,53.753558873492075,52.583925526443934,53.6742636841443,3347900
2025-10-08,51.9594612121582,53.684176070598355,51.830606052245976,53.61479135951234,4312100
2025-10-09,51.1268424987793,52.14779215937704,51.116928236942286,52.14779215937704,3130200
2025-10-10,51.64227294921875,51.68192243594393,51.07728099752599,51.325084617783624,3272600
2025-10-13,51.64227294921875,51.751307147121416,51.047545773073686,51.25569990660614,3280300
2025-10-14,52.38568115234375,52.46498012177109,50.6213206755981,51.126842152739975,3119300
2025-10-15,52.34603500366211,52.80199273044294,52.0784066558952,52.28656077709737,2084200
2025-10-16,51.701744079589844,52.60374905200169,51.444029993693434,52.34603496610528,2678900
2025-10-17,52.0189323425293,52.078406568994794,51.13675211313058,51.53323939386802,2232300
2025-10-20,52.0189323425293,52.25682546720835,51.70174403041252,52.078406568994794,2088800
2025-10-21,51.89007568359375,52.28656298171029,51.82069097360082,52.01893462265909,1754800
2025-10-22,52.25682830810547,52.772260288611974,51.47376796572925,51.8206915193475,2919100
2025-10-23,51.35482406616211,52.2370043568955,51.136755668476745,52.038760702743645,2139800
2025-10-24,50.9286003112793,51.59271218839407,50.60149772259905,51.34490857194531,2410500
2025-10-27,51.632362365722656,51.73148230115585,50.809652533131114,51.01781044743388,2449900
2025-10-28,51.681922912597656,52.17753015768384,51.0772814686032,51.453944033599996,2454600
2025-10-29,50.27439880371094,51.305258972154554,50.20501409375367,51.235874262197285,2867300
2025-10-30,50.958335876464844,51.097105297615975,50.11580508737118,50.145540311565526,2743600
2025-10-31,50.958335876464844,51.097105297615975,50.17527553575987,50.56184857501892,2484200
2025-11-03,51.1764030456543,51.374646691633004,50.29422279129124,50.77000527293031,2707400
2025-11-04,51.582801818847656,51.79095594963016,50.958335645317014,51.36473342592325,2291900
2025-11-05,51.96937561035156,52.276653461095634,51.57288830495167,51.70174724638411,2601500
2025-11-06,51.23587417602539,52.38568280061888,51.22596369512664,51.82069085981244,2242600
2025-11-07,52.21717834472656,52.88129022163975,50.20501418975203,51.53324172476152,8163500
2025-11-10,53.42646026611328,55.19082077378739,52.445156298754455,54.92319241905316,6190400
2025-11-11,55.02231216430664,55.230470071403076,53.53549049718287,53.76347314691625,3544500
2025-11-12,53.58505630493164,55.06196376693857,53.49584685022643,54.972754312233356,3210500
2025-11-13,53.82294464111328,54.685300166096454,53.594965768126144,53.69408570205686,3091600
2025-11-14,53.50575637817383,54.18969299794128,52.87137972543015,53.922068419776316,3318000
2025-11-17,52.643402099609375,53.47602242136095,52.593842131411236,53.47602242136095,2906000
2025-11-18,53.188568115234375,53.47602121797139,52.45506774638528,52.871379788484255,2578200
2025-11-19,52.583927154541016,53.396722721732274,52.54427766804799,53.109273397615716,2702000
2025-11-20,52.24691390991211,53.18856841451767,52.18744346155128,52.544277495265675,3167500
2025-11-21,53.19847869873047,53.62470122259442,52.43524688558008,52.6037515302233,3350900
2025-11-24,56.667728424072266,57.17324991221714,53.23812732653471,53.25795206932304,8868700
2025-11-25,56.63799285888672,57.391317955567736,56.191945601797045,56.95518117922092,3503000
2025-11-26,57.40122985839844,57.71841818659083,56.64790852423729,56.687554229373994,2527800
2025-11-28,57.53999710083008,57.90674538244535,57.272368750078506,57.272368750078506,1663300
2025-12-01,58.29999923706055,58.66999816894531,57.4900016784668,57.5,3704600
2025-12-02,57.34000015258789,58.20000076293945,57.04999923706055,57.849998474121094,3234200
2025-12-03,56.779998779296875,58.0099983215332,56.779998779296875,57.47999954223633,3538400
2025-12-04,56.13999938964844,57.150001525878906,56.02000045776367,56.90999984741211,2315700
2025-12-05,56.91999816894531,56.97999954223633,55.81999969482422,56.02000045776367,3435300
2025-12-08,56.220001220703125,56.86000061035156,55.849998474121094,56.79999923706055,3047500
2025-12-09,55.90999984741211,56.220001220703125,55.400001525878906,55.959999084472656,2849000
2025-12-10,57.66999816894531,57.83000183105469,55.95000076293945,56.02000045776367,4959700
2025-12-11,59.560001373291016,59.650001525878906,57.900001525878906,57.93000030517578,4986000
2025-12-12,59.90999984741211,60.380001068115234,59.130001068115234,59.58000183105469,3883300
2025-12-15,59.529998779296875,60.470001220703125,59.06999969482422,60.40999984741211,3457700
2025-12-16,58.189998626708984,59.90999984741211,58.150001525878906,59.83000183105469,2625600
2025-12-17,58.5,58.529998779296875,57.970001220703125,58.22999954223633,2028500
2025-12-18,58.25,58.63999938964844,58.130001068115234,58.47999954223633,2515500
2025-12-19,58.470001220703125,58.7400016784668,57.810001373291016,58.119998931884766,5297200
2025-12-22,58.63999938964844,58.7599983215332,58.06999969482422,58.25,1752700
2025-12-23,57.790000915527344,58.58000183105469,57.5,58.58000183105469,1769900
2025-12-24,58.2599983215332,58.380001068115234,57.790000915527344,57.79999923706055,623400
2025-12-26,58.560001373291016,58.650001525878906,58.09000015258789,58.220001220703125,1086200
2025-12-29,58.58000183105469,58.650001525878906,58.27000045776367,58.529998779296875,1704100
2025-12-30,59.18000030517578,59.40999984741211,58.45000076293945,58.7400016784668,2597700
2025-12-31,58.619998931884766,59.119998931884766,58.61000061035156,59.119998931884766,1480000
