Date,Close,High,Low,Open,Volume
2019-01-02,136.27317810058594,137.24734502868057,135.44469722255874,136.3369148792366,743800
2019-01-03,133.41444396972656,136.39155480483598,133.24147388994257,135.68142031456227,689800
2019-01-04,137.019775390625,137.5569259932766,134.30669668462883,135.27175068724097,842100
2019-01-07,138.0303192138672,139.8602788621738,133.33249618267956,136.70108504753136,879200
2019-01-08,138.91348266601562,140.09704505446075,136.7921780056029,139.6873402296427,885300
2019-01-09,138.0758514404297,140.38833810248417,137.72078420789202,139.1319538369232,714700
2019-01-10,139.61447143554688,139.72371860994653,137.59331535678209,137.72987432478166,549600
2019-01-11,140.1971893310547,140.26091223837773,137.20186538521799,138.95900336925035,560300
2019-01-14,139.81480407714844,140.5613497859783,139.05914517333926,139.67823118104866,791000
2019-01-15,140.77981567382812,140.91637463672328,139.44148226921027,139.44148226921027,598300
2019-01-16,142.86471557617188,143.19247102739072,139.48702707117255,141.1075918321815,634200
2019-01-17,142.9011688232422,143.72964997059026,142.17282168850514,142.4823647058469,455300
2019-01-18,144.4488983154297,144.94963784059533,140.21538839401072,144.18486570576684,551800
2019-01-22,144.51260375976562,145.48677089028263,143.52023802476262,144.0847003892479,860000
2019-01-23,144.01182556152344,145.32284711925624,143.31990369141369,144.5854009660467,873400
2019-01-24,143.65676879882812,144.58541145157875,142.70082824471086,143.58394661106027,491500
2019-01-25,144.47616577148438,145.94195889956268,144.266770722348,144.86764407604633,554600
2019-01-28,144.07557678222656,144.6855633391544,142.84649047560072,143.77513315411665,434400
2019-01-29,144.6400604248047,144.7128965174181,143.50202252534078,144.02097447568715,433200
2019-01-30,146.61566162109375,147.30759740891767,143.9025837309024,144.7857020659483,595400
2019-01-31,148.20892333984375,148.40011979073176,145.47763279154807,146.078520046268,607100
2019-02-01,151.23159790039062,151.3681569068158,147.99956712502538,148.40015873329364,877300
2019-02-04,150.54873657226562,151.532002843195,149.6565188770391,151.532002843195,640900
2019-02-05,151.59576416015625,151.65950095771717,149.6747554191974,150.8036941405982,557100
2019-02-06,151.45912170410156,152.1419441425562,150.19362467384795,151.0130060431703,794700
2019-02-07,148.19076538085938,149.27417981821415,145.6688691931741,148.59135699387113,1200900
2019-02-08,152.7884063720703,152.94317784260863,146.55195380075602,147.4441715276499,988300
2019-02-11,154.79139709472656,154.90064430897925,151.41369383605576,151.79607297800712,766400
2019-02-12,155.90208435058594,156.42102238032882,155.0189658778044,155.4923796156595,741400
2019-02-13,155.65625,156.7851884316969,155.4923653426601,156.59399198014404,562500
2019-02-14,153.4075164794922,155.0645064117348,151.4774085514424,154.26332324519421,878100
2019-02-15,154.37254333496094,155.501481790288,153.2345055787265,155.06447918167146,950300
2019-02-19,155.42869567871094,155.60167969600465,152.67919168587818,154.10857423545932,560400
2019-02-20,155.75640869140625,155.9293926614746,154.94612632534643,155.03716101502343,625400
2019-02-21,155.12820434570312,156.02953526299316,153.38927929459624,156.02953526299316,745800
2019-02-22,155.76547241210938,156.89441066431937,154.9460909318676,155.52876560254307,855600
2019-02-25,156.09323120117188,157.04918554376337,155.7654758234851,156.1114436921712,890600
2019-02-26,155.1190948486328,156.22070756084864,154.78222624339028,155.41953846798123,734600
2019-02-27,155.2647705078125,155.59252595726375,153.75346683340268,153.86271401919868,688300
2019-02-28,156.61224365234375,157.25864146650528,154.43631551931267,154.43631551931267,861200
2019-03-01,157.10382080078125,157.92321625192645,155.7746005923063,156.85800077623153,629300
2019-03-04,157.54994201660156,158.62424293755416,156.2662321564978,157.02189085658594,927300
2019-03-05,165.7347412109375,171.07897701871866,164.33268453022433,168.55708096191148,5299300
2019-03-06,155.57431030273438,157.44979421100862,154.3361247285249,156.58488833677345,1429800
2019-03-07,154.9552764892578,155.54706468069105,153.54410636146184,154.98258829433206,771700
2019-03-08,154.06295776367188,154.39071310244623,151.24973254289281,153.94459742431877,698800
2019-03-11,155.14642333984375,155.46506559437174,154.23599308336966,154.39076455992267,454400
2019-03-12,155.42869567871094,156.73971781812966,155.21018735811884,155.6927144105345,556400
2019-03-13,156.4027862548828,157.54993711205685,155.86563581112807,156.12055513670867,497400
2019-03-14,156.82159423828125,157.94141943943626,156.32085487449268,156.62129849276585,479600
2019-03-15,158.09619140625,158.44215931180747,155.84742780424992,156.61219969506442,814100
2019-03-18,158.48770141601562,159.15231161640762,158.00517448931225,158.15084666508847,364300
2019-03-19,157.41343688964844,159.36175771531597,156.9673348100757,159.36175771531597,485300
2019-03-20,156.9855194091797,158.3056547054704,156.36643335723815,157.61371865675162,488200
2019-03-21,158.70620727539062,159.11589810799936,155.28298065682526,156.502953853327,555400
2019-03-22,158.9702606201172,159.36173904343056,157.12208792740023,157.53177884939933,651900
2019-03-25,160.0445098876953,160.3904777900074,158.933797885866,159.27975189611647,513600
2019-03-26,161.63780212402344,161.71063822082746,160.1264982645509,160.82751964866787,569100
2019-03-27,160.9731903076172,162.61196773992205,159.8260530510362,161.94735746451073,629300
2019-03-28,159.93145751953125,161.65851928229375,159.08162595256925,161.30214190087682,607100
2019-03-29,160.5071258544922,161.63109701899634,159.785238258662,160.99143319139688,745400
2019-04-01,160.9274444580078,162.81898117928117,159.46537590730878,160.9274444580078,802200
2019-04-02,161.92352294921875,162.74594199898314,160.47973363117876,161.53973296999143,696100
2019-04-03,162.49012756347656,163.92477046347474,161.0371910179234,163.03839314035724,717900
2019-04-04,163.12059020996094,163.59576474609753,161.6219756975215,162.7642127936895,371200
2019-04-05,162.72764587402344,163.80591085776172,162.4900656089596,163.12971550976383,468000
2019-04-08,163.0657501220703,163.26678494804528,161.4574854575931,162.87386211575406,376000
2019-04-09,162.68197631835938,162.7642140435172,161.43922179045282,162.6728434411165,364700
2019-04-10,163.60487365722656,163.7876427204992,162.4352241575553,162.9926363365644,410500
2019-04-11,164.27200317382812,164.8202687109408,163.52268881344983,163.75113627307837,373500
2019-04-12,165.1400604248047,166.20919260171618,164.47299790963555,165.2497107167988,426200
2019-04-15,165.1583709716797,165.40508417475073,162.49923934753141,164.91164382528305,268300
2019-04-16,165.58779907226562,166.01726730329491,165.0577994966137,165.77968705627347,387300
2019-04-17,161.64935302734375,166.30968494092892,160.46143786099384,166.30968494092892,887800
2019-04-18,162.07884216308594,163.13884134916816,159.94057803977356,163.13884134916816,550800
2019-04-22,161.97828674316406,162.96518086307205,161.05536456722444,162.02397899695316,310200
2019-04-23,164.48214721679688,164.55525206653658,161.7956032479906,162.26164492216583,459600
2019-04-24,164.0800323486328,166.5929533504918,163.44951539359872,164.20796231463098,451200
2019-04-25,164.63748168945312,164.701453658573,161.95093785289222,162.89214008905827,505100
2019-04-26,165.8984832763672,166.41020315545023,164.11659657480268,165.13090345774262,563500
2019-04-29,165.87110900878906,167.20523415255926,164.63748734567662,165.94421385744175,526200
2019-04-30,168.44796752929688,168.5302052449523,165.4507388277274,165.6883330418285,789000
2019-05-01,160.2512969970703,164.7380078200227,160.05026214538398,161.78647096055454,1067500
2019-05-02,163.11148071289062,163.1937184492048,159.4471886027474,160.05027927904382,816500
2019-05-03,164.27200317382812,165.25889787262264,162.91958417363213,163.8790662927373,473900
2019-05-06,163.2302703857422,164.03439589847576,161.996648624136,162.1885506100865,662100
2019-05-07,159.3740234375,162.5905523050271,158.53333880553356,161.90521020842527,579400
2019-05-08,160.37918090820312,161.3203829236453,157.948511574821,159.4014334499226,480600
2019-05-09,159.91317749023438,160.3152471388557,157.9211228862937,158.99938790457588,367700
2019-05-10,161.42091369628906,161.6676407716836,157.43679081739586,159.47455149332765,411500
2019-05-13,158.72525024414062,160.26042401795635,158.54249511336613,159.30094215223687,648000
2019-05-14,160.26040649414062,161.47574819871636,158.42368068089016,158.5059323325691,512900
2019-05-15,160.40664672851562,161.16509389491716,159.41061924649105,159.41061924649105,377300
2019-05-16,162.70933532714844,162.89209041510824,160.51624638499183,160.51624638499183,587000
2019-05-17,160.82696533203125,162.3164468023672,160.59851793809372,161.53058720948917,508900
2019-05-20,161.16505432128906,161.34782338123995,159.904034256222,160.5071247467664,556700
2019-05-21,162.93783569335938,163.1388705385283,161.71336086792968,161.71336086792968,291700
2019-05-22,164.5004119873047,164.52782456055397,161.8138682622916,162.645420166381,416000
2019-05-23,162.4991912841797,163.63229530348084,161.4117795293374,163.2576382555682,534100
2019-05-24,162.4078369140625,163.49524887083496,161.41180950317772,163.385598570429,307800
2019-05-28,161.47576904296875,162.79161437651365,161.05541968489925,162.34386638877595,788600
2019-05-29,160.54367065429688,161.24729243472004,159.28263675180455,160.78125089163177,346300
2019-05-30,162.37127685546875,162.5083397186466,160.6168024901785,161.21076015504616,241200
2019-05-31,160.3700408935547,161.90520040418664,160.29693606781223,160.94573268170157,417600
2019-06-03,162.70933532714844,162.89209041510824,160.12330969972476,160.63502952334002,507300
2019-06-04,163.76937866210938,163.8150709322902,160.09594044407692,163.44954671416673,396100
2019-06-05,167.08645629882812,167.2326520574685,163.43129740965125,164.00697545323587,512000
2019-06-06,167.65293884277344,167.98190357765688,165.71570981697067,167.7260436664497,321200
2019-06-07,170.7689971923828,171.94777958804866,168.10986623015816,168.10986623015816,583700
2019-06-10,172.07568359375,172.5417251220661,170.83292942377375,171.23499899984253,729100
2019-06-11,172.07568359375,173.19964067716413,169.754664600062,172.6056831309934,427500
2019-06-12,171.8929443359375,173.0169015229095,171.4543292776862,171.75588148752186,418500
2019-06-13,172.4412078857422,172.50516589472798,170.741559003828,172.3224107990714,356500
2019-06-14,173.92156982421875,174.13173752033407,171.5457113745489,172.70622802786104,364100
2019-06-17,172.04827880859375,174.2779273270474,171.56397150914677,173.66569006063932,381700
2019-06-18,171.8929443359375,174.23224323770611,171.18018963753366,172.77018839576138,454000
2019-06-19,173.37326049804688,173.9672319793153,171.97516381909233,172.13050634527397,451100
2019-06-20,175.1003875732422,175.5024572944959,173.25454231595927,174.58866754376476,609200
2019-06-21,175.29229736328125,176.27004518958236,173.9673049543724,175.21919250676774,1127500
2019-06-24,175.2373809814453,176.0323732242675,174.8078988875873,174.88100370604383,351800
2019-06-25,175.73085021972656,176.32482173944436,175.237410042462,175.49326997783186,469500
2019-06-26,170.74159240722656,175.65777097577967,169.5536631380757,175.65777097577967,709400
2019-06-27,173.2632598876953,173.5383565141221,170.8240912544377,170.8240912544377,455500
2019-06-28,175.6382293701172,176.78445362827864,173.02484645670629,174.1252189461422,682800
2019-07-01,177.83901977539062,178.0774294261106,175.8858488168071,177.71980795403172,435400
2019-07-02,178.9485321044922,179.56292064219804,177.5272251662057,177.8940113453772,431900
2019-07-03,179.4895782470703,179.4895782470703,178.04074891056808,179.2511546143818,329000
2019-07-05,179.58123779296875,179.9938757141264,177.09623151737816,178.96686328955715,311600
2019-07-08,178.5083770751953,179.0127185406454,177.9948708529171,178.35249225714622,358800
2019-07-09,179.04026794433594,179.21449630807194,176.94039080456668,177.60060324777925,405600
2019-07-10,179.370361328125,180.36070087143494,178.3250052532973,179.34285306236612,414100
2019-07-11,180.00308227539062,181.05760312484009,178.34335158566716,180.8100147370922,535400
2019-07-12,180.11306762695312,180.46152422910475,178.74676346924736,180.20477115130672,506200
2019-07-15,181.2593536376953,181.28686190599927,179.93890079111353,180.6541437510123,346000
2019-07-16,181.09429931640625,181.89206706046164,179.41622503353295,180.62663078341015,383000
2019-07-17,178.83848571777344,181.20429417546123,178.83848571777344,180.7824775080617,405200
2019-07-18,181.28680419921875,181.6169173057834,178.83847115552842,179.34281256722352,402200
2019-07-19,179.61798095703125,181.79121828200437,179.58129393497305,181.79121828200437,402300
2019-07-22,179.39785766601562,180.99340693392904,179.1869563118878,179.7921661023373,325000
2019-07-23,180.3148193359375,180.69994898499093,178.62758068522888,180.20478629106353,273600
2019-07-24,180.8100128173828,180.95673289686061,178.73764416474714,179.78300024503193,365300
2019-07-25,180.3240203857422,181.7361767084873,180.00308594293455,180.92923023834723,433000
2019-07-26,182.6439971923828,182.9282726328375,179.81053347506642,180.6358235427112,480700
2019-07-29,182.80902099609375,183.30418373525998,181.2318152461631,182.1396299252963,595200
2019-07-30,181.09429931640625,182.79988186686785,180.61746602487997,182.56145822510584,538000
2019-07-31,179.01275634765625,184.22119369305193,176.89453573739854,182.919084356703,1414500
2019-08-01,179.76467895507812,184.2487087473443,179.17781255663016,179.63630236766758,608600
2019-08-02,179.15943908691406,181.18595571903387,176.11506077231508,179.91135491671568,670900
2019-08-05,173.04322814941406,180.03977305065763,171.19092542170415,177.96740417169403,1156700
2019-08-06,178.03155517578125,178.4350283737586,172.61221724330142,173.04319870550484,684300
2019-08-07,177.2980194091797,178.1324602496296,173.78598570065228,175.07891636218412,506600
2019-08-08,181.76368713378906,181.84621193503415,177.23380592770351,178.132441967033,644500
2019-08-09,180.8467254638672,183.15751807115205,179.99392712403633,181.56196846269364,853700
2019-08-12,176.912841796875,180.6999714718405,176.57356387162983,180.39736656878551,550500
2019-08-13,178.81100463867188,180.45239180682512,176.33516275745887,176.92202908479823,1476500
2019-08-14,174.53787231445312,178.22413377242222,173.93266249454842,177.0137141326128,1015000
2019-08-15,174.64793395996094,175.40901468531487,172.94235141081094,174.4645268535165,949100
2019-08-16,178.39834594726562,178.6000825356191,175.0238544628039,176.17925746737288,1502100
2019-08-19,181.06680297851562,182.00211212213577,179.425401613616,180.77336278224357,543400
2019-08-20,177.31629943847656,181.00256048889267,176.7752849586778,180.5257272902928,447200
2019-08-21,177.66477966308594,181.12179632577323,176.5644070519591,178.59092392898495,368500
2019-08-22,178.169189453125,179.36126606856683,176.05096821694875,178.8110725562084,312800
2019-08-23,173.5016632080078,178.7651155473327,172.43796383925445,177.362138307785,593300
2019-08-26,176.06005859375,176.11507512334111,173.60256032537046,174.9046694963472,365000
2019-08-27,175.38148498535156,177.5180487879525,175.04220706548654,177.05955906186637,357900
2019-08-28,176.34432983398438,176.6927865301725,169.37529385420189,174.90467925867554,432500
2019-08-29,179.2694549560547,179.52620804328185,177.33462805388248,178.05903555170332,368100
2019-08-30,181.53443908691406,182.00209361116018,180.1131180137775,180.33319813859774,648000
2019-09-03,179.41622924804688,181.54361461283307,178.5542661980394,180.9200752101882,496100
2019-09-04,180.2047882080078,180.6540991406858,178.15074939921175,178.15074939921175,461100
2019-09-05,181.2776641845703,183.06577125917644,180.6174378813318,182.53392151534567,343300
2019-09-06,181.33273315429688,182.43310598060066,180.85589979916537,181.77287948641845,369400
2019-09-09,179.29696655273438,182.46972117822136,179.0127052002994,181.88285496906698,486500
2019-09-10,173.94183349609375,179.38869364861353,171.37428824674487,179.38869364861353,726800
2019-09-11,175.8216552734375,176.51855465991102,174.36364722700426,175.52821511576644,462600
2019-09-12,178.52676391601562,179.27867992629987,176.50023280547174,176.50023280547174,418600
2019-09-13,178.535888671875,180.55324057935474,177.29797486119207,178.9485266087693,401300
2019-09-16,178.8201904296875,178.9577457677102,176.75698628733423,176.9587229228353,389000
2019-09-17,182.14877319335938,182.75398290804793,178.69175720829855,178.69175720829855,669700
2019-09-18,182.1946563720703,182.3963929784165,179.3153413447618,181.91039497003612,445500
2019-09-19,181.74534606933594,183.27670025613435,181.42441161840082,181.6994942929173,325200
2019-09-20,180.06723022460938,182.67146220880176,178.81097299434373,181.22263315883387,730500
2019-09-23,181.01174926757812,181.3326976921506,178.82934755327474,179.19613375964593,394400
2019-09-24,180.9200439453125,183.01992067898357,179.74631139681586,181.69030330676424,627700
2019-09-25,180.46160888671875,181.05764009864546,179.74636583560675,180.46160888671875,448000
2019-09-26,181.5802764892578,182.09378274786212,178.99438769729102,180.1039389997723,448200
2019-09-27,177.28384399414062,182.17824650296788,177.24705020269346,181.99424946958445,546300
2019-09-30,177.53224182128906,181.23983737137334,176.98023670137536,178.47064490991306,526100
2019-10-01,172.8954315185547,181.89303601636138,172.72064347406055,178.79262937088419,542000
2019-10-02,169.47308349609375,172.6102705561554,168.22188384030707,172.38027072265106,773400
2019-10-03,170.19070434570312,171.08310494068422,167.64230192302114,169.71230069812782,437300
2019-10-04,173.55789184570312,174.284699277629,170.24590222529838,170.24590222529838,578500
2019-10-07,172.5826873779297,173.63148615246746,171.68109187934596,172.79429735139252,456700
2019-10-08,169.611083984375,171.75468419560528,163.3918933126622,171.20267895977534,570800
2019-10-09,171.30389404296875,171.9295009660687,168.9671016268094,170.96349874012284,488000
2019-10-10,172.6746826171875,173.98108002754591,170.69667556469793,171.86507868589305,448000
2019-10-11,173.0519256591797,176.35472076403195,172.89551337793202,174.5975182067805,645300
2019-10-14,172.62867736816406,176.65827901091347,172.31588095849133,173.03347932801162,605300
2019-10-15,172.9598846435547,174.09147995816755,172.73907973711067,172.86787908968387,364000
2019-10-16,173.50265502929688,173.91665188380242,171.56145605205356,172.46306542364061,438800
2019-10-17,172.8586883544922,174.7538848904904,172.7298889987858,173.66829232640478,548000
2019-10-18,172.74826049804688,173.07025180784643,171.73625572307853,172.85865591419824,619700
2019-10-21,174.8458709716797,175.02986802532646,172.7022709034102,174.07307492351805,533200
2019-10-22,173.677490234375,175.98668373616636,173.41069657802348,174.83668445553928,523400
2019-10-23,169.98828125,174.2202697729193,169.6846797845391,173.1990699483965,542800
2019-10-24,172.35264587402344,172.49065417615915,168.60825644904506,170.5218564597897,463500
2019-10-25,170.18148803710938,173.51189546884527,169.57429909150187,172.25148672306184,489400
2019-10-28,168.70948791503906,171.00948632575526,168.40588644025536,171.00948632575526,537300
2019-10-29,170.79791259765625,171.46952238347572,168.03791391929016,168.03791391929016,647800
2019-10-30,175.0207061767578,175.02990111785226,170.63230472529622,170.92669725917614,656200
2019-10-31,171.94789123535156,175.54509244657567,168.14830306057598,170.8622986248664,1407000
2019-11-01,173.87066650390625,175.02986052648512,171.80986309235792,172.35265929068714,663200
2019-11-04,171.8834686279297,174.79986468574924,170.84386494050938,174.6894692633949,498400
2019-11-05,170.2090606689453,172.76665752821907,169.08666043135614,171.66266120677517,562000
2019-11-06,171.7362518310547,172.09505096348948,170.1998548261122,170.67825834871655,674200
2019-11-07,170.19070434570312,173.17149359748709,169.96070448180237,172.09509591900093,491000
2019-11-08,170.29190063476562,170.92668845144348,168.96709920537705,170.23668887681004,474500
2019-11-11,171.65347290039062,171.9662692965724,168.5530797186691,169.27067805723922,368900
2019-11-12,172.24229431152344,172.50908796932055,170.9174928869704,171.9386928152236,501200
2019-11-13,172.6103057861328,173.22670378116294,170.61390850841704,171.8743173991634,416200
2019-11-14,174.5699005126953,174.9102958265167,171.38669615004417,172.06750081576484,636700
2019-11-15,173.83387756347656,175.4438764555084,173.03348260647945,175.4438764555084,567700
2019-11-18,172.82191467285156,174.1099083798489,172.37110985636323,173.86150457989993,466900
2019-11-19,174.98387145996094,175.02067929484127,173.3462737596827,173.3462737596827,541500
2019-11-20,174.9379119873047,175.84871661201777,172.9967123401052,173.94432480880957,473000
2019-11-21,174.7354736328125,175.31507772818645,173.83387818073462,174.8366741250512,507500
2019-11-22,174.57911682128906,175.14031713167265,173.5579167167576,175.05752053786514,406500
2019-11-25,177.67945861816406,177.9002494525208,173.5210581015278,175.12186184098618,1079800
2019-11-26,179.23426818847656,179.54706457754133,174.01785986729448,174.01785986729448,1044000
2019-11-27,180.64190673828125,180.93629927733656,178.64549547753012,179.9059043335256,361400
2019-11-29,180.72470092773438,181.58950268900068,179.85070422533389,179.85070422533389,344500
2019-12-02,179.60226440429688,181.05586498234186,179.2526601782388,181.05586498234186,504900
2019-12-03,177.1182403564453,179.3630405293961,176.5938341024696,178.62703840149982,923500
2019-12-04,177.8174591064453,178.77426621569083,175.18626061313245,176.93426766199164,689700
2019-12-05,178.40626525878906,178.56266345757587,177.08146400074136,177.7714634861349,379500
2019-12-06,179.75869750976562,180.43950217743938,179.1054917033956,179.5654914425616,409300
2019-12-09,179.20668029785156,180.09908085557285,178.7650845082615,179.6758889849882,477300
2019-12-10,179.02267456054688,180.69708015710006,178.72828206108917,179.9794817694562,410200
2019-12-11,178.85708618164062,179.56547561008065,178.26828712894633,179.13308880842038,371000
2019-12-12,182.54627990722656,182.69348318088416,178.6730902808898,178.72828799899216,696800
2019-12-13,184.0366668701172,184.2666667114575,181.0282790528007,181.8930807023325,641100
2019-12-16,185.0762481689453,185.79384646373373,183.72384814305764,184.8186495009738,551000
2019-12-17,185.13145446777344,186.22625587648605,184.5518644569831,185.5822591766772,388800
2019-12-18,185.57305908203125,185.90425938102834,184.48745264273393,184.93825733911393,653000
2019-12-19,187.54185485839844,187.62465142270122,184.78185707704202,185.84904555022976,528400
2019-12-20,189.18865966796875,189.786653610943,187.44986151409722,188.32385806078096,1309600
2019-12-23,185.45350646972656,189.7314986581015,185.26030039216388,189.1887023059226,622200
2019-12-24,185.8306884765625,185.8490783576041,184.52429098067503,185.3246859863758,103400
2019-12-26,185.8582763671875,188.1214669525228,185.0946752067134,186.04227343328427,222700
2019-12-27,185.6190643310547,186.33666270305278,185.36146563536695,185.47187510357315,261100
2019-12-30,186.05282592773438,186.12666542873603,184.64990357559248,185.9697617703993,226800
2019-12-31,186.38514709472656,187.114289478898,185.4437108064159,185.4437108064159,323700
2020-01-02,188.54489135742188,188.54489135742188,185.83134894397992,187.2434962679633,465800
2020-01-03,188.591064453125,189.18176657744124,186.19132915114983,186.46822385267765,411400
2020-01-06,188.82180786132812,188.82180786132812,186.32978371222202,188.31416992197606,620200
2020-01-07,188.43414306640625,189.02484513531402,188.01880809479815,188.8863907558125,443200
2020-01-08,188.6464385986328,190.25241658389464,188.03727307834905,189.07101234765008,486400
2020-01-09,189.2094268798828,190.26161532455987,188.71102775701368,188.71102775701368,914100
2020-01-10,189.2094268798828,190.64926221644643,188.79409193025063,189.901656490419,673800
2020-01-13,189.2094268798828,190.16931240977607,188.73871581475933,189.44017008339486,427600
2020-01-14,188.28648376464844,189.96630131123206,188.14804345408373,189.0894657328232,528000
2020-01-15,188.35107421875,189.51401492710812,187.52039021268172,187.8434363400607,573800
2020-01-16,188.46180725097656,190.14161032523208,188.22182532362118,189.20941292185293,610700
2020-01-17,189.20021057128906,190.16009614354257,188.32337509249007,189.6616969986788,822700
2020-01-21,189.2371368408203,190.24317394454891,188.73873766026412,189.08023313428504,705700
2020-01-22,188.0557098388672,190.21546283195858,187.8341912946601,188.85869167601587,384300
2020-01-23,190.74156188964844,190.76924994692354,186.98505584025784,187.47423029671427,772700
2020-01-24,192.9105987548828,193.16903009110789,190.86159738663292,191.49845106642027,736500
2020-01-27,191.45225524902344,192.68904959556312,191.07384707656448,191.07384707656448,500500
2020-01-28,196.59326171875,197.25780344841905,192.29220388046173,192.29220388046173,934800
2020-01-29,196.27943420410156,198.24535704367884,196.1040670873217,196.59324163231298,657000
2020-01-30,198.20843505859375,198.28227458238965,194.72882319825058,195.00571789162296,717800
2020-01-31,195.0149383544922,198.89143581139314,194.23964449649154,197.59926529794322,478200
2020-02-03,198.5406951904297,198.7529750077644,196.3809420485504,196.43631816755524,560800
2020-02-04,201.73419189453125,202.25105446103262,199.9343834872122,200.51586091625057,595900
2020-02-05,203.1094207763672,203.94932952291796,201.81726430740386,203.05404465390436,775000
2020-02-06,192.80905151367188,194.82113995042434,190.13243548249255,192.71676266496405,1667900
2020-02-07,194.0550537109375,196.03021516872394,192.27372276035274,192.91980097861017,808300
2020-02-10,198.1715087890625,198.3561005442068,192.1906345215596,192.51368065564827,727000
2020-02-11,196.57476806640625,199.47290246461716,196.43632776213227,198.80836083720394,594700
2020-02-12,196.3347625732422,197.40541433272597,195.85481280460354,196.80547360106607,505200
2020-02-13,196.40863037109375,197.59925918163765,196.19635055347473,196.33479085117227,522800
2020-02-14,197.2115936279297,197.2115936279297,195.01491388906157,195.31027194083583,499000
2020-02-18,196.30711364746094,197.71003643665418,195.2733884782918,197.53466932757388,428500
2020-02-19,195.44874572753906,197.19316402993317,195.38414494479457,196.95319613431872,390500
2020-02-20,193.36285400390625,196.84246634629272,192.59678468227762,195.17188737889518,485000
2020-02-21,192.38449096679688,192.87366552145903,190.40932934510911,192.43986709246428,790100
2020-02-24,189.70785522460938,191.86762264558442,189.0433276529051,190.4646998087651,675100
2020-02-25,187.03121948242188,190.92616607195356,186.72663674910422,190.26162448716013,768000
2020-02-26,188.69253540039062,190.5753934553865,187.1880854376635,188.78482421756422,880600
2020-02-27,179.54591369628906,190.12318912588145,179.54591369628906,187.3173436765028,966600
2020-02-28,174.67259216308594,176.45392280263405,170.1500313415154,175.29098221283073,1792400
2020-03-02,184.17001342773438,184.45614686795298,174.47879760104925,175.09720186152077,1009900
2020-03-03,181.97332763671875,185.44370042833893,179.52744117244723,182.69324532177055,1012000
2020-03-04,190.64002990722656,191.18458046563268,183.94847727393488,184.7791471398613,1143400
2020-03-05,186.22824096679688,188.63720073433345,184.52073551434952,185.8405940492385,1096800
2020-03-06,184.326904296875,185.27756515529342,177.52458517630146,179.93354475041204,893300
2020-03-09,170.50999450683594,192.5690380644251,164.69526324231825,185.43446249958177,4032000
2020-03-10,173.21429443359375,178.0322133189162,168.18409575897567,173.47272567711366,2639100
2020-03-11,173.74964904785156,180.0812437278868,164.2984014479295,168.18412356757636,2973000
2020-03-12,159.4897003173828,170.1223507607942,152.67815664658764,163.90150910999705,2169100
2020-03-13,166.17202758789062,168.4517716797297,156.83154674744767,164.030737875179,1989400
2020-03-16,151.37681579589844,161.24340066651138,143.57769577668128,154.34879035826955,1643900
2020-03-17,159.78501892089844,167.10419927906835,155.05940351107284,155.06862816743217,2651700
2020-03-18,145.04518127441406,152.3274366748209,134.6894245186867,152.3274366748209,1358700
2020-03-19,140.83639526367188,146.08811196936367,134.78169684789233,144.87902003421468,1416300
2020-03-20,140.87332153320312,145.8204555517073,136.74763261835704,137.77213283379086,1713000
2020-03-23,136.19386291503906,144.13143455850303,132.29891660667036,140.45799270677705,1673400
2020-03-24,156.76693725585938,158.8251626767457,141.63017473685554,141.63017473685554,1832200
2020-03-25,151.14601135253906,156.58232024651065,149.38314411649125,156.18544872699906,2078000
2020-03-26,152.75201416015625,156.30546544016173,149.07858598051632,151.34909141604476,2648200
2020-03-27,154.330322265625,159.55433876721446,145.51592725673314,147.59261651667597,1292200
2020-03-30,160.2799835205078,161.77203831003393,153.38502260843563,156.46181201926746,1393900
2020-03-31,157.4071044921875,159.75176017606887,153.514777517894,157.29588585743528,1301600
2020-04-01,144.747802734375,154.48785387616022,142.95918372277237,150.25265124062255,1149200
2020-04-02,146.8051300048828,150.48429503140488,141.93973694441925,142.06020372816323,1053600
2020-04-03,145.5818328857422,148.05623123253798,141.91194411063438,145.96180033122715,1351600
2020-04-06,162.513427734375,163.99622013499786,150.66966974603213,152.1153845591134,1296100
2020-04-07,165.59947204589844,168.94501005581378,163.1250734723921,166.85056482165024,1126700
2020-04-08,176.12725830078125,179.14843107291875,164.9507559540238,166.47061173658366,1376400
2020-04-09,181.65989685058594,182.4290940943816,175.32097340386193,177.0725286461729,812800
2020-04-13,175.80287170410156,181.30771885185092,173.7455043026002,179.67665879142498,802600
2020-04-14,182.568115234375,182.6607950609272,176.12726323576976,178.04561120498605,1107200
2020-04-15,172.04959106445312,180.00103655272133,170.66875498073537,176.85012042698236,1078100
2020-04-16,175.33029174804688,176.84088547903838,170.2146728091403,172.78175167676875,1009200
2020-04-17,181.07606506347656,182.1881523051708,177.63784704205955,178.3514421297039,847100
2020-04-20,175.0522003173828,178.70356406799237,173.2543195556347,178.70356406799237,1486900
2020-04-21,169.13037109375,173.20802917880556,168.27777037200048,169.45473636592905,961200
2020-04-22,172.2442169189453,172.98561312431644,168.50018658620795,171.32673752394095,612900
2020-04-23,164.03329467773438,171.35454906628988,162.74512417217463,171.35454906628988,1938800
2020-04-24,164.23715209960938,166.48912746324908,162.77289863353798,164.29275433461947,1441400
2020-04-27,163.0972900390625,167.20274931379888,161.94812514755696,165.9423799344228,873600
2020-04-28,162.1149444580078,165.6829062242398,161.67938879973394,165.21027297316067,1198800
2020-04-29,162.4207305908203,165.94235156114266,161.6237322351208,163.84792059893456,3863400
2020-04-30,165.22879028320312,166.27601304854127,160.38193459982915,161.78132377636936,1235700
2020-05-01,169.90887451171875,172.88372254718539,161.39211328793454,161.39211328793454,968900
2020-05-04,170.0941925048828,170.90046752823372,167.74953676147786,167.74953676147786,756300
2020-05-05,175.95120239257812,176.81306549693903,170.53903356124565,170.53903356124565,520600
2020-05-06,170.18687438964844,177.80469360049634,169.64010008676962,176.20143414419124,529600
2020-05-07,179.0001678466797,179.50987865015813,172.51297543393602,172.51297543393602,659600
2020-05-08,182.89248657226562,182.9388123461271,178.98163532968923,180.9833867248389,455900
2020-05-11,185.3483428955078,187.26670503213535,181.67843948415597,181.67843948415597,868600
2020-05-12,186.0804443359375,187.70224217684805,185.2649213232147,185.2649213232147,1028600
2020-05-13,182.72560119628906,187.0256807514831,182.11394847492852,184.95905137701516,840200
2020-05-14,186.88674926757812,187.38718360279103,179.12064868761706,181.48384303608054,877600
2020-05-15,185.7931365966797,186.33992484244817,183.77284686392431,186.30284726258924,1363900
2020-05-18,189.7410888671875,193.6334009352603,189.09235840504599,190.68635516050665,955000
2020-05-19,188.11932373046875,191.10343346817874,188.0451826892946,188.70316145065883,735200
2020-05-20,187.78565979003906,191.9745217488935,187.50763447465724,188.8328682092752,507300
2020-05-21,185.4966278076172,188.06369221458866,184.5142838377631,186.8125993654365,956000
2020-05-22,183.9674835205078,186.74770852596728,183.0500183189178,186.17313321661146,571500
2020-05-26,186.87745666503906,189.33333063511608,186.67357236138116,188.75874116982746,530700
2020-05-27,189.57427978515625,192.06721721933778,187.98028293075666,189.5001387522823,702100
2020-05-28,190.5844268798828,193.49439528173238,187.97102261269737,192.54912891964204,560900
2020-05-29,188.035888671875,191.00147347823508,187.02574359444873,189.69476426379026,915800
2020-06-01,187.62814331054688,189.10165931793597,186.5623817999339,187.96177091042335,548300
2020-06-02,186.39556884765625,189.06457541660637,185.38540961392067,187.36863635226618,834000
2020-06-03,189.8800506591797,192.76221706653374,186.4974501026141,186.4974501026141,698100
2020-06-04,189.1016387939453,189.94497709945725,187.63738527235097,188.45292245930364,595800
2020-06-05,191.65945434570312,194.5508840095519,190.74198908595847,192.8827602133047,604500
2020-06-08,189.0738525390625,191.57605239278917,187.7671433002313,190.09325996193658,824000
2020-06-09,186.2843475341797,189.20359242872573,185.07959461425787,187.62813433724946,694900
2020-06-10,184.5235137939453,186.43259915758074,182.95731828466552,185.35757554706333,929400
2020-06-11,172.1422882080078,182.04916024683882,171.74379602431108,182.04916024683882,754800
2020-06-12,173.08750915527344,176.5998531216791,168.79669160314825,175.67311164716065,788700
2020-06-15,175.48782348632812,176.6925906248116,168.2685112643687,168.2685112643687,477400
2020-06-16,177.59153747558594,180.36248643571545,175.71951506096997,179.3060013385476,713900
2020-06-17,182.89248657226562,184.7274312432181,177.50810522783075,177.50810522783075,752600
2020-06-18,181.75254821777344,185.8302195213783,181.19651177247766,181.72474710255634,655300
2020-06-19,175.01513671875,184.9776077747228,174.63516931255396,183.2445915658823,1780700
2020-06-22,179.48207092285156,180.89072232581634,174.366452563316,174.366452563316,1037800
2020-06-23,179.7693634033203,181.55798236095958,179.55621675708957,181.10387380590032,650300
2020-06-24,176.86866760253906,178.8611566969252,176.30335457272915,178.00855598885985,1095500
2020-06-25,184.7089080810547,185.28348347874703,176.93354485268932,177.75834449881066,836700
2020-06-26,180.297607421875,186.59945404979416,179.25964706253987,183.65240797838868,1366300
2020-06-29,179.42340087890625,182.6039869129649,178.27021955223674,181.38568512572138,566100
2020-06-30,183.1619415283203,183.9152328599481,177.69359762179292,178.18649230027907,828600
2020-07-01,181.5809783935547,184.36166020072926,180.8462907939627,182.77136728311822,450500
2020-07-02,182.83645629882812,185.43112806738066,182.04595732133907,185.43112806738066,466400
2020-07-06,183.65484619140625,186.4076292049872,183.27356019393267,185.99843038764573,406200
2020-07-07,182.81787109375,184.95685602362533,182.40867224918455,183.20846612068382,974000
2020-07-08,185.29165649414062,185.73804878993323,183.0875652656445,183.0875652656445,468400
2020-07-09,185.08706665039062,186.5936495957799,183.24567172763045,185.33815434758486,447400
2020-07-10,188.16531372070312,188.50011146287392,184.59414726458422,185.77522707982067,444300
2020-07-13,187.36553955078125,190.31361327739418,186.74244644678632,189.56961664004533,481200
2020-07-14,189.671875,191.38305695941634,188.2024858640167,188.73258814185954,594100
2020-07-15,191.68997192382812,192.4711760922625,190.02529226687608,190.7599798004786,582500
2020-07-16,192.96409606933594,193.5034932744303,191.00181186429913,191.59700633361783,569600
2020-07-17,193.90335083007812,194.36834687523418,192.18285978677943,193.22446057750514,736500
2020-07-20,193.37327575683594,194.47996877063395,192.60139470087182,192.8431875698017,620300
2020-07-21,196.2097930908203,196.21910209680163,193.94060935840767,194.2103151018241,503400
2020-07-22,197.63262939453125,197.79072635932994,194.6938649451052,195.28905936163437,281600
2020-07-23,197.1583709716797,198.48825317195545,196.03307402559076,197.9581649309795,502100
2020-07-24,196.71194458007812,198.61843133575601,196.09814635210404,197.76282606555048,413500
2020-07-27,196.70265197753906,197.66054284172125,194.82407788518375,196.82355550873564,271400
2020-07-28,195.24253845214844,197.92092016852396,194.66594790675484,196.5166230536354,463300
2020-07-29,195.41928100585938,196.40507054545358,193.5127940067383,194.65668052998856,619700
2020-07-30,196.68408203125,197.13047437414016,192.53631001561908,194.57299547898063,394400
2020-07-31,195.30767822265625,197.0374644718943,191.0669155962807,196.48877241948088,561100
2020-08-03,190.3229217529297,196.80496932932346,189.7928335120112,195.97727673588074,744200
2020-08-04,190.3972930908203,192.52698310795014,187.85841843874107,190.8064919163241,899700
2020-08-05,188.34202575683594,190.68559590154814,187.84913102231317,189.44871875378306,999400
2020-08-06,185.95196533203125,188.50014944931488,184.8080787284966,187.81195000990215,1010400
2020-08-07,185.5055389404297,186.1937382535504,183.77575293982187,184.88244589055407,682100
2020-08-10,183.28286743164062,186.52854537052977,182.9294658489696,185.9426457341131,427900
2020-08-11,182.2784423828125,184.64061595352214,182.1017416222591,184.61271732717714,1232100
2020-08-12,181.711181640625,184.22215782888307,180.86488530378213,183.85946142602975,1323200
2020-08-13,184.8359375,185.18933905355587,179.60938622336718,179.60938622336718,542900
2020-08-14,187.40272521972656,187.55152737913218,184.51975788165612,184.51975788165612,433300
2020-08-17,187.5515594482422,190.2299420132955,186.9656597144974,186.9656597144974,669100
2020-08-18,187.21670532226562,188.78839422447513,185.37532495786454,188.03510290224528,1160700
2020-08-19,189.0674285888672,190.37872107629542,186.63083922720384,186.92844356075733,640200
2020-08-20,187.95144653320312,189.36502458964256,187.49574520481113,187.83983780939025,763400
2020-08-21,184.212890625,188.49084701899457,184.12919471730996,188.49084701899457,854700
2020-08-24,180.97647094726562,184.83593254172683,179.6000724022092,184.78013528541032,1380800
2020-08-25,183.4502716064453,185.51485559836323,180.6975024109254,182.24129299777502,1344200
2020-08-26,187.45852661132812,189.11391152184333,181.55307071568328,182.45516424665053,895700
2020-08-27,191.16920471191406,192.19220186352374,187.2260466523762,187.9514394724065,616700
2020-08-28,191.26220703125,192.8617948155068,190.16480881155968,192.32239761471737,601900
2020-08-31,191.14129638671875,193.43837826384632,190.89019451850166,191.3272919892461,705500
2020-09-01,193.782470703125,194.19166954273314,189.84860765971905,190.39729965348687,787900
2020-09-02,201.0364227294922,201.68741446557107,193.308189412097,193.308189412097,752700
2020-09-03,194.777587890625,203.46371249144264,193.54069643950203,201.6967328130134,1006700
2020-09-04,193.8382568359375,197.13043699063994,191.31798605845037,196.23763828361186,645300
2020-09-08,188.9093475341797,192.72230759303577,188.7977388044101,192.0992144315032,863200
2020-09-09,194.54507446289062,196.1446622139911,190.5926075341765,190.6670086145248,681300
2020-09-10,192.75949096679688,197.09324391714864,192.75949096679688,195.10306113857524,480400
2020-09-11,191.68997192382812,193.46626028515863,190.10898815224465,192.90825933492744,628000
2020-09-14,191.7643585205078,194.90773620111668,190.6390760829111,193.3174435463946,935300
2020-09-15,191.8109130859375,193.79180123842121,191.44821665426997,192.9362100198865,650200
2020-09-16,192.45257568359375,194.58225143992405,192.14567657458866,193.01056245314982,680900
2020-09-17,191.3086700439453,192.88965368417897,188.7604867290741,190.03457129123348,872200
2020-09-18,190.93670654296875,193.83827782147364,190.56471531925732,190.9832089935716,819900
2020-09-21,188.35130310058594,189.62538776517383,186.0728252426132,187.8398045960075,1588500
2020-09-22,189.4114990234375,190.62978646646317,185.6450279870573,187.61662098980221,1206700
2020-09-23,189.70907592773438,194.87052024981705,189.60677623863523,189.9322649290038,1111800
2020-09-24,184.43603515625,190.2763842529806,183.8780342349357,188.50939079585393,1473800
2020-09-25,184.76158142089844,186.4913677871325,181.07881960282415,183.61769478549508,883700
2020-09-28,192.3688507080078,193.92193564378354,187.08648877353994,187.0957835849332,1121400
2020-09-29,194.16038513183594,194.63625467990374,191.1186157045966,191.1186157045966,681800
2020-09-30,194.8415069580078,197.3420997808732,193.53521501278743,197.18348136187288,888500
2020-10-01,196.01719665527344,196.72631694947063,193.5819101051472,195.03748105697213,698200
2020-10-02,195.57858276367188,197.79926870707004,193.57251073466298,193.60982684648562,489400
2020-10-05,196.07313537597656,198.0418916171419,194.9254761035957,196.69828357271604,1392600
2020-10-06,195.05612182617188,199.24555052442324,194.30967126196717,197.19282215088054,514300
2020-10-07,196.98751831054688,198.52707503754743,196.082449450923,196.38103532671397,882400
2020-10-08,196.9408721923828,201.68080184392642,196.67027696900547,197.668657451175,387900
2020-10-09,197.28610229492188,199.42280227830312,197.1368093584577,197.47271134682308,680500
2020-10-12,202.5019073486328,203.36966010935308,197.02485249887246,197.02485249887246,2366900
2020-10-13,198.32180786132812,204.43335068923156,198.00457103503516,202.02605537013574,549300
2020-10-14,198.30316162109375,202.6138925469603,198.00458994352897,198.76036596431234,443100
2020-10-15,202.1193389892578,202.1753202798002,195.93316434924682,195.93316434924682,647900
2020-10-16,202.25,204.61997942991852,201.82080054370172,202.72586952256728,466100
2020-10-19,198.4711151123047,203.16440379281084,197.8832830044049,201.54087495246648,921300
2020-10-20,195.3826446533203,200.44916490961663,195.0187520344869,200.44916490961663,743600
2020-10-21,195.35464477539062,198.76964564448753,194.83213378200338,194.86946413144918,360600
2020-10-22,195.53201293945312,196.10117999722132,193.86184213174545,195.20545054597613,442700
2020-10-23,195.70928955078125,196.46506569729019,193.43262140150932,196.46506569729019,342700
2020-10-26,189.67234802246094,193.9644277342418,187.84355924038186,193.9644277342418,730200
2020-10-27,187.02244567871094,191.26786918809302,186.84516209836818,189.2711224572602,410500
2020-10-28,180.9296112060547,183.97138072550396,179.9405701945867,183.29957659745753,879500
2020-10-29,173.78237915039062,181.20020134584766,173.29718409193893,181.20020134584766,1053100
2020-10-30,170.2647247314453,175.09798122934217,167.33491793479428,173.6330707123363,1144300
2020-11-02,167.549560546875,172.00024568613185,167.30695587910492,170.48869331712862,832600
2020-11-03,168.42657470703125,172.28011521505604,168.1373285237153,171.2817488972442,1341200
2020-11-04,171.9162139892578,175.39652196035482,167.829408796815,168.81844959524807,1760100
2020-11-05,174.22088623046875,176.8334559066475,172.9239339814265,173.75435643962825,1003400
2020-11-06,179.30606079101562,180.5190411128558,173.24117341917434,175.89105925390487,373100
2020-11-09,182.87966918945312,193.5538725670598,181.1255127045383,185.1750019141259,1166800
2020-11-10,188.48736572265625,189.20582560512727,182.05858561226623,183.22491011877648,673800
2020-11-11,189.36444091796875,191.16525332985736,188.12346995494983,188.8419298256154,1088500
2020-11-12,188.66464233398438,190.12021298619027,187.32103427429922,188.28208449305976,502100
2020-11-13,192.966064453125,193.79648697434516,188.83261702653488,190.157560024585,794600
2020-11-16,196.51168823242188,196.79160896745324,193.7964813061296,195.94252129155674,826100
2020-11-17,196.06381225585938,198.86299096951146,191.59444893680705,194.6922135471811,1012200
2020-11-18,191.93035888671875,197.17416357515378,191.92103341607034,196.5769917570216,673800
2020-11-19,190.80136108398438,193.19931683187747,189.28979486361553,191.92102974685645,779200
2020-11-20,186.0520782470703,191.14658991934905,185.30564195815353,189.87762829588706,1091600
2020-11-23,190.26951599121094,190.8386829288733,186.53727751142094,186.98514214253495,1374800
2020-11-24,195.00946044921875,197.53805828216133,191.5104868765653,191.75307725215305,826500
2020-11-25,195.42002868652344,196.47439071880478,191.6224688183903,194.039104296912,691600
2020-11-27,195.5226287841797,197.78063115475575,194.06705818474708,194.71085730575868,564700
2020-11-30,194.25364685058594,197.32340613994043,193.35790352486003,197.32340613994043,1083600
2020-12-01,199.75869750976562,199.90799044117992,197.15546786600743,197.76195082351137,704000
2020-12-02,198.265869140625,201.76484316319974,197.57539980805336,198.62042216017323,731900
2020-12-03,198.57376098632812,199.62810870644648,195.97984206827962,196.5863393814836,350600
2020-12-04,200.1319580078125,201.39157992085478,198.30315493396859,198.46177335691348,741700
2020-12-07,195.42935180664062,201.99810008400289,194.93483130339186,198.81636308207308,741700
2020-12-08,196.74493408203125,197.7992959123347,193.39525376898686,193.83379288934182,924600
2020-12-09,193.6751708984375,198.73235177524919,192.08895832866133,197.25811602898656,891200
2020-12-10,192.97537231445312,194.0577105123252,191.78104305799903,192.4528470359103,897300
2020-12-11,190.71737670898438,194.48694546914584,190.2788375576187,190.75470706593785,784700
2020-12-14,191.98631286621094,194.71084483062674,190.93196533858145,192.56481942336666,1171600
2020-12-15,195.9518280029297,197.34209183682736,190.63339149593372,193.60052822343167,807000
2020-12-16,197.78993225097656,199.81466948784347,195.9518040510023,195.9518040510023,1087300
2020-12-17,198.02325439453125,200.9810519089087,197.6407107413064,197.6407107413064,1996400
2020-12-18,191.17457580566406,198.14453197185,190.1295536373271,198.02322967111115,2271600
2020-12-21,193.80584716796875,194.62693006754145,186.68659671102634,190.79205392097555,2387100
2020-12-22,195.58792114257812,196.87554776448036,191.38915353622664,193.02200760536334,2032900
2020-12-23,194.8415069580078,198.43377777330556,194.0857167441461,196.25974725872584,1233400
2020-12-24,197.63137817382812,197.90197346713688,194.4309901493995,194.45898080217466,293900
2020-12-28,194.02041625976562,199.72141100752646,193.93644431240395,197.90194762789207,934300
2020-12-29,193.8804473876953,195.5879481586136,193.2179830467757,194.90681863929416,399400
2020-12-30,193.0003662109375,196.23982757140067,192.3075296357864,194.3017652214616,692200
2020-12-31,197.25096130371094,198.45874293662294,192.58839732661255,192.64457055862277,599200
2021-01-04,190.71591186523438,198.21535388480768,190.06053357222038,197.25099419187424,1654000
2021-01-05,189.12423706054688,192.1483483361887,187.2423624189566,191.10910071950812,1435000
2021-01-06,190.71591186523438,192.12967177535234,187.8135182001224,190.790814282461,1792300
2021-01-07,192.16708374023438,193.80553634216085,189.6485457406283,190.8375982004405,1324300
2021-01-08,190.65972900390625,193.90854797054052,189.1991676571193,193.10336488369967,925300
2021-01-11,186.53082275390625,191.39936529204846,186.4465628968989,191.39936529204846,872100
2021-01-12,187.20494079589844,189.22726319577714,185.03282784823912,185.82863924205114,1075400
2021-01-13,191.2495880126953,192.04539941656492,186.43721837890126,187.0176942600974,1148700
2021-01-14,192.40118408203125,192.95357334730727,188.10375960347972,191.50236934492787,1049400
2021-01-15,193.4778289794922,194.02086066781058,190.6128800232593,190.6128800232593,979900
2021-01-19,195.2099151611328,195.82784925651129,192.94417109758407,193.8148847251128,1007100
2021-01-20,196.8671417236328,197.61615162028772,194.0958093918623,195.52828421185862,887100
2021-01-21,195.27548217773438,199.18903665152664,195.1537639762424,196.82966074840454,928400
2021-01-22,193.3374481201172,194.7886521617891,192.68206979728419,194.4890424792506,1141600
2021-01-25,195.9776611328125,197.14798440743658,192.04536350113736,192.11090846187926,829900
2021-01-26,196.82028198242188,198.0561358927245,194.37664649045757,196.9045418268618,629200
2021-01-27,192.8412322998047,197.45698147294743,190.60357426822694,194.31115123364964,1587200
2021-01-28,193.15953063964844,196.32408962588158,192.73821708073064,193.3748661411088,1218600
2021-01-29,190.0043182373047,193.2344074764176,189.1616769448151,191.6240415782434,1243200
2021-02-01,194.2268524169922,196.29599030163595,190.46308867619177,190.94058972674125,1137000
2021-02-02,197.6629180908203,199.20775340746988,192.5883980126725,192.5883980126725,806400
2021-02-03,193.05654907226562,197.80338773507353,192.44798660655033,197.70039870236442,751200
2021-02-04,195.9589385986328,196.1836315318218,191.5023382747411,192.78502234177904,1455600
2021-02-05,209.63768005371094,209.8061997551995,196.61431866042676,197.0918054341511,1459200
2021-02-08,211.3135986328125,211.61320829246625,207.16597919597658,210.3211666360154,794200
2021-02-09,213.92575073242188,215.18969137751353,210.6862894167916,210.6862894167916,685800
2021-02-10,211.24807739257812,216.36004243492354,210.751861371996,213.77597329267454,594000
2021-02-11,213.91641235351562,217.53037198976077,212.9427094613527,215.14290912857865,639900
2021-02-12,212.92391967773438,216.65022474075136,211.5101743973017,214.2721342878759,560300
2021-02-16,213.5699920654297,215.23653156020734,211.89409512582304,213.96321904087634,641000
2021-02-17,215.23651123046875,215.67655396084754,212.071952263789,212.5026375502227,357000
2021-02-18,208.77633666992188,213.56061929035067,207.56855492344383,213.52316094137305,1849300
2021-02-19,210.63946533203125,211.5663665308756,208.77631977711556,210.1619785675089,1367600
2021-02-22,210.5645751953125,211.6319095382148,209.4036235544348,211.0888920659053,1421300
2021-02-23,211.66934204101562,212.38089342067707,208.2613613722418,210.8173433022791,939400
2021-02-24,211.25743103027344,213.96321833920655,210.4335187304155,211.11699792742277,1614400
2021-02-25,209.9747314453125,213.71039431583392,209.16954843482844,212.0251401746948,993000
2021-02-26,206.5760955810547,210.6207395639559,205.81772840580382,209.7219250279204,1000600
2021-03-01,212.2685546875,213.46696457379238,207.16594808452766,207.94304445060632,884500
2021-03-02,212.63372802734375,214.824570101928,210.61140567256984,212.83034865329745,814500
2021-03-03,208.4580078125,213.57934438765326,206.96000236380007,211.7255560375312,1276300
2021-03-04,207.80259704589844,210.9858849132572,206.07052717731915,209.14145429611614,982000
2021-03-05,213.4857177734375,213.8321289289739,207.10042643254621,209.89984515412434,873000
2021-03-08,210.87355041503906,215.98552938268926,210.55522587452876,214.70285949016716,613300
2021-03-09,211.95025634765625,214.4875095114288,210.28371694738638,210.87355023401986,713800
2021-03-10,209.93728637695312,214.45006021294373,209.46915702232377,212.98012718204396,406500
2021-03-11,208.0460205078125,210.5832732003304,207.17529261985925,208.98227906603174,739900
2021-03-12,208.56100463867188,209.29128535800498,207.40941031759664,209.12276563177835,489200
2021-03-15,207.2408905029297,208.70145194097262,205.18110971986863,207.83072383064672,436700
2021-03-16,207.94305419921875,208.62651902121476,204.16993294052082,205.40578694349753,1252500
2021-03-17,207.54978942871094,208.6826685651595,206.31393556602976,207.84939902340443,721600
2021-03-18,207.04420471191406,208.8043752685332,205.5368279511473,207.51233396325566,1112400
2021-03-19,205.9768829345703,207.4842597856747,204.54440848251,206.9131414933638,1329300
2021-03-22,206.72592163085938,207.8213425839331,205.78966294076145,205.97691182154625,1447100
2021-03-23,207.37196350097656,209.4130007955847,206.2390840848363,207.32514770447608,1142200
2021-03-24,209.47848510742188,211.05139255389537,206.2764827032398,207.15655370619262,1075100
2021-03-25,210.1900634765625,210.96715985765402,207.4093741887894,210.17133430374125,1307400
2021-03-26,214.7402801513672,215.11477788925225,208.90739288107835,211.13567870798846,1230000
2021-03-29,219.6462860107422,220.53572887508236,212.7366925705116,214.61856732261072,1283600
2021-03-30,218.1625213623047,221.73110754313336,216.81021381339767,218.81050325695116,876000
2021-03-31,214.94139099121094,218.08737000472075,214.56574208169735,217.72112127390795,1070500
2021-04-01,219.3645477294922,220.10644537012806,214.73478776293905,214.75355946126703,678000
2021-04-05,221.29908752441406,221.46813311193512,219.7777488844263,219.79653491182648,560200
2021-04-06,222.3602752685547,222.48236295196324,220.7825928808456,221.0267539181224,824600
2021-04-07,223.34634399414062,224.32300251681608,220.66990099418064,222.91435132305628,359200
2021-04-08,222.63265991210938,225.6941237242025,221.96589196011143,222.66083179308396,800500
2021-04-09,225.36541748046875,225.4217612386195,222.3509117830699,223.18671096457004,595300
2021-04-12,229.1029815673828,229.7227770536894,224.67042572665,225.13997601207052,1426900
2021-04-13,227.14028930664062,230.07967918122498,226.5017076875005,226.5017076875005,979300
2021-04-14,222.30398559570312,227.9198054555458,220.92350600585985,227.10279218669547,825800
2021-04-15,223.4871826171875,224.98036363429043,222.0785315543075,222.0785315543075,728600
2021-04-16,225.7598114013672,227.4501955935636,222.72652003368756,227.4501955935636,937400
2021-04-19,223.51535034179688,226.27630866650193,223.50596449351954,225.29965025270403,1187100
2021-04-20,222.78286743164062,224.67046911446423,221.85316685787046,223.534150899307,1151100
2021-04-21,221.38360595703125,224.88644758393053,220.71683814967164,222.99886032038452,737900
2021-04-22,218.9513702392578,220.69809849550276,218.30340265171142,220.31307801495734,702300
2021-04-23,218.7071533203125,219.97494495000356,218.35969065968058,218.8010691186374,912400
2021-04-26,217.2140350341797,220.3506285144239,216.94168775616095,219.56178721931016,1013600
2021-04-27,221.862548828125,223.03642474785053,215.99316922949737,215.99316922949737,1674900
2021-04-28,230.90609741210938,231.52589301777718,220.4726874876013,221.51508989516387,1849400
2021-04-29,233.01905822753906,233.17870362490547,228.36111251148807,229.66646189422679,776000
2021-04-30,243.09564208984375,248.49547219536672,232.55894331059355,232.58711519086768,2055700
2021-05-03,245.09591674804688,246.35430842268312,241.79029213970767,243.51823422991336,621700
2021-05-04,246.7769012451172,247.34976762230028,244.00654248696122,244.5512369871734,671100
2021-05-05,247.1525421142578,248.55182179697246,245.48094383358813,246.7299639489403,527200
2021-05-06,250.27981567382812,251.60395151759062,246.97416182531305,248.98385171358873,755700
2021-05-07,253.62294006347656,255.21939410294928,249.27489911468123,249.27489911468123,1075300
2021-05-10,252.50543212890625,255.31333439936745,251.69779052398394,255.31333439936745,846200
2021-05-11,248.1573944091797,252.89984213860745,248.04470689499587,252.0170850653903,742800
2021-05-12,245.27435302734375,250.57089557559894,244.74845884427944,245.9505067854384,1694400
2021-05-13,247.1149444580078,248.692626580281,244.27884231776886,246.2321876055054,759200
2021-05-14,248.7208251953125,250.2797357905636,247.4999770944374,248.1104154744144,882800
2021-05-17,249.80076599121094,250.52386315444423,248.2888277428841,248.2888277428841,838700
2021-05-18,247.6127471923828,251.85747294790158,247.6127471923828,251.425494557958,766700
2021-05-19,245.91290283203125,246.636028734268,242.58850689006638,245.89413113474347,828600
2021-05-20,248.1668243408203,249.81025099088973,246.04444703896584,246.04444703896584,990100
2021-05-21,246.8050994873047,249.43457048242092,246.42006468818332,247.44368120624944,1282600
2021-05-24,246.90843200683594,249.07775288772345,246.88963164620154,247.631529414103,757300
2021-05-25,245.65939331054688,247.43430771240907,245.27435851449607,246.92718521772213,1391600
2021-05-26,244.22256469726562,246.6266605799384,239.48950271944636,239.48950271944636,852900
2021-05-27,245.7668914794922,247.8480066587883,242.68763531974244,245.3337305374953,1577100
2021-05-28,246.11532592773438,247.12292164285859,245.08890712227287,246.95342761719542,960800
2021-06-01,244.6180419921875,248.6201466325818,243.26203247385075,247.89506978442444,1236700
2021-06-02,243.52572631835938,247.14177125873076,243.16791517989824,246.5108385187971,1196000
2021-06-03,243.64813232421875,246.25658138800404,242.69706342586278,243.36564230243783,1044400
2021-06-04,244.58042907714844,245.61624507608258,240.95498686825,243.41273649350921,1177600
2021-06-07,242.00021362304688,245.7292544407876,241.43523356357815,245.7292544407876,696200
2021-06-08,239.72137451171875,241.42579801065963,237.62143624940032,241.42579801065963,972900
2021-06-09,239.6648406982422,240.72893423512772,238.13933725997842,239.2881777948189,676700
2021-06-10,242.48045349121094,244.36379681929802,239.9002679589747,240.82311653525124,548500
2021-06-11,242.4710693359375,244.6086827734721,241.35047756373888,242.44282033065284,754900
2021-06-14,241.1809539794922,242.7064575530286,239.3729460189531,242.66881137562424,996400
2021-06-15,240.69126892089844,243.43153675060228,239.74017140014044,240.91726091096493,1100000
2021-06-16,223.30799865722656,241.1432463726248,220.68074126245145,240.8701679357646,3311500
2021-06-17,218.64678955078125,226.5850763638033,217.9311097474569,225.43623555519832,3293800
2021-06-18,212.06443786621094,217.17772203964887,211.30168618209052,217.17772203964887,2021500
2021-06-21,216.75399780273438,217.045928116732,211.84789600266646,213.1474076233755,1342900
2021-06-22,216.97059631347656,218.55259799254026,215.36975717572756,215.36975717572756,1383400
2021-06-23,216.72573852539062,218.24183055475524,215.8499907312258,215.8499907312258,1034500
2021-06-24,218.98577880859375,220.06869562537278,216.48092838530184,216.59392440269895,1132900
2021-06-25,221.76365661621094,222.8654106382049,218.33597264708476,218.33597264708476,852100
2021-06-28,217.87457275390625,221.45292802398322,217.1589074473987,221.0762650981939,555000
2021-06-29,218.64678955078125,220.59604281208826,218.0346942258974,218.0346942258974,608500
2021-06-30,216.60333251953125,219.43775921693222,216.1042476586728,218.55258550332812,701300
2021-07-01,217.5261688232422,219.92743459959047,216.6786700168935,216.81991502836152,409600
2021-07-02,218.185302734375,220.07807181071604,216.97996425859202,216.97996425859202,471000
2021-07-06,216.5373992919922,218.31715818709685,215.51098061237917,217.36607496590997,1261400
2021-07-07,217.3095703125,218.50548296038812,215.953560839876,217.07415240041303,607900
2021-07-08,211.07568359375,217.2436354533847,210.3788558050973,215.849965507311,1834900
2021-07-09,214.89891052246094,216.94233643991765,212.85547023623403,213.86306587823395,701800
2021-07-12,212.0362548828125,214.20210307431026,210.80266702257973,212.96851521407748,720300
2021-07-13,210.93446350097656,213.2509822348979,210.36004318187042,212.56355153958117,956100
2021-07-14,210.03985595703125,210.93444111479118,208.3260067259647,210.93444111479118,764600
2021-07-15,208.9663543701172,211.88552779498727,208.57085401070003,209.65377063514447,881000
2021-07-16,209.39012145996094,211.38646088190708,208.28836728640934,209.32419754342462,607800
2021-07-19,203.48580932617188,207.34666857164834,200.91504992273036,207.34666857164834,850100
2021-07-20,206.88526916503906,208.51435717923053,204.3615959115526,204.3615959115526,546600
2021-07-21,211.5182647705078,217.64855592533428,207.10182278074575,207.5820844804432,2505100
2021-07-22,213.1379852294922,213.99490998972726,211.15105721765303,211.82906204236969,708500
2021-07-23,213.20388793945312,214.69173091407293,212.84604810401675,214.22089507534906,317400
2021-07-26,194.05029296875,203.2033286193674,192.1010256642649,202.4594143030243,7229000
2021-07-27,193.98435974121094,197.9393777942197,191.15934479352342,193.64535737273766,5299800
2021-07-28,189.8409881591797,197.3743604771032,188.12713905984376,196.8376008024428,5071400
2021-07-29,191.6866912841797,194.07854547777913,189.23835345566633,192.59070244943248,4271400
2021-07-30,194.05972290039062,194.53997033729834,190.19886283988643,193.070964653796,2461900
2021-08-02,192.06336975097656,196.25380601851396,191.18760758227208,195.77354424675758,1616500
2021-08-03,200.51956176757812,202.00740468634694,193.34402845278933,195.16144782503142,2529100
2021-08-04,198.8716583251953,201.5177536322984,195.05788488036268,200.57608188635305,2275000
2021-08-05,204.82305908203125,204.83248499747322,198.57978387275378,198.57978387275378,2822300
2021-08-06,203.3822479248047,206.37677137579834,201.61191491539236,204.84184192051202,2022700
2021-08-09,205.13375854492188,205.88709877450918,201.84733352611144,203.90017092374788,2366800
2021-08-10,205.35972595214844,206.97940210931662,203.49522037355416,205.99064414367356,1313500
2021-08-11,209.0982208251953,209.8233121162855,205.31269626077847,206.11312301823384,1835100
2021-08-12,208.37310791015625,210.0210333478569,207.28076531437569,210.0210333478569,1438200
2021-08-13,206.4521026611328,210.4542072694415,206.38617874704548,209.80445151638358,1535100
2021-08-16,206.01895141601562,206.72520525285694,204.02261183521767,205.9436159491667,2048400
2021-08-17,203.4199676513672,205.91539243628324,202.36528535368984,205.52930350917612,1995400
2021-08-18,201.63075256347656,205.18085912035272,201.44242108531452,202.53476377493345,2171700
2021-08-19,201.81907653808594,203.1656601113396,199.850971853591,199.97339376707558,2291600
2021-08-20,205.9906768798828,206.86642463200857,200.18056442654026,200.97156517725438,1925700
2021-08-23,205.12432861328125,208.62734815339556,204.54990835619884,206.77225393144587,2217300
2021-08-24,203.74012756347656,206.0848957062935,201.9038702799561,206.06605824552668,2447000
2021-08-25,203.74948120117188,205.77408377939662,201.40472809353736,203.69298320370143,1942300
2021-08-26,202.2239990234375,205.0396025993615,201.20699185590075,203.16567073018226,1314100
2021-08-27,206.5086212158203,207.4126180649237,201.52716952576313,202.2334233504624,1502000
2021-08-30,203.137451171875,207.06422103390688,202.6948642560534,206.75346760138711,851900
2021-08-31,207.8457794189453,209.11704196540103,202.72308305603414,203.02442489797946,2028100
2021-09-01,210.65194702148438,211.14162030690125,207.130104216566,208.70269416117847,1761100
2021-09-02,216.6409912109375,217.01766851603838,210.86853903310003,211.16988087718076,2958600
2021-09-03,215.19081115722656,217.52615284415958,213.63704430136391,216.6315676434461,1982500
2021-09-07,213.8536834716797,215.9724451400169,211.94209076041497,215.9724451400169,1170800
2021-09-08,212.7707061767578,214.2491375624118,209.58786577451465,212.70479663310044,1523200
2021-09-09,222.2344970703125,224.2685111699689,217.5261390815347,217.5261390815347,3891500
2021-09-10,222.75242614746094,225.22901275467262,220.3982470809453,223.1855870491893,2005900
2021-09-13,222.6300048828125,224.3721031445873,221.00091698732052,223.81650596301617,2435700
2021-09-14,220.60543823242188,223.70353187408566,220.35118284434583,223.64703386979545,2455500
2021-09-15,222.9407501220703,224.8240933121195,218.97630638475877,220.97265993697332,2013000
2021-09-16,220.3982696533203,223.0161158938943,220.36059473788706,222.33811110379756,2005300
2021-09-17,216.84815979003906,220.35117969364478,215.7652430732407,218.84449921318878,3367100
2021-09-20,213.58058166503906,214.93659137512765,210.4636502621732,212.64833576593182,2150500
2021-09-21,215.5580596923828,216.6786512488679,212.7612937574009,215.26614378145356,3108200
2021-09-22,217.4696502685547,220.2381671818752,214.8988907213723,217.08356144866573,2038700
2021-09-23,219.83322143554688,221.3963996638902,218.54313600440818,219.4188836527313,3001500
2021-09-24,220.19110107421875,221.30226681217016,218.14767515621216,218.79743094515027,2243600
2021-09-27,218.07235717773438,220.7843765598591,215.5580951958776,220.7843765598591,2261300
2021-09-28,214.7105712890625,218.20417981593258,213.61824297554148,216.55625424771986,2975500
2021-09-29,216.3926239013672,217.63999950604546,211.90393470588097,211.90393470588097,1369100
2021-09-30,219.67173767089844,223.0075414368287,214.8239485703211,217.33761806094347,3080900
2021-10-01,227.67576599121094,230.02878938062906,219.58667762412514,220.03082277497145,2518400
2021-10-04,224.34942626953125,228.76251499250597,223.05478393309838,227.84587620732987,2764800
2021-10-05,229.70751953125,230.91710214759237,224.4911854861722,224.57623088434576,1360500
2021-10-06,228.0537872314453,230.87930445427386,224.2360304580383,227.66633897713228,1082300
2021-10-07,228.2144012451172,231.16275659731858,227.42061548404143,229.83978032885895,1729900
2021-10-08,229.52798461914062,229.943781374286,227.11826391135764,229.55633308704935,1408200
2021-10-11,229.3106231689453,231.02104788596355,227.26000244494168,229.7925615041072,885900
2021-10-12,228.5924530029297,230.76592697060798,228.04437298387978,229.68864187975717,671300
2021-10-13,230.5296630859375,231.1533582028259,226.64576446802374,228.84758674235079,970600
2021-10-14,234.4986114501953,234.90496351970762,231.49355851755828,231.64475995827743,1103300
2021-10-15,233.32681274414062,235.96332091058076,232.1928308921165,235.82157858633835,789300
2021-10-18,231.4273681640625,232.84484901705437,230.5863301013951,232.11721922779174,800100
2021-10-19,234.4513702392578,234.8671525662009,232.46689101165708,232.46689101165708,878100
2021-10-20,230.70921325683594,233.76151838908163,230.05716967200712,232.277895733473,1520800
2021-10-21,233.2890167236328,234.3568570169787,227.94039941333162,230.07606558066107,1014500
2021-10-22,234.13003540039062,235.443567098487,232.4385145707953,234.09224225498517,743300
2021-10-25,231.34234619140625,235.50974378169826,231.03049864185763,234.7915586011199,1016300
2021-10-26,230.5863494873047,232.126683424584,229.76421513764623,231.44629140439696,1002600
2021-10-27,227.0426483154297,231.51244872103345,226.3622562914711,229.88706937706158,1222400
2021-10-28,234.8482666015625,235.7270979395015,226.99542381809238,227.04266165137793,2956900
2021-10-29,228.95152282714844,235.12228876784562,226.5040091707819,233.40241937287738,2288400
2021-11-01,224.5478973388672,231.31401046193304,220.65455393502359,228.904289751361,1765400
2021-11-02,223.9998016357422,226.437870800208,222.29883589159851,225.4078380192989,808200
2021-11-03,221.9302520751953,224.17931183022492,220.59781664821494,224.17931183022492,1223400
2021-11-04,218.3487548828125,222.6201013529282,217.46046454767645,221.11757506402088,722500
2021-11-05,218.58505249023438,221.08927797300154,216.21313909774057,218.50000707737118,906600
2021-11-08,219.89852905273438,220.99471771770618,218.15975598238248,218.83070327092796,1798400
2021-11-09,220.54112243652344,220.82460706757314,217.16751113342505,218.7172896003931,2030700
2021-11-10,218.62283325195312,223.82026377351417,217.98023434394597,221.28769013039388,1178400
2021-11-11,217.63058471679688,219.24650497427837,215.84455924205497,218.78347041153634,550500
2021-11-12,218.20704650878906,219.161478602815,216.77066160681753,218.78348940620526,597900
2021-11-15,216.74227905273438,219.13309567274746,215.7500395434708,218.2070121931367,1019500
2021-11-16,218.02748107910156,219.80406189934837,216.49660619659423,217.29983678707413,867400
2021-11-17,217.06356811523438,218.85905253915533,216.5060290992181,217.1958657532613,803400
2021-11-18,215.87290954589844,219.75680807728452,214.58772619095564,218.43381715402322,867800
2021-11-19,219.99307250976562,220.40886927835604,212.98126763947016,215.25867634483632,1380200
2021-11-22,220.59783935546875,223.6595890031768,217.86682661374687,218.1030734406064,1000300
2021-11-23,222.1665496826172,223.8202776785807,219.0197398228315,221.7224044387236,1224300
2021-11-24,223.1398468017578,223.76352743599537,219.98357838780052,222.0342134354842,667700
2021-11-26,216.3926239013672,219.76622070390732,215.3153390712249,215.57047523302887,874700
2021-11-29,217.71560668945312,219.08583528496823,214.49319678417856,217.5927537357264,1539100
2021-11-30,213.41592407226562,218.11251201220568,212.70718361154263,214.75780428091113,1270900
2021-12-01,214.51210021972656,218.39599829387137,213.82226358243216,215.46653212665063,2390700
2021-12-02,219.2086944580078,219.84183418784738,214.06796148928888,214.6727527550581,1264100
2021-12-03,218.14088439941406,221.06089195716748,215.9957734183234,220.56950889911923,1581400
2021-12-06,219.7095184326172,222.24207714314983,218.36763837294333,219.23702484459005,1246100
2021-12-07,218.86854553222656,222.7713483445407,217.89520960488923,220.8152173869012,1805700
2021-12-08,222.07199096679688,222.4783285396134,218.65114193290788,219.91742131436996,1760400
2021-12-09,219.56784057617188,221.79801154308151,218.53779329319775,221.79801154308151,1023300
2021-12-10,220.90968322753906,221.9680643800924,218.10306981752157,221.9680643800924,879800
2021-12-13,219.18032836914062,221.84518471299356,218.81178394650053,221.1269996486939,884800
2021-12-14,219.39767456054688,220.06862181115366,216.72335907778722,218.39599044447044,2075600
2021-12-15,221.7412872314453,221.92083714421082,215.8634644607858,218.71733044092034,1412800
2021-12-16,220.33319091796875,223.8390849080905,219.07635637190444,221.74121243804134,1518900
2021-12-17,220.06861877441406,222.91302499113195,217.79119621326043,220.1820126216549,2789500
2021-12-20,219.18980407714844,219.93635212827576,216.4020943913506,218.70786573912494,2503300
2021-12-21,223.2532501220703,225.30387083731256,219.31265480262005,221.57117387787414,1624100
2021-12-22,223.97146606445312,225.5684971316107,220.86246375773345,223.05482710187587,1485800
2021-12-23,223.4517059326172,225.96536122148868,222.99810164133757,224.14154263231546,844200
2021-12-27,225.90866088867188,225.95591313738902,222.32716537795824,223.58400021315228,1088400
2021-12-28,225.5873565673828,227.27887739356922,225.40780668350627,226.01259794430243,910800
2021-12-29,225.31329345703125,226.60793573931042,222.6956892684555,225.20935870656436,580300
2021-12-30,224.82974243164062,227.16224364304426,224.66855549960252,225.9485889458944,677200
2021-12-31,225.18055725097656,226.7545060700589,224.640094225435,225.31330027108964,447500
2022-01-03,223.36012268066406,225.61675450081313,222.06112163580377,224.98148316508033,848600
2022-01-04,226.29940795898438,227.15276841718438,220.55350830563995,220.55350830563995,952100
2022-01-05,224.72547912597656,227.22864414636106,223.9953995764656,227.02004585567005,1070500
2022-01-06,222.19384765625,225.75897119514718,222.08007204301916,224.1091524637699,1128100
2022-01-07,219.55789184570312,223.29367798762163,219.2734384069154,220.97066809534374,1233500
2022-01-10,220.56298828125,223.71091516593773,214.6653780794263,216.92202411199386,1124400
2022-01-11,221.83355712890625,222.51622528769803,217.02633483823263,220.7241870095921,1196200
2022-01-12,221.6533966064453,222.81964003305146,220.43025090593872,222.19384523129952,813500
2022-01-13,219.22607421875,222.83859436623302,218.1072277175994,222.2791638817052,953300
2022-01-14,217.2444305419922,221.27414793671906,212.21914748289424,218.41068858135964,1676000
2022-01-18,215.38597106933594,217.40556024058944,210.30378706783353,216.55221433362644,1429300
2022-01-19,214.81707763671875,218.71405119654816,213.25260521978413,215.26271804016653,1358300
2022-01-20,216.41001892089844,219.40622087364002,214.81708805795859,218.15464577295668,999400
2022-01-21,213.9447784423828,219.62431399268485,213.0724650008174,217.18751356251917,1099300
2022-01-24,218.87525939941406,220.06047027530056,209.73491370329364,212.62683113403793,1826100
2022-01-25,214.90243530273438,220.96123286460687,210.6546434742744,214.4378418878771,1462900
2022-01-26,213.8594512939453,220.96122553490096,212.0484456206073,215.46185869768908,1371100
2022-01-27,211.43214416503906,216.21090805944655,209.4220166776948,215.88853417291523,1202100
2022-01-28,219.11231994628906,219.36832956795965,209.3367021371955,211.43216150733747,756300
2022-01-31,221.83355712890625,222.56363661664497,216.83670399035123,216.893591797925,872700
2022-02-01,223.87208557128906,224.43150156511211,219.70014957721617,221.11291151185725,729300
2022-02-02,225.5313720703125,226.24249848340716,222.34552516093223,223.6255584916642,1145800
2022-02-03,222.18435668945312,225.9011759809875,221.141365409829,224.6780448147966,1032400
2022-02-04,225.5313720703125,227.88282602526576,221.12239409628714,221.12239409628714,807100
2022-02-07,223.67295837402344,226.48902016544778,223.28422025854076,225.6641181448158,1098100
2022-02-08,213.47068786621094,217.2349185391731,205.75259568512567,214.00165999182383,2036500
2022-02-09,216.7703094482422,218.7804367995194,212.22858803687666,213.3284671295503,1846100
2022-02-10,214.83607482910156,218.6666701725329,213.8120508538302,214.01117265509413,1262000
2022-02-11,209.7254638671875,216.68501954220204,209.3272346984494,214.55163969459264,1461500
2022-02-14,207.51622009277344,210.73998816263227,206.0370791085345,209.39359022908383,1422900
2022-02-15,210.64515686035156,212.8164567658929,208.4738424869044,208.52125381435937,1181200
2022-02-16,214.0869598388672,214.76964231818002,208.8815240189858,210.38910846584199,1313000
2022-02-17,211.60279846191406,214.16285095451732,209.33667593952634,212.24756067507883,983400
2022-02-18,213.9163360595703,215.00672425229797,209.95298346152867,210.9485634671833,1072100
2022-02-22,211.63124084472656,214.69382154852815,210.1615765362961,213.66981213316413,2037800
2022-02-23,205.5819549560547,214.4378475930967,205.572464009111,212.17172486332026,861900
2022-02-24,208.41697692871094,209.09965960679943,201.22985585010127,202.51936596783426,846600
2022-02-25,212.03897094726562,213.88789701813099,208.5686700340068,208.86260001605385,1167700
2022-02-28,210.77789306640625,212.23806641652496,207.47827022672504,207.89545227825514,1664400
2022-03-01,207.58253479003906,212.6742097682813,206.39732409635482,210.77787265838649,1161500
2022-03-02,212.27598571777344,213.0439999505294,208.10403529686917,208.76775040740495,952200
2022-03-03,213.09141540527344,215.47131337202595,210.5692834684237,213.4801535339015,1151900
2022-03-04,210.72097778320312,212.48457181489374,208.9668602282983,211.1950620447554,863800
2022-03-07,206.368896484375,209.41252415184587,204.14070888513595,208.89102851188605,1579500
2022-03-08,206.2077178955078,209.004812572932,202.86068365441525,206.00861057722616,1605200
2022-03-09,213.3948516845703,216.31521310399586,208.60659671288917,210.54086902072353,1151800
2022-03-10,212.8828125,213.8594249747717,209.77282073157863,210.1615588517031,930600
2022-03-11,209.28927612304688,215.82215798169426,208.94793480740015,214.29560577392786,1219800
2022-03-14,208.69192504882812,212.4656322139047,208.20834977926668,211.64073012051927,890600
2022-03-15,216.7134246826172,217.14009768223207,210.29431886063344,211.15715580583813,870400
2022-03-16,218.5244140625,219.415694843676,215.33856705101155,217.03578244544983,988100
2022-03-17,220.79055786132812,221.18878696799786,217.52885531004569,218.96058479839914,836300
2022-03-18,223.76779174804688,223.97638999948165,217.50039666316715,220.87587459670513,1498400
2022-03-21,219.3588409423828,224.71598846676974,217.80384480765812,222.6394966382244,872700
2022-03-22,222.2317657470703,222.93340126629033,216.68497353386326,219.8897880986411,818000
2022-03-23,219.9087371826172,222.35501391487753,219.02694732628743,220.7620976061897,495300
2022-03-24,222.5257568359375,223.97645406538638,219.75710544156746,220.49667601078025,770500
2022-03-25,225.65464782714844,226.02443299834314,221.76715082297466,222.6963519896862,476100
2022-03-28,228.366455078125,228.96379156775913,225.26593913513898,225.26593913513898,747000
2022-03-29,230.77476501464844,232.04530752162356,227.55099742156716,227.55099742156716,548300
2022-03-30,228.33924865722656,231.08871869745596,224.0770975725778,231.08871869745596,621000
2022-03-31,224.7335205078125,229.88045625695787,224.41005689940056,228.89101937417615,879800
2022-04-01,225.91323852539062,227.04536120132693,224.54325787254515,225.36143995594938,463000
2022-04-04,226.721923828125,227.6542662349364,224.0866139204487,225.9132646802631,474900
2022-04-05,227.8159942626953,231.22189995692816,224.09611893120163,225.72296012637804,922700
2022-04-06,227.80648803710938,230.45130644066091,225.1521611201689,226.9502572940484,782700
2022-04-07,228.71981811523438,229.45236561523475,225.2092458662135,227.2166455104518,542000
2022-04-08,229.32867431640625,230.46081154464096,224.65742512966193,227.76842174994172,624100
2022-04-11,226.69337463378906,229.28111283627385,226.07498739759518,228.0348153340034,535000
2022-04-12,221.15640258789062,229.2811300194381,220.5665408466969,227.45449371316826,725100
2022-04-13,222.50733947753906,222.69761136024786,218.56865198652898,220.31917653435255,742100
2022-04-14,222.76416015625,224.69544772821638,221.54640290447253,222.70708005332474,392900
2022-04-18,221.8699188232422,224.2007820296852,220.91854490087246,221.63207534264976,277300
2022-04-19,223.76315307617188,224.61939835250885,221.5464500015337,221.82235658007434,702200
2022-04-20,228.215576171875,228.5770883830666,224.99041922597252,225.25680275708788,911100
2022-04-21,230.92698669433594,232.25891888756465,229.2716053703367,229.2716053703367,782700
2022-04-22,225.8466339111328,230.6796147306952,225.54220183294345,229.77581249160346,950200
2022-04-25,229.3382110595703,230.78430358499799,222.18387461024997,225.60882677131158,1217300
2022-04-26,223.72509765625,228.57709600636855,223.31599931615582,227.72086527305768,1095200
2022-04-27,221.613037109375,225.32338948788214,220.5189484215901,223.7250883146217,1543000
2022-04-28,217.76947021484375,230.7937806490903,211.77582652494823,230.7937806490903,1483500
2022-04-29,204.41217041015625,217.01787296177432,203.72718012902527,217.01787296177432,1422000
2022-05-02,201.19654846191406,205.5253026136035,197.43862445738878,203.42277442240334,1384500
2022-05-03,203.58450317382812,207.56123905085184,200.23566302904106,202.70924094037048,921100
2022-05-04,209.44496154785156,209.91113999218183,201.28218613322116,202.93756745430204,612800
2022-05-05,205.62045288085938,208.84560993456552,203.23249501715122,206.75259018434926,743400
2022-05-06,202.1669921875,204.33612393056646,200.0168919907598,204.33612393056646,625200
2022-05-09,197.6669464111328,202.2049891668654,196.934384491072,201.85298549214068,743800
2022-05-10,196.3160400390625,199.80758104302313,193.4904579633967,199.10355902350236,828000
2022-05-11,191.8350372314453,200.38789402430524,191.36885878317474,195.66907297935845,590700
2022-05-12,191.5686492919922,193.385776926994,187.7060735765022,191.3212973037774,819800
2022-05-13,195.82130432128906,197.42912863960183,191.93969681469167,193.76633307953492,818900
2022-05-16,194.31813049316406,195.91643177100994,192.7483692726501,195.44074479305849,442700
2022-05-17,197.13421630859375,198.68494608375715,194.31814283289452,196.30651104296285,386400
2022-05-18,193.0527801513672,196.1447451678934,192.14897789605288,195.4787863753888,786000
2022-05-19,190.56968688964844,193.52846004008964,189.3233895125323,191.90161894304012,597400
2022-05-20,188.82870483398438,193.3001596685489,183.60567093725192,191.77796999976894,877600
2022-05-23,194.10882568359375,195.03165957561376,188.61939393229403,190.68387365993038,691200
2022-05-24,193.29061889648438,194.51789926404317,190.42698890020148,193.32868197902016,696600
2022-05-25,192.25364685058594,194.80332203260895,190.7409657754239,193.6711992421763,908600
2022-05-26,197.99044799804688,199.19869706885805,192.6342076169501,192.6342076169501,617700
2022-05-27,204.3931884765625,204.4312515663143,198.43759241015024,198.43759241015024,531600
2022-05-31,200.80648803710938,203.0231763609582,199.56017608366272,202.10986558277756,955400
2022-06-01,198.3329315185547,201.986204057792,195.32658630703426,200.42595133685847,635900
2022-06-02,203.2610321044922,203.4037469025126,196.8107180913086,198.48514548047226,614200
2022-06-03,196.5823974609375,201.67223921575368,196.3064908951063,201.34877556743996,471300
2022-06-06,198.14266967773438,200.4735331053451,196.13526993038636,198.12363813277324,538800
2022-06-07,199.63629150390625,201.14897248913726,195.66906416615012,197.3529999985316,484500
2022-06-08,196.36354064941406,199.75995198205933,196.03056853944466,199.14156483725063,533400
2022-06-09,192.3487548828125,196.37307665467839,192.21556312666078,196.32550505959293,457900
2022-06-10,189.79910278320312,191.17859210558282,187.58239974050937,189.97986615616313,626100
2022-06-13,185.7177276611328,190.17965959268696,184.12892028294849,186.0411913418585,851900
2022-06-14,185.3942413330078,188.3244749096509,184.40481878923413,186.2980582201265,545100
2022-06-15,185.33717346191406,188.5813624057594,181.56021738108376,187.55387670579597,890900
2022-06-16,181.5507049560547,182.67331932526025,178.75366303031822,182.67331932526025,1087100
2022-06-17,184.49990844726562,185.60350550569217,181.25573492083922,183.5675662163661,3387900
2022-06-21,186.65960693359375,188.09619120322452,183.32028886439977,187.63952115518447,1104800
2022-06-22,187.66802978515625,189.2282825625815,184.29066370272582,184.29066370272582,1071800
2022-06-23,188.2578887939453,189.07607100170387,186.288537676958,188.92384768007088,442800
2022-06-24,194.98406982421875,195.6119800562422,189.95130848910415,190.1415803578592,1593700
2022-06-27,194.7367401123047,196.2779612972976,193.671205911995,194.77478868368087,714200
2022-06-28,189.29486083984375,198.03798906314907,188.91431709703195,195.08872424751112,756600
2022-06-29,190.93801879882812,191.5685276031599,187.87147842875194,189.96361200328639,488900
2022-06-30,188.56881713867188,190.49854922971417,187.73770132393082,189.39038509213444,524400
2022-07-01,190.52723693847656,190.87114949737557,187.68041410902293,188.48287188749072,584300
2022-07-05,191.84555053710938,192.13213215844945,187.43200406892592,188.84586018279361,386700
2022-07-06,193.09703063964844,195.50440403315667,190.95712860186214,192.36143703652033,573200
2022-07-07,192.31369018554688,195.609510821838,190.9762603721478,195.27516065693408,857100
2022-07-08,192.2754669189453,195.18916865508217,190.67053670982304,192.2085881458238,664300
2022-07-11,190.33615112304688,192.32319956681647,189.61966793991834,190.21195604003387,441000
2022-07-12,188.04344177246094,192.10351412768034,187.65176070562117,190.08780703413106,518100
2022-07-13,185.06280517578125,187.47974027921725,184.3940905462134,185.43537579631803,495800
2022-07-14,184.60430908203125,184.69028357646275,180.54423719579657,182.311553858965,617000
2022-07-15,186.1901092529297,188.82677695890104,185.98950210471222,187.55621157159686,589700
2022-07-18,183.0758056640625,188.83633002322046,182.5217235160498,186.76330683216185,376100
2022-07-19,189.60055541992188,189.7820668231576,184.7093682783118,186.2474194098257,559100
2022-07-20,190.90933227539062,192.52381007535578,188.6930185033141,190.03999583281123,624400
2022-07-21,192.88682556152344,193.6128565912346,190.48898589514397,191.34877444344946,358700
2022-07-22,193.14476013183594,194.6254950140231,191.39655392771598,194.2720346284857,504100
2022-07-25,192.57159423828125,195.79098766221782,191.26282282534828,193.59376943418584,625500
2022-07-26,191.79779052734375,193.479132613153,190.9475643338253,192.56204223067115,524300
2022-07-27,194.10964965820312,194.7210481316194,191.12908392241005,192.12260097537794,576800
2022-07-28,195.48529052734375,195.79098246100122,188.64526041120382,190.94756337175556,950000
2022-07-29,197.69207763671875,200.1376716742786,195.12228849389692,195.14139879706576,921400
2022-08-01,194.7115020751953,197.02335302977318,194.37713738231898,195.23691148273016,802500
2022-08-02,196.33551025390625,198.94350506226948,193.72750086865477,194.91209169269572,699800
2022-08-03,199.01040649414062,199.44029355463513,196.5457022165783,196.60301854772555,461700
2022-08-04,200.70127868652344,200.7585950125634,198.4945126726535,199.5835665980785,464200
2022-08-05,199.47850036621094,201.48465942558087,199.05816116696087,199.40207373208457,373000
2022-08-08,201.26490783691406,202.91760630769866,199.64088210592053,201.0929588594989,546800
2022-08-09,201.91453552246094,203.3666123382247,199.63134279315418,201.65659746840342,599200
2022-08-10,205.745361328125,205.92687278211878,203.6341318125664,205.19127910215667,520300
2022-08-11,206.77708435058594,207.79927422286684,202.88897575975602,206.3376494083439,620500
2022-08-12,209.97735595703125,209.99646625812713,206.6242050938088,208.58259551480708,388400
2022-08-15,209.9868927001953,210.96131392804642,206.929900646718,209.5570056980777,526900
2022-08-16,209.65255737304688,211.12372989149128,208.46796649158654,209.8722748203643,437400
2022-08-17,209.2799835205078,210.16841573557434,207.25471432931704,207.95208726363805,358900
2022-08-18,210.90403747558594,211.05687617448766,208.28647979098128,210.04424873192173,321800
2022-08-19,206.59552001953125,211.5344753850347,206.58597215867138,210.83710254320656,459600
2022-08-22,202.16287231445312,205.1721101622012,201.95270276660204,205.04791509022928,622700
2022-08-23,199.60267639160156,202.3253039097979,199.45937099997738,201.48464016853478,274300
2022-08-24,200.366943359375,200.88280490864219,198.37989464117558,199.17280455590586,378900
2022-08-25,203.53857421875,203.6627693224407,199.88929351174787,200.87326274758476,291300
2022-08-26,198.52320861816406,203.9780417223729,198.42768624888075,203.9780417223729,899700
2022-08-29,197.1666717529297,199.19192676831045,195.7432528622396,198.06466658484882,486200
2022-08-30,197.08067321777344,197.9404473350163,194.95988151322516,197.9404473350163,432600
2022-08-31,197.5869598388672,199.26830181469367,196.2304200782195,198.0646153000905,1108400
2022-09-01,197.8353271484375,197.9786325269376,194.35799611938936,197.04241736677625,483000
2022-09-02,195.59994506835938,201.05477778910364,195.17005799457624,199.0486186755951,656700
2022-09-06,195.76234436035156,197.57744415473965,193.8708325073846,195.81966069273082,465400
2022-09-07,200.85414123535156,200.95922603025062,196.06803828998005,197.0520074709034,436700
2022-09-08,201.7998809814453,202.36351091739354,198.22701294620524,199.1918717133482,439100
2022-09-09,204.24549865722656,204.77092263274483,201.6183933565246,202.5068256067642,305100
2022-09-12,205.43003845214844,206.35669114136485,204.12126725427828,204.31232650860514,530100
2022-09-13,197.0710906982422,202.3921797200371,196.31640145683753,201.49418508910028,513200
2022-09-14,197.7493896484375,198.21749731605863,195.90564629741482,197.72073148275558,560300
2022-09-15,197.5105438232422,199.66954137624197,196.71763396580133,197.7493715666802,607200
2022-09-16,196.79409790039062,198.3703554751469,194.75928047594152,198.3703554751469,1114300
2022-09-19,199.4307098388672,199.74596420343468,195.11271481501245,196.45014432206685,568300
2022-09-20,199.03904724121094,200.44335553898367,193.2785232347916,197.1379731554854,974600
2022-09-21,195.8578643798828,203.87292304909087,195.8387540784438,199.84150948191035,515500
2022-09-22,194.31027221679688,196.09671388891005,192.15127437506024,195.83877580997242,459900
2022-09-23,191.38699340820312,197.4245656464496,188.5497187030046,193.71795447292138,701700
2022-09-26,194.4248809814453,195.9533696952177,191.15771941012488,191.65447058923488,920200
2022-09-27,194.45358276367188,196.86097088459067,191.8073668610676,194.9503486311071,616700
2022-09-28,197.6633758544922,198.47538134886372,191.6735726106596,195.4088416154298,956200
2022-09-29,194.00917053222656,196.45490901310308,193.34738092311898,195.88903645614255,532500
2022-09-30,192.72393798828125,195.97532658295108,192.50334635996805,194.7188923977229,560300
2022-10-03,198.2196807861328,199.56244640433886,192.81028954137068,193.5488098996396,474800
2022-10-04,204.39634704589844,204.77040011879959,199.514470761528,200.53112708095748,501200
2022-10-05,203.98391723632812,204.9622154978461,201.21208435776597,202.64116639493994,484200
2022-10-06,202.00816345214844,204.05107668211818,201.4135186991531,202.3918170306032,375700
2022-10-07,196.55084228515625,201.46150635519828,195.5341857663058,200.07079669007473,458900
2022-10-10,197.5003662109375,198.56498125070132,196.5124818970446,196.8865350388595,514800
2022-10-11,193.81735229492188,198.1141699034753,193.2514797343641,197.57706953176705,681600
2022-10-12,192.8294677734375,195.39988087198677,192.65682000576123,194.14344651151026,494700
2022-10-13,198.59373474121094,200.20505056297787,189.23280658985345,192.2923763094618,1005300
2022-10-14,193.76939392089844,201.84511511017558,193.32821060160015,200.85723093253102,787000
2022-10-17,198.60333251953125,200.47359802697116,196.8481557710452,196.93447234026058,472800
2022-10-18,201.73004150390625,202.56446431363648,198.68965802736207,201.89308879805535,564500
2022-10-19,200.03240966796875,202.1520537681421,198.24846064405304,200.387276448381,378700
2022-10-20,197.07835388183594,199.9556902354412,196.7330729340077,199.85978780458808,435400
2022-10-21,202.1040802001953,202.49731962943457,195.28479334914365,196.95365348440384,710900
2022-10-24,203.4756317138672,206.15156274143095,203.30299855590286,203.3509570891895,566100
2022-10-25,202.8234405517578,204.96225647488797,200.77094120678373,203.763366328644,610700
2022-10-26,202.32467651367188,206.18031090938507,201.12578649565427,204.20454250127415,1041800
2022-10-27,203.99354553222656,207.07228703644904,200.24341388089323,202.4781467275599,912700
2022-10-28,212.31858825683594,212.72141348278276,201.62449684701915,202.21914151843316,735600
2022-10-31,209.287841796875,212.05967496879236,207.8875317984665,210.39081477368438,906200
2022-11-01,212.15557861328125,212.87491263749098,208.71236992977046,210.13185163977565,742400
2022-11-02,211.1293487548828,215.51248338981276,210.08390545575253,211.2827955665491,837300
2022-11-03,209.04808044433594,213.3161263764248,208.98093557236783,209.76741452170674,442600
2022-11-04,212.1651611328125,212.92285313479778,208.12729337950955,211.32113793271796,427500
2022-11-07,215.50286865234375,216.39483575047393,211.40745648502642,212.92285513814198,511700
2022-11-08,216.4619903564453,218.47611678235043,214.15052691622512,215.64673929972255,420500
2022-11-09,214.3423309326172,217.5841339530044,213.7093281786318,215.10962340686635,380500
2022-11-10,222.62908935546875,222.9839707736514,219.41607269684738,221.04656029143467,488200
2022-11-11,224.32669067382812,224.99806610369143,220.54778729517182,222.62905844519136,795700
2022-11-14,222.89761352539062,227.24238953096986,222.77293892238356,223.0990334762283,845500
2022-11-15,223.4730987548828,226.51348207617684,222.41806968792176,224.9117667726181,582700
2022-11-16,223.89512634277344,225.72703392832307,223.1086474122652,223.59780393949458,686000
2022-11-17,222.03443908691406,223.3484179093613,219.90520916980356,221.29591871226873,514800
2022-11-18,223.214111328125,226.83955318706757,220.355961926262,224.90215766067737,1298200
2022-11-21,227.24240112304688,227.36709036730164,222.82090881386225,222.86885270637148,635000
2022-11-22,229.34288024902344,229.7840782535671,226.0051742449021,228.01931550517088,453600
2022-11-23,231.4433135986328,232.19141978532124,228.44128836558326,228.91125851255939,451800
2022-11-25,234.0425262451172,234.1768013465532,231.31863690401963,232.42162454106878,214600
2022-11-28,229.77444458007812,234.15757834668682,229.58261049244277,231.84611515861036,691900
2022-11-29,228.7482147216797,232.19142333027446,227.4917803283125,230.18688273879718,570500
2022-11-30,236.0950164794922,236.90066705751713,227.0793547822005,227.15608549937735,910100
2022-12-01,236.52662658691406,238.81890383349463,235.28937846423614,237.83101957878975,562500
2022-12-02,237.4377899169922,237.76388451969356,233.76438880569827,234.0904980432889,520100
2022-12-05,236.57455444335938,239.0778371901506,235.70175906628538,236.76637390422846,785200
2022-12-06,236.7088623046875,237.11168761875464,235.35651077074786,236.59375890431917,515400
2022-12-07,234.20558166503906,238.4448553116522,233.87948706950473,236.65132040132443,494700
2022-12-08,235.70176696777344,237.02534617144818,233.51499284380748,234.75224084754325,453300
2022-12-09,234.53164672851562,236.43068431414244,234.41655797632222,235.61544792796062,334200
2022-12-12,235.0399932861328,235.73055512309526,233.29441699011932,235.73055512309526,568600
2022-12-13,236.9390106201172,240.1424556682248,235.26056470101878,239.93144986760433,507400
2022-12-14,235.586669921875,240.83301339147206,234.43572388881617,237.0732817172836,597200
2022-12-15,234.42613220214844,242.64572832771597,232.3065030683013,234.16716788766826,875800
2022-12-16,230.72396850585938,231.91327259321992,227.40544935216033,231.28984104436773,1543600
2022-12-19,229.5251007080078,233.23685963188842,228.26866627304503,230.1773045075013,537700
2022-12-20,230.04302978515625,232.47916793944827,229.4771425562437,229.79365128719496,385100
2022-12-21,233.63967895507812,234.31105439908094,230.82947330640528,230.82947330640528,423600
2022-12-22,232.39283752441406,233.1121715151201,229.6785488432967,232.25856243154442,360900
2022-12-23,234.3973846435547,234.69470702647433,231.2323120686556,232.7093527665562,251400
2022-12-27,234.57962036132812,236.76639460316167,233.66846686637882,235.46200166637604,248500
2022-12-28,231.85572814941406,236.2196758156581,231.8461276635828,234.9632415022639,257200
2022-12-29,236.01321411132812,236.71574483260082,231.31681217251943,232.79886549591245,245500
2022-12-30,235.37803649902344,236.0420786063987,232.70263111329373,234.25205780226952,221200
2023-01-03,235.9554443359375,236.7830886470825,233.2704205771095,235.7629719882826,591300
2023-01-04,237.2161865234375,238.87147526252664,235.56089778434836,237.75511500877818,547200
2023-01-05,237.16806030273438,237.94758289613844,235.58976347475465,236.77348242456455,328600
2023-01-06,243.8950653076172,245.19427943498312,238.6886196892042,239.87233865288664,610800
2023-01-09,245.46377563476562,248.70698010921691,243.423541922019,244.38591853138274,548300
2023-01-10,243.84698486328125,245.61775426302776,241.70087449644467,245.17505457074046,465300
2023-01-11,247.50399780273438,247.84083547418064,242.83648027585667,243.90471884981073,409800
2023-01-12,245.1461639404297,248.14878863305947,244.46288484270985,247.34999968400365,472100
2023-01-13,245.0691375732422,245.25199143371063,242.02803939415503,243.05777447748534,331000
2023-01-17,242.71133422851562,246.33949750404489,241.720087674186,245.5407232999804,501300
2023-01-18,241.8356170654297,244.91523403140704,241.24856673331922,244.5591446924535,446100
2023-01-19,242.2494354248047,243.25993377713718,239.9974777376875,240.14182835172014,443600
2023-01-20,243.52940368652344,244.19344589585523,240.24769592763238,242.67288909245673,481300
2023-01-23,244.05870056152344,245.47339527411827,242.0665740412447,243.47165027476845,426100
2023-01-24,243.23104858398438,245.09804671016835,242.69210539401843,244.19342511044434,456600
2023-01-25,244.02981567382812,244.28964675533322,241.142686179505,241.75860655090594,478100
2023-01-26,243.96243286132812,245.40599755281528,243.07704827937994,244.91519084420145,403100
2023-01-27,241.18118286132812,243.23104957010264,240.7577348384169,243.0674473221052,397500
2023-01-30,240.4112548828125,242.8364476107788,239.93969982786004,241.09454861294432,405300
2023-01-31,244.62648010253906,244.85744105981618,240.0744434582393,241.44101629936122,575800
2023-02-01,243.70260620117188,245.58887067378657,239.87235169801107,242.08582066867405,391900
2023-02-02,245.17503356933594,247.13827518180744,241.5083814282273,245.4060092174444,408200
2023-02-03,242.89419555664062,244.8093300096074,241.42176073910167,243.30802507287746,576700
2023-02-06,244.1837921142578,244.337775882925,240.62300190085656,242.4996331917991,372800
2023-02-07,246.5415802001953,246.90728793292584,242.25900813808207,243.49084876078658,548500
2023-02-08,247.44622802734375,248.37973435825165,243.5678521101487,244.44361820363125,820600
2023-02-09,229.97911071777344,249.18813721199743,229.53641107162966,247.33075763715254,1543200
2023-02-10,235.4935302734375,236.00358865158955,229.21883128419114,229.44980693427328,644100
2023-02-13,238.39990234375,238.67898506114756,233.8093624312267,235.52239138756963,520000
2023-02-14,232.39466857910156,238.47689498921994,231.5285356198618,238.23630086890893,546200
2023-02-15,233.2896728515625,233.88634153632455,231.0473340177743,231.5670108263253,311700
2023-02-16,233.2415771484375,233.7227654149853,230.43143943396242,230.98961958532192,265700
2023-02-17,231.82687377929688,233.5591544108694,231.29756376899692,232.4139240298659,426600
2023-02-21,228.20834350585938,233.02984447088278,227.50579808984023,231.78838525062284,498000
2023-02-22,227.65017700195312,229.95025638081063,225.96601803085284,228.60292039310988,417200
2023-02-23,228.2757110595703,229.4786817277644,225.91789148685,227.97737668341028,215000
2023-02-24,225.8697509765625,227.351818940202,224.9843664004204,226.25471036925427,427400
2023-02-27,227.71751403808594,232.79886058933636,226.94762461523544,231.59589001025813,370200
2023-02-28,225.54257202148438,228.30458805977491,224.91703312905582,227.35184466006683,517800
2023-03-01,223.64666748046875,226.28358429717244,222.40520829430108,224.11823723769191,544400
2023-03-02,228.67990112304688,228.69915276492216,221.41397023568686,221.91439544684349,1347800
2023-03-03,231.7883758544922,232.42353315659608,227.0919740389035,228.78575131901283,1108900
2023-03-06,230.01759338378906,232.88548581961288,228.57402868772857,232.52939654232233,701100
2023-03-07,228.843505859375,230.95111278431796,227.9388842671865,229.18034351471027,681600
2023-03-08,230.08497619628906,232.8566252252002,227.54430281468723,228.61254132085506,621300
2023-03-09,225.68690490722656,230.6623895878647,225.23458678310493,230.4891688686861,607500
2023-03-10,222.22235107421875,224.60904057440248,220.5285591127276,224.15672246511332,512100
2023-03-13,218.9310302734375,221.8181597075262,216.5443260349404,220.85578322949664,509400
2023-03-14,219.03688049316406,223.17508737837036,217.02550260188647,221.16372417179164,638900
2023-03-15,211.4533233642578,215.18734813479355,209.64405120786262,213.88813424636984,624400
2023-03-16,219.85491943359375,220.24949734256592,209.3842725779059,210.56799162012166,526300
2023-03-17,214.93716430664062,219.0368976009708,214.66770006101422,219.0368976009708,1331500
2023-03-20,219.03688049316406,219.51806870629957,214.55220282241336,215.80329511350547,536800
2023-03-21,221.13485717773438,223.04999157956024,220.38420472941448,222.0972336176008,511100
2023-03-22,217.41046142578125,222.15497014647715,217.2757293138367,220.63441363470372,414100
2023-03-23,217.679931640625,219.71054653812467,215.88029237768663,216.12088649025912,427900
2023-03-24,217.70883178710938,217.8724340440598,214.66771826041622,215.26438704278846,561400
2023-03-27,218.89254760742188,220.69220177643456,217.46823439750418,218.45948108845985,504000
2023-03-28,220.75955200195312,220.8461623654712,217.5067146259582,217.90129252825236,310600
2023-03-29,221.7315216064453,223.47343526424592,220.59592447790115,222.96336225100455,496100
2023-03-30,221.19064331054688,223.38323591029936,220.59179126329752,223.28664021435353,496700
2023-03-31,224.45538330078125,224.7548093244254,221.16166756382785,222.62983665938364,576400
2023-04-03,225.39230346679688,226.2229763336491,223.84686077641896,224.2911803398936,817900
2023-04-04,226.24229431152344,226.75421909484584,222.00200249554456,225.61446647942898,463100
2023-04-05,228.00985717773438,229.13995595837685,225.0252361874402,225.0252361874402,419500
2023-04-06,228.65701293945312,229.03371254277613,226.39681531951507,228.10645878310385,396300
2023-04-10,226.7638702392578,228.4734990321908,225.07354879402686,227.07294992525755,318500
2023-04-11,228.76329040527344,229.7871399791415,225.9911677207324,227.42069270659906,417400
2023-04-12,229.1110076904297,231.3422297613445,228.40590626168608,228.66670285418243,591900
2023-04-13,228.82122802734375,229.57462728077104,226.89910045907087,228.55077776911003,447000
2023-04-14,229.36215209960938,230.09622929468762,227.22751097388098,229.14965335448042,408300
2023-04-17,229.85475158691406,230.18315337447314,228.09681012686139,228.95645876984483,491900
2023-04-18,230.2797393798828,231.80585994649576,229.99962071406878,231.3905161539405,514500
2023-04-19,229.73883056640625,230.94620298952498,228.86951357870103,230.4535856082955,390100
2023-04-20,233.25469970703125,233.29332913986494,229.14963344670957,229.14963344670957,432800
2023-04-21,233.0325469970703,233.36096351943976,231.55472423092638,232.58824216902428,406100
2023-04-24,232.066650390625,233.4285701208568,231.17802599074986,233.4285701208568,376800
2023-04-25,231.4195098876953,233.1774514102985,230.8399799016941,230.87860933872037,731500
2023-04-26,229.66159057617188,232.22121459243908,228.55079894126652,229.70022001445503,573100
2023-04-27,218.10943603515625,230.3666846322281,214.59356772716194,230.3666846322281,1270200
2023-04-28,223.7019805908203,223.94345508854857,216.12932914085292,216.36114996450817,1164400
2023-05-01,225.2860565185547,226.5030827018628,222.7940378912185,223.60538868009058,745000
2023-05-02,219.7321319580078,224.35877669584943,218.0128347703812,224.09798012020647,622700
2023-05-03,218.4378204345703,220.46621207079215,217.24011638209527,219.7611106781157,464500
2023-05-04,216.64126586914062,218.4764809963544,214.55493729468205,217.55888080196476,493100
2023-05-05,220.05088806152344,220.30201623412043,217.07592047147256,217.62647466405198,349500
2023-05-08,221.38380432128906,221.6156251321186,219.99290893317763,220.4565505548367,441100
2023-05-09,221.0650634765625,223.19970447323192,220.4082599320078,220.70768594428617,267200
2023-05-10,220.29237365722656,221.99234890642012,218.75658456823356,221.51905355969467,216500
2023-05-11,220.55316162109375,220.9298612786079,218.25433423814584,219.4423847367004,254900
2023-05-12,221.48043823242188,223.59575743869004,219.85772175344044,222.03099248780876,446900
2023-05-15,221.91505432128906,222.2531244996327,220.31166018483404,222.0985772901937,248000
2023-05-16,219.6355438232422,221.85711215264928,219.22021476110788,221.85711215264928,323600
2023-05-17,219.10430908203125,221.76052870688997,218.67931158390434,221.4224732340596,413700
2023-05-18,219.7418212890625,220.35034181816238,216.11004968040754,218.4088771732954,476100
2023-05-19,221.8377685546875,223.66331499310786,220.39857538025032,220.4468732228563,413500
2023-05-22,222.10826110839844,223.55710823205197,219.50999290849683,221.71223935737538,361000
2023-05-23,213.85946655273438,223.37355242401804,212.8839002001894,220.44688284324897,563000
2023-05-24,213.09642028808594,214.65151671778767,212.76801849260468,213.70494076792752,433400
2023-05-25,212.10153198242188,213.8015218445223,210.38223477256733,211.96630685597603,383900
2023-05-26,213.48275756835938,214.429333381752,211.85038776239415,212.14981375266095,344600
2023-05-30,213.74354553222656,215.15376298891616,212.53617312488137,213.18333770503918,343200
2023-05-31,211.3867645263672,213.17366682549337,209.387348768501,212.62311267810216,784200
2023-06-01,212.7100372314453,213.00946322302022,209.59984480684972,211.10664317634428,512800
2023-06-02,216.8730926513672,217.08559140601184,213.6952944834386,213.80154386076092,391100
2023-06-05,216.0424041748047,217.2787524373519,215.42423004353108,216.35149860965842,269600
2023-06-06,216.5833282470703,217.4719527362466,215.26970623297592,216.5060546299547,485800
2023-06-07,216.853759765625,217.9838586835463,214.18788652886974,215.9168375045525,395400
2023-06-08,218.4185333251953,218.45716276273728,215.90719247035946,216.00378817186652,383700
2023-06-09,218.003173828125,219.7224710746637,216.6992203820964,217.78102141674538,398900
2023-06-12,217.47193908691406,218.12875742195467,215.04754029812227,215.781617506994,384200
2023-06-13,218.47645568847656,219.2684843290623,216.73783646246386,216.92135942776977,395500
2023-06-14,220.61111450195312,221.3935043232273,218.16739355053213,219.34579038146657,606500
2023-06-15,224.7354736328125,224.74512730644975,219.78041244679585,220.71733463476457,586500
2023-06-16,226.98602294921875,227.787720032928,225.14115428930108,227.787720032928,1720400
2023-06-20,224.7064971923828,227.49794166212055,224.47467637989433,224.59059415535506,550800
2023-06-21,224.78379821777344,226.12639593471505,223.19972598527806,223.9627789695167,463600
2023-06-22,227.37237548828125,227.76839719189138,224.20423133626676,225.33433018880547,776100
2023-06-23,224.59059143066406,227.28544017789662,223.87582165465412,226.4064695219451,983000
2023-06-26,223.88546752929688,225.8076096541854,223.5474121076987,225.05421047202316,829800
2023-06-27,225.14117431640625,225.72071904533018,223.9917532717158,224.4167507744687,399800
2023-06-28,224.77415466308594,225.27641106637805,223.103140328546,224.6872126323617,504600
2023-06-29,225.4333038330078,226.80984597216622,225.1134010075108,225.91800239433795,606500
2023-06-30,228.2930450439453,230.3190816813455,226.85834130172907,226.9552721485195,758300
2023-07-03,226.33486938476562,227.78896528287132,222.0695273337203,227.63387296219628,327900
2023-07-05,224.90013122558594,226.40269971584624,223.40726617326789,224.89044257946983,557000
2023-07-06,224.173095703125,224.6190249100086,221.82715632527263,223.9501384955967,518200
2023-07-07,223.77566528320312,226.6838571325348,222.18585433057493,223.09709014339145,558200
2023-07-10,225.82106018066406,229.00068160773228,223.54298578305455,224.40574864359758,458300
2023-07-11,227.88589477539062,228.5450777690699,225.39453687979304,225.39453687979304,884200
2023-07-12,224.65780639648438,229.01040525215817,224.42514573794136,228.9037709659711,533600
2023-07-13,224.57052612304688,225.1715475659352,221.2939593319197,223.5332641703716,691900
2023-07-14,222.83534240722656,225.09403978775177,222.39911660058036,224.52209895699724,434300
2023-07-17,222.61236572265625,224.6481056981751,222.24399006434808,223.097064308082,716900
2023-07-18,221.36184692382812,222.54451263981565,219.54906418010776,221.42000838661002,590000
2023-07-19,219.78173828125,222.31186560997995,219.42306604424746,220.77052758457015,669400
2023-07-20,225.00680541992188,225.1522090965911,220.63482897006574,221.09044687940093,981000
2023-07-21,226.4414825439453,227.80833611064767,225.36545108809003,226.39300972683296,561300
2023-07-24,225.14247131347656,227.13942692700303,223.99858986177713,226.88738901183845,538600
2023-07-25,225.86953735351562,226.63535459837055,223.93074304146828,223.93074304146828,469800
2023-07-26,225.8016815185547,226.5869056715954,224.19249341673407,225.86954642227798,662600
2023-07-27,205.75453186035156,214.0816492934956,204.73666195992107,210.0974266714525,1787100
2023-07-28,202.70095825195312,206.59792430383462,200.1417502632102,205.6673112852884,1166300
2023-07-31,204.8627166748047,206.54947316593294,202.17748222848684,203.08871798374597,896500
2023-08-01,206.0938262939453,207.33465338003876,203.73818368443196,204.5233929569945,623900
2023-08-02,206.63670349121094,207.50915502403478,204.39739840404647,205.9290329097902,461800
2023-08-03,207.24742126464844,209.52551060561194,204.63975521693857,205.60915241873965,615300
2023-08-04,206.2489471435547,208.42040224079582,205.89996355278072,207.24742509652484,653000
2023-08-07,205.1244659423828,208.30408776888598,204.12598794885562,208.30408776888598,667500
2023-08-08,197.2141571044922,202.88512151496514,197.05905001160065,201.23714933051556,928600
2023-08-09,196.09934997558594,198.92029933297238,195.62435482187405,197.15600414864923,963400
2023-08-10,195.0039520263672,198.2417352525809,194.51925340716772,197.04938079106205,870000
2023-08-11,197.63099670410156,197.8636573504179,193.4916814301572,194.01514939458525,726300
2023-08-14,195.73098754882812,199.44378051158134,195.05241248332572,197.46620198717196,663200
2023-08-15,190.48654174804688,195.19781253257239,190.3023539211402,194.32536100618228,844400
2023-08-16,190.42837524414062,192.06665876621304,189.31355966567958,190.46714462107147,939200
2023-08-17,190.38958740234375,193.1232943657593,189.52682456197007,191.99879016271635,563300
2023-08-18,192.85186767578125,193.97637189817576,189.67224626832706,189.67224626832706,1610100
2023-08-21,194.77127075195312,195.13964639694544,191.84368726009512,193.35595921709313,700900
2023-08-22,194.35443115234375,195.08147898201338,192.79370121964658,194.73249543209891,811500
2023-08-23,196.5646514892578,197.72792503539068,194.4707502311233,194.4707502311233,1055600
2023-08-24,198.87185668945312,199.48258174183388,195.97336813432537,195.97336813432537,799300
2023-08-25,199.3080596923828,200.5004140435899,197.70854552190832,199.83152764428482,493500
2023-08-28,200.18052673339844,200.50042959230166,199.09480657602592,199.6182745685226,414300
2023-08-29,201.27593994140625,201.3341014051454,198.62947500666,200.22898921862097,436100
2023-08-30,202.1677703857422,203.21472104027015,201.61520693259158,202.03205538192336,289700
2023-08-31,200.43255615234375,203.03054829350108,200.18051820992173,202.23563550368007,692300
2023-09-01,201.5085906982422,202.88513294358617,200.65553122293855,201.4892134044091,447600
2023-09-05,197.8733367919922,201.5376567480049,197.8733367919922,201.46980664087755,387900
2023-09-06,198.28050231933594,199.15296869880814,196.15753481715757,197.69887285818228,290100
2023-09-07,197.62130737304688,198.7264195535251,196.5646680093617,198.38712462780052,445100
2023-09-08,196.61317443847656,198.11572847314494,194.8779449266933,198.11572847314494,380700
2023-09-11,196.3708038330078,197.84427697137997,195.74068675888654,196.3126275741163,478900
2023-09-12,197.34988403320312,198.49376563076157,195.8182346799938,195.8182346799938,312200
2023-09-13,196.9815216064453,198.31929456768196,195.246307007709,198.31929456768196,490400
2023-09-14,198.9493865966797,199.01725150191064,196.51620490837038,197.81519362841627,500800
2023-09-15,198.79429626464844,200.72338727789764,198.49377069940962,199.63766711800554,1057300
2023-09-18,201.97389221191406,202.23561877946054,197.48557889419234,198.79427089922842,694100
2023-09-19,206.83058166503906,207.24741534984,202.41982156436106,202.41982156436106,795300
2023-09-20,208.20712280273438,210.28163215300287,207.13109135332525,207.8775313152681,670700
2023-09-21,205.8224334716797,209.11837824100454,204.31986475937666,207.4025409480222,620600
2023-09-22,206.43313598632812,207.76122024225506,205.4249693813138,205.79333026815846,651100
2023-09-25,207.3540496826172,207.68365596369406,204.73668027016333,205.44433606574736,477500
2023-09-26,206.7142791748047,209.11838026263393,205.30864129987629,206.22958053981654,993600
2023-09-27,205.13414001464844,207.22804149556748,204.79484508133967,206.6657893502192,816600
2023-09-28,206.21444702148438,207.59647519985134,205.27038311395287,206.01978303375552,677600
2023-09-29,203.37254333496094,207.30450965989536,202.5841897672343,207.1585265088969,643500
2023-10-02,202.57444763183594,203.4211795470058,201.4649312133875,203.411452287913,726200
2023-10-03,201.02696228027344,202.75936480836722,200.1899576436052,202.3311278057774,540400
2023-10-04,203.0221710205078,203.53799796040576,200.97831778073137,201.93210902893043,749100
2023-10-05,203.00271606445312,204.52100036145373,202.61340287882507,203.0513820690041,855000
2023-10-06,203.586669921875,204.80324581972764,202.09758221096578,203.24603758094426,897700
2023-10-09,203.45037841796875,204.17059656976292,201.48440280358403,202.48685997995392,655500
2023-10-10,202.8859100341797,203.61585547994807,201.6887888105593,203.61585547994807,478400
2023-10-11,204.96868896484375,205.06600611469233,203.11948490838148,203.37254216969998,480000
2023-10-12,204.72535705566406,206.16577847220628,203.2362696427921,204.6182978040495,578000
2023-10-13,207.53811645507812,207.89821816085833,204.68645488935636,205.59159506032293,579700
2023-10-16,209.3191680908203,209.63060376595112,207.04172695974955,208.13178894965353,397600
2023-10-17,209.59165954589844,211.0612775891912,208.54053639907784,208.54053639907784,546100
2023-10-18,205.7667694091797,209.5624949389168,205.64998288083615,208.9980019672909,557600
2023-10-19,201.81532287597656,207.83980849344584,201.250829933951,205.5915788360476,529400
2023-10-20,200.345703125,202.99297318040428,200.19970512258394,202.00024319693307,565300
2023-10-23,198.0877227783203,201.0853671183484,197.92227026338477,200.4040876889733,514700
2023-10-24,202.33116149902344,202.49661403198027,198.7203578538756,198.7203578538756,494100
2023-10-25,202.18516540527344,204.8810866149148,201.7082623578817,202.86644486527706,506700
2023-10-26,222.9545135498047,226.58477099842142,214.11730656930564,214.11730656930564,1279600
2023-10-27,222.79881286621094,225.14437445635616,219.89850046121043,222.4581805695884,909100
2023-10-30,226.5653533935547,227.7235360107302,221.71851923208177,222.91562574318476,621700
2023-10-31,229.58245849609375,230.78930707130198,226.80865965058533,227.52887789154852,842000
2023-11-01,229.12501525878906,231.0715365147646,227.27582600592373,231.0715365147646,499900
2023-11-02,228.7259521484375,229.903603925827,227.5775118497063,228.34638113520532,599000
2023-11-03,229.94253540039062,231.27591247099653,226.54586553806413,231.27591247099653,911100
2023-11-06,229.6018829345703,231.6359937694519,228.89139209305463,230.2539656727525,617200
2023-11-07,230.1566925048828,230.66279224101405,228.54109098506189,229.74792478173921,400400
2023-11-08,227.81112670898438,231.15913085908892,227.74299133533924,230.03988705565845,424600
2023-11-09,231.791748046875,233.43656083690504,228.2198834271735,228.22961068689278,907200
2023-11-10,233.78692626953125,234.4098124355456,230.2345163056804,231.46083411901756,712000
2023-11-13,237.0181427001953,237.5631662370074,233.74798662854525,234.11783039314383,823600
2023-11-14,235.85997009277344,237.39772362190814,234.15676404383524,236.26873776242522,571800
2023-11-15,234.98402404785156,237.2517228581718,233.9912941519552,236.25899296227544,795500
2023-11-16,236.14222717285156,238.40992618216336,235.9475631697208,236.0740918016001,656200
2023-11-17,235.55825805664062,236.72616778777677,234.33195506656435,235.82104257264908,895900
2023-11-20,235.4317169189453,236.43417407956042,234.24433788099356,235.26626441048018,598700
2023-11-21,236.47312927246094,236.93056294272128,235.31494678183492,236.00596834247654,590000
2023-11-22,237.93301391601562,237.9427411754839,235.99622002582993,236.9013600828235,984700
2023-11-24,237.7480926513672,239.36370877398457,237.58264013530797,237.62156402406043,243500
2023-11-27,238.48776245117188,238.80894021990093,237.05708308251,237.39771536999035,473700
2023-11-28,235.2078857421875,238.6434944476193,235.0035093340811,238.6434944476193,318700
2023-11-29,234.3319549560547,235.04243102412096,232.70661156295017,234.25409232724527,465300
2023-11-30,239.71409606933594,240.29804353669866,232.24918882150362,234.06918144682436,869100
2023-12-01,238.847900390625,240.87228433073562,237.8940942582291,239.41239335139633,620300
2023-12-04,237.4755859375,239.90873743276126,236.346600079512,238.81869031513324,475000
2023-12-05,236.47312927246094,237.417193242932,234.99376900160246,236.77483768246708,394600
2023-12-06,235.0424346923828,237.85515722986716,233.58254379367236,237.62156933979333,385800
2023-12-07,236.22979736328125,236.42444649940074,233.91343254636126,235.35386882535508,301400
2023-12-08,236.17140197753906,237.4463708860166,235.0813400937022,236.89160525976342,271200
2023-12-11,238.2444610595703,239.09120789900706,234.51688594701972,237.10574791423664,470100
2023-12-12,239.8990020751953,240.04498521967201,237.76755906116944,238.59482163116687,374700
2023-12-13,240.9793243408203,242.62412223812518,239.19825570625147,239.58755399598962,585100
2023-12-14,231.56788635253906,242.85771520033816,230.70168501659913,242.85771520033816,912100
2023-12-15,230.39996337890625,232.20050131745853,227.75269352315945,231.1007121554732,1399900
2023-12-18,232.33677673339844,233.24190198294517,230.5654352740407,231.94747842514192,580100
2023-12-19,232.0934600830078,233.8550594203057,231.1007300973363,232.54115164954112,501800
2023-12-20,229.22232055664062,233.29054237929273,228.81355292260216,231.4024146048458,513900
2023-12-21,231.97665405273438,232.00585068067124,228.59943881411584,229.37803536013533,403600
2023-12-22,233.6701202392578,234.36114175923208,232.32703078824767,232.32703078824767,328600
2023-12-26,232.69688415527344,235.6556048338626,232.336782468708,233.9232020730327,296900
2023-12-27,232.90126037597656,233.59226707315617,230.7406206946384,232.15184556919007,323300
2023-12-28,233.74122619628906,234.4053675842938,232.8524356007899,233.20404424829002,265200
2023-12-29,235.577392578125,236.1536355328077,233.34078124232823,233.34078124232823,336900
2024-01-02,234.35653686523438,236.9740712945127,233.80959337636523,235.10859161397565,394600
2024-01-03,235.02066040039062,237.87259026827087,234.49324003603832,234.49324003603832,446200
2024-01-04,233.90724182128906,236.9740445258143,233.66306958397627,236.08525400525392,273400
2024-01-05,233.30169677734375,235.45042450088835,231.9636376156658,234.0439899556924,414700
2024-01-08,236.52476501464844,236.5736024435474,233.44820073419712,234.8350972769997,308300
2024-01-09,234.27838134765625,236.1633988325583,232.81334787462933,235.35274518911245,241900
2024-01-10,239.7185516357422,239.83574954728644,234.90346709421542,234.9913804309651,679100
2024-01-11,241.31056213378906,241.71099330366283,238.82976368950278,241.07615140503307,421800
2024-01-12,242.60955810546875,243.16627802673904,241.19336193996517,242.3067868794133,354200
2024-01-16,240.0603790283203,242.3458425792129,239.44507510196837,242.32630462665043,432100
2024-01-17,241.31056213378906,242.83419461297382,237.58936446735962,240.02132548026862,414000
2024-01-18,241.99424743652344,242.21888174269324,238.9176680209203,240.59757436073795,263600
2024-01-19,244.91452026367188,245.33450426954164,242.1309656465775,242.9123198016375,597700
2024-01-22,243.29324340820312,245.73496598394547,242.8439598969061,244.73873900017685,443700
2024-01-23,245.13919067382812,245.70567211269943,243.6350811871131,244.17226314665416,246500
2024-01-24,245.13919067382812,246.52608734013003,243.83041601701194,246.3502755610565,281500
2024-01-25,244.87547302246094,245.67635027165977,242.63884681420885,245.67635027165977,316700
2024-01-26,243.6643829345703,245.3345277874004,242.96116561791473,245.3345277874004,372800
2024-01-29,240.6952362060547,243.30299401151416,240.14829275813543,242.1602696857347,340800
2024-01-30,242.00401306152344,242.37515967172868,239.64042733478382,239.64042733478382,367900
2024-01-31,240.55850219726562,243.6253050422312,239.65995011117732,242.61931657068172,391000
2024-02-01,241.51565551757812,242.16027383642816,236.88614427732537,238.79069975602695,380100
2024-02-02,244.61178588867188,245.25640428136046,241.83799237861533,242.41423537976428,465800
2024-02-05,244.62152099609375,246.5748988962673,242.81464047719697,243.11741166722936,564300
2024-02-06,262.1921691894531,263.13955869441776,250.60862236154998,250.60862236154998,1032500
2024-02-07,265.45428466796875,265.7472794157079,261.08848408957635,263.8427539430437,730600
2024-02-08,263.81341552734375,265.6398487456089,261.6744943305501,264.10644007111654,478700
2024-02-09,265.522705078125,266.6263686159857,263.68655446445877,263.98932572452117,568300
2024-02-12,265.854736328125,268.58945338557874,263.65718625497027,268.3941036788261,366500
2024-02-13,264.54595947265625,266.92908293823433,262.28981034186273,266.23564211692866,460400
2024-02-14,268.7457275390625,269.16569662232797,264.8096723729431,265.55196549215134,493800
2024-02-15,270.9726257324219,271.4023713200349,269.30249572058125,269.7126884502754,503300
2024-02-16,270.8456115722656,272.2032235259094,269.8591461902995,271.5097529078037,429500
2024-02-20,269.214599609375,270.89447625853364,266.0012841034161,269.5368938997822,451300
2024-02-21,268.5895080566406,270.3866124610772,267.3784230855649,270.3866124610772,374000
2024-02-22,270.9139709472656,271.4413912972366,267.75925508056446,269.37078579895274,590000
2024-02-23,271.0995788574219,272.3594862347335,270.20101184290064,271.22655319920915,460100
2024-02-26,268.6090087890625,271.50002980510044,268.32579042819077,270.6405386817477,414800
2024-02-27,268.6480712890625,269.4782628920591,266.7728451191373,268.23787860459623,396500
2024-02-28,268.7652587890625,269.39035402561467,266.9290787894172,267.61277297862347,464100
2024-02-29,266.25518798828125,269.5661781794099,265.45432561885417,269.5661781794099,618700
2024-03-01,264.8585205078125,265.620336748915,263.10049219947854,264.8780733641122,438400
2024-03-04,265.747314453125,265.796166788309,262.44610076450994,263.6474390009904,606500
2024-03-05,265.39569091796875,266.2258526548872,263.9111046838586,265.67890924427206,507200
2024-03-06,268.4624938964844,268.6871430910496,262.8758317650058,265.43475211153867,399100
2024-03-07,267.9643859863281,269.3122216067709,267.39791946782935,269.0387498726364,367300
2024-03-08,267.3295593261719,269.4294348836758,266.96818913612236,268.4039232737415,354800
2024-03-11,265.6301574707031,269.13646805007943,263.90142835237094,267.51516043457434,608500
2024-03-12,268.57000732421875,268.7360277969866,264.3604792507893,264.86834690527604,641900
2024-03-13,268.49176025390625,269.7809966958721,266.6946563376107,269.4293732088912,530100
2024-03-14,267.61279296875,269.26339980622714,266.3431091581601,267.63231601903254,482900
2024-03-15,265.6106262207031,268.1695470242866,264.8976324110945,265.0343533928542,885400
2024-03-18,267.43701171875,267.6714075605664,265.25898433458804,266.3724241955867,402800
2024-03-19,266.5775146484375,269.390383912628,265.4347753325408,268.4039184232069,579000
2024-03-20,268.30621337890625,268.5503856166521,265.903566905218,266.61656056966115,387900
2024-03-21,268.1109313964844,268.69692100501703,265.5031584137717,268.0913785387429,471200
2024-03-22,266.8411865234375,269.2633859117485,266.4895927993925,268.4917932757403,492100
2024-03-25,267.3393249511719,268.42343547750914,266.17706261025046,267.61279668984844,463900
2024-03-26,267.7495422363281,268.8238763133274,266.3528542850988,266.3528542850988,507500
2024-03-27,270.35589599609375,270.48324933858214,267.24980807616384,269.1996687845421,420800
2024-03-28,269.4544372558594,270.57146273061636,268.28843202610585,270.4342715731534,559600
2024-04-01,267.9258728027344,269.1016858332791,267.455541610083,269.1016858332791,318300
2024-04-02,262.4093933105469,268.5529429470068,261.9488700429159,267.9258646114773,622400
2024-04-03,263.8693542480469,265.7702351045549,261.4295765094248,261.4295765094248,449700
2024-04-04,260.949462890625,265.4370905686463,260.4497378577746,264.72183070831943,350800
2024-04-05,265.476318359375,265.5546919495866,260.5379449152579,260.6261264175601,439700
2024-04-08,261.9979248046875,264.6140658099702,261.8019459711223,264.49649047069977,386300
2024-04-09,259.75408935546875,262.7915817880441,258.25494401227303,262.78177387595537,469400
2024-04-10,258.5096740722656,260.4105550348243,256.35405652137854,257.70623265991725,336000
2024-04-11,255.06065368652344,257.3436842562677,254.8940986076305,256.6479804024934,381900
2024-04-12,255.06065368652344,256.84395921525174,253.49291289096195,254.2865762489469,558100
2024-04-15,253.27735900878906,258.4214890913137,252.8266436027373,258.4214890913137,267200
2024-04-16,252.0035858154297,254.93328080148297,251.9839998942259,253.33614610936368,354900
2024-04-17,254.04161071777344,254.8254960451428,251.08252210014433,252.02315459081984,518300
2024-04-18,257.6866760253906,259.20543750322236,255.6976131058992,256.7362353258005,445000
2024-04-19,259.185791015625,260.07744392953293,258.0100076483835,259.1074174186783,301400
2024-04-22,259.8226623535156,260.81227461682255,258.744838693419,260.2537619153859,313700
2024-04-23,258.3627014160156,261.18462898838806,257.93157193122704,259.82267485857363,367900
2024-04-24,259.1466064453125,259.84228047943895,256.5402434177362,256.8145958468404,480500
2024-04-25,251.73904418945312,252.10157809996042,240.09859284625938,246.14418369849102,1476100
2024-04-26,245.88943481445312,250.65143050207897,243.1165017233026,250.65143050207897,770700
2024-04-29,247.33956909179688,247.67272412190053,243.89056306592542,245.68366165746886,474300
2024-04-30,246.0756072998047,248.73096506647713,245.69347248700095,246.12460200936133,491200
2024-05-01,249.56378173828125,251.8859990891824,245.50726852094974,245.90900415372775,486200
2024-05-02,247.39834594726562,249.5637711864786,246.4674914835803,249.5637711864786,444200
2024-05-03,246.90846252441406,248.09405371187535,244.0179392394098,247.50616207422792,364000
2024-05-06,247.9666748046875,248.54477345652123,246.83006342234376,248.54477345652123,292300
2024-05-07,249.7205810546875,250.32807356251277,248.62317137575528,249.64219251318013,410900
2024-05-08,247.85891723632812,250.88658700316668,247.52576217638165,249.73038958379848,483700
2024-05-09,250.4554443359375,250.77879144689214,248.25081717577058,248.46638191640702,289100
2024-05-10,251.74884033203125,252.09178834581328,249.39724379808231,250.0929327870653,428100
2024-05-13,248.56436157226562,252.33672966119394,248.35860473895542,251.4450768472894,301100
2024-05-14,248.77012634277344,249.00529195386846,246.24215209006945,248.5643545641797,570100
2024-05-15,250.47503662109375,250.83757051287867,248.22141483330026,248.22141483330026,355700
2024-05-16,251.20993041992188,252.25836033000266,249.92634983923259,250.83758859001125,313700
2024-05-17,252.20936584472656,252.7286768750085,250.48486270181738,252.3073552640986,297900
2024-05-20,247.99609375,252.4347424061301,247.78052898493124,252.4347424061301,324900
2024-05-21,248.77012634277344,250.16148923514515,247.32976874587135,247.32976874587135,397700
2024-05-22,251.19032287597656,252.238752820617,249.66179861338006,250.1027210863906,351900
2024-05-23,247.40814208984375,251.19028784954313,246.5262972667887,251.19028784954313,339200
2024-05-24,248.0940399169922,248.9758997510573,246.12457837109088,247.89807604867264,248200
2024-05-28,245.5758819580078,247.95687219413497,244.85079917423457,247.61393915061873,362600
2024-05-29,244.64501953125,246.28135596040096,243.0870865908923,245.6836564425733,365500
2024-05-30,246.29116821289062,247.280795545693,243.55743689494332,243.55743689494332,590700
2024-05-31,250.1419219970703,251.95463660192306,246.11480194097715,246.7713041580048,1366400
2024-06-03,249.89694213867188,253.19899401328635,248.37821088078402,248.50557917755452,370300
2024-06-04,250.0341033935547,251.42548122254257,249.2306470617331,249.2306470617331,259000
2024-06-05,248.4957733154297,252.01338975713662,247.13380425897535,249.07387195461803,296100
2024-06-06,249.38743591308594,250.16149844927193,247.9862650575484,247.9862650575484,255600
2024-06-07,250.33787536621094,251.7978338828765,249.50501021521737,249.77936262825602,319100
2024-06-10,250.46522521972656,252.2485307242628,248.2605981658608,249.74015744626007,261500
2024-06-11,252.02317810058594,252.19957100455355,248.48599054402774,250.5142398201205,493600
2024-06-12,250.74942016601562,252.31716115690068,249.65199549196166,252.31716115690068,440900
2024-06-13,250.6906280517578,250.91597081812557,247.92748796829449,250.12232232641247,263300
2024-06-14,250.1321258544922,251.4941100312594,248.42720860643195,249.7793848704482,324800
2024-06-17,251.3079376220703,251.9644099247106,249.30906707389707,250.37708298140382,489500
2024-06-18,250.3280792236328,252.40533824284134,249.88715674988228,251.5626651403515,619700
2024-06-20,254.69813537597656,255.4036172820285,249.7401761120063,250.44565801805825,907400
2024-06-21,257.1182861328125,258.78398626752295,252.6306289239968,255.0802143298936,910700
2024-06-24,261.0670471191406,261.84112457046854,255.73674626084076,255.79553392527893,706400
2024-06-25,257.76507568359375,260.20485408229223,257.1575830624059,260.20485408229223,432800
2024-06-26,258.33331298828125,258.6958469030367,253.21857663188078,257.0791262523371,660900
2024-06-27,258.7056579589844,259.4895134651617,256.0405073749424,259.4895134651617,414500
2024-06-28,257.71270751953125,260.09181911286726,256.1397240681578,258.86293047931986,784100
2024-07-01,255.03868103027344,260.5047760517753,254.01623714071988,258.9711252185291,369500
2024-07-02,257.6734313964844,257.75206708538695,254.2521938868962,255.06819292038458,268300
2024-07-03,255.94313049316406,258.91211510208655,255.84481338644875,258.91211510208655,194400
2024-07-05,257.191650390625,257.3784438779525,254.1145382093251,255.78580888256312,373600
2024-07-08,255.35324096679688,258.636828099175,254.82238262954712,257.0933666342822,321200
2024-07-09,252.99378967285156,255.44172654472356,252.67918694172047,255.44172654472356,397000
2024-07-10,253.79995727539062,255.56954519943488,250.88011619919936,253.79995727539062,359900
2024-07-11,257.5554504394531,257.94868886934023,253.22973770418798,253.8097996408201,354000
2024-07-12,259.747802734375,261.5272316129352,257.0344362135842,258.5680872912142,313000
2024-07-15,258.88262939453125,260.52443811112954,257.21135854757284,258.86297797356804,360100
2024-07-16,259.8559265136719,262.2645306458345,259.4430066612665,259.6691330092705,326700
2024-07-17,262.9527282714844,265.4203467440119,260.20002918026756,260.6719033089505,346100
2024-07-18,262.13671875,265.420305730769,261.5763383066101,261.60583043509564,345200
2024-07-19,258.68597412109375,263.8178141835461,258.13543442108966,263.8178141835461,363400
2024-07-22,260.95697021484375,261.75328767576866,258.1845901645752,259.4528116773006,222500
2024-07-23,261.9007568359375,262.5102808379879,260.5637403155902,260.5637403155902,264400
2024-07-24,262.4906005859375,264.456822313173,260.7505051581126,263.47371144955525,431900
2024-07-25,272.9116516113281,276.25422340295836,262.5398113434736,265.4400011345151,996300
2024-07-26,278.3089294433594,278.7021678995201,273.79645290419353,275.83150016759316,713900
2024-07-29,274.2191467285156,278.30889212902946,274.02254252788055,277.66003526238296,554200
2024-07-30,279.6164245605469,281.1598859225842,274.99579117795645,275.7331243771678,503500
2024-07-31,277.5125732421875,280.73717613792996,276.16571596592263,278.3383828859813,466100
2024-08-01,279.55743408203125,279.980194620518,277.0111801510944,278.2105767905866,462300
2024-08-02,278.24005126953125,281.08125632629526,276.2541779441641,279.6754148632557,381500
2024-08-05,269.7066955566406,281.2975838255133,269.13650431963146,280.18666348223655,474800
2024-08-06,269.7263488769531,274.3076502351792,269.50025252376423,270.18841229726394,483500
2024-08-07,270.7880859375,275.2514181082903,266.43291157372136,269.53954581578324,410200
2024-08-08,273.2262268066406,273.4228310085683,270.1883873648602,270.1883873648602,307500
2024-08-09,271.93829345703125,273.3244834355125,269.07746712090363,272.5085145840363,370800
2024-08-12,271.20098876953125,273.1967329215582,270.32603557191305,272.57736818502116,393800
2024-08-13,270.0409240722656,271.8301933046645,269.37241578834744,271.8301933046645,333100
2024-08-14,275.25146484375,275.7233389845303,270.82746476091063,270.82746476091063,398100
2024-08-15,275.1531066894531,276.3230111592564,274.4551062922132,275.7429792796158,290200
2024-08-16,275.6839904785156,277.0111662818066,275.3497063479372,276.1460538329438,315700
2024-08-19,277.63055419921875,277.73871201572143,274.3666183164645,275.2710936823749,339500
2024-08-20,276.71624755859375,278.0631047950936,275.6348194847802,276.71624755859375,307900
2024-08-21,278.8888854980469,278.96755116916745,276.4016161872501,278.4366628966737,285800
2024-08-22,280.32427978515625,281.2287250873078,278.1122800758406,278.456344917779,418300
2024-08-23,276.7064208984375,281.76943668046005,276.11654828257224,281.1697533558115,392100
2024-08-26,280.57989501953125,280.688052838992,277.23732336240414,277.5125932635283,400600
2024-08-27,283.1753234863281,283.83399110778885,281.15992777385554,281.24840417067105,395800
2024-08-28,284.58111572265625,287.28467071950246,283.2342585791191,283.87327466885,346500
2024-08-29,286.93072509765625,287.2355170703875,283.29323286752395,285.10215327424584,361300
2024-08-30,287.176513671875,289.2508932942041,284.6499414334752,286.78327530809855,847100
2024-09-03,287.28466796875,291.4432378703141,285.65270027692924,287.95317617923166,588600
2024-09-04,289.408203125,289.82109291831296,286.76363229798625,288.05150522835623,365300
2024-09-05,288.7102355957031,289.4377281728692,286.00668020500757,289.1919504100787,540100
2024-09-06,286.1737976074219,290.243891836007,284.97440090259994,288.91668589180887,445800
2024-09-09,289.3885498046875,290.14556450287614,286.0066754469465,286.7145165920941,554300
2024-09-10,286.71453857421875,290.6764751481613,286.6063807509704,289.06415852642283,399300
2024-09-11,283.2145690917969,286.7144714263688,278.5054895784478,286.7144714263688,326000
2024-09-12,284.748291015625,284.92524379919064,281.7399436841715,283.4997208154099,414500
2024-09-13,285.7903747558594,286.2425974074279,283.13596310092174,284.748279514064,515600
2024-09-16,289.005126953125,289.2803968188303,285.79036494983455,286.27207971427754,532600
2024-09-17,287.9925231933594,289.4278567752685,286.6653174145731,288.93630130180435,416600
2024-09-18,287.5599670410156,289.03463353866186,285.23983948575886,287.9237133100884,377300
2024-09-19,283.9322814941406,289.0346299121509,282.3101543675159,289.0346299121509,943400
2024-09-20,283.48004150390625,284.1092168954016,281.16972482744364,283.3030887377511,988200
2024-09-23,285.9378662109375,286.7046916602033,282.0938982530252,283.7356769702959,509100
2024-09-24,284.3255310058594,285.40695913328403,282.49695890126014,285.40695913328403,422900
2024-09-25,285.4856262207031,288.21867368227373,283.9421347040671,286.0951502585677,682700
2024-09-26,286.2425842285156,288.27763107012765,283.2440778671529,284.1976966768336,541700
2024-09-27,288.0711364746094,289.78176979075886,285.8001527639158,286.75377150839216,384100
2024-09-30,290.42791748046875,291.20692314184237,287.23305237224014,289.16574594823277,777100
2024-10-01,296.39361572265625,299.1940876969919,290.9110558270574,290.9110558270574,868000
2024-10-02,291.295654296875,296.8275060734602,290.9899742571283,295.56533459215535,523300
2024-10-03,286.5427551269531,290.6152386698236,285.34961603205113,289.98413793340444,663900
2024-10-04,286.6413879394531,287.79507579392356,285.22144127814994,286.0694490964758,712700
2024-10-07,283.9789733886719,286.64138083576967,282.36183034326206,286.64138083576967,567600
2024-10-08,288.86004638671875,289.5996006742332,285.1524045956998,285.1524045956998,368800
2024-10-09,293.8988952636719,294.3623505402853,288.21913815219517,288.8600792557982,508300
2024-10-10,286.1976318359375,296.0879363926392,285.83278987792744,295.8217076890336,480000
2024-10-11,285.9906005859375,290.2504409279331,284.83688254194306,287.0259646544232,662000
2024-10-14,288.5740966796875,289.4319748969921,284.817163049913,286.74985662737856,555700
2024-10-15,287.0851135253906,292.50851135786075,286.65123929138986,289.86581463461806,394300
2024-10-16,287.24285888671875,289.2150035549215,284.61006260649015,285.96097688940273,379300
2024-10-17,287.0851135253906,289.3136165354424,284.56074066732276,288.68254589033006,633500
2024-10-18,285.9906005859375,287.93316457805975,284.6101051304419,286.1187948233307,437800
2024-10-21,286.45404052734375,286.99636832609286,284.1170536862132,285.8032291133194,382400
2024-10-22,287.6767578125,288.18953472946976,283.05207576122365,285.9905824023728,507000
2024-10-23,287.8542785644531,288.8699319691491,285.94129563249487,285.94129563249487,545300
2024-10-24,286.4836120605469,288.2684006902423,283.57468645477826,287.469684456734,397200
2024-10-25,286.40472412109375,288.8797452396129,285.093231052808,286.0201414628245,427500
2024-10-28,288.0514221191406,288.22890790271055,285.3200128079687,285.6848547272637,577400
2024-10-29,288.1106262207031,290.7138717976074,287.3414909534435,288.42617661048695,547000
2024-10-30,289.4516906738281,290.5659572619539,287.1147039817614,287.8542582560884,638900
2024-10-31,297.981201171875,304.56815714416786,294.34259185014344,295.61463358756765,1080800
2024-11-01,295.13140869140625,299.7363792819443,293.39594201606843,297.18245579753716,710100
2024-11-04,298.6024475097656,300.4858493803951,295.7822648342933,296.2654607669422,829500
2024-11-05,303.6314392089844,304.0850241058361,296.10770167094466,297.55722936260867,645100
2024-11-06,312.890625,315.6417753705922,307.37848399792733,311.14528771787207,931900
2024-11-07,311.5002746582031,314.5571052101013,309.3703545980265,312.1905373963081,778700
2024-11-08,311.8946838378906,315.98690831622594,311.6284551268291,312.54549522413765,581900
2024-11-11,310.7903137207031,316.3024552142076,310.1592429883338,313.56117495264726,598000
2024-11-12,312.98919677734375,315.19798898980486,311.57912068072926,312.0819970657761,613500
2024-11-13,312.46661376953125,313.7780767655902,311.3819281566967,312.2200956799116,821200
2024-11-14,310.41558837890625,314.4091997688805,310.14935965659157,312.8314778651577,742300
2024-11-15,308.29547119140625,311.9834017287431,307.05304066669424,310.8099733885726,1241300
2024-11-18,308.3448486328125,310.9184831283192,307.41793817807934,307.7236182118167,576600
2024-11-19,303.3059997558594,307.9011006578062,303.0594816608571,306.73754247160537,573400
2024-11-20,304.3117370605469,304.75548160194313,303.02985519601435,303.434148422222,830500
2024-11-21,309.7844543457031,311.2734330376054,302.86223814770443,305.48516378924825,615800
2024-11-22,310.0211486816406,313.6104665710619,309.4492399448583,309.6957580386084,525700
2024-11-25,310.2479553222656,313.3047856950093,308.47300699653994,310.898766699111,1118600
2024-11-26,312.23980712890625,313.6992050566726,305.01190996264296,310.24795179276623,641600
2024-11-27,316.39117431640625,317.1504693200254,312.604659929501,313.0779855125671,1204700
2024-11-29,317.5152893066406,318.38303776924147,315.30649692368524,315.5431446525621,515800
2024-12-02,316.03619384765625,317.53501301324474,312.6638131094065,316.03619384765625,816400
2024-12-03,324.4769592285156,325.10805996554683,314.90220530870016,317.9886165233133,1293100
2024-12-04,327.8986511230469,329.83134458436484,324.45726810652184,326.66606063374235,951500
2024-12-05,325.40386962890625,330.32436093701557,323.20491749476645,329.05234929509464,989200
2024-12-06,318.0773620605469,327.20837146959497,317.94916784149035,325.41374268042244,904300
2024-12-09,307.87152099609375,317.3575325172132,307.72361615697315,317.061722838972,1037700
2024-12-10,303.3651428222656,307.85178992776633,301.718418901898,306.83613664323127,824800
2024-12-11,305.5246276855469,306.2247305694112,302.82279930278855,304.5484257705433,601900
2024-12-12,304.07513427734375,308.4434276880691,303.9075188249682,305.1105283293879,481200
2024-12-13,307.0531005859375,307.50668546624985,304.61750054229384,304.61750054229384,818800
2024-12-16,308.7885437011719,311.0072064406554,306.65862386016295,308.6800901894382,696800
2024-12-17,306.205078125,307.50670098728983,305.1598437305214,307.05311608408334,887400
2024-12-18,303.26654052734375,307.9898355303426,302.9312795379872,305.34716884303344,819700
2024-12-19,306.6684875488281,308.0983044313285,302.2410325189735,302.2410325189735,767600
2024-12-20,313.14703369140625,316.3024474609944,306.0275894322912,308.9266448290181,2033900
2024-12-23,310.00146484375,311.18473374043066,307.57573501763846,310.9579563338188,411300
2024-12-24,311.6284484863281,312.56522927063264,309.04494370334993,310.8100216636256,191200
2024-12-26,313.44281005859375,314.19223466698327,309.843652034292,310.9381778878233,258700
2024-12-27,311.9045715332031,314.2514287585523,311.0959849090413,312.2595732602309,310700
2024-12-30,308.8773193359375,310.80017261763214,307.11227134719735,310.80017261763214,320300
2024-12-31,309.74749755859375,310.56826031087706,307.28526965638395,310.4594710718896,362700
2025-01-02,305.82177734375,311.06270299856425,305.3471484264356,309.28275402666964,403900
2025-01-03,305.5943298339844,308.79819540790913,305.3866495265495,308.79819540790913,462900
2025-01-06,303.19140625,307.94780443071926,302.4497684510002,304.06159942919754,673700
2025-01-07,305.5548095703125,306.8106388623154,303.5375460671882,303.5375460671882,402500
2025-01-08,310.6473388671875,311.08243544580773,306.3557318665415,308.8674202654274,655000
2025-01-10,309.4310607910156,311.3494026820291,306.94903678793116,306.94903678793116,594700
2025-01-13,307.7895812988281,310.44959125563787,307.4237114837899,307.9082385169682,459400
2025-01-14,309.74749755859375,310.6473550668788,306.79084444374297,306.8600712160695,441700
2025-01-15,309.8562927246094,313.5249194229306,308.47190813819765,313.5249194229306,588200
2025-01-16,318.5284729003906,318.8350140975796,310.62756818654753,311.2307524205909,486200
2025-01-17,317.0748596191406,320.5259678713075,315.8882573020618,319.98208207082655,375700
2025-01-21,318.89434814453125,320.3776237087407,316.78809201498285,317.24298491567646,510400
2025-01-22,317.09466552734375,319.12179674113605,316.1849098971565,319.12179674113605,450300
2025-01-23,315.44329833984375,318.01431558434746,312.6843970928014,317.2825457196578,327000
2025-01-24,318.77569580078125,319.1811280824744,315.4235086666298,316.13548215542676,303300
2025-01-27,325.766845703125,326.49858526941017,317.7967146881309,320.36773150720046,484000
2025-01-28,322.4344482421875,328.24889326155375,322.36522147354776,325.76686916954003,511200
2025-01-29,320.9215087890625,323.56172238802696,319.63598519662577,320.88194632445806,267600
2025-01-30,326.15252685546875,327.24026837329296,321.37639251549035,321.8807158958726,466400
2025-01-31,325.8954162597656,330.02880346965327,324.9658945189541,325.32186615893244,498900
2025-02-03,326.983154296875,328.9608549713774,322.0883330565546,325.7767556783358,700900
2025-02-04,316.7386474609375,323.0376192480472,299.7699721408142,308.5707340610455,1494200
2025-02-05,317.0748596191406,326.201959240162,315.16638568061666,326.201959240162,942700
2025-02-06,323.2651062011719,323.4727563472877,315.9871511526038,319.5074563618754,641900
2025-02-07,322.1575927734375,326.0536659148883,321.30716570421356,323.3936558214277,466300
2025-02-10,321.55438232421875,323.14644724209296,318.0044128273943,323.14644724209296,451400
2025-02-11,315.67071533203125,322.6915288361502,315.136727681139,322.6915288361502,667900
2025-02-12,315.4037170410156,317.1836658781673,313.3073590087139,315.31472412575596,652300
2025-02-13,318.68670654296875,319.1020369900815,315.73005349593575,316.66944327201446,456700
2025-02-14,316.82763671875,321.3862523894096,316.61998660105047,320.9412576741651,561000
2025-02-18,318.67681884765625,319.27013514416507,316.827673362438,318.22195609717164,470600
2025-02-19,321.99932861328125,323.6803560200025,318.1032560098856,318.89432418042315,541400
2025-02-20,321.109375,321.9993342517677,318.39990460496546,320.44683200815297,388700
2025-02-21,322.3158264160156,322.50371042162817,317.7275456981624,320.3084611462853,759300
2025-02-24,324.54071044921875,327.0820330197342,320.7632947124359,321.15882883343556,614400
2025-02-25,329.1092224121094,329.50475656674126,324.6297309663627,327.0919589929686,702500
2025-02-26,332.5899353027344,334.6862932932933,327.1611563387568,329.0795285023405,700200
2025-02-27,331.5516662597656,335.3389500959228,330.69137122146975,331.7494182376649,736200
2025-02-28,335.863037109375,336.1003817293335,330.9979099713633,332.4515212871648,547600
2025-03-03,336.5650939941406,338.35494090860556,334.7555111136313,336.3080134211554,535400
2025-03-04,330.2167053222656,340.30299148333654,329.6728496726464,336.70356153860354,470100
2025-03-05,330.7704772949219,332.53062989824747,328.239022543562,328.239022543562,629100
2025-03-06,326.74578857421875,329.44536068424605,325.2229808809561,329.31680532034255,636800
2025-03-07,327.2007141113281,328.347753986931,323.49252521592996,326.7754855165604,463800
2025-03-10,328.2983703613281,332.12521701879484,323.86830919864025,326.81509459162334,508300
2025-03-11,322.8794250488281,330.46392097247576,321.59393158659884,329.8013779196741,578700
2025-03-12,317.5198669433594,324.6692359648614,314.34566563432185,322.56300997860603,782800
2025-03-13,315.5422058105469,319.92280635552817,315.10710916915633,317.55946931360114,467900
2025-03-14,320.99072265625,321.5840389479748,313.4853515358293,317.1737744927525,627400
2025-03-17,324.66925048828125,325.33179355865576,320.2886502978143,320.2886502978143,484600
2025-03-18,331.2352294921875,333.57880018113326,328.7927677248529,328.7927677248529,648200
2025-03-19,330.7803649902344,332.8470587551238,329.0696428928727,330.2463773116227,603200
2025-03-20,330.7803649902344,332.9360516720057,326.5777506882185,330.6518096067427,418100
2025-03-21,329.0003967285156,331.45275649933177,325.944852719724,330.4836722770932,892600
2025-03-24,333.46014404296875,334.6171123269739,330.4045998279301,331.0967770242635,597800
2025-03-25,334.1622314453125,336.209159156854,330.8100440506322,334.8742049894434,534400
2025-03-26,334.8148498535156,337.0397632305152,333.24258135504755,335.9025913177348,317100
2025-03-27,337.079345703125,338.04839982914115,334.3896712761914,335.53674141769613,607800
2025-03-28,333.4007873535156,338.7208070605181,333.0349175526869,337.03974939597134,524400
2025-03-31,335.0964050292969,338.8048152589612,331.9729790231448,334.45186933920735,1105600
2025-04-01,334.1543884277344,338.08094190800347,332.9248686104527,336.12757528157636,833300
2025-04-02,334.58074951171875,335.7904490988573,331.92338656944355,332.28033222144063,981800
2025-04-03,329.6031494140625,337.6743999063881,329.24617350178397,332.6273832552883,783300
2025-04-04,306.1925048828125,328.3438943012969,303.525216611327,325.1808279906489,1656300
2025-04-07,298.4682922363281,306.51972241129585,292.47928530297287,305.5380916183045,1197500
2025-04-08,299.5094299316406,311.7749739154557,295.5332803301374,306.35116089625456,1257400
2025-04-09,312.1517639160156,313.34164330374324,292.23140610472456,292.23140610472456,1048800
2025-04-10,313.96630859375,317.3871586621037,305.52815729067925,312.34014221745895,694000
2025-04-11,319.0232238769531,320.1238667932094,309.4547143453691,310.84288672002214,605400
2025-04-14,325.2502136230469,327.76877453247295,320.04454421657107,320.04454421657107,633600
2025-04-15,324.3974914550781,326.87638166035913,323.48524654518303,326.1327145987748,553600
2025-04-16,321.98797607421875,327.36219240333884,319.98501367932954,325.34933502562495,528700
2025-04-17,318.2895202636719,323.0093371632083,314.5910049757697,321.26418867735106,658700
2025-04-21,313.0937805175781,319.89584120160885,309.22668731341963,317.81356722857555,655900
2025-04-22,321.93841552734375,322.96964230644926,312.73677646581444,318.2894964749884,643000
2025-04-23,322.9299621582031,326.1525192713721,321.9483313668945,321.9483313668945,922800
2025-04-24,304.4671936035156,318.3093073755827,301.978378273178,303.56487398072437,1402000
2025-04-25,299.6383361816406,301.20498148386173,290.4961878542821,299.3012107434384,1557400
2025-04-28,300.60015869140625,303.92187776440227,296.7529160821971,301.98833121537564,804300
2025-04-29,299.9952697753906,300.98682582192623,297.5163796590516,300.094431432022,586500
2025-04-30,305.2009582519531,305.6570958492232,296.0489147320422,299.61852277648717,710200
2025-05-01,303.7731018066406,306.4403900445471,300.9570862108358,302.6824143421261,600300
2025-05-02,309.4349060058594,310.28762969023023,305.94460931848977,307.6104464919568,589400
2025-05-05,306.6783752441406,309.91082734895997,306.4998721599141,307.57076962571784,570300
2025-05-06,304.9530334472656,307.9078811990356,303.6640227607261,305.7363711542577,728600
2025-05-07,303.43597412109375,306.9361657971165,301.3537306062069,305.0918860530991,816100
2025-05-08,306.5594177246094,311.18004259686506,302.99970463915696,304.32841646341626,706800
2025-05-09,306.46026611328125,307.34273535040023,305.2505664015813,306.26194277960235,396300
2025-05-12,304.8638000488281,309.78193960823353,301.14546503953915,308.1855187091038,487800
2025-05-13,301.6412353515625,306.59901523756776,301.57184943067256,304.1796162324062,404300
2025-05-14,300.808349609375,302.8212071507856,295.4242075996756,302.03786941007246,510100
2025-05-15,307.3923034667969,307.45179440953274,299.6978187674683,301.71067635640424,370800
2025-05-16,309.29608154296875,310.1785809811157,306.86678729684763,307.3923108101619,534700
2025-05-19,311.2693176269531,312.34018494670363,307.7492751644757,309.47457316958725,333600
2025-05-20,310.0992431640625,311.61632277753415,309.11761231413686,309.563824660407,398900
2025-05-21,308.20538330078125,312.25094931877123,307.3625847852678,310.70412415303747,548400
2025-05-22,305.46868896484375,310.297562235025,303.4855768039552,308.3937612462203,514200
2025-05-23,306.41064453125,306.90642256410354,301.948642235568,304.1895686272308,372300
2025-05-27,310.0099792480469,311.16018784628295,306.063605710188,307.4815235365053,608500
2025-05-28,308.38385009765625,310.9618715637677,308.0566196627235,308.77054121361755,603800
2025-05-29,312.6177978515625,312.9351030576681,305.29021419864426,307.1146737439165,412400
2025-05-30,313.8770751953125,314.9876434592226,309.50433936946047,312.32035509676325,809700
2025-06-02,314.6306457519531,314.69013669377387,310.6644215778301,311.8245554631123,500700
2025-06-03,311.1304626464844,315.6717761358313,307.52121428436453,313.0838293161127,517500
2025-06-04,306.8171691894531,310.9817165391753,306.35113665393607,310.96186605262903,463100
2025-06-05,305.072021484375,307.0055373614389,301.4924888984082,307.0055373614389,598200
2025-06-06,306.6287841796875,308.2846961027277,304.6555973171689,307.47161287680643,349200
2025-06-09,298.626953125,306.6486380519968,292.82634409831576,306.6486380519968,537700
2025-06-10,294.3236083984375,300.0449069389861,292.71729222403576,300.0449069389861,672400
2025-06-11,293.4609375,295.00776260900165,291.279532216483,294.7697988260448,611200
2025-06-12,298.56744384765625,298.79551264505824,293.8079866540551,294.25419900465744,508500
2025-06-13,293.8277587890625,298.33935647818515,293.53030411060865,296.83217208098995,578800
2025-06-16,295.3151550292969,298.1609465999291,294.11538055979827,295.7911128751629,821100
2025-06-17,295.2754821777344,295.3944640611751,291.9140926710882,293.3716812630154,651200
2025-06-18,294.9879150390625,296.26703077368126,293.71872454777736,295.85056393221646,795700
2025-06-20,296.47528076171875,299.50944007715105,295.12677895925617,297.665160213214,944600
2025-06-23,301.12567138671875,301.16534210308726,296.1778161808851,297.4668269939025,410700
2025-06-24,299.82672119140625,301.7304918488569,296.32652956922396,299.3805088680002,820000
2025-06-25,296.2571105957031,300.5009692103631,295.6126052256514,299.6581405295776,723900
2025-06-26,299.26153564453125,299.46975394686467,293.9468096238023,297.21893255717305,856600
2025-06-27,301.9288024902344,302.3254188389008,299.12271232002877,299.29125989476535,1337300
2025-06-30,304.83294677734375,305.3700182162784,299.7407993089657,300.74531563238935,705800
2025-07-01,305.9368896484375,307.0209878301472,302.79410364912866,305.3202666947555,943200
2025-07-02,302.80401611328125,305.68823677676716,297.5626908718721,304.2958575273179,1428900
2025-07-03,304.9721984863281,305.3998524303718,302.3664231805804,302.7642718603906,426100
2025-07-07,303.6394348144531,306.513730423833,302.6150382873974,304.51465327477075,559200
2025-07-08,303.43060302734375,305.51918713694903,301.1530499051042,303.5201098725507,910700
2025-07-09,306.83203125,307.0309252438588,300.8845453994556,303.15214332028364,532200
2025-07-10,308.1348876953125,308.214439218389,304.96223576582673,305.6982011727546,556900
2025-07-11,305.6484680175781,307.110473778296,300.4369481781779,307.110473778296,570700
2025-07-14,307.4585876464844,308.2641795904634,304.8727230978001,305.72803094880334,458000
2025-07-15,302.73443603515625,308.31390865199717,301.5807416380092,307.45860076450134,768400
2025-07-16,305.9170227050781,306.7027344149888,302.0581210634029,303.1919352031419,794300
2025-07-17,305.02191162109375,305.89713014616666,298.6169364347978,304.952285067601,1241300
2025-07-18,306.603271484375,307.7669212379902,304.0571976892379,305.976693182551,705200
2025-07-21,301.0735168457031,307.3989104409748,300.47677415613555,305.92697953851473,677000
2025-07-22,306.9712219238281,307.81660477624575,301.2624519548649,301.2624519548649,543300
2025-07-23,308.761474609375,309.2686800803225,304.9124980438033,307.31934901865026,580500
2025-07-24,307.0508117675781,309.93503244049475,304.9224367744961,307.02097615326346,624500
2025-07-25,311.4069519042969,312.73969023285224,308.224375203834,308.224375203834,445700
2025-07-28,307.6674499511719,310.8201913092251,307.1602141310842,310.263239580012,614200
2025-07-29,300.6557922363281,308.56256469716726,296.806845842372,308.56256469716726,967600
2025-07-30,300.1883239746094,302.6349658119524,298.54730444577143,301.15304932878314,709100
2025-07-31,314.09228515625,318.43851156798485,300.3574011287861,305.8871574764073,1042400
2025-08-01,313.0579528808594,314.86806117273767,310.29307453402254,313.5751440223062,928200
2025-08-04,318.9258728027344,319.84085187872864,313.74418840640004,315.27582076598003,718100
2025-08-05,322.73504638671875,323.431251231426,318.7965933021405,319.82098992406543,822800
2025-08-06,323.7693786621094,324.6545221206828,320.8155314402246,322.0587326219675,678600
2025-08-07,323.4312438964844,326.11654034032836,320.6464549324035,324.296507095665,947700
2025-08-08,326.06683349609375,327.1608566784098,322.88422612055484,324.08763644530586,829700
2025-08-11,327.3796691894531,328.6626310712352,323.8987055675507,326.29557095208645,653000
2025-08-12,328.2051086425781,329.8362031452019,325.82809343849397,327.4890235551125,634400
2025-08-13,332.8695983886719,334.3912753897316,325.7684188159994,328.00618089706313,594500
2025-08-14,328.2051086425781,333.953669634436,327.42935232712296,332.8696018571711,958900
2025-08-15,328.702392578125,330.3533673902999,328.1553961985862,329.3389261521839,583900
2025-08-18,327.79736328125,328.8317152415742,326.8127575829338,328.57311966359475,394300
2025-08-19,333.6453857421875,333.76472820802803,328.20513576260424,328.20513576260424,413300
2025-08-20,333.89404296875,337.45455823754924,330.19427458166274,334.1526385589449,407200
2025-08-21,335.3162536621094,335.73398265995985,333.0188200529185,333.32713155187696,354900
2025-08-22,337.4048156738281,339.2546845454566,336.08206291254896,337.7429627680529,348200
2025-08-25,334.6299743652344,337.7131194323946,333.93379989948335,337.3650170237231,420000
2025-08-26,332.17340087890625,335.1869193333716,331.2285861904873,332.85965036026295,529300
2025-08-27,328.2747497558594,333.456403960102,328.2747497558594,331.4175660929633,463300
2025-08-28,325.06231689453125,329.03060561226715,324.4556492471432,327.90677716620763,562300
2025-08-29,325.0125732421875,326.6933836338905,324.2268616128398,325.1915869243404,370900
2025-09-02,323.6897888183594,326.8624405841644,322.54604982964,324.42578453890854,537300
2025-09-03,325.410400390625,325.9375164812471,321.46199219617955,321.95927267229814,399000
2025-09-04,328.0459899902344,330.81086830047985,325.9574058619845,327.2901139329496,432400
2025-09-05,327.4790954589844,329.63730622267104,321.8498764551074,327.69790009700057,557200
2025-09-08,330.4230041503906,331.2385210839135,325.54963108424874,328.51343372080294,560000
2025-09-09,327.6879577636719,331.6462909804269,326.38508532729577,329.42843945289405,686200
2025-09-10,328.4239196777344,329.1499601012442,321.9692287941889,326.922122923616,445600
2025-09-11,338.5982971191406,338.90660859421,324.76395027221764,328.1951674355487,562800
2025-09-12,336.94732666015625,339.39393819972145,335.9229300534266,336.74840232130686,417900
2025-09-15,331.885009765625,336.8776949375757,330.9600449909194,336.25111666656596,412600
2025-09-16,328.92120361328125,330.7014762393715,326.2458321888613,328.3443716081863,487400
2025-09-17,330.5224304199219,334.441003029712,327.72771655097495,330.2439545652379,477200
2025-09-18,329.8959045410156,332.2530093169249,328.42394329562194,329.41850432185163,485300
2025-09-19,334.87860107421875,338.52865302929195,330.86059678417394,332.3822737877046,1309400
2025-09-22,337.0069885253906,337.3948515182969,332.70052255688796,334.73939074285533,565700
2025-09-23,338.9961242675781,339.4834494470051,335.1869386255473,336.26108150670836,451100
2025-09-24,341.6316833496094,343.2826581544214,336.83789232797824,338.9961029253819,565100
2025-09-25,336.1914367675781,343.54125675800384,333.9536746297244,342.825171659827,543800
2025-09-26,340.03045654296875,341.611804805598,336.7583425307756,338.55849541568267,427300
2025-09-29,340.3387756347656,341.2637100512881,336.6290522948871,340.0304641625915,447100
2025-09-30,344.4972839355469,345.31499930042156,340.18919090562645,340.69779409807074,487500
2025-10-01,343.1510009765625,345.1654189937323,341.88448407543484,344.71667832410697,436200
2025-10-02,344.82635498046875,346.7809408779568,340.2091194176303,340.2091194176303,615000
2025-10-03,346.1826171875,349.4535698690534,343.7194281255727,345.41472133751114,653600
2025-10-06,348.4363708496094,348.73556172866347,344.84629333484827,346.611431264371,554500
2025-10-07,348.96490478515625,351.8170328860573,347.01031887992696,348.476265917202,443900
2025-10-08,342.8119201660156,349.2939931756084,342.3631490919872,348.82528821757836,453900
2025-10-09,336.4595031738281,342.5925355728141,335.70158949219206,342.58255341382045,492400
2025-10-10,336.0605773925781,338.8927410673524,334.82400703084306,336.54924667536955,442100
2025-10-13,335.6916198730469,337.6063380332375,333.94644625502303,334.016260503763,347100
2025-10-14,342.3631591796875,344.1881291388708,336.8284780817821,336.8284780817821,365300
2025-10-15,338.4839172363281,342.61248358619616,329.309278006868,339.8800500494861,349800
2025-10-16,327.09539794921875,334.90378994248783,323.5153025809914,333.38799295680053,765300
2025-10-17,329.23944091796875,331.483235422771,326.5568574975545,328.13251690363677,455600
2025-10-20,329.13970947265625,331.4633003721613,328.212281717954,331.4633003721613,329200
2025-10-21,329.50872802734375,330.8948786366434,327.85330259004036,328.5812698013704,411000
2025-10-22,332.85943603515625,333.1087465370231,328.7009234733161,330.6754736041296,374500
2025-10-23,330.466064453125,336.3597684254317,328.7408248077375,334.79409115476886,775200
2025-10-24,327.4344482421875,331.4433502928434,326.0881653995291,331.31373439151906,487800
2025-10-27,325.9585266113281,328.18238737130696,324.08373709403753,326.4272315990039,639100
2025-10-28,319.4864196777344,324.34298342450205,318.8182845699731,324.34298342450205,696600
2025-10-29,316.66424560546875,318.5390655082534,313.1738984687477,316.06589429534847,966700
2025-10-30,316.125732421875,324.64218811951696,312.32624261513683,324.04383679796655,1128600
2025-10-31,312.2364807128906,315.34787092765146,310.8403479797814,311.70794366273464,950700
2025-11-03,313.1340026855469,315.5473418294298,307.369944872557,311.30906313066043,1263800
2025-11-04,321.9197082519531,322.7474362078016,311.9871858156593,313.8620057653648,675000
2025-11-05,322.16900634765625,325.7790176108927,321.95959404364066,322.12910814527805,709600
2025-11-06,321.3114013671875,325.5696139737216,320.6831340050045,320.6831340050045,599800
2025-11-07,325.1507568359375,327.7635565598084,322.8870283481654,322.8870283481654,504200
2025-11-10,320.7229919433594,325.9984107587256,320.26426913480054,323.09643282399935,640500
2025-11-11,321.2515563964844,322.4183125079695,316.74400302426125,320.8027853176602,660900
2025-11-12,319.16729736328125,322.94685315270044,317.94070915208437,319.88531283734756,939200
2025-11-13,323.40557861328125,323.66487128013983,317.023235698932,318.72851105128984,902700
2025-11-14,321.2415771484375,327.6339021561386,320.23435296836544,324.70200817922955,707100
2025-11-17,317.7213134765625,323.1562642224004,317.5318350581982,322.2886685348435,742000
2025-11-18,318.6387634277344,322.3684693258696,316.48471698444763,318.6387634277344,473500
2025-11-19,316.49468994140625,320.51357400020595,313.48303004534205,319.5961283992323,592600
2025-11-20,314.0115661621094,319.2271223502536,313.7323396191499,316.67418526222104,558100
2025-11-21,314.18109130859375,319.08753551704206,313.71238633427737,314.5700303107211,726200
2025-11-24,316.644287109375,318.12021631035435,312.9943775272843,314.8691974645409,1089800
2025-11-25,319.7357482910156,323.5452203105003,318.8083204679711,318.9579006921052,670900
2025-11-26,320.34405517578125,321.31138112272936,319.11743657292635,319.2470829008798,527800
2025-11-28,320.11468505859375,321.98950490585275,318.7983183019977,319.8254763544755,252900
2025-12-01,319.9052734375,323.53521853452025,318.64873876413367,318.64873876413367,725000
2025-12-02,314.8193359375,320.2842331667565,313.8520099601213,319.80554604081067,715700
2025-12-03,315.6570129394531,317.3224204907133,313.61267898758007,315.0088117181332,610400
2025-12-04,319.1174621582031,319.4465386503521,315.0287635876186,315.8165933436772,445600
2025-12-05,319.8155212402344,320.68311690998496,317.0032914991451,318.7783810399597,596000
2025-12-08,319.4864196777344,320.3540153619859,315.92625837791996,317.46201960334383,687700
2025-12-09,321.3313293457031,324.09367882327797,317.19278099214984,318.49916562174405,704000
2025-12-10,314.1312255859375,321.8997491781319,311.65805450466183,321.8997491781319,1185900
2025-12-11,324.6820373535156,325.6792793546957,313.203802614652,316.1656125754933,995100
2025-12-12,326.0283203125,327.99288827318986,323.2061388383833,326.8460660579144,709600
2025-12-15,329.85772705078125,329.9275412951526,324.4925906277355,327.47433448411124,749600
2025-12-16,328.8505554199219,333.0688699073351,326.0383254727045,333.0688699073351,708500
2025-12-17,328.9302978515625,330.4660590539613,325.3103045197563,327.8034095214509,643500
2025-12-18,328.7408447265625,330.57576649695966,327.3646457904114,328.28212189231647,486000
2025-12-19,331.642822265625,334.07609536504646,327.84333239181797,329.12978319084795,1921300
2025-12-22,331.4832458496094,335.25281951891304,330.0671792047461,330.0671792047461,665500
2025-12-23,331.3835144042969,333.74700357952435,329.937531720806,332.08159599867975,550200
2025-12-24,333.5973815917969,336.0605705395922,330.6754698471333,332.69986988195546,235600
2025-12-26,333.67718505859375,334.0660936199475,332.46054858021205,332.75970901202265,289900
2025-12-29,333.2284240722656,335.0334297434963,331.9918536721064,334.30546252623384,351000
2025-12-30,332.65997314453125,333.20847450486656,331.7225936627753,332.8394998340179,278000
2025-12-31,328.6000061035156,333.57000732421875,328.44000244140625,332.20001220703125,324500
